date,wti_spot,brent_spot,cl1,cl2,cl3,cl4
2010-01-04,80.16,80.2,80.0,79.71,79.45,79.19
2010-01-05,80.05,80.33,79.9,79.57,79.3,79.02
2010-01-06,80.82,81.15,80.68,80.35,80.07,79.78
2010-01-07,79.25,79.6,79.1,78.77,78.48,78.19
2010-01-08,80.96,81.33,80.75,80.21,79.77,79.3
2010-01-11,83.04,83.5,82.88,82.37,81.94,81.49
2010-01-12,81.59,81.98,81.44,80.91,80.46,79.99
2010-01-13,82.44,82.73,82.31,81.76,81.3,80.83
2010-01-14,81.17,81.43,81.06,80.5,80.04,79.56
2010-01-15,82.72,83.16,82.63,82.1,81.66,81.2
2010-01-19,82.93,83.38,82.9,82.37,81.92,81.47
2010-01-20,84.03,84.52,84.01,83.48,83.04,82.57
2010-01-21,84.59,85.13,84.06,83.61,83.15,82.67
2010-01-22,80.6,81.25,80.22,79.89,79.54,79.19
2010-01-25,81.29,81.86,80.96,80.64,80.3,79.96
2010-01-26,80.44,80.98,80.11,79.79,79.46,79.11
2010-01-27,79.72,80.57,79.42,79.12,78.8,78.48
2010-01-28,81.57,82.51,81.27,80.95,80.61,80.27
2010-01-29,82.05,83.16,81.84,81.59,81.34,81.09
2010-02-01,84.23,85.67,84.04,83.8,83.55,83.29
2010-02-02,83.89,85.36,83.7,83.45,83.18,82.91
2010-02-03,84.81,86.48,84.61,84.35,84.07,83.79
2010-02-04,85.91,87.7,85.72,85.44,85.16,84.86
2010-02-05,87.4,88.9,87.21,86.92,86.61,86.3
2010-02-08,85.99,87.56,85.85,85.59,85.32,85.04
2010-02-09,88.46,90.41,88.32,88.04,87.75,87.46
2010-02-10,88.84,90.71,88.7,88.42,88.12,87.81
2010-02-11,89.73,91.82,89.6,89.31,89.0,88.69
2010-02-12,88.6,90.74,88.49,88.2,87.91,87.61
2010-02-16,88.86,90.98,88.81,88.61,88.41,88.19
2010-02-17,87.3,89.55,87.26,87.07,86.87,86.66
2010-02-18,87.29,89.32,87.26,87.06,86.86,86.65
2010-02-19,86.85,88.81,86.8,86.44,86.07,85.69
2010-02-22,87.71,89.75,87.7,87.34,86.97,86.58
2010-02-23,91.29,93.4,90.89,90.48,90.06,89.6
2010-02-24,92.99,94.96,92.61,92.2,91.78,91.32
2010-02-25,89.32,91.22,88.99,88.62,88.24,87.82
2010-02-26,87.51,89.57,87.24,86.93,86.61,86.26
2010-03-01,85.28,87.17,85.01,84.66,84.3,83.91
2010-03-02,87.14,88.9,86.86,86.48,86.09,85.66
2010-03-03,88.16,89.95,87.89,87.49,87.08,86.64
2010-03-04,90.03,91.47,89.77,89.36,88.94,88.49
2010-03-05,90.92,92.58,90.71,90.37,90.03,89.65
2010-03-08,93.61,95.39,93.41,93.02,92.62,92.19
2010-03-09,92.03,93.91,91.84,91.47,91.08,90.66
2010-03-10,88.89,90.85,88.72,88.36,87.98,87.57
2010-03-11,87.62,89.72,87.47,87.11,86.74,86.34
2010-03-12,87.3,89.28,87.12,86.67,86.2,85.68
2010-03-15,88.97,91.17,88.85,88.4,87.94,87.44
2010-03-16,90.1,92.23,89.99,89.51,89.02,88.49
2010-03-17,87.43,89.65,87.33,86.87,86.4,85.88
2010-03-18,88.8,91.15,88.72,88.25,87.77,87.25
2010-03-19,88.6,90.82,88.53,88.07,87.59,87.07
2010-03-22,86.46,88.75,86.44,85.98,85.5,84.98
2010-03-23,86.1,88.54,85.62,85.14,84.61,84.16
2010-03-24,88.08,90.52,87.62,87.12,86.58,86.12
2010-03-25,88.55,91.23,88.12,87.65,87.13,86.69
2010-03-26,83.49,86.2,83.15,82.75,82.32,81.96
2010-03-29,84.57,87.31,84.27,83.89,83.47,83.11
2010-03-30,84.9,87.71,84.61,84.22,83.8,83.44
2010-03-31,85.07,88.19,84.82,84.46,84.08,83.75
2010-04-01,86.26,89.38,86.01,85.64,85.23,84.89
2010-04-05,87.21,90.37,87.02,86.65,86.26,85.92
2010-04-06,86.69,89.73,86.5,86.12,85.71,85.36
2010-04-07,88.16,91.2,87.96,87.55,87.1,86.72
2010-04-08,87.94,90.85,87.78,87.41,87.01,86.67
2010-04-09,88.65,91.57,88.51,88.15,87.75,87.42
2010-04-12,91.19,94.22,91.09,90.74,90.35,90.02
2010-04-13,92.32,95.33,92.22,91.85,91.45,91.11
2010-04-14,92.76,95.79,92.68,92.34,91.97,91.65
2010-04-15,95.35,98.49,95.28,94.93,94.54,94.21
2010-04-16,97.31,100.62,97.28,97.09,96.88,96.71
2010-04-19,96.38,99.7,96.37,96.22,96.04,95.9
2010-04-20,93.62,96.92,93.62,93.51,93.4,93.29
2010-04-21,94.25,97.46,94.15,94.04,93.95,93.84
2010-04-22,95.31,98.49,95.23,95.14,95.07,94.99
2010-04-23,96.52,99.63,96.72,96.95,97.14,97.36
2010-04-26,94.95,98.35,95.15,95.4,95.62,95.86
2010-04-27,96.12,99.35,96.3,96.55,96.77,97.0
2010-04-28,100.65,103.72,100.83,101.11,101.34,101.6
2010-04-29,101.58,104.75,101.77,102.06,102.3,102.57
2010-04-30,101.43,104.68,101.51,101.63,101.74,101.86
2010-05-03,102.44,105.83,102.52,102.67,102.8,102.95
2010-05-04,103.11,106.49,103.21,103.42,103.59,103.78
2010-05-05,100.3,103.86,100.4,100.61,100.79,100.99
2010-05-06,101.52,105.16,101.63,101.89,102.11,102.35
2010-05-07,99.47,102.89,99.58,99.82,100.03,100.27
2010-05-10,97.64,101.2,97.72,97.95,98.16,98.38
2010-05-11,99.86,103.38,99.93,100.18,100.39,100.62
2010-05-12,100.92,104.44,100.98,101.2,101.4,101.61
2010-05-13,102.59,106.07,102.64,102.85,103.04,103.24
2010-05-14,106.91,110.44,106.95,107.14,107.31,107.49
2010-05-17,106.05,109.7,106.07,106.26,106.42,106.6
2010-05-18,105.46,109.15,105.48,105.64,105.78,105.93
2010-05-19,104.58,108.46,104.58,104.72,104.83,104.96
2010-05-20,103.45,107.39,103.45,103.54,103.61,103.69
2010-05-21,103.06,107.03,103.2,103.32,103.46,103.59
2010-05-24,106.51,110.66,106.62,106.71,106.83,106.94
2010-05-25,103.92,107.89,104.04,104.15,104.28,104.41
2010-05-26,104.84,108.92,104.91,104.99,105.06,105.15
2010-05-27,105.13,108.96,105.18,105.23,105.29,105.35
2010-05-28,108.14,112.26,108.04,107.93,107.8,107.68
2010-06-01,109.71,113.62,109.6,109.45,109.3,109.13
2010-06-02,106.99,110.6,106.87,106.72,106.55,106.38
2010-06-03,105.86,109.53,105.76,105.61,105.45,105.28
2010-06-04,105.08,108.82,105.04,104.98,104.92,104.85
2010-06-07,104.41,108.1,104.37,104.3,104.23,104.15
2010-06-08,99.47,103.27,99.41,99.3,99.17,99.04
2010-06-09,103.19,106.94,103.15,103.07,102.98,102.88
2010-06-10,103.26,107.03,103.23,103.18,103.11,103.04
2010-06-11,103.48,107.47,103.57,103.77,104.01,104.24
2010-06-14,100.34,104.39,100.4,100.59,100.79,101.0
2010-06-15,98.85,102.95,98.89,99.04,99.2,99.37
2010-06-16,97.4,101.81,97.44,97.59,97.75,97.92
2010-06-17,95.15,99.65,95.18,95.31,95.45,95.6
2010-06-18,95.74,100.5,95.76,95.87,95.98,96.1
2010-06-21,96.75,101.72,96.75,96.86,96.98,97.1
2010-06-22,95.29,100.32,95.29,95.4,95.53,95.66
2010-06-23,94.96,100.06,95.11,95.27,95.43,95.58
2010-06-24,98.62,103.77,98.81,99.01,99.23,99.43
2010-06-25,99.31,104.43,99.45,99.63,99.8,99.97
2010-06-28,99.43,104.66,99.57,99.76,99.95,100.13
2010-06-29,100.97,106.07,101.12,101.32,101.53,101.72
2010-06-30,103.52,108.57,103.66,103.86,104.06,104.25
2010-07-01,107.04,111.93,107.16,107.35,107.55,107.73
2010-07-02,108.52,113.46,108.51,108.5,108.49,108.48
2010-07-06,107.15,112.44,107.15,107.13,107.11,107.09
2010-07-07,108.88,114.31,108.85,108.79,108.72,108.66
2010-07-08,109.69,115.17,109.68,109.64,109.61,109.58
2010-07-09,111.3,117.02,111.11,110.63,110.13,109.68
2010-07-12,109.07,114.89,108.93,108.42,107.9,107.42
2010-07-13,109.4,115.21,109.26,108.71,108.14,107.63
2010-07-14,107.18,112.67,107.05,106.49,105.91,105.39
2010-07-15,107.77,113.26,107.66,107.13,106.57,106.08
2010-07-16,111.17,116.68,111.06,110.39,109.7,109.07
2010-07-19,113.28,119.01,113.24,112.59,111.92,111.31
2010-07-20,114.06,119.75,114.04,113.44,112.83,112.28
2010-07-21,115.77,121.25,115.13,114.47,113.88,113.27
2010-07-22,112.9,118.47,112.31,111.69,111.12,110.54
2010-07-23,112.22,117.41,111.59,110.9,110.28,109.64
2010-07-26,113.03,118.44,112.49,111.83,111.23,110.62
2010-07-27,109.68,115.29,109.16,108.5,107.91,107.3
2010-07-28,110.9,116.55,110.43,109.8,109.24,108.66
2010-07-29,110.22,116.04,109.78,109.17,108.62,108.06
2010-07-30,111.32,117.17,110.88,110.24,109.66,109.06
2010-08-02,110.59,116.43,110.25,109.68,109.16,108.63
2010-08-03,106.2,112.12,105.87,105.3,104.79,104.26
2010-08-04,110.0,115.93,109.7,109.13,108.61,108.08
2010-08-05,108.35,114.26,108.07,107.52,107.01,106.5
2010-08-06,111.03,116.95,110.8,110.32,109.89,109.44
2010-08-09,111.01,116.93,110.84,110.36,109.93,109.49
2010-08-10,107.95,113.92,107.78,107.31,106.88,106.43
2010-08-11,109.29,115.24,109.14,108.66,108.23,107.78
2010-08-12,106.5,112.52,106.37,105.88,105.45,105.0
2010-08-13,103.88,109.82,103.78,103.38,103.02,102.65
2010-08-16,102.93,109.25,102.87,102.52,102.19,101.86
2010-08-17,102.84,109.21,102.79,102.43,102.11,101.78
2010-08-18,99.45,105.76,99.42,99.05,98.72,98.38
2010-08-19,98.49,104.92,98.47,98.07,97.7,97.33
2010-08-20,97.76,104.1,97.74,97.35,97.0,96.64
2010-08-23,98.16,104.46,97.78,97.42,97.05,96.66
2010-08-24,98.84,105.42,98.44,98.04,97.64,97.22
2010-08-25,101.12,108.01,100.73,100.34,99.93,99.51
2010-08-26,105.11,112.19,104.78,104.42,104.05,103.67
2010-08-27,103.51,110.43,103.11,102.67,102.22,101.75
2010-08-30,102.43,109.22,102.06,101.61,101.14,100.66
2010-08-31,102.56,109.38,102.21,101.74,101.27,100.78
2010-09-01,100.73,107.6,100.38,99.9,99.4,98.89
2010-09-02,99.87,106.76,99.54,99.05,98.55,98.03
2010-09-03,96.74,103.9,96.41,95.92,95.41,94.89
2010-09-07,98.8,106.03,98.54,98.03,97.51,96.98
2010-09-08,99.59,106.71,99.35,98.85,98.34,97.81
2010-09-09,99.92,107.05,99.7,99.22,98.72,98.2
2010-09-10,98.81,106.12,98.61,98.13,97.63,97.12
2010-09-13,100.73,108.03,100.58,100.1,99.6,99.09
2010-09-14,100.16,107.42,100.02,99.51,98.98,98.44
2010-09-15,101.44,108.82,101.32,100.81,100.29,99.75
2010-09-16,101.44,109.31,101.32,100.77,100.19,99.61
2010-09-17,104.23,112.15,104.13,103.55,102.96,102.35
2010-09-20,99.52,107.33,99.48,98.93,98.36,97.78
2010-09-21,104.43,112.4,104.41,103.82,103.21,102.58
2010-09-22,106.19,114.23,105.59,104.98,104.35,103.72
2010-09-23,104.88,113.07,104.28,103.64,102.99,102.34
2010-09-24,104.19,112.49,103.83,103.43,103.02,102.61
2010-09-27,106.17,114.64,105.8,105.34,104.88,104.41
2010-09-28,107.18,115.77,106.83,106.38,105.92,105.46
2010-09-29,105.92,114.48,105.61,105.2,104.77,104.35
2010-09-30,106.73,115.22,106.41,105.95,105.48,105.02
2010-10-01,104.6,113.09,104.22,103.65,103.07,102.49
2010-10-04,108.06,116.59,107.73,107.17,106.59,106.01
2010-10-05,109.38,117.92,109.07,108.49,107.9,107.31
2010-10-06,112.55,121.02,112.24,111.62,110.98,110.34
2010-10-07,114.0,122.45,113.7,113.08,112.44,111.8
2010-10-08,113.97,122.3,113.72,113.16,112.58,112.01
2010-10-11,117.27,125.57,117.08,116.5,115.91,115.32
2010-10-12,114.79,122.92,114.61,114.03,113.44,112.85
2010-10-13,115.4,123.4,115.25,114.69,114.11,113.54
2010-10-14,112.37,120.55,112.24,111.7,111.15,110.6
2010-10-15,112.26,120.43,112.11,111.34,110.55,109.77
2010-10-18,114.93,123.27,114.85,114.02,113.18,112.34
2010-10-19,112.46,120.9,112.41,111.6,110.77,109.95
2010-10-20,111.97,120.55,111.95,111.17,110.36,109.57
2010-10-21,114.82,123.47,114.0,113.15,112.31,111.42
2010-10-22,111.66,120.17,110.94,110.19,109.43,108.64
2010-10-25,111.92,120.48,111.24,110.43,109.63,108.78
2010-10-26,113.14,121.64,112.49,111.7,110.91,110.08
2010-10-27,109.93,118.41,109.32,108.53,107.75,106.93
2010-10-28,114.14,122.75,113.52,112.68,111.85,110.98
2010-10-29,117.59,126.2,116.93,116.0,115.08,114.11
2010-11-01,117.63,126.17,117.07,116.17,115.27,114.33
2010-11-02,117.81,126.45,117.29,116.41,115.53,114.6
2010-11-03,117.13,125.86,116.66,115.79,114.94,114.03
2010-11-04,113.51,122.35,113.07,112.24,111.41,110.54
2010-11-05,111.63,120.35,111.2,110.3,109.42,108.48
2010-11-08,109.45,118.26,109.1,108.2,107.3,106.36
2010-11-09,109.73,118.47,109.4,108.49,107.58,106.62
2010-11-10,109.83,118.87,109.53,108.61,107.7,106.74
2010-11-11,108.79,117.9,108.53,107.64,106.76,105.84
2010-11-12,109.36,118.37,109.09,108.06,107.05,105.98
2010-11-15,112.09,121.16,111.92,110.88,109.85,108.77
2010-11-16,112.21,121.5,112.08,111.07,110.08,109.03
2010-11-17,111.88,121.14,111.78,110.68,109.6,108.45
2010-11-18,115.29,124.7,115.21,114.09,112.97,111.8
2010-11-19,115.74,125.34,115.71,114.7,113.71,112.67
2010-11-22,117.86,127.58,116.98,116.04,115.06,114.22
2010-11-23,119.82,129.36,118.97,118.03,117.04,116.21
2010-11-24,119.99,129.48,119.16,118.2,117.19,116.34
2010-11-26,119.28,128.85,118.42,117.36,116.24,115.3
2010-11-29,119.68,129.31,118.91,117.83,116.7,115.74
2010-11-30,124.24,134.01,123.49,122.39,121.23,120.25
2010-12-01,121.14,130.99,120.43,119.35,118.2,117.24
2010-12-02,122.54,132.47,121.89,120.83,119.71,118.77
2010-12-03,117.32,127.44,116.81,115.95,115.04,114.27
2010-12-06,119.38,129.47,118.97,118.13,117.24,116.49
2010-12-07,119.37,129.38,119.01,118.21,117.36,116.65
2010-12-08,118.62,128.56,118.29,117.5,116.66,115.95
2010-12-09,118.55,128.33,118.23,117.42,116.56,115.83
2010-12-10,112.87,122.45,112.64,112.02,111.35,110.79
2010-12-13,114.46,123.86,114.3,113.69,113.04,112.49
2010-12-14,115.01,124.35,114.86,114.19,113.48,112.88
2010-12-15,112.55,121.95,112.42,111.75,111.04,110.44
2010-12-16,111.13,120.46,111.03,110.39,109.72,109.15
2010-12-17,110.91,120.11,110.83,110.21,109.56,109.0
2010-12-20,113.39,122.76,113.36,112.71,112.02,111.44
2010-12-21,114.39,123.99,113.73,113.03,112.44,111.85
2010-12-22,120.2,129.65,119.53,118.79,118.17,117.55
2010-12-23,122.89,132.29,122.22,121.46,120.81,120.17
2010-12-27,123.46,132.9,122.54,121.33,120.31,119.3
2010-12-28,126.36,135.79,125.44,124.18,123.12,122.07
2010-12-29,122.22,131.64,121.36,120.15,119.13,118.11
2010-12-30,123.46,133.2,122.66,121.47,120.47,119.47
2010-12-31,126.31,136.16,125.44,124.08,122.94,121.81
2011-01-03,133.48,143.26,132.69,131.25,130.04,128.85
2011-01-04,132.5,142.25,131.72,130.22,128.96,127.72
2011-01-05,132.09,141.84,131.36,129.86,128.6,127.36
2011-01-06,132.59,142.16,131.89,130.36,129.09,127.82
2011-01-07,135.77,145.44,135.09,133.51,132.18,130.86
2011-01-10,134.23,143.94,133.71,132.16,130.86,129.57
2011-01-11,129.56,139.34,129.12,127.66,126.44,125.22
2011-01-12,126.23,136.2,125.84,124.42,123.22,122.03
2011-01-13,127.51,137.35,127.18,125.8,124.64,123.49
2011-01-14,127.27,137.07,126.97,125.57,124.4,123.23
2011-01-18,124.9,134.74,124.77,123.38,122.21,121.05
2011-01-19,128.84,138.53,128.75,127.28,126.04,124.82
2011-01-20,132.63,142.21,132.58,131.13,129.9,128.69
2011-01-21,130.79,140.33,129.44,128.3,127.18,125.94
2011-01-24,130.91,140.39,129.65,128.48,127.32,126.04
2011-01-25,128.82,138.39,127.61,126.45,125.3,124.04
2011-01-26,130.52,140.27,129.36,128.21,127.07,125.81
2011-01-27,132.6,142.43,131.49,130.35,129.21,127.97
2011-01-28,132.23,142.04,131.34,130.39,129.45,128.41
2011-01-31,131.24,141.27,130.45,129.49,128.55,127.51
2011-02-01,132.48,142.68,131.72,130.77,129.82,128.78
2011-02-02,130.59,140.96,129.87,128.92,127.97,126.93
2011-02-03,131.45,142.14,130.74,129.76,128.78,127.71
2011-02-04,128.21,138.99,127.59,126.67,125.76,124.77
2011-02-07,131.64,142.54,131.11,130.2,129.29,128.29
2011-02-08,136.83,147.75,136.3,135.31,134.34,133.27
2011-02-09,135.28,146.2,134.8,133.82,132.86,131.8
2011-02-10,135.05,145.88,134.62,133.7,132.79,131.8
2011-02-11,137.14,147.99,136.77,135.92,135.08,134.14
2011-02-14,140.49,151.48,140.2,139.3,138.41,137.43
2011-02-15,136.54,147.54,136.29,135.42,134.55,133.6
2011-02-16,138.33,149.62,138.11,137.23,136.35,135.38
2011-02-17,143.47,154.93,143.26,142.3,141.35,140.3
2011-02-18,139.98,151.66,139.81,138.82,137.85,136.77
2011-02-22,140.72,152.35,140.68,139.68,138.67,137.57
2011-02-23,140.3,151.98,139.28,138.27,137.15,136.01
2011-02-24,140.74,152.36,139.77,138.77,137.67,136.54
2011-02-25,142.15,153.86,141.25,140.3,139.25,138.17
2011-02-28,137.97,149.69,137.21,136.3,135.3,134.28
2011-03-01,135.39,147.04,134.69,133.81,132.85,131.85
2011-03-02,133.66,145.64,133.04,132.23,131.33,130.42
2011-03-03,132.69,144.62,132.11,131.29,130.4,129.48
2011-03-04,131.81,143.51,131.27,130.49,129.62,128.73
2011-03-07,132.18,144.18,131.69,130.83,129.88,128.92
2011-03-08,137.13,149.02,136.65,135.75,134.76,133.75
2011-03-09,135.93,147.91,135.5,134.64,133.69,132.73
2011-03-10,133.88,146.07,133.48,132.6,131.64,130.66
2011-03-11,135.41,147.44,134.96,133.94,132.81,131.66
2011-03-14,136.03,148.05,135.7,134.67,133.55,132.39
2011-03-15,137.99,149.92,137.68,136.61,135.43,134.22
2011-03-16,140.2,152.02,139.93,138.85,137.67,136.45
2011-03-17,140.1,151.99,139.87,138.79,137.61,136.39
2011-03-18,138.51,150.26,138.34,137.36,136.29,135.19
2011-03-21,137.39,149.2,137.32,136.38,135.35,134.3
2011-03-22,139.41,151.26,139.38,138.42,137.37,136.3
2011-03-23,138.63,150.46,137.68,136.64,135.57,134.61
2011-03-24,139.88,151.72,138.96,137.91,136.84,135.87
2011-03-25,141.71,153.78,140.75,139.61,138.45,137.4
2011-03-28,140.96,153.07,140.16,139.09,137.99,137.01
2011-03-29,141.17,152.91,140.41,139.35,138.27,137.29
2011-03-30,144.58,156.42,143.84,142.76,141.64,140.65
2011-03-31,139.16,150.81,138.49,137.46,136.4,135.45
2011-04-01,141.91,153.63,141.44,140.67,139.89,139.18
2011-04-04,145.42,157.06,145.02,144.24,143.45,142.73
2011-04-05,151.21,162.76,150.82,150.02,149.2,148.45
2011-04-06,150.31,161.9,149.94,149.12,148.28,147.52
2011-04-07,153.24,165.02,152.87,152.0,151.11,150.31
2011-04-08,156.49,168.29,155.9,154.39,152.84,151.45
2011-04-11,159.57,171.41,159.1,157.49,155.85,154.38
2011-04-12,164.25,176.27,163.84,162.3,160.72,159.3
2011-04-13,162.46,174.35,162.1,160.51,158.89,157.44
2011-04-14,151.35,163.45,151.06,149.57,148.05,146.69
2011-04-15,149.9,162.22,149.69,148.39,147.05,145.85
2011-04-18,147.2,159.52,147.11,145.75,144.37,143.12
2011-04-19,150.64,162.89,150.59,149.23,147.84,146.59
2011-04-20,148.58,160.72,147.25,145.89,144.66,143.28
2011-04-21,146.39,158.41,145.14,143.82,142.63,141.29
2011-04-25,150.49,162.68,149.63,148.58,147.64,146.57
2011-04-26,152.72,164.72,151.95,150.96,150.08,149.08
2011-04-27,149.71,161.74,148.97,147.98,147.09,146.09
2011-04-28,150.57,162.44,149.85,148.85,147.95,146.93
2011-04-29,153.71,165.51,153.22,152.52,151.88,151.16
2011-05-02,152.12,164.01,151.68,150.95,150.3,149.55
2011-05-03,150.21,162.0,149.79,149.05,148.39,147.63
2011-05-04,150.22,161.95,149.81,149.05,148.36,147.58
2011-05-05,150.2,162.16,149.8,148.99,148.26,147.43
2011-05-06,149.85,161.79,149.48,148.68,147.96,147.15
2011-05-09,155.03,166.79,154.74,153.96,153.27,152.48
2011-05-10,155.34,166.84,155.1,154.38,153.74,153.01
2011-05-11,156.64,168.14,156.4,155.65,154.98,154.21
2011-05-12,162.4,173.86,162.19,161.45,160.77,160.01
2011-05-13,163.72,175.46,163.57,162.97,162.43,161.81
2011-05-16,158.39,170.15,158.3,157.68,157.13,156.5
2011-05-17,160.98,172.79,160.9,160.28,159.72,159.09
2011-05-18,161.46,173.38,161.4,160.72,160.11,159.42
2011-05-19,158.65,170.59,158.61,157.96,157.36,156.69
2011-05-20,157.0,168.81,156.96,155.82,154.8,153.64
2011-05-23,156.7,168.69,155.66,154.67,153.54,152.56
2011-05-24,160.16,172.11,159.15,158.14,157.0,156.01
2011-05-25,160.93,172.62,159.99,159.01,157.91,156.95
2011-05-26,164.13,175.95,163.16,162.13,160.96,159.94
2011-05-27,157.91,169.52,156.92,155.82,154.58,153.5
2011-05-31,154.19,165.87,153.37,152.31,151.1,150.05
2011-06-01,153.29,164.93,152.53,151.49,150.32,149.3
2011-06-02,148.47,160.13,147.73,146.67,145.47,144.43
2011-06-03,153.56,165.32,152.92,151.94,150.83,149.86
2011-06-06,153.97,165.83,153.42,152.43,151.32,150.34
2011-06-07,154.67,166.62,154.15,153.16,152.03,151.05
2011-06-08,155.62,167.65,155.15,154.18,153.09,152.14
2011-06-09,152.69,164.91,152.26,151.3,150.21,149.26
2011-06-10,151.96,163.96,151.53,150.49,149.32,148.29
2011-06-13,148.34,160.35,148.01,146.97,145.79,144.76
2011-06-14,146.04,158.03,145.75,144.7,143.51,142.48
2011-06-15,140.39,152.53,140.13,139.09,137.91,136.88
2011-06-16,137.71,149.77,137.5,136.53,135.44,134.48
2011-06-17,140.31,152.4,140.13,139.12,137.98,136.98
2011-06-20,140.87,153.15,140.8,139.81,138.69,137.72
2011-06-21,142.37,154.61,142.34,141.39,140.33,139.4
2011-06-22,136.4,148.44,135.47,134.42,133.51,132.56
2011-06-23,138.95,151.11,138.04,136.97,136.03,135.07
2011-06-24,140.93,153.18,140.39,139.73,139.15,138.55
2011-06-27,141.9,154.17,141.37,140.65,140.02,139.36
2011-06-28,142.24,154.54,141.72,140.99,140.35,139.68
2011-06-29,141.83,154.04,141.31,140.54,139.86,139.17
2011-06-30,144.42,156.67,143.97,143.27,142.65,142.01
2011-07-01,148.04,160.23,147.54,146.72,146.01,145.27
2011-07-05,151.52,163.75,151.13,150.33,149.63,148.91
2011-07-06,153.33,165.47,152.95,152.13,151.42,150.68
2011-07-07,151.17,163.53,150.85,150.08,149.41,148.72
2011-07-08,148.21,160.79,148.03,147.58,147.18,146.77
2011-07-11,149.66,162.23,149.52,149.05,148.63,148.2
2011-07-12,149.69,162.11,149.55,149.03,148.58,148.11
2011-07-13,149.28,161.98,149.16,148.7,148.29,147.87
2011-07-14,147.12,159.59,147.02,146.53,146.11,145.67
2011-07-15,145.03,157.5,144.96,144.6,144.28,143.95
2011-07-18,142.44,154.69,142.4,142.02,141.68,141.33
2011-07-19,142.45,154.51,142.42,142.05,141.72,141.38
2011-07-20,141.47,153.44,141.46,141.03,140.66,140.28
2011-07-21,140.44,152.41,140.02,139.64,139.26,138.85
2011-07-22,145.37,157.25,144.8,144.29,143.76,143.19
2011-07-25,141.88,153.57,141.38,140.88,140.37,139.82
2011-07-26,143.69,155.71,143.19,142.66,142.12,141.55
2011-07-27,138.26,150.08,137.82,137.35,136.86,136.34
2011-07-28,140.57,152.41,140.16,139.71,139.24,138.74
2011-07-29,144.19,156.37,143.74,143.22,142.68,142.11
2011-08-01,147.28,159.27,146.88,146.35,145.81,145.23
2011-08-02,144.01,155.94,143.64,143.13,142.61,142.05
2011-08-03,139.7,151.68,139.34,138.83,138.29,137.73
2011-08-04,140.53,152.46,140.19,139.66,139.12,138.55
2011-08-05,138.84,150.9,138.54,138.05,137.55,137.02
2011-08-08,138.66,150.41,138.42,137.95,137.46,136.95
2011-08-09,138.55,150.14,138.32,137.85,137.37,136.85
2011-08-10,140.16,151.71,139.94,139.45,138.94,138.4
2011-08-11,135.0,146.5,134.83,134.41,133.98,133.53
2011-08-12,129.32,140.69,129.06,128.38,127.68,126.94
2011-08-15,127.11,138.39,126.95,126.35,125.74,125.09
2011-08-16,127.8,139.16,127.66,127.07,126.46,125.81
2011-08-17,124.6,135.88,124.48,123.92,123.35,122.74
2011-08-18,124.32,135.69,124.23,123.7,123.16,122.58
2011-08-19,125.17,136.34,125.06,124.26,123.44,122.57
2011-08-22,127.84,139.14,127.81,126.98,126.12,125.22
2011-08-23,123.81,135.02,123.01,122.19,121.31,120.53
2011-08-24,123.88,135.13,123.13,122.33,121.48,120.72
2011-08-25,125.9,137.09,125.18,124.39,123.54,122.78
2011-08-26,128.65,139.99,127.93,127.11,126.25,125.47
2011-08-29,126.99,138.29,126.36,125.53,124.65,123.86
2011-08-30,125.56,137.09,125.0,124.25,123.46,122.74
2011-08-31,129.11,140.47,128.56,127.77,126.95,126.2
2011-09-01,132.59,143.87,132.06,131.26,130.42,129.66
2011-09-02,134.56,145.94,134.09,133.34,132.56,131.85
2011-09-06,132.03,143.34,131.64,130.86,130.04,129.3
2011-09-07,132.87,144.2,132.53,131.8,131.03,130.34
2011-09-08,135.91,147.17,135.57,134.78,133.95,133.21
2011-09-09,135.37,146.86,134.96,133.93,132.84,131.87
2011-09-12,130.73,141.96,130.44,129.48,128.47,127.55
2011-09-13,130.65,141.78,130.42,129.53,128.59,127.75
2011-09-14,131.19,142.2,130.98,130.08,129.13,128.28
2011-09-15,135.22,146.11,135.03,134.12,133.15,132.27
2011-09-16,137.54,148.44,137.33,136.08,134.76,133.57
2011-09-19,130.64,141.51,130.56,129.34,128.04,126.88
2011-09-20,134.49,145.36,134.44,133.17,131.83,130.63
2011-09-21,135.98,147.0,134.69,133.33,132.11,130.82
2011-09-22,133.12,144.19,131.84,130.43,129.17,127.84
2011-09-23,133.49,144.68,132.04,130.41,128.95,127.4
2011-09-26,135.85,146.98,134.5,132.8,131.28,129.66
2011-09-27,137.1,148.47,135.82,134.14,132.63,131.03
2011-09-28,137.64,148.86,136.4,134.7,133.17,131.56
2011-09-29,136.44,147.91,135.26,133.56,132.03,130.42
2011-09-30,137.96,149.39,136.8,135.06,133.49,131.84
2011-10-03,138.92,150.18,137.94,136.22,134.67,133.04
2011-10-04,136.41,147.53,135.51,133.83,132.33,130.74
2011-10-05,130.69,141.84,129.89,128.29,126.86,125.35
2011-10-06,131.39,142.44,130.67,129.15,127.79,126.35
2011-10-07,128.53,139.75,127.9,126.46,125.17,123.81
2011-10-10,130.22,141.27,129.7,128.21,126.87,125.46
2011-10-11,131.09,142.26,130.61,129.1,127.74,126.3
2011-10-12,129.07,140.51,128.65,127.14,125.79,124.37
2011-10-13,127.45,138.87,127.07,125.57,124.22,122.79
2011-10-14,128.38,139.74,128.06,126.59,125.27,123.87
2011-10-17,125.46,136.67,125.28,123.83,122.54,121.17
2011-10-18,128.36,139.7,128.22,126.68,125.3,123.84
2011-10-19,124.75,135.88,124.66,123.19,121.88,120.49
2011-10-20,127.35,138.55,127.3,125.78,124.43,122.99
2011-10-21,127.53,138.56,126.22,125.04,123.79,122.52
2011-10-24,126.2,137.19,125.03,123.87,122.64,121.39
2011-10-25,129.26,140.34,128.07,126.86,125.58,124.26
2011-10-26,125.24,136.52,124.17,123.03,121.82,120.59
2011-10-27,127.06,138.23,126.0,124.82,123.58,122.3
2011-10-28,131.41,142.52,130.36,129.16,127.89,126.59
2011-10-31,132.61,143.77,131.72,130.55,129.31,128.05
2011-11-01,137.86,149.23,136.98,135.77,134.5,133.19
2011-11-02,134.98,146.51,134.12,132.9,131.6,130.27
2011-11-03,137.27,149.01,136.42,135.13,133.77,132.38
2011-11-04,138.11,149.98,137.31,136.02,134.65,133.26
2011-11-07,141.39,153.14,140.7,139.39,138.0,136.58
2011-11-08,137.62,149.26,136.98,135.68,134.3,132.89
2011-11-09,135.94,147.54,135.33,133.99,132.56,131.1
2011-11-10,133.05,144.39,132.52,131.23,129.87,128.49
2011-11-11,137.3,148.63,136.81,135.51,134.14,132.74
2011-11-14,131.53,142.95,131.19,129.98,128.71,127.4
2011-11-15,136.61,148.03,136.3,135.02,133.66,132.27
2011-11-16,139.04,150.5,138.76,137.45,136.05,134.63
2011-11-17,140.99,152.46,140.77,139.46,138.07,136.66
2011-11-18,140.21,151.95,140.06,138.95,137.78,136.58
2011-11-21,141.86,153.59,141.82,140.75,139.61,138.44
2011-11-22,136.42,148.28,135.36,134.24,133.09,132.09
2011-11-23,134.4,146.37,133.34,132.19,131.0,129.97
2011-11-25,130.23,142.29,129.33,128.26,127.16,126.21
2011-11-28,126.81,138.65,126.05,125.03,123.99,123.08
2011-11-29,122.03,134.12,121.37,120.45,119.51,118.69
2011-11-30,122.35,134.16,121.72,120.79,119.84,119.02
2011-12-01,125.62,137.11,124.98,123.99,122.98,122.11
2011-12-02,122.24,133.51,121.56,120.48,119.36,118.4
2011-12-05,125.5,136.74,124.93,123.82,122.69,121.71
2011-12-06,120.83,132.11,120.29,119.2,118.09,117.12
2011-12-07,119.46,130.77,118.98,117.93,116.85,115.92
2011-12-08,120.52,131.77,120.08,119.02,117.94,117.0
2011-12-09,122.83,134.03,122.42,121.39,120.34,119.43
2011-12-12,121.3,132.7,121.0,119.97,118.91,117.99
2011-12-13,120.27,131.66,120.0,118.95,117.88,116.94
2011-12-14,119.94,131.45,119.7,118.66,117.59,116.67
2011-12-15,116.88,128.29,116.68,115.65,114.61,113.7
2011-12-16,118.45,129.89,118.22,116.84,115.42,114.2
2011-12-19,119.32,131.07,119.23,117.84,116.41,115.18
2011-12-20,118.71,130.52,118.66,117.27,115.84,114.61
2011-12-21,117.8,129.61,116.39,114.95,113.71,112.35
2011-12-22,117.83,129.59,116.43,114.97,113.7,112.31
2011-12-23,116.76,128.35,115.46,114.04,112.82,111.48
2011-12-27,116.0,127.58,114.86,113.41,112.17,110.8
2011-12-28,116.16,127.79,115.07,113.64,112.4,111.04
2011-12-29,119.7,131.42,118.62,117.13,115.85,114.44
2011-12-30,116.14,128.0,115.35,114.21,113.22,112.14
2012-01-03,116.94,128.71,116.29,115.14,114.14,113.05
2012-01-04,120.65,132.37,120.01,118.83,117.8,116.67
2012-01-05,118.61,130.13,118.05,116.94,115.97,114.91
2012-01-06,114.79,126.25,114.32,113.34,112.48,111.54
2012-01-09,114.6,126.04,114.22,113.22,112.35,111.39
2012-01-10,113.16,124.62,112.83,111.85,111.01,110.08
2012-01-11,115.35,126.74,115.04,114.06,113.21,112.28
2012-01-12,114.15,125.62,113.88,112.9,112.05,111.12
2012-01-13,114.37,126.04,114.01,112.57,111.33,109.97
2012-01-17,110.24,121.72,110.07,108.65,107.43,106.09
2012-01-18,110.58,122.31,110.45,109.01,107.77,106.41
2012-01-19,109.57,121.21,109.48,108.02,106.76,105.38
2012-01-20,110.01,121.57,109.97,108.94,108.04,107.06
2012-01-23,110.57,122.01,109.62,108.75,107.8,106.82
2012-01-24,111.62,123.05,110.68,109.79,108.81,107.8
2012-01-25,110.82,122.39,109.89,108.96,107.95,106.91
2012-01-26,114.84,126.52,113.94,113.01,111.99,110.95
2012-01-27,114.57,126.43,113.65,112.66,111.57,110.46
2012-01-30,115.38,127.36,114.57,113.59,112.52,111.43
2012-01-31,113.61,125.48,112.83,111.85,110.78,109.68
2012-02-01,109.58,121.71,108.89,107.97,106.97,105.95
2012-02-02,109.2,121.28,108.53,107.61,106.6,105.56
2012-02-03,108.09,119.94,107.6,106.88,106.09,105.28
2012-02-06,100.96,112.98,100.58,99.94,99.22,98.49
2012-02-07,98.71,110.55,98.36,97.72,97.01,96.29
2012-02-08,100.55,112.6,100.21,99.54,98.79,98.03
2012-02-09,101.6,113.54,101.29,100.62,99.89,99.13
2012-02-10,97.62,109.42,97.39,96.83,96.22,95.6
2012-02-13,97.68,109.24,97.51,96.99,96.41,95.82
2012-02-14,96.0,107.55,95.86,95.35,94.79,94.22
2012-02-15,95.3,106.57,95.18,94.69,94.15,93.6
2012-02-16,93.89,104.99,93.78,93.29,92.75,92.19
2012-02-17,94.37,105.53,94.33,94.07,93.79,93.49
2012-02-21,95.03,106.08,95.02,94.77,94.49,94.21
2012-02-22,95.77,107.11,95.53,95.26,94.99,94.74
2012-02-23,93.56,105.13,93.33,93.08,92.82,92.58
2012-02-24,93.96,105.44,93.7,93.4,93.08,92.8
2012-02-27,92.1,103.64,91.88,91.59,91.29,91.02
2012-02-28,91.29,102.62,91.08,90.8,90.5,90.23
2012-02-29,94.34,105.64,94.16,93.89,93.62,93.38
2012-03-01,98.46,109.71,98.25,97.93,97.6,97.31
2012-03-02,94.78,106.14,94.48,93.97,93.46,92.99
2012-03-05,96.23,107.41,95.96,95.43,94.9,94.41
2012-03-06,99.76,111.09,99.47,98.89,98.29,97.75
2012-03-07,97.85,109.09,97.58,96.98,96.37,95.82
2012-03-08,97.06,108.35,96.81,96.23,95.63,95.09
2012-03-09,98.16,109.24,97.81,96.91,95.99,95.17
2012-03-12,98.62,109.61,98.36,97.46,96.55,95.72
2012-03-13,96.49,107.36,96.26,95.37,94.46,93.64
2012-03-14,94.83,105.94,94.63,93.79,92.93,92.16
2012-03-15,92.38,103.59,92.22,91.41,90.58,89.84
2012-03-16,93.42,104.72,93.28,92.39,91.48,90.66
2012-03-19,89.31,100.32,89.25,88.39,87.5,86.71
2012-03-20,88.05,99.14,88.02,87.2,86.36,85.61
2012-03-21,89.73,100.92,88.89,88.02,87.24,86.45
2012-03-22,89.58,100.83,88.78,87.94,87.19,86.41
2012-03-23,87.26,98.62,86.47,85.6,84.82,84.02
2012-03-26,90.24,101.56,89.5,88.6,87.8,86.97
2012-03-27,90.59,101.93,89.88,88.98,88.17,87.34
2012-03-28,92.52,103.85,91.82,90.88,90.05,89.19
2012-03-29,96.83,107.92,96.16,95.22,94.38,93.52
2012-03-30,93.64,104.68,92.93,91.92,91.01,90.08
2012-04-02,93.96,104.88,93.35,92.33,91.41,90.48
2012-04-03,95.54,106.54,94.95,93.91,92.98,92.02
2012-04-04,93.7,104.64,93.15,92.12,91.2,90.26
2012-04-05,92.19,102.77,91.67,90.65,89.72,88.78
2012-04-09,93.22,103.69,92.88,91.99,91.18,90.36
2012-04-10,92.1,102.39,91.8,90.9,90.1,89.28
2012-04-11,91.09,101.36,90.81,89.9,89.09,88.26
2012-04-12,90.42,100.64,90.18,89.32,88.55,87.76
2012-04-13,91.82,102.09,91.59,90.71,89.91,89.1
2012-04-16,92.32,102.5,92.18,91.23,90.38,89.51
2012-04-17,89.04,99.1,88.92,88.0,87.17,86.33
2012-04-18,89.05,99.11,88.96,88.03,87.19,86.33
2012-04-19,89.66,99.76,89.6,88.68,87.86,87.02
2012-04-20,91.64,101.66,91.62,90.87,90.2,89.51
2012-04-23,89.36,99.33,88.68,88.02,87.34,86.63
2012-04-24,88.4,98.58,87.79,87.19,86.57,85.92
2012-04-25,86.7,96.81,86.12,85.51,84.89,84.23
2012-04-26,85.89,95.95,85.32,84.71,84.08,83.41
2012-04-27,83.36,93.4,83.01,82.63,82.24,81.82
2012-04-30,81.29,91.2,81.03,80.69,80.35,79.98
2012-05-01,82.93,93.05,82.69,82.36,82.02,81.66
2012-05-02,81.9,91.73,81.65,81.32,80.97,80.61
2012-05-03,79.22,89.04,79.0,78.69,78.36,78.02
2012-05-04,78.92,88.73,78.84,78.71,78.58,78.45
2012-05-07,79.09,88.94,79.01,78.86,78.71,78.55
2012-05-08,77.75,87.52,77.68,77.53,77.38,77.23
2012-05-09,78.39,88.16,78.32,78.19,78.05,77.9
2012-05-10,77.57,87.43,77.51,77.38,77.24,77.1
2012-05-11,78.97,88.82,78.88,78.68,78.47,78.24
2012-05-14,79.85,89.76,79.79,79.6,79.4,79.19
2012-05-15,78.17,87.94,78.12,77.94,77.76,77.56
2012-05-16,78.41,88.39,78.36,78.15,77.93,77.7
2012-05-17,82.14,91.81,82.09,81.88,81.66,81.42
2012-05-18,81.97,91.6,81.96,81.86,81.76,81.65
2012-05-21,82.67,92.31,82.67,82.58,82.48,82.38
2012-05-22,84.78,94.56,84.78,84.68,84.57,84.46
2012-05-23,86.08,96.2,86.0,85.93,85.85,85.77
2012-05-24,84.76,94.68,84.69,84.61,84.53,84.46
2012-05-25,83.3,93.27,83.21,83.1,82.99,82.88
2012-05-29,85.09,95.14,85.04,84.96,84.88,84.81
2012-05-30,86.64,96.59,86.58,86.49,86.4,86.32
2012-05-31,87.7,97.62,87.63,87.53,87.43,87.34
2012-06-01,89.42,99.24,89.24,88.96,88.66,88.38
2012-06-04,90.32,100.04,90.16,89.88,89.58,89.3
2012-06-05,88.39,98.27,88.24,87.95,87.64,87.35
2012-06-06,88.07,97.81,87.93,87.65,87.36,87.08
2012-06-07,90.47,100.47,90.36,90.11,89.85,89.6
2012-06-08,89.1,99.03,89.05,88.93,88.82,88.7
2012-06-11,90.3,100.34,90.26,90.13,89.99,89.86
2012-06-12,90.75,100.65,90.71,90.57,90.43,90.29
2012-06-13,87.36,97.18,87.32,87.19,87.04,86.91
2012-06-14,89.59,99.36,89.57,89.47,89.36,89.26
2012-06-15,89.48,99.26,89.47,89.39,89.3,89.22
2012-06-18,90.57,100.51,90.57,90.48,90.4,90.31
2012-06-19,89.99,99.7,89.98,89.89,89.8,89.72
2012-06-20,87.83,97.7,87.82,87.76,87.69,87.63
2012-06-21,87.21,97.02,87.14,87.06,86.99,86.92
2012-06-22,87.71,97.39,87.4,87.07,86.76,86.43
2012-06-25,89.48,98.91,89.19,88.83,88.5,88.15
2012-06-26,88.45,98.14,88.17,87.82,87.49,87.15
2012-06-27,91.83,101.42,91.56,91.21,90.87,90.52
2012-06-28,92.57,102.19,92.32,91.97,91.65,91.3
2012-06-29,92.47,102.14,92.28,92.01,91.76,91.49
2012-07-02,92.53,102.07,92.37,92.09,91.84,91.56
2012-07-03,93.02,102.55,92.86,92.59,92.33,92.05
2012-07-05,93.69,103.16,93.57,93.35,93.14,92.92
2012-07-06,93.04,102.49,92.93,92.67,92.44,92.19
2012-07-09,92.99,102.24,92.91,92.68,92.46,92.23
2012-07-10,96.39,105.8,96.31,96.06,95.84,95.6
2012-07-11,93.64,103.05,93.56,93.29,93.03,92.76
2012-07-12,94.21,103.81,94.12,93.79,93.49,93.17
2012-07-13,92.47,102.03,92.39,92.1,91.82,91.53
2012-07-16,90.01,99.73,89.97,89.71,89.46,89.19
2012-07-17,92.11,101.75,92.07,91.82,91.58,91.32
2012-07-18,89.67,99.45,89.65,89.41,89.19,88.96
2012-07-19,91.13,100.74,91.12,90.85,90.61,90.35
2012-07-20,90.04,99.86,90.02,89.52,89.06,88.56
2012-07-23,89.94,99.73,89.43,88.92,88.38,87.91
2012-07-24,89.46,99.18,88.96,88.45,87.91,87.44
2012-07-25,89.6,99.11,89.12,88.61,88.06,87.59
2012-07-26,92.95,102.54,92.44,91.88,91.29,90.77
2012-07-27,91.5,101.0,90.92,90.26,89.57,88.96
2012-07-30,91.31,100.67,90.77,90.08,89.34,88.7
2012-07-31,93.98,103.22,93.45,92.73,91.97,91.31
2012-08-01,93.71,103.16,93.19,92.46,91.68,91.01
2012-08-02,94.32,103.81,93.81,93.04,92.23,91.53
2012-08-03,98.08,107.6,97.8,97.37,96.91,96.5
2012-08-06,100.74,110.24,100.51,100.06,99.59,99.17
2012-08-07,101.94,111.49,101.71,101.26,100.78,100.36
2012-08-08,101.83,111.49,101.61,101.14,100.64,100.21
2012-08-09,101.94,111.74,101.73,101.26,100.76,100.32
2012-08-10,102.42,112.42,102.1,101.3,100.45,99.71
2012-08-13,101.69,111.8,101.46,100.67,99.83,99.11
2012-08-14,101.53,111.59,101.31,100.52,99.69,98.96
2012-08-15,104.58,114.8,104.39,103.56,102.69,101.93
2012-08-16,104.49,114.62,104.31,103.43,102.49,101.67
2012-08-17,106.83,116.91,106.68,105.74,104.75,103.89
2012-08-20,106.66,116.77,106.6,105.59,104.53,103.6
2012-08-21,107.61,117.59,107.57,106.51,105.4,104.43
2012-08-22,111.78,121.74,110.64,109.45,108.41,107.31
2012-08-23,112.54,122.33,111.43,110.21,109.16,108.04
2012-08-24,110.25,120.26,109.09,107.77,106.63,105.42
2012-08-27,109.75,119.68,108.7,107.36,106.21,104.99
2012-08-28,111.57,121.18,110.56,109.23,108.08,106.86
2012-08-29,112.13,121.8,111.14,109.79,108.61,107.37
2012-08-30,110.53,120.33,109.59,108.25,107.08,105.85
2012-08-31,112.19,121.85,111.25,109.85,108.63,107.34
2012-09-04,111.84,121.43,111.1,109.74,108.56,107.3
2012-09-05,112.73,122.36,112.01,110.59,109.36,108.06
2012-09-06,113.9,123.56,113.22,111.79,110.54,109.23
2012-09-07,113.86,123.57,113.26,111.89,110.71,109.45
2012-09-10,114.27,123.99,113.79,112.43,111.24,109.98
2012-09-11,116.29,125.82,115.84,114.4,113.16,111.84
2012-09-12,113.73,123.52,113.33,111.93,110.72,109.44
2012-09-13,112.56,122.33,112.23,110.9,109.75,108.54
2012-09-14,109.03,118.96,108.75,107.5,106.42,105.27
2012-09-17,110.6,120.56,110.44,109.17,108.08,106.92
2012-09-18,109.87,119.87,109.75,108.51,107.43,106.29
2012-09-19,110.39,120.47,110.32,109.09,108.03,106.91
2012-09-20,110.97,121.11,110.93,109.69,108.62,107.48
2012-09-21,105.73,116.01,104.65,103.71,102.72,101.6
2012-09-24,103.57,114.11,102.62,101.71,100.75,99.67
2012-09-25,100.22,111.03,99.33,98.45,97.52,96.47
2012-09-26,97.95,108.9,97.09,96.2,95.25,94.19
2012-09-27,99.68,110.73,98.83,97.92,96.96,95.88
2012-09-28,98.38,109.27,97.61,96.76,95.85,94.83
2012-10-01,99.01,109.76,98.36,97.55,96.68,95.7
2012-10-02,103.24,114.23,102.62,101.79,100.92,99.94
2012-10-03,103.97,114.79,103.37,102.53,101.63,100.63
2012-10-04,104.18,115.17,103.62,102.8,101.93,100.96
2012-10-05,102.36,113.39,101.93,101.25,100.53,99.72
2012-10-08,101.05,112.03,100.71,100.07,99.39,98.62
2012-10-09,101.65,112.63,101.33,100.7,100.03,99.27
2012-10-10,101.52,112.5,101.21,100.54,99.83,99.03
2012-10-11,101.02,111.93,100.73,100.06,99.34,98.54
2012-10-12,98.71,109.42,98.44,97.75,97.02,96.2
2012-10-15,98.89,109.5,98.7,98.01,97.28,96.46
2012-10-16,98.51,108.65,98.35,97.7,97.01,96.23
2012-10-17,96.15,106.18,96.02,95.42,94.79,94.07
2012-10-18,98.03,108.16,97.92,97.32,96.68,95.96
2012-10-19,96.87,107.05,96.77,96.1,95.39,94.59
2012-10-22,91.56,101.7,91.54,90.93,90.27,89.54
2012-10-23,91.85,102.22,91.19,90.48,89.69,89.02
2012-10-24,93.25,103.61,92.57,91.82,90.99,90.28
2012-10-25,94.82,105.11,94.14,93.37,92.5,91.77
2012-10-26,94.45,104.36,93.76,92.94,92.01,91.23
2012-10-29,95.12,104.76,94.52,93.71,92.81,92.04
2012-10-30,98.98,108.5,98.39,97.55,96.61,95.81
2012-10-31,100.96,110.42,100.38,99.52,98.56,97.74
2012-11-01,93.56,102.75,93.06,92.26,91.37,90.61
2012-11-02,93.64,102.69,93.16,92.37,91.48,90.73
2012-11-05,95.91,104.91,95.5,94.68,93.76,92.99
2012-11-06,94.58,103.66,94.23,93.48,92.64,91.93
2012-11-07,92.39,101.48,92.08,91.36,90.55,89.86
2012-11-08,94.18,103.08,93.9,93.2,92.42,91.75
2012-11-09,90.56,99.44,90.24,89.39,88.43,87.62
2012-11-12,89.51,98.52,89.28,88.43,87.47,86.66
2012-11-13,86.27,95.31,86.08,85.24,84.31,83.52
2012-11-14,87.43,96.8,87.25,86.37,85.38,84.55
2012-11-15,84.1,93.44,83.95,83.07,82.09,81.26
2012-11-16,82.9,92.2,82.79,81.95,81.01,80.21
2012-11-19,83.53,92.89,83.5,82.68,81.76,80.99
2012-11-20,81.29,90.93,80.49,79.58,78.82,78.09
2012-11-21,79.75,89.53,78.94,78.01,77.22,76.46
2012-11-23,78.2,87.89,77.41,76.42,75.59,74.8
2012-11-26,80.99,90.54,80.29,79.3,78.46,77.66
2012-11-27,80.38,89.96,79.74,78.81,78.02,77.27
2012-11-28,79.52,89.18,78.9,77.95,77.15,76.38
2012-11-29,82.42,91.84,81.78,80.75,79.89,79.06
2012-11-30,81.8,90.87,81.09,79.91,78.91,77.96
2012-12-03,79.91,89.14,79.32,78.16,77.17,76.24
2012-12-04,80.83,90.04,80.28,79.13,78.16,77.23
2012-12-05,79.05,88.02,78.53,77.38,76.41,75.48
2012-12-06,78.7,87.63,78.21,77.06,76.08,75.15
2012-12-07,79.59,88.55,79.2,78.19,77.34,76.53
2012-12-10,80.09,88.99,79.78,78.74,77.87,77.03
2012-12-11,77.17,86.16,76.9,75.87,75.01,74.18
2012-12-12,78.22,87.22,77.98,76.93,76.05,75.2
2012-12-13,77.91,87.13,77.7,76.65,75.77,74.93
2012-12-14,81.31,90.59,81.13,80.1,79.24,78.41
2012-12-17,82.54,91.97,82.45,81.43,80.57,79.75
2012-12-18,83.5,92.86,83.44,82.42,81.55,80.73
2012-12-19,82.2,91.62,82.17,81.18,80.34,79.54
2012-12-20,82.78,92.26,81.82,81.01,80.23,79.32
2012-12-21,82.42,91.78,81.54,80.76,80.03,79.16
2012-12-24,81.66,90.92,80.88,80.13,79.41,78.57
2012-12-26,80.15,89.51,79.39,78.62,77.88,77.02
2012-12-27,80.11,89.27,79.39,78.62,77.89,77.03
2012-12-28,82.46,91.71,81.89,81.25,80.65,79.94
2012-12-31,82.29,91.74,81.8,81.18,80.59,79.9
2013-01-02,78.82,88.08,78.39,77.81,77.25,76.6
2013-01-03,79.75,89.08,79.34,78.75,78.18,77.52
2013-01-04,81.89,91.12,81.45,80.77,80.13,79.37
2013-01-07,80.04,89.56,79.67,79.0,78.36,77.61
2013-01-08,79.74,89.21,79.39,78.72,78.07,77.32
2013-01-09,80.3,89.87,79.97,79.29,78.65,77.89
2013-01-10,80.31,89.77,79.98,79.27,78.58,77.78
2013-01-11,80.2,89.68,79.94,79.32,78.72,78.01
2013-01-14,79.93,89.33,79.75,79.15,78.57,77.9
2013-01-15,78.49,87.8,78.33,77.74,77.18,76.52
2013-01-16,76.15,85.53,76.01,75.42,74.86,74.2
2013-01-17,74.52,83.64,74.4,73.83,73.29,72.66
2013-01-18,74.99,84.03,74.9,74.37,73.87,73.29
2013-01-22,76.26,85.11,76.24,75.7,75.18,74.58
2013-01-23,74.77,83.53,74.22,73.7,73.09,72.56
2013-01-24,72.02,80.87,71.5,70.98,70.38,69.85
2013-01-25,73.87,82.54,73.46,73.04,72.55,72.12
2013-01-28,73.84,82.63,73.49,73.08,72.59,72.17
2013-01-29,73.74,82.57,73.4,72.98,72.5,72.07
2013-01-30,73.2,81.95,72.88,72.47,71.99,71.57
2013-01-31,72.63,81.42,72.31,71.89,71.39,70.95
2013-02-01,71.97,80.87,71.74,71.42,71.04,70.71
2013-02-04,70.77,79.5,70.57,70.24,69.86,69.52
2013-02-05,72.96,81.62,72.75,72.39,71.96,71.59
2013-02-06,73.74,82.42,73.55,73.19,72.77,72.4
2013-02-07,74.16,82.73,73.98,73.62,73.2,72.83
2013-02-08,74.82,83.43,74.61,74.17,73.66,73.21
2013-02-11,77.46,86.04,77.28,76.8,76.24,75.76
2013-02-12,74.89,83.42,74.75,74.3,73.78,73.33
2013-02-13,76.4,85.06,76.27,75.82,75.3,74.84
2013-02-14,78.4,87.02,78.28,77.83,77.3,76.84
2013-02-15,77.1,85.63,77.01,76.59,76.09,75.65
2013-02-19,73.88,82.13,73.85,73.45,72.98,72.58
2013-02-20,71.28,79.57,71.26,70.87,70.42,70.02
2013-02-21,70.49,78.52,70.12,69.69,69.32,68.93
2013-02-22,70.85,78.83,70.6,70.29,70.03,69.75
2013-02-25,72.06,79.89,71.82,71.48,71.19,70.88
2013-02-26,73.33,81.34,73.08,72.74,72.43,72.12
2013-02-27,72.61,80.56,72.39,72.05,71.76,71.46
2013-02-28,70.68,78.53,70.46,70.12,69.82,69.51
2013-03-01,71.27,78.94,71.0,70.56,70.17,69.77
2013-03-04,70.49,78.39,70.27,69.83,69.46,69.07
2013-03-05,71.28,78.91,71.08,70.66,70.3,69.93
2013-03-06,68.57,76.16,68.41,68.05,67.75,67.43
2013-03-07,67.83,75.25,67.68,67.33,67.02,66.71
2013-03-08,70.22,77.5,70.12,69.86,69.64,69.41
2013-03-11,71.45,78.67,71.36,71.08,70.83,70.58
2013-03-12,72.26,79.64,72.17,71.86,71.59,71.32
2013-03-13,73.66,80.98,73.59,73.3,73.04,72.77
2013-03-14,73.77,80.92,73.7,73.39,73.12,72.84
2013-03-15,73.76,80.68,73.74,73.67,73.61,73.55
2013-03-18,75.04,82.0,75.04,74.94,74.86,74.77
2013-03-19,71.23,78.19,71.23,71.16,71.11,71.05
2013-03-20,71.11,77.97,71.11,71.02,70.94,70.86
2013-03-21,71.69,78.58,71.58,71.48,71.38,71.28
2013-03-22,73.51,80.38,73.52,73.52,73.52,73.52
2013-03-25,74.65,81.4,74.63,74.6,74.58,74.56
2013-03-26,77.15,83.89,77.13,77.11,77.09,77.07
2013-03-27,78.8,85.51,78.79,78.77,78.75,78.74
2013-03-28,78.55,85.1,78.55,78.56,78.56,78.56
2013-04-01,81.21,87.87,81.2,81.18,81.16,81.14
2013-04-02,85.58,92.08,85.56,85.53,85.49,85.45
2013-04-03,86.78,93.19,86.76,86.74,86.71,86.69
2013-04-04,88.93,95.41,88.93,88.92,88.91,88.9
2013-04-05,89.46,95.98,89.62,89.87,90.14,90.42
2013-04-08,87.27,93.56,87.4,87.64,87.88,88.15
2013-04-09,86.35,92.55,86.46,86.71,86.96,87.23
2013-04-10,91.28,97.28,91.41,91.7,92.0,92.33
2013-04-11,87.92,93.92,88.02,88.27,88.53,88.8
2013-04-12,89.87,95.93,89.99,90.3,90.62,90.97
2013-04-15,88.93,95.06,89.02,89.35,89.7,90.06
2013-04-16,86.99,93.38,87.07,87.39,87.72,88.08
2013-04-17,88.67,95.25,88.73,89.06,89.4,89.76
2013-04-18,90.46,96.82,90.52,90.86,91.21,91.58
2013-04-19,92.43,98.97,92.48,92.86,93.26,93.68
2013-04-22,93.44,100.0,93.46,93.87,94.29,94.75
2013-04-23,92.24,98.91,92.68,93.12,93.61,94.04
2013-04-24,92.83,99.48,93.26,93.71,94.21,94.66
2013-04-25,96.87,103.6,97.29,97.76,98.26,98.72
2013-04-26,95.95,102.82,96.53,97.2,97.93,98.59
2013-04-29,96.74,103.72,97.27,97.97,98.73,99.42
2013-04-30,97.95,104.97,98.47,99.18,99.94,100.64
2013-05-01,94.35,101.19,94.83,95.52,96.26,96.94
2013-05-02,94.11,100.76,94.55,95.21,95.92,96.57
2013-05-03,95.4,101.89,95.75,96.31,96.9,97.45
2013-05-06,94.17,100.56,94.45,94.98,95.54,96.06
2013-05-07,93.6,100.15,93.86,94.37,94.92,95.42
2013-05-08,95.93,102.5,96.17,96.68,97.22,97.72
2013-05-09,99.11,105.58,99.34,99.87,100.45,100.97
2013-05-10,98.88,105.39,99.09,99.63,100.21,100.74
2013-05-13,99.39,105.62,99.55,100.09,100.68,101.21
2013-05-14,99.96,106.13,100.11,100.67,101.28,101.83
2013-05-15,101.93,108.19,102.07,102.66,103.29,103.87
2013-05-16,105.09,111.53,105.21,105.83,106.49,107.09
2013-05-17,104.02,110.4,104.16,104.95,105.81,106.59
2013-05-20,102.03,108.43,102.08,102.84,103.65,104.4
2013-05-21,101.57,108.01,101.6,102.38,103.23,104.0
2013-05-22,99.52,105.74,100.31,101.17,101.95,102.79
2013-05-23,99.3,105.47,100.07,100.93,101.72,102.56
2013-05-24,98.67,104.75,99.36,100.16,100.89,101.67
2013-05-28,98.72,104.73,99.31,100.09,100.81,101.58
2013-05-29,93.59,99.51,94.09,94.79,95.44,96.12
2013-05-30,94.42,100.47,94.86,95.5,96.09,96.73
2013-05-31,95.31,101.41,95.43,95.61,95.77,95.95
2013-06-03,95.56,101.57,95.67,95.86,96.03,96.22
2013-06-04,92.61,98.41,92.71,92.9,93.07,93.26
2013-06-05,92.93,98.66,93.03,93.23,93.41,93.6
2013-06-06,94.08,99.88,94.18,94.41,94.61,94.82
2013-06-07,95.59,101.7,95.58,95.56,95.55,95.53
2013-06-10,93.91,100.02,93.91,93.93,93.94,93.95
2013-06-11,93.78,99.97,93.78,93.77,93.77,93.76
2013-06-12,91.09,97.11,91.1,91.12,91.14,91.16
2013-06-13,92.94,99.02,92.94,92.97,93.0,93.02
2013-06-14,94.33,100.44,94.29,94.11,93.94,93.77
2013-06-17,95.16,101.2,95.14,94.93,94.74,94.53
2013-06-18,96.92,103.09,96.91,96.75,96.6,96.45
2013-06-19,100.38,106.81,100.37,100.2,100.04,99.87
2013-06-20,101.04,107.56,101.03,100.87,100.72,100.57
2013-06-21,103.39,109.82,103.2,103.03,102.84,102.65
2013-06-24,103.23,109.84,103.05,102.87,102.68,102.49
2013-06-25,104.7,111.21,104.54,104.37,104.2,104.02
2013-06-26,104.27,110.71,104.14,103.99,103.83,103.67
2013-06-27,100.24,106.69,100.13,100.02,99.89,99.76
2013-06-28,99.64,106.13,99.51,99.35,99.19,99.02
2013-07-01,103.6,110.1,103.46,103.28,103.09,102.89
2013-07-02,107.17,113.9,107.04,106.87,106.69,106.5
2013-07-03,104.35,111.0,104.24,104.09,103.93,103.76
2013-07-05,106.23,112.71,106.03,105.69,105.34,104.98
2013-07-08,104.55,110.96,104.41,104.13,103.84,103.54
2013-07-09,107.66,114.44,107.52,107.25,106.96,106.66
2013-07-10,108.01,114.52,107.86,107.55,107.21,106.86
2013-07-11,109.63,116.11,109.5,109.21,108.89,108.56
2013-07-12,109.02,115.2,108.92,108.68,108.41,108.14
2013-07-15,109.37,115.51,109.3,109.05,108.78,108.5
2013-07-16,111.5,117.69,111.43,111.16,110.86,110.56
2013-07-17,116.71,122.85,116.66,116.4,116.13,115.84
2013-07-18,113.43,119.38,113.39,113.17,112.93,112.68
2013-07-19,112.83,118.76,112.77,112.39,111.98,111.56
2013-07-22,112.89,118.77,112.87,112.52,112.15,111.76
2013-07-23,114.03,119.82,113.67,113.29,112.9,112.54
2013-07-24,116.7,122.3,116.34,115.95,115.55,115.18
2013-07-25,114.13,119.87,113.79,113.4,112.99,112.63
2013-07-26,117.77,123.43,117.55,117.29,117.03,116.79
2013-07-29,114.68,120.24,114.49,114.23,113.97,113.73
2013-07-30,118.58,124.11,118.39,118.12,117.84,117.58
2013-07-31,115.62,121.26,115.45,115.19,114.93,114.7
2013-08-01,111.24,117.05,111.04,110.73,110.4,110.11
2013-08-02,109.13,115.14,108.97,108.69,108.42,108.16
2013-08-05,107.3,113.57,107.14,106.85,106.54,106.26
2013-08-06,108.22,114.44,108.07,107.76,107.44,107.15
2013-08-07,104.5,110.88,104.36,104.06,103.75,103.47
2013-08-08,104.59,110.88,104.48,104.22,103.95,103.71
2013-08-09,102.2,108.35,102.04,101.65,101.25,100.88
2013-08-12,106.13,112.05,106.0,105.57,105.13,104.73
2013-08-13,106.94,113.04,106.82,106.39,105.94,105.54
2013-08-14,109.58,115.76,109.47,109.0,108.51,108.07
2013-08-15,107.75,113.81,107.66,107.2,106.73,106.3
2013-08-16,111.8,118.14,111.75,111.47,111.18,110.92
2013-08-19,113.79,119.68,113.77,113.47,113.16,112.88
2013-08-20,112.45,118.29,112.44,112.14,111.84,111.56
2013-08-21,114.19,119.78,113.86,113.51,113.2,112.88
2013-08-22,117.07,122.63,116.74,116.4,116.09,115.78
2013-08-23,115.15,120.52,114.89,114.6,114.34,114.07
2013-08-26,112.81,118.14,112.6,112.33,112.09,111.85
2013-08-27,111.3,116.77,111.11,110.87,110.66,110.44
2013-08-28,109.92,115.37,109.74,109.5,109.28,109.06
2013-08-29,107.77,113.23,107.6,107.36,107.14,106.92
2013-08-30,108.32,114.0,108.01,107.56,107.16,106.76
2013-09-03,110.97,116.66,110.72,110.28,109.88,109.49
2013-09-04,111.06,116.55,110.82,110.37,109.97,109.56
2013-09-05,112.38,117.78,112.15,111.7,111.3,110.89
2013-09-06,114.24,119.27,114.02,113.57,113.16,112.76
2013-09-09,115.63,120.69,115.46,114.99,114.57,114.15
2013-09-10,114.46,119.44,114.3,113.84,113.42,113.01
2013-09-11,114.19,119.13,114.06,113.63,113.24,112.85
2013-09-12,113.79,118.92,113.66,113.22,112.82,112.42
2013-09-13,112.24,117.17,112.13,111.69,111.28,110.88
2013-09-16,115.43,120.37,115.36,114.92,114.53,114.13
2013-09-17,116.38,121.27,116.33,115.9,115.51,115.12
2013-09-18,114.7,119.74,114.66,114.22,113.82,113.42
2013-09-19,117.48,122.46,117.46,117.01,116.61,116.22
2013-09-20,114.75,119.79,114.74,114.31,113.92,113.53
2013-09-23,113.07,117.9,112.64,112.22,111.81,111.34
2013-09-24,113.06,117.88,112.62,112.18,111.74,111.24
2013-09-25,118.97,123.84,118.47,117.96,117.44,116.86
2013-09-26,118.02,122.88,117.56,117.07,116.58,116.03
2013-09-27,117.38,122.53,116.8,116.15,115.5,114.77
2013-09-30,113.61,118.67,113.13,112.51,111.91,111.22
2013-10-01,112.36,117.58,111.9,111.29,110.68,109.99
2013-10-02,109.82,114.92,109.35,108.72,108.09,107.37
2013-10-03,108.33,113.34,107.9,107.28,106.66,105.96
2013-10-04,109.52,114.62,109.06,108.35,107.65,106.85
2013-10-07,112.62,117.85,112.21,111.47,110.74,109.92
2013-10-08,112.25,117.89,111.88,111.16,110.45,109.64
2013-10-09,111.29,117.01,110.96,110.28,109.61,108.85
2013-10-10,110.9,116.64,110.59,109.88,109.19,108.4
2013-10-11,111.47,117.33,111.17,110.44,109.72,108.9
2013-10-14,108.66,114.28,108.45,107.77,107.1,106.34
2013-10-15,111.57,117.15,111.37,110.65,109.93,109.12
2013-10-16,115.86,121.56,115.69,114.98,114.27,113.47
2013-10-17,118.25,124.2,118.1,117.35,116.61,115.76
2013-10-18,119.79,125.84,119.67,118.98,118.29,117.51
2013-10-21,123.93,129.84,123.88,123.18,122.48,121.69
2013-10-22,121.2,127.14,121.18,120.52,119.86,119.11
2013-10-23,116.3,122.4,115.65,115.02,114.29,113.64
2013-10-24,118.12,124.5,117.51,116.89,116.18,115.53
2013-10-25,116.22,122.55,115.53,114.8,113.97,113.23
2013-10-28,113.95,120.22,113.31,112.55,111.69,110.92
2013-10-29,112.57,118.94,111.99,111.27,110.46,109.72
2013-10-30,116.22,122.64,115.64,114.89,114.04,113.27
2013-10-31,116.45,122.81,115.89,115.12,114.25,113.46
2013-11-01,116.97,123.23,116.43,115.66,114.78,113.99
2013-11-04,115.82,122.02,115.37,114.62,113.77,113.0
2013-11-05,119.41,125.47,118.98,118.22,117.37,116.59
2013-11-06,121.11,127.13,120.67,119.82,118.86,118.0
2013-11-07,121.75,127.6,121.33,120.48,119.51,118.63
2013-11-08,121.53,127.31,121.12,120.23,119.22,118.3
2013-11-11,125.81,131.31,125.49,124.56,123.51,122.56
2013-11-12,128.92,134.45,128.63,127.67,126.59,125.62
2013-11-13,127.86,133.44,127.59,126.62,125.51,124.52
2013-11-14,125.55,131.21,125.34,124.43,123.41,122.5
2013-11-15,126.34,132.17,126.17,125.35,124.43,123.6
2013-11-18,129.13,134.89,129.04,128.15,127.15,126.24
2013-11-19,124.83,130.48,124.78,123.95,123.02,122.18
2013-11-20,126.82,132.2,126.79,125.95,125.0,124.15
2013-11-21,125.0,130.41,124.18,123.25,122.42,121.64
2013-11-22,124.14,129.74,123.55,122.84,122.21,121.62
2013-11-25,121.39,127.13,120.93,120.33,119.78,119.27
2013-11-26,122.94,128.47,122.47,121.82,121.24,120.7
2013-11-27,124.62,130.05,124.11,123.39,122.73,122.13
2013-11-29,122.78,128.52,122.21,121.31,120.5,119.75
2013-12-02,122.63,128.48,122.14,121.25,120.45,119.7
2013-12-03,123.84,129.89,123.39,122.51,121.72,120.99
2013-12-04,119.59,125.41,119.17,118.32,117.55,116.83
2013-12-05,117.34,123.3,116.98,116.19,115.47,114.81
2013-12-06,113.96,119.89,113.54,112.56,111.68,110.87
2013-12-09,115.22,121.09,114.88,113.89,112.99,112.16
2013-12-10,110.62,116.4,110.32,109.36,108.49,107.68
2013-12-11,109.19,115.01,108.93,107.98,107.12,106.32
2013-12-12,112.33,118.15,112.08,111.07,110.15,109.3
2013-12-13,110.08,115.76,109.89,109.0,108.19,107.44
2013-12-16,107.83,113.67,107.72,106.84,106.06,105.32
2013-12-17,111.09,116.84,111.01,110.09,109.26,108.5
2013-12-18,111.56,117.55,111.51,110.62,109.82,109.08
2013-12-19,115.79,121.76,115.77,114.87,114.05,113.3
2013-12-20,113.98,119.89,113.06,112.22,111.45,110.55
2013-12-23,113.07,119.01,112.22,111.37,110.58,109.67
2013-12-24,119.84,125.63,118.95,118.04,117.19,116.2
2013-12-26,125.98,131.79,125.07,124.08,123.15,122.07
2013-12-27,126.97,132.69,125.8,124.47,123.23,121.8
2013-12-30,125.49,131.35,124.45,123.11,121.87,120.42
2013-12-31,126.02,131.8,124.98,123.56,122.26,120.74
2014-01-02,126.27,131.95,125.33,123.92,122.62,121.1
2014-01-03,129.77,135.91,128.91,127.55,126.29,124.83
2014-01-06,131.03,137.13,130.26,128.83,127.51,125.97
2014-01-07,136.44,142.61,135.7,134.24,132.9,131.32
2014-01-08,139.87,146.12,139.15,137.62,136.21,134.56
2014-01-09,141.38,147.62,140.71,139.19,137.78,136.14
2014-01-10,147.01,153.06,146.4,144.9,143.51,141.89
2014-01-13,147.57,153.44,147.11,145.59,144.19,142.55
2014-01-14,150.96,156.98,150.54,149.01,147.59,145.93
2014-01-15,148.74,154.81,148.39,146.88,145.49,143.86
2014-01-16,151.03,157.12,150.72,149.16,147.71,146.03
2014-01-17,148.08,154.07,147.83,146.29,144.87,143.21
2014-01-21,147.21,153.24,147.16,145.64,144.23,142.59
2014-01-22,143.73,149.91,142.28,140.94,139.37,138.05
2014-01-23,140.52,146.76,139.18,137.89,136.4,135.14
2014-01-24,140.53,146.46,139.47,138.42,137.19,136.16
2014-01-27,140.64,146.58,139.65,138.54,137.25,136.16
2014-01-28,138.28,144.16,137.34,136.25,134.99,133.92
2014-01-29,134.61,140.44,133.76,132.73,131.53,130.51
2014-01-30,132.41,138.08,131.57,130.5,129.26,128.21
2014-01-31,130.26,136.13,129.8,129.2,128.49,127.89
2014-02-03,129.29,135.01,128.91,128.31,127.61,127.02
2014-02-04,126.89,132.63,126.53,125.93,125.22,124.63
2014-02-05,128.92,134.89,128.58,127.98,127.29,126.7
2014-02-06,128.17,134.07,127.83,127.2,126.46,125.83
2014-02-07,128.93,134.78,128.52,127.7,126.74,125.93
2014-02-10,125.19,131.16,124.88,124.07,123.14,122.35
2014-02-11,129.07,135.08,128.79,128.0,127.08,126.3
2014-02-12,124.93,130.77,124.69,123.93,123.04,122.3
2014-02-13,126.96,132.94,126.74,125.96,125.06,124.3
2014-02-14,132.56,138.41,132.46,132.07,131.61,131.22
2014-02-18,135.84,141.69,135.79,135.38,134.89,134.48
2014-02-19,133.95,139.59,133.92,133.5,133.01,132.59
2014-02-20,136.98,142.28,136.97,136.51,135.97,135.51
2014-02-21,135.16,140.38,134.78,134.33,133.95,133.54
2014-02-24,133.93,139.11,133.65,133.29,132.98,132.64
2014-02-25,133.01,138.38,132.79,132.49,132.24,131.95
2014-02-26,126.89,132.4,126.71,126.45,126.23,125.98
2014-02-27,126.29,131.77,126.07,125.75,125.48,125.18
2014-02-28,127.58,133.05,127.48,127.32,127.19,127.04
2014-03-03,131.48,136.98,131.35,131.12,130.93,130.71
2014-03-04,131.32,136.71,131.19,130.93,130.71,130.48
2014-03-05,133.8,138.93,133.68,133.44,133.24,133.02
2014-03-06,137.49,142.43,137.38,137.16,136.96,136.75
2014-03-07,134.63,139.73,134.4,133.84,133.37,132.86
2014-03-10,136.57,141.62,136.37,135.8,135.31,134.77
2014-03-11,133.35,138.4,133.19,132.65,132.19,131.69
2014-03-12,133.08,137.95,132.92,132.32,131.82,131.27
2014-03-13,132.01,137.01,131.87,131.29,130.79,130.25
2014-03-14,133.02,137.98,132.88,132.24,131.69,131.1
2014-03-17,134.25,139.25,134.17,133.55,133.03,132.45
2014-03-18,133.48,138.45,133.42,132.71,132.11,131.45
2014-03-19,133.91,139.04,133.86,133.13,132.52,131.84
2014-03-20,133.66,138.92,133.64,132.9,132.28,131.6
2014-03-21,130.77,136.01,130.23,129.77,129.27,128.75
2014-03-24,131.3,136.33,130.86,130.46,130.01,129.54
2014-03-25,128.75,133.69,128.3,127.87,127.4,126.91
2014-03-26,125.37,130.25,124.98,124.59,124.15,123.71
2014-03-27,124.84,129.82,124.49,124.13,123.73,123.32
2014-03-28,123.74,128.73,123.69,123.64,123.59,123.53
2014-03-31,122.44,127.35,122.39,122.34,122.28,122.21
2014-04-01,121.21,125.94,121.15,121.08,121.0,120.92
2014-04-02,123.41,127.97,123.4,123.38,123.37,123.36
2014-04-03,122.99,127.6,123.0,123.02,123.03,123.05
2014-04-04,120.42,125.19,120.33,120.21,120.08,119.93
2014-04-07,120.09,124.89,119.97,119.78,119.56,119.34
2014-04-08,124.44,129.26,124.33,124.14,123.93,123.71
2014-04-09,124.35,129.02,124.24,124.02,123.78,123.54
2014-04-10,123.58,128.11,123.48,123.26,123.01,122.76
2014-04-11,125.76,130.25,125.79,125.85,125.91,125.98
2014-04-14,126.6,131.15,126.6,126.62,126.64,126.67
2014-04-15,124.97,129.38,124.97,124.95,124.93,124.91
2014-04-16,125.24,129.62,125.22,125.17,125.12,125.06
2014-04-17,127.32,131.72,127.31,127.24,127.16,127.08
2014-04-21,126.79,130.95,126.78,126.7,126.62,126.52
2014-04-22,125.29,129.35,125.29,125.24,125.19,125.14
2014-04-23,123.84,127.85,123.81,123.76,123.72,123.68
2014-04-24,123.24,126.92,123.23,123.22,123.21,123.21
2014-04-25,126.18,129.81,126.36,126.58,126.81,127.01
2014-04-28,128.03,131.76,128.19,128.4,128.61,128.81
2014-04-29,124.51,128.61,124.65,124.86,125.07,125.27
2014-04-30,126.02,130.0,126.14,126.31,126.49,126.65
2014-05-01,128.91,132.82,129.04,129.25,129.47,129.67
2014-05-02,131.97,135.6,132.1,132.31,132.54,132.74
2014-05-05,126.36,129.94,126.47,126.67,126.89,127.08
2014-05-06,126.85,130.32,126.97,127.22,127.49,127.73
2014-05-07,126.47,130.09,126.59,126.87,127.15,127.41
2014-05-08,126.51,130.19,126.63,126.9,127.19,127.45
2014-05-09,125.23,129.03,125.4,125.83,126.27,126.68
2014-05-12,125.34,129.25,125.46,125.85,126.25,126.61
2014-05-13,123.57,127.38,123.67,124.07,124.48,124.86
2014-05-14,122.06,125.97,122.16,122.57,123.0,123.4
2014-05-15,123.86,127.56,123.95,124.4,124.87,125.3
2014-05-16,122.24,125.85,122.28,122.56,122.85,123.11
2014-05-19,121.33,124.84,121.35,121.62,121.91,122.17
2014-05-20,120.13,123.47,120.14,120.46,120.79,121.1
2014-05-21,117.38,120.56,117.74,118.1,118.43,118.81
2014-05-22,114.34,117.4,114.65,114.99,115.3,115.65
2014-05-23,112.23,115.21,112.45,112.69,112.92,113.17
2014-05-27,110.51,113.48,110.69,110.92,111.14,111.38
2014-05-28,112.42,115.38,112.56,112.75,112.93,113.13
2014-05-29,114.01,117.06,114.14,114.32,114.49,114.68
2014-05-30,115.68,118.64,115.83,116.05,116.25,116.48
2014-06-02,117.53,120.3,117.69,117.96,118.2,118.48
2014-06-03,116.94,119.7,117.12,117.42,117.7,118.02
2014-06-04,116.18,118.73,116.33,116.6,116.84,117.13
2014-06-05,110.19,112.71,110.33,110.61,110.87,111.16
2014-06-06,112.11,114.57,112.23,112.49,112.73,112.99
2014-06-09,110.85,113.52,110.94,111.19,111.41,111.66
2014-06-10,113.81,116.37,113.91,114.18,114.43,114.71
2014-06-11,115.45,117.84,115.54,115.81,116.06,116.34
2014-06-12,115.64,118.15,115.7,115.92,116.11,116.34
2014-06-13,120.92,123.43,121.06,121.66,122.2,122.82
2014-06-16,119.01,121.58,119.1,119.68,120.2,120.8
2014-06-17,114.22,116.66,114.29,114.88,115.42,116.04
2014-06-18,113.64,116.16,113.69,114.22,114.69,115.24
2014-06-19,117.88,120.3,117.91,118.47,118.98,119.57
2014-06-20,116.51,118.96,116.53,117.09,117.6,118.18
2014-06-23,113.59,115.98,114.11,114.63,115.21,115.73
2014-06-24,115.35,117.64,115.82,116.29,116.83,117.3
2014-06-25,116.72,119.09,117.19,117.68,118.24,118.73
2014-06-26,114.29,116.93,114.74,115.22,115.78,116.26
2014-06-27,115.77,118.61,116.29,116.88,117.55,118.14
2014-06-30,111.32,114.18,111.74,112.27,112.88,113.42
2014-07-01,112.62,115.51,113.01,113.52,114.11,114.63
2014-07-02,112.3,115.6,112.69,113.23,113.84,114.38
2014-07-03,112.15,115.43,112.54,113.1,113.74,114.3
2014-07-07,113.85,116.92,113.93,114.09,114.26,114.42
2014-07-08,112.9,116.0,112.96,113.08,113.21,113.33
2014-07-09,117.01,119.93,117.06,117.17,117.29,117.4
2014-07-10,112.34,115.37,112.39,112.5,112.64,112.75
2014-07-11,110.15,113.5,110.18,110.27,110.37,110.46
2014-07-14,107.89,111.3,107.92,107.99,108.07,108.15
2014-07-15,109.29,112.59,109.31,109.37,109.45,109.51
2014-07-16,104.48,107.97,104.49,104.55,104.61,104.67
2014-07-17,98.75,102.44,98.76,98.78,98.81,98.84
2014-07-18,96.94,100.82,96.94,96.95,96.96,96.97
2014-07-21,96.43,100.24,96.43,96.45,96.48,96.51
2014-07-22,97.41,101.33,97.41,97.44,97.47,97.49
2014-07-23,95.54,99.22,95.58,95.62,95.65,95.69
2014-07-24,94.2,97.91,94.21,94.22,94.23,94.24
2014-07-25,97.59,101.48,97.74,97.93,98.09,98.27
2014-07-28,99.65,103.26,99.79,99.99,100.17,100.35
2014-07-29,97.46,101.06,97.58,97.76,97.92,98.08
2014-07-30,94.94,98.59,95.07,95.28,95.46,95.65
2014-07-31,97.82,101.41,97.97,98.21,98.42,98.63
2014-08-01,96.74,100.29,96.98,97.38,97.72,98.08
2014-08-04,91.17,94.62,91.36,91.73,92.06,92.4
2014-08-05,91.55,95.31,91.73,92.11,92.43,92.78
2014-08-06,93.71,97.57,93.88,94.27,94.62,94.97
2014-08-07,90.31,94.41,90.46,90.81,91.13,91.45
2014-08-08,89.51,93.63,89.56,89.7,89.82,89.94
2014-08-11,90.93,95.11,90.98,91.12,91.25,91.38
2014-08-12,90.24,94.37,90.28,90.39,90.49,90.6
2014-08-13,90.23,94.3,90.26,90.38,90.49,90.6
2014-08-14,90.86,94.87,90.89,91.05,91.18,91.32
2014-08-15,95.44,99.46,95.44,95.46,95.48,95.5
2014-08-18,97.04,101.12,97.05,97.1,97.15,97.2
2014-08-19,97.9,102.01,97.91,97.97,98.02,98.08
2014-08-20,101.17,105.44,101.17,101.28,101.38,101.48
2014-08-21,101.54,105.72,101.62,101.68,101.76,101.82
2014-08-22,104.28,108.49,104.71,105.1,105.51,105.9
2014-08-25,102.78,106.9,103.22,103.65,104.1,104.53
2014-08-26,102.72,106.85,103.13,103.56,104.01,104.44
2014-08-27,100.78,104.95,101.17,101.59,102.03,102.46
2014-08-28,100.52,104.64,100.88,101.28,101.71,102.11
2014-08-29,102.45,106.66,102.87,103.37,103.88,104.39
2014-09-02,100.86,104.85,101.23,101.74,102.27,102.79
2014-09-03,104.17,108.37,104.54,105.08,105.65,106.2
2014-09-04,102.74,107.2,103.09,103.62,104.17,104.71
2014-09-05,99.81,104.08,100.1,100.57,101.06,101.53
2014-09-08,99.81,104.09,100.06,100.54,101.04,101.52
2014-09-09,98.66,103.11,98.9,99.4,99.92,100.42
2014-09-10,97.83,102.31,98.05,98.54,99.05,99.55
2014-09-11,99.82,104.17,100.03,100.54,101.08,101.6
2014-09-12,97.1,101.48,97.24,97.63,98.03,98.42
2014-09-15,95.47,99.98,95.57,95.96,96.36,96.75
2014-09-16,96.29,100.82,96.38,96.76,97.15,97.53
2014-09-17,90.86,95.27,90.94,91.31,91.69,92.06
2014-09-18,91.31,96.03,91.37,91.74,92.11,92.48
2014-09-19,91.91,96.83,91.96,92.28,92.62,92.95
2014-09-22,92.63,97.35,92.63,92.91,93.2,93.48
2014-09-23,92.43,97.22,92.71,93.01,93.29,93.61
2014-09-24,90.26,95.01,90.56,90.9,91.22,91.57
2014-09-25,86.9,91.55,87.18,87.49,87.8,88.13
2014-09-26,88.38,92.85,88.76,89.2,89.62,90.1
2014-09-29,86.26,90.73,86.56,86.96,87.34,87.77
2014-09-30,85.65,89.98,85.94,86.34,86.73,87.16
2014-10-01,87.37,91.84,87.64,88.03,88.41,88.83
2014-10-02,85.83,90.32,86.08,86.46,86.83,87.24
2014-10-03,86.95,91.47,87.28,87.79,88.28,88.83
2014-10-06,86.06,90.42,86.37,86.93,87.49,88.1
2014-10-07,88.9,93.09,89.19,89.78,90.35,90.99
2014-10-08,88.51,92.59,88.79,89.38,89.96,90.6
2014-10-09,85.87,89.75,86.11,86.66,87.2,87.8
2014-10-10,85.83,89.74,86.11,86.83,87.52,88.3
2014-10-13,86.48,90.59,86.7,87.44,88.16,88.96
2014-10-14,86.72,90.71,86.92,87.68,88.42,89.25
2014-10-15,84.21,87.99,84.39,85.14,85.87,86.69
2014-10-16,87.38,91.21,87.54,88.32,89.09,89.94
2014-10-17,88.35,92.26,88.44,88.97,89.48,90.06
2014-10-20,84.39,88.34,84.42,84.93,85.42,85.96
2014-10-21,82.84,86.75,82.85,83.37,83.88,84.44
2014-10-22,82.97,86.99,83.46,83.94,84.47,84.99
2014-10-23,81.05,85.12,81.52,82.0,82.53,83.04
2014-10-24,78.4,82.73,79.02,79.67,80.4,81.1
2014-10-27,76.31,80.67,76.84,77.47,78.16,78.85
2014-10-28,77.35,81.71,77.89,78.55,79.28,80.0
2014-10-29,75.5,79.84,76.02,76.67,77.4,78.12
2014-10-30,77.78,82.22,78.3,78.98,79.74,80.49
2014-10-31,79.64,84.04,80.14,80.83,81.6,82.36
2014-11-03,78.35,82.7,78.79,79.49,80.27,81.04
2014-11-04,79.73,84.17,80.16,80.9,81.73,82.53
2014-11-05,79.28,83.65,79.69,80.43,81.25,82.06
2014-11-06,76.56,80.96,76.94,77.66,78.46,79.25
2014-11-07,76.95,81.22,77.33,78.11,78.99,79.85
2014-11-10,72.76,77.1,73.02,73.71,74.48,75.24
2014-11-11,71.62,75.87,71.86,72.57,73.36,74.13
2014-11-12,72.39,76.68,72.61,73.31,74.1,74.87
2014-11-13,68.14,72.61,68.32,68.98,69.7,70.42
2014-11-14,68.84,73.39,69.03,69.81,70.69,71.55
2014-11-17,67.02,71.35,67.12,67.89,68.75,69.59
2014-11-18,65.67,69.64,65.75,66.49,67.33,68.14
2014-11-19,64.71,68.41,64.76,65.48,66.28,67.07
2014-11-20,64.16,67.79,64.18,64.89,65.68,66.46
2014-11-21,63.5,67.46,64.41,65.42,66.41,67.33
2014-11-24,62.23,66.04,62.99,63.93,64.85,65.7
2014-11-25,59.67,63.33,60.35,61.23,62.1,62.89
2014-11-26,58.68,62.24,59.32,60.19,61.04,61.82
2014-11-28,59.91,63.49,60.43,61.2,61.96,62.65
2014-12-01,60.44,63.67,60.91,61.7,62.48,63.19
2014-12-02,59.41,62.46,59.84,60.61,61.37,62.06
2014-12-03,57.52,60.31,57.92,58.68,59.42,60.1
2014-12-04,57.58,60.26,57.96,58.72,59.47,60.16
2014-12-05,57.66,60.24,58.06,58.93,59.78,60.56
2014-12-08,57.0,59.6,57.33,58.22,59.09,59.88
2014-12-09,56.9,59.57,57.21,58.12,59.01,59.83
2014-12-10,58.53,61.04,58.83,59.78,60.72,61.58
2014-12-11,60.93,63.35,61.2,62.16,63.1,63.96
2014-12-12,60.97,63.44,61.24,62.33,63.41,64.4
2014-12-15,60.07,62.6,60.23,61.29,62.33,63.28
2014-12-16,59.52,61.91,59.65,60.68,61.69,62.62
2014-12-17,57.79,59.96,57.88,58.87,59.85,60.75
2014-12-18,58.69,60.86,58.75,59.74,60.71,61.6
2014-12-19,58.39,60.49,58.42,59.28,60.12,60.9
2014-12-22,58.62,60.57,59.44,60.31,61.1,62.02
2014-12-23,59.06,60.61,59.87,60.75,61.56,62.49
2014-12-24,59.34,60.81,60.14,61.04,61.86,62.81
2014-12-26,60.92,62.28,61.8,62.86,63.83,64.96
2014-12-29,61.14,62.59,61.92,62.99,63.97,65.11
2014-12-30,61.14,62.87,61.88,62.94,63.92,65.05
2014-12-31,60.17,61.96,60.9,61.98,62.98,64.13
2015-01-02,60.26,62.34,60.84,61.79,62.66,63.68
2015-01-05,60.16,62.11,60.64,61.6,62.48,63.49
2015-01-06,60.48,62.43,60.95,61.93,62.83,63.87
2015-01-07,61.38,63.29,61.81,62.8,63.7,64.75
2015-01-08,61.49,63.44,61.9,62.89,63.79,64.85
2015-01-09,60.13,62.05,60.49,61.43,62.3,63.3
2015-01-12,57.49,59.26,57.75,58.67,59.52,60.5
2015-01-13,57.31,59.07,57.54,58.47,59.32,60.3
2015-01-14,57.59,59.41,57.79,58.72,59.57,60.56
2015-01-15,57.18,58.96,57.35,58.26,59.1,60.07
2015-01-16,56.02,57.93,56.17,57.09,57.94,58.93
2015-01-20,57.11,58.85,57.14,58.08,58.95,59.95
2015-01-21,55.33,57.24,56.24,57.08,58.05,58.91
2015-01-22,56.02,57.95,56.93,57.8,58.81,59.7
2015-01-23,55.28,57.21,56.16,57.01,58.01,58.89
2015-01-26,54.63,56.4,55.42,56.3,57.31,58.21
2015-01-27,56.27,58.2,57.07,57.97,59.03,59.96
2015-01-28,55.85,57.98,56.61,57.51,58.57,59.5
2015-01-29,54.88,57.11,55.59,56.46,57.48,58.38
2015-01-30,54.93,57.34,55.61,56.49,57.5,58.41
2015-02-02,56.4,58.87,57.01,57.92,58.98,59.92
2015-02-03,56.81,59.24,57.39,58.32,59.4,60.35
2015-02-04,56.92,59.47,57.46,58.37,59.42,60.36
2015-02-05,55.69,57.87,56.19,57.08,58.12,59.04
2015-02-06,56.77,59.17,57.38,58.52,59.85,61.04
2015-02-09,56.65,58.89,57.13,58.25,59.56,60.73
2015-02-10,57.66,60.03,58.1,59.24,60.57,61.75
2015-02-11,57.38,59.66,57.78,58.92,60.25,61.44
2015-02-12,56.46,58.78,56.83,57.98,59.32,60.52
2015-02-13,55.79,57.9,56.12,57.3,58.69,59.92
2015-02-17,55.7,57.89,55.86,57.0,58.33,59.51
2015-02-18,54.04,56.3,54.16,55.23,56.49,57.61
2015-02-19,53.81,56.25,53.89,54.94,56.17,57.27
2015-02-20,53.49,56.06,53.53,54.63,55.91,57.06
2015-02-23,53.46,56.13,54.5,55.8,56.97,58.42
2015-02-24,54.22,56.87,55.23,56.56,57.75,59.23
2015-02-25,54.43,57.01,55.41,56.75,57.95,59.43
2015-02-26,54.38,57.1,55.33,56.68,57.89,59.4
2015-02-27,56.51,59.24,57.56,59.12,60.53,62.27
2015-03-02,56.45,59.29,57.36,58.92,60.32,62.06
2015-03-03,57.18,60.26,58.05,59.63,61.05,62.82
2015-03-04,57.79,60.88,58.64,60.26,61.72,63.54
2015-03-05,57.8,60.75,58.61,60.25,61.72,63.55
2015-03-06,59.04,62.05,59.85,61.6,63.17,65.14
2015-03-09,58.62,61.62,59.25,60.99,62.54,64.49
2015-03-10,59.04,61.99,59.63,61.37,62.94,64.9
2015-03-11,57.48,60.46,58.0,59.68,61.19,63.07
2015-03-12,56.75,59.81,57.2,58.83,60.3,62.13
2015-03-13,56.76,59.7,57.15,58.74,60.16,61.94
2015-03-16,57.84,60.76,58.08,59.67,61.1,62.88
2015-03-17,57.91,60.69,58.1,59.66,61.06,62.81
2015-03-18,57.04,59.74,57.18,58.71,60.08,61.79
2015-03-19,59.3,62.06,59.4,60.99,62.42,64.19
2015-03-20,59.45,62.13,59.5,61.13,62.59,64.4
2015-03-23,58.14,60.68,59.62,61.02,62.78,64.31
2015-03-24,57.06,59.49,58.44,59.81,61.51,63.0
2015-03-25,54.85,57.45,56.1,57.38,58.98,60.38
2015-03-26,54.7,57.46,55.88,57.13,58.7,60.06
2015-03-27,56.27,58.8,57.52,58.89,60.6,62.1
2015-03-30,56.5,58.87,57.61,58.99,60.7,62.21
2015-03-31,57.15,59.39,58.22,59.62,61.35,62.88
2015-04-01,57.17,59.41,58.18,59.55,61.27,62.76
2015-04-02,57.01,59.31,57.97,59.33,61.03,62.52
2015-04-06,58.52,60.7,59.31,60.72,62.48,64.02
2015-04-07,59.54,61.86,60.3,61.73,63.52,65.08
2015-04-08,58.97,61.34,59.67,61.1,62.88,64.44
2015-04-09,58.46,60.8,59.1,60.5,62.24,63.77
2015-04-10,58.11,60.42,58.68,60.05,61.76,63.25
2015-04-13,58.99,61.32,59.43,60.8,62.5,63.99
2015-04-14,57.58,59.91,57.95,59.27,60.9,62.33
2015-04-15,55.08,57.36,55.38,56.63,58.17,59.52
2015-04-16,57.16,59.61,57.44,58.73,60.34,61.75
2015-04-17,55.88,58.38,56.1,57.39,59.0,60.4
2015-04-20,54.99,57.36,55.08,56.34,57.9,59.27
2015-04-21,52.99,55.32,53.03,54.26,55.78,57.11
2015-04-22,53.0,55.57,54.24,55.78,57.13,58.55
2015-04-23,51.74,54.14,52.91,54.42,55.74,57.14
2015-04-24,50.91,53.28,52.05,53.57,54.91,56.33
2015-04-27,51.77,54.24,52.77,54.28,55.61,57.01
2015-04-28,52.75,55.21,53.71,55.24,56.57,57.99
2015-04-29,51.94,54.3,52.83,54.31,55.61,56.98
2015-04-30,51.29,53.61,52.14,53.62,54.91,56.28
2015-05-01,51.17,53.51,51.93,53.33,54.55,55.84
2015-05-04,53.76,56.09,54.43,55.87,57.13,58.46
2015-05-05,56.99,59.12,57.66,59.19,60.54,61.96
2015-05-06,57.28,59.06,57.89,59.4,60.71,62.11
2015-05-07,58.31,60.0,58.9,60.45,61.8,63.23
2015-05-08,58.66,60.08,59.22,60.83,62.24,63.73
2015-05-11,59.1,60.36,59.51,61.11,62.51,63.99
2015-05-12,59.35,60.48,59.72,61.32,62.72,64.21
2015-05-13,58.65,59.79,58.98,60.57,61.97,63.44
2015-05-14,56.59,57.71,56.85,58.38,59.71,61.12
2015-05-15,58.51,59.55,58.74,60.32,61.71,63.17
2015-05-18,58.01,58.96,58.1,59.67,61.04,62.49
2015-05-19,58.04,58.97,58.09,59.66,61.03,62.49
2015-05-20,58.11,59.1,59.68,61.04,62.49,64.13
2015-05-21,58.36,59.34,59.88,61.24,62.69,64.32
2015-05-22,57.5,58.49,59.01,60.42,61.9,63.58
2015-05-26,57.84,59.0,59.17,60.57,62.06,63.74
2015-05-27,56.48,57.34,57.73,59.11,60.56,62.2
2015-05-28,57.92,58.81,59.14,60.54,62.02,63.7
2015-05-29,58.42,59.3,59.65,61.1,62.64,64.38
2015-06-01,58.82,59.63,59.89,61.35,62.89,64.62
2015-06-02,58.71,59.71,59.74,61.19,62.73,64.47
2015-06-03,57.01,58.01,57.96,59.36,60.85,62.53
2015-06-04,57.15,58.06,58.06,59.47,60.97,62.67
2015-06-05,56.84,57.75,57.73,59.19,60.74,62.49
2015-06-08,56.14,56.82,56.86,58.29,59.79,61.5
2015-06-09,54.35,54.91,55.01,56.39,57.85,59.5
2015-06-10,56.68,57.21,57.32,58.76,60.28,62.01
2015-06-11,56.74,57.36,57.32,58.74,60.26,61.97
2015-06-12,55.68,56.48,56.15,57.41,58.74,60.24
2015-06-15,55.84,56.59,56.19,57.47,58.83,60.36
2015-06-16,58.53,59.45,58.86,60.2,61.63,63.23
2015-06-17,56.79,57.62,57.07,58.39,59.8,61.39
2015-06-18,55.48,56.29,55.71,57.01,58.39,59.95
2015-06-19,54.83,55.65,55.04,56.56,58.17,60.0
2015-06-22,55.3,55.9,55.35,56.88,58.5,60.34
2015-06-23,58.1,58.72,59.7,61.4,63.33,65.01
2015-06-24,56.52,56.86,58.03,59.7,61.59,63.23
2015-06-25,56.69,57.03,58.15,59.81,61.7,63.35
2015-06-26,56.61,57.07,58.02,59.68,61.57,63.22
2015-06-29,54.43,54.91,55.63,57.23,59.04,60.63
2015-06-30,53.98,54.42,55.11,56.69,58.49,60.05
2015-07-01,53.82,54.41,54.9,56.48,58.27,59.83
2015-07-02,52.16,52.69,53.16,54.7,56.44,57.96
2015-07-06,52.73,53.23,53.47,54.88,56.48,57.88
2015-07-07,51.08,51.58,51.75,53.11,54.65,55.99
2015-07-08,51.56,51.84,52.19,53.55,55.1,56.44
2015-07-09,53.1,53.32,53.69,55.09,56.66,58.03
2015-07-10,53.05,53.41,53.6,55.01,56.61,57.99
2015-07-13,53.7,54.09,54.11,55.53,57.12,58.51
2015-07-14,54.21,54.9,54.58,56.0,57.6,59.0
2015-07-15,54.77,55.35,55.1,56.53,58.14,59.54
2015-07-16,55.62,56.24,55.91,57.37,59.02,60.45
2015-07-17,56.68,57.45,56.91,58.34,59.95,61.34
2015-07-20,55.03,55.92,55.12,56.5,58.06,59.41
2015-07-21,55.74,56.57,55.78,57.17,58.74,60.11
2015-07-22,56.53,57.35,57.94,59.52,60.9,62.46
2015-07-23,57.82,58.64,59.21,60.82,62.22,63.81
2015-07-24,56.05,56.65,57.21,58.6,59.81,61.17
2015-07-27,56.0,56.82,57.02,58.4,59.6,60.95
2015-07-28,56.58,57.47,57.59,59.0,60.22,61.61
2015-07-29,57.33,58.04,58.32,59.76,61.02,62.44
2015-07-30,56.48,57.36,57.42,58.87,60.12,61.54
2015-07-31,58.02,58.81,58.84,60.15,61.29,62.58
2015-08-03,57.17,57.71,57.88,59.2,60.35,61.64
2015-08-04,55.27,55.86,55.92,57.21,58.33,59.59
2015-08-05,55.45,56.13,56.08,57.39,58.53,59.82
2015-08-06,53.86,54.62,54.44,55.73,56.85,58.11
2015-08-07,56.39,56.98,56.93,58.24,59.38,60.66
2015-08-10,56.82,57.17,57.25,58.57,59.71,61.01
2015-08-11,57.66,57.76,58.06,59.41,60.58,61.9
2015-08-12,57.51,57.61,57.87,59.22,60.39,61.71
2015-08-13,55.61,55.61,55.93,57.24,58.38,59.67
2015-08-14,55.6,55.48,55.85,57.07,58.12,59.31
2015-08-17,55.36,55.06,55.5,56.7,57.74,58.92
2015-08-18,56.02,55.74,56.13,57.33,58.38,59.55
2015-08-19,56.55,56.47,56.62,57.82,58.86,60.03
2015-08-20,56.09,55.99,56.13,57.33,58.38,59.55
2015-08-21,53.77,53.87,54.98,56.02,57.2,58.41
2015-08-24,54.18,54.56,55.31,56.38,57.59,58.82
2015-08-25,54.73,55.17,55.81,56.88,58.08,59.31
2015-08-26,55.57,56.1,56.62,57.7,58.92,60.16
2015-08-27,57.12,57.43,58.16,59.25,60.49,61.75
2015-08-28,56.75,57.06,57.74,58.83,60.05,61.31
2015-08-31,57.68,58.22,58.56,59.66,60.89,62.15
2015-09-01,59.08,59.87,59.95,61.07,62.33,63.63
2015-09-02,59.14,59.83,59.97,61.1,62.36,63.66
2015-09-03,59.28,60.13,60.08,61.21,62.49,63.8
2015-09-04,59.58,60.57,60.41,61.65,63.06,64.5
2015-09-08,56.7,57.57,57.32,58.5,59.83,61.2
2015-09-09,56.88,57.83,57.47,58.66,60.01,61.39
2015-09-10,56.13,57.22,56.67,57.84,59.18,60.54
2015-09-11,56.47,57.49,56.99,58.21,59.59,61.01
2015-09-14,58.26,59.55,58.66,59.93,61.37,62.84
2015-09-15,57.49,58.63,57.84,59.08,60.49,61.92
2015-09-16,56.75,57.75,57.05,58.28,59.68,61.11
2015-09-17,57.5,58.4,57.77,59.01,60.42,61.86
2015-09-18,57.02,58.13,57.26,58.66,60.24,61.86
2015-09-21,56.69,57.79,56.78,58.17,59.74,61.35
2015-09-22,55.33,56.5,55.38,56.75,58.29,59.88
2015-09-23,55.41,56.65,56.79,58.36,59.97,61.57
2015-09-24,55.6,56.81,56.94,58.51,60.13,61.75
2015-09-25,54.72,55.72,55.97,57.5,59.08,60.64
2015-09-28,56.52,57.49,57.67,59.25,60.88,62.5
2015-09-29,57.06,58.24,58.18,59.79,61.46,63.11
2015-09-30,58.44,59.7,59.54,61.21,62.93,64.64
2015-10-01,58.29,59.58,59.34,61.01,62.72,64.42
2015-10-02,56.38,57.74,57.35,58.97,60.63,62.29
2015-10-05,55.21,56.42,56.01,57.6,59.23,60.85
2015-10-06,53.41,54.74,54.15,55.69,57.28,58.86
2015-10-07,52.98,54.34,53.66,55.18,56.75,58.31
2015-10-08,53.69,54.93,54.32,55.86,57.45,59.03
2015-10-09,52.44,53.87,52.97,54.37,55.8,57.22
2015-10-12,51.81,53.36,52.2,53.56,54.95,56.34
2015-10-13,52.35,53.69,52.7,54.06,55.47,56.86
2015-10-14,51.64,52.94,51.94,53.3,54.7,56.08
2015-10-15,51.89,53.3,52.15,53.52,54.93,56.33
2015-10-16,53.98,55.13,54.22,55.72,57.26,58.78
2015-10-19,54.21,55.38,54.3,55.8,57.34,58.87
2015-10-20,54.81,55.98,54.86,56.36,57.91,59.45
2015-10-21,53.5,54.86,54.97,56.49,58.0,59.7
2015-10-22,55.24,56.69,56.7,58.24,59.78,61.52
2015-10-23,56.88,58.3,58.24,59.74,61.22,62.89
2015-10-26,55.32,56.79,56.5,57.94,59.37,60.98
2015-10-27,55.57,57.28,56.71,58.16,59.6,61.22
2015-10-28,55.3,56.81,56.37,57.8,59.21,60.8
2015-10-29,55.61,57.16,56.66,58.1,59.53,61.15
2015-10-30,53.89,55.39,54.92,56.4,57.88,59.55
2015-11-02,54.37,55.86,55.25,56.73,58.2,59.85
2015-11-03,53.84,55.45,54.68,56.15,57.62,59.28
2015-11-04,52.73,54.35,53.51,54.97,56.41,58.05
2015-11-05,50.78,52.39,51.49,52.91,54.32,55.91
2015-11-06,49.01,50.6,49.57,50.75,51.92,53.24
2015-11-09,48.55,49.94,49.0,50.18,51.34,52.66
2015-11-10,48.89,50.27,49.31,50.51,51.7,53.04
2015-11-11,48.35,49.83,48.73,49.92,51.1,52.43
2015-11-12,48.72,49.85,49.07,50.27,51.47,52.82
2015-11-13,47.71,49.03,48.03,49.29,50.54,51.95
2015-11-16,46.67,48.14,46.87,48.09,49.29,50.66
2015-11-17,45.29,46.85,45.44,46.6,47.76,49.06
2015-11-18,44.83,46.4,44.94,46.09,47.22,48.5
2015-11-19,45.34,46.91,45.41,46.58,47.74,49.04
2015-11-20,45.7,47.42,45.74,46.89,48.03,49.31
2015-11-23,46.32,47.98,47.4,48.55,49.84,50.96
2015-11-24,48.12,49.76,49.2,50.39,51.72,52.88
2015-11-25,48.05,49.71,49.1,50.28,51.62,52.78
2015-11-27,49.41,51.11,50.36,51.52,52.82,53.95
2015-11-30,47.9,49.63,48.71,49.82,51.08,52.17
2015-12-01,48.85,50.59,49.61,50.72,51.97,53.06
2015-12-02,49.77,51.76,50.5,51.62,52.88,53.98
2015-12-03,48.9,50.8,49.58,50.67,51.9,52.97
2015-12-04,48.62,50.63,49.31,50.47,51.79,52.93
2015-12-07,47.95,49.99,48.51,49.65,50.93,52.05
2015-12-08,47.02,49.25,47.52,48.61,49.84,50.9
2015-12-09,46.92,49.34,47.38,48.48,49.71,50.78
2015-12-10,48.48,51.02,48.92,50.05,51.31,52.42
2015-12-11,47.93,50.49,48.36,49.53,50.85,52.01
2015-12-14,47.98,50.69,48.29,49.47,50.8,51.95
2015-12-15,51.13,53.9,51.42,52.67,54.08,55.3
2015-12-16,52.51,55.37,52.77,54.05,55.5,56.76
2015-12-17,50.92,53.94,51.12,52.35,53.74,54.95
2015-12-18,49.86,52.85,50.02,51.28,52.7,53.94
2015-12-21,48.94,51.97,48.98,50.21,51.59,52.79
2015-12-22,47.93,51.0,49.11,50.44,51.6,52.87
2015-12-23,47.96,51.14,49.1,50.44,51.61,52.89
2015-12-24,47.5,50.5,48.6,49.93,51.09,52.36
2015-12-28,45.79,48.9,46.77,48.17,49.38,50.71
2015-12-29,44.85,47.97,45.77,47.13,48.31,49.61
2015-12-30,44.4,47.5,45.27,46.62,47.78,49.07
2015-12-31,45.33,48.39,46.18,47.55,48.74,50.05
2016-01-04,45.82,48.81,46.55,48.0,49.27,50.66
2016-01-05,45.94,48.99,46.63,48.08,49.34,50.73
2016-01-06,44.28,47.41,44.9,46.29,47.5,48.84
2016-01-07,43.13,46.37,43.69,45.05,46.24,47.55
2016-01-08,43.84,47.21,44.38,45.77,46.99,48.33
2016-01-11,43.0,46.28,43.4,44.76,45.95,47.27
2016-01-12,44.18,47.48,44.55,45.94,47.16,48.5
2016-01-13,43.75,47.07,44.07,45.45,46.64,47.96
2016-01-14,44.31,47.62,44.6,46.01,47.23,48.58
2016-01-15,43.6,46.94,43.82,45.07,46.16,47.35
2016-01-19,43.45,46.85,43.53,44.76,45.82,47.0
2016-01-20,44.08,47.38,44.12,45.37,46.45,47.64
2016-01-21,43.72,47.06,44.95,46.01,47.18,48.38
2016-01-22,43.85,47.31,45.15,46.31,47.59,48.91
2016-01-25,43.58,47.23,44.75,45.9,47.18,48.49
2016-01-26,42.46,46.06,43.57,44.71,45.97,47.26
2016-01-27,43.58,47.39,44.69,45.87,47.18,48.52
2016-01-28,43.35,47.02,44.4,45.56,46.84,48.15
2016-01-29,42.31,45.97,43.31,44.46,45.72,47.02
2016-02-01,41.24,44.83,42.1,43.22,44.45,45.72
2016-02-02,40.56,44.22,41.38,42.49,43.72,44.98
2016-02-03,39.0,42.58,39.75,40.82,42.0,43.22
2016-02-04,40.33,43.79,41.07,42.19,43.42,44.68
2016-02-05,38.64,42.1,39.27,40.27,41.37,42.5
2016-02-08,39.18,42.64,39.71,40.71,41.82,42.95
2016-02-09,39.64,42.91,40.14,41.16,42.27,43.42
2016-02-10,39.43,42.88,39.9,40.93,42.06,43.22
2016-02-11,39.49,42.79,39.92,40.95,42.07,43.23
2016-02-12,41.22,44.35,41.66,42.79,44.04,45.32
2016-02-16,41.12,44.55,41.39,42.52,43.76,45.03
2016-02-17,39.94,43.43,40.17,41.25,42.44,43.66
2016-02-18,41.0,44.58,41.2,42.31,43.53,44.79
2016-02-19,41.59,45.07,41.76,42.92,44.21,45.54
2016-02-22,41.44,44.89,41.48,42.63,43.9,45.2
2016-02-23,41.37,44.87,42.52,43.79,45.1,46.54
2016-02-24,41.2,44.75,42.31,43.57,44.87,46.3
2016-02-25,40.09,43.58,41.13,42.37,43.65,45.05
2016-02-26,38.98,42.51,39.99,41.23,42.51,43.92
2016-02-29,38.84,42.5,39.72,40.95,42.22,43.62
2016-03-01,38.19,41.87,39.01,40.21,41.44,42.8
2016-03-02,39.59,43.15,40.39,41.62,42.89,44.29
2016-03-03,39.57,43.24,40.33,41.56,42.82,44.21
2016-03-04,39.39,43.39,40.12,41.37,42.66,44.08
2016-03-07,38.69,42.76,39.29,40.52,41.8,43.2
2016-03-08,39.31,43.19,39.88,41.14,42.43,43.86
2016-03-09,39.21,42.99,39.73,40.98,42.26,43.67
2016-03-10,38.63,42.48,39.11,40.32,41.58,42.96
2016-03-11,38.95,42.74,39.45,40.86,42.33,43.95
2016-03-14,38.22,42.07,38.58,39.96,41.39,42.97
2016-03-15,38.51,42.41,38.83,40.23,41.68,43.28
2016-03-16,38.53,42.29,38.8,40.19,41.63,43.22
2016-03-17,38.29,41.88,38.51,39.9,41.34,42.93
2016-03-18,38.65,42.57,38.84,40.31,41.85,43.54
2016-03-21,38.72,42.64,38.77,40.25,41.79,43.5
2016-03-22,40.04,44.07,41.58,43.18,44.96,46.64
2016-03-23,40.64,44.7,42.15,43.77,45.57,47.26
2016-03-24,41.7,45.8,43.18,44.83,46.66,48.39
2016-03-28,40.93,45.14,42.24,43.93,45.8,47.57
2016-03-29,40.41,44.52,41.66,43.35,45.23,47.0
2016-03-30,40.46,44.37,41.66,43.35,45.22,46.99
2016-03-31,40.69,44.46,41.85,43.56,45.46,47.25
2016-04-01,41.38,44.97,42.48,44.18,46.08,47.86
2016-04-04,41.74,45.64,42.67,44.37,46.25,48.03
2016-04-05,41.36,45.18,42.23,43.92,45.8,47.57
2016-04-06,39.26,43.01,40.03,41.62,43.39,45.05
2016-04-07,39.46,43.31,40.19,41.79,43.56,45.23
2016-04-08,38.75,42.62,39.4,40.96,42.69,44.32
2016-04-11,38.49,42.28,38.99,40.53,42.24,43.85
2016-04-12,38.23,42.13,38.68,40.21,41.91,43.51
2016-04-13,38.03,42.08,38.42,39.93,41.61,43.19
2016-04-14,36.39,40.29,36.72,38.16,39.76,41.27
2016-04-15,36.28,40.3,36.57,38.05,39.69,41.24
2016-04-18,36.51,40.64,36.66,38.13,39.77,41.32
2016-04-19,37.26,41.42,37.36,38.87,40.54,42.13
2016-04-20,37.64,41.9,37.69,39.23,40.94,42.55
2016-04-21,37.63,41.89,39.16,40.85,42.46,44.36
2016-04-22,39.61,44.02,41.05,42.7,44.25,46.09
2016-04-25,37.86,42.17,39.09,40.67,42.15,43.89
2016-04-26,38.23,42.62,39.43,41.03,42.53,44.31
2016-04-27,38.9,43.35,40.07,41.67,43.19,44.97
2016-04-28,38.33,42.86,39.42,40.98,42.45,44.19
2016-04-29,38.87,43.22,39.98,41.67,43.25,45.13
2016-05-02,39.45,43.92,40.44,42.16,43.79,45.72
2016-05-03,40.51,45.01,41.47,43.24,44.91,46.89
2016-05-04,41.2,45.64,42.12,43.91,45.59,47.59
2016-05-05,41.64,46.13,42.52,44.32,46.03,48.05
2016-05-06,41.07,45.62,41.91,43.76,45.5,47.57
2016-05-09,41.44,46.02,42.13,44.0,45.78,47.88
2016-05-10,40.57,45.1,41.18,43.02,44.75,46.81
2016-05-11,41.74,46.54,42.3,44.18,45.95,48.04
2016-05-12,40.93,45.6,41.44,43.28,45.01,47.08
2016-05-13,41.86,46.52,42.31,44.13,45.85,47.88
2016-05-16,41.75,46.24,42.02,43.83,45.54,47.56
2016-05-17,42.6,47.09,42.83,44.67,46.41,48.47
2016-05-18,44.05,48.49,44.23,46.13,47.93,50.06
2016-05-19,44.79,49.24,44.91,46.86,48.7,50.88
2016-05-20,43.52,47.82,43.57,45.38,47.08,49.09
2016-05-23,42.76,47.01,44.43,46.12,48.11,49.93
2016-05-24,43.4,47.51,45.04,46.74,48.76,50.6
2016-05-25,44.71,49.02,46.35,48.11,50.2,52.12
2016-05-26,44.15,48.47,45.7,47.42,49.46,51.32
2016-05-27,44.19,48.62,45.86,47.79,50.09,52.2
2016-05-31,43.63,48.13,45.02,46.9,49.15,51.21
2016-06-01,43.0,47.48,44.29,46.13,48.32,50.33
2016-06-02,44.0,48.47,45.25,47.13,49.37,51.42
2016-06-03,41.83,46.25,42.97,44.75,46.88,48.83
2016-06-06,41.45,45.96,42.4,44.18,46.3,48.24
2016-06-07,44.73,49.37,45.69,47.61,49.9,52.0
2016-06-08,44.03,48.72,44.91,46.78,49.01,51.05
2016-06-09,45.17,49.71,46.01,47.93,50.2,52.3
2016-06-10,44.13,48.63,44.83,46.56,48.61,50.49
2016-06-13,42.27,46.72,42.77,44.42,46.37,48.16
2016-06-14,43.41,47.88,43.87,45.56,47.56,49.39
2016-06-15,45.87,50.23,46.29,48.09,50.22,52.17
2016-06-16,46.12,50.59,46.48,48.28,50.42,52.37
2016-06-17,46.44,50.98,46.72,48.4,50.39,52.2
2016-06-20,45.29,49.86,45.4,47.04,48.99,50.76
2016-06-21,44.44,49.17,44.49,46.11,48.02,49.76
2016-06-22,45.01,49.61,46.65,48.59,50.37,52.27
2016-06-23,45.61,50.21,47.21,49.17,50.95,52.86
2016-06-24,46.26,50.87,47.86,49.88,51.73,53.72
2016-06-27,47.82,52.43,49.29,51.37,53.28,55.32
2016-06-28,48.03,52.37,49.46,51.58,53.52,55.6
2016-06-29,49.86,54.37,51.27,53.47,55.48,57.63
2016-06-30,48.84,53.3,50.17,52.34,54.32,56.44
2016-07-01,47.68,52.27,48.94,51.1,53.07,55.19
2016-07-05,48.07,52.54,49.09,51.26,53.25,55.38
2016-07-06,48.8,53.36,49.78,51.99,54.01,56.19
2016-07-07,50.66,55.05,51.6,53.87,55.95,58.19
2016-07-08,51.78,56.16,52.64,54.88,56.93,59.13
2016-07-11,50.87,55.2,51.51,53.69,55.67,57.81
2016-07-12,50.41,54.84,50.98,53.12,55.08,57.18
2016-07-13,50.21,54.61,50.71,52.84,54.77,56.85
2016-07-14,49.96,54.18,50.39,52.47,54.38,56.42
2016-07-15,51.54,55.51,51.9,53.93,55.78,57.76
2016-07-18,50.41,54.26,50.59,52.57,54.38,56.32
2016-07-19,51.05,54.99,51.17,53.2,55.05,57.03
2016-07-20,51.79,55.72,51.85,53.9,55.77,57.78
2016-07-21,50.99,54.73,53.0,54.83,56.79,58.96
2016-07-22,50.69,54.6,52.83,54.85,57.02,59.43
2016-07-25,51.01,55.0,52.94,54.94,57.1,59.49
2016-07-26,51.45,55.66,53.31,55.3,57.44,59.81
2016-07-27,51.65,55.97,53.47,55.5,57.68,60.1
2016-07-28,51.46,55.69,53.21,55.24,57.41,59.82
2016-07-29,50.33,54.48,52.0,54.01,56.17,58.57
2016-08-01,49.74,53.78,51.18,53.15,55.26,57.61
2016-08-02,50.55,54.71,51.94,53.92,56.04,58.4
2016-08-03,51.54,55.86,52.89,54.91,57.08,59.49
2016-08-04,51.01,55.43,52.28,54.27,56.42,58.8
2016-08-05,50.75,55.14,51.98,54.02,56.21,58.65
2016-08-08,52.53,56.75,53.59,55.69,57.95,60.46
2016-08-09,53.8,57.92,54.82,56.97,59.29,61.87
2016-08-10,54.73,58.75,55.69,57.89,60.26,62.89
2016-08-11,56.99,60.9,57.91,60.2,62.67,65.41
2016-08-12,56.93,60.85,57.69,59.76,61.98,64.43
2016-08-15,57.97,62.1,58.53,60.61,62.84,65.31
2016-08-16,56.48,60.73,56.95,58.96,61.11,63.49
2016-08-17,58.2,62.43,58.62,60.67,62.87,65.31
2016-08-18,58.42,62.61,58.77,60.82,63.02,65.46
2016-08-19,60.36,64.56,60.63,62.64,64.78,67.14
2016-08-22,61.4,65.69,61.47,63.51,65.7,68.11
2016-08-23,62.52,67.09,64.6,66.82,69.28,71.58
2016-08-24,62.31,66.7,64.31,66.52,68.97,71.26
2016-08-25,62.72,67.0,64.67,66.92,69.4,71.73
2016-08-26,63.66,67.72,65.37,67.39,69.61,71.7
2016-08-29,64.72,68.64,66.25,68.29,70.54,72.65
2016-08-30,63.34,67.29,64.75,66.73,68.91,70.95
2016-08-31,64.23,68.4,65.62,67.65,69.88,71.97
2016-09-01,64.96,68.88,66.29,68.33,70.57,72.67
2016-09-02,65.22,69.13,66.43,68.38,70.52,72.52
2016-09-06,67.33,71.08,68.3,70.3,72.49,74.54
2016-09-07,67.76,71.69,68.68,70.7,72.91,74.97
2016-09-08,70.67,74.43,71.57,73.67,75.99,78.15
2016-09-09,68.79,72.46,69.55,71.47,73.58,75.55
2016-09-12,69.85,73.7,70.43,72.4,74.55,76.56
2016-09-13,71.26,75.01,71.78,73.77,75.96,78.0
2016-09-14,69.39,73.03,69.84,71.8,73.95,75.96
2016-09-15,68.23,71.82,68.61,70.53,72.64,74.61
2016-09-16,67.06,70.71,67.39,69.4,71.62,73.69
2016-09-19,66.51,70.39,66.64,68.66,70.88,72.96
2016-09-20,68.45,72.41,68.51,70.57,72.83,74.94
2016-09-21,68.55,72.68,70.63,72.92,75.06,77.41
2016-09-22,65.18,69.52,67.1,69.28,71.32,73.56
2016-09-23,64.72,68.9,66.46,68.49,70.4,72.49
2016-09-26,63.39,67.5,64.92,66.93,68.8,70.87
2016-09-27,61.45,65.51,62.85,64.78,66.57,68.54
2016-09-28,62.87,67.04,64.25,66.22,68.05,70.07
2016-09-29,61.85,65.87,63.15,65.09,66.9,68.89
2016-09-30,63.09,67.07,64.44,66.56,68.53,70.71
2016-10-03,63.9,67.81,65.08,67.22,69.22,71.42
2016-10-04,63.94,67.96,65.06,67.2,69.21,71.42
2016-10-05,64.5,68.66,65.56,67.74,69.77,72.01
2016-10-06,62.77,66.71,63.73,65.82,67.77,69.92
2016-10-07,62.14,65.86,63.01,65.03,66.92,69.0
2016-10-10,62.14,66.13,62.82,64.83,66.71,68.78
2016-10-11,62.32,66.3,62.94,64.98,66.88,68.97
2016-10-12,62.21,66.09,62.77,64.81,66.72,68.82
2016-10-13,63.8,67.73,64.31,66.4,68.35,70.5
2016-10-14,63.19,67.07,63.6,65.46,67.2,69.11
2016-10-17,62.68,66.41,62.91,64.8,66.56,68.49
2016-10-18,62.34,66.13,62.51,64.42,66.19,68.14
2016-10-19,62.99,66.74,63.1,65.04,66.84,68.82
2016-10-20,63.46,67.24,63.52,65.45,67.25,69.24
2016-10-21,63.19,66.84,65.11,66.91,68.88,70.98
2016-10-24,64.42,68.31,66.21,68.04,70.05,72.2
2016-10-25,65.61,69.39,67.37,69.26,71.32,73.52
2016-10-26,65.63,69.44,67.36,69.25,71.34,73.56
2016-10-27,67.66,71.48,69.38,71.36,73.53,75.85
2016-10-28,70.05,73.91,71.78,73.85,76.13,78.55
2016-10-31,71.27,75.06,72.81,74.89,77.18,79.62
2016-11-01,72.23,76.07,73.7,75.79,78.09,80.54
2016-11-02,68.68,72.51,70.02,72.0,74.18,76.5
2016-11-03,71.95,75.62,73.28,75.36,77.64,80.08
2016-11-04,72.42,76.0,73.6,75.55,77.68,79.94
2016-11-07,72.65,76.23,73.63,75.58,77.71,79.98
2016-11-08,70.94,74.53,71.85,73.75,75.85,78.07
2016-11-09,73.75,77.37,74.63,76.63,78.83,81.17
2016-11-10,75.89,79.39,76.72,78.76,81.01,83.4
2016-11-11,77.56,81.01,78.34,80.43,82.72,85.15
2016-11-14,75.87,79.35,76.43,78.47,80.71,83.1
2016-11-15,76.23,79.59,76.72,78.77,81.02,83.41
2016-11-16,77.28,80.88,77.7,79.79,82.07,84.5
2016-11-17,77.8,81.32,78.16,80.28,82.62,85.1
2016-11-18,79.68,83.2,79.95,82.01,84.26,86.65
2016-11-21,80.97,84.67,81.04,83.1,85.36,87.76
2016-11-22,80.8,84.47,82.85,85.1,87.48,89.61
2016-11-23,79.99,83.57,81.94,84.16,86.52,88.63
2016-11-25,81.28,84.5,83.09,85.3,87.64,89.74
2016-11-28,83.46,86.64,85.11,87.39,89.8,91.96
2016-11-29,82.83,86.28,84.38,86.61,88.97,91.09
2016-11-30,82.0,85.45,83.45,85.64,87.96,90.04
2016-12-01,79.88,83.11,81.24,83.38,85.65,87.69
2016-12-02,76.7,79.92,77.9,79.89,82.0,83.89
2016-12-05,75.31,78.49,76.32,78.32,80.43,82.33
2016-12-06,75.09,78.58,76.04,78.03,80.14,82.03
2016-12-07,74.2,77.62,75.08,77.06,79.15,81.03
2016-12-08,75.38,78.8,76.2,78.21,80.34,82.25
2016-12-09,73.2,76.71,73.92,75.82,77.84,79.64
2016-12-12,72.66,75.85,73.19,75.06,77.03,78.79
2016-12-13,71.91,75.2,72.38,74.23,76.19,77.95
2016-12-14,70.71,74.12,71.12,72.95,74.89,76.63
2016-12-15,68.48,71.95,68.82,70.57,72.43,74.09
2016-12-16,68.96,72.58,69.23,70.92,72.71,74.31
2016-12-19,68.99,72.63,69.1,70.81,72.62,74.24
2016-12-20,69.59,73.25,69.64,71.39,73.25,74.91
2016-12-21,72.93,76.55,74.8,76.79,78.57,80.52
2016-12-22,73.53,77.16,75.35,77.33,79.11,81.06
2016-12-23,70.04,73.3,71.67,73.51,75.15,76.96
2016-12-27,72.71,75.83,74.17,76.07,77.78,79.66
2016-12-28,73.16,76.42,74.57,76.48,78.19,80.07
2016-12-29,73.8,77.04,75.15,77.06,78.78,80.66
2016-12-30,77.42,80.81,78.64,80.46,82.09,83.87
2017-01-03,77.8,81.12,78.79,80.6,82.21,83.97
2017-01-04,77.76,80.73,78.7,80.51,82.12,83.88
2017-01-05,79.12,82.19,80.01,81.8,83.41,85.16
2017-01-06,82.0,85.05,82.88,84.78,86.49,88.35
2017-01-09,84.86,87.71,85.6,87.6,89.39,91.35
2017-01-10,82.45,85.32,83.11,85.06,86.81,88.72
2017-01-11,82.76,85.72,83.36,85.31,87.06,88.97
2017-01-12,82.8,85.78,83.33,85.27,86.99,88.88
2017-01-13,82.86,85.94,83.32,85.21,86.9,88.75
2017-01-17,83.51,86.59,83.74,85.64,87.34,89.19
2017-01-18,83.32,86.29,83.49,85.37,87.05,88.89
2017-01-19,82.01,85.43,82.13,83.99,85.65,87.47
2017-01-20,85.31,88.58,85.37,87.38,89.17,91.13
2017-01-23,89.47,92.79,91.4,93.25,95.27,97.47
2017-01-24,89.65,92.9,91.55,93.42,95.47,97.71
2017-01-25,88.54,91.73,90.34,92.18,94.2,96.4
2017-01-26,90.81,94.15,92.57,94.44,96.48,98.7
2017-01-27,92.02,95.51,93.6,95.32,97.21,99.26
2017-01-30,96.31,99.82,97.8,99.64,101.65,103.83
2017-01-31,100.79,104.01,102.3,104.26,106.41,108.74
2017-02-01,102.34,105.65,103.78,105.74,107.88,110.21
2017-02-02,106.11,109.64,107.5,109.49,111.66,114.02
2017-02-03,106.22,109.59,107.59,109.65,111.9,114.36
2017-02-06,104.61,108.03,105.72,107.71,109.87,112.23
2017-02-07,106.55,109.69,107.61,109.61,111.8,114.18
2017-02-08,103.25,106.46,104.2,106.11,108.2,110.47
2017-02-09,100.85,104.04,101.7,103.55,105.58,107.78
2017-02-10,103.27,106.33,104.18,106.33,108.68,111.25
2017-02-13,103.68,106.71,104.35,106.47,108.78,111.31
2017-02-14,104.97,108.04,105.59,107.78,110.18,112.8
2017-02-15,104.62,107.76,105.16,107.37,109.79,112.42
2017-02-16,104.65,107.75,105.12,107.36,109.81,112.49
2017-02-17,109.46,112.69,109.85,112.04,114.43,117.04
2017-02-21,109.64,112.88,109.72,111.9,114.29,116.89
2017-02-22,106.09,109.52,108.18,110.45,112.94,115.23
2017-02-23,104.93,108.4,106.93,109.2,111.67,113.96
2017-02-24,103.93,107.47,105.84,108.1,110.56,112.84
2017-02-27,103.07,106.45,104.76,106.99,109.43,111.69
2017-02-28,105.21,108.62,106.85,109.14,111.63,113.94
2017-03-01,105.52,109.01,107.1,109.41,111.93,114.26
2017-03-02,101.68,105.01,103.14,105.36,107.79,110.03
2017-03-03,97.21,100.45,98.49,100.54,102.78,104.85
2017-03-06,96.95,100.23,98.02,100.06,102.29,104.34
2017-03-07,98.34,101.66,99.36,101.41,103.65,105.73
2017-03-08,102.63,105.95,103.62,105.78,108.13,110.31
2017-03-09,99.88,103.27,100.8,102.96,105.31,107.49
2017-03-10,101.97,105.26,102.86,105.12,107.59,109.87
2017-03-13,103.73,106.82,104.41,106.69,109.17,111.47
2017-03-14,104.62,108.02,105.21,107.49,109.97,112.26
2017-03-15,103.0,106.13,103.51,105.73,108.15,110.39
2017-03-16,98.9,102.1,99.31,101.43,103.73,105.86
2017-03-17,98.7,101.98,99.06,101.25,103.64,105.85
2017-03-20,97.27,100.37,97.41,99.55,101.89,104.06
2017-03-21,93.78,96.57,93.84,95.96,98.27,100.4
2017-03-22,97.2,99.91,99.37,101.73,103.92,106.23
2017-03-23,98.09,100.74,100.15,102.48,104.64,106.92
2017-03-24,97.68,100.33,99.82,102.31,104.63,107.08
2017-03-27,99.05,101.62,100.99,103.53,105.89,108.39
2017-03-28,99.17,101.7,101.03,103.56,105.91,108.4
2017-03-29,97.55,100.07,99.27,101.72,103.99,106.39
2017-03-30,96.68,99.21,98.31,100.74,102.99,105.37
2017-03-31,97.37,99.93,98.85,101.16,103.3,105.56
2017-04-03,97.01,99.53,98.27,100.53,102.64,104.86
2017-04-04,94.24,96.68,95.4,97.63,99.69,101.88
2017-04-05,93.51,95.98,94.58,96.77,98.79,100.93
2017-04-06,96.48,98.93,97.5,99.71,101.76,103.93
2017-04-07,98.33,100.96,99.38,101.81,104.06,106.45
2017-04-10,96.84,99.52,97.64,100.01,102.21,104.54
2017-04-11,96.6,99.17,97.33,99.7,101.9,104.23
2017-04-12,96.64,99.25,97.31,99.72,101.95,104.31
2017-04-13,96.65,99.23,97.23,99.61,101.81,104.14
2017-04-17,93.69,96.3,93.95,96.08,98.05,100.14
2017-04-18,91.09,93.79,91.28,93.33,95.23,97.24
2017-04-19,89.56,92.08,89.69,91.69,93.54,95.5
2017-04-20,89.76,92.43,89.83,91.81,93.64,95.58
2017-04-21,90.62,93.49,92.58,94.38,96.29,98.43
2017-04-24,87.84,90.6,89.55,91.28,93.11,95.17
2017-04-25,88.81,91.55,90.5,92.28,94.16,96.28
2017-04-26,87.51,90.34,89.13,90.92,92.8,94.92
2017-04-27,86.13,88.9,87.66,89.41,91.26,93.33
2017-04-28,86.0,88.57,87.56,89.39,91.33,93.51
2017-05-01,87.43,89.89,88.82,90.68,92.64,94.85
2017-05-02,86.99,89.11,88.28,90.1,92.02,94.17
2017-05-03,87.59,89.65,88.82,90.62,92.52,94.66
2017-05-04,86.6,88.77,87.73,89.49,91.35,93.44
2017-05-05,83.95,86.13,84.89,86.43,88.05,89.86
2017-05-08,83.51,85.76,84.29,85.83,87.45,89.27
2017-05-09,86.17,88.3,86.94,88.55,90.24,92.15
2017-05-10,88.13,89.93,88.85,90.47,92.18,94.09
2017-05-11,89.47,91.34,90.13,91.74,93.43,95.34
2017-05-12,87.92,89.67,88.5,90.03,91.64,93.44
2017-05-15,88.77,90.78,89.18,90.71,92.31,94.11
2017-05-16,90.31,92.51,90.69,92.28,93.96,95.84
2017-05-17,91.55,93.82,91.89,93.54,95.27,97.22
2017-05-18,90.16,92.47,90.44,92.04,93.73,95.62
2017-05-19,90.94,93.1,91.17,92.89,94.71,96.74
2017-05-22,93.4,95.36,93.46,95.22,97.08,99.17
2017-05-23,94.36,96.1,96.13,98.01,100.11,102.0
2017-05-24,96.63,98.55,98.38,100.29,102.43,104.35
2017-05-25,95.36,97.22,97.01,98.87,100.96,102.84
2017-05-26,91.07,93.09,92.53,94.25,96.18,97.91
2017-05-30,92.62,94.51,93.87,95.6,97.54,99.27
2017-05-31,92.79,94.58,93.99,95.72,97.65,99.39
2017-06-01,92.08,93.93,93.19,94.88,96.78,98.47
2017-06-02,90.47,92.16,91.48,93.11,94.92,96.55
2017-06-05,91.01,92.86,91.86,93.48,95.29,96.92
2017-06-06,93.12,94.98,93.95,95.61,97.48,99.16
2017-06-07,89.06,90.64,89.78,91.32,93.05,94.6
2017-06-08,90.59,91.84,91.26,92.83,94.59,96.16
2017-06-09,91.63,92.73,92.27,93.9,95.72,97.35
2017-06-12,91.04,92.04,91.52,93.14,94.95,96.58
2017-06-13,88.65,89.59,89.07,90.68,92.48,94.08
2017-06-14,90.35,91.29,90.73,92.38,94.23,95.89
2017-06-15,90.53,91.34,90.86,92.57,94.49,96.21
2017-06-16,90.84,91.54,91.09,92.63,94.34,95.88
2017-06-19,92.24,92.73,92.35,93.89,95.61,97.15
2017-06-20,92.87,93.27,92.92,94.47,96.2,97.74
2017-06-21,94.22,94.69,95.8,97.56,99.13,100.79
2017-06-22,98.5,98.93,100.09,101.93,103.57,105.3
2017-06-23,98.49,99.09,100.1,102.04,103.77,105.59
2017-06-26,98.23,98.94,99.69,101.67,103.43,105.29
2017-06-27,95.61,95.96,96.99,98.93,100.66,102.49
2017-06-28,95.75,95.99,97.09,99.05,100.8,102.65
2017-06-29,95.18,95.51,96.48,98.47,100.24,102.12
2017-06-30,93.65,94.02,94.79,96.62,98.26,99.98
2017-07-03,95.7,96.39,96.71,98.59,100.27,102.04
2017-07-05,95.67,96.44,96.55,98.4,100.06,101.8
2017-07-06,95.41,96.31,96.24,98.08,99.73,101.46
2017-07-07,98.0,98.97,98.81,100.75,102.49,104.32
2017-07-10,97.09,98.04,97.71,99.59,101.28,103.05
2017-07-11,95.96,96.99,96.51,98.33,99.96,101.68
2017-07-12,96.2,97.39,96.69,98.5,100.12,101.83
2017-07-13,92.69,94.0,93.11,94.84,96.39,98.02
2017-07-14,93.09,94.39,93.4,94.86,96.17,97.55
2017-07-17,93.55,94.67,93.73,95.2,96.52,97.9
2017-07-18,94.21,95.23,94.34,95.78,97.07,98.42
2017-07-19,95.05,96.16,95.14,96.6,97.9,99.27
2017-07-20,95.66,97.03,95.7,97.13,98.4,99.74
2017-07-21,94.88,96.12,96.36,97.67,99.05,100.5
2017-07-24,93.72,94.55,95.07,96.39,97.78,99.24
2017-07-25,92.66,93.38,94.0,95.35,96.77,98.27
2017-07-26,93.37,94.17,94.67,96.04,97.48,98.99
2017-07-27,91.4,92.31,92.67,94.06,95.52,97.05
2017-07-28,91.6,92.39,92.78,94.12,95.52,96.99
2017-07-31,91.65,92.35,92.67,93.99,95.36,96.81
2017-08-01,91.05,91.71,92.03,93.34,94.72,96.17
2017-08-02,89.27,89.92,90.21,91.52,92.9,94.35
2017-08-03,89.12,89.86,90.0,91.3,92.67,94.1
2017-08-04,89.35,90.3,90.18,91.47,92.82,94.23
2017-08-07,86.26,87.38,86.93,88.17,89.46,90.82
2017-08-08,85.7,86.78,86.33,87.55,88.84,90.18
2017-08-09,89.15,90.1,89.76,91.04,92.37,93.78
2017-08-10,88.85,89.87,89.4,90.63,91.93,93.29
2017-08-11,86.57,87.74,87.0,88.05,89.14,90.29
2017-08-14,89.53,90.72,89.86,90.91,92.02,93.18
2017-08-15,87.93,89.22,88.21,89.22,90.27,91.38
2017-08-16,88.98,90.28,89.23,90.27,91.36,92.49
2017-08-17,87.47,88.79,87.68,88.7,89.76,90.88
2017-08-18,88.1,89.57,88.24,89.03,89.87,90.74
2017-08-21,90.55,91.75,90.61,91.43,92.29,93.18
2017-08-22,92.81,93.98,92.84,93.64,94.47,95.35
2017-08-23,91.58,92.37,92.35,93.14,93.97,94.76
2017-08-24,90.84,91.73,91.58,92.38,93.21,94.0
2017-08-25,89.71,90.65,90.42,91.22,92.05,92.83
2017-08-28,90.61,91.59,91.22,92.0,92.81,93.57
2017-08-29,96.02,97.03,96.63,97.44,98.28,99.07
2017-08-30,96.1,97.06,96.72,97.57,98.46,99.3
2017-08-31,96.32,97.49,96.94,97.82,98.74,99.61
2017-09-01,94.63,96.02,95.23,96.14,97.08,97.98
2017-09-05,93.62,94.83,94.08,94.95,95.86,96.72
2017-09-06,94.79,96.12,95.26,96.2,97.19,98.12
2017-09-07,95.58,97.01,96.04,97.02,98.04,99.01
2017-09-08,94.01,95.35,94.36,95.19,96.05,96.86
2017-09-11,94.82,96.04,95.11,96.0,96.92,97.79
2017-09-12,92.28,93.43,92.56,93.48,94.44,95.35
2017-09-13,94.5,95.77,94.76,95.73,96.75,97.71
2017-09-14,94.55,95.82,94.77,95.73,96.73,97.68
2017-09-15,96.1,97.34,96.24,96.95,97.69,98.38
2017-09-18,94.98,96.15,95.06,95.78,96.54,97.25
2017-09-19,97.77,98.75,97.82,98.54,99.3,100.01
2017-09-20,93.95,94.94,93.97,94.65,95.36,96.03
2017-09-21,88.57,89.57,89.23,89.91,90.55,91.31
2017-09-22,90.33,91.31,90.86,91.44,91.98,92.62
2017-09-25,93.36,94.34,93.88,94.51,95.1,95.8
2017-09-26,92.83,93.82,93.33,93.94,94.53,95.21
2017-09-27,90.3,91.44,90.76,91.35,91.91,92.57
2017-09-28,91.56,92.83,92.02,92.64,93.23,93.92
2017-09-29,89.94,91.45,90.21,90.58,90.93,91.35
2017-10-02,92.93,94.35,93.17,93.56,93.92,94.35
2017-10-03,94.62,96.1,94.86,95.29,95.69,96.16
2017-10-04,95.04,96.41,95.29,95.76,96.2,96.72
2017-10-05,97.11,98.58,97.34,97.8,98.23,98.73
2017-10-06,95.82,97.28,95.96,96.24,96.5,96.81
2017-10-09,94.39,95.82,94.49,94.75,94.99,95.28
2017-10-10,97.36,98.9,97.46,97.74,98.0,98.31
2017-10-11,98.54,100.05,98.63,98.93,99.2,99.53
2017-10-12,98.95,100.38,99.04,99.34,99.63,99.97
2017-10-13,98.8,100.31,98.83,98.94,99.05,99.17
2017-10-16,98.2,99.72,98.22,98.34,98.46,98.59
2017-10-17,96.2,97.86,96.21,96.29,96.37,96.46
2017-10-18,99.0,100.73,99.01,99.13,99.25,99.39
2017-10-19,100.45,102.17,100.45,100.58,100.69,100.83
2017-10-20,98.76,100.65,98.76,98.76,98.76,98.76
2017-10-23,99.27,101.2,99.25,99.24,99.22,99.2
2017-10-24,97.39,99.06,97.39,97.4,97.4,97.41
2017-10-25,98.98,100.67,98.98,98.98,98.98,98.98
2017-10-26,98.78,100.39,98.8,98.83,98.87,98.89
2017-10-27,103.71,105.48,103.81,103.92,104.06,104.17
2017-10-30,109.78,111.58,109.86,109.96,110.08,110.19
2017-10-31,109.73,111.66,109.78,109.85,109.92,109.99
2017-11-01,110.27,112.24,110.31,110.36,110.42,110.47
2017-11-02,109.86,111.63,109.92,110.0,110.1,110.18
2017-11-03,110.0,111.91,110.11,110.3,110.52,110.71
2017-11-06,109.54,111.17,109.64,109.85,110.08,110.28
2017-11-07,109.37,111.06,109.46,109.66,109.89,110.09
2017-11-08,105.18,106.73,105.26,105.43,105.64,105.82
2017-11-09,103.41,105.06,103.47,103.62,103.8,103.95
2017-11-10,101.24,102.84,101.35,101.63,101.97,102.26
2017-11-13,105.29,106.98,105.38,105.7,106.08,106.4
2017-11-14,103.38,105.27,103.45,103.72,104.05,104.32
2017-11-15,101.08,102.87,101.14,101.41,101.73,102.0
2017-11-16,98.21,99.88,98.26,98.52,98.82,99.08
2017-11-17,95.42,97.19,95.46,95.75,96.09,96.38
2017-11-20,94.62,96.32,94.63,94.89,95.19,95.45
2017-11-21,91.41,93.01,91.67,91.98,92.24,92.5
2017-11-22,88.9,90.52,89.16,89.47,89.74,90.0
2017-11-24,89.57,91.15,89.81,90.12,90.39,90.65
2017-11-27,85.01,86.64,85.21,85.5,85.75,85.99
2017-11-28,84.26,85.96,84.43,84.71,84.94,85.17
2017-11-29,87.54,89.15,87.71,87.99,88.22,88.45
2017-11-30,86.55,88.08,86.7,86.97,87.19,87.41
2017-12-01,88.45,90.06,88.57,88.76,88.93,89.1
2017-12-04,90.15,91.58,90.25,90.45,90.62,90.79
2017-12-05,90.15,91.55,90.26,90.51,90.73,90.93
2017-12-06,93.96,95.42,94.06,94.3,94.51,94.71
2017-12-07,96.57,98.25,96.67,96.93,97.16,97.38
2017-12-08,93.39,95.07,93.45,93.64,93.8,93.96
2017-12-11,90.79,92.68,90.83,91.02,91.17,91.32
2017-12-12,88.78,90.52,88.81,88.93,89.03,89.13
2017-12-13,90.56,92.42,90.58,90.69,90.79,90.88
2017-12-14,92.08,94.07,92.1,92.22,92.32,92.42
2017-12-15,91.37,93.54,91.4,91.65,91.86,92.06
2017-12-18,92.29,94.6,92.3,92.53,92.73,92.93
2017-12-19,88.43,90.78,88.44,88.67,88.87,89.07
2017-12-20,88.33,90.59,88.59,88.81,89.03,89.27
2017-12-21,88.02,90.36,88.28,88.5,88.72,88.97
2017-12-22,87.8,90.2,88.1,88.38,88.65,88.95
2017-12-26,91.04,93.16,91.29,91.55,91.81,92.09
2017-12-27,89.71,91.81,89.94,90.19,90.42,90.69
2017-12-28,90.83,92.79,91.08,91.35,91.61,91.9
2017-12-29,91.74,93.8,91.94,92.16,92.37,92.61
2018-01-02,93.9,95.97,94.04,94.24,94.43,94.64
2018-01-03,92.69,94.86,92.85,93.09,93.31,93.56
2018-01-04,89.69,91.78,89.83,90.06,90.28,90.52
2018-01-05,86.97,89.24,87.01,87.06,87.11,87.17
2018-01-08,90.56,92.75,90.58,90.61,90.63,90.66
2018-01-09,87.16,89.26,87.18,87.23,87.27,87.32
2018-01-10,86.72,88.68,86.72,86.72,86.73,86.74
2018-01-11,85.81,87.83,85.8,85.77,85.75,85.72
2018-01-12,86.88,88.75,86.89,86.9,86.92,86.93
2018-01-16,87.58,89.57,87.59,87.62,87.65,87.68
2018-01-17,88.38,90.56,88.39,88.43,88.46,88.5
2018-01-18,88.81,91.13,88.81,88.83,88.84,88.86
2018-01-19,89.27,91.66,89.28,89.37,89.45,89.54
2018-01-22,90.06,92.45,90.07,90.17,90.26,90.37
2018-01-23,88.64,91.1,88.74,88.84,88.94,89.06
2018-01-24,87.4,89.67,87.52,87.64,87.77,87.91
2018-01-25,87.33,89.56,87.47,87.61,87.78,87.94
2018-01-26,88.56,90.88,88.73,88.92,89.12,89.33
2018-01-29,86.63,88.93,86.74,86.87,87.01,87.16
2018-01-30,86.02,88.25,86.11,86.23,86.36,86.49
2018-01-31,86.91,89.01,86.99,87.11,87.24,87.38
2018-02-01,85.52,87.7,85.6,85.72,85.84,85.97
2018-02-02,84.67,86.97,84.6,84.49,84.37,84.25
2018-02-05,85.57,87.92,85.5,85.4,85.28,85.15
2018-02-06,84.34,86.59,84.28,84.16,84.02,83.88
2018-02-07,86.06,88.4,85.99,85.86,85.71,85.56
2018-02-08,85.63,88.01,85.57,85.42,85.25,85.09
2018-02-09,82.78,85.23,82.72,82.6,82.46,82.31
2018-02-12,88.29,90.77,88.24,88.1,87.94,87.78
2018-02-13,87.3,89.86,87.27,87.14,87.0,86.86
2018-02-14,85.23,87.69,85.2,85.1,84.98,84.86
2018-02-15,86.92,89.73,86.89,86.77,86.64,86.5
2018-02-16,89.1,91.98,89.07,88.9,88.71,88.52
2018-02-20,88.32,91.14,88.31,88.17,88.01,87.85
2018-02-21,89.21,91.76,89.06,88.88,88.71,88.55
2018-02-22,87.79,90.35,87.66,87.51,87.36,87.22
2018-02-23,92.74,95.31,92.6,92.42,92.24,92.08
2018-02-26,91.87,94.44,91.75,91.59,91.42,91.27
2018-02-27,92.15,94.78,92.04,91.87,91.71,91.56
2018-02-28,92.96,95.37,92.86,92.71,92.56,92.43
2018-03-01,90.99,93.39,90.88,90.71,90.53,90.37
2018-03-02,90.89,93.09,90.51,89.89,89.25,88.68
2018-03-05,91.18,93.78,90.86,90.24,89.61,89.04
2018-03-06,93.91,96.48,93.6,92.94,92.27,91.67
2018-03-07,95.65,98.13,95.34,94.68,94.0,93.38
2018-03-08,96.7,99.14,96.42,95.75,95.07,94.45
2018-03-09,95.83,97.94,95.62,95.07,94.52,94.01
2018-03-12,95.68,97.74,95.52,94.95,94.38,93.86
2018-03-13,96.88,99.05,96.73,96.14,95.54,95.0
2018-03-14,93.26,95.55,93.14,92.59,92.03,91.53
2018-03-15,91.81,94.22,91.71,91.17,90.61,90.12
2018-03-16,91.87,94.32,91.79,91.32,90.83,90.39
2018-03-19,90.92,93.36,90.89,90.42,89.95,89.51
2018-03-20,91.05,93.32,91.03,90.56,90.07,89.63
2018-03-21,89.11,91.36,88.64,88.17,87.74,87.3
2018-03-22,89.92,92.03,89.46,88.97,88.53,88.07
2018-03-23,90.11,92.53,89.83,89.52,89.25,88.96
2018-03-26,90.67,93.11,90.41,90.09,89.8,89.5
2018-03-27,89.62,92.09,89.35,89.0,88.69,88.37
2018-03-28,91.57,94.05,91.31,90.96,90.65,90.32
2018-03-29,94.2,96.72,93.97,93.65,93.36,93.06
2018-04-02,94.91,97.65,94.77,94.52,94.29,94.06
2018-04-03,98.68,101.54,98.52,98.23,97.97,97.71
2018-04-04,100.65,103.43,100.52,100.27,100.04,99.81
2018-04-05,99.45,102.07,99.31,99.05,98.81,98.56
2018-04-06,101.96,104.61,101.78,101.41,101.08,100.74
2018-04-09,103.49,106.24,103.34,102.95,102.59,102.22
2018-04-10,103.88,106.81,103.76,103.4,103.08,102.75
2018-04-11,102.59,105.45,102.48,102.11,101.77,101.43
2018-04-12,103.62,106.53,103.53,103.21,102.92,102.62
2018-04-13,107.45,110.42,107.45,107.42,107.39,107.36
2018-04-16,106.56,109.47,106.54,106.46,106.39,106.32
2018-04-17,107.32,110.19,107.31,107.23,107.17,107.1
2018-04-18,106.26,109.21,106.25,106.16,106.07,105.99
2018-04-19,108.3,111.14,108.3,108.25,108.2,108.14
2018-04-20,110.83,113.71,110.83,110.89,110.94,110.99
2018-04-23,107.12,110.07,107.16,107.2,107.24,107.28
2018-04-24,105.74,108.72,105.8,105.87,105.94,106.01
2018-04-25,108.52,111.78,108.63,108.74,108.86,108.98
2018-04-26,110.41,113.85,110.52,110.63,110.75,110.88
2018-04-27,107.49,111.14,107.5,107.51,107.52,107.53
2018-04-30,109.39,113.17,109.44,109.49,109.55,109.62
2018-05-01,108.7,112.42,108.73,108.76,108.8,108.83
2018-05-02,107.13,110.79,107.16,107.2,107.24,107.28
2018-05-03,103.97,107.7,104.02,104.07,104.14,104.2
2018-05-04,105.21,108.85,105.19,105.17,105.14,105.12
2018-05-07,104.8,108.58,104.77,104.72,104.67,104.62
2018-05-08,105.55,109.2,105.54,105.51,105.48,105.44
2018-05-09,105.47,109.04,105.46,105.43,105.4,105.36
2018-05-10,104.43,108.08,104.41,104.36,104.32,104.27
2018-05-11,103.19,106.73,103.17,103.11,103.05,102.99
2018-05-14,103.35,106.93,103.33,103.27,103.2,103.14
2018-05-15,102.38,105.88,102.37,102.34,102.31,102.28
2018-05-16,105.61,108.81,105.61,105.6,105.6,105.59
2018-05-17,105.84,109.02,105.84,105.83,105.82,105.81
2018-05-18,108.69,111.83,108.67,108.53,108.39,108.24
2018-05-21,110.04,113.26,110.03,109.91,109.78,109.64
2018-05-22,107.17,110.53,107.16,107.05,106.93,106.8
2018-05-23,108.52,112.06,108.37,108.21,108.05,107.9
2018-05-24,109.62,113.01,109.49,109.35,109.2,109.06
2018-05-25,113.01,116.37,112.75,112.46,112.15,111.86
2018-05-29,111.61,115.09,111.38,111.08,110.76,110.46
2018-05-30,110.32,113.91,110.07,109.74,109.39,109.06
2018-05-31,109.44,112.76,109.23,108.94,108.63,108.34
2018-06-01,110.43,113.77,110.08,109.55,108.98,108.46
2018-06-04,107.98,111.36,107.7,107.21,106.69,106.21
2018-06-05,107.58,110.92,107.33,106.85,106.35,105.87
2018-06-06,103.17,106.28,102.95,102.52,102.05,101.62
2018-06-07,102.86,106.05,102.64,102.16,101.65,101.17
2018-06-08,104.53,107.84,104.3,103.78,103.23,102.71
2018-06-11,102.57,106.23,102.4,101.92,101.41,100.94
2018-06-12,101.21,104.94,101.06,100.56,100.03,99.53
2018-06-13,100.45,104.09,100.32,99.82,99.28,98.79
2018-06-14,97.89,101.62,97.77,97.28,96.75,96.26
2018-06-15,98.01,101.82,97.92,97.49,97.03,96.6
2018-06-18,96.93,100.66,96.89,96.48,96.04,95.63
2018-06-19,98.24,101.97,98.21,97.77,97.31,96.87
2018-06-20,97.78,101.52,97.77,97.38,96.96,96.58
2018-06-21,98.88,102.76,98.49,98.08,97.7,97.3
2018-06-22,101.16,105.1,100.76,100.32,99.9,99.46
2018-06-25,100.14,104.17,99.73,99.23,98.77,98.27
2018-06-26,101.02,105.03,100.61,100.08,99.59,99.07
2018-06-27,101.32,105.34,100.89,100.33,99.8,99.24
2018-06-28,101.79,105.62,101.38,100.82,100.29,99.73
2018-06-29,102.22,106.28,101.85,101.31,100.8,100.27
2018-07-02,104.61,108.59,104.3,103.78,103.3,102.78
2018-07-03,105.94,109.86,105.65,105.13,104.65,104.14
2018-07-05,109.04,112.82,108.74,108.14,107.58,106.98
2018-07-06,108.79,112.67,108.47,107.79,107.16,106.49
2018-07-09,113.89,117.98,113.63,112.94,112.3,111.62
2018-07-10,116.25,120.21,116.0,115.25,114.55,113.81
2018-07-11,119.93,123.98,119.69,118.93,118.21,117.46
2018-07-12,119.56,123.7,119.34,118.55,117.81,117.03
2018-07-13,119.07,123.38,118.88,118.1,117.38,116.61
2018-07-16,121.3,125.59,121.18,120.38,119.64,118.85
2018-07-17,122.05,126.35,121.95,121.17,120.44,119.67
2018-07-18,119.63,124.06,119.55,118.8,118.09,117.35
2018-07-19,120.58,124.96,120.54,119.77,119.06,118.3
2018-07-20,119.74,124.0,119.72,118.92,118.19,117.4
2018-07-23,121.8,125.96,121.02,120.26,119.45,118.74
2018-07-24,121.37,125.55,120.62,119.86,119.05,118.34
2018-07-25,123.63,127.76,122.92,122.15,121.35,120.64
2018-07-26,126.01,130.07,125.32,124.57,123.77,123.07
2018-07-27,129.17,133.42,128.6,127.93,127.23,126.62
2018-07-30,126.82,130.98,126.28,125.59,124.86,124.22
2018-07-31,124.67,128.63,124.18,123.51,122.81,122.2
2018-08-01,125.26,129.13,124.78,124.09,123.36,122.72
2018-08-02,129.37,133.56,128.93,128.26,127.55,126.94
2018-08-03,131.04,135.7,130.53,129.73,128.88,128.14
2018-08-06,131.69,136.51,131.26,130.44,129.58,128.83
2018-08-07,128.64,133.28,128.23,127.42,126.56,125.81
2018-08-08,128.12,132.69,127.76,126.98,126.17,125.46
2018-08-09,129.47,133.93,129.14,128.39,127.58,126.88
2018-08-10,131.5,135.94,131.08,130.02,128.89,127.92
2018-08-13,134.49,138.83,134.18,133.13,132.02,131.06
2018-08-14,135.09,139.26,134.8,133.72,132.58,131.58
2018-08-15,135.07,139.11,134.82,133.75,132.62,131.64
2018-08-16,134.57,138.48,134.35,133.22,132.03,131.0
2018-08-17,137.29,141.27,137.11,136.02,134.87,133.87
2018-08-20,142.38,146.46,142.31,141.15,139.92,138.86
2018-08-21,137.87,141.89,137.84,136.75,135.59,134.59
2018-08-22,141.54,145.74,140.43,139.24,138.22,137.13
2018-08-23,143.04,147.16,141.87,140.59,139.48,138.3
2018-08-24,147.12,151.07,145.98,144.7,143.58,142.39
2018-08-27,149.59,153.49,148.55,147.23,146.09,144.87
2018-08-28,151.06,154.96,150.05,148.71,147.56,146.33
2018-08-29,148.4,152.13,147.48,146.21,145.1,143.93
2018-08-30,148.77,152.63,147.92,146.69,145.62,144.48
2018-08-31,147.49,151.55,146.75,145.62,144.63,143.59
2018-09-04,145.4,149.49,144.81,143.7,142.74,141.72
2018-09-05,144.42,148.48,143.85,142.7,141.7,140.64
2018-09-06,144.46,148.63,143.93,142.81,141.83,140.8
2018-09-07,140.64,144.67,140.13,138.95,137.93,136.85
2018-09-10,139.43,143.54,139.03,137.88,136.89,135.83
2018-09-11,137.29,141.5,136.95,135.84,134.88,133.86
2018-09-12,132.28,136.55,131.97,130.89,129.94,128.94
2018-09-13,134.05,137.88,133.77,132.66,131.69,130.67
2018-09-14,135.41,139.22,135.13,133.88,132.8,131.65
2018-09-17,134.73,138.57,134.58,133.37,132.31,131.2
2018-09-18,138.84,142.71,138.72,137.49,136.41,135.27
2018-09-19,139.25,142.93,139.17,137.89,136.79,135.62
2018-09-20,135.83,139.49,135.79,134.52,133.41,132.24
2018-09-21,130.5,134.26,129.53,128.69,127.79,126.78
2018-09-24,135.73,139.43,134.83,133.98,133.06,132.04
2018-09-25,133.08,136.89,132.22,131.37,130.46,129.44
2018-09-26,126.72,130.68,125.92,125.09,124.21,123.22
2018-09-27,121.71,125.64,120.96,120.14,119.28,118.31
2018-09-28,122.98,126.88,122.28,121.5,120.68,119.75
2018-10-01,121.25,125.4,120.66,119.9,119.1,118.2
2018-10-02,112.96,117.08,112.44,111.75,111.02,110.2
2018-10-03,114.43,118.56,113.9,113.17,112.38,111.5
2018-10-04,114.47,118.29,113.96,113.23,112.45,111.56
2018-10-05,114.63,118.53,114.12,113.32,112.47,111.52
2018-10-08,115.58,119.54,115.15,114.35,113.5,112.54
2018-10-09,116.15,119.96,115.73,114.87,113.97,112.95
2018-10-10,116.11,119.72,115.68,114.78,113.81,112.73
2018-10-11,111.61,115.15,111.22,110.33,109.39,108.32
2018-10-12,108.54,112.0,108.21,107.4,106.53,105.55
2018-10-15,109.78,113.22,109.55,108.73,107.86,106.87
2018-10-16,108.05,111.6,107.85,107.06,106.21,105.26
2018-10-17,105.06,108.58,104.89,104.13,103.31,102.4
2018-10-18,102.56,106.26,102.42,101.65,100.83,99.9
2018-10-19,103.28,107.19,103.15,102.3,101.4,100.39
2018-10-22,102.06,105.93,102.02,101.16,100.24,99.21
2018-10-23,101.96,106.03,101.08,100.15,99.1,98.21
2018-10-24,100.82,104.82,99.98,99.06,98.03,97.16
2018-10-25,98.84,102.94,98.07,97.19,96.2,95.36
2018-10-26,101.93,105.95,101.3,100.56,99.72,99.01
2018-10-29,100.49,104.53,99.92,99.16,98.29,97.57
2018-10-30,101.2,105.22,100.65,99.88,99.0,98.27
2018-10-31,99.91,104.01,99.39,98.61,97.73,96.99
2018-11-01,99.45,103.84,98.97,98.22,97.38,96.67
2018-11-02,98.8,103.27,98.44,97.86,97.2,96.64
2018-11-05,100.74,105.28,100.44,99.83,99.15,98.57
2018-11-06,102.57,107.25,102.27,101.64,100.93,100.33
2018-11-07,98.52,103.27,98.27,97.67,97.0,96.43
2018-11-08,101.36,106.01,101.1,100.47,99.76,99.16
2018-11-09,96.51,101.1,96.29,95.71,95.05,94.5
2018-11-12,93.78,98.29,93.62,93.01,92.32,91.74
2018-11-13,90.89,95.24,90.75,90.14,89.46,88.89
2018-11-14,88.24,92.68,88.13,87.55,86.9,86.35
2018-11-15,89.12,93.61,89.03,88.47,87.85,87.32
2018-11-16,88.33,92.78,88.25,87.7,87.08,86.55
2018-11-19,85.25,89.59,85.23,84.69,84.09,83.58
2018-11-20,86.13,90.75,85.57,84.95,84.42,83.91
2018-11-21,82.84,87.48,82.35,81.77,81.29,80.82
2018-11-23,82.36,87.17,82.07,81.71,81.4,81.1
2018-11-26,81.51,86.18,81.26,80.9,80.6,80.31
2018-11-27,81.5,86.22,81.25,80.89,80.58,80.28
2018-11-28,80.37,85.09,80.13,79.76,79.45,79.15
2018-11-29,80.48,85.08,80.26,79.91,79.61,79.32
2018-11-30,80.36,84.83,80.21,79.96,79.74,79.53
2018-12-03,79.76,84.03,79.65,79.43,79.25,79.07
2018-12-04,80.82,85.4,80.69,80.39,80.15,79.91
2018-12-05,80.56,85.57,80.43,80.12,79.86,79.62
2018-12-06,83.97,88.79,83.86,83.58,83.35,83.12
2018-12-07,83.35,88.07,83.26,83.01,82.8,82.6
2018-12-10,81.78,86.52,81.71,81.47,81.27,81.08
2018-12-11,78.66,83.45,78.6,78.37,78.18,77.99
2018-12-12,75.62,80.55,75.56,75.32,75.11,74.91
2018-12-13,73.88,78.84,73.83,73.6,73.4,73.2
2018-12-14,74.94,79.74,74.87,74.49,74.16,73.85
2018-12-17,75.3,80.18,75.27,74.89,74.57,74.26
2018-12-18,74.32,79.14,74.3,73.93,73.61,73.3
2018-12-19,72.79,77.69,72.78,72.43,72.14,71.86
2018-12-20,71.41,76.47,71.04,70.72,70.42,70.07
2018-12-21,72.08,76.9,71.73,71.42,71.13,70.78
2018-12-24,69.11,73.85,68.79,68.49,68.2,67.86
2018-12-26,71.6,76.26,71.29,70.97,70.67,70.31
2018-12-27,69.83,74.39,69.55,69.25,68.96,68.62
2018-12-28,70.53,75.19,70.25,69.95,69.65,69.31
2018-12-31,71.35,75.77,71.11,70.8,70.51,70.17
2019-01-02,72.79,77.43,72.57,72.26,71.97,71.62
2019-01-03,71.91,76.5,71.73,71.46,71.21,70.91
2019-01-04,72.46,76.98,72.35,72.18,72.01,71.82
2019-01-07,74.14,78.47,74.05,73.89,73.73,73.55
2019-01-08,74.9,79.13,74.81,74.63,74.47,74.27
2019-01-09,74.62,78.79,74.53,74.34,74.15,73.93
2019-01-10,75.71,79.9,75.61,75.41,75.22,74.99
2019-01-11,76.07,80.28,75.87,75.41,74.96,74.44
2019-01-14,76.18,80.45,76.04,75.58,75.14,74.62
2019-01-15,74.6,79.14,74.48,74.06,73.65,73.17
2019-01-16,73.86,78.58,73.76,73.33,72.93,72.45
2019-01-17,75.3,79.94,75.21,74.77,74.35,73.85
2019-01-18,74.62,79.02,74.54,74.04,73.57,73.01
2019-01-22,76.42,80.92,76.4,75.86,75.35,74.75
2019-01-23,78.53,83.13,77.99,77.48,76.87,76.34
2019-01-24,79.81,84.26,79.29,78.77,78.17,77.64
2019-01-25,78.37,82.82,77.81,77.22,76.54,75.94
2019-01-28,77.55,82.21,77.05,76.46,75.79,75.19
2019-01-29,76.78,81.41,76.29,75.7,75.01,74.41
2019-01-30,75.39,79.98,74.93,74.36,73.69,73.1
2019-01-31,72.64,77.22,72.23,71.68,71.04,70.48
2019-02-01,73.39,77.61,73.11,72.72,72.26,71.87
2019-02-04,71.19,75.36,70.95,70.57,70.12,69.72
2019-02-05,70.56,74.67,70.36,70.0,69.58,69.21
2019-02-06,72.03,76.15,71.84,71.48,71.07,70.71
2019-02-07,73.11,77.45,72.93,72.58,72.16,71.79
2019-02-08,73.85,78.28,73.78,73.63,73.46,73.31
2019-02-11,75.51,79.81,75.45,75.28,75.08,74.9
2019-02-12,74.66,79.05,74.6,74.41,74.19,74.0
2019-02-13,73.25,77.67,73.2,73.01,72.78,72.58
2019-02-14,72.55,76.9,72.51,72.34,72.13,71.96
2019-02-15,71.23,75.38,71.2,71.02,70.81,70.62
2019-02-19,72.36,76.54,72.35,72.16,71.94,71.75
2019-02-20,73.38,77.5,73.37,73.19,72.97,72.77
2019-02-21,73.61,77.8,73.39,73.13,72.91,72.67
2019-02-22,73.87,77.96,73.84,73.8,73.77,73.74
2019-02-25,76.59,80.6,76.57,76.55,76.53,76.5
2019-02-26,76.41,80.32,76.4,76.4,76.39,76.38
2019-02-27,76.56,80.55,76.55,76.53,76.51,76.49
2019-02-28,75.53,79.49,75.55,75.57,75.59,75.62
2019-03-01,75.02,78.94,75.06,75.14,75.2,75.27
2019-03-04,71.42,75.3,71.46,71.53,71.59,71.66
2019-03-05,73.56,77.35,73.6,73.69,73.77,73.85
2019-03-06,73.52,77.19,73.55,73.63,73.69,73.76
2019-03-07,73.64,77.27,73.65,73.67,73.68,73.7
2019-03-08,74.26,77.81,74.27,74.28,74.29,74.3
2019-03-11,73.34,76.92,73.34,73.34,73.34,73.34
2019-03-12,74.85,78.34,74.85,74.83,74.82,74.81
2019-03-13,74.39,77.75,74.39,74.39,74.39,74.38
2019-03-14,73.84,77.25,73.85,73.87,73.9,73.92
2019-03-15,73.27,76.57,73.3,73.49,73.65,73.82
2019-03-18,73.69,77.02,73.71,73.91,74.09,74.28
2019-03-19,72.02,75.49,72.03,72.22,72.39,72.56
2019-03-20,71.79,75.24,71.8,71.97,72.12,72.27
2019-03-21,73.12,76.75,73.32,73.5,73.69,73.89
2019-03-22,73.32,77.02,73.52,73.69,73.88,74.07
2019-03-25,72.51,76.14,72.68,72.86,73.04,73.23
2019-03-26,70.2,73.93,70.39,70.59,70.79,71.01
2019-03-27,71.44,75.07,71.61,71.79,71.97,72.17
2019-03-28,72.85,76.55,73.01,73.18,73.36,73.56
2019-03-29,72.32,76.09,72.52,72.76,73.01,73.28
2019-04-01,72.4,76.13,72.6,72.86,73.13,73.41
2019-04-02,74.12,77.59,74.33,74.61,74.91,75.23
2019-04-03,76.49,80.05,76.67,76.92,77.19,77.48
2019-04-04,76.94,80.51,77.1,77.35,77.61,77.88
2019-04-05,75.6,78.88,75.89,76.36,76.86,77.39
2019-04-08,73.27,76.58,73.51,73.98,74.48,75.01
2019-04-09,71.15,74.55,71.37,71.85,72.35,72.88
2019-04-10,70.47,73.84,70.72,71.26,71.83,72.45
2019-04-11,71.96,75.37,72.18,72.72,73.28,73.89
2019-04-12,70.75,74.27,70.95,71.48,72.04,72.63
2019-04-15,69.77,73.1,69.91,70.43,70.96,71.54
2019-04-16,67.68,71.04,67.81,68.32,68.85,69.42
2019-04-17,67.41,70.95,67.52,68.03,68.57,69.15
2019-04-18,65.01,68.47,65.1,65.57,66.07,66.61
2019-04-22,63.51,66.89,63.52,63.83,64.15,64.49
2019-04-23,61.02,64.38,61.3,61.6,61.93,62.22
2019-04-24,62.57,65.69,62.86,63.17,63.5,63.8
2019-04-25,61.84,64.92,62.11,62.4,62.72,63.0
2019-04-26,63.47,66.61,63.77,64.13,64.5,64.85
2019-04-29,65.21,68.35,65.49,65.86,66.26,66.62
2019-04-30,63.12,66.43,63.39,63.76,64.15,64.51
2019-05-01,64.06,67.38,64.32,64.69,65.09,65.45
2019-05-02,63.24,66.68,63.47,63.82,64.2,64.55
2019-05-03,65.1,68.52,65.4,65.88,66.4,66.88
2019-05-06,65.47,68.75,65.74,66.25,66.79,67.29
2019-05-07,65.89,68.81,66.14,66.66,67.22,67.72
2019-05-08,66.79,69.76,67.02,67.52,68.06,68.56
2019-05-09,66.51,69.5,66.73,67.24,67.79,68.3
2019-05-10,66.08,69.08,66.28,66.77,67.3,67.78
2019-05-13,66.44,69.35,66.58,67.05,67.56,68.02
2019-05-14,68.76,71.61,68.89,69.37,69.89,70.36
2019-05-15,67.99,70.77,68.09,68.53,69.0,69.43
2019-05-16,65.79,68.59,65.88,66.31,66.77,67.19
2019-05-17,63.84,66.74,63.91,64.35,64.82,65.25
2019-05-20,61.26,64.3,61.29,61.69,62.11,62.51
2019-05-21,61.1,64.02,61.12,61.49,61.89,62.25
2019-05-22,61.54,64.34,61.9,62.29,62.65,63.03
2019-05-23,61.73,64.69,62.07,62.44,62.77,63.14
2019-05-24,60.65,63.55,61.03,61.48,61.88,62.32
2019-05-28,59.05,62.12,59.39,59.85,60.26,60.71
2019-05-29,60.38,63.48,60.72,61.19,61.62,62.08
2019-05-30,58.29,61.55,58.59,59.04,59.45,59.88
2019-05-31,57.73,61.03,58.03,58.48,58.9,59.34
2019-06-03,57.07,60.26,57.35,57.83,58.28,58.76
2019-06-04,57.74,61.03,58.01,58.52,58.98,59.49
2019-06-05,60.46,63.65,60.74,61.28,61.79,62.33
2019-06-06,60.76,63.9,61.01,61.56,62.05,62.59
2019-06-07,60.6,63.85,60.82,61.32,61.78,62.28
2019-06-10,61.83,65.1,62.0,62.52,62.99,63.49
2019-06-11,62.07,65.23,62.23,62.76,63.23,63.75
2019-06-12,61.36,64.35,61.51,62.05,62.55,63.09
2019-06-13,61.21,64.07,61.34,61.86,62.34,62.86
2019-06-14,59.58,62.43,59.74,60.47,61.13,61.85
2019-06-17,58.46,61.32,58.55,59.28,59.96,60.69
2019-06-18,58.48,61.39,58.55,59.29,59.96,60.69
2019-06-19,59.8,62.71,59.85,60.59,61.27,62.0
2019-06-20,61.94,64.85,61.96,62.74,63.46,64.23
2019-06-21,63.11,66.05,63.86,64.55,65.3,66.07
2019-06-24,63.14,66.07,63.85,64.56,65.33,66.14
2019-06-25,61.05,64.12,61.72,62.43,63.19,63.98
2019-06-26,58.88,62.09,59.49,60.15,60.86,61.61
2019-06-27,59.62,62.91,60.22,60.9,61.63,62.4
2019-06-28,60.24,63.38,60.93,61.74,62.61,63.53
2019-07-01,61.7,64.87,62.35,63.2,64.13,65.11
2019-07-02,59.96,63.27,60.53,61.32,62.17,63.07
2019-07-03,59.54,62.77,60.1,60.91,61.79,62.71
2019-07-05,58.79,62.03,59.22,59.91,60.66,61.45
2019-07-08,57.18,60.27,57.51,58.17,58.89,59.63
2019-07-09,56.94,59.99,57.26,57.91,58.61,59.34
2019-07-10,58.48,61.74,58.78,59.44,60.16,60.91
2019-07-11,58.33,61.47,58.6,59.27,59.98,60.73
2019-07-12,59.52,62.66,59.72,60.25,60.82,61.42
2019-07-15,59.28,62.48,59.43,60.0,60.61,61.25
2019-07-16,61.33,64.53,61.46,62.04,62.65,63.3
2019-07-17,62.49,65.83,62.61,63.2,63.83,64.49
2019-07-18,64.82,68.06,64.93,65.55,66.22,66.92
2019-07-19,65.17,68.52,65.23,65.68,66.16,66.66
2019-07-22,65.43,68.86,65.45,65.91,66.41,66.93
2019-07-23,64.18,67.65,64.63,65.12,65.64,66.1
2019-07-24,66.49,70.07,66.94,67.45,67.98,68.47
2019-07-25,65.0,68.94,65.43,65.93,66.45,66.93
2019-07-26,64.01,68.08,64.35,64.77,65.19,65.58
2019-07-29,65.3,69.51,65.61,66.02,66.45,66.85
2019-07-30,64.91,69.11,65.2,65.61,66.04,66.44
2019-07-31,66.29,70.46,66.57,66.98,67.41,67.81
2019-08-01,64.23,68.25,64.48,64.87,65.27,65.64
2019-08-02,65.95,69.91,66.19,66.58,66.99,67.36
2019-08-05,65.69,69.51,65.91,66.32,66.74,67.13
2019-08-06,65.21,68.93,65.4,65.81,66.23,66.62
2019-08-07,68.18,72.12,68.36,68.76,69.18,69.56
2019-08-08,67.96,71.98,68.12,68.51,68.91,69.28
2019-08-09,64.82,69.21,64.97,65.34,65.73,66.08
2019-08-12,66.56,71.13,66.67,67.03,67.42,67.77
2019-08-13,65.48,70.15,65.58,65.95,66.33,66.68
2019-08-14,63.97,68.69,64.04,64.37,64.71,65.02
2019-08-15,62.78,67.16,62.84,63.16,63.5,63.81
2019-08-16,62.15,66.37,62.2,62.47,62.75,63.01
2019-08-19,61.55,65.8,61.57,61.86,62.16,62.44
2019-08-20,61.17,65.6,61.18,61.5,61.84,62.15
2019-08-21,61.1,65.42,61.43,61.77,62.09,62.4
2019-08-22,61.02,65.33,61.35,61.71,62.03,62.36
2019-08-23,60.45,64.82,60.73,61.04,61.32,61.61
2019-08-26,59.19,63.5,59.46,59.78,60.08,60.38
2019-08-27,60.59,64.8,60.86,61.21,61.53,61.85
2019-08-28,59.0,63.3,59.22,59.53,59.81,60.09
2019-08-29,58.96,63.42,59.19,59.51,59.8,60.09
2019-08-30,57.35,61.68,57.61,57.99,58.33,58.67
2019-09-03,55.93,60.3,56.11,56.43,56.72,57.02
2019-09-04,53.89,58.28,54.05,54.36,54.64,54.92
2019-09-05,52.68,57.01,52.83,53.12,53.39,53.66
2019-09-06,53.58,57.8,53.71,54.0,54.26,54.53
2019-09-09,54.04,58.37,54.13,54.38,54.61,54.84
2019-09-10,54.57,58.88,54.65,54.91,55.14,55.37
2019-09-11,53.55,57.89,53.63,53.86,54.08,54.3
2019-09-12,52.68,56.94,52.75,52.98,53.2,53.41
2019-09-13,51.42,55.57,51.42,51.4,51.38,51.36
2019-09-16,50.85,54.72,50.84,50.83,50.81,50.79
2019-09-17,51.81,55.86,51.81,51.8,51.8,51.8
2019-09-18,51.59,55.7,51.59,51.58,51.58,51.57
2019-09-19,51.6,55.71,51.6,51.61,51.61,51.62
2019-09-20,51.17,55.56,51.17,51.09,51.01,50.94
2019-09-23,50.91,55.32,50.83,50.75,50.67,50.58
2019-09-24,50.75,54.95,50.68,50.6,50.53,50.45
2019-09-25,48.41,52.64,48.33,48.26,48.18,48.09
2019-09-26,48.83,53.11,48.75,48.66,48.58,48.48
2019-09-27,48.45,52.63,48.34,48.22,48.1,47.96
2019-09-30,47.9,51.96,47.82,47.72,47.62,47.51
2019-10-01,48.56,52.63,48.49,48.39,48.29,48.18
2019-10-02,47.79,51.77,47.72,47.63,47.54,47.44
2019-10-03,47.47,51.47,47.4,47.29,47.18,47.06
2019-10-04,46.45,50.37,46.34,46.18,46.01,45.82
2019-10-07,46.21,50.13,46.12,45.96,45.8,45.62
2019-10-08,45.55,49.47,45.48,45.34,45.19,45.03
2019-10-09,45.22,49.26,45.15,45.01,44.86,44.69
2019-10-10,44.96,49.07,44.89,44.75,44.61,44.44
2019-10-11,44.94,49.18,44.92,44.88,44.83,44.78
2019-10-14,45.26,49.48,45.25,45.22,45.18,45.14
2019-10-15,45.46,49.76,45.45,45.42,45.38,45.35
2019-10-16,44.06,48.41,44.05,44.03,44.0,43.97
2019-10-17,45.23,49.49,45.22,45.19,45.16,45.13
2019-10-18,46.11,50.25,46.12,46.16,46.2,46.24
2019-10-21,46.26,50.37,46.26,46.3,46.34,46.39
2019-10-22,46.77,50.84,46.77,46.82,46.87,46.93
2019-10-23,47.44,51.36,47.51,47.57,47.64,47.71
2019-10-24,46.7,50.51,46.77,46.84,46.92,46.99
2019-10-25,47.03,50.96,47.12,47.22,47.33,47.43
2019-10-28,46.53,50.5,46.61,46.7,46.81,46.91
2019-10-29,45.77,49.71,45.86,45.97,46.09,46.21
2019-10-30,46.98,50.81,47.05,47.15,47.27,47.37
2019-10-31,47.2,51.16,47.27,47.36,47.46,47.56
2019-11-01,48.63,52.69,48.63,48.63,48.62,48.62
2019-11-04,48.88,52.97,48.88,48.89,48.89,48.9
2019-11-05,48.4,52.22,48.41,48.42,48.44,48.45
2019-11-06,49.27,53.04,49.28,49.29,49.3,49.31
2019-11-07,49.2,52.94,49.2,49.21,49.22,49.22
2019-11-08,49.71,53.45,49.74,49.79,49.84,49.89
2019-11-11,47.73,51.34,47.75,47.8,47.86,47.92
2019-11-12,49.22,52.77,49.24,49.31,49.39,49.46
2019-11-13,48.08,51.81,48.11,48.19,48.29,48.37
2019-11-14,47.92,51.33,47.95,48.04,48.16,48.26
2019-11-15,47.4,51.0,47.41,47.49,47.59,47.67
2019-11-18,47.66,51.33,47.67,47.76,47.85,47.94
2019-11-19,48.92,52.5,48.92,49.02,49.12,49.22
2019-11-20,47.93,51.54,47.93,48.02,48.12,48.2
2019-11-21,45.57,49.19,45.66,45.76,45.86,45.95
2019-11-22,44.54,48.21,44.66,44.81,44.94,45.07
2019-11-25,43.74,47.45,43.83,43.96,44.07,44.18
2019-11-26,44.59,48.31,44.69,44.83,44.97,45.09
2019-11-27,45.3,49.2,45.4,45.54,45.67,45.8
2019-11-29,45.78,49.61,45.85,45.98,46.09,46.2
2019-12-02,45.53,49.37,45.59,45.72,45.84,45.95
2019-12-03,45.32,49.23,45.38,45.5,45.61,45.72
2019-12-04,44.03,48.09,44.1,44.25,44.39,44.52
2019-12-05,43.51,47.45,43.56,43.69,43.8,43.91
2019-12-06,44.13,48.14,44.18,44.31,44.43,44.54
2019-12-09,45.2,49.15,45.24,45.37,45.49,45.6
2019-12-10,44.5,48.5,44.54,44.67,44.8,44.92
2019-12-11,44.79,48.83,44.83,44.97,45.1,45.23
2019-12-12,44.47,48.42,44.5,44.64,44.78,44.9
2019-12-13,42.91,46.99,42.9,42.89,42.87,42.86
2019-12-16,41.99,46.09,41.99,41.95,41.92,41.88
2019-12-17,42.58,46.73,42.58,42.56,42.54,42.52
2019-12-18,42.42,46.45,42.42,42.39,42.36,42.33
2019-12-19,42.68,46.76,42.68,42.65,42.61,42.58
2019-12-20,42.74,46.8,42.91,43.07,43.23,43.4
2019-12-23,42.66,46.8,42.83,43.0,43.17,43.35
2019-12-24,42.07,46.33,42.23,42.39,42.55,42.73
2019-12-26,41.38,45.52,41.51,41.66,41.8,41.96
2019-12-27,39.87,43.83,40.06,40.29,40.51,40.76
2019-12-30,38.72,42.61,38.89,39.12,39.34,39.59
2019-12-31,37.51,41.5,37.66,37.87,38.08,38.3
2020-01-02,36.71,40.99,36.84,37.05,37.25,37.48
2020-01-03,36.75,40.78,36.9,37.14,37.37,37.63
2020-01-06,35.56,39.62,35.68,35.91,36.13,36.38
2020-01-07,34.89,38.63,35.0,35.23,35.45,35.69
2020-01-08,36.57,40.42,36.68,36.92,37.15,37.4
2020-01-09,36.06,39.9,36.17,36.42,36.66,36.92
2020-01-10,33.85,37.72,33.96,34.22,34.47,34.76
2020-01-13,32.72,36.52,32.8,33.06,33.31,33.59
2020-01-14,32.91,36.45,32.97,33.24,33.49,33.77
2020-01-15,33.63,37.0,33.7,33.97,34.23,34.53
2020-01-16,32.41,35.83,32.46,32.72,32.97,33.26
2020-01-17,31.92,35.26,31.96,32.18,32.4,32.64
2020-01-21,33.09,36.44,33.09,33.32,33.53,33.77
2020-01-22,33.92,37.45,34.15,34.38,34.64,34.86
2020-01-23,32.65,36.37,32.88,33.1,33.35,33.57
2020-01-24,32.12,35.74,32.41,32.71,33.04,33.34
2020-01-27,32.89,36.38,33.15,33.45,33.78,34.08
2020-01-28,33.58,36.9,33.84,34.15,34.5,34.81
2020-01-29,33.38,36.56,33.64,33.96,34.31,34.63
2020-01-30,33.7,36.56,33.94,34.26,34.61,34.93
2020-01-31,33.81,36.87,34.02,34.3,34.62,34.9
2020-02-03,32.03,35.05,32.2,32.47,32.78,33.05
2020-02-04,32.69,35.64,32.85,33.13,33.44,33.71
2020-02-05,33.71,36.8,33.86,34.13,34.44,34.71
2020-02-06,33.95,37.04,34.09,34.36,34.67,34.94
2020-02-07,33.88,37.17,34.02,34.31,34.63,34.92
2020-02-10,33.61,37.06,33.73,34.04,34.38,34.69
2020-02-11,32.78,36.19,32.88,33.18,33.51,33.8
2020-02-12,33.45,36.99,33.54,33.85,34.19,34.48
2020-02-13,33.45,37.03,33.53,33.83,34.16,34.45
2020-02-14,33.24,36.93,33.31,33.61,33.95,34.24
2020-02-18,33.76,37.41,33.79,34.1,34.45,34.75
2020-02-19,33.17,36.74,33.19,33.49,33.82,34.11
2020-02-20,33.9,37.51,33.91,34.22,34.56,34.86
2020-02-21,32.69,36.35,32.88,33.09,33.28,33.5
2020-02-24,31.65,35.2,31.81,32.01,32.19,32.41
2020-02-25,32.23,35.78,32.38,32.58,32.76,32.98
2020-02-26,31.1,34.57,31.23,31.4,31.55,31.73
2020-02-27,31.17,34.66,31.29,31.47,31.62,31.81
2020-02-28,30.39,34.18,30.52,30.71,30.87,31.07
2020-03-02,30.32,34.2,30.43,30.62,30.78,30.98
2020-03-03,31.56,35.45,31.66,31.84,32.01,32.2
2020-03-04,32.14,35.96,32.24,32.44,32.61,32.81
2020-03-05,32.2,35.89,32.3,32.51,32.69,32.91
2020-03-06,32.64,36.31,32.69,32.8,32.89,33.01
2020-03-09,32.37,35.88,32.4,32.5,32.59,32.7
2020-03-10,31.99,35.15,32.02,32.12,32.21,32.32
2020-03-11,32.09,35.52,32.12,32.22,32.31,32.42
2020-03-12,32.55,36.15,32.57,32.67,32.76,32.86
2020-03-13,31.65,35.19,31.7,31.89,32.05,32.25
2020-03-16,30.77,34.46,30.8,30.98,31.15,31.35
2020-03-17,31.35,34.84,31.37,31.58,31.75,31.97
2020-03-18,31.43,35.05,31.45,31.66,31.84,32.06
2020-03-19,30.99,34.81,31.0,31.2,31.38,31.6
2020-03-20,31.62,35.41,31.66,32.99,34.21,35.74
2020-03-23,31.89,35.59,33.15,34.37,35.91,37.27
2020-03-24,31.73,35.21,32.94,34.16,35.7,37.06
2020-03-25,27.89,31.48,28.92,29.99,31.35,32.55
2020-03-26,28.99,32.66,30.02,31.12,32.52,33.75
2020-03-27,28.29,32.07,29.24,30.31,31.65,32.85
2020-03-30,28.39,32.52,29.24,30.3,31.65,32.85
2020-03-31,27.3,31.1,28.1,29.14,30.45,31.62
2020-04-01,26.4,30.31,27.14,28.14,29.42,30.55
2020-04-02,26.0,29.82,26.69,27.69,28.96,30.08
2020-04-03,26.27,30.04,26.93,27.93,29.2,30.33
2020-04-06,26.59,30.0,27.15,28.15,29.42,30.55
2020-04-07,26.97,30.24,27.5,28.52,29.81,30.96
2020-04-08,27.4,30.67,27.9,28.92,30.21,31.36
2020-04-09,27.92,30.92,28.39,29.43,30.75,31.93
2020-04-13,28.33,31.43,28.65,29.64,30.89,32.0
2020-04-14,27.95,31.05,28.23,29.22,30.47,31.58
2020-04-15,29.82,32.91,30.08,31.13,32.45,33.63
2020-04-16,29.29,32.33,29.5,30.52,31.8,32.94
2020-04-17,29.72,32.99,29.89,30.87,32.1,33.19
2020-04-20,29.79,33.01,29.85,30.84,32.07,33.16
2020-04-21,30.29,33.25,30.33,31.31,32.54,33.62
2020-04-22,30.31,33.3,31.29,32.52,33.61,34.78
2020-04-23,30.36,33.35,31.31,32.56,33.66,34.84
2020-04-24,30.62,33.62,31.49,32.68,33.73,34.84
2020-04-27,30.81,33.73,31.59,32.77,33.81,34.92
2020-04-28,32.22,35.0,32.99,34.21,35.29,36.44
2020-04-29,33.09,35.91,33.86,35.13,36.25,37.45
2020-04-30,34.05,36.8,34.8,36.11,37.27,38.51
2020-05-01,33.88,36.57,34.54,35.75,36.82,37.96
2020-05-04,34.84,37.58,35.41,36.67,37.77,38.95
2020-05-05,34.83,37.57,35.36,36.59,37.67,38.82
2020-05-06,35.25,38.08,35.74,36.98,38.06,39.22
2020-05-07,34.98,37.87,35.44,36.67,37.75,38.9
2020-05-08,34.52,37.29,34.9,35.99,36.94,37.95
2020-05-11,33.54,36.29,33.81,34.85,35.77,36.74
2020-05-12,32.66,35.36,32.89,33.9,34.78,35.72
2020-05-13,34.08,36.51,34.3,35.36,36.29,37.28
2020-05-14,34.37,36.81,34.56,35.63,36.57,37.57
2020-05-15,34.23,36.78,34.38,35.4,36.3,37.25
2020-05-18,34.02,36.8,34.08,35.1,36.0,36.95
2020-05-19,34.49,37.35,34.52,35.55,36.46,37.42
2020-05-20,33.05,36.1,34.04,34.91,35.83,36.88
2020-05-21,33.3,36.51,34.25,35.12,36.04,37.07
2020-05-22,34.27,37.54,35.21,36.09,37.02,38.07
2020-05-26,35.1,38.33,35.95,36.85,37.81,38.89
2020-05-27,34.77,38.16,35.58,36.47,37.42,38.48
2020-05-28,35.02,38.34,35.81,36.72,37.68,38.76
2020-05-29,34.82,38.15,35.6,36.53,37.51,38.63
2020-06-01,35.76,38.87,36.46,37.4,38.39,39.52
2020-06-02,36.17,39.32,36.85,37.8,38.82,39.96
2020-06-03,35.27,38.39,35.89,36.8,37.77,38.86
2020-06-04,36.55,39.6,37.15,38.1,39.1,40.23
2020-06-05,37.9,40.95,38.5,39.49,40.54,41.72
2020-06-08,37.69,40.78,38.19,39.16,40.2,41.37
2020-06-09,37.32,40.53,37.77,38.74,39.76,40.91
2020-06-10,36.73,39.8,37.14,38.06,39.04,40.15
2020-06-11,36.11,39.17,36.48,37.39,38.37,39.46
2020-06-12,35.75,38.87,36.1,37.04,38.04,39.17
2020-06-15,36.46,39.4,36.72,37.67,38.68,39.83
2020-06-16,36.69,39.81,36.92,37.89,38.92,40.09
2020-06-17,37.65,40.55,37.85,38.84,39.9,41.09
2020-06-18,38.14,40.88,38.31,39.32,40.38,41.59
2020-06-19,38.14,41.06,38.27,39.21,40.21,41.33
2020-06-22,39.7,42.49,39.74,40.72,41.76,42.94
2020-06-23,41.57,44.31,42.6,43.69,44.92,45.99
2020-06-24,41.62,44.43,42.61,43.7,44.93,46.0
2020-06-25,41.97,44.78,42.93,44.02,45.25,46.33
2020-06-26,43.41,46.38,44.27,45.28,46.42,47.41
2020-06-29,44.53,47.59,45.3,46.31,47.45,48.44
2020-06-30,44.26,47.19,44.99,46.0,47.15,48.14
2020-07-01,43.29,46.22,43.98,44.99,46.13,47.12
2020-07-02,42.55,45.52,43.19,44.18,45.29,46.26
2020-07-06,42.69,45.72,43.18,44.1,45.13,46.03
2020-07-07,43.53,46.53,44.01,44.99,46.08,47.04
2020-07-08,44.29,47.09,44.75,45.76,46.89,47.88
2020-07-09,44.56,47.25,45.0,46.05,47.22,48.24
2020-07-10,44.39,47.1,44.74,45.62,46.6,47.46
2020-07-13,45.54,48.51,45.81,46.71,47.72,48.59
2020-07-14,45.78,48.66,46.01,46.9,47.9,48.76
2020-07-15,45.82,48.73,46.02,46.91,47.9,48.76
2020-07-16,44.35,47.3,44.52,45.38,46.35,47.18
2020-07-17,46.16,49.18,46.3,47.13,48.06,48.86
2020-07-20,45.49,48.37,45.54,46.37,47.3,48.1
2020-07-21,43.57,46.26,43.6,44.4,45.31,46.09
2020-07-22,44.48,47.21,45.29,46.21,47.01,47.9
2020-07-23,43.52,46.4,44.29,45.19,45.97,46.84
2020-07-24,42.71,45.79,43.48,44.4,45.2,46.1
2020-07-27,42.27,45.48,42.95,43.86,44.65,45.54
2020-07-28,42.02,45.2,42.68,43.59,44.38,45.27
2020-07-29,42.66,46.05,43.29,44.23,45.03,45.94
2020-07-30,41.7,45.25,42.31,43.23,44.03,44.93
2020-07-31,41.45,45.02,42.03,42.96,43.77,44.68
2020-08-03,41.9,45.24,42.41,43.37,44.19,45.12
2020-08-04,42.49,45.84,42.98,43.93,44.76,45.69
2020-08-05,42.55,45.82,43.01,43.96,44.79,45.72
2020-08-06,43.12,46.53,43.54,44.49,45.31,46.23
2020-08-07,43.03,46.48,43.39,44.27,45.02,45.87
2020-08-10,42.79,46.4,43.07,43.93,44.66,45.49
2020-08-11,42.27,45.59,42.51,43.34,44.06,44.87
2020-08-12,43.03,46.56,43.25,44.1,44.83,45.65
2020-08-13,42.53,46.13,42.73,43.57,44.29,45.11
2020-08-14,44.74,48.42,44.9,45.66,46.31,47.04
2020-08-17,43.88,47.54,43.96,44.7,45.33,46.05
2020-08-18,43.46,47.32,43.52,44.25,44.89,45.6
2020-08-19,43.07,47.06,43.11,43.84,44.46,45.17
2020-08-20,42.55,46.59,42.57,43.29,43.92,44.61
2020-08-21,42.68,46.49,43.21,43.66,44.17,44.68
2020-08-24,43.1,46.69,43.57,44.02,44.52,45.02
2020-08-25,41.7,45.3,42.14,42.56,43.04,43.53
2020-08-26,43.71,47.44,44.15,44.6,45.1,45.6
2020-08-27,45.04,48.9,45.47,45.93,46.44,46.95
2020-08-28,44.74,48.58,45.1,45.49,45.93,46.37
2020-08-31,44.77,48.73,45.1,45.49,45.94,46.39
2020-09-01,45.7,49.76,46.01,46.4,46.84,47.29
2020-09-02,44.88,48.69,45.16,45.53,45.95,46.38
2020-09-03,43.82,47.99,44.09,44.47,44.9,45.33
2020-09-04,42.83,46.89,43.07,43.42,43.82,44.22
2020-09-08,44.66,48.68,44.86,45.23,45.65,46.07
2020-09-09,44.99,49.02,45.17,45.52,45.91,46.3
2020-09-10,45.38,49.39,45.55,45.9,46.29,46.69
2020-09-11,46.18,49.78,46.31,46.63,46.98,47.34
2020-09-14,47.05,50.63,47.16,47.48,47.83,48.19
2020-09-15,47.4,50.95,47.49,47.82,48.18,48.54
2020-09-16,47.21,50.81,47.29,47.61,47.96,48.31
2020-09-17,44.96,48.57,45.02,45.31,45.64,45.97
2020-09-18,45.33,48.92,45.38,45.62,45.9,46.17
2020-09-21,45.92,49.38,45.94,46.17,46.43,46.69
2020-09-22,45.65,48.9,45.66,45.91,46.19,46.47
2020-09-23,45.26,48.33,45.51,45.79,46.07,46.34
2020-09-24,46.34,49.29,46.6,46.89,47.19,47.48
2020-09-25,43.41,46.4,43.71,44.07,44.43,44.78
2020-09-28,42.63,45.59,42.89,43.24,43.59,43.93
2020-09-29,42.83,45.97,43.08,43.42,43.77,44.12
2020-09-30,42.89,46.25,43.11,43.44,43.77,44.09
2020-10-01,43.29,46.79,43.51,43.86,44.21,44.54
2020-10-02,43.0,46.38,43.15,43.41,43.66,43.91
2020-10-05,44.71,48.02,44.84,45.08,45.33,45.58
2020-10-06,44.67,48.03,44.79,45.03,45.27,45.51
2020-10-07,45.89,49.35,46.01,46.26,46.52,46.77
2020-10-08,47.12,50.87,47.23,47.48,47.74,47.99
2020-10-09,49.85,53.87,49.94,50.17,50.4,50.62
2020-10-12,50.21,54.2,50.28,50.52,50.77,51.01
2020-10-13,49.69,53.86,49.75,49.99,50.22,50.45
2020-10-14,51.8,55.82,51.86,52.12,52.38,52.64
2020-10-15,50.5,54.46,50.55,50.8,51.06,51.31
2020-10-16,50.96,54.86,50.99,51.16,51.32,51.48
2020-10-19,49.44,53.52,49.45,49.6,49.76,49.91
2020-10-20,51.45,55.55,51.45,51.61,51.78,51.94
2020-10-21,51.69,55.6,51.86,52.03,52.2,52.38
2020-10-22,52.05,56.0,52.22,52.39,52.56,52.75
2020-10-23,53.45,57.35,53.54,53.63,53.72,53.82
2020-10-26,54.24,58.12,54.31,54.4,54.48,54.58
2020-10-27,53.69,57.55,53.75,53.84,53.92,54.02
2020-10-28,53.76,57.71,53.82,53.91,53.99,54.09
2020-10-29,52.5,56.55,52.56,52.64,52.71,52.79
2020-10-30,51.81,55.72,51.86,51.94,52.01,52.09
2020-11-02,52.88,56.6,52.91,52.97,53.03,53.09
2020-11-03,53.67,57.41,53.7,53.76,53.82,53.88
2020-11-04,56.47,60.1,56.5,56.56,56.62,56.68
2020-11-05,55.07,58.7,55.1,55.17,55.23,55.3
2020-11-06,54.38,58.04,54.43,54.53,54.62,54.73
2020-11-09,56.52,60.23,56.56,56.68,56.8,56.93
2020-11-10,55.61,59.1,55.65,55.77,55.89,56.02
2020-11-11,55.84,59.41,55.88,56.0,56.12,56.25
2020-11-12,54.03,57.56,54.07,54.2,54.32,54.46
2020-11-13,54.54,58.04,54.56,54.63,54.69,54.77
2020-11-16,57.91,61.4,57.92,58.0,58.08,58.16
2020-11-17,56.1,59.38,56.1,56.15,56.2,56.25
2020-11-18,56.44,59.69,56.45,56.5,56.55,56.61
2020-11-19,55.18,58.37,55.18,55.23,55.27,55.32
2020-11-20,56.83,60.08,56.83,56.9,56.97,57.05
2020-11-23,57.72,60.77,57.79,57.86,57.94,58.01
2020-11-24,57.85,60.53,57.94,58.03,58.13,58.21
2020-11-25,56.71,59.42,56.78,56.85,56.93,57.0
2020-11-27,57.0,60.23,57.06,57.12,57.19,57.25
2020-11-30,57.88,61.11,57.95,58.04,58.15,58.23
2020-12-01,57.94,61.03,58.01,58.11,58.22,58.32
2020-12-02,57.35,60.43,57.44,57.57,57.72,57.85
2020-12-03,58.68,61.76,58.77,58.93,59.1,59.25
2020-12-04,57.41,60.44,57.51,57.67,57.85,58.0
2020-12-07,60.03,62.86,60.11,60.27,60.45,60.6
2020-12-08,60.82,63.65,60.89,61.04,61.21,61.35
2020-12-09,61.63,64.37,61.69,61.83,61.99,62.13
2020-12-10,60.38,63.25,60.45,60.6,60.77,60.92
2020-12-11,60.35,63.2,60.4,60.53,60.68,60.8
2020-12-14,58.91,61.83,58.93,59.03,59.14,59.23
2020-12-15,58.46,61.66,58.49,58.59,58.69,58.79
2020-12-16,60.47,63.78,60.49,60.58,60.68,60.76
2020-12-17,61.99,65.43,62.01,62.09,62.19,62.27
2020-12-18,61.7,64.95,61.71,61.75,61.79,61.83
2020-12-21,62.85,66.03,62.86,62.9,62.95,62.99
2020-12-22,62.27,65.16,62.3,62.34,62.38,62.41
2020-12-23,59.61,62.6,59.62,59.62,59.63,59.63
2020-12-24,61.72,64.87,61.7,61.68,61.65,61.63
2020-12-28,63.24,66.32,63.27,63.32,63.36,63.41
2020-12-29,63.95,67.22,63.96,63.98,63.99,64.01
2020-12-30,65.72,68.99,65.73,65.74,65.75,65.76
2020-12-31,66.29,69.43,66.28,66.27,66.25,66.24
2021-01-04,67.4,70.29,67.39,67.37,67.36,67.35
2021-01-05,69.28,72.2,69.29,69.3,69.32,69.33
2021-01-06,68.66,71.71,68.66,68.65,68.64,68.63
2021-01-07,69.68,72.86,69.67,69.65,69.63,69.61
2021-01-08,68.94,72.38,68.81,68.49,68.21,67.93
2021-01-11,70.69,74.19,70.58,70.22,69.93,69.62
2021-01-12,72.47,76.03,72.37,71.99,71.67,71.34
2021-01-13,71.72,75.32,71.62,71.23,70.89,70.55
2021-01-14,73.89,77.31,73.79,73.34,72.96,72.56
2021-01-15,71.45,74.94,71.39,71.01,70.7,70.38
2021-01-19,69.33,72.59,69.31,68.94,68.63,68.3
2021-01-20,69.18,72.35,69.17,68.8,68.5,68.18
2021-01-21,69.76,72.75,69.37,69.05,68.71,68.36
2021-01-22,73.46,76.24,73.01,72.62,72.22,71.81
2021-01-25,73.74,76.6,73.35,72.97,72.58,72.18
2021-01-26,72.12,74.98,71.75,71.38,71.0,70.61
2021-01-27,75.28,78.3,74.89,74.49,74.07,73.64
2021-01-28,74.96,77.96,74.57,74.15,73.72,73.28
2021-01-29,72.58,75.55,72.26,71.92,71.56,71.19
2021-02-01,75.97,78.89,75.67,75.28,74.88,74.47
2021-02-02,77.63,80.54,77.32,76.91,76.49,76.05
2021-02-03,78.33,81.4,78.02,77.59,77.15,76.7
2021-02-04,80.65,83.73,80.36,79.95,79.53,79.09
2021-02-05,80.2,83.28,79.99,79.66,79.33,78.98
2021-02-08,80.89,84.14,80.72,80.39,80.06,79.72
2021-02-09,80.23,83.69,80.07,79.74,79.4,79.06
2021-02-10,78.08,81.51,77.93,77.62,77.3,76.98
2021-02-11,76.51,80.04,76.4,76.12,75.84,75.55
2021-02-12,76.1,79.82,76.01,75.77,75.53,75.28
2021-02-16,74.85,78.35,74.79,74.57,74.33,74.09
2021-02-17,74.33,78.12,74.28,74.06,73.82,73.58
2021-02-18,75.75,79.24,75.7,75.45,75.18,74.91
2021-02-19,75.06,78.5,75.03,74.83,74.62,74.4
2021-02-22,76.98,80.45,76.97,76.77,76.57,76.35
2021-02-23,75.26,78.71,75.06,74.86,74.65,74.41
2021-02-24,78.29,81.72,78.09,77.87,77.65,77.4
2021-02-25,76.83,80.23,76.63,76.4,76.17,75.92
2021-02-26,78.28,81.67,78.16,78.02,77.88,77.73
2021-03-01,79.81,83.13,79.71,79.58,79.45,79.3
2021-03-02,79.26,82.75,79.17,79.05,78.92,78.77
2021-03-03,78.78,82.22,78.7,78.6,78.49,78.37
2021-03-04,82.04,85.22,81.96,81.85,81.73,81.6
2021-03-05,82.77,85.91,82.75,82.71,82.66,82.62
2021-03-08,82.35,85.58,82.33,82.28,82.23,82.17
2021-03-09,85.64,88.82,85.59,85.5,85.41,85.31
2021-03-10,86.13,89.32,86.07,85.93,85.79,85.64
2021-03-11,86.62,89.87,86.56,86.43,86.28,86.13
2021-03-12,85.49,88.7,85.43,85.25,85.07,84.87
2021-03-15,85.1,88.23,85.06,84.92,84.77,84.61
2021-03-16,86.9,90.28,86.87,86.72,86.57,86.41
2021-03-17,85.05,88.53,85.03,84.89,84.76,84.61
2021-03-18,83.81,87.44,83.79,83.66,83.53,83.39
2021-03-19,86.61,90.19,86.57,86.28,85.97,85.64
2021-03-22,88.14,91.7,88.13,87.84,87.55,87.23
2021-03-23,87.66,91.23,87.36,87.06,86.72,86.44
2021-03-24,87.19,90.71,86.9,86.58,86.23,85.93
2021-03-25,86.41,89.98,86.13,85.82,85.49,85.2
2021-03-26,88.13,91.97,88.15,88.16,88.18,88.19
2021-03-29,89.17,92.84,89.21,89.25,89.31,89.35
2021-03-30,88.44,91.88,88.49,88.56,88.63,88.7
2021-03-31,88.91,92.58,88.97,89.05,89.13,89.21
2021-04-01,89.35,93.06,89.4,89.46,89.54,89.6
2021-04-05,86.7,90.42,86.8,87.0,87.22,87.41
2021-04-06,85.19,89.2,85.28,85.48,85.69,85.87
2021-04-07,87.97,92.18,88.06,88.25,88.46,88.63
2021-04-08,85.7,90.02,85.79,85.99,86.22,86.42
2021-04-09,88.29,92.45,88.41,88.72,89.07,89.36
2021-04-12,87.07,91.15,87.16,87.46,87.79,88.07
2021-04-13,85.61,89.5,85.69,85.98,86.3,86.57
2021-04-14,88.34,92.29,88.41,88.7,89.02,89.3
2021-04-15,87.01,91.14,87.07,87.36,87.7,87.98
2021-04-16,84.19,88.3,84.22,84.43,84.65,84.84
2021-04-19,83.89,88.05,83.91,84.12,84.35,84.55
2021-04-20,84.16,88.4,84.17,84.33,84.5,84.65
2021-04-21,82.3,86.47,82.44,82.59,82.71,82.85
2021-04-22,81.37,85.53,81.47,81.58,81.68,81.79
2021-04-23,81.47,85.84,81.57,81.68,81.78,81.89
2021-04-26,82.41,86.67,82.52,82.66,82.78,82.91
2021-04-27,82.77,86.78,82.87,83.0,83.12,83.24
2021-04-28,83.34,87.36,83.43,83.55,83.65,83.77
2021-04-29,85.47,89.67,85.61,85.82,85.99,86.19
2021-04-30,84.53,88.78,84.72,85.02,85.28,85.57
2021-05-03,83.83,88.32,83.99,84.27,84.51,84.78
2021-05-04,83.47,87.95,83.62,83.9,84.14,84.4
2021-05-05,83.9,88.48,84.03,84.3,84.53,84.78
2021-05-06,83.87,88.39,83.98,84.22,84.43,84.66
2021-05-07,86.47,91.09,86.65,87.06,87.41,87.8
2021-05-10,88.34,92.84,88.49,88.94,89.33,89.76
2021-05-11,84.98,89.45,85.11,85.54,85.91,86.31
2021-05-12,82.69,86.88,82.79,83.18,83.51,83.88
2021-05-13,82.6,86.75,82.7,83.09,83.42,83.8
2021-05-14,80.72,84.76,80.76,80.93,81.08,81.24
2021-05-17,82.2,86.28,82.22,82.36,82.47,82.61
2021-05-18,80.25,84.38,80.26,80.4,80.51,80.63
2021-05-19,81.79,85.78,81.8,81.9,81.98,82.07
2021-05-20,80.85,84.6,80.85,80.98,81.09,81.21
2021-05-21,77.19,80.99,77.33,77.44,77.56,77.69
2021-05-24,77.97,81.71,78.09,78.21,78.34,78.47
2021-05-25,78.55,82.11,78.66,78.75,78.86,78.98
2021-05-26,75.9,79.47,76.01,76.11,76.23,76.35
2021-05-27,75.23,78.83,75.31,75.4,75.5,75.61
2021-05-28,73.84,77.39,74.06,74.3,74.56,74.84
2021-06-01,72.18,75.99,72.38,72.64,72.94,73.24
2021-06-02,71.92,75.79,72.13,72.41,72.72,73.04
2021-06-03,70.33,74.1,70.52,70.8,71.11,71.43
2021-06-04,68.13,72.16,68.18,68.26,68.35,68.44
2021-06-07,65.4,69.55,65.43,65.5,65.57,65.64
2021-06-08,65.53,69.73,65.55,65.58,65.61,65.65
2021-06-09,65.12,69.44,65.13,65.17,65.2,65.24
2021-06-10,66.97,71.12,66.99,67.02,67.07,67.11
2021-06-11,68.1,72.3,68.05,67.93,67.79,67.65
2021-06-14,68.87,73.07,68.82,68.69,68.54,68.39
2021-06-15,67.58,71.6,67.54,67.42,67.28,67.14
2021-06-16,67.66,71.91,67.63,67.48,67.33,67.17
2021-06-17,67.04,71.3,67.0,66.86,66.69,66.53
2021-06-18,66.65,70.77,66.61,66.34,66.05,65.75
2021-06-21,70.33,74.61,70.31,70.03,69.71,69.38
2021-06-22,72.87,77.16,72.86,72.56,72.24,71.91
2021-06-23,72.39,76.7,72.13,71.84,71.54,71.28
2021-06-24,70.63,74.95,70.38,70.1,69.81,69.54
2021-06-25,69.25,73.45,69.07,68.85,68.62,68.42
2021-06-28,69.36,73.61,69.21,69.01,68.8,68.62
2021-06-29,68.39,72.47,68.25,68.05,67.84,67.66
2021-06-30,68.89,73.01,68.75,68.55,68.35,68.16
2021-07-01,69.22,73.15,69.09,68.9,68.71,68.53
2021-07-02,70.93,74.88,70.72,70.39,70.04,69.73
2021-07-06,72.56,76.68,72.4,72.07,71.73,71.42
2021-07-07,73.77,77.61,73.62,73.28,72.93,72.61
2021-07-08,75.57,79.24,75.4,75.01,74.61,74.25
2021-07-09,75.92,79.71,75.78,75.41,75.03,74.68
2021-07-12,76.87,80.75,76.76,76.39,76.0,75.66
2021-07-13,77.98,81.89,77.88,77.47,77.06,76.69
2021-07-14,77.27,81.34,77.17,76.74,76.3,75.91
2021-07-15,77.64,81.79,77.56,77.15,76.73,76.35
2021-07-16,78.34,82.55,78.27,77.86,77.44,77.06
2021-07-19,76.12,80.41,76.1,75.7,75.29,74.92
2021-07-20,76.37,80.37,76.36,75.95,75.53,75.15
2021-07-21,76.82,80.81,76.43,76.03,75.66,75.29
2021-07-22,78.01,81.91,77.63,77.23,76.86,76.49
2021-07-23,77.05,80.71,76.59,76.09,75.64,75.17
2021-07-26,76.22,79.91,75.8,75.28,74.82,74.34
2021-07-27,75.09,78.63,74.68,74.16,73.69,73.21
2021-07-28,75.21,78.61,74.79,74.23,73.73,73.21
2021-07-29,74.39,77.73,73.99,73.44,72.95,72.44
2021-07-30,73.64,77.22,73.19,72.55,71.98,71.38
2021-08-02,73.45,76.91,73.06,72.39,71.79,71.18
2021-08-03,76.01,79.62,75.62,74.93,74.31,73.68
2021-08-04,77.94,81.77,77.56,76.84,76.19,75.53
2021-08-05,80.11,83.95,79.75,79.03,78.38,77.72
2021-08-06,79.26,83.0,78.89,78.1,77.39,76.66
2021-08-09,77.12,81.08,76.84,76.09,75.42,74.74
2021-08-10,80.91,85.01,80.66,79.92,79.26,78.58
2021-08-11,80.12,84.36,79.88,79.14,78.47,77.79
2021-08-12,82.51,86.63,82.3,81.54,80.85,80.15
2021-08-13,83.47,87.56,83.26,82.42,81.67,80.9
2021-08-16,84.99,89.27,84.85,83.96,83.17,82.35
2021-08-17,86.37,90.52,86.26,85.42,84.66,83.88
2021-08-18,87.04,91.05,86.96,86.11,85.36,84.58
2021-08-19,87.61,91.53,87.55,86.69,85.92,85.13
2021-08-20,83.49,87.64,83.46,82.65,81.92,81.18
2021-08-23,82.62,86.77,81.85,81.11,80.35,79.57
2021-08-24,80.56,84.66,79.87,79.18,78.47,77.75
2021-08-25,78.59,82.62,77.93,77.26,76.56,75.85
2021-08-26,78.84,82.74,78.19,77.49,76.78,76.05
2021-08-27,76.58,80.43,75.79,74.92,74.03,73.12
2021-08-30,76.42,80.28,75.71,74.83,73.92,72.99
2021-08-31,73.89,77.83,73.22,72.34,71.45,70.54
2021-09-01,73.86,77.58,73.23,72.38,71.5,70.61
2021-09-02,74.07,77.84,73.46,72.58,71.68,70.76
2021-09-03,74.17,77.74,73.6,72.74,71.86,70.97
2021-09-07,75.12,78.4,74.66,73.79,72.89,71.98
2021-09-08,76.89,80.12,76.47,75.6,74.71,73.8
2021-09-09,76.04,79.27,75.66,74.83,73.97,73.1
2021-09-10,76.86,79.95,76.5,75.65,74.77,73.88
2021-09-13,74.31,77.43,74.05,73.21,72.35,71.47
2021-09-14,75.84,79.16,75.61,74.75,73.88,72.99
2021-09-15,75.66,78.97,75.45,74.57,73.68,72.76
2021-09-16,77.68,81.05,77.49,76.57,75.64,74.68
2021-09-17,75.43,78.67,75.25,74.18,73.09,71.98
2021-09-20,76.06,79.14,75.99,74.91,73.82,72.7
2021-09-21,74.4,77.54,74.36,73.32,72.26,71.18
2021-09-22,74.5,77.98,73.49,72.46,71.42,70.39
2021-09-23,73.69,77.16,72.74,71.74,70.72,69.71
2021-09-24,74.93,78.4,73.82,72.61,71.38,70.17
2021-09-27,74.12,77.49,73.13,71.91,70.68,69.46
2021-09-28,73.15,76.33,72.19,70.97,69.72,68.5
2021-09-29,72.16,75.46,71.27,70.07,68.85,67.66
2021-09-30,72.74,76.37,71.9,70.7,69.49,68.3
2021-10-01,73.32,76.83,72.53,71.37,70.18,69.02
2021-10-04,71.96,75.17,71.3,70.16,68.99,67.85
2021-10-05,72.87,76.14,72.26,71.14,69.99,68.86
2021-10-06,75.01,78.18,74.42,73.25,72.07,70.9
2021-10-07,75.54,78.55,74.99,73.82,72.62,71.45
2021-10-08,73.04,75.89,72.54,71.41,70.26,69.13
2021-10-11,73.53,76.41,73.14,71.99,70.81,69.66
2021-10-12,70.14,73.07,69.81,68.7,67.57,66.46
2021-10-13,71.63,74.52,71.33,70.18,69.02,67.88
2021-10-14,71.02,73.88,70.76,69.63,68.47,67.34
2021-10-15,72.71,75.59,72.45,71.18,69.89,68.62
2021-10-18,75.52,78.4,75.39,74.08,72.76,71.45
2021-10-19,74.01,76.7,73.92,72.64,71.33,70.05
2021-10-20,70.94,73.41,70.9,69.68,68.44,67.22
2021-10-21,69.77,72.22,68.6,67.4,66.23,65.0
2021-10-22,67.86,70.55,66.77,65.62,64.5,63.32
2021-10-25,69.2,71.96,68.17,66.97,65.79,64.56
2021-10-26,66.85,69.52,65.93,64.81,63.71,62.56
2021-10-27,67.19,69.77,66.29,65.16,64.05,62.89
2021-10-28,65.17,67.63,64.35,63.26,62.19,61.06
2021-10-29,65.95,68.43,65.1,63.91,62.75,61.54
2021-11-01,67.13,69.69,66.4,65.22,64.06,62.84
2021-11-02,67.26,69.86,66.56,65.38,64.22,63.0
2021-11-03,66.61,69.25,65.97,64.81,63.67,62.47
2021-11-04,65.64,68.22,65.03,63.86,62.71,61.51
2021-11-05,67.96,70.57,67.43,66.36,65.31,64.2
2021-11-08,66.28,68.75,65.87,64.84,63.82,62.75
2021-11-09,66.19,68.73,65.83,64.8,63.8,62.74
2021-11-10,64.96,67.57,64.64,63.66,62.69,61.68
2021-11-11,65.95,68.33,65.66,64.66,63.68,62.65
2021-11-12,66.17,68.35,65.91,64.9,63.91,62.87
2021-11-15,63.46,65.89,63.31,62.37,61.45,60.49
2021-11-16,64.64,67.06,64.52,63.58,62.65,61.68
2021-11-17,65.61,67.86,65.51,64.56,63.61,62.63
2021-11-18,66.83,69.08,66.76,65.79,64.83,63.83
2021-11-19,64.24,66.56,64.21,63.3,62.4,61.46
2021-11-22,64.05,66.14,63.17,62.25,61.28,60.47
2021-11-23,63.17,65.13,62.34,61.43,60.47,59.68
2021-11-24,64.13,66.18,63.33,62.41,61.45,60.65
2021-11-26,62.13,64.16,61.46,60.64,59.78,59.06
2021-11-29,62.14,64.14,61.55,60.73,59.87,59.15
2021-11-30,60.69,62.88,60.15,59.36,58.53,57.83
2021-12-01,60.57,62.93,60.06,59.28,58.45,57.76
2021-12-02,60.9,63.1,60.41,59.61,58.77,58.07
2021-12-03,63.18,65.4,62.64,61.71,60.74,59.93
2021-12-06,62.82,65.06,62.37,61.45,60.49,59.69
2021-12-07,64.46,66.93,64.04,63.12,62.16,61.35
2021-12-08,65.29,67.83,64.89,63.94,62.94,62.11
2021-12-09,62.64,65.19,62.27,61.31,60.31,59.48
2021-12-10,65.13,67.74,64.8,63.85,62.86,62.03
2021-12-13,65.4,68.02,65.15,64.21,63.22,62.39
2021-12-14,64.99,67.6,64.77,63.83,62.84,62.01
2021-12-15,64.56,67.14,64.38,63.47,62.52,61.73
2021-12-16,63.79,66.4,63.64,62.76,61.84,61.07
2021-12-17,63.76,66.09,63.65,62.76,61.82,61.04
2021-12-20,64.73,67.14,64.7,63.77,62.79,61.97
2021-12-21,65.14,67.31,64.2,63.21,62.39,61.54
2021-12-22,66.55,68.58,65.6,64.58,63.72,62.85
2021-12-23,67.57,69.88,66.66,65.63,64.78,63.91
2021-12-27,67.37,70.01,66.63,65.67,64.86,64.04
2021-12-28,66.52,69.1,65.8,64.81,63.99,63.15
2021-12-29,65.75,68.4,65.07,64.1,63.29,62.46
2021-12-30,67.42,70.07,66.73,65.72,64.88,64.01
2021-12-31,69.82,72.47,69.05,67.87,66.88,65.87
2022-01-03,68.32,71.06,67.67,66.51,65.54,64.55
2022-01-04,65.54,68.26,64.95,63.82,62.88,61.92
2022-01-05,66.86,69.55,66.29,65.12,64.15,63.16
2022-01-06,68.53,71.36,67.97,66.76,65.75,64.72
2022-01-07,67.21,70.11,66.73,65.62,64.7,63.75
2022-01-10,67.9,70.93,67.53,66.43,65.5,64.56
2022-01-11,65.18,68.06,64.85,63.76,62.86,61.94
2022-01-12,63.73,66.73,63.44,62.38,61.5,60.61
2022-01-13,62.81,65.93,62.55,61.51,60.64,59.76
2022-01-14,64.81,67.75,64.55,63.35,62.35,61.33
2022-01-18,67.38,70.27,67.27,66.0,64.94,63.86
2022-01-19,66.99,69.71,66.91,65.64,64.58,63.51
2022-01-20,69.14,71.84,69.1,67.82,66.75,65.66
2022-01-21,68.58,71.19,67.34,66.31,65.26,64.18
2022-01-24,71.06,73.61,69.92,68.88,67.81,66.73
2022-01-25,69.15,71.72,68.08,67.05,66.01,64.95
2022-01-26,70.52,73.11,69.46,68.41,67.34,66.26
2022-01-27,69.65,72.26,68.63,67.58,66.52,65.43
2022-01-28,69.28,71.62,68.36,67.38,66.38,65.36
2022-01-31,70.75,72.88,69.93,68.95,67.94,66.92
2022-02-01,70.93,73.22,70.16,69.18,68.19,67.17
2022-02-02,72.55,74.74,71.78,70.77,69.74,68.69
2022-02-03,71.42,73.57,70.71,69.73,68.74,67.72
2022-02-04,70.27,72.46,69.61,68.65,67.67,66.67
2022-02-07,67.05,69.28,66.52,65.6,64.66,63.71
2022-02-08,67.82,70.09,67.32,66.39,65.43,64.46
2022-02-09,68.36,70.74,67.88,66.93,65.96,64.97
2022-02-10,69.39,71.91,68.96,68.03,67.08,66.11
2022-02-11,70.72,73.32,70.36,69.5,68.63,67.74
2022-02-14,71.69,74.15,71.41,70.55,69.68,68.78
2022-02-15,70.29,72.84,70.04,69.17,68.27,67.36
2022-02-16,69.61,72.16,69.39,68.53,67.64,66.74
2022-02-17,70.46,73.02,70.27,69.39,68.49,67.57
2022-02-18,69.36,71.94,69.21,68.39,67.55,66.68
2022-02-22,68.7,71.23,68.67,67.84,66.99,66.12
2022-02-23,69.6,72.49,68.75,67.89,67.0,66.07
2022-02-24,68.08,71.28,67.28,66.43,65.56,64.65
2022-02-25,68.14,71.38,67.39,66.57,65.73,64.84
2022-02-28,66.81,69.98,66.19,65.42,64.64,63.81
2022-03-01,67.65,71.13,67.03,66.22,65.4,64.53
2022-03-02,70.15,73.74,69.53,68.69,67.83,66.92
2022-03-03,68.92,72.66,68.34,67.51,66.66,65.77
2022-03-04,67.66,71.24,67.07,66.16,65.25,64.28
2022-03-07,67.38,70.84,66.88,65.98,65.05,64.08
2022-03-08,67.7,71.28,67.22,66.3,65.37,64.38
2022-03-09,66.54,69.76,66.09,65.17,64.23,63.25
2022-03-10,67.07,70.24,66.64,65.69,64.71,63.69
2022-03-11,66.22,69.56,65.78,64.73,63.67,62.55
2022-03-14,64.79,68.08,64.46,63.42,62.36,61.25
2022-03-15,66.54,69.71,66.24,65.17,64.08,62.94
2022-03-16,65.14,68.36,64.89,63.85,62.8,61.7
2022-03-17,66.92,70.47,66.71,65.68,64.63,63.53
2022-03-18,65.42,68.92,65.25,64.3,63.33,62.31
2022-03-21,67.77,71.22,67.7,66.74,65.76,64.73
2022-03-22,66.96,70.34,66.93,65.97,65.0,63.97
2022-03-23,64.73,68.2,63.82,62.89,61.91,61.03
2022-03-24,66.88,70.34,65.98,65.03,64.02,63.13
2022-03-25,65.81,69.49,65.03,64.18,63.28,62.48
2022-03-28,66.17,69.98,65.47,64.6,63.69,62.88
2022-03-29,65.64,69.42,64.98,64.14,63.25,62.46
2022-03-30,66.65,70.37,66.01,65.14,64.24,63.42
2022-03-31,67.71,71.46,67.11,66.24,65.34,64.53
2022-04-01,67.81,71.36,67.27,66.48,65.64,64.89
2022-04-04,66.22,69.83,65.77,64.99,64.16,63.42
2022-04-05,66.97,70.53,66.54,65.74,64.9,64.15
2022-04-06,68.13,71.68,67.73,66.92,66.07,65.31
2022-04-07,69.44,72.74,69.06,68.26,67.42,66.66
2022-04-08,68.9,72.19,68.53,67.69,66.8,66.01
2022-04-11,67.78,70.97,67.5,66.67,65.79,65.01
2022-04-12,67.34,70.26,67.09,66.25,65.37,64.58
2022-04-13,70.33,73.43,70.09,69.23,68.31,67.5
2022-04-14,71.13,74.23,70.92,70.01,69.06,68.21
2022-04-18,68.27,71.3,68.19,67.41,66.59,65.85
2022-04-19,68.78,71.99,68.73,67.97,67.17,66.45
2022-04-20,70.04,73.27,70.01,69.23,68.4,67.66
2022-04-21,70.4,73.38,69.61,68.78,68.04,67.2
2022-04-22,70.24,73.24,69.4,68.49,67.67,66.75
2022-04-25,67.61,70.65,66.9,66.03,65.25,64.37
2022-04-26,65.81,69.04,65.14,64.28,63.52,62.66
2022-04-27,65.57,68.72,64.94,64.11,63.37,62.54
2022-04-28,64.89,67.99,64.3,63.49,62.77,61.95
2022-04-29,69.72,72.68,69.27,68.63,68.05,67.4
2022-05-02,67.95,70.77,67.58,66.96,66.41,65.79
2022-05-03,65.66,68.35,65.32,64.72,64.18,63.57
2022-05-04,63.17,65.95,62.87,62.31,61.81,61.25
2022-05-05,62.94,65.8,62.68,62.16,61.69,61.16
2022-05-06,64.84,67.65,64.57,63.99,63.47,62.88
2022-05-09,66.03,68.77,65.81,65.22,64.7,64.11
2022-05-10,67.81,70.6,67.61,67.03,66.51,65.93
2022-05-11,68.35,71.51,68.17,67.58,67.06,66.46
2022-05-12,68.52,71.8,68.36,67.8,67.29,66.72
2022-05-13,68.8,72.14,68.66,68.12,67.64,67.1
2022-05-16,70.91,74.15,70.83,70.27,69.77,69.21
2022-05-17,70.59,73.73,70.52,69.96,69.46,68.9
2022-05-18,69.39,72.41,69.33,68.76,68.25,67.67
2022-05-19,71.55,74.35,71.51,70.94,70.42,69.84
2022-05-20,71.24,74.08,71.23,70.73,70.29,69.79
2022-05-23,71.1,74.0,70.63,70.18,69.67,69.23
2022-05-24,71.22,73.87,70.79,70.35,69.86,69.44
2022-05-25,69.44,72.16,69.04,68.61,68.14,67.72
2022-05-26,70.32,73.08,69.92,69.51,69.04,68.62
2022-05-27,67.64,70.47,67.28,66.87,66.41,66.01
2022-05-31,67.54,70.43,67.23,66.81,66.35,65.94
2022-06-01,67.61,70.51,67.33,66.93,66.49,66.1
2022-06-02,64.05,66.82,63.82,63.48,63.09,62.75
2022-06-03,64.5,67.02,64.29,63.98,63.62,63.31
2022-06-06,67.11,69.7,66.93,66.62,66.26,65.94
2022-06-07,68.35,70.95,68.18,67.85,67.48,67.16
2022-06-08,67.5,70.34,67.35,67.03,66.66,66.34
2022-06-09,67.15,69.89,67.01,66.72,66.38,66.08
2022-06-10,65.92,68.8,65.71,65.2,64.63,64.14
2022-06-13,66.02,68.93,65.87,65.39,64.85,64.38
2022-06-14,66.85,69.88,66.71,66.22,65.67,65.19
2022-06-15,67.69,70.77,67.57,67.08,66.52,66.04
2022-06-16,66.46,69.55,66.36,65.87,65.32,64.83
2022-06-17,67.7,70.81,67.62,67.15,66.63,66.18
2022-06-21,67.15,70.28,67.13,66.68,66.18,65.73
2022-06-22,66.63,69.71,66.19,65.7,65.27,64.82
2022-06-23,69.53,72.78,69.09,68.58,68.13,67.68
2022-06-24,70.05,73.18,69.71,69.3,68.95,68.58
2022-06-27,70.17,73.38,69.87,69.45,69.08,68.7
2022-06-28,69.66,72.92,69.36,68.92,68.53,68.14
2022-06-29,68.88,72.07,68.59,68.16,67.79,67.4
2022-06-30,68.46,71.58,68.2,67.8,67.44,67.08
2022-07-01,67.94,71.21,67.61,67.06,66.58,66.09
2022-07-05,67.73,70.75,67.45,66.89,66.39,65.89
2022-07-06,66.86,69.87,66.6,66.03,65.53,65.01
2022-07-07,65.95,68.89,65.72,65.18,64.7,64.22
2022-07-08,67.22,69.85,67.0,66.43,65.93,65.42
2022-07-11,65.29,68.01,65.13,64.6,64.14,63.67
2022-07-12,66.1,68.78,65.95,65.4,64.93,64.44
2022-07-13,67.62,70.11,67.49,66.96,66.5,66.02
2022-07-14,70.0,72.6,69.88,69.37,68.91,68.45
2022-07-15,71.0,73.56,70.9,70.38,69.92,69.45
2022-07-18,71.32,73.96,71.27,70.76,70.32,69.86
2022-07-19,71.46,74.18,71.43,70.94,70.5,70.05
2022-07-20,70.71,73.61,70.69,70.23,69.83,69.42
2022-07-21,70.34,73.21,69.87,69.46,69.03,68.58
2022-07-22,70.31,73.19,69.82,69.38,68.93,68.45
2022-07-25,72.28,75.29,71.8,71.32,70.83,70.31
2022-07-26,70.33,73.31,69.9,69.46,69.0,68.51
2022-07-27,67.82,71.03,67.42,66.99,66.54,66.07
2022-07-28,65.88,69.16,65.5,65.09,64.66,64.21
2022-07-29,66.59,69.87,66.2,65.75,65.29,64.79
2022-08-01,64.64,68.09,64.32,63.89,63.45,62.99
2022-08-02,64.81,68.44,64.47,64.02,63.55,63.06
2022-08-03,64.44,68.04,64.14,63.71,63.26,62.79
2022-08-04,60.35,63.97,60.08,59.68,59.27,58.84
2022-08-05,60.04,63.65,59.87,59.6,59.32,59.02
2022-08-08,60.72,64.25,60.59,60.33,60.06,59.78
2022-08-09,61.07,64.65,60.94,60.68,60.41,60.13
2022-08-10,62.23,65.55,62.11,61.84,61.56,61.27
2022-08-11,64.29,67.37,64.18,63.93,63.67,63.39
2022-08-12,63.7,66.9,63.58,63.28,62.97,62.64
2022-08-15,64.61,67.9,64.52,64.21,63.88,63.54
2022-08-16,63.66,67.03,63.59,63.29,62.98,62.65
2022-08-17,63.9,67.05,63.84,63.55,63.24,62.92
2022-08-18,63.27,66.27,63.22,62.94,62.64,62.33
2022-08-19,64.29,67.37,64.25,63.99,63.73,63.45
2022-08-22,61.73,64.75,61.72,61.46,61.2,60.92
2022-08-23,62.15,65.23,61.89,61.61,61.32,61.06
2022-08-24,63.22,66.4,62.97,62.7,62.41,62.15
2022-08-25,61.27,64.51,61.02,60.75,60.47,60.21
2022-08-26,60.53,63.81,60.34,60.12,59.89,59.68
2022-08-29,62.78,65.98,62.59,62.34,62.08,61.84
2022-08-30,63.47,66.45,63.29,63.06,62.8,62.57
2022-08-31,65.59,68.61,65.44,65.23,65.0,64.8
2022-09-01,63.97,66.81,63.85,63.68,63.5,63.33
2022-09-02,65.45,68.18,65.44,65.41,65.38,65.35
2022-09-06,61.93,64.9,61.91,61.88,61.84,61.81
2022-09-07,61.94,64.74,61.92,61.88,61.85,61.81
2022-09-08,61.79,64.47,61.78,61.76,61.73,61.7
2022-09-09,61.42,64.1,61.37,61.24,61.11,60.98
2022-09-12,60.39,63.07,60.35,60.23,60.09,59.97
2022-09-13,60.36,63.07,60.33,60.22,60.1,60.0
2022-09-14,59.05,61.92,59.02,58.91,58.78,58.66
2022-09-15,57.94,60.64,57.91,57.77,57.63,57.5
2022-09-16,58.49,61.39,58.42,58.02,57.59,57.21
2022-09-19,57.65,60.84,57.62,57.24,56.84,56.47
2022-09-20,58.54,61.67,58.53,58.12,57.7,57.31
2022-09-21,57.95,60.88,57.53,57.07,56.67,56.24
2022-09-22,58.25,61.18,57.84,57.38,56.97,56.54
2022-09-23,58.04,61.1,57.49,56.86,56.31,55.71
2022-09-26,56.6,59.84,56.13,55.55,55.02,54.46
2022-09-27,55.55,58.69,55.11,54.52,54.0,53.44
2022-09-28,54.67,57.68,54.25,53.67,53.14,52.59
2022-09-29,54.43,57.2,54.02,53.43,52.9,52.34
2022-09-30,53.55,56.52,53.15,52.55,52.02,51.45
2022-10-03,53.25,56.24,52.91,52.32,51.78,51.22
2022-10-04,51.78,54.62,51.46,50.86,50.32,49.75
2022-10-05,51.81,54.45,51.5,50.89,50.35,49.77
2022-10-06,49.45,51.94,49.19,48.64,48.15,47.63
2022-10-07,49.22,51.39,48.95,48.35,47.82,47.25
2022-10-10,48.37,50.63,48.16,47.56,47.02,46.45
2022-10-11,48.9,51.21,48.71,48.09,47.54,46.96
2022-10-12,50.83,53.04,50.64,50.0,49.42,48.81
2022-10-13,50.63,52.87,50.47,49.83,49.26,48.66
2022-10-14,51.36,53.67,51.22,50.57,49.98,49.37
2022-10-17,51.42,53.83,51.34,50.72,50.16,49.56
2022-10-18,52.99,55.47,52.93,52.28,51.69,51.08
2022-10-19,51.83,54.41,51.79,51.15,50.57,49.96
2022-10-20,50.61,52.96,50.59,49.95,49.38,48.78
2022-10-21,50.57,52.92,49.95,49.39,48.8,48.2
2022-10-24,49.33,51.73,48.81,48.29,47.75,47.19
2022-10-25,49.83,52.35,49.33,48.82,48.28,47.73
2022-10-26,50.5,53.06,50.02,49.52,48.98,48.43
2022-10-27,50.92,53.49,50.45,49.93,49.38,48.82
2022-10-28,50.96,53.51,50.55,50.07,49.56,49.04
2022-10-31,51.43,53.81,51.05,50.55,50.03,49.49
2022-11-01,51.16,53.58,50.82,50.34,49.83,49.32
2022-11-02,49.27,51.76,48.95,48.5,48.01,47.52
2022-11-03,50.26,52.96,49.94,49.47,48.97,48.46
2022-11-04,50.41,52.92,50.1,49.6,49.07,48.53
2022-11-07,48.76,51.38,48.5,48.0,47.47,46.93
2022-11-08,50.46,53.11,50.21,49.68,49.13,48.56
2022-11-09,49.32,52.16,49.1,48.59,48.05,47.51
2022-11-10,48.91,51.69,48.7,48.2,47.67,47.13
2022-11-11,49.29,52.33,49.08,48.5,47.9,47.28
2022-11-14,49.01,52.12,48.85,48.28,47.68,47.07
2022-11-15,48.65,51.61,48.52,47.95,47.35,46.75
2022-11-16,51.32,54.46,51.2,50.62,50.01,49.39
2022-11-17,49.19,52.09,49.09,48.55,47.97,47.38
2022-11-18,48.12,51.12,48.03,47.39,46.71,46.03
2022-11-21,46.28,48.86,46.26,45.62,44.95,44.27
2022-11-22,46.82,49.62,46.17,45.48,44.78,44.18
2022-11-23,48.11,50.81,47.46,46.75,46.03,45.41
2022-11-25,49.26,52.07,48.73,48.11,47.47,46.92
2022-11-28,51.43,54.25,50.95,50.32,49.67,49.11
2022-11-29,52.01,54.68,51.55,50.92,50.27,49.71
2022-11-30,51.04,53.45,50.6,49.96,49.3,48.74
2022-12-01,51.81,54.36,51.4,50.76,50.1,49.54
2022-12-02,49.8,52.22,49.35,48.62,47.89,47.25
2022-12-05,50.16,52.83,49.79,49.06,48.33,47.69
2022-12-06,51.13,53.77,50.77,50.03,49.27,48.62
2022-12-07,51.35,54.04,51.01,50.26,49.51,48.85
2022-12-08,52.35,55.02,52.03,51.29,50.54,49.89
2022-12-09,51.43,54.09,51.19,50.57,49.93,49.38
2022-12-12,50.93,53.71,50.75,50.14,49.51,48.97
2022-12-13,51.03,53.68,50.87,50.24,49.59,49.03
2022-12-14,49.14,51.81,49.0,48.38,47.75,47.2
2022-12-15,50.17,52.83,50.05,49.42,48.78,48.23
2022-12-16,49.31,52.02,49.24,48.8,48.35,47.95
2022-12-19,49.19,52.06,49.16,48.72,48.27,47.88
2022-12-20,48.92,51.82,48.9,48.48,48.04,47.67
2022-12-21,48.24,51.18,47.83,47.4,47.04,46.65
2022-12-22,48.15,51.32,47.75,47.32,46.95,46.56
2022-12-23,49.32,52.5,48.93,48.51,48.14,47.74
2022-12-27,48.97,52.16,48.63,48.2,47.83,47.44
2022-12-28,49.52,53.04,49.2,48.78,48.42,48.04
2022-12-29,48.86,52.38,48.56,48.16,47.8,47.43
2022-12-30,49.52,53.11,49.25,48.85,48.51,48.15
2023-01-03,49.57,53.24,49.36,48.98,48.65,48.3
2023-01-04,49.71,53.45,49.51,49.15,48.83,48.49
2023-01-05,49.5,53.41,49.31,48.93,48.59,48.24
2023-01-06,50.11,54.11,49.94,49.57,49.26,48.92
2023-01-09,50.13,54.24,49.99,49.61,49.29,48.94
2023-01-10,49.51,53.38,49.38,49.01,48.69,48.35
2023-01-11,49.75,53.59,49.64,49.29,48.98,48.66
2023-01-12,49.91,53.66,49.81,49.46,49.15,48.83
2023-01-13,48.57,52.29,48.46,48.01,47.62,47.21
2023-01-17,47.99,51.64,47.94,47.52,47.16,46.78
2023-01-18,48.99,52.52,48.95,48.52,48.14,47.74
2023-01-19,48.41,51.82,48.38,47.95,47.58,47.18
2023-01-20,49.01,52.52,49.0,48.65,48.35,48.02
2023-01-23,50.45,53.97,50.11,49.8,49.47,49.12
2023-01-24,51.78,55.41,51.44,51.12,50.78,50.41
2023-01-25,50.58,54.2,50.26,49.94,49.6,49.24
2023-01-26,49.98,53.73,49.65,49.31,48.95,48.57
2023-01-27,51.71,55.33,51.46,51.2,50.91,50.61
2023-01-30,50.83,54.38,50.6,50.32,50.03,49.71
2023-01-31,49.51,53.03,49.29,49.0,48.7,48.38
2023-02-01,49.35,53.06,49.13,48.83,48.51,48.18
2023-02-02,48.71,52.15,48.49,48.18,47.85,47.51
2023-02-03,48.02,51.39,47.79,47.44,47.08,46.69
2023-02-06,47.76,51.17,47.56,47.2,46.82,46.41
2023-02-07,47.52,50.89,47.32,46.95,46.56,46.15
2023-02-08,47.35,50.73,47.16,46.79,46.39,45.97
2023-02-09,46.47,49.82,46.31,45.95,45.57,45.17
2023-02-10,47.63,50.73,47.52,47.28,47.02,46.75
2023-02-13,46.97,49.72,46.89,46.65,46.4,46.13
2023-02-14,48.17,50.71,48.1,47.86,47.61,47.33
2023-02-15,47.77,50.45,47.71,47.48,47.24,46.98
2023-02-16,49.64,52.42,49.59,49.35,49.09,48.82
2023-02-17,49.78,52.44,49.75,49.58,49.39,49.2
2023-02-21,49.7,52.18,49.69,49.52,49.34,49.14
2023-02-22,49.53,52.05,49.34,49.14,48.93,48.74
2023-02-23,50.46,53.07,50.29,50.1,49.89,49.7
2023-02-24,49.1,51.72,48.88,48.62,48.34,48.1
2023-02-27,49.28,52.09,49.1,48.86,48.61,48.38
2023-02-28,50.86,53.64,50.69,50.46,50.22,50.0
2023-03-01,51.03,53.95,50.88,50.65,50.42,50.2
2023-03-02,51.51,54.09,51.36,51.15,50.92,50.72
2023-03-03,50.87,53.45,50.64,50.29,49.92,49.58
2023-03-06,52.25,54.83,52.05,51.67,51.28,50.92
2023-03-07,52.53,55.06,52.34,51.97,51.57,51.21
2023-03-08,54.49,56.89,54.3,53.91,53.49,53.12
2023-03-09,55.34,57.84,55.17,54.78,54.36,53.99
2023-03-10,55.6,57.96,55.44,55.04,54.63,54.25
2023-03-13,56.54,58.81,56.41,55.99,55.54,55.14
2023-03-14,54.86,57.15,54.75,54.32,53.88,53.47
2023-03-15,55.01,57.43,54.91,54.48,54.03,53.62
2023-03-16,55.2,57.61,55.12,54.72,54.3,53.93
2023-03-17,54.3,56.66,54.24,53.88,53.49,53.14
2023-03-20,54.69,57.09,54.67,54.31,53.93,53.58
2023-03-21,52.84,55.3,52.83,52.46,52.08,51.73
2023-03-22,53.81,56.06,53.44,53.06,52.71,52.35
2023-03-23,53.69,55.99,53.34,52.96,52.61,52.26
2023-03-24,55.2,57.47,54.82,54.4,54.02,53.63
2023-03-27,56.36,58.77,56.02,55.59,55.21,54.81
2023-03-28,56.78,59.39,56.47,56.05,55.68,55.3
2023-03-29,55.54,58.14,55.24,54.84,54.47,54.09
2023-03-30,54.92,57.57,54.64,54.24,53.87,53.5
2023-03-31,53.55,55.98,53.19,52.65,52.17,51.68
2023-04-03,53.49,55.66,53.18,52.62,52.12,51.6
2023-04-04,53.96,56.03,53.64,53.05,52.52,51.97
2023-04-05,56.2,58.22,55.89,55.29,54.74,54.18
2023-04-06,56.26,58.39,55.98,55.39,54.85,54.31
2023-04-10,56.25,58.43,56.02,55.34,54.73,54.11
2023-04-11,55.29,57.45,55.07,54.37,53.75,53.11
2023-04-12,54.96,57.23,54.76,54.07,53.45,52.81
2023-04-13,57.07,59.48,56.88,56.16,55.5,54.83
2023-04-14,57.12,59.61,56.94,56.16,55.46,54.75
2023-04-17,57.88,60.26,57.78,56.97,56.24,55.5
2023-04-18,58.79,61.53,58.71,57.87,57.12,56.35
2023-04-19,60.64,63.37,60.59,59.72,58.94,58.14
2023-04-20,59.28,61.99,59.25,58.37,57.58,56.78
2023-04-21,57.83,60.69,56.96,56.17,55.37,54.51
2023-04-24,57.31,60.2,56.51,55.73,54.93,54.07
2023-04-25,57.76,60.49,57.0,56.22,55.43,54.57
2023-04-26,61.1,64.18,60.32,59.5,58.66,57.74
2023-04-27,60.4,63.51,59.67,58.87,58.05,57.16
2023-04-28,61.67,64.74,61.01,60.25,59.48,58.64
2023-05-01,63.86,66.93,63.24,62.44,61.61,60.72
2023-05-02,64.28,67.64,63.69,62.89,62.07,61.18
2023-05-03,66.54,69.86,65.95,65.12,64.26,63.34
2023-05-04,67.43,70.88,66.86,66.01,65.14,64.2
2023-05-05,68.49,72.11,67.95,67.1,66.23,65.28
2023-05-08,64.65,68.49,64.23,63.41,62.57,61.66
2023-05-09,64.9,68.52,64.5,63.69,62.86,61.96
2023-05-10,64.33,67.64,63.97,63.19,62.38,61.51
2023-05-11,65.23,68.72,64.9,64.11,63.3,62.42
2023-05-12,62.83,66.26,62.53,61.74,60.94,60.06
2023-05-15,62.71,66.21,62.5,61.73,60.95,60.1
2023-05-16,64.29,67.71,64.1,63.29,62.47,61.59
2023-05-17,64.97,68.33,64.8,63.99,63.17,62.28
2023-05-18,66.63,69.83,66.49,65.66,64.8,63.88
2023-05-19,66.81,70.13,66.68,65.72,64.75,63.7
2023-05-22,67.15,70.65,67.12,66.17,65.21,64.17
2023-05-23,69.25,72.29,68.27,67.27,66.19,65.25
2023-05-24,70.92,73.81,69.93,68.89,67.76,66.78
2023-05-25,72.83,75.77,71.85,70.78,69.62,68.61
2023-05-26,75.25,78.13,74.37,73.37,72.29,71.34
2023-05-30,75.31,78.44,74.55,73.52,72.41,71.45
2023-05-31,78.76,81.77,77.98,76.87,75.67,74.63
2023-06-01,78.94,82.22,78.19,77.08,75.87,74.83
2023-06-02,79.2,82.29,78.53,77.49,76.35,75.37
2023-06-05,79.0,82.04,78.42,77.36,76.21,75.21
2023-06-06,77.52,80.4,76.98,75.91,74.76,73.76
2023-06-07,74.41,77.17,73.93,72.91,71.79,70.83
2023-06-08,76.39,79.29,75.93,74.89,73.76,72.78
2023-06-09,76.49,79.48,76.12,75.18,74.16,73.28
2023-06-12,76.78,79.69,76.5,75.55,74.53,73.64
2023-06-13,78.53,81.38,78.27,77.31,76.26,75.36
2023-06-14,78.26,81.15,78.04,77.08,76.04,75.15
2023-06-15,77.1,80.01,76.92,75.99,74.98,74.11
2023-06-16,79.31,82.38,79.11,77.92,76.62,75.5
2023-06-20,79.06,82.08,79.02,77.83,76.54,75.43
2023-06-21,79.0,81.82,77.81,76.53,75.41,74.28
2023-06-22,77.42,80.39,76.28,75.0,73.89,72.76
2023-06-23,76.6,79.45,75.57,74.38,73.34,72.29
2023-06-26,75.93,78.87,75.0,73.8,72.76,71.7
2023-06-27,77.9,80.97,76.97,75.71,74.63,73.52
2023-06-28,76.77,79.92,75.9,74.68,73.62,72.54
2023-06-29,79.8,82.9,78.94,77.67,76.57,75.44
2023-06-30,78.09,81.24,77.29,76.05,74.97,73.88
2023-07-03,77.92,81.29,77.22,75.96,74.87,73.75
2023-07-05,76.62,79.83,76.0,74.74,73.65,72.53
2023-07-06,76.61,79.63,76.04,74.79,73.71,72.61
2023-07-07,75.48,78.4,74.92,73.61,72.48,71.33
2023-07-10,74.9,77.87,74.47,73.19,72.09,70.96
2023-07-11,74.75,77.82,74.36,73.09,71.99,70.87
2023-07-12,72.63,75.34,72.29,71.05,69.98,68.89
2023-07-13,75.1,77.8,74.79,73.51,72.41,71.29
2023-07-14,76.89,79.67,76.65,75.53,74.56,73.57
2023-07-17,76.9,79.68,76.76,75.65,74.68,73.69
2023-07-18,74.62,77.54,74.52,73.42,72.46,71.48
2023-07-19,76.86,79.91,76.79,75.63,74.63,73.61
2023-07-20,75.19,78.02,75.15,74.05,73.1,72.12
2023-07-21,74.61,77.72,73.6,72.72,71.82,70.91
2023-07-24,76.38,79.48,75.42,74.51,73.58,72.63
2023-07-25,76.21,79.2,75.3,74.39,73.47,72.53
2023-07-26,78.23,81.21,77.34,76.43,75.49,74.54
2023-07-27,78.77,81.52,77.94,77.05,76.14,75.21
2023-07-28,76.18,79.0,75.49,74.73,73.96,73.17
2023-07-31,76.81,79.57,76.17,75.38,74.56,73.73
2023-08-01,76.85,79.72,76.24,75.45,74.64,73.81
2023-08-02,77.94,80.74,77.34,76.52,75.67,74.81
2023-08-03,76.08,78.83,75.5,74.68,73.83,72.97
2023-08-04,74.67,77.63,74.06,73.15,72.22,71.26
2023-08-07,75.65,78.9,75.14,74.22,73.28,72.32
2023-08-08,73.71,76.99,73.24,72.35,71.43,70.5
2023-08-09,75.9,79.18,75.44,74.5,73.53,72.55
2023-08-10,75.02,78.32,74.59,73.64,72.67,71.68
2023-08-11,76.22,79.53,75.77,74.69,73.59,72.47
2023-08-14,79.51,82.81,79.14,77.99,76.82,75.63
2023-08-15,81.14,84.51,80.82,79.67,78.49,77.3
2023-08-16,81.72,85.11,81.44,80.3,79.13,77.94
2023-08-17,79.81,83.42,79.59,78.51,77.4,76.28
2023-08-18,76.7,80.41,76.52,75.52,74.49,73.45
2023-08-21,77.47,81.22,77.4,76.37,75.32,74.25
2023-08-22,78.27,82.0,78.23,77.18,76.11,75.02
2023-08-23,78.65,82.21,77.59,76.51,75.4,74.38
2023-08-24,78.69,82.03,77.64,76.54,75.41,74.37
2023-08-25,78.52,81.76,77.38,76.14,74.87,73.71
2023-08-28,76.51,79.56,75.52,74.3,73.06,71.92
2023-08-29,77.79,80.91,76.86,75.67,74.46,73.34
2023-08-30,76.48,79.64,75.6,74.42,73.21,72.11
2023-08-31,77.94,81.13,77.09,75.9,74.69,73.57
2023-09-01,77.05,80.2,76.19,74.92,73.62,72.44
2023-09-05,78.59,81.78,77.87,76.53,75.18,73.94
2023-09-06,81.22,84.53,80.51,79.11,77.69,76.38
2023-09-07,78.84,82.18,78.21,76.87,75.5,74.25
2023-09-08,78.75,81.87,78.14,76.75,75.35,74.06
2023-09-11,80.4,83.27,79.92,78.51,77.08,75.76
2023-09-12,83.05,86.02,82.61,81.17,79.7,78.35
2023-09-13,82.11,84.92,81.71,80.25,78.77,77.4
2023-09-14,83.2,85.98,82.84,81.32,79.78,78.37
2023-09-15,83.89,86.8,83.59,82.13,80.64,79.28
2023-09-18,85.54,88.25,85.39,83.9,82.39,81.0
2023-09-19,83.27,85.89,83.17,81.73,80.26,78.91
2023-09-20,83.27,85.6,83.23,81.78,80.32,78.98
2023-09-21,83.82,86.09,82.39,80.94,79.6,78.06
2023-09-22,81.75,84.21,80.27,78.7,77.27,75.62
2023-09-25,79.89,82.38,78.59,77.07,75.67,74.06
2023-09-26,81.78,84.26,80.51,78.95,77.52,75.88
2023-09-27,81.85,84.33,80.64,79.11,77.7,76.08
2023-09-28,81.55,83.89,80.38,78.83,77.41,75.77
2023-09-29,81.15,83.7,80.09,78.61,77.26,75.7
2023-10-02,79.36,81.94,78.48,77.06,75.76,74.25
2023-10-03,79.39,81.92,78.56,77.14,75.83,74.33
2023-10-04,80.8,83.45,79.98,78.51,77.16,75.6
2023-10-05,77.71,80.47,76.97,75.55,74.25,72.75
2023-10-06,77.47,80.4,76.82,75.48,74.24,72.82
2023-10-09,77.51,80.27,76.98,75.62,74.37,72.93
2023-10-10,79.08,81.87,78.58,77.18,75.9,74.42
2023-10-11,77.53,80.36,77.08,75.69,74.43,72.96
2023-10-12,79.73,82.46,79.3,77.85,76.52,74.99
2023-10-13,77.09,80.04,76.74,75.41,74.19,72.78
2023-10-16,79.43,82.26,79.21,77.85,76.59,75.15
2023-10-17,79.57,82.51,79.4,78.08,76.86,75.47
2023-10-18,77.36,80.06,77.24,76.01,74.87,73.56
2023-10-19,78.43,80.93,78.35,77.09,75.93,74.6
2023-10-20,79.22,81.81,79.18,77.89,76.7,75.34
2023-10-23,78.76,81.65,77.55,76.36,74.98,73.83
2023-10-24,76.18,79.19,75.04,73.88,72.55,71.42
2023-10-25,75.35,78.42,74.25,73.1,71.76,70.64
2023-10-26,75.76,78.77,74.68,73.49,72.11,70.96
2023-10-27,77.39,80.25,76.55,75.59,74.47,73.53
2023-10-30,77.91,80.51,77.18,76.24,75.15,74.23
2023-10-31,79.18,81.88,78.47,77.51,76.4,75.46
2023-11-01,80.76,83.68,80.07,79.08,77.93,76.97
2023-11-02,78.57,81.62,77.93,76.95,75.83,74.89
2023-11-03,77.36,80.48,76.79,75.89,74.84,73.95
2023-11-06,76.54,79.64,76.08,75.2,74.18,73.32
2023-11-07,75.29,78.58,74.88,74.05,73.08,72.27
2023-11-08,75.07,78.39,74.7,73.89,72.95,72.16
2023-11-09,75.15,78.46,74.82,74.01,73.09,72.3
2023-11-10,72.02,75.35,71.73,70.95,70.06,69.3
2023-11-13,71.42,74.66,71.21,70.42,69.51,68.74
2023-11-14,71.61,74.99,71.42,70.65,69.75,68.99
2023-11-15,70.68,73.93,70.53,69.78,68.92,68.2
2023-11-16,67.22,70.51,67.09,66.37,65.53,64.82
2023-11-17,68.55,71.92,68.45,67.75,66.95,66.26
2023-11-20,68.83,71.91,68.81,68.1,67.27,66.58
2023-11-21,69.46,72.45,68.74,67.89,67.19,66.48
2023-11-22,72.37,75.45,71.64,70.76,70.02,69.29
2023-11-24,68.61,71.53,67.95,67.11,66.4,65.7
2023-11-27,68.81,71.73,68.23,67.39,66.67,65.96
2023-11-28,70.35,72.93,69.8,68.95,68.23,67.52
2023-11-29,69.54,72.09,69.04,68.23,67.54,66.87
2023-11-30,67.04,69.4,66.59,65.82,65.17,64.53
2023-12-01,67.08,69.35,66.63,65.84,65.17,64.51
2023-12-04,68.09,70.41,67.7,66.87,66.18,65.49
2023-12-05,65.52,67.68,65.16,64.34,63.66,62.98
2023-12-06,65.8,67.98,65.45,64.59,63.87,63.16
2023-12-07,63.11,65.39,62.79,61.96,61.27,60.58
2023-12-08,63.34,65.53,63.03,62.14,61.39,60.65
2023-12-11,64.64,67.23,64.41,63.54,62.81,62.09
2023-12-12,65.35,68.11,65.15,64.29,63.56,62.84
2023-12-13,65.24,68.02,65.06,64.2,63.48,62.76
2023-12-14,64.42,67.43,64.27,63.45,62.75,62.05
2023-12-15,62.98,65.92,62.87,62.07,61.4,60.74
2023-12-18,64.97,67.9,64.93,64.11,63.42,62.74
2023-12-19,65.95,68.76,65.92,65.07,64.36,63.65
2023-12-20,63.31,66.06,62.51,61.83,61.15,60.4
2023-12-21,64.82,67.83,64.03,63.34,62.66,61.9
2023-12-22,66.16,69.27,65.5,64.91,64.32,63.66
2023-12-26,64.1,67.08,63.55,62.99,62.43,61.8
2023-12-27,61.3,64.4,60.81,60.29,59.77,59.19
2023-12-28,61.85,65.11,61.35,60.8,60.26,59.64
2023-12-29,62.37,65.51,61.86,61.29,60.71,60.07
2024-01-02,61.58,64.81,61.16,60.58,60.01,59.36
2024-01-03,62.06,65.18,61.65,61.05,60.46,59.79
2024-01-04,60.95,64.15,60.56,59.98,59.39,58.74
2024-01-05,59.39,62.33,58.95,58.25,57.55,56.77
2024-01-08,59.45,62.25,59.09,58.39,57.7,56.92
2024-01-09,59.03,62.08,58.69,57.98,57.29,56.51
2024-01-10,57.29,60.56,56.98,56.29,55.61,54.85
2024-01-11,58.15,61.35,57.87,57.18,56.49,55.73
2024-01-12,58.82,62.04,58.54,57.83,57.12,56.32
2024-01-16,60.05,63.36,59.88,59.15,58.43,57.63
2024-01-17,59.67,62.85,59.52,58.79,58.08,57.28
2024-01-18,61.41,64.74,61.28,60.52,59.77,58.93
2024-01-19,61.48,64.86,61.37,60.58,59.8,58.92
2024-01-22,62.69,66.09,62.66,61.84,61.03,60.12
2024-01-23,62.13,65.64,61.33,60.54,59.65,58.88
2024-01-24,62.25,65.65,61.46,60.66,59.76,58.98
2024-01-25,63.58,66.87,62.82,62.01,61.1,60.31
2024-01-26,65.59,68.83,64.85,64.04,63.13,62.34
2024-01-29,67.07,70.34,66.4,65.57,64.63,63.82
2024-01-30,65.72,69.14,65.11,64.3,63.4,62.62
2024-01-31,64.45,67.83,63.86,63.05,62.14,61.35
2024-02-01,66.17,69.65,65.59,64.75,63.81,62.99
2024-02-02,65.28,69.04,64.75,63.96,63.06,62.29
2024-02-05,64.83,68.61,64.37,63.53,62.59,61.78
2024-02-06,66.91,70.75,66.46,65.6,64.63,63.79
2024-02-07,65.19,68.8,64.78,63.92,62.96,62.12
2024-02-08,65.23,68.83,64.82,63.93,62.93,62.07
2024-02-09,64.57,68.11,64.21,63.33,62.36,61.51
2024-02-12,65.61,69.4,65.33,64.43,63.42,62.54
2024-02-13,67.45,71.27,67.19,66.26,65.22,64.32
2024-02-14,66.34,70.08,66.11,65.19,64.16,63.26
2024-02-15,68.43,72.4,68.24,67.3,66.24,65.33
2024-02-16,69.16,72.89,69.01,68.13,67.14,66.28
2024-02-20,71.91,75.51,71.88,70.97,69.96,69.08
2024-02-21,75.13,78.72,74.17,73.09,72.15,71.19
2024-02-22,76.38,80.11,75.41,74.27,73.29,72.29
2024-02-23,75.28,79.33,74.35,73.23,72.26,71.27
2024-02-26,75.83,80.01,75.01,73.89,72.92,71.93
2024-02-27,77.61,81.95,76.79,75.64,74.64,73.63
2024-02-28,78.74,83.11,77.93,76.73,75.69,74.63
2024-02-29,79.29,83.66,78.49,77.24,76.17,75.07
2024-03-01,75.98,80.25,75.2,73.92,72.82,71.7
2024-03-04,73.79,77.94,73.15,71.92,70.86,69.77
2024-03-05,74.14,78.24,73.54,72.31,71.26,70.18
2024-03-06,73.42,77.55,72.86,71.66,70.62,69.56
2024-03-07,72.72,76.89,72.21,71.04,70.03,68.99
2024-03-08,71.33,75.55,70.9,69.83,68.9,67.95
2024-03-11,72.29,76.52,71.96,70.86,69.91,68.94
2024-03-12,72.5,76.74,72.21,71.15,70.24,69.3
2024-03-13,71.19,75.57,70.94,69.91,69.01,68.1
2024-03-14,70.36,74.6,70.15,69.13,68.26,67.36
2024-03-15,71.12,75.18,70.94,69.96,69.1,68.23
2024-03-18,70.89,75.05,70.8,69.83,68.99,68.12
2024-03-19,69.48,73.71,69.42,68.45,67.61,66.76
2024-03-20,71.93,76.18,71.9,70.9,70.04,69.15
2024-03-21,72.68,76.79,71.66,70.77,69.87,68.91
2024-03-22,75.04,79.06,74.25,73.54,72.82,72.06
2024-03-25,74.97,78.99,74.23,73.5,72.74,71.95
2024-03-26,75.42,79.3,74.71,73.98,73.23,72.44
2024-03-27,77.36,81.25,76.67,75.93,75.17,74.37
2024-03-28,78.82,82.74,78.15,77.4,76.63,75.82
2024-04-01,77.17,81.2,76.56,75.75,74.93,74.06
2024-04-02,76.32,80.37,75.74,74.94,74.13,73.27
2024-04-03,74.1,78.25,73.56,72.78,71.98,71.14
2024-04-04,75.0,79.16,74.48,73.7,72.9,72.06
2024-04-05,74.82,79.2,74.27,73.38,72.47,71.52
2024-04-08,72.86,77.3,72.4,71.52,70.62,69.67
2024-04-09,72.77,77.24,72.33,71.42,70.5,69.52
2024-04-10,73.01,77.73,72.61,71.71,70.8,69.84
2024-04-11,71.95,76.45,71.58,70.67,69.75,68.78
2024-04-12,71.06,75.77,70.75,69.92,69.08,68.19
2024-04-15,71.13,75.8,70.91,70.13,69.32,68.47
2024-04-16,70.68,75.6,70.49,69.69,68.87,68.01
2024-04-17,73.74,78.6,73.57,72.74,71.88,70.99
2024-04-18,75.51,80.44,75.36,74.47,73.57,72.61
2024-04-19,74.1,79.01,73.99,73.18,72.36,71.49
2024-04-22,74.63,79.42,74.6,73.79,72.95,72.07
2024-04-23,72.87,77.77,72.06,71.23,70.35,69.57
2024-04-24,72.73,77.72,71.95,71.12,70.25,69.47
2024-04-25,73.14,78.11,72.38,71.55,70.67,69.88
2024-04-26,71.96,77.04,71.18,70.28,69.33,68.49
2024-04-29,71.3,76.34,70.62,69.73,68.8,67.97
2024-04-30,72.75,77.82,72.1,71.24,70.33,69.51
2024-05-01,70.86,75.74,70.24,69.37,68.45,67.63
2024-05-02,69.83,74.75,69.26,68.4,67.5,66.69
2024-05-03,67.42,72.25,66.97,66.26,65.51,64.84
2024-05-06,66.3,70.97,65.93,65.25,64.54,63.89
2024-05-07,66.07,70.66,65.73,65.04,64.32,63.67
2024-05-08,69.14,73.78,68.8,68.09,67.33,66.66
2024-05-09,70.1,74.75,69.78,69.05,68.28,67.58
2024-05-10,69.5,74.08,69.24,68.62,67.95,67.36
2024-05-13,71.42,76.06,71.23,70.59,69.92,69.31
2024-05-14,70.85,75.39,70.68,70.05,69.39,68.79
2024-05-15,71.36,75.57,71.21,70.58,69.91,69.31
2024-05-16,71.63,75.92,71.5,70.86,70.19,69.59
2024-05-17,69.87,74.29,69.76,69.08,68.35,67.71
2024-05-20,68.01,72.55,67.96,67.25,66.51,65.85
2024-05-21,70.58,75.16,70.56,69.83,69.05,68.36
2024-05-22,69.72,74.21,68.97,68.19,67.48,66.73
2024-05-23,68.51,72.82,67.8,67.03,66.34,65.6
2024-05-24,65.87,69.97,65.1,64.22,63.44,62.62
2024-05-28,66.74,70.81,66.05,65.15,64.34,63.49
2024-05-29,67.17,71.12,66.51,65.6,64.79,63.93
2024-05-30,67.64,71.97,67.03,66.14,65.35,64.51
2024-05-31,67.5,71.8,67.02,66.29,65.64,64.95
2024-06-03,68.23,72.32,67.82,67.1,66.45,65.76
2024-06-04,68.05,71.97,67.68,66.99,66.37,65.71
2024-06-05,66.93,70.8,66.58,65.88,65.26,64.6
2024-06-06,66.35,70.36,66.03,65.35,64.74,64.1
2024-06-07,65.65,69.85,65.3,64.5,63.79,63.04
2024-06-10,65.32,69.43,65.05,64.29,63.6,62.87
2024-06-11,66.08,70.22,65.83,65.04,64.34,63.59
2024-06-12,65.17,69.1,64.95,64.17,63.46,62.72
2024-06-13,65.47,69.59,65.27,64.49,63.8,63.06
2024-06-14,64.99,69.24,64.83,64.09,63.44,62.74
2024-06-17,63.84,68.06,63.75,63.03,62.39,61.71
2024-06-18,64.49,68.58,64.43,63.7,63.06,62.37
2024-06-20,63.77,67.93,63.74,63.07,62.46,61.81
2024-06-21,62.02,66.15,61.24,60.55,59.81,59.06
2024-06-24,62.84,66.99,62.15,61.47,60.75,60.01
2024-06-25,62.16,66.4,61.53,60.87,60.18,59.48
2024-06-26,61.43,65.6,60.83,60.19,59.52,58.83
2024-06-27,59.75,63.77,59.19,58.58,57.93,57.26
2024-06-28,58.91,62.82,58.39,57.79,57.15,56.5
2024-07-01,59.62,63.27,59.15,58.54,57.89,57.23
2024-07-02,60.62,64.32,60.18,59.58,58.95,58.31
2024-07-03,61.96,65.83,61.54,60.93,60.28,59.63
2024-07-05,61.95,65.74,61.55,60.91,60.23,59.54
2024-07-08,60.88,64.54,60.55,59.94,59.29,58.62
2024-07-09,59.72,63.37,59.42,58.8,58.15,57.49
2024-07-10,58.28,61.9,58.01,57.41,56.77,56.13
2024-07-11,58.59,62.24,58.34,57.75,57.11,56.47
2024-07-12,58.29,61.79,58.03,57.37,56.67,55.95
2024-07-15,56.18,59.66,56.0,55.34,54.65,53.94
2024-07-16,54.9,58.55,54.74,54.1,53.41,52.71
2024-07-17,54.92,58.57,54.79,54.13,53.44,52.74
2024-07-18,55.22,58.78,55.11,54.45,53.76,53.05
2024-07-19,56.2,59.99,56.11,55.44,54.74,54.02
2024-07-22,55.51,59.26,55.49,54.83,54.13,53.42
2024-07-23,55.97,59.91,55.31,54.61,53.89,53.25
2024-07-24,55.71,59.52,55.06,54.34,53.62,52.97
2024-07-25,56.19,60.07,55.56,54.85,54.13,53.49
2024-07-26,55.14,59.13,54.58,53.92,53.25,52.64
2024-07-29,55.69,59.66,55.21,54.57,53.92,53.33
2024-07-30,55.72,59.66,55.26,54.62,53.96,53.37
2024-07-31,55.55,59.21,55.1,54.45,53.78,53.18
2024-08-01,55.73,59.54,55.3,54.63,53.95,53.33
2024-08-02,56.88,60.78,56.43,55.7,54.95,54.28
2024-08-05,56.58,60.53,56.2,55.48,54.74,54.08
2024-08-06,56.27,59.98,55.91,55.19,54.45,53.79
2024-08-07,55.09,58.55,54.76,54.03,53.28,52.62
2024-08-08,56.33,59.68,56.0,55.24,54.47,53.77
2024-08-09,55.19,58.58,54.85,53.98,53.11,52.32
2024-08-12,55.35,58.87,55.1,54.26,53.41,52.65
2024-08-13,56.35,59.8,56.12,55.27,54.4,53.62
2024-08-14,57.77,61.05,57.56,56.66,55.75,54.93
2024-08-15,56.2,59.26,56.03,55.17,54.3,53.52
2024-08-16,54.55,57.41,54.41,53.56,52.71,51.94
2024-08-19,54.16,56.64,54.1,53.28,52.44,51.69
2024-08-20,54.72,57.34,54.69,53.85,53.0,52.24
2024-08-21,54.09,56.75,53.25,52.4,51.63,50.88
2024-08-22,54.32,56.98,53.48,52.59,51.81,51.03
2024-08-23,55.16,57.98,54.36,53.5,52.73,51.97
2024-08-26,56.62,59.46,55.88,54.99,54.19,53.41
2024-08-27,55.77,58.71,55.06,54.17,53.38,52.6
2024-08-28,55.01,57.98,54.36,53.49,52.72,51.96
2024-08-29,56.46,59.37,55.83,54.96,54.18,53.41
2024-08-30,56.25,59.11,55.62,54.72,53.91,53.12
2024-09-03,56.28,59.03,55.77,54.88,54.09,53.31
2024-09-04,56.2,58.93,55.71,54.81,54.0,53.21
2024-09-05,56.52,59.32,56.06,55.16,54.35,53.56
2024-09-06,58.7,61.72,58.27,57.38,56.58,55.8
2024-09-09,58.09,61.11,57.76,56.88,56.1,55.33
2024-09-10,58.15,61.19,57.84,56.95,56.15,55.36
2024-09-11,56.77,59.79,56.49,55.61,54.81,54.03
2024-09-12,57.66,60.53,57.4,56.5,55.69,54.89
2024-09-13,58.91,61.89,58.63,57.53,56.56,55.6
2024-09-16,60.02,63.23,59.84,58.75,57.77,56.81
2024-09-17,62.18,65.45,62.03,60.91,59.92,58.93
2024-09-18,62.44,65.77,62.33,61.18,60.15,59.14
2024-09-19,61.47,64.79,61.4,60.25,59.24,58.24
2024-09-20,62.87,66.19,62.83,61.62,60.53,59.47
2024-09-23,64.85,68.3,63.66,62.53,61.42,60.18
2024-09-24,63.96,67.42,62.82,61.69,60.59,59.36
2024-09-25,62.86,66.32,61.78,60.67,59.59,58.38
2024-09-26,62.18,65.74,61.14,60.03,58.94,57.73
2024-09-27,59.43,62.94,58.45,57.38,56.34,55.16
2024-09-30,59.93,63.6,59.07,57.99,56.94,55.76
2024-10-01,61.22,64.75,60.39,59.3,58.23,57.04
2024-10-02,62.24,65.68,61.42,60.31,59.21,57.99
2024-10-03,64.57,67.97,63.75,62.59,61.45,60.18
2024-10-04,63.95,67.53,63.22,62.12,61.03,59.82
2024-10-07,62.3,66.24,61.69,60.61,59.55,58.37
2024-10-08,61.96,65.87,61.4,60.34,59.3,58.13
2024-10-09,62.91,66.83,62.38,61.3,60.23,59.05
2024-10-10,64.35,68.15,63.85,62.76,61.68,60.47
2024-10-11,64.51,68.36,64.12,63.21,62.31,61.3
2024-10-14,63.64,67.47,63.36,62.45,61.57,60.57
2024-10-15,61.5,65.36,61.26,60.4,59.56,58.61
2024-10-16,60.33,64.33,60.13,59.29,58.47,57.55
2024-10-17,62.07,66.15,61.9,61.06,60.23,59.3
2024-10-18,63.2,67.33,63.06,62.24,61.44,60.54
2024-10-21,65.31,69.37,65.25,64.4,63.56,62.61
2024-10-22,65.62,69.67,65.59,64.74,63.91,62.97
2024-10-23,66.58,70.51,65.71,64.85,63.88,63.02
2024-10-24,65.71,69.89,64.87,64.01,63.05,62.18
2024-10-25,64.86,69.05,63.96,63.0,61.93,60.97
2024-10-28,65.44,69.61,64.64,63.67,62.6,61.63
2024-10-29,63.75,67.92,62.98,62.03,60.96,60.0
2024-10-30,63.79,67.76,63.04,62.08,61.0,60.03
2024-10-31,65.15,69.27,64.42,63.43,62.32,61.32
2024-11-01,68.91,73.15,68.1,66.95,65.65,64.49
2024-11-04,68.39,72.8,67.71,66.57,65.3,64.17
2024-11-05,67.52,72.02,66.9,65.79,64.54,63.43
2024-11-06,64.32,68.73,63.77,62.72,61.55,60.5
2024-11-07,63.73,68.15,63.21,62.17,61.0,59.96
2024-11-08,62.53,67.07,62.05,60.99,59.8,58.74
2024-11-11,65.0,69.44,64.63,63.54,62.33,61.25
2024-11-12,64.23,68.67,63.89,62.81,61.6,60.52
2024-11-13,62.47,67.0,62.18,61.1,59.91,58.84
2024-11-14,62.03,66.81,61.77,60.69,59.49,58.41
2024-11-15,61.29,65.95,61.07,60.02,58.84,57.78
2024-11-18,59.78,64.34,59.68,58.66,57.52,56.5
2024-11-19,60.58,65.15,60.5,59.45,58.27,57.22
2024-11-20,61.56,66.41,61.52,60.44,59.23,58.15
2024-11-21,60.78,65.75,59.71,58.52,57.46,56.48
2024-11-22,63.01,68.01,61.89,60.6,59.45,58.4
2024-11-25,62.51,67.49,61.52,60.24,59.1,58.06
2024-11-26,58.89,63.67,58.0,56.8,55.73,54.75
2024-11-27,57.41,62.08,56.58,55.41,54.36,53.41
2024-11-29,56.81,61.43,56.06,54.9,53.86,52.92
2024-12-02,58.32,63.19,57.68,56.52,55.49,54.54
2024-12-03,57.65,62.36,57.05,55.9,54.88,53.94
2024-12-04,57.03,61.69,56.49,55.38,54.39,53.48
2024-12-05,55.82,60.31,55.32,54.23,53.25,52.36
2024-12-06,56.0,60.59,55.58,54.6,53.73,52.92
2024-12-09,54.25,58.8,53.93,52.98,52.12,51.34
2024-12-10,53.11,57.72,52.82,51.86,51.01,50.23
2024-12-11,53.4,58.02,53.13,52.17,51.31,50.52
2024-12-12,53.63,58.17,53.39,52.43,51.57,50.78
2024-12-13,52.91,57.22,52.73,51.89,51.13,50.44
2024-12-16,55.8,60.04,55.69,54.78,53.97,53.23
2024-12-17,55.99,60.25,55.91,55.0,54.19,53.44
2024-12-18,56.1,60.17,56.05,55.14,54.34,53.59
2024-12-19,54.84,59.09,54.81,53.92,53.12,52.39
2024-12-20,54.48,58.64,53.63,52.87,52.18,51.36
2024-12-23,53.11,57.29,52.37,51.63,50.95,50.16
2024-12-24,53.38,57.51,52.66,51.93,51.25,50.47
2024-12-26,53.47,57.39,52.8,52.06,51.38,50.6
2024-12-27,54.38,58.49,53.71,52.95,52.24,51.42
2024-12-30,55.28,59.24,54.67,53.89,53.17,52.34
2024-12-31,56.42,60.49,55.83,55.04,54.32,53.48
2025-01-02,54.64,58.85,54.11,53.34,52.63,51.81
2025-01-03,54.77,58.77,54.18,53.27,52.43,51.45
2025-01-06,56.51,60.52,55.98,55.02,54.13,53.1
2025-01-07,54.8,58.89,54.32,53.37,52.5,51.49
2025-01-08,54.79,59.05,54.35,53.42,52.57,51.58
2025-01-09,57.08,61.45,56.65,55.66,54.76,53.71
2025-01-10,56.56,61.0,56.12,55.04,54.05,52.91
2025-01-13,57.79,62.35,57.45,56.34,55.31,54.13
2025-01-14,56.63,61.39,56.33,55.22,54.19,53.01
2025-01-15,57.53,62.02,57.26,56.12,55.07,53.86
2025-01-16,56.85,61.34,56.62,55.47,54.42,53.21
2025-01-17,57.83,62.34,57.65,56.6,55.63,54.51
2025-01-21,57.07,61.23,57.04,55.98,55.02,53.9
2025-01-22,57.27,61.58,56.21,55.25,54.13,53.2
2025-01-23,55.21,59.46,54.23,53.31,52.24,51.35
2025-01-24,56.44,60.64,55.45,54.48,53.35,52.42
2025-01-27,55.04,59.44,54.18,53.23,52.14,51.23
2025-01-28,55.88,60.13,55.05,54.09,52.98,52.06
2025-01-29,56.42,60.6,55.6,54.61,53.47,52.52
2025-01-30,57.64,61.9,56.84,55.83,54.67,53.7
2025-01-31,59.76,64.03,59.02,58.05,56.92,55.98
2025-02-03,60.85,65.16,60.2,59.21,58.06,57.1
2025-02-04,59.85,64.0,59.26,58.3,57.18,56.26
2025-02-05,60.51,64.83,59.94,58.95,57.81,56.86
2025-02-06,60.45,64.89,59.91,58.92,57.78,56.82
2025-02-07,60.79,65.06,60.34,59.43,58.39,57.51
2025-02-10,61.19,65.53,60.82,59.91,58.86,57.98
2025-02-11,61.37,65.74,61.05,60.15,59.1,58.23
2025-02-12,63.29,67.71,62.99,62.05,60.96,60.06
2025-02-13,61.87,66.17,61.6,60.68,59.62,58.73
2025-02-14,62.02,66.18,61.79,60.88,59.83,58.96
2025-02-18,61.84,66.15,61.74,60.84,59.79,58.92
2025-02-19,59.88,64.29,59.82,58.95,57.95,57.11
2025-02-20,59.99,64.49,59.96,59.08,58.07,57.22
2025-02-21,58.03,62.72,57.27,56.38,55.63,54.82
2025-02-24,56.77,61.6,56.12,55.27,54.56,53.79
2025-02-25,56.36,61.27,55.72,54.84,54.1,53.3
2025-02-26,57.51,62.48,56.88,55.98,55.23,54.41
2025-02-27,57.39,62.3,56.78,55.89,55.14,54.33
2025-02-28,58.21,63.21,57.59,56.64,55.84,54.97
2025-03-03,58.95,64.12,58.42,57.45,56.65,55.77
2025-03-04,61.23,66.21,60.71,59.72,58.89,57.98
2025-03-05,60.69,65.59,60.21,59.25,58.44,57.57
2025-03-06,63.15,68.16,62.67,61.64,60.77,59.83
2025-03-07,60.75,65.69,60.34,59.39,58.59,57.72
2025-03-10,61.23,65.91,60.9,59.92,59.1,58.2
2025-03-11,62.11,67.15,61.81,60.82,59.99,59.08
2025-03-12,63.19,67.98,62.91,61.91,61.07,60.16
2025-03-13,60.34,65.36,60.1,59.15,58.36,57.49
2025-03-14,59.64,64.67,59.42,58.39,57.54,56.6
2025-03-17,61.24,66.1,61.11,60.07,59.2,58.25
2025-03-18,63.24,68.38,63.14,62.07,61.18,60.21
2025-03-19,64.5,69.54,64.43,63.34,62.43,61.43
2025-03-20,65.82,71.03,65.79,64.67,63.74,62.73
2025-03-21,65.9,71.09,64.76,63.8,62.77,61.71
2025-03-24,64.44,69.68,63.42,62.48,61.46,60.42
2025-03-25,64.28,69.71,63.28,62.33,61.29,60.23
2025-03-26,66.74,72.26,65.72,64.71,63.61,62.49
2025-03-27,66.07,71.77,65.08,64.06,62.96,61.83
2025-03-28,66.6,72.5,65.84,65.02,64.14,63.24
2025-03-31,64.83,70.71,64.19,63.41,62.57,61.71
2025-04-01,65.85,72.0,65.21,64.39,63.5,62.6
2025-04-02,66.76,72.97,66.14,65.34,64.46,63.56
2025-04-03,68.53,74.66,67.94,67.12,66.22,65.31
2025-04-04,70.5,76.74,70.04,69.36,68.62,67.86
2025-04-07,70.29,76.49,69.9,69.21,68.46,67.69
2025-04-08,71.25,77.46,70.89,70.22,69.48,68.73
2025-04-09,73.08,79.08,72.73,72.03,71.26,70.48
2025-04-10,72.08,78.04,71.75,71.05,70.28,69.5
2025-04-11,71.87,77.87,71.5,70.66,69.73,68.79
2025-04-14,72.01,78.07,71.74,70.89,69.96,69.02
2025-04-15,71.27,77.28,71.01,70.12,69.14,68.15
2025-04-16,72.28,78.26,72.04,71.12,70.11,69.08
2025-04-17,73.07,79.02,72.86,71.92,70.88,69.83
2025-04-21,72.38,78.27,72.3,71.32,70.24,69.15
2025-04-22,71.68,77.59,71.65,70.67,69.6,68.51
2025-04-23,70.05,76.03,69.09,68.04,66.98,66.03
2025-04-24,70.93,76.95,69.95,68.84,67.72,66.71
2025-04-25,70.41,76.38,69.32,68.05,66.76,65.61
2025-04-28,70.2,75.92,69.24,67.98,66.69,65.55
2025-04-29,71.39,77.16,70.46,69.18,67.89,66.73
2025-04-30,72.24,78.35,71.33,70.01,68.68,67.49
2025-05-01,72.95,79.17,72.08,70.74,69.38,68.18
2025-05-02,73.5,79.59,72.75,71.55,70.32,69.23
2025-05-05,76.47,82.59,75.82,74.56,73.29,72.15
2025-05-06,74.03,79.87,73.43,72.22,70.99,69.89
2025-05-07,73.05,78.82,72.52,71.34,70.14,69.08
2025-05-08,72.1,77.96,71.6,70.42,69.23,68.16
2025-05-09,70.81,76.75,70.4,69.35,68.29,67.34
2025-05-12,70.89,76.81,70.58,69.54,68.48,67.54
2025-05-13,73.4,79.31,73.12,72.05,70.95,69.97
2025-05-14,74.67,80.52,74.43,73.36,72.26,71.29
2025-05-15,75.51,81.24,75.3,74.22,73.13,72.15
2025-05-16,73.85,79.83,73.66,72.54,71.4,70.38
2025-05-19,73.85,80.02,73.78,72.66,71.52,70.51
2025-05-20,74.45,80.53,74.41,73.28,72.14,71.12
2025-05-21,75.11,81.15,73.99,72.85,71.83,70.69
2025-05-22,75.96,81.99,74.86,73.71,72.68,71.52
2025-05-23,78.66,84.66,77.3,75.84,74.53,73.07
2025-05-27,77.15,83.03,75.99,74.53,73.23,71.78
2025-05-28,76.07,81.73,74.98,73.55,72.27,70.84
2025-05-29,75.49,81.16,74.44,73.01,71.73,70.31
2025-05-30,78.73,84.39,77.66,76.13,74.76,73.24
2025-06-02,79.34,84.99,78.39,76.81,75.41,73.84
2025-06-03,81.53,87.2,80.63,79.06,77.67,76.11
2025-06-04,80.49,86.22,79.67,78.14,76.77,75.25
2025-06-05,83.38,88.98,82.56,80.97,79.55,77.96
2025-06-06,85.36,90.86,84.66,83.18,81.86,80.39
2025-06-09,82.95,88.28,82.4,80.96,79.67,78.23
2025-06-10,82.2,87.38,81.7,80.26,78.98,77.55
2025-06-11,84.58,89.58,84.12,82.67,81.37,79.91
2025-06-12,87.57,92.38,87.14,85.62,84.27,82.76
2025-06-13,89.14,94.04,88.75,87.17,85.76,84.18
2025-06-16,89.99,94.92,89.74,88.14,86.72,85.12
2025-06-17,92.98,98.05,92.77,91.11,89.63,87.97
2025-06-18,95.99,101.19,95.83,94.13,92.62,90.94
2025-06-20,96.46,101.49,96.41,94.76,93.29,91.64
2025-06-23,90.14,95.21,88.68,87.29,85.73,84.38
2025-06-24,90.76,95.75,89.38,88.02,86.5,85.19
2025-06-25,91.11,95.98,89.81,88.47,86.98,85.69
2025-06-26,91.35,96.31,90.12,88.81,87.35,86.08
2025-06-27,90.03,95.37,88.97,87.8,86.48,85.34
2025-06-30,86.91,92.26,86.01,84.89,83.64,82.55
2025-07-01,88.52,93.9,87.62,86.45,85.13,83.99
2025-07-02,89.78,95.15,88.91,87.72,86.38,85.23
2025-07-03,87.46,92.81,86.66,85.52,84.23,83.12
2025-07-07,86.92,92.27,86.13,84.73,83.15,81.79
2025-07-08,87.9,93.19,87.15,85.72,84.11,82.72
2025-07-09,90.15,95.3,89.43,87.97,86.33,84.92
2025-07-10,90.87,96.13,90.19,88.7,87.03,85.59
2025-07-11,87.69,93.01,87.04,85.51,83.79,82.31
2025-07-14,86.78,91.91,86.31,84.78,83.08,81.61
2025-07-15,84.78,89.69,84.36,82.86,81.19,79.75
2025-07-16,84.48,89.54,84.12,82.65,81.0,79.58
2025-07-17,83.19,88.28,82.89,81.45,79.84,78.45
2025-07-18,83.12,88.09,82.86,81.4,79.76,78.35
2025-07-21,81.25,86.19,81.15,79.72,78.11,76.73
2025-07-22,81.2,86.29,81.15,79.73,78.14,76.77
2025-07-23,82.64,87.94,81.18,79.56,78.15,76.73
2025-07-24,78.39,83.64,77.07,75.55,74.23,72.9
2025-07-25,85.05,90.46,83.67,82.01,80.58,79.13
2025-07-28,88.84,94.15,87.57,85.85,84.37,82.87
2025-07-29,85.99,91.21,84.8,83.12,81.68,80.21
2025-07-30,86.87,91.92,85.69,83.96,82.47,80.95
2025-07-31,87.51,92.48,86.36,84.58,83.05,81.49
2025-08-01,85.33,90.35,84.39,82.86,81.54,80.19
2025-08-04,83.37,88.15,82.59,81.11,79.82,78.51
2025-08-05,82.73,87.35,82.02,80.56,79.31,78.03
2025-08-06,79.97,84.72,79.33,77.93,76.73,75.5
2025-08-07,79.23,83.91,78.64,77.26,76.06,74.85
2025-08-08,80.87,85.62,80.33,78.98,77.81,76.62
2025-08-11,80.9,85.68,80.49,79.15,77.98,76.8
2025-08-12,79.94,84.51,79.56,78.22,77.05,75.86
2025-08-13,82.44,86.78,82.1,80.72,79.52,78.3
2025-08-14,81.6,85.86,81.31,79.96,78.79,77.61
2025-08-15,79.34,83.72,79.12,77.9,76.86,75.78
2025-08-18,77.48,81.82,77.37,76.21,75.2,74.17
2025-08-19,78.04,82.46,77.97,76.82,75.81,74.79
2025-08-20,77.66,82.29,77.63,76.45,75.44,74.4
2025-08-21,78.65,83.4,77.44,76.39,75.32,74.3
2025-08-22,76.95,81.71,75.64,74.47,73.29,72.16
2025-08-25,78.57,83.33,77.36,76.16,74.95,73.8
2025-08-26,79.03,83.75,77.85,76.65,75.43,74.27
2025-08-27,79.0,83.51,77.86,76.66,75.44,74.27
2025-08-28,78.32,82.94,77.22,76.01,74.78,73.61
2025-08-29,78.51,83.28,77.38,76.08,74.75,73.5
2025-09-02,78.94,83.8,77.95,76.62,75.26,73.97
2025-09-03,77.24,82.05,76.31,74.99,73.65,72.37
2025-09-04,77.84,82.38,76.95,75.62,74.27,72.99
2025-09-05,77.59,81.96,76.73,75.37,73.99,72.68
2025-09-08,81.3,85.82,80.55,79.11,77.66,76.27
2025-09-09,81.08,85.47,80.38,78.95,77.49,76.11
2025-09-10,79.82,83.98,79.18,77.77,76.34,74.98
2025-09-11,80.06,83.96,79.48,78.09,76.68,75.34
2025-09-12,79.02,83.21,78.44,76.94,75.41,73.96
2025-09-15,79.87,84.23,79.45,77.92,76.36,74.89
2025-09-16,76.74,81.02,76.37,74.89,73.38,71.95
2025-09-17,77.19,81.65,76.89,75.42,73.94,72.53
2025-09-18,78.69,83.15,78.43,76.95,75.44,74.0
2025-09-19,76.92,81.47,76.74,75.44,74.12,72.87
2025-09-22,78.52,83.12,78.47,77.17,75.84,74.58
2025-09-23,79.26,83.73,77.93,76.58,75.3,73.91
2025-09-24,79.96,84.37,78.66,77.29,75.99,74.57
2025-09-25,80.52,84.99,79.26,77.89,76.59,75.18
2025-09-26,80.53,85.0,79.46,78.23,77.06,75.8
2025-09-29,80.39,84.8,79.42,78.18,77.0,75.72
2025-09-30,81.74,86.18,80.79,79.51,78.29,76.97
2025-10-01,81.51,85.63,80.61,79.35,78.14,76.83
2025-10-02,78.73,82.73,77.91,76.7,75.55,74.31
2025-10-03,77.99,81.78,77.22,76.02,74.87,73.63
2025-10-06,77.85,81.99,77.19,75.97,74.8,73.54
2025-10-07,79.28,83.15,78.66,77.43,76.27,75.0
2025-10-08,78.76,82.8,78.18,76.95,75.78,74.52
2025-10-09,77.92,82.03,77.39,76.17,75.0,73.74
2025-10-10,74.94,79.14,74.52,73.47,72.48,71.39
2025-10-13,77.1,81.44,76.77,75.7,74.68,73.57
2025-10-14,79.04,83.35,78.75,77.67,76.65,75.53
2025-10-15,78.49,82.91,78.22,77.12,76.06,74.92
2025-10-16,76.35,80.51,76.14,75.09,74.09,73.0
2025-10-17,77.26,81.2,77.04,75.75,74.52,73.19
2025-10-20,78.51,82.51,78.43,77.14,75.92,74.59
2025-10-21,79.53,83.76,79.49,78.19,76.96,75.63
2025-10-22,81.46,85.71,80.14,78.89,77.53,76.23
2025-10-23,82.83,87.16,81.53,80.25,78.87,77.55
2025-10-24,81.24,85.43,79.97,78.68,77.28,75.94
2025-10-27,81.04,84.88,79.93,78.65,77.27,75.95
2025-10-28,78.28,82.34,77.26,76.05,74.74,73.48
2025-10-29,79.09,83.19,78.1,76.87,75.53,74.26
2025-10-30,79.36,83.35,78.41,77.17,75.82,74.54
2025-10-31,78.99,82.98,78.16,77.02,75.78,74.61
2025-11-03,79.05,83.08,78.33,77.19,75.95,74.77
2025-11-04,80.51,84.54,79.82,78.67,77.42,76.23
2025-11-05,81.98,86.02,81.32,80.16,78.89,77.68
2025-11-06,83.14,87.37,82.51,81.32,80.02,78.78
2025-11-07,84.94,89.29,84.32,83.06,81.68,80.37
2025-11-10,83.19,87.38,82.73,81.5,80.18,78.91
2025-11-11,84.15,88.39,83.72,82.49,81.16,79.89
2025-11-12,81.77,86.14,81.39,80.19,78.89,77.64
2025-11-13,79.35,83.7,79.02,77.85,76.59,75.38
2025-11-14,78.66,83.19,78.35,77.07,75.68,74.35
2025-11-17,78.95,83.42,78.77,77.48,76.09,74.76
2025-11-18,82.28,86.86,82.13,80.78,79.3,77.9
2025-11-19,79.53,84.14,79.43,78.1,76.66,75.29
2025-11-20,79.59,84.09,79.54,78.21,76.75,75.37
2025-11-21,80.76,85.28,79.36,77.85,76.41,75.14
2025-11-24,77.37,81.9,76.16,74.69,73.3,72.07
2025-11-25,77.03,81.72,75.86,74.39,73.0,71.76
2025-11-26,74.46,79.21,73.39,71.99,70.65,69.47
2025-11-28,77.28,81.97,76.22,74.72,73.28,72.01
2025-12-01,79.64,84.34,78.69,77.12,75.63,74.31
2025-12-02,82.29,86.96,81.36,79.73,78.18,76.81
2025-12-03,81.86,86.36,80.97,79.33,77.77,76.39
2025-12-04,81.73,86.22,80.9,79.26,77.71,76.34
2025-12-05,82.78,87.44,82.02,80.41,78.88,77.52
2025-12-08,81.53,86.1,80.91,79.29,77.75,76.39
2025-12-09,78.75,83.5,78.22,76.67,75.21,73.91
2025-12-10,76.52,81.36,76.06,74.59,73.19,71.95
2025-12-11,78.05,82.89,77.62,76.12,74.69,73.42
2025-12-12,77.98,82.99,77.63,76.21,74.86,73.66
2025-12-15,83.01,88.17,82.77,81.23,79.78,78.48
2025-12-16,83.91,89.13,83.71,82.18,80.73,79.43
2025-12-17,82.37,87.66,82.23,80.72,79.29,78.01
2025-12-18,81.77,87.09,81.68,80.19,78.78,77.53
2025-12-19,80.61,86.19,80.56,79.06,77.64,76.37
2025-12-22,82.59,88.27,81.17,79.73,78.45,77.02
2025-12-23,80.62,86.03,79.28,77.87,76.61,75.2
2025-12-24,78.4,84.09,77.14,75.76,74.54,73.17
2025-12-26,75.93,81.51,74.88,73.65,72.55,71.31
2025-12-29,76.08,81.58,75.13,73.87,72.76,71.5
2025-12-30,76.6,82.51,75.68,74.42,73.29,72.03
2025-12-31,77.52,83.63,76.65,75.4,74.28,73.03
