timestamp_utc,zone,price_eur_mwh
2023-12-31T23:00Z,DE_LU,93.35
2024-01-01T00:00Z,DE_LU,92.81
2024-01-01T01:00Z,DE_LU,85.4
2024-01-01T02:00Z,DE_LU,87.31
2024-01-01T03:00Z,DE_LU,93.7
2024-01-01T04:00Z,DE_LU,90.16
2024-01-01T05:00Z,DE_LU,95.97
2024-01-01T06:00Z,DE_LU,100.43
2024-01-01T07:00Z,DE_LU,103.42
2024-01-01T08:00Z,DE_LU,95.36
2024-01-01T09:00Z,DE_LU,94.25
2024-01-01T10:00Z,DE_LU,96.82
2024-01-01T11:00Z,DE_LU,92.17
2024-01-01T12:00Z,DE_LU,96.45
2024-01-01T13:00Z,DE_LU,95.85
2024-01-01T14:00Z,DE_LU,108.83
2024-01-01T15:00Z,DE_LU,103.29
2024-01-01T16:00Z,DE_LU,105.68
2024-01-01T17:00Z,DE_LU,98.9
2024-01-01T18:00Z,DE_LU,95.33
2024-01-01T19:00Z,DE_LU,90.88
2024-01-01T20:00Z,DE_LU,88.24
2024-01-01T21:00Z,DE_LU,86.61
2024-01-01T22:00Z,DE_LU,85.78
2024-01-01T23:00Z,DE_LU,121.1
2024-01-02T00:00Z,DE_LU,114.6
2024-01-02T01:00Z,DE_LU,106.5
2024-01-02T02:00Z,DE_LU,99.98
2024-01-02T03:00Z,DE_LU,102.05
2024-01-02T04:00Z,DE_LU,112.34
2024-01-02T05:00Z,DE_LU,127.72
2024-01-02T06:00Z,DE_LU,132.3
2024-01-02T07:00Z,DE_LU,128.81
2024-01-02T08:00Z,DE_LU,115.02
2024-01-02T09:00Z,DE_LU,109.91
2024-01-02T10:00Z,DE_LU,103.07
2024-01-02T11:00Z,DE_LU,97.84
2024-01-02T12:00Z,DE_LU,103.87
2024-01-02T13:00Z,DE_LU,134.04
2024-01-02T14:00Z,DE_LU,134.53
2024-01-02T15:00Z,DE_LU,132.24
2024-01-02T16:00Z,DE_LU,127.37
2024-01-02T17:00Z,DE_LU,127.97
2024-01-02T18:00Z,DE_LU,124.46
2024-01-02T19:00Z,DE_LU,117.42
2024-01-02T20:00Z,DE_LU,111.63
2024-01-02T21:00Z,DE_LU,100.66
2024-01-02T22:00Z,DE_LU,97.19
2024-01-02T23:00Z,DE_LU,73.47
2024-01-03T00:00Z,DE_LU,72.8
2024-01-03T01:00Z,DE_LU,75.19
2024-01-03T02:00Z,DE_LU,83.52
2024-01-03T03:00Z,DE_LU,82.21
2024-01-03T04:00Z,DE_LU,84.82
2024-01-03T05:00Z,DE_LU,87.52
2024-01-03T06:00Z,DE_LU,87.44
2024-01-03T07:00Z,DE_LU,88.89
2024-01-03T08:00Z,DE_LU,84.99
2024-01-03T09:00Z,DE_LU,81.45
2024-01-03T10:00Z,DE_LU,73.52
2024-01-03T11:00Z,DE_LU,76.56
2024-01-03T12:00Z,DE_LU,86.95
2024-01-03T13:00Z,DE_LU,98.82
2024-01-03T14:00Z,DE_LU,96.21
2024-01-03T15:00Z,DE_LU,93.26
2024-01-03T16:00Z,DE_LU,98.88
2024-01-03T17:00Z,DE_LU,93.56
2024-01-03T18:00Z,DE_LU,91.97
2024-01-03T19:00Z,DE_LU,82.31
2024-01-03T20:00Z,DE_LU,79.5
2024-01-03T21:00Z,DE_LU,86.92
2024-01-03T22:00Z,DE_LU,91.14
2024-01-03T23:00Z,DE_LU,85.59
2024-01-04T00:00Z,DE_LU,87.95
2024-01-04T01:00Z,DE_LU,46.0
2024-01-04T02:00Z,DE_LU,23.12
2024-01-04T03:00Z,DE_LU,15.8
2024-01-04T04:00Z,DE_LU,76.59
2024-01-04T05:00Z,DE_LU,100.99
2024-01-04T06:00Z,DE_LU,116.33
2024-01-04T07:00Z,DE_LU,97.66
2024-01-04T08:00Z,DE_LU,96.91
2024-01-04T09:00Z,DE_LU,95.14
2024-01-04T10:00Z,DE_LU,88.14
2024-01-04T11:00Z,DE_LU,81.2
2024-01-04T12:00Z,DE_LU,100.93
2024-01-04T13:00Z,DE_LU,112.3
2024-01-04T14:00Z,DE_LU,109.65
2024-01-04T15:00Z,DE_LU,102.43
2024-01-04T16:00Z,DE_LU,113.76
2024-01-04T17:00Z,DE_LU,110.04
2024-01-04T18:00Z,DE_LU,105.0
2024-01-04T19:00Z,DE_LU,90.24
2024-01-04T20:00Z,DE_LU,79.47
2024-01-04T21:00Z,DE_LU,79.2
2024-01-04T22:00Z,DE_LU,87.61
2024-01-04T23:00Z,DE_LU,91.57
2024-01-05T00:00Z,DE_LU,93.38
2024-01-05T01:00Z,DE_LU,90.71
2024-01-05T02:00Z,DE_LU,90.09
2024-01-05T03:00Z,DE_LU,90.0
2024-01-05T04:00Z,DE_LU,97.12
2024-01-05T05:00Z,DE_LU,113.64
2024-01-05T06:00Z,DE_LU,113.45
2024-01-05T07:00Z,DE_LU,100.91
2024-01-05T08:00Z,DE_LU,107.49
2024-01-05T09:00Z,DE_LU,99.7
2024-01-05T10:00Z,DE_LU,100.05
2024-01-05T11:00Z,DE_LU,94.96
2024-01-05T12:00Z,DE_LU,89.55
2024-01-05T13:00Z,DE_LU,100.97
2024-01-05T14:00Z,DE_LU,97.57
2024-01-05T15:00Z,DE_LU,103.95
2024-01-05T16:00Z,DE_LU,110.29
2024-01-05T17:00Z,DE_LU,102.02
2024-01-05T18:00Z,DE_LU,98.28
2024-01-05T19:00Z,DE_LU,96.03
2024-01-05T20:00Z,DE_LU,93.82
2024-01-05T21:00Z,DE_LU,96.07
2024-01-05T22:00Z,DE_LU,70.8
2024-01-05T23:00Z,DE_LU,36.57
2024-01-06T00:00Z,DE_LU,109.22
2024-01-06T01:00Z,DE_LU,99.69
2024-01-06T02:00Z,DE_LU,98.37
2024-01-06T03:00Z,DE_LU,93.2
2024-01-06T04:00Z,DE_LU,101.89
2024-01-06T05:00Z,DE_LU,106.04
2024-01-06T06:00Z,DE_LU,110.13
2024-01-06T07:00Z,DE_LU,101.87
2024-01-06T08:00Z,DE_LU,87.35
2024-01-06T09:00Z,DE_LU,95.89
2024-01-06T10:00Z,DE_LU,89.34
2024-01-06T11:00Z,DE_LU,90.81
2024-01-06T12:00Z,DE_LU,101.97
2024-01-06T13:00Z,DE_LU,112.12
2024-01-06T14:00Z,DE_LU,100.21
2024-01-06T15:00Z,DE_LU,106.61
2024-01-06T16:00Z,DE_LU,106.13
2024-01-06T17:00Z,DE_LU,112.33
2024-01-06T18:00Z,DE_LU,113.54
2024-01-06T19:00Z,DE_LU,109.06
2024-01-06T20:00Z,DE_LU,119.77
2024-01-06T21:00Z,DE_LU,112.99
2024-01-06T22:00Z,DE_LU,110.65
2024-01-06T23:00Z,DE_LU,101.28
2024-01-07T00:00Z,DE_LU,107.54
2024-01-07T01:00Z,DE_LU,107.52
2024-01-07T02:00Z,DE_LU,114.63
2024-01-07T03:00Z,DE_LU,102.23
2024-01-07T04:00Z,DE_LU,100.43
2024-01-07T05:00Z,DE_LU,97.3
2024-01-07T06:00Z,DE_LU,114.46
2024-01-07T07:00Z,DE_LU,100.82
2024-01-07T08:00Z,DE_LU,92.64
2024-01-07T09:00Z,DE_LU,92.81
2024-01-07T10:00Z,DE_LU,89.95
2024-01-07T11:00Z,DE_LU,90.84
2024-01-07T12:00Z,DE_LU,92.63
2024-01-07T13:00Z,DE_LU,50.0
2024-01-07T14:00Z,DE_LU,80.56
2024-01-07T15:00Z,DE_LU,72.45
2024-01-07T16:00Z,DE_LU,49.53
2024-01-07T17:00Z,DE_LU,46.15
2024-01-07T18:00Z,DE_LU,93.81
2024-01-07T19:00Z,DE_LU,31.38
2024-01-07T20:00Z,DE_LU,27.6
2024-01-07T21:00Z,DE_LU,19.58
2024-01-07T22:00Z,DE_LU,15.14
2024-01-07T23:00Z,DE_LU,16.82
2024-01-08T00:00Z,DE_LU,16.6
2024-01-08T01:00Z,DE_LU,4.24
2024-01-08T02:00Z,DE_LU,17.37
2024-01-08T03:00Z,DE_LU,20.09
2024-01-08T04:00Z,DE_LU,28.49
2024-01-08T05:00Z,DE_LU,88.34
2024-01-08T06:00Z,DE_LU,82.78
2024-01-08T07:00Z,DE_LU,78.7
2024-01-08T08:00Z,DE_LU,83.48
2024-01-08T09:00Z,DE_LU,78.86
2024-01-08T10:00Z,DE_LU,58.74
2024-01-08T11:00Z,DE_LU,4.77
2024-01-08T12:00Z,DE_LU,80.67
2024-01-08T13:00Z,DE_LU,87.37
2024-01-08T14:00Z,DE_LU,84.22
2024-01-08T15:00Z,DE_LU,83.3
2024-01-08T16:00Z,DE_LU,86.92
2024-01-08T17:00Z,DE_LU,74.44
2024-01-08T18:00Z,DE_LU,59.71
2024-01-08T19:00Z,DE_LU,82.42
2024-01-08T20:00Z,DE_LU,27.09
2024-01-08T21:00Z,DE_LU,16.0
2024-01-08T22:00Z,DE_LU,7.05
2024-01-08T23:00Z,DE_LU,14.77
2024-01-09T00:00Z,DE_LU,14.03
2024-01-09T01:00Z,DE_LU,12.37
2024-01-09T02:00Z,DE_LU,10.34
2024-01-09T03:00Z,DE_LU,14.57
2024-01-09T04:00Z,DE_LU,18.51
2024-01-09T05:00Z,DE_LU,22.8
2024-01-09T06:00Z,DE_LU,61.81
2024-01-09T07:00Z,DE_LU,69.18
2024-01-09T08:00Z,DE_LU,62.88
2024-01-09T09:00Z,DE_LU,32.45
2024-01-09T10:00Z,DE_LU,29.53
2024-01-09T11:00Z,DE_LU,34.09
2024-01-09T12:00Z,DE_LU,35.46
2024-01-09T13:00Z,DE_LU,18.36
2024-01-09T14:00Z,DE_LU,20.67
2024-01-09T15:00Z,DE_LU,61.43
2024-01-09T16:00Z,DE_LU,71.93
2024-01-09T17:00Z,DE_LU,75.28
2024-01-09T18:00Z,DE_LU,65.68
2024-01-09T19:00Z,DE_LU,58.04
2024-01-09T20:00Z,DE_LU,60.71
2024-01-09T21:00Z,DE_LU,3.8
2024-01-09T22:00Z,DE_LU,67.23
2024-01-09T23:00Z,DE_LU,4.55
2024-01-10T00:00Z,DE_LU,5.34
2024-01-10T01:00Z,DE_LU,3.03
2024-01-10T02:00Z,DE_LU,1.81
2024-01-10T03:00Z,DE_LU,1.67
2024-01-10T04:00Z,DE_LU,8.6
2024-01-10T05:00Z,DE_LU,42.79
2024-01-10T06:00Z,DE_LU,74.82
2024-01-10T07:00Z,DE_LU,33.05
2024-01-10T08:00Z,DE_LU,27.33
2024-01-10T09:00Z,DE_LU,20.83
2024-01-10T10:00Z,DE_LU,44.79
2024-01-10T11:00Z,DE_LU,54.17
2024-01-10T12:00Z,DE_LU,82.71
2024-01-10T13:00Z,DE_LU,79.34
2024-01-10T14:00Z,DE_LU,88.59
2024-01-10T15:00Z,DE_LU,91.93
2024-01-10T16:00Z,DE_LU,103.51
2024-01-10T17:00Z,DE_LU,86.47
2024-01-10T18:00Z,DE_LU,89.89
2024-01-10T19:00Z,DE_LU,86.8
2024-01-10T20:00Z,DE_LU,85.06
2024-01-10T21:00Z,DE_LU,83.55
2024-01-10T22:00Z,DE_LU,72.13
2024-01-10T23:00Z,DE_LU,81.43
2024-01-11T00:00Z,DE_LU,37.75
2024-01-11T01:00Z,DE_LU,28.72
2024-01-11T02:00Z,DE_LU,29.12
2024-01-11T03:00Z,DE_LU,31.77
2024-01-11T04:00Z,DE_LU,41.77
2024-01-11T05:00Z,DE_LU,102.11
2024-01-11T06:00Z,DE_LU,101.9
2024-01-11T07:00Z,DE_LU,101.7
2024-01-11T08:00Z,DE_LU,98.34
2024-01-11T09:00Z,DE_LU,95.1
2024-01-11T10:00Z,DE_LU,97.78
2024-01-11T11:00Z,DE_LU,89.13
2024-01-11T12:00Z,DE_LU,84.03
2024-01-11T13:00Z,DE_LU,92.25
2024-01-11T14:00Z,DE_LU,104.43
2024-01-11T15:00Z,DE_LU,96.98
2024-01-11T16:00Z,DE_LU,96.81
2024-01-11T17:00Z,DE_LU,95.78
2024-01-11T18:00Z,DE_LU,89.77
2024-01-11T19:00Z,DE_LU,95.52
2024-01-11T20:00Z,DE_LU,90.34
2024-01-11T21:00Z,DE_LU,79.8
2024-01-11T22:00Z,DE_LU,44.26
2024-01-11T23:00Z,DE_LU,42.96
2024-01-12T00:00Z,DE_LU,42.81
2024-01-12T01:00Z,DE_LU,41.63
2024-01-12T02:00Z,DE_LU,111.58
2024-01-12T03:00Z,DE_LU,110.04
2024-01-12T04:00Z,DE_LU,105.59
2024-01-12T05:00Z,DE_LU,114.53
2024-01-12T06:00Z,DE_LU,116.15
2024-01-12T07:00Z,DE_LU,129.26
2024-01-12T08:00Z,DE_LU,115.61
2024-01-12T09:00Z,DE_LU,121.06
2024-01-12T10:00Z,DE_LU,119.35
2024-01-12T11:00Z,DE_LU,111.71
2024-01-12T12:00Z,DE_LU,109.51
2024-01-12T13:00Z,DE_LU,122.48
2024-01-12T14:00Z,DE_LU,115.56
2024-01-12T15:00Z,DE_LU,137.02
2024-01-12T16:00Z,DE_LU,133.14
2024-01-12T17:00Z,DE_LU,131.46
2024-01-12T18:00Z,DE_LU,131.97
2024-01-12T19:00Z,DE_LU,126.35
2024-01-12T20:00Z,DE_LU,124.43
2024-01-12T21:00Z,DE_LU,120.38
2024-01-12T22:00Z,DE_LU,111.71
2024-01-12T23:00Z,DE_LU,89.58
2024-01-13T00:00Z,DE_LU,89.41
2024-01-13T01:00Z,DE_LU,87.7
2024-01-13T02:00Z,DE_LU,88.48
2024-01-13T03:00Z,DE_LU,92.66
2024-01-13T04:00Z,DE_LU,106.03
2024-01-13T05:00Z,DE_LU,109.59
2024-01-13T06:00Z,DE_LU,113.94
2024-01-13T07:00Z,DE_LU,108.59
2024-01-13T08:00Z,DE_LU,104.18
2024-01-13T09:00Z,DE_LU,104.15
2024-01-13T10:00Z,DE_LU,94.77
2024-01-13T11:00Z,DE_LU,92.9
2024-01-13T12:00Z,DE_LU,95.03
2024-01-13T13:00Z,DE_LU,97.17
2024-01-13T14:00Z,DE_LU,99.46
2024-01-13T15:00Z,DE_LU,101.99
2024-01-13T16:00Z,DE_LU,99.32
2024-01-13T17:00Z,DE_LU,103.86
2024-01-13T18:00Z,DE_LU,96.29
2024-01-13T19:00Z,DE_LU,94.1
2024-01-13T20:00Z,DE_LU,95.53
2024-01-13T21:00Z,DE_LU,96.94
2024-01-13T22:00Z,DE_LU,98.56
2024-01-13T23:00Z,DE_LU,100.42
2024-01-14T00:00Z,DE_LU,100.79
2024-01-14T01:00Z,DE_LU,98.25
2024-01-14T02:00Z,DE_LU,101.97
2024-01-14T03:00Z,DE_LU,101.85
2024-01-14T04:00Z,DE_LU,102.36
2024-01-14T05:00Z,DE_LU,106.68
2024-01-14T06:00Z,DE_LU,112.23
2024-01-14T07:00Z,DE_LU,109.18
2024-01-14T08:00Z,DE_LU,103.65
2024-01-14T09:00Z,DE_LU,99.73
2024-01-14T10:00Z,DE_LU,100.53
2024-01-14T11:00Z,DE_LU,103.92
2024-01-14T12:00Z,DE_LU,104.33
2024-01-14T13:00Z,DE_LU,109.58
2024-01-14T14:00Z,DE_LU,107.69
2024-01-14T15:00Z,DE_LU,99.67
2024-01-14T16:00Z,DE_LU,97.56
2024-01-14T17:00Z,DE_LU,100.47
2024-01-14T18:00Z,DE_LU,98.02
2024-01-14T19:00Z,DE_LU,95.38
2024-01-14T20:00Z,DE_LU,97.21
2024-01-14T21:00Z,DE_LU,91.6
2024-01-14T22:00Z,DE_LU,87.92
2024-01-14T23:00Z,DE_LU,98.5
2024-01-15T00:00Z,DE_LU,90.15
2024-01-15T01:00Z,DE_LU,93.99
2024-01-15T02:00Z,DE_LU,96.01
2024-01-15T03:00Z,DE_LU,93.33
2024-01-15T04:00Z,DE_LU,96.07
2024-01-15T05:00Z,DE_LU,100.28
2024-01-15T06:00Z,DE_LU,98.33
2024-01-15T07:00Z,DE_LU,105.85
2024-01-15T08:00Z,DE_LU,96.84
2024-01-15T09:00Z,DE_LU,89.47
2024-01-15T10:00Z,DE_LU,87.04
2024-01-15T11:00Z,DE_LU,84.96
2024-01-15T12:00Z,DE_LU,79.97
2024-01-15T13:00Z,DE_LU,79.37
2024-01-15T14:00Z,DE_LU,80.23
2024-01-15T15:00Z,DE_LU,98.1
2024-01-15T16:00Z,DE_LU,106.62
2024-01-15T17:00Z,DE_LU,98.66
2024-01-15T18:00Z,DE_LU,90.35
2024-01-15T19:00Z,DE_LU,83.01
2024-01-15T20:00Z,DE_LU,81.53
2024-01-15T21:00Z,DE_LU,67.46
2024-01-15T22:00Z,DE_LU,34.93
2024-01-15T23:00Z,DE_LU,21.89
2024-01-16T00:00Z,DE_LU,10.1
2024-01-16T01:00Z,DE_LU,22.14
2024-01-16T02:00Z,DE_LU,32.11
2024-01-16T03:00Z,DE_LU,26.87
2024-01-16T04:00Z,DE_LU,50.74
2024-01-16T05:00Z,DE_LU,106.96
2024-01-16T06:00Z,DE_LU,103.73
2024-01-16T07:00Z,DE_LU,100.8
2024-01-16T08:00Z,DE_LU,92.63
2024-01-16T09:00Z,DE_LU,90.07
2024-01-16T10:00Z,DE_LU,85.55
2024-01-16T11:00Z,DE_LU,83.34
2024-01-16T12:00Z,DE_LU,80.91
2024-01-16T13:00Z,DE_LU,80.74
2024-01-16T14:00Z,DE_LU,83.71
2024-01-16T15:00Z,DE_LU,99.67
2024-01-16T16:00Z,DE_LU,108.52
2024-01-16T17:00Z,DE_LU,96.34
2024-01-16T18:00Z,DE_LU,91.95
2024-01-16T19:00Z,DE_LU,91.74
2024-01-16T20:00Z,DE_LU,91.59
2024-01-16T21:00Z,DE_LU,79.46
2024-01-16T22:00Z,DE_LU,29.57
2024-01-16T23:00Z,DE_LU,5.58
2024-01-17T00:00Z,DE_LU,4.48
2024-01-17T01:00Z,DE_LU,3.44
2024-01-17T02:00Z,DE_LU,2.68
2024-01-17T03:00Z,DE_LU,1.69
2024-01-17T04:00Z,DE_LU,12.19
2024-01-17T05:00Z,DE_LU,93.23
2024-01-17T06:00Z,DE_LU,103.92
2024-01-17T07:00Z,DE_LU,86.97
2024-01-17T08:00Z,DE_LU,82.96
2024-01-17T09:00Z,DE_LU,79.44
2024-01-17T10:00Z,DE_LU,23.6
2024-01-17T11:00Z,DE_LU,5.0
2024-01-17T12:00Z,DE_LU,2.31
2024-01-17T13:00Z,DE_LU,7.4
2024-01-17T14:00Z,DE_LU,24.21
2024-01-17T15:00Z,DE_LU,82.85
2024-01-17T16:00Z,DE_LU,76.81
2024-01-17T17:00Z,DE_LU,74.51
2024-01-17T18:00Z,DE_LU,38.73
2024-01-17T19:00Z,DE_LU,18.2
2024-01-17T20:00Z,DE_LU,2.75
2024-01-17T21:00Z,DE_LU,2.17
2024-01-17T22:00Z,DE_LU,-1.63
2024-01-17T23:00Z,DE_LU,-13.04
2024-01-18T00:00Z,DE_LU,-16.51
2024-01-18T01:00Z,DE_LU,-21.5
2024-01-18T02:00Z,DE_LU,-17.91
2024-01-18T03:00Z,DE_LU,-9.72
2024-01-18T04:00Z,DE_LU,7.08
2024-01-18T05:00Z,DE_LU,17.66
2024-01-18T06:00Z,DE_LU,69.35
2024-01-18T07:00Z,DE_LU,81.28
2024-01-18T08:00Z,DE_LU,37.32
2024-01-18T09:00Z,DE_LU,23.81
2024-01-18T10:00Z,DE_LU,2.24
2024-01-18T11:00Z,DE_LU,1.51
2024-01-18T12:00Z,DE_LU,4.85
2024-01-18T13:00Z,DE_LU,14.13
2024-01-18T14:00Z,DE_LU,11.23
2024-01-18T15:00Z,DE_LU,80.68
2024-01-18T16:00Z,DE_LU,80.27
2024-01-18T17:00Z,DE_LU,86.81
2024-01-18T18:00Z,DE_LU,81.53
2024-01-18T19:00Z,DE_LU,78.86
2024-01-18T20:00Z,DE_LU,74.03
2024-01-18T21:00Z,DE_LU,75.37
2024-01-18T22:00Z,DE_LU,19.91
2024-01-18T23:00Z,DE_LU,2.35
2024-01-19T00:00Z,DE_LU,-1.52
2024-01-19T01:00Z,DE_LU,3.04
2024-01-19T02:00Z,DE_LU,2.61
2024-01-19T03:00Z,DE_LU,4.58
2024-01-19T04:00Z,DE_LU,12.19
2024-01-19T05:00Z,DE_LU,88.55
2024-01-19T06:00Z,DE_LU,92.43
2024-01-19T07:00Z,DE_LU,91.76
2024-01-19T08:00Z,DE_LU,89.4
2024-01-19T09:00Z,DE_LU,37.29
2024-01-19T10:00Z,DE_LU,4.62
2024-01-19T11:00Z,DE_LU,3.96
2024-01-19T12:00Z,DE_LU,4.33
2024-01-19T13:00Z,DE_LU,8.07
2024-01-19T14:00Z,DE_LU,19.99
2024-01-19T15:00Z,DE_LU,15.31
2024-01-19T16:00Z,DE_LU,97.1
2024-01-19T17:00Z,DE_LU,97.37
2024-01-19T18:00Z,DE_LU,90.62
2024-01-19T19:00Z,DE_LU,47.59
2024-01-19T20:00Z,DE_LU,11.96
2024-01-19T21:00Z,DE_LU,3.99
2024-01-19T22:00Z,DE_LU,2.72
2024-01-19T23:00Z,DE_LU,-4.89
2024-01-20T00:00Z,DE_LU,-13.21
2024-01-20T01:00Z,DE_LU,-18.41
2024-01-20T02:00Z,DE_LU,-15.4
2024-01-20T03:00Z,DE_LU,-12.48
2024-01-20T04:00Z,DE_LU,4.73
2024-01-20T05:00Z,DE_LU,9.07
2024-01-20T06:00Z,DE_LU,8.5
2024-01-20T07:00Z,DE_LU,3.28
2024-01-20T08:00Z,DE_LU,0.91
2024-01-20T09:00Z,DE_LU,-1.48
2024-01-20T10:00Z,DE_LU,-10.68
2024-01-20T11:00Z,DE_LU,-8.93
2024-01-20T12:00Z,DE_LU,-11.4
2024-01-20T13:00Z,DE_LU,3.95
2024-01-20T14:00Z,DE_LU,2.94
2024-01-20T15:00Z,DE_LU,9.62
2024-01-20T16:00Z,DE_LU,10.47
2024-01-20T17:00Z,DE_LU,5.56
2024-01-20T18:00Z,DE_LU,3.44
2024-01-20T19:00Z,DE_LU,3.08
2024-01-20T20:00Z,DE_LU,0.22
2024-01-20T21:00Z,DE_LU,-0.87
2024-01-20T22:00Z,DE_LU,-4.11
2024-01-20T23:00Z,DE_LU,-25.68
2024-01-21T00:00Z,DE_LU,-26.62
2024-01-21T01:00Z,DE_LU,-28.78
2024-01-21T02:00Z,DE_LU,-16.28
2024-01-21T03:00Z,DE_LU,1.2
2024-01-21T04:00Z,DE_LU,5.63
2024-01-21T05:00Z,DE_LU,3.03
2024-01-21T06:00Z,DE_LU,6.68
2024-01-21T07:00Z,DE_LU,11.58
2024-01-21T08:00Z,DE_LU,3.66
2024-01-21T09:00Z,DE_LU,3.61
2024-01-21T10:00Z,DE_LU,2.22
2024-01-21T11:00Z,DE_LU,4.94
2024-01-21T12:00Z,DE_LU,-0.11
2024-01-21T13:00Z,DE_LU,-0.09
2024-01-21T14:00Z,DE_LU,-0.83
2024-01-21T15:00Z,DE_LU,1.38
2024-01-21T16:00Z,DE_LU,2.29
2024-01-21T17:00Z,DE_LU,4.38
2024-01-21T18:00Z,DE_LU,2.21
2024-01-21T19:00Z,DE_LU,3.74
2024-01-21T20:00Z,DE_LU,1.08
2024-01-21T21:00Z,DE_LU,1.44
2024-01-21T22:00Z,DE_LU,-2.29
2024-01-21T23:00Z,DE_LU,26.54
2024-01-22T00:00Z,DE_LU,8.45
2024-01-22T01:00Z,DE_LU,4.57
2024-01-22T02:00Z,DE_LU,20.5
2024-01-22T03:00Z,DE_LU,18.23
2024-01-22T04:00Z,DE_LU,32.99
2024-01-22T05:00Z,DE_LU,99.27
2024-01-22T06:00Z,DE_LU,92.26
2024-01-22T07:00Z,DE_LU,98.71
2024-01-22T08:00Z,DE_LU,84.39
2024-01-22T09:00Z,DE_LU,87.86
2024-01-22T10:00Z,DE_LU,91.39
2024-01-22T11:00Z,DE_LU,87.09
2024-01-22T12:00Z,DE_LU,3.98
2024-01-22T13:00Z,DE_LU,85.86
2024-01-22T14:00Z,DE_LU,72.86
2024-01-22T15:00Z,DE_LU,104.43
2024-01-22T16:00Z,DE_LU,109.5
2024-01-22T17:00Z,DE_LU,106.63
2024-01-22T18:00Z,DE_LU,98.87
2024-01-22T19:00Z,DE_LU,93.34
2024-01-22T20:00Z,DE_LU,93.42
2024-01-22T21:00Z,DE_LU,101.97
2024-01-22T22:00Z,DE_LU,95.88
2024-01-22T23:00Z,DE_LU,103.76
2024-01-23T00:00Z,DE_LU,103.53
2024-01-23T01:00Z,DE_LU,98.68
2024-01-23T02:00Z,DE_LU,102.68
2024-01-23T03:00Z,DE_LU,108.82
2024-01-23T04:00Z,DE_LU,109.25
2024-01-23T05:00Z,DE_LU,120.14
2024-01-23T06:00Z,DE_LU,127.11
2024-01-23T07:00Z,DE_LU,120.97
2024-01-23T08:00Z,DE_LU,118.84
2024-01-23T09:00Z,DE_LU,114.34
2024-01-23T10:00Z,DE_LU,112.61
2024-01-23T11:00Z,DE_LU,111.09
2024-01-23T12:00Z,DE_LU,110.61
2024-01-23T13:00Z,DE_LU,111.12
2024-01-23T14:00Z,DE_LU,122.56
2024-01-23T15:00Z,DE_LU,132.08
2024-01-23T16:00Z,DE_LU,158.78
2024-01-23T17:00Z,DE_LU,162.56
2024-01-23T18:00Z,DE_LU,127.98
2024-01-23T19:00Z,DE_LU,125.14
2024-01-23T20:00Z,DE_LU,126.65
2024-01-23T21:00Z,DE_LU,126.34
2024-01-23T22:00Z,DE_LU,125.19
2024-01-23T23:00Z,DE_LU,112.05
2024-01-24T00:00Z,DE_LU,109.68
2024-01-24T01:00Z,DE_LU,114.22
2024-01-24T02:00Z,DE_LU,110.3
2024-01-24T03:00Z,DE_LU,112.52
2024-01-24T04:00Z,DE_LU,119.5
2024-01-24T05:00Z,DE_LU,135.06
2024-01-24T06:00Z,DE_LU,139.26
2024-01-24T07:00Z,DE_LU,140.81
2024-01-24T08:00Z,DE_LU,135.88
2024-01-24T09:00Z,DE_LU,134.55
2024-01-24T10:00Z,DE_LU,125.01
2024-01-24T11:00Z,DE_LU,118.66
2024-01-24T12:00Z,DE_LU,120.25
2024-01-24T13:00Z,DE_LU,122.72
2024-01-24T14:00Z,DE_LU,123.87
2024-01-24T15:00Z,DE_LU,133.87
2024-01-24T16:00Z,DE_LU,146.1
2024-01-24T17:00Z,DE_LU,164.54
2024-01-24T18:00Z,DE_LU,143.39
2024-01-24T19:00Z,DE_LU,126.52
2024-01-24T20:00Z,DE_LU,130.55
2024-01-24T21:00Z,DE_LU,122.47
2024-01-24T22:00Z,DE_LU,113.24
2024-01-24T23:00Z,DE_LU,103.79
2024-01-25T00:00Z,DE_LU,97.48
2024-01-25T01:00Z,DE_LU,95.42
2024-01-25T02:00Z,DE_LU,98.18
2024-01-25T03:00Z,DE_LU,104.82
2024-01-25T04:00Z,DE_LU,107.08
2024-01-25T05:00Z,DE_LU,127.11
2024-01-25T06:00Z,DE_LU,124.57
2024-01-25T07:00Z,DE_LU,119.32
2024-01-25T08:00Z,DE_LU,113.07
2024-01-25T09:00Z,DE_LU,111.77
2024-01-25T10:00Z,DE_LU,111.83
2024-01-25T11:00Z,DE_LU,109.09
2024-01-25T12:00Z,DE_LU,116.64
2024-01-25T13:00Z,DE_LU,119.68
2024-01-25T14:00Z,DE_LU,127.18
2024-01-25T15:00Z,DE_LU,123.36
2024-01-25T16:00Z,DE_LU,167.99
2024-01-25T17:00Z,DE_LU,159.66
2024-01-25T18:00Z,DE_LU,142.73
2024-01-25T19:00Z,DE_LU,110.74
2024-01-25T20:00Z,DE_LU,111.97
2024-01-25T21:00Z,DE_LU,113.01
2024-01-25T22:00Z,DE_LU,112.92
2024-01-25T23:00Z,DE_LU,96.65
2024-01-26T00:00Z,DE_LU,94.74
2024-01-26T01:00Z,DE_LU,95.57
2024-01-26T02:00Z,DE_LU,95.21
2024-01-26T03:00Z,DE_LU,100.37
2024-01-26T04:00Z,DE_LU,101.21
2024-01-26T05:00Z,DE_LU,112.82
2024-01-26T06:00Z,DE_LU,110.4
2024-01-26T07:00Z,DE_LU,107.77
2024-01-26T08:00Z,DE_LU,106.75
2024-01-26T09:00Z,DE_LU,107.64
2024-01-26T10:00Z,DE_LU,99.86
2024-01-26T11:00Z,DE_LU,101.62
2024-01-26T12:00Z,DE_LU,102.05
2024-01-26T13:00Z,DE_LU,109.46
2024-01-26T14:00Z,DE_LU,117.31
2024-01-26T15:00Z,DE_LU,117.96
2024-01-26T16:00Z,DE_LU,106.28
2024-01-26T17:00Z,DE_LU,113.93
2024-01-26T18:00Z,DE_LU,104.5
2024-01-26T19:00Z,DE_LU,91.6
2024-01-26T20:00Z,DE_LU,86.66
2024-01-26T21:00Z,DE_LU,81.08
2024-01-26T22:00Z,DE_LU,84.56
2024-01-26T23:00Z,DE_LU,81.96
2024-01-27T00:00Z,DE_LU,81.9
2024-01-27T01:00Z,DE_LU,79.44
2024-01-27T02:00Z,DE_LU,83.57
2024-01-27T03:00Z,DE_LU,86.06
2024-01-27T04:00Z,DE_LU,85.16
2024-01-27T05:00Z,DE_LU,97.04
2024-01-27T06:00Z,DE_LU,95.32
2024-01-27T07:00Z,DE_LU,93.93
2024-01-27T08:00Z,DE_LU,89.02
2024-01-27T09:00Z,DE_LU,84.44
2024-01-27T10:00Z,DE_LU,84.84
2024-01-27T11:00Z,DE_LU,92.29
2024-01-27T12:00Z,DE_LU,91.12
2024-01-27T13:00Z,DE_LU,96.18
2024-01-27T14:00Z,DE_LU,94.55
2024-01-27T15:00Z,DE_LU,102.23
2024-01-27T16:00Z,DE_LU,104.94
2024-01-27T17:00Z,DE_LU,101.76
2024-01-27T18:00Z,DE_LU,94.17
2024-01-27T19:00Z,DE_LU,92.4
2024-01-27T20:00Z,DE_LU,91.79
2024-01-27T21:00Z,DE_LU,87.38
2024-01-27T22:00Z,DE_LU,81.32
2024-01-27T23:00Z,DE_LU,77.53
2024-01-28T00:00Z,DE_LU,78.78
2024-01-28T01:00Z,DE_LU,77.1
2024-01-28T02:00Z,DE_LU,75.57
2024-01-28T03:00Z,DE_LU,76.04
2024-01-28T04:00Z,DE_LU,86.79
2024-01-28T05:00Z,DE_LU,85.09
2024-01-28T06:00Z,DE_LU,96.24
2024-01-28T07:00Z,DE_LU,88.76
2024-01-28T08:00Z,DE_LU,88.9
2024-01-28T09:00Z,DE_LU,86.36
2024-01-28T10:00Z,DE_LU,47.01
2024-01-28T11:00Z,DE_LU,25.86
2024-01-28T12:00Z,DE_LU,30.63
2024-01-28T13:00Z,DE_LU,21.45
2024-01-28T14:00Z,DE_LU,88.04
2024-01-28T15:00Z,DE_LU,48.71
2024-01-28T16:00Z,DE_LU,84.67
2024-01-28T17:00Z,DE_LU,76.28
2024-01-28T18:00Z,DE_LU,89.91
2024-01-28T19:00Z,DE_LU,92.32
2024-01-28T20:00Z,DE_LU,81.94
2024-01-28T21:00Z,DE_LU,76.36
2024-01-28T22:00Z,DE_LU,7.04
2024-01-28T23:00Z,DE_LU,72.17
2024-01-29T00:00Z,DE_LU,78.75
2024-01-29T01:00Z,DE_LU,47.6
2024-01-29T02:00Z,DE_LU,81.76
2024-01-29T03:00Z,DE_LU,91.65
2024-01-29T04:00Z,DE_LU,99.04
2024-01-29T05:00Z,DE_LU,104.03
2024-01-29T06:00Z,DE_LU,105.7
2024-01-29T07:00Z,DE_LU,109.8
2024-01-29T08:00Z,DE_LU,98.57
2024-01-29T09:00Z,DE_LU,97.61
2024-01-29T10:00Z,DE_LU,87.07
2024-01-29T11:00Z,DE_LU,88.72
2024-01-29T12:00Z,DE_LU,92.14
2024-01-29T13:00Z,DE_LU,90.66
2024-01-29T14:00Z,DE_LU,103.55
2024-01-29T15:00Z,DE_LU,113.22
2024-01-29T16:00Z,DE_LU,118.59
2024-01-29T17:00Z,DE_LU,110.4
2024-01-29T18:00Z,DE_LU,113.15
2024-01-29T19:00Z,DE_LU,110.19
2024-01-29T20:00Z,DE_LU,99.43
2024-01-29T21:00Z,DE_LU,102.1
2024-01-29T22:00Z,DE_LU,103.65
2024-01-29T23:00Z,DE_LU,94.87
2024-01-30T00:00Z,DE_LU,94.03
2024-01-30T01:00Z,DE_LU,92.91
2024-01-30T02:00Z,DE_LU,91.68
2024-01-30T03:00Z,DE_LU,93.17
2024-01-30T04:00Z,DE_LU,108.98
2024-01-30T05:00Z,DE_LU,119.87
2024-01-30T06:00Z,DE_LU,114.16
2024-01-30T07:00Z,DE_LU,103.93
2024-01-30T08:00Z,DE_LU,101.81
2024-01-30T09:00Z,DE_LU,101.53
2024-01-30T10:00Z,DE_LU,99.68
2024-01-30T11:00Z,DE_LU,91.66
2024-01-30T12:00Z,DE_LU,94.28
2024-01-30T13:00Z,DE_LU,91.09
2024-01-30T14:00Z,DE_LU,94.9
2024-01-30T15:00Z,DE_LU,110.11
2024-01-30T16:00Z,DE_LU,113.33
2024-01-30T17:00Z,DE_LU,102.4
2024-01-30T18:00Z,DE_LU,104.05
2024-01-30T19:00Z,DE_LU,102.12
2024-01-30T20:00Z,DE_LU,95.61
2024-01-30T21:00Z,DE_LU,90.56
2024-01-30T22:00Z,DE_LU,93.04
2024-01-30T23:00Z,DE_LU,103.41
2024-01-31T00:00Z,DE_LU,96.9
2024-01-31T01:00Z,DE_LU,94.01
2024-01-31T02:00Z,DE_LU,91.4
2024-01-31T03:00Z,DE_LU,87.16
2024-01-31T04:00Z,DE_LU,102.11
2024-01-31T05:00Z,DE_LU,116.43
2024-01-31T06:00Z,DE_LU,122.08
2024-01-31T07:00Z,DE_LU,120.13
2024-01-31T08:00Z,DE_LU,109.78
2024-01-31T09:00Z,DE_LU,110.81
2024-01-31T10:00Z,DE_LU,110.99
2024-01-31T11:00Z,DE_LU,100.66
2024-01-31T12:00Z,DE_LU,98.17
2024-01-31T13:00Z,DE_LU,93.52
2024-01-31T14:00Z,DE_LU,91.11
2024-01-31T15:00Z,DE_LU,101.5
2024-01-31T16:00Z,DE_LU,102.93
2024-01-31T17:00Z,DE_LU,109.23
2024-01-31T18:00Z,DE_LU,102.85
2024-01-31T19:00Z,DE_LU,97.26
2024-01-31T20:00Z,DE_LU,93.77
2024-01-31T21:00Z,DE_LU,87.45
2024-01-31T22:00Z,DE_LU,84.71
2024-01-31T23:00Z,DE_LU,72.65
2024-02-01T00:00Z,DE_LU,75.58
2024-02-01T01:00Z,DE_LU,72.85
2024-02-01T02:00Z,DE_LU,73.47
2024-02-01T03:00Z,DE_LU,74.02
2024-02-01T04:00Z,DE_LU,89.28
2024-02-01T05:00Z,DE_LU,90.16
2024-02-01T06:00Z,DE_LU,100.3
2024-02-01T07:00Z,DE_LU,108.38
2024-02-01T08:00Z,DE_LU,91.72
2024-02-01T09:00Z,DE_LU,83.32
2024-02-01T10:00Z,DE_LU,85.84
2024-02-01T11:00Z,DE_LU,81.12
2024-02-01T12:00Z,DE_LU,78.33
2024-02-01T13:00Z,DE_LU,65.57
2024-02-01T14:00Z,DE_LU,73.43
2024-02-01T15:00Z,DE_LU,86.78
2024-02-01T16:00Z,DE_LU,81.09
2024-02-01T17:00Z,DE_LU,83.44
2024-02-01T18:00Z,DE_LU,88.9
2024-02-01T19:00Z,DE_LU,85.35
2024-02-01T20:00Z,DE_LU,75.96
2024-02-01T21:00Z,DE_LU,57.71
2024-02-01T22:00Z,DE_LU,10.48
2024-02-01T23:00Z,DE_LU,88.48
2024-02-02T00:00Z,DE_LU,72.21
2024-02-02T01:00Z,DE_LU,19.46
2024-02-02T02:00Z,DE_LU,9.69
2024-02-02T03:00Z,DE_LU,32.12
2024-02-02T04:00Z,DE_LU,82.45
2024-02-02T05:00Z,DE_LU,84.0
2024-02-02T06:00Z,DE_LU,93.58
2024-02-02T07:00Z,DE_LU,88.58
2024-02-02T08:00Z,DE_LU,83.6
2024-02-02T09:00Z,DE_LU,88.49
2024-02-02T10:00Z,DE_LU,74.76
2024-02-02T11:00Z,DE_LU,70.96
2024-02-02T12:00Z,DE_LU,73.35
2024-02-02T13:00Z,DE_LU,69.54
2024-02-02T14:00Z,DE_LU,75.54
2024-02-02T15:00Z,DE_LU,79.89
2024-02-02T16:00Z,DE_LU,86.8
2024-02-02T17:00Z,DE_LU,77.22
2024-02-02T18:00Z,DE_LU,75.3
2024-02-02T19:00Z,DE_LU,67.1
2024-02-02T20:00Z,DE_LU,61.1
2024-02-02T21:00Z,DE_LU,77.47
2024-02-02T22:00Z,DE_LU,23.02
2024-02-02T23:00Z,DE_LU,11.92
2024-02-03T00:00Z,DE_LU,7.11
2024-02-03T01:00Z,DE_LU,15.17
2024-02-03T02:00Z,DE_LU,20.23
2024-02-03T03:00Z,DE_LU,3.8
2024-02-03T04:00Z,DE_LU,26.49
2024-02-03T05:00Z,DE_LU,51.36
2024-02-03T06:00Z,DE_LU,49.12
2024-02-03T07:00Z,DE_LU,67.36
2024-02-03T08:00Z,DE_LU,44.68
2024-02-03T09:00Z,DE_LU,20.78
2024-02-03T10:00Z,DE_LU,35.89
2024-02-03T11:00Z,DE_LU,26.97
2024-02-03T12:00Z,DE_LU,20.69
2024-02-03T13:00Z,DE_LU,9.7
2024-02-03T14:00Z,DE_LU,25.46
2024-02-03T15:00Z,DE_LU,43.36
2024-02-03T16:00Z,DE_LU,78.54
2024-02-03T17:00Z,DE_LU,51.99
2024-02-03T18:00Z,DE_LU,44.23
2024-02-03T19:00Z,DE_LU,38.62
2024-02-03T20:00Z,DE_LU,17.77
2024-02-03T21:00Z,DE_LU,14.67
2024-02-03T22:00Z,DE_LU,15.65
2024-02-03T23:00Z,DE_LU,5.57
2024-02-04T00:00Z,DE_LU,7.26
2024-02-04T01:00Z,DE_LU,5.75
2024-02-04T02:00Z,DE_LU,10.43
2024-02-04T03:00Z,DE_LU,5.39
2024-02-04T04:00Z,DE_LU,3.74
2024-02-04T05:00Z,DE_LU,7.1
2024-02-04T06:00Z,DE_LU,15.66
2024-02-04T07:00Z,DE_LU,11.21
2024-02-04T08:00Z,DE_LU,3.16
2024-02-04T09:00Z,DE_LU,4.02
2024-02-04T10:00Z,DE_LU,-0.42
2024-02-04T11:00Z,DE_LU,-1.57
2024-02-04T12:00Z,DE_LU,-9.24
2024-02-04T13:00Z,DE_LU,2.79
2024-02-04T14:00Z,DE_LU,8.3
2024-02-04T15:00Z,DE_LU,6.69
2024-02-04T16:00Z,DE_LU,1.79
2024-02-04T17:00Z,DE_LU,6.89
2024-02-04T18:00Z,DE_LU,0.34
2024-02-04T19:00Z,DE_LU,10.66
2024-02-04T20:00Z,DE_LU,3.0
2024-02-04T21:00Z,DE_LU,5.22
2024-02-04T22:00Z,DE_LU,2.08
2024-02-04T23:00Z,DE_LU,20.99
2024-02-05T00:00Z,DE_LU,4.49
2024-02-05T01:00Z,DE_LU,2.19
2024-02-05T02:00Z,DE_LU,1.47
2024-02-05T03:00Z,DE_LU,4.75
2024-02-05T04:00Z,DE_LU,17.39
2024-02-05T05:00Z,DE_LU,47.05
2024-02-05T06:00Z,DE_LU,83.24
2024-02-05T07:00Z,DE_LU,80.45
2024-02-05T08:00Z,DE_LU,80.88
2024-02-05T09:00Z,DE_LU,78.8
2024-02-05T10:00Z,DE_LU,50.26
2024-02-05T11:00Z,DE_LU,51.83
2024-02-05T12:00Z,DE_LU,40.2
2024-02-05T13:00Z,DE_LU,82.03
2024-02-05T14:00Z,DE_LU,71.49
2024-02-05T15:00Z,DE_LU,87.87
2024-02-05T16:00Z,DE_LU,93.07
2024-02-05T17:00Z,DE_LU,85.39
2024-02-05T18:00Z,DE_LU,80.74
2024-02-05T19:00Z,DE_LU,80.51
2024-02-05T20:00Z,DE_LU,76.71
2024-02-05T21:00Z,DE_LU,78.29
2024-02-05T22:00Z,DE_LU,76.5
2024-02-05T23:00Z,DE_LU,82.69
2024-02-06T00:00Z,DE_LU,75.34
2024-02-06T01:00Z,DE_LU,53.33
2024-02-06T02:00Z,DE_LU,34.96
2024-02-06T03:00Z,DE_LU,37.96
2024-02-06T04:00Z,DE_LU,83.83
2024-02-06T05:00Z,DE_LU,78.93
2024-02-06T06:00Z,DE_LU,86.07
2024-02-06T07:00Z,DE_LU,79.38
2024-02-06T08:00Z,DE_LU,86.78
2024-02-06T09:00Z,DE_LU,83.71
2024-02-06T10:00Z,DE_LU,81.23
2024-02-06T11:00Z,DE_LU,80.97
2024-02-06T12:00Z,DE_LU,76.4
2024-02-06T13:00Z,DE_LU,76.81
2024-02-06T14:00Z,DE_LU,82.13
2024-02-06T15:00Z,DE_LU,100.1
2024-02-06T16:00Z,DE_LU,97.66
2024-02-06T17:00Z,DE_LU,94.26
2024-02-06T18:00Z,DE_LU,95.9
2024-02-06T19:00Z,DE_LU,89.68
2024-02-06T20:00Z,DE_LU,83.18
2024-02-06T21:00Z,DE_LU,78.04
2024-02-06T22:00Z,DE_LU,71.77
2024-02-06T23:00Z,DE_LU,66.07
2024-02-07T00:00Z,DE_LU,48.72
2024-02-07T01:00Z,DE_LU,68.29
2024-02-07T02:00Z,DE_LU,60.45
2024-02-07T03:00Z,DE_LU,70.77
2024-02-07T04:00Z,DE_LU,71.58
2024-02-07T05:00Z,DE_LU,88.23
2024-02-07T06:00Z,DE_LU,93.57
2024-02-07T07:00Z,DE_LU,93.73
2024-02-07T08:00Z,DE_LU,89.23
2024-02-07T09:00Z,DE_LU,92.37
2024-02-07T10:00Z,DE_LU,90.98
2024-02-07T11:00Z,DE_LU,85.52
2024-02-07T12:00Z,DE_LU,98.8
2024-02-07T13:00Z,DE_LU,89.62
2024-02-07T14:00Z,DE_LU,97.59
2024-02-07T15:00Z,DE_LU,103.23
2024-02-07T16:00Z,DE_LU,105.61
2024-02-07T17:00Z,DE_LU,104.81
2024-02-07T18:00Z,DE_LU,103.45
2024-02-07T19:00Z,DE_LU,94.43
2024-02-07T20:00Z,DE_LU,91.25
2024-02-07T21:00Z,DE_LU,85.85
2024-02-07T22:00Z,DE_LU,82.06
2024-02-07T23:00Z,DE_LU,76.6
2024-02-08T00:00Z,DE_LU,72.19
2024-02-08T01:00Z,DE_LU,72.2
2024-02-08T02:00Z,DE_LU,66.18
2024-02-08T03:00Z,DE_LU,65.86
2024-02-08T04:00Z,DE_LU,78.47
2024-02-08T05:00Z,DE_LU,82.9
2024-02-08T06:00Z,DE_LU,95.34
2024-02-08T07:00Z,DE_LU,88.61
2024-02-08T08:00Z,DE_LU,87.48
2024-02-08T09:00Z,DE_LU,85.78
2024-02-08T10:00Z,DE_LU,82.26
2024-02-08T11:00Z,DE_LU,93.82
2024-02-08T12:00Z,DE_LU,86.97
2024-02-08T13:00Z,DE_LU,87.26
2024-02-08T14:00Z,DE_LU,89.97
2024-02-08T15:00Z,DE_LU,95.59
2024-02-08T16:00Z,DE_LU,102.61
2024-02-08T17:00Z,DE_LU,96.69
2024-02-08T18:00Z,DE_LU,85.08
2024-02-08T19:00Z,DE_LU,89.03
2024-02-08T20:00Z,DE_LU,82.43
2024-02-08T21:00Z,DE_LU,70.37
2024-02-08T22:00Z,DE_LU,44.44
2024-02-08T23:00Z,DE_LU,43.84
2024-02-09T00:00Z,DE_LU,28.02
2024-02-09T01:00Z,DE_LU,28.67
2024-02-09T02:00Z,DE_LU,62.71
2024-02-09T03:00Z,DE_LU,45.72
2024-02-09T04:00Z,DE_LU,41.06
2024-02-09T05:00Z,DE_LU,82.66
2024-02-09T06:00Z,DE_LU,64.25
2024-02-09T07:00Z,DE_LU,64.23
2024-02-09T08:00Z,DE_LU,64.35
2024-02-09T09:00Z,DE_LU,60.36
2024-02-09T10:00Z,DE_LU,64.49
2024-02-09T11:00Z,DE_LU,62.84
2024-02-09T12:00Z,DE_LU,27.25
2024-02-09T13:00Z,DE_LU,39.66
2024-02-09T14:00Z,DE_LU,35.8
2024-02-09T15:00Z,DE_LU,74.16
2024-02-09T16:00Z,DE_LU,67.25
2024-02-09T17:00Z,DE_LU,74.77
2024-02-09T18:00Z,DE_LU,74.58
2024-02-09T19:00Z,DE_LU,64.68
2024-02-09T20:00Z,DE_LU,55.47
2024-02-09T21:00Z,DE_LU,35.84
2024-02-09T22:00Z,DE_LU,29.27
2024-02-09T23:00Z,DE_LU,25.77
2024-02-10T00:00Z,DE_LU,21.71
2024-02-10T01:00Z,DE_LU,13.79
2024-02-10T02:00Z,DE_LU,26.13
2024-02-10T03:00Z,DE_LU,20.49
2024-02-10T04:00Z,DE_LU,39.61
2024-02-10T05:00Z,DE_LU,53.92
2024-02-10T06:00Z,DE_LU,74.92
2024-02-10T07:00Z,DE_LU,65.95
2024-02-10T08:00Z,DE_LU,37.71
2024-02-10T09:00Z,DE_LU,14.72
2024-02-10T10:00Z,DE_LU,4.44
2024-02-10T11:00Z,DE_LU,3.47
2024-02-10T12:00Z,DE_LU,22.82
2024-02-10T13:00Z,DE_LU,37.76
2024-02-10T14:00Z,DE_LU,67.76
2024-02-10T15:00Z,DE_LU,60.28
2024-02-10T16:00Z,DE_LU,91.78
2024-02-10T17:00Z,DE_LU,91.7
2024-02-10T18:00Z,DE_LU,81.33
2024-02-10T19:00Z,DE_LU,80.78
2024-02-10T20:00Z,DE_LU,84.93
2024-02-10T21:00Z,DE_LU,82.27
2024-02-10T22:00Z,DE_LU,73.63
2024-02-10T23:00Z,DE_LU,30.26
2024-02-11T00:00Z,DE_LU,30.52
2024-02-11T01:00Z,DE_LU,12.97
2024-02-11T02:00Z,DE_LU,26.92
2024-02-11T03:00Z,DE_LU,25.69
2024-02-11T04:00Z,DE_LU,36.39
2024-02-11T05:00Z,DE_LU,6.79
2024-02-11T06:00Z,DE_LU,34.64
2024-02-11T07:00Z,DE_LU,26.62
2024-02-11T08:00Z,DE_LU,9.14
2024-02-11T09:00Z,DE_LU,7.47
2024-02-11T10:00Z,DE_LU,5.85
2024-02-11T11:00Z,DE_LU,2.84
2024-02-11T12:00Z,DE_LU,14.71
2024-02-11T13:00Z,DE_LU,18.19
2024-02-11T14:00Z,DE_LU,22.15
2024-02-11T15:00Z,DE_LU,52.18
2024-02-11T16:00Z,DE_LU,66.47
2024-02-11T17:00Z,DE_LU,58.73
2024-02-11T18:00Z,DE_LU,61.07
2024-02-11T19:00Z,DE_LU,60.03
2024-02-11T20:00Z,DE_LU,63.59
2024-02-11T21:00Z,DE_LU,35.69
2024-02-11T22:00Z,DE_LU,18.46
2024-02-11T23:00Z,DE_LU,37.44
2024-02-12T00:00Z,DE_LU,24.51
2024-02-12T01:00Z,DE_LU,16.84
2024-02-12T02:00Z,DE_LU,17.52
2024-02-12T03:00Z,DE_LU,6.52
2024-02-12T04:00Z,DE_LU,34.48
2024-02-12T05:00Z,DE_LU,47.46
2024-02-12T06:00Z,DE_LU,73.67
2024-02-12T07:00Z,DE_LU,71.55
2024-02-12T08:00Z,DE_LU,53.62
2024-02-12T09:00Z,DE_LU,42.54
2024-02-12T10:00Z,DE_LU,8.1
2024-02-12T11:00Z,DE_LU,21.62
2024-02-12T12:00Z,DE_LU,11.01
2024-02-12T13:00Z,DE_LU,14.98
2024-02-12T14:00Z,DE_LU,13.83
2024-02-12T15:00Z,DE_LU,63.11
2024-02-12T16:00Z,DE_LU,82.78
2024-02-12T17:00Z,DE_LU,73.52
2024-02-12T18:00Z,DE_LU,69.49
2024-02-12T19:00Z,DE_LU,72.35
2024-02-12T20:00Z,DE_LU,59.54
2024-02-12T21:00Z,DE_LU,41.38
2024-02-12T22:00Z,DE_LU,35.64
2024-02-12T23:00Z,DE_LU,20.34
2024-02-13T00:00Z,DE_LU,8.72
2024-02-13T01:00Z,DE_LU,4.26
2024-02-13T02:00Z,DE_LU,2.22
2024-02-13T03:00Z,DE_LU,2.98
2024-02-13T04:00Z,DE_LU,7.7
2024-02-13T05:00Z,DE_LU,25.29
2024-02-13T06:00Z,DE_LU,37.77
2024-02-13T07:00Z,DE_LU,27.3
2024-02-13T08:00Z,DE_LU,4.27
2024-02-13T09:00Z,DE_LU,2.58
2024-02-13T10:00Z,DE_LU,-0.26
2024-02-13T11:00Z,DE_LU,7.69
2024-02-13T12:00Z,DE_LU,12.51
2024-02-13T13:00Z,DE_LU,27.26
2024-02-13T14:00Z,DE_LU,42.36
2024-02-13T15:00Z,DE_LU,75.34
2024-02-13T16:00Z,DE_LU,82.15
2024-02-13T17:00Z,DE_LU,73.88
2024-02-13T18:00Z,DE_LU,71.77
2024-02-13T19:00Z,DE_LU,68.19
2024-02-13T20:00Z,DE_LU,58.72
2024-02-13T21:00Z,DE_LU,55.61
2024-02-13T22:00Z,DE_LU,41.69
2024-02-13T23:00Z,DE_LU,38.07
2024-02-14T00:00Z,DE_LU,45.44
2024-02-14T01:00Z,DE_LU,72.59
2024-02-14T02:00Z,DE_LU,71.51
2024-02-14T03:00Z,DE_LU,72.38
2024-02-14T04:00Z,DE_LU,72.9
2024-02-14T05:00Z,DE_LU,78.85
2024-02-14T06:00Z,DE_LU,85.26
2024-02-14T07:00Z,DE_LU,82.42
2024-02-14T08:00Z,DE_LU,75.98
2024-02-14T09:00Z,DE_LU,70.31
2024-02-14T10:00Z,DE_LU,76.57
2024-02-14T11:00Z,DE_LU,71.78
2024-02-14T12:00Z,DE_LU,66.88
2024-02-14T13:00Z,DE_LU,86.59
2024-02-14T14:00Z,DE_LU,87.81
2024-02-14T15:00Z,DE_LU,93.13
2024-02-14T16:00Z,DE_LU,110.9
2024-02-14T17:00Z,DE_LU,89.29
2024-02-14T18:00Z,DE_LU,93.24
2024-02-14T19:00Z,DE_LU,88.42
2024-02-14T20:00Z,DE_LU,81.38
2024-02-14T21:00Z,DE_LU,79.44
2024-02-14T22:00Z,DE_LU,82.64
2024-02-14T23:00Z,DE_LU,76.54
2024-02-15T00:00Z,DE_LU,74.09
2024-02-15T01:00Z,DE_LU,71.09
2024-02-15T02:00Z,DE_LU,72.96
2024-02-15T03:00Z,DE_LU,72.72
2024-02-15T04:00Z,DE_LU,81.92
2024-02-15T05:00Z,DE_LU,89.23
2024-02-15T06:00Z,DE_LU,96.84
2024-02-15T07:00Z,DE_LU,86.45
2024-02-15T08:00Z,DE_LU,86.11
2024-02-15T09:00Z,DE_LU,84.9
2024-02-15T10:00Z,DE_LU,82.46
2024-02-15T11:00Z,DE_LU,81.14
2024-02-15T12:00Z,DE_LU,80.73
2024-02-15T13:00Z,DE_LU,86.52
2024-02-15T14:00Z,DE_LU,82.61
2024-02-15T15:00Z,DE_LU,86.81
2024-02-15T16:00Z,DE_LU,87.32
2024-02-15T17:00Z,DE_LU,85.13
2024-02-15T18:00Z,DE_LU,81.74
2024-02-15T19:00Z,DE_LU,76.88
2024-02-15T20:00Z,DE_LU,73.36
2024-02-15T21:00Z,DE_LU,63.84
2024-02-15T22:00Z,DE_LU,53.15
2024-02-15T23:00Z,DE_LU,47.73
2024-02-16T00:00Z,DE_LU,33.57
2024-02-16T01:00Z,DE_LU,26.39
2024-02-16T02:00Z,DE_LU,28.1
2024-02-16T03:00Z,DE_LU,41.26
2024-02-16T04:00Z,DE_LU,83.5
2024-02-16T05:00Z,DE_LU,88.49
2024-02-16T06:00Z,DE_LU,96.55
2024-02-16T07:00Z,DE_LU,98.65
2024-02-16T08:00Z,DE_LU,91.13
2024-02-16T09:00Z,DE_LU,83.68
2024-02-16T10:00Z,DE_LU,97.99
2024-02-16T11:00Z,DE_LU,89.6
2024-02-16T12:00Z,DE_LU,96.74
2024-02-16T13:00Z,DE_LU,100.68
2024-02-16T14:00Z,DE_LU,104.53
2024-02-16T15:00Z,DE_LU,114.75
2024-02-16T16:00Z,DE_LU,111.74
2024-02-16T17:00Z,DE_LU,111.32
2024-02-16T18:00Z,DE_LU,103.67
2024-02-16T19:00Z,DE_LU,95.94
2024-02-16T20:00Z,DE_LU,90.24
2024-02-16T21:00Z,DE_LU,85.96
2024-02-16T22:00Z,DE_LU,86.51
2024-02-16T23:00Z,DE_LU,78.31
2024-02-17T00:00Z,DE_LU,79.13
2024-02-17T01:00Z,DE_LU,80.46
2024-02-17T02:00Z,DE_LU,79.98
2024-02-17T03:00Z,DE_LU,78.13
2024-02-17T04:00Z,DE_LU,79.17
2024-02-17T05:00Z,DE_LU,87.36
2024-02-17T06:00Z,DE_LU,87.19
2024-02-17T07:00Z,DE_LU,84.33
2024-02-17T08:00Z,DE_LU,81.8
2024-02-17T09:00Z,DE_LU,78.05
2024-02-17T10:00Z,DE_LU,72.24
2024-02-17T11:00Z,DE_LU,69.62
2024-02-17T12:00Z,DE_LU,73.15
2024-02-17T13:00Z,DE_LU,77.96
2024-02-17T14:00Z,DE_LU,79.73
2024-02-17T15:00Z,DE_LU,82.93
2024-02-17T16:00Z,DE_LU,80.48
2024-02-17T17:00Z,DE_LU,78.08
2024-02-17T18:00Z,DE_LU,72.17
2024-02-17T19:00Z,DE_LU,75.88
2024-02-17T20:00Z,DE_LU,74.31
2024-02-17T21:00Z,DE_LU,68.53
2024-02-17T22:00Z,DE_LU,72.03
2024-02-17T23:00Z,DE_LU,44.65
2024-02-18T00:00Z,DE_LU,7.41
2024-02-18T01:00Z,DE_LU,37.81
2024-02-18T02:00Z,DE_LU,63.84
2024-02-18T03:00Z,DE_LU,48.76
2024-02-18T04:00Z,DE_LU,76.79
2024-02-18T05:00Z,DE_LU,86.17
2024-02-18T06:00Z,DE_LU,41.71
2024-02-18T07:00Z,DE_LU,81.02
2024-02-18T08:00Z,DE_LU,37.97
2024-02-18T09:00Z,DE_LU,35.62
2024-02-18T10:00Z,DE_LU,10.93
2024-02-18T11:00Z,DE_LU,1.39
2024-02-18T12:00Z,DE_LU,1.25
2024-02-18T13:00Z,DE_LU,4.97
2024-02-18T14:00Z,DE_LU,8.25
2024-02-18T15:00Z,DE_LU,15.82
2024-02-18T16:00Z,DE_LU,13.26
2024-02-18T17:00Z,DE_LU,5.57
2024-02-18T18:00Z,DE_LU,25.52
2024-02-18T19:00Z,DE_LU,5.06
2024-02-18T20:00Z,DE_LU,8.34
2024-02-18T21:00Z,DE_LU,37.44
2024-02-18T22:00Z,DE_LU,34.88
2024-02-18T23:00Z,DE_LU,45.61
2024-02-19T00:00Z,DE_LU,42.68
2024-02-19T01:00Z,DE_LU,30.55
2024-02-19T02:00Z,DE_LU,19.05
2024-02-19T03:00Z,DE_LU,33.27
2024-02-19T04:00Z,DE_LU,39.69
2024-02-19T05:00Z,DE_LU,64.17
2024-02-19T06:00Z,DE_LU,84.13
2024-02-19T07:00Z,DE_LU,75.5
2024-02-19T08:00Z,DE_LU,71.92
2024-02-19T09:00Z,DE_LU,55.34
2024-02-19T10:00Z,DE_LU,79.81
2024-02-19T11:00Z,DE_LU,36.71
2024-02-19T12:00Z,DE_LU,26.21
2024-02-19T13:00Z,DE_LU,6.38
2024-02-19T14:00Z,DE_LU,20.05
2024-02-19T15:00Z,DE_LU,64.51
2024-02-19T16:00Z,DE_LU,80.85
2024-02-19T17:00Z,DE_LU,75.38
2024-02-19T18:00Z,DE_LU,72.04
2024-02-19T19:00Z,DE_LU,65.17
2024-02-19T20:00Z,DE_LU,59.2
2024-02-19T21:00Z,DE_LU,39.67
2024-02-19T22:00Z,DE_LU,9.11
2024-02-19T23:00Z,DE_LU,25.52
2024-02-20T00:00Z,DE_LU,24.37
2024-02-20T01:00Z,DE_LU,28.97
2024-02-20T02:00Z,DE_LU,32.69
2024-02-20T03:00Z,DE_LU,14.93
2024-02-20T04:00Z,DE_LU,21.53
2024-02-20T05:00Z,DE_LU,45.21
2024-02-20T06:00Z,DE_LU,77.08
2024-02-20T07:00Z,DE_LU,68.0
2024-02-20T08:00Z,DE_LU,60.84
2024-02-20T09:00Z,DE_LU,29.77
2024-02-20T10:00Z,DE_LU,20.32
2024-02-20T11:00Z,DE_LU,6.45
2024-02-20T12:00Z,DE_LU,1.02
2024-02-20T13:00Z,DE_LU,5.6
2024-02-20T14:00Z,DE_LU,4.09
2024-02-20T15:00Z,DE_LU,48.02
2024-02-20T16:00Z,DE_LU,70.71
2024-02-20T17:00Z,DE_LU,67.57
2024-02-20T18:00Z,DE_LU,48.38
2024-02-20T19:00Z,DE_LU,53.52
2024-02-20T20:00Z,DE_LU,62.07
2024-02-20T21:00Z,DE_LU,26.68
2024-02-20T22:00Z,DE_LU,16.43
2024-02-20T23:00Z,DE_LU,32.01
2024-02-21T00:00Z,DE_LU,19.65
2024-02-21T01:00Z,DE_LU,5.59
2024-02-21T02:00Z,DE_LU,3.5
2024-02-21T03:00Z,DE_LU,10.2
2024-02-21T04:00Z,DE_LU,35.97
2024-02-21T05:00Z,DE_LU,65.04
2024-02-21T06:00Z,DE_LU,68.82
2024-02-21T07:00Z,DE_LU,66.05
2024-02-21T08:00Z,DE_LU,59.68
2024-02-21T09:00Z,DE_LU,65.28
2024-02-21T10:00Z,DE_LU,57.0
2024-02-21T11:00Z,DE_LU,47.45
2024-02-21T12:00Z,DE_LU,41.23
2024-02-21T13:00Z,DE_LU,42.34
2024-02-21T14:00Z,DE_LU,39.59
2024-02-21T15:00Z,DE_LU,79.26
2024-02-21T16:00Z,DE_LU,83.54
2024-02-21T17:00Z,DE_LU,78.84
2024-02-21T18:00Z,DE_LU,75.75
2024-02-21T19:00Z,DE_LU,68.52
2024-02-21T20:00Z,DE_LU,72.99
2024-02-21T21:00Z,DE_LU,73.42
2024-02-21T22:00Z,DE_LU,68.81
2024-02-21T23:00Z,DE_LU,46.79
2024-02-22T00:00Z,DE_LU,42.73
2024-02-22T01:00Z,DE_LU,47.01
2024-02-22T02:00Z,DE_LU,40.34
2024-02-22T03:00Z,DE_LU,41.75
2024-02-22T04:00Z,DE_LU,46.8
2024-02-22T05:00Z,DE_LU,66.4
2024-02-22T06:00Z,DE_LU,72.71
2024-02-22T07:00Z,DE_LU,53.97
2024-02-22T08:00Z,DE_LU,63.93
2024-02-22T09:00Z,DE_LU,58.34
2024-02-22T10:00Z,DE_LU,42.78
2024-02-22T11:00Z,DE_LU,20.96
2024-02-22T12:00Z,DE_LU,25.98
2024-02-22T13:00Z,DE_LU,25.34
2024-02-22T14:00Z,DE_LU,32.48
2024-02-22T15:00Z,DE_LU,48.27
2024-02-22T16:00Z,DE_LU,62.5
2024-02-22T17:00Z,DE_LU,79.06
2024-02-22T18:00Z,DE_LU,70.71
2024-02-22T19:00Z,DE_LU,60.73
2024-02-22T20:00Z,DE_LU,37.79
2024-02-22T21:00Z,DE_LU,6.91
2024-02-22T22:00Z,DE_LU,4.14
2024-02-22T23:00Z,DE_LU,8.6
2024-02-23T00:00Z,DE_LU,2.98
2024-02-23T01:00Z,DE_LU,2.49
2024-02-23T02:00Z,DE_LU,7.48
2024-02-23T03:00Z,DE_LU,5.01
2024-02-23T04:00Z,DE_LU,9.19
2024-02-23T05:00Z,DE_LU,37.4
2024-02-23T06:00Z,DE_LU,58.65
2024-02-23T07:00Z,DE_LU,59.63
2024-02-23T08:00Z,DE_LU,65.77
2024-02-23T09:00Z,DE_LU,45.2
2024-02-23T10:00Z,DE_LU,36.73
2024-02-23T11:00Z,DE_LU,25.58
2024-02-23T12:00Z,DE_LU,5.76
2024-02-23T13:00Z,DE_LU,17.6
2024-02-23T14:00Z,DE_LU,42.59
2024-02-23T15:00Z,DE_LU,44.84
2024-02-23T16:00Z,DE_LU,55.0
2024-02-23T17:00Z,DE_LU,70.18
2024-02-23T18:00Z,DE_LU,39.3
2024-02-23T19:00Z,DE_LU,14.86
2024-02-23T20:00Z,DE_LU,5.46
2024-02-23T21:00Z,DE_LU,1.91
2024-02-23T22:00Z,DE_LU,-0.25
2024-02-23T23:00Z,DE_LU,-25.19
2024-02-24T00:00Z,DE_LU,-30.2
2024-02-24T01:00Z,DE_LU,-23.68
2024-02-24T02:00Z,DE_LU,-19.44
2024-02-24T03:00Z,DE_LU,-22.43
2024-02-24T04:00Z,DE_LU,-10.74
2024-02-24T05:00Z,DE_LU,1.69
2024-02-24T06:00Z,DE_LU,0.53
2024-02-24T07:00Z,DE_LU,-6.43
2024-02-24T08:00Z,DE_LU,-26.78
2024-02-24T09:00Z,DE_LU,-32.05
2024-02-24T10:00Z,DE_LU,-39.01
2024-02-24T11:00Z,DE_LU,-40.25
2024-02-24T12:00Z,DE_LU,-28.58
2024-02-24T13:00Z,DE_LU,-20.62
2024-02-24T14:00Z,DE_LU,-9.2
2024-02-24T15:00Z,DE_LU,5.3
2024-02-24T16:00Z,DE_LU,8.79
2024-02-24T17:00Z,DE_LU,2.06
2024-02-24T18:00Z,DE_LU,3.37
2024-02-24T19:00Z,DE_LU,3.78
2024-02-24T20:00Z,DE_LU,2.63
2024-02-24T21:00Z,DE_LU,-0.64
2024-02-24T22:00Z,DE_LU,-0.74
2024-02-24T23:00Z,DE_LU,-13.91
2024-02-25T00:00Z,DE_LU,-19.07
2024-02-25T01:00Z,DE_LU,-30.69
2024-02-25T02:00Z,DE_LU,-11.79
2024-02-25T03:00Z,DE_LU,-18.71
2024-02-25T04:00Z,DE_LU,5.75
2024-02-25T05:00Z,DE_LU,5.77
2024-02-25T06:00Z,DE_LU,7.39
2024-02-25T07:00Z,DE_LU,-0.91
2024-02-25T08:00Z,DE_LU,-13.32
2024-02-25T09:00Z,DE_LU,-16.75
2024-02-25T10:00Z,DE_LU,-53.49
2024-02-25T11:00Z,DE_LU,-82.01
2024-02-25T12:00Z,DE_LU,-42.86
2024-02-25T13:00Z,DE_LU,14.84
2024-02-25T14:00Z,DE_LU,2.01
2024-02-25T15:00Z,DE_LU,21.21
2024-02-25T16:00Z,DE_LU,18.8
2024-02-25T17:00Z,DE_LU,23.06
2024-02-25T18:00Z,DE_LU,39.84
2024-02-25T19:00Z,DE_LU,43.92
2024-02-25T20:00Z,DE_LU,38.44
2024-02-25T21:00Z,DE_LU,22.0
2024-02-25T22:00Z,DE_LU,31.44
2024-02-25T23:00Z,DE_LU,51.1
2024-02-26T00:00Z,DE_LU,38.51
2024-02-26T01:00Z,DE_LU,31.67
2024-02-26T02:00Z,DE_LU,24.86
2024-02-26T03:00Z,DE_LU,26.36
2024-02-26T04:00Z,DE_LU,52.47
2024-02-26T05:00Z,DE_LU,90.97
2024-02-26T06:00Z,DE_LU,98.78
2024-02-26T07:00Z,DE_LU,86.69
2024-02-26T08:00Z,DE_LU,84.7
2024-02-26T09:00Z,DE_LU,73.94
2024-02-26T10:00Z,DE_LU,77.56
2024-02-26T11:00Z,DE_LU,69.19
2024-02-26T12:00Z,DE_LU,50.22
2024-02-26T13:00Z,DE_LU,94.53
2024-02-26T14:00Z,DE_LU,100.97
2024-02-26T15:00Z,DE_LU,92.13
2024-02-26T16:00Z,DE_LU,90.45
2024-02-26T17:00Z,DE_LU,101.22
2024-02-26T18:00Z,DE_LU,100.26
2024-02-26T19:00Z,DE_LU,95.62
2024-02-26T20:00Z,DE_LU,96.97
2024-02-26T21:00Z,DE_LU,85.54
2024-02-26T22:00Z,DE_LU,87.39
2024-02-26T23:00Z,DE_LU,95.49
2024-02-27T00:00Z,DE_LU,97.94
2024-02-27T01:00Z,DE_LU,95.85
2024-02-27T02:00Z,DE_LU,93.2
2024-02-27T03:00Z,DE_LU,104.57
2024-02-27T04:00Z,DE_LU,107.02
2024-02-27T05:00Z,DE_LU,114.71
2024-02-27T06:00Z,DE_LU,113.48
2024-02-27T07:00Z,DE_LU,106.37
2024-02-27T08:00Z,DE_LU,102.87
2024-02-27T09:00Z,DE_LU,100.36
2024-02-27T10:00Z,DE_LU,102.01
2024-02-27T11:00Z,DE_LU,105.28
2024-02-27T12:00Z,DE_LU,104.16
2024-02-27T13:00Z,DE_LU,98.22
2024-02-27T14:00Z,DE_LU,105.75
2024-02-27T15:00Z,DE_LU,114.39
2024-02-27T16:00Z,DE_LU,121.4
2024-02-27T17:00Z,DE_LU,124.69
2024-02-27T18:00Z,DE_LU,105.18
2024-02-27T19:00Z,DE_LU,102.13
2024-02-27T20:00Z,DE_LU,102.2
2024-02-27T21:00Z,DE_LU,103.01
2024-02-27T22:00Z,DE_LU,103.4
2024-02-27T23:00Z,DE_LU,76.29
2024-02-28T00:00Z,DE_LU,70.78
2024-02-28T01:00Z,DE_LU,71.63
2024-02-28T02:00Z,DE_LU,70.83
2024-02-28T03:00Z,DE_LU,71.71
2024-02-28T04:00Z,DE_LU,79.38
2024-02-28T05:00Z,DE_LU,89.6
2024-02-28T06:00Z,DE_LU,90.51
2024-02-28T07:00Z,DE_LU,79.73
2024-02-28T08:00Z,DE_LU,78.03
2024-02-28T09:00Z,DE_LU,78.28
2024-02-28T10:00Z,DE_LU,74.94
2024-02-28T11:00Z,DE_LU,77.08
2024-02-28T12:00Z,DE_LU,76.82
2024-02-28T13:00Z,DE_LU,83.35
2024-02-28T14:00Z,DE_LU,87.34
2024-02-28T15:00Z,DE_LU,89.49
2024-02-28T16:00Z,DE_LU,112.43
2024-02-28T17:00Z,DE_LU,92.54
2024-02-28T18:00Z,DE_LU,81.83
2024-02-28T19:00Z,DE_LU,78.91
2024-02-28T20:00Z,DE_LU,78.03
2024-02-28T21:00Z,DE_LU,68.6
2024-02-28T22:00Z,DE_LU,72.41
2024-02-28T23:00Z,DE_LU,72.91
2024-02-29T00:00Z,DE_LU,74.94
2024-02-29T01:00Z,DE_LU,71.55
2024-02-29T02:00Z,DE_LU,72.4
2024-02-29T03:00Z,DE_LU,80.04
2024-02-29T04:00Z,DE_LU,87.84
2024-02-29T05:00Z,DE_LU,94.92
2024-02-29T06:00Z,DE_LU,91.69
2024-02-29T07:00Z,DE_LU,82.19
2024-02-29T08:00Z,DE_LU,82.37
2024-02-29T09:00Z,DE_LU,77.92
2024-02-29T10:00Z,DE_LU,76.13
2024-02-29T11:00Z,DE_LU,76.04
2024-02-29T12:00Z,DE_LU,75.86
2024-02-29T13:00Z,DE_LU,84.73
2024-02-29T14:00Z,DE_LU,86.07
2024-02-29T15:00Z,DE_LU,91.57
2024-02-29T16:00Z,DE_LU,113.8
2024-02-29T17:00Z,DE_LU,98.95
2024-02-29T18:00Z,DE_LU,86.52
2024-02-29T19:00Z,DE_LU,82.07
2024-02-29T20:00Z,DE_LU,82.61
2024-02-29T21:00Z,DE_LU,84.9
2024-02-29T22:00Z,DE_LU,78.92
2024-02-29T23:00Z,DE_LU,78.48
2024-03-01T00:00Z,DE_LU,79.74
2024-03-01T01:00Z,DE_LU,75.96
2024-03-01T02:00Z,DE_LU,74.98
2024-03-01T03:00Z,DE_LU,78.39
2024-03-01T04:00Z,DE_LU,85.62
2024-03-01T05:00Z,DE_LU,95.1
2024-03-01T06:00Z,DE_LU,94.01
2024-03-01T07:00Z,DE_LU,84.53
2024-03-01T08:00Z,DE_LU,80.68
2024-03-01T09:00Z,DE_LU,79.63
2024-03-01T10:00Z,DE_LU,75.62
2024-03-01T11:00Z,DE_LU,77.19
2024-03-01T12:00Z,DE_LU,76.05
2024-03-01T13:00Z,DE_LU,84.61
2024-03-01T14:00Z,DE_LU,85.73
2024-03-01T15:00Z,DE_LU,95.65
2024-03-01T16:00Z,DE_LU,91.47
2024-03-01T17:00Z,DE_LU,94.59
2024-03-01T18:00Z,DE_LU,85.65
2024-03-01T19:00Z,DE_LU,82.18
2024-03-01T20:00Z,DE_LU,75.49
2024-03-01T21:00Z,DE_LU,73.9
2024-03-01T22:00Z,DE_LU,71.52
2024-03-01T23:00Z,DE_LU,69.95
2024-03-02T00:00Z,DE_LU,73.29
2024-03-02T01:00Z,DE_LU,68.65
2024-03-02T02:00Z,DE_LU,69.75
2024-03-02T03:00Z,DE_LU,68.3
2024-03-02T04:00Z,DE_LU,70.67
2024-03-02T05:00Z,DE_LU,76.17
2024-03-02T06:00Z,DE_LU,70.85
2024-03-02T07:00Z,DE_LU,70.01
2024-03-02T08:00Z,DE_LU,67.57
2024-03-02T09:00Z,DE_LU,62.68
2024-03-02T10:00Z,DE_LU,49.94
2024-03-02T11:00Z,DE_LU,31.83
2024-03-02T12:00Z,DE_LU,26.89
2024-03-02T13:00Z,DE_LU,30.79
2024-03-02T14:00Z,DE_LU,56.48
2024-03-02T15:00Z,DE_LU,66.35
2024-03-02T16:00Z,DE_LU,81.18
2024-03-02T17:00Z,DE_LU,73.59
2024-03-02T18:00Z,DE_LU,76.23
2024-03-02T19:00Z,DE_LU,70.77
2024-03-02T20:00Z,DE_LU,65.55
2024-03-02T21:00Z,DE_LU,69.74
2024-03-02T22:00Z,DE_LU,62.18
2024-03-02T23:00Z,DE_LU,48.12
2024-03-03T00:00Z,DE_LU,44.2
2024-03-03T01:00Z,DE_LU,62.27
2024-03-03T02:00Z,DE_LU,59.18
2024-03-03T03:00Z,DE_LU,60.66
2024-03-03T04:00Z,DE_LU,62.56
2024-03-03T05:00Z,DE_LU,61.09
2024-03-03T06:00Z,DE_LU,65.96
2024-03-03T07:00Z,DE_LU,59.43
2024-03-03T08:00Z,DE_LU,36.74
2024-03-03T09:00Z,DE_LU,34.11
2024-03-03T10:00Z,DE_LU,27.19
2024-03-03T11:00Z,DE_LU,30.41
2024-03-03T12:00Z,DE_LU,28.89
2024-03-03T13:00Z,DE_LU,38.48
2024-03-03T14:00Z,DE_LU,44.24
2024-03-03T15:00Z,DE_LU,65.88
2024-03-03T16:00Z,DE_LU,61.37
2024-03-03T17:00Z,DE_LU,57.96
2024-03-03T18:00Z,DE_LU,59.79
2024-03-03T19:00Z,DE_LU,57.19
2024-03-03T20:00Z,DE_LU,66.73
2024-03-03T21:00Z,DE_LU,63.99
2024-03-03T22:00Z,DE_LU,62.6
2024-03-03T23:00Z,DE_LU,82.0
2024-03-04T00:00Z,DE_LU,71.45
2024-03-04T01:00Z,DE_LU,68.79
2024-03-04T02:00Z,DE_LU,66.45
2024-03-04T03:00Z,DE_LU,47.79
2024-03-04T04:00Z,DE_LU,85.76
2024-03-04T05:00Z,DE_LU,103.51
2024-03-04T06:00Z,DE_LU,94.75
2024-03-04T07:00Z,DE_LU,95.79
2024-03-04T08:00Z,DE_LU,90.04
2024-03-04T09:00Z,DE_LU,88.41
2024-03-04T10:00Z,DE_LU,89.3
2024-03-04T11:00Z,DE_LU,85.06
2024-03-04T12:00Z,DE_LU,87.14
2024-03-04T13:00Z,DE_LU,93.75
2024-03-04T14:00Z,DE_LU,102.37
2024-03-04T15:00Z,DE_LU,115.76
2024-03-04T16:00Z,DE_LU,117.14
2024-03-04T17:00Z,DE_LU,131.84
2024-03-04T18:00Z,DE_LU,107.08
2024-03-04T19:00Z,DE_LU,106.37
2024-03-04T20:00Z,DE_LU,103.52
2024-03-04T21:00Z,DE_LU,103.91
2024-03-04T22:00Z,DE_LU,94.29
2024-03-04T23:00Z,DE_LU,91.69
2024-03-05T00:00Z,DE_LU,88.24
2024-03-05T01:00Z,DE_LU,88.67
2024-03-05T02:00Z,DE_LU,87.14
2024-03-05T03:00Z,DE_LU,92.55
2024-03-05T04:00Z,DE_LU,95.16
2024-03-05T05:00Z,DE_LU,112.02
2024-03-05T06:00Z,DE_LU,106.5
2024-03-05T07:00Z,DE_LU,104.5
2024-03-05T08:00Z,DE_LU,100.86
2024-03-05T09:00Z,DE_LU,93.08
2024-03-05T10:00Z,DE_LU,95.81
2024-03-05T11:00Z,DE_LU,91.43
2024-03-05T12:00Z,DE_LU,88.61
2024-03-05T13:00Z,DE_LU,88.03
2024-03-05T14:00Z,DE_LU,98.25
2024-03-05T15:00Z,DE_LU,106.69
2024-03-05T16:00Z,DE_LU,109.25
2024-03-05T17:00Z,DE_LU,98.8
2024-03-05T18:00Z,DE_LU,95.0
2024-03-05T19:00Z,DE_LU,92.49
2024-03-05T20:00Z,DE_LU,81.26
2024-03-05T21:00Z,DE_LU,82.96
2024-03-05T22:00Z,DE_LU,78.98
2024-03-05T23:00Z,DE_LU,74.03
2024-03-06T00:00Z,DE_LU,67.01
2024-03-06T01:00Z,DE_LU,67.5
2024-03-06T02:00Z,DE_LU,74.7
2024-03-06T03:00Z,DE_LU,74.03
2024-03-06T04:00Z,DE_LU,85.31
2024-03-06T05:00Z,DE_LU,86.52
2024-03-06T06:00Z,DE_LU,87.42
2024-03-06T07:00Z,DE_LU,76.57
2024-03-06T08:00Z,DE_LU,74.52
2024-03-06T09:00Z,DE_LU,74.98
2024-03-06T10:00Z,DE_LU,67.24
2024-03-06T11:00Z,DE_LU,65.05
2024-03-06T12:00Z,DE_LU,67.83
2024-03-06T13:00Z,DE_LU,68.01
2024-03-06T14:00Z,DE_LU,74.34
2024-03-06T15:00Z,DE_LU,84.69
2024-03-06T16:00Z,DE_LU,99.78
2024-03-06T17:00Z,DE_LU,85.1
2024-03-06T18:00Z,DE_LU,82.28
2024-03-06T19:00Z,DE_LU,72.78
2024-03-06T20:00Z,DE_LU,72.35
2024-03-06T21:00Z,DE_LU,63.71
2024-03-06T22:00Z,DE_LU,63.65
2024-03-06T23:00Z,DE_LU,54.91
2024-03-07T00:00Z,DE_LU,35.57
2024-03-07T01:00Z,DE_LU,32.98
2024-03-07T02:00Z,DE_LU,26.37
2024-03-07T03:00Z,DE_LU,25.54
2024-03-07T04:00Z,DE_LU,32.97
2024-03-07T05:00Z,DE_LU,65.22
2024-03-07T06:00Z,DE_LU,67.24
2024-03-07T07:00Z,DE_LU,64.66
2024-03-07T08:00Z,DE_LU,51.43
2024-03-07T09:00Z,DE_LU,31.47
2024-03-07T10:00Z,DE_LU,33.03
2024-03-07T11:00Z,DE_LU,27.4
2024-03-07T12:00Z,DE_LU,25.97
2024-03-07T13:00Z,DE_LU,18.54
2024-03-07T14:00Z,DE_LU,25.36
2024-03-07T15:00Z,DE_LU,34.19
2024-03-07T16:00Z,DE_LU,46.68
2024-03-07T17:00Z,DE_LU,40.46
2024-03-07T18:00Z,DE_LU,35.39
2024-03-07T19:00Z,DE_LU,31.65
2024-03-07T20:00Z,DE_LU,34.18
2024-03-07T21:00Z,DE_LU,25.64
2024-03-07T22:00Z,DE_LU,23.37
2024-03-07T23:00Z,DE_LU,23.39
2024-03-08T00:00Z,DE_LU,19.83
2024-03-08T01:00Z,DE_LU,16.46
2024-03-08T02:00Z,DE_LU,16.4
2024-03-08T03:00Z,DE_LU,18.45
2024-03-08T04:00Z,DE_LU,21.78
2024-03-08T05:00Z,DE_LU,49.62
2024-03-08T06:00Z,DE_LU,81.0
2024-03-08T07:00Z,DE_LU,73.84
2024-03-08T08:00Z,DE_LU,68.84
2024-03-08T09:00Z,DE_LU,52.53
2024-03-08T10:00Z,DE_LU,52.68
2024-03-08T11:00Z,DE_LU,37.35
2024-03-08T12:00Z,DE_LU,71.59
2024-03-08T13:00Z,DE_LU,78.68
2024-03-08T14:00Z,DE_LU,82.63
2024-03-08T15:00Z,DE_LU,87.93
2024-03-08T16:00Z,DE_LU,103.59
2024-03-08T17:00Z,DE_LU,94.81
2024-03-08T18:00Z,DE_LU,87.08
2024-03-08T19:00Z,DE_LU,81.93
2024-03-08T20:00Z,DE_LU,85.84
2024-03-08T21:00Z,DE_LU,81.72
2024-03-08T22:00Z,DE_LU,74.58
2024-03-08T23:00Z,DE_LU,70.54
2024-03-09T00:00Z,DE_LU,66.29
2024-03-09T01:00Z,DE_LU,62.94
2024-03-09T02:00Z,DE_LU,64.74
2024-03-09T03:00Z,DE_LU,66.9
2024-03-09T04:00Z,DE_LU,66.49
2024-03-09T05:00Z,DE_LU,75.58
2024-03-09T06:00Z,DE_LU,68.65
2024-03-09T07:00Z,DE_LU,68.35
2024-03-09T08:00Z,DE_LU,64.12
2024-03-09T09:00Z,DE_LU,39.1
2024-03-09T10:00Z,DE_LU,27.85
2024-03-09T11:00Z,DE_LU,35.55
2024-03-09T12:00Z,DE_LU,40.58
2024-03-09T13:00Z,DE_LU,72.22
2024-03-09T14:00Z,DE_LU,73.4
2024-03-09T15:00Z,DE_LU,82.76
2024-03-09T16:00Z,DE_LU,91.0
2024-03-09T17:00Z,DE_LU,88.94
2024-03-09T18:00Z,DE_LU,81.84
2024-03-09T19:00Z,DE_LU,78.43
2024-03-09T20:00Z,DE_LU,78.96
2024-03-09T21:00Z,DE_LU,76.1
2024-03-09T22:00Z,DE_LU,71.87
2024-03-09T23:00Z,DE_LU,66.9
2024-03-10T00:00Z,DE_LU,73.2
2024-03-10T01:00Z,DE_LU,74.56
2024-03-10T02:00Z,DE_LU,75.64
2024-03-10T03:00Z,DE_LU,75.43
2024-03-10T04:00Z,DE_LU,73.95
2024-03-10T05:00Z,DE_LU,74.64
2024-03-10T06:00Z,DE_LU,73.18
2024-03-10T07:00Z,DE_LU,65.99
2024-03-10T08:00Z,DE_LU,61.26
2024-03-10T09:00Z,DE_LU,39.13
2024-03-10T10:00Z,DE_LU,30.54
2024-03-10T11:00Z,DE_LU,43.68
2024-03-10T12:00Z,DE_LU,49.58
2024-03-10T13:00Z,DE_LU,67.99
2024-03-10T14:00Z,DE_LU,78.68
2024-03-10T15:00Z,DE_LU,79.94
2024-03-10T16:00Z,DE_LU,85.91
2024-03-10T17:00Z,DE_LU,82.41
2024-03-10T18:00Z,DE_LU,81.49
2024-03-10T19:00Z,DE_LU,79.99
2024-03-10T20:00Z,DE_LU,78.86
2024-03-10T21:00Z,DE_LU,74.68
2024-03-10T22:00Z,DE_LU,73.57
2024-03-10T23:00Z,DE_LU,84.31
2024-03-11T00:00Z,DE_LU,77.39
2024-03-11T01:00Z,DE_LU,76.18
2024-03-11T02:00Z,DE_LU,71.47
2024-03-11T03:00Z,DE_LU,73.55
2024-03-11T04:00Z,DE_LU,78.34
2024-03-11T05:00Z,DE_LU,86.53
2024-03-11T06:00Z,DE_LU,91.26
2024-03-11T07:00Z,DE_LU,79.82
2024-03-11T08:00Z,DE_LU,80.54
2024-03-11T09:00Z,DE_LU,73.43
2024-03-11T10:00Z,DE_LU,66.96
2024-03-11T11:00Z,DE_LU,64.11
2024-03-11T12:00Z,DE_LU,67.87
2024-03-11T13:00Z,DE_LU,66.2
2024-03-11T14:00Z,DE_LU,84.58
2024-03-11T15:00Z,DE_LU,96.82
2024-03-11T16:00Z,DE_LU,103.97
2024-03-11T17:00Z,DE_LU,96.37
2024-03-11T18:00Z,DE_LU,91.53
2024-03-11T19:00Z,DE_LU,94.21
2024-03-11T20:00Z,DE_LU,91.99
2024-03-11T21:00Z,DE_LU,84.7
2024-03-11T22:00Z,DE_LU,84.16
2024-03-11T23:00Z,DE_LU,85.66
2024-03-12T00:00Z,DE_LU,84.22
2024-03-12T01:00Z,DE_LU,80.87
2024-03-12T02:00Z,DE_LU,78.17
2024-03-12T03:00Z,DE_LU,78.76
2024-03-12T04:00Z,DE_LU,80.44
2024-03-12T05:00Z,DE_LU,105.42
2024-03-12T06:00Z,DE_LU,97.99
2024-03-12T07:00Z,DE_LU,90.14
2024-03-12T08:00Z,DE_LU,88.14
2024-03-12T09:00Z,DE_LU,85.4
2024-03-12T10:00Z,DE_LU,84.53
2024-03-12T11:00Z,DE_LU,79.78
2024-03-12T12:00Z,DE_LU,78.03
2024-03-12T13:00Z,DE_LU,76.77
2024-03-12T14:00Z,DE_LU,78.94
2024-03-12T15:00Z,DE_LU,93.04
2024-03-12T16:00Z,DE_LU,90.32
2024-03-12T17:00Z,DE_LU,87.49
2024-03-12T18:00Z,DE_LU,86.95
2024-03-12T19:00Z,DE_LU,81.4
2024-03-12T20:00Z,DE_LU,79.34
2024-03-12T21:00Z,DE_LU,77.28
2024-03-12T22:00Z,DE_LU,70.92
2024-03-12T23:00Z,DE_LU,39.23
2024-03-13T00:00Z,DE_LU,36.49
2024-03-13T01:00Z,DE_LU,44.61
2024-03-13T02:00Z,DE_LU,80.24
2024-03-13T03:00Z,DE_LU,76.24
2024-03-13T04:00Z,DE_LU,86.45
2024-03-13T05:00Z,DE_LU,86.12
2024-03-13T06:00Z,DE_LU,85.27
2024-03-13T07:00Z,DE_LU,76.25
2024-03-13T08:00Z,DE_LU,73.59
2024-03-13T09:00Z,DE_LU,69.94
2024-03-13T10:00Z,DE_LU,67.28
2024-03-13T11:00Z,DE_LU,69.0
2024-03-13T12:00Z,DE_LU,65.54
2024-03-13T13:00Z,DE_LU,78.49
2024-03-13T14:00Z,DE_LU,81.4
2024-03-13T15:00Z,DE_LU,79.8
2024-03-13T16:00Z,DE_LU,100.35
2024-03-13T17:00Z,DE_LU,86.06
2024-03-13T18:00Z,DE_LU,82.65
2024-03-13T19:00Z,DE_LU,70.23
2024-03-13T20:00Z,DE_LU,65.58
2024-03-13T21:00Z,DE_LU,67.9
2024-03-13T22:00Z,DE_LU,77.07
2024-03-13T23:00Z,DE_LU,72.59
2024-03-14T00:00Z,DE_LU,62.59
2024-03-14T01:00Z,DE_LU,61.54
2024-03-14T02:00Z,DE_LU,44.22
2024-03-14T03:00Z,DE_LU,62.18
2024-03-14T04:00Z,DE_LU,59.51
2024-03-14T05:00Z,DE_LU,80.38
2024-03-14T06:00Z,DE_LU,88.82
2024-03-14T07:00Z,DE_LU,77.37
2024-03-14T08:00Z,DE_LU,72.28
2024-03-14T09:00Z,DE_LU,62.36
2024-03-14T10:00Z,DE_LU,56.69
2024-03-14T11:00Z,DE_LU,38.06
2024-03-14T12:00Z,DE_LU,65.44
2024-03-14T13:00Z,DE_LU,63.09
2024-03-14T14:00Z,DE_LU,67.18
2024-03-14T15:00Z,DE_LU,62.17
2024-03-14T16:00Z,DE_LU,61.44
2024-03-14T17:00Z,DE_LU,75.07
2024-03-14T18:00Z,DE_LU,66.41
2024-03-14T19:00Z,DE_LU,65.59
2024-03-14T20:00Z,DE_LU,80.51
2024-03-14T21:00Z,DE_LU,71.37
2024-03-14T22:00Z,DE_LU,63.18
2024-03-14T23:00Z,DE_LU,70.52
2024-03-15T00:00Z,DE_LU,75.6
2024-03-15T01:00Z,DE_LU,69.77
2024-03-15T02:00Z,DE_LU,75.91
2024-03-15T03:00Z,DE_LU,82.17
2024-03-15T04:00Z,DE_LU,82.05
2024-03-15T05:00Z,DE_LU,95.45
2024-03-15T06:00Z,DE_LU,92.4
2024-03-15T07:00Z,DE_LU,85.55
2024-03-15T08:00Z,DE_LU,80.12
2024-03-15T09:00Z,DE_LU,76.99
2024-03-15T10:00Z,DE_LU,74.67
2024-03-15T11:00Z,DE_LU,80.69
2024-03-15T12:00Z,DE_LU,78.5
2024-03-15T13:00Z,DE_LU,78.92
2024-03-15T14:00Z,DE_LU,77.01
2024-03-15T15:00Z,DE_LU,77.21
2024-03-15T16:00Z,DE_LU,96.03
2024-03-15T17:00Z,DE_LU,84.67
2024-03-15T18:00Z,DE_LU,82.18
2024-03-15T19:00Z,DE_LU,71.83
2024-03-15T20:00Z,DE_LU,71.29
2024-03-15T21:00Z,DE_LU,39.36
2024-03-15T22:00Z,DE_LU,27.19
2024-03-15T23:00Z,DE_LU,13.53
2024-03-16T00:00Z,DE_LU,20.5
2024-03-16T01:00Z,DE_LU,4.02
2024-03-16T02:00Z,DE_LU,4.52
2024-03-16T03:00Z,DE_LU,3.61
2024-03-16T04:00Z,DE_LU,-0.14
2024-03-16T05:00Z,DE_LU,10.01
2024-03-16T06:00Z,DE_LU,1.88
2024-03-16T07:00Z,DE_LU,2.03
2024-03-16T08:00Z,DE_LU,-0.48
2024-03-16T09:00Z,DE_LU,-10.37
2024-03-16T10:00Z,DE_LU,-9.3
2024-03-16T11:00Z,DE_LU,-17.21
2024-03-16T12:00Z,DE_LU,-0.52
2024-03-16T13:00Z,DE_LU,-4.42
2024-03-16T14:00Z,DE_LU,16.11
2024-03-16T15:00Z,DE_LU,29.64
2024-03-16T16:00Z,DE_LU,30.97
2024-03-16T17:00Z,DE_LU,82.59
2024-03-16T18:00Z,DE_LU,67.79
2024-03-16T19:00Z,DE_LU,35.54
2024-03-16T20:00Z,DE_LU,74.08
2024-03-16T21:00Z,DE_LU,69.27
2024-03-16T22:00Z,DE_LU,66.02
2024-03-16T23:00Z,DE_LU,12.56
2024-03-17T00:00Z,DE_LU,5.69
2024-03-17T01:00Z,DE_LU,11.86
2024-03-17T02:00Z,DE_LU,23.27
2024-03-17T03:00Z,DE_LU,12.63
2024-03-17T04:00Z,DE_LU,10.05
2024-03-17T05:00Z,DE_LU,15.97
2024-03-17T06:00Z,DE_LU,41.88
2024-03-17T07:00Z,DE_LU,23.96
2024-03-17T08:00Z,DE_LU,23.82
2024-03-17T09:00Z,DE_LU,18.47
2024-03-17T10:00Z,DE_LU,14.54
2024-03-17T11:00Z,DE_LU,6.64
2024-03-17T12:00Z,DE_LU,10.1
2024-03-17T13:00Z,DE_LU,9.57
2024-03-17T14:00Z,DE_LU,31.25
2024-03-17T15:00Z,DE_LU,28.99
2024-03-17T16:00Z,DE_LU,89.97
2024-03-17T17:00Z,DE_LU,87.4
2024-03-17T18:00Z,DE_LU,79.66
2024-03-17T19:00Z,DE_LU,74.16
2024-03-17T20:00Z,DE_LU,74.57
2024-03-17T21:00Z,DE_LU,71.03
2024-03-17T22:00Z,DE_LU,72.34
2024-03-17T23:00Z,DE_LU,94.78
2024-03-18T00:00Z,DE_LU,82.81
2024-03-18T01:00Z,DE_LU,79.48
2024-03-18T02:00Z,DE_LU,79.13
2024-03-18T03:00Z,DE_LU,82.21
2024-03-18T04:00Z,DE_LU,89.7
2024-03-18T05:00Z,DE_LU,93.62
2024-03-18T06:00Z,DE_LU,82.24
2024-03-18T07:00Z,DE_LU,80.94
2024-03-18T08:00Z,DE_LU,78.38
2024-03-18T09:00Z,DE_LU,67.57
2024-03-18T10:00Z,DE_LU,37.95
2024-03-18T11:00Z,DE_LU,28.22
2024-03-18T12:00Z,DE_LU,23.26
2024-03-18T13:00Z,DE_LU,33.96
2024-03-18T14:00Z,DE_LU,47.43
2024-03-18T15:00Z,DE_LU,87.02
2024-03-18T16:00Z,DE_LU,89.15
2024-03-18T17:00Z,DE_LU,83.32
2024-03-18T18:00Z,DE_LU,74.69
2024-03-18T19:00Z,DE_LU,68.43
2024-03-18T20:00Z,DE_LU,38.87
2024-03-18T21:00Z,DE_LU,29.26
2024-03-18T22:00Z,DE_LU,30.39
2024-03-18T23:00Z,DE_LU,26.86
2024-03-19T00:00Z,DE_LU,19.06
2024-03-19T01:00Z,DE_LU,4.13
2024-03-19T02:00Z,DE_LU,3.55
2024-03-19T03:00Z,DE_LU,9.5
2024-03-19T04:00Z,DE_LU,25.84
2024-03-19T05:00Z,DE_LU,43.58
2024-03-19T06:00Z,DE_LU,36.76
2024-03-19T07:00Z,DE_LU,17.07
2024-03-19T08:00Z,DE_LU,10.07
2024-03-19T09:00Z,DE_LU,2.15
2024-03-19T10:00Z,DE_LU,-2.24
2024-03-19T11:00Z,DE_LU,-1.88
2024-03-19T12:00Z,DE_LU,12.19
2024-03-19T13:00Z,DE_LU,8.94
2024-03-19T14:00Z,DE_LU,24.69
2024-03-19T15:00Z,DE_LU,55.22
2024-03-19T16:00Z,DE_LU,90.45
2024-03-19T17:00Z,DE_LU,89.23
2024-03-19T18:00Z,DE_LU,78.51
2024-03-19T19:00Z,DE_LU,83.98
2024-03-19T20:00Z,DE_LU,74.36
2024-03-19T21:00Z,DE_LU,59.03
2024-03-19T22:00Z,DE_LU,39.15
2024-03-19T23:00Z,DE_LU,32.31
2024-03-20T00:00Z,DE_LU,27.77
2024-03-20T01:00Z,DE_LU,24.03
2024-03-20T02:00Z,DE_LU,26.91
2024-03-20T03:00Z,DE_LU,35.26
2024-03-20T04:00Z,DE_LU,43.28
2024-03-20T05:00Z,DE_LU,64.13
2024-03-20T06:00Z,DE_LU,57.76
2024-03-20T07:00Z,DE_LU,45.82
2024-03-20T08:00Z,DE_LU,4.62
2024-03-20T09:00Z,DE_LU,24.39
2024-03-20T10:00Z,DE_LU,2.87
2024-03-20T11:00Z,DE_LU,1.16
2024-03-20T12:00Z,DE_LU,4.18
2024-03-20T13:00Z,DE_LU,5.77
2024-03-20T14:00Z,DE_LU,4.51
2024-03-20T15:00Z,DE_LU,55.9
2024-03-20T16:00Z,DE_LU,78.06
2024-03-20T17:00Z,DE_LU,61.32
2024-03-20T18:00Z,DE_LU,60.0
2024-03-20T19:00Z,DE_LU,52.56
2024-03-20T20:00Z,DE_LU,66.24
2024-03-20T21:00Z,DE_LU,34.14
2024-03-20T22:00Z,DE_LU,21.73
2024-03-20T23:00Z,DE_LU,9.84
2024-03-21T00:00Z,DE_LU,13.88
2024-03-21T01:00Z,DE_LU,6.41
2024-03-21T02:00Z,DE_LU,1.95
2024-03-21T03:00Z,DE_LU,1.08
2024-03-21T04:00Z,DE_LU,3.16
2024-03-21T05:00Z,DE_LU,11.55
2024-03-21T06:00Z,DE_LU,8.21
2024-03-21T07:00Z,DE_LU,6.04
2024-03-21T08:00Z,DE_LU,2.94
2024-03-21T09:00Z,DE_LU,-27.58
2024-03-21T10:00Z,DE_LU,-38.49
2024-03-21T11:00Z,DE_LU,-54.86
2024-03-21T12:00Z,DE_LU,-63.12
2024-03-21T13:00Z,DE_LU,-28.45
2024-03-21T14:00Z,DE_LU,-17.58
2024-03-21T15:00Z,DE_LU,8.24
2024-03-21T16:00Z,DE_LU,15.21
2024-03-21T17:00Z,DE_LU,26.81
2024-03-21T18:00Z,DE_LU,21.53
2024-03-21T19:00Z,DE_LU,7.65
2024-03-21T20:00Z,DE_LU,0.7
2024-03-21T21:00Z,DE_LU,-0.57
2024-03-21T22:00Z,DE_LU,4.94
2024-03-21T23:00Z,DE_LU,-2.17
2024-03-22T00:00Z,DE_LU,-0.03
2024-03-22T01:00Z,DE_LU,-0.11
2024-03-22T02:00Z,DE_LU,4.45
2024-03-22T03:00Z,DE_LU,1.66
2024-03-22T04:00Z,DE_LU,6.69
2024-03-22T05:00Z,DE_LU,18.4
2024-03-22T06:00Z,DE_LU,4.21
2024-03-22T07:00Z,DE_LU,1.72
2024-03-22T08:00Z,DE_LU,0.03
2024-03-22T09:00Z,DE_LU,0.49
2024-03-22T10:00Z,DE_LU,-20.59
2024-03-22T11:00Z,DE_LU,-20.86
2024-03-22T12:00Z,DE_LU,-0.71
2024-03-22T13:00Z,DE_LU,-3.2
2024-03-22T14:00Z,DE_LU,22.13
2024-03-22T15:00Z,DE_LU,18.2
2024-03-22T16:00Z,DE_LU,47.76
2024-03-22T17:00Z,DE_LU,68.46
2024-03-22T18:00Z,DE_LU,46.12
2024-03-22T19:00Z,DE_LU,39.08
2024-03-22T20:00Z,DE_LU,62.08
2024-03-22T21:00Z,DE_LU,24.76
2024-03-22T22:00Z,DE_LU,25.81
2024-03-22T23:00Z,DE_LU,16.29
2024-03-23T00:00Z,DE_LU,28.07
2024-03-23T01:00Z,DE_LU,36.97
2024-03-23T02:00Z,DE_LU,23.87
2024-03-23T03:00Z,DE_LU,23.91
2024-03-23T04:00Z,DE_LU,43.86
2024-03-23T05:00Z,DE_LU,78.56
2024-03-23T06:00Z,DE_LU,65.87
2024-03-23T07:00Z,DE_LU,9.7
2024-03-23T08:00Z,DE_LU,4.76
2024-03-23T09:00Z,DE_LU,-0.77
2024-03-23T10:00Z,DE_LU,0.87
2024-03-23T11:00Z,DE_LU,9.23
2024-03-23T12:00Z,DE_LU,3.95
2024-03-23T13:00Z,DE_LU,7.09
2024-03-23T14:00Z,DE_LU,4.07
2024-03-23T15:00Z,DE_LU,19.47
2024-03-23T16:00Z,DE_LU,38.34
2024-03-23T17:00Z,DE_LU,69.56
2024-03-23T18:00Z,DE_LU,43.65
2024-03-23T19:00Z,DE_LU,70.49
2024-03-23T20:00Z,DE_LU,53.43
2024-03-23T21:00Z,DE_LU,50.55
2024-03-23T22:00Z,DE_LU,38.36
2024-03-23T23:00Z,DE_LU,34.54
2024-03-24T00:00Z,DE_LU,49.21
2024-03-24T01:00Z,DE_LU,38.54
2024-03-24T02:00Z,DE_LU,30.41
2024-03-24T03:00Z,DE_LU,41.42
2024-03-24T04:00Z,DE_LU,46.68
2024-03-24T05:00Z,DE_LU,75.04
2024-03-24T06:00Z,DE_LU,69.72
2024-03-24T07:00Z,DE_LU,70.43
2024-03-24T08:00Z,DE_LU,33.35
2024-03-24T09:00Z,DE_LU,26.54
2024-03-24T10:00Z,DE_LU,19.69
2024-03-24T11:00Z,DE_LU,19.24
2024-03-24T12:00Z,DE_LU,25.16
2024-03-24T13:00Z,DE_LU,30.98
2024-03-24T14:00Z,DE_LU,39.67
2024-03-24T15:00Z,DE_LU,43.19
2024-03-24T16:00Z,DE_LU,80.17
2024-03-24T17:00Z,DE_LU,79.78
2024-03-24T18:00Z,DE_LU,72.65
2024-03-24T19:00Z,DE_LU,72.54
2024-03-24T20:00Z,DE_LU,73.68
2024-03-24T21:00Z,DE_LU,72.12
2024-03-24T22:00Z,DE_LU,70.47
2024-03-24T23:00Z,DE_LU,80.71
2024-03-25T00:00Z,DE_LU,76.2
2024-03-25T01:00Z,DE_LU,78.34
2024-03-25T02:00Z,DE_LU,79.8
2024-03-25T03:00Z,DE_LU,80.85
2024-03-25T04:00Z,DE_LU,88.91
2024-03-25T05:00Z,DE_LU,92.16
2024-03-25T06:00Z,DE_LU,90.76
2024-03-25T07:00Z,DE_LU,85.39
2024-03-25T08:00Z,DE_LU,76.92
2024-03-25T09:00Z,DE_LU,71.97
2024-03-25T10:00Z,DE_LU,71.15
2024-03-25T11:00Z,DE_LU,71.19
2024-03-25T12:00Z,DE_LU,71.77
2024-03-25T13:00Z,DE_LU,77.62
2024-03-25T14:00Z,DE_LU,80.49
2024-03-25T15:00Z,DE_LU,88.75
2024-03-25T16:00Z,DE_LU,96.06
2024-03-25T17:00Z,DE_LU,90.83
2024-03-25T18:00Z,DE_LU,86.43
2024-03-25T19:00Z,DE_LU,81.33
2024-03-25T20:00Z,DE_LU,76.39
2024-03-25T21:00Z,DE_LU,73.36
2024-03-25T22:00Z,DE_LU,73.01
2024-03-25T23:00Z,DE_LU,71.38
2024-03-26T00:00Z,DE_LU,75.18
2024-03-26T01:00Z,DE_LU,70.34
2024-03-26T02:00Z,DE_LU,69.1
2024-03-26T03:00Z,DE_LU,69.88
2024-03-26T04:00Z,DE_LU,81.05
2024-03-26T05:00Z,DE_LU,83.56
2024-03-26T06:00Z,DE_LU,75.62
2024-03-26T07:00Z,DE_LU,72.0
2024-03-26T08:00Z,DE_LU,70.58
2024-03-26T09:00Z,DE_LU,78.71
2024-03-26T10:00Z,DE_LU,76.3
2024-03-26T11:00Z,DE_LU,74.38
2024-03-26T12:00Z,DE_LU,80.6
2024-03-26T13:00Z,DE_LU,76.78
2024-03-26T14:00Z,DE_LU,84.27
2024-03-26T15:00Z,DE_LU,89.37
2024-03-26T16:00Z,DE_LU,94.86
2024-03-26T17:00Z,DE_LU,104.07
2024-03-26T18:00Z,DE_LU,96.45
2024-03-26T19:00Z,DE_LU,89.32
2024-03-26T20:00Z,DE_LU,87.58
2024-03-26T21:00Z,DE_LU,80.09
2024-03-26T22:00Z,DE_LU,74.09
2024-03-26T23:00Z,DE_LU,67.53
2024-03-27T00:00Z,DE_LU,64.42
2024-03-27T01:00Z,DE_LU,65.42
2024-03-27T02:00Z,DE_LU,65.41
2024-03-27T03:00Z,DE_LU,68.39
2024-03-27T04:00Z,DE_LU,79.5
2024-03-27T05:00Z,DE_LU,84.91
2024-03-27T06:00Z,DE_LU,76.56
2024-03-27T07:00Z,DE_LU,75.49
2024-03-27T08:00Z,DE_LU,72.06
2024-03-27T09:00Z,DE_LU,69.82
2024-03-27T10:00Z,DE_LU,70.65
2024-03-27T11:00Z,DE_LU,70.61
2024-03-27T12:00Z,DE_LU,71.02
2024-03-27T13:00Z,DE_LU,76.81
2024-03-27T14:00Z,DE_LU,83.37
2024-03-27T15:00Z,DE_LU,95.29
2024-03-27T16:00Z,DE_LU,99.66
2024-03-27T17:00Z,DE_LU,96.5
2024-03-27T18:00Z,DE_LU,89.71
2024-03-27T19:00Z,DE_LU,80.04
2024-03-27T20:00Z,DE_LU,81.73
2024-03-27T21:00Z,DE_LU,75.76
2024-03-27T22:00Z,DE_LU,73.02
2024-03-27T23:00Z,DE_LU,73.31
2024-03-28T00:00Z,DE_LU,74.57
2024-03-28T01:00Z,DE_LU,74.51
2024-03-28T02:00Z,DE_LU,77.0
2024-03-28T03:00Z,DE_LU,76.29
2024-03-28T04:00Z,DE_LU,86.48
2024-03-28T05:00Z,DE_LU,90.5
2024-03-28T06:00Z,DE_LU,84.84
2024-03-28T07:00Z,DE_LU,79.45
2024-03-28T08:00Z,DE_LU,76.52
2024-03-28T09:00Z,DE_LU,73.95
2024-03-28T10:00Z,DE_LU,70.55
2024-03-28T11:00Z,DE_LU,62.43
2024-03-28T12:00Z,DE_LU,64.08
2024-03-28T13:00Z,DE_LU,72.44
2024-03-28T14:00Z,DE_LU,75.23
2024-03-28T15:00Z,DE_LU,70.91
2024-03-28T16:00Z,DE_LU,79.83
2024-03-28T17:00Z,DE_LU,82.11
2024-03-28T18:00Z,DE_LU,72.94
2024-03-28T19:00Z,DE_LU,74.67
2024-03-28T20:00Z,DE_LU,61.24
2024-03-28T21:00Z,DE_LU,60.7
2024-03-28T22:00Z,DE_LU,53.86
2024-03-28T23:00Z,DE_LU,7.9
2024-03-29T00:00Z,DE_LU,8.92
2024-03-29T01:00Z,DE_LU,5.72
2024-03-29T02:00Z,DE_LU,1.47
2024-03-29T03:00Z,DE_LU,8.28
2024-03-29T04:00Z,DE_LU,13.98
2024-03-29T05:00Z,DE_LU,17.3
2024-03-29T06:00Z,DE_LU,3.37
2024-03-29T07:00Z,DE_LU,9.65
2024-03-29T08:00Z,DE_LU,18.42
2024-03-29T09:00Z,DE_LU,20.35
2024-03-29T10:00Z,DE_LU,15.21
2024-03-29T11:00Z,DE_LU,23.42
2024-03-29T12:00Z,DE_LU,23.25
2024-03-29T13:00Z,DE_LU,44.05
2024-03-29T14:00Z,DE_LU,60.32
2024-03-29T15:00Z,DE_LU,70.63
2024-03-29T16:00Z,DE_LU,74.75
2024-03-29T17:00Z,DE_LU,77.45
2024-03-29T18:00Z,DE_LU,69.0
2024-03-29T19:00Z,DE_LU,70.56
2024-03-29T20:00Z,DE_LU,73.92
2024-03-29T21:00Z,DE_LU,67.79
2024-03-29T22:00Z,DE_LU,41.11
2024-03-29T23:00Z,DE_LU,55.49
2024-03-30T00:00Z,DE_LU,31.21
2024-03-30T01:00Z,DE_LU,18.53
2024-03-30T02:00Z,DE_LU,19.5
2024-03-30T03:00Z,DE_LU,23.45
2024-03-30T04:00Z,DE_LU,17.63
2024-03-30T05:00Z,DE_LU,40.61
2024-03-30T06:00Z,DE_LU,30.77
2024-03-30T07:00Z,DE_LU,20.97
2024-03-30T08:00Z,DE_LU,15.54
2024-03-30T09:00Z,DE_LU,16.56
2024-03-30T10:00Z,DE_LU,20.24
2024-03-30T11:00Z,DE_LU,24.1
2024-03-30T12:00Z,DE_LU,29.05
2024-03-30T13:00Z,DE_LU,34.47
2024-03-30T14:00Z,DE_LU,69.62
2024-03-30T15:00Z,DE_LU,66.05
2024-03-30T16:00Z,DE_LU,58.53
2024-03-30T17:00Z,DE_LU,73.63
2024-03-30T18:00Z,DE_LU,66.54
2024-03-30T19:00Z,DE_LU,61.9
2024-03-30T20:00Z,DE_LU,57.7
2024-03-30T21:00Z,DE_LU,58.48
2024-03-30T22:00Z,DE_LU,54.41
2024-03-30T23:00Z,DE_LU,19.17
2024-03-31T00:00Z,DE_LU,17.65
2024-03-31T01:00Z,DE_LU,31.87
2024-03-31T02:00Z,DE_LU,71.34
2024-03-31T03:00Z,DE_LU,65.62
2024-03-31T04:00Z,DE_LU,81.79
2024-03-31T05:00Z,DE_LU,72.32
2024-03-31T06:00Z,DE_LU,70.02
2024-03-31T07:00Z,DE_LU,34.94
2024-03-31T08:00Z,DE_LU,20.81
2024-03-31T09:00Z,DE_LU,36.09
2024-03-31T10:00Z,DE_LU,14.28
2024-03-31T11:00Z,DE_LU,5.53
2024-03-31T12:00Z,DE_LU,1.09
2024-03-31T13:00Z,DE_LU,10.6
2024-03-31T14:00Z,DE_LU,25.61
2024-03-31T15:00Z,DE_LU,26.77
2024-03-31T16:00Z,DE_LU,29.39
2024-03-31T17:00Z,DE_LU,83.64
2024-03-31T18:00Z,DE_LU,43.35
2024-03-31T19:00Z,DE_LU,38.8
2024-03-31T20:00Z,DE_LU,43.14
2024-03-31T21:00Z,DE_LU,75.59
2024-03-31T22:00Z,DE_LU,19.7
2024-03-31T23:00Z,DE_LU,47.15
2024-04-01T00:00Z,DE_LU,16.16
2024-04-01T01:00Z,DE_LU,14.7
2024-04-01T02:00Z,DE_LU,11.66
2024-04-01T03:00Z,DE_LU,7.79
2024-04-01T04:00Z,DE_LU,24.82
2024-04-01T05:00Z,DE_LU,91.42
2024-04-01T06:00Z,DE_LU,39.6
2024-04-01T07:00Z,DE_LU,17.49
2024-04-01T08:00Z,DE_LU,8.96
2024-04-01T09:00Z,DE_LU,12.12
2024-04-01T10:00Z,DE_LU,13.0
2024-04-01T11:00Z,DE_LU,17.39
2024-04-01T12:00Z,DE_LU,38.79
2024-04-01T13:00Z,DE_LU,48.56
2024-04-01T14:00Z,DE_LU,91.88
2024-04-01T15:00Z,DE_LU,90.7
2024-04-01T16:00Z,DE_LU,81.61
2024-04-01T17:00Z,DE_LU,81.36
2024-04-01T18:00Z,DE_LU,79.23
2024-04-01T19:00Z,DE_LU,77.08
2024-04-01T20:00Z,DE_LU,71.68
2024-04-01T21:00Z,DE_LU,67.98
2024-04-01T22:00Z,DE_LU,61.06
2024-04-01T23:00Z,DE_LU,72.33
2024-04-02T00:00Z,DE_LU,63.56
2024-04-02T01:00Z,DE_LU,76.82
2024-04-02T02:00Z,DE_LU,68.75
2024-04-02T03:00Z,DE_LU,76.99
2024-04-02T04:00Z,DE_LU,82.06
2024-04-02T05:00Z,DE_LU,90.56
2024-04-02T06:00Z,DE_LU,77.97
2024-04-02T07:00Z,DE_LU,75.24
2024-04-02T08:00Z,DE_LU,68.13
2024-04-02T09:00Z,DE_LU,66.23
2024-04-02T10:00Z,DE_LU,60.68
2024-04-02T11:00Z,DE_LU,62.31
2024-04-02T12:00Z,DE_LU,64.03
2024-04-02T13:00Z,DE_LU,74.64
2024-04-02T14:00Z,DE_LU,78.07
2024-04-02T15:00Z,DE_LU,97.19
2024-04-02T16:00Z,DE_LU,99.05
2024-04-02T17:00Z,DE_LU,90.98
2024-04-02T18:00Z,DE_LU,88.8
2024-04-02T19:00Z,DE_LU,87.62
2024-04-02T20:00Z,DE_LU,83.03
2024-04-02T21:00Z,DE_LU,76.03
2024-04-02T22:00Z,DE_LU,91.36
2024-04-02T23:00Z,DE_LU,95.35
2024-04-03T00:00Z,DE_LU,87.16
2024-04-03T01:00Z,DE_LU,81.88
2024-04-03T02:00Z,DE_LU,87.59
2024-04-03T03:00Z,DE_LU,92.48
2024-04-03T04:00Z,DE_LU,113.74
2024-04-03T05:00Z,DE_LU,107.99
2024-04-03T06:00Z,DE_LU,97.19
2024-04-03T07:00Z,DE_LU,93.31
2024-04-03T08:00Z,DE_LU,95.14
2024-04-03T09:00Z,DE_LU,91.01
2024-04-03T10:00Z,DE_LU,88.12
2024-04-03T11:00Z,DE_LU,84.88
2024-04-03T12:00Z,DE_LU,87.56
2024-04-03T13:00Z,DE_LU,96.54
2024-04-03T14:00Z,DE_LU,100.32
2024-04-03T15:00Z,DE_LU,106.7
2024-04-03T16:00Z,DE_LU,117.88
2024-04-03T17:00Z,DE_LU,121.21
2024-04-03T18:00Z,DE_LU,103.65
2024-04-03T19:00Z,DE_LU,105.05
2024-04-03T20:00Z,DE_LU,104.97
2024-04-03T21:00Z,DE_LU,96.36
2024-04-03T22:00Z,DE_LU,94.02
2024-04-03T23:00Z,DE_LU,92.24
2024-04-04T00:00Z,DE_LU,90.33
2024-04-04T01:00Z,DE_LU,90.01
2024-04-04T02:00Z,DE_LU,87.56
2024-04-04T03:00Z,DE_LU,94.04
2024-04-04T04:00Z,DE_LU,106.79
2024-04-04T05:00Z,DE_LU,103.2
2024-04-04T06:00Z,DE_LU,99.69
2024-04-04T07:00Z,DE_LU,102.98
2024-04-04T08:00Z,DE_LU,100.27
2024-04-04T09:00Z,DE_LU,87.72
2024-04-04T10:00Z,DE_LU,83.62
2024-04-04T11:00Z,DE_LU,82.58
2024-04-04T12:00Z,DE_LU,82.84
2024-04-04T13:00Z,DE_LU,89.78
2024-04-04T14:00Z,DE_LU,98.73
2024-04-04T15:00Z,DE_LU,114.1
2024-04-04T16:00Z,DE_LU,106.54
2024-04-04T17:00Z,DE_LU,118.11
2024-04-04T18:00Z,DE_LU,101.25
2024-04-04T19:00Z,DE_LU,98.6
2024-04-04T20:00Z,DE_LU,97.74
2024-04-04T21:00Z,DE_LU,94.46
2024-04-04T22:00Z,DE_LU,102.47
2024-04-04T23:00Z,DE_LU,99.52
2024-04-05T00:00Z,DE_LU,97.88
2024-04-05T01:00Z,DE_LU,101.62
2024-04-05T02:00Z,DE_LU,101.09
2024-04-05T03:00Z,DE_LU,105.41
2024-04-05T04:00Z,DE_LU,114.35
2024-04-05T05:00Z,DE_LU,122.29
2024-04-05T06:00Z,DE_LU,113.88
2024-04-05T07:00Z,DE_LU,110.89
2024-04-05T08:00Z,DE_LU,102.84
2024-04-05T09:00Z,DE_LU,100.61
2024-04-05T10:00Z,DE_LU,90.02
2024-04-05T11:00Z,DE_LU,85.47
2024-04-05T12:00Z,DE_LU,88.44
2024-04-05T13:00Z,DE_LU,94.93
2024-04-05T14:00Z,DE_LU,93.15
2024-04-05T15:00Z,DE_LU,109.28
2024-04-05T16:00Z,DE_LU,105.54
2024-04-05T17:00Z,DE_LU,102.03
2024-04-05T18:00Z,DE_LU,101.57
2024-04-05T19:00Z,DE_LU,99.92
2024-04-05T20:00Z,DE_LU,90.62
2024-04-05T21:00Z,DE_LU,85.96
2024-04-05T22:00Z,DE_LU,43.5
2024-04-05T23:00Z,DE_LU,86.04
2024-04-06T00:00Z,DE_LU,94.2
2024-04-06T01:00Z,DE_LU,98.69
2024-04-06T02:00Z,DE_LU,93.75
2024-04-06T03:00Z,DE_LU,109.43
2024-04-06T04:00Z,DE_LU,106.46
2024-04-06T05:00Z,DE_LU,98.91
2024-04-06T06:00Z,DE_LU,101.24
2024-04-06T07:00Z,DE_LU,97.24
2024-04-06T08:00Z,DE_LU,90.28
2024-04-06T09:00Z,DE_LU,39.59
2024-04-06T10:00Z,DE_LU,25.81
2024-04-06T11:00Z,DE_LU,18.6
2024-04-06T12:00Z,DE_LU,33.52
2024-04-06T13:00Z,DE_LU,37.78
2024-04-06T14:00Z,DE_LU,40.16
2024-04-06T15:00Z,DE_LU,104.75
2024-04-06T16:00Z,DE_LU,115.54
2024-04-06T17:00Z,DE_LU,100.52
2024-04-06T18:00Z,DE_LU,110.8
2024-04-06T19:00Z,DE_LU,103.67
2024-04-06T20:00Z,DE_LU,101.76
2024-04-06T21:00Z,DE_LU,101.08
2024-04-06T22:00Z,DE_LU,92.23
2024-04-06T23:00Z,DE_LU,94.12
2024-04-07T00:00Z,DE_LU,87.32
2024-04-07T01:00Z,DE_LU,87.23
2024-04-07T02:00Z,DE_LU,92.81
2024-04-07T03:00Z,DE_LU,101.53
2024-04-07T04:00Z,DE_LU,104.27
2024-04-07T05:00Z,DE_LU,97.9
2024-04-07T06:00Z,DE_LU,95.93
2024-04-07T07:00Z,DE_LU,89.49
2024-04-07T08:00Z,DE_LU,84.12
2024-04-07T09:00Z,DE_LU,81.14
2024-04-07T10:00Z,DE_LU,77.24
2024-04-07T11:00Z,DE_LU,76.43
2024-04-07T12:00Z,DE_LU,78.52
2024-04-07T13:00Z,DE_LU,81.22
2024-04-07T14:00Z,DE_LU,86.69
2024-04-07T15:00Z,DE_LU,94.25
2024-04-07T16:00Z,DE_LU,102.46
2024-04-07T17:00Z,DE_LU,109.79
2024-04-07T18:00Z,DE_LU,107.18
2024-04-07T19:00Z,DE_LU,102.44
2024-04-07T20:00Z,DE_LU,98.46
2024-04-07T21:00Z,DE_LU,91.8
2024-04-07T22:00Z,DE_LU,100.31
2024-04-07T23:00Z,DE_LU,89.97
2024-04-08T00:00Z,DE_LU,90.84
2024-04-08T01:00Z,DE_LU,96.5
2024-04-08T02:00Z,DE_LU,99.13
2024-04-08T03:00Z,DE_LU,104.38
2024-04-08T04:00Z,DE_LU,119.96
2024-04-08T05:00Z,DE_LU,118.12
2024-04-08T06:00Z,DE_LU,110.59
2024-04-08T07:00Z,DE_LU,109.78
2024-04-08T08:00Z,DE_LU,108.48
2024-04-08T09:00Z,DE_LU,106.05
2024-04-08T10:00Z,DE_LU,102.73
2024-04-08T11:00Z,DE_LU,99.13
2024-04-08T12:00Z,DE_LU,101.36
2024-04-08T13:00Z,DE_LU,108.35
2024-04-08T14:00Z,DE_LU,113.94
2024-04-08T15:00Z,DE_LU,126.55
2024-04-08T16:00Z,DE_LU,129.74
2024-04-08T17:00Z,DE_LU,127.56
2024-04-08T18:00Z,DE_LU,117.2
2024-04-08T19:00Z,DE_LU,116.19
2024-04-08T20:00Z,DE_LU,110.84
2024-04-08T21:00Z,DE_LU,103.76
2024-04-08T22:00Z,DE_LU,97.17
2024-04-08T23:00Z,DE_LU,92.99
2024-04-09T00:00Z,DE_LU,90.72
2024-04-09T01:00Z,DE_LU,94.87
2024-04-09T02:00Z,DE_LU,94.26
2024-04-09T03:00Z,DE_LU,100.53
2024-04-09T04:00Z,DE_LU,114.26
2024-04-09T05:00Z,DE_LU,116.48
2024-04-09T06:00Z,DE_LU,111.19
2024-04-09T07:00Z,DE_LU,105.62
2024-04-09T08:00Z,DE_LU,97.63
2024-04-09T09:00Z,DE_LU,88.25
2024-04-09T10:00Z,DE_LU,82.73
2024-04-09T11:00Z,DE_LU,82.15
2024-04-09T12:00Z,DE_LU,84.66
2024-04-09T13:00Z,DE_LU,86.26
2024-04-09T14:00Z,DE_LU,95.47
2024-04-09T15:00Z,DE_LU,111.25
2024-04-09T16:00Z,DE_LU,115.76
2024-04-09T17:00Z,DE_LU,115.41
2024-04-09T18:00Z,DE_LU,113.01
2024-04-09T19:00Z,DE_LU,107.93
2024-04-09T20:00Z,DE_LU,103.9
2024-04-09T21:00Z,DE_LU,97.65
2024-04-09T22:00Z,DE_LU,85.51
2024-04-09T23:00Z,DE_LU,85.53
2024-04-10T00:00Z,DE_LU,83.84
2024-04-10T01:00Z,DE_LU,77.54
2024-04-10T02:00Z,DE_LU,77.59
2024-04-10T03:00Z,DE_LU,79.46
2024-04-10T04:00Z,DE_LU,93.38
2024-04-10T05:00Z,DE_LU,84.09
2024-04-10T06:00Z,DE_LU,77.2
2024-04-10T07:00Z,DE_LU,81.65
2024-04-10T08:00Z,DE_LU,77.84
2024-04-10T09:00Z,DE_LU,24.58
2024-04-10T10:00Z,DE_LU,20.64
2024-04-10T11:00Z,DE_LU,15.28
2024-04-10T12:00Z,DE_LU,10.42
2024-04-10T13:00Z,DE_LU,19.96
2024-04-10T14:00Z,DE_LU,41.47
2024-04-10T15:00Z,DE_LU,34.14
2024-04-10T16:00Z,DE_LU,30.7
2024-04-10T17:00Z,DE_LU,77.55
2024-04-10T18:00Z,DE_LU,61.38
2024-04-10T19:00Z,DE_LU,24.29
2024-04-10T20:00Z,DE_LU,22.98
2024-04-10T21:00Z,DE_LU,37.09
2024-04-10T22:00Z,DE_LU,18.96
2024-04-10T23:00Z,DE_LU,24.13
2024-04-11T00:00Z,DE_LU,21.61
2024-04-11T01:00Z,DE_LU,29.98
2024-04-11T02:00Z,DE_LU,15.33
2024-04-11T03:00Z,DE_LU,55.87
2024-04-11T04:00Z,DE_LU,95.21
2024-04-11T05:00Z,DE_LU,82.12
2024-04-11T06:00Z,DE_LU,52.12
2024-04-11T07:00Z,DE_LU,29.96
2024-04-11T08:00Z,DE_LU,27.87
2024-04-11T09:00Z,DE_LU,48.25
2024-04-11T10:00Z,DE_LU,31.02
2024-04-11T11:00Z,DE_LU,30.25
2024-04-11T12:00Z,DE_LU,28.4
2024-04-11T13:00Z,DE_LU,17.62
2024-04-11T14:00Z,DE_LU,17.01
2024-04-11T15:00Z,DE_LU,42.15
2024-04-11T16:00Z,DE_LU,87.07
2024-04-11T17:00Z,DE_LU,86.77
2024-04-11T18:00Z,DE_LU,86.75
2024-04-11T19:00Z,DE_LU,83.56
2024-04-11T20:00Z,DE_LU,83.41
2024-04-11T21:00Z,DE_LU,49.55
2024-04-11T22:00Z,DE_LU,78.43
2024-04-11T23:00Z,DE_LU,71.64
2024-04-12T00:00Z,DE_LU,74.62
2024-04-12T01:00Z,DE_LU,17.61
2024-04-12T02:00Z,DE_LU,23.52
2024-04-12T03:00Z,DE_LU,68.12
2024-04-12T04:00Z,DE_LU,65.18
2024-04-12T05:00Z,DE_LU,68.56
2024-04-12T06:00Z,DE_LU,34.23
2024-04-12T07:00Z,DE_LU,29.37
2024-04-12T08:00Z,DE_LU,29.88
2024-04-12T09:00Z,DE_LU,32.25
2024-04-12T10:00Z,DE_LU,29.63
2024-04-12T11:00Z,DE_LU,34.0
2024-04-12T12:00Z,DE_LU,22.25
2024-04-12T13:00Z,DE_LU,29.83
2024-04-12T14:00Z,DE_LU,85.89
2024-04-12T15:00Z,DE_LU,96.74
2024-04-12T16:00Z,DE_LU,94.65
2024-04-12T17:00Z,DE_LU,92.34
2024-04-12T18:00Z,DE_LU,82.6
2024-04-12T19:00Z,DE_LU,86.98
2024-04-12T20:00Z,DE_LU,77.01
2024-04-12T21:00Z,DE_LU,78.96
2024-04-12T22:00Z,DE_LU,73.27
2024-04-12T23:00Z,DE_LU,27.77
2024-04-13T00:00Z,DE_LU,42.22
2024-04-13T01:00Z,DE_LU,38.72
2024-04-13T02:00Z,DE_LU,70.89
2024-04-13T03:00Z,DE_LU,80.15
2024-04-13T04:00Z,DE_LU,81.59
2024-04-13T05:00Z,DE_LU,74.9
2024-04-13T06:00Z,DE_LU,71.65
2024-04-13T07:00Z,DE_LU,37.56
2024-04-13T08:00Z,DE_LU,45.31
2024-04-13T09:00Z,DE_LU,34.83
2024-04-13T10:00Z,DE_LU,21.69
2024-04-13T11:00Z,DE_LU,16.72
2024-04-13T12:00Z,DE_LU,16.99
2024-04-13T13:00Z,DE_LU,26.33
2024-04-13T14:00Z,DE_LU,37.75
2024-04-13T15:00Z,DE_LU,82.34
2024-04-13T16:00Z,DE_LU,85.37
2024-04-13T17:00Z,DE_LU,87.69
2024-04-13T18:00Z,DE_LU,86.71
2024-04-13T19:00Z,DE_LU,86.7
2024-04-13T20:00Z,DE_LU,84.43
2024-04-13T21:00Z,DE_LU,82.34
2024-04-13T22:00Z,DE_LU,68.48
2024-04-13T23:00Z,DE_LU,65.72
2024-04-14T00:00Z,DE_LU,67.74
2024-04-14T01:00Z,DE_LU,69.89
2024-04-14T02:00Z,DE_LU,83.93
2024-04-14T03:00Z,DE_LU,72.39
2024-04-14T04:00Z,DE_LU,70.72
2024-04-14T05:00Z,DE_LU,67.42
2024-04-14T06:00Z,DE_LU,47.01
2024-04-14T07:00Z,DE_LU,20.56
2024-04-14T08:00Z,DE_LU,15.5
2024-04-14T09:00Z,DE_LU,4.83
2024-04-14T10:00Z,DE_LU,5.19
2024-04-14T11:00Z,DE_LU,4.84
2024-04-14T12:00Z,DE_LU,8.52
2024-04-14T13:00Z,DE_LU,15.89
2024-04-14T14:00Z,DE_LU,27.76
2024-04-14T15:00Z,DE_LU,66.22
2024-04-14T16:00Z,DE_LU,90.56
2024-04-14T17:00Z,DE_LU,91.15
2024-04-14T18:00Z,DE_LU,89.54
2024-04-14T19:00Z,DE_LU,81.63
2024-04-14T20:00Z,DE_LU,77.44
2024-04-14T21:00Z,DE_LU,77.04
2024-04-14T22:00Z,DE_LU,90.18
2024-04-14T23:00Z,DE_LU,82.11
2024-04-15T00:00Z,DE_LU,79.48
2024-04-15T01:00Z,DE_LU,79.55
2024-04-15T02:00Z,DE_LU,79.21
2024-04-15T03:00Z,DE_LU,77.99
2024-04-15T04:00Z,DE_LU,79.38
2024-04-15T05:00Z,DE_LU,78.28
2024-04-15T06:00Z,DE_LU,79.56
2024-04-15T07:00Z,DE_LU,75.13
2024-04-15T08:00Z,DE_LU,27.09
2024-04-15T09:00Z,DE_LU,22.22
2024-04-15T10:00Z,DE_LU,13.69
2024-04-15T11:00Z,DE_LU,4.72
2024-04-15T12:00Z,DE_LU,15.11
2024-04-15T13:00Z,DE_LU,29.38
2024-04-15T14:00Z,DE_LU,28.93
2024-04-15T15:00Z,DE_LU,41.41
2024-04-15T16:00Z,DE_LU,88.01
2024-04-15T17:00Z,DE_LU,88.79
2024-04-15T18:00Z,DE_LU,89.52
2024-04-15T19:00Z,DE_LU,82.62
2024-04-15T20:00Z,DE_LU,79.53
2024-04-15T21:00Z,DE_LU,71.79
2024-04-15T22:00Z,DE_LU,76.62
2024-04-15T23:00Z,DE_LU,72.35
2024-04-16T00:00Z,DE_LU,28.34
2024-04-16T01:00Z,DE_LU,43.57
2024-04-16T02:00Z,DE_LU,34.09
2024-04-16T03:00Z,DE_LU,42.89
2024-04-16T04:00Z,DE_LU,88.44
2024-04-16T05:00Z,DE_LU,78.15
2024-04-16T06:00Z,DE_LU,77.72
2024-04-16T07:00Z,DE_LU,72.64
2024-04-16T08:00Z,DE_LU,42.61
2024-04-16T09:00Z,DE_LU,77.78
2024-04-16T10:00Z,DE_LU,31.71
2024-04-16T11:00Z,DE_LU,22.86
2024-04-16T12:00Z,DE_LU,18.67
2024-04-16T13:00Z,DE_LU,33.83
2024-04-16T14:00Z,DE_LU,78.89
2024-04-16T15:00Z,DE_LU,100.45
2024-04-16T16:00Z,DE_LU,86.24
2024-04-16T17:00Z,DE_LU,88.48
2024-04-16T18:00Z,DE_LU,83.94
2024-04-16T19:00Z,DE_LU,87.71
2024-04-16T20:00Z,DE_LU,77.48
2024-04-16T21:00Z,DE_LU,74.66
2024-04-16T22:00Z,DE_LU,71.21
2024-04-16T23:00Z,DE_LU,65.73
2024-04-17T00:00Z,DE_LU,66.5
2024-04-17T01:00Z,DE_LU,65.53
2024-04-17T02:00Z,DE_LU,67.7
2024-04-17T03:00Z,DE_LU,67.76
2024-04-17T04:00Z,DE_LU,83.32
2024-04-17T05:00Z,DE_LU,72.04
2024-04-17T06:00Z,DE_LU,70.08
2024-04-17T07:00Z,DE_LU,62.83
2024-04-17T08:00Z,DE_LU,59.13
2024-04-17T09:00Z,DE_LU,22.42
2024-04-17T10:00Z,DE_LU,13.95
2024-04-17T11:00Z,DE_LU,16.35
2024-04-17T12:00Z,DE_LU,17.53
2024-04-17T13:00Z,DE_LU,23.13
2024-04-17T14:00Z,DE_LU,66.71
2024-04-17T15:00Z,DE_LU,75.81
2024-04-17T16:00Z,DE_LU,85.91
2024-04-17T17:00Z,DE_LU,88.72
2024-04-17T18:00Z,DE_LU,79.34
2024-04-17T19:00Z,DE_LU,68.38
2024-04-17T20:00Z,DE_LU,63.71
2024-04-17T21:00Z,DE_LU,66.19
2024-04-17T22:00Z,DE_LU,67.36
2024-04-17T23:00Z,DE_LU,68.19
2024-04-18T00:00Z,DE_LU,66.36
2024-04-18T01:00Z,DE_LU,66.82
2024-04-18T02:00Z,DE_LU,61.98
2024-04-18T03:00Z,DE_LU,77.14
2024-04-18T04:00Z,DE_LU,80.71
2024-04-18T05:00Z,DE_LU,84.43
2024-04-18T06:00Z,DE_LU,73.11
2024-04-18T07:00Z,DE_LU,71.26
2024-04-18T08:00Z,DE_LU,72.02
2024-04-18T09:00Z,DE_LU,68.75
2024-04-18T10:00Z,DE_LU,65.62
2024-04-18T11:00Z,DE_LU,29.29
2024-04-18T12:00Z,DE_LU,28.62
2024-04-18T13:00Z,DE_LU,27.95
2024-04-18T14:00Z,DE_LU,73.15
2024-04-18T15:00Z,DE_LU,76.47
2024-04-18T16:00Z,DE_LU,90.4
2024-04-18T17:00Z,DE_LU,85.15
2024-04-18T18:00Z,DE_LU,97.59
2024-04-18T19:00Z,DE_LU,81.97
2024-04-18T20:00Z,DE_LU,77.9
2024-04-18T21:00Z,DE_LU,72.26
2024-04-18T22:00Z,DE_LU,71.9
2024-04-18T23:00Z,DE_LU,71.72
2024-04-19T00:00Z,DE_LU,71.43
2024-04-19T01:00Z,DE_LU,69.17
2024-04-19T02:00Z,DE_LU,77.86
2024-04-19T03:00Z,DE_LU,76.87
2024-04-19T04:00Z,DE_LU,74.54
2024-04-19T05:00Z,DE_LU,90.15
2024-04-19T06:00Z,DE_LU,81.6
2024-04-19T07:00Z,DE_LU,84.23
2024-04-19T08:00Z,DE_LU,82.29
2024-04-19T09:00Z,DE_LU,77.43
2024-04-19T10:00Z,DE_LU,78.79
2024-04-19T11:00Z,DE_LU,78.18
2024-04-19T12:00Z,DE_LU,73.86
2024-04-19T13:00Z,DE_LU,87.74
2024-04-19T14:00Z,DE_LU,88.85
2024-04-19T15:00Z,DE_LU,88.79
2024-04-19T16:00Z,DE_LU,100.96
2024-04-19T17:00Z,DE_LU,90.08
2024-04-19T18:00Z,DE_LU,97.17
2024-04-19T19:00Z,DE_LU,90.69
2024-04-19T20:00Z,DE_LU,81.27
2024-04-19T21:00Z,DE_LU,77.2
2024-04-19T22:00Z,DE_LU,80.92
2024-04-19T23:00Z,DE_LU,68.16
2024-04-20T00:00Z,DE_LU,77.13
2024-04-20T01:00Z,DE_LU,69.75
2024-04-20T02:00Z,DE_LU,78.57
2024-04-20T03:00Z,DE_LU,73.55
2024-04-20T04:00Z,DE_LU,80.65
2024-04-20T05:00Z,DE_LU,67.54
2024-04-20T06:00Z,DE_LU,44.6
2024-04-20T07:00Z,DE_LU,30.83
2024-04-20T08:00Z,DE_LU,24.75
2024-04-20T09:00Z,DE_LU,27.46
2024-04-20T10:00Z,DE_LU,27.44
2024-04-20T11:00Z,DE_LU,30.85
2024-04-20T12:00Z,DE_LU,24.45
2024-04-20T13:00Z,DE_LU,16.99
2024-04-20T14:00Z,DE_LU,19.17
2024-04-20T15:00Z,DE_LU,35.85
2024-04-20T16:00Z,DE_LU,42.53
2024-04-20T17:00Z,DE_LU,46.15
2024-04-20T18:00Z,DE_LU,67.45
2024-04-20T19:00Z,DE_LU,36.39
2024-04-20T20:00Z,DE_LU,38.98
2024-04-20T21:00Z,DE_LU,20.03
2024-04-20T22:00Z,DE_LU,21.55
2024-04-20T23:00Z,DE_LU,23.96
2024-04-21T00:00Z,DE_LU,25.92
2024-04-21T01:00Z,DE_LU,13.74
2024-04-21T02:00Z,DE_LU,25.22
2024-04-21T03:00Z,DE_LU,40.75
2024-04-21T04:00Z,DE_LU,32.05
2024-04-21T05:00Z,DE_LU,46.06
2024-04-21T06:00Z,DE_LU,26.88
2024-04-21T07:00Z,DE_LU,5.41
2024-04-21T08:00Z,DE_LU,26.44
2024-04-21T09:00Z,DE_LU,18.88
2024-04-21T10:00Z,DE_LU,10.67
2024-04-21T11:00Z,DE_LU,10.38
2024-04-21T12:00Z,DE_LU,16.39
2024-04-21T13:00Z,DE_LU,21.84
2024-04-21T14:00Z,DE_LU,34.05
2024-04-21T15:00Z,DE_LU,40.1
2024-04-21T16:00Z,DE_LU,85.52
2024-04-21T17:00Z,DE_LU,87.69
2024-04-21T18:00Z,DE_LU,96.69
2024-04-21T19:00Z,DE_LU,90.83
2024-04-21T20:00Z,DE_LU,90.91
2024-04-21T21:00Z,DE_LU,89.05
2024-04-21T22:00Z,DE_LU,84.1
2024-04-21T23:00Z,DE_LU,76.83
2024-04-22T00:00Z,DE_LU,70.11
2024-04-22T01:00Z,DE_LU,80.48
2024-04-22T02:00Z,DE_LU,77.19
2024-04-22T03:00Z,DE_LU,76.8
2024-04-22T04:00Z,DE_LU,97.13
2024-04-22T05:00Z,DE_LU,88.92
2024-04-22T06:00Z,DE_LU,80.15
2024-04-22T07:00Z,DE_LU,93.55
2024-04-22T08:00Z,DE_LU,84.82
2024-04-22T09:00Z,DE_LU,81.4
2024-04-22T10:00Z,DE_LU,81.17
2024-04-22T11:00Z,DE_LU,76.53
2024-04-22T12:00Z,DE_LU,76.65
2024-04-22T13:00Z,DE_LU,80.63
2024-04-22T14:00Z,DE_LU,91.35
2024-04-22T15:00Z,DE_LU,106.81
2024-04-22T16:00Z,DE_LU,101.38
2024-04-22T17:00Z,DE_LU,108.18
2024-04-22T18:00Z,DE_LU,112.07
2024-04-22T19:00Z,DE_LU,103.45
2024-04-22T20:00Z,DE_LU,104.63
2024-04-22T21:00Z,DE_LU,97.41
2024-04-22T22:00Z,DE_LU,80.26
2024-04-22T23:00Z,DE_LU,82.13
2024-04-23T00:00Z,DE_LU,76.56
2024-04-23T01:00Z,DE_LU,80.45
2024-04-23T02:00Z,DE_LU,79.75
2024-04-23T03:00Z,DE_LU,90.17
2024-04-23T04:00Z,DE_LU,101.37
2024-04-23T05:00Z,DE_LU,97.3
2024-04-23T06:00Z,DE_LU,93.09
2024-04-23T07:00Z,DE_LU,83.01
2024-04-23T08:00Z,DE_LU,78.8
2024-04-23T09:00Z,DE_LU,79.35
2024-04-23T10:00Z,DE_LU,77.05
2024-04-23T11:00Z,DE_LU,75.77
2024-04-23T12:00Z,DE_LU,77.43
2024-04-23T13:00Z,DE_LU,77.12
2024-04-23T14:00Z,DE_LU,83.08
2024-04-23T15:00Z,DE_LU,86.8
2024-04-23T16:00Z,DE_LU,90.82
2024-04-23T17:00Z,DE_LU,89.99
2024-04-23T18:00Z,DE_LU,87.43
2024-04-23T19:00Z,DE_LU,85.82
2024-04-23T20:00Z,DE_LU,80.93
2024-04-23T21:00Z,DE_LU,73.5
2024-04-23T22:00Z,DE_LU,71.21
2024-04-23T23:00Z,DE_LU,66.13
2024-04-24T00:00Z,DE_LU,66.81
2024-04-24T01:00Z,DE_LU,70.01
2024-04-24T02:00Z,DE_LU,76.97
2024-04-24T03:00Z,DE_LU,78.47
2024-04-24T04:00Z,DE_LU,90.67
2024-04-24T05:00Z,DE_LU,90.05
2024-04-24T06:00Z,DE_LU,82.57
2024-04-24T07:00Z,DE_LU,76.56
2024-04-24T08:00Z,DE_LU,78.85
2024-04-24T09:00Z,DE_LU,75.84
2024-04-24T10:00Z,DE_LU,66.3
2024-04-24T11:00Z,DE_LU,63.96
2024-04-24T12:00Z,DE_LU,63.38
2024-04-24T13:00Z,DE_LU,74.2
2024-04-24T14:00Z,DE_LU,68.85
2024-04-24T15:00Z,DE_LU,83.73
2024-04-24T16:00Z,DE_LU,82.54
2024-04-24T17:00Z,DE_LU,91.52
2024-04-24T18:00Z,DE_LU,78.89
2024-04-24T19:00Z,DE_LU,84.29
2024-04-24T20:00Z,DE_LU,89.02
2024-04-24T21:00Z,DE_LU,84.17
2024-04-24T22:00Z,DE_LU,84.13
2024-04-24T23:00Z,DE_LU,83.0
2024-04-25T00:00Z,DE_LU,86.04
2024-04-25T01:00Z,DE_LU,84.49
2024-04-25T02:00Z,DE_LU,87.13
2024-04-25T03:00Z,DE_LU,90.8
2024-04-25T04:00Z,DE_LU,97.12
2024-04-25T05:00Z,DE_LU,94.29
2024-04-25T06:00Z,DE_LU,88.0
2024-04-25T07:00Z,DE_LU,83.14
2024-04-25T08:00Z,DE_LU,73.98
2024-04-25T09:00Z,DE_LU,69.92
2024-04-25T10:00Z,DE_LU,35.26
2024-04-25T11:00Z,DE_LU,35.32
2024-04-25T12:00Z,DE_LU,32.68
2024-04-25T13:00Z,DE_LU,49.93
2024-04-25T14:00Z,DE_LU,89.52
2024-04-25T15:00Z,DE_LU,91.46
2024-04-25T16:00Z,DE_LU,103.69
2024-04-25T17:00Z,DE_LU,112.38
2024-04-25T18:00Z,DE_LU,107.89
2024-04-25T19:00Z,DE_LU,109.03
2024-04-25T20:00Z,DE_LU,106.56
2024-04-25T21:00Z,DE_LU,99.72
2024-04-25T22:00Z,DE_LU,93.91
2024-04-25T23:00Z,DE_LU,91.45
2024-04-26T00:00Z,DE_LU,87.54
2024-04-26T01:00Z,DE_LU,90.79
2024-04-26T02:00Z,DE_LU,99.24
2024-04-26T03:00Z,DE_LU,92.23
2024-04-26T04:00Z,DE_LU,94.31
2024-04-26T05:00Z,DE_LU,91.85
2024-04-26T06:00Z,DE_LU,94.46
2024-04-26T07:00Z,DE_LU,84.09
2024-04-26T08:00Z,DE_LU,51.96
2024-04-26T09:00Z,DE_LU,30.88
2024-04-26T10:00Z,DE_LU,24.47
2024-04-26T11:00Z,DE_LU,14.38
2024-04-26T12:00Z,DE_LU,14.87
2024-04-26T13:00Z,DE_LU,25.65
2024-04-26T14:00Z,DE_LU,15.75
2024-04-26T15:00Z,DE_LU,28.39
2024-04-26T16:00Z,DE_LU,97.74
2024-04-26T17:00Z,DE_LU,84.15
2024-04-26T18:00Z,DE_LU,88.77
2024-04-26T19:00Z,DE_LU,87.44
2024-04-26T20:00Z,DE_LU,80.63
2024-04-26T21:00Z,DE_LU,33.6
2024-04-26T22:00Z,DE_LU,12.72
2024-04-26T23:00Z,DE_LU,10.94
2024-04-27T00:00Z,DE_LU,17.86
2024-04-27T01:00Z,DE_LU,48.08
2024-04-27T02:00Z,DE_LU,35.25
2024-04-27T03:00Z,DE_LU,37.06
2024-04-27T04:00Z,DE_LU,28.77
2024-04-27T05:00Z,DE_LU,73.99
2024-04-27T06:00Z,DE_LU,31.22
2024-04-27T07:00Z,DE_LU,16.65
2024-04-27T08:00Z,DE_LU,7.35
2024-04-27T09:00Z,DE_LU,3.54
2024-04-27T10:00Z,DE_LU,6.82
2024-04-27T11:00Z,DE_LU,2.82
2024-04-27T12:00Z,DE_LU,5.3
2024-04-27T13:00Z,DE_LU,4.09
2024-04-27T14:00Z,DE_LU,4.54
2024-04-27T15:00Z,DE_LU,16.24
2024-04-27T16:00Z,DE_LU,18.26
2024-04-27T17:00Z,DE_LU,21.07
2024-04-27T18:00Z,DE_LU,23.41
2024-04-27T19:00Z,DE_LU,15.12
2024-04-27T20:00Z,DE_LU,7.35
2024-04-27T21:00Z,DE_LU,6.02
2024-04-27T22:00Z,DE_LU,3.02
2024-04-27T23:00Z,DE_LU,-0.13
2024-04-28T00:00Z,DE_LU,-2.1
2024-04-28T01:00Z,DE_LU,5.74
2024-04-28T02:00Z,DE_LU,5.71
2024-04-28T03:00Z,DE_LU,11.39
2024-04-28T04:00Z,DE_LU,12.21
2024-04-28T05:00Z,DE_LU,8.57
2024-04-28T06:00Z,DE_LU,2.08
2024-04-28T07:00Z,DE_LU,-1.17
2024-04-28T08:00Z,DE_LU,-11.96
2024-04-28T09:00Z,DE_LU,-29.97
2024-04-28T10:00Z,DE_LU,-31.09
2024-04-28T11:00Z,DE_LU,-39.16
2024-04-28T12:00Z,DE_LU,-36.12
2024-04-28T13:00Z,DE_LU,-26.89
2024-04-28T14:00Z,DE_LU,-5.8
2024-04-28T15:00Z,DE_LU,18.62
2024-04-28T16:00Z,DE_LU,14.21
2024-04-28T17:00Z,DE_LU,21.4
2024-04-28T18:00Z,DE_LU,87.19
2024-04-28T19:00Z,DE_LU,28.52
2024-04-28T20:00Z,DE_LU,18.61
2024-04-28T21:00Z,DE_LU,14.31
2024-04-28T22:00Z,DE_LU,46.99
2024-04-28T23:00Z,DE_LU,22.75
2024-04-29T00:00Z,DE_LU,22.46
2024-04-29T01:00Z,DE_LU,24.86
2024-04-29T02:00Z,DE_LU,22.57
2024-04-29T03:00Z,DE_LU,34.66
2024-04-29T04:00Z,DE_LU,96.52
2024-04-29T05:00Z,DE_LU,58.08
2024-04-29T06:00Z,DE_LU,40.25
2024-04-29T07:00Z,DE_LU,2.2
2024-04-29T08:00Z,DE_LU,-17.65
2024-04-29T09:00Z,DE_LU,-30.57
2024-04-29T10:00Z,DE_LU,-86.66
2024-04-29T11:00Z,DE_LU,-58.56
2024-04-29T12:00Z,DE_LU,2.57
2024-04-29T13:00Z,DE_LU,5.79
2024-04-29T14:00Z,DE_LU,1.91
2024-04-29T15:00Z,DE_LU,24.7
2024-04-29T16:00Z,DE_LU,16.48
2024-04-29T17:00Z,DE_LU,49.02
2024-04-29T18:00Z,DE_LU,85.51
2024-04-29T19:00Z,DE_LU,80.25
2024-04-29T20:00Z,DE_LU,84.4
2024-04-29T21:00Z,DE_LU,87.72
2024-04-29T22:00Z,DE_LU,84.72
2024-04-29T23:00Z,DE_LU,88.41
2024-04-30T00:00Z,DE_LU,88.71
2024-04-30T01:00Z,DE_LU,82.57
2024-04-30T02:00Z,DE_LU,89.65
2024-04-30T03:00Z,DE_LU,90.9
2024-04-30T04:00Z,DE_LU,92.27
2024-04-30T05:00Z,DE_LU,85.93
2024-04-30T06:00Z,DE_LU,75.71
2024-04-30T07:00Z,DE_LU,38.13
2024-04-30T08:00Z,DE_LU,19.71
2024-04-30T09:00Z,DE_LU,0.88
2024-04-30T10:00Z,DE_LU,0.41
2024-04-30T11:00Z,DE_LU,1.94
2024-04-30T12:00Z,DE_LU,1.94
2024-04-30T13:00Z,DE_LU,11.37
2024-04-30T14:00Z,DE_LU,23.45
2024-04-30T15:00Z,DE_LU,60.33
2024-04-30T16:00Z,DE_LU,94.82
2024-04-30T17:00Z,DE_LU,97.44
2024-04-30T18:00Z,DE_LU,108.38
2024-04-30T19:00Z,DE_LU,98.35
2024-04-30T20:00Z,DE_LU,99.99
2024-04-30T21:00Z,DE_LU,102.38
2024-04-30T22:00Z,DE_LU,83.24
2024-04-30T23:00Z,DE_LU,79.1
2024-05-01T00:00Z,DE_LU,79.45
2024-05-01T01:00Z,DE_LU,77.06
2024-05-01T02:00Z,DE_LU,81.13
2024-05-01T03:00Z,DE_LU,81.82
2024-05-01T04:00Z,DE_LU,80.98
2024-05-01T05:00Z,DE_LU,68.24
2024-05-01T06:00Z,DE_LU,21.05
2024-05-01T07:00Z,DE_LU,5.83
2024-05-01T08:00Z,DE_LU,2.23
2024-05-01T09:00Z,DE_LU,0.69
2024-05-01T10:00Z,DE_LU,-8.02
2024-05-01T11:00Z,DE_LU,-20.19
2024-05-01T12:00Z,DE_LU,0.05
2024-05-01T13:00Z,DE_LU,7.98
2024-05-01T14:00Z,DE_LU,13.87
2024-05-01T15:00Z,DE_LU,19.14
2024-05-01T16:00Z,DE_LU,41.44
2024-05-01T17:00Z,DE_LU,40.72
2024-05-01T18:00Z,DE_LU,93.14
2024-05-01T19:00Z,DE_LU,81.0
2024-05-01T20:00Z,DE_LU,80.5
2024-05-01T21:00Z,DE_LU,80.47
2024-05-01T22:00Z,DE_LU,84.03
2024-05-01T23:00Z,DE_LU,84.63
2024-05-02T00:00Z,DE_LU,84.96
2024-05-02T01:00Z,DE_LU,83.38
2024-05-02T02:00Z,DE_LU,89.42
2024-05-02T03:00Z,DE_LU,98.92
2024-05-02T04:00Z,DE_LU,95.53
2024-05-02T05:00Z,DE_LU,90.29
2024-05-02T06:00Z,DE_LU,86.52
2024-05-02T07:00Z,DE_LU,77.32
2024-05-02T08:00Z,DE_LU,36.24
2024-05-02T09:00Z,DE_LU,24.1
2024-05-02T10:00Z,DE_LU,3.58
2024-05-02T11:00Z,DE_LU,0.69
2024-05-02T12:00Z,DE_LU,13.33
2024-05-02T13:00Z,DE_LU,12.06
2024-05-02T14:00Z,DE_LU,28.42
2024-05-02T15:00Z,DE_LU,89.42
2024-05-02T16:00Z,DE_LU,93.54
2024-05-02T17:00Z,DE_LU,96.95
2024-05-02T18:00Z,DE_LU,87.55
2024-05-02T19:00Z,DE_LU,85.12
2024-05-02T20:00Z,DE_LU,81.45
2024-05-02T21:00Z,DE_LU,84.61
2024-05-02T22:00Z,DE_LU,88.49
2024-05-02T23:00Z,DE_LU,94.23
2024-05-03T00:00Z,DE_LU,92.88
2024-05-03T01:00Z,DE_LU,90.1
2024-05-03T02:00Z,DE_LU,88.99
2024-05-03T03:00Z,DE_LU,107.49
2024-05-03T04:00Z,DE_LU,91.84
2024-05-03T05:00Z,DE_LU,97.14
2024-05-03T06:00Z,DE_LU,90.44
2024-05-03T07:00Z,DE_LU,87.19
2024-05-03T08:00Z,DE_LU,35.45
2024-05-03T09:00Z,DE_LU,26.71
2024-05-03T10:00Z,DE_LU,37.87
2024-05-03T11:00Z,DE_LU,20.62
2024-05-03T12:00Z,DE_LU,17.17
2024-05-03T13:00Z,DE_LU,15.14
2024-05-03T14:00Z,DE_LU,32.57
2024-05-03T15:00Z,DE_LU,63.04
2024-05-03T16:00Z,DE_LU,92.79
2024-05-03T17:00Z,DE_LU,97.49
2024-05-03T18:00Z,DE_LU,83.5
2024-05-03T19:00Z,DE_LU,85.96
2024-05-03T20:00Z,DE_LU,83.29
2024-05-03T21:00Z,DE_LU,43.27
2024-05-03T22:00Z,DE_LU,26.51
2024-05-03T23:00Z,DE_LU,26.09
2024-05-04T00:00Z,DE_LU,25.69
2024-05-04T01:00Z,DE_LU,44.07
2024-05-04T02:00Z,DE_LU,97.11
2024-05-04T03:00Z,DE_LU,94.77
2024-05-04T04:00Z,DE_LU,97.49
2024-05-04T05:00Z,DE_LU,89.45
2024-05-04T06:00Z,DE_LU,81.29
2024-05-04T07:00Z,DE_LU,38.57
2024-05-04T08:00Z,DE_LU,17.46
2024-05-04T09:00Z,DE_LU,10.02
2024-05-04T10:00Z,DE_LU,1.52
2024-05-04T11:00Z,DE_LU,4.97
2024-05-04T12:00Z,DE_LU,8.29
2024-05-04T13:00Z,DE_LU,12.36
2024-05-04T14:00Z,DE_LU,23.0
2024-05-04T15:00Z,DE_LU,60.45
2024-05-04T16:00Z,DE_LU,97.56
2024-05-04T17:00Z,DE_LU,106.07
2024-05-04T18:00Z,DE_LU,102.88
2024-05-04T19:00Z,DE_LU,94.96
2024-05-04T20:00Z,DE_LU,93.86
2024-05-04T21:00Z,DE_LU,90.76
2024-05-04T22:00Z,DE_LU,72.84
2024-05-04T23:00Z,DE_LU,79.49
2024-05-05T00:00Z,DE_LU,73.91
2024-05-05T01:00Z,DE_LU,77.97
2024-05-05T02:00Z,DE_LU,73.5
2024-05-05T03:00Z,DE_LU,72.99
2024-05-05T04:00Z,DE_LU,71.56
2024-05-05T05:00Z,DE_LU,66.78
2024-05-05T06:00Z,DE_LU,28.87
2024-05-05T07:00Z,DE_LU,18.45
2024-05-05T08:00Z,DE_LU,10.15
2024-05-05T09:00Z,DE_LU,2.81
2024-05-05T10:00Z,DE_LU,1.56
2024-05-05T11:00Z,DE_LU,3.27
2024-05-05T12:00Z,DE_LU,7.07
2024-05-05T13:00Z,DE_LU,13.32
2024-05-05T14:00Z,DE_LU,16.65
2024-05-05T15:00Z,DE_LU,39.71
2024-05-05T16:00Z,DE_LU,88.31
2024-05-05T17:00Z,DE_LU,92.87
2024-05-05T18:00Z,DE_LU,89.58
2024-05-05T19:00Z,DE_LU,86.98
2024-05-05T20:00Z,DE_LU,86.35
2024-05-05T21:00Z,DE_LU,86.58
2024-05-05T22:00Z,DE_LU,111.64
2024-05-05T23:00Z,DE_LU,100.5
2024-05-06T00:00Z,DE_LU,94.05
2024-05-06T01:00Z,DE_LU,92.55
2024-05-06T02:00Z,DE_LU,92.82
2024-05-06T03:00Z,DE_LU,102.05
2024-05-06T04:00Z,DE_LU,104.3
2024-05-06T05:00Z,DE_LU,103.72
2024-05-06T06:00Z,DE_LU,101.47
2024-05-06T07:00Z,DE_LU,97.06
2024-05-06T08:00Z,DE_LU,96.77
2024-05-06T09:00Z,DE_LU,93.01
2024-05-06T10:00Z,DE_LU,88.38
2024-05-06T11:00Z,DE_LU,79.89
2024-05-06T12:00Z,DE_LU,79.72
2024-05-06T13:00Z,DE_LU,87.02
2024-05-06T14:00Z,DE_LU,91.71
2024-05-06T15:00Z,DE_LU,91.1
2024-05-06T16:00Z,DE_LU,96.37
2024-05-06T17:00Z,DE_LU,100.86
2024-05-06T18:00Z,DE_LU,108.93
2024-05-06T19:00Z,DE_LU,103.23
2024-05-06T20:00Z,DE_LU,96.83
2024-05-06T21:00Z,DE_LU,87.32
2024-05-06T22:00Z,DE_LU,90.79
2024-05-06T23:00Z,DE_LU,89.21
2024-05-07T00:00Z,DE_LU,94.35
2024-05-07T01:00Z,DE_LU,95.88
2024-05-07T02:00Z,DE_LU,98.09
2024-05-07T03:00Z,DE_LU,107.57
2024-05-07T04:00Z,DE_LU,103.85
2024-05-07T05:00Z,DE_LU,106.23
2024-05-07T06:00Z,DE_LU,95.32
2024-05-07T07:00Z,DE_LU,95.07
2024-05-07T08:00Z,DE_LU,95.33
2024-05-07T09:00Z,DE_LU,93.15
2024-05-07T10:00Z,DE_LU,91.38
2024-05-07T11:00Z,DE_LU,88.66
2024-05-07T12:00Z,DE_LU,88.77
2024-05-07T13:00Z,DE_LU,94.7
2024-05-07T14:00Z,DE_LU,99.7
2024-05-07T15:00Z,DE_LU,111.78
2024-05-07T16:00Z,DE_LU,113.09
2024-05-07T17:00Z,DE_LU,125.55
2024-05-07T18:00Z,DE_LU,113.77
2024-05-07T19:00Z,DE_LU,104.15
2024-05-07T20:00Z,DE_LU,98.93
2024-05-07T21:00Z,DE_LU,93.54
2024-05-07T22:00Z,DE_LU,96.74
2024-05-07T23:00Z,DE_LU,98.03
2024-05-08T00:00Z,DE_LU,100.74
2024-05-08T01:00Z,DE_LU,100.31
2024-05-08T02:00Z,DE_LU,107.24
2024-05-08T03:00Z,DE_LU,113.19
2024-05-08T04:00Z,DE_LU,113.74
2024-05-08T05:00Z,DE_LU,111.61
2024-05-08T06:00Z,DE_LU,102.31
2024-05-08T07:00Z,DE_LU,101.87
2024-05-08T08:00Z,DE_LU,96.91
2024-05-08T09:00Z,DE_LU,47.7
2024-05-08T10:00Z,DE_LU,19.6
2024-05-08T11:00Z,DE_LU,17.71
2024-05-08T12:00Z,DE_LU,18.69
2024-05-08T13:00Z,DE_LU,20.54
2024-05-08T14:00Z,DE_LU,102.98
2024-05-08T15:00Z,DE_LU,108.69
2024-05-08T16:00Z,DE_LU,121.47
2024-05-08T17:00Z,DE_LU,139.12
2024-05-08T18:00Z,DE_LU,146.36
2024-05-08T19:00Z,DE_LU,130.9
2024-05-08T20:00Z,DE_LU,125.27
2024-05-08T21:00Z,DE_LU,118.42
2024-05-08T22:00Z,DE_LU,101.88
2024-05-08T23:00Z,DE_LU,102.1
2024-05-09T00:00Z,DE_LU,100.98
2024-05-09T01:00Z,DE_LU,99.75
2024-05-09T02:00Z,DE_LU,102.81
2024-05-09T03:00Z,DE_LU,105.49
2024-05-09T04:00Z,DE_LU,107.56
2024-05-09T05:00Z,DE_LU,99.8
2024-05-09T06:00Z,DE_LU,96.27
2024-05-09T07:00Z,DE_LU,47.04
2024-05-09T08:00Z,DE_LU,27.67
2024-05-09T09:00Z,DE_LU,23.61
2024-05-09T10:00Z,DE_LU,14.67
2024-05-09T11:00Z,DE_LU,10.52
2024-05-09T12:00Z,DE_LU,17.74
2024-05-09T13:00Z,DE_LU,19.11
2024-05-09T14:00Z,DE_LU,19.22
2024-05-09T15:00Z,DE_LU,52.62
2024-05-09T16:00Z,DE_LU,106.08
2024-05-09T17:00Z,DE_LU,112.45
2024-05-09T18:00Z,DE_LU,120.97
2024-05-09T19:00Z,DE_LU,115.9
2024-05-09T20:00Z,DE_LU,110.17
2024-05-09T21:00Z,DE_LU,108.71
2024-05-09T22:00Z,DE_LU,101.26
2024-05-09T23:00Z,DE_LU,90.88
2024-05-10T00:00Z,DE_LU,84.82
2024-05-10T01:00Z,DE_LU,87.06
2024-05-10T02:00Z,DE_LU,83.67
2024-05-10T03:00Z,DE_LU,84.75
2024-05-10T04:00Z,DE_LU,87.08
2024-05-10T05:00Z,DE_LU,85.97
2024-05-10T06:00Z,DE_LU,77.2
2024-05-10T07:00Z,DE_LU,38.32
2024-05-10T08:00Z,DE_LU,37.87
2024-05-10T09:00Z,DE_LU,29.46
2024-05-10T10:00Z,DE_LU,13.83
2024-05-10T11:00Z,DE_LU,6.44
2024-05-10T12:00Z,DE_LU,7.74
2024-05-10T13:00Z,DE_LU,10.58
2024-05-10T14:00Z,DE_LU,48.26
2024-05-10T15:00Z,DE_LU,50.13
2024-05-10T16:00Z,DE_LU,106.1
2024-05-10T17:00Z,DE_LU,91.44
2024-05-10T18:00Z,DE_LU,86.02
2024-05-10T19:00Z,DE_LU,90.35
2024-05-10T20:00Z,DE_LU,90.66
2024-05-10T21:00Z,DE_LU,83.7
2024-05-10T22:00Z,DE_LU,75.19
2024-05-10T23:00Z,DE_LU,71.29
2024-05-11T00:00Z,DE_LU,64.79
2024-05-11T01:00Z,DE_LU,67.43
2024-05-11T02:00Z,DE_LU,69.1
2024-05-11T03:00Z,DE_LU,78.43
2024-05-11T04:00Z,DE_LU,67.7
2024-05-11T05:00Z,DE_LU,72.29
2024-05-11T06:00Z,DE_LU,65.84
2024-05-11T07:00Z,DE_LU,36.71
2024-05-11T08:00Z,DE_LU,19.99
2024-05-11T09:00Z,DE_LU,16.67
2024-05-11T10:00Z,DE_LU,10.53
2024-05-11T11:00Z,DE_LU,10.99
2024-05-11T12:00Z,DE_LU,9.75
2024-05-11T13:00Z,DE_LU,9.55
2024-05-11T14:00Z,DE_LU,14.85
2024-05-11T15:00Z,DE_LU,35.48
2024-05-11T16:00Z,DE_LU,80.98
2024-05-11T17:00Z,DE_LU,80.77
2024-05-11T18:00Z,DE_LU,92.64
2024-05-11T19:00Z,DE_LU,90.15
2024-05-11T20:00Z,DE_LU,79.22
2024-05-11T21:00Z,DE_LU,76.95
2024-05-11T22:00Z,DE_LU,84.36
2024-05-11T23:00Z,DE_LU,87.26
2024-05-12T00:00Z,DE_LU,85.51
2024-05-12T01:00Z,DE_LU,87.11
2024-05-12T02:00Z,DE_LU,87.82
2024-05-12T03:00Z,DE_LU,93.19
2024-05-12T04:00Z,DE_LU,89.03
2024-05-12T05:00Z,DE_LU,83.36
2024-05-12T06:00Z,DE_LU,41.8
2024-05-12T07:00Z,DE_LU,26.83
2024-05-12T08:00Z,DE_LU,20.99
2024-05-12T09:00Z,DE_LU,18.2
2024-05-12T10:00Z,DE_LU,6.47
2024-05-12T11:00Z,DE_LU,3.69
2024-05-12T12:00Z,DE_LU,0.72
2024-05-12T13:00Z,DE_LU,7.42
2024-05-12T14:00Z,DE_LU,2.14
2024-05-12T15:00Z,DE_LU,16.59
2024-05-12T16:00Z,DE_LU,53.32
2024-05-12T17:00Z,DE_LU,87.89
2024-05-12T18:00Z,DE_LU,91.55
2024-05-12T19:00Z,DE_LU,85.25
2024-05-12T20:00Z,DE_LU,89.68
2024-05-12T21:00Z,DE_LU,86.86
2024-05-12T22:00Z,DE_LU,97.41
2024-05-12T23:00Z,DE_LU,96.0
2024-05-13T00:00Z,DE_LU,92.21
2024-05-13T01:00Z,DE_LU,89.67
2024-05-13T02:00Z,DE_LU,85.89
2024-05-13T03:00Z,DE_LU,91.37
2024-05-13T04:00Z,DE_LU,99.77
2024-05-13T05:00Z,DE_LU,93.05
2024-05-13T06:00Z,DE_LU,92.36
2024-05-13T07:00Z,DE_LU,95.41
2024-05-13T08:00Z,DE_LU,92.96
2024-05-13T09:00Z,DE_LU,89.06
2024-05-13T10:00Z,DE_LU,85.18
2024-05-13T11:00Z,DE_LU,30.79
2024-05-13T12:00Z,DE_LU,34.81
2024-05-13T13:00Z,DE_LU,87.67
2024-05-13T14:00Z,DE_LU,86.36
2024-05-13T15:00Z,DE_LU,86.78
2024-05-13T16:00Z,DE_LU,92.85
2024-05-13T17:00Z,DE_LU,91.91
2024-05-13T18:00Z,DE_LU,91.81
2024-05-13T19:00Z,DE_LU,90.65
2024-05-13T20:00Z,DE_LU,88.72
2024-05-13T21:00Z,DE_LU,84.81
2024-05-13T22:00Z,DE_LU,88.14
2024-05-13T23:00Z,DE_LU,81.88
2024-05-14T00:00Z,DE_LU,77.39
2024-05-14T01:00Z,DE_LU,75.16
2024-05-14T02:00Z,DE_LU,34.89
2024-05-14T03:00Z,DE_LU,80.01
2024-05-14T04:00Z,DE_LU,81.38
2024-05-14T05:00Z,DE_LU,74.26
2024-05-14T06:00Z,DE_LU,50.73
2024-05-14T07:00Z,DE_LU,12.78
2024-05-14T08:00Z,DE_LU,5.29
2024-05-14T09:00Z,DE_LU,0.58
2024-05-14T10:00Z,DE_LU,0.25
2024-05-14T11:00Z,DE_LU,-33.4
2024-05-14T12:00Z,DE_LU,-0.75
2024-05-14T13:00Z,DE_LU,-20.39
2024-05-14T14:00Z,DE_LU,14.0
2024-05-14T15:00Z,DE_LU,24.6
2024-05-14T16:00Z,DE_LU,40.81
2024-05-14T17:00Z,DE_LU,93.95
2024-05-14T18:00Z,DE_LU,81.56
2024-05-14T19:00Z,DE_LU,98.52
2024-05-14T20:00Z,DE_LU,84.39
2024-05-14T21:00Z,DE_LU,38.36
2024-05-14T22:00Z,DE_LU,38.54
2024-05-14T23:00Z,DE_LU,35.73
2024-05-15T00:00Z,DE_LU,67.63
2024-05-15T01:00Z,DE_LU,89.5
2024-05-15T02:00Z,DE_LU,37.42
2024-05-15T03:00Z,DE_LU,99.93
2024-05-15T04:00Z,DE_LU,100.88
2024-05-15T05:00Z,DE_LU,88.13
2024-05-15T06:00Z,DE_LU,79.7
2024-05-15T07:00Z,DE_LU,36.19
2024-05-15T08:00Z,DE_LU,4.81
2024-05-15T09:00Z,DE_LU,3.21
2024-05-15T10:00Z,DE_LU,0.18
2024-05-15T11:00Z,DE_LU,7.99
2024-05-15T12:00Z,DE_LU,1.78
2024-05-15T13:00Z,DE_LU,6.44
2024-05-15T14:00Z,DE_LU,32.08
2024-05-15T15:00Z,DE_LU,59.91
2024-05-15T16:00Z,DE_LU,104.82
2024-05-15T17:00Z,DE_LU,109.97
2024-05-15T18:00Z,DE_LU,124.71
2024-05-15T19:00Z,DE_LU,113.03
2024-05-15T20:00Z,DE_LU,108.3
2024-05-15T21:00Z,DE_LU,101.65
2024-05-15T22:00Z,DE_LU,79.39
2024-05-15T23:00Z,DE_LU,81.59
2024-05-16T00:00Z,DE_LU,80.5
2024-05-16T01:00Z,DE_LU,80.15
2024-05-16T02:00Z,DE_LU,81.0
2024-05-16T03:00Z,DE_LU,90.46
2024-05-16T04:00Z,DE_LU,82.47
2024-05-16T05:00Z,DE_LU,76.6
2024-05-16T06:00Z,DE_LU,46.13
2024-05-16T07:00Z,DE_LU,30.81
2024-05-16T08:00Z,DE_LU,6.18
2024-05-16T09:00Z,DE_LU,3.39
2024-05-16T10:00Z,DE_LU,2.16
2024-05-16T11:00Z,DE_LU,-12.28
2024-05-16T12:00Z,DE_LU,2.23
2024-05-16T13:00Z,DE_LU,9.81
2024-05-16T14:00Z,DE_LU,13.68
2024-05-16T15:00Z,DE_LU,37.86
2024-05-16T16:00Z,DE_LU,86.53
2024-05-16T17:00Z,DE_LU,100.23
2024-05-16T18:00Z,DE_LU,110.99
2024-05-16T19:00Z,DE_LU,103.52
2024-05-16T20:00Z,DE_LU,98.15
2024-05-16T21:00Z,DE_LU,94.0
2024-05-16T22:00Z,DE_LU,93.3
2024-05-16T23:00Z,DE_LU,86.21
2024-05-17T00:00Z,DE_LU,85.45
2024-05-17T01:00Z,DE_LU,81.76
2024-05-17T02:00Z,DE_LU,81.96
2024-05-17T03:00Z,DE_LU,81.55
2024-05-17T04:00Z,DE_LU,82.2
2024-05-17T05:00Z,DE_LU,76.0
2024-05-17T06:00Z,DE_LU,26.72
2024-05-17T07:00Z,DE_LU,12.19
2024-05-17T08:00Z,DE_LU,5.17
2024-05-17T09:00Z,DE_LU,4.38
2024-05-17T10:00Z,DE_LU,2.22
2024-05-17T11:00Z,DE_LU,10.68
2024-05-17T12:00Z,DE_LU,1.53
2024-05-17T13:00Z,DE_LU,4.2
2024-05-17T14:00Z,DE_LU,13.34
2024-05-17T15:00Z,DE_LU,35.19
2024-05-17T16:00Z,DE_LU,85.52
2024-05-17T17:00Z,DE_LU,91.6
2024-05-17T18:00Z,DE_LU,101.25
2024-05-17T19:00Z,DE_LU,104.52
2024-05-17T20:00Z,DE_LU,99.22
2024-05-17T21:00Z,DE_LU,88.51
2024-05-17T22:00Z,DE_LU,89.41
2024-05-17T23:00Z,DE_LU,95.36
2024-05-18T00:00Z,DE_LU,94.32
2024-05-18T01:00Z,DE_LU,90.49
2024-05-18T02:00Z,DE_LU,91.41
2024-05-18T03:00Z,DE_LU,97.82
2024-05-18T04:00Z,DE_LU,94.53
2024-05-18T05:00Z,DE_LU,90.96
2024-05-18T06:00Z,DE_LU,4.24
2024-05-18T07:00Z,DE_LU,15.73
2024-05-18T08:00Z,DE_LU,5.11
2024-05-18T09:00Z,DE_LU,1.3
2024-05-18T10:00Z,DE_LU,-0.43
2024-05-18T11:00Z,DE_LU,-2.29
2024-05-18T12:00Z,DE_LU,-12.23
2024-05-18T13:00Z,DE_LU,12.67
2024-05-18T14:00Z,DE_LU,13.94
2024-05-18T15:00Z,DE_LU,34.24
2024-05-18T16:00Z,DE_LU,114.52
2024-05-18T17:00Z,DE_LU,117.1
2024-05-18T18:00Z,DE_LU,122.5
2024-05-18T19:00Z,DE_LU,119.18
2024-05-18T20:00Z,DE_LU,108.65
2024-05-18T21:00Z,DE_LU,105.38
2024-05-18T22:00Z,DE_LU,103.4
2024-05-18T23:00Z,DE_LU,101.44
2024-05-19T00:00Z,DE_LU,101.64
2024-05-19T01:00Z,DE_LU,100.95
2024-05-19T02:00Z,DE_LU,100.16
2024-05-19T03:00Z,DE_LU,101.65
2024-05-19T04:00Z,DE_LU,97.99
2024-05-19T05:00Z,DE_LU,92.74
2024-05-19T06:00Z,DE_LU,20.47
2024-05-19T07:00Z,DE_LU,4.74
2024-05-19T08:00Z,DE_LU,0.86
2024-05-19T09:00Z,DE_LU,-24.77
2024-05-19T10:00Z,DE_LU,-61.57
2024-05-19T11:00Z,DE_LU,-59.4
2024-05-19T12:00Z,DE_LU,-60.49
2024-05-19T13:00Z,DE_LU,-10.83
2024-05-19T14:00Z,DE_LU,10.26
2024-05-19T15:00Z,DE_LU,17.6
2024-05-19T16:00Z,DE_LU,36.02
2024-05-19T17:00Z,DE_LU,95.66
2024-05-19T18:00Z,DE_LU,105.86
2024-05-19T19:00Z,DE_LU,111.91
2024-05-19T20:00Z,DE_LU,98.39
2024-05-19T21:00Z,DE_LU,99.66
2024-05-19T22:00Z,DE_LU,83.34
2024-05-19T23:00Z,DE_LU,80.9
2024-05-20T00:00Z,DE_LU,81.04
2024-05-20T01:00Z,DE_LU,77.72
2024-05-20T02:00Z,DE_LU,88.19
2024-05-20T03:00Z,DE_LU,90.63
2024-05-20T04:00Z,DE_LU,80.27
2024-05-20T05:00Z,DE_LU,76.32
2024-05-20T06:00Z,DE_LU,16.96
2024-05-20T07:00Z,DE_LU,5.79
2024-05-20T08:00Z,DE_LU,1.91
2024-05-20T09:00Z,DE_LU,-1.75
2024-05-20T10:00Z,DE_LU,-15.3
2024-05-20T11:00Z,DE_LU,-23.2
2024-05-20T12:00Z,DE_LU,-4.93
2024-05-20T13:00Z,DE_LU,3.91
2024-05-20T14:00Z,DE_LU,12.67
2024-05-20T15:00Z,DE_LU,19.82
2024-05-20T16:00Z,DE_LU,32.37
2024-05-20T17:00Z,DE_LU,94.02
2024-05-20T18:00Z,DE_LU,102.18
2024-05-20T19:00Z,DE_LU,92.94
2024-05-20T20:00Z,DE_LU,82.36
2024-05-20T21:00Z,DE_LU,78.51
2024-05-20T22:00Z,DE_LU,84.29
2024-05-20T23:00Z,DE_LU,82.53
2024-05-21T00:00Z,DE_LU,79.9
2024-05-21T01:00Z,DE_LU,90.15
2024-05-21T02:00Z,DE_LU,87.15
2024-05-21T03:00Z,DE_LU,84.98
2024-05-21T04:00Z,DE_LU,84.09
2024-05-21T05:00Z,DE_LU,79.81
2024-05-21T06:00Z,DE_LU,59.57
2024-05-21T07:00Z,DE_LU,41.75
2024-05-21T08:00Z,DE_LU,13.92
2024-05-21T09:00Z,DE_LU,2.25
2024-05-21T10:00Z,DE_LU,1.0
2024-05-21T11:00Z,DE_LU,2.81
2024-05-21T12:00Z,DE_LU,1.17
2024-05-21T13:00Z,DE_LU,16.56
2024-05-21T14:00Z,DE_LU,36.18
2024-05-21T15:00Z,DE_LU,93.2
2024-05-21T16:00Z,DE_LU,94.82
2024-05-21T17:00Z,DE_LU,104.92
2024-05-21T18:00Z,DE_LU,111.84
2024-05-21T19:00Z,DE_LU,104.77
2024-05-21T20:00Z,DE_LU,98.17
2024-05-21T21:00Z,DE_LU,96.12
2024-05-21T22:00Z,DE_LU,81.38
2024-05-21T23:00Z,DE_LU,74.07
2024-05-22T00:00Z,DE_LU,75.39
2024-05-22T01:00Z,DE_LU,79.26
2024-05-22T02:00Z,DE_LU,81.9
2024-05-22T03:00Z,DE_LU,88.23
2024-05-22T04:00Z,DE_LU,92.68
2024-05-22T05:00Z,DE_LU,88.67
2024-05-22T06:00Z,DE_LU,84.01
2024-05-22T07:00Z,DE_LU,75.14
2024-05-22T08:00Z,DE_LU,44.21
2024-05-22T09:00Z,DE_LU,18.55
2024-05-22T10:00Z,DE_LU,32.25
2024-05-22T11:00Z,DE_LU,7.16
2024-05-22T12:00Z,DE_LU,2.6
2024-05-22T13:00Z,DE_LU,14.47
2024-05-22T14:00Z,DE_LU,30.73
2024-05-22T15:00Z,DE_LU,86.63
2024-05-22T16:00Z,DE_LU,85.45
2024-05-22T17:00Z,DE_LU,93.45
2024-05-22T18:00Z,DE_LU,85.69
2024-05-22T19:00Z,DE_LU,88.24
2024-05-22T20:00Z,DE_LU,80.42
2024-05-22T21:00Z,DE_LU,78.16
2024-05-22T22:00Z,DE_LU,76.87
2024-05-22T23:00Z,DE_LU,78.56
2024-05-23T00:00Z,DE_LU,79.69
2024-05-23T01:00Z,DE_LU,83.75
2024-05-23T02:00Z,DE_LU,85.17
2024-05-23T03:00Z,DE_LU,94.21
2024-05-23T04:00Z,DE_LU,92.08
2024-05-23T05:00Z,DE_LU,94.34
2024-05-23T06:00Z,DE_LU,91.53
2024-05-23T07:00Z,DE_LU,91.76
2024-05-23T08:00Z,DE_LU,85.47
2024-05-23T09:00Z,DE_LU,79.75
2024-05-23T10:00Z,DE_LU,82.41
2024-05-23T11:00Z,DE_LU,81.9
2024-05-23T12:00Z,DE_LU,91.1
2024-05-23T13:00Z,DE_LU,92.52
2024-05-23T14:00Z,DE_LU,89.42
2024-05-23T15:00Z,DE_LU,93.78
2024-05-23T16:00Z,DE_LU,92.91
2024-05-23T17:00Z,DE_LU,101.91
2024-05-23T18:00Z,DE_LU,96.75
2024-05-23T19:00Z,DE_LU,101.48
2024-05-23T20:00Z,DE_LU,95.52
2024-05-23T21:00Z,DE_LU,91.31
2024-05-23T22:00Z,DE_LU,93.98
2024-05-23T23:00Z,DE_LU,90.41
2024-05-24T00:00Z,DE_LU,89.23
2024-05-24T01:00Z,DE_LU,91.68
2024-05-24T02:00Z,DE_LU,82.29
2024-05-24T03:00Z,DE_LU,96.79
2024-05-24T04:00Z,DE_LU,99.69
2024-05-24T05:00Z,DE_LU,98.39
2024-05-24T06:00Z,DE_LU,91.81
2024-05-24T07:00Z,DE_LU,87.47
2024-05-24T08:00Z,DE_LU,83.63
2024-05-24T09:00Z,DE_LU,77.34
2024-05-24T10:00Z,DE_LU,76.0
2024-05-24T11:00Z,DE_LU,47.57
2024-05-24T12:00Z,DE_LU,72.38
2024-05-24T13:00Z,DE_LU,39.99
2024-05-24T14:00Z,DE_LU,69.16
2024-05-24T15:00Z,DE_LU,96.18
2024-05-24T16:00Z,DE_LU,96.07
2024-05-24T17:00Z,DE_LU,100.4
2024-05-24T18:00Z,DE_LU,116.79
2024-05-24T19:00Z,DE_LU,103.35
2024-05-24T20:00Z,DE_LU,99.77
2024-05-24T21:00Z,DE_LU,93.48
2024-05-24T22:00Z,DE_LU,88.36
2024-05-24T23:00Z,DE_LU,88.6
2024-05-25T00:00Z,DE_LU,86.39
2024-05-25T01:00Z,DE_LU,87.21
2024-05-25T02:00Z,DE_LU,97.89
2024-05-25T03:00Z,DE_LU,94.56
2024-05-25T04:00Z,DE_LU,87.72
2024-05-25T05:00Z,DE_LU,32.88
2024-05-25T06:00Z,DE_LU,49.13
2024-05-25T07:00Z,DE_LU,23.74
2024-05-25T08:00Z,DE_LU,5.4
2024-05-25T09:00Z,DE_LU,-0.09
2024-05-25T10:00Z,DE_LU,-9.41
2024-05-25T11:00Z,DE_LU,-14.88
2024-05-25T12:00Z,DE_LU,5.38
2024-05-25T13:00Z,DE_LU,8.03
2024-05-25T14:00Z,DE_LU,13.87
2024-05-25T15:00Z,DE_LU,21.49
2024-05-25T16:00Z,DE_LU,43.3
2024-05-25T17:00Z,DE_LU,101.74
2024-05-25T18:00Z,DE_LU,103.56
2024-05-25T19:00Z,DE_LU,100.36
2024-05-25T20:00Z,DE_LU,100.46
2024-05-25T21:00Z,DE_LU,97.32
2024-05-25T22:00Z,DE_LU,93.94
2024-05-25T23:00Z,DE_LU,90.52
2024-05-26T00:00Z,DE_LU,88.77
2024-05-26T01:00Z,DE_LU,88.21
2024-05-26T02:00Z,DE_LU,88.33
2024-05-26T03:00Z,DE_LU,87.41
2024-05-26T04:00Z,DE_LU,90.89
2024-05-26T05:00Z,DE_LU,82.74
2024-05-26T06:00Z,DE_LU,21.5
2024-05-26T07:00Z,DE_LU,9.47
2024-05-26T08:00Z,DE_LU,1.72
2024-05-26T09:00Z,DE_LU,-0.26
2024-05-26T10:00Z,DE_LU,-7.26
2024-05-26T11:00Z,DE_LU,-4.5
2024-05-26T12:00Z,DE_LU,4.81
2024-05-26T13:00Z,DE_LU,7.15
2024-05-26T14:00Z,DE_LU,14.3
2024-05-26T15:00Z,DE_LU,25.27
2024-05-26T16:00Z,DE_LU,95.37
2024-05-26T17:00Z,DE_LU,97.84
2024-05-26T18:00Z,DE_LU,98.41
2024-05-26T19:00Z,DE_LU,103.6
2024-05-26T20:00Z,DE_LU,92.0
2024-05-26T21:00Z,DE_LU,89.87
2024-05-26T22:00Z,DE_LU,111.92
2024-05-26T23:00Z,DE_LU,104.67
2024-05-27T00:00Z,DE_LU,100.15
2024-05-27T01:00Z,DE_LU,102.7
2024-05-27T02:00Z,DE_LU,108.72
2024-05-27T03:00Z,DE_LU,114.96
2024-05-27T04:00Z,DE_LU,119.55
2024-05-27T05:00Z,DE_LU,118.2
2024-05-27T06:00Z,DE_LU,114.42
2024-05-27T07:00Z,DE_LU,108.22
2024-05-27T08:00Z,DE_LU,99.73
2024-05-27T09:00Z,DE_LU,98.51
2024-05-27T10:00Z,DE_LU,95.06
2024-05-27T11:00Z,DE_LU,93.92
2024-05-27T12:00Z,DE_LU,102.12
2024-05-27T13:00Z,DE_LU,102.49
2024-05-27T14:00Z,DE_LU,102.76
2024-05-27T15:00Z,DE_LU,112.46
2024-05-27T16:00Z,DE_LU,115.85
2024-05-27T17:00Z,DE_LU,123.02
2024-05-27T18:00Z,DE_LU,130.63
2024-05-27T19:00Z,DE_LU,126.48
2024-05-27T20:00Z,DE_LU,126.64
2024-05-27T21:00Z,DE_LU,119.78
2024-05-27T22:00Z,DE_LU,113.2
2024-05-27T23:00Z,DE_LU,110.9
2024-05-28T00:00Z,DE_LU,105.39
2024-05-28T01:00Z,DE_LU,104.58
2024-05-28T02:00Z,DE_LU,105.79
2024-05-28T03:00Z,DE_LU,113.98
2024-05-28T04:00Z,DE_LU,105.32
2024-05-28T05:00Z,DE_LU,100.48
2024-05-28T06:00Z,DE_LU,94.41
2024-05-28T07:00Z,DE_LU,44.37
2024-05-28T08:00Z,DE_LU,19.47
2024-05-28T09:00Z,DE_LU,6.51
2024-05-28T10:00Z,DE_LU,5.44
2024-05-28T11:00Z,DE_LU,3.73
2024-05-28T12:00Z,DE_LU,6.55
2024-05-28T13:00Z,DE_LU,10.52
2024-05-28T14:00Z,DE_LU,31.85
2024-05-28T15:00Z,DE_LU,65.56
2024-05-28T16:00Z,DE_LU,108.22
2024-05-28T17:00Z,DE_LU,110.24
2024-05-28T18:00Z,DE_LU,122.61
2024-05-28T19:00Z,DE_LU,125.94
2024-05-28T20:00Z,DE_LU,113.94
2024-05-28T21:00Z,DE_LU,108.43
2024-05-28T22:00Z,DE_LU,111.39
2024-05-28T23:00Z,DE_LU,107.35
2024-05-29T00:00Z,DE_LU,106.34
2024-05-29T01:00Z,DE_LU,105.05
2024-05-29T02:00Z,DE_LU,106.8
2024-05-29T03:00Z,DE_LU,110.29
2024-05-29T04:00Z,DE_LU,103.91
2024-05-29T05:00Z,DE_LU,100.82
2024-05-29T06:00Z,DE_LU,90.74
2024-05-29T07:00Z,DE_LU,54.5
2024-05-29T08:00Z,DE_LU,28.78
2024-05-29T09:00Z,DE_LU,5.78
2024-05-29T10:00Z,DE_LU,1.4
2024-05-29T11:00Z,DE_LU,0.93
2024-05-29T12:00Z,DE_LU,1.66
2024-05-29T13:00Z,DE_LU,13.07
2024-05-29T14:00Z,DE_LU,23.28
2024-05-29T15:00Z,DE_LU,63.78
2024-05-29T16:00Z,DE_LU,115.77
2024-05-29T17:00Z,DE_LU,120.79
2024-05-29T18:00Z,DE_LU,129.09
2024-05-29T19:00Z,DE_LU,129.99
2024-05-29T20:00Z,DE_LU,124.17
2024-05-29T21:00Z,DE_LU,116.07
2024-05-29T22:00Z,DE_LU,103.4
2024-05-29T23:00Z,DE_LU,102.71
2024-05-30T00:00Z,DE_LU,103.77
2024-05-30T01:00Z,DE_LU,98.66
2024-05-30T02:00Z,DE_LU,100.31
2024-05-30T03:00Z,DE_LU,111.11
2024-05-30T04:00Z,DE_LU,107.26
2024-05-30T05:00Z,DE_LU,99.57
2024-05-30T06:00Z,DE_LU,88.72
2024-05-30T07:00Z,DE_LU,67.94
2024-05-30T08:00Z,DE_LU,30.39
2024-05-30T09:00Z,DE_LU,10.95
2024-05-30T10:00Z,DE_LU,2.61
2024-05-30T11:00Z,DE_LU,3.98
2024-05-30T12:00Z,DE_LU,5.81
2024-05-30T13:00Z,DE_LU,13.33
2024-05-30T14:00Z,DE_LU,26.77
2024-05-30T15:00Z,DE_LU,100.35
2024-05-30T16:00Z,DE_LU,110.86
2024-05-30T17:00Z,DE_LU,116.73
2024-05-30T18:00Z,DE_LU,124.57
2024-05-30T19:00Z,DE_LU,120.07
2024-05-30T20:00Z,DE_LU,107.3
2024-05-30T21:00Z,DE_LU,103.97
2024-05-30T22:00Z,DE_LU,97.37
2024-05-30T23:00Z,DE_LU,91.58
2024-05-31T00:00Z,DE_LU,94.54
2024-05-31T01:00Z,DE_LU,95.48
2024-05-31T02:00Z,DE_LU,99.8
2024-05-31T03:00Z,DE_LU,106.39
2024-05-31T04:00Z,DE_LU,101.09
2024-05-31T05:00Z,DE_LU,95.09
2024-05-31T06:00Z,DE_LU,91.61
2024-05-31T07:00Z,DE_LU,83.03
2024-05-31T08:00Z,DE_LU,26.71
2024-05-31T09:00Z,DE_LU,16.69
2024-05-31T10:00Z,DE_LU,12.34
2024-05-31T11:00Z,DE_LU,12.55
2024-05-31T12:00Z,DE_LU,13.4
2024-05-31T13:00Z,DE_LU,19.33
2024-05-31T14:00Z,DE_LU,52.64
2024-05-31T15:00Z,DE_LU,98.62
2024-05-31T16:00Z,DE_LU,108.14
2024-05-31T17:00Z,DE_LU,118.78
2024-05-31T18:00Z,DE_LU,122.93
2024-05-31T19:00Z,DE_LU,120.37
2024-05-31T20:00Z,DE_LU,113.42
2024-05-31T21:00Z,DE_LU,107.05
2024-05-31T22:00Z,DE_LU,94.22
2024-05-31T23:00Z,DE_LU,92.75
2024-06-01T00:00Z,DE_LU,92.08
2024-06-01T01:00Z,DE_LU,92.82
2024-06-01T02:00Z,DE_LU,95.71
2024-06-01T03:00Z,DE_LU,97.37
2024-06-01T04:00Z,DE_LU,94.36
2024-06-01T05:00Z,DE_LU,92.47
2024-06-01T06:00Z,DE_LU,86.95
2024-06-01T07:00Z,DE_LU,83.87
2024-06-01T08:00Z,DE_LU,76.38
2024-06-01T09:00Z,DE_LU,24.18
2024-06-01T10:00Z,DE_LU,17.56
2024-06-01T11:00Z,DE_LU,15.39
2024-06-01T12:00Z,DE_LU,19.19
2024-06-01T13:00Z,DE_LU,25.36
2024-06-01T14:00Z,DE_LU,42.05
2024-06-01T15:00Z,DE_LU,84.1
2024-06-01T16:00Z,DE_LU,93.97
2024-06-01T17:00Z,DE_LU,95.09
2024-06-01T18:00Z,DE_LU,104.42
2024-06-01T19:00Z,DE_LU,101.89
2024-06-01T20:00Z,DE_LU,96.95
2024-06-01T21:00Z,DE_LU,99.57
2024-06-01T22:00Z,DE_LU,94.39
2024-06-01T23:00Z,DE_LU,92.99
2024-06-02T00:00Z,DE_LU,92.62
2024-06-02T01:00Z,DE_LU,97.32
2024-06-02T02:00Z,DE_LU,96.61
2024-06-02T03:00Z,DE_LU,95.25
2024-06-02T04:00Z,DE_LU,92.7
2024-06-02T05:00Z,DE_LU,89.57
2024-06-02T06:00Z,DE_LU,77.16
2024-06-02T07:00Z,DE_LU,29.12
2024-06-02T08:00Z,DE_LU,19.26
2024-06-02T09:00Z,DE_LU,10.65
2024-06-02T10:00Z,DE_LU,4.49
2024-06-02T11:00Z,DE_LU,4.05
2024-06-02T12:00Z,DE_LU,4.48
2024-06-02T13:00Z,DE_LU,9.75
2024-06-02T14:00Z,DE_LU,15.2
2024-06-02T15:00Z,DE_LU,50.02
2024-06-02T16:00Z,DE_LU,97.06
2024-06-02T17:00Z,DE_LU,104.93
2024-06-02T18:00Z,DE_LU,108.89
2024-06-02T19:00Z,DE_LU,111.97
2024-06-02T20:00Z,DE_LU,106.02
2024-06-02T21:00Z,DE_LU,104.76
2024-06-02T22:00Z,DE_LU,135.7
2024-06-02T23:00Z,DE_LU,130.92
2024-06-03T00:00Z,DE_LU,120.62
2024-06-03T01:00Z,DE_LU,119.49
2024-06-03T02:00Z,DE_LU,119.68
2024-06-03T03:00Z,DE_LU,121.09
2024-06-03T04:00Z,DE_LU,119.41
2024-06-03T05:00Z,DE_LU,116.03
2024-06-03T06:00Z,DE_LU,104.96
2024-06-03T07:00Z,DE_LU,102.95
2024-06-03T08:00Z,DE_LU,95.92
2024-06-03T09:00Z,DE_LU,44.63
2024-06-03T10:00Z,DE_LU,23.18
2024-06-03T11:00Z,DE_LU,19.9
2024-06-03T12:00Z,DE_LU,22.01
2024-06-03T13:00Z,DE_LU,30.67
2024-06-03T14:00Z,DE_LU,47.67
2024-06-03T15:00Z,DE_LU,103.67
2024-06-03T16:00Z,DE_LU,111.31
2024-06-03T17:00Z,DE_LU,124.48
2024-06-03T18:00Z,DE_LU,131.6
2024-06-03T19:00Z,DE_LU,128.18
2024-06-03T20:00Z,DE_LU,126.33
2024-06-03T21:00Z,DE_LU,118.04
2024-06-03T22:00Z,DE_LU,103.59
2024-06-03T23:00Z,DE_LU,102.19
2024-06-04T00:00Z,DE_LU,103.08
2024-06-04T01:00Z,DE_LU,102.67
2024-06-04T02:00Z,DE_LU,101.57
2024-06-04T03:00Z,DE_LU,110.29
2024-06-04T04:00Z,DE_LU,107.06
2024-06-04T05:00Z,DE_LU,102.89
2024-06-04T06:00Z,DE_LU,93.28
2024-06-04T07:00Z,DE_LU,87.84
2024-06-04T08:00Z,DE_LU,36.74
2024-06-04T09:00Z,DE_LU,19.35
2024-06-04T10:00Z,DE_LU,14.15
2024-06-04T11:00Z,DE_LU,4.59
2024-06-04T12:00Z,DE_LU,7.71
2024-06-04T13:00Z,DE_LU,19.87
2024-06-04T14:00Z,DE_LU,34.1
2024-06-04T15:00Z,DE_LU,99.28
2024-06-04T16:00Z,DE_LU,112.03
2024-06-04T17:00Z,DE_LU,121.95
2024-06-04T18:00Z,DE_LU,128.76
2024-06-04T19:00Z,DE_LU,125.4
2024-06-04T20:00Z,DE_LU,115.72
2024-06-04T21:00Z,DE_LU,112.93
2024-06-04T22:00Z,DE_LU,99.49
2024-06-04T23:00Z,DE_LU,96.22
2024-06-05T00:00Z,DE_LU,96.3
2024-06-05T01:00Z,DE_LU,93.76
2024-06-05T02:00Z,DE_LU,91.29
2024-06-05T03:00Z,DE_LU,100.36
2024-06-05T04:00Z,DE_LU,98.05
2024-06-05T05:00Z,DE_LU,96.2
2024-06-05T06:00Z,DE_LU,87.68
2024-06-05T07:00Z,DE_LU,86.18
2024-06-05T08:00Z,DE_LU,31.05
2024-06-05T09:00Z,DE_LU,17.2
2024-06-05T10:00Z,DE_LU,5.19
2024-06-05T11:00Z,DE_LU,4.4
2024-06-05T12:00Z,DE_LU,4.6
2024-06-05T13:00Z,DE_LU,8.4
2024-06-05T14:00Z,DE_LU,13.23
2024-06-05T15:00Z,DE_LU,51.54
2024-06-05T16:00Z,DE_LU,110.57
2024-06-05T17:00Z,DE_LU,115.74
2024-06-05T18:00Z,DE_LU,114.02
2024-06-05T19:00Z,DE_LU,112.36
2024-06-05T20:00Z,DE_LU,106.45
2024-06-05T21:00Z,DE_LU,103.59
2024-06-05T22:00Z,DE_LU,106.14
2024-06-05T23:00Z,DE_LU,99.4
2024-06-06T00:00Z,DE_LU,97.76
2024-06-06T01:00Z,DE_LU,98.04
2024-06-06T02:00Z,DE_LU,96.31
2024-06-06T03:00Z,DE_LU,101.96
2024-06-06T04:00Z,DE_LU,101.35
2024-06-06T05:00Z,DE_LU,96.03
2024-06-06T06:00Z,DE_LU,87.64
2024-06-06T07:00Z,DE_LU,82.85
2024-06-06T08:00Z,DE_LU,5.31
2024-06-06T09:00Z,DE_LU,23.59
2024-06-06T10:00Z,DE_LU,4.67
2024-06-06T11:00Z,DE_LU,6.59
2024-06-06T12:00Z,DE_LU,18.22
2024-06-06T13:00Z,DE_LU,12.58
2024-06-06T14:00Z,DE_LU,30.43
2024-06-06T15:00Z,DE_LU,57.78
2024-06-06T16:00Z,DE_LU,95.79
2024-06-06T17:00Z,DE_LU,98.23
2024-06-06T18:00Z,DE_LU,107.13
2024-06-06T19:00Z,DE_LU,111.39
2024-06-06T20:00Z,DE_LU,101.82
2024-06-06T21:00Z,DE_LU,91.69
2024-06-06T22:00Z,DE_LU,85.96
2024-06-06T23:00Z,DE_LU,86.34
2024-06-07T00:00Z,DE_LU,87.57
2024-06-07T01:00Z,DE_LU,85.13
2024-06-07T02:00Z,DE_LU,87.06
2024-06-07T03:00Z,DE_LU,94.4
2024-06-07T04:00Z,DE_LU,96.24
2024-06-07T05:00Z,DE_LU,92.79
2024-06-07T06:00Z,DE_LU,91.74
2024-06-07T07:00Z,DE_LU,88.79
2024-06-07T08:00Z,DE_LU,87.57
2024-06-07T09:00Z,DE_LU,79.34
2024-06-07T10:00Z,DE_LU,51.23
2024-06-07T11:00Z,DE_LU,86.29
2024-06-07T12:00Z,DE_LU,82.63
2024-06-07T13:00Z,DE_LU,84.68
2024-06-07T14:00Z,DE_LU,82.8
2024-06-07T15:00Z,DE_LU,94.77
2024-06-07T16:00Z,DE_LU,105.45
2024-06-07T17:00Z,DE_LU,105.05
2024-06-07T18:00Z,DE_LU,108.4
2024-06-07T19:00Z,DE_LU,104.75
2024-06-07T20:00Z,DE_LU,98.41
2024-06-07T21:00Z,DE_LU,89.65
2024-06-07T22:00Z,DE_LU,82.07
2024-06-07T23:00Z,DE_LU,83.97
2024-06-08T00:00Z,DE_LU,83.27
2024-06-08T01:00Z,DE_LU,83.89
2024-06-08T02:00Z,DE_LU,84.89
2024-06-08T03:00Z,DE_LU,90.23
2024-06-08T04:00Z,DE_LU,84.24
2024-06-08T05:00Z,DE_LU,73.04
2024-06-08T06:00Z,DE_LU,34.92
2024-06-08T07:00Z,DE_LU,21.28
2024-06-08T08:00Z,DE_LU,13.53
2024-06-08T09:00Z,DE_LU,1.98
2024-06-08T10:00Z,DE_LU,0.86
2024-06-08T11:00Z,DE_LU,-0.45
2024-06-08T12:00Z,DE_LU,0.56
2024-06-08T13:00Z,DE_LU,4.85
2024-06-08T14:00Z,DE_LU,13.32
2024-06-08T15:00Z,DE_LU,24.24
2024-06-08T16:00Z,DE_LU,86.57
2024-06-08T17:00Z,DE_LU,84.82
2024-06-08T18:00Z,DE_LU,107.51
2024-06-08T19:00Z,DE_LU,101.94
2024-06-08T20:00Z,DE_LU,96.53
2024-06-08T21:00Z,DE_LU,88.08
2024-06-08T22:00Z,DE_LU,79.67
2024-06-08T23:00Z,DE_LU,78.58
2024-06-09T00:00Z,DE_LU,76.49
2024-06-09T01:00Z,DE_LU,84.97
2024-06-09T02:00Z,DE_LU,82.74
2024-06-09T03:00Z,DE_LU,79.1
2024-06-09T04:00Z,DE_LU,73.09
2024-06-09T05:00Z,DE_LU,76.79
2024-06-09T06:00Z,DE_LU,36.88
2024-06-09T07:00Z,DE_LU,24.63
2024-06-09T08:00Z,DE_LU,14.21
2024-06-09T09:00Z,DE_LU,5.62
2024-06-09T10:00Z,DE_LU,2.05
2024-06-09T11:00Z,DE_LU,-23.15
2024-06-09T12:00Z,DE_LU,-12.52
2024-06-09T13:00Z,DE_LU,-2.41
2024-06-09T14:00Z,DE_LU,9.86
2024-06-09T15:00Z,DE_LU,15.28
2024-06-09T16:00Z,DE_LU,22.86
2024-06-09T17:00Z,DE_LU,54.47
2024-06-09T18:00Z,DE_LU,88.04
2024-06-09T19:00Z,DE_LU,83.88
2024-06-09T20:00Z,DE_LU,87.91
2024-06-09T21:00Z,DE_LU,84.23
2024-06-09T22:00Z,DE_LU,81.79
2024-06-09T23:00Z,DE_LU,75.85
2024-06-10T00:00Z,DE_LU,77.06
2024-06-10T01:00Z,DE_LU,73.06
2024-06-10T02:00Z,DE_LU,40.25
2024-06-10T03:00Z,DE_LU,81.07
2024-06-10T04:00Z,DE_LU,75.44
2024-06-10T05:00Z,DE_LU,81.73
2024-06-10T06:00Z,DE_LU,77.29
2024-06-10T07:00Z,DE_LU,71.48
2024-06-10T08:00Z,DE_LU,34.45
2024-06-10T09:00Z,DE_LU,35.33
2024-06-10T10:00Z,DE_LU,26.38
2024-06-10T11:00Z,DE_LU,26.06
2024-06-10T12:00Z,DE_LU,27.15
2024-06-10T13:00Z,DE_LU,34.25
2024-06-10T14:00Z,DE_LU,80.3
2024-06-10T15:00Z,DE_LU,78.11
2024-06-10T16:00Z,DE_LU,90.95
2024-06-10T17:00Z,DE_LU,84.15
2024-06-10T18:00Z,DE_LU,88.77
2024-06-10T19:00Z,DE_LU,89.93
2024-06-10T20:00Z,DE_LU,84.21
2024-06-10T21:00Z,DE_LU,82.58
2024-06-10T22:00Z,DE_LU,80.95
2024-06-10T23:00Z,DE_LU,78.76
2024-06-11T00:00Z,DE_LU,77.83
2024-06-11T01:00Z,DE_LU,84.08
2024-06-11T02:00Z,DE_LU,72.54
2024-06-11T03:00Z,DE_LU,83.42
2024-06-11T04:00Z,DE_LU,79.4
2024-06-11T05:00Z,DE_LU,75.46
2024-06-11T06:00Z,DE_LU,72.49
2024-06-11T07:00Z,DE_LU,71.85
2024-06-11T08:00Z,DE_LU,70.43
2024-06-11T09:00Z,DE_LU,73.81
2024-06-11T10:00Z,DE_LU,64.72
2024-06-11T11:00Z,DE_LU,84.19
2024-06-11T12:00Z,DE_LU,83.97
2024-06-11T13:00Z,DE_LU,83.91
2024-06-11T14:00Z,DE_LU,86.22
2024-06-11T15:00Z,DE_LU,89.97
2024-06-11T16:00Z,DE_LU,94.62
2024-06-11T17:00Z,DE_LU,92.95
2024-06-11T18:00Z,DE_LU,95.26
2024-06-11T19:00Z,DE_LU,95.12
2024-06-11T20:00Z,DE_LU,87.25
2024-06-11T21:00Z,DE_LU,78.36
2024-06-11T22:00Z,DE_LU,79.38
2024-06-11T23:00Z,DE_LU,78.95
2024-06-12T00:00Z,DE_LU,77.03
2024-06-12T01:00Z,DE_LU,76.67
2024-06-12T02:00Z,DE_LU,79.95
2024-06-12T03:00Z,DE_LU,79.07
2024-06-12T04:00Z,DE_LU,83.34
2024-06-12T05:00Z,DE_LU,79.1
2024-06-12T06:00Z,DE_LU,71.97
2024-06-12T07:00Z,DE_LU,54.92
2024-06-12T08:00Z,DE_LU,33.5
2024-06-12T09:00Z,DE_LU,15.47
2024-06-12T10:00Z,DE_LU,9.77
2024-06-12T11:00Z,DE_LU,0.93
2024-06-12T12:00Z,DE_LU,1.2
2024-06-12T13:00Z,DE_LU,0.78
2024-06-12T14:00Z,DE_LU,13.54
2024-06-12T15:00Z,DE_LU,27.74
2024-06-12T16:00Z,DE_LU,83.6
2024-06-12T17:00Z,DE_LU,91.8
2024-06-12T18:00Z,DE_LU,81.8
2024-06-12T19:00Z,DE_LU,79.02
2024-06-12T20:00Z,DE_LU,77.94
2024-06-12T21:00Z,DE_LU,81.94
2024-06-12T22:00Z,DE_LU,80.74
2024-06-12T23:00Z,DE_LU,82.71
2024-06-13T00:00Z,DE_LU,88.3
2024-06-13T01:00Z,DE_LU,83.24
2024-06-13T02:00Z,DE_LU,83.53
2024-06-13T03:00Z,DE_LU,80.68
2024-06-13T04:00Z,DE_LU,83.13
2024-06-13T05:00Z,DE_LU,84.22
2024-06-13T06:00Z,DE_LU,74.42
2024-06-13T07:00Z,DE_LU,39.83
2024-06-13T08:00Z,DE_LU,27.72
2024-06-13T09:00Z,DE_LU,22.77
2024-06-13T10:00Z,DE_LU,1.17
2024-06-13T11:00Z,DE_LU,8.13
2024-06-13T12:00Z,DE_LU,15.95
2024-06-13T13:00Z,DE_LU,27.21
2024-06-13T14:00Z,DE_LU,31.23
2024-06-13T15:00Z,DE_LU,95.22
2024-06-13T16:00Z,DE_LU,101.45
2024-06-13T17:00Z,DE_LU,95.28
2024-06-13T18:00Z,DE_LU,94.92
2024-06-13T19:00Z,DE_LU,98.04
2024-06-13T20:00Z,DE_LU,88.81
2024-06-13T21:00Z,DE_LU,86.83
2024-06-13T22:00Z,DE_LU,75.56
2024-06-13T23:00Z,DE_LU,80.8
2024-06-14T00:00Z,DE_LU,82.93
2024-06-14T01:00Z,DE_LU,77.89
2024-06-14T02:00Z,DE_LU,84.94
2024-06-14T03:00Z,DE_LU,86.22
2024-06-14T04:00Z,DE_LU,92.16
2024-06-14T05:00Z,DE_LU,93.96
2024-06-14T06:00Z,DE_LU,91.32
2024-06-14T07:00Z,DE_LU,90.75
2024-06-14T08:00Z,DE_LU,88.22
2024-06-14T09:00Z,DE_LU,85.1
2024-06-14T10:00Z,DE_LU,84.11
2024-06-14T11:00Z,DE_LU,85.58
2024-06-14T12:00Z,DE_LU,89.09
2024-06-14T13:00Z,DE_LU,89.36
2024-06-14T14:00Z,DE_LU,90.85
2024-06-14T15:00Z,DE_LU,96.88
2024-06-14T16:00Z,DE_LU,97.49
2024-06-14T17:00Z,DE_LU,98.07
2024-06-14T18:00Z,DE_LU,102.63
2024-06-14T19:00Z,DE_LU,95.41
2024-06-14T20:00Z,DE_LU,95.0
2024-06-14T21:00Z,DE_LU,91.23
2024-06-14T22:00Z,DE_LU,91.51
2024-06-14T23:00Z,DE_LU,91.01
2024-06-15T00:00Z,DE_LU,88.74
2024-06-15T01:00Z,DE_LU,85.51
2024-06-15T02:00Z,DE_LU,85.84
2024-06-15T03:00Z,DE_LU,92.97
2024-06-15T04:00Z,DE_LU,86.53
2024-06-15T05:00Z,DE_LU,89.68
2024-06-15T06:00Z,DE_LU,85.59
2024-06-15T07:00Z,DE_LU,81.8
2024-06-15T08:00Z,DE_LU,80.65
2024-06-15T09:00Z,DE_LU,79.02
2024-06-15T10:00Z,DE_LU,74.89
2024-06-15T11:00Z,DE_LU,79.24
2024-06-15T12:00Z,DE_LU,78.76
2024-06-15T13:00Z,DE_LU,77.96
2024-06-15T14:00Z,DE_LU,85.61
2024-06-15T15:00Z,DE_LU,83.16
2024-06-15T16:00Z,DE_LU,84.64
2024-06-15T17:00Z,DE_LU,84.41
2024-06-15T18:00Z,DE_LU,89.7
2024-06-15T19:00Z,DE_LU,101.52
2024-06-15T20:00Z,DE_LU,92.96
2024-06-15T21:00Z,DE_LU,93.76
2024-06-15T22:00Z,DE_LU,78.5
2024-06-15T23:00Z,DE_LU,79.7
2024-06-16T00:00Z,DE_LU,79.69
2024-06-16T01:00Z,DE_LU,81.9
2024-06-16T02:00Z,DE_LU,85.93
2024-06-16T03:00Z,DE_LU,86.31
2024-06-16T04:00Z,DE_LU,84.44
2024-06-16T05:00Z,DE_LU,82.99
2024-06-16T06:00Z,DE_LU,80.72
2024-06-16T07:00Z,DE_LU,76.19
2024-06-16T08:00Z,DE_LU,71.71
2024-06-16T09:00Z,DE_LU,36.2
2024-06-16T10:00Z,DE_LU,41.4
2024-06-16T11:00Z,DE_LU,81.15
2024-06-16T12:00Z,DE_LU,78.96
2024-06-16T13:00Z,DE_LU,80.4
2024-06-16T14:00Z,DE_LU,82.08
2024-06-16T15:00Z,DE_LU,86.33
2024-06-16T16:00Z,DE_LU,88.05
2024-06-16T17:00Z,DE_LU,87.0
2024-06-16T18:00Z,DE_LU,90.06
2024-06-16T19:00Z,DE_LU,82.3
2024-06-16T20:00Z,DE_LU,82.35
2024-06-16T21:00Z,DE_LU,79.66
2024-06-16T22:00Z,DE_LU,87.33
2024-06-16T23:00Z,DE_LU,78.17
2024-06-17T00:00Z,DE_LU,79.44
2024-06-17T01:00Z,DE_LU,82.36
2024-06-17T02:00Z,DE_LU,81.26
2024-06-17T03:00Z,DE_LU,84.83
2024-06-17T04:00Z,DE_LU,86.24
2024-06-17T05:00Z,DE_LU,91.08
2024-06-17T06:00Z,DE_LU,80.53
2024-06-17T07:00Z,DE_LU,79.04
2024-06-17T08:00Z,DE_LU,78.55
2024-06-17T09:00Z,DE_LU,78.22
2024-06-17T10:00Z,DE_LU,75.16
2024-06-17T11:00Z,DE_LU,77.27
2024-06-17T12:00Z,DE_LU,76.79
2024-06-17T13:00Z,DE_LU,83.18
2024-06-17T14:00Z,DE_LU,86.29
2024-06-17T15:00Z,DE_LU,84.7
2024-06-17T16:00Z,DE_LU,82.84
2024-06-17T17:00Z,DE_LU,85.73
2024-06-17T18:00Z,DE_LU,94.04
2024-06-17T19:00Z,DE_LU,93.85
2024-06-17T20:00Z,DE_LU,83.36
2024-06-17T21:00Z,DE_LU,84.04
2024-06-17T22:00Z,DE_LU,82.17
2024-06-17T23:00Z,DE_LU,86.89
2024-06-18T00:00Z,DE_LU,90.82
2024-06-18T01:00Z,DE_LU,90.22
2024-06-18T02:00Z,DE_LU,93.09
2024-06-18T03:00Z,DE_LU,97.31
2024-06-18T04:00Z,DE_LU,91.91
2024-06-18T05:00Z,DE_LU,89.59
2024-06-18T06:00Z,DE_LU,82.48
2024-06-18T07:00Z,DE_LU,83.27
2024-06-18T08:00Z,DE_LU,78.76
2024-06-18T09:00Z,DE_LU,51.42
2024-06-18T10:00Z,DE_LU,31.01
2024-06-18T11:00Z,DE_LU,25.58
2024-06-18T12:00Z,DE_LU,25.25
2024-06-18T13:00Z,DE_LU,39.07
2024-06-18T14:00Z,DE_LU,36.52
2024-06-18T15:00Z,DE_LU,81.58
2024-06-18T16:00Z,DE_LU,87.59
2024-06-18T17:00Z,DE_LU,92.08
2024-06-18T18:00Z,DE_LU,107.09
2024-06-18T19:00Z,DE_LU,100.72
2024-06-18T20:00Z,DE_LU,95.65
2024-06-18T21:00Z,DE_LU,94.04
2024-06-18T22:00Z,DE_LU,97.01
2024-06-18T23:00Z,DE_LU,93.59
2024-06-19T00:00Z,DE_LU,96.0
2024-06-19T01:00Z,DE_LU,95.22
2024-06-19T02:00Z,DE_LU,97.66
2024-06-19T03:00Z,DE_LU,98.61
2024-06-19T04:00Z,DE_LU,101.08
2024-06-19T05:00Z,DE_LU,99.35
2024-06-19T06:00Z,DE_LU,98.98
2024-06-19T07:00Z,DE_LU,96.1
2024-06-19T08:00Z,DE_LU,92.48
2024-06-19T09:00Z,DE_LU,87.98
2024-06-19T10:00Z,DE_LU,85.18
2024-06-19T11:00Z,DE_LU,86.56
2024-06-19T12:00Z,DE_LU,89.83
2024-06-19T13:00Z,DE_LU,91.72
2024-06-19T14:00Z,DE_LU,97.93
2024-06-19T15:00Z,DE_LU,106.29
2024-06-19T16:00Z,DE_LU,113.53
2024-06-19T17:00Z,DE_LU,117.57
2024-06-19T18:00Z,DE_LU,126.7
2024-06-19T19:00Z,DE_LU,121.5
2024-06-19T20:00Z,DE_LU,109.0
2024-06-19T21:00Z,DE_LU,103.87
2024-06-19T22:00Z,DE_LU,102.67
2024-06-19T23:00Z,DE_LU,99.58
2024-06-20T00:00Z,DE_LU,96.79
2024-06-20T01:00Z,DE_LU,96.17
2024-06-20T02:00Z,DE_LU,96.01
2024-06-20T03:00Z,DE_LU,96.72
2024-06-20T04:00Z,DE_LU,99.91
2024-06-20T05:00Z,DE_LU,104.15
2024-06-20T06:00Z,DE_LU,100.47
2024-06-20T07:00Z,DE_LU,98.63
2024-06-20T08:00Z,DE_LU,90.93
2024-06-20T09:00Z,DE_LU,93.07
2024-06-20T10:00Z,DE_LU,90.83
2024-06-20T11:00Z,DE_LU,87.4
2024-06-20T12:00Z,DE_LU,86.07
2024-06-20T13:00Z,DE_LU,95.04
2024-06-20T14:00Z,DE_LU,97.77
2024-06-20T15:00Z,DE_LU,105.4
2024-06-20T16:00Z,DE_LU,107.4
2024-06-20T17:00Z,DE_LU,117.22
2024-06-20T18:00Z,DE_LU,121.81
2024-06-20T19:00Z,DE_LU,121.69
2024-06-20T20:00Z,DE_LU,107.98
2024-06-20T21:00Z,DE_LU,108.92
2024-06-20T22:00Z,DE_LU,85.88
2024-06-20T23:00Z,DE_LU,82.72
2024-06-21T00:00Z,DE_LU,81.99
2024-06-21T01:00Z,DE_LU,80.02
2024-06-21T02:00Z,DE_LU,83.9
2024-06-21T03:00Z,DE_LU,88.09
2024-06-21T04:00Z,DE_LU,87.59
2024-06-21T05:00Z,DE_LU,85.76
2024-06-21T06:00Z,DE_LU,90.42
2024-06-21T07:00Z,DE_LU,87.4
2024-06-21T08:00Z,DE_LU,84.92
2024-06-21T09:00Z,DE_LU,85.71
2024-06-21T10:00Z,DE_LU,80.58
2024-06-21T11:00Z,DE_LU,80.75
2024-06-21T12:00Z,DE_LU,87.14
2024-06-21T13:00Z,DE_LU,87.6
2024-06-21T14:00Z,DE_LU,86.42
2024-06-21T15:00Z,DE_LU,97.85
2024-06-21T16:00Z,DE_LU,102.7
2024-06-21T17:00Z,DE_LU,105.33
2024-06-21T18:00Z,DE_LU,103.23
2024-06-21T19:00Z,DE_LU,99.85
2024-06-21T20:00Z,DE_LU,97.49
2024-06-21T21:00Z,DE_LU,98.2
2024-06-21T22:00Z,DE_LU,95.84
2024-06-21T23:00Z,DE_LU,95.64
2024-06-22T00:00Z,DE_LU,89.69
2024-06-22T01:00Z,DE_LU,91.77
2024-06-22T02:00Z,DE_LU,92.79
2024-06-22T03:00Z,DE_LU,91.13
2024-06-22T04:00Z,DE_LU,84.47
2024-06-22T05:00Z,DE_LU,81.32
2024-06-22T06:00Z,DE_LU,80.93
2024-06-22T07:00Z,DE_LU,78.05
2024-06-22T08:00Z,DE_LU,71.35
2024-06-22T09:00Z,DE_LU,69.87
2024-06-22T10:00Z,DE_LU,65.93
2024-06-22T11:00Z,DE_LU,61.6
2024-06-22T12:00Z,DE_LU,69.51
2024-06-22T13:00Z,DE_LU,71.02
2024-06-22T14:00Z,DE_LU,82.52
2024-06-22T15:00Z,DE_LU,84.82
2024-06-22T16:00Z,DE_LU,93.37
2024-06-22T17:00Z,DE_LU,98.63
2024-06-22T18:00Z,DE_LU,101.54
2024-06-22T19:00Z,DE_LU,98.14
2024-06-22T20:00Z,DE_LU,91.69
2024-06-22T21:00Z,DE_LU,94.0
2024-06-22T22:00Z,DE_LU,82.86
2024-06-22T23:00Z,DE_LU,80.79
2024-06-23T00:00Z,DE_LU,81.76
2024-06-23T01:00Z,DE_LU,81.03
2024-06-23T02:00Z,DE_LU,81.84
2024-06-23T03:00Z,DE_LU,86.85
2024-06-23T04:00Z,DE_LU,80.39
2024-06-23T05:00Z,DE_LU,81.99
2024-06-23T06:00Z,DE_LU,77.1
2024-06-23T07:00Z,DE_LU,75.6
2024-06-23T08:00Z,DE_LU,72.4
2024-06-23T09:00Z,DE_LU,66.17
2024-06-23T10:00Z,DE_LU,63.93
2024-06-23T11:00Z,DE_LU,70.52
2024-06-23T12:00Z,DE_LU,69.39
2024-06-23T13:00Z,DE_LU,73.83
2024-06-23T14:00Z,DE_LU,73.31
2024-06-23T15:00Z,DE_LU,78.0
2024-06-23T16:00Z,DE_LU,89.6
2024-06-23T17:00Z,DE_LU,92.1
2024-06-23T18:00Z,DE_LU,92.17
2024-06-23T19:00Z,DE_LU,93.54
2024-06-23T20:00Z,DE_LU,87.86
2024-06-23T21:00Z,DE_LU,82.16
2024-06-23T22:00Z,DE_LU,91.99
2024-06-23T23:00Z,DE_LU,83.9
2024-06-24T00:00Z,DE_LU,78.77
2024-06-24T01:00Z,DE_LU,80.2
2024-06-24T02:00Z,DE_LU,82.34
2024-06-24T03:00Z,DE_LU,84.16
2024-06-24T04:00Z,DE_LU,89.66
2024-06-24T05:00Z,DE_LU,91.88
2024-06-24T06:00Z,DE_LU,85.59
2024-06-24T07:00Z,DE_LU,84.24
2024-06-24T08:00Z,DE_LU,87.77
2024-06-24T09:00Z,DE_LU,82.49
2024-06-24T10:00Z,DE_LU,83.33
2024-06-24T11:00Z,DE_LU,80.09
2024-06-24T12:00Z,DE_LU,84.21
2024-06-24T13:00Z,DE_LU,92.17
2024-06-24T14:00Z,DE_LU,96.93
2024-06-24T15:00Z,DE_LU,100.07
2024-06-24T16:00Z,DE_LU,106.98
2024-06-24T17:00Z,DE_LU,108.64
2024-06-24T18:00Z,DE_LU,108.97
2024-06-24T19:00Z,DE_LU,106.28
2024-06-24T20:00Z,DE_LU,102.35
2024-06-24T21:00Z,DE_LU,102.75
2024-06-24T22:00Z,DE_LU,102.41
2024-06-24T23:00Z,DE_LU,100.94
2024-06-25T00:00Z,DE_LU,96.95
2024-06-25T01:00Z,DE_LU,97.69
2024-06-25T02:00Z,DE_LU,98.61
2024-06-25T03:00Z,DE_LU,101.39
2024-06-25T04:00Z,DE_LU,100.32
2024-06-25T05:00Z,DE_LU,98.01
2024-06-25T06:00Z,DE_LU,99.06
2024-06-25T07:00Z,DE_LU,92.08
2024-06-25T08:00Z,DE_LU,81.44
2024-06-25T09:00Z,DE_LU,32.45
2024-06-25T10:00Z,DE_LU,31.9
2024-06-25T11:00Z,DE_LU,30.15
2024-06-25T12:00Z,DE_LU,30.62
2024-06-25T13:00Z,DE_LU,35.49
2024-06-25T14:00Z,DE_LU,50.28
2024-06-25T15:00Z,DE_LU,91.48
2024-06-25T16:00Z,DE_LU,94.28
2024-06-25T17:00Z,DE_LU,108.0
2024-06-25T18:00Z,DE_LU,104.33
2024-06-25T19:00Z,DE_LU,108.14
2024-06-25T20:00Z,DE_LU,105.94
2024-06-25T21:00Z,DE_LU,94.79
2024-06-25T22:00Z,DE_LU,94.52
2024-06-25T23:00Z,DE_LU,92.43
2024-06-26T00:00Z,DE_LU,92.36
2024-06-26T01:00Z,DE_LU,98.7
2024-06-26T02:00Z,DE_LU,96.65
2024-06-26T03:00Z,DE_LU,97.55
2024-06-26T04:00Z,DE_LU,96.22
2024-06-26T05:00Z,DE_LU,94.55
2024-06-26T06:00Z,DE_LU,92.68
2024-06-26T07:00Z,DE_LU,83.1
2024-06-26T08:00Z,DE_LU,83.6
2024-06-26T09:00Z,DE_LU,25.4
2024-06-26T10:00Z,DE_LU,8.12
2024-06-26T11:00Z,DE_LU,2.76
2024-06-26T12:00Z,DE_LU,4.75
2024-06-26T13:00Z,DE_LU,9.24
2024-06-26T14:00Z,DE_LU,31.3
2024-06-26T15:00Z,DE_LU,55.62
2024-06-26T16:00Z,DE_LU,86.01
2024-06-26T17:00Z,DE_LU,99.61
2024-06-26T18:00Z,DE_LU,110.14
2024-06-26T19:00Z,DE_LU,105.88
2024-06-26T20:00Z,DE_LU,99.47
2024-06-26T21:00Z,DE_LU,98.22
2024-06-26T22:00Z,DE_LU,84.78
2024-06-26T23:00Z,DE_LU,80.64
2024-06-27T00:00Z,DE_LU,80.7
2024-06-27T01:00Z,DE_LU,78.03
2024-06-27T02:00Z,DE_LU,82.88
2024-06-27T03:00Z,DE_LU,92.38
2024-06-27T04:00Z,DE_LU,85.63
2024-06-27T05:00Z,DE_LU,87.73
2024-06-27T06:00Z,DE_LU,79.82
2024-06-27T07:00Z,DE_LU,35.73
2024-06-27T08:00Z,DE_LU,30.53
2024-06-27T09:00Z,DE_LU,18.76
2024-06-27T10:00Z,DE_LU,12.71
2024-06-27T11:00Z,DE_LU,4.53
2024-06-27T12:00Z,DE_LU,4.51
2024-06-27T13:00Z,DE_LU,12.61
2024-06-27T14:00Z,DE_LU,26.96
2024-06-27T15:00Z,DE_LU,63.66
2024-06-27T16:00Z,DE_LU,95.25
2024-06-27T17:00Z,DE_LU,99.19
2024-06-27T18:00Z,DE_LU,105.84
2024-06-27T19:00Z,DE_LU,113.23
2024-06-27T20:00Z,DE_LU,100.33
2024-06-27T21:00Z,DE_LU,94.56
2024-06-27T22:00Z,DE_LU,88.25
2024-06-27T23:00Z,DE_LU,95.76
2024-06-28T00:00Z,DE_LU,88.42
2024-06-28T01:00Z,DE_LU,84.09
2024-06-28T02:00Z,DE_LU,87.51
2024-06-28T03:00Z,DE_LU,87.5
2024-06-28T04:00Z,DE_LU,87.06
2024-06-28T05:00Z,DE_LU,83.46
2024-06-28T06:00Z,DE_LU,80.53
2024-06-28T07:00Z,DE_LU,73.14
2024-06-28T08:00Z,DE_LU,36.71
2024-06-28T09:00Z,DE_LU,15.38
2024-06-28T10:00Z,DE_LU,2.7
2024-06-28T11:00Z,DE_LU,1.1
2024-06-28T12:00Z,DE_LU,3.33
2024-06-28T13:00Z,DE_LU,7.94
2024-06-28T14:00Z,DE_LU,28.19
2024-06-28T15:00Z,DE_LU,36.51
2024-06-28T16:00Z,DE_LU,95.4
2024-06-28T17:00Z,DE_LU,93.24
2024-06-28T18:00Z,DE_LU,107.75
2024-06-28T19:00Z,DE_LU,110.64
2024-06-28T20:00Z,DE_LU,96.91
2024-06-28T21:00Z,DE_LU,91.17
2024-06-28T22:00Z,DE_LU,94.5
2024-06-28T23:00Z,DE_LU,93.78
2024-06-29T00:00Z,DE_LU,97.91
2024-06-29T01:00Z,DE_LU,96.97
2024-06-29T02:00Z,DE_LU,97.95
2024-06-29T03:00Z,DE_LU,98.84
2024-06-29T04:00Z,DE_LU,91.38
2024-06-29T05:00Z,DE_LU,91.43
2024-06-29T06:00Z,DE_LU,68.38
2024-06-29T07:00Z,DE_LU,27.36
2024-06-29T08:00Z,DE_LU,8.57
2024-06-29T09:00Z,DE_LU,4.93
2024-06-29T10:00Z,DE_LU,6.23
2024-06-29T11:00Z,DE_LU,3.24
2024-06-29T12:00Z,DE_LU,3.87
2024-06-29T13:00Z,DE_LU,4.1
2024-06-29T14:00Z,DE_LU,15.21
2024-06-29T15:00Z,DE_LU,33.24
2024-06-29T16:00Z,DE_LU,39.36
2024-06-29T17:00Z,DE_LU,92.03
2024-06-29T18:00Z,DE_LU,103.35
2024-06-29T19:00Z,DE_LU,104.89
2024-06-29T20:00Z,DE_LU,88.71
2024-06-29T21:00Z,DE_LU,82.25
2024-06-29T22:00Z,DE_LU,85.22
2024-06-29T23:00Z,DE_LU,81.99
2024-06-30T00:00Z,DE_LU,84.64
2024-06-30T01:00Z,DE_LU,83.12
2024-06-30T02:00Z,DE_LU,83.21
2024-06-30T03:00Z,DE_LU,86.64
2024-06-30T04:00Z,DE_LU,80.14
2024-06-30T05:00Z,DE_LU,36.23
2024-06-30T06:00Z,DE_LU,20.75
2024-06-30T07:00Z,DE_LU,5.45
2024-06-30T08:00Z,DE_LU,2.61
2024-06-30T09:00Z,DE_LU,-4.13
2024-06-30T10:00Z,DE_LU,-28.0
2024-06-30T11:00Z,DE_LU,-44.84
2024-06-30T12:00Z,DE_LU,-54.67
2024-06-30T13:00Z,DE_LU,-12.14
2024-06-30T14:00Z,DE_LU,-7.24
2024-06-30T15:00Z,DE_LU,17.69
2024-06-30T16:00Z,DE_LU,21.96
2024-06-30T17:00Z,DE_LU,27.71
2024-06-30T18:00Z,DE_LU,93.73
2024-06-30T19:00Z,DE_LU,84.05
2024-06-30T20:00Z,DE_LU,81.39
2024-06-30T21:00Z,DE_LU,81.58
2023-12-31T23:00Z,FR,46.28
2024-01-01T00:00Z,FR,42.4
2024-01-01T01:00Z,FR,37.44
2024-01-01T02:00Z,FR,40.59
2024-01-01T03:00Z,FR,38.38
2024-01-01T04:00Z,FR,68.59
2024-01-01T05:00Z,FR,75.13
2024-01-01T06:00Z,FR,78.19
2024-01-01T07:00Z,FR,76.8
2024-01-01T08:00Z,FR,76.21
2024-01-01T09:00Z,FR,77.82
2024-01-01T10:00Z,FR,77.16
2024-01-01T11:00Z,FR,76.24
2024-01-01T12:00Z,FR,72.79
2024-01-01T13:00Z,FR,69.55
2024-01-01T14:00Z,FR,73.38
2024-01-01T15:00Z,FR,75.96
2024-01-01T16:00Z,FR,79.91
2024-01-01T17:00Z,FR,75.84
2024-01-01T18:00Z,FR,73.02
2024-01-01T19:00Z,FR,67.66
2024-01-01T20:00Z,FR,62.53
2024-01-01T21:00Z,FR,67.89
2024-01-01T22:00Z,FR,38.11
2024-01-01T23:00Z,FR,40.76
2024-01-02T00:00Z,FR,40.05
2024-01-02T01:00Z,FR,38.91
2024-01-02T02:00Z,FR,37.5
2024-01-02T03:00Z,FR,43.47
2024-01-02T04:00Z,FR,51.53
2024-01-02T05:00Z,FR,95.37
2024-01-02T06:00Z,FR,112.87
2024-01-02T07:00Z,FR,109.59
2024-01-02T08:00Z,FR,102.18
2024-01-02T09:00Z,FR,99.71
2024-01-02T10:00Z,FR,95.13
2024-01-02T11:00Z,FR,87.68
2024-01-02T12:00Z,FR,83.78
2024-01-02T13:00Z,FR,87.3
2024-01-02T14:00Z,FR,88.68
2024-01-02T15:00Z,FR,107.13
2024-01-02T16:00Z,FR,117.65
2024-01-02T17:00Z,FR,117.63
2024-01-02T18:00Z,FR,111.66
2024-01-02T19:00Z,FR,90.58
2024-01-02T20:00Z,FR,89.38
2024-01-02T21:00Z,FR,82.22
2024-01-02T22:00Z,FR,53.55
2024-01-02T23:00Z,FR,70.06
2024-01-03T00:00Z,FR,62.9
2024-01-03T01:00Z,FR,60.27
2024-01-03T02:00Z,FR,55.44
2024-01-03T03:00Z,FR,66.2
2024-01-03T04:00Z,FR,74.36
2024-01-03T05:00Z,FR,87.52
2024-01-03T06:00Z,FR,87.44
2024-01-03T07:00Z,FR,88.87
2024-01-03T08:00Z,FR,84.99
2024-01-03T09:00Z,FR,81.45
2024-01-03T10:00Z,FR,73.52
2024-01-03T11:00Z,FR,75.38
2024-01-03T12:00Z,FR,80.24
2024-01-03T13:00Z,FR,84.57
2024-01-03T14:00Z,FR,93.58
2024-01-03T15:00Z,FR,93.26
2024-01-03T16:00Z,FR,98.88
2024-01-03T17:00Z,FR,93.56
2024-01-03T18:00Z,FR,91.97
2024-01-03T19:00Z,FR,82.31
2024-01-03T20:00Z,FR,79.5
2024-01-03T21:00Z,FR,66.7
2024-01-03T22:00Z,FR,65.85
2024-01-03T23:00Z,FR,35.24
2024-01-04T00:00Z,FR,38.27
2024-01-04T01:00Z,FR,34.6
2024-01-04T02:00Z,FR,23.12
2024-01-04T03:00Z,FR,18.33
2024-01-04T04:00Z,FR,44.81
2024-01-04T05:00Z,FR,79.97
2024-01-04T06:00Z,FR,89.93
2024-01-04T07:00Z,FR,82.89
2024-01-04T08:00Z,FR,82.9
2024-01-04T09:00Z,FR,89.02
2024-01-04T10:00Z,FR,79.49
2024-01-04T11:00Z,FR,75.62
2024-01-04T12:00Z,FR,85.7
2024-01-04T13:00Z,FR,93.98
2024-01-04T14:00Z,FR,82.65
2024-01-04T15:00Z,FR,85.2
2024-01-04T16:00Z,FR,107.76
2024-01-04T17:00Z,FR,101.54
2024-01-04T18:00Z,FR,97.24
2024-01-04T19:00Z,FR,76.36
2024-01-04T20:00Z,FR,70.15
2024-01-04T21:00Z,FR,64.77
2024-01-04T22:00Z,FR,61.54
2024-01-04T23:00Z,FR,62.77
2024-01-05T00:00Z,FR,64.56
2024-01-05T01:00Z,FR,37.94
2024-01-05T02:00Z,FR,35.49
2024-01-05T03:00Z,FR,40.73
2024-01-05T04:00Z,FR,78.08
2024-01-05T05:00Z,FR,97.38
2024-01-05T06:00Z,FR,105.32
2024-01-05T07:00Z,FR,96.99
2024-01-05T08:00Z,FR,98.22
2024-01-05T09:00Z,FR,95.45
2024-01-05T10:00Z,FR,100.05
2024-01-05T11:00Z,FR,93.1
2024-01-05T12:00Z,FR,89.55
2024-01-05T13:00Z,FR,100.97
2024-01-05T14:00Z,FR,97.57
2024-01-05T15:00Z,FR,103.95
2024-01-05T16:00Z,FR,110.29
2024-01-05T17:00Z,FR,100.88
2024-01-05T18:00Z,FR,98.28
2024-01-05T19:00Z,FR,93.43
2024-01-05T20:00Z,FR,90.53
2024-01-05T21:00Z,FR,83.54
2024-01-05T22:00Z,FR,70.8
2024-01-05T23:00Z,FR,36.57
2024-01-06T00:00Z,FR,37.81
2024-01-06T01:00Z,FR,41.24
2024-01-06T02:00Z,FR,41.51
2024-01-06T03:00Z,FR,41.36
2024-01-06T04:00Z,FR,49.35
2024-01-06T05:00Z,FR,81.37
2024-01-06T06:00Z,FR,87.88
2024-01-06T07:00Z,FR,81.63
2024-01-06T08:00Z,FR,72.55
2024-01-06T09:00Z,FR,76.06
2024-01-06T10:00Z,FR,71.48
2024-01-06T11:00Z,FR,60.28
2024-01-06T12:00Z,FR,59.8
2024-01-06T13:00Z,FR,65.79
2024-01-06T14:00Z,FR,71.86
2024-01-06T15:00Z,FR,75.85
2024-01-06T16:00Z,FR,79.6
2024-01-06T17:00Z,FR,75.69
2024-01-06T18:00Z,FR,80.86
2024-01-06T19:00Z,FR,76.02
2024-01-06T20:00Z,FR,79.93
2024-01-06T21:00Z,FR,76.72
2024-01-06T22:00Z,FR,72.78
2024-01-06T23:00Z,FR,38.95
2024-01-07T00:00Z,FR,40.68
2024-01-07T01:00Z,FR,36.58
2024-01-07T02:00Z,FR,40.89
2024-01-07T03:00Z,FR,34.95
2024-01-07T04:00Z,FR,47.01
2024-01-07T05:00Z,FR,45.77
2024-01-07T06:00Z,FR,77.81
2024-01-07T07:00Z,FR,61.6
2024-01-07T08:00Z,FR,55.39
2024-01-07T09:00Z,FR,36.63
2024-01-07T10:00Z,FR,31.65
2024-01-07T11:00Z,FR,32.65
2024-01-07T12:00Z,FR,34.41
2024-01-07T13:00Z,FR,33.8
2024-01-07T14:00Z,FR,37.86
2024-01-07T15:00Z,FR,41.88
2024-01-07T16:00Z,FR,42.76
2024-01-07T17:00Z,FR,40.5
2024-01-07T18:00Z,FR,41.79
2024-01-07T19:00Z,FR,31.38
2024-01-07T20:00Z,FR,27.6
2024-01-07T21:00Z,FR,19.58
2024-01-07T22:00Z,FR,15.14
2024-01-07T23:00Z,FR,20.89
2024-01-08T00:00Z,FR,17.69
2024-01-08T01:00Z,FR,17.66
2024-01-08T02:00Z,FR,17.37
2024-01-08T03:00Z,FR,20.09
2024-01-08T04:00Z,FR,36.68
2024-01-08T05:00Z,FR,78.71
2024-01-08T06:00Z,FR,73.35
2024-01-08T07:00Z,FR,72.85
2024-01-08T08:00Z,FR,66.96
2024-01-08T09:00Z,FR,66.1
2024-01-08T10:00Z,FR,58.67
2024-01-08T11:00Z,FR,59.5
2024-01-08T12:00Z,FR,29.31
2024-01-08T13:00Z,FR,60.45
2024-01-08T14:00Z,FR,60.74
2024-01-08T15:00Z,FR,60.44
2024-01-08T16:00Z,FR,65.61
2024-01-08T17:00Z,FR,63.29
2024-01-08T18:00Z,FR,59.71
2024-01-08T19:00Z,FR,32.5
2024-01-08T20:00Z,FR,27.09
2024-01-08T21:00Z,FR,15.29
2024-01-08T22:00Z,FR,7.76
2024-01-08T23:00Z,FR,17.16
2024-01-09T00:00Z,FR,14.03
2024-01-09T01:00Z,FR,12.37
2024-01-09T02:00Z,FR,10.34
2024-01-09T03:00Z,FR,14.57
2024-01-09T04:00Z,FR,18.51
2024-01-09T05:00Z,FR,35.2
2024-01-09T06:00Z,FR,48.82
2024-01-09T07:00Z,FR,69.18
2024-01-09T08:00Z,FR,62.88
2024-01-09T09:00Z,FR,40.89
2024-01-09T10:00Z,FR,32.0
2024-01-09T11:00Z,FR,34.09
2024-01-09T12:00Z,FR,31.44
2024-01-09T13:00Z,FR,30.95
2024-01-09T14:00Z,FR,38.12
2024-01-09T15:00Z,FR,61.43
2024-01-09T16:00Z,FR,71.93
2024-01-09T17:00Z,FR,75.28
2024-01-09T18:00Z,FR,65.68
2024-01-09T19:00Z,FR,58.04
2024-01-09T20:00Z,FR,57.64
2024-01-09T21:00Z,FR,52.28
2024-01-09T22:00Z,FR,23.25
2024-01-09T23:00Z,FR,12.48
2024-01-10T00:00Z,FR,9.95
2024-01-10T01:00Z,FR,9.91
2024-01-10T02:00Z,FR,14.17
2024-01-10T03:00Z,FR,12.3
2024-01-10T04:00Z,FR,25.49
2024-01-10T05:00Z,FR,44.41
2024-01-10T06:00Z,FR,63.17
2024-01-10T07:00Z,FR,61.25
2024-01-10T08:00Z,FR,59.79
2024-01-10T09:00Z,FR,60.44
2024-01-10T10:00Z,FR,35.05
2024-01-10T11:00Z,FR,37.09
2024-01-10T12:00Z,FR,82.71
2024-01-10T13:00Z,FR,79.34
2024-01-10T14:00Z,FR,88.58
2024-01-10T15:00Z,FR,89.95
2024-01-10T16:00Z,FR,99.78
2024-01-10T17:00Z,FR,86.47
2024-01-10T18:00Z,FR,87.0
2024-01-10T19:00Z,FR,81.58
2024-01-10T20:00Z,FR,82.72
2024-01-10T21:00Z,FR,74.85
2024-01-10T22:00Z,FR,62.6
2024-01-10T23:00Z,FR,69.11
2024-01-11T00:00Z,FR,37.9
2024-01-11T01:00Z,FR,28.72
2024-01-11T02:00Z,FR,29.12
2024-01-11T03:00Z,FR,31.77
2024-01-11T04:00Z,FR,41.77
2024-01-11T05:00Z,FR,95.78
2024-01-11T06:00Z,FR,101.9
2024-01-11T07:00Z,FR,101.7
2024-01-11T08:00Z,FR,98.34
2024-01-11T09:00Z,FR,95.1
2024-01-11T10:00Z,FR,97.78
2024-01-11T11:00Z,FR,89.13
2024-01-11T12:00Z,FR,84.03
2024-01-11T13:00Z,FR,92.25
2024-01-11T14:00Z,FR,103.59
2024-01-11T15:00Z,FR,96.98
2024-01-11T16:00Z,FR,96.81
2024-01-11T17:00Z,FR,95.78
2024-01-11T18:00Z,FR,89.77
2024-01-11T19:00Z,FR,95.51
2024-01-11T20:00Z,FR,86.32
2024-01-11T21:00Z,FR,79.8
2024-01-11T22:00Z,FR,40.5
2024-01-11T23:00Z,FR,42.96
2024-01-12T00:00Z,FR,42.81
2024-01-12T01:00Z,FR,41.63
2024-01-12T02:00Z,FR,51.92
2024-01-12T03:00Z,FR,76.61
2024-01-12T04:00Z,FR,83.91
2024-01-12T05:00Z,FR,106.1
2024-01-12T06:00Z,FR,109.93
2024-01-12T07:00Z,FR,112.98
2024-01-12T08:00Z,FR,102.72
2024-01-12T09:00Z,FR,104.81
2024-01-12T10:00Z,FR,104.1
2024-01-12T11:00Z,FR,99.46
2024-01-12T12:00Z,FR,98.28
2024-01-12T13:00Z,FR,97.9
2024-01-12T14:00Z,FR,100.12
2024-01-12T15:00Z,FR,104.74
2024-01-12T16:00Z,FR,111.15
2024-01-12T17:00Z,FR,105.43
2024-01-12T18:00Z,FR,109.64
2024-01-12T19:00Z,FR,104.38
2024-01-12T20:00Z,FR,97.05
2024-01-12T21:00Z,FR,92.55
2024-01-12T22:00Z,FR,75.4
2024-01-12T23:00Z,FR,58.68
2024-01-13T00:00Z,FR,56.9
2024-01-13T01:00Z,FR,55.18
2024-01-13T02:00Z,FR,59.46
2024-01-13T03:00Z,FR,56.61
2024-01-13T04:00Z,FR,69.28
2024-01-13T05:00Z,FR,81.54
2024-01-13T06:00Z,FR,89.97
2024-01-13T07:00Z,FR,88.42
2024-01-13T08:00Z,FR,86.14
2024-01-13T09:00Z,FR,84.44
2024-01-13T10:00Z,FR,81.53
2024-01-13T11:00Z,FR,76.82
2024-01-13T12:00Z,FR,77.92
2024-01-13T13:00Z,FR,84.25
2024-01-13T14:00Z,FR,85.43
2024-01-13T15:00Z,FR,87.18
2024-01-13T16:00Z,FR,92.86
2024-01-13T17:00Z,FR,93.66
2024-01-13T18:00Z,FR,84.42
2024-01-13T19:00Z,FR,75.5
2024-01-13T20:00Z,FR,64.19
2024-01-13T21:00Z,FR,63.53
2024-01-13T22:00Z,FR,59.24
2024-01-13T23:00Z,FR,34.6
2024-01-14T00:00Z,FR,34.56
2024-01-14T01:00Z,FR,32.73
2024-01-14T02:00Z,FR,35.54
2024-01-14T03:00Z,FR,33.6
2024-01-14T04:00Z,FR,39.4
2024-01-14T05:00Z,FR,49.59
2024-01-14T06:00Z,FR,77.22
2024-01-14T07:00Z,FR,68.93
2024-01-14T08:00Z,FR,65.01
2024-01-14T09:00Z,FR,58.57
2024-01-14T10:00Z,FR,55.16
2024-01-14T11:00Z,FR,35.96
2024-01-14T12:00Z,FR,31.33
2024-01-14T13:00Z,FR,38.1
2024-01-14T14:00Z,FR,43.21
2024-01-14T15:00Z,FR,57.42
2024-01-14T16:00Z,FR,51.13
2024-01-14T17:00Z,FR,34.14
2024-01-14T18:00Z,FR,32.19
2024-01-14T19:00Z,FR,34.0
2024-01-14T20:00Z,FR,32.47
2024-01-14T21:00Z,FR,28.3
2024-01-14T22:00Z,FR,25.64
2024-01-14T23:00Z,FR,65.71
2024-01-15T00:00Z,FR,60.62
2024-01-15T01:00Z,FR,39.92
2024-01-15T02:00Z,FR,72.64
2024-01-15T03:00Z,FR,63.06
2024-01-15T04:00Z,FR,73.49
2024-01-15T05:00Z,FR,98.94
2024-01-15T06:00Z,FR,98.33
2024-01-15T07:00Z,FR,105.85
2024-01-15T08:00Z,FR,96.84
2024-01-15T09:00Z,FR,89.47
2024-01-15T10:00Z,FR,87.04
2024-01-15T11:00Z,FR,84.96
2024-01-15T12:00Z,FR,79.97
2024-01-15T13:00Z,FR,79.37
2024-01-15T14:00Z,FR,79.58
2024-01-15T15:00Z,FR,98.1
2024-01-15T16:00Z,FR,108.04
2024-01-15T17:00Z,FR,98.66
2024-01-15T18:00Z,FR,90.35
2024-01-15T19:00Z,FR,83.01
2024-01-15T20:00Z,FR,81.58
2024-01-15T21:00Z,FR,67.46
2024-01-15T22:00Z,FR,34.93
2024-01-15T23:00Z,FR,30.06
2024-01-16T00:00Z,FR,30.08
2024-01-16T01:00Z,FR,28.27
2024-01-16T02:00Z,FR,32.11
2024-01-16T03:00Z,FR,33.62
2024-01-16T04:00Z,FR,50.74
2024-01-16T05:00Z,FR,97.86
2024-01-16T06:00Z,FR,103.73
2024-01-16T07:00Z,FR,100.8
2024-01-16T08:00Z,FR,92.63
2024-01-16T09:00Z,FR,90.93
2024-01-16T10:00Z,FR,85.98
2024-01-16T11:00Z,FR,83.34
2024-01-16T12:00Z,FR,81.22
2024-01-16T13:00Z,FR,80.74
2024-01-16T14:00Z,FR,83.71
2024-01-16T15:00Z,FR,99.67
2024-01-16T16:00Z,FR,108.56
2024-01-16T17:00Z,FR,101.21
2024-01-16T18:00Z,FR,95.15
2024-01-16T19:00Z,FR,91.74
2024-01-16T20:00Z,FR,91.59
2024-01-16T21:00Z,FR,79.46
2024-01-16T22:00Z,FR,56.6
2024-01-16T23:00Z,FR,31.62
2024-01-17T00:00Z,FR,29.61
2024-01-17T01:00Z,FR,30.86
2024-01-17T02:00Z,FR,31.13
2024-01-17T03:00Z,FR,30.9
2024-01-17T04:00Z,FR,43.54
2024-01-17T05:00Z,FR,93.23
2024-01-17T06:00Z,FR,103.92
2024-01-17T07:00Z,FR,96.22
2024-01-17T08:00Z,FR,93.51
2024-01-17T09:00Z,FR,92.85
2024-01-17T10:00Z,FR,92.39
2024-01-17T11:00Z,FR,78.83
2024-01-17T12:00Z,FR,78.26
2024-01-17T13:00Z,FR,76.78
2024-01-17T14:00Z,FR,74.32
2024-01-17T15:00Z,FR,86.85
2024-01-17T16:00Z,FR,95.25
2024-01-17T17:00Z,FR,85.04
2024-01-17T18:00Z,FR,75.1
2024-01-17T19:00Z,FR,60.61
2024-01-17T20:00Z,FR,33.18
2024-01-17T21:00Z,FR,31.74
2024-01-17T22:00Z,FR,25.38
2024-01-17T23:00Z,FR,16.47
2024-01-18T00:00Z,FR,13.59
2024-01-18T01:00Z,FR,14.09
2024-01-18T02:00Z,FR,15.21
2024-01-18T03:00Z,FR,18.78
2024-01-18T04:00Z,FR,25.41
2024-01-18T05:00Z,FR,42.74
2024-01-18T06:00Z,FR,73.13
2024-01-18T07:00Z,FR,81.25
2024-01-18T08:00Z,FR,66.33
2024-01-18T09:00Z,FR,67.95
2024-01-18T10:00Z,FR,62.59
2024-01-18T11:00Z,FR,61.11
2024-01-18T12:00Z,FR,64.28
2024-01-18T13:00Z,FR,66.94
2024-01-18T14:00Z,FR,67.16
2024-01-18T15:00Z,FR,87.7
2024-01-18T16:00Z,FR,91.17
2024-01-18T17:00Z,FR,90.46
2024-01-18T18:00Z,FR,83.02
2024-01-18T19:00Z,FR,80.58
2024-01-18T20:00Z,FR,75.14
2024-01-18T21:00Z,FR,75.37
2024-01-18T22:00Z,FR,38.99
2024-01-18T23:00Z,FR,40.41
2024-01-19T00:00Z,FR,35.04
2024-01-19T01:00Z,FR,35.88
2024-01-19T02:00Z,FR,34.48
2024-01-19T03:00Z,FR,37.2
2024-01-19T04:00Z,FR,45.35
2024-01-19T05:00Z,FR,78.41
2024-01-19T06:00Z,FR,95.33
2024-01-19T07:00Z,FR,96.29
2024-01-19T08:00Z,FR,78.75
2024-01-19T09:00Z,FR,82.09
2024-01-19T10:00Z,FR,83.82
2024-01-19T11:00Z,FR,76.97
2024-01-19T12:00Z,FR,73.87
2024-01-19T13:00Z,FR,77.94
2024-01-19T14:00Z,FR,72.43
2024-01-19T15:00Z,FR,88.17
2024-01-19T16:00Z,FR,108.11
2024-01-19T17:00Z,FR,109.58
2024-01-19T18:00Z,FR,101.67
2024-01-19T19:00Z,FR,81.64
2024-01-19T20:00Z,FR,75.97
2024-01-19T21:00Z,FR,40.93
2024-01-19T22:00Z,FR,33.21
2024-01-19T23:00Z,FR,25.47
2024-01-20T00:00Z,FR,21.8
2024-01-20T01:00Z,FR,21.29
2024-01-20T02:00Z,FR,23.02
2024-01-20T03:00Z,FR,23.31
2024-01-20T04:00Z,FR,29.92
2024-01-20T05:00Z,FR,33.34
2024-01-20T06:00Z,FR,36.58
2024-01-20T07:00Z,FR,34.08
2024-01-20T08:00Z,FR,29.25
2024-01-20T09:00Z,FR,22.59
2024-01-20T10:00Z,FR,21.47
2024-01-20T11:00Z,FR,19.35
2024-01-20T12:00Z,FR,14.9
2024-01-20T13:00Z,FR,20.65
2024-01-20T14:00Z,FR,19.43
2024-01-20T15:00Z,FR,23.31
2024-01-20T16:00Z,FR,30.42
2024-01-20T17:00Z,FR,25.94
2024-01-20T18:00Z,FR,20.43
2024-01-20T19:00Z,FR,22.76
2024-01-20T20:00Z,FR,23.08
2024-01-20T21:00Z,FR,21.09
2024-01-20T22:00Z,FR,12.38
2024-01-20T23:00Z,FR,3.38
2024-01-21T00:00Z,FR,3.41
2024-01-21T01:00Z,FR,4.72
2024-01-21T02:00Z,FR,5.65
2024-01-21T03:00Z,FR,9.76
2024-01-21T04:00Z,FR,9.62
2024-01-21T05:00Z,FR,16.34
2024-01-21T06:00Z,FR,21.76
2024-01-21T07:00Z,FR,15.78
2024-01-21T08:00Z,FR,15.4
2024-01-21T09:00Z,FR,13.48
2024-01-21T10:00Z,FR,12.73
2024-01-21T11:00Z,FR,14.87
2024-01-21T12:00Z,FR,16.35
2024-01-21T13:00Z,FR,16.56
2024-01-21T14:00Z,FR,14.37
2024-01-21T15:00Z,FR,18.23
2024-01-21T16:00Z,FR,20.82
2024-01-21T17:00Z,FR,20.98
2024-01-21T18:00Z,FR,20.42
2024-01-21T19:00Z,FR,15.75
2024-01-21T20:00Z,FR,11.53
2024-01-21T21:00Z,FR,13.71
2024-01-21T22:00Z,FR,12.79
2024-01-21T23:00Z,FR,26.54
2024-01-22T00:00Z,FR,15.86
2024-01-22T01:00Z,FR,15.77
2024-01-22T02:00Z,FR,20.52
2024-01-22T03:00Z,FR,18.23
2024-01-22T04:00Z,FR,32.99
2024-01-22T05:00Z,FR,85.18
2024-01-22T06:00Z,FR,86.41
2024-01-22T07:00Z,FR,90.49
2024-01-22T08:00Z,FR,76.85
2024-01-22T09:00Z,FR,73.77
2024-01-22T10:00Z,FR,70.12
2024-01-22T11:00Z,FR,68.08
2024-01-22T12:00Z,FR,65.01
2024-01-22T13:00Z,FR,65.46
2024-01-22T14:00Z,FR,67.72
2024-01-22T15:00Z,FR,78.6
2024-01-22T16:00Z,FR,99.88
2024-01-22T17:00Z,FR,98.95
2024-01-22T18:00Z,FR,94.56
2024-01-22T19:00Z,FR,76.33
2024-01-22T20:00Z,FR,71.9
2024-01-22T21:00Z,FR,71.39
2024-01-22T22:00Z,FR,61.78
2024-01-22T23:00Z,FR,39.7
2024-01-23T00:00Z,FR,45.86
2024-01-23T01:00Z,FR,42.81
2024-01-23T02:00Z,FR,37.49
2024-01-23T03:00Z,FR,46.21
2024-01-23T04:00Z,FR,63.76
2024-01-23T05:00Z,FR,85.06
2024-01-23T06:00Z,FR,101.73
2024-01-23T07:00Z,FR,103.68
2024-01-23T08:00Z,FR,98.77
2024-01-23T09:00Z,FR,92.17
2024-01-23T10:00Z,FR,79.81
2024-01-23T11:00Z,FR,73.94
2024-01-23T12:00Z,FR,73.08
2024-01-23T13:00Z,FR,69.64
2024-01-23T14:00Z,FR,81.26
2024-01-23T15:00Z,FR,104.42
2024-01-23T16:00Z,FR,103.37
2024-01-23T17:00Z,FR,100.0
2024-01-23T18:00Z,FR,92.1
2024-01-23T19:00Z,FR,97.51
2024-01-23T20:00Z,FR,88.21
2024-01-23T21:00Z,FR,82.8
2024-01-23T22:00Z,FR,79.46
2024-01-23T23:00Z,FR,40.43
2024-01-24T00:00Z,FR,39.49
2024-01-24T01:00Z,FR,38.83
2024-01-24T02:00Z,FR,40.38
2024-01-24T03:00Z,FR,39.0
2024-01-24T04:00Z,FR,51.0
2024-01-24T05:00Z,FR,85.97
2024-01-24T06:00Z,FR,88.34
2024-01-24T07:00Z,FR,84.56
2024-01-24T08:00Z,FR,71.81
2024-01-24T09:00Z,FR,81.13
2024-01-24T10:00Z,FR,75.9
2024-01-24T11:00Z,FR,56.38
2024-01-24T12:00Z,FR,52.53
2024-01-24T13:00Z,FR,43.12
2024-01-24T14:00Z,FR,63.6
2024-01-24T15:00Z,FR,77.7
2024-01-24T16:00Z,FR,78.0
2024-01-24T17:00Z,FR,76.82
2024-01-24T18:00Z,FR,73.38
2024-01-24T19:00Z,FR,66.51
2024-01-24T20:00Z,FR,62.54
2024-01-24T21:00Z,FR,39.43
2024-01-24T22:00Z,FR,35.84
2024-01-24T23:00Z,FR,30.55
2024-01-25T00:00Z,FR,35.91
2024-01-25T01:00Z,FR,32.95
2024-01-25T02:00Z,FR,31.36
2024-01-25T03:00Z,FR,41.56
2024-01-25T04:00Z,FR,46.7
2024-01-25T05:00Z,FR,83.17
2024-01-25T06:00Z,FR,81.13
2024-01-25T07:00Z,FR,78.14
2024-01-25T08:00Z,FR,82.34
2024-01-25T09:00Z,FR,75.77
2024-01-25T10:00Z,FR,72.28
2024-01-25T11:00Z,FR,70.35
2024-01-25T12:00Z,FR,74.43
2024-01-25T13:00Z,FR,69.81
2024-01-25T14:00Z,FR,75.81
2024-01-25T15:00Z,FR,82.79
2024-01-25T16:00Z,FR,101.52
2024-01-25T17:00Z,FR,98.2
2024-01-25T18:00Z,FR,96.12
2024-01-25T19:00Z,FR,88.11
2024-01-25T20:00Z,FR,73.07
2024-01-25T21:00Z,FR,71.16
2024-01-25T22:00Z,FR,67.44
2024-01-25T23:00Z,FR,42.34
2024-01-26T00:00Z,FR,36.34
2024-01-26T01:00Z,FR,31.88
2024-01-26T02:00Z,FR,33.54
2024-01-26T03:00Z,FR,40.81
2024-01-26T04:00Z,FR,62.15
2024-01-26T05:00Z,FR,75.89
2024-01-26T06:00Z,FR,74.82
2024-01-26T07:00Z,FR,77.58
2024-01-26T08:00Z,FR,74.91
2024-01-26T09:00Z,FR,76.5
2024-01-26T10:00Z,FR,72.87
2024-01-26T11:00Z,FR,73.59
2024-01-26T12:00Z,FR,72.43
2024-01-26T13:00Z,FR,72.0
2024-01-26T14:00Z,FR,79.07
2024-01-26T15:00Z,FR,96.27
2024-01-26T16:00Z,FR,104.09
2024-01-26T17:00Z,FR,97.34
2024-01-26T18:00Z,FR,91.68
2024-01-26T19:00Z,FR,84.02
2024-01-26T20:00Z,FR,70.43
2024-01-26T21:00Z,FR,66.77
2024-01-26T22:00Z,FR,63.67
2024-01-26T23:00Z,FR,54.51
2024-01-27T00:00Z,FR,58.41
2024-01-27T01:00Z,FR,53.95
2024-01-27T02:00Z,FR,55.99
2024-01-27T03:00Z,FR,55.8
2024-01-27T04:00Z,FR,59.0
2024-01-27T05:00Z,FR,65.74
2024-01-27T06:00Z,FR,71.86
2024-01-27T07:00Z,FR,64.51
2024-01-27T08:00Z,FR,59.5
2024-01-27T09:00Z,FR,56.86
2024-01-27T10:00Z,FR,56.23
2024-01-27T11:00Z,FR,59.68
2024-01-27T12:00Z,FR,59.28
2024-01-27T13:00Z,FR,60.07
2024-01-27T14:00Z,FR,59.24
2024-01-27T15:00Z,FR,63.82
2024-01-27T16:00Z,FR,67.79
2024-01-27T17:00Z,FR,64.18
2024-01-27T18:00Z,FR,61.69
2024-01-27T19:00Z,FR,62.21
2024-01-27T20:00Z,FR,60.11
2024-01-27T21:00Z,FR,57.27
2024-01-27T22:00Z,FR,57.99
2024-01-27T23:00Z,FR,44.95
2024-01-28T00:00Z,FR,39.4
2024-01-28T01:00Z,FR,36.11
2024-01-28T02:00Z,FR,34.5
2024-01-28T03:00Z,FR,32.66
2024-01-28T04:00Z,FR,38.89
2024-01-28T05:00Z,FR,62.61
2024-01-28T06:00Z,FR,68.87
2024-01-28T07:00Z,FR,63.37
2024-01-28T08:00Z,FR,61.64
2024-01-28T09:00Z,FR,55.16
2024-01-28T10:00Z,FR,37.38
2024-01-28T11:00Z,FR,26.24
2024-01-28T12:00Z,FR,26.66
2024-01-28T13:00Z,FR,22.8
2024-01-28T14:00Z,FR,36.64
2024-01-28T15:00Z,FR,48.71
2024-01-28T16:00Z,FR,60.91
2024-01-28T17:00Z,FR,62.25
2024-01-28T18:00Z,FR,60.49
2024-01-28T19:00Z,FR,63.39
2024-01-28T20:00Z,FR,38.35
2024-01-28T21:00Z,FR,35.31
2024-01-28T22:00Z,FR,33.78
2024-01-28T23:00Z,FR,45.96
2024-01-29T00:00Z,FR,34.96
2024-01-29T01:00Z,FR,36.93
2024-01-29T02:00Z,FR,39.57
2024-01-29T03:00Z,FR,57.28
2024-01-29T04:00Z,FR,71.05
2024-01-29T05:00Z,FR,82.64
2024-01-29T06:00Z,FR,95.05
2024-01-29T07:00Z,FR,90.81
2024-01-29T08:00Z,FR,89.12
2024-01-29T09:00Z,FR,89.25
2024-01-29T10:00Z,FR,80.0
2024-01-29T11:00Z,FR,77.68
2024-01-29T12:00Z,FR,78.14
2024-01-29T13:00Z,FR,75.66
2024-01-29T14:00Z,FR,81.69
2024-01-29T15:00Z,FR,95.74
2024-01-29T16:00Z,FR,105.86
2024-01-29T17:00Z,FR,98.33
2024-01-29T18:00Z,FR,95.38
2024-01-29T19:00Z,FR,84.54
2024-01-29T20:00Z,FR,82.26
2024-01-29T21:00Z,FR,68.86
2024-01-29T22:00Z,FR,67.09
2024-01-29T23:00Z,FR,64.09
2024-01-30T00:00Z,FR,62.86
2024-01-30T01:00Z,FR,60.78
2024-01-30T02:00Z,FR,61.78
2024-01-30T03:00Z,FR,63.44
2024-01-30T04:00Z,FR,81.75
2024-01-30T05:00Z,FR,88.8
2024-01-30T06:00Z,FR,97.52
2024-01-30T07:00Z,FR,94.83
2024-01-30T08:00Z,FR,89.24
2024-01-30T09:00Z,FR,93.59
2024-01-30T10:00Z,FR,91.38
2024-01-30T11:00Z,FR,86.35
2024-01-30T12:00Z,FR,83.72
2024-01-30T13:00Z,FR,81.76
2024-01-30T14:00Z,FR,86.18
2024-01-30T15:00Z,FR,91.5
2024-01-30T16:00Z,FR,97.43
2024-01-30T17:00Z,FR,98.46
2024-01-30T18:00Z,FR,95.42
2024-01-30T19:00Z,FR,91.47
2024-01-30T20:00Z,FR,87.34
2024-01-30T21:00Z,FR,78.94
2024-01-30T22:00Z,FR,66.68
2024-01-30T23:00Z,FR,80.05
2024-01-31T00:00Z,FR,72.72
2024-01-31T01:00Z,FR,66.22
2024-01-31T02:00Z,FR,66.42
2024-01-31T03:00Z,FR,69.27
2024-01-31T04:00Z,FR,80.96
2024-01-31T05:00Z,FR,107.69
2024-01-31T06:00Z,FR,114.96
2024-01-31T07:00Z,FR,117.49
2024-01-31T08:00Z,FR,109.78
2024-01-31T09:00Z,FR,110.81
2024-01-31T10:00Z,FR,109.23
2024-01-31T11:00Z,FR,100.17
2024-01-31T12:00Z,FR,98.13
2024-01-31T13:00Z,FR,93.52
2024-01-31T14:00Z,FR,91.11
2024-01-31T15:00Z,FR,101.5
2024-01-31T16:00Z,FR,102.93
2024-01-31T17:00Z,FR,109.09
2024-01-31T18:00Z,FR,102.85
2024-01-31T19:00Z,FR,97.26
2024-01-31T20:00Z,FR,92.52
2024-01-31T21:00Z,FR,86.32
2024-01-31T22:00Z,FR,76.49
2024-01-31T23:00Z,FR,56.35
2024-02-01T00:00Z,FR,52.29
2024-02-01T01:00Z,FR,49.1
2024-02-01T02:00Z,FR,32.84
2024-02-01T03:00Z,FR,35.0
2024-02-01T04:00Z,FR,68.28
2024-02-01T05:00Z,FR,82.92
2024-02-01T06:00Z,FR,96.86
2024-02-01T07:00Z,FR,99.09
2024-02-01T08:00Z,FR,91.72
2024-02-01T09:00Z,FR,83.32
2024-02-01T10:00Z,FR,85.81
2024-02-01T11:00Z,FR,81.12
2024-02-01T12:00Z,FR,74.16
2024-02-01T13:00Z,FR,65.57
2024-02-01T14:00Z,FR,73.43
2024-02-01T15:00Z,FR,85.64
2024-02-01T16:00Z,FR,81.09
2024-02-01T17:00Z,FR,83.44
2024-02-01T18:00Z,FR,88.48
2024-02-01T19:00Z,FR,85.35
2024-02-01T20:00Z,FR,75.96
2024-02-01T21:00Z,FR,57.71
2024-02-01T22:00Z,FR,64.18
2024-02-01T23:00Z,FR,60.86
2024-02-02T00:00Z,FR,36.9
2024-02-02T01:00Z,FR,23.45
2024-02-02T02:00Z,FR,22.3
2024-02-02T03:00Z,FR,32.12
2024-02-02T04:00Z,FR,45.58
2024-02-02T05:00Z,FR,80.43
2024-02-02T06:00Z,FR,93.58
2024-02-02T07:00Z,FR,88.58
2024-02-02T08:00Z,FR,83.6
2024-02-02T09:00Z,FR,88.49
2024-02-02T10:00Z,FR,74.76
2024-02-02T11:00Z,FR,70.96
2024-02-02T12:00Z,FR,71.27
2024-02-02T13:00Z,FR,69.54
2024-02-02T14:00Z,FR,75.54
2024-02-02T15:00Z,FR,79.89
2024-02-02T16:00Z,FR,86.8
2024-02-02T17:00Z,FR,88.25
2024-02-02T18:00Z,FR,78.69
2024-02-02T19:00Z,FR,66.7
2024-02-02T20:00Z,FR,61.1
2024-02-02T21:00Z,FR,37.95
2024-02-02T22:00Z,FR,40.76
2024-02-02T23:00Z,FR,31.02
2024-02-03T00:00Z,FR,28.32
2024-02-03T01:00Z,FR,36.22
2024-02-03T02:00Z,FR,32.05
2024-02-03T03:00Z,FR,32.16
2024-02-03T04:00Z,FR,34.05
2024-02-03T05:00Z,FR,51.36
2024-02-03T06:00Z,FR,50.97
2024-02-03T07:00Z,FR,67.36
2024-02-03T08:00Z,FR,45.07
2024-02-03T09:00Z,FR,37.3
2024-02-03T10:00Z,FR,38.47
2024-02-03T11:00Z,FR,34.48
2024-02-03T12:00Z,FR,33.64
2024-02-03T13:00Z,FR,40.3
2024-02-03T14:00Z,FR,42.54
2024-02-03T15:00Z,FR,45.5
2024-02-03T16:00Z,FR,77.66
2024-02-03T17:00Z,FR,43.68
2024-02-03T18:00Z,FR,44.37
2024-02-03T19:00Z,FR,38.62
2024-02-03T20:00Z,FR,30.02
2024-02-03T21:00Z,FR,27.68
2024-02-03T22:00Z,FR,25.74
2024-02-03T23:00Z,FR,29.07
2024-02-04T00:00Z,FR,18.66
2024-02-04T01:00Z,FR,19.76
2024-02-04T02:00Z,FR,20.76
2024-02-04T03:00Z,FR,25.26
2024-02-04T04:00Z,FR,22.78
2024-02-04T05:00Z,FR,34.31
2024-02-04T06:00Z,FR,33.62
2024-02-04T07:00Z,FR,37.54
2024-02-04T08:00Z,FR,27.75
2024-02-04T09:00Z,FR,29.27
2024-02-04T10:00Z,FR,25.75
2024-02-04T11:00Z,FR,21.45
2024-02-04T12:00Z,FR,20.84
2024-02-04T13:00Z,FR,22.34
2024-02-04T14:00Z,FR,23.5
2024-02-04T15:00Z,FR,32.63
2024-02-04T16:00Z,FR,37.12
2024-02-04T17:00Z,FR,38.67
2024-02-04T18:00Z,FR,31.69
2024-02-04T19:00Z,FR,33.05
2024-02-04T20:00Z,FR,27.04
2024-02-04T21:00Z,FR,26.16
2024-02-04T22:00Z,FR,21.84
2024-02-04T23:00Z,FR,49.61
2024-02-05T00:00Z,FR,33.71
2024-02-05T01:00Z,FR,31.43
2024-02-05T02:00Z,FR,43.53
2024-02-05T03:00Z,FR,45.57
2024-02-05T04:00Z,FR,65.94
2024-02-05T05:00Z,FR,82.07
2024-02-05T06:00Z,FR,84.24
2024-02-05T07:00Z,FR,82.43
2024-02-05T08:00Z,FR,80.88
2024-02-05T09:00Z,FR,88.59
2024-02-05T10:00Z,FR,84.34
2024-02-05T11:00Z,FR,85.59
2024-02-05T12:00Z,FR,82.16
2024-02-05T13:00Z,FR,82.03
2024-02-05T14:00Z,FR,82.38
2024-02-05T15:00Z,FR,87.87
2024-02-05T16:00Z,FR,100.46
2024-02-05T17:00Z,FR,99.15
2024-02-05T18:00Z,FR,91.52
2024-02-05T19:00Z,FR,84.57
2024-02-05T20:00Z,FR,77.07
2024-02-05T21:00Z,FR,78.29
2024-02-05T22:00Z,FR,76.5
2024-02-05T23:00Z,FR,61.65
2024-02-06T00:00Z,FR,56.07
2024-02-06T01:00Z,FR,52.38
2024-02-06T02:00Z,FR,34.96
2024-02-06T03:00Z,FR,38.02
2024-02-06T04:00Z,FR,69.28
2024-02-06T05:00Z,FR,78.93
2024-02-06T06:00Z,FR,86.07
2024-02-06T07:00Z,FR,79.38
2024-02-06T08:00Z,FR,86.78
2024-02-06T09:00Z,FR,83.71
2024-02-06T10:00Z,FR,81.23
2024-02-06T11:00Z,FR,80.97
2024-02-06T12:00Z,FR,76.4
2024-02-06T13:00Z,FR,76.81
2024-02-06T14:00Z,FR,82.13
2024-02-06T15:00Z,FR,100.1
2024-02-06T16:00Z,FR,97.66
2024-02-06T17:00Z,FR,97.13
2024-02-06T18:00Z,FR,95.9
2024-02-06T19:00Z,FR,89.68
2024-02-06T20:00Z,FR,83.18
2024-02-06T21:00Z,FR,74.38
2024-02-06T22:00Z,FR,66.07
2024-02-06T23:00Z,FR,51.47
2024-02-07T00:00Z,FR,46.83
2024-02-07T01:00Z,FR,48.74
2024-02-07T02:00Z,FR,47.23
2024-02-07T03:00Z,FR,56.58
2024-02-07T04:00Z,FR,62.75
2024-02-07T05:00Z,FR,84.77
2024-02-07T06:00Z,FR,93.57
2024-02-07T07:00Z,FR,93.73
2024-02-07T08:00Z,FR,89.23
2024-02-07T09:00Z,FR,92.37
2024-02-07T10:00Z,FR,90.98
2024-02-07T11:00Z,FR,85.52
2024-02-07T12:00Z,FR,85.65
2024-02-07T13:00Z,FR,83.46
2024-02-07T14:00Z,FR,87.22
2024-02-07T15:00Z,FR,90.12
2024-02-07T16:00Z,FR,102.5
2024-02-07T17:00Z,FR,104.81
2024-02-07T18:00Z,FR,96.38
2024-02-07T19:00Z,FR,89.57
2024-02-07T20:00Z,FR,89.48
2024-02-07T21:00Z,FR,75.1
2024-02-07T22:00Z,FR,64.73
2024-02-07T23:00Z,FR,62.34
2024-02-08T00:00Z,FR,60.59
2024-02-08T01:00Z,FR,58.01
2024-02-08T02:00Z,FR,44.59
2024-02-08T03:00Z,FR,43.12
2024-02-08T04:00Z,FR,68.19
2024-02-08T05:00Z,FR,76.55
2024-02-08T06:00Z,FR,95.34
2024-02-08T07:00Z,FR,88.61
2024-02-08T08:00Z,FR,87.48
2024-02-08T09:00Z,FR,85.78
2024-02-08T10:00Z,FR,82.26
2024-02-08T11:00Z,FR,93.82
2024-02-08T12:00Z,FR,86.97
2024-02-08T13:00Z,FR,87.26
2024-02-08T14:00Z,FR,89.97
2024-02-08T15:00Z,FR,95.59
2024-02-08T16:00Z,FR,102.61
2024-02-08T17:00Z,FR,96.69
2024-02-08T18:00Z,FR,85.08
2024-02-08T19:00Z,FR,89.03
2024-02-08T20:00Z,FR,82.45
2024-02-08T21:00Z,FR,70.51
2024-02-08T22:00Z,FR,45.07
2024-02-08T23:00Z,FR,43.84
2024-02-09T00:00Z,FR,28.43
2024-02-09T01:00Z,FR,29.31
2024-02-09T02:00Z,FR,32.31
2024-02-09T03:00Z,FR,44.96
2024-02-09T04:00Z,FR,59.36
2024-02-09T05:00Z,FR,67.37
2024-02-09T06:00Z,FR,63.94
2024-02-09T07:00Z,FR,55.8
2024-02-09T08:00Z,FR,60.27
2024-02-09T09:00Z,FR,49.3
2024-02-09T10:00Z,FR,54.21
2024-02-09T11:00Z,FR,50.98
2024-02-09T12:00Z,FR,46.58
2024-02-09T13:00Z,FR,39.66
2024-02-09T14:00Z,FR,36.1
2024-02-09T15:00Z,FR,57.41
2024-02-09T16:00Z,FR,67.25
2024-02-09T17:00Z,FR,74.78
2024-02-09T18:00Z,FR,65.56
2024-02-09T19:00Z,FR,61.29
2024-02-09T20:00Z,FR,49.87
2024-02-09T21:00Z,FR,35.84
2024-02-09T22:00Z,FR,29.27
2024-02-09T23:00Z,FR,30.41
2024-02-10T00:00Z,FR,27.3
2024-02-10T01:00Z,FR,18.66
2024-02-10T02:00Z,FR,26.13
2024-02-10T03:00Z,FR,22.6
2024-02-10T04:00Z,FR,39.63
2024-02-10T05:00Z,FR,53.99
2024-02-10T06:00Z,FR,60.21
2024-02-10T07:00Z,FR,62.71
2024-02-10T08:00Z,FR,37.8
2024-02-10T09:00Z,FR,35.22
2024-02-10T10:00Z,FR,33.34
2024-02-10T11:00Z,FR,27.68
2024-02-10T12:00Z,FR,37.79
2024-02-10T13:00Z,FR,37.76
2024-02-10T14:00Z,FR,67.73
2024-02-10T15:00Z,FR,60.27
2024-02-10T16:00Z,FR,72.72
2024-02-10T17:00Z,FR,89.81
2024-02-10T18:00Z,FR,76.26
2024-02-10T19:00Z,FR,69.96
2024-02-10T20:00Z,FR,65.4
2024-02-10T21:00Z,FR,67.46
2024-02-10T22:00Z,FR,58.6
2024-02-10T23:00Z,FR,31.14
2024-02-11T00:00Z,FR,30.52
2024-02-11T01:00Z,FR,21.3
2024-02-11T02:00Z,FR,26.92
2024-02-11T03:00Z,FR,28.86
2024-02-11T04:00Z,FR,36.39
2024-02-11T05:00Z,FR,37.01
2024-02-11T06:00Z,FR,37.07
2024-02-11T07:00Z,FR,27.91
2024-02-11T08:00Z,FR,20.45
2024-02-11T09:00Z,FR,19.84
2024-02-11T10:00Z,FR,14.62
2024-02-11T11:00Z,FR,16.19
2024-02-11T12:00Z,FR,23.89
2024-02-11T13:00Z,FR,18.63
2024-02-11T14:00Z,FR,22.15
2024-02-11T15:00Z,FR,45.28
2024-02-11T16:00Z,FR,58.36
2024-02-11T17:00Z,FR,51.94
2024-02-11T18:00Z,FR,42.98
2024-02-11T19:00Z,FR,52.4
2024-02-11T20:00Z,FR,44.38
2024-02-11T21:00Z,FR,32.67
2024-02-11T22:00Z,FR,18.46
2024-02-11T23:00Z,FR,35.16
2024-02-12T00:00Z,FR,24.51
2024-02-12T01:00Z,FR,17.31
2024-02-12T02:00Z,FR,17.66
2024-02-12T03:00Z,FR,15.15
2024-02-12T04:00Z,FR,34.48
2024-02-12T05:00Z,FR,45.36
2024-02-12T06:00Z,FR,67.1
2024-02-12T07:00Z,FR,71.55
2024-02-12T08:00Z,FR,53.62
2024-02-12T09:00Z,FR,37.67
2024-02-12T10:00Z,FR,35.94
2024-02-12T11:00Z,FR,39.11
2024-02-12T12:00Z,FR,38.8
2024-02-12T13:00Z,FR,34.92
2024-02-12T14:00Z,FR,40.58
2024-02-12T15:00Z,FR,63.11
2024-02-12T16:00Z,FR,82.79
2024-02-12T17:00Z,FR,73.52
2024-02-12T18:00Z,FR,69.42
2024-02-12T19:00Z,FR,71.56
2024-02-12T20:00Z,FR,59.49
2024-02-12T21:00Z,FR,39.72
2024-02-12T22:00Z,FR,35.64
2024-02-12T23:00Z,FR,26.3
2024-02-13T00:00Z,FR,22.74
2024-02-13T01:00Z,FR,20.74
2024-02-13T02:00Z,FR,24.68
2024-02-13T03:00Z,FR,25.64
2024-02-13T04:00Z,FR,38.41
2024-02-13T05:00Z,FR,44.25
2024-02-13T06:00Z,FR,44.73
2024-02-13T07:00Z,FR,59.4
2024-02-13T08:00Z,FR,40.71
2024-02-13T09:00Z,FR,44.41
2024-02-13T10:00Z,FR,41.49
2024-02-13T11:00Z,FR,38.55
2024-02-13T12:00Z,FR,38.43
2024-02-13T13:00Z,FR,39.12
2024-02-13T14:00Z,FR,38.93
2024-02-13T15:00Z,FR,69.89
2024-02-13T16:00Z,FR,82.15
2024-02-13T17:00Z,FR,73.88
2024-02-13T18:00Z,FR,71.77
2024-02-13T19:00Z,FR,68.19
2024-02-13T20:00Z,FR,58.71
2024-02-13T21:00Z,FR,55.54
2024-02-13T22:00Z,FR,39.2
2024-02-13T23:00Z,FR,38.07
2024-02-14T00:00Z,FR,40.45
2024-02-14T01:00Z,FR,40.04
2024-02-14T02:00Z,FR,44.9
2024-02-14T03:00Z,FR,43.37
2024-02-14T04:00Z,FR,63.04
2024-02-14T05:00Z,FR,66.33
2024-02-14T06:00Z,FR,77.43
2024-02-14T07:00Z,FR,82.42
2024-02-14T08:00Z,FR,75.98
2024-02-14T09:00Z,FR,70.31
2024-02-14T10:00Z,FR,76.57
2024-02-14T11:00Z,FR,71.78
2024-02-14T12:00Z,FR,66.88
2024-02-14T13:00Z,FR,86.59
2024-02-14T14:00Z,FR,87.81
2024-02-14T15:00Z,FR,93.11
2024-02-14T16:00Z,FR,94.57
2024-02-14T17:00Z,FR,87.26
2024-02-14T18:00Z,FR,87.06
2024-02-14T19:00Z,FR,83.94
2024-02-14T20:00Z,FR,76.54
2024-02-14T21:00Z,FR,68.5
2024-02-14T22:00Z,FR,60.55
2024-02-14T23:00Z,FR,60.05
2024-02-15T00:00Z,FR,54.48
2024-02-15T01:00Z,FR,52.84
2024-02-15T02:00Z,FR,54.46
2024-02-15T03:00Z,FR,58.08
2024-02-15T04:00Z,FR,71.81
2024-02-15T05:00Z,FR,89.23
2024-02-15T06:00Z,FR,95.84
2024-02-15T07:00Z,FR,86.45
2024-02-15T08:00Z,FR,86.11
2024-02-15T09:00Z,FR,84.9
2024-02-15T10:00Z,FR,82.46
2024-02-15T11:00Z,FR,81.14
2024-02-15T12:00Z,FR,80.73
2024-02-15T13:00Z,FR,86.52
2024-02-15T14:00Z,FR,82.61
2024-02-15T15:00Z,FR,86.81
2024-02-15T16:00Z,FR,87.32
2024-02-15T17:00Z,FR,85.13
2024-02-15T18:00Z,FR,81.74
2024-02-15T19:00Z,FR,76.88
2024-02-15T20:00Z,FR,73.36
2024-02-15T21:00Z,FR,58.06
2024-02-15T22:00Z,FR,53.15
2024-02-15T23:00Z,FR,47.73
2024-02-16T00:00Z,FR,33.57
2024-02-16T01:00Z,FR,26.39
2024-02-16T02:00Z,FR,28.1
2024-02-16T03:00Z,FR,36.99
2024-02-16T04:00Z,FR,59.17
2024-02-16T05:00Z,FR,85.16
2024-02-16T06:00Z,FR,96.55
2024-02-16T07:00Z,FR,94.29
2024-02-16T08:00Z,FR,91.13
2024-02-16T09:00Z,FR,83.68
2024-02-16T10:00Z,FR,86.31
2024-02-16T11:00Z,FR,83.58
2024-02-16T12:00Z,FR,86.17
2024-02-16T13:00Z,FR,88.26
2024-02-16T14:00Z,FR,93.05
2024-02-16T15:00Z,FR,101.33
2024-02-16T16:00Z,FR,106.64
2024-02-16T17:00Z,FR,98.78
2024-02-16T18:00Z,FR,92.01
2024-02-16T19:00Z,FR,86.44
2024-02-16T20:00Z,FR,81.68
2024-02-16T21:00Z,FR,64.97
2024-02-16T22:00Z,FR,60.52
2024-02-16T23:00Z,FR,53.65
2024-02-17T00:00Z,FR,52.0
2024-02-17T01:00Z,FR,55.05
2024-02-17T02:00Z,FR,50.39
2024-02-17T03:00Z,FR,53.19
2024-02-17T04:00Z,FR,60.18
2024-02-17T05:00Z,FR,65.28
2024-02-17T06:00Z,FR,67.27
2024-02-17T07:00Z,FR,62.83
2024-02-17T08:00Z,FR,61.76
2024-02-17T09:00Z,FR,60.86
2024-02-17T10:00Z,FR,60.71
2024-02-17T11:00Z,FR,59.52
2024-02-17T12:00Z,FR,59.2
2024-02-17T13:00Z,FR,62.1
2024-02-17T14:00Z,FR,63.49
2024-02-17T15:00Z,FR,67.78
2024-02-17T16:00Z,FR,76.74
2024-02-17T17:00Z,FR,78.08
2024-02-17T18:00Z,FR,70.84
2024-02-17T19:00Z,FR,69.75
2024-02-17T20:00Z,FR,68.13
2024-02-17T21:00Z,FR,63.37
2024-02-17T22:00Z,FR,57.16
2024-02-17T23:00Z,FR,42.77
2024-02-18T00:00Z,FR,45.06
2024-02-18T01:00Z,FR,37.81
2024-02-18T02:00Z,FR,44.28
2024-02-18T03:00Z,FR,46.01
2024-02-18T04:00Z,FR,54.22
2024-02-18T05:00Z,FR,60.67
2024-02-18T06:00Z,FR,53.01
2024-02-18T07:00Z,FR,39.86
2024-02-18T08:00Z,FR,37.97
2024-02-18T09:00Z,FR,37.87
2024-02-18T10:00Z,FR,33.74
2024-02-18T11:00Z,FR,31.51
2024-02-18T12:00Z,FR,30.25
2024-02-18T13:00Z,FR,31.52
2024-02-18T14:00Z,FR,34.8
2024-02-18T15:00Z,FR,34.11
2024-02-18T16:00Z,FR,39.87
2024-02-18T17:00Z,FR,35.57
2024-02-18T18:00Z,FR,33.05
2024-02-18T19:00Z,FR,28.32
2024-02-18T20:00Z,FR,28.7
2024-02-18T21:00Z,FR,37.44
2024-02-18T22:00Z,FR,34.88
2024-02-18T23:00Z,FR,59.48
2024-02-19T00:00Z,FR,42.04
2024-02-19T01:00Z,FR,30.55
2024-02-19T02:00Z,FR,24.74
2024-02-19T03:00Z,FR,33.27
2024-02-19T04:00Z,FR,40.66
2024-02-19T05:00Z,FR,69.3
2024-02-19T06:00Z,FR,78.29
2024-02-19T07:00Z,FR,68.89
2024-02-19T08:00Z,FR,65.45
2024-02-19T09:00Z,FR,55.3
2024-02-19T10:00Z,FR,38.74
2024-02-19T11:00Z,FR,36.71
2024-02-19T12:00Z,FR,35.41
2024-02-19T13:00Z,FR,29.9
2024-02-19T14:00Z,FR,36.82
2024-02-19T15:00Z,FR,64.51
2024-02-19T16:00Z,FR,80.85
2024-02-19T17:00Z,FR,75.38
2024-02-19T18:00Z,FR,70.27
2024-02-19T19:00Z,FR,65.17
2024-02-19T20:00Z,FR,59.2
2024-02-19T21:00Z,FR,36.06
2024-02-19T22:00Z,FR,35.76
2024-02-19T23:00Z,FR,33.95
2024-02-20T00:00Z,FR,29.21
2024-02-20T01:00Z,FR,28.97
2024-02-20T02:00Z,FR,30.37
2024-02-20T03:00Z,FR,29.3
2024-02-20T04:00Z,FR,30.9
2024-02-20T05:00Z,FR,47.13
2024-02-20T06:00Z,FR,76.91
2024-02-20T07:00Z,FR,68.0
2024-02-20T08:00Z,FR,61.97
2024-02-20T09:00Z,FR,55.47
2024-02-20T10:00Z,FR,41.57
2024-02-20T11:00Z,FR,35.44
2024-02-20T12:00Z,FR,30.67
2024-02-20T13:00Z,FR,36.64
2024-02-20T14:00Z,FR,36.69
2024-02-20T15:00Z,FR,53.54
2024-02-20T16:00Z,FR,70.71
2024-02-20T17:00Z,FR,67.57
2024-02-20T18:00Z,FR,48.38
2024-02-20T19:00Z,FR,53.52
2024-02-20T20:00Z,FR,52.99
2024-02-20T21:00Z,FR,31.96
2024-02-20T22:00Z,FR,28.62
2024-02-20T23:00Z,FR,32.01
2024-02-21T00:00Z,FR,25.36
2024-02-21T01:00Z,FR,19.72
2024-02-21T02:00Z,FR,17.48
2024-02-21T03:00Z,FR,17.05
2024-02-21T04:00Z,FR,38.05
2024-02-21T05:00Z,FR,47.93
2024-02-21T06:00Z,FR,68.82
2024-02-21T07:00Z,FR,66.05
2024-02-21T08:00Z,FR,59.68
2024-02-21T09:00Z,FR,65.15
2024-02-21T10:00Z,FR,57.0
2024-02-21T11:00Z,FR,47.56
2024-02-21T12:00Z,FR,42.38
2024-02-21T13:00Z,FR,47.96
2024-02-21T14:00Z,FR,32.91
2024-02-21T15:00Z,FR,79.26
2024-02-21T16:00Z,FR,83.59
2024-02-21T17:00Z,FR,78.84
2024-02-21T18:00Z,FR,75.75
2024-02-21T19:00Z,FR,67.75
2024-02-21T20:00Z,FR,64.23
2024-02-21T21:00Z,FR,60.18
2024-02-21T22:00Z,FR,52.75
2024-02-21T23:00Z,FR,46.72
2024-02-22T00:00Z,FR,40.74
2024-02-22T01:00Z,FR,46.45
2024-02-22T02:00Z,FR,40.34
2024-02-22T03:00Z,FR,41.75
2024-02-22T04:00Z,FR,46.8
2024-02-22T05:00Z,FR,66.4
2024-02-22T06:00Z,FR,72.7
2024-02-22T07:00Z,FR,67.36
2024-02-22T08:00Z,FR,63.44
2024-02-22T09:00Z,FR,58.34
2024-02-22T10:00Z,FR,42.15
2024-02-22T11:00Z,FR,36.87
2024-02-22T12:00Z,FR,42.48
2024-02-22T13:00Z,FR,37.51
2024-02-22T14:00Z,FR,36.53
2024-02-22T15:00Z,FR,63.03
2024-02-22T16:00Z,FR,84.72
2024-02-22T17:00Z,FR,79.06
2024-02-22T18:00Z,FR,67.18
2024-02-22T19:00Z,FR,60.73
2024-02-22T20:00Z,FR,40.47
2024-02-22T21:00Z,FR,28.9
2024-02-22T22:00Z,FR,21.59
2024-02-22T23:00Z,FR,15.6
2024-02-23T00:00Z,FR,11.95
2024-02-23T01:00Z,FR,6.77
2024-02-23T02:00Z,FR,8.06
2024-02-23T03:00Z,FR,9.67
2024-02-23T04:00Z,FR,21.11
2024-02-23T05:00Z,FR,42.7
2024-02-23T06:00Z,FR,58.53
2024-02-23T07:00Z,FR,58.56
2024-02-23T08:00Z,FR,54.88
2024-02-23T09:00Z,FR,45.31
2024-02-23T10:00Z,FR,39.03
2024-02-23T11:00Z,FR,29.91
2024-02-23T12:00Z,FR,32.82
2024-02-23T13:00Z,FR,33.47
2024-02-23T14:00Z,FR,41.21
2024-02-23T15:00Z,FR,49.67
2024-02-23T16:00Z,FR,71.37
2024-02-23T17:00Z,FR,70.18
2024-02-23T18:00Z,FR,59.8
2024-02-23T19:00Z,FR,40.62
2024-02-23T20:00Z,FR,36.07
2024-02-23T21:00Z,FR,31.58
2024-02-23T22:00Z,FR,26.56
2024-02-23T23:00Z,FR,14.44
2024-02-24T00:00Z,FR,18.06
2024-02-24T01:00Z,FR,16.01
2024-02-24T02:00Z,FR,17.37
2024-02-24T03:00Z,FR,15.33
2024-02-24T04:00Z,FR,19.9
2024-02-24T05:00Z,FR,23.85
2024-02-24T06:00Z,FR,27.46
2024-02-24T07:00Z,FR,21.47
2024-02-24T08:00Z,FR,22.07
2024-02-24T09:00Z,FR,20.04
2024-02-24T10:00Z,FR,17.2
2024-02-24T11:00Z,FR,16.93
2024-02-24T12:00Z,FR,13.15
2024-02-24T13:00Z,FR,12.49
2024-02-24T14:00Z,FR,10.58
2024-02-24T15:00Z,FR,13.8
2024-02-24T16:00Z,FR,19.82
2024-02-24T17:00Z,FR,14.22
2024-02-24T18:00Z,FR,19.18
2024-02-24T19:00Z,FR,12.42
2024-02-24T20:00Z,FR,18.72
2024-02-24T21:00Z,FR,13.89
2024-02-24T22:00Z,FR,12.92
2024-02-24T23:00Z,FR,3.22
2024-02-25T00:00Z,FR,0.05
2024-02-25T01:00Z,FR,3.51
2024-02-25T02:00Z,FR,5.06
2024-02-25T03:00Z,FR,4.3
2024-02-25T04:00Z,FR,15.66
2024-02-25T05:00Z,FR,14.77
2024-02-25T06:00Z,FR,21.3
2024-02-25T07:00Z,FR,14.51
2024-02-25T08:00Z,FR,13.92
2024-02-25T09:00Z,FR,13.43
2024-02-25T10:00Z,FR,11.17
2024-02-25T11:00Z,FR,1.98
2024-02-25T12:00Z,FR,11.11
2024-02-25T13:00Z,FR,14.84
2024-02-25T14:00Z,FR,13.87
2024-02-25T15:00Z,FR,22.43
2024-02-25T16:00Z,FR,24.94
2024-02-25T17:00Z,FR,23.06
2024-02-25T18:00Z,FR,39.84
2024-02-25T19:00Z,FR,40.01
2024-02-25T20:00Z,FR,35.13
2024-02-25T21:00Z,FR,23.51
2024-02-25T22:00Z,FR,31.44
2024-02-25T23:00Z,FR,49.49
2024-02-26T00:00Z,FR,42.96
2024-02-26T01:00Z,FR,32.49
2024-02-26T02:00Z,FR,24.86
2024-02-26T03:00Z,FR,26.36
2024-02-26T04:00Z,FR,40.19
2024-02-26T05:00Z,FR,70.41
2024-02-26T06:00Z,FR,80.32
2024-02-26T07:00Z,FR,75.44
2024-02-26T08:00Z,FR,70.51
2024-02-26T09:00Z,FR,68.96
2024-02-26T10:00Z,FR,70.4
2024-02-26T11:00Z,FR,59.12
2024-02-26T12:00Z,FR,50.22
2024-02-26T13:00Z,FR,60.37
2024-02-26T14:00Z,FR,58.85
2024-02-26T15:00Z,FR,56.55
2024-02-26T16:00Z,FR,66.27
2024-02-26T17:00Z,FR,79.31
2024-02-26T18:00Z,FR,73.48
2024-02-26T19:00Z,FR,65.71
2024-02-26T20:00Z,FR,56.17
2024-02-26T21:00Z,FR,48.91
2024-02-26T22:00Z,FR,47.12
2024-02-26T23:00Z,FR,45.9
2024-02-27T00:00Z,FR,44.65
2024-02-27T01:00Z,FR,39.21
2024-02-27T02:00Z,FR,38.05
2024-02-27T03:00Z,FR,35.95
2024-02-27T04:00Z,FR,46.06
2024-02-27T05:00Z,FR,73.0
2024-02-27T06:00Z,FR,82.71
2024-02-27T07:00Z,FR,64.5
2024-02-27T08:00Z,FR,60.6
2024-02-27T09:00Z,FR,66.64
2024-02-27T10:00Z,FR,60.28
2024-02-27T11:00Z,FR,60.4
2024-02-27T12:00Z,FR,57.51
2024-02-27T13:00Z,FR,53.63
2024-02-27T14:00Z,FR,57.26
2024-02-27T15:00Z,FR,67.0
2024-02-27T16:00Z,FR,86.13
2024-02-27T17:00Z,FR,79.33
2024-02-27T18:00Z,FR,79.38
2024-02-27T19:00Z,FR,75.15
2024-02-27T20:00Z,FR,69.3
2024-02-27T21:00Z,FR,58.79
2024-02-27T22:00Z,FR,53.77
2024-02-27T23:00Z,FR,39.8
2024-02-28T00:00Z,FR,31.3
2024-02-28T01:00Z,FR,29.29
2024-02-28T02:00Z,FR,31.01
2024-02-28T03:00Z,FR,31.82
2024-02-28T04:00Z,FR,45.35
2024-02-28T05:00Z,FR,68.69
2024-02-28T06:00Z,FR,76.05
2024-02-28T07:00Z,FR,60.29
2024-02-28T08:00Z,FR,59.59
2024-02-28T09:00Z,FR,57.75
2024-02-28T10:00Z,FR,56.22
2024-02-28T11:00Z,FR,54.23
2024-02-28T12:00Z,FR,55.59
2024-02-28T13:00Z,FR,58.01
2024-02-28T14:00Z,FR,55.37
2024-02-28T15:00Z,FR,69.29
2024-02-28T16:00Z,FR,82.03
2024-02-28T17:00Z,FR,74.46
2024-02-28T18:00Z,FR,69.28
2024-02-28T19:00Z,FR,57.02
2024-02-28T20:00Z,FR,56.8
2024-02-28T21:00Z,FR,54.22
2024-02-28T22:00Z,FR,52.62
2024-02-28T23:00Z,FR,50.35
2024-02-29T00:00Z,FR,49.8
2024-02-29T01:00Z,FR,37.3
2024-02-29T02:00Z,FR,35.9
2024-02-29T03:00Z,FR,41.33
2024-02-29T04:00Z,FR,65.69
2024-02-29T05:00Z,FR,73.31
2024-02-29T06:00Z,FR,83.87
2024-02-29T07:00Z,FR,79.83
2024-02-29T08:00Z,FR,79.56
2024-02-29T09:00Z,FR,77.41
2024-02-29T10:00Z,FR,76.13
2024-02-29T11:00Z,FR,76.04
2024-02-29T12:00Z,FR,75.86
2024-02-29T13:00Z,FR,79.02
2024-02-29T14:00Z,FR,77.02
2024-02-29T15:00Z,FR,80.88
2024-02-29T16:00Z,FR,87.25
2024-02-29T17:00Z,FR,83.65
2024-02-29T18:00Z,FR,78.75
2024-02-29T19:00Z,FR,76.04
2024-02-29T20:00Z,FR,75.42
2024-02-29T21:00Z,FR,66.9
2024-02-29T22:00Z,FR,60.36
2024-02-29T23:00Z,FR,48.44
2024-03-01T00:00Z,FR,38.24
2024-03-01T01:00Z,FR,33.01
2024-03-01T02:00Z,FR,32.42
2024-03-01T03:00Z,FR,36.45
2024-03-01T04:00Z,FR,55.54
2024-03-01T05:00Z,FR,64.53
2024-03-01T06:00Z,FR,80.13
2024-03-01T07:00Z,FR,70.99
2024-03-01T08:00Z,FR,66.67
2024-03-01T09:00Z,FR,68.75
2024-03-01T10:00Z,FR,62.65
2024-03-01T11:00Z,FR,65.7
2024-03-01T12:00Z,FR,61.72
2024-03-01T13:00Z,FR,65.61
2024-03-01T14:00Z,FR,69.93
2024-03-01T15:00Z,FR,79.16
2024-03-01T16:00Z,FR,80.85
2024-03-01T17:00Z,FR,76.1
2024-03-01T18:00Z,FR,72.53
2024-03-01T19:00Z,FR,64.37
2024-03-01T20:00Z,FR,60.17
2024-03-01T21:00Z,FR,53.31
2024-03-01T22:00Z,FR,49.01
2024-03-01T23:00Z,FR,48.35
2024-03-02T00:00Z,FR,37.18
2024-03-02T01:00Z,FR,35.4
2024-03-02T02:00Z,FR,33.87
2024-03-02T03:00Z,FR,36.43
2024-03-02T04:00Z,FR,40.59
2024-03-02T05:00Z,FR,57.7
2024-03-02T06:00Z,FR,60.21
2024-03-02T07:00Z,FR,55.18
2024-03-02T08:00Z,FR,54.31
2024-03-02T09:00Z,FR,52.31
2024-03-02T10:00Z,FR,49.94
2024-03-02T11:00Z,FR,31.83
2024-03-02T12:00Z,FR,29.06
2024-03-02T13:00Z,FR,30.79
2024-03-02T14:00Z,FR,53.07
2024-03-02T15:00Z,FR,55.41
2024-03-02T16:00Z,FR,68.09
2024-03-02T17:00Z,FR,63.44
2024-03-02T18:00Z,FR,62.69
2024-03-02T19:00Z,FR,61.48
2024-03-02T20:00Z,FR,59.73
2024-03-02T21:00Z,FR,54.55
2024-03-02T22:00Z,FR,53.28
2024-03-02T23:00Z,FR,37.41
2024-03-03T00:00Z,FR,33.78
2024-03-03T01:00Z,FR,31.15
2024-03-03T02:00Z,FR,34.03
2024-03-03T03:00Z,FR,40.06
2024-03-03T04:00Z,FR,38.98
2024-03-03T05:00Z,FR,41.12
2024-03-03T06:00Z,FR,50.08
2024-03-03T07:00Z,FR,48.7
2024-03-03T08:00Z,FR,36.74
2024-03-03T09:00Z,FR,34.11
2024-03-03T10:00Z,FR,28.49
2024-03-03T11:00Z,FR,32.0
2024-03-03T12:00Z,FR,30.46
2024-03-03T13:00Z,FR,34.71
2024-03-03T14:00Z,FR,36.3
2024-03-03T15:00Z,FR,35.41
2024-03-03T16:00Z,FR,38.27
2024-03-03T17:00Z,FR,42.84
2024-03-03T18:00Z,FR,36.81
2024-03-03T19:00Z,FR,36.39
2024-03-03T20:00Z,FR,37.62
2024-03-03T21:00Z,FR,43.07
2024-03-03T22:00Z,FR,32.57
2024-03-03T23:00Z,FR,68.11
2024-03-04T00:00Z,FR,39.59
2024-03-04T01:00Z,FR,39.0
2024-03-04T02:00Z,FR,42.56
2024-03-04T03:00Z,FR,41.03
2024-03-04T04:00Z,FR,70.13
2024-03-04T05:00Z,FR,86.55
2024-03-04T06:00Z,FR,94.74
2024-03-04T07:00Z,FR,95.79
2024-03-04T08:00Z,FR,90.04
2024-03-04T09:00Z,FR,88.41
2024-03-04T10:00Z,FR,89.3
2024-03-04T11:00Z,FR,85.06
2024-03-04T12:00Z,FR,87.14
2024-03-04T13:00Z,FR,91.61
2024-03-04T14:00Z,FR,94.15
2024-03-04T15:00Z,FR,102.33
2024-03-04T16:00Z,FR,111.12
2024-03-04T17:00Z,FR,104.44
2024-03-04T18:00Z,FR,98.59
2024-03-04T19:00Z,FR,92.41
2024-03-04T20:00Z,FR,87.88
2024-03-04T21:00Z,FR,87.05
2024-03-04T22:00Z,FR,77.47
2024-03-04T23:00Z,FR,60.16
2024-03-05T00:00Z,FR,55.03
2024-03-05T01:00Z,FR,46.74
2024-03-05T02:00Z,FR,58.15
2024-03-05T03:00Z,FR,59.92
2024-03-05T04:00Z,FR,74.39
2024-03-05T05:00Z,FR,94.45
2024-03-05T06:00Z,FR,94.76
2024-03-05T07:00Z,FR,90.12
2024-03-05T08:00Z,FR,88.09
2024-03-05T09:00Z,FR,85.57
2024-03-05T10:00Z,FR,83.74
2024-03-05T11:00Z,FR,81.12
2024-03-05T12:00Z,FR,83.37
2024-03-05T13:00Z,FR,82.67
2024-03-05T14:00Z,FR,88.92
2024-03-05T15:00Z,FR,97.25
2024-03-05T16:00Z,FR,101.89
2024-03-05T17:00Z,FR,94.23
2024-03-05T18:00Z,FR,92.88
2024-03-05T19:00Z,FR,86.77
2024-03-05T20:00Z,FR,76.7
2024-03-05T21:00Z,FR,68.7
2024-03-05T22:00Z,FR,63.48
2024-03-05T23:00Z,FR,57.16
2024-03-06T00:00Z,FR,41.26
2024-03-06T01:00Z,FR,36.5
2024-03-06T02:00Z,FR,36.7
2024-03-06T03:00Z,FR,51.36
2024-03-06T04:00Z,FR,63.84
2024-03-06T05:00Z,FR,80.17
2024-03-06T06:00Z,FR,78.9
2024-03-06T07:00Z,FR,76.57
2024-03-06T08:00Z,FR,74.52
2024-03-06T09:00Z,FR,74.98
2024-03-06T10:00Z,FR,61.95
2024-03-06T11:00Z,FR,57.35
2024-03-06T12:00Z,FR,52.44
2024-03-06T13:00Z,FR,51.76
2024-03-06T14:00Z,FR,58.59
2024-03-06T15:00Z,FR,71.82
2024-03-06T16:00Z,FR,87.48
2024-03-06T17:00Z,FR,85.06
2024-03-06T18:00Z,FR,79.02
2024-03-06T19:00Z,FR,72.24
2024-03-06T20:00Z,FR,64.71
2024-03-06T21:00Z,FR,53.5
2024-03-06T22:00Z,FR,51.14
2024-03-06T23:00Z,FR,33.38
2024-03-07T00:00Z,FR,29.83
2024-03-07T01:00Z,FR,27.09
2024-03-07T02:00Z,FR,26.37
2024-03-07T03:00Z,FR,25.54
2024-03-07T04:00Z,FR,34.78
2024-03-07T05:00Z,FR,39.82
2024-03-07T06:00Z,FR,63.56
2024-03-07T07:00Z,FR,56.67
2024-03-07T08:00Z,FR,51.19
2024-03-07T09:00Z,FR,32.31
2024-03-07T10:00Z,FR,30.62
2024-03-07T11:00Z,FR,27.4
2024-03-07T12:00Z,FR,25.97
2024-03-07T13:00Z,FR,25.91
2024-03-07T14:00Z,FR,25.36
2024-03-07T15:00Z,FR,34.19
2024-03-07T16:00Z,FR,46.68
2024-03-07T17:00Z,FR,40.46
2024-03-07T18:00Z,FR,52.38
2024-03-07T19:00Z,FR,31.65
2024-03-07T20:00Z,FR,34.18
2024-03-07T21:00Z,FR,25.64
2024-03-07T22:00Z,FR,23.37
2024-03-07T23:00Z,FR,23.39
2024-03-08T00:00Z,FR,19.83
2024-03-08T01:00Z,FR,16.46
2024-03-08T02:00Z,FR,16.4
2024-03-08T03:00Z,FR,18.69
2024-03-08T04:00Z,FR,22.09
2024-03-08T05:00Z,FR,49.4
2024-03-08T06:00Z,FR,76.85
2024-03-08T07:00Z,FR,67.13
2024-03-08T08:00Z,FR,58.74
2024-03-08T09:00Z,FR,52.53
2024-03-08T10:00Z,FR,52.68
2024-03-08T11:00Z,FR,49.62
2024-03-08T12:00Z,FR,52.68
2024-03-08T13:00Z,FR,60.14
2024-03-08T14:00Z,FR,61.04
2024-03-08T15:00Z,FR,79.68
2024-03-08T16:00Z,FR,86.09
2024-03-08T17:00Z,FR,83.47
2024-03-08T18:00Z,FR,75.77
2024-03-08T19:00Z,FR,69.07
2024-03-08T20:00Z,FR,70.35
2024-03-08T21:00Z,FR,65.32
2024-03-08T22:00Z,FR,51.63
2024-03-08T23:00Z,FR,29.39
2024-03-09T00:00Z,FR,26.39
2024-03-09T01:00Z,FR,26.59
2024-03-09T02:00Z,FR,30.76
2024-03-09T03:00Z,FR,30.62
2024-03-09T04:00Z,FR,32.63
2024-03-09T05:00Z,FR,49.86
2024-03-09T06:00Z,FR,53.25
2024-03-09T07:00Z,FR,52.57
2024-03-09T08:00Z,FR,52.74
2024-03-09T09:00Z,FR,39.1
2024-03-09T10:00Z,FR,31.5
2024-03-09T11:00Z,FR,35.55
2024-03-09T12:00Z,FR,37.88
2024-03-09T13:00Z,FR,39.89
2024-03-09T14:00Z,FR,47.99
2024-03-09T15:00Z,FR,51.57
2024-03-09T16:00Z,FR,61.98
2024-03-09T17:00Z,FR,58.4
2024-03-09T18:00Z,FR,58.41
2024-03-09T19:00Z,FR,51.77
2024-03-09T20:00Z,FR,52.86
2024-03-09T21:00Z,FR,45.21
2024-03-09T22:00Z,FR,33.67
2024-03-09T23:00Z,FR,30.75
2024-03-10T00:00Z,FR,32.61
2024-03-10T01:00Z,FR,33.08
2024-03-10T02:00Z,FR,34.5
2024-03-10T03:00Z,FR,28.77
2024-03-10T04:00Z,FR,31.38
2024-03-10T05:00Z,FR,39.5
2024-03-10T06:00Z,FR,39.92
2024-03-10T07:00Z,FR,36.88
2024-03-10T08:00Z,FR,36.82
2024-03-10T09:00Z,FR,33.66
2024-03-10T10:00Z,FR,30.54
2024-03-10T11:00Z,FR,34.01
2024-03-10T12:00Z,FR,36.02
2024-03-10T13:00Z,FR,34.31
2024-03-10T14:00Z,FR,38.33
2024-03-10T15:00Z,FR,38.62
2024-03-10T16:00Z,FR,45.25
2024-03-10T17:00Z,FR,44.47
2024-03-10T18:00Z,FR,41.02
2024-03-10T19:00Z,FR,39.11
2024-03-10T20:00Z,FR,38.12
2024-03-10T21:00Z,FR,38.94
2024-03-10T22:00Z,FR,34.39
2024-03-10T23:00Z,FR,59.74
2024-03-11T00:00Z,FR,38.13
2024-03-11T01:00Z,FR,34.65
2024-03-11T02:00Z,FR,35.91
2024-03-11T03:00Z,FR,36.57
2024-03-11T04:00Z,FR,56.39
2024-03-11T05:00Z,FR,67.47
2024-03-11T06:00Z,FR,79.29
2024-03-11T07:00Z,FR,65.51
2024-03-11T08:00Z,FR,65.93
2024-03-11T09:00Z,FR,64.53
2024-03-11T10:00Z,FR,54.66
2024-03-11T11:00Z,FR,57.29
2024-03-11T12:00Z,FR,56.26
2024-03-11T13:00Z,FR,58.24
2024-03-11T14:00Z,FR,65.83
2024-03-11T15:00Z,FR,72.84
2024-03-11T16:00Z,FR,81.07
2024-03-11T17:00Z,FR,79.72
2024-03-11T18:00Z,FR,79.45
2024-03-11T19:00Z,FR,71.18
2024-03-11T20:00Z,FR,70.27
2024-03-11T21:00Z,FR,64.88
2024-03-11T22:00Z,FR,58.36
2024-03-11T23:00Z,FR,58.98
2024-03-12T00:00Z,FR,57.64
2024-03-12T01:00Z,FR,44.59
2024-03-12T02:00Z,FR,47.41
2024-03-12T03:00Z,FR,45.32
2024-03-12T04:00Z,FR,64.25
2024-03-12T05:00Z,FR,89.17
2024-03-12T06:00Z,FR,86.78
2024-03-12T07:00Z,FR,82.64
2024-03-12T08:00Z,FR,87.18
2024-03-12T09:00Z,FR,84.46
2024-03-12T10:00Z,FR,84.53
2024-03-12T11:00Z,FR,79.77
2024-03-12T12:00Z,FR,78.03
2024-03-12T13:00Z,FR,75.1
2024-03-12T14:00Z,FR,75.95
2024-03-12T15:00Z,FR,83.74
2024-03-12T16:00Z,FR,86.47
2024-03-12T17:00Z,FR,87.48
2024-03-12T18:00Z,FR,86.95
2024-03-12T19:00Z,FR,79.65
2024-03-12T20:00Z,FR,71.12
2024-03-12T21:00Z,FR,59.06
2024-03-12T22:00Z,FR,43.75
2024-03-12T23:00Z,FR,29.04
2024-03-13T00:00Z,FR,30.72
2024-03-13T01:00Z,FR,35.75
2024-03-13T02:00Z,FR,37.6
2024-03-13T03:00Z,FR,36.28
2024-03-13T04:00Z,FR,41.03
2024-03-13T05:00Z,FR,60.47
2024-03-13T06:00Z,FR,85.27
2024-03-13T07:00Z,FR,74.83
2024-03-13T08:00Z,FR,71.3
2024-03-13T09:00Z,FR,57.8
2024-03-13T10:00Z,FR,55.6
2024-03-13T11:00Z,FR,52.41
2024-03-13T12:00Z,FR,53.32
2024-03-13T13:00Z,FR,52.15
2024-03-13T14:00Z,FR,51.66
2024-03-13T15:00Z,FR,61.0
2024-03-13T16:00Z,FR,84.94
2024-03-13T17:00Z,FR,83.27
2024-03-13T18:00Z,FR,75.73
2024-03-13T19:00Z,FR,69.2
2024-03-13T20:00Z,FR,57.31
2024-03-13T21:00Z,FR,56.69
2024-03-13T22:00Z,FR,51.7
2024-03-13T23:00Z,FR,36.77
2024-03-14T00:00Z,FR,33.0
2024-03-14T01:00Z,FR,30.76
2024-03-14T02:00Z,FR,30.0
2024-03-14T03:00Z,FR,31.25
2024-03-14T04:00Z,FR,35.81
2024-03-14T05:00Z,FR,58.91
2024-03-14T06:00Z,FR,68.57
2024-03-14T07:00Z,FR,65.54
2024-03-14T08:00Z,FR,57.38
2024-03-14T09:00Z,FR,53.03
2024-03-14T10:00Z,FR,50.58
2024-03-14T11:00Z,FR,38.06
2024-03-14T12:00Z,FR,46.26
2024-03-14T13:00Z,FR,50.26
2024-03-14T14:00Z,FR,53.31
2024-03-14T15:00Z,FR,56.26
2024-03-14T16:00Z,FR,60.02
2024-03-14T17:00Z,FR,70.25
2024-03-14T18:00Z,FR,63.64
2024-03-14T19:00Z,FR,55.42
2024-03-14T20:00Z,FR,58.54
2024-03-14T21:00Z,FR,55.2
2024-03-14T22:00Z,FR,39.03
2024-03-14T23:00Z,FR,40.32
2024-03-15T00:00Z,FR,40.23
2024-03-15T01:00Z,FR,35.48
2024-03-15T02:00Z,FR,38.53
2024-03-15T03:00Z,FR,42.69
2024-03-15T04:00Z,FR,49.64
2024-03-15T05:00Z,FR,74.11
2024-03-15T06:00Z,FR,78.22
2024-03-15T07:00Z,FR,76.4
2024-03-15T08:00Z,FR,74.76
2024-03-15T09:00Z,FR,61.9
2024-03-15T10:00Z,FR,59.41
2024-03-15T11:00Z,FR,60.38
2024-03-15T12:00Z,FR,61.58
2024-03-15T13:00Z,FR,59.64
2024-03-15T14:00Z,FR,60.67
2024-03-15T15:00Z,FR,66.81
2024-03-15T16:00Z,FR,86.41
2024-03-15T17:00Z,FR,84.67
2024-03-15T18:00Z,FR,82.12
2024-03-15T19:00Z,FR,58.49
2024-03-15T20:00Z,FR,60.17
2024-03-15T21:00Z,FR,41.39
2024-03-15T22:00Z,FR,28.21
2024-03-15T23:00Z,FR,19.79
2024-03-16T00:00Z,FR,20.51
2024-03-16T01:00Z,FR,19.85
2024-03-16T02:00Z,FR,18.15
2024-03-16T03:00Z,FR,14.9
2024-03-16T04:00Z,FR,15.53
2024-03-16T05:00Z,FR,19.83
2024-03-16T06:00Z,FR,22.89
2024-03-16T07:00Z,FR,21.75
2024-03-16T08:00Z,FR,19.26
2024-03-16T09:00Z,FR,12.83
2024-03-16T10:00Z,FR,9.27
2024-03-16T11:00Z,FR,7.1
2024-03-16T12:00Z,FR,5.53
2024-03-16T13:00Z,FR,4.89
2024-03-16T14:00Z,FR,17.39
2024-03-16T15:00Z,FR,29.64
2024-03-16T16:00Z,FR,30.97
2024-03-16T17:00Z,FR,40.42
2024-03-16T18:00Z,FR,34.79
2024-03-16T19:00Z,FR,33.5
2024-03-16T20:00Z,FR,31.12
2024-03-16T21:00Z,FR,27.51
2024-03-16T22:00Z,FR,21.26
2024-03-16T23:00Z,FR,12.52
2024-03-17T00:00Z,FR,5.69
2024-03-17T01:00Z,FR,11.86
2024-03-17T02:00Z,FR,18.33
2024-03-17T03:00Z,FR,12.63
2024-03-17T04:00Z,FR,10.05
2024-03-17T05:00Z,FR,15.97
2024-03-17T06:00Z,FR,32.78
2024-03-17T07:00Z,FR,23.96
2024-03-17T08:00Z,FR,23.82
2024-03-17T09:00Z,FR,18.47
2024-03-17T10:00Z,FR,14.54
2024-03-17T11:00Z,FR,7.84
2024-03-17T12:00Z,FR,10.1
2024-03-17T13:00Z,FR,9.57
2024-03-17T14:00Z,FR,24.85
2024-03-17T15:00Z,FR,28.99
2024-03-17T16:00Z,FR,42.07
2024-03-17T17:00Z,FR,38.38
2024-03-17T18:00Z,FR,34.06
2024-03-17T19:00Z,FR,31.88
2024-03-17T20:00Z,FR,31.98
2024-03-17T21:00Z,FR,28.64
2024-03-17T22:00Z,FR,30.67
2024-03-17T23:00Z,FR,50.79
2024-03-18T00:00Z,FR,32.67
2024-03-18T01:00Z,FR,31.09
2024-03-18T02:00Z,FR,32.39
2024-03-18T03:00Z,FR,33.17
2024-03-18T04:00Z,FR,46.43
2024-03-18T05:00Z,FR,62.71
2024-03-18T06:00Z,FR,65.45
2024-03-18T07:00Z,FR,58.91
2024-03-18T08:00Z,FR,51.31
2024-03-18T09:00Z,FR,39.0
2024-03-18T10:00Z,FR,36.79
2024-03-18T11:00Z,FR,28.22
2024-03-18T12:00Z,FR,23.26
2024-03-18T13:00Z,FR,33.96
2024-03-18T14:00Z,FR,44.24
2024-03-18T15:00Z,FR,45.58
2024-03-18T16:00Z,FR,65.18
2024-03-18T17:00Z,FR,57.81
2024-03-18T18:00Z,FR,51.74
2024-03-18T19:00Z,FR,48.24
2024-03-18T20:00Z,FR,35.02
2024-03-18T21:00Z,FR,31.49
2024-03-18T22:00Z,FR,30.41
2024-03-18T23:00Z,FR,26.86
2024-03-19T00:00Z,FR,19.06
2024-03-19T01:00Z,FR,16.86
2024-03-19T02:00Z,FR,20.69
2024-03-19T03:00Z,FR,23.57
2024-03-19T04:00Z,FR,27.17
2024-03-19T05:00Z,FR,45.72
2024-03-19T06:00Z,FR,39.01
2024-03-19T07:00Z,FR,26.64
2024-03-19T08:00Z,FR,27.14
2024-03-19T09:00Z,FR,27.93
2024-03-19T10:00Z,FR,23.82
2024-03-19T11:00Z,FR,26.73
2024-03-19T12:00Z,FR,24.77
2024-03-19T13:00Z,FR,27.23
2024-03-19T14:00Z,FR,34.35
2024-03-19T15:00Z,FR,55.22
2024-03-19T16:00Z,FR,78.51
2024-03-19T17:00Z,FR,89.23
2024-03-19T18:00Z,FR,78.17
2024-03-19T19:00Z,FR,74.81
2024-03-19T20:00Z,FR,59.38
2024-03-19T21:00Z,FR,54.95
2024-03-19T22:00Z,FR,41.3
2024-03-19T23:00Z,FR,34.79
2024-03-20T00:00Z,FR,27.79
2024-03-20T01:00Z,FR,24.03
2024-03-20T02:00Z,FR,26.91
2024-03-20T03:00Z,FR,32.99
2024-03-20T04:00Z,FR,42.39
2024-03-20T05:00Z,FR,61.61
2024-03-20T06:00Z,FR,57.76
2024-03-20T07:00Z,FR,45.68
2024-03-20T08:00Z,FR,31.17
2024-03-20T09:00Z,FR,31.84
2024-03-20T10:00Z,FR,33.88
2024-03-20T11:00Z,FR,30.41
2024-03-20T12:00Z,FR,29.53
2024-03-20T13:00Z,FR,33.35
2024-03-20T14:00Z,FR,36.85
2024-03-20T15:00Z,FR,59.5
2024-03-20T16:00Z,FR,78.06
2024-03-20T17:00Z,FR,61.32
2024-03-20T18:00Z,FR,59.98
2024-03-20T19:00Z,FR,52.6
2024-03-20T20:00Z,FR,36.79
2024-03-20T21:00Z,FR,34.14
2024-03-20T22:00Z,FR,21.73
2024-03-20T23:00Z,FR,15.58
2024-03-21T00:00Z,FR,15.4
2024-03-21T01:00Z,FR,10.46
2024-03-21T02:00Z,FR,4.75
2024-03-21T03:00Z,FR,5.54
2024-03-21T04:00Z,FR,12.74
2024-03-21T05:00Z,FR,30.86
2024-03-21T06:00Z,FR,31.14
2024-03-21T07:00Z,FR,20.56
2024-03-21T08:00Z,FR,15.21
2024-03-21T09:00Z,FR,14.34
2024-03-21T10:00Z,FR,15.45
2024-03-21T11:00Z,FR,14.42
2024-03-21T12:00Z,FR,17.27
2024-03-21T13:00Z,FR,18.8
2024-03-21T14:00Z,FR,17.36
2024-03-21T15:00Z,FR,30.66
2024-03-21T16:00Z,FR,28.79
2024-03-21T17:00Z,FR,31.14
2024-03-21T18:00Z,FR,31.14
2024-03-21T19:00Z,FR,24.0
2024-03-21T20:00Z,FR,20.67
2024-03-21T21:00Z,FR,17.26
2024-03-21T22:00Z,FR,21.56
2024-03-21T23:00Z,FR,12.05
2024-03-22T00:00Z,FR,9.71
2024-03-22T01:00Z,FR,9.44
2024-03-22T02:00Z,FR,9.85
2024-03-22T03:00Z,FR,15.22
2024-03-22T04:00Z,FR,23.99
2024-03-22T05:00Z,FR,37.06
2024-03-22T06:00Z,FR,38.99
2024-03-22T07:00Z,FR,31.31
2024-03-22T08:00Z,FR,30.22
2024-03-22T09:00Z,FR,28.62
2024-03-22T10:00Z,FR,25.03
2024-03-22T11:00Z,FR,21.14
2024-03-22T12:00Z,FR,20.41
2024-03-22T13:00Z,FR,19.18
2024-03-22T14:00Z,FR,29.3
2024-03-22T15:00Z,FR,22.71
2024-03-22T16:00Z,FR,50.06
2024-03-22T17:00Z,FR,57.36
2024-03-22T18:00Z,FR,50.16
2024-03-22T19:00Z,FR,35.8
2024-03-22T20:00Z,FR,29.06
2024-03-22T21:00Z,FR,24.76
2024-03-22T22:00Z,FR,25.81
2024-03-22T23:00Z,FR,16.3
2024-03-23T00:00Z,FR,28.07
2024-03-23T01:00Z,FR,21.73
2024-03-23T02:00Z,FR,22.56
2024-03-23T03:00Z,FR,23.91
2024-03-23T04:00Z,FR,29.16
2024-03-23T05:00Z,FR,40.99
2024-03-23T06:00Z,FR,50.91
2024-03-23T07:00Z,FR,20.43
2024-03-23T08:00Z,FR,14.41
2024-03-23T09:00Z,FR,13.06
2024-03-23T10:00Z,FR,14.21
2024-03-23T11:00Z,FR,13.96
2024-03-23T12:00Z,FR,16.14
2024-03-23T13:00Z,FR,16.06
2024-03-23T14:00Z,FR,20.97
2024-03-23T15:00Z,FR,25.55
2024-03-23T16:00Z,FR,38.34
2024-03-23T17:00Z,FR,54.79
2024-03-23T18:00Z,FR,43.62
2024-03-23T19:00Z,FR,55.41
2024-03-23T20:00Z,FR,53.43
2024-03-23T21:00Z,FR,41.63
2024-03-23T22:00Z,FR,38.36
2024-03-23T23:00Z,FR,29.48
2024-03-24T00:00Z,FR,33.31
2024-03-24T01:00Z,FR,27.07
2024-03-24T02:00Z,FR,26.57
2024-03-24T03:00Z,FR,32.89
2024-03-24T04:00Z,FR,37.93
2024-03-24T05:00Z,FR,48.64
2024-03-24T06:00Z,FR,46.05
2024-03-24T07:00Z,FR,32.15
2024-03-24T08:00Z,FR,32.66
2024-03-24T09:00Z,FR,26.54
2024-03-24T10:00Z,FR,19.82
2024-03-24T11:00Z,FR,19.24
2024-03-24T12:00Z,FR,25.16
2024-03-24T13:00Z,FR,30.98
2024-03-24T14:00Z,FR,37.82
2024-03-24T15:00Z,FR,32.41
2024-03-24T16:00Z,FR,41.09
2024-03-24T17:00Z,FR,41.44
2024-03-24T18:00Z,FR,37.22
2024-03-24T19:00Z,FR,36.78
2024-03-24T20:00Z,FR,40.58
2024-03-24T21:00Z,FR,35.2
2024-03-24T22:00Z,FR,30.59
2024-03-24T23:00Z,FR,31.72
2024-03-25T00:00Z,FR,28.15
2024-03-25T01:00Z,FR,28.33
2024-03-25T02:00Z,FR,32.16
2024-03-25T03:00Z,FR,31.42
2024-03-25T04:00Z,FR,37.47
2024-03-25T05:00Z,FR,53.75
2024-03-25T06:00Z,FR,59.16
2024-03-25T07:00Z,FR,50.63
2024-03-25T08:00Z,FR,45.88
2024-03-25T09:00Z,FR,44.79
2024-03-25T10:00Z,FR,41.62
2024-03-25T11:00Z,FR,35.86
2024-03-25T12:00Z,FR,31.48
2024-03-25T13:00Z,FR,31.79
2024-03-25T14:00Z,FR,40.38
2024-03-25T15:00Z,FR,42.65
2024-03-25T16:00Z,FR,46.78
2024-03-25T17:00Z,FR,48.72
2024-03-25T18:00Z,FR,47.63
2024-03-25T19:00Z,FR,43.78
2024-03-25T20:00Z,FR,41.68
2024-03-25T21:00Z,FR,32.39
2024-03-25T22:00Z,FR,30.56
2024-03-25T23:00Z,FR,29.4
2024-03-26T00:00Z,FR,27.26
2024-03-26T01:00Z,FR,24.32
2024-03-26T02:00Z,FR,19.59
2024-03-26T03:00Z,FR,21.54
2024-03-26T04:00Z,FR,19.47
2024-03-26T05:00Z,FR,30.21
2024-03-26T06:00Z,FR,37.24
2024-03-26T07:00Z,FR,35.49
2024-03-26T08:00Z,FR,32.21
2024-03-26T09:00Z,FR,31.34
2024-03-26T10:00Z,FR,34.08
2024-03-26T11:00Z,FR,26.43
2024-03-26T12:00Z,FR,30.51
2024-03-26T13:00Z,FR,28.13
2024-03-26T14:00Z,FR,24.85
2024-03-26T15:00Z,FR,35.13
2024-03-26T16:00Z,FR,34.19
2024-03-26T17:00Z,FR,38.31
2024-03-26T18:00Z,FR,29.74
2024-03-26T19:00Z,FR,26.36
2024-03-26T20:00Z,FR,23.84
2024-03-26T21:00Z,FR,24.9
2024-03-26T22:00Z,FR,20.17
2024-03-26T23:00Z,FR,20.45
2024-03-27T00:00Z,FR,18.3
2024-03-27T01:00Z,FR,15.79
2024-03-27T02:00Z,FR,15.54
2024-03-27T03:00Z,FR,14.41
2024-03-27T04:00Z,FR,29.66
2024-03-27T05:00Z,FR,44.03
2024-03-27T06:00Z,FR,29.63
2024-03-27T07:00Z,FR,25.98
2024-03-27T08:00Z,FR,28.92
2024-03-27T09:00Z,FR,30.24
2024-03-27T10:00Z,FR,23.8
2024-03-27T11:00Z,FR,20.38
2024-03-27T12:00Z,FR,20.85
2024-03-27T13:00Z,FR,24.9
2024-03-27T14:00Z,FR,27.5
2024-03-27T15:00Z,FR,37.3
2024-03-27T16:00Z,FR,34.24
2024-03-27T17:00Z,FR,45.1
2024-03-27T18:00Z,FR,39.74
2024-03-27T19:00Z,FR,35.06
2024-03-27T20:00Z,FR,32.44
2024-03-27T21:00Z,FR,28.57
2024-03-27T22:00Z,FR,23.71
2024-03-27T23:00Z,FR,37.94
2024-03-28T00:00Z,FR,28.32
2024-03-28T01:00Z,FR,24.49
2024-03-28T02:00Z,FR,24.64
2024-03-28T03:00Z,FR,31.69
2024-03-28T04:00Z,FR,35.08
2024-03-28T05:00Z,FR,55.61
2024-03-28T06:00Z,FR,60.18
2024-03-28T07:00Z,FR,51.39
2024-03-28T08:00Z,FR,45.86
2024-03-28T09:00Z,FR,44.78
2024-03-28T10:00Z,FR,34.95
2024-03-28T11:00Z,FR,32.15
2024-03-28T12:00Z,FR,29.17
2024-03-28T13:00Z,FR,31.02
2024-03-28T14:00Z,FR,36.07
2024-03-28T15:00Z,FR,32.6
2024-03-28T16:00Z,FR,40.45
2024-03-28T17:00Z,FR,48.42
2024-03-28T18:00Z,FR,45.37
2024-03-28T19:00Z,FR,44.47
2024-03-28T20:00Z,FR,32.09
2024-03-28T21:00Z,FR,26.43
2024-03-28T22:00Z,FR,22.38
2024-03-28T23:00Z,FR,7.9
2024-03-29T00:00Z,FR,8.92
2024-03-29T01:00Z,FR,5.72
2024-03-29T02:00Z,FR,1.47
2024-03-29T03:00Z,FR,8.28
2024-03-29T04:00Z,FR,13.98
2024-03-29T05:00Z,FR,17.87
2024-03-29T06:00Z,FR,21.13
2024-03-29T07:00Z,FR,19.65
2024-03-29T08:00Z,FR,21.36
2024-03-29T09:00Z,FR,20.35
2024-03-29T10:00Z,FR,15.22
2024-03-29T11:00Z,FR,23.42
2024-03-29T12:00Z,FR,23.25
2024-03-29T13:00Z,FR,34.87
2024-03-29T14:00Z,FR,26.75
2024-03-29T15:00Z,FR,32.1
2024-03-29T16:00Z,FR,42.39
2024-03-29T17:00Z,FR,47.34
2024-03-29T18:00Z,FR,43.92
2024-03-29T19:00Z,FR,44.51
2024-03-29T20:00Z,FR,35.95
2024-03-29T21:00Z,FR,26.75
2024-03-29T22:00Z,FR,25.17
2024-03-29T23:00Z,FR,24.11
2024-03-30T00:00Z,FR,21.94
2024-03-30T01:00Z,FR,18.53
2024-03-30T02:00Z,FR,19.5
2024-03-30T03:00Z,FR,18.18
2024-03-30T04:00Z,FR,17.63
2024-03-30T05:00Z,FR,26.79
2024-03-30T06:00Z,FR,23.58
2024-03-30T07:00Z,FR,20.97
2024-03-30T08:00Z,FR,15.54
2024-03-30T09:00Z,FR,18.03
2024-03-30T10:00Z,FR,20.24
2024-03-30T11:00Z,FR,24.1
2024-03-30T12:00Z,FR,28.21
2024-03-30T13:00Z,FR,27.75
2024-03-30T14:00Z,FR,35.08
2024-03-30T15:00Z,FR,34.21
2024-03-30T16:00Z,FR,35.78
2024-03-30T17:00Z,FR,33.51
2024-03-30T18:00Z,FR,36.11
2024-03-30T19:00Z,FR,34.0
2024-03-30T20:00Z,FR,28.3
2024-03-30T21:00Z,FR,24.93
2024-03-30T22:00Z,FR,22.41
2024-03-30T23:00Z,FR,18.44
2024-03-31T00:00Z,FR,17.65
2024-03-31T01:00Z,FR,20.95
2024-03-31T02:00Z,FR,24.68
2024-03-31T03:00Z,FR,23.77
2024-03-31T04:00Z,FR,30.23
2024-03-31T05:00Z,FR,28.39
2024-03-31T06:00Z,FR,27.13
2024-03-31T07:00Z,FR,22.99
2024-03-31T08:00Z,FR,20.81
2024-03-31T09:00Z,FR,26.94
2024-03-31T10:00Z,FR,14.28
2024-03-31T11:00Z,FR,9.19
2024-03-31T12:00Z,FR,9.21
2024-03-31T13:00Z,FR,12.41
2024-03-31T14:00Z,FR,25.61
2024-03-31T15:00Z,FR,26.77
2024-03-31T16:00Z,FR,29.39
2024-03-31T17:00Z,FR,31.14
2024-03-31T18:00Z,FR,30.13
2024-03-31T19:00Z,FR,28.42
2024-03-31T20:00Z,FR,26.67
2024-03-31T21:00Z,FR,26.72
2024-03-31T22:00Z,FR,19.7
2024-03-31T23:00Z,FR,26.61
2024-04-01T00:00Z,FR,16.89
2024-04-01T01:00Z,FR,14.7
2024-04-01T02:00Z,FR,11.66
2024-04-01T03:00Z,FR,7.79
2024-04-01T04:00Z,FR,24.82
2024-04-01T05:00Z,FR,34.35
2024-04-01T06:00Z,FR,27.14
2024-04-01T07:00Z,FR,17.49
2024-04-01T08:00Z,FR,8.96
2024-04-01T09:00Z,FR,12.12
2024-04-01T10:00Z,FR,13.0
2024-04-01T11:00Z,FR,17.39
2024-04-01T12:00Z,FR,23.98
2024-04-01T13:00Z,FR,23.81
2024-04-01T14:00Z,FR,27.67
2024-04-01T15:00Z,FR,34.73
2024-04-01T16:00Z,FR,32.58
2024-04-01T17:00Z,FR,34.15
2024-04-01T18:00Z,FR,29.42
2024-04-01T19:00Z,FR,29.06
2024-04-01T20:00Z,FR,22.71
2024-04-01T21:00Z,FR,24.11
2024-04-01T22:00Z,FR,23.0
2024-04-01T23:00Z,FR,21.18
2024-04-02T00:00Z,FR,19.05
2024-04-02T01:00Z,FR,24.03
2024-04-02T02:00Z,FR,24.51
2024-04-02T03:00Z,FR,29.64
2024-04-02T04:00Z,FR,40.6
2024-04-02T05:00Z,FR,60.01
2024-04-02T06:00Z,FR,41.07
2024-04-02T07:00Z,FR,41.31
2024-04-02T08:00Z,FR,34.27
2024-04-02T09:00Z,FR,29.68
2024-04-02T10:00Z,FR,23.39
2024-04-02T11:00Z,FR,20.52
2024-04-02T12:00Z,FR,20.62
2024-04-02T13:00Z,FR,22.38
2024-04-02T14:00Z,FR,28.26
2024-04-02T15:00Z,FR,42.99
2024-04-02T16:00Z,FR,55.17
2024-04-02T17:00Z,FR,52.3
2024-04-02T18:00Z,FR,53.59
2024-04-02T19:00Z,FR,52.15
2024-04-02T20:00Z,FR,44.74
2024-04-02T21:00Z,FR,32.42
2024-04-02T22:00Z,FR,41.6
2024-04-02T23:00Z,FR,32.56
2024-04-03T00:00Z,FR,30.42
2024-04-03T01:00Z,FR,28.74
2024-04-03T02:00Z,FR,32.85
2024-04-03T03:00Z,FR,43.01
2024-04-03T04:00Z,FR,70.75
2024-04-03T05:00Z,FR,97.43
2024-04-03T06:00Z,FR,94.81
2024-04-03T07:00Z,FR,92.74
2024-04-03T08:00Z,FR,92.04
2024-04-03T09:00Z,FR,90.53
2024-04-03T10:00Z,FR,85.35
2024-04-03T11:00Z,FR,73.1
2024-04-03T12:00Z,FR,57.06
2024-04-03T13:00Z,FR,84.29
2024-04-03T14:00Z,FR,93.22
2024-04-03T15:00Z,FR,101.05
2024-04-03T16:00Z,FR,105.51
2024-04-03T17:00Z,FR,104.26
2024-04-03T18:00Z,FR,97.66
2024-04-03T19:00Z,FR,94.91
2024-04-03T20:00Z,FR,89.74
2024-04-03T21:00Z,FR,54.83
2024-04-03T22:00Z,FR,52.12
2024-04-03T23:00Z,FR,47.64
2024-04-04T00:00Z,FR,45.66
2024-04-04T01:00Z,FR,47.08
2024-04-04T02:00Z,FR,47.42
2024-04-04T03:00Z,FR,55.41
2024-04-04T04:00Z,FR,93.7
2024-04-04T05:00Z,FR,97.76
2024-04-04T06:00Z,FR,89.14
2024-04-04T07:00Z,FR,88.02
2024-04-04T08:00Z,FR,88.72
2024-04-04T09:00Z,FR,82.84
2024-04-04T10:00Z,FR,82.08
2024-04-04T11:00Z,FR,79.83
2024-04-04T12:00Z,FR,72.98
2024-04-04T13:00Z,FR,81.46
2024-04-04T14:00Z,FR,87.44
2024-04-04T15:00Z,FR,100.62
2024-04-04T16:00Z,FR,96.17
2024-04-04T17:00Z,FR,96.14
2024-04-04T18:00Z,FR,93.45
2024-04-04T19:00Z,FR,89.41
2024-04-04T20:00Z,FR,86.3
2024-04-04T21:00Z,FR,55.06
2024-04-04T22:00Z,FR,51.15
2024-04-04T23:00Z,FR,47.73
2024-04-05T00:00Z,FR,38.73
2024-04-05T01:00Z,FR,37.9
2024-04-05T02:00Z,FR,40.76
2024-04-05T03:00Z,FR,57.44
2024-04-05T04:00Z,FR,69.65
2024-04-05T05:00Z,FR,93.62
2024-04-05T06:00Z,FR,92.71
2024-04-05T07:00Z,FR,93.47
2024-04-05T08:00Z,FR,93.26
2024-04-05T09:00Z,FR,85.04
2024-04-05T10:00Z,FR,59.74
2024-04-05T11:00Z,FR,58.41
2024-04-05T12:00Z,FR,58.71
2024-04-05T13:00Z,FR,62.41
2024-04-05T14:00Z,FR,59.47
2024-04-05T15:00Z,FR,66.25
2024-04-05T16:00Z,FR,87.64
2024-04-05T17:00Z,FR,76.55
2024-04-05T18:00Z,FR,57.49
2024-04-05T19:00Z,FR,59.22
2024-04-05T20:00Z,FR,56.17
2024-04-05T21:00Z,FR,53.0
2024-04-05T22:00Z,FR,30.67
2024-04-05T23:00Z,FR,34.54
2024-04-06T00:00Z,FR,34.82
2024-04-06T01:00Z,FR,37.17
2024-04-06T02:00Z,FR,37.66
2024-04-06T03:00Z,FR,44.49
2024-04-06T04:00Z,FR,58.62
2024-04-06T05:00Z,FR,58.13
2024-04-06T06:00Z,FR,60.66
2024-04-06T07:00Z,FR,58.76
2024-04-06T08:00Z,FR,52.83
2024-04-06T09:00Z,FR,39.59
2024-04-06T10:00Z,FR,25.81
2024-04-06T11:00Z,FR,20.32
2024-04-06T12:00Z,FR,33.52
2024-04-06T13:00Z,FR,37.78
2024-04-06T14:00Z,FR,46.52
2024-04-06T15:00Z,FR,62.37
2024-04-06T16:00Z,FR,63.1
2024-04-06T17:00Z,FR,59.7
2024-04-06T18:00Z,FR,61.93
2024-04-06T19:00Z,FR,60.38
2024-04-06T20:00Z,FR,60.13
2024-04-06T21:00Z,FR,54.95
2024-04-06T22:00Z,FR,39.26
2024-04-06T23:00Z,FR,37.77
2024-04-07T00:00Z,FR,36.64
2024-04-07T01:00Z,FR,36.15
2024-04-07T02:00Z,FR,38.99
2024-04-07T03:00Z,FR,41.18
2024-04-07T04:00Z,FR,45.0
2024-04-07T05:00Z,FR,44.59
2024-04-07T06:00Z,FR,43.03
2024-04-07T07:00Z,FR,43.79
2024-04-07T08:00Z,FR,37.5
2024-04-07T09:00Z,FR,32.74
2024-04-07T10:00Z,FR,31.56
2024-04-07T11:00Z,FR,28.58
2024-04-07T12:00Z,FR,30.94
2024-04-07T13:00Z,FR,30.21
2024-04-07T14:00Z,FR,37.07
2024-04-07T15:00Z,FR,43.38
2024-04-07T16:00Z,FR,45.36
2024-04-07T17:00Z,FR,43.13
2024-04-07T18:00Z,FR,42.66
2024-04-07T19:00Z,FR,41.06
2024-04-07T20:00Z,FR,37.29
2024-04-07T21:00Z,FR,36.43
2024-04-07T22:00Z,FR,47.31
2024-04-07T23:00Z,FR,39.73
2024-04-08T00:00Z,FR,40.76
2024-04-08T01:00Z,FR,38.4
2024-04-08T02:00Z,FR,39.31
2024-04-08T03:00Z,FR,50.71
2024-04-08T04:00Z,FR,69.72
2024-04-08T05:00Z,FR,101.78
2024-04-08T06:00Z,FR,95.04
2024-04-08T07:00Z,FR,92.26
2024-04-08T08:00Z,FR,90.56
2024-04-08T09:00Z,FR,65.27
2024-04-08T10:00Z,FR,64.21
2024-04-08T11:00Z,FR,61.72
2024-04-08T12:00Z,FR,60.48
2024-04-08T13:00Z,FR,60.09
2024-04-08T14:00Z,FR,66.01
2024-04-08T15:00Z,FR,100.05
2024-04-08T16:00Z,FR,106.32
2024-04-08T17:00Z,FR,103.7
2024-04-08T18:00Z,FR,100.73
2024-04-08T19:00Z,FR,95.08
2024-04-08T20:00Z,FR,87.44
2024-04-08T21:00Z,FR,56.87
2024-04-08T22:00Z,FR,50.0
2024-04-08T23:00Z,FR,51.68
2024-04-09T00:00Z,FR,41.33
2024-04-09T01:00Z,FR,40.28
2024-04-09T02:00Z,FR,42.58
2024-04-09T03:00Z,FR,55.1
2024-04-09T04:00Z,FR,69.44
2024-04-09T05:00Z,FR,98.11
2024-04-09T06:00Z,FR,90.39
2024-04-09T07:00Z,FR,85.57
2024-04-09T08:00Z,FR,61.54
2024-04-09T09:00Z,FR,59.57
2024-04-09T10:00Z,FR,59.0
2024-04-09T11:00Z,FR,54.93
2024-04-09T12:00Z,FR,55.03
2024-04-09T13:00Z,FR,55.2
2024-04-09T14:00Z,FR,59.47
2024-04-09T15:00Z,FR,88.23
2024-04-09T16:00Z,FR,90.15
2024-04-09T17:00Z,FR,85.2
2024-04-09T18:00Z,FR,60.95
2024-04-09T19:00Z,FR,58.53
2024-04-09T20:00Z,FR,54.99
2024-04-09T21:00Z,FR,41.42
2024-04-09T22:00Z,FR,30.76
2024-04-09T23:00Z,FR,29.21
2024-04-10T00:00Z,FR,35.58
2024-04-10T01:00Z,FR,31.12
2024-04-10T02:00Z,FR,28.87
2024-04-10T03:00Z,FR,34.1
2024-04-10T04:00Z,FR,43.82
2024-04-10T05:00Z,FR,44.52
2024-04-10T06:00Z,FR,55.41
2024-04-10T07:00Z,FR,54.22
2024-04-10T08:00Z,FR,34.16
2024-04-10T09:00Z,FR,28.25
2024-04-10T10:00Z,FR,27.2
2024-04-10T11:00Z,FR,25.58
2024-04-10T12:00Z,FR,20.42
2024-04-10T13:00Z,FR,24.27
2024-04-10T14:00Z,FR,39.02
2024-04-10T15:00Z,FR,34.14
2024-04-10T16:00Z,FR,30.7
2024-04-10T17:00Z,FR,34.16
2024-04-10T18:00Z,FR,31.53
2024-04-10T19:00Z,FR,24.23
2024-04-10T20:00Z,FR,22.98
2024-04-10T21:00Z,FR,20.56
2024-04-10T22:00Z,FR,18.96
2024-04-10T23:00Z,FR,21.89
2024-04-11T00:00Z,FR,21.61
2024-04-11T01:00Z,FR,19.52
2024-04-11T02:00Z,FR,15.33
2024-04-11T03:00Z,FR,33.8
2024-04-11T04:00Z,FR,44.65
2024-04-11T05:00Z,FR,35.46
2024-04-11T06:00Z,FR,36.33
2024-04-11T07:00Z,FR,29.96
2024-04-11T08:00Z,FR,27.87
2024-04-11T09:00Z,FR,36.44
2024-04-11T10:00Z,FR,31.02
2024-04-11T11:00Z,FR,30.25
2024-04-11T12:00Z,FR,28.4
2024-04-11T13:00Z,FR,17.62
2024-04-11T14:00Z,FR,17.95
2024-04-11T15:00Z,FR,42.15
2024-04-11T16:00Z,FR,41.28
2024-04-11T17:00Z,FR,41.52
2024-04-11T18:00Z,FR,36.01
2024-04-11T19:00Z,FR,31.57
2024-04-11T20:00Z,FR,24.99
2024-04-11T21:00Z,FR,22.11
2024-04-11T22:00Z,FR,18.13
2024-04-11T23:00Z,FR,19.07
2024-04-12T00:00Z,FR,23.91
2024-04-12T01:00Z,FR,17.61
2024-04-12T02:00Z,FR,18.89
2024-04-12T03:00Z,FR,33.2
2024-04-12T04:00Z,FR,35.88
2024-04-12T05:00Z,FR,36.89
2024-04-12T06:00Z,FR,36.24
2024-04-12T07:00Z,FR,29.37
2024-04-12T08:00Z,FR,29.88
2024-04-12T09:00Z,FR,23.51
2024-04-12T10:00Z,FR,22.51
2024-04-12T11:00Z,FR,28.02
2024-04-12T12:00Z,FR,22.25
2024-04-12T13:00Z,FR,26.01
2024-04-12T14:00Z,FR,30.36
2024-04-12T15:00Z,FR,35.47
2024-04-12T16:00Z,FR,36.06
2024-04-12T17:00Z,FR,34.78
2024-04-12T18:00Z,FR,30.62
2024-04-12T19:00Z,FR,28.62
2024-04-12T20:00Z,FR,25.1
2024-04-12T21:00Z,FR,22.58
2024-04-12T22:00Z,FR,17.85
2024-04-12T23:00Z,FR,17.7
2024-04-13T00:00Z,FR,21.68
2024-04-13T01:00Z,FR,25.95
2024-04-13T02:00Z,FR,25.24
2024-04-13T03:00Z,FR,30.8
2024-04-13T04:00Z,FR,37.02
2024-04-13T05:00Z,FR,31.34
2024-04-13T06:00Z,FR,28.15
2024-04-13T07:00Z,FR,26.69
2024-04-13T08:00Z,FR,29.77
2024-04-13T09:00Z,FR,26.09
2024-04-13T10:00Z,FR,21.69
2024-04-13T11:00Z,FR,16.72
2024-04-13T12:00Z,FR,16.99
2024-04-13T13:00Z,FR,26.33
2024-04-13T14:00Z,FR,24.1
2024-04-13T15:00Z,FR,27.81
2024-04-13T16:00Z,FR,31.15
2024-04-13T17:00Z,FR,31.32
2024-04-13T18:00Z,FR,32.44
2024-04-13T19:00Z,FR,32.52
2024-04-13T20:00Z,FR,32.24
2024-04-13T21:00Z,FR,30.28
2024-04-13T22:00Z,FR,23.63
2024-04-13T23:00Z,FR,22.41
2024-04-14T00:00Z,FR,19.18
2024-04-14T01:00Z,FR,33.54
2024-04-14T02:00Z,FR,31.64
2024-04-14T03:00Z,FR,26.87
2024-04-14T04:00Z,FR,27.33
2024-04-14T05:00Z,FR,39.46
2024-04-14T06:00Z,FR,31.92
2024-04-14T07:00Z,FR,22.19
2024-04-14T08:00Z,FR,21.63
2024-04-14T09:00Z,FR,16.42
2024-04-14T10:00Z,FR,16.77
2024-04-14T11:00Z,FR,15.22
2024-04-14T12:00Z,FR,14.92
2024-04-14T13:00Z,FR,21.66
2024-04-14T14:00Z,FR,27.76
2024-04-14T15:00Z,FR,33.08
2024-04-14T16:00Z,FR,33.35
2024-04-14T17:00Z,FR,33.72
2024-04-14T18:00Z,FR,32.9
2024-04-14T19:00Z,FR,30.91
2024-04-14T20:00Z,FR,27.49
2024-04-14T21:00Z,FR,27.34
2024-04-14T22:00Z,FR,39.39
2024-04-14T23:00Z,FR,30.39
2024-04-15T00:00Z,FR,28.9
2024-04-15T01:00Z,FR,26.59
2024-04-15T02:00Z,FR,28.84
2024-04-15T03:00Z,FR,30.98
2024-04-15T04:00Z,FR,35.22
2024-04-15T05:00Z,FR,45.04
2024-04-15T06:00Z,FR,37.82
2024-04-15T07:00Z,FR,35.35
2024-04-15T08:00Z,FR,28.49
2024-04-15T09:00Z,FR,26.17
2024-04-15T10:00Z,FR,16.53
2024-04-15T11:00Z,FR,14.36
2024-04-15T12:00Z,FR,16.09
2024-04-15T13:00Z,FR,29.38
2024-04-15T14:00Z,FR,28.93
2024-04-15T15:00Z,FR,35.6
2024-04-15T16:00Z,FR,42.89
2024-04-15T17:00Z,FR,36.97
2024-04-15T18:00Z,FR,46.78
2024-04-15T19:00Z,FR,38.61
2024-04-15T20:00Z,FR,36.25
2024-04-15T21:00Z,FR,31.55
2024-04-15T22:00Z,FR,31.34
2024-04-15T23:00Z,FR,28.78
2024-04-16T00:00Z,FR,22.27
2024-04-16T01:00Z,FR,26.14
2024-04-16T02:00Z,FR,20.79
2024-04-16T03:00Z,FR,31.45
2024-04-16T04:00Z,FR,39.29
2024-04-16T05:00Z,FR,47.18
2024-04-16T06:00Z,FR,42.45
2024-04-16T07:00Z,FR,31.98
2024-04-16T08:00Z,FR,28.02
2024-04-16T09:00Z,FR,27.89
2024-04-16T10:00Z,FR,25.31
2024-04-16T11:00Z,FR,22.87
2024-04-16T12:00Z,FR,18.67
2024-04-16T13:00Z,FR,19.01
2024-04-16T14:00Z,FR,24.85
2024-04-16T15:00Z,FR,33.69
2024-04-16T16:00Z,FR,31.07
2024-04-16T17:00Z,FR,32.0
2024-04-16T18:00Z,FR,31.48
2024-04-16T19:00Z,FR,30.45
2024-04-16T20:00Z,FR,25.59
2024-04-16T21:00Z,FR,22.44
2024-04-16T22:00Z,FR,17.55
2024-04-16T23:00Z,FR,18.9
2024-04-17T00:00Z,FR,14.02
2024-04-17T01:00Z,FR,14.95
2024-04-17T02:00Z,FR,17.52
2024-04-17T03:00Z,FR,25.37
2024-04-17T04:00Z,FR,31.51
2024-04-17T05:00Z,FR,39.61
2024-04-17T06:00Z,FR,32.23
2024-04-17T07:00Z,FR,27.38
2024-04-17T08:00Z,FR,27.47
2024-04-17T09:00Z,FR,22.42
2024-04-17T10:00Z,FR,13.95
2024-04-17T11:00Z,FR,16.97
2024-04-17T12:00Z,FR,17.53
2024-04-17T13:00Z,FR,23.13
2024-04-17T14:00Z,FR,31.57
2024-04-17T15:00Z,FR,33.89
2024-04-17T16:00Z,FR,39.07
2024-04-17T17:00Z,FR,45.37
2024-04-17T18:00Z,FR,34.0
2024-04-17T19:00Z,FR,29.65
2024-04-17T20:00Z,FR,26.18
2024-04-17T21:00Z,FR,26.24
2024-04-17T22:00Z,FR,26.31
2024-04-17T23:00Z,FR,25.78
2024-04-18T00:00Z,FR,21.85
2024-04-18T01:00Z,FR,27.28
2024-04-18T02:00Z,FR,26.05
2024-04-18T03:00Z,FR,34.42
2024-04-18T04:00Z,FR,45.83
2024-04-18T05:00Z,FR,75.08
2024-04-18T06:00Z,FR,45.12
2024-04-18T07:00Z,FR,47.24
2024-04-18T08:00Z,FR,41.69
2024-04-18T09:00Z,FR,38.6
2024-04-18T10:00Z,FR,36.5
2024-04-18T11:00Z,FR,29.29
2024-04-18T12:00Z,FR,28.72
2024-04-18T13:00Z,FR,27.95
2024-04-18T14:00Z,FR,34.37
2024-04-18T15:00Z,FR,51.8
2024-04-18T16:00Z,FR,78.84
2024-04-18T17:00Z,FR,79.3
2024-04-18T18:00Z,FR,78.64
2024-04-18T19:00Z,FR,57.43
2024-04-18T20:00Z,FR,48.41
2024-04-18T21:00Z,FR,39.83
2024-04-18T22:00Z,FR,37.23
2024-04-18T23:00Z,FR,35.4
2024-04-19T00:00Z,FR,33.04
2024-04-19T01:00Z,FR,30.12
2024-04-19T02:00Z,FR,32.27
2024-04-19T03:00Z,FR,40.85
2024-04-19T04:00Z,FR,53.8
2024-04-19T05:00Z,FR,56.4
2024-04-19T06:00Z,FR,53.99
2024-04-19T07:00Z,FR,70.6
2024-04-19T08:00Z,FR,54.44
2024-04-19T09:00Z,FR,50.88
2024-04-19T10:00Z,FR,48.41
2024-04-19T11:00Z,FR,49.06
2024-04-19T12:00Z,FR,46.84
2024-04-19T13:00Z,FR,49.31
2024-04-19T14:00Z,FR,47.58
2024-04-19T15:00Z,FR,51.87
2024-04-19T16:00Z,FR,54.69
2024-04-19T17:00Z,FR,53.83
2024-04-19T18:00Z,FR,53.68
2024-04-19T19:00Z,FR,47.99
2024-04-19T20:00Z,FR,44.36
2024-04-19T21:00Z,FR,36.38
2024-04-19T22:00Z,FR,35.44
2024-04-19T23:00Z,FR,33.0
2024-04-20T00:00Z,FR,34.25
2024-04-20T01:00Z,FR,35.08
2024-04-20T02:00Z,FR,36.7
2024-04-20T03:00Z,FR,39.45
2024-04-20T04:00Z,FR,58.01
2024-04-20T05:00Z,FR,48.99
2024-04-20T06:00Z,FR,44.18
2024-04-20T07:00Z,FR,30.84
2024-04-20T08:00Z,FR,27.27
2024-04-20T09:00Z,FR,29.18
2024-04-20T10:00Z,FR,27.44
2024-04-20T11:00Z,FR,32.71
2024-04-20T12:00Z,FR,25.92
2024-04-20T13:00Z,FR,22.6
2024-04-20T14:00Z,FR,28.5
2024-04-20T15:00Z,FR,35.85
2024-04-20T16:00Z,FR,42.53
2024-04-20T17:00Z,FR,42.32
2024-04-20T18:00Z,FR,42.47
2024-04-20T19:00Z,FR,38.77
2024-04-20T20:00Z,FR,41.3
2024-04-20T21:00Z,FR,29.3
2024-04-20T22:00Z,FR,23.22
2024-04-20T23:00Z,FR,23.96
2024-04-21T00:00Z,FR,25.92
2024-04-21T01:00Z,FR,14.02
2024-04-21T02:00Z,FR,25.22
2024-04-21T03:00Z,FR,28.09
2024-04-21T04:00Z,FR,32.05
2024-04-21T05:00Z,FR,38.8
2024-04-21T06:00Z,FR,26.88
2024-04-21T07:00Z,FR,19.61
2024-04-21T08:00Z,FR,26.44
2024-04-21T09:00Z,FR,20.02
2024-04-21T10:00Z,FR,13.29
2024-04-21T11:00Z,FR,10.38
2024-04-21T12:00Z,FR,16.39
2024-04-21T13:00Z,FR,21.84
2024-04-21T14:00Z,FR,35.89
2024-04-21T15:00Z,FR,40.1
2024-04-21T16:00Z,FR,43.7
2024-04-21T17:00Z,FR,44.77
2024-04-21T18:00Z,FR,43.63
2024-04-21T19:00Z,FR,39.72
2024-04-21T20:00Z,FR,38.99
2024-04-21T21:00Z,FR,34.66
2024-04-21T22:00Z,FR,42.87
2024-04-21T23:00Z,FR,31.97
2024-04-22T00:00Z,FR,30.2
2024-04-22T01:00Z,FR,32.21
2024-04-22T02:00Z,FR,29.39
2024-04-22T03:00Z,FR,40.92
2024-04-22T04:00Z,FR,60.71
2024-04-22T05:00Z,FR,88.92
2024-04-22T06:00Z,FR,53.76
2024-04-22T07:00Z,FR,58.67
2024-04-22T08:00Z,FR,53.59
2024-04-22T09:00Z,FR,42.42
2024-04-22T10:00Z,FR,46.87
2024-04-22T11:00Z,FR,41.43
2024-04-22T12:00Z,FR,46.55
2024-04-22T13:00Z,FR,51.35
2024-04-22T14:00Z,FR,58.19
2024-04-22T15:00Z,FR,57.77
2024-04-22T16:00Z,FR,93.59
2024-04-22T17:00Z,FR,105.33
2024-04-22T18:00Z,FR,95.85
2024-04-22T19:00Z,FR,85.78
2024-04-22T20:00Z,FR,59.22
2024-04-22T21:00Z,FR,50.74
2024-04-22T22:00Z,FR,35.2
2024-04-22T23:00Z,FR,35.86
2024-04-23T00:00Z,FR,32.0
2024-04-23T01:00Z,FR,33.65
2024-04-23T02:00Z,FR,34.16
2024-04-23T03:00Z,FR,43.32
2024-04-23T04:00Z,FR,60.23
2024-04-23T05:00Z,FR,90.89
2024-04-23T06:00Z,FR,87.97
2024-04-23T07:00Z,FR,56.6
2024-04-23T08:00Z,FR,54.0
2024-04-23T09:00Z,FR,50.34
2024-04-23T10:00Z,FR,48.39
2024-04-23T11:00Z,FR,47.48
2024-04-23T12:00Z,FR,46.37
2024-04-23T13:00Z,FR,44.57
2024-04-23T14:00Z,FR,41.4
2024-04-23T15:00Z,FR,48.92
2024-04-23T16:00Z,FR,45.0
2024-04-23T17:00Z,FR,48.96
2024-04-23T18:00Z,FR,50.58
2024-04-23T19:00Z,FR,48.7
2024-04-23T20:00Z,FR,43.56
2024-04-23T21:00Z,FR,34.57
2024-04-23T22:00Z,FR,29.35
2024-04-23T23:00Z,FR,25.18
2024-04-24T00:00Z,FR,23.09
2024-04-24T01:00Z,FR,21.11
2024-04-24T02:00Z,FR,23.48
2024-04-24T03:00Z,FR,29.88
2024-04-24T04:00Z,FR,36.19
2024-04-24T05:00Z,FR,47.84
2024-04-24T06:00Z,FR,45.89
2024-04-24T07:00Z,FR,41.48
2024-04-24T08:00Z,FR,46.12
2024-04-24T09:00Z,FR,44.72
2024-04-24T10:00Z,FR,41.15
2024-04-24T11:00Z,FR,36.61
2024-04-24T12:00Z,FR,44.04
2024-04-24T13:00Z,FR,49.87
2024-04-24T14:00Z,FR,47.17
2024-04-24T15:00Z,FR,55.03
2024-04-24T16:00Z,FR,47.21
2024-04-24T17:00Z,FR,46.87
2024-04-24T18:00Z,FR,43.86
2024-04-24T19:00Z,FR,40.54
2024-04-24T20:00Z,FR,46.66
2024-04-24T21:00Z,FR,37.0
2024-04-24T22:00Z,FR,30.38
2024-04-24T23:00Z,FR,31.32
2024-04-25T00:00Z,FR,28.56
2024-04-25T01:00Z,FR,29.52
2024-04-25T02:00Z,FR,30.85
2024-04-25T03:00Z,FR,40.18
2024-04-25T04:00Z,FR,44.61
2024-04-25T05:00Z,FR,47.27
2024-04-25T06:00Z,FR,45.78
2024-04-25T07:00Z,FR,46.34
2024-04-25T08:00Z,FR,45.38
2024-04-25T09:00Z,FR,44.79
2024-04-25T10:00Z,FR,37.46
2024-04-25T11:00Z,FR,37.61
2024-04-25T12:00Z,FR,32.56
2024-04-25T13:00Z,FR,37.32
2024-04-25T14:00Z,FR,51.65
2024-04-25T15:00Z,FR,56.43
2024-04-25T16:00Z,FR,58.29
2024-04-25T17:00Z,FR,56.75
2024-04-25T18:00Z,FR,52.1
2024-04-25T19:00Z,FR,53.69
2024-04-25T20:00Z,FR,52.38
2024-04-25T21:00Z,FR,44.84
2024-04-25T22:00Z,FR,35.87
2024-04-25T23:00Z,FR,34.89
2024-04-26T00:00Z,FR,31.54
2024-04-26T01:00Z,FR,34.97
2024-04-26T02:00Z,FR,36.05
2024-04-26T03:00Z,FR,34.6
2024-04-26T04:00Z,FR,43.05
2024-04-26T05:00Z,FR,45.79
2024-04-26T06:00Z,FR,50.96
2024-04-26T07:00Z,FR,48.66
2024-04-26T08:00Z,FR,43.31
2024-04-26T09:00Z,FR,33.15
2024-04-26T10:00Z,FR,24.47
2024-04-26T11:00Z,FR,14.38
2024-04-26T12:00Z,FR,14.87
2024-04-26T13:00Z,FR,22.03
2024-04-26T14:00Z,FR,15.75
2024-04-26T15:00Z,FR,28.39
2024-04-26T16:00Z,FR,38.37
2024-04-26T17:00Z,FR,34.91
2024-04-26T18:00Z,FR,34.52
2024-04-26T19:00Z,FR,27.13
2024-04-26T20:00Z,FR,26.8
2024-04-26T21:00Z,FR,23.81
2024-04-26T22:00Z,FR,12.72
2024-04-26T23:00Z,FR,10.94
2024-04-27T00:00Z,FR,17.86
2024-04-27T01:00Z,FR,19.07
2024-04-27T02:00Z,FR,21.4
2024-04-27T03:00Z,FR,24.46
2024-04-27T04:00Z,FR,21.92
2024-04-27T05:00Z,FR,32.18
2024-04-27T06:00Z,FR,31.22
2024-04-27T07:00Z,FR,16.65
2024-04-27T08:00Z,FR,7.35
2024-04-27T09:00Z,FR,5.23
2024-04-27T10:00Z,FR,6.82
2024-04-27T11:00Z,FR,2.82
2024-04-27T12:00Z,FR,5.3
2024-04-27T13:00Z,FR,5.61
2024-04-27T14:00Z,FR,10.37
2024-04-27T15:00Z,FR,16.24
2024-04-27T16:00Z,FR,18.26
2024-04-27T17:00Z,FR,19.77
2024-04-27T18:00Z,FR,23.41
2024-04-27T19:00Z,FR,13.88
2024-04-27T20:00Z,FR,8.11
2024-04-27T21:00Z,FR,7.44
2024-04-27T22:00Z,FR,3.03
2024-04-27T23:00Z,FR,-0.08
2024-04-28T00:00Z,FR,-1.27
2024-04-28T01:00Z,FR,5.75
2024-04-28T02:00Z,FR,5.71
2024-04-28T03:00Z,FR,11.39
2024-04-28T04:00Z,FR,16.32
2024-04-28T05:00Z,FR,8.56
2024-04-28T06:00Z,FR,2.08
2024-04-28T07:00Z,FR,-0.38
2024-04-28T08:00Z,FR,-1.98
2024-04-28T09:00Z,FR,-2.78
2024-04-28T10:00Z,FR,-3.9
2024-04-28T11:00Z,FR,-3.23
2024-04-28T12:00Z,FR,-5.13
2024-04-28T13:00Z,FR,-3.41
2024-04-28T14:00Z,FR,-3.2
2024-04-28T15:00Z,FR,18.62
2024-04-28T16:00Z,FR,14.21
2024-04-28T17:00Z,FR,21.4
2024-04-28T18:00Z,FR,25.87
2024-04-28T19:00Z,FR,23.44
2024-04-28T20:00Z,FR,18.61
2024-04-28T21:00Z,FR,15.44
2024-04-28T22:00Z,FR,39.0
2024-04-28T23:00Z,FR,22.75
2024-04-29T00:00Z,FR,23.66
2024-04-29T01:00Z,FR,24.86
2024-04-29T02:00Z,FR,22.57
2024-04-29T03:00Z,FR,29.9
2024-04-29T04:00Z,FR,45.54
2024-04-29T05:00Z,FR,51.96
2024-04-29T06:00Z,FR,34.43
2024-04-29T07:00Z,FR,25.11
2024-04-29T08:00Z,FR,20.21
2024-04-29T09:00Z,FR,22.14
2024-04-29T10:00Z,FR,15.64
2024-04-29T11:00Z,FR,21.62
2024-04-29T12:00Z,FR,18.49
2024-04-29T13:00Z,FR,25.13
2024-04-29T14:00Z,FR,26.97
2024-04-29T15:00Z,FR,35.1
2024-04-29T16:00Z,FR,54.04
2024-04-29T17:00Z,FR,49.02
2024-04-29T18:00Z,FR,53.45
2024-04-29T19:00Z,FR,50.71
2024-04-29T20:00Z,FR,46.3
2024-04-29T21:00Z,FR,35.99
2024-04-29T22:00Z,FR,31.07
2024-04-29T23:00Z,FR,37.06
2024-04-30T00:00Z,FR,33.35
2024-04-30T01:00Z,FR,32.86
2024-04-30T02:00Z,FR,37.86
2024-04-30T03:00Z,FR,37.36
2024-04-30T04:00Z,FR,45.53
2024-04-30T05:00Z,FR,49.91
2024-04-30T06:00Z,FR,49.14
2024-04-30T07:00Z,FR,37.74
2024-04-30T08:00Z,FR,23.06
2024-04-30T09:00Z,FR,15.16
2024-04-30T10:00Z,FR,14.12
2024-04-30T11:00Z,FR,10.95
2024-04-30T12:00Z,FR,12.72
2024-04-30T13:00Z,FR,18.39
2024-04-30T14:00Z,FR,23.45
2024-04-30T15:00Z,FR,48.4
2024-04-30T16:00Z,FR,57.41
2024-04-30T17:00Z,FR,43.44
2024-04-30T18:00Z,FR,54.57
2024-04-30T19:00Z,FR,56.5
2024-04-30T20:00Z,FR,55.39
2024-04-30T21:00Z,FR,51.94
2024-04-30T22:00Z,FR,26.47
2024-04-30T23:00Z,FR,24.27
2024-05-01T00:00Z,FR,25.16
2024-05-01T01:00Z,FR,24.38
2024-05-01T02:00Z,FR,24.7
2024-05-01T03:00Z,FR,28.94
2024-05-01T04:00Z,FR,34.8
2024-05-01T05:00Z,FR,33.56
2024-05-01T06:00Z,FR,22.24
2024-05-01T07:00Z,FR,10.87
2024-05-01T08:00Z,FR,7.47
2024-05-01T09:00Z,FR,2.14
2024-05-01T10:00Z,FR,0.53
2024-05-01T11:00Z,FR,1.34
2024-05-01T12:00Z,FR,0.64
2024-05-01T13:00Z,FR,7.98
2024-05-01T14:00Z,FR,13.87
2024-05-01T15:00Z,FR,19.14
2024-05-01T16:00Z,FR,31.15
2024-05-01T17:00Z,FR,25.88
2024-05-01T18:00Z,FR,33.56
2024-05-01T19:00Z,FR,29.94
2024-05-01T20:00Z,FR,29.11
2024-05-01T21:00Z,FR,27.21
2024-05-01T22:00Z,FR,40.56
2024-05-01T23:00Z,FR,33.53
2024-05-02T00:00Z,FR,35.97
2024-05-02T01:00Z,FR,34.9
2024-05-02T02:00Z,FR,40.55
2024-05-02T03:00Z,FR,45.05
2024-05-02T04:00Z,FR,62.92
2024-05-02T05:00Z,FR,61.84
2024-05-02T06:00Z,FR,56.93
2024-05-02T07:00Z,FR,51.05
2024-05-02T08:00Z,FR,36.24
2024-05-02T09:00Z,FR,30.06
2024-05-02T10:00Z,FR,19.9
2024-05-02T11:00Z,FR,16.57
2024-05-02T12:00Z,FR,15.8
2024-05-02T13:00Z,FR,15.29
2024-05-02T14:00Z,FR,28.42
2024-05-02T15:00Z,FR,37.06
2024-05-02T16:00Z,FR,53.79
2024-05-02T17:00Z,FR,47.9
2024-05-02T18:00Z,FR,39.71
2024-05-02T19:00Z,FR,40.44
2024-05-02T20:00Z,FR,38.26
2024-05-02T21:00Z,FR,34.36
2024-05-02T22:00Z,FR,31.96
2024-05-02T23:00Z,FR,30.69
2024-05-03T00:00Z,FR,28.41
2024-05-03T01:00Z,FR,31.74
2024-05-03T02:00Z,FR,21.77
2024-05-03T03:00Z,FR,43.38
2024-05-03T04:00Z,FR,40.62
2024-05-03T05:00Z,FR,44.99
2024-05-03T06:00Z,FR,53.75
2024-05-03T07:00Z,FR,44.35
2024-05-03T08:00Z,FR,35.45
2024-05-03T09:00Z,FR,26.71
2024-05-03T10:00Z,FR,33.03
2024-05-03T11:00Z,FR,20.62
2024-05-03T12:00Z,FR,24.54
2024-05-03T13:00Z,FR,22.35
2024-05-03T14:00Z,FR,32.57
2024-05-03T15:00Z,FR,46.95
2024-05-03T16:00Z,FR,57.27
2024-05-03T17:00Z,FR,55.26
2024-05-03T18:00Z,FR,39.21
2024-05-03T19:00Z,FR,46.23
2024-05-03T20:00Z,FR,43.03
2024-05-03T21:00Z,FR,35.09
2024-05-03T22:00Z,FR,23.89
2024-05-03T23:00Z,FR,26.09
2024-05-04T00:00Z,FR,25.69
2024-05-04T01:00Z,FR,37.09
2024-05-04T02:00Z,FR,40.07
2024-05-04T03:00Z,FR,44.09
2024-05-04T04:00Z,FR,44.99
2024-05-04T05:00Z,FR,43.34
2024-05-04T06:00Z,FR,38.34
2024-05-04T07:00Z,FR,31.65
2024-05-04T08:00Z,FR,17.46
2024-05-04T09:00Z,FR,8.82
2024-05-04T10:00Z,FR,7.05
2024-05-04T11:00Z,FR,5.95
2024-05-04T12:00Z,FR,8.29
2024-05-04T13:00Z,FR,13.84
2024-05-04T14:00Z,FR,24.0
2024-05-04T15:00Z,FR,33.99
2024-05-04T16:00Z,FR,39.65
2024-05-04T17:00Z,FR,39.48
2024-05-04T18:00Z,FR,38.35
2024-05-04T19:00Z,FR,38.38
2024-05-04T20:00Z,FR,36.48
2024-05-04T21:00Z,FR,38.32
2024-05-04T22:00Z,FR,25.96
2024-05-04T23:00Z,FR,27.65
2024-05-05T00:00Z,FR,28.48
2024-05-05T01:00Z,FR,28.63
2024-05-05T02:00Z,FR,27.71
2024-05-05T03:00Z,FR,26.42
2024-05-05T04:00Z,FR,30.88
2024-05-05T05:00Z,FR,28.88
2024-05-05T06:00Z,FR,25.46
2024-05-05T07:00Z,FR,20.96
2024-05-05T08:00Z,FR,10.15
2024-05-05T09:00Z,FR,4.97
2024-05-05T10:00Z,FR,3.54
2024-05-05T11:00Z,FR,3.3
2024-05-05T12:00Z,FR,7.07
2024-05-05T13:00Z,FR,13.32
2024-05-05T14:00Z,FR,16.65
2024-05-05T15:00Z,FR,26.19
2024-05-05T16:00Z,FR,32.68
2024-05-05T17:00Z,FR,33.13
2024-05-05T18:00Z,FR,31.01
2024-05-05T19:00Z,FR,29.55
2024-05-05T20:00Z,FR,29.17
2024-05-05T21:00Z,FR,25.96
2024-05-05T22:00Z,FR,41.07
2024-05-05T23:00Z,FR,30.43
2024-05-06T00:00Z,FR,31.74
2024-05-06T01:00Z,FR,32.26
2024-05-06T02:00Z,FR,29.87
2024-05-06T03:00Z,FR,37.56
2024-05-06T04:00Z,FR,54.73
2024-05-06T05:00Z,FR,56.07
2024-05-06T06:00Z,FR,56.7
2024-05-06T07:00Z,FR,54.5
2024-05-06T08:00Z,FR,46.86
2024-05-06T09:00Z,FR,44.04
2024-05-06T10:00Z,FR,37.19
2024-05-06T11:00Z,FR,34.4
2024-05-06T12:00Z,FR,30.95
2024-05-06T13:00Z,FR,34.1
2024-05-06T14:00Z,FR,34.47
2024-05-06T15:00Z,FR,38.82
2024-05-06T16:00Z,FR,47.5
2024-05-06T17:00Z,FR,50.76
2024-05-06T18:00Z,FR,55.68
2024-05-06T19:00Z,FR,55.37
2024-05-06T20:00Z,FR,52.76
2024-05-06T21:00Z,FR,40.15
2024-05-06T22:00Z,FR,38.79
2024-05-06T23:00Z,FR,37.6
2024-05-07T00:00Z,FR,36.73
2024-05-07T01:00Z,FR,35.2
2024-05-07T02:00Z,FR,37.0
2024-05-07T03:00Z,FR,45.42
2024-05-07T04:00Z,FR,64.91
2024-05-07T05:00Z,FR,70.5
2024-05-07T06:00Z,FR,67.29
2024-05-07T07:00Z,FR,64.78
2024-05-07T08:00Z,FR,55.81
2024-05-07T09:00Z,FR,54.43
2024-05-07T10:00Z,FR,41.22
2024-05-07T11:00Z,FR,38.15
2024-05-07T12:00Z,FR,36.04
2024-05-07T13:00Z,FR,40.08
2024-05-07T14:00Z,FR,48.68
2024-05-07T15:00Z,FR,55.14
2024-05-07T16:00Z,FR,62.17
2024-05-07T17:00Z,FR,66.89
2024-05-07T18:00Z,FR,63.66
2024-05-07T19:00Z,FR,60.58
2024-05-07T20:00Z,FR,58.6
2024-05-07T21:00Z,FR,49.51
2024-05-07T22:00Z,FR,27.81
2024-05-07T23:00Z,FR,28.04
2024-05-08T00:00Z,FR,30.13
2024-05-08T01:00Z,FR,28.43
2024-05-08T02:00Z,FR,32.81
2024-05-08T03:00Z,FR,32.71
2024-05-08T04:00Z,FR,39.59
2024-05-08T05:00Z,FR,38.86
2024-05-08T06:00Z,FR,36.01
2024-05-08T07:00Z,FR,35.53
2024-05-08T08:00Z,FR,30.27
2024-05-08T09:00Z,FR,30.31
2024-05-08T10:00Z,FR,19.6
2024-05-08T11:00Z,FR,17.71
2024-05-08T12:00Z,FR,18.69
2024-05-08T13:00Z,FR,20.54
2024-05-08T14:00Z,FR,29.36
2024-05-08T15:00Z,FR,29.79
2024-05-08T16:00Z,FR,31.48
2024-05-08T17:00Z,FR,35.68
2024-05-08T18:00Z,FR,37.87
2024-05-08T19:00Z,FR,32.62
2024-05-08T20:00Z,FR,33.52
2024-05-08T21:00Z,FR,32.64
2024-05-08T22:00Z,FR,28.92
2024-05-08T23:00Z,FR,27.46
2024-05-09T00:00Z,FR,26.21
2024-05-09T01:00Z,FR,28.37
2024-05-09T02:00Z,FR,29.32
2024-05-09T03:00Z,FR,31.04
2024-05-09T04:00Z,FR,36.48
2024-05-09T05:00Z,FR,32.01
2024-05-09T06:00Z,FR,36.19
2024-05-09T07:00Z,FR,32.88
2024-05-09T08:00Z,FR,27.67
2024-05-09T09:00Z,FR,23.61
2024-05-09T10:00Z,FR,14.67
2024-05-09T11:00Z,FR,13.53
2024-05-09T12:00Z,FR,17.88
2024-05-09T13:00Z,FR,19.11
2024-05-09T14:00Z,FR,19.22
2024-05-09T15:00Z,FR,27.5
2024-05-09T16:00Z,FR,33.46
2024-05-09T17:00Z,FR,33.0
2024-05-09T18:00Z,FR,40.22
2024-05-09T19:00Z,FR,34.73
2024-05-09T20:00Z,FR,28.99
2024-05-09T21:00Z,FR,23.1
2024-05-09T22:00Z,FR,31.68
2024-05-09T23:00Z,FR,27.77
2024-05-10T00:00Z,FR,26.16
2024-05-10T01:00Z,FR,31.26
2024-05-10T02:00Z,FR,31.18
2024-05-10T03:00Z,FR,34.17
2024-05-10T04:00Z,FR,45.12
2024-05-10T05:00Z,FR,52.51
2024-05-10T06:00Z,FR,58.1
2024-05-10T07:00Z,FR,38.32
2024-05-10T08:00Z,FR,37.87
2024-05-10T09:00Z,FR,29.46
2024-05-10T10:00Z,FR,22.98
2024-05-10T11:00Z,FR,19.28
2024-05-10T12:00Z,FR,22.7
2024-05-10T13:00Z,FR,22.35
2024-05-10T14:00Z,FR,43.08
2024-05-10T15:00Z,FR,34.8
2024-05-10T16:00Z,FR,55.75
2024-05-10T17:00Z,FR,40.89
2024-05-10T18:00Z,FR,31.53
2024-05-10T19:00Z,FR,35.39
2024-05-10T20:00Z,FR,35.78
2024-05-10T21:00Z,FR,29.63
2024-05-10T22:00Z,FR,26.11
2024-05-10T23:00Z,FR,25.55
2024-05-11T00:00Z,FR,19.28
2024-05-11T01:00Z,FR,20.44
2024-05-11T02:00Z,FR,20.26
2024-05-11T03:00Z,FR,37.01
2024-05-11T04:00Z,FR,38.17
2024-05-11T05:00Z,FR,39.68
2024-05-11T06:00Z,FR,34.85
2024-05-11T07:00Z,FR,31.04
2024-05-11T08:00Z,FR,19.99
2024-05-11T09:00Z,FR,16.67
2024-05-11T10:00Z,FR,10.53
2024-05-11T11:00Z,FR,11.71
2024-05-11T12:00Z,FR,10.22
2024-05-11T13:00Z,FR,9.55
2024-05-11T14:00Z,FR,14.85
2024-05-11T15:00Z,FR,24.03
2024-05-11T16:00Z,FR,33.6
2024-05-11T17:00Z,FR,30.96
2024-05-11T18:00Z,FR,31.19
2024-05-11T19:00Z,FR,36.02
2024-05-11T20:00Z,FR,26.03
2024-05-11T21:00Z,FR,30.46
2024-05-11T22:00Z,FR,26.69
2024-05-11T23:00Z,FR,21.88
2024-05-12T00:00Z,FR,25.43
2024-05-12T01:00Z,FR,25.69
2024-05-12T02:00Z,FR,27.52
2024-05-12T03:00Z,FR,33.38
2024-05-12T04:00Z,FR,36.01
2024-05-12T05:00Z,FR,35.83
2024-05-12T06:00Z,FR,30.13
2024-05-12T07:00Z,FR,26.83
2024-05-12T08:00Z,FR,20.99
2024-05-12T09:00Z,FR,18.2
2024-05-12T10:00Z,FR,12.1
2024-05-12T11:00Z,FR,3.69
2024-05-12T12:00Z,FR,1.22
2024-05-12T13:00Z,FR,9.63
2024-05-12T14:00Z,FR,4.82
2024-05-12T15:00Z,FR,16.59
2024-05-12T16:00Z,FR,30.92
2024-05-12T17:00Z,FR,29.68
2024-05-12T18:00Z,FR,36.51
2024-05-12T19:00Z,FR,37.22
2024-05-12T20:00Z,FR,36.78
2024-05-12T21:00Z,FR,34.76
2024-05-12T22:00Z,FR,37.06
2024-05-12T23:00Z,FR,34.05
2024-05-13T00:00Z,FR,30.23
2024-05-13T01:00Z,FR,32.04
2024-05-13T02:00Z,FR,33.71
2024-05-13T03:00Z,FR,38.14
2024-05-13T04:00Z,FR,61.37
2024-05-13T05:00Z,FR,62.98
2024-05-13T06:00Z,FR,63.7
2024-05-13T07:00Z,FR,65.04
2024-05-13T08:00Z,FR,57.82
2024-05-13T09:00Z,FR,47.31
2024-05-13T10:00Z,FR,43.34
2024-05-13T11:00Z,FR,30.79
2024-05-13T12:00Z,FR,34.55
2024-05-13T13:00Z,FR,41.12
2024-05-13T14:00Z,FR,43.55
2024-05-13T15:00Z,FR,51.91
2024-05-13T16:00Z,FR,51.36
2024-05-13T17:00Z,FR,57.91
2024-05-13T18:00Z,FR,54.38
2024-05-13T19:00Z,FR,52.33
2024-05-13T20:00Z,FR,48.62
2024-05-13T21:00Z,FR,37.42
2024-05-13T22:00Z,FR,36.87
2024-05-13T23:00Z,FR,32.53
2024-05-14T00:00Z,FR,31.18
2024-05-14T01:00Z,FR,26.35
2024-05-14T02:00Z,FR,25.47
2024-05-14T03:00Z,FR,35.23
2024-05-14T04:00Z,FR,40.37
2024-05-14T05:00Z,FR,59.24
2024-05-14T06:00Z,FR,54.25
2024-05-14T07:00Z,FR,32.9
2024-05-14T08:00Z,FR,26.38
2024-05-14T09:00Z,FR,27.54
2024-05-14T10:00Z,FR,25.14
2024-05-14T11:00Z,FR,28.7
2024-05-14T12:00Z,FR,29.91
2024-05-14T13:00Z,FR,27.51
2024-05-14T14:00Z,FR,27.09
2024-05-14T15:00Z,FR,32.39
2024-05-14T16:00Z,FR,40.81
2024-05-14T17:00Z,FR,55.76
2024-05-14T18:00Z,FR,58.54
2024-05-14T19:00Z,FR,58.37
2024-05-14T20:00Z,FR,59.11
2024-05-14T21:00Z,FR,39.18
2024-05-14T22:00Z,FR,36.18
2024-05-14T23:00Z,FR,30.77
2024-05-15T00:00Z,FR,31.6
2024-05-15T01:00Z,FR,31.22
2024-05-15T02:00Z,FR,31.29
2024-05-15T03:00Z,FR,35.96
2024-05-15T04:00Z,FR,44.19
2024-05-15T05:00Z,FR,59.75
2024-05-15T06:00Z,FR,55.66
2024-05-15T07:00Z,FR,36.19
2024-05-15T08:00Z,FR,25.13
2024-05-15T09:00Z,FR,22.5
2024-05-15T10:00Z,FR,23.54
2024-05-15T11:00Z,FR,23.46
2024-05-15T12:00Z,FR,26.54
2024-05-15T13:00Z,FR,25.79
2024-05-15T14:00Z,FR,32.08
2024-05-15T15:00Z,FR,58.33
2024-05-15T16:00Z,FR,59.99
2024-05-15T17:00Z,FR,61.09
2024-05-15T18:00Z,FR,63.38
2024-05-15T19:00Z,FR,62.46
2024-05-15T20:00Z,FR,61.66
2024-05-15T21:00Z,FR,54.37
2024-05-15T22:00Z,FR,31.02
2024-05-15T23:00Z,FR,29.48
2024-05-16T00:00Z,FR,29.65
2024-05-16T01:00Z,FR,31.18
2024-05-16T02:00Z,FR,29.77
2024-05-16T03:00Z,FR,37.58
2024-05-16T04:00Z,FR,57.14
2024-05-16T05:00Z,FR,53.04
2024-05-16T06:00Z,FR,50.69
2024-05-16T07:00Z,FR,33.08
2024-05-16T08:00Z,FR,30.34
2024-05-16T09:00Z,FR,27.1
2024-05-16T10:00Z,FR,27.66
2024-05-16T11:00Z,FR,25.02
2024-05-16T12:00Z,FR,21.66
2024-05-16T13:00Z,FR,19.37
2024-05-16T14:00Z,FR,21.15
2024-05-16T15:00Z,FR,37.86
2024-05-16T16:00Z,FR,53.45
2024-05-16T17:00Z,FR,55.56
2024-05-16T18:00Z,FR,62.8
2024-05-16T19:00Z,FR,58.34
2024-05-16T20:00Z,FR,59.23
2024-05-16T21:00Z,FR,57.27
2024-05-16T22:00Z,FR,34.33
2024-05-16T23:00Z,FR,34.46
2024-05-17T00:00Z,FR,32.66
2024-05-17T01:00Z,FR,30.19
2024-05-17T02:00Z,FR,27.89
2024-05-17T03:00Z,FR,31.41
2024-05-17T04:00Z,FR,38.29
2024-05-17T05:00Z,FR,51.96
2024-05-17T06:00Z,FR,28.77
2024-05-17T07:00Z,FR,17.66
2024-05-17T08:00Z,FR,16.73
2024-05-17T09:00Z,FR,20.41
2024-05-17T10:00Z,FR,12.01
2024-05-17T11:00Z,FR,13.34
2024-05-17T12:00Z,FR,13.83
2024-05-17T13:00Z,FR,9.61
2024-05-17T14:00Z,FR,15.57
2024-05-17T15:00Z,FR,35.19
2024-05-17T16:00Z,FR,53.23
2024-05-17T17:00Z,FR,50.87
2024-05-17T18:00Z,FR,47.51
2024-05-17T19:00Z,FR,51.23
2024-05-17T20:00Z,FR,53.25
2024-05-17T21:00Z,FR,35.66
2024-05-17T22:00Z,FR,37.64
2024-05-17T23:00Z,FR,39.04
2024-05-18T00:00Z,FR,37.98
2024-05-18T01:00Z,FR,31.6
2024-05-18T02:00Z,FR,32.77
2024-05-18T03:00Z,FR,35.88
2024-05-18T04:00Z,FR,39.65
2024-05-18T05:00Z,FR,32.45
2024-05-18T06:00Z,FR,36.84
2024-05-18T07:00Z,FR,15.73
2024-05-18T08:00Z,FR,6.59
2024-05-18T09:00Z,FR,3.62
2024-05-18T10:00Z,FR,5.4
2024-05-18T11:00Z,FR,2.87
2024-05-18T12:00Z,FR,2.43
2024-05-18T13:00Z,FR,12.67
2024-05-18T14:00Z,FR,13.94
2024-05-18T15:00Z,FR,33.58
2024-05-18T16:00Z,FR,45.57
2024-05-18T17:00Z,FR,46.75
2024-05-18T18:00Z,FR,63.12
2024-05-18T19:00Z,FR,64.35
2024-05-18T20:00Z,FR,47.68
2024-05-18T21:00Z,FR,44.75
2024-05-18T22:00Z,FR,39.03
2024-05-18T23:00Z,FR,34.99
2024-05-19T00:00Z,FR,35.72
2024-05-19T01:00Z,FR,36.68
2024-05-19T02:00Z,FR,34.89
2024-05-19T03:00Z,FR,34.7
2024-05-19T04:00Z,FR,34.08
2024-05-19T05:00Z,FR,33.59
2024-05-19T06:00Z,FR,20.47
2024-05-19T07:00Z,FR,10.44
2024-05-19T08:00Z,FR,5.21
2024-05-19T09:00Z,FR,4.32
2024-05-19T10:00Z,FR,0.5
2024-05-19T11:00Z,FR,-0.46
2024-05-19T12:00Z,FR,-0.13
2024-05-19T13:00Z,FR,6.81
2024-05-19T14:00Z,FR,10.26
2024-05-19T15:00Z,FR,15.88
2024-05-19T16:00Z,FR,33.9
2024-05-19T17:00Z,FR,36.5
2024-05-19T18:00Z,FR,39.52
2024-05-19T19:00Z,FR,38.1
2024-05-19T20:00Z,FR,34.65
2024-05-19T21:00Z,FR,27.26
2024-05-19T22:00Z,FR,17.29
2024-05-19T23:00Z,FR,18.43
2024-05-20T00:00Z,FR,25.41
2024-05-20T01:00Z,FR,22.51
2024-05-20T02:00Z,FR,24.7
2024-05-20T03:00Z,FR,27.68
2024-05-20T04:00Z,FR,27.73
2024-05-20T05:00Z,FR,27.24
2024-05-20T06:00Z,FR,16.96
2024-05-20T07:00Z,FR,11.76
2024-05-20T08:00Z,FR,8.03
2024-05-20T09:00Z,FR,11.45
2024-05-20T10:00Z,FR,8.24
2024-05-20T11:00Z,FR,11.09
2024-05-20T12:00Z,FR,11.67
2024-05-20T13:00Z,FR,13.22
2024-05-20T14:00Z,FR,15.41
2024-05-20T15:00Z,FR,19.82
2024-05-20T16:00Z,FR,32.37
2024-05-20T17:00Z,FR,34.02
2024-05-20T18:00Z,FR,34.02
2024-05-20T19:00Z,FR,34.34
2024-05-20T20:00Z,FR,28.81
2024-05-20T21:00Z,FR,27.39
2024-05-20T22:00Z,FR,31.52
2024-05-20T23:00Z,FR,20.83
2024-05-21T00:00Z,FR,22.51
2024-05-21T01:00Z,FR,28.21
2024-05-21T02:00Z,FR,29.25
2024-05-21T03:00Z,FR,29.69
2024-05-21T04:00Z,FR,38.44
2024-05-21T05:00Z,FR,53.1
2024-05-21T06:00Z,FR,58.53
2024-05-21T07:00Z,FR,41.75
2024-05-21T08:00Z,FR,29.44
2024-05-21T09:00Z,FR,30.04
2024-05-21T10:00Z,FR,28.37
2024-05-21T11:00Z,FR,27.12
2024-05-21T12:00Z,FR,22.71
2024-05-21T13:00Z,FR,19.55
2024-05-21T14:00Z,FR,36.18
2024-05-21T15:00Z,FR,58.14
2024-05-21T16:00Z,FR,54.3
2024-05-21T17:00Z,FR,49.27
2024-05-21T18:00Z,FR,54.17
2024-05-21T19:00Z,FR,49.36
2024-05-21T20:00Z,FR,46.25
2024-05-21T21:00Z,FR,43.16
2024-05-21T22:00Z,FR,34.85
2024-05-21T23:00Z,FR,28.64
2024-05-22T00:00Z,FR,25.72
2024-05-22T01:00Z,FR,29.79
2024-05-22T02:00Z,FR,31.41
2024-05-22T03:00Z,FR,39.35
2024-05-22T04:00Z,FR,59.7
2024-05-22T05:00Z,FR,60.2
2024-05-22T06:00Z,FR,55.87
2024-05-22T07:00Z,FR,51.28
2024-05-22T08:00Z,FR,30.53
2024-05-22T09:00Z,FR,25.43
2024-05-22T10:00Z,FR,29.16
2024-05-22T11:00Z,FR,20.94
2024-05-22T12:00Z,FR,16.24
2024-05-22T13:00Z,FR,23.11
2024-05-22T14:00Z,FR,30.73
2024-05-22T15:00Z,FR,52.16
2024-05-22T16:00Z,FR,48.33
2024-05-22T17:00Z,FR,49.49
2024-05-22T18:00Z,FR,51.18
2024-05-22T19:00Z,FR,50.06
2024-05-22T20:00Z,FR,46.48
2024-05-22T21:00Z,FR,42.26
2024-05-22T22:00Z,FR,37.51
2024-05-22T23:00Z,FR,37.1
2024-05-23T00:00Z,FR,33.57
2024-05-23T01:00Z,FR,30.89
2024-05-23T02:00Z,FR,31.81
2024-05-23T03:00Z,FR,37.96
2024-05-23T04:00Z,FR,57.09
2024-05-23T05:00Z,FR,63.85
2024-05-23T06:00Z,FR,65.44
2024-05-23T07:00Z,FR,64.35
2024-05-23T08:00Z,FR,60.99
2024-05-23T09:00Z,FR,56.2
2024-05-23T10:00Z,FR,50.49
2024-05-23T11:00Z,FR,38.81
2024-05-23T12:00Z,FR,50.14
2024-05-23T13:00Z,FR,55.99
2024-05-23T14:00Z,FR,57.25
2024-05-23T15:00Z,FR,59.23
2024-05-23T16:00Z,FR,57.71
2024-05-23T17:00Z,FR,61.82
2024-05-23T18:00Z,FR,58.81
2024-05-23T19:00Z,FR,58.3
2024-05-23T20:00Z,FR,39.23
2024-05-23T21:00Z,FR,36.44
2024-05-23T22:00Z,FR,34.84
2024-05-23T23:00Z,FR,29.33
2024-05-24T00:00Z,FR,31.46
2024-05-24T01:00Z,FR,36.44
2024-05-24T02:00Z,FR,35.5
2024-05-24T03:00Z,FR,33.12
2024-05-24T04:00Z,FR,41.58
2024-05-24T05:00Z,FR,43.57
2024-05-24T06:00Z,FR,37.97
2024-05-24T07:00Z,FR,38.34
2024-05-24T08:00Z,FR,35.15
2024-05-24T09:00Z,FR,38.36
2024-05-24T10:00Z,FR,33.35
2024-05-24T11:00Z,FR,35.34
2024-05-24T12:00Z,FR,40.25
2024-05-24T13:00Z,FR,31.64
2024-05-24T14:00Z,FR,35.58
2024-05-24T15:00Z,FR,43.22
2024-05-24T16:00Z,FR,43.75
2024-05-24T17:00Z,FR,42.0
2024-05-24T18:00Z,FR,73.83
2024-05-24T19:00Z,FR,69.07
2024-05-24T20:00Z,FR,64.6
2024-05-24T21:00Z,FR,37.71
2024-05-24T22:00Z,FR,30.95
2024-05-24T23:00Z,FR,27.76
2024-05-25T00:00Z,FR,26.96
2024-05-25T01:00Z,FR,29.24
2024-05-25T02:00Z,FR,33.55
2024-05-25T03:00Z,FR,36.38
2024-05-25T04:00Z,FR,35.2
2024-05-25T05:00Z,FR,31.91
2024-05-25T06:00Z,FR,31.24
2024-05-25T07:00Z,FR,23.74
2024-05-25T08:00Z,FR,6.66
2024-05-25T09:00Z,FR,3.37
2024-05-25T10:00Z,FR,1.76
2024-05-25T11:00Z,FR,1.52
2024-05-25T12:00Z,FR,8.06
2024-05-25T13:00Z,FR,8.03
2024-05-25T14:00Z,FR,13.87
2024-05-25T15:00Z,FR,22.88
2024-05-25T16:00Z,FR,30.97
2024-05-25T17:00Z,FR,40.61
2024-05-25T18:00Z,FR,42.14
2024-05-25T19:00Z,FR,41.57
2024-05-25T20:00Z,FR,44.14
2024-05-25T21:00Z,FR,40.12
2024-05-25T22:00Z,FR,32.24
2024-05-25T23:00Z,FR,29.79
2024-05-26T00:00Z,FR,26.62
2024-05-26T01:00Z,FR,23.11
2024-05-26T02:00Z,FR,27.69
2024-05-26T03:00Z,FR,28.11
2024-05-26T04:00Z,FR,35.27
2024-05-26T05:00Z,FR,34.4
2024-05-26T06:00Z,FR,21.5
2024-05-26T07:00Z,FR,9.47
2024-05-26T08:00Z,FR,7.35
2024-05-26T09:00Z,FR,4.22
2024-05-26T10:00Z,FR,0.61
2024-05-26T11:00Z,FR,2.41
2024-05-26T12:00Z,FR,4.81
2024-05-26T13:00Z,FR,7.15
2024-05-26T14:00Z,FR,14.3
2024-05-26T15:00Z,FR,23.35
2024-05-26T16:00Z,FR,27.61
2024-05-26T17:00Z,FR,32.05
2024-05-26T18:00Z,FR,37.27
2024-05-26T19:00Z,FR,38.96
2024-05-26T20:00Z,FR,34.51
2024-05-26T21:00Z,FR,33.34
2024-05-26T22:00Z,FR,75.03
2024-05-26T23:00Z,FR,42.06
2024-05-27T00:00Z,FR,41.15
2024-05-27T01:00Z,FR,40.33
2024-05-27T02:00Z,FR,44.07
2024-05-27T03:00Z,FR,49.12
2024-05-27T04:00Z,FR,77.74
2024-05-27T05:00Z,FR,77.46
2024-05-27T06:00Z,FR,78.11
2024-05-27T07:00Z,FR,74.82
2024-05-27T08:00Z,FR,64.49
2024-05-27T09:00Z,FR,44.99
2024-05-27T10:00Z,FR,40.74
2024-05-27T11:00Z,FR,40.64
2024-05-27T12:00Z,FR,40.03
2024-05-27T13:00Z,FR,43.38
2024-05-27T14:00Z,FR,42.96
2024-05-27T15:00Z,FR,77.54
2024-05-27T16:00Z,FR,80.1
2024-05-27T17:00Z,FR,81.9
2024-05-27T18:00Z,FR,83.6
2024-05-27T19:00Z,FR,81.16
2024-05-27T20:00Z,FR,79.47
2024-05-27T21:00Z,FR,73.54
2024-05-27T22:00Z,FR,44.32
2024-05-27T23:00Z,FR,45.61
2024-05-28T00:00Z,FR,37.83
2024-05-28T01:00Z,FR,39.94
2024-05-28T02:00Z,FR,41.27
2024-05-28T03:00Z,FR,56.39
2024-05-28T04:00Z,FR,81.85
2024-05-28T05:00Z,FR,81.38
2024-05-28T06:00Z,FR,80.86
2024-05-28T07:00Z,FR,44.49
2024-05-28T08:00Z,FR,30.35
2024-05-28T09:00Z,FR,26.5
2024-05-28T10:00Z,FR,22.88
2024-05-28T11:00Z,FR,20.43
2024-05-28T12:00Z,FR,20.39
2024-05-28T13:00Z,FR,19.8
2024-05-28T14:00Z,FR,31.85
2024-05-28T15:00Z,FR,76.03
2024-05-28T16:00Z,FR,71.08
2024-05-28T17:00Z,FR,71.78
2024-05-28T18:00Z,FR,81.12
2024-05-28T19:00Z,FR,84.37
2024-05-28T20:00Z,FR,75.17
2024-05-28T21:00Z,FR,70.03
2024-05-28T22:00Z,FR,61.95
2024-05-28T23:00Z,FR,45.91
2024-05-29T00:00Z,FR,44.12
2024-05-29T01:00Z,FR,42.56
2024-05-29T02:00Z,FR,41.2
2024-05-29T03:00Z,FR,65.61
2024-05-29T04:00Z,FR,70.85
2024-05-29T05:00Z,FR,69.73
2024-05-29T06:00Z,FR,64.72
2024-05-29T07:00Z,FR,63.07
2024-05-29T08:00Z,FR,28.78
2024-05-29T09:00Z,FR,17.31
2024-05-29T10:00Z,FR,13.35
2024-05-29T11:00Z,FR,12.29
2024-05-29T12:00Z,FR,11.55
2024-05-29T13:00Z,FR,14.46
2024-05-29T14:00Z,FR,23.28
2024-05-29T15:00Z,FR,40.63
2024-05-29T16:00Z,FR,76.98
2024-05-29T17:00Z,FR,76.02
2024-05-29T18:00Z,FR,76.23
2024-05-29T19:00Z,FR,77.04
2024-05-29T20:00Z,FR,68.32
2024-05-29T21:00Z,FR,40.21
2024-05-29T22:00Z,FR,34.46
2024-05-29T23:00Z,FR,33.01
2024-05-30T00:00Z,FR,33.13
2024-05-30T01:00Z,FR,32.72
2024-05-30T02:00Z,FR,37.03
2024-05-30T03:00Z,FR,43.1
2024-05-30T04:00Z,FR,74.66
2024-05-30T05:00Z,FR,67.78
2024-05-30T06:00Z,FR,67.51
2024-05-30T07:00Z,FR,65.14
2024-05-30T08:00Z,FR,30.39
2024-05-30T09:00Z,FR,20.63
2024-05-30T10:00Z,FR,13.26
2024-05-30T11:00Z,FR,14.57
2024-05-30T12:00Z,FR,11.43
2024-05-30T13:00Z,FR,14.58
2024-05-30T14:00Z,FR,26.77
2024-05-30T15:00Z,FR,46.65
2024-05-30T16:00Z,FR,63.18
2024-05-30T17:00Z,FR,73.88
2024-05-30T18:00Z,FR,79.77
2024-05-30T19:00Z,FR,74.11
2024-05-30T20:00Z,FR,66.73
2024-05-30T21:00Z,FR,41.9
2024-05-30T22:00Z,FR,37.79
2024-05-30T23:00Z,FR,39.65
2024-05-31T00:00Z,FR,36.86
2024-05-31T01:00Z,FR,36.02
2024-05-31T02:00Z,FR,39.12
2024-05-31T03:00Z,FR,44.9
2024-05-31T04:00Z,FR,61.49
2024-05-31T05:00Z,FR,43.05
2024-05-31T06:00Z,FR,63.43
2024-05-31T07:00Z,FR,31.48
2024-05-31T08:00Z,FR,26.28
2024-05-31T09:00Z,FR,16.69
2024-05-31T10:00Z,FR,12.34
2024-05-31T11:00Z,FR,12.55
2024-05-31T12:00Z,FR,13.4
2024-05-31T13:00Z,FR,19.33
2024-05-31T14:00Z,FR,27.51
2024-05-31T15:00Z,FR,26.04
2024-05-31T16:00Z,FR,33.45
2024-05-31T17:00Z,FR,41.79
2024-05-31T18:00Z,FR,40.05
2024-05-31T19:00Z,FR,58.13
2024-05-31T20:00Z,FR,39.12
2024-05-31T21:00Z,FR,36.3
2024-05-31T22:00Z,FR,29.23
2024-05-31T23:00Z,FR,28.88
2024-06-01T00:00Z,FR,27.01
2024-06-01T01:00Z,FR,27.69
2024-06-01T02:00Z,FR,33.18
2024-06-01T03:00Z,FR,38.79
2024-06-01T04:00Z,FR,58.35
2024-06-01T05:00Z,FR,41.91
2024-06-01T06:00Z,FR,38.58
2024-06-01T07:00Z,FR,28.33
2024-06-01T08:00Z,FR,27.92
2024-06-01T09:00Z,FR,21.78
2024-06-01T10:00Z,FR,18.43
2024-06-01T11:00Z,FR,15.39
2024-06-01T12:00Z,FR,19.97
2024-06-01T13:00Z,FR,22.68
2024-06-01T14:00Z,FR,31.84
2024-06-01T15:00Z,FR,29.39
2024-06-01T16:00Z,FR,32.4
2024-06-01T17:00Z,FR,39.33
2024-06-01T18:00Z,FR,38.76
2024-06-01T19:00Z,FR,39.6
2024-06-01T20:00Z,FR,37.37
2024-06-01T21:00Z,FR,35.94
2024-06-01T22:00Z,FR,31.02
2024-06-01T23:00Z,FR,30.31
2024-06-02T00:00Z,FR,30.64
2024-06-02T01:00Z,FR,34.7
2024-06-02T02:00Z,FR,31.73
2024-06-02T03:00Z,FR,34.13
2024-06-02T04:00Z,FR,37.52
2024-06-02T05:00Z,FR,36.91
2024-06-02T06:00Z,FR,36.46
2024-06-02T07:00Z,FR,29.57
2024-06-02T08:00Z,FR,19.26
2024-06-02T09:00Z,FR,10.65
2024-06-02T10:00Z,FR,4.49
2024-06-02T11:00Z,FR,4.05
2024-06-02T12:00Z,FR,4.48
2024-06-02T13:00Z,FR,9.75
2024-06-02T14:00Z,FR,15.2
2024-06-02T15:00Z,FR,19.67
2024-06-02T16:00Z,FR,28.41
2024-06-02T17:00Z,FR,26.76
2024-06-02T18:00Z,FR,32.32
2024-06-02T19:00Z,FR,38.58
2024-06-02T20:00Z,FR,37.17
2024-06-02T21:00Z,FR,35.45
2024-06-02T22:00Z,FR,46.64
2024-06-02T23:00Z,FR,42.71
2024-06-03T00:00Z,FR,40.15
2024-06-03T01:00Z,FR,39.36
2024-06-03T02:00Z,FR,40.85
2024-06-03T03:00Z,FR,46.71
2024-06-03T04:00Z,FR,81.19
2024-06-03T05:00Z,FR,82.8
2024-06-03T06:00Z,FR,73.52
2024-06-03T07:00Z,FR,73.35
2024-06-03T08:00Z,FR,75.35
2024-06-03T09:00Z,FR,38.46
2024-06-03T10:00Z,FR,23.18
2024-06-03T11:00Z,FR,19.9
2024-06-03T12:00Z,FR,22.01
2024-06-03T13:00Z,FR,30.67
2024-06-03T14:00Z,FR,33.11
2024-06-03T15:00Z,FR,45.05
2024-06-03T16:00Z,FR,64.94
2024-06-03T17:00Z,FR,80.44
2024-06-03T18:00Z,FR,76.17
2024-06-03T19:00Z,FR,76.15
2024-06-03T20:00Z,FR,78.97
2024-06-03T21:00Z,FR,72.17
2024-06-03T22:00Z,FR,37.1
2024-06-03T23:00Z,FR,33.65
2024-06-04T00:00Z,FR,32.22
2024-06-04T01:00Z,FR,32.28
2024-06-04T02:00Z,FR,32.72
2024-06-04T03:00Z,FR,36.02
2024-06-04T04:00Z,FR,69.81
2024-06-04T05:00Z,FR,71.86
2024-06-04T06:00Z,FR,69.31
2024-06-04T07:00Z,FR,66.26
2024-06-04T08:00Z,FR,36.74
2024-06-04T09:00Z,FR,27.0
2024-06-04T10:00Z,FR,22.5
2024-06-04T11:00Z,FR,19.75
2024-06-04T12:00Z,FR,15.71
2024-06-04T13:00Z,FR,21.6
2024-06-04T14:00Z,FR,36.66
2024-06-04T15:00Z,FR,72.23
2024-06-04T16:00Z,FR,76.73
2024-06-04T17:00Z,FR,80.06
2024-06-04T18:00Z,FR,81.59
2024-06-04T19:00Z,FR,80.74
2024-06-04T20:00Z,FR,74.8
2024-06-04T21:00Z,FR,71.94
2024-06-04T22:00Z,FR,64.18
2024-06-04T23:00Z,FR,49.04
2024-06-05T00:00Z,FR,37.02
2024-06-05T01:00Z,FR,34.9
2024-06-05T02:00Z,FR,34.45
2024-06-05T03:00Z,FR,64.54
2024-06-05T04:00Z,FR,70.88
2024-06-05T05:00Z,FR,74.76
2024-06-05T06:00Z,FR,63.84
2024-06-05T07:00Z,FR,31.44
2024-06-05T08:00Z,FR,31.05
2024-06-05T09:00Z,FR,27.1
2024-06-05T10:00Z,FR,22.41
2024-06-05T11:00Z,FR,26.89
2024-06-05T12:00Z,FR,21.89
2024-06-05T13:00Z,FR,23.51
2024-06-05T14:00Z,FR,24.94
2024-06-05T15:00Z,FR,51.54
2024-06-05T16:00Z,FR,77.48
2024-06-05T17:00Z,FR,78.47
2024-06-05T18:00Z,FR,77.46
2024-06-05T19:00Z,FR,75.68
2024-06-05T20:00Z,FR,76.64
2024-06-05T21:00Z,FR,69.58
2024-06-05T22:00Z,FR,66.38
2024-06-05T23:00Z,FR,61.89
2024-06-06T00:00Z,FR,61.19
2024-06-06T01:00Z,FR,51.55
2024-06-06T02:00Z,FR,58.66
2024-06-06T03:00Z,FR,67.64
2024-06-06T04:00Z,FR,74.26
2024-06-06T05:00Z,FR,74.79
2024-06-06T06:00Z,FR,74.49
2024-06-06T07:00Z,FR,71.86
2024-06-06T08:00Z,FR,64.42
2024-06-06T09:00Z,FR,26.96
2024-06-06T10:00Z,FR,24.19
2024-06-06T11:00Z,FR,21.6
2024-06-06T12:00Z,FR,24.39
2024-06-06T13:00Z,FR,27.53
2024-06-06T14:00Z,FR,31.09
2024-06-06T15:00Z,FR,37.45
2024-06-06T16:00Z,FR,65.27
2024-06-06T17:00Z,FR,61.47
2024-06-06T18:00Z,FR,59.67
2024-06-06T19:00Z,FR,64.32
2024-06-06T20:00Z,FR,63.97
2024-06-06T21:00Z,FR,63.29
2024-06-06T22:00Z,FR,55.73
2024-06-06T23:00Z,FR,52.28
2024-06-07T00:00Z,FR,59.33
2024-06-07T01:00Z,FR,34.74
2024-06-07T02:00Z,FR,33.06
2024-06-07T03:00Z,FR,61.91
2024-06-07T04:00Z,FR,67.72
2024-06-07T05:00Z,FR,74.82
2024-06-07T06:00Z,FR,67.12
2024-06-07T07:00Z,FR,62.48
2024-06-07T08:00Z,FR,58.41
2024-06-07T09:00Z,FR,45.94
2024-06-07T10:00Z,FR,33.85
2024-06-07T11:00Z,FR,32.82
2024-06-07T12:00Z,FR,37.65
2024-06-07T13:00Z,FR,37.1
2024-06-07T14:00Z,FR,38.51
2024-06-07T15:00Z,FR,40.93
2024-06-07T16:00Z,FR,69.05
2024-06-07T17:00Z,FR,65.66
2024-06-07T18:00Z,FR,64.37
2024-06-07T19:00Z,FR,68.82
2024-06-07T20:00Z,FR,67.9
2024-06-07T21:00Z,FR,57.13
2024-06-07T22:00Z,FR,33.25
2024-06-07T23:00Z,FR,33.05
2024-06-08T00:00Z,FR,27.21
2024-06-08T01:00Z,FR,28.89
2024-06-08T02:00Z,FR,35.31
2024-06-08T03:00Z,FR,37.15
2024-06-08T04:00Z,FR,41.66
2024-06-08T05:00Z,FR,63.94
2024-06-08T06:00Z,FR,34.92
2024-06-08T07:00Z,FR,21.28
2024-06-08T08:00Z,FR,14.16
2024-06-08T09:00Z,FR,11.06
2024-06-08T10:00Z,FR,10.34
2024-06-08T11:00Z,FR,10.4
2024-06-08T12:00Z,FR,8.81
2024-06-08T13:00Z,FR,10.18
2024-06-08T14:00Z,FR,13.32
2024-06-08T15:00Z,FR,25.01
2024-06-08T16:00Z,FR,30.22
2024-06-08T17:00Z,FR,34.39
2024-06-08T18:00Z,FR,38.43
2024-06-08T19:00Z,FR,59.3
2024-06-08T20:00Z,FR,67.53
2024-06-08T21:00Z,FR,34.25
2024-06-08T22:00Z,FR,27.84
2024-06-08T23:00Z,FR,27.37
2024-06-09T00:00Z,FR,27.4
2024-06-09T01:00Z,FR,29.93
2024-06-09T02:00Z,FR,31.55
2024-06-09T03:00Z,FR,31.27
2024-06-09T04:00Z,FR,33.69
2024-06-09T05:00Z,FR,35.03
2024-06-09T06:00Z,FR,32.92
2024-06-09T07:00Z,FR,24.63
2024-06-09T08:00Z,FR,14.21
2024-06-09T09:00Z,FR,5.62
2024-06-09T10:00Z,FR,3.46
2024-06-09T11:00Z,FR,2.45
2024-06-09T12:00Z,FR,2.44
2024-06-09T13:00Z,FR,4.04
2024-06-09T14:00Z,FR,9.86
2024-06-09T15:00Z,FR,15.28
2024-06-09T16:00Z,FR,22.86
2024-06-09T17:00Z,FR,36.31
2024-06-09T18:00Z,FR,36.18
2024-06-09T19:00Z,FR,35.97
2024-06-09T20:00Z,FR,36.02
2024-06-09T21:00Z,FR,34.83
2024-06-09T22:00Z,FR,38.57
2024-06-09T23:00Z,FR,29.03
2024-06-10T00:00Z,FR,28.63
2024-06-10T01:00Z,FR,27.4
2024-06-10T02:00Z,FR,26.18
2024-06-10T03:00Z,FR,33.76
2024-06-10T04:00Z,FR,56.95
2024-06-10T05:00Z,FR,60.45
2024-06-10T06:00Z,FR,61.57
2024-06-10T07:00Z,FR,34.88
2024-06-10T08:00Z,FR,34.45
2024-06-10T09:00Z,FR,35.33
2024-06-10T10:00Z,FR,26.38
2024-06-10T11:00Z,FR,26.06
2024-06-10T12:00Z,FR,27.15
2024-06-10T13:00Z,FR,35.59
2024-06-10T14:00Z,FR,42.68
2024-06-10T15:00Z,FR,63.01
2024-06-10T16:00Z,FR,66.59
2024-06-10T17:00Z,FR,69.32
2024-06-10T18:00Z,FR,70.69
2024-06-10T19:00Z,FR,67.36
2024-06-10T20:00Z,FR,60.01
2024-06-10T21:00Z,FR,35.17
2024-06-10T22:00Z,FR,31.49
2024-06-10T23:00Z,FR,30.06
2024-06-11T00:00Z,FR,28.7
2024-06-11T01:00Z,FR,26.68
2024-06-11T02:00Z,FR,28.69
2024-06-11T03:00Z,FR,32.09
2024-06-11T04:00Z,FR,56.65
2024-06-11T05:00Z,FR,57.72
2024-06-11T06:00Z,FR,59.88
2024-06-11T07:00Z,FR,54.66
2024-06-11T08:00Z,FR,54.79
2024-06-11T09:00Z,FR,55.98
2024-06-11T10:00Z,FR,52.51
2024-06-11T11:00Z,FR,55.28
2024-06-11T12:00Z,FR,56.93
2024-06-11T13:00Z,FR,63.36
2024-06-11T14:00Z,FR,69.33
2024-06-11T15:00Z,FR,67.43
2024-06-11T16:00Z,FR,71.19
2024-06-11T17:00Z,FR,68.25
2024-06-11T18:00Z,FR,62.47
2024-06-11T19:00Z,FR,65.12
2024-06-11T20:00Z,FR,63.26
2024-06-11T21:00Z,FR,35.68
2024-06-11T22:00Z,FR,37.88
2024-06-11T23:00Z,FR,34.83
2024-06-12T00:00Z,FR,31.85
2024-06-12T01:00Z,FR,27.62
2024-06-12T02:00Z,FR,31.96
2024-06-12T03:00Z,FR,38.46
2024-06-12T04:00Z,FR,66.21
2024-06-12T05:00Z,FR,65.11
2024-06-12T06:00Z,FR,59.69
2024-06-12T07:00Z,FR,54.92
2024-06-12T08:00Z,FR,30.42
2024-06-12T09:00Z,FR,26.18
2024-06-12T10:00Z,FR,22.17
2024-06-12T11:00Z,FR,21.89
2024-06-12T12:00Z,FR,18.14
2024-06-12T13:00Z,FR,14.68
2024-06-12T14:00Z,FR,14.38
2024-06-12T15:00Z,FR,27.74
2024-06-12T16:00Z,FR,39.51
2024-06-12T17:00Z,FR,72.34
2024-06-12T18:00Z,FR,65.54
2024-06-12T19:00Z,FR,68.0
2024-06-12T20:00Z,FR,39.47
2024-06-12T21:00Z,FR,34.06
2024-06-12T22:00Z,FR,31.98
2024-06-12T23:00Z,FR,30.09
2024-06-13T00:00Z,FR,33.43
2024-06-13T01:00Z,FR,34.65
2024-06-13T02:00Z,FR,36.08
2024-06-13T03:00Z,FR,36.59
2024-06-13T04:00Z,FR,40.52
2024-06-13T05:00Z,FR,69.22
2024-06-13T06:00Z,FR,62.61
2024-06-13T07:00Z,FR,35.71
2024-06-13T08:00Z,FR,27.72
2024-06-13T09:00Z,FR,23.89
2024-06-13T10:00Z,FR,21.31
2024-06-13T11:00Z,FR,19.64
2024-06-13T12:00Z,FR,20.95
2024-06-13T13:00Z,FR,27.21
2024-06-13T14:00Z,FR,31.23
2024-06-13T15:00Z,FR,70.78
2024-06-13T16:00Z,FR,73.61
2024-06-13T17:00Z,FR,70.28
2024-06-13T18:00Z,FR,68.77
2024-06-13T19:00Z,FR,69.94
2024-06-13T20:00Z,FR,61.92
2024-06-13T21:00Z,FR,34.67
2024-06-13T22:00Z,FR,29.14
2024-06-13T23:00Z,FR,29.29
2024-06-14T00:00Z,FR,33.03
2024-06-14T01:00Z,FR,30.09
2024-06-14T02:00Z,FR,30.91
2024-06-14T03:00Z,FR,33.35
2024-06-14T04:00Z,FR,68.55
2024-06-14T05:00Z,FR,74.69
2024-06-14T06:00Z,FR,68.16
2024-06-14T07:00Z,FR,64.99
2024-06-14T08:00Z,FR,68.87
2024-06-14T09:00Z,FR,63.25
2024-06-14T10:00Z,FR,64.71
2024-06-14T11:00Z,FR,61.29
2024-06-14T12:00Z,FR,61.78
2024-06-14T13:00Z,FR,65.17
2024-06-14T14:00Z,FR,69.26
2024-06-14T15:00Z,FR,72.38
2024-06-14T16:00Z,FR,79.08
2024-06-14T17:00Z,FR,76.06
2024-06-14T18:00Z,FR,77.35
2024-06-14T19:00Z,FR,74.75
2024-06-14T20:00Z,FR,74.7
2024-06-14T21:00Z,FR,65.91
2024-06-14T22:00Z,FR,37.95
2024-06-14T23:00Z,FR,38.89
2024-06-15T00:00Z,FR,37.99
2024-06-15T01:00Z,FR,35.64
2024-06-15T02:00Z,FR,36.82
2024-06-15T03:00Z,FR,39.34
2024-06-15T04:00Z,FR,42.65
2024-06-15T05:00Z,FR,74.34
2024-06-15T06:00Z,FR,72.36
2024-06-15T07:00Z,FR,39.3
2024-06-15T08:00Z,FR,42.19
2024-06-15T09:00Z,FR,39.48
2024-06-15T10:00Z,FR,38.78
2024-06-15T11:00Z,FR,38.24
2024-06-15T12:00Z,FR,36.72
2024-06-15T13:00Z,FR,36.57
2024-06-15T14:00Z,FR,36.51
2024-06-15T15:00Z,FR,37.28
2024-06-15T16:00Z,FR,62.26
2024-06-15T17:00Z,FR,60.53
2024-06-15T18:00Z,FR,62.35
2024-06-15T19:00Z,FR,65.39
2024-06-15T20:00Z,FR,63.38
2024-06-15T21:00Z,FR,39.53
2024-06-15T22:00Z,FR,32.88
2024-06-15T23:00Z,FR,30.32
2024-06-16T00:00Z,FR,29.27
2024-06-16T01:00Z,FR,29.27
2024-06-16T02:00Z,FR,30.43
2024-06-16T03:00Z,FR,31.89
2024-06-16T04:00Z,FR,36.01
2024-06-16T05:00Z,FR,34.69
2024-06-16T06:00Z,FR,34.39
2024-06-16T07:00Z,FR,35.94
2024-06-16T08:00Z,FR,33.61
2024-06-16T09:00Z,FR,31.05
2024-06-16T10:00Z,FR,33.54
2024-06-16T11:00Z,FR,32.82
2024-06-16T12:00Z,FR,33.03
2024-06-16T13:00Z,FR,30.33
2024-06-16T14:00Z,FR,32.47
2024-06-16T15:00Z,FR,36.4
2024-06-16T16:00Z,FR,32.44
2024-06-16T17:00Z,FR,32.73
2024-06-16T18:00Z,FR,33.52
2024-06-16T19:00Z,FR,31.37
2024-06-16T20:00Z,FR,30.15
2024-06-16T21:00Z,FR,27.01
2024-06-16T22:00Z,FR,40.68
2024-06-16T23:00Z,FR,33.35
2024-06-17T00:00Z,FR,30.56
2024-06-17T01:00Z,FR,32.06
2024-06-17T02:00Z,FR,32.1
2024-06-17T03:00Z,FR,38.78
2024-06-17T04:00Z,FR,67.83
2024-06-17T05:00Z,FR,74.46
2024-06-17T06:00Z,FR,67.99
2024-06-17T07:00Z,FR,68.39
2024-06-17T08:00Z,FR,60.55
2024-06-17T09:00Z,FR,59.96
2024-06-17T10:00Z,FR,63.49
2024-06-17T11:00Z,FR,48.86
2024-06-17T12:00Z,FR,49.28
2024-06-17T13:00Z,FR,35.16
2024-06-17T14:00Z,FR,63.16
2024-06-17T15:00Z,FR,35.44
2024-06-17T16:00Z,FR,34.09
2024-06-17T17:00Z,FR,33.92
2024-06-17T18:00Z,FR,47.71
2024-06-17T19:00Z,FR,39.75
2024-06-17T20:00Z,FR,35.54
2024-06-17T21:00Z,FR,29.19
2024-06-17T22:00Z,FR,25.68
2024-06-17T23:00Z,FR,30.46
2024-06-18T00:00Z,FR,31.58
2024-06-18T01:00Z,FR,32.78
2024-06-18T02:00Z,FR,31.4
2024-06-18T03:00Z,FR,34.78
2024-06-18T04:00Z,FR,41.82
2024-06-18T05:00Z,FR,76.1
2024-06-18T06:00Z,FR,65.74
2024-06-18T07:00Z,FR,66.67
2024-06-18T08:00Z,FR,38.08
2024-06-18T09:00Z,FR,39.41
2024-06-18T10:00Z,FR,31.01
2024-06-18T11:00Z,FR,25.58
2024-06-18T12:00Z,FR,25.25
2024-06-18T13:00Z,FR,32.1
2024-06-18T14:00Z,FR,24.64
2024-06-18T15:00Z,FR,24.75
2024-06-18T16:00Z,FR,31.46
2024-06-18T17:00Z,FR,31.14
2024-06-18T18:00Z,FR,42.47
2024-06-18T19:00Z,FR,67.52
2024-06-18T20:00Z,FR,63.87
2024-06-18T21:00Z,FR,62.94
2024-06-18T22:00Z,FR,37.71
2024-06-18T23:00Z,FR,33.53
2024-06-19T00:00Z,FR,35.63
2024-06-19T01:00Z,FR,38.92
2024-06-19T02:00Z,FR,39.88
2024-06-19T03:00Z,FR,67.65
2024-06-19T04:00Z,FR,75.86
2024-06-19T05:00Z,FR,72.0
2024-06-19T06:00Z,FR,72.04
2024-06-19T07:00Z,FR,68.28
2024-06-19T08:00Z,FR,66.6
2024-06-19T09:00Z,FR,38.46
2024-06-19T10:00Z,FR,39.24
2024-06-19T11:00Z,FR,39.9
2024-06-19T12:00Z,FR,67.43
2024-06-19T13:00Z,FR,44.27
2024-06-19T14:00Z,FR,71.03
2024-06-19T15:00Z,FR,81.09
2024-06-19T16:00Z,FR,81.39
2024-06-19T17:00Z,FR,81.83
2024-06-19T18:00Z,FR,84.71
2024-06-19T19:00Z,FR,79.57
2024-06-19T20:00Z,FR,75.44
2024-06-19T21:00Z,FR,70.84
2024-06-19T22:00Z,FR,70.54
2024-06-19T23:00Z,FR,66.11
2024-06-20T00:00Z,FR,39.83
2024-06-20T01:00Z,FR,38.43
2024-06-20T02:00Z,FR,37.13
2024-06-20T03:00Z,FR,64.28
2024-06-20T04:00Z,FR,70.64
2024-06-20T05:00Z,FR,76.41
2024-06-20T06:00Z,FR,74.68
2024-06-20T07:00Z,FR,74.18
2024-06-20T08:00Z,FR,68.98
2024-06-20T09:00Z,FR,71.37
2024-06-20T10:00Z,FR,68.44
2024-06-20T11:00Z,FR,67.26
2024-06-20T12:00Z,FR,64.66
2024-06-20T13:00Z,FR,67.04
2024-06-20T14:00Z,FR,65.6
2024-06-20T15:00Z,FR,70.44
2024-06-20T16:00Z,FR,71.69
2024-06-20T17:00Z,FR,77.83
2024-06-20T18:00Z,FR,75.58
2024-06-20T19:00Z,FR,77.03
2024-06-20T20:00Z,FR,74.42
2024-06-20T21:00Z,FR,71.64
2024-06-20T22:00Z,FR,61.31
2024-06-20T23:00Z,FR,37.02
2024-06-21T00:00Z,FR,33.65
2024-06-21T01:00Z,FR,35.83
2024-06-21T02:00Z,FR,35.78
2024-06-21T03:00Z,FR,62.77
2024-06-21T04:00Z,FR,67.62
2024-06-21T05:00Z,FR,73.32
2024-06-21T06:00Z,FR,72.89
2024-06-21T07:00Z,FR,72.02
2024-06-21T08:00Z,FR,70.9
2024-06-21T09:00Z,FR,66.69
2024-06-21T10:00Z,FR,64.43
2024-06-21T11:00Z,FR,64.32
2024-06-21T12:00Z,FR,62.39
2024-06-21T13:00Z,FR,63.9
2024-06-21T14:00Z,FR,67.48
2024-06-21T15:00Z,FR,76.05
2024-06-21T16:00Z,FR,77.29
2024-06-21T17:00Z,FR,76.45
2024-06-21T18:00Z,FR,75.46
2024-06-21T19:00Z,FR,74.66
2024-06-21T20:00Z,FR,74.31
2024-06-21T21:00Z,FR,73.51
2024-06-21T22:00Z,FR,43.8
2024-06-21T23:00Z,FR,39.36
2024-06-22T00:00Z,FR,38.32
2024-06-22T01:00Z,FR,38.77
2024-06-22T02:00Z,FR,39.42
2024-06-22T03:00Z,FR,37.21
2024-06-22T04:00Z,FR,56.46
2024-06-22T05:00Z,FR,65.14
2024-06-22T06:00Z,FR,67.55
2024-06-22T07:00Z,FR,65.28
2024-06-22T08:00Z,FR,33.51
2024-06-22T09:00Z,FR,32.29
2024-06-22T10:00Z,FR,26.01
2024-06-22T11:00Z,FR,23.75
2024-06-22T12:00Z,FR,21.88
2024-06-22T13:00Z,FR,28.56
2024-06-22T14:00Z,FR,36.89
2024-06-22T15:00Z,FR,40.8
2024-06-22T16:00Z,FR,38.34
2024-06-22T17:00Z,FR,40.65
2024-06-22T18:00Z,FR,65.89
2024-06-22T19:00Z,FR,65.56
2024-06-22T20:00Z,FR,46.04
2024-06-22T21:00Z,FR,35.41
2024-06-22T22:00Z,FR,24.42
2024-06-22T23:00Z,FR,26.54
2024-06-23T00:00Z,FR,26.34
2024-06-23T01:00Z,FR,30.42
2024-06-23T02:00Z,FR,31.53
2024-06-23T03:00Z,FR,32.57
2024-06-23T04:00Z,FR,37.33
2024-06-23T05:00Z,FR,37.66
2024-06-23T06:00Z,FR,37.45
2024-06-23T07:00Z,FR,32.49
2024-06-23T08:00Z,FR,29.07
2024-06-23T09:00Z,FR,20.51
2024-06-23T10:00Z,FR,17.86
2024-06-23T11:00Z,FR,21.33
2024-06-23T12:00Z,FR,20.12
2024-06-23T13:00Z,FR,22.85
2024-06-23T14:00Z,FR,19.9
2024-06-23T15:00Z,FR,23.01
2024-06-23T16:00Z,FR,33.31
2024-06-23T17:00Z,FR,35.46
2024-06-23T18:00Z,FR,36.03
2024-06-23T19:00Z,FR,34.72
2024-06-23T20:00Z,FR,30.85
2024-06-23T21:00Z,FR,28.95
2024-06-23T22:00Z,FR,41.42
2024-06-23T23:00Z,FR,35.83
2024-06-24T00:00Z,FR,34.78
2024-06-24T01:00Z,FR,31.75
2024-06-24T02:00Z,FR,33.91
2024-06-24T03:00Z,FR,37.1
2024-06-24T04:00Z,FR,70.72
2024-06-24T05:00Z,FR,72.26
2024-06-24T06:00Z,FR,68.71
2024-06-24T07:00Z,FR,68.2
2024-06-24T08:00Z,FR,69.66
2024-06-24T09:00Z,FR,63.26
2024-06-24T10:00Z,FR,59.68
2024-06-24T11:00Z,FR,48.67
2024-06-24T12:00Z,FR,33.64
2024-06-24T13:00Z,FR,37.37
2024-06-24T14:00Z,FR,57.01
2024-06-24T15:00Z,FR,76.47
2024-06-24T16:00Z,FR,82.05
2024-06-24T17:00Z,FR,78.61
2024-06-24T18:00Z,FR,77.99
2024-06-24T19:00Z,FR,79.3
2024-06-24T20:00Z,FR,80.12
2024-06-24T21:00Z,FR,76.23
2024-06-24T22:00Z,FR,72.79
2024-06-24T23:00Z,FR,44.39
2024-06-25T00:00Z,FR,40.9
2024-06-25T01:00Z,FR,36.68
2024-06-25T02:00Z,FR,38.84
2024-06-25T03:00Z,FR,74.68
2024-06-25T04:00Z,FR,80.97
2024-06-25T05:00Z,FR,83.68
2024-06-25T06:00Z,FR,87.25
2024-06-25T07:00Z,FR,84.0
2024-06-25T08:00Z,FR,72.63
2024-06-25T09:00Z,FR,32.45
2024-06-25T10:00Z,FR,31.91
2024-06-25T11:00Z,FR,30.15
2024-06-25T12:00Z,FR,30.62
2024-06-25T13:00Z,FR,36.1
2024-06-25T14:00Z,FR,34.31
2024-06-25T15:00Z,FR,37.27
2024-06-25T16:00Z,FR,70.99
2024-06-25T17:00Z,FR,74.46
2024-06-25T18:00Z,FR,73.13
2024-06-25T19:00Z,FR,77.87
2024-06-25T20:00Z,FR,76.08
2024-06-25T21:00Z,FR,47.19
2024-06-25T22:00Z,FR,38.01
2024-06-25T23:00Z,FR,37.84
2024-06-26T00:00Z,FR,34.81
2024-06-26T01:00Z,FR,34.45
2024-06-26T02:00Z,FR,37.43
2024-06-26T03:00Z,FR,41.35
2024-06-26T04:00Z,FR,80.95
2024-06-26T05:00Z,FR,79.7
2024-06-26T06:00Z,FR,79.14
2024-06-26T07:00Z,FR,73.98
2024-06-26T08:00Z,FR,35.71
2024-06-26T09:00Z,FR,27.99
2024-06-26T10:00Z,FR,21.8
2024-06-26T11:00Z,FR,18.77
2024-06-26T12:00Z,FR,14.9
2024-06-26T13:00Z,FR,23.41
2024-06-26T14:00Z,FR,31.3
2024-06-26T15:00Z,FR,38.89
2024-06-26T16:00Z,FR,67.89
2024-06-26T17:00Z,FR,74.24
2024-06-26T18:00Z,FR,79.26
2024-06-26T19:00Z,FR,75.58
2024-06-26T20:00Z,FR,38.34
2024-06-26T21:00Z,FR,36.81
2024-06-26T22:00Z,FR,32.4
2024-06-26T23:00Z,FR,24.24
2024-06-27T00:00Z,FR,30.08
2024-06-27T01:00Z,FR,25.57
2024-06-27T02:00Z,FR,30.02
2024-06-27T03:00Z,FR,41.04
2024-06-27T04:00Z,FR,68.96
2024-06-27T05:00Z,FR,78.21
2024-06-27T06:00Z,FR,73.0
2024-06-27T07:00Z,FR,35.73
2024-06-27T08:00Z,FR,30.53
2024-06-27T09:00Z,FR,28.36
2024-06-27T10:00Z,FR,25.17
2024-06-27T11:00Z,FR,21.15
2024-06-27T12:00Z,FR,22.57
2024-06-27T13:00Z,FR,27.1
2024-06-27T14:00Z,FR,26.96
2024-06-27T15:00Z,FR,63.66
2024-06-27T16:00Z,FR,70.88
2024-06-27T17:00Z,FR,69.67
2024-06-27T18:00Z,FR,74.47
2024-06-27T19:00Z,FR,76.13
2024-06-27T20:00Z,FR,70.32
2024-06-27T21:00Z,FR,64.88
2024-06-27T22:00Z,FR,38.09
2024-06-27T23:00Z,FR,38.45
2024-06-28T00:00Z,FR,35.95
2024-06-28T01:00Z,FR,37.11
2024-06-28T02:00Z,FR,38.3
2024-06-28T03:00Z,FR,43.09
2024-06-28T04:00Z,FR,74.36
2024-06-28T05:00Z,FR,74.59
2024-06-28T06:00Z,FR,69.99
2024-06-28T07:00Z,FR,63.85
2024-06-28T08:00Z,FR,36.95
2024-06-28T09:00Z,FR,21.48
2024-06-28T10:00Z,FR,20.06
2024-06-28T11:00Z,FR,17.56
2024-06-28T12:00Z,FR,16.61
2024-06-28T13:00Z,FR,17.5
2024-06-28T14:00Z,FR,28.19
2024-06-28T15:00Z,FR,36.51
2024-06-28T16:00Z,FR,75.15
2024-06-28T17:00Z,FR,72.26
2024-06-28T18:00Z,FR,81.01
2024-06-28T19:00Z,FR,77.2
2024-06-28T20:00Z,FR,73.93
2024-06-28T21:00Z,FR,69.59
2024-06-28T22:00Z,FR,41.87
2024-06-28T23:00Z,FR,42.28
2024-06-29T00:00Z,FR,42.61
2024-06-29T01:00Z,FR,39.47
2024-06-29T02:00Z,FR,45.64
2024-06-29T03:00Z,FR,76.77
2024-06-29T04:00Z,FR,73.35
2024-06-29T05:00Z,FR,70.9
2024-06-29T06:00Z,FR,68.29
2024-06-29T07:00Z,FR,27.36
2024-06-29T08:00Z,FR,14.05
2024-06-29T09:00Z,FR,11.4
2024-06-29T10:00Z,FR,8.11
2024-06-29T11:00Z,FR,8.99
2024-06-29T12:00Z,FR,8.83
2024-06-29T13:00Z,FR,10.05
2024-06-29T14:00Z,FR,15.41
2024-06-29T15:00Z,FR,33.24
2024-06-29T16:00Z,FR,40.08
2024-06-29T17:00Z,FR,73.66
2024-06-29T18:00Z,FR,70.03
2024-06-29T19:00Z,FR,76.35
2024-06-29T20:00Z,FR,64.94
2024-06-29T21:00Z,FR,41.39
2024-06-29T22:00Z,FR,34.88
2024-06-29T23:00Z,FR,31.52
2024-06-30T00:00Z,FR,32.7
2024-06-30T01:00Z,FR,34.7
2024-06-30T02:00Z,FR,31.44
2024-06-30T03:00Z,FR,28.0
2024-06-30T04:00Z,FR,36.29
2024-06-30T05:00Z,FR,33.55
2024-06-30T06:00Z,FR,20.75
2024-06-30T07:00Z,FR,11.78
2024-06-30T08:00Z,FR,6.42
2024-06-30T09:00Z,FR,1.82
2024-06-30T10:00Z,FR,1.93
2024-06-30T11:00Z,FR,1.16
2024-06-30T12:00Z,FR,3.37
2024-06-30T13:00Z,FR,2.9
2024-06-30T14:00Z,FR,7.38
2024-06-30T15:00Z,FR,17.69
2024-06-30T16:00Z,FR,21.95
2024-06-30T17:00Z,FR,20.29
2024-06-30T18:00Z,FR,29.96
2024-06-30T19:00Z,FR,27.2
2024-06-30T20:00Z,FR,24.8
2024-06-30T21:00Z,FR,24.65
2023-12-31T23:00Z,NL,93.35
2024-01-01T00:00Z,NL,92.81
2024-01-01T01:00Z,NL,85.4
2024-01-01T02:00Z,NL,87.31
2024-01-01T03:00Z,NL,93.7
2024-01-01T04:00Z,NL,90.16
2024-01-01T05:00Z,NL,95.97
2024-01-01T06:00Z,NL,97.88
2024-01-01T07:00Z,NL,103.42
2024-01-01T08:00Z,NL,95.36
2024-01-01T09:00Z,NL,94.25
2024-01-01T10:00Z,NL,96.82
2024-01-01T11:00Z,NL,92.17
2024-01-01T12:00Z,NL,96.45
2024-01-01T13:00Z,NL,95.85
2024-01-01T14:00Z,NL,108.83
2024-01-01T15:00Z,NL,103.29
2024-01-01T16:00Z,NL,105.68
2024-01-01T17:00Z,NL,98.9
2024-01-01T18:00Z,NL,95.33
2024-01-01T19:00Z,NL,90.88
2024-01-01T20:00Z,NL,88.24
2024-01-01T21:00Z,NL,86.54
2024-01-01T22:00Z,NL,85.78
2024-01-01T23:00Z,NL,102.0
2024-01-02T00:00Z,NL,102.05
2024-01-02T01:00Z,NL,100.81
2024-01-02T02:00Z,NL,96.36
2024-01-02T03:00Z,NL,102.05
2024-01-02T04:00Z,NL,112.34
2024-01-02T05:00Z,NL,120.98
2024-01-02T06:00Z,NL,128.41
2024-01-02T07:00Z,NL,112.76
2024-01-02T08:00Z,NL,102.92
2024-01-02T09:00Z,NL,104.7
2024-01-02T10:00Z,NL,103.07
2024-01-02T11:00Z,NL,97.84
2024-01-02T12:00Z,NL,103.87
2024-01-02T13:00Z,NL,117.64
2024-01-02T14:00Z,NL,114.66
2024-01-02T15:00Z,NL,117.24
2024-01-02T16:00Z,NL,117.65
2024-01-02T17:00Z,NL,117.63
2024-01-02T18:00Z,NL,114.48
2024-01-02T19:00Z,NL,109.0
2024-01-02T20:00Z,NL,111.63
2024-01-02T21:00Z,NL,100.63
2024-01-02T22:00Z,NL,97.19
2024-01-02T23:00Z,NL,72.93
2024-01-03T00:00Z,NL,72.8
2024-01-03T01:00Z,NL,75.19
2024-01-03T02:00Z,NL,83.52
2024-01-03T03:00Z,NL,82.21
2024-01-03T04:00Z,NL,84.82
2024-01-03T05:00Z,NL,87.52
2024-01-03T06:00Z,NL,87.44
2024-01-03T07:00Z,NL,88.89
2024-01-03T08:00Z,NL,84.99
2024-01-03T09:00Z,NL,81.45
2024-01-03T10:00Z,NL,73.52
2024-01-03T11:00Z,NL,76.39
2024-01-03T12:00Z,NL,86.95
2024-01-03T13:00Z,NL,98.82
2024-01-03T14:00Z,NL,96.21
2024-01-03T15:00Z,NL,93.26
2024-01-03T16:00Z,NL,98.88
2024-01-03T17:00Z,NL,93.56
2024-01-03T18:00Z,NL,91.97
2024-01-03T19:00Z,NL,82.31
2024-01-03T20:00Z,NL,79.5
2024-01-03T21:00Z,NL,86.92
2024-01-03T22:00Z,NL,91.14
2024-01-03T23:00Z,NL,85.59
2024-01-04T00:00Z,NL,90.03
2024-01-04T01:00Z,NL,98.58
2024-01-04T02:00Z,NL,23.12
2024-01-04T03:00Z,NL,15.8
2024-01-04T04:00Z,NL,13.9
2024-01-04T05:00Z,NL,97.93
2024-01-04T06:00Z,NL,116.33
2024-01-04T07:00Z,NL,97.66
2024-01-04T08:00Z,NL,96.91
2024-01-04T09:00Z,NL,95.14
2024-01-04T10:00Z,NL,86.77
2024-01-04T11:00Z,NL,81.21
2024-01-04T12:00Z,NL,100.93
2024-01-04T13:00Z,NL,112.3
2024-01-04T14:00Z,NL,109.65
2024-01-04T15:00Z,NL,102.43
2024-01-04T16:00Z,NL,113.76
2024-01-04T17:00Z,NL,110.04
2024-01-04T18:00Z,NL,105.0
2024-01-04T19:00Z,NL,90.24
2024-01-04T20:00Z,NL,79.49
2024-01-04T21:00Z,NL,79.22
2024-01-04T22:00Z,NL,87.56
2024-01-04T23:00Z,NL,91.57
2024-01-05T00:00Z,NL,93.38
2024-01-05T01:00Z,NL,90.71
2024-01-05T02:00Z,NL,77.04
2024-01-05T03:00Z,NL,62.94
2024-01-05T04:00Z,NL,94.16
2024-01-05T05:00Z,NL,110.67
2024-01-05T06:00Z,NL,113.45
2024-01-05T07:00Z,NL,100.91
2024-01-05T08:00Z,NL,107.49
2024-01-05T09:00Z,NL,99.7
2024-01-05T10:00Z,NL,100.05
2024-01-05T11:00Z,NL,94.96
2024-01-05T12:00Z,NL,89.55
2024-01-05T13:00Z,NL,100.97
2024-01-05T14:00Z,NL,97.57
2024-01-05T15:00Z,NL,103.95
2024-01-05T16:00Z,NL,110.29
2024-01-05T17:00Z,NL,102.02
2024-01-05T18:00Z,NL,98.28
2024-01-05T19:00Z,NL,96.03
2024-01-05T20:00Z,NL,92.21
2024-01-05T21:00Z,NL,96.07
2024-01-05T22:00Z,NL,70.8
2024-01-05T23:00Z,NL,36.57
2024-01-06T00:00Z,NL,109.22
2024-01-06T01:00Z,NL,99.69
2024-01-06T02:00Z,NL,98.37
2024-01-06T03:00Z,NL,93.07
2024-01-06T04:00Z,NL,101.81
2024-01-06T05:00Z,NL,106.04
2024-01-06T06:00Z,NL,110.13
2024-01-06T07:00Z,NL,101.87
2024-01-06T08:00Z,NL,83.84
2024-01-06T09:00Z,NL,95.89
2024-01-06T10:00Z,NL,87.1
2024-01-06T11:00Z,NL,84.39
2024-01-06T12:00Z,NL,101.97
2024-01-06T13:00Z,NL,112.12
2024-01-06T14:00Z,NL,100.21
2024-01-06T15:00Z,NL,106.61
2024-01-06T16:00Z,NL,106.13
2024-01-06T17:00Z,NL,112.33
2024-01-06T18:00Z,NL,113.54
2024-01-06T19:00Z,NL,109.06
2024-01-06T20:00Z,NL,119.77
2024-01-06T21:00Z,NL,112.99
2024-01-06T22:00Z,NL,110.65
2024-01-06T23:00Z,NL,101.28
2024-01-07T00:00Z,NL,107.54
2024-01-07T01:00Z,NL,107.52
2024-01-07T02:00Z,NL,114.63
2024-01-07T03:00Z,NL,102.23
2024-01-07T04:00Z,NL,100.43
2024-01-07T05:00Z,NL,97.3
2024-01-07T06:00Z,NL,114.46
2024-01-07T07:00Z,NL,100.82
2024-01-07T08:00Z,NL,92.64
2024-01-07T09:00Z,NL,92.81
2024-01-07T10:00Z,NL,89.95
2024-01-07T11:00Z,NL,90.84
2024-01-07T12:00Z,NL,92.63
2024-01-07T13:00Z,NL,50.07
2024-01-07T14:00Z,NL,80.34
2024-01-07T15:00Z,NL,70.28
2024-01-07T16:00Z,NL,48.47
2024-01-07T17:00Z,NL,45.26
2024-01-07T18:00Z,NL,93.81
2024-01-07T19:00Z,NL,31.38
2024-01-07T20:00Z,NL,27.6
2024-01-07T21:00Z,NL,19.58
2024-01-07T22:00Z,NL,15.14
2024-01-07T23:00Z,NL,17.47
2024-01-08T00:00Z,NL,16.6
2024-01-08T01:00Z,NL,8.87
2024-01-08T02:00Z,NL,17.37
2024-01-08T03:00Z,NL,20.09
2024-01-08T04:00Z,NL,94.91
2024-01-08T05:00Z,NL,86.88
2024-01-08T06:00Z,NL,91.86
2024-01-08T07:00Z,NL,77.82
2024-01-08T08:00Z,NL,83.48
2024-01-08T09:00Z,NL,78.88
2024-01-08T10:00Z,NL,58.77
2024-01-08T11:00Z,NL,91.81
2024-01-08T12:00Z,NL,-0.25
2024-01-08T13:00Z,NL,72.51
2024-01-08T14:00Z,NL,84.34
2024-01-08T15:00Z,NL,83.3
2024-01-08T16:00Z,NL,86.92
2024-01-08T17:00Z,NL,72.65
2024-01-08T18:00Z,NL,59.72
2024-01-08T19:00Z,NL,2.5
2024-01-08T20:00Z,NL,27.09
2024-01-08T21:00Z,NL,16.2
2024-01-08T22:00Z,NL,7.05
2024-01-08T23:00Z,NL,15.15
2024-01-09T00:00Z,NL,14.02
2024-01-09T01:00Z,NL,12.37
2024-01-09T02:00Z,NL,10.34
2024-01-09T03:00Z,NL,14.57
2024-01-09T04:00Z,NL,18.51
2024-01-09T05:00Z,NL,24.77
2024-01-09T06:00Z,NL,59.5
2024-01-09T07:00Z,NL,69.18
2024-01-09T08:00Z,NL,62.88
2024-01-09T09:00Z,NL,33.57
2024-01-09T10:00Z,NL,29.93
2024-01-09T11:00Z,NL,34.09
2024-01-09T12:00Z,NL,45.15
2024-01-09T13:00Z,NL,20.36
2024-01-09T14:00Z,NL,23.44
2024-01-09T15:00Z,NL,61.44
2024-01-09T16:00Z,NL,71.93
2024-01-09T17:00Z,NL,75.28
2024-01-09T18:00Z,NL,65.69
2024-01-09T19:00Z,NL,58.04
2024-01-09T20:00Z,NL,60.49
2024-01-09T21:00Z,NL,91.37
2024-01-09T22:00Z,NL,0.61
2024-01-09T23:00Z,NL,8.43
2024-01-10T00:00Z,NL,6.89
2024-01-10T01:00Z,NL,5.55
2024-01-10T02:00Z,NL,6.5
2024-01-10T03:00Z,NL,6.53
2024-01-10T04:00Z,NL,13.03
2024-01-10T05:00Z,NL,96.62
2024-01-10T06:00Z,NL,8.53
2024-01-10T07:00Z,NL,89.63
2024-01-10T08:00Z,NL,51.81
2024-01-10T09:00Z,NL,89.67
2024-01-10T10:00Z,NL,6.0
2024-01-10T11:00Z,NL,5.69
2024-01-10T12:00Z,NL,82.71
2024-01-10T13:00Z,NL,79.34
2024-01-10T14:00Z,NL,88.59
2024-01-10T15:00Z,NL,91.93
2024-01-10T16:00Z,NL,103.51
2024-01-10T17:00Z,NL,86.47
2024-01-10T18:00Z,NL,89.89
2024-01-10T19:00Z,NL,86.8
2024-01-10T20:00Z,NL,85.06
2024-01-10T21:00Z,NL,83.55
2024-01-10T22:00Z,NL,72.13
2024-01-10T23:00Z,NL,81.43
2024-01-11T00:00Z,NL,51.29
2024-01-11T01:00Z,NL,28.72
2024-01-11T02:00Z,NL,29.12
2024-01-11T03:00Z,NL,31.77
2024-01-11T04:00Z,NL,41.77
2024-01-11T05:00Z,NL,101.11
2024-01-11T06:00Z,NL,101.9
2024-01-11T07:00Z,NL,101.7
2024-01-11T08:00Z,NL,98.34
2024-01-11T09:00Z,NL,95.1
2024-01-11T10:00Z,NL,97.78
2024-01-11T11:00Z,NL,89.15
2024-01-11T12:00Z,NL,84.03
2024-01-11T13:00Z,NL,92.25
2024-01-11T14:00Z,NL,104.43
2024-01-11T15:00Z,NL,96.98
2024-01-11T16:00Z,NL,96.81
2024-01-11T17:00Z,NL,95.78
2024-01-11T18:00Z,NL,89.77
2024-01-11T19:00Z,NL,95.52
2024-01-11T20:00Z,NL,89.72
2024-01-11T21:00Z,NL,79.8
2024-01-11T22:00Z,NL,54.05
2024-01-11T23:00Z,NL,42.96
2024-01-12T00:00Z,NL,42.81
2024-01-12T01:00Z,NL,41.63
2024-01-12T02:00Z,NL,111.58
2024-01-12T03:00Z,NL,110.04
2024-01-12T04:00Z,NL,105.59
2024-01-12T05:00Z,NL,114.53
2024-01-12T06:00Z,NL,116.15
2024-01-12T07:00Z,NL,129.26
2024-01-12T08:00Z,NL,115.61
2024-01-12T09:00Z,NL,120.71
2024-01-12T10:00Z,NL,119.35
2024-01-12T11:00Z,NL,111.71
2024-01-12T12:00Z,NL,109.51
2024-01-12T13:00Z,NL,118.09
2024-01-12T14:00Z,NL,111.05
2024-01-12T15:00Z,NL,127.31
2024-01-12T16:00Z,NL,126.55
2024-01-12T17:00Z,NL,125.18
2024-01-12T18:00Z,NL,128.33
2024-01-12T19:00Z,NL,122.56
2024-01-12T20:00Z,NL,120.51
2024-01-12T21:00Z,NL,120.38
2024-01-12T22:00Z,NL,111.71
2024-01-12T23:00Z,NL,89.58
2024-01-13T00:00Z,NL,89.41
2024-01-13T01:00Z,NL,87.7
2024-01-13T02:00Z,NL,88.48
2024-01-13T03:00Z,NL,92.66
2024-01-13T04:00Z,NL,100.38
2024-01-13T05:00Z,NL,109.59
2024-01-13T06:00Z,NL,112.38
2024-01-13T07:00Z,NL,107.49
2024-01-13T08:00Z,NL,104.18
2024-01-13T09:00Z,NL,97.11
2024-01-13T10:00Z,NL,92.57
2024-01-13T11:00Z,NL,92.9
2024-01-13T12:00Z,NL,95.03
2024-01-13T13:00Z,NL,97.17
2024-01-13T14:00Z,NL,97.74
2024-01-13T15:00Z,NL,101.99
2024-01-13T16:00Z,NL,99.32
2024-01-13T17:00Z,NL,103.86
2024-01-13T18:00Z,NL,96.29
2024-01-13T19:00Z,NL,94.1
2024-01-13T20:00Z,NL,95.53
2024-01-13T21:00Z,NL,96.94
2024-01-13T22:00Z,NL,98.56
2024-01-13T23:00Z,NL,100.42
2024-01-14T00:00Z,NL,100.79
2024-01-14T01:00Z,NL,98.25
2024-01-14T02:00Z,NL,101.97
2024-01-14T03:00Z,NL,101.85
2024-01-14T04:00Z,NL,102.36
2024-01-14T05:00Z,NL,106.68
2024-01-14T06:00Z,NL,110.19
2024-01-14T07:00Z,NL,109.18
2024-01-14T08:00Z,NL,103.65
2024-01-14T09:00Z,NL,99.73
2024-01-14T10:00Z,NL,100.53
2024-01-14T11:00Z,NL,103.92
2024-01-14T12:00Z,NL,104.33
2024-01-14T13:00Z,NL,109.58
2024-01-14T14:00Z,NL,107.69
2024-01-14T15:00Z,NL,99.67
2024-01-14T16:00Z,NL,97.56
2024-01-14T17:00Z,NL,100.47
2024-01-14T18:00Z,NL,98.02
2024-01-14T19:00Z,NL,95.38
2024-01-14T20:00Z,NL,97.21
2024-01-14T21:00Z,NL,91.6
2024-01-14T22:00Z,NL,87.92
2024-01-14T23:00Z,NL,98.5
2024-01-15T00:00Z,NL,90.15
2024-01-15T01:00Z,NL,93.99
2024-01-15T02:00Z,NL,96.01
2024-01-15T03:00Z,NL,93.33
2024-01-15T04:00Z,NL,96.07
2024-01-15T05:00Z,NL,100.28
2024-01-15T06:00Z,NL,98.33
2024-01-15T07:00Z,NL,105.85
2024-01-15T08:00Z,NL,96.84
2024-01-15T09:00Z,NL,89.47
2024-01-15T10:00Z,NL,87.04
2024-01-15T11:00Z,NL,84.96
2024-01-15T12:00Z,NL,79.97
2024-01-15T13:00Z,NL,79.38
2024-01-15T14:00Z,NL,80.11
2024-01-15T15:00Z,NL,98.1
2024-01-15T16:00Z,NL,106.62
2024-01-15T17:00Z,NL,98.66
2024-01-15T18:00Z,NL,90.35
2024-01-15T19:00Z,NL,83.01
2024-01-15T20:00Z,NL,81.58
2024-01-15T21:00Z,NL,67.45
2024-01-15T22:00Z,NL,34.92
2024-01-15T23:00Z,NL,23.19
2024-01-16T00:00Z,NL,10.1
2024-01-16T01:00Z,NL,23.09
2024-01-16T02:00Z,NL,32.11
2024-01-16T03:00Z,NL,27.88
2024-01-16T04:00Z,NL,50.74
2024-01-16T05:00Z,NL,106.96
2024-01-16T06:00Z,NL,103.73
2024-01-16T07:00Z,NL,100.8
2024-01-16T08:00Z,NL,92.63
2024-01-16T09:00Z,NL,90.07
2024-01-16T10:00Z,NL,85.34
2024-01-16T11:00Z,NL,83.34
2024-01-16T12:00Z,NL,80.91
2024-01-16T13:00Z,NL,80.74
2024-01-16T14:00Z,NL,83.71
2024-01-16T15:00Z,NL,99.67
2024-01-16T16:00Z,NL,108.53
2024-01-16T17:00Z,NL,96.34
2024-01-16T18:00Z,NL,91.95
2024-01-16T19:00Z,NL,91.74
2024-01-16T20:00Z,NL,91.59
2024-01-16T21:00Z,NL,79.46
2024-01-16T22:00Z,NL,37.19
2024-01-16T23:00Z,NL,5.58
2024-01-17T00:00Z,NL,4.48
2024-01-17T01:00Z,NL,3.44
2024-01-17T02:00Z,NL,2.68
2024-01-17T03:00Z,NL,1.69
2024-01-17T04:00Z,NL,20.93
2024-01-17T05:00Z,NL,93.23
2024-01-17T06:00Z,NL,103.92
2024-01-17T07:00Z,NL,86.97
2024-01-17T08:00Z,NL,83.7
2024-01-17T09:00Z,NL,79.92
2024-01-17T10:00Z,NL,23.6
2024-01-17T11:00Z,NL,5.0
2024-01-17T12:00Z,NL,2.4
2024-01-17T13:00Z,NL,10.73
2024-01-17T14:00Z,NL,24.22
2024-01-17T15:00Z,NL,84.86
2024-01-17T16:00Z,NL,80.87
2024-01-17T17:00Z,NL,76.58
2024-01-17T18:00Z,NL,57.6
2024-01-17T19:00Z,NL,18.2
2024-01-17T20:00Z,NL,2.75
2024-01-17T21:00Z,NL,2.19
2024-01-17T22:00Z,NL,-1.63
2024-01-17T23:00Z,NL,-2.88
2024-01-18T00:00Z,NL,-3.1
2024-01-18T01:00Z,NL,-6.26
2024-01-18T02:00Z,NL,-9.09
2024-01-18T03:00Z,NL,-7.19
2024-01-18T04:00Z,NL,7.08
2024-01-18T05:00Z,NL,24.51
2024-01-18T06:00Z,NL,73.6
2024-01-18T07:00Z,NL,81.27
2024-01-18T08:00Z,NL,37.32
2024-01-18T09:00Z,NL,23.81
2024-01-18T10:00Z,NL,2.24
2024-01-18T11:00Z,NL,1.51
2024-01-18T12:00Z,NL,4.85
2024-01-18T13:00Z,NL,14.13
2024-01-18T14:00Z,NL,94.78
2024-01-18T15:00Z,NL,82.54
2024-01-18T16:00Z,NL,80.27
2024-01-18T17:00Z,NL,86.81
2024-01-18T18:00Z,NL,81.53
2024-01-18T19:00Z,NL,79.71
2024-01-18T20:00Z,NL,74.2
2024-01-18T21:00Z,NL,75.37
2024-01-18T22:00Z,NL,22.86
2024-01-18T23:00Z,NL,2.35
2024-01-19T00:00Z,NL,-1.52
2024-01-19T01:00Z,NL,3.04
2024-01-19T02:00Z,NL,2.61
2024-01-19T03:00Z,NL,7.34
2024-01-19T04:00Z,NL,15.86
2024-01-19T05:00Z,NL,10.36
2024-01-19T06:00Z,NL,11.71
2024-01-19T07:00Z,NL,93.04
2024-01-19T08:00Z,NL,69.13
2024-01-19T09:00Z,NL,38.72
2024-01-19T10:00Z,NL,4.62
2024-01-19T11:00Z,NL,3.96
2024-01-19T12:00Z,NL,4.33
2024-01-19T13:00Z,NL,8.07
2024-01-19T14:00Z,NL,19.99
2024-01-19T15:00Z,NL,115.47
2024-01-19T16:00Z,NL,100.2
2024-01-19T17:00Z,NL,97.79
2024-01-19T18:00Z,NL,96.0
2024-01-19T19:00Z,NL,57.88
2024-01-19T20:00Z,NL,11.96
2024-01-19T21:00Z,NL,11.36
2024-01-19T22:00Z,NL,2.72
2024-01-19T23:00Z,NL,-4.89
2024-01-20T00:00Z,NL,-13.21
2024-01-20T01:00Z,NL,-18.41
2024-01-20T02:00Z,NL,-15.4
2024-01-20T03:00Z,NL,-12.48
2024-01-20T04:00Z,NL,4.73
2024-01-20T05:00Z,NL,9.07
2024-01-20T06:00Z,NL,8.5
2024-01-20T07:00Z,NL,3.28
2024-01-20T08:00Z,NL,0.91
2024-01-20T09:00Z,NL,-1.48
2024-01-20T10:00Z,NL,-10.68
2024-01-20T11:00Z,NL,-8.93
2024-01-20T12:00Z,NL,-11.4
2024-01-20T13:00Z,NL,3.95
2024-01-20T14:00Z,NL,2.94
2024-01-20T15:00Z,NL,9.62
2024-01-20T16:00Z,NL,15.03
2024-01-20T17:00Z,NL,6.09
2024-01-20T18:00Z,NL,3.44
2024-01-20T19:00Z,NL,3.08
2024-01-20T20:00Z,NL,0.22
2024-01-20T21:00Z,NL,-0.87
2024-01-20T22:00Z,NL,-4.11
2024-01-20T23:00Z,NL,-25.68
2024-01-21T00:00Z,NL,-26.62
2024-01-21T01:00Z,NL,-28.78
2024-01-21T02:00Z,NL,-16.28
2024-01-21T03:00Z,NL,1.2
2024-01-21T04:00Z,NL,5.63
2024-01-21T05:00Z,NL,3.03
2024-01-21T06:00Z,NL,6.68
2024-01-21T07:00Z,NL,13.24
2024-01-21T08:00Z,NL,3.66
2024-01-21T09:00Z,NL,3.61
2024-01-21T10:00Z,NL,2.22
2024-01-21T11:00Z,NL,4.94
2024-01-21T12:00Z,NL,-0.11
2024-01-21T13:00Z,NL,-0.09
2024-01-21T14:00Z,NL,-0.83
2024-01-21T15:00Z,NL,1.38
2024-01-21T16:00Z,NL,2.29
2024-01-21T17:00Z,NL,4.38
2024-01-21T18:00Z,NL,2.21
2024-01-21T19:00Z,NL,6.31
2024-01-21T20:00Z,NL,1.08
2024-01-21T21:00Z,NL,1.5
2024-01-21T22:00Z,NL,-2.29
2024-01-21T23:00Z,NL,26.54
2024-01-22T00:00Z,NL,8.45
2024-01-22T01:00Z,NL,7.19
2024-01-22T02:00Z,NL,20.51
2024-01-22T03:00Z,NL,18.23
2024-01-22T04:00Z,NL,32.99
2024-01-22T05:00Z,NL,99.2
2024-01-22T06:00Z,NL,92.25
2024-01-22T07:00Z,NL,98.71
2024-01-22T08:00Z,NL,84.37
2024-01-22T09:00Z,NL,87.86
2024-01-22T10:00Z,NL,91.39
2024-01-22T11:00Z,NL,84.47
2024-01-22T12:00Z,NL,100.49
2024-01-22T13:00Z,NL,87.14
2024-01-22T14:00Z,NL,72.18
2024-01-22T15:00Z,NL,104.43
2024-01-22T16:00Z,NL,109.5
2024-01-22T17:00Z,NL,106.63
2024-01-22T18:00Z,NL,98.87
2024-01-22T19:00Z,NL,93.34
2024-01-22T20:00Z,NL,93.42
2024-01-22T21:00Z,NL,101.97
2024-01-22T22:00Z,NL,95.88
2024-01-22T23:00Z,NL,103.76
2024-01-23T00:00Z,NL,103.53
2024-01-23T01:00Z,NL,98.68
2024-01-23T02:00Z,NL,102.68
2024-01-23T03:00Z,NL,108.82
2024-01-23T04:00Z,NL,109.25
2024-01-23T05:00Z,NL,120.14
2024-01-23T06:00Z,NL,127.11
2024-01-23T07:00Z,NL,120.97
2024-01-23T08:00Z,NL,118.84
2024-01-23T09:00Z,NL,114.34
2024-01-23T10:00Z,NL,112.61
2024-01-23T11:00Z,NL,111.09
2024-01-23T12:00Z,NL,107.28
2024-01-23T13:00Z,NL,111.12
2024-01-23T14:00Z,NL,122.48
2024-01-23T15:00Z,NL,132.08
2024-01-23T16:00Z,NL,131.61
2024-01-23T17:00Z,NL,130.74
2024-01-23T18:00Z,NL,125.64
2024-01-23T19:00Z,NL,125.14
2024-01-23T20:00Z,NL,126.65
2024-01-23T21:00Z,NL,126.34
2024-01-23T22:00Z,NL,125.19
2024-01-23T23:00Z,NL,109.34
2024-01-24T00:00Z,NL,109.68
2024-01-24T01:00Z,NL,114.22
2024-01-24T02:00Z,NL,110.3
2024-01-24T03:00Z,NL,112.52
2024-01-24T04:00Z,NL,119.5
2024-01-24T05:00Z,NL,129.63
2024-01-24T06:00Z,NL,121.92
2024-01-24T07:00Z,NL,123.91
2024-01-24T08:00Z,NL,116.29
2024-01-24T09:00Z,NL,117.35
2024-01-24T10:00Z,NL,112.13
2024-01-24T11:00Z,NL,111.06
2024-01-24T12:00Z,NL,109.8
2024-01-24T13:00Z,NL,108.93
2024-01-24T14:00Z,NL,110.12
2024-01-24T15:00Z,NL,123.58
2024-01-24T16:00Z,NL,119.14
2024-01-24T17:00Z,NL,119.15
2024-01-24T18:00Z,NL,111.17
2024-01-24T19:00Z,NL,110.52
2024-01-24T20:00Z,NL,113.15
2024-01-24T21:00Z,NL,100.98
2024-01-24T22:00Z,NL,106.67
2024-01-24T23:00Z,NL,98.73
2024-01-25T00:00Z,NL,95.63
2024-01-25T01:00Z,NL,91.98
2024-01-25T02:00Z,NL,93.24
2024-01-25T03:00Z,NL,104.82
2024-01-25T04:00Z,NL,107.08
2024-01-25T05:00Z,NL,114.16
2024-01-25T06:00Z,NL,108.9
2024-01-25T07:00Z,NL,105.58
2024-01-25T08:00Z,NL,101.64
2024-01-25T09:00Z,NL,100.18
2024-01-25T10:00Z,NL,100.61
2024-01-25T11:00Z,NL,103.64
2024-01-25T12:00Z,NL,109.55
2024-01-25T13:00Z,NL,108.5
2024-01-25T14:00Z,NL,112.21
2024-01-25T15:00Z,NL,109.44
2024-01-25T16:00Z,NL,109.94
2024-01-25T17:00Z,NL,105.42
2024-01-25T18:00Z,NL,107.03
2024-01-25T19:00Z,NL,104.7
2024-01-25T20:00Z,NL,106.54
2024-01-25T21:00Z,NL,106.67
2024-01-25T22:00Z,NL,106.85
2024-01-25T23:00Z,NL,96.65
2024-01-26T00:00Z,NL,94.74
2024-01-26T01:00Z,NL,95.57
2024-01-26T02:00Z,NL,95.21
2024-01-26T03:00Z,NL,100.37
2024-01-26T04:00Z,NL,101.21
2024-01-26T05:00Z,NL,110.48
2024-01-26T06:00Z,NL,108.92
2024-01-26T07:00Z,NL,107.77
2024-01-26T08:00Z,NL,105.14
2024-01-26T09:00Z,NL,104.44
2024-01-26T10:00Z,NL,97.84
2024-01-26T11:00Z,NL,101.17
2024-01-26T12:00Z,NL,101.41
2024-01-26T13:00Z,NL,109.46
2024-01-26T14:00Z,NL,117.31
2024-01-26T15:00Z,NL,117.96
2024-01-26T16:00Z,NL,106.28
2024-01-26T17:00Z,NL,113.93
2024-01-26T18:00Z,NL,104.5
2024-01-26T19:00Z,NL,91.6
2024-01-26T20:00Z,NL,86.66
2024-01-26T21:00Z,NL,81.08
2024-01-26T22:00Z,NL,84.56
2024-01-26T23:00Z,NL,81.96
2024-01-27T00:00Z,NL,81.9
2024-01-27T01:00Z,NL,79.44
2024-01-27T02:00Z,NL,83.57
2024-01-27T03:00Z,NL,86.06
2024-01-27T04:00Z,NL,85.16
2024-01-27T05:00Z,NL,97.04
2024-01-27T06:00Z,NL,95.32
2024-01-27T07:00Z,NL,93.93
2024-01-27T08:00Z,NL,89.02
2024-01-27T09:00Z,NL,84.44
2024-01-27T10:00Z,NL,84.84
2024-01-27T11:00Z,NL,92.29
2024-01-27T12:00Z,NL,91.12
2024-01-27T13:00Z,NL,96.18
2024-01-27T14:00Z,NL,94.55
2024-01-27T15:00Z,NL,102.23
2024-01-27T16:00Z,NL,104.94
2024-01-27T17:00Z,NL,101.76
2024-01-27T18:00Z,NL,94.17
2024-01-27T19:00Z,NL,92.4
2024-01-27T20:00Z,NL,89.05
2024-01-27T21:00Z,NL,87.38
2024-01-27T22:00Z,NL,81.32
2024-01-27T23:00Z,NL,77.53
2024-01-28T00:00Z,NL,78.78
2024-01-28T01:00Z,NL,77.11
2024-01-28T02:00Z,NL,75.57
2024-01-28T03:00Z,NL,76.04
2024-01-28T04:00Z,NL,86.79
2024-01-28T05:00Z,NL,85.09
2024-01-28T06:00Z,NL,96.24
2024-01-28T07:00Z,NL,88.76
2024-01-28T08:00Z,NL,88.9
2024-01-28T09:00Z,NL,86.36
2024-01-28T10:00Z,NL,45.48
2024-01-28T11:00Z,NL,26.23
2024-01-28T12:00Z,NL,4.67
2024-01-28T13:00Z,NL,21.66
2024-01-28T14:00Z,NL,10.31
2024-01-28T15:00Z,NL,48.71
2024-01-28T16:00Z,NL,84.67
2024-01-28T17:00Z,NL,76.28
2024-01-28T18:00Z,NL,89.91
2024-01-28T19:00Z,NL,92.32
2024-01-28T20:00Z,NL,81.94
2024-01-28T21:00Z,NL,76.36
2024-01-28T22:00Z,NL,86.03
2024-01-28T23:00Z,NL,85.95
2024-01-29T00:00Z,NL,-0.48
2024-01-29T01:00Z,NL,45.95
2024-01-29T02:00Z,NL,81.76
2024-01-29T03:00Z,NL,91.65
2024-01-29T04:00Z,NL,99.04
2024-01-29T05:00Z,NL,104.03
2024-01-29T06:00Z,NL,105.7
2024-01-29T07:00Z,NL,108.94
2024-01-29T08:00Z,NL,98.57
2024-01-29T09:00Z,NL,97.61
2024-01-29T10:00Z,NL,87.07
2024-01-29T11:00Z,NL,88.72
2024-01-29T12:00Z,NL,92.14
2024-01-29T13:00Z,NL,90.66
2024-01-29T14:00Z,NL,103.55
2024-01-29T15:00Z,NL,113.22
2024-01-29T16:00Z,NL,118.59
2024-01-29T17:00Z,NL,110.4
2024-01-29T18:00Z,NL,113.15
2024-01-29T19:00Z,NL,110.19
2024-01-29T20:00Z,NL,99.43
2024-01-29T21:00Z,NL,102.1
2024-01-29T22:00Z,NL,103.65
2024-01-29T23:00Z,NL,94.87
2024-01-30T00:00Z,NL,94.03
2024-01-30T01:00Z,NL,92.91
2024-01-30T02:00Z,NL,91.68
2024-01-30T03:00Z,NL,93.17
2024-01-30T04:00Z,NL,98.82
2024-01-30T05:00Z,NL,105.36
2024-01-30T06:00Z,NL,108.91
2024-01-30T07:00Z,NL,103.72
2024-01-30T08:00Z,NL,99.85
2024-01-30T09:00Z,NL,98.05
2024-01-30T10:00Z,NL,96.61
2024-01-30T11:00Z,NL,91.66
2024-01-30T12:00Z,NL,94.28
2024-01-30T13:00Z,NL,91.09
2024-01-30T14:00Z,NL,94.9
2024-01-30T15:00Z,NL,98.68
2024-01-30T16:00Z,NL,103.21
2024-01-30T17:00Z,NL,98.46
2024-01-30T18:00Z,NL,97.98
2024-01-30T19:00Z,NL,97.29
2024-01-30T20:00Z,NL,91.85
2024-01-30T21:00Z,NL,89.33
2024-01-30T22:00Z,NL,88.69
2024-01-30T23:00Z,NL,103.41
2024-01-31T00:00Z,NL,96.9
2024-01-31T01:00Z,NL,93.94
2024-01-31T02:00Z,NL,91.4
2024-01-31T03:00Z,NL,87.16
2024-01-31T04:00Z,NL,102.11
2024-01-31T05:00Z,NL,116.43
2024-01-31T06:00Z,NL,119.96
2024-01-31T07:00Z,NL,120.13
2024-01-31T08:00Z,NL,109.78
2024-01-31T09:00Z,NL,110.81
2024-01-31T10:00Z,NL,110.99
2024-01-31T11:00Z,NL,100.66
2024-01-31T12:00Z,NL,98.16
2024-01-31T13:00Z,NL,93.52
2024-01-31T14:00Z,NL,91.11
2024-01-31T15:00Z,NL,101.5
2024-01-31T16:00Z,NL,102.93
2024-01-31T17:00Z,NL,109.23
2024-01-31T18:00Z,NL,102.85
2024-01-31T19:00Z,NL,97.26
2024-01-31T20:00Z,NL,93.77
2024-01-31T21:00Z,NL,86.9
2024-01-31T22:00Z,NL,84.71
2024-01-31T23:00Z,NL,71.63
2024-02-01T00:00Z,NL,11.87
2024-02-01T01:00Z,NL,83.06
2024-02-01T02:00Z,NL,73.47
2024-02-01T03:00Z,NL,74.02
2024-02-01T04:00Z,NL,89.28
2024-02-01T05:00Z,NL,90.16
2024-02-01T06:00Z,NL,100.3
2024-02-01T07:00Z,NL,108.38
2024-02-01T08:00Z,NL,91.72
2024-02-01T09:00Z,NL,83.32
2024-02-01T10:00Z,NL,85.83
2024-02-01T11:00Z,NL,81.12
2024-02-01T12:00Z,NL,76.27
2024-02-01T13:00Z,NL,65.57
2024-02-01T14:00Z,NL,73.44
2024-02-01T15:00Z,NL,86.78
2024-02-01T16:00Z,NL,81.09
2024-02-01T17:00Z,NL,83.47
2024-02-01T18:00Z,NL,88.9
2024-02-01T19:00Z,NL,85.35
2024-02-01T20:00Z,NL,75.96
2024-02-01T21:00Z,NL,57.71
2024-02-01T22:00Z,NL,102.62
2024-02-01T23:00Z,NL,88.48
2024-02-02T00:00Z,NL,66.49
2024-02-02T01:00Z,NL,20.13
2024-02-02T02:00Z,NL,12.36
2024-02-02T03:00Z,NL,32.12
2024-02-02T04:00Z,NL,9.66
2024-02-02T05:00Z,NL,84.0
2024-02-02T06:00Z,NL,93.58
2024-02-02T07:00Z,NL,96.48
2024-02-02T08:00Z,NL,90.4
2024-02-02T09:00Z,NL,88.49
2024-02-02T10:00Z,NL,83.58
2024-02-02T11:00Z,NL,78.89
2024-02-02T12:00Z,NL,4.41
2024-02-02T13:00Z,NL,69.54
2024-02-02T14:00Z,NL,75.54
2024-02-02T15:00Z,NL,84.98
2024-02-02T16:00Z,NL,88.41
2024-02-02T17:00Z,NL,88.25
2024-02-02T18:00Z,NL,76.31
2024-02-02T19:00Z,NL,85.45
2024-02-02T20:00Z,NL,61.1
2024-02-02T21:00Z,NL,-0.13
2024-02-02T22:00Z,NL,84.6
2024-02-02T23:00Z,NL,17.36
2024-02-03T00:00Z,NL,7.11
2024-02-03T01:00Z,NL,18.47
2024-02-03T02:00Z,NL,20.35
2024-02-03T03:00Z,NL,3.8
2024-02-03T04:00Z,NL,27.67
2024-02-03T05:00Z,NL,51.36
2024-02-03T06:00Z,NL,49.2
2024-02-03T07:00Z,NL,67.36
2024-02-03T08:00Z,NL,44.7
2024-02-03T09:00Z,NL,25.19
2024-02-03T10:00Z,NL,36.3
2024-02-03T11:00Z,NL,29.1
2024-02-03T12:00Z,NL,20.7
2024-02-03T13:00Z,NL,9.7
2024-02-03T14:00Z,NL,28.1
2024-02-03T15:00Z,NL,43.69
2024-02-03T16:00Z,NL,78.29
2024-02-03T17:00Z,NL,45.87
2024-02-03T18:00Z,NL,44.27
2024-02-03T19:00Z,NL,38.62
2024-02-03T20:00Z,NL,19.73
2024-02-03T21:00Z,NL,15.65
2024-02-03T22:00Z,NL,17.17
2024-02-03T23:00Z,NL,11.4
2024-02-04T00:00Z,NL,9.97
2024-02-04T01:00Z,NL,9.05
2024-02-04T02:00Z,NL,15.34
2024-02-04T03:00Z,NL,8.84
2024-02-04T04:00Z,NL,5.73
2024-02-04T05:00Z,NL,7.62
2024-02-04T06:00Z,NL,15.66
2024-02-04T07:00Z,NL,13.44
2024-02-04T08:00Z,NL,6.29
2024-02-04T09:00Z,NL,4.02
2024-02-04T10:00Z,NL,-0.42
2024-02-04T11:00Z,NL,-1.57
2024-02-04T12:00Z,NL,-9.24
2024-02-04T13:00Z,NL,2.79
2024-02-04T14:00Z,NL,8.3
2024-02-04T15:00Z,NL,6.69
2024-02-04T16:00Z,NL,5.88
2024-02-04T17:00Z,NL,7.74
2024-02-04T18:00Z,NL,0.84
2024-02-04T19:00Z,NL,10.66
2024-02-04T20:00Z,NL,3.0
2024-02-04T21:00Z,NL,5.22
2024-02-04T22:00Z,NL,2.08
2024-02-04T23:00Z,NL,20.99
2024-02-05T00:00Z,NL,4.49
2024-02-05T01:00Z,NL,2.19
2024-02-05T02:00Z,NL,1.47
2024-02-05T03:00Z,NL,4.75
2024-02-05T04:00Z,NL,17.39
2024-02-05T05:00Z,NL,87.69
2024-02-05T06:00Z,NL,83.24
2024-02-05T07:00Z,NL,80.45
2024-02-05T08:00Z,NL,80.88
2024-02-05T09:00Z,NL,78.8
2024-02-05T10:00Z,NL,50.26
2024-02-05T11:00Z,NL,51.83
2024-02-05T12:00Z,NL,84.28
2024-02-05T13:00Z,NL,82.03
2024-02-05T14:00Z,NL,77.15
2024-02-05T15:00Z,NL,87.87
2024-02-05T16:00Z,NL,93.07
2024-02-05T17:00Z,NL,85.39
2024-02-05T18:00Z,NL,80.74
2024-02-05T19:00Z,NL,80.51
2024-02-05T20:00Z,NL,76.71
2024-02-05T21:00Z,NL,78.29
2024-02-05T22:00Z,NL,76.5
2024-02-05T23:00Z,NL,79.85
2024-02-06T00:00Z,NL,72.57
2024-02-06T01:00Z,NL,53.25
2024-02-06T02:00Z,NL,34.96
2024-02-06T03:00Z,NL,37.96
2024-02-06T04:00Z,NL,83.79
2024-02-06T05:00Z,NL,78.93
2024-02-06T06:00Z,NL,86.07
2024-02-06T07:00Z,NL,79.38
2024-02-06T08:00Z,NL,86.78
2024-02-06T09:00Z,NL,83.71
2024-02-06T10:00Z,NL,81.23
2024-02-06T11:00Z,NL,80.97
2024-02-06T12:00Z,NL,76.4
2024-02-06T13:00Z,NL,76.81
2024-02-06T14:00Z,NL,82.13
2024-02-06T15:00Z,NL,100.1
2024-02-06T16:00Z,NL,97.66
2024-02-06T17:00Z,NL,94.26
2024-02-06T18:00Z,NL,95.9
2024-02-06T19:00Z,NL,89.68
2024-02-06T20:00Z,NL,83.18
2024-02-06T21:00Z,NL,78.03
2024-02-06T22:00Z,NL,71.32
2024-02-06T23:00Z,NL,64.18
2024-02-07T00:00Z,NL,48.55
2024-02-07T01:00Z,NL,68.08
2024-02-07T02:00Z,NL,57.46
2024-02-07T03:00Z,NL,86.16
2024-02-07T04:00Z,NL,79.98
2024-02-07T05:00Z,NL,88.23
2024-02-07T06:00Z,NL,93.57
2024-02-07T07:00Z,NL,93.73
2024-02-07T08:00Z,NL,89.23
2024-02-07T09:00Z,NL,92.37
2024-02-07T10:00Z,NL,90.98
2024-02-07T11:00Z,NL,85.52
2024-02-07T12:00Z,NL,90.87
2024-02-07T13:00Z,NL,89.62
2024-02-07T14:00Z,NL,97.59
2024-02-07T15:00Z,NL,99.88
2024-02-07T16:00Z,NL,105.61
2024-02-07T17:00Z,NL,104.81
2024-02-07T18:00Z,NL,96.38
2024-02-07T19:00Z,NL,92.96
2024-02-07T20:00Z,NL,91.25
2024-02-07T21:00Z,NL,85.53
2024-02-07T22:00Z,NL,82.06
2024-02-07T23:00Z,NL,76.58
2024-02-08T00:00Z,NL,72.19
2024-02-08T01:00Z,NL,72.17
2024-02-08T02:00Z,NL,66.18
2024-02-08T03:00Z,NL,65.86
2024-02-08T04:00Z,NL,78.47
2024-02-08T05:00Z,NL,82.88
2024-02-08T06:00Z,NL,95.34
2024-02-08T07:00Z,NL,88.61
2024-02-08T08:00Z,NL,87.48
2024-02-08T09:00Z,NL,85.78
2024-02-08T10:00Z,NL,82.26
2024-02-08T11:00Z,NL,93.82
2024-02-08T12:00Z,NL,86.97
2024-02-08T13:00Z,NL,87.26
2024-02-08T14:00Z,NL,89.97
2024-02-08T15:00Z,NL,95.59
2024-02-08T16:00Z,NL,102.61
2024-02-08T17:00Z,NL,96.69
2024-02-08T18:00Z,NL,85.08
2024-02-08T19:00Z,NL,89.03
2024-02-08T20:00Z,NL,83.64
2024-02-08T21:00Z,NL,69.52
2024-02-08T22:00Z,NL,45.07
2024-02-08T23:00Z,NL,43.84
2024-02-09T00:00Z,NL,28.09
2024-02-09T01:00Z,NL,29.47
2024-02-09T02:00Z,NL,1.57
2024-02-09T03:00Z,NL,45.68
2024-02-09T04:00Z,NL,76.69
2024-02-09T05:00Z,NL,82.7
2024-02-09T06:00Z,NL,64.21
2024-02-09T07:00Z,NL,64.23
2024-02-09T08:00Z,NL,64.35
2024-02-09T09:00Z,NL,60.36
2024-02-09T10:00Z,NL,64.49
2024-02-09T11:00Z,NL,61.08
2024-02-09T12:00Z,NL,40.56
2024-02-09T13:00Z,NL,39.66
2024-02-09T14:00Z,NL,39.01
2024-02-09T15:00Z,NL,74.16
2024-02-09T16:00Z,NL,67.25
2024-02-09T17:00Z,NL,74.76
2024-02-09T18:00Z,NL,74.58
2024-02-09T19:00Z,NL,67.71
2024-02-09T20:00Z,NL,48.95
2024-02-09T21:00Z,NL,35.84
2024-02-09T22:00Z,NL,29.27
2024-02-09T23:00Z,NL,26.52
2024-02-10T00:00Z,NL,22.61
2024-02-10T01:00Z,NL,16.19
2024-02-10T02:00Z,NL,26.13
2024-02-10T03:00Z,NL,20.84
2024-02-10T04:00Z,NL,39.59
2024-02-10T05:00Z,NL,53.92
2024-02-10T06:00Z,NL,74.98
2024-02-10T07:00Z,NL,65.45
2024-02-10T08:00Z,NL,4.82
2024-02-10T09:00Z,NL,35.22
2024-02-10T10:00Z,NL,6.66
2024-02-10T11:00Z,NL,5.33
2024-02-10T12:00Z,NL,27.04
2024-02-10T13:00Z,NL,37.76
2024-02-10T14:00Z,NL,67.77
2024-02-10T15:00Z,NL,60.28
2024-02-10T16:00Z,NL,91.78
2024-02-10T17:00Z,NL,91.7
2024-02-10T18:00Z,NL,81.33
2024-02-10T19:00Z,NL,80.78
2024-02-10T20:00Z,NL,84.93
2024-02-10T21:00Z,NL,82.27
2024-02-10T22:00Z,NL,73.63
2024-02-10T23:00Z,NL,30.52
2024-02-11T00:00Z,NL,30.52
2024-02-11T01:00Z,NL,15.47
2024-02-11T02:00Z,NL,26.92
2024-02-11T03:00Z,NL,26.19
2024-02-11T04:00Z,NL,36.39
2024-02-11T05:00Z,NL,73.95
2024-02-11T06:00Z,NL,69.84
2024-02-11T07:00Z,NL,26.83
2024-02-11T08:00Z,NL,9.14
2024-02-11T09:00Z,NL,10.92
2024-02-11T10:00Z,NL,8.64
2024-02-11T11:00Z,NL,3.16
2024-02-11T12:00Z,NL,16.2
2024-02-11T13:00Z,NL,18.36
2024-02-11T14:00Z,NL,22.15
2024-02-11T15:00Z,NL,88.38
2024-02-11T16:00Z,NL,66.47
2024-02-11T17:00Z,NL,58.73
2024-02-11T18:00Z,NL,61.07
2024-02-11T19:00Z,NL,60.03
2024-02-11T20:00Z,NL,62.49
2024-02-11T21:00Z,NL,71.21
2024-02-11T22:00Z,NL,18.46
2024-02-11T23:00Z,NL,45.35
2024-02-12T00:00Z,NL,24.51
2024-02-12T01:00Z,NL,17.04
2024-02-12T02:00Z,NL,17.54
2024-02-12T03:00Z,NL,6.52
2024-02-12T04:00Z,NL,34.48
2024-02-12T05:00Z,NL,12.87
2024-02-12T06:00Z,NL,72.55
2024-02-12T07:00Z,NL,71.55
2024-02-12T08:00Z,NL,53.62
2024-02-12T09:00Z,NL,6.23
2024-02-12T10:00Z,NL,12.16
2024-02-12T11:00Z,NL,24.36
2024-02-12T12:00Z,NL,18.65
2024-02-12T13:00Z,NL,30.18
2024-02-12T14:00Z,NL,20.79
2024-02-12T15:00Z,NL,63.11
2024-02-12T16:00Z,NL,82.78
2024-02-12T17:00Z,NL,73.52
2024-02-12T18:00Z,NL,69.49
2024-02-12T19:00Z,NL,72.23
2024-02-12T20:00Z,NL,59.58
2024-02-12T21:00Z,NL,1.67
2024-02-12T22:00Z,NL,35.64
2024-02-12T23:00Z,NL,22.15
2024-02-13T00:00Z,NL,11.51
2024-02-13T01:00Z,NL,4.26
2024-02-13T02:00Z,NL,11.34
2024-02-13T03:00Z,NL,4.03
2024-02-13T04:00Z,NL,7.7
2024-02-13T05:00Z,NL,25.29
2024-02-13T06:00Z,NL,37.66
2024-02-13T07:00Z,NL,4.4
2024-02-13T08:00Z,NL,4.9
2024-02-13T09:00Z,NL,5.64
2024-02-13T10:00Z,NL,3.15
2024-02-13T11:00Z,NL,16.25
2024-02-13T12:00Z,NL,4.81
2024-02-13T13:00Z,NL,27.08
2024-02-13T14:00Z,NL,4.65
2024-02-13T15:00Z,NL,80.84
2024-02-13T16:00Z,NL,82.15
2024-02-13T17:00Z,NL,73.88
2024-02-13T18:00Z,NL,71.77
2024-02-13T19:00Z,NL,68.19
2024-02-13T20:00Z,NL,58.71
2024-02-13T21:00Z,NL,55.66
2024-02-13T22:00Z,NL,4.72
2024-02-13T23:00Z,NL,38.07
2024-02-14T00:00Z,NL,5.37
2024-02-14T01:00Z,NL,72.59
2024-02-14T02:00Z,NL,71.51
2024-02-14T03:00Z,NL,72.38
2024-02-14T04:00Z,NL,72.9
2024-02-14T05:00Z,NL,78.85
2024-02-14T06:00Z,NL,85.26
2024-02-14T07:00Z,NL,82.42
2024-02-14T08:00Z,NL,75.98
2024-02-14T09:00Z,NL,70.31
2024-02-14T10:00Z,NL,76.57
2024-02-14T11:00Z,NL,71.78
2024-02-14T12:00Z,NL,66.88
2024-02-14T13:00Z,NL,86.59
2024-02-14T14:00Z,NL,87.81
2024-02-14T15:00Z,NL,93.13
2024-02-14T16:00Z,NL,109.32
2024-02-14T17:00Z,NL,89.26
2024-02-14T18:00Z,NL,89.11
2024-02-14T19:00Z,NL,88.42
2024-02-14T20:00Z,NL,81.38
2024-02-14T21:00Z,NL,79.44
2024-02-14T22:00Z,NL,82.64
2024-02-14T23:00Z,NL,76.54
2024-02-15T00:00Z,NL,74.09
2024-02-15T01:00Z,NL,71.09
2024-02-15T02:00Z,NL,72.96
2024-02-15T03:00Z,NL,72.7
2024-02-15T04:00Z,NL,81.92
2024-02-15T05:00Z,NL,89.23
2024-02-15T06:00Z,NL,96.84
2024-02-15T07:00Z,NL,86.45
2024-02-15T08:00Z,NL,86.11
2024-02-15T09:00Z,NL,84.9
2024-02-15T10:00Z,NL,82.46
2024-02-15T11:00Z,NL,81.14
2024-02-15T12:00Z,NL,80.73
2024-02-15T13:00Z,NL,86.52
2024-02-15T14:00Z,NL,82.61
2024-02-15T15:00Z,NL,86.81
2024-02-15T16:00Z,NL,87.32
2024-02-15T17:00Z,NL,85.13
2024-02-15T18:00Z,NL,81.74
2024-02-15T19:00Z,NL,76.88
2024-02-15T20:00Z,NL,73.36
2024-02-15T21:00Z,NL,69.24
2024-02-15T22:00Z,NL,53.15
2024-02-15T23:00Z,NL,47.73
2024-02-16T00:00Z,NL,33.57
2024-02-16T01:00Z,NL,26.39
2024-02-16T02:00Z,NL,28.1
2024-02-16T03:00Z,NL,40.0
2024-02-16T04:00Z,NL,83.5
2024-02-16T05:00Z,NL,87.96
2024-02-16T06:00Z,NL,96.55
2024-02-16T07:00Z,NL,98.65
2024-02-16T08:00Z,NL,91.13
2024-02-16T09:00Z,NL,83.68
2024-02-16T10:00Z,NL,97.99
2024-02-16T11:00Z,NL,89.6
2024-02-16T12:00Z,NL,96.74
2024-02-16T13:00Z,NL,100.68
2024-02-16T14:00Z,NL,104.53
2024-02-16T15:00Z,NL,114.75
2024-02-16T16:00Z,NL,111.74
2024-02-16T17:00Z,NL,111.11
2024-02-16T18:00Z,NL,100.09
2024-02-16T19:00Z,NL,95.94
2024-02-16T20:00Z,NL,90.24
2024-02-16T21:00Z,NL,85.96
2024-02-16T22:00Z,NL,86.51
2024-02-16T23:00Z,NL,78.31
2024-02-17T00:00Z,NL,79.13
2024-02-17T01:00Z,NL,80.46
2024-02-17T02:00Z,NL,79.98
2024-02-17T03:00Z,NL,78.13
2024-02-17T04:00Z,NL,79.17
2024-02-17T05:00Z,NL,87.36
2024-02-17T06:00Z,NL,87.19
2024-02-17T07:00Z,NL,84.33
2024-02-17T08:00Z,NL,81.8
2024-02-17T09:00Z,NL,78.05
2024-02-17T10:00Z,NL,72.21
2024-02-17T11:00Z,NL,69.62
2024-02-17T12:00Z,NL,73.15
2024-02-17T13:00Z,NL,77.96
2024-02-17T14:00Z,NL,79.73
2024-02-17T15:00Z,NL,82.93
2024-02-17T16:00Z,NL,80.48
2024-02-17T17:00Z,NL,78.08
2024-02-17T18:00Z,NL,72.17
2024-02-17T19:00Z,NL,75.88
2024-02-17T20:00Z,NL,74.31
2024-02-17T21:00Z,NL,68.53
2024-02-17T22:00Z,NL,72.03
2024-02-17T23:00Z,NL,44.4
2024-02-18T00:00Z,NL,84.57
2024-02-18T01:00Z,NL,37.81
2024-02-18T02:00Z,NL,59.09
2024-02-18T03:00Z,NL,48.62
2024-02-18T04:00Z,NL,76.79
2024-02-18T05:00Z,NL,86.17
2024-02-18T06:00Z,NL,85.22
2024-02-18T07:00Z,NL,5.45
2024-02-18T08:00Z,NL,37.97
2024-02-18T09:00Z,NL,44.94
2024-02-18T10:00Z,NL,10.93
2024-02-18T11:00Z,NL,10.39
2024-02-18T12:00Z,NL,4.34
2024-02-18T13:00Z,NL,10.5
2024-02-18T14:00Z,NL,8.25
2024-02-18T15:00Z,NL,15.82
2024-02-18T16:00Z,NL,13.26
2024-02-18T17:00Z,NL,5.57
2024-02-18T18:00Z,NL,25.52
2024-02-18T19:00Z,NL,5.06
2024-02-18T20:00Z,NL,11.44
2024-02-18T21:00Z,NL,37.44
2024-02-18T22:00Z,NL,34.87
2024-02-18T23:00Z,NL,87.52
2024-02-19T00:00Z,NL,85.31
2024-02-19T01:00Z,NL,30.55
2024-02-19T02:00Z,NL,19.05
2024-02-19T03:00Z,NL,33.27
2024-02-19T04:00Z,NL,38.62
2024-02-19T05:00Z,NL,69.85
2024-02-19T06:00Z,NL,84.13
2024-02-19T07:00Z,NL,74.49
2024-02-19T08:00Z,NL,72.62
2024-02-19T09:00Z,NL,55.4
2024-02-19T10:00Z,NL,-0.32
2024-02-19T11:00Z,NL,36.71
2024-02-19T12:00Z,NL,27.63
2024-02-19T13:00Z,NL,6.35
2024-02-19T14:00Z,NL,24.55
2024-02-19T15:00Z,NL,64.51
2024-02-19T16:00Z,NL,80.85
2024-02-19T17:00Z,NL,75.38
2024-02-19T18:00Z,NL,72.12
2024-02-19T19:00Z,NL,65.17
2024-02-19T20:00Z,NL,59.2
2024-02-19T21:00Z,NL,3.86
2024-02-19T22:00Z,NL,16.21
2024-02-19T23:00Z,NL,27.93
2024-02-20T00:00Z,NL,22.65
2024-02-20T01:00Z,NL,28.97
2024-02-20T02:00Z,NL,37.29
2024-02-20T03:00Z,NL,14.93
2024-02-20T04:00Z,NL,22.21
2024-02-20T05:00Z,NL,80.12
2024-02-20T06:00Z,NL,77.09
2024-02-20T07:00Z,NL,68.0
2024-02-20T08:00Z,NL,61.17
2024-02-20T09:00Z,NL,65.21
2024-02-20T10:00Z,NL,26.01
2024-02-20T11:00Z,NL,6.45
2024-02-20T12:00Z,NL,2.67
2024-02-20T13:00Z,NL,5.6
2024-02-20T14:00Z,NL,8.29
2024-02-20T15:00Z,NL,48.77
2024-02-20T16:00Z,NL,70.71
2024-02-20T17:00Z,NL,67.57
2024-02-20T18:00Z,NL,48.38
2024-02-20T19:00Z,NL,53.52
2024-02-20T20:00Z,NL,71.17
2024-02-20T21:00Z,NL,27.57
2024-02-20T22:00Z,NL,20.15
2024-02-20T23:00Z,NL,32.01
2024-02-21T00:00Z,NL,19.65
2024-02-21T01:00Z,NL,6.85
2024-02-21T02:00Z,NL,6.06
2024-02-21T03:00Z,NL,12.66
2024-02-21T04:00Z,NL,36.3
2024-02-21T05:00Z,NL,12.31
2024-02-21T06:00Z,NL,68.82
2024-02-21T07:00Z,NL,66.05
2024-02-21T08:00Z,NL,59.68
2024-02-21T09:00Z,NL,65.27
2024-02-21T10:00Z,NL,57.0
2024-02-21T11:00Z,NL,47.39
2024-02-21T12:00Z,NL,41.29
2024-02-21T13:00Z,NL,43.73
2024-02-21T14:00Z,NL,5.07
2024-02-21T15:00Z,NL,79.26
2024-02-21T16:00Z,NL,83.53
2024-02-21T17:00Z,NL,78.84
2024-02-21T18:00Z,NL,75.75
2024-02-21T19:00Z,NL,68.4
2024-02-21T20:00Z,NL,72.99
2024-02-21T21:00Z,NL,73.42
2024-02-21T22:00Z,NL,66.55
2024-02-21T23:00Z,NL,46.78
2024-02-22T00:00Z,NL,3.03
2024-02-22T01:00Z,NL,46.93
2024-02-22T02:00Z,NL,40.34
2024-02-22T03:00Z,NL,41.74
2024-02-22T04:00Z,NL,46.8
2024-02-22T05:00Z,NL,66.4
2024-02-22T06:00Z,NL,72.71
2024-02-22T07:00Z,NL,53.35
2024-02-22T08:00Z,NL,64.3
2024-02-22T09:00Z,NL,58.34
2024-02-22T10:00Z,NL,3.17
2024-02-22T11:00Z,NL,20.96
2024-02-22T12:00Z,NL,28.57
2024-02-22T13:00Z,NL,25.34
2024-02-22T14:00Z,NL,33.14
2024-02-22T15:00Z,NL,51.01
2024-02-22T16:00Z,NL,85.09
2024-02-22T17:00Z,NL,79.06
2024-02-22T18:00Z,NL,74.27
2024-02-22T19:00Z,NL,60.73
2024-02-22T20:00Z,NL,-0.77
2024-02-22T21:00Z,NL,6.91
2024-02-22T22:00Z,NL,4.14
2024-02-22T23:00Z,NL,8.6
2024-02-23T00:00Z,NL,2.98
2024-02-23T01:00Z,NL,2.49
2024-02-23T02:00Z,NL,7.48
2024-02-23T03:00Z,NL,5.01
2024-02-23T04:00Z,NL,9.19
2024-02-23T05:00Z,NL,38.94
2024-02-23T06:00Z,NL,58.73
2024-02-23T07:00Z,NL,62.78
2024-02-23T08:00Z,NL,65.85
2024-02-23T09:00Z,NL,45.14
2024-02-23T10:00Z,NL,73.91
2024-02-23T11:00Z,NL,26.27
2024-02-23T12:00Z,NL,5.76
2024-02-23T13:00Z,NL,21.92
2024-02-23T14:00Z,NL,7.31
2024-02-23T15:00Z,NL,46.17
2024-02-23T16:00Z,NL,55.32
2024-02-23T17:00Z,NL,70.18
2024-02-23T18:00Z,NL,45.47
2024-02-23T19:00Z,NL,14.86
2024-02-23T20:00Z,NL,5.63
2024-02-23T21:00Z,NL,3.41
2024-02-23T22:00Z,NL,1.52
2024-02-23T23:00Z,NL,-4.69
2024-02-24T00:00Z,NL,-9.68
2024-02-24T01:00Z,NL,-13.41
2024-02-24T02:00Z,NL,-9.73
2024-02-24T03:00Z,NL,-4.08
2024-02-24T04:00Z,NL,-8.48
2024-02-24T05:00Z,NL,3.29
2024-02-24T06:00Z,NL,4.72
2024-02-24T07:00Z,NL,-1.6
2024-02-24T08:00Z,NL,-14.87
2024-02-24T09:00Z,NL,-20.03
2024-02-24T10:00Z,NL,-25.68
2024-02-24T11:00Z,NL,-30.38
2024-02-24T12:00Z,NL,-28.58
2024-02-24T13:00Z,NL,-20.62
2024-02-24T14:00Z,NL,-9.2
2024-02-24T15:00Z,NL,5.3
2024-02-24T16:00Z,NL,8.79
2024-02-24T17:00Z,NL,4.57
2024-02-24T18:00Z,NL,3.37
2024-02-24T19:00Z,NL,3.78
2024-02-24T20:00Z,NL,2.63
2024-02-24T21:00Z,NL,-0.64
2024-02-24T22:00Z,NL,-0.74
2024-02-24T23:00Z,NL,-13.91
2024-02-25T00:00Z,NL,-19.07
2024-02-25T01:00Z,NL,-30.69
2024-02-25T02:00Z,NL,-11.79
2024-02-25T03:00Z,NL,-18.71
2024-02-25T04:00Z,NL,5.75
2024-02-25T05:00Z,NL,5.77
2024-02-25T06:00Z,NL,7.39
2024-02-25T07:00Z,NL,-0.91
2024-02-25T08:00Z,NL,-13.32
2024-02-25T09:00Z,NL,-16.75
2024-02-25T10:00Z,NL,-49.01
2024-02-25T11:00Z,NL,-63.67
2024-02-25T12:00Z,NL,-42.86
2024-02-25T13:00Z,NL,14.84
2024-02-25T14:00Z,NL,2.01
2024-02-25T15:00Z,NL,21.21
2024-02-25T16:00Z,NL,19.4
2024-02-25T17:00Z,NL,23.06
2024-02-25T18:00Z,NL,39.84
2024-02-25T19:00Z,NL,84.66
2024-02-25T20:00Z,NL,-1.14
2024-02-25T21:00Z,NL,22.25
2024-02-25T22:00Z,NL,31.44
2024-02-25T23:00Z,NL,51.57
2024-02-26T00:00Z,NL,77.05
2024-02-26T01:00Z,NL,31.56
2024-02-26T02:00Z,NL,24.86
2024-02-26T03:00Z,NL,26.36
2024-02-26T04:00Z,NL,54.02
2024-02-26T05:00Z,NL,89.29
2024-02-26T06:00Z,NL,95.1
2024-02-26T07:00Z,NL,82.51
2024-02-26T08:00Z,NL,79.79
2024-02-26T09:00Z,NL,73.94
2024-02-26T10:00Z,NL,77.56
2024-02-26T11:00Z,NL,69.19
2024-02-26T12:00Z,NL,50.22
2024-02-26T13:00Z,NL,83.91
2024-02-26T14:00Z,NL,84.35
2024-02-26T15:00Z,NL,78.85
2024-02-26T16:00Z,NL,74.46
2024-02-26T17:00Z,NL,83.03
2024-02-26T18:00Z,NL,77.07
2024-02-26T19:00Z,NL,76.91
2024-02-26T20:00Z,NL,78.4
2024-02-26T21:00Z,NL,74.92
2024-02-26T22:00Z,NL,73.39
2024-02-26T23:00Z,NL,89.86
2024-02-27T00:00Z,NL,91.81
2024-02-27T01:00Z,NL,83.46
2024-02-27T02:00Z,NL,87.11
2024-02-27T03:00Z,NL,84.09
2024-02-27T04:00Z,NL,91.69
2024-02-27T05:00Z,NL,102.38
2024-02-27T06:00Z,NL,105.46
2024-02-27T07:00Z,NL,91.13
2024-02-27T08:00Z,NL,88.86
2024-02-27T09:00Z,NL,86.23
2024-02-27T10:00Z,NL,85.04
2024-02-27T11:00Z,NL,84.4
2024-02-27T12:00Z,NL,84.86
2024-02-27T13:00Z,NL,80.87
2024-02-27T14:00Z,NL,80.93
2024-02-27T15:00Z,NL,96.93
2024-02-27T16:00Z,NL,98.28
2024-02-27T17:00Z,NL,95.65
2024-02-27T18:00Z,NL,94.19
2024-02-27T19:00Z,NL,89.66
2024-02-27T20:00Z,NL,85.33
2024-02-27T21:00Z,NL,92.51
2024-02-27T22:00Z,NL,85.93
2024-02-27T23:00Z,NL,70.3
2024-02-28T00:00Z,NL,70.78
2024-02-28T01:00Z,NL,71.63
2024-02-28T02:00Z,NL,66.79
2024-02-28T03:00Z,NL,67.16
2024-02-28T04:00Z,NL,73.0
2024-02-28T05:00Z,NL,81.56
2024-02-28T06:00Z,NL,84.46
2024-02-28T07:00Z,NL,72.4
2024-02-28T08:00Z,NL,71.33
2024-02-28T09:00Z,NL,67.67
2024-02-28T10:00Z,NL,68.01
2024-02-28T11:00Z,NL,70.08
2024-02-28T12:00Z,NL,70.85
2024-02-28T13:00Z,NL,70.6
2024-02-28T14:00Z,NL,80.26
2024-02-28T15:00Z,NL,78.36
2024-02-28T16:00Z,NL,89.64
2024-02-28T17:00Z,NL,74.46
2024-02-28T18:00Z,NL,73.9
2024-02-28T19:00Z,NL,68.84
2024-02-28T20:00Z,NL,71.24
2024-02-28T21:00Z,NL,65.06
2024-02-28T22:00Z,NL,65.36
2024-02-28T23:00Z,NL,72.91
2024-02-29T00:00Z,NL,74.94
2024-02-29T01:00Z,NL,71.55
2024-02-29T02:00Z,NL,72.4
2024-02-29T03:00Z,NL,80.04
2024-02-29T04:00Z,NL,87.84
2024-02-29T05:00Z,NL,94.92
2024-02-29T06:00Z,NL,91.69
2024-02-29T07:00Z,NL,82.19
2024-02-29T08:00Z,NL,82.37
2024-02-29T09:00Z,NL,77.92
2024-02-29T10:00Z,NL,76.13
2024-02-29T11:00Z,NL,76.04
2024-02-29T12:00Z,NL,75.86
2024-02-29T13:00Z,NL,84.73
2024-02-29T14:00Z,NL,86.07
2024-02-29T15:00Z,NL,91.57
2024-02-29T16:00Z,NL,105.17
2024-02-29T17:00Z,NL,92.07
2024-02-29T18:00Z,NL,86.52
2024-02-29T19:00Z,NL,82.07
2024-02-29T20:00Z,NL,82.61
2024-02-29T21:00Z,NL,84.9
2024-02-29T22:00Z,NL,78.92
2024-02-29T23:00Z,NL,78.48
2024-03-01T00:00Z,NL,79.74
2024-03-01T01:00Z,NL,75.96
2024-03-01T02:00Z,NL,74.98
2024-03-01T03:00Z,NL,78.39
2024-03-01T04:00Z,NL,85.62
2024-03-01T05:00Z,NL,95.07
2024-03-01T06:00Z,NL,94.01
2024-03-01T07:00Z,NL,84.22
2024-03-01T08:00Z,NL,80.68
2024-03-01T09:00Z,NL,79.63
2024-03-01T10:00Z,NL,75.62
2024-03-01T11:00Z,NL,76.44
2024-03-01T12:00Z,NL,76.05
2024-03-01T13:00Z,NL,84.52
2024-03-01T14:00Z,NL,85.73
2024-03-01T15:00Z,NL,89.22
2024-03-01T16:00Z,NL,90.56
2024-03-01T17:00Z,NL,89.95
2024-03-01T18:00Z,NL,85.22
2024-03-01T19:00Z,NL,82.18
2024-03-01T20:00Z,NL,75.49
2024-03-01T21:00Z,NL,73.9
2024-03-01T22:00Z,NL,71.52
2024-03-01T23:00Z,NL,69.95
2024-03-02T00:00Z,NL,73.29
2024-03-02T01:00Z,NL,68.65
2024-03-02T02:00Z,NL,69.75
2024-03-02T03:00Z,NL,68.3
2024-03-02T04:00Z,NL,70.67
2024-03-02T05:00Z,NL,76.17
2024-03-02T06:00Z,NL,70.85
2024-03-02T07:00Z,NL,70.01
2024-03-02T08:00Z,NL,67.57
2024-03-02T09:00Z,NL,62.95
2024-03-02T10:00Z,NL,49.94
2024-03-02T11:00Z,NL,31.83
2024-03-02T12:00Z,NL,23.97
2024-03-02T13:00Z,NL,30.79
2024-03-02T14:00Z,NL,55.92
2024-03-02T15:00Z,NL,67.42
2024-03-02T16:00Z,NL,81.18
2024-03-02T17:00Z,NL,73.56
2024-03-02T18:00Z,NL,74.14
2024-03-02T19:00Z,NL,70.74
2024-03-02T20:00Z,NL,65.54
2024-03-02T21:00Z,NL,69.73
2024-03-02T22:00Z,NL,62.18
2024-03-02T23:00Z,NL,48.12
2024-03-03T00:00Z,NL,65.77
2024-03-03T01:00Z,NL,62.27
2024-03-03T02:00Z,NL,59.18
2024-03-03T03:00Z,NL,60.66
2024-03-03T04:00Z,NL,62.56
2024-03-03T05:00Z,NL,61.09
2024-03-03T06:00Z,NL,65.84
2024-03-03T07:00Z,NL,59.43
2024-03-03T08:00Z,NL,36.74
2024-03-03T09:00Z,NL,34.11
2024-03-03T10:00Z,NL,27.38
2024-03-03T11:00Z,NL,30.63
2024-03-03T12:00Z,NL,29.11
2024-03-03T13:00Z,NL,36.95
2024-03-03T14:00Z,NL,44.24
2024-03-03T15:00Z,NL,65.88
2024-03-03T16:00Z,NL,61.37
2024-03-03T17:00Z,NL,57.96
2024-03-03T18:00Z,NL,59.79
2024-03-03T19:00Z,NL,57.19
2024-03-03T20:00Z,NL,66.57
2024-03-03T21:00Z,NL,63.99
2024-03-03T22:00Z,NL,62.6
2024-03-03T23:00Z,NL,82.0
2024-03-04T00:00Z,NL,71.17
2024-03-04T01:00Z,NL,68.79
2024-03-04T02:00Z,NL,66.45
2024-03-04T03:00Z,NL,46.68
2024-03-04T04:00Z,NL,85.76
2024-03-04T05:00Z,NL,103.51
2024-03-04T06:00Z,NL,94.74
2024-03-04T07:00Z,NL,95.79
2024-03-04T08:00Z,NL,90.04
2024-03-04T09:00Z,NL,88.41
2024-03-04T10:00Z,NL,89.3
2024-03-04T11:00Z,NL,85.06
2024-03-04T12:00Z,NL,87.14
2024-03-04T13:00Z,NL,93.75
2024-03-04T14:00Z,NL,98.19
2024-03-04T15:00Z,NL,106.82
2024-03-04T16:00Z,NL,117.14
2024-03-04T17:00Z,NL,111.42
2024-03-04T18:00Z,NL,100.0
2024-03-04T19:00Z,NL,98.46
2024-03-04T20:00Z,NL,99.97
2024-03-04T21:00Z,NL,99.16
2024-03-04T22:00Z,NL,94.29
2024-03-04T23:00Z,NL,89.01
2024-03-05T00:00Z,NL,86.95
2024-03-05T01:00Z,NL,88.67
2024-03-05T02:00Z,NL,85.62
2024-03-05T03:00Z,NL,88.9
2024-03-05T04:00Z,NL,84.22
2024-03-05T05:00Z,NL,100.23
2024-03-05T06:00Z,NL,100.32
2024-03-05T07:00Z,NL,90.69
2024-03-05T08:00Z,NL,88.09
2024-03-05T09:00Z,NL,85.58
2024-03-05T10:00Z,NL,83.74
2024-03-05T11:00Z,NL,81.94
2024-03-05T12:00Z,NL,86.29
2024-03-05T13:00Z,NL,82.67
2024-03-05T14:00Z,NL,95.16
2024-03-05T15:00Z,NL,100.33
2024-03-05T16:00Z,NL,103.48
2024-03-05T17:00Z,NL,94.23
2024-03-05T18:00Z,NL,92.88
2024-03-05T19:00Z,NL,86.77
2024-03-05T20:00Z,NL,78.68
2024-03-05T21:00Z,NL,80.11
2024-03-05T22:00Z,NL,78.98
2024-03-05T23:00Z,NL,74.03
2024-03-06T00:00Z,NL,67.0
2024-03-06T01:00Z,NL,60.16
2024-03-06T02:00Z,NL,74.7
2024-03-06T03:00Z,NL,74.03
2024-03-06T04:00Z,NL,81.72
2024-03-06T05:00Z,NL,86.52
2024-03-06T06:00Z,NL,78.96
2024-03-06T07:00Z,NL,76.57
2024-03-06T08:00Z,NL,74.52
2024-03-06T09:00Z,NL,74.98
2024-03-06T10:00Z,NL,66.36
2024-03-06T11:00Z,NL,4.33
2024-03-06T12:00Z,NL,63.83
2024-03-06T13:00Z,NL,63.64
2024-03-06T14:00Z,NL,69.96
2024-03-06T15:00Z,NL,84.69
2024-03-06T16:00Z,NL,91.32
2024-03-06T17:00Z,NL,85.1
2024-03-06T18:00Z,NL,79.02
2024-03-06T19:00Z,NL,72.78
2024-03-06T20:00Z,NL,70.27
2024-03-06T21:00Z,NL,62.13
2024-03-06T22:00Z,NL,61.26
2024-03-06T23:00Z,NL,49.89
2024-03-07T00:00Z,NL,33.79
2024-03-07T01:00Z,NL,31.18
2024-03-07T02:00Z,NL,26.37
2024-03-07T03:00Z,NL,25.54
2024-03-07T04:00Z,NL,30.66
2024-03-07T05:00Z,NL,75.05
2024-03-07T06:00Z,NL,66.68
2024-03-07T07:00Z,NL,72.53
2024-03-07T08:00Z,NL,40.66
2024-03-07T09:00Z,NL,29.98
2024-03-07T10:00Z,NL,37.02
2024-03-07T11:00Z,NL,27.4
2024-03-07T12:00Z,NL,25.97
2024-03-07T13:00Z,NL,19.74
2024-03-07T14:00Z,NL,25.36
2024-03-07T15:00Z,NL,34.19
2024-03-07T16:00Z,NL,46.68
2024-03-07T17:00Z,NL,40.46
2024-03-07T18:00Z,NL,84.36
2024-03-07T19:00Z,NL,31.65
2024-03-07T20:00Z,NL,34.18
2024-03-07T21:00Z,NL,25.64
2024-03-07T22:00Z,NL,23.37
2024-03-07T23:00Z,NL,23.39
2024-03-08T00:00Z,NL,19.83
2024-03-08T01:00Z,NL,16.46
2024-03-08T02:00Z,NL,16.4
2024-03-08T03:00Z,NL,18.48
2024-03-08T04:00Z,NL,21.82
2024-03-08T05:00Z,NL,49.61
2024-03-08T06:00Z,NL,80.36
2024-03-08T07:00Z,NL,73.82
2024-03-08T08:00Z,NL,68.84
2024-03-08T09:00Z,NL,52.53
2024-03-08T10:00Z,NL,52.68
2024-03-08T11:00Z,NL,45.46
2024-03-08T12:00Z,NL,69.02
2024-03-08T13:00Z,NL,78.68
2024-03-08T14:00Z,NL,82.63
2024-03-08T15:00Z,NL,87.93
2024-03-08T16:00Z,NL,103.59
2024-03-08T17:00Z,NL,92.45
2024-03-08T18:00Z,NL,87.08
2024-03-08T19:00Z,NL,81.93
2024-03-08T20:00Z,NL,85.84
2024-03-08T21:00Z,NL,81.72
2024-03-08T22:00Z,NL,74.58
2024-03-08T23:00Z,NL,70.54
2024-03-09T00:00Z,NL,66.29
2024-03-09T01:00Z,NL,62.94
2024-03-09T02:00Z,NL,64.74
2024-03-09T03:00Z,NL,66.9
2024-03-09T04:00Z,NL,66.49
2024-03-09T05:00Z,NL,75.58
2024-03-09T06:00Z,NL,68.65
2024-03-09T07:00Z,NL,68.35
2024-03-09T08:00Z,NL,62.2
2024-03-09T09:00Z,NL,39.1
2024-03-09T10:00Z,NL,29.25
2024-03-09T11:00Z,NL,35.55
2024-03-09T12:00Z,NL,5.05
2024-03-09T13:00Z,NL,72.22
2024-03-09T14:00Z,NL,73.4
2024-03-09T15:00Z,NL,82.76
2024-03-09T16:00Z,NL,91.0
2024-03-09T17:00Z,NL,85.67
2024-03-09T18:00Z,NL,81.84
2024-03-09T19:00Z,NL,78.43
2024-03-09T20:00Z,NL,78.96
2024-03-09T21:00Z,NL,76.1
2024-03-09T22:00Z,NL,71.87
2024-03-09T23:00Z,NL,66.9
2024-03-10T00:00Z,NL,73.2
2024-03-10T01:00Z,NL,74.56
2024-03-10T02:00Z,NL,75.64
2024-03-10T03:00Z,NL,75.43
2024-03-10T04:00Z,NL,74.32
2024-03-10T05:00Z,NL,74.64
2024-03-10T06:00Z,NL,73.18
2024-03-10T07:00Z,NL,65.99
2024-03-10T08:00Z,NL,57.86
2024-03-10T09:00Z,NL,72.88
2024-03-10T10:00Z,NL,30.54
2024-03-10T11:00Z,NL,5.86
2024-03-10T12:00Z,NL,8.53
2024-03-10T13:00Z,NL,87.44
2024-03-10T14:00Z,NL,78.42
2024-03-10T15:00Z,NL,79.94
2024-03-10T16:00Z,NL,85.91
2024-03-10T17:00Z,NL,82.41
2024-03-10T18:00Z,NL,81.49
2024-03-10T19:00Z,NL,79.99
2024-03-10T20:00Z,NL,78.86
2024-03-10T21:00Z,NL,74.68
2024-03-10T22:00Z,NL,73.57
2024-03-10T23:00Z,NL,73.05
2024-03-11T00:00Z,NL,73.8
2024-03-11T01:00Z,NL,69.65
2024-03-11T02:00Z,NL,64.14
2024-03-11T03:00Z,NL,63.59
2024-03-11T04:00Z,NL,61.68
2024-03-11T05:00Z,NL,69.99
2024-03-11T06:00Z,NL,79.29
2024-03-11T07:00Z,NL,65.79
2024-03-11T08:00Z,NL,65.92
2024-03-11T09:00Z,NL,64.53
2024-03-11T10:00Z,NL,62.08
2024-03-11T11:00Z,NL,60.47
2024-03-11T12:00Z,NL,62.02
2024-03-11T13:00Z,NL,61.89
2024-03-11T14:00Z,NL,73.94
2024-03-11T15:00Z,NL,78.45
2024-03-11T16:00Z,NL,81.07
2024-03-11T17:00Z,NL,79.72
2024-03-11T18:00Z,NL,76.39
2024-03-11T19:00Z,NL,71.18
2024-03-11T20:00Z,NL,70.28
2024-03-11T21:00Z,NL,67.9
2024-03-11T22:00Z,NL,72.39
2024-03-11T23:00Z,NL,85.65
2024-03-12T00:00Z,NL,82.89
2024-03-12T01:00Z,NL,79.68
2024-03-12T02:00Z,NL,77.41
2024-03-12T03:00Z,NL,78.76
2024-03-12T04:00Z,NL,78.71
2024-03-12T05:00Z,NL,95.71
2024-03-12T06:00Z,NL,86.78
2024-03-12T07:00Z,NL,82.46
2024-03-12T08:00Z,NL,87.18
2024-03-12T09:00Z,NL,84.46
2024-03-12T10:00Z,NL,84.53
2024-03-12T11:00Z,NL,79.77
2024-03-12T12:00Z,NL,78.03
2024-03-12T13:00Z,NL,76.77
2024-03-12T14:00Z,NL,78.94
2024-03-12T15:00Z,NL,89.69
2024-03-12T16:00Z,NL,86.86
2024-03-12T17:00Z,NL,87.49
2024-03-12T18:00Z,NL,86.95
2024-03-12T19:00Z,NL,81.4
2024-03-12T20:00Z,NL,79.34
2024-03-12T21:00Z,NL,77.28
2024-03-12T22:00Z,NL,70.92
2024-03-12T23:00Z,NL,36.08
2024-03-13T00:00Z,NL,75.21
2024-03-13T01:00Z,NL,42.11
2024-03-13T02:00Z,NL,80.24
2024-03-13T03:00Z,NL,76.24
2024-03-13T04:00Z,NL,86.45
2024-03-13T05:00Z,NL,86.12
2024-03-13T06:00Z,NL,85.27
2024-03-13T07:00Z,NL,76.25
2024-03-13T08:00Z,NL,73.59
2024-03-13T09:00Z,NL,69.94
2024-03-13T10:00Z,NL,67.28
2024-03-13T11:00Z,NL,68.96
2024-03-13T12:00Z,NL,63.82
2024-03-13T13:00Z,NL,78.49
2024-03-13T14:00Z,NL,80.66
2024-03-13T15:00Z,NL,79.8
2024-03-13T16:00Z,NL,95.91
2024-03-13T17:00Z,NL,86.06
2024-03-13T18:00Z,NL,81.32
2024-03-13T19:00Z,NL,70.23
2024-03-13T20:00Z,NL,65.58
2024-03-13T21:00Z,NL,70.02
2024-03-13T22:00Z,NL,77.07
2024-03-13T23:00Z,NL,72.75
2024-03-14T00:00Z,NL,71.88
2024-03-14T01:00Z,NL,53.97
2024-03-14T02:00Z,NL,44.22
2024-03-14T03:00Z,NL,62.18
2024-03-14T04:00Z,NL,55.75
2024-03-14T05:00Z,NL,80.34
2024-03-14T06:00Z,NL,88.82
2024-03-14T07:00Z,NL,77.36
2024-03-14T08:00Z,NL,72.28
2024-03-14T09:00Z,NL,60.49
2024-03-14T10:00Z,NL,56.21
2024-03-14T11:00Z,NL,38.06
2024-03-14T12:00Z,NL,62.72
2024-03-14T13:00Z,NL,69.29
2024-03-14T14:00Z,NL,65.26
2024-03-14T15:00Z,NL,61.36
2024-03-14T16:00Z,NL,45.62
2024-03-14T17:00Z,NL,75.07
2024-03-14T18:00Z,NL,66.4
2024-03-14T19:00Z,NL,65.57
2024-03-14T20:00Z,NL,80.51
2024-03-14T21:00Z,NL,71.37
2024-03-14T22:00Z,NL,63.18
2024-03-14T23:00Z,NL,70.52
2024-03-15T00:00Z,NL,75.6
2024-03-15T01:00Z,NL,65.92
2024-03-15T02:00Z,NL,66.46
2024-03-15T03:00Z,NL,82.17
2024-03-15T04:00Z,NL,82.05
2024-03-15T05:00Z,NL,95.45
2024-03-15T06:00Z,NL,92.4
2024-03-15T07:00Z,NL,85.55
2024-03-15T08:00Z,NL,80.12
2024-03-15T09:00Z,NL,76.99
2024-03-15T10:00Z,NL,76.93
2024-03-15T11:00Z,NL,80.69
2024-03-15T12:00Z,NL,78.5
2024-03-15T13:00Z,NL,78.92
2024-03-15T14:00Z,NL,74.66
2024-03-15T15:00Z,NL,77.21
2024-03-15T16:00Z,NL,96.03
2024-03-15T17:00Z,NL,84.67
2024-03-15T18:00Z,NL,82.18
2024-03-15T19:00Z,NL,69.96
2024-03-15T20:00Z,NL,69.67
2024-03-15T21:00Z,NL,83.96
2024-03-15T22:00Z,NL,27.36
2024-03-15T23:00Z,NL,13.87
2024-03-16T00:00Z,NL,20.51
2024-03-16T01:00Z,NL,4.36
2024-03-16T02:00Z,NL,5.89
2024-03-16T03:00Z,NL,3.61
2024-03-16T04:00Z,NL,-0.14
2024-03-16T05:00Z,NL,10.01
2024-03-16T06:00Z,NL,1.88
2024-03-16T07:00Z,NL,2.03
2024-03-16T08:00Z,NL,-0.48
2024-03-16T09:00Z,NL,-10.37
2024-03-16T10:00Z,NL,-9.3
2024-03-16T11:00Z,NL,-17.21
2024-03-16T12:00Z,NL,-0.52
2024-03-16T13:00Z,NL,-4.42
2024-03-16T14:00Z,NL,16.11
2024-03-16T15:00Z,NL,29.64
2024-03-16T16:00Z,NL,30.97
2024-03-16T17:00Z,NL,82.59
2024-03-16T18:00Z,NL,67.07
2024-03-16T19:00Z,NL,29.33
2024-03-16T20:00Z,NL,74.08
2024-03-16T21:00Z,NL,69.27
2024-03-16T22:00Z,NL,66.02
2024-03-16T23:00Z,NL,12.31
2024-03-17T00:00Z,NL,5.69
2024-03-17T01:00Z,NL,11.86
2024-03-17T02:00Z,NL,20.46
2024-03-17T03:00Z,NL,12.63
2024-03-17T04:00Z,NL,10.05
2024-03-17T05:00Z,NL,15.97
2024-03-17T06:00Z,NL,85.07
2024-03-17T07:00Z,NL,23.96
2024-03-17T08:00Z,NL,23.82
2024-03-17T09:00Z,NL,18.47
2024-03-17T10:00Z,NL,14.54
2024-03-17T11:00Z,NL,7.23
2024-03-17T12:00Z,NL,10.1
2024-03-17T13:00Z,NL,9.56
2024-03-17T14:00Z,NL,28.08
2024-03-17T15:00Z,NL,28.99
2024-03-17T16:00Z,NL,89.97
2024-03-17T17:00Z,NL,87.4
2024-03-17T18:00Z,NL,79.66
2024-03-17T19:00Z,NL,74.16
2024-03-17T20:00Z,NL,74.57
2024-03-17T21:00Z,NL,73.43
2024-03-17T22:00Z,NL,72.34
2024-03-17T23:00Z,NL,94.78
2024-03-18T00:00Z,NL,82.81
2024-03-18T01:00Z,NL,79.48
2024-03-18T02:00Z,NL,79.13
2024-03-18T03:00Z,NL,82.21
2024-03-18T04:00Z,NL,89.7
2024-03-18T05:00Z,NL,93.62
2024-03-18T06:00Z,NL,82.24
2024-03-18T07:00Z,NL,80.94
2024-03-18T08:00Z,NL,77.98
2024-03-18T09:00Z,NL,67.57
2024-03-18T10:00Z,NL,37.77
2024-03-18T11:00Z,NL,28.22
2024-03-18T12:00Z,NL,23.26
2024-03-18T13:00Z,NL,33.96
2024-03-18T14:00Z,NL,92.16
2024-03-18T15:00Z,NL,87.02
2024-03-18T16:00Z,NL,89.04
2024-03-18T17:00Z,NL,83.12
2024-03-18T18:00Z,NL,71.07
2024-03-18T19:00Z,NL,68.43
2024-03-18T20:00Z,NL,83.21
2024-03-18T21:00Z,NL,27.01
2024-03-18T22:00Z,NL,30.38
2024-03-18T23:00Z,NL,26.86
2024-03-19T00:00Z,NL,19.06
2024-03-19T01:00Z,NL,4.13
2024-03-19T02:00Z,NL,3.55
2024-03-19T03:00Z,NL,9.5
2024-03-19T04:00Z,NL,26.05
2024-03-19T05:00Z,NL,41.13
2024-03-19T06:00Z,NL,73.61
2024-03-19T07:00Z,NL,18.53
2024-03-19T08:00Z,NL,13.19
2024-03-19T09:00Z,NL,5.28
2024-03-19T10:00Z,NL,2.66
2024-03-19T11:00Z,NL,1.99
2024-03-19T12:00Z,NL,12.19
2024-03-19T13:00Z,NL,14.29
2024-03-19T14:00Z,NL,27.29
2024-03-19T15:00Z,NL,55.22
2024-03-19T16:00Z,NL,90.45
2024-03-19T17:00Z,NL,89.22
2024-03-19T18:00Z,NL,78.51
2024-03-19T19:00Z,NL,83.98
2024-03-19T20:00Z,NL,74.36
2024-03-19T21:00Z,NL,57.94
2024-03-19T22:00Z,NL,82.84
2024-03-19T23:00Z,NL,71.69
2024-03-20T00:00Z,NL,27.75
2024-03-20T01:00Z,NL,24.03
2024-03-20T02:00Z,NL,26.91
2024-03-20T03:00Z,NL,41.94
2024-03-20T04:00Z,NL,75.21
2024-03-20T05:00Z,NL,63.73
2024-03-20T06:00Z,NL,57.76
2024-03-20T07:00Z,NL,2.3
2024-03-20T08:00Z,NL,4.62
2024-03-20T09:00Z,NL,25.65
2024-03-20T10:00Z,NL,9.5
2024-03-20T11:00Z,NL,1.16
2024-03-20T12:00Z,NL,6.99
2024-03-20T13:00Z,NL,9.34
2024-03-20T14:00Z,NL,4.51
2024-03-20T15:00Z,NL,80.3
2024-03-20T16:00Z,NL,78.06
2024-03-20T17:00Z,NL,61.32
2024-03-20T18:00Z,NL,64.5
2024-03-20T19:00Z,NL,52.51
2024-03-20T20:00Z,NL,-0.0
2024-03-20T21:00Z,NL,34.14
2024-03-20T22:00Z,NL,21.73
2024-03-20T23:00Z,NL,12.67
2024-03-21T00:00Z,NL,14.63
2024-03-21T01:00Z,NL,6.41
2024-03-21T02:00Z,NL,2.72
2024-03-21T03:00Z,NL,3.21
2024-03-21T04:00Z,NL,8.75
2024-03-21T05:00Z,NL,13.63
2024-03-21T06:00Z,NL,8.21
2024-03-21T07:00Z,NL,6.04
2024-03-21T08:00Z,NL,5.15
2024-03-21T09:00Z,NL,0.31
2024-03-21T10:00Z,NL,-3.34
2024-03-21T11:00Z,NL,-20.57
2024-03-21T12:00Z,NL,-22.08
2024-03-21T13:00Z,NL,-14.97
2024-03-21T14:00Z,NL,-2.71
2024-03-21T15:00Z,NL,8.24
2024-03-21T16:00Z,NL,15.21
2024-03-21T17:00Z,NL,27.52
2024-03-21T18:00Z,NL,24.28
2024-03-21T19:00Z,NL,11.76
2024-03-21T20:00Z,NL,1.48
2024-03-21T21:00Z,NL,6.6
2024-03-21T22:00Z,NL,4.94
2024-03-21T23:00Z,NL,-1.07
2024-03-22T00:00Z,NL,-0.03
2024-03-22T01:00Z,NL,-0.11
2024-03-22T02:00Z,NL,4.45
2024-03-22T03:00Z,NL,1.66
2024-03-22T04:00Z,NL,6.69
2024-03-22T05:00Z,NL,18.45
2024-03-22T06:00Z,NL,4.21
2024-03-22T07:00Z,NL,3.97
2024-03-22T08:00Z,NL,1.51
2024-03-22T09:00Z,NL,0.49
2024-03-22T10:00Z,NL,-3.01
2024-03-22T11:00Z,NL,-7.72
2024-03-22T12:00Z,NL,-0.71
2024-03-22T13:00Z,NL,-3.2
2024-03-22T14:00Z,NL,24.27
2024-03-22T15:00Z,NL,18.86
2024-03-22T16:00Z,NL,87.44
2024-03-22T17:00Z,NL,68.47
2024-03-22T18:00Z,NL,43.97
2024-03-22T19:00Z,NL,35.96
2024-03-22T20:00Z,NL,1.88
2024-03-22T21:00Z,NL,24.76
2024-03-22T22:00Z,NL,25.81
2024-03-22T23:00Z,NL,16.29
2024-03-23T00:00Z,NL,28.07
2024-03-23T01:00Z,NL,31.94
2024-03-23T02:00Z,NL,23.65
2024-03-23T03:00Z,NL,23.91
2024-03-23T04:00Z,NL,41.46
2024-03-23T05:00Z,NL,78.56
2024-03-23T06:00Z,NL,65.87
2024-03-23T07:00Z,NL,14.95
2024-03-23T08:00Z,NL,4.76
2024-03-23T09:00Z,NL,2.09
2024-03-23T10:00Z,NL,0.87
2024-03-23T11:00Z,NL,9.86
2024-03-23T12:00Z,NL,6.53
2024-03-23T13:00Z,NL,9.78
2024-03-23T14:00Z,NL,4.07
2024-03-23T15:00Z,NL,19.47
2024-03-23T16:00Z,NL,38.34
2024-03-23T17:00Z,NL,57.93
2024-03-23T18:00Z,NL,43.64
2024-03-23T19:00Z,NL,65.49
2024-03-23T20:00Z,NL,53.43
2024-03-23T21:00Z,NL,49.69
2024-03-23T22:00Z,NL,38.36
2024-03-23T23:00Z,NL,-1.7
2024-03-24T00:00Z,NL,49.21
2024-03-24T01:00Z,NL,35.0
2024-03-24T02:00Z,NL,29.18
2024-03-24T03:00Z,NL,4.35
2024-03-24T04:00Z,NL,43.89
2024-03-24T05:00Z,NL,75.04
2024-03-24T06:00Z,NL,72.2
2024-03-24T07:00Z,NL,-0.79
2024-03-24T08:00Z,NL,2.07
2024-03-24T09:00Z,NL,26.54
2024-03-24T10:00Z,NL,19.69
2024-03-24T11:00Z,NL,19.24
2024-03-24T12:00Z,NL,25.16
2024-03-24T13:00Z,NL,30.98
2024-03-24T14:00Z,NL,79.33
2024-03-24T15:00Z,NL,41.48
2024-03-24T16:00Z,NL,80.17
2024-03-24T17:00Z,NL,79.78
2024-03-24T18:00Z,NL,72.65
2024-03-24T19:00Z,NL,72.54
2024-03-24T20:00Z,NL,73.68
2024-03-24T21:00Z,NL,72.12
2024-03-24T22:00Z,NL,70.47
2024-03-24T23:00Z,NL,80.71
2024-03-25T00:00Z,NL,76.2
2024-03-25T01:00Z,NL,78.34
2024-03-25T02:00Z,NL,79.8
2024-03-25T03:00Z,NL,80.85
2024-03-25T04:00Z,NL,88.91
2024-03-25T05:00Z,NL,92.16
2024-03-25T06:00Z,NL,90.76
2024-03-25T07:00Z,NL,85.39
2024-03-25T08:00Z,NL,76.92
2024-03-25T09:00Z,NL,71.97
2024-03-25T10:00Z,NL,71.15
2024-03-25T11:00Z,NL,71.19
2024-03-25T12:00Z,NL,71.77
2024-03-25T13:00Z,NL,77.62
2024-03-25T14:00Z,NL,80.49
2024-03-25T15:00Z,NL,88.75
2024-03-25T16:00Z,NL,91.32
2024-03-25T17:00Z,NL,90.83
2024-03-25T18:00Z,NL,84.36
2024-03-25T19:00Z,NL,81.33
2024-03-25T20:00Z,NL,76.39
2024-03-25T21:00Z,NL,73.36
2024-03-25T22:00Z,NL,73.01
2024-03-25T23:00Z,NL,71.38
2024-03-26T00:00Z,NL,75.18
2024-03-26T01:00Z,NL,70.34
2024-03-26T02:00Z,NL,69.1
2024-03-26T03:00Z,NL,69.88
2024-03-26T04:00Z,NL,81.05
2024-03-26T05:00Z,NL,83.56
2024-03-26T06:00Z,NL,75.62
2024-03-26T07:00Z,NL,72.0
2024-03-26T08:00Z,NL,70.58
2024-03-26T09:00Z,NL,78.71
2024-03-26T10:00Z,NL,76.3
2024-03-26T11:00Z,NL,74.38
2024-03-26T12:00Z,NL,80.6
2024-03-26T13:00Z,NL,76.78
2024-03-26T14:00Z,NL,84.27
2024-03-26T15:00Z,NL,89.37
2024-03-26T16:00Z,NL,94.86
2024-03-26T17:00Z,NL,96.88
2024-03-26T18:00Z,NL,90.64
2024-03-26T19:00Z,NL,86.67
2024-03-26T20:00Z,NL,79.87
2024-03-26T21:00Z,NL,77.93
2024-03-26T22:00Z,NL,74.09
2024-03-26T23:00Z,NL,67.53
2024-03-27T00:00Z,NL,64.42
2024-03-27T01:00Z,NL,65.42
2024-03-27T02:00Z,NL,65.41
2024-03-27T03:00Z,NL,68.39
2024-03-27T04:00Z,NL,79.5
2024-03-27T05:00Z,NL,84.91
2024-03-27T06:00Z,NL,76.56
2024-03-27T07:00Z,NL,75.49
2024-03-27T08:00Z,NL,72.06
2024-03-27T09:00Z,NL,69.82
2024-03-27T10:00Z,NL,70.65
2024-03-27T11:00Z,NL,70.61
2024-03-27T12:00Z,NL,71.02
2024-03-27T13:00Z,NL,76.76
2024-03-27T14:00Z,NL,82.88
2024-03-27T15:00Z,NL,90.03
2024-03-27T16:00Z,NL,92.07
2024-03-27T17:00Z,NL,92.22
2024-03-27T18:00Z,NL,85.48
2024-03-27T19:00Z,NL,78.91
2024-03-27T20:00Z,NL,77.15
2024-03-27T21:00Z,NL,75.76
2024-03-27T22:00Z,NL,73.02
2024-03-27T23:00Z,NL,73.31
2024-03-28T00:00Z,NL,74.57
2024-03-28T01:00Z,NL,74.51
2024-03-28T02:00Z,NL,77.0
2024-03-28T03:00Z,NL,76.29
2024-03-28T04:00Z,NL,86.48
2024-03-28T05:00Z,NL,90.5
2024-03-28T06:00Z,NL,84.84
2024-03-28T07:00Z,NL,79.45
2024-03-28T08:00Z,NL,76.52
2024-03-28T09:00Z,NL,73.95
2024-03-28T10:00Z,NL,70.55
2024-03-28T11:00Z,NL,62.43
2024-03-28T12:00Z,NL,64.08
2024-03-28T13:00Z,NL,72.44
2024-03-28T14:00Z,NL,75.23
2024-03-28T15:00Z,NL,70.91
2024-03-28T16:00Z,NL,79.83
2024-03-28T17:00Z,NL,82.11
2024-03-28T18:00Z,NL,72.94
2024-03-28T19:00Z,NL,74.67
2024-03-28T20:00Z,NL,61.24
2024-03-28T21:00Z,NL,60.7
2024-03-28T22:00Z,NL,51.96
2024-03-28T23:00Z,NL,7.9
2024-03-29T00:00Z,NL,8.92
2024-03-29T01:00Z,NL,5.72
2024-03-29T02:00Z,NL,1.47
2024-03-29T03:00Z,NL,8.28
2024-03-29T04:00Z,NL,13.98
2024-03-29T05:00Z,NL,17.58
2024-03-29T06:00Z,NL,9.21
2024-03-29T07:00Z,NL,9.65
2024-03-29T08:00Z,NL,18.89
2024-03-29T09:00Z,NL,20.35
2024-03-29T10:00Z,NL,15.21
2024-03-29T11:00Z,NL,23.42
2024-03-29T12:00Z,NL,23.25
2024-03-29T13:00Z,NL,44.88
2024-03-29T14:00Z,NL,60.32
2024-03-29T15:00Z,NL,70.63
2024-03-29T16:00Z,NL,74.75
2024-03-29T17:00Z,NL,77.45
2024-03-29T18:00Z,NL,69.0
2024-03-29T19:00Z,NL,70.56
2024-03-29T20:00Z,NL,73.92
2024-03-29T21:00Z,NL,67.79
2024-03-29T22:00Z,NL,41.17
2024-03-29T23:00Z,NL,55.49
2024-03-30T00:00Z,NL,62.6
2024-03-30T01:00Z,NL,18.53
2024-03-30T02:00Z,NL,19.5
2024-03-30T03:00Z,NL,21.78
2024-03-30T04:00Z,NL,17.63
2024-03-30T05:00Z,NL,9.5
2024-03-30T06:00Z,NL,-0.13
2024-03-30T07:00Z,NL,20.97
2024-03-30T08:00Z,NL,15.54
2024-03-30T09:00Z,NL,17.21
2024-03-30T10:00Z,NL,20.24
2024-03-30T11:00Z,NL,24.1
2024-03-30T12:00Z,NL,28.92
2024-03-30T13:00Z,NL,33.42
2024-03-30T14:00Z,NL,69.62
2024-03-30T15:00Z,NL,66.05
2024-03-30T16:00Z,NL,58.53
2024-03-30T17:00Z,NL,73.63
2024-03-30T18:00Z,NL,66.54
2024-03-30T19:00Z,NL,61.9
2024-03-30T20:00Z,NL,57.7
2024-03-30T21:00Z,NL,58.48
2024-03-30T22:00Z,NL,56.6
2024-03-30T23:00Z,NL,18.95
2024-03-31T00:00Z,NL,17.65
2024-03-31T01:00Z,NL,26.47
2024-03-31T02:00Z,NL,71.34
2024-03-31T03:00Z,NL,65.62
2024-03-31T04:00Z,NL,74.91
2024-03-31T05:00Z,NL,72.47
2024-03-31T06:00Z,NL,70.02
2024-03-31T07:00Z,NL,34.94
2024-03-31T08:00Z,NL,20.81
2024-03-31T09:00Z,NL,-0.45
2024-03-31T10:00Z,NL,14.28
2024-03-31T11:00Z,NL,7.32
2024-03-31T12:00Z,NL,1.09
2024-03-31T13:00Z,NL,10.6
2024-03-31T14:00Z,NL,25.61
2024-03-31T15:00Z,NL,26.77
2024-03-31T16:00Z,NL,29.39
2024-03-31T17:00Z,NL,75.89
2024-03-31T18:00Z,NL,39.36
2024-03-31T19:00Z,NL,78.31
2024-03-31T20:00Z,NL,38.23
2024-03-31T21:00Z,NL,75.59
2024-03-31T22:00Z,NL,19.7
2024-03-31T23:00Z,NL,4.01
2024-04-01T00:00Z,NL,16.25
2024-04-01T01:00Z,NL,14.7
2024-04-01T02:00Z,NL,11.66
2024-04-01T03:00Z,NL,7.79
2024-04-01T04:00Z,NL,24.82
2024-04-01T05:00Z,NL,91.42
2024-04-01T06:00Z,NL,79.88
2024-04-01T07:00Z,NL,17.49
2024-04-01T08:00Z,NL,8.96
2024-04-01T09:00Z,NL,12.12
2024-04-01T10:00Z,NL,13.0
2024-04-01T11:00Z,NL,17.39
2024-04-01T12:00Z,NL,30.96
2024-04-01T13:00Z,NL,48.56
2024-04-01T14:00Z,NL,91.88
2024-04-01T15:00Z,NL,90.7
2024-04-01T16:00Z,NL,81.78
2024-04-01T17:00Z,NL,81.36
2024-04-01T18:00Z,NL,79.41
2024-04-01T19:00Z,NL,79.92
2024-04-01T20:00Z,NL,71.68
2024-04-01T21:00Z,NL,67.98
2024-04-01T22:00Z,NL,64.3
2024-04-01T23:00Z,NL,15.0
2024-04-02T00:00Z,NL,61.66
2024-04-02T01:00Z,NL,73.09
2024-04-02T02:00Z,NL,68.75
2024-04-02T03:00Z,NL,76.99
2024-04-02T04:00Z,NL,82.06
2024-04-02T05:00Z,NL,90.56
2024-04-02T06:00Z,NL,77.97
2024-04-02T07:00Z,NL,75.24
2024-04-02T08:00Z,NL,68.13
2024-04-02T09:00Z,NL,66.31
2024-04-02T10:00Z,NL,60.57
2024-04-02T11:00Z,NL,62.31
2024-04-02T12:00Z,NL,64.03
2024-04-02T13:00Z,NL,70.58
2024-04-02T14:00Z,NL,78.07
2024-04-02T15:00Z,NL,93.2
2024-04-02T16:00Z,NL,91.79
2024-04-02T17:00Z,NL,86.67
2024-04-02T18:00Z,NL,85.46
2024-04-02T19:00Z,NL,84.92
2024-04-02T20:00Z,NL,83.03
2024-04-02T21:00Z,NL,76.03
2024-04-02T22:00Z,NL,91.36
2024-04-02T23:00Z,NL,95.35
2024-04-03T00:00Z,NL,87.16
2024-04-03T01:00Z,NL,81.88
2024-04-03T02:00Z,NL,87.59
2024-04-03T03:00Z,NL,92.48
2024-04-03T04:00Z,NL,113.74
2024-04-03T05:00Z,NL,106.81
2024-04-03T06:00Z,NL,97.19
2024-04-03T07:00Z,NL,93.31
2024-04-03T08:00Z,NL,93.32
2024-04-03T09:00Z,NL,91.01
2024-04-03T10:00Z,NL,88.12
2024-04-03T11:00Z,NL,84.88
2024-04-03T12:00Z,NL,87.56
2024-04-03T13:00Z,NL,96.54
2024-04-03T14:00Z,NL,99.82
2024-04-03T15:00Z,NL,101.06
2024-04-03T16:00Z,NL,111.01
2024-04-03T17:00Z,NL,108.07
2024-04-03T18:00Z,NL,103.65
2024-04-03T19:00Z,NL,105.05
2024-04-03T20:00Z,NL,103.62
2024-04-03T21:00Z,NL,96.36
2024-04-03T22:00Z,NL,87.9
2024-04-03T23:00Z,NL,85.11
2024-04-04T00:00Z,NL,87.58
2024-04-04T01:00Z,NL,90.01
2024-04-04T02:00Z,NL,87.4
2024-04-04T03:00Z,NL,94.04
2024-04-04T04:00Z,NL,104.12
2024-04-04T05:00Z,NL,100.97
2024-04-04T06:00Z,NL,89.93
2024-04-04T07:00Z,NL,91.98
2024-04-04T08:00Z,NL,88.72
2024-04-04T09:00Z,NL,83.77
2024-04-04T10:00Z,NL,83.62
2024-04-04T11:00Z,NL,82.58
2024-04-04T12:00Z,NL,82.79
2024-04-04T13:00Z,NL,89.76
2024-04-04T14:00Z,NL,98.73
2024-04-04T15:00Z,NL,104.28
2024-04-04T16:00Z,NL,100.02
2024-04-04T17:00Z,NL,105.42
2024-04-04T18:00Z,NL,98.72
2024-04-04T19:00Z,NL,98.6
2024-04-04T20:00Z,NL,97.74
2024-04-04T21:00Z,NL,94.46
2024-04-04T22:00Z,NL,102.47
2024-04-04T23:00Z,NL,99.52
2024-04-05T00:00Z,NL,97.88
2024-04-05T01:00Z,NL,101.62
2024-04-05T02:00Z,NL,101.09
2024-04-05T03:00Z,NL,105.41
2024-04-05T04:00Z,NL,114.35
2024-04-05T05:00Z,NL,122.29
2024-04-05T06:00Z,NL,113.88
2024-04-05T07:00Z,NL,110.89
2024-04-05T08:00Z,NL,102.84
2024-04-05T09:00Z,NL,100.61
2024-04-05T10:00Z,NL,89.22
2024-04-05T11:00Z,NL,85.47
2024-04-05T12:00Z,NL,88.44
2024-04-05T13:00Z,NL,94.93
2024-04-05T14:00Z,NL,93.15
2024-04-05T15:00Z,NL,109.28
2024-04-05T16:00Z,NL,105.54
2024-04-05T17:00Z,NL,102.03
2024-04-05T18:00Z,NL,101.57
2024-04-05T19:00Z,NL,99.92
2024-04-05T20:00Z,NL,90.62
2024-04-05T21:00Z,NL,85.07
2024-04-05T22:00Z,NL,39.6
2024-04-05T23:00Z,NL,86.04
2024-04-06T00:00Z,NL,94.22
2024-04-06T01:00Z,NL,98.69
2024-04-06T02:00Z,NL,93.75
2024-04-06T03:00Z,NL,109.43
2024-04-06T04:00Z,NL,106.46
2024-04-06T05:00Z,NL,98.91
2024-04-06T06:00Z,NL,101.24
2024-04-06T07:00Z,NL,97.24
2024-04-06T08:00Z,NL,81.55
2024-04-06T09:00Z,NL,39.59
2024-04-06T10:00Z,NL,25.81
2024-04-06T11:00Z,NL,18.6
2024-04-06T12:00Z,NL,33.52
2024-04-06T13:00Z,NL,37.78
2024-04-06T14:00Z,NL,108.96
2024-04-06T15:00Z,NL,104.75
2024-04-06T16:00Z,NL,115.54
2024-04-06T17:00Z,NL,100.52
2024-04-06T18:00Z,NL,110.8
2024-04-06T19:00Z,NL,103.67
2024-04-06T20:00Z,NL,101.76
2024-04-06T21:00Z,NL,101.08
2024-04-06T22:00Z,NL,92.23
2024-04-06T23:00Z,NL,94.12
2024-04-07T00:00Z,NL,87.32
2024-04-07T01:00Z,NL,86.16
2024-04-07T02:00Z,NL,92.81
2024-04-07T03:00Z,NL,101.34
2024-04-07T04:00Z,NL,104.27
2024-04-07T05:00Z,NL,97.9
2024-04-07T06:00Z,NL,95.93
2024-04-07T07:00Z,NL,89.45
2024-04-07T08:00Z,NL,77.32
2024-04-07T09:00Z,NL,81.14
2024-04-07T10:00Z,NL,77.24
2024-04-07T11:00Z,NL,91.52
2024-04-07T12:00Z,NL,96.01
2024-04-07T13:00Z,NL,81.22
2024-04-07T14:00Z,NL,86.69
2024-04-07T15:00Z,NL,94.25
2024-04-07T16:00Z,NL,102.46
2024-04-07T17:00Z,NL,109.79
2024-04-07T18:00Z,NL,107.18
2024-04-07T19:00Z,NL,102.44
2024-04-07T20:00Z,NL,98.46
2024-04-07T21:00Z,NL,91.8
2024-04-07T22:00Z,NL,100.31
2024-04-07T23:00Z,NL,90.07
2024-04-08T00:00Z,NL,90.85
2024-04-08T01:00Z,NL,96.5
2024-04-08T02:00Z,NL,99.13
2024-04-08T03:00Z,NL,104.38
2024-04-08T04:00Z,NL,119.96
2024-04-08T05:00Z,NL,118.12
2024-04-08T06:00Z,NL,110.59
2024-04-08T07:00Z,NL,109.78
2024-04-08T08:00Z,NL,108.48
2024-04-08T09:00Z,NL,106.05
2024-04-08T10:00Z,NL,102.73
2024-04-08T11:00Z,NL,99.13
2024-04-08T12:00Z,NL,101.36
2024-04-08T13:00Z,NL,108.35
2024-04-08T14:00Z,NL,113.94
2024-04-08T15:00Z,NL,126.55
2024-04-08T16:00Z,NL,125.45
2024-04-08T17:00Z,NL,121.21
2024-04-08T18:00Z,NL,117.2
2024-04-08T19:00Z,NL,116.19
2024-04-08T20:00Z,NL,110.84
2024-04-08T21:00Z,NL,103.76
2024-04-08T22:00Z,NL,97.17
2024-04-08T23:00Z,NL,92.99
2024-04-09T00:00Z,NL,90.72
2024-04-09T01:00Z,NL,94.87
2024-04-09T02:00Z,NL,94.26
2024-04-09T03:00Z,NL,100.53
2024-04-09T04:00Z,NL,114.26
2024-04-09T05:00Z,NL,116.48
2024-04-09T06:00Z,NL,111.19
2024-04-09T07:00Z,NL,105.62
2024-04-09T08:00Z,NL,97.63
2024-04-09T09:00Z,NL,88.25
2024-04-09T10:00Z,NL,82.73
2024-04-09T11:00Z,NL,82.15
2024-04-09T12:00Z,NL,84.66
2024-04-09T13:00Z,NL,86.67
2024-04-09T14:00Z,NL,95.47
2024-04-09T15:00Z,NL,111.25
2024-04-09T16:00Z,NL,115.76
2024-04-09T17:00Z,NL,115.41
2024-04-09T18:00Z,NL,110.79
2024-04-09T19:00Z,NL,107.93
2024-04-09T20:00Z,NL,103.9
2024-04-09T21:00Z,NL,97.65
2024-04-09T22:00Z,NL,85.51
2024-04-09T23:00Z,NL,85.53
2024-04-10T00:00Z,NL,83.84
2024-04-10T01:00Z,NL,80.72
2024-04-10T02:00Z,NL,64.72
2024-04-10T03:00Z,NL,79.46
2024-04-10T04:00Z,NL,93.38
2024-04-10T05:00Z,NL,84.09
2024-04-10T06:00Z,NL,77.14
2024-04-10T07:00Z,NL,81.65
2024-04-10T08:00Z,NL,1.89
2024-04-10T09:00Z,NL,25.18
2024-04-10T10:00Z,NL,21.71
2024-04-10T11:00Z,NL,16.67
2024-04-10T12:00Z,NL,10.42
2024-04-10T13:00Z,NL,20.67
2024-04-10T14:00Z,NL,41.07
2024-04-10T15:00Z,NL,34.14
2024-04-10T16:00Z,NL,30.7
2024-04-10T17:00Z,NL,77.55
2024-04-10T18:00Z,NL,61.38
2024-04-10T19:00Z,NL,24.28
2024-04-10T20:00Z,NL,22.97
2024-04-10T21:00Z,NL,-0.01
2024-04-10T22:00Z,NL,18.96
2024-04-10T23:00Z,NL,23.46
2024-04-11T00:00Z,NL,21.61
2024-04-11T01:00Z,NL,26.8
2024-04-11T02:00Z,NL,15.33
2024-04-11T03:00Z,NL,52.41
2024-04-11T04:00Z,NL,95.21
2024-04-11T05:00Z,NL,71.46
2024-04-11T06:00Z,NL,97.76
2024-04-11T07:00Z,NL,29.96
2024-04-11T08:00Z,NL,27.87
2024-04-11T09:00Z,NL,96.57
2024-04-11T10:00Z,NL,31.02
2024-04-11T11:00Z,NL,30.25
2024-04-11T12:00Z,NL,28.4
2024-04-11T13:00Z,NL,17.62
2024-04-11T14:00Z,NL,17.47
2024-04-11T15:00Z,NL,42.15
2024-04-11T16:00Z,NL,87.16
2024-04-11T17:00Z,NL,86.77
2024-04-11T18:00Z,NL,86.75
2024-04-11T19:00Z,NL,83.56
2024-04-11T20:00Z,NL,83.41
2024-04-11T21:00Z,NL,49.55
2024-04-11T22:00Z,NL,71.64
2024-04-11T23:00Z,NL,69.12
2024-04-12T00:00Z,NL,67.6
2024-04-12T01:00Z,NL,17.61
2024-04-12T02:00Z,NL,22.2
2024-04-12T03:00Z,NL,68.12
2024-04-12T04:00Z,NL,77.79
2024-04-12T05:00Z,NL,72.33
2024-04-12T06:00Z,NL,47.16
2024-04-12T07:00Z,NL,29.37
2024-04-12T08:00Z,NL,29.88
2024-04-12T09:00Z,NL,-0.04
2024-04-12T10:00Z,NL,27.52
2024-04-12T11:00Z,NL,33.06
2024-04-12T12:00Z,NL,22.25
2024-04-12T13:00Z,NL,28.67
2024-04-12T14:00Z,NL,85.89
2024-04-12T15:00Z,NL,92.86
2024-04-12T16:00Z,NL,94.39
2024-04-12T17:00Z,NL,92.34
2024-04-12T18:00Z,NL,81.72
2024-04-12T19:00Z,NL,80.31
2024-04-12T20:00Z,NL,77.01
2024-04-12T21:00Z,NL,78.96
2024-04-12T22:00Z,NL,73.12
2024-04-12T23:00Z,NL,26.21
2024-04-13T00:00Z,NL,42.24
2024-04-13T01:00Z,NL,76.48
2024-04-13T02:00Z,NL,70.89
2024-04-13T03:00Z,NL,80.15
2024-04-13T04:00Z,NL,81.59
2024-04-13T05:00Z,NL,74.9
2024-04-13T06:00Z,NL,71.47
2024-04-13T07:00Z,NL,74.74
2024-04-13T08:00Z,NL,45.51
2024-04-13T09:00Z,NL,32.26
2024-04-13T10:00Z,NL,21.69
2024-04-13T11:00Z,NL,16.72
2024-04-13T12:00Z,NL,16.99
2024-04-13T13:00Z,NL,26.25
2024-04-13T14:00Z,NL,37.96
2024-04-13T15:00Z,NL,82.51
2024-04-13T16:00Z,NL,85.37
2024-04-13T17:00Z,NL,87.69
2024-04-13T18:00Z,NL,86.71
2024-04-13T19:00Z,NL,86.7
2024-04-13T20:00Z,NL,84.43
2024-04-13T21:00Z,NL,82.34
2024-04-13T22:00Z,NL,68.48
2024-04-13T23:00Z,NL,65.72
2024-04-14T00:00Z,NL,88.33
2024-04-14T01:00Z,NL,65.89
2024-04-14T02:00Z,NL,83.93
2024-04-14T03:00Z,NL,72.39
2024-04-14T04:00Z,NL,70.72
2024-04-14T05:00Z,NL,82.84
2024-04-14T06:00Z,NL,85.35
2024-04-14T07:00Z,NL,20.83
2024-04-14T08:00Z,NL,16.53
2024-04-14T09:00Z,NL,7.23
2024-04-14T10:00Z,NL,6.37
2024-04-14T11:00Z,NL,5.88
2024-04-14T12:00Z,NL,9.89
2024-04-14T13:00Z,NL,15.89
2024-04-14T14:00Z,NL,27.76
2024-04-14T15:00Z,NL,66.26
2024-04-14T16:00Z,NL,90.57
2024-04-14T17:00Z,NL,91.15
2024-04-14T18:00Z,NL,89.54
2024-04-14T19:00Z,NL,81.63
2024-04-14T20:00Z,NL,77.44
2024-04-14T21:00Z,NL,77.04
2024-04-14T22:00Z,NL,89.65
2024-04-14T23:00Z,NL,82.11
2024-04-15T00:00Z,NL,79.48
2024-04-15T01:00Z,NL,79.55
2024-04-15T02:00Z,NL,79.21
2024-04-15T03:00Z,NL,77.99
2024-04-15T04:00Z,NL,79.38
2024-04-15T05:00Z,NL,78.28
2024-04-15T06:00Z,NL,79.56
2024-04-15T07:00Z,NL,75.13
2024-04-15T08:00Z,NL,25.45
2024-04-15T09:00Z,NL,22.84
2024-04-15T10:00Z,NL,14.19
2024-04-15T11:00Z,NL,4.72
2024-04-15T12:00Z,NL,15.11
2024-04-15T13:00Z,NL,29.38
2024-04-15T14:00Z,NL,28.93
2024-04-15T15:00Z,NL,98.25
2024-04-15T16:00Z,NL,88.01
2024-04-15T17:00Z,NL,88.79
2024-04-15T18:00Z,NL,89.52
2024-04-15T19:00Z,NL,82.62
2024-04-15T20:00Z,NL,79.53
2024-04-15T21:00Z,NL,71.71
2024-04-15T22:00Z,NL,76.62
2024-04-15T23:00Z,NL,72.35
2024-04-16T00:00Z,NL,26.44
2024-04-16T01:00Z,NL,83.93
2024-04-16T02:00Z,NL,29.97
2024-04-16T03:00Z,NL,82.69
2024-04-16T04:00Z,NL,88.44
2024-04-16T05:00Z,NL,78.15
2024-04-16T06:00Z,NL,77.72
2024-04-16T07:00Z,NL,72.64
2024-04-16T08:00Z,NL,42.83
2024-04-16T09:00Z,NL,77.84
2024-04-16T10:00Z,NL,30.67
2024-04-16T11:00Z,NL,22.85
2024-04-16T12:00Z,NL,18.67
2024-04-16T13:00Z,NL,33.83
2024-04-16T14:00Z,NL,78.89
2024-04-16T15:00Z,NL,98.79
2024-04-16T16:00Z,NL,86.24
2024-04-16T17:00Z,NL,88.48
2024-04-16T18:00Z,NL,83.94
2024-04-16T19:00Z,NL,87.71
2024-04-16T20:00Z,NL,77.48
2024-04-16T21:00Z,NL,74.66
2024-04-16T22:00Z,NL,68.44
2024-04-16T23:00Z,NL,65.73
2024-04-17T00:00Z,NL,64.58
2024-04-17T01:00Z,NL,65.53
2024-04-17T02:00Z,NL,67.7
2024-04-17T03:00Z,NL,67.76
2024-04-17T04:00Z,NL,75.58
2024-04-17T05:00Z,NL,72.03
2024-04-17T06:00Z,NL,70.08
2024-04-17T07:00Z,NL,57.44
2024-04-17T08:00Z,NL,33.31
2024-04-17T09:00Z,NL,22.42
2024-04-17T10:00Z,NL,13.95
2024-04-17T11:00Z,NL,16.31
2024-04-17T12:00Z,NL,17.53
2024-04-17T13:00Z,NL,23.13
2024-04-17T14:00Z,NL,66.71
2024-04-17T15:00Z,NL,75.81
2024-04-17T16:00Z,NL,84.39
2024-04-17T17:00Z,NL,83.41
2024-04-17T18:00Z,NL,74.8
2024-04-17T19:00Z,NL,68.38
2024-04-17T20:00Z,NL,63.91
2024-04-17T21:00Z,NL,66.19
2024-04-17T22:00Z,NL,64.38
2024-04-17T23:00Z,NL,65.33
2024-04-18T00:00Z,NL,62.07
2024-04-18T01:00Z,NL,64.44
2024-04-18T02:00Z,NL,62.27
2024-04-18T03:00Z,NL,77.14
2024-04-18T04:00Z,NL,79.2
2024-04-18T05:00Z,NL,84.43
2024-04-18T06:00Z,NL,73.11
2024-04-18T07:00Z,NL,71.14
2024-04-18T08:00Z,NL,72.01
2024-04-18T09:00Z,NL,62.64
2024-04-18T10:00Z,NL,59.67
2024-04-18T11:00Z,NL,29.29
2024-04-18T12:00Z,NL,28.56
2024-04-18T13:00Z,NL,27.95
2024-04-18T14:00Z,NL,73.15
2024-04-18T15:00Z,NL,73.11
2024-04-18T16:00Z,NL,90.4
2024-04-18T17:00Z,NL,85.0
2024-04-18T18:00Z,NL,95.64
2024-04-18T19:00Z,NL,81.97
2024-04-18T20:00Z,NL,77.9
2024-04-18T21:00Z,NL,72.26
2024-04-18T22:00Z,NL,73.43
2024-04-18T23:00Z,NL,71.72
2024-04-19T00:00Z,NL,71.43
2024-04-19T01:00Z,NL,69.17
2024-04-19T02:00Z,NL,77.86
2024-04-19T03:00Z,NL,76.87
2024-04-19T04:00Z,NL,74.54
2024-04-19T05:00Z,NL,90.15
2024-04-19T06:00Z,NL,81.6
2024-04-19T07:00Z,NL,84.23
2024-04-19T08:00Z,NL,82.29
2024-04-19T09:00Z,NL,77.43
2024-04-19T10:00Z,NL,78.79
2024-04-19T11:00Z,NL,74.09
2024-04-19T12:00Z,NL,73.86
2024-04-19T13:00Z,NL,87.74
2024-04-19T14:00Z,NL,88.85
2024-04-19T15:00Z,NL,88.79
2024-04-19T16:00Z,NL,100.96
2024-04-19T17:00Z,NL,90.08
2024-04-19T18:00Z,NL,97.17
2024-04-19T19:00Z,NL,90.69
2024-04-19T20:00Z,NL,81.27
2024-04-19T21:00Z,NL,77.2
2024-04-19T22:00Z,NL,80.92
2024-04-19T23:00Z,NL,72.17
2024-04-20T00:00Z,NL,77.13
2024-04-20T01:00Z,NL,69.75
2024-04-20T02:00Z,NL,78.57
2024-04-20T03:00Z,NL,73.55
2024-04-20T04:00Z,NL,77.41
2024-04-20T05:00Z,NL,72.12
2024-04-20T06:00Z,NL,44.57
2024-04-20T07:00Z,NL,30.82
2024-04-20T08:00Z,NL,25.17
2024-04-20T09:00Z,NL,27.74
2024-04-20T10:00Z,NL,27.44
2024-04-20T11:00Z,NL,31.15
2024-04-20T12:00Z,NL,24.7
2024-04-20T13:00Z,NL,16.99
2024-04-20T14:00Z,NL,20.68
2024-04-20T15:00Z,NL,35.85
2024-04-20T16:00Z,NL,42.53
2024-04-20T17:00Z,NL,45.57
2024-04-20T18:00Z,NL,51.33
2024-04-20T19:00Z,NL,80.55
2024-04-20T20:00Z,NL,85.27
2024-04-20T21:00Z,NL,21.56
2024-04-20T22:00Z,NL,21.83
2024-04-20T23:00Z,NL,23.96
2024-04-21T00:00Z,NL,25.92
2024-04-21T01:00Z,NL,13.87
2024-04-21T02:00Z,NL,25.22
2024-04-21T03:00Z,NL,40.74
2024-04-21T04:00Z,NL,32.05
2024-04-21T05:00Z,NL,-0.25
2024-04-21T06:00Z,NL,26.88
2024-04-21T07:00Z,NL,7.8
2024-04-21T08:00Z,NL,26.44
2024-04-21T09:00Z,NL,19.06
2024-04-21T10:00Z,NL,11.8
2024-04-21T11:00Z,NL,10.38
2024-04-21T12:00Z,NL,16.39
2024-04-21T13:00Z,NL,21.85
2024-04-21T14:00Z,NL,34.35
2024-04-21T15:00Z,NL,40.1
2024-04-21T16:00Z,NL,116.96
2024-04-21T17:00Z,NL,106.12
2024-04-21T18:00Z,NL,96.69
2024-04-21T19:00Z,NL,90.83
2024-04-21T20:00Z,NL,8.64
2024-04-21T21:00Z,NL,89.05
2024-04-21T22:00Z,NL,84.02
2024-04-21T23:00Z,NL,76.83
2024-04-22T00:00Z,NL,70.11
2024-04-22T01:00Z,NL,80.48
2024-04-22T02:00Z,NL,77.15
2024-04-22T03:00Z,NL,76.8
2024-04-22T04:00Z,NL,97.13
2024-04-22T05:00Z,NL,88.92
2024-04-22T06:00Z,NL,80.15
2024-04-22T07:00Z,NL,93.55
2024-04-22T08:00Z,NL,84.82
2024-04-22T09:00Z,NL,81.4
2024-04-22T10:00Z,NL,81.17
2024-04-22T11:00Z,NL,76.53
2024-04-22T12:00Z,NL,76.65
2024-04-22T13:00Z,NL,80.62
2024-04-22T14:00Z,NL,91.35
2024-04-22T15:00Z,NL,106.81
2024-04-22T16:00Z,NL,101.38
2024-04-22T17:00Z,NL,108.18
2024-04-22T18:00Z,NL,107.13
2024-04-22T19:00Z,NL,94.13
2024-04-22T20:00Z,NL,97.98
2024-04-22T21:00Z,NL,97.41
2024-04-22T22:00Z,NL,80.26
2024-04-22T23:00Z,NL,82.13
2024-04-23T00:00Z,NL,76.56
2024-04-23T01:00Z,NL,80.45
2024-04-23T02:00Z,NL,79.75
2024-04-23T03:00Z,NL,89.63
2024-04-23T04:00Z,NL,101.37
2024-04-23T05:00Z,NL,93.34
2024-04-23T06:00Z,NL,89.57
2024-04-23T07:00Z,NL,83.01
2024-04-23T08:00Z,NL,78.8
2024-04-23T09:00Z,NL,79.35
2024-04-23T10:00Z,NL,77.05
2024-04-23T11:00Z,NL,75.77
2024-04-23T12:00Z,NL,77.43
2024-04-23T13:00Z,NL,77.12
2024-04-23T14:00Z,NL,83.08
2024-04-23T15:00Z,NL,86.8
2024-04-23T16:00Z,NL,87.25
2024-04-23T17:00Z,NL,83.63
2024-04-23T18:00Z,NL,86.85
2024-04-23T19:00Z,NL,85.82
2024-04-23T20:00Z,NL,80.93
2024-04-23T21:00Z,NL,73.5
2024-04-23T22:00Z,NL,71.21
2024-04-23T23:00Z,NL,64.88
2024-04-24T00:00Z,NL,66.29
2024-04-24T01:00Z,NL,70.01
2024-04-24T02:00Z,NL,76.97
2024-04-24T03:00Z,NL,78.47
2024-04-24T04:00Z,NL,90.67
2024-04-24T05:00Z,NL,90.05
2024-04-24T06:00Z,NL,82.57
2024-04-24T07:00Z,NL,76.56
2024-04-24T08:00Z,NL,78.86
2024-04-24T09:00Z,NL,75.07
2024-04-24T10:00Z,NL,66.3
2024-04-24T11:00Z,NL,63.93
2024-04-24T12:00Z,NL,75.5
2024-04-24T13:00Z,NL,73.41
2024-04-24T14:00Z,NL,68.85
2024-04-24T15:00Z,NL,83.73
2024-04-24T16:00Z,NL,82.54
2024-04-24T17:00Z,NL,91.52
2024-04-24T18:00Z,NL,78.89
2024-04-24T19:00Z,NL,84.29
2024-04-24T20:00Z,NL,89.02
2024-04-24T21:00Z,NL,84.17
2024-04-24T22:00Z,NL,84.24
2024-04-24T23:00Z,NL,83.0
2024-04-25T00:00Z,NL,86.04
2024-04-25T01:00Z,NL,84.49
2024-04-25T02:00Z,NL,87.13
2024-04-25T03:00Z,NL,90.8
2024-04-25T04:00Z,NL,97.12
2024-04-25T05:00Z,NL,94.29
2024-04-25T06:00Z,NL,88.0
2024-04-25T07:00Z,NL,82.17
2024-04-25T08:00Z,NL,73.98
2024-04-25T09:00Z,NL,6.57
2024-04-25T10:00Z,NL,35.58
2024-04-25T11:00Z,NL,36.66
2024-04-25T12:00Z,NL,32.66
2024-04-25T13:00Z,NL,91.81
2024-04-25T14:00Z,NL,89.52
2024-04-25T15:00Z,NL,91.46
2024-04-25T16:00Z,NL,103.69
2024-04-25T17:00Z,NL,112.38
2024-04-25T18:00Z,NL,107.89
2024-04-25T19:00Z,NL,109.03
2024-04-25T20:00Z,NL,106.56
2024-04-25T21:00Z,NL,99.72
2024-04-25T22:00Z,NL,93.91
2024-04-25T23:00Z,NL,91.45
2024-04-26T00:00Z,NL,87.54
2024-04-26T01:00Z,NL,90.79
2024-04-26T02:00Z,NL,99.24
2024-04-26T03:00Z,NL,92.23
2024-04-26T04:00Z,NL,93.62
2024-04-26T05:00Z,NL,91.85
2024-04-26T06:00Z,NL,94.46
2024-04-26T07:00Z,NL,84.09
2024-04-26T08:00Z,NL,49.37
2024-04-26T09:00Z,NL,28.75
2024-04-26T10:00Z,NL,24.47
2024-04-26T11:00Z,NL,14.38
2024-04-26T12:00Z,NL,14.87
2024-04-26T13:00Z,NL,24.26
2024-04-26T14:00Z,NL,15.75
2024-04-26T15:00Z,NL,28.39
2024-04-26T16:00Z,NL,97.74
2024-04-26T17:00Z,NL,84.15
2024-04-26T18:00Z,NL,88.77
2024-04-26T19:00Z,NL,87.44
2024-04-26T20:00Z,NL,80.63
2024-04-26T21:00Z,NL,28.76
2024-04-26T22:00Z,NL,12.72
2024-04-26T23:00Z,NL,10.94
2024-04-27T00:00Z,NL,17.86
2024-04-27T01:00Z,NL,3.37
2024-04-27T02:00Z,NL,32.99
2024-04-27T03:00Z,NL,34.93
2024-04-27T04:00Z,NL,28.86
2024-04-27T05:00Z,NL,61.07
2024-04-27T06:00Z,NL,31.22
2024-04-27T07:00Z,NL,16.65
2024-04-27T08:00Z,NL,7.35
2024-04-27T09:00Z,NL,3.54
2024-04-27T10:00Z,NL,6.82
2024-04-27T11:00Z,NL,2.82
2024-04-27T12:00Z,NL,5.3
2024-04-27T13:00Z,NL,4.09
2024-04-27T14:00Z,NL,5.62
2024-04-27T15:00Z,NL,16.24
2024-04-27T16:00Z,NL,18.26
2024-04-27T17:00Z,NL,20.69
2024-04-27T18:00Z,NL,23.41
2024-04-27T19:00Z,NL,14.87
2024-04-27T20:00Z,NL,7.73
2024-04-27T21:00Z,NL,6.71
2024-04-27T22:00Z,NL,3.02
2024-04-27T23:00Z,NL,-0.12
2024-04-28T00:00Z,NL,-1.27
2024-04-28T01:00Z,NL,5.75
2024-04-28T02:00Z,NL,5.71
2024-04-28T03:00Z,NL,11.39
2024-04-28T04:00Z,NL,14.23
2024-04-28T05:00Z,NL,8.57
2024-04-28T06:00Z,NL,2.08
2024-04-28T07:00Z,NL,-1.17
2024-04-28T08:00Z,NL,-11.96
2024-04-28T09:00Z,NL,-29.97
2024-04-28T10:00Z,NL,-31.09
2024-04-28T11:00Z,NL,-39.16
2024-04-28T12:00Z,NL,-36.12
2024-04-28T13:00Z,NL,-26.89
2024-04-28T14:00Z,NL,-5.8
2024-04-28T15:00Z,NL,18.62
2024-04-28T16:00Z,NL,14.21
2024-04-28T17:00Z,NL,21.4
2024-04-28T18:00Z,NL,87.19
2024-04-28T19:00Z,NL,28.58
2024-04-28T20:00Z,NL,18.61
2024-04-28T21:00Z,NL,14.5
2024-04-28T22:00Z,NL,7.17
2024-04-28T23:00Z,NL,22.75
2024-04-29T00:00Z,NL,22.65
2024-04-29T01:00Z,NL,24.86
2024-04-29T02:00Z,NL,22.57
2024-04-29T03:00Z,NL,33.28
2024-04-29T04:00Z,NL,96.13
2024-04-29T05:00Z,NL,83.48
2024-04-29T06:00Z,NL,-1.87
2024-04-29T07:00Z,NL,2.51
2024-04-29T08:00Z,NL,2.94
2024-04-29T09:00Z,NL,-0.14
2024-04-29T10:00Z,NL,-18.58
2024-04-29T11:00Z,NL,6.25
2024-04-29T12:00Z,NL,2.57
2024-04-29T13:00Z,NL,5.79
2024-04-29T14:00Z,NL,1.91
2024-04-29T15:00Z,NL,27.6
2024-04-29T16:00Z,NL,103.02
2024-04-29T17:00Z,NL,49.02
2024-04-29T18:00Z,NL,85.76
2024-04-29T19:00Z,NL,80.59
2024-04-29T20:00Z,NL,84.4
2024-04-29T21:00Z,NL,87.68
2024-04-29T22:00Z,NL,84.72
2024-04-29T23:00Z,NL,88.41
2024-04-30T00:00Z,NL,88.71
2024-04-30T01:00Z,NL,82.57
2024-04-30T02:00Z,NL,89.65
2024-04-30T03:00Z,NL,90.9
2024-04-30T04:00Z,NL,92.27
2024-04-30T05:00Z,NL,85.93
2024-04-30T06:00Z,NL,75.71
2024-04-30T07:00Z,NL,81.69
2024-04-30T08:00Z,NL,20.26
2024-04-30T09:00Z,NL,0.88
2024-04-30T10:00Z,NL,0.41
2024-04-30T11:00Z,NL,2.89
2024-04-30T12:00Z,NL,1.94
2024-04-30T13:00Z,NL,14.8
2024-04-30T14:00Z,NL,23.45
2024-04-30T15:00Z,NL,58.6
2024-04-30T16:00Z,NL,94.82
2024-04-30T17:00Z,NL,97.44
2024-04-30T18:00Z,NL,107.34
2024-04-30T19:00Z,NL,98.35
2024-04-30T20:00Z,NL,99.99
2024-04-30T21:00Z,NL,102.38
2024-04-30T22:00Z,NL,83.24
2024-04-30T23:00Z,NL,79.24
2024-05-01T00:00Z,NL,79.6
2024-05-01T01:00Z,NL,77.21
2024-05-01T02:00Z,NL,81.41
2024-05-01T03:00Z,NL,82.02
2024-05-01T04:00Z,NL,80.83
2024-05-01T05:00Z,NL,68.24
2024-05-01T06:00Z,NL,21.27
2024-05-01T07:00Z,NL,8.3
2024-05-01T08:00Z,NL,4.79
2024-05-01T09:00Z,NL,0.69
2024-05-01T10:00Z,NL,-8.02
2024-05-01T11:00Z,NL,-16.42
2024-05-01T12:00Z,NL,0.05
2024-05-01T13:00Z,NL,7.98
2024-05-01T14:00Z,NL,13.87
2024-05-01T15:00Z,NL,19.14
2024-05-01T16:00Z,NL,41.44
2024-05-01T17:00Z,NL,40.93
2024-05-01T18:00Z,NL,93.14
2024-05-01T19:00Z,NL,81.0
2024-05-01T20:00Z,NL,80.5
2024-05-01T21:00Z,NL,80.65
2024-05-01T22:00Z,NL,84.17
2024-05-01T23:00Z,NL,84.63
2024-05-02T00:00Z,NL,85.15
2024-05-02T01:00Z,NL,83.56
2024-05-02T02:00Z,NL,89.42
2024-05-02T03:00Z,NL,98.92
2024-05-02T04:00Z,NL,95.53
2024-05-02T05:00Z,NL,90.29
2024-05-02T06:00Z,NL,86.52
2024-05-02T07:00Z,NL,79.37
2024-05-02T08:00Z,NL,36.24
2024-05-02T09:00Z,NL,25.05
2024-05-02T10:00Z,NL,3.58
2024-05-02T11:00Z,NL,0.69
2024-05-02T12:00Z,NL,14.03
2024-05-02T13:00Z,NL,12.06
2024-05-02T14:00Z,NL,28.42
2024-05-02T15:00Z,NL,76.5
2024-05-02T16:00Z,NL,93.39
2024-05-02T17:00Z,NL,96.95
2024-05-02T18:00Z,NL,87.46
2024-05-02T19:00Z,NL,85.34
2024-05-02T20:00Z,NL,81.27
2024-05-02T21:00Z,NL,84.61
2024-05-02T22:00Z,NL,88.49
2024-05-02T23:00Z,NL,94.23
2024-05-03T00:00Z,NL,92.88
2024-05-03T01:00Z,NL,90.1
2024-05-03T02:00Z,NL,88.99
2024-05-03T03:00Z,NL,107.49
2024-05-03T04:00Z,NL,99.7
2024-05-03T05:00Z,NL,97.33
2024-05-03T06:00Z,NL,91.14
2024-05-03T07:00Z,NL,78.21
2024-05-03T08:00Z,NL,35.45
2024-05-03T09:00Z,NL,26.71
2024-05-03T10:00Z,NL,51.71
2024-05-03T11:00Z,NL,20.62
2024-05-03T12:00Z,NL,18.32
2024-05-03T13:00Z,NL,15.14
2024-05-03T14:00Z,NL,32.57
2024-05-03T15:00Z,NL,104.8
2024-05-03T16:00Z,NL,93.1
2024-05-03T17:00Z,NL,97.49
2024-05-03T18:00Z,NL,97.19
2024-05-03T19:00Z,NL,85.96
2024-05-03T20:00Z,NL,83.29
2024-05-03T21:00Z,NL,91.04
2024-05-03T22:00Z,NL,25.71
2024-05-03T23:00Z,NL,26.09
2024-05-04T00:00Z,NL,25.69
2024-05-04T01:00Z,NL,56.14
2024-05-04T02:00Z,NL,97.12
2024-05-04T03:00Z,NL,94.77
2024-05-04T04:00Z,NL,97.49
2024-05-04T05:00Z,NL,89.45
2024-05-04T06:00Z,NL,81.29
2024-05-04T07:00Z,NL,37.48
2024-05-04T08:00Z,NL,17.46
2024-05-04T09:00Z,NL,9.8
2024-05-04T10:00Z,NL,1.52
2024-05-04T11:00Z,NL,5.45
2024-05-04T12:00Z,NL,8.29
2024-05-04T13:00Z,NL,12.63
2024-05-04T14:00Z,NL,23.16
2024-05-04T15:00Z,NL,104.11
2024-05-04T16:00Z,NL,97.56
2024-05-04T17:00Z,NL,106.07
2024-05-04T18:00Z,NL,102.88
2024-05-04T19:00Z,NL,94.96
2024-05-04T20:00Z,NL,93.86
2024-05-04T21:00Z,NL,90.74
2024-05-04T22:00Z,NL,72.84
2024-05-04T23:00Z,NL,67.83
2024-05-05T00:00Z,NL,73.89
2024-05-05T01:00Z,NL,77.88
2024-05-05T02:00Z,NL,73.65
2024-05-05T03:00Z,NL,73.18
2024-05-05T04:00Z,NL,70.97
2024-05-05T05:00Z,NL,67.58
2024-05-05T06:00Z,NL,28.38
2024-05-05T07:00Z,NL,18.89
2024-05-05T08:00Z,NL,10.15
2024-05-05T09:00Z,NL,3.87
2024-05-05T10:00Z,NL,1.56
2024-05-05T11:00Z,NL,3.27
2024-05-05T12:00Z,NL,7.07
2024-05-05T13:00Z,NL,13.32
2024-05-05T14:00Z,NL,16.65
2024-05-05T15:00Z,NL,39.85
2024-05-05T16:00Z,NL,88.31
2024-05-05T17:00Z,NL,92.87
2024-05-05T18:00Z,NL,89.58
2024-05-05T19:00Z,NL,86.98
2024-05-05T20:00Z,NL,86.35
2024-05-05T21:00Z,NL,86.58
2024-05-05T22:00Z,NL,111.64
2024-05-05T23:00Z,NL,100.5
2024-05-06T00:00Z,NL,94.05
2024-05-06T01:00Z,NL,92.55
2024-05-06T02:00Z,NL,92.82
2024-05-06T03:00Z,NL,102.05
2024-05-06T04:00Z,NL,104.26
2024-05-06T05:00Z,NL,101.92
2024-05-06T06:00Z,NL,101.08
2024-05-06T07:00Z,NL,97.06
2024-05-06T08:00Z,NL,96.77
2024-05-06T09:00Z,NL,93.01
2024-05-06T10:00Z,NL,88.38
2024-05-06T11:00Z,NL,80.39
2024-05-06T12:00Z,NL,79.72
2024-05-06T13:00Z,NL,87.02
2024-05-06T14:00Z,NL,91.71
2024-05-06T15:00Z,NL,91.1
2024-05-06T16:00Z,NL,96.37
2024-05-06T17:00Z,NL,99.21
2024-05-06T18:00Z,NL,108.93
2024-05-06T19:00Z,NL,103.23
2024-05-06T20:00Z,NL,96.83
2024-05-06T21:00Z,NL,87.6
2024-05-06T22:00Z,NL,90.97
2024-05-06T23:00Z,NL,89.05
2024-05-07T00:00Z,NL,94.24
2024-05-07T01:00Z,NL,95.88
2024-05-07T02:00Z,NL,98.09
2024-05-07T03:00Z,NL,107.57
2024-05-07T04:00Z,NL,103.85
2024-05-07T05:00Z,NL,106.23
2024-05-07T06:00Z,NL,95.32
2024-05-07T07:00Z,NL,95.07
2024-05-07T08:00Z,NL,95.33
2024-05-07T09:00Z,NL,93.15
2024-05-07T10:00Z,NL,91.38
2024-05-07T11:00Z,NL,88.66
2024-05-07T12:00Z,NL,88.84
2024-05-07T13:00Z,NL,94.7
2024-05-07T14:00Z,NL,99.7
2024-05-07T15:00Z,NL,111.49
2024-05-07T16:00Z,NL,110.42
2024-05-07T17:00Z,NL,114.16
2024-05-07T18:00Z,NL,112.92
2024-05-07T19:00Z,NL,104.13
2024-05-07T20:00Z,NL,98.93
2024-05-07T21:00Z,NL,93.54
2024-05-07T22:00Z,NL,96.74
2024-05-07T23:00Z,NL,98.03
2024-05-08T00:00Z,NL,100.74
2024-05-08T01:00Z,NL,100.31
2024-05-08T02:00Z,NL,107.24
2024-05-08T03:00Z,NL,113.19
2024-05-08T04:00Z,NL,113.74
2024-05-08T05:00Z,NL,111.61
2024-05-08T06:00Z,NL,102.31
2024-05-08T07:00Z,NL,101.87
2024-05-08T08:00Z,NL,96.91
2024-05-08T09:00Z,NL,97.73
2024-05-08T10:00Z,NL,19.6
2024-05-08T11:00Z,NL,17.71
2024-05-08T12:00Z,NL,18.69
2024-05-08T13:00Z,NL,20.54
2024-05-08T14:00Z,NL,102.98
2024-05-08T15:00Z,NL,108.69
2024-05-08T16:00Z,NL,115.78
2024-05-08T17:00Z,NL,127.49
2024-05-08T18:00Z,NL,125.07
2024-05-08T19:00Z,NL,116.51
2024-05-08T20:00Z,NL,110.38
2024-05-08T21:00Z,NL,106.43
2024-05-08T22:00Z,NL,99.41
2024-05-08T23:00Z,NL,102.1
2024-05-09T00:00Z,NL,100.98
2024-05-09T01:00Z,NL,99.75
2024-05-09T02:00Z,NL,102.81
2024-05-09T03:00Z,NL,105.49
2024-05-09T04:00Z,NL,107.56
2024-05-09T05:00Z,NL,99.8
2024-05-09T06:00Z,NL,96.27
2024-05-09T07:00Z,NL,70.15
2024-05-09T08:00Z,NL,27.67
2024-05-09T09:00Z,NL,23.61
2024-05-09T10:00Z,NL,14.67
2024-05-09T11:00Z,NL,12.01
2024-05-09T12:00Z,NL,17.74
2024-05-09T13:00Z,NL,19.11
2024-05-09T14:00Z,NL,19.22
2024-05-09T15:00Z,NL,45.24
2024-05-09T16:00Z,NL,106.08
2024-05-09T17:00Z,NL,109.75
2024-05-09T18:00Z,NL,108.56
2024-05-09T19:00Z,NL,107.93
2024-05-09T20:00Z,NL,106.2
2024-05-09T21:00Z,NL,102.23
2024-05-09T22:00Z,NL,101.26
2024-05-09T23:00Z,NL,90.88
2024-05-10T00:00Z,NL,84.82
2024-05-10T01:00Z,NL,87.06
2024-05-10T02:00Z,NL,83.67
2024-05-10T03:00Z,NL,84.75
2024-05-10T04:00Z,NL,87.08
2024-05-10T05:00Z,NL,85.97
2024-05-10T06:00Z,NL,90.93
2024-05-10T07:00Z,NL,38.32
2024-05-10T08:00Z,NL,37.87
2024-05-10T09:00Z,NL,29.46
2024-05-10T10:00Z,NL,13.83
2024-05-10T11:00Z,NL,6.44
2024-05-10T12:00Z,NL,7.74
2024-05-10T13:00Z,NL,11.74
2024-05-10T14:00Z,NL,17.64
2024-05-10T15:00Z,NL,5.92
2024-05-10T16:00Z,NL,106.1
2024-05-10T17:00Z,NL,91.44
2024-05-10T18:00Z,NL,86.02
2024-05-10T19:00Z,NL,90.35
2024-05-10T20:00Z,NL,90.66
2024-05-10T21:00Z,NL,83.8
2024-05-10T22:00Z,NL,86.41
2024-05-10T23:00Z,NL,71.29
2024-05-11T00:00Z,NL,6.8
2024-05-11T01:00Z,NL,67.43
2024-05-11T02:00Z,NL,9.16
2024-05-11T03:00Z,NL,78.43
2024-05-11T04:00Z,NL,101.57
2024-05-11T05:00Z,NL,64.81
2024-05-11T06:00Z,NL,69.07
2024-05-11T07:00Z,NL,47.92
2024-05-11T08:00Z,NL,19.99
2024-05-11T09:00Z,NL,16.67
2024-05-11T10:00Z,NL,10.53
2024-05-11T11:00Z,NL,11.12
2024-05-11T12:00Z,NL,9.98
2024-05-11T13:00Z,NL,9.55
2024-05-11T14:00Z,NL,14.85
2024-05-11T15:00Z,NL,29.23
2024-05-11T16:00Z,NL,68.27
2024-05-11T17:00Z,NL,67.98
2024-05-11T18:00Z,NL,92.23
2024-05-11T19:00Z,NL,90.16
2024-05-11T20:00Z,NL,81.52
2024-05-11T21:00Z,NL,73.74
2024-05-11T22:00Z,NL,84.49
2024-05-11T23:00Z,NL,87.26
2024-05-12T00:00Z,NL,85.51
2024-05-12T01:00Z,NL,87.11
2024-05-12T02:00Z,NL,87.82
2024-05-12T03:00Z,NL,93.19
2024-05-12T04:00Z,NL,89.03
2024-05-12T05:00Z,NL,83.36
2024-05-12T06:00Z,NL,39.95
2024-05-12T07:00Z,NL,26.83
2024-05-12T08:00Z,NL,20.99
2024-05-12T09:00Z,NL,18.2
2024-05-12T10:00Z,NL,9.23
2024-05-12T11:00Z,NL,3.69
2024-05-12T12:00Z,NL,0.72
2024-05-12T13:00Z,NL,7.42
2024-05-12T14:00Z,NL,2.14
2024-05-12T15:00Z,NL,16.59
2024-05-12T16:00Z,NL,99.2
2024-05-12T17:00Z,NL,87.89
2024-05-12T18:00Z,NL,91.55
2024-05-12T19:00Z,NL,85.25
2024-05-12T20:00Z,NL,89.68
2024-05-12T21:00Z,NL,86.86
2024-05-12T22:00Z,NL,88.68
2024-05-12T23:00Z,NL,96.0
2024-05-13T00:00Z,NL,92.21
2024-05-13T01:00Z,NL,89.67
2024-05-13T02:00Z,NL,83.96
2024-05-13T03:00Z,NL,87.96
2024-05-13T04:00Z,NL,99.77
2024-05-13T05:00Z,NL,92.27
2024-05-13T06:00Z,NL,92.36
2024-05-13T07:00Z,NL,95.41
2024-05-13T08:00Z,NL,92.96
2024-05-13T09:00Z,NL,89.06
2024-05-13T10:00Z,NL,85.18
2024-05-13T11:00Z,NL,30.79
2024-05-13T12:00Z,NL,34.77
2024-05-13T13:00Z,NL,87.67
2024-05-13T14:00Z,NL,86.36
2024-05-13T15:00Z,NL,86.78
2024-05-13T16:00Z,NL,85.62
2024-05-13T17:00Z,NL,89.27
2024-05-13T18:00Z,NL,87.44
2024-05-13T19:00Z,NL,90.65
2024-05-13T20:00Z,NL,88.72
2024-05-13T21:00Z,NL,84.81
2024-05-13T22:00Z,NL,88.14
2024-05-13T23:00Z,NL,81.88
2024-05-14T00:00Z,NL,98.49
2024-05-14T01:00Z,NL,75.16
2024-05-14T02:00Z,NL,34.89
2024-05-14T03:00Z,NL,9.41
2024-05-14T04:00Z,NL,98.01
2024-05-14T05:00Z,NL,79.93
2024-05-14T06:00Z,NL,53.39
2024-05-14T07:00Z,NL,15.8
2024-05-14T08:00Z,NL,5.36
2024-05-14T09:00Z,NL,0.58
2024-05-14T10:00Z,NL,3.01
2024-05-14T11:00Z,NL,-6.22
2024-05-14T12:00Z,NL,0.7
2024-05-14T13:00Z,NL,-12.24
2024-05-14T14:00Z,NL,14.86
2024-05-14T15:00Z,NL,24.6
2024-05-14T16:00Z,NL,40.81
2024-05-14T17:00Z,NL,85.77
2024-05-14T18:00Z,NL,100.56
2024-05-14T19:00Z,NL,98.52
2024-05-14T20:00Z,NL,84.42
2024-05-14T21:00Z,NL,39.95
2024-05-14T22:00Z,NL,37.89
2024-05-14T23:00Z,NL,96.47
2024-05-15T00:00Z,NL,67.63
2024-05-15T01:00Z,NL,89.5
2024-05-15T02:00Z,NL,35.63
2024-05-15T03:00Z,NL,99.93
2024-05-15T04:00Z,NL,100.27
2024-05-15T05:00Z,NL,89.44
2024-05-15T06:00Z,NL,76.42
2024-05-15T07:00Z,NL,36.19
2024-05-15T08:00Z,NL,10.09
2024-05-15T09:00Z,NL,3.21
2024-05-15T10:00Z,NL,0.18
2024-05-15T11:00Z,NL,7.99
2024-05-15T12:00Z,NL,1.78
2024-05-15T13:00Z,NL,6.44
2024-05-15T14:00Z,NL,32.08
2024-05-15T15:00Z,NL,59.65
2024-05-15T16:00Z,NL,104.82
2024-05-15T17:00Z,NL,109.97
2024-05-15T18:00Z,NL,124.71
2024-05-15T19:00Z,NL,113.03
2024-05-15T20:00Z,NL,108.3
2024-05-15T21:00Z,NL,101.65
2024-05-15T22:00Z,NL,79.39
2024-05-15T23:00Z,NL,81.59
2024-05-16T00:00Z,NL,80.5
2024-05-16T01:00Z,NL,80.15
2024-05-16T02:00Z,NL,81.0
2024-05-16T03:00Z,NL,90.46
2024-05-16T04:00Z,NL,82.45
2024-05-16T05:00Z,NL,76.52
2024-05-16T06:00Z,NL,46.12
2024-05-16T07:00Z,NL,28.41
2024-05-16T08:00Z,NL,9.67
2024-05-16T09:00Z,NL,3.39
2024-05-16T10:00Z,NL,2.16
2024-05-16T11:00Z,NL,-12.28
2024-05-16T12:00Z,NL,2.23
2024-05-16T13:00Z,NL,9.81
2024-05-16T14:00Z,NL,13.68
2024-05-16T15:00Z,NL,37.86
2024-05-16T16:00Z,NL,96.37
2024-05-16T17:00Z,NL,100.23
2024-05-16T18:00Z,NL,110.99
2024-05-16T19:00Z,NL,103.52
2024-05-16T20:00Z,NL,94.43
2024-05-16T21:00Z,NL,94.0
2024-05-16T22:00Z,NL,93.3
2024-05-16T23:00Z,NL,90.07
2024-05-17T00:00Z,NL,88.96
2024-05-17T01:00Z,NL,85.65
2024-05-17T02:00Z,NL,85.77
2024-05-17T03:00Z,NL,81.55
2024-05-17T04:00Z,NL,82.2
2024-05-17T05:00Z,NL,72.75
2024-05-17T06:00Z,NL,90.42
2024-05-17T07:00Z,NL,14.31
2024-05-17T08:00Z,NL,9.03
2024-05-17T09:00Z,NL,7.55
2024-05-17T10:00Z,NL,2.22
2024-05-17T11:00Z,NL,10.81
2024-05-17T12:00Z,NL,3.62
2024-05-17T13:00Z,NL,4.45
2024-05-17T14:00Z,NL,13.35
2024-05-17T15:00Z,NL,35.19
2024-05-17T16:00Z,NL,85.52
2024-05-17T17:00Z,NL,91.6
2024-05-17T18:00Z,NL,101.25
2024-05-17T19:00Z,NL,104.52
2024-05-17T20:00Z,NL,99.22
2024-05-17T21:00Z,NL,88.55
2024-05-17T22:00Z,NL,89.41
2024-05-17T23:00Z,NL,95.36
2024-05-18T00:00Z,NL,94.32
2024-05-18T01:00Z,NL,90.49
2024-05-18T02:00Z,NL,91.41
2024-05-18T03:00Z,NL,97.82
2024-05-18T04:00Z,NL,94.53
2024-05-18T05:00Z,NL,90.96
2024-05-18T06:00Z,NL,97.68
2024-05-18T07:00Z,NL,15.73
2024-05-18T08:00Z,NL,5.83
2024-05-18T09:00Z,NL,1.3
2024-05-18T10:00Z,NL,-0.43
2024-05-18T11:00Z,NL,-2.29
2024-05-18T12:00Z,NL,-12.23
2024-05-18T13:00Z,NL,12.67
2024-05-18T14:00Z,NL,13.94
2024-05-18T15:00Z,NL,34.06
2024-05-18T16:00Z,NL,114.52
2024-05-18T17:00Z,NL,117.1
2024-05-18T18:00Z,NL,122.5
2024-05-18T19:00Z,NL,119.18
2024-05-18T20:00Z,NL,108.65
2024-05-18T21:00Z,NL,105.38
2024-05-18T22:00Z,NL,103.4
2024-05-18T23:00Z,NL,101.44
2024-05-19T00:00Z,NL,101.64
2024-05-19T01:00Z,NL,100.95
2024-05-19T02:00Z,NL,100.16
2024-05-19T03:00Z,NL,101.65
2024-05-19T04:00Z,NL,98.0
2024-05-19T05:00Z,NL,92.81
2024-05-19T06:00Z,NL,20.47
2024-05-19T07:00Z,NL,4.74
2024-05-19T08:00Z,NL,0.86
2024-05-19T09:00Z,NL,-24.77
2024-05-19T10:00Z,NL,-61.57
2024-05-19T11:00Z,NL,-59.4
2024-05-19T12:00Z,NL,-60.49
2024-05-19T13:00Z,NL,-10.83
2024-05-19T14:00Z,NL,10.26
2024-05-19T15:00Z,NL,17.53
2024-05-19T16:00Z,NL,35.4
2024-05-19T17:00Z,NL,95.66
2024-05-19T18:00Z,NL,105.86
2024-05-19T19:00Z,NL,111.91
2024-05-19T20:00Z,NL,98.39
2024-05-19T21:00Z,NL,99.66
2024-05-19T22:00Z,NL,83.34
2024-05-19T23:00Z,NL,80.9
2024-05-20T00:00Z,NL,81.04
2024-05-20T01:00Z,NL,77.67
2024-05-20T02:00Z,NL,88.19
2024-05-20T03:00Z,NL,90.63
2024-05-20T04:00Z,NL,80.27
2024-05-20T05:00Z,NL,76.32
2024-05-20T06:00Z,NL,16.96
2024-05-20T07:00Z,NL,8.73
2024-05-20T08:00Z,NL,1.91
2024-05-20T09:00Z,NL,-1.75
2024-05-20T10:00Z,NL,-15.3
2024-05-20T11:00Z,NL,-23.2
2024-05-20T12:00Z,NL,-4.93
2024-05-20T13:00Z,NL,3.91
2024-05-20T14:00Z,NL,12.67
2024-05-20T15:00Z,NL,19.82
2024-05-20T16:00Z,NL,32.37
2024-05-20T17:00Z,NL,94.02
2024-05-20T18:00Z,NL,102.18
2024-05-20T19:00Z,NL,92.94
2024-05-20T20:00Z,NL,82.36
2024-05-20T21:00Z,NL,78.51
2024-05-20T22:00Z,NL,84.29
2024-05-20T23:00Z,NL,82.53
2024-05-21T00:00Z,NL,79.85
2024-05-21T01:00Z,NL,90.15
2024-05-21T02:00Z,NL,87.15
2024-05-21T03:00Z,NL,84.98
2024-05-21T04:00Z,NL,84.09
2024-05-21T05:00Z,NL,79.81
2024-05-21T06:00Z,NL,59.49
2024-05-21T07:00Z,NL,41.75
2024-05-21T08:00Z,NL,14.84
2024-05-21T09:00Z,NL,2.25
2024-05-21T10:00Z,NL,1.0
2024-05-21T11:00Z,NL,2.81
2024-05-21T12:00Z,NL,1.17
2024-05-21T13:00Z,NL,16.56
2024-05-21T14:00Z,NL,36.18
2024-05-21T15:00Z,NL,93.2
2024-05-21T16:00Z,NL,94.82
2024-05-21T17:00Z,NL,104.92
2024-05-21T18:00Z,NL,106.35
2024-05-21T19:00Z,NL,104.77
2024-05-21T20:00Z,NL,98.17
2024-05-21T21:00Z,NL,96.12
2024-05-21T22:00Z,NL,81.38
2024-05-21T23:00Z,NL,74.07
2024-05-22T00:00Z,NL,75.39
2024-05-22T01:00Z,NL,79.26
2024-05-22T02:00Z,NL,81.9
2024-05-22T03:00Z,NL,88.23
2024-05-22T04:00Z,NL,92.68
2024-05-22T05:00Z,NL,88.67
2024-05-22T06:00Z,NL,84.01
2024-05-22T07:00Z,NL,75.14
2024-05-22T08:00Z,NL,4.31
2024-05-22T09:00Z,NL,19.58
2024-05-22T10:00Z,NL,40.69
2024-05-22T11:00Z,NL,9.2
2024-05-22T12:00Z,NL,2.6
2024-05-22T13:00Z,NL,15.76
2024-05-22T14:00Z,NL,30.73
2024-05-22T15:00Z,NL,86.77
2024-05-22T16:00Z,NL,85.45
2024-05-22T17:00Z,NL,93.45
2024-05-22T18:00Z,NL,85.69
2024-05-22T19:00Z,NL,88.24
2024-05-22T20:00Z,NL,80.42
2024-05-22T21:00Z,NL,78.16
2024-05-22T22:00Z,NL,76.87
2024-05-22T23:00Z,NL,78.56
2024-05-23T00:00Z,NL,79.69
2024-05-23T01:00Z,NL,83.75
2024-05-23T02:00Z,NL,85.17
2024-05-23T03:00Z,NL,94.21
2024-05-23T04:00Z,NL,92.08
2024-05-23T05:00Z,NL,94.34
2024-05-23T06:00Z,NL,91.53
2024-05-23T07:00Z,NL,91.76
2024-05-23T08:00Z,NL,85.47
2024-05-23T09:00Z,NL,80.07
2024-05-23T10:00Z,NL,82.41
2024-05-23T11:00Z,NL,81.9
2024-05-23T12:00Z,NL,91.1
2024-05-23T13:00Z,NL,92.52
2024-05-23T14:00Z,NL,89.42
2024-05-23T15:00Z,NL,93.78
2024-05-23T16:00Z,NL,92.91
2024-05-23T17:00Z,NL,101.91
2024-05-23T18:00Z,NL,96.75
2024-05-23T19:00Z,NL,101.48
2024-05-23T20:00Z,NL,95.52
2024-05-23T21:00Z,NL,91.31
2024-05-23T22:00Z,NL,93.98
2024-05-23T23:00Z,NL,90.41
2024-05-24T00:00Z,NL,89.23
2024-05-24T01:00Z,NL,91.68
2024-05-24T02:00Z,NL,125.66
2024-05-24T03:00Z,NL,96.79
2024-05-24T04:00Z,NL,99.98
2024-05-24T05:00Z,NL,98.39
2024-05-24T06:00Z,NL,91.81
2024-05-24T07:00Z,NL,87.47
2024-05-24T08:00Z,NL,83.63
2024-05-24T09:00Z,NL,6.56
2024-05-24T10:00Z,NL,64.2
2024-05-24T11:00Z,NL,47.56
2024-05-24T12:00Z,NL,57.99
2024-05-24T13:00Z,NL,38.72
2024-05-24T14:00Z,NL,67.23
2024-05-24T15:00Z,NL,96.18
2024-05-24T16:00Z,NL,96.07
2024-05-24T17:00Z,NL,100.4
2024-05-24T18:00Z,NL,116.79
2024-05-24T19:00Z,NL,103.35
2024-05-24T20:00Z,NL,99.77
2024-05-24T21:00Z,NL,93.48
2024-05-24T22:00Z,NL,98.63
2024-05-24T23:00Z,NL,88.6
2024-05-25T00:00Z,NL,90.91
2024-05-25T01:00Z,NL,87.21
2024-05-25T02:00Z,NL,97.89
2024-05-25T03:00Z,NL,95.01
2024-05-25T04:00Z,NL,93.15
2024-05-25T05:00Z,NL,32.72
2024-05-25T06:00Z,NL,2.25
2024-05-25T07:00Z,NL,23.74
2024-05-25T08:00Z,NL,6.02
2024-05-25T09:00Z,NL,-0.09
2024-05-25T10:00Z,NL,-9.41
2024-05-25T11:00Z,NL,-14.88
2024-05-25T12:00Z,NL,5.38
2024-05-25T13:00Z,NL,8.03
2024-05-25T14:00Z,NL,13.87
2024-05-25T15:00Z,NL,21.73
2024-05-25T16:00Z,NL,41.39
2024-05-25T17:00Z,NL,101.74
2024-05-25T18:00Z,NL,103.56
2024-05-25T19:00Z,NL,100.36
2024-05-25T20:00Z,NL,100.46
2024-05-25T21:00Z,NL,97.32
2024-05-25T22:00Z,NL,93.94
2024-05-25T23:00Z,NL,90.52
2024-05-26T00:00Z,NL,88.77
2024-05-26T01:00Z,NL,88.21
2024-05-26T02:00Z,NL,88.33
2024-05-26T03:00Z,NL,87.41
2024-05-26T04:00Z,NL,90.89
2024-05-26T05:00Z,NL,82.74
2024-05-26T06:00Z,NL,21.5
2024-05-26T07:00Z,NL,9.47
2024-05-26T08:00Z,NL,1.72
2024-05-26T09:00Z,NL,-0.26
2024-05-26T10:00Z,NL,-7.26
2024-05-26T11:00Z,NL,-4.5
2024-05-26T12:00Z,NL,4.81
2024-05-26T13:00Z,NL,7.15
2024-05-26T14:00Z,NL,14.3
2024-05-26T15:00Z,NL,24.72
2024-05-26T16:00Z,NL,95.37
2024-05-26T17:00Z,NL,97.84
2024-05-26T18:00Z,NL,98.41
2024-05-26T19:00Z,NL,103.6
2024-05-26T20:00Z,NL,92.0
2024-05-26T21:00Z,NL,89.87
2024-05-26T22:00Z,NL,111.92
2024-05-26T23:00Z,NL,104.67
2024-05-27T00:00Z,NL,100.15
2024-05-27T01:00Z,NL,102.7
2024-05-27T02:00Z,NL,108.72
2024-05-27T03:00Z,NL,114.96
2024-05-27T04:00Z,NL,119.55
2024-05-27T05:00Z,NL,118.2
2024-05-27T06:00Z,NL,114.42
2024-05-27T07:00Z,NL,108.22
2024-05-27T08:00Z,NL,99.73
2024-05-27T09:00Z,NL,98.51
2024-05-27T10:00Z,NL,94.79
2024-05-27T11:00Z,NL,94.18
2024-05-27T12:00Z,NL,102.12
2024-05-27T13:00Z,NL,102.77
2024-05-27T14:00Z,NL,102.47
2024-05-27T15:00Z,NL,113.04
2024-05-27T16:00Z,NL,115.85
2024-05-27T17:00Z,NL,123.02
2024-05-27T18:00Z,NL,130.63
2024-05-27T19:00Z,NL,126.48
2024-05-27T20:00Z,NL,126.64
2024-05-27T21:00Z,NL,119.78
2024-05-27T22:00Z,NL,113.2
2024-05-27T23:00Z,NL,110.9
2024-05-28T00:00Z,NL,105.39
2024-05-28T01:00Z,NL,104.58
2024-05-28T02:00Z,NL,105.79
2024-05-28T03:00Z,NL,113.98
2024-05-28T04:00Z,NL,105.32
2024-05-28T05:00Z,NL,100.45
2024-05-28T06:00Z,NL,92.53
2024-05-28T07:00Z,NL,44.22
2024-05-28T08:00Z,NL,19.47
2024-05-28T09:00Z,NL,6.51
2024-05-28T10:00Z,NL,5.44
2024-05-28T11:00Z,NL,3.73
2024-05-28T12:00Z,NL,6.55
2024-05-28T13:00Z,NL,11.33
2024-05-28T14:00Z,NL,31.85
2024-05-28T15:00Z,NL,109.54
2024-05-28T16:00Z,NL,108.22
2024-05-28T17:00Z,NL,110.24
2024-05-28T18:00Z,NL,121.77
2024-05-28T19:00Z,NL,125.94
2024-05-28T20:00Z,NL,113.94
2024-05-28T21:00Z,NL,108.43
2024-05-28T22:00Z,NL,111.39
2024-05-28T23:00Z,NL,107.35
2024-05-29T00:00Z,NL,106.34
2024-05-29T01:00Z,NL,105.05
2024-05-29T02:00Z,NL,106.8
2024-05-29T03:00Z,NL,110.29
2024-05-29T04:00Z,NL,103.91
2024-05-29T05:00Z,NL,100.83
2024-05-29T06:00Z,NL,87.12
2024-05-29T07:00Z,NL,102.6
2024-05-29T08:00Z,NL,28.78
2024-05-29T09:00Z,NL,9.46
2024-05-29T10:00Z,NL,1.4
2024-05-29T11:00Z,NL,0.93
2024-05-29T12:00Z,NL,1.66
2024-05-29T13:00Z,NL,13.75
2024-05-29T14:00Z,NL,23.29
2024-05-29T15:00Z,NL,113.76
2024-05-29T16:00Z,NL,115.77
2024-05-29T17:00Z,NL,120.79
2024-05-29T18:00Z,NL,129.09
2024-05-29T19:00Z,NL,129.99
2024-05-29T20:00Z,NL,124.17
2024-05-29T21:00Z,NL,116.07
2024-05-29T22:00Z,NL,103.4
2024-05-29T23:00Z,NL,102.71
2024-05-30T00:00Z,NL,103.77
2024-05-30T01:00Z,NL,98.66
2024-05-30T02:00Z,NL,100.31
2024-05-30T03:00Z,NL,111.11
2024-05-30T04:00Z,NL,107.26
2024-05-30T05:00Z,NL,99.7
2024-05-30T06:00Z,NL,88.72
2024-05-30T07:00Z,NL,67.27
2024-05-30T08:00Z,NL,30.39
2024-05-30T09:00Z,NL,10.95
2024-05-30T10:00Z,NL,2.61
2024-05-30T11:00Z,NL,3.98
2024-05-30T12:00Z,NL,5.81
2024-05-30T13:00Z,NL,13.94
2024-05-30T14:00Z,NL,26.77
2024-05-30T15:00Z,NL,102.9
2024-05-30T16:00Z,NL,110.86
2024-05-30T17:00Z,NL,112.73
2024-05-30T18:00Z,NL,113.59
2024-05-30T19:00Z,NL,113.88
2024-05-30T20:00Z,NL,107.3
2024-05-30T21:00Z,NL,103.95
2024-05-30T22:00Z,NL,97.37
2024-05-30T23:00Z,NL,91.58
2024-05-31T00:00Z,NL,94.54
2024-05-31T01:00Z,NL,95.48
2024-05-31T02:00Z,NL,99.8
2024-05-31T03:00Z,NL,106.39
2024-05-31T04:00Z,NL,101.09
2024-05-31T05:00Z,NL,94.99
2024-05-31T06:00Z,NL,91.83
2024-05-31T07:00Z,NL,83.03
2024-05-31T08:00Z,NL,26.64
2024-05-31T09:00Z,NL,16.69
2024-05-31T10:00Z,NL,12.34
2024-05-31T11:00Z,NL,12.55
2024-05-31T12:00Z,NL,13.4
2024-05-31T13:00Z,NL,19.33
2024-05-31T14:00Z,NL,97.96
2024-05-31T15:00Z,NL,98.76
2024-05-31T16:00Z,NL,108.14
2024-05-31T17:00Z,NL,118.78
2024-05-31T18:00Z,NL,121.42
2024-05-31T19:00Z,NL,116.99
2024-05-31T20:00Z,NL,113.08
2024-05-31T21:00Z,NL,107.05
2024-05-31T22:00Z,NL,94.22
2024-05-31T23:00Z,NL,92.75
2024-06-01T00:00Z,NL,92.08
2024-06-01T01:00Z,NL,92.82
2024-06-01T02:00Z,NL,95.71
2024-06-01T03:00Z,NL,97.37
2024-06-01T04:00Z,NL,94.36
2024-06-01T05:00Z,NL,92.47
2024-06-01T06:00Z,NL,87.14
2024-06-01T07:00Z,NL,87.0
2024-06-01T08:00Z,NL,3.23
2024-06-01T09:00Z,NL,23.25
2024-06-01T10:00Z,NL,17.72
2024-06-01T11:00Z,NL,15.39
2024-06-01T12:00Z,NL,19.34
2024-06-01T13:00Z,NL,24.37
2024-06-01T14:00Z,NL,99.7
2024-06-01T15:00Z,NL,84.1
2024-06-01T16:00Z,NL,93.9
2024-06-01T17:00Z,NL,95.09
2024-06-01T18:00Z,NL,104.42
2024-06-01T19:00Z,NL,101.89
2024-06-01T20:00Z,NL,96.95
2024-06-01T21:00Z,NL,99.57
2024-06-01T22:00Z,NL,94.37
2024-06-01T23:00Z,NL,92.97
2024-06-02T00:00Z,NL,92.77
2024-06-02T01:00Z,NL,97.3
2024-06-02T02:00Z,NL,96.61
2024-06-02T03:00Z,NL,95.25
2024-06-02T04:00Z,NL,92.94
2024-06-02T05:00Z,NL,89.57
2024-06-02T06:00Z,NL,83.06
2024-06-02T07:00Z,NL,28.67
2024-06-02T08:00Z,NL,19.26
2024-06-02T09:00Z,NL,10.65
2024-06-02T10:00Z,NL,4.49
2024-06-02T11:00Z,NL,4.05
2024-06-02T12:00Z,NL,4.48
2024-06-02T13:00Z,NL,9.75
2024-06-02T14:00Z,NL,15.2
2024-06-02T15:00Z,NL,7.25
2024-06-02T16:00Z,NL,100.61
2024-06-02T17:00Z,NL,104.93
2024-06-02T18:00Z,NL,108.89
2024-06-02T19:00Z,NL,111.97
2024-06-02T20:00Z,NL,106.02
2024-06-02T21:00Z,NL,104.76
2024-06-02T22:00Z,NL,135.7
2024-06-02T23:00Z,NL,130.92
2024-06-03T00:00Z,NL,120.62
2024-06-03T01:00Z,NL,119.49
2024-06-03T02:00Z,NL,119.68
2024-06-03T03:00Z,NL,121.09
2024-06-03T04:00Z,NL,119.41
2024-06-03T05:00Z,NL,116.03
2024-06-03T06:00Z,NL,104.96
2024-06-03T07:00Z,NL,102.95
2024-06-03T08:00Z,NL,99.34
2024-06-03T09:00Z,NL,43.68
2024-06-03T10:00Z,NL,23.18
2024-06-03T11:00Z,NL,19.9
2024-06-03T12:00Z,NL,22.01
2024-06-03T13:00Z,NL,30.67
2024-06-03T14:00Z,NL,43.29
2024-06-03T15:00Z,NL,112.89
2024-06-03T16:00Z,NL,111.31
2024-06-03T17:00Z,NL,124.48
2024-06-03T18:00Z,NL,128.32
2024-06-03T19:00Z,NL,128.18
2024-06-03T20:00Z,NL,126.33
2024-06-03T21:00Z,NL,118.04
2024-06-03T22:00Z,NL,103.59
2024-06-03T23:00Z,NL,102.19
2024-06-04T00:00Z,NL,103.08
2024-06-04T01:00Z,NL,102.67
2024-06-04T02:00Z,NL,101.57
2024-06-04T03:00Z,NL,110.29
2024-06-04T04:00Z,NL,107.06
2024-06-04T05:00Z,NL,102.89
2024-06-04T06:00Z,NL,93.28
2024-06-04T07:00Z,NL,112.2
2024-06-04T08:00Z,NL,36.74
2024-06-04T09:00Z,NL,20.52
2024-06-04T10:00Z,NL,14.16
2024-06-04T11:00Z,NL,4.59
2024-06-04T12:00Z,NL,8.39
2024-06-04T13:00Z,NL,20.18
2024-06-04T14:00Z,NL,34.08
2024-06-04T15:00Z,NL,103.05
2024-06-04T16:00Z,NL,112.03
2024-06-04T17:00Z,NL,121.95
2024-06-04T18:00Z,NL,128.76
2024-06-04T19:00Z,NL,125.4
2024-06-04T20:00Z,NL,115.72
2024-06-04T21:00Z,NL,112.93
2024-06-04T22:00Z,NL,99.49
2024-06-04T23:00Z,NL,96.22
2024-06-05T00:00Z,NL,96.3
2024-06-05T01:00Z,NL,93.76
2024-06-05T02:00Z,NL,91.29
2024-06-05T03:00Z,NL,100.36
2024-06-05T04:00Z,NL,98.05
2024-06-05T05:00Z,NL,96.48
2024-06-05T06:00Z,NL,84.62
2024-06-05T07:00Z,NL,3.04
2024-06-05T08:00Z,NL,31.05
2024-06-05T09:00Z,NL,17.2
2024-06-05T10:00Z,NL,5.19
2024-06-05T11:00Z,NL,4.4
2024-06-05T12:00Z,NL,4.72
2024-06-05T13:00Z,NL,9.36
2024-06-05T14:00Z,NL,14.39
2024-06-05T15:00Z,NL,51.54
2024-06-05T16:00Z,NL,110.57
2024-06-05T17:00Z,NL,115.78
2024-06-05T18:00Z,NL,114.02
2024-06-05T19:00Z,NL,112.36
2024-06-05T20:00Z,NL,106.42
2024-06-05T21:00Z,NL,103.59
2024-06-05T22:00Z,NL,106.14
2024-06-05T23:00Z,NL,99.4
2024-06-06T00:00Z,NL,97.76
2024-06-06T01:00Z,NL,98.04
2024-06-06T02:00Z,NL,96.31
2024-06-06T03:00Z,NL,101.96
2024-06-06T04:00Z,NL,101.35
2024-06-06T05:00Z,NL,96.03
2024-06-06T06:00Z,NL,87.64
2024-06-06T07:00Z,NL,85.33
2024-06-06T08:00Z,NL,105.95
2024-06-06T09:00Z,NL,1.72
2024-06-06T10:00Z,NL,4.67
2024-06-06T11:00Z,NL,6.59
2024-06-06T12:00Z,NL,19.2
2024-06-06T13:00Z,NL,14.83
2024-06-06T14:00Z,NL,35.23
2024-06-06T15:00Z,NL,12.35
2024-06-06T16:00Z,NL,95.79
2024-06-06T17:00Z,NL,98.23
2024-06-06T18:00Z,NL,107.13
2024-06-06T19:00Z,NL,111.39
2024-06-06T20:00Z,NL,101.82
2024-06-06T21:00Z,NL,91.69
2024-06-06T22:00Z,NL,85.96
2024-06-06T23:00Z,NL,86.34
2024-06-07T00:00Z,NL,87.57
2024-06-07T01:00Z,NL,85.13
2024-06-07T02:00Z,NL,87.06
2024-06-07T03:00Z,NL,94.4
2024-06-07T04:00Z,NL,96.23
2024-06-07T05:00Z,NL,92.75
2024-06-07T06:00Z,NL,91.74
2024-06-07T07:00Z,NL,88.79
2024-06-07T08:00Z,NL,87.57
2024-06-07T09:00Z,NL,79.34
2024-06-07T10:00Z,NL,5.38
2024-06-07T11:00Z,NL,93.65
2024-06-07T12:00Z,NL,59.16
2024-06-07T13:00Z,NL,102.61
2024-06-07T14:00Z,NL,97.97
2024-06-07T15:00Z,NL,94.77
2024-06-07T16:00Z,NL,105.45
2024-06-07T17:00Z,NL,105.05
2024-06-07T18:00Z,NL,108.4
2024-06-07T19:00Z,NL,104.75
2024-06-07T20:00Z,NL,98.41
2024-06-07T21:00Z,NL,89.65
2024-06-07T22:00Z,NL,82.07
2024-06-07T23:00Z,NL,83.97
2024-06-08T00:00Z,NL,83.3
2024-06-08T01:00Z,NL,83.87
2024-06-08T02:00Z,NL,84.89
2024-06-08T03:00Z,NL,90.29
2024-06-08T04:00Z,NL,84.28
2024-06-08T05:00Z,NL,77.95
2024-06-08T06:00Z,NL,34.92
2024-06-08T07:00Z,NL,21.28
2024-06-08T08:00Z,NL,13.63
2024-06-08T09:00Z,NL,6.21
2024-06-08T10:00Z,NL,0.86
2024-06-08T11:00Z,NL,3.24
2024-06-08T12:00Z,NL,4.6
2024-06-08T13:00Z,NL,7.46
2024-06-08T14:00Z,NL,13.32
2024-06-08T15:00Z,NL,24.14
2024-06-08T16:00Z,NL,71.75
2024-06-08T17:00Z,NL,89.32
2024-06-08T18:00Z,NL,107.51
2024-06-08T19:00Z,NL,101.94
2024-06-08T20:00Z,NL,96.53
2024-06-08T21:00Z,NL,88.07
2024-06-08T22:00Z,NL,78.99
2024-06-08T23:00Z,NL,73.52
2024-06-09T00:00Z,NL,76.49
2024-06-09T01:00Z,NL,84.97
2024-06-09T02:00Z,NL,85.49
2024-06-09T03:00Z,NL,76.73
2024-06-09T04:00Z,NL,104.27
2024-06-09T05:00Z,NL,88.06
2024-06-09T06:00Z,NL,96.57
2024-06-09T07:00Z,NL,24.63
2024-06-09T08:00Z,NL,14.21
2024-06-09T09:00Z,NL,5.62
2024-06-09T10:00Z,NL,2.05
2024-06-09T11:00Z,NL,-2.53
2024-06-09T12:00Z,NL,-1.19
2024-06-09T13:00Z,NL,4.04
2024-06-09T14:00Z,NL,9.86
2024-06-09T15:00Z,NL,15.28
2024-06-09T16:00Z,NL,22.86
2024-06-09T17:00Z,NL,49.35
2024-06-09T18:00Z,NL,91.81
2024-06-09T19:00Z,NL,100.27
2024-06-09T20:00Z,NL,88.17
2024-06-09T21:00Z,NL,85.51
2024-06-09T22:00Z,NL,81.52
2024-06-09T23:00Z,NL,76.08
2024-06-10T00:00Z,NL,77.32
2024-06-10T01:00Z,NL,73.06
2024-06-10T02:00Z,NL,3.15
2024-06-10T03:00Z,NL,81.07
2024-06-10T04:00Z,NL,75.73
2024-06-10T05:00Z,NL,81.73
2024-06-10T06:00Z,NL,77.52
2024-06-10T07:00Z,NL,71.09
2024-06-10T08:00Z,NL,34.45
2024-06-10T09:00Z,NL,35.33
2024-06-10T10:00Z,NL,26.38
2024-06-10T11:00Z,NL,26.06
2024-06-10T12:00Z,NL,27.15
2024-06-10T13:00Z,NL,81.59
2024-06-10T14:00Z,NL,69.11
2024-06-10T15:00Z,NL,81.6
2024-06-10T16:00Z,NL,90.95
2024-06-10T17:00Z,NL,84.89
2024-06-10T18:00Z,NL,88.77
2024-06-10T19:00Z,NL,89.93
2024-06-10T20:00Z,NL,84.26
2024-06-10T21:00Z,NL,82.58
2024-06-10T22:00Z,NL,80.69
2024-06-10T23:00Z,NL,78.66
2024-06-11T00:00Z,NL,76.99
2024-06-11T01:00Z,NL,84.05
2024-06-11T02:00Z,NL,72.45
2024-06-11T03:00Z,NL,83.49
2024-06-11T04:00Z,NL,79.76
2024-06-11T05:00Z,NL,75.93
2024-06-11T06:00Z,NL,72.84
2024-06-11T07:00Z,NL,71.58
2024-06-11T08:00Z,NL,70.72
2024-06-11T09:00Z,NL,73.8
2024-06-11T10:00Z,NL,63.21
2024-06-11T11:00Z,NL,84.19
2024-06-11T12:00Z,NL,83.97
2024-06-11T13:00Z,NL,83.91
2024-06-11T14:00Z,NL,86.19
2024-06-11T15:00Z,NL,89.97
2024-06-11T16:00Z,NL,94.58
2024-06-11T17:00Z,NL,92.95
2024-06-11T18:00Z,NL,91.82
2024-06-11T19:00Z,NL,95.12
2024-06-11T20:00Z,NL,87.25
2024-06-11T21:00Z,NL,78.36
2024-06-11T22:00Z,NL,79.38
2024-06-11T23:00Z,NL,78.95
2024-06-12T00:00Z,NL,76.82
2024-06-12T01:00Z,NL,76.52
2024-06-12T02:00Z,NL,79.87
2024-06-12T03:00Z,NL,79.36
2024-06-12T04:00Z,NL,83.31
2024-06-12T05:00Z,NL,79.08
2024-06-12T06:00Z,NL,70.8
2024-06-12T07:00Z,NL,54.92
2024-06-12T08:00Z,NL,4.17
2024-06-12T09:00Z,NL,17.09
2024-06-12T10:00Z,NL,14.47
2024-06-12T11:00Z,NL,13.29
2024-06-12T12:00Z,NL,12.07
2024-06-12T13:00Z,NL,10.56
2024-06-12T14:00Z,NL,13.95
2024-06-12T15:00Z,NL,27.74
2024-06-12T16:00Z,NL,84.49
2024-06-12T17:00Z,NL,91.8
2024-06-12T18:00Z,NL,82.19
2024-06-12T19:00Z,NL,78.1
2024-06-12T20:00Z,NL,78.19
2024-06-12T21:00Z,NL,81.94
2024-06-12T22:00Z,NL,80.9
2024-06-12T23:00Z,NL,82.87
2024-06-13T00:00Z,NL,88.45
2024-06-13T01:00Z,NL,83.41
2024-06-13T02:00Z,NL,84.35
2024-06-13T03:00Z,NL,80.9
2024-06-13T04:00Z,NL,83.35
2024-06-13T05:00Z,NL,84.2
2024-06-13T06:00Z,NL,74.41
2024-06-13T07:00Z,NL,1.42
2024-06-13T08:00Z,NL,27.72
2024-06-13T09:00Z,NL,22.94
2024-06-13T10:00Z,NL,3.29
2024-06-13T11:00Z,NL,8.13
2024-06-13T12:00Z,NL,16.73
2024-06-13T13:00Z,NL,27.21
2024-06-13T14:00Z,NL,31.23
2024-06-13T15:00Z,NL,95.22
2024-06-13T16:00Z,NL,101.45
2024-06-13T17:00Z,NL,95.28
2024-06-13T18:00Z,NL,94.92
2024-06-13T19:00Z,NL,98.04
2024-06-13T20:00Z,NL,88.81
2024-06-13T21:00Z,NL,86.83
2024-06-13T22:00Z,NL,75.56
2024-06-13T23:00Z,NL,80.8
2024-06-14T00:00Z,NL,82.93
2024-06-14T01:00Z,NL,77.89
2024-06-14T02:00Z,NL,84.94
2024-06-14T03:00Z,NL,86.22
2024-06-14T04:00Z,NL,92.16
2024-06-14T05:00Z,NL,93.96
2024-06-14T06:00Z,NL,91.32
2024-06-14T07:00Z,NL,90.75
2024-06-14T08:00Z,NL,88.22
2024-06-14T09:00Z,NL,85.1
2024-06-14T10:00Z,NL,84.11
2024-06-14T11:00Z,NL,85.58
2024-06-14T12:00Z,NL,89.09
2024-06-14T13:00Z,NL,89.36
2024-06-14T14:00Z,NL,90.85
2024-06-14T15:00Z,NL,96.88
2024-06-14T16:00Z,NL,97.49
2024-06-14T17:00Z,NL,98.07
2024-06-14T18:00Z,NL,102.63
2024-06-14T19:00Z,NL,95.41
2024-06-14T20:00Z,NL,95.0
2024-06-14T21:00Z,NL,91.23
2024-06-14T22:00Z,NL,91.51
2024-06-14T23:00Z,NL,91.01
2024-06-15T00:00Z,NL,88.74
2024-06-15T01:00Z,NL,85.51
2024-06-15T02:00Z,NL,85.84
2024-06-15T03:00Z,NL,92.97
2024-06-15T04:00Z,NL,86.53
2024-06-15T05:00Z,NL,89.68
2024-06-15T06:00Z,NL,85.6
2024-06-15T07:00Z,NL,82.52
2024-06-15T08:00Z,NL,75.77
2024-06-15T09:00Z,NL,79.02
2024-06-15T10:00Z,NL,70.56
2024-06-15T11:00Z,NL,79.24
2024-06-15T12:00Z,NL,75.83
2024-06-15T13:00Z,NL,74.44
2024-06-15T14:00Z,NL,88.0
2024-06-15T15:00Z,NL,86.53
2024-06-15T16:00Z,NL,77.48
2024-06-15T17:00Z,NL,84.41
2024-06-15T18:00Z,NL,89.7
2024-06-15T19:00Z,NL,101.52
2024-06-15T20:00Z,NL,92.96
2024-06-15T21:00Z,NL,93.76
2024-06-15T22:00Z,NL,78.31
2024-06-15T23:00Z,NL,79.55
2024-06-16T00:00Z,NL,79.58
2024-06-16T01:00Z,NL,81.8
2024-06-16T02:00Z,NL,85.82
2024-06-16T03:00Z,NL,86.19
2024-06-16T04:00Z,NL,84.35
2024-06-16T05:00Z,NL,82.59
2024-06-16T06:00Z,NL,80.57
2024-06-16T07:00Z,NL,76.45
2024-06-16T08:00Z,NL,68.52
2024-06-16T09:00Z,NL,34.96
2024-06-16T10:00Z,NL,3.21
2024-06-16T11:00Z,NL,81.13
2024-06-16T12:00Z,NL,78.96
2024-06-16T13:00Z,NL,80.97
2024-06-16T14:00Z,NL,82.21
2024-06-16T15:00Z,NL,86.44
2024-06-16T16:00Z,NL,88.05
2024-06-16T17:00Z,NL,87.0
2024-06-16T18:00Z,NL,90.06
2024-06-16T19:00Z,NL,82.3
2024-06-16T20:00Z,NL,82.35
2024-06-16T21:00Z,NL,79.66
2024-06-16T22:00Z,NL,87.33
2024-06-16T23:00Z,NL,78.17
2024-06-17T00:00Z,NL,79.44
2024-06-17T01:00Z,NL,82.36
2024-06-17T02:00Z,NL,81.26
2024-06-17T03:00Z,NL,84.83
2024-06-17T04:00Z,NL,86.24
2024-06-17T05:00Z,NL,91.08
2024-06-17T06:00Z,NL,80.53
2024-06-17T07:00Z,NL,79.04
2024-06-17T08:00Z,NL,78.55
2024-06-17T09:00Z,NL,78.2
2024-06-17T10:00Z,NL,75.15
2024-06-17T11:00Z,NL,77.27
2024-06-17T12:00Z,NL,76.79
2024-06-17T13:00Z,NL,83.18
2024-06-17T14:00Z,NL,86.29
2024-06-17T15:00Z,NL,84.7
2024-06-17T16:00Z,NL,82.84
2024-06-17T17:00Z,NL,85.73
2024-06-17T18:00Z,NL,94.04
2024-06-17T19:00Z,NL,93.85
2024-06-17T20:00Z,NL,83.36
2024-06-17T21:00Z,NL,84.04
2024-06-17T22:00Z,NL,82.17
2024-06-17T23:00Z,NL,86.89
2024-06-18T00:00Z,NL,90.79
2024-06-18T01:00Z,NL,90.22
2024-06-18T02:00Z,NL,93.09
2024-06-18T03:00Z,NL,97.31
2024-06-18T04:00Z,NL,91.91
2024-06-18T05:00Z,NL,89.6
2024-06-18T06:00Z,NL,80.29
2024-06-18T07:00Z,NL,81.04
2024-06-18T08:00Z,NL,73.83
2024-06-18T09:00Z,NL,50.91
2024-06-18T10:00Z,NL,31.01
2024-06-18T11:00Z,NL,25.58
2024-06-18T12:00Z,NL,25.25
2024-06-18T13:00Z,NL,90.82
2024-06-18T14:00Z,NL,36.57
2024-06-18T15:00Z,NL,81.58
2024-06-18T16:00Z,NL,87.59
2024-06-18T17:00Z,NL,92.08
2024-06-18T18:00Z,NL,107.09
2024-06-18T19:00Z,NL,100.72
2024-06-18T20:00Z,NL,95.65
2024-06-18T21:00Z,NL,94.04
2024-06-18T22:00Z,NL,97.01
2024-06-18T23:00Z,NL,93.59
2024-06-19T00:00Z,NL,96.0
2024-06-19T01:00Z,NL,95.22
2024-06-19T02:00Z,NL,97.66
2024-06-19T03:00Z,NL,98.61
2024-06-19T04:00Z,NL,101.08
2024-06-19T05:00Z,NL,99.35
2024-06-19T06:00Z,NL,98.98
2024-06-19T07:00Z,NL,96.1
2024-06-19T08:00Z,NL,93.82
2024-06-19T09:00Z,NL,85.9
2024-06-19T10:00Z,NL,85.18
2024-06-19T11:00Z,NL,86.56
2024-06-19T12:00Z,NL,93.56
2024-06-19T13:00Z,NL,91.72
2024-06-19T14:00Z,NL,98.06
2024-06-19T15:00Z,NL,106.29
2024-06-19T16:00Z,NL,113.53
2024-06-19T17:00Z,NL,117.57
2024-06-19T18:00Z,NL,124.97
2024-06-19T19:00Z,NL,119.62
2024-06-19T20:00Z,NL,108.37
2024-06-19T21:00Z,NL,99.36
2024-06-19T22:00Z,NL,102.67
2024-06-19T23:00Z,NL,99.58
2024-06-20T00:00Z,NL,96.79
2024-06-20T01:00Z,NL,96.17
2024-06-20T02:00Z,NL,96.01
2024-06-20T03:00Z,NL,96.72
2024-06-20T04:00Z,NL,99.91
2024-06-20T05:00Z,NL,104.15
2024-06-20T06:00Z,NL,100.47
2024-06-20T07:00Z,NL,98.63
2024-06-20T08:00Z,NL,90.93
2024-06-20T09:00Z,NL,93.07
2024-06-20T10:00Z,NL,87.54
2024-06-20T11:00Z,NL,87.4
2024-06-20T12:00Z,NL,86.07
2024-06-20T13:00Z,NL,95.04
2024-06-20T14:00Z,NL,97.77
2024-06-20T15:00Z,NL,105.4
2024-06-20T16:00Z,NL,107.4
2024-06-20T17:00Z,NL,117.22
2024-06-20T18:00Z,NL,120.8
2024-06-20T19:00Z,NL,121.69
2024-06-20T20:00Z,NL,107.98
2024-06-20T21:00Z,NL,108.92
2024-06-20T22:00Z,NL,85.88
2024-06-20T23:00Z,NL,82.72
2024-06-21T00:00Z,NL,81.99
2024-06-21T01:00Z,NL,80.02
2024-06-21T02:00Z,NL,83.9
2024-06-21T03:00Z,NL,88.09
2024-06-21T04:00Z,NL,87.59
2024-06-21T05:00Z,NL,85.76
2024-06-21T06:00Z,NL,90.42
2024-06-21T07:00Z,NL,87.4
2024-06-21T08:00Z,NL,85.3
2024-06-21T09:00Z,NL,85.71
2024-06-21T10:00Z,NL,80.58
2024-06-21T11:00Z,NL,80.77
2024-06-21T12:00Z,NL,87.1
2024-06-21T13:00Z,NL,87.6
2024-06-21T14:00Z,NL,86.42
2024-06-21T15:00Z,NL,97.85
2024-06-21T16:00Z,NL,100.8
2024-06-21T17:00Z,NL,96.72
2024-06-21T18:00Z,NL,99.64
2024-06-21T19:00Z,NL,99.39
2024-06-21T20:00Z,NL,97.23
2024-06-21T21:00Z,NL,98.2
2024-06-21T22:00Z,NL,95.84
2024-06-21T23:00Z,NL,95.64
2024-06-22T00:00Z,NL,89.74
2024-06-22T01:00Z,NL,91.68
2024-06-22T02:00Z,NL,92.79
2024-06-22T03:00Z,NL,91.13
2024-06-22T04:00Z,NL,84.57
2024-06-22T05:00Z,NL,81.33
2024-06-22T06:00Z,NL,80.93
2024-06-22T07:00Z,NL,78.04
2024-06-22T08:00Z,NL,75.85
2024-06-22T09:00Z,NL,65.72
2024-06-22T10:00Z,NL,55.1
2024-06-22T11:00Z,NL,61.6
2024-06-22T12:00Z,NL,87.23
2024-06-22T13:00Z,NL,68.66
2024-06-22T14:00Z,NL,87.38
2024-06-22T15:00Z,NL,89.13
2024-06-22T16:00Z,NL,93.37
2024-06-22T17:00Z,NL,98.65
2024-06-22T18:00Z,NL,101.54
2024-06-22T19:00Z,NL,98.14
2024-06-22T20:00Z,NL,91.69
2024-06-22T21:00Z,NL,94.0
2024-06-22T22:00Z,NL,82.86
2024-06-22T23:00Z,NL,80.79
2024-06-23T00:00Z,NL,81.76
2024-06-23T01:00Z,NL,81.03
2024-06-23T02:00Z,NL,81.88
2024-06-23T03:00Z,NL,86.9
2024-06-23T04:00Z,NL,80.39
2024-06-23T05:00Z,NL,82.05
2024-06-23T06:00Z,NL,76.2
2024-06-23T07:00Z,NL,64.84
2024-06-23T08:00Z,NL,72.4
2024-06-23T09:00Z,NL,66.17
2024-06-23T10:00Z,NL,63.93
2024-06-23T11:00Z,NL,70.52
2024-06-23T12:00Z,NL,69.39
2024-06-23T13:00Z,NL,73.83
2024-06-23T14:00Z,NL,73.31
2024-06-23T15:00Z,NL,78.0
2024-06-23T16:00Z,NL,89.6
2024-06-23T17:00Z,NL,92.1
2024-06-23T18:00Z,NL,92.17
2024-06-23T19:00Z,NL,93.54
2024-06-23T20:00Z,NL,87.86
2024-06-23T21:00Z,NL,82.16
2024-06-23T22:00Z,NL,91.99
2024-06-23T23:00Z,NL,83.9
2024-06-24T00:00Z,NL,78.77
2024-06-24T01:00Z,NL,80.2
2024-06-24T02:00Z,NL,82.34
2024-06-24T03:00Z,NL,84.16
2024-06-24T04:00Z,NL,89.66
2024-06-24T05:00Z,NL,91.88
2024-06-24T06:00Z,NL,85.59
2024-06-24T07:00Z,NL,84.24
2024-06-24T08:00Z,NL,87.72
2024-06-24T09:00Z,NL,82.47
2024-06-24T10:00Z,NL,83.3
2024-06-24T11:00Z,NL,80.09
2024-06-24T12:00Z,NL,84.21
2024-06-24T13:00Z,NL,92.17
2024-06-24T14:00Z,NL,96.93
2024-06-24T15:00Z,NL,100.07
2024-06-24T16:00Z,NL,106.98
2024-06-24T17:00Z,NL,108.64
2024-06-24T18:00Z,NL,107.25
2024-06-24T19:00Z,NL,106.24
2024-06-24T20:00Z,NL,102.35
2024-06-24T21:00Z,NL,102.75
2024-06-24T22:00Z,NL,102.41
2024-06-24T23:00Z,NL,100.94
2024-06-25T00:00Z,NL,96.95
2024-06-25T01:00Z,NL,97.69
2024-06-25T02:00Z,NL,98.61
2024-06-25T03:00Z,NL,101.39
2024-06-25T04:00Z,NL,100.32
2024-06-25T05:00Z,NL,98.01
2024-06-25T06:00Z,NL,99.06
2024-06-25T07:00Z,NL,92.08
2024-06-25T08:00Z,NL,80.15
2024-06-25T09:00Z,NL,32.45
2024-06-25T10:00Z,NL,31.9
2024-06-25T11:00Z,NL,30.15
2024-06-25T12:00Z,NL,30.62
2024-06-25T13:00Z,NL,33.39
2024-06-25T14:00Z,NL,45.66
2024-06-25T15:00Z,NL,91.48
2024-06-25T16:00Z,NL,93.23
2024-06-25T17:00Z,NL,108.0
2024-06-25T18:00Z,NL,104.33
2024-06-25T19:00Z,NL,108.14
2024-06-25T20:00Z,NL,105.94
2024-06-25T21:00Z,NL,94.79
2024-06-25T22:00Z,NL,94.52
2024-06-25T23:00Z,NL,92.43
2024-06-26T00:00Z,NL,92.36
2024-06-26T01:00Z,NL,98.7
2024-06-26T02:00Z,NL,96.65
2024-06-26T03:00Z,NL,97.55
2024-06-26T04:00Z,NL,96.22
2024-06-26T05:00Z,NL,94.55
2024-06-26T06:00Z,NL,92.61
2024-06-26T07:00Z,NL,81.8
2024-06-26T08:00Z,NL,2.53
2024-06-26T09:00Z,NL,25.37
2024-06-26T10:00Z,NL,8.12
2024-06-26T11:00Z,NL,2.76
2024-06-26T12:00Z,NL,4.75
2024-06-26T13:00Z,NL,9.24
2024-06-26T14:00Z,NL,31.3
2024-06-26T15:00Z,NL,97.08
2024-06-26T16:00Z,NL,86.01
2024-06-26T17:00Z,NL,99.61
2024-06-26T18:00Z,NL,110.14
2024-06-26T19:00Z,NL,105.88
2024-06-26T20:00Z,NL,99.47
2024-06-26T21:00Z,NL,98.22
2024-06-26T22:00Z,NL,84.78
2024-06-26T23:00Z,NL,80.64
2024-06-27T00:00Z,NL,80.7
2024-06-27T01:00Z,NL,78.03
2024-06-27T02:00Z,NL,82.88
2024-06-27T03:00Z,NL,92.38
2024-06-27T04:00Z,NL,86.01
2024-06-27T05:00Z,NL,87.72
2024-06-27T06:00Z,NL,78.93
2024-06-27T07:00Z,NL,35.73
2024-06-27T08:00Z,NL,30.53
2024-06-27T09:00Z,NL,20.21
2024-06-27T10:00Z,NL,12.71
2024-06-27T11:00Z,NL,4.53
2024-06-27T12:00Z,NL,4.51
2024-06-27T13:00Z,NL,14.83
2024-06-27T14:00Z,NL,26.96
2024-06-27T15:00Z,NL,63.66
2024-06-27T16:00Z,NL,95.25
2024-06-27T17:00Z,NL,99.19
2024-06-27T18:00Z,NL,105.84
2024-06-27T19:00Z,NL,110.44
2024-06-27T20:00Z,NL,100.33
2024-06-27T21:00Z,NL,94.55
2024-06-27T22:00Z,NL,88.25
2024-06-27T23:00Z,NL,95.76
2024-06-28T00:00Z,NL,88.42
2024-06-28T01:00Z,NL,84.09
2024-06-28T02:00Z,NL,87.51
2024-06-28T03:00Z,NL,87.5
2024-06-28T04:00Z,NL,87.06
2024-06-28T05:00Z,NL,83.46
2024-06-28T06:00Z,NL,80.52
2024-06-28T07:00Z,NL,73.13
2024-06-28T08:00Z,NL,36.55
2024-06-28T09:00Z,NL,16.3
2024-06-28T10:00Z,NL,2.7
2024-06-28T11:00Z,NL,1.1
2024-06-28T12:00Z,NL,3.33
2024-06-28T13:00Z,NL,7.94
2024-06-28T14:00Z,NL,28.19
2024-06-28T15:00Z,NL,36.51
2024-06-28T16:00Z,NL,95.56
2024-06-28T17:00Z,NL,93.21
2024-06-28T18:00Z,NL,107.75
2024-06-28T19:00Z,NL,110.64
2024-06-28T20:00Z,NL,96.91
2024-06-28T21:00Z,NL,91.17
2024-06-28T22:00Z,NL,94.5
2024-06-28T23:00Z,NL,93.78
2024-06-29T00:00Z,NL,97.91
2024-06-29T01:00Z,NL,96.97
2024-06-29T02:00Z,NL,97.95
2024-06-29T03:00Z,NL,98.84
2024-06-29T04:00Z,NL,91.35
2024-06-29T05:00Z,NL,91.41
2024-06-29T06:00Z,NL,68.46
2024-06-29T07:00Z,NL,27.36
2024-06-29T08:00Z,NL,8.57
2024-06-29T09:00Z,NL,4.93
2024-06-29T10:00Z,NL,6.23
2024-06-29T11:00Z,NL,3.24
2024-06-29T12:00Z,NL,3.87
2024-06-29T13:00Z,NL,4.1
2024-06-29T14:00Z,NL,15.21
2024-06-29T15:00Z,NL,33.24
2024-06-29T16:00Z,NL,41.41
2024-06-29T17:00Z,NL,92.03
2024-06-29T18:00Z,NL,103.35
2024-06-29T19:00Z,NL,104.89
2024-06-29T20:00Z,NL,88.71
2024-06-29T21:00Z,NL,82.25
2024-06-29T22:00Z,NL,85.22
2024-06-29T23:00Z,NL,82.72
2024-06-30T00:00Z,NL,84.64
2024-06-30T01:00Z,NL,83.46
2024-06-30T02:00Z,NL,82.92
2024-06-30T03:00Z,NL,86.85
2024-06-30T04:00Z,NL,68.34
2024-06-30T05:00Z,NL,78.65
2024-06-30T06:00Z,NL,20.75
2024-06-30T07:00Z,NL,8.31
2024-06-30T08:00Z,NL,2.61
2024-06-30T09:00Z,NL,-4.13
2024-06-30T10:00Z,NL,-28.0
2024-06-30T11:00Z,NL,-44.84
2024-06-30T12:00Z,NL,-54.67
2024-06-30T13:00Z,NL,-12.14
2024-06-30T14:00Z,NL,-7.24
2024-06-30T15:00Z,NL,17.69
2024-06-30T16:00Z,NL,21.96
2024-06-30T17:00Z,NL,24.04
2024-06-30T18:00Z,NL,93.73
2024-06-30T19:00Z,NL,84.05
2024-06-30T20:00Z,NL,81.59
2024-06-30T21:00Z,NL,81.58
2023-12-31T23:00Z,BE,91.99
2024-01-01T00:00Z,BE,90.68
2024-01-01T01:00Z,BE,85.4
2024-01-01T02:00Z,BE,87.31
2024-01-01T03:00Z,BE,89.38
2024-01-01T04:00Z,BE,90.16
2024-01-01T05:00Z,BE,95.97
2024-01-01T06:00Z,BE,97.88
2024-01-01T07:00Z,BE,95.18
2024-01-01T08:00Z,BE,95.36
2024-01-01T09:00Z,BE,94.25
2024-01-01T10:00Z,BE,96.82
2024-01-01T11:00Z,BE,92.17
2024-01-01T12:00Z,BE,96.45
2024-01-01T13:00Z,BE,95.85
2024-01-01T14:00Z,BE,106.3
2024-01-01T15:00Z,BE,103.29
2024-01-01T16:00Z,BE,105.68
2024-01-01T17:00Z,BE,98.9
2024-01-01T18:00Z,BE,95.33
2024-01-01T19:00Z,BE,90.88
2024-01-01T20:00Z,BE,88.24
2024-01-01T21:00Z,BE,86.54
2024-01-01T22:00Z,BE,85.78
2024-01-01T23:00Z,BE,102.0
2024-01-02T00:00Z,BE,96.68
2024-01-02T01:00Z,BE,97.54
2024-01-02T02:00Z,BE,59.12
2024-01-02T03:00Z,BE,80.13
2024-01-02T04:00Z,BE,98.09
2024-01-02T05:00Z,BE,105.14
2024-01-02T06:00Z,BE,112.87
2024-01-02T07:00Z,BE,111.77
2024-01-02T08:00Z,BE,102.92
2024-01-02T09:00Z,BE,103.67
2024-01-02T10:00Z,BE,103.07
2024-01-02T11:00Z,BE,97.82
2024-01-02T12:00Z,BE,103.87
2024-01-02T13:00Z,BE,117.64
2024-01-02T14:00Z,BE,114.66
2024-01-02T15:00Z,BE,117.24
2024-01-02T16:00Z,BE,117.65
2024-01-02T17:00Z,BE,117.63
2024-01-02T18:00Z,BE,114.48
2024-01-02T19:00Z,BE,109.0
2024-01-02T20:00Z,BE,111.63
2024-01-02T21:00Z,BE,94.5
2024-01-02T22:00Z,BE,97.19
2024-01-02T23:00Z,BE,71.98
2024-01-03T00:00Z,BE,72.8
2024-01-03T01:00Z,BE,75.19
2024-01-03T02:00Z,BE,83.52
2024-01-03T03:00Z,BE,82.21
2024-01-03T04:00Z,BE,84.82
2024-01-03T05:00Z,BE,87.52
2024-01-03T06:00Z,BE,87.44
2024-01-03T07:00Z,BE,88.88
2024-01-03T08:00Z,BE,84.99
2024-01-03T09:00Z,BE,81.45
2024-01-03T10:00Z,BE,73.52
2024-01-03T11:00Z,BE,76.06
2024-01-03T12:00Z,BE,86.95
2024-01-03T13:00Z,BE,96.1
2024-01-03T14:00Z,BE,96.21
2024-01-03T15:00Z,BE,93.26
2024-01-03T16:00Z,BE,98.88
2024-01-03T17:00Z,BE,93.56
2024-01-03T18:00Z,BE,91.97
2024-01-03T19:00Z,BE,82.31
2024-01-03T20:00Z,BE,79.5
2024-01-03T21:00Z,BE,78.01
2024-01-03T22:00Z,BE,82.44
2024-01-03T23:00Z,BE,85.59
2024-01-04T00:00Z,BE,16.7
2024-01-04T01:00Z,BE,-2.3
2024-01-04T02:00Z,BE,23.12
2024-01-04T03:00Z,BE,15.8
2024-01-04T04:00Z,BE,108.82
2024-01-04T05:00Z,BE,91.96
2024-01-04T06:00Z,BE,113.14
2024-01-04T07:00Z,BE,97.66
2024-01-04T08:00Z,BE,96.91
2024-01-04T09:00Z,BE,95.14
2024-01-04T10:00Z,BE,84.35
2024-01-04T11:00Z,BE,78.41
2024-01-04T12:00Z,BE,94.49
2024-01-04T13:00Z,BE,99.21
2024-01-04T14:00Z,BE,92.15
2024-01-04T15:00Z,BE,92.84
2024-01-04T16:00Z,BE,107.76
2024-01-04T17:00Z,BE,101.54
2024-01-04T18:00Z,BE,97.24
2024-01-04T19:00Z,BE,84.38
2024-01-04T20:00Z,BE,74.82
2024-01-04T21:00Z,BE,72.0
2024-01-04T22:00Z,BE,61.76
2024-01-04T23:00Z,BE,62.77
2024-01-05T00:00Z,BE,11.62
2024-01-05T01:00Z,BE,37.94
2024-01-05T02:00Z,BE,49.78
2024-01-05T03:00Z,BE,97.37
2024-01-05T04:00Z,BE,88.81
2024-01-05T05:00Z,BE,101.82
2024-01-05T06:00Z,BE,105.32
2024-01-05T07:00Z,BE,96.99
2024-01-05T08:00Z,BE,101.03
2024-01-05T09:00Z,BE,95.45
2024-01-05T10:00Z,BE,100.05
2024-01-05T11:00Z,BE,93.1
2024-01-05T12:00Z,BE,89.55
2024-01-05T13:00Z,BE,100.97
2024-01-05T14:00Z,BE,97.57
2024-01-05T15:00Z,BE,103.95
2024-01-05T16:00Z,BE,110.29
2024-01-05T17:00Z,BE,100.88
2024-01-05T18:00Z,BE,98.28
2024-01-05T19:00Z,BE,94.95
2024-01-05T20:00Z,BE,90.58
2024-01-05T21:00Z,BE,88.06
2024-01-05T22:00Z,BE,70.8
2024-01-05T23:00Z,BE,36.57
2024-01-06T00:00Z,BE,37.81
2024-01-06T01:00Z,BE,41.24
2024-01-06T02:00Z,BE,41.51
2024-01-06T03:00Z,BE,93.57
2024-01-06T04:00Z,BE,105.37
2024-01-06T05:00Z,BE,97.65
2024-01-06T06:00Z,BE,99.05
2024-01-06T07:00Z,BE,96.5
2024-01-06T08:00Z,BE,76.8
2024-01-06T09:00Z,BE,95.89
2024-01-06T10:00Z,BE,82.69
2024-01-06T11:00Z,BE,70.67
2024-01-06T12:00Z,BE,101.53
2024-01-06T13:00Z,BE,104.92
2024-01-06T14:00Z,BE,100.21
2024-01-06T15:00Z,BE,106.61
2024-01-06T16:00Z,BE,106.13
2024-01-06T17:00Z,BE,102.86
2024-01-06T18:00Z,BE,100.62
2024-01-06T19:00Z,BE,101.35
2024-01-06T20:00Z,BE,106.57
2024-01-06T21:00Z,BE,102.41
2024-01-06T22:00Z,BE,102.89
2024-01-06T23:00Z,BE,101.28
2024-01-07T00:00Z,BE,107.54
2024-01-07T01:00Z,BE,107.52
2024-01-07T02:00Z,BE,114.63
2024-01-07T03:00Z,BE,102.23
2024-01-07T04:00Z,BE,100.43
2024-01-07T05:00Z,BE,97.3
2024-01-07T06:00Z,BE,112.03
2024-01-07T07:00Z,BE,100.82
2024-01-07T08:00Z,BE,92.64
2024-01-07T09:00Z,BE,92.81
2024-01-07T10:00Z,BE,89.95
2024-01-07T11:00Z,BE,90.84
2024-01-07T12:00Z,BE,92.63
2024-01-07T13:00Z,BE,49.2
2024-01-07T14:00Z,BE,80.1
2024-01-07T15:00Z,BE,17.32
2024-01-07T16:00Z,BE,46.55
2024-01-07T17:00Z,BE,43.66
2024-01-07T18:00Z,BE,93.81
2024-01-07T19:00Z,BE,31.38
2024-01-07T20:00Z,BE,27.6
2024-01-07T21:00Z,BE,19.58
2024-01-07T22:00Z,BE,15.14
2024-01-07T23:00Z,BE,18.63
2024-01-08T00:00Z,BE,16.6
2024-01-08T01:00Z,BE,13.54
2024-01-08T02:00Z,BE,17.37
2024-01-08T03:00Z,BE,20.09
2024-01-08T04:00Z,BE,89.62
2024-01-08T05:00Z,BE,84.16
2024-01-08T06:00Z,BE,95.2
2024-01-08T07:00Z,BE,76.17
2024-01-08T08:00Z,BE,83.48
2024-01-08T09:00Z,BE,72.49
2024-01-08T10:00Z,BE,58.73
2024-01-08T11:00Z,BE,82.43
2024-01-08T12:00Z,BE,7.09
2024-01-08T13:00Z,BE,17.24
2024-01-08T14:00Z,BE,83.48
2024-01-08T15:00Z,BE,82.49
2024-01-08T16:00Z,BE,82.35
2024-01-08T17:00Z,BE,69.54
2024-01-08T18:00Z,BE,59.71
2024-01-08T19:00Z,BE,10.02
2024-01-08T20:00Z,BE,27.09
2024-01-08T21:00Z,BE,16.61
2024-01-08T22:00Z,BE,7.05
2024-01-08T23:00Z,BE,15.83
2024-01-09T00:00Z,BE,14.01
2024-01-09T01:00Z,BE,12.37
2024-01-09T02:00Z,BE,10.34
2024-01-09T03:00Z,BE,14.57
2024-01-09T04:00Z,BE,18.51
2024-01-09T05:00Z,BE,28.28
2024-01-09T06:00Z,BE,62.17
2024-01-09T07:00Z,BE,69.18
2024-01-09T08:00Z,BE,62.88
2024-01-09T09:00Z,BE,35.61
2024-01-09T10:00Z,BE,30.63
2024-01-09T11:00Z,BE,34.09
2024-01-09T12:00Z,BE,5.33
2024-01-09T13:00Z,BE,23.94
2024-01-09T14:00Z,BE,28.39
2024-01-09T15:00Z,BE,61.43
2024-01-09T16:00Z,BE,71.93
2024-01-09T17:00Z,BE,75.28
2024-01-09T18:00Z,BE,65.68
2024-01-09T19:00Z,BE,58.04
2024-01-09T20:00Z,BE,59.37
2024-01-09T21:00Z,BE,2.58
2024-01-09T22:00Z,BE,8.64
2024-01-09T23:00Z,BE,12.34
2024-01-10T00:00Z,BE,8.45
2024-01-10T01:00Z,BE,6.81
2024-01-10T02:00Z,BE,7.28
2024-01-10T03:00Z,BE,6.53
2024-01-10T04:00Z,BE,17.5
2024-01-10T05:00Z,BE,12.56
2024-01-10T06:00Z,BE,74.15
2024-01-10T07:00Z,BE,9.0
2024-01-10T08:00Z,BE,13.96
2024-01-10T09:00Z,BE,4.83
2024-01-10T10:00Z,BE,87.56
2024-01-10T11:00Z,BE,94.28
2024-01-10T12:00Z,BE,82.71
2024-01-10T13:00Z,BE,79.34
2024-01-10T14:00Z,BE,88.59
2024-01-10T15:00Z,BE,91.71
2024-01-10T16:00Z,BE,99.78
2024-01-10T17:00Z,BE,86.47
2024-01-10T18:00Z,BE,87.0
2024-01-10T19:00Z,BE,81.58
2024-01-10T20:00Z,BE,83.17
2024-01-10T21:00Z,BE,79.72
2024-01-10T22:00Z,BE,72.13
2024-01-10T23:00Z,BE,81.43
2024-01-11T00:00Z,BE,4.5
2024-01-11T01:00Z,BE,28.72
2024-01-11T02:00Z,BE,29.12
2024-01-11T03:00Z,BE,31.77
2024-01-11T04:00Z,BE,41.77
2024-01-11T05:00Z,BE,99.37
2024-01-11T06:00Z,BE,101.9
2024-01-11T07:00Z,BE,101.7
2024-01-11T08:00Z,BE,98.34
2024-01-11T09:00Z,BE,95.1
2024-01-11T10:00Z,BE,97.78
2024-01-11T11:00Z,BE,89.13
2024-01-11T12:00Z,BE,84.03
2024-01-11T13:00Z,BE,92.25
2024-01-11T14:00Z,BE,104.43
2024-01-11T15:00Z,BE,96.98
2024-01-11T16:00Z,BE,96.81
2024-01-11T17:00Z,BE,95.78
2024-01-11T18:00Z,BE,89.77
2024-01-11T19:00Z,BE,95.52
2024-01-11T20:00Z,BE,88.62
2024-01-11T21:00Z,BE,79.8
2024-01-11T22:00Z,BE,6.07
2024-01-11T23:00Z,BE,42.96
2024-01-12T00:00Z,BE,42.81
2024-01-12T01:00Z,BE,41.63
2024-01-12T02:00Z,BE,97.29
2024-01-12T03:00Z,BE,100.83
2024-01-12T04:00Z,BE,104.15
2024-01-12T05:00Z,BE,112.22
2024-01-12T06:00Z,BE,109.93
2024-01-12T07:00Z,BE,112.98
2024-01-12T08:00Z,BE,109.89
2024-01-12T09:00Z,BE,104.81
2024-01-12T10:00Z,BE,104.41
2024-01-12T11:00Z,BE,99.78
2024-01-12T12:00Z,BE,100.72
2024-01-12T13:00Z,BE,104.7
2024-01-12T14:00Z,BE,100.12
2024-01-12T15:00Z,BE,107.87
2024-01-12T16:00Z,BE,114.04
2024-01-12T17:00Z,BE,107.92
2024-01-12T18:00Z,BE,109.64
2024-01-12T19:00Z,BE,111.3
2024-01-12T20:00Z,BE,104.55
2024-01-12T21:00Z,BE,104.58
2024-01-12T22:00Z,BE,100.95
2024-01-12T23:00Z,BE,85.02
2024-01-13T00:00Z,BE,89.41
2024-01-13T01:00Z,BE,85.89
2024-01-13T02:00Z,BE,88.48
2024-01-13T03:00Z,BE,91.55
2024-01-13T04:00Z,BE,98.56
2024-01-13T05:00Z,BE,103.27
2024-01-13T06:00Z,BE,99.99
2024-01-13T07:00Z,BE,99.87
2024-01-13T08:00Z,BE,95.73
2024-01-13T09:00Z,BE,94.72
2024-01-13T10:00Z,BE,91.09
2024-01-13T11:00Z,BE,88.89
2024-01-13T12:00Z,BE,92.78
2024-01-13T13:00Z,BE,95.47
2024-01-13T14:00Z,BE,90.32
2024-01-13T15:00Z,BE,90.2
2024-01-13T16:00Z,BE,92.86
2024-01-13T17:00Z,BE,93.66
2024-01-13T18:00Z,BE,93.15
2024-01-13T19:00Z,BE,87.36
2024-01-13T20:00Z,BE,95.07
2024-01-13T21:00Z,BE,90.72
2024-01-13T22:00Z,BE,93.09
2024-01-13T23:00Z,BE,92.8
2024-01-14T00:00Z,BE,95.41
2024-01-14T01:00Z,BE,95.25
2024-01-14T02:00Z,BE,99.98
2024-01-14T03:00Z,BE,95.8
2024-01-14T04:00Z,BE,99.02
2024-01-14T05:00Z,BE,105.45
2024-01-14T06:00Z,BE,110.19
2024-01-14T07:00Z,BE,105.08
2024-01-14T08:00Z,BE,101.77
2024-01-14T09:00Z,BE,97.91
2024-01-14T10:00Z,BE,95.41
2024-01-14T11:00Z,BE,99.01
2024-01-14T12:00Z,BE,103.48
2024-01-14T13:00Z,BE,103.53
2024-01-14T14:00Z,BE,97.88
2024-01-14T15:00Z,BE,92.65
2024-01-14T16:00Z,BE,97.56
2024-01-14T17:00Z,BE,100.47
2024-01-14T18:00Z,BE,98.02
2024-01-14T19:00Z,BE,95.38
2024-01-14T20:00Z,BE,97.21
2024-01-14T21:00Z,BE,91.6
2024-01-14T22:00Z,BE,87.92
2024-01-14T23:00Z,BE,98.5
2024-01-15T00:00Z,BE,90.15
2024-01-15T01:00Z,BE,93.99
2024-01-15T02:00Z,BE,96.01
2024-01-15T03:00Z,BE,93.33
2024-01-15T04:00Z,BE,96.07
2024-01-15T05:00Z,BE,100.28
2024-01-15T06:00Z,BE,98.33
2024-01-15T07:00Z,BE,105.85
2024-01-15T08:00Z,BE,96.84
2024-01-15T09:00Z,BE,89.47
2024-01-15T10:00Z,BE,87.04
2024-01-15T11:00Z,BE,84.96
2024-01-15T12:00Z,BE,79.97
2024-01-15T13:00Z,BE,79.37
2024-01-15T14:00Z,BE,79.92
2024-01-15T15:00Z,BE,98.1
2024-01-15T16:00Z,BE,106.62
2024-01-15T17:00Z,BE,98.66
2024-01-15T18:00Z,BE,90.35
2024-01-15T19:00Z,BE,83.01
2024-01-15T20:00Z,BE,81.62
2024-01-15T21:00Z,BE,67.46
2024-01-15T22:00Z,BE,34.92
2024-01-15T23:00Z,BE,25.51
2024-01-16T00:00Z,BE,10.1
2024-01-16T01:00Z,BE,24.84
2024-01-16T02:00Z,BE,32.11
2024-01-16T03:00Z,BE,29.82
2024-01-16T04:00Z,BE,50.74
2024-01-16T05:00Z,BE,97.86
2024-01-16T06:00Z,BE,103.73
2024-01-16T07:00Z,BE,100.8
2024-01-16T08:00Z,BE,92.63
2024-01-16T09:00Z,BE,90.07
2024-01-16T10:00Z,BE,85.35
2024-01-16T11:00Z,BE,83.34
2024-01-16T12:00Z,BE,80.91
2024-01-16T13:00Z,BE,80.74
2024-01-16T14:00Z,BE,83.71
2024-01-16T15:00Z,BE,99.67
2024-01-16T16:00Z,BE,108.54
2024-01-16T17:00Z,BE,96.34
2024-01-16T18:00Z,BE,91.95
2024-01-16T19:00Z,BE,91.74
2024-01-16T20:00Z,BE,91.59
2024-01-16T21:00Z,BE,79.46
2024-01-16T22:00Z,BE,50.66
2024-01-16T23:00Z,BE,31.62
2024-01-17T00:00Z,BE,13.39
2024-01-17T01:00Z,BE,11.03
2024-01-17T02:00Z,BE,12.53
2024-01-17T03:00Z,BE,13.25
2024-01-17T04:00Z,BE,36.58
2024-01-17T05:00Z,BE,93.23
2024-01-17T06:00Z,BE,103.92
2024-01-17T07:00Z,BE,88.57
2024-01-17T08:00Z,BE,86.96
2024-01-17T09:00Z,BE,84.26
2024-01-17T10:00Z,BE,83.03
2024-01-17T11:00Z,BE,78.83
2024-01-17T12:00Z,BE,14.12
2024-01-17T13:00Z,BE,14.92
2024-01-17T14:00Z,BE,24.22
2024-01-17T15:00Z,BE,86.81
2024-01-17T16:00Z,BE,82.94
2024-01-17T17:00Z,BE,76.58
2024-01-17T18:00Z,BE,74.82
2024-01-17T19:00Z,BE,54.33
2024-01-17T20:00Z,BE,12.56
2024-01-17T21:00Z,BE,10.41
2024-01-17T22:00Z,BE,7.25
2024-01-17T23:00Z,BE,4.12
2024-01-18T00:00Z,BE,8.58
2024-01-18T01:00Z,BE,5.64
2024-01-18T02:00Z,BE,7.95
2024-01-18T03:00Z,BE,10.23
2024-01-18T04:00Z,BE,21.03
2024-01-18T05:00Z,BE,37.03
2024-01-18T06:00Z,BE,98.79
2024-01-18T07:00Z,BE,81.27
2024-01-18T08:00Z,BE,66.33
2024-01-18T09:00Z,BE,67.95
2024-01-18T10:00Z,BE,62.59
2024-01-18T11:00Z,BE,61.11
2024-01-18T12:00Z,BE,64.28
2024-01-18T13:00Z,BE,66.94
2024-01-18T14:00Z,BE,96.35
2024-01-18T15:00Z,BE,86.04
2024-01-18T16:00Z,BE,91.17
2024-01-18T17:00Z,BE,90.46
2024-01-18T18:00Z,BE,83.02
2024-01-18T19:00Z,BE,80.57
2024-01-18T20:00Z,BE,74.51
2024-01-18T21:00Z,BE,75.37
2024-01-18T22:00Z,BE,28.3
2024-01-18T23:00Z,BE,13.84
2024-01-19T00:00Z,BE,11.88
2024-01-19T01:00Z,BE,10.14
2024-01-19T02:00Z,BE,7.39
2024-01-19T03:00Z,BE,10.14
2024-01-19T04:00Z,BE,19.51
2024-01-19T05:00Z,BE,21.94
2024-01-19T06:00Z,BE,99.37
2024-01-19T07:00Z,BE,95.29
2024-01-19T08:00Z,BE,97.77
2024-01-19T09:00Z,BE,21.88
2024-01-19T10:00Z,BE,21.56
2024-01-19T11:00Z,BE,18.36
2024-01-19T12:00Z,BE,16.56
2024-01-19T13:00Z,BE,18.83
2024-01-19T14:00Z,BE,19.99
2024-01-19T15:00Z,BE,64.1
2024-01-19T16:00Z,BE,105.82
2024-01-19T17:00Z,BE,97.79
2024-01-19T18:00Z,BE,101.47
2024-01-19T19:00Z,BE,74.84
2024-01-19T20:00Z,BE,19.06
2024-01-19T21:00Z,BE,18.83
2024-01-19T22:00Z,BE,9.01
2024-01-19T23:00Z,BE,5.27
2024-01-20T00:00Z,BE,1.72
2024-01-20T01:00Z,BE,0.87
2024-01-20T02:00Z,BE,2.17
2024-01-20T03:00Z,BE,0.55
2024-01-20T04:00Z,BE,9.38
2024-01-20T05:00Z,BE,14.8
2024-01-20T06:00Z,BE,16.26
2024-01-20T07:00Z,BE,14.17
2024-01-20T08:00Z,BE,12.0
2024-01-20T09:00Z,BE,6.44
2024-01-20T10:00Z,BE,8.96
2024-01-20T11:00Z,BE,9.52
2024-01-20T12:00Z,BE,7.43
2024-01-20T13:00Z,BE,8.95
2024-01-20T14:00Z,BE,9.38
2024-01-20T15:00Z,BE,15.5
2024-01-20T16:00Z,BE,19.65
2024-01-20T17:00Z,BE,13.12
2024-01-20T18:00Z,BE,10.87
2024-01-20T19:00Z,BE,7.03
2024-01-20T20:00Z,BE,6.15
2024-01-20T21:00Z,BE,6.73
2024-01-20T22:00Z,BE,6.9
2024-01-20T23:00Z,BE,-0.12
2024-01-21T00:00Z,BE,-1.85
2024-01-21T01:00Z,BE,2.39
2024-01-21T02:00Z,BE,4.23
2024-01-21T03:00Z,BE,6.34
2024-01-21T04:00Z,BE,9.49
2024-01-21T05:00Z,BE,11.67
2024-01-21T06:00Z,BE,15.18
2024-01-21T07:00Z,BE,14.92
2024-01-21T08:00Z,BE,8.37
2024-01-21T09:00Z,BE,7.98
2024-01-21T10:00Z,BE,6.99
2024-01-21T11:00Z,BE,6.12
2024-01-21T12:00Z,BE,6.67
2024-01-21T13:00Z,BE,7.28
2024-01-21T14:00Z,BE,9.71
2024-01-21T15:00Z,BE,12.52
2024-01-21T16:00Z,BE,12.25
2024-01-21T17:00Z,BE,12.81
2024-01-21T18:00Z,BE,10.56
2024-01-21T19:00Z,BE,8.92
2024-01-21T20:00Z,BE,6.96
2024-01-21T21:00Z,BE,7.59
2024-01-21T22:00Z,BE,6.13
2024-01-21T23:00Z,BE,26.54
2024-01-22T00:00Z,BE,12.19
2024-01-22T01:00Z,BE,9.84
2024-01-22T02:00Z,BE,20.51
2024-01-22T03:00Z,BE,18.23
2024-01-22T04:00Z,BE,32.99
2024-01-22T05:00Z,BE,93.97
2024-01-22T06:00Z,BE,90.31
2024-01-22T07:00Z,BE,98.71
2024-01-22T08:00Z,BE,81.87
2024-01-22T09:00Z,BE,87.86
2024-01-22T10:00Z,BE,91.39
2024-01-22T11:00Z,BE,79.01
2024-01-22T12:00Z,BE,88.48
2024-01-22T13:00Z,BE,88.43
2024-01-22T14:00Z,BE,19.89
2024-01-22T15:00Z,BE,104.43
2024-01-22T16:00Z,BE,109.5
2024-01-22T17:00Z,BE,106.63
2024-01-22T18:00Z,BE,98.87
2024-01-22T19:00Z,BE,93.34
2024-01-22T20:00Z,BE,93.42
2024-01-22T21:00Z,BE,98.46
2024-01-22T22:00Z,BE,95.88
2024-01-22T23:00Z,BE,103.76
2024-01-23T00:00Z,BE,96.96
2024-01-23T01:00Z,BE,80.61
2024-01-23T02:00Z,BE,97.84
2024-01-23T03:00Z,BE,100.08
2024-01-23T04:00Z,BE,109.25
2024-01-23T05:00Z,BE,113.8
2024-01-23T06:00Z,BE,115.86
2024-01-23T07:00Z,BE,108.64
2024-01-23T08:00Z,BE,103.43
2024-01-23T09:00Z,BE,102.07
2024-01-23T10:00Z,BE,97.76
2024-01-23T11:00Z,BE,96.94
2024-01-23T12:00Z,BE,95.65
2024-01-23T13:00Z,BE,93.69
2024-01-23T14:00Z,BE,107.15
2024-01-23T15:00Z,BE,118.03
2024-01-23T16:00Z,BE,115.54
2024-01-23T17:00Z,BE,114.73
2024-01-23T18:00Z,BE,107.25
2024-01-23T19:00Z,BE,104.83
2024-01-23T20:00Z,BE,106.78
2024-01-23T21:00Z,BE,109.49
2024-01-23T22:00Z,BE,111.96
2024-01-23T23:00Z,BE,109.34
2024-01-24T00:00Z,BE,105.96
2024-01-24T01:00Z,BE,101.35
2024-01-24T02:00Z,BE,103.45
2024-01-24T03:00Z,BE,104.7
2024-01-24T04:00Z,BE,112.98
2024-01-24T05:00Z,BE,117.11
2024-01-24T06:00Z,BE,112.88
2024-01-24T07:00Z,BE,111.34
2024-01-24T08:00Z,BE,105.26
2024-01-24T09:00Z,BE,110.3
2024-01-24T10:00Z,BE,107.28
2024-01-24T11:00Z,BE,102.5
2024-01-24T12:00Z,BE,104.39
2024-01-24T13:00Z,BE,100.59
2024-01-24T14:00Z,BE,97.74
2024-01-24T15:00Z,BE,107.17
2024-01-24T16:00Z,BE,113.74
2024-01-24T17:00Z,BE,108.2
2024-01-24T18:00Z,BE,102.1
2024-01-24T19:00Z,BE,103.48
2024-01-24T20:00Z,BE,103.98
2024-01-24T21:00Z,BE,94.13
2024-01-24T22:00Z,BE,94.33
2024-01-24T23:00Z,BE,84.11
2024-01-25T00:00Z,BE,83.58
2024-01-25T01:00Z,BE,84.09
2024-01-25T02:00Z,BE,89.45
2024-01-25T03:00Z,BE,91.27
2024-01-25T04:00Z,BE,93.99
2024-01-25T05:00Z,BE,102.85
2024-01-25T06:00Z,BE,107.57
2024-01-25T07:00Z,BE,102.75
2024-01-25T08:00Z,BE,92.45
2024-01-25T09:00Z,BE,90.41
2024-01-25T10:00Z,BE,91.06
2024-01-25T11:00Z,BE,91.34
2024-01-25T12:00Z,BE,93.45
2024-01-25T13:00Z,BE,92.73
2024-01-25T14:00Z,BE,96.88
2024-01-25T15:00Z,BE,106.3
2024-01-25T16:00Z,BE,105.74
2024-01-25T17:00Z,BE,98.2
2024-01-25T18:00Z,BE,99.28
2024-01-25T19:00Z,BE,94.72
2024-01-25T20:00Z,BE,97.11
2024-01-25T21:00Z,BE,96.45
2024-01-25T22:00Z,BE,97.53
2024-01-25T23:00Z,BE,89.77
2024-01-26T00:00Z,BE,86.63
2024-01-26T01:00Z,BE,88.33
2024-01-26T02:00Z,BE,87.95
2024-01-26T03:00Z,BE,86.98
2024-01-26T04:00Z,BE,92.73
2024-01-26T05:00Z,BE,104.86
2024-01-26T06:00Z,BE,102.48
2024-01-26T07:00Z,BE,101.44
2024-01-26T08:00Z,BE,98.48
2024-01-26T09:00Z,BE,99.8
2024-01-26T10:00Z,BE,95.27
2024-01-26T11:00Z,BE,94.62
2024-01-26T12:00Z,BE,98.52
2024-01-26T13:00Z,BE,94.96
2024-01-26T14:00Z,BE,100.46
2024-01-26T15:00Z,BE,102.61
2024-01-26T16:00Z,BE,104.09
2024-01-26T17:00Z,BE,97.34
2024-01-26T18:00Z,BE,92.35
2024-01-26T19:00Z,BE,84.02
2024-01-26T20:00Z,BE,72.79
2024-01-26T21:00Z,BE,66.77
2024-01-26T22:00Z,BE,63.67
2024-01-26T23:00Z,BE,54.51
2024-01-27T00:00Z,BE,58.41
2024-01-27T01:00Z,BE,53.95
2024-01-27T02:00Z,BE,55.99
2024-01-27T03:00Z,BE,55.8
2024-01-27T04:00Z,BE,59.0
2024-01-27T05:00Z,BE,65.74
2024-01-27T06:00Z,BE,77.85
2024-01-27T07:00Z,BE,78.98
2024-01-27T08:00Z,BE,75.18
2024-01-27T09:00Z,BE,75.74
2024-01-27T10:00Z,BE,81.17
2024-01-27T11:00Z,BE,82.09
2024-01-27T12:00Z,BE,83.51
2024-01-27T13:00Z,BE,86.63
2024-01-27T14:00Z,BE,82.52
2024-01-27T15:00Z,BE,83.33
2024-01-27T16:00Z,BE,86.51
2024-01-27T17:00Z,BE,81.56
2024-01-27T18:00Z,BE,83.05
2024-01-27T19:00Z,BE,82.03
2024-01-27T20:00Z,BE,77.85
2024-01-27T21:00Z,BE,75.3
2024-01-27T22:00Z,BE,76.02
2024-01-27T23:00Z,BE,77.53
2024-01-28T00:00Z,BE,78.78
2024-01-28T01:00Z,BE,76.71
2024-01-28T02:00Z,BE,75.57
2024-01-28T03:00Z,BE,76.04
2024-01-28T04:00Z,BE,86.79
2024-01-28T05:00Z,BE,85.09
2024-01-28T06:00Z,BE,94.1
2024-01-28T07:00Z,BE,88.76
2024-01-28T08:00Z,BE,88.9
2024-01-28T09:00Z,BE,86.36
2024-01-28T10:00Z,BE,42.75
2024-01-28T11:00Z,BE,25.34
2024-01-28T12:00Z,BE,5.14
2024-01-28T13:00Z,BE,22.05
2024-01-28T14:00Z,BE,16.23
2024-01-28T15:00Z,BE,48.71
2024-01-28T16:00Z,BE,84.67
2024-01-28T17:00Z,BE,76.28
2024-01-28T18:00Z,BE,89.91
2024-01-28T19:00Z,BE,92.32
2024-01-28T20:00Z,BE,81.94
2024-01-28T21:00Z,BE,76.36
2024-01-28T22:00Z,BE,35.65
2024-01-28T23:00Z,BE,56.64
2024-01-29T00:00Z,BE,7.73
2024-01-29T01:00Z,BE,42.91
2024-01-29T02:00Z,BE,81.76
2024-01-29T03:00Z,BE,88.61
2024-01-29T04:00Z,BE,94.15
2024-01-29T05:00Z,BE,101.53
2024-01-29T06:00Z,BE,105.7
2024-01-29T07:00Z,BE,104.86
2024-01-29T08:00Z,BE,95.5
2024-01-29T09:00Z,BE,96.99
2024-01-29T10:00Z,BE,87.07
2024-01-29T11:00Z,BE,88.72
2024-01-29T12:00Z,BE,92.14
2024-01-29T13:00Z,BE,90.66
2024-01-29T14:00Z,BE,98.94
2024-01-29T15:00Z,BE,109.36
2024-01-29T16:00Z,BE,118.59
2024-01-29T17:00Z,BE,110.4
2024-01-29T18:00Z,BE,105.77
2024-01-29T19:00Z,BE,104.46
2024-01-29T20:00Z,BE,93.13
2024-01-29T21:00Z,BE,94.33
2024-01-29T22:00Z,BE,96.95
2024-01-29T23:00Z,BE,94.34
2024-01-30T00:00Z,BE,94.03
2024-01-30T01:00Z,BE,92.91
2024-01-30T02:00Z,BE,89.88
2024-01-30T03:00Z,BE,87.12
2024-01-30T04:00Z,BE,98.82
2024-01-30T05:00Z,BE,105.36
2024-01-30T06:00Z,BE,104.12
2024-01-30T07:00Z,BE,103.34
2024-01-30T08:00Z,BE,99.85
2024-01-30T09:00Z,BE,98.05
2024-01-30T10:00Z,BE,96.61
2024-01-30T11:00Z,BE,91.66
2024-01-30T12:00Z,BE,94.28
2024-01-30T13:00Z,BE,91.09
2024-01-30T14:00Z,BE,94.9
2024-01-30T15:00Z,BE,98.68
2024-01-30T16:00Z,BE,103.21
2024-01-30T17:00Z,BE,98.46
2024-01-30T18:00Z,BE,97.98
2024-01-30T19:00Z,BE,96.31
2024-01-30T20:00Z,BE,91.56
2024-01-30T21:00Z,BE,87.52
2024-01-30T22:00Z,BE,83.9
2024-01-30T23:00Z,BE,90.7
2024-01-31T00:00Z,BE,83.96
2024-01-31T01:00Z,BE,80.65
2024-01-31T02:00Z,BE,66.42
2024-01-31T03:00Z,BE,69.27
2024-01-31T04:00Z,BE,92.21
2024-01-31T05:00Z,BE,107.69
2024-01-31T06:00Z,BE,114.96
2024-01-31T07:00Z,BE,117.49
2024-01-31T08:00Z,BE,109.78
2024-01-31T09:00Z,BE,110.81
2024-01-31T10:00Z,BE,109.23
2024-01-31T11:00Z,BE,100.4
2024-01-31T12:00Z,BE,98.15
2024-01-31T13:00Z,BE,93.52
2024-01-31T14:00Z,BE,91.11
2024-01-31T15:00Z,BE,101.5
2024-01-31T16:00Z,BE,102.93
2024-01-31T17:00Z,BE,109.09
2024-01-31T18:00Z,BE,102.85
2024-01-31T19:00Z,BE,97.26
2024-01-31T20:00Z,BE,92.52
2024-01-31T21:00Z,BE,86.35
2024-01-31T22:00Z,BE,84.27
2024-01-31T23:00Z,BE,70.54
2024-02-01T00:00Z,BE,70.09
2024-02-01T01:00Z,BE,69.54
2024-02-01T02:00Z,BE,70.23
2024-02-01T03:00Z,BE,35.0
2024-02-01T04:00Z,BE,68.28
2024-02-01T05:00Z,BE,82.92
2024-02-01T06:00Z,BE,96.86
2024-02-01T07:00Z,BE,99.09
2024-02-01T08:00Z,BE,91.72
2024-02-01T09:00Z,BE,83.32
2024-02-01T10:00Z,BE,85.83
2024-02-01T11:00Z,BE,81.12
2024-02-01T12:00Z,BE,74.19
2024-02-01T13:00Z,BE,65.57
2024-02-01T14:00Z,BE,73.43
2024-02-01T15:00Z,BE,85.64
2024-02-01T16:00Z,BE,81.09
2024-02-01T17:00Z,BE,83.44
2024-02-01T18:00Z,BE,88.48
2024-02-01T19:00Z,BE,85.35
2024-02-01T20:00Z,BE,75.96
2024-02-01T21:00Z,BE,57.71
2024-02-01T22:00Z,BE,5.59
2024-02-01T23:00Z,BE,60.86
2024-02-02T00:00Z,BE,90.68
2024-02-02T01:00Z,BE,21.26
2024-02-02T02:00Z,BE,15.03
2024-02-02T03:00Z,BE,32.12
2024-02-02T04:00Z,BE,22.62
2024-02-02T05:00Z,BE,84.0
2024-02-02T06:00Z,BE,93.58
2024-02-02T07:00Z,BE,91.86
2024-02-02T08:00Z,BE,90.4
2024-02-02T09:00Z,BE,88.49
2024-02-02T10:00Z,BE,83.58
2024-02-02T11:00Z,BE,78.89
2024-02-02T12:00Z,BE,82.97
2024-02-02T13:00Z,BE,69.54
2024-02-02T14:00Z,BE,75.54
2024-02-02T15:00Z,BE,84.98
2024-02-02T16:00Z,BE,88.41
2024-02-02T17:00Z,BE,88.25
2024-02-02T18:00Z,BE,77.97
2024-02-02T19:00Z,BE,76.02
2024-02-02T20:00Z,BE,61.1
2024-02-02T21:00Z,BE,92.16
2024-02-02T22:00Z,BE,23.78
2024-02-02T23:00Z,BE,26.85
2024-02-03T00:00Z,BE,28.32
2024-02-03T01:00Z,BE,24.49
2024-02-03T02:00Z,BE,20.48
2024-02-03T03:00Z,BE,18.09
2024-02-03T04:00Z,BE,29.83
2024-02-03T05:00Z,BE,51.36
2024-02-03T06:00Z,BE,49.74
2024-02-03T07:00Z,BE,67.36
2024-02-03T08:00Z,BE,44.81
2024-02-03T09:00Z,BE,33.41
2024-02-03T10:00Z,BE,37.03
2024-02-03T11:00Z,BE,32.83
2024-02-03T12:00Z,BE,20.7
2024-02-03T13:00Z,BE,22.02
2024-02-03T14:00Z,BE,32.97
2024-02-03T15:00Z,BE,44.3
2024-02-03T16:00Z,BE,77.88
2024-02-03T17:00Z,BE,88.7
2024-02-03T18:00Z,BE,44.34
2024-02-03T19:00Z,BE,38.62
2024-02-03T20:00Z,BE,23.22
2024-02-03T21:00Z,BE,16.63
2024-02-03T22:00Z,BE,18.68
2024-02-03T23:00Z,BE,17.32
2024-02-04T00:00Z,BE,12.71
2024-02-04T01:00Z,BE,12.4
2024-02-04T02:00Z,BE,20.49
2024-02-04T03:00Z,BE,12.34
2024-02-04T04:00Z,BE,7.76
2024-02-04T05:00Z,BE,18.05
2024-02-04T06:00Z,BE,15.66
2024-02-04T07:00Z,BE,15.66
2024-02-04T08:00Z,BE,9.46
2024-02-04T09:00Z,BE,9.78
2024-02-04T10:00Z,BE,8.63
2024-02-04T11:00Z,BE,10.25
2024-02-04T12:00Z,BE,6.39
2024-02-04T13:00Z,BE,9.84
2024-02-04T14:00Z,BE,11.98
2024-02-04T15:00Z,BE,11.15
2024-02-04T16:00Z,BE,11.89
2024-02-04T17:00Z,BE,10.94
2024-02-04T18:00Z,BE,8.93
2024-02-04T19:00Z,BE,11.95
2024-02-04T20:00Z,BE,11.62
2024-02-04T21:00Z,BE,6.36
2024-02-04T22:00Z,BE,8.13
2024-02-04T23:00Z,BE,24.28
2024-02-05T00:00Z,BE,9.25
2024-02-05T01:00Z,BE,7.25
2024-02-05T02:00Z,BE,7.67
2024-02-05T03:00Z,BE,10.11
2024-02-05T04:00Z,BE,20.39
2024-02-05T05:00Z,BE,27.64
2024-02-05T06:00Z,BE,83.74
2024-02-05T07:00Z,BE,82.43
2024-02-05T08:00Z,BE,80.88
2024-02-05T09:00Z,BE,82.38
2024-02-05T10:00Z,BE,84.34
2024-02-05T11:00Z,BE,85.59
2024-02-05T12:00Z,BE,81.27
2024-02-05T13:00Z,BE,82.03
2024-02-05T14:00Z,BE,82.25
2024-02-05T15:00Z,BE,87.87
2024-02-05T16:00Z,BE,93.07
2024-02-05T17:00Z,BE,85.39
2024-02-05T18:00Z,BE,80.77
2024-02-05T19:00Z,BE,80.8
2024-02-05T20:00Z,BE,76.89
2024-02-05T21:00Z,BE,78.29
2024-02-05T22:00Z,BE,76.5
2024-02-05T23:00Z,BE,80.36
2024-02-06T00:00Z,BE,67.08
2024-02-06T01:00Z,BE,52.92
2024-02-06T02:00Z,BE,34.96
2024-02-06T03:00Z,BE,37.98
2024-02-06T04:00Z,BE,78.97
2024-02-06T05:00Z,BE,78.93
2024-02-06T06:00Z,BE,86.07
2024-02-06T07:00Z,BE,79.39
2024-02-06T08:00Z,BE,86.78
2024-02-06T09:00Z,BE,83.71
2024-02-06T10:00Z,BE,81.23
2024-02-06T11:00Z,BE,80.97
2024-02-06T12:00Z,BE,76.4
2024-02-06T13:00Z,BE,76.81
2024-02-06T14:00Z,BE,82.13
2024-02-06T15:00Z,BE,100.1
2024-02-06T16:00Z,BE,97.66
2024-02-06T17:00Z,BE,94.26
2024-02-06T18:00Z,BE,95.9
2024-02-06T19:00Z,BE,89.68
2024-02-06T20:00Z,BE,83.18
2024-02-06T21:00Z,BE,76.82
2024-02-06T22:00Z,BE,71.57
2024-02-06T23:00Z,BE,59.95
2024-02-07T00:00Z,BE,47.91
2024-02-07T01:00Z,BE,78.94
2024-02-07T02:00Z,BE,51.02
2024-02-07T03:00Z,BE,9.06
2024-02-07T04:00Z,BE,26.56
2024-02-07T05:00Z,BE,87.08
2024-02-07T06:00Z,BE,93.57
2024-02-07T07:00Z,BE,93.73
2024-02-07T08:00Z,BE,89.23
2024-02-07T09:00Z,BE,92.37
2024-02-07T10:00Z,BE,90.98
2024-02-07T11:00Z,BE,85.52
2024-02-07T12:00Z,BE,85.65
2024-02-07T13:00Z,BE,83.46
2024-02-07T14:00Z,BE,87.22
2024-02-07T15:00Z,BE,90.42
2024-02-07T16:00Z,BE,102.5
2024-02-07T17:00Z,BE,104.81
2024-02-07T18:00Z,BE,96.38
2024-02-07T19:00Z,BE,92.96
2024-02-07T20:00Z,BE,89.48
2024-02-07T21:00Z,BE,83.08
2024-02-07T22:00Z,BE,82.06
2024-02-07T23:00Z,BE,71.83
2024-02-08T00:00Z,BE,72.19
2024-02-08T01:00Z,BE,67.46
2024-02-08T02:00Z,BE,66.18
2024-02-08T03:00Z,BE,65.86
2024-02-08T04:00Z,BE,78.47
2024-02-08T05:00Z,BE,80.77
2024-02-08T06:00Z,BE,95.34
2024-02-08T07:00Z,BE,88.61
2024-02-08T08:00Z,BE,87.48
2024-02-08T09:00Z,BE,85.78
2024-02-08T10:00Z,BE,82.26
2024-02-08T11:00Z,BE,93.82
2024-02-08T12:00Z,BE,86.97
2024-02-08T13:00Z,BE,87.26
2024-02-08T14:00Z,BE,89.97
2024-02-08T15:00Z,BE,95.59
2024-02-08T16:00Z,BE,102.61
2024-02-08T17:00Z,BE,96.69
2024-02-08T18:00Z,BE,85.08
2024-02-08T19:00Z,BE,89.03
2024-02-08T20:00Z,BE,83.05
2024-02-08T21:00Z,BE,70.09
2024-02-08T22:00Z,BE,44.8
2024-02-08T23:00Z,BE,43.84
2024-02-09T00:00Z,BE,28.2
2024-02-09T01:00Z,BE,14.11
2024-02-09T02:00Z,BE,9.48
2024-02-09T03:00Z,BE,45.47
2024-02-09T04:00Z,BE,56.18
2024-02-09T05:00Z,BE,82.73
2024-02-09T06:00Z,BE,64.12
2024-02-09T07:00Z,BE,64.23
2024-02-09T08:00Z,BE,64.35
2024-02-09T09:00Z,BE,60.36
2024-02-09T10:00Z,BE,64.49
2024-02-09T11:00Z,BE,57.72
2024-02-09T12:00Z,BE,76.51
2024-02-09T13:00Z,BE,39.66
2024-02-09T14:00Z,BE,39.11
2024-02-09T15:00Z,BE,74.16
2024-02-09T16:00Z,BE,67.25
2024-02-09T17:00Z,BE,74.77
2024-02-09T18:00Z,BE,74.58
2024-02-09T19:00Z,BE,70.78
2024-02-09T20:00Z,BE,67.06
2024-02-09T21:00Z,BE,35.84
2024-02-09T22:00Z,BE,29.27
2024-02-09T23:00Z,BE,27.84
2024-02-10T00:00Z,BE,24.2
2024-02-10T01:00Z,BE,18.6
2024-02-10T02:00Z,BE,26.13
2024-02-10T03:00Z,BE,21.43
2024-02-10T04:00Z,BE,39.61
2024-02-10T05:00Z,BE,53.94
2024-02-10T06:00Z,BE,74.67
2024-02-10T07:00Z,BE,64.54
2024-02-10T08:00Z,BE,48.37
2024-02-10T09:00Z,BE,35.22
2024-02-10T10:00Z,BE,19.87
2024-02-10T11:00Z,BE,14.87
2024-02-10T12:00Z,BE,34.48
2024-02-10T13:00Z,BE,37.76
2024-02-10T14:00Z,BE,67.76
2024-02-10T15:00Z,BE,60.28
2024-02-10T16:00Z,BE,91.78
2024-02-10T17:00Z,BE,89.81
2024-02-10T18:00Z,BE,81.33
2024-02-10T19:00Z,BE,80.78
2024-02-10T20:00Z,BE,84.93
2024-02-10T21:00Z,BE,82.27
2024-02-10T22:00Z,BE,73.63
2024-02-10T23:00Z,BE,15.27
2024-02-11T00:00Z,BE,30.52
2024-02-11T01:00Z,BE,19.6
2024-02-11T02:00Z,BE,26.92
2024-02-11T03:00Z,BE,27.09
2024-02-11T04:00Z,BE,36.39
2024-02-11T05:00Z,BE,34.43
2024-02-11T06:00Z,BE,2.29
2024-02-11T07:00Z,BE,27.19
2024-02-11T08:00Z,BE,13.39
2024-02-11T09:00Z,BE,14.41
2024-02-11T10:00Z,BE,11.46
2024-02-11T11:00Z,BE,8.63
2024-02-11T12:00Z,BE,18.76
2024-02-11T13:00Z,BE,18.57
2024-02-11T14:00Z,BE,22.15
2024-02-11T15:00Z,BE,16.89
2024-02-11T16:00Z,BE,66.47
2024-02-11T17:00Z,BE,58.73
2024-02-11T18:00Z,BE,61.07
2024-02-11T19:00Z,BE,60.03
2024-02-11T20:00Z,BE,61.45
2024-02-11T21:00Z,BE,2.66
2024-02-11T22:00Z,BE,18.46
2024-02-11T23:00Z,BE,11.18
2024-02-12T00:00Z,BE,24.51
2024-02-12T01:00Z,BE,17.27
2024-02-12T02:00Z,BE,17.57
2024-02-12T03:00Z,BE,10.08
2024-02-12T04:00Z,BE,34.48
2024-02-12T05:00Z,BE,77.75
2024-02-12T06:00Z,BE,70.74
2024-02-12T07:00Z,BE,71.55
2024-02-12T08:00Z,BE,53.62
2024-02-12T09:00Z,BE,79.2
2024-02-12T10:00Z,BE,18.29
2024-02-12T11:00Z,BE,29.35
2024-02-12T12:00Z,BE,32.44
2024-02-12T13:00Z,BE,33.04
2024-02-12T14:00Z,BE,34.07
2024-02-12T15:00Z,BE,63.11
2024-02-12T16:00Z,BE,82.78
2024-02-12T17:00Z,BE,73.52
2024-02-12T18:00Z,BE,69.48
2024-02-12T19:00Z,BE,72.02
2024-02-12T20:00Z,BE,59.54
2024-02-12T21:00Z,BE,72.2
2024-02-12T22:00Z,BE,35.64
2024-02-12T23:00Z,BE,25.11
2024-02-13T00:00Z,BE,14.27
2024-02-13T01:00Z,BE,12.74
2024-02-13T02:00Z,BE,20.81
2024-02-13T03:00Z,BE,21.84
2024-02-13T04:00Z,BE,38.41
2024-02-13T05:00Z,BE,44.25
2024-02-13T06:00Z,BE,41.27
2024-02-13T07:00Z,BE,62.29
2024-02-13T08:00Z,BE,40.71
2024-02-13T09:00Z,BE,44.41
2024-02-13T10:00Z,BE,41.49
2024-02-13T11:00Z,BE,31.66
2024-02-13T12:00Z,BE,48.37
2024-02-13T13:00Z,BE,33.25
2024-02-13T14:00Z,BE,80.54
2024-02-13T15:00Z,BE,74.61
2024-02-13T16:00Z,BE,82.15
2024-02-13T17:00Z,BE,73.88
2024-02-13T18:00Z,BE,71.77
2024-02-13T19:00Z,BE,68.19
2024-02-13T20:00Z,BE,58.71
2024-02-13T21:00Z,BE,55.6
2024-02-13T22:00Z,BE,72.36
2024-02-13T23:00Z,BE,38.07
2024-02-14T00:00Z,BE,51.6
2024-02-14T01:00Z,BE,72.59
2024-02-14T02:00Z,BE,71.51
2024-02-14T03:00Z,BE,72.38
2024-02-14T04:00Z,BE,72.9
2024-02-14T05:00Z,BE,78.85
2024-02-14T06:00Z,BE,85.26
2024-02-14T07:00Z,BE,82.42
2024-02-14T08:00Z,BE,75.98
2024-02-14T09:00Z,BE,70.31
2024-02-14T10:00Z,BE,76.57
2024-02-14T11:00Z,BE,71.78
2024-02-14T12:00Z,BE,66.88
2024-02-14T13:00Z,BE,86.59
2024-02-14T14:00Z,BE,87.81
2024-02-14T15:00Z,BE,93.12
2024-02-14T16:00Z,BE,99.52
2024-02-14T17:00Z,BE,89.18
2024-02-14T18:00Z,BE,87.82
2024-02-14T19:00Z,BE,88.42
2024-02-14T20:00Z,BE,81.38
2024-02-14T21:00Z,BE,79.44
2024-02-14T22:00Z,BE,82.64
2024-02-14T23:00Z,BE,76.54
2024-02-15T00:00Z,BE,72.77
2024-02-15T01:00Z,BE,71.09
2024-02-15T02:00Z,BE,72.96
2024-02-15T03:00Z,BE,71.85
2024-02-15T04:00Z,BE,81.92
2024-02-15T05:00Z,BE,89.23
2024-02-15T06:00Z,BE,95.84
2024-02-15T07:00Z,BE,86.45
2024-02-15T08:00Z,BE,86.11
2024-02-15T09:00Z,BE,84.9
2024-02-15T10:00Z,BE,82.46
2024-02-15T11:00Z,BE,81.14
2024-02-15T12:00Z,BE,80.73
2024-02-15T13:00Z,BE,86.52
2024-02-15T14:00Z,BE,82.61
2024-02-15T15:00Z,BE,86.81
2024-02-15T16:00Z,BE,87.32
2024-02-15T17:00Z,BE,85.13
2024-02-15T18:00Z,BE,81.74
2024-02-15T19:00Z,BE,76.88
2024-02-15T20:00Z,BE,73.36
2024-02-15T21:00Z,BE,87.78
2024-02-15T22:00Z,BE,53.15
2024-02-15T23:00Z,BE,47.73
2024-02-16T00:00Z,BE,33.57
2024-02-16T01:00Z,BE,26.39
2024-02-16T02:00Z,BE,28.1
2024-02-16T03:00Z,BE,37.87
2024-02-16T04:00Z,BE,59.17
2024-02-16T05:00Z,BE,87.04
2024-02-16T06:00Z,BE,96.55
2024-02-16T07:00Z,BE,94.29
2024-02-16T08:00Z,BE,91.13
2024-02-16T09:00Z,BE,83.68
2024-02-16T10:00Z,BE,86.31
2024-02-16T11:00Z,BE,87.74
2024-02-16T12:00Z,BE,88.75
2024-02-16T13:00Z,BE,96.8
2024-02-16T14:00Z,BE,101.62
2024-02-16T15:00Z,BE,112.51
2024-02-16T16:00Z,BE,106.64
2024-02-16T17:00Z,BE,111.11
2024-02-16T18:00Z,BE,99.2
2024-02-16T19:00Z,BE,95.94
2024-02-16T20:00Z,BE,90.18
2024-02-16T21:00Z,BE,85.96
2024-02-16T22:00Z,BE,86.51
2024-02-16T23:00Z,BE,78.31
2024-02-17T00:00Z,BE,79.13
2024-02-17T01:00Z,BE,80.46
2024-02-17T02:00Z,BE,79.68
2024-02-17T03:00Z,BE,78.13
2024-02-17T04:00Z,BE,79.17
2024-02-17T05:00Z,BE,87.36
2024-02-17T06:00Z,BE,87.19
2024-02-17T07:00Z,BE,84.33
2024-02-17T08:00Z,BE,81.8
2024-02-17T09:00Z,BE,78.05
2024-02-17T10:00Z,BE,72.18
2024-02-17T11:00Z,BE,69.62
2024-02-17T12:00Z,BE,73.15
2024-02-17T13:00Z,BE,77.96
2024-02-17T14:00Z,BE,79.73
2024-02-17T15:00Z,BE,82.93
2024-02-17T16:00Z,BE,80.48
2024-02-17T17:00Z,BE,78.08
2024-02-17T18:00Z,BE,72.17
2024-02-17T19:00Z,BE,75.88
2024-02-17T20:00Z,BE,74.31
2024-02-17T21:00Z,BE,68.53
2024-02-17T22:00Z,BE,72.03
2024-02-17T23:00Z,BE,43.92
2024-02-18T00:00Z,BE,74.37
2024-02-18T01:00Z,BE,37.81
2024-02-18T02:00Z,BE,50.24
2024-02-18T03:00Z,BE,47.76
2024-02-18T04:00Z,BE,76.79
2024-02-18T05:00Z,BE,86.17
2024-02-18T06:00Z,BE,90.24
2024-02-18T07:00Z,BE,11.76
2024-02-18T08:00Z,BE,37.97
2024-02-18T09:00Z,BE,9.36
2024-02-18T10:00Z,BE,16.27
2024-02-18T11:00Z,BE,19.53
2024-02-18T12:00Z,BE,18.21
2024-02-18T13:00Z,BE,25.77
2024-02-18T14:00Z,BE,25.34
2024-02-18T15:00Z,BE,26.0
2024-02-18T16:00Z,BE,21.65
2024-02-18T17:00Z,BE,23.12
2024-02-18T18:00Z,BE,25.52
2024-02-18T19:00Z,BE,14.94
2024-02-18T20:00Z,BE,14.58
2024-02-18T21:00Z,BE,37.44
2024-02-18T22:00Z,BE,34.88
2024-02-18T23:00Z,BE,3.97
2024-02-19T00:00Z,BE,0.44
2024-02-19T01:00Z,BE,30.55
2024-02-19T02:00Z,BE,19.05
2024-02-19T03:00Z,BE,33.27
2024-02-19T04:00Z,BE,23.63
2024-02-19T05:00Z,BE,31.59
2024-02-19T06:00Z,BE,84.13
2024-02-19T07:00Z,BE,72.63
2024-02-19T08:00Z,BE,71.21
2024-02-19T09:00Z,BE,55.35
2024-02-19T10:00Z,BE,7.72
2024-02-19T11:00Z,BE,36.71
2024-02-19T12:00Z,BE,30.26
2024-02-19T13:00Z,BE,14.71
2024-02-19T14:00Z,BE,32.85
2024-02-19T15:00Z,BE,64.51
2024-02-19T16:00Z,BE,80.85
2024-02-19T17:00Z,BE,75.38
2024-02-19T18:00Z,BE,71.96
2024-02-19T19:00Z,BE,65.17
2024-02-19T20:00Z,BE,59.2
2024-02-19T21:00Z,BE,44.66
2024-02-19T22:00Z,BE,29.45
2024-02-19T23:00Z,BE,32.13
2024-02-20T00:00Z,BE,62.79
2024-02-20T01:00Z,BE,28.97
2024-02-20T02:00Z,BE,6.24
2024-02-20T03:00Z,BE,14.93
2024-02-20T04:00Z,BE,22.89
2024-02-20T05:00Z,BE,17.49
2024-02-20T06:00Z,BE,77.04
2024-02-20T07:00Z,BE,68.0
2024-02-20T08:00Z,BE,61.7
2024-02-20T09:00Z,BE,15.55
2024-02-20T10:00Z,BE,36.21
2024-02-20T11:00Z,BE,35.44
2024-02-20T12:00Z,BE,15.22
2024-02-20T13:00Z,BE,14.84
2024-02-20T14:00Z,BE,10.46
2024-02-20T15:00Z,BE,50.17
2024-02-20T16:00Z,BE,70.71
2024-02-20T17:00Z,BE,67.57
2024-02-20T18:00Z,BE,48.38
2024-02-20T19:00Z,BE,53.52
2024-02-20T20:00Z,BE,62.08
2024-02-20T21:00Z,BE,29.06
2024-02-20T22:00Z,BE,26.21
2024-02-20T23:00Z,BE,32.01
2024-02-21T00:00Z,BE,19.65
2024-02-21T01:00Z,BE,8.14
2024-02-21T02:00Z,BE,8.66
2024-02-21T03:00Z,BE,15.15
2024-02-21T04:00Z,BE,36.89
2024-02-21T05:00Z,BE,80.78
2024-02-21T06:00Z,BE,68.82
2024-02-21T07:00Z,BE,66.05
2024-02-21T08:00Z,BE,59.68
2024-02-21T09:00Z,BE,65.22
2024-02-21T10:00Z,BE,57.0
2024-02-21T11:00Z,BE,47.45
2024-02-21T12:00Z,BE,41.61
2024-02-21T13:00Z,BE,11.58
2024-02-21T14:00Z,BE,70.85
2024-02-21T15:00Z,BE,79.26
2024-02-21T16:00Z,BE,83.54
2024-02-21T17:00Z,BE,78.84
2024-02-21T18:00Z,BE,75.75
2024-02-21T19:00Z,BE,68.19
2024-02-21T20:00Z,BE,72.98
2024-02-21T21:00Z,BE,73.0
2024-02-21T22:00Z,BE,61.96
2024-02-21T23:00Z,BE,46.76
2024-02-22T00:00Z,BE,79.9
2024-02-22T01:00Z,BE,46.77
2024-02-22T02:00Z,BE,40.34
2024-02-22T03:00Z,BE,41.75
2024-02-22T04:00Z,BE,46.8
2024-02-22T05:00Z,BE,66.4
2024-02-22T06:00Z,BE,72.71
2024-02-22T07:00Z,BE,89.95
2024-02-22T08:00Z,BE,63.93
2024-02-22T09:00Z,BE,58.34
2024-02-22T10:00Z,BE,81.88
2024-02-22T11:00Z,BE,36.87
2024-02-22T12:00Z,BE,33.28
2024-02-22T13:00Z,BE,25.34
2024-02-22T14:00Z,BE,34.29
2024-02-22T15:00Z,BE,17.42
2024-02-22T16:00Z,BE,85.05
2024-02-22T17:00Z,BE,79.06
2024-02-22T18:00Z,BE,70.72
2024-02-22T19:00Z,BE,60.73
2024-02-22T20:00Z,BE,77.67
2024-02-22T21:00Z,BE,28.9
2024-02-22T22:00Z,BE,13.83
2024-02-22T23:00Z,BE,13.69
2024-02-23T00:00Z,BE,10.69
2024-02-23T01:00Z,BE,6.77
2024-02-23T02:00Z,BE,8.06
2024-02-23T03:00Z,BE,9.67
2024-02-23T04:00Z,BE,21.11
2024-02-23T05:00Z,BE,41.58
2024-02-23T06:00Z,BE,58.73
2024-02-23T07:00Z,BE,66.07
2024-02-23T08:00Z,BE,65.72
2024-02-23T09:00Z,BE,45.2
2024-02-23T10:00Z,BE,3.03
2024-02-23T11:00Z,BE,27.5
2024-02-23T12:00Z,BE,17.9
2024-02-23T13:00Z,BE,29.8
2024-02-23T14:00Z,BE,77.96
2024-02-23T15:00Z,BE,48.51
2024-02-23T16:00Z,BE,88.7
2024-02-23T17:00Z,BE,70.18
2024-02-23T18:00Z,BE,55.67
2024-02-23T19:00Z,BE,40.62
2024-02-23T20:00Z,BE,20.88
2024-02-23T21:00Z,BE,13.21
2024-02-23T22:00Z,BE,11.76
2024-02-23T23:00Z,BE,10.46
2024-02-24T00:00Z,BE,10.2
2024-02-24T01:00Z,BE,11.27
2024-02-24T02:00Z,BE,14.73
2024-02-24T03:00Z,BE,11.74
2024-02-24T04:00Z,BE,12.12
2024-02-24T05:00Z,BE,17.64
2024-02-24T06:00Z,BE,19.66
2024-02-24T07:00Z,BE,12.93
2024-02-24T08:00Z,BE,11.83
2024-02-24T09:00Z,BE,9.99
2024-02-24T10:00Z,BE,6.43
2024-02-24T11:00Z,BE,8.26
2024-02-24T12:00Z,BE,7.63
2024-02-24T13:00Z,BE,9.57
2024-02-24T14:00Z,BE,8.49
2024-02-24T15:00Z,BE,13.8
2024-02-24T16:00Z,BE,19.82
2024-02-24T17:00Z,BE,14.22
2024-02-24T18:00Z,BE,16.75
2024-02-24T19:00Z,BE,13.58
2024-02-24T20:00Z,BE,14.35
2024-02-24T21:00Z,BE,13.89
2024-02-24T22:00Z,BE,12.92
2024-02-24T23:00Z,BE,3.22
2024-02-25T00:00Z,BE,0.05
2024-02-25T01:00Z,BE,3.51
2024-02-25T02:00Z,BE,5.06
2024-02-25T03:00Z,BE,4.3
2024-02-25T04:00Z,BE,5.75
2024-02-25T05:00Z,BE,10.74
2024-02-25T06:00Z,BE,12.5
2024-02-25T07:00Z,BE,7.37
2024-02-25T08:00Z,BE,6.94
2024-02-25T09:00Z,BE,6.36
2024-02-25T10:00Z,BE,1.7
2024-02-25T11:00Z,BE,-0.66
2024-02-25T12:00Z,BE,1.72
2024-02-25T13:00Z,BE,14.84
2024-02-25T14:00Z,BE,3.95
2024-02-25T15:00Z,BE,21.21
2024-02-25T16:00Z,BE,19.99
2024-02-25T17:00Z,BE,23.06
2024-02-25T18:00Z,BE,39.84
2024-02-25T19:00Z,BE,1.35
2024-02-25T20:00Z,BE,75.44
2024-02-25T21:00Z,BE,22.68
2024-02-25T22:00Z,BE,31.44
2024-02-25T23:00Z,BE,19.09
2024-02-26T00:00Z,BE,4.15
2024-02-26T01:00Z,BE,16.33
2024-02-26T02:00Z,BE,24.86
2024-02-26T03:00Z,BE,26.36
2024-02-26T04:00Z,BE,70.08
2024-02-26T05:00Z,BE,78.39
2024-02-26T06:00Z,BE,82.52
2024-02-26T07:00Z,BE,77.71
2024-02-26T08:00Z,BE,74.24
2024-02-26T09:00Z,BE,71.19
2024-02-26T10:00Z,BE,72.58
2024-02-26T11:00Z,BE,69.19
2024-02-26T12:00Z,BE,50.22
2024-02-26T13:00Z,BE,74.37
2024-02-26T14:00Z,BE,72.6
2024-02-26T15:00Z,BE,73.71
2024-02-26T16:00Z,BE,72.05
2024-02-26T17:00Z,BE,79.31
2024-02-26T18:00Z,BE,73.49
2024-02-26T19:00Z,BE,73.3
2024-02-26T20:00Z,BE,74.31
2024-02-26T21:00Z,BE,70.77
2024-02-26T22:00Z,BE,73.39
2024-02-26T23:00Z,BE,89.86
2024-02-27T00:00Z,BE,89.18
2024-02-27T01:00Z,BE,83.46
2024-02-27T02:00Z,BE,87.11
2024-02-27T03:00Z,BE,82.67
2024-02-27T04:00Z,BE,88.81
2024-02-27T05:00Z,BE,100.92
2024-02-27T06:00Z,BE,105.46
2024-02-27T07:00Z,BE,90.74
2024-02-27T08:00Z,BE,88.86
2024-02-27T09:00Z,BE,86.23
2024-02-27T10:00Z,BE,83.49
2024-02-27T11:00Z,BE,83.65
2024-02-27T12:00Z,BE,84.86
2024-02-27T13:00Z,BE,80.87
2024-02-27T14:00Z,BE,80.93
2024-02-27T15:00Z,BE,96.93
2024-02-27T16:00Z,BE,98.28
2024-02-27T17:00Z,BE,94.12
2024-02-27T18:00Z,BE,94.19
2024-02-27T19:00Z,BE,89.66
2024-02-27T20:00Z,BE,84.83
2024-02-27T21:00Z,BE,85.5
2024-02-27T22:00Z,BE,82.73
2024-02-27T23:00Z,BE,68.65
2024-02-28T00:00Z,BE,65.6
2024-02-28T01:00Z,BE,65.93
2024-02-28T02:00Z,BE,63.03
2024-02-28T03:00Z,BE,64.08
2024-02-28T04:00Z,BE,72.92
2024-02-28T05:00Z,BE,81.4
2024-02-28T06:00Z,BE,84.46
2024-02-28T07:00Z,BE,72.4
2024-02-28T08:00Z,BE,71.33
2024-02-28T09:00Z,BE,67.67
2024-02-28T10:00Z,BE,68.01
2024-02-28T11:00Z,BE,70.08
2024-02-28T12:00Z,BE,70.85
2024-02-28T13:00Z,BE,70.6
2024-02-28T14:00Z,BE,75.9
2024-02-28T15:00Z,BE,78.36
2024-02-28T16:00Z,BE,89.64
2024-02-28T17:00Z,BE,74.46
2024-02-28T18:00Z,BE,71.01
2024-02-28T19:00Z,BE,68.84
2024-02-28T20:00Z,BE,71.24
2024-02-28T21:00Z,BE,65.06
2024-02-28T22:00Z,BE,65.36
2024-02-28T23:00Z,BE,71.38
2024-02-29T00:00Z,BE,72.3
2024-02-29T01:00Z,BE,69.81
2024-02-29T02:00Z,BE,71.03
2024-02-29T03:00Z,BE,80.04
2024-02-29T04:00Z,BE,85.8
2024-02-29T05:00Z,BE,91.09
2024-02-29T06:00Z,BE,91.69
2024-02-29T07:00Z,BE,82.19
2024-02-29T08:00Z,BE,82.37
2024-02-29T09:00Z,BE,77.92
2024-02-29T10:00Z,BE,76.13
2024-02-29T11:00Z,BE,76.04
2024-02-29T12:00Z,BE,75.86
2024-02-29T13:00Z,BE,84.73
2024-02-29T14:00Z,BE,86.07
2024-02-29T15:00Z,BE,91.57
2024-02-29T16:00Z,BE,97.76
2024-02-29T17:00Z,BE,92.07
2024-02-29T18:00Z,BE,86.31
2024-02-29T19:00Z,BE,82.07
2024-02-29T20:00Z,BE,82.61
2024-02-29T21:00Z,BE,82.88
2024-02-29T22:00Z,BE,78.34
2024-02-29T23:00Z,BE,78.48
2024-03-01T00:00Z,BE,79.74
2024-03-01T01:00Z,BE,75.96
2024-03-01T02:00Z,BE,74.98
2024-03-01T03:00Z,BE,78.39
2024-03-01T04:00Z,BE,85.62
2024-03-01T05:00Z,BE,95.07
2024-03-01T06:00Z,BE,94.01
2024-03-01T07:00Z,BE,84.22
2024-03-01T08:00Z,BE,80.68
2024-03-01T09:00Z,BE,79.63
2024-03-01T10:00Z,BE,75.62
2024-03-01T11:00Z,BE,76.44
2024-03-01T12:00Z,BE,76.05
2024-03-01T13:00Z,BE,84.52
2024-03-01T14:00Z,BE,85.73
2024-03-01T15:00Z,BE,89.22
2024-03-01T16:00Z,BE,90.56
2024-03-01T17:00Z,BE,89.95
2024-03-01T18:00Z,BE,85.22
2024-03-01T19:00Z,BE,82.18
2024-03-01T20:00Z,BE,75.49
2024-03-01T21:00Z,BE,73.9
2024-03-01T22:00Z,BE,71.52
2024-03-01T23:00Z,BE,69.95
2024-03-02T00:00Z,BE,73.29
2024-03-02T01:00Z,BE,68.65
2024-03-02T02:00Z,BE,69.75
2024-03-02T03:00Z,BE,68.3
2024-03-02T04:00Z,BE,70.67
2024-03-02T05:00Z,BE,76.17
2024-03-02T06:00Z,BE,70.74
2024-03-02T07:00Z,BE,70.01
2024-03-02T08:00Z,BE,67.57
2024-03-02T09:00Z,BE,72.8
2024-03-02T10:00Z,BE,49.94
2024-03-02T11:00Z,BE,31.83
2024-03-02T12:00Z,BE,67.41
2024-03-02T13:00Z,BE,30.79
2024-03-02T14:00Z,BE,54.93
2024-03-02T15:00Z,BE,62.7
2024-03-02T16:00Z,BE,81.18
2024-03-02T17:00Z,BE,70.19
2024-03-02T18:00Z,BE,74.14
2024-03-02T19:00Z,BE,67.66
2024-03-02T20:00Z,BE,63.61
2024-03-02T21:00Z,BE,69.3
2024-03-02T22:00Z,BE,62.18
2024-03-02T23:00Z,BE,48.12
2024-03-03T00:00Z,BE,11.27
2024-03-03T01:00Z,BE,62.27
2024-03-03T02:00Z,BE,59.18
2024-03-03T03:00Z,BE,60.66
2024-03-03T04:00Z,BE,62.56
2024-03-03T05:00Z,BE,61.09
2024-03-03T06:00Z,BE,65.9
2024-03-03T07:00Z,BE,59.43
2024-03-03T08:00Z,BE,36.74
2024-03-03T09:00Z,BE,34.11
2024-03-03T10:00Z,BE,27.05
2024-03-03T11:00Z,BE,30.27
2024-03-03T12:00Z,BE,28.73
2024-03-03T13:00Z,BE,34.09
2024-03-03T14:00Z,BE,44.24
2024-03-03T15:00Z,BE,65.88
2024-03-03T16:00Z,BE,61.37
2024-03-03T17:00Z,BE,57.96
2024-03-03T18:00Z,BE,59.79
2024-03-03T19:00Z,BE,57.19
2024-03-03T20:00Z,BE,66.41
2024-03-03T21:00Z,BE,63.99
2024-03-03T22:00Z,BE,62.6
2024-03-03T23:00Z,BE,82.0
2024-03-04T00:00Z,BE,70.89
2024-03-04T01:00Z,BE,68.79
2024-03-04T02:00Z,BE,66.45
2024-03-04T03:00Z,BE,44.74
2024-03-04T04:00Z,BE,85.23
2024-03-04T05:00Z,BE,91.61
2024-03-04T06:00Z,BE,94.74
2024-03-04T07:00Z,BE,95.79
2024-03-04T08:00Z,BE,90.04
2024-03-04T09:00Z,BE,88.41
2024-03-04T10:00Z,BE,89.3
2024-03-04T11:00Z,BE,85.06
2024-03-04T12:00Z,BE,87.14
2024-03-04T13:00Z,BE,91.61
2024-03-04T14:00Z,BE,94.15
2024-03-04T15:00Z,BE,102.33
2024-03-04T16:00Z,BE,111.12
2024-03-04T17:00Z,BE,104.44
2024-03-04T18:00Z,BE,99.32
2024-03-04T19:00Z,BE,92.41
2024-03-04T20:00Z,BE,87.88
2024-03-04T21:00Z,BE,87.05
2024-03-04T22:00Z,BE,82.11
2024-03-04T23:00Z,BE,78.88
2024-03-05T00:00Z,BE,80.03
2024-03-05T01:00Z,BE,77.86
2024-03-05T02:00Z,BE,72.71
2024-03-05T03:00Z,BE,78.93
2024-03-05T04:00Z,BE,82.04
2024-03-05T05:00Z,BE,95.02
2024-03-05T06:00Z,BE,94.76
2024-03-05T07:00Z,BE,90.12
2024-03-05T08:00Z,BE,88.09
2024-03-05T09:00Z,BE,85.58
2024-03-05T10:00Z,BE,83.74
2024-03-05T11:00Z,BE,81.12
2024-03-05T12:00Z,BE,83.37
2024-03-05T13:00Z,BE,82.67
2024-03-05T14:00Z,BE,88.92
2024-03-05T15:00Z,BE,97.25
2024-03-05T16:00Z,BE,101.89
2024-03-05T17:00Z,BE,94.23
2024-03-05T18:00Z,BE,92.88
2024-03-05T19:00Z,BE,86.77
2024-03-05T20:00Z,BE,76.7
2024-03-05T21:00Z,BE,74.43
2024-03-05T22:00Z,BE,71.25
2024-03-05T23:00Z,BE,70.95
2024-03-06T00:00Z,BE,66.99
2024-03-06T01:00Z,BE,44.68
2024-03-06T02:00Z,BE,74.7
2024-03-06T03:00Z,BE,72.31
2024-03-06T04:00Z,BE,80.73
2024-03-06T05:00Z,BE,80.17
2024-03-06T06:00Z,BE,78.94
2024-03-06T07:00Z,BE,76.57
2024-03-06T08:00Z,BE,74.52
2024-03-06T09:00Z,BE,74.98
2024-03-06T10:00Z,BE,64.89
2024-03-06T11:00Z,BE,84.71
2024-03-06T12:00Z,BE,56.15
2024-03-06T13:00Z,BE,55.54
2024-03-06T14:00Z,BE,62.1
2024-03-06T15:00Z,BE,71.82
2024-03-06T16:00Z,BE,87.48
2024-03-06T17:00Z,BE,85.08
2024-03-06T18:00Z,BE,79.02
2024-03-06T19:00Z,BE,72.24
2024-03-06T20:00Z,BE,66.6
2024-03-06T21:00Z,BE,59.26
2024-03-06T22:00Z,BE,55.25
2024-03-06T23:00Z,BE,39.14
2024-03-07T00:00Z,BE,31.01
2024-03-07T01:00Z,BE,28.25
2024-03-07T02:00Z,BE,26.37
2024-03-07T03:00Z,BE,25.54
2024-03-07T04:00Z,BE,74.2
2024-03-07T05:00Z,BE,84.84
2024-03-07T06:00Z,BE,65.64
2024-03-07T07:00Z,BE,74.15
2024-03-07T08:00Z,BE,78.9
2024-03-07T09:00Z,BE,15.4
2024-03-07T10:00Z,BE,4.92
2024-03-07T11:00Z,BE,27.4
2024-03-07T12:00Z,BE,25.97
2024-03-07T13:00Z,BE,21.83
2024-03-07T14:00Z,BE,25.36
2024-03-07T15:00Z,BE,34.19
2024-03-07T16:00Z,BE,46.68
2024-03-07T17:00Z,BE,40.46
2024-03-07T18:00Z,BE,58.43
2024-03-07T19:00Z,BE,31.65
2024-03-07T20:00Z,BE,34.18
2024-03-07T21:00Z,BE,25.64
2024-03-07T22:00Z,BE,23.37
2024-03-07T23:00Z,BE,23.39
2024-03-08T00:00Z,BE,19.83
2024-03-08T01:00Z,BE,16.46
2024-03-08T02:00Z,BE,16.4
2024-03-08T03:00Z,BE,18.55
2024-03-08T04:00Z,BE,21.89
2024-03-08T05:00Z,BE,49.54
2024-03-08T06:00Z,BE,79.2
2024-03-08T07:00Z,BE,71.86
2024-03-08T08:00Z,BE,68.84
2024-03-08T09:00Z,BE,52.53
2024-03-08T10:00Z,BE,52.68
2024-03-08T11:00Z,BE,83.87
2024-03-08T12:00Z,BE,63.58
2024-03-08T13:00Z,BE,78.68
2024-03-08T14:00Z,BE,82.63
2024-03-08T15:00Z,BE,87.14
2024-03-08T16:00Z,BE,98.74
2024-03-08T17:00Z,BE,92.45
2024-03-08T18:00Z,BE,87.08
2024-03-08T19:00Z,BE,81.93
2024-03-08T20:00Z,BE,85.84
2024-03-08T21:00Z,BE,81.72
2024-03-08T22:00Z,BE,74.58
2024-03-08T23:00Z,BE,59.46
2024-03-09T00:00Z,BE,60.27
2024-03-09T01:00Z,BE,57.0
2024-03-09T02:00Z,BE,55.02
2024-03-09T03:00Z,BE,63.09
2024-03-09T04:00Z,BE,64.56
2024-03-09T05:00Z,BE,66.02
2024-03-09T06:00Z,BE,67.84
2024-03-09T07:00Z,BE,68.18
2024-03-09T08:00Z,BE,59.05
2024-03-09T09:00Z,BE,39.1
2024-03-09T10:00Z,BE,16.1
2024-03-09T11:00Z,BE,35.55
2024-03-09T12:00Z,BE,64.71
2024-03-09T13:00Z,BE,70.62
2024-03-09T14:00Z,BE,73.4
2024-03-09T15:00Z,BE,78.33
2024-03-09T16:00Z,BE,84.54
2024-03-09T17:00Z,BE,77.56
2024-03-09T18:00Z,BE,74.38
2024-03-09T19:00Z,BE,73.56
2024-03-09T20:00Z,BE,75.27
2024-03-09T21:00Z,BE,71.13
2024-03-09T22:00Z,BE,71.87
2024-03-09T23:00Z,BE,66.9
2024-03-10T00:00Z,BE,73.2
2024-03-10T01:00Z,BE,74.56
2024-03-10T02:00Z,BE,75.64
2024-03-10T03:00Z,BE,75.43
2024-03-10T04:00Z,BE,74.07
2024-03-10T05:00Z,BE,74.64
2024-03-10T06:00Z,BE,73.18
2024-03-10T07:00Z,BE,65.99
2024-03-10T08:00Z,BE,50.86
2024-03-10T09:00Z,BE,4.8
2024-03-10T10:00Z,BE,30.54
2024-03-10T11:00Z,BE,74.54
2024-03-10T12:00Z,BE,72.55
2024-03-10T13:00Z,BE,10.23
2024-03-10T14:00Z,BE,78.16
2024-03-10T15:00Z,BE,79.56
2024-03-10T16:00Z,BE,84.35
2024-03-10T17:00Z,BE,82.41
2024-03-10T18:00Z,BE,81.49
2024-03-10T19:00Z,BE,79.99
2024-03-10T20:00Z,BE,78.86
2024-03-10T21:00Z,BE,74.68
2024-03-10T22:00Z,BE,73.57
2024-03-10T23:00Z,BE,73.05
2024-03-11T00:00Z,BE,72.1
2024-03-11T01:00Z,BE,69.57
2024-03-11T02:00Z,BE,64.14
2024-03-11T03:00Z,BE,63.59
2024-03-11T04:00Z,BE,61.68
2024-03-11T05:00Z,BE,69.99
2024-03-11T06:00Z,BE,79.29
2024-03-11T07:00Z,BE,65.77
2024-03-11T08:00Z,BE,65.92
2024-03-11T09:00Z,BE,64.53
2024-03-11T10:00Z,BE,64.53
2024-03-11T11:00Z,BE,62.29
2024-03-11T12:00Z,BE,62.05
2024-03-11T13:00Z,BE,61.89
2024-03-11T14:00Z,BE,73.94
2024-03-11T15:00Z,BE,78.45
2024-03-11T16:00Z,BE,81.07
2024-03-11T17:00Z,BE,79.72
2024-03-11T18:00Z,BE,79.45
2024-03-11T19:00Z,BE,71.18
2024-03-11T20:00Z,BE,70.28
2024-03-11T21:00Z,BE,67.9
2024-03-11T22:00Z,BE,72.39
2024-03-11T23:00Z,BE,85.66
2024-03-12T00:00Z,BE,82.89
2024-03-12T01:00Z,BE,80.28
2024-03-12T02:00Z,BE,77.5
2024-03-12T03:00Z,BE,76.97
2024-03-12T04:00Z,BE,78.71
2024-03-12T05:00Z,BE,94.88
2024-03-12T06:00Z,BE,86.78
2024-03-12T07:00Z,BE,82.53
2024-03-12T08:00Z,BE,87.18
2024-03-12T09:00Z,BE,84.46
2024-03-12T10:00Z,BE,84.53
2024-03-12T11:00Z,BE,79.77
2024-03-12T12:00Z,BE,78.03
2024-03-12T13:00Z,BE,76.77
2024-03-12T14:00Z,BE,78.94
2024-03-12T15:00Z,BE,89.69
2024-03-12T16:00Z,BE,86.86
2024-03-12T17:00Z,BE,87.49
2024-03-12T18:00Z,BE,86.95
2024-03-12T19:00Z,BE,81.4
2024-03-12T20:00Z,BE,79.34
2024-03-12T21:00Z,BE,77.28
2024-03-12T22:00Z,BE,70.92
2024-03-12T23:00Z,BE,31.01
2024-03-13T00:00Z,BE,-0.92
2024-03-13T01:00Z,BE,37.7
2024-03-13T02:00Z,BE,80.24
2024-03-13T03:00Z,BE,76.24
2024-03-13T04:00Z,BE,78.72
2024-03-13T05:00Z,BE,85.23
2024-03-13T06:00Z,BE,85.27
2024-03-13T07:00Z,BE,76.25
2024-03-13T08:00Z,BE,73.59
2024-03-13T09:00Z,BE,69.94
2024-03-13T10:00Z,BE,67.28
2024-03-13T11:00Z,BE,63.45
2024-03-13T12:00Z,BE,60.32
2024-03-13T13:00Z,BE,78.49
2024-03-13T14:00Z,BE,80.66
2024-03-13T15:00Z,BE,79.8
2024-03-13T16:00Z,BE,95.91
2024-03-13T17:00Z,BE,86.06
2024-03-13T18:00Z,BE,81.32
2024-03-13T19:00Z,BE,70.13
2024-03-13T20:00Z,BE,65.58
2024-03-13T21:00Z,BE,20.19
2024-03-13T22:00Z,BE,73.2
2024-03-13T23:00Z,BE,72.59
2024-03-14T00:00Z,BE,76.57
2024-03-14T01:00Z,BE,38.61
2024-03-14T02:00Z,BE,30.0
2024-03-14T03:00Z,BE,31.25
2024-03-14T04:00Z,BE,75.3
2024-03-14T05:00Z,BE,73.89
2024-03-14T06:00Z,BE,88.82
2024-03-14T07:00Z,BE,73.41
2024-03-14T08:00Z,BE,72.28
2024-03-14T09:00Z,BE,18.95
2024-03-14T10:00Z,BE,16.21
2024-03-14T11:00Z,BE,38.06
2024-03-14T12:00Z,BE,57.24
2024-03-14T13:00Z,BE,18.83
2024-03-14T14:00Z,BE,61.28
2024-03-14T15:00Z,BE,59.67
2024-03-14T16:00Z,BE,79.2
2024-03-14T17:00Z,BE,75.07
2024-03-14T18:00Z,BE,65.58
2024-03-14T19:00Z,BE,62.19
2024-03-14T20:00Z,BE,80.51
2024-03-14T21:00Z,BE,71.37
2024-03-14T22:00Z,BE,63.18
2024-03-14T23:00Z,BE,70.52
2024-03-15T00:00Z,BE,75.6
2024-03-15T01:00Z,BE,81.16
2024-03-15T02:00Z,BE,47.8
2024-03-15T03:00Z,BE,82.17
2024-03-15T04:00Z,BE,82.05
2024-03-15T05:00Z,BE,95.45
2024-03-15T06:00Z,BE,92.4
2024-03-15T07:00Z,BE,85.55
2024-03-15T08:00Z,BE,80.12
2024-03-15T09:00Z,BE,76.99
2024-03-15T10:00Z,BE,15.63
2024-03-15T11:00Z,BE,80.69
2024-03-15T12:00Z,BE,78.5
2024-03-15T13:00Z,BE,78.92
2024-03-15T14:00Z,BE,70.01
2024-03-15T15:00Z,BE,77.21
2024-03-15T16:00Z,BE,96.03
2024-03-15T17:00Z,BE,84.67
2024-03-15T18:00Z,BE,82.17
2024-03-15T19:00Z,BE,66.14
2024-03-15T20:00Z,BE,66.51
2024-03-15T21:00Z,BE,0.28
2024-03-15T22:00Z,BE,27.65
2024-03-15T23:00Z,BE,14.21
2024-03-16T00:00Z,BE,20.51
2024-03-16T01:00Z,BE,7.13
2024-03-16T02:00Z,BE,7.29
2024-03-16T03:00Z,BE,5.67
2024-03-16T04:00Z,BE,6.73
2024-03-16T05:00Z,BE,14.03
2024-03-16T06:00Z,BE,12.99
2024-03-16T07:00Z,BE,10.25
2024-03-16T08:00Z,BE,4.95
2024-03-16T09:00Z,BE,1.2
2024-03-16T10:00Z,BE,1.29
2024-03-16T11:00Z,BE,-1.43
2024-03-16T12:00Z,BE,1.03
2024-03-16T13:00Z,BE,0.25
2024-03-16T14:00Z,BE,16.11
2024-03-16T15:00Z,BE,29.64
2024-03-16T16:00Z,BE,30.97
2024-03-16T17:00Z,BE,81.67
2024-03-16T18:00Z,BE,78.27
2024-03-16T19:00Z,BE,77.47
2024-03-16T20:00Z,BE,31.12
2024-03-16T21:00Z,BE,27.51
2024-03-16T22:00Z,BE,21.26
2024-03-16T23:00Z,BE,11.97
2024-03-17T00:00Z,BE,5.69
2024-03-17T01:00Z,BE,11.86
2024-03-17T02:00Z,BE,17.51
2024-03-17T03:00Z,BE,12.63
2024-03-17T04:00Z,BE,10.05
2024-03-17T05:00Z,BE,15.97
2024-03-17T06:00Z,BE,3.26
2024-03-17T07:00Z,BE,23.96
2024-03-17T08:00Z,BE,23.82
2024-03-17T09:00Z,BE,18.47
2024-03-17T10:00Z,BE,14.54
2024-03-17T11:00Z,BE,7.83
2024-03-17T12:00Z,BE,10.1
2024-03-17T13:00Z,BE,9.57
2024-03-17T14:00Z,BE,24.92
2024-03-17T15:00Z,BE,28.99
2024-03-17T16:00Z,BE,89.97
2024-03-17T17:00Z,BE,87.4
2024-03-17T18:00Z,BE,79.66
2024-03-17T19:00Z,BE,74.16
2024-03-17T20:00Z,BE,74.57
2024-03-17T21:00Z,BE,19.58
2024-03-17T22:00Z,BE,72.34
2024-03-17T23:00Z,BE,89.19
2024-03-18T00:00Z,BE,76.99
2024-03-18T01:00Z,BE,74.72
2024-03-18T02:00Z,BE,76.25
2024-03-18T03:00Z,BE,72.35
2024-03-18T04:00Z,BE,79.78
2024-03-18T05:00Z,BE,86.25
2024-03-18T06:00Z,BE,82.24
2024-03-18T07:00Z,BE,80.94
2024-03-18T08:00Z,BE,77.59
2024-03-18T09:00Z,BE,67.57
2024-03-18T10:00Z,BE,37.44
2024-03-18T11:00Z,BE,28.22
2024-03-18T12:00Z,BE,23.26
2024-03-18T13:00Z,BE,33.96
2024-03-18T14:00Z,BE,3.11
2024-03-18T15:00Z,BE,84.74
2024-03-18T16:00Z,BE,88.93
2024-03-18T17:00Z,BE,82.91
2024-03-18T18:00Z,BE,64.64
2024-03-18T19:00Z,BE,68.43
2024-03-18T20:00Z,BE,1.32
2024-03-18T21:00Z,BE,72.01
2024-03-18T22:00Z,BE,30.39
2024-03-18T23:00Z,BE,26.86
2024-03-19T00:00Z,BE,19.06
2024-03-19T01:00Z,BE,10.85
2024-03-19T02:00Z,BE,8.94
2024-03-19T03:00Z,BE,14.15
2024-03-19T04:00Z,BE,26.43
2024-03-19T05:00Z,BE,85.53
2024-03-19T06:00Z,BE,0.52
2024-03-19T07:00Z,BE,21.27
2024-03-19T08:00Z,BE,13.19
2024-03-19T09:00Z,BE,9.83
2024-03-19T10:00Z,BE,9.23
2024-03-19T11:00Z,BE,5.77
2024-03-19T12:00Z,BE,12.19
2024-03-19T13:00Z,BE,14.29
2024-03-19T14:00Z,BE,32.09
2024-03-19T15:00Z,BE,55.22
2024-03-19T16:00Z,BE,90.45
2024-03-19T17:00Z,BE,89.23
2024-03-19T18:00Z,BE,78.51
2024-03-19T19:00Z,BE,83.98
2024-03-19T20:00Z,BE,74.36
2024-03-19T21:00Z,BE,55.99
2024-03-19T22:00Z,BE,-0.83
2024-03-19T23:00Z,BE,-1.57
2024-03-20T00:00Z,BE,27.77
2024-03-20T01:00Z,BE,24.03
2024-03-20T02:00Z,BE,26.91
2024-03-20T03:00Z,BE,8.99
2024-03-20T04:00Z,BE,5.65
2024-03-20T05:00Z,BE,63.03
2024-03-20T06:00Z,BE,57.76
2024-03-20T07:00Z,BE,75.58
2024-03-20T08:00Z,BE,17.7
2024-03-20T09:00Z,BE,27.75
2024-03-20T10:00Z,BE,16.08
2024-03-20T11:00Z,BE,10.91
2024-03-20T12:00Z,BE,9.84
2024-03-20T13:00Z,BE,12.96
2024-03-20T14:00Z,BE,16.38
2024-03-20T15:00Z,BE,24.98
2024-03-20T16:00Z,BE,78.06
2024-03-20T17:00Z,BE,61.32
2024-03-20T18:00Z,BE,69.04
2024-03-20T19:00Z,BE,52.55
2024-03-20T20:00Z,BE,10.86
2024-03-20T21:00Z,BE,34.14
2024-03-20T22:00Z,BE,21.73
2024-03-20T23:00Z,BE,15.5
2024-03-21T00:00Z,BE,15.39
2024-03-21T01:00Z,BE,9.38
2024-03-21T02:00Z,BE,4.75
2024-03-21T03:00Z,BE,5.54
2024-03-21T04:00Z,BE,12.44
2024-03-21T05:00Z,BE,22.01
2024-03-21T06:00Z,BE,15.48
2024-03-21T07:00Z,BE,9.72
2024-03-21T08:00Z,BE,7.39
2024-03-21T09:00Z,BE,2.28
2024-03-21T10:00Z,BE,2.82
2024-03-21T11:00Z,BE,3.02
2024-03-21T12:00Z,BE,0.68
2024-03-21T13:00Z,BE,7.07
2024-03-21T14:00Z,BE,13.07
2024-03-21T15:00Z,BE,22.75
2024-03-21T16:00Z,BE,28.79
2024-03-21T17:00Z,BE,28.75
2024-03-21T18:00Z,BE,29.06
2024-03-21T19:00Z,BE,20.88
2024-03-21T20:00Z,BE,20.67
2024-03-21T21:00Z,BE,15.49
2024-03-21T22:00Z,BE,11.57
2024-03-21T23:00Z,BE,8.86
2024-03-22T00:00Z,BE,6.25
2024-03-22T01:00Z,BE,8.84
2024-03-22T02:00Z,BE,9.84
2024-03-22T03:00Z,BE,8.54
2024-03-22T04:00Z,BE,15.03
2024-03-22T05:00Z,BE,26.16
2024-03-22T06:00Z,BE,22.1
2024-03-22T07:00Z,BE,15.66
2024-03-22T08:00Z,BE,18.58
2024-03-22T09:00Z,BE,13.44
2024-03-22T10:00Z,BE,12.4
2024-03-22T11:00Z,BE,10.6
2024-03-22T12:00Z,BE,11.96
2024-03-22T13:00Z,BE,11.38
2024-03-22T14:00Z,BE,27.85
2024-03-22T15:00Z,BE,19.69
2024-03-22T16:00Z,BE,22.49
2024-03-22T17:00Z,BE,68.46
2024-03-22T18:00Z,BE,73.46
2024-03-22T19:00Z,BE,73.57
2024-03-22T20:00Z,BE,8.63
2024-03-22T21:00Z,BE,24.76
2024-03-22T22:00Z,BE,25.81
2024-03-22T23:00Z,BE,16.29
2024-03-23T00:00Z,BE,28.07
2024-03-23T01:00Z,BE,24.36
2024-03-23T02:00Z,BE,23.28
2024-03-23T03:00Z,BE,23.91
2024-03-23T04:00Z,BE,37.29
2024-03-23T05:00Z,BE,78.56
2024-03-23T06:00Z,BE,65.87
2024-03-23T07:00Z,BE,20.3
2024-03-23T08:00Z,BE,14.41
2024-03-23T09:00Z,BE,8.21
2024-03-23T10:00Z,BE,6.92
2024-03-23T11:00Z,BE,10.51
2024-03-23T12:00Z,BE,9.15
2024-03-23T13:00Z,BE,12.51
2024-03-23T14:00Z,BE,7.41
2024-03-23T15:00Z,BE,19.47
2024-03-23T16:00Z,BE,38.34
2024-03-23T17:00Z,BE,20.31
2024-03-23T18:00Z,BE,43.63
2024-03-23T19:00Z,BE,88.21
2024-03-23T20:00Z,BE,53.43
2024-03-23T21:00Z,BE,46.73
2024-03-23T22:00Z,BE,38.36
2024-03-23T23:00Z,BE,74.63
2024-03-24T00:00Z,BE,33.31
2024-03-24T01:00Z,BE,29.29
2024-03-24T02:00Z,BE,27.27
2024-03-24T03:00Z,BE,77.81
2024-03-24T04:00Z,BE,39.58
2024-03-24T05:00Z,BE,75.04
2024-03-24T06:00Z,BE,21.81
2024-03-24T07:00Z,BE,39.76
2024-03-24T08:00Z,BE,1.35
2024-03-24T09:00Z,BE,26.54
2024-03-24T10:00Z,BE,19.69
2024-03-24T11:00Z,BE,19.24
2024-03-24T12:00Z,BE,25.16
2024-03-24T13:00Z,BE,30.98
2024-03-24T14:00Z,BE,1.37
2024-03-24T15:00Z,BE,38.41
2024-03-24T16:00Z,BE,80.17
2024-03-24T17:00Z,BE,77.25
2024-03-24T18:00Z,BE,70.14
2024-03-24T19:00Z,BE,70.73
2024-03-24T20:00Z,BE,69.9
2024-03-24T21:00Z,BE,68.29
2024-03-24T22:00Z,BE,30.59
2024-03-24T23:00Z,BE,70.32
2024-03-25T00:00Z,BE,28.15
2024-03-25T01:00Z,BE,28.33
2024-03-25T02:00Z,BE,32.16
2024-03-25T03:00Z,BE,31.42
2024-03-25T04:00Z,BE,74.79
2024-03-25T05:00Z,BE,82.31
2024-03-25T06:00Z,BE,81.64
2024-03-25T07:00Z,BE,76.41
2024-03-25T08:00Z,BE,72.37
2024-03-25T09:00Z,BE,69.21
2024-03-25T10:00Z,BE,70.44
2024-03-25T11:00Z,BE,70.6
2024-03-25T12:00Z,BE,67.38
2024-03-25T13:00Z,BE,73.12
2024-03-25T14:00Z,BE,68.98
2024-03-25T15:00Z,BE,74.99
2024-03-25T16:00Z,BE,78.82
2024-03-25T17:00Z,BE,85.09
2024-03-25T18:00Z,BE,81.85
2024-03-25T19:00Z,BE,78.01
2024-03-25T20:00Z,BE,76.39
2024-03-25T21:00Z,BE,73.36
2024-03-25T22:00Z,BE,73.01
2024-03-25T23:00Z,BE,68.62
2024-03-26T00:00Z,BE,70.88
2024-03-26T01:00Z,BE,63.17
2024-03-26T02:00Z,BE,19.59
2024-03-26T03:00Z,BE,21.54
2024-03-26T04:00Z,BE,74.13
2024-03-26T05:00Z,BE,80.13
2024-03-26T06:00Z,BE,75.56
2024-03-26T07:00Z,BE,72.0
2024-03-26T08:00Z,BE,70.58
2024-03-26T09:00Z,BE,77.3
2024-03-26T10:00Z,BE,72.95
2024-03-26T11:00Z,BE,69.29
2024-03-26T12:00Z,BE,67.84
2024-03-26T13:00Z,BE,67.16
2024-03-26T14:00Z,BE,68.33
2024-03-26T15:00Z,BE,66.89
2024-03-26T16:00Z,BE,80.44
2024-03-26T17:00Z,BE,83.92
2024-03-26T18:00Z,BE,71.29
2024-03-26T19:00Z,BE,70.58
2024-03-26T20:00Z,BE,69.5
2024-03-26T21:00Z,BE,66.85
2024-03-26T22:00Z,BE,64.49
2024-03-26T23:00Z,BE,67.53
2024-03-27T00:00Z,BE,62.41
2024-03-27T01:00Z,BE,63.58
2024-03-27T02:00Z,BE,65.32
2024-03-27T03:00Z,BE,68.39
2024-03-27T04:00Z,BE,73.37
2024-03-27T05:00Z,BE,82.2
2024-03-27T06:00Z,BE,76.56
2024-03-27T07:00Z,BE,72.6
2024-03-27T08:00Z,BE,71.19
2024-03-27T09:00Z,BE,68.98
2024-03-27T10:00Z,BE,64.28
2024-03-27T11:00Z,BE,70.31
2024-03-27T12:00Z,BE,71.02
2024-03-27T13:00Z,BE,76.76
2024-03-27T14:00Z,BE,80.95
2024-03-27T15:00Z,BE,86.83
2024-03-27T16:00Z,BE,88.21
2024-03-27T17:00Z,BE,87.61
2024-03-27T18:00Z,BE,80.98
2024-03-27T19:00Z,BE,75.03
2024-03-27T20:00Z,BE,76.56
2024-03-27T21:00Z,BE,71.75
2024-03-27T22:00Z,BE,73.02
2024-03-27T23:00Z,BE,71.29
2024-03-28T00:00Z,BE,69.81
2024-03-28T01:00Z,BE,68.68
2024-03-28T02:00Z,BE,71.56
2024-03-28T03:00Z,BE,68.16
2024-03-28T04:00Z,BE,75.02
2024-03-28T05:00Z,BE,84.76
2024-03-28T06:00Z,BE,79.84
2024-03-28T07:00Z,BE,74.31
2024-03-28T08:00Z,BE,71.92
2024-03-28T09:00Z,BE,67.77
2024-03-28T10:00Z,BE,68.33
2024-03-28T11:00Z,BE,62.43
2024-03-28T12:00Z,BE,64.08
2024-03-28T13:00Z,BE,72.44
2024-03-28T14:00Z,BE,71.7
2024-03-28T15:00Z,BE,70.45
2024-03-28T16:00Z,BE,79.83
2024-03-28T17:00Z,BE,77.7
2024-03-28T18:00Z,BE,72.94
2024-03-28T19:00Z,BE,72.45
2024-03-28T20:00Z,BE,61.24
2024-03-28T21:00Z,BE,60.7
2024-03-28T22:00Z,BE,62.48
2024-03-28T23:00Z,BE,7.9
2024-03-29T00:00Z,BE,8.92
2024-03-29T01:00Z,BE,5.72
2024-03-29T02:00Z,BE,1.47
2024-03-29T03:00Z,BE,8.28
2024-03-29T04:00Z,BE,13.98
2024-03-29T05:00Z,BE,17.87
2024-03-29T06:00Z,BE,18.1
2024-03-29T07:00Z,BE,18.13
2024-03-29T08:00Z,BE,19.73
2024-03-29T09:00Z,BE,20.35
2024-03-29T10:00Z,BE,15.22
2024-03-29T11:00Z,BE,23.42
2024-03-29T12:00Z,BE,23.25
2024-03-29T13:00Z,BE,14.54
2024-03-29T14:00Z,BE,60.32
2024-03-29T15:00Z,BE,70.63
2024-03-29T16:00Z,BE,74.75
2024-03-29T17:00Z,BE,76.6
2024-03-29T18:00Z,BE,69.0
2024-03-29T19:00Z,BE,70.56
2024-03-29T20:00Z,BE,71.97
2024-03-29T21:00Z,BE,67.79
2024-03-29T22:00Z,BE,40.46
2024-03-29T23:00Z,BE,24.11
2024-03-30T00:00Z,BE,-1.5
2024-03-30T01:00Z,BE,18.53
2024-03-30T02:00Z,BE,19.5
2024-03-30T03:00Z,BE,19.16
2024-03-30T04:00Z,BE,17.63
2024-03-30T05:00Z,BE,79.07
2024-03-30T06:00Z,BE,67.02
2024-03-30T07:00Z,BE,20.97
2024-03-30T08:00Z,BE,15.54
2024-03-30T09:00Z,BE,17.94
2024-03-30T10:00Z,BE,20.24
2024-03-30T11:00Z,BE,24.1
2024-03-30T12:00Z,BE,28.68
2024-03-30T13:00Z,BE,31.51
2024-03-30T14:00Z,BE,69.62
2024-03-30T15:00Z,BE,66.05
2024-03-30T16:00Z,BE,58.53
2024-03-30T17:00Z,BE,72.81
2024-03-30T18:00Z,BE,62.73
2024-03-30T19:00Z,BE,61.9
2024-03-30T20:00Z,BE,57.7
2024-03-30T21:00Z,BE,58.48
2024-03-30T22:00Z,BE,11.58
2024-03-30T23:00Z,BE,18.58
2024-03-31T00:00Z,BE,17.65
2024-03-31T01:00Z,BE,21.06
2024-03-31T02:00Z,BE,24.68
2024-03-31T03:00Z,BE,23.77
2024-03-31T04:00Z,BE,30.23
2024-03-31T05:00Z,BE,23.76
2024-03-31T06:00Z,BE,70.02
2024-03-31T07:00Z,BE,28.91
2024-03-31T08:00Z,BE,20.81
2024-03-31T09:00Z,BE,77.03
2024-03-31T10:00Z,BE,14.28
2024-03-31T11:00Z,BE,9.14
2024-03-31T12:00Z,BE,5.53
2024-03-31T13:00Z,BE,11.36
2024-03-31T14:00Z,BE,25.61
2024-03-31T15:00Z,BE,26.77
2024-03-31T16:00Z,BE,29.39
2024-03-31T17:00Z,BE,15.78
2024-03-31T18:00Z,BE,32.77
2024-03-31T19:00Z,BE,-1.36
2024-03-31T20:00Z,BE,30.03
2024-03-31T21:00Z,BE,26.72
2024-03-31T22:00Z,BE,19.7
2024-03-31T23:00Z,BE,97.98
2024-04-01T00:00Z,BE,16.23
2024-04-01T01:00Z,BE,14.7
2024-04-01T02:00Z,BE,11.66
2024-04-01T03:00Z,BE,7.79
2024-04-01T04:00Z,BE,24.82
2024-04-01T05:00Z,BE,34.35
2024-04-01T06:00Z,BE,-3.36
2024-04-01T07:00Z,BE,17.49
2024-04-01T08:00Z,BE,8.96
2024-04-01T09:00Z,BE,12.12
2024-04-01T10:00Z,BE,13.0
2024-04-01T11:00Z,BE,17.39
2024-04-01T12:00Z,BE,22.93
2024-04-01T13:00Z,BE,22.56
2024-04-01T14:00Z,BE,27.67
2024-04-01T15:00Z,BE,34.73
2024-04-01T16:00Z,BE,15.28
2024-04-01T17:00Z,BE,37.41
2024-04-01T18:00Z,BE,15.13
2024-04-01T19:00Z,BE,14.15
2024-04-01T20:00Z,BE,22.71
2024-04-01T21:00Z,BE,24.11
2024-04-01T22:00Z,BE,23.43
2024-04-01T23:00Z,BE,67.59
2024-04-02T00:00Z,BE,68.76
2024-04-02T01:00Z,BE,67.99
2024-04-02T02:00Z,BE,68.8
2024-04-02T03:00Z,BE,75.85
2024-04-02T04:00Z,BE,81.91
2024-04-02T05:00Z,BE,90.56
2024-04-02T06:00Z,BE,77.97
2024-04-02T07:00Z,BE,75.24
2024-04-02T08:00Z,BE,68.13
2024-04-02T09:00Z,BE,17.25
2024-04-02T10:00Z,BE,60.57
2024-04-02T11:00Z,BE,62.31
2024-04-02T12:00Z,BE,20.62
2024-04-02T13:00Z,BE,22.38
2024-04-02T14:00Z,BE,78.07
2024-04-02T15:00Z,BE,93.2
2024-04-02T16:00Z,BE,91.79
2024-04-02T17:00Z,BE,86.67
2024-04-02T18:00Z,BE,85.46
2024-04-02T19:00Z,BE,84.92
2024-04-02T20:00Z,BE,83.03
2024-04-02T21:00Z,BE,76.03
2024-04-02T22:00Z,BE,91.36
2024-04-02T23:00Z,BE,91.71
2024-04-03T00:00Z,BE,87.16
2024-04-03T01:00Z,BE,81.88
2024-04-03T02:00Z,BE,87.59
2024-04-03T03:00Z,BE,92.48
2024-04-03T04:00Z,BE,109.14
2024-04-03T05:00Z,BE,106.81
2024-04-03T06:00Z,BE,97.19
2024-04-03T07:00Z,BE,93.31
2024-04-03T08:00Z,BE,93.32
2024-04-03T09:00Z,BE,91.01
2024-04-03T10:00Z,BE,88.12
2024-04-03T11:00Z,BE,84.88
2024-04-03T12:00Z,BE,87.56
2024-04-03T13:00Z,BE,96.54
2024-04-03T14:00Z,BE,96.92
2024-04-03T15:00Z,BE,101.05
2024-04-03T16:00Z,BE,108.49
2024-04-03T17:00Z,BE,104.39
2024-04-03T18:00Z,BE,99.44
2024-04-03T19:00Z,BE,100.02
2024-04-03T20:00Z,BE,94.1
2024-04-03T21:00Z,BE,89.5
2024-04-03T22:00Z,BE,86.95
2024-04-03T23:00Z,BE,83.54
2024-04-04T00:00Z,BE,82.89
2024-04-04T01:00Z,BE,86.93
2024-04-04T02:00Z,BE,87.4
2024-04-04T03:00Z,BE,93.06
2024-04-04T04:00Z,BE,104.12
2024-04-04T05:00Z,BE,100.97
2024-04-04T06:00Z,BE,89.93
2024-04-04T07:00Z,BE,89.49
2024-04-04T08:00Z,BE,88.72
2024-04-04T09:00Z,BE,82.84
2024-04-04T10:00Z,BE,82.08
2024-04-04T11:00Z,BE,81.85
2024-04-04T12:00Z,BE,77.94
2024-04-04T13:00Z,BE,89.76
2024-04-04T14:00Z,BE,97.45
2024-04-04T15:00Z,BE,104.28
2024-04-04T16:00Z,BE,100.02
2024-04-04T17:00Z,BE,105.42
2024-04-04T18:00Z,BE,98.72
2024-04-04T19:00Z,BE,98.6
2024-04-04T20:00Z,BE,94.93
2024-04-04T21:00Z,BE,93.15
2024-04-04T22:00Z,BE,88.22
2024-04-04T23:00Z,BE,83.86
2024-04-05T00:00Z,BE,87.34
2024-04-05T01:00Z,BE,91.94
2024-04-05T02:00Z,BE,91.56
2024-04-05T03:00Z,BE,93.99
2024-04-05T04:00Z,BE,98.94
2024-04-05T05:00Z,BE,106.15
2024-04-05T06:00Z,BE,101.35
2024-04-05T07:00Z,BE,100.74
2024-04-05T08:00Z,BE,97.5
2024-04-05T09:00Z,BE,93.0
2024-04-05T10:00Z,BE,85.19
2024-04-05T11:00Z,BE,82.5
2024-04-05T12:00Z,BE,85.67
2024-04-05T13:00Z,BE,90.01
2024-04-05T14:00Z,BE,93.15
2024-04-05T15:00Z,BE,97.69
2024-04-05T16:00Z,BE,96.61
2024-04-05T17:00Z,BE,92.67
2024-04-05T18:00Z,BE,96.6
2024-04-05T19:00Z,BE,95.77
2024-04-05T20:00Z,BE,90.62
2024-04-05T21:00Z,BE,84.17
2024-04-05T22:00Z,BE,33.21
2024-04-05T23:00Z,BE,86.04
2024-04-06T00:00Z,BE,94.24
2024-04-06T01:00Z,BE,98.3
2024-04-06T02:00Z,BE,93.75
2024-04-06T03:00Z,BE,107.18
2024-04-06T04:00Z,BE,104.05
2024-04-06T05:00Z,BE,94.22
2024-04-06T06:00Z,BE,96.03
2024-04-06T07:00Z,BE,96.08
2024-04-06T08:00Z,BE,62.86
2024-04-06T09:00Z,BE,39.59
2024-04-06T10:00Z,BE,25.81
2024-04-06T11:00Z,BE,18.6
2024-04-06T12:00Z,BE,33.52
2024-04-06T13:00Z,BE,37.78
2024-04-06T14:00Z,BE,95.53
2024-04-06T15:00Z,BE,98.38
2024-04-06T16:00Z,BE,106.77
2024-04-06T17:00Z,BE,100.52
2024-04-06T18:00Z,BE,105.93
2024-04-06T19:00Z,BE,98.76
2024-04-06T20:00Z,BE,96.56
2024-04-06T21:00Z,BE,92.54
2024-04-06T22:00Z,BE,89.38
2024-04-06T23:00Z,BE,92.52
2024-04-07T00:00Z,BE,87.32
2024-04-07T01:00Z,BE,84.66
2024-04-07T02:00Z,BE,92.81
2024-04-07T03:00Z,BE,101.16
2024-04-07T04:00Z,BE,100.39
2024-04-07T05:00Z,BE,97.9
2024-04-07T06:00Z,BE,95.36
2024-04-07T07:00Z,BE,89.38
2024-04-07T08:00Z,BE,62.92
2024-04-07T09:00Z,BE,30.88
2024-04-07T10:00Z,BE,29.6
2024-04-07T11:00Z,BE,21.82
2024-04-07T12:00Z,BE,23.86
2024-04-07T13:00Z,BE,28.08
2024-04-07T14:00Z,BE,34.73
2024-04-07T15:00Z,BE,87.6
2024-04-07T16:00Z,BE,102.46
2024-04-07T17:00Z,BE,106.23
2024-04-07T18:00Z,BE,101.63
2024-04-07T19:00Z,BE,94.88
2024-04-07T20:00Z,BE,91.93
2024-04-07T21:00Z,BE,90.15
2024-04-07T22:00Z,BE,100.31
2024-04-07T23:00Z,BE,21.33
2024-04-08T00:00Z,BE,90.84
2024-04-08T01:00Z,BE,91.99
2024-04-08T02:00Z,BE,96.82
2024-04-08T03:00Z,BE,103.94
2024-04-08T04:00Z,BE,118.38
2024-04-08T05:00Z,BE,115.62
2024-04-08T06:00Z,BE,108.96
2024-04-08T07:00Z,BE,109.78
2024-04-08T08:00Z,BE,108.48
2024-04-08T09:00Z,BE,104.36
2024-04-08T10:00Z,BE,102.47
2024-04-08T11:00Z,BE,97.0
2024-04-08T12:00Z,BE,101.36
2024-04-08T13:00Z,BE,105.76
2024-04-08T14:00Z,BE,112.55
2024-04-08T15:00Z,BE,121.95
2024-04-08T16:00Z,BE,125.45
2024-04-08T17:00Z,BE,121.21
2024-04-08T18:00Z,BE,117.2
2024-04-08T19:00Z,BE,116.19
2024-04-08T20:00Z,BE,110.84
2024-04-08T21:00Z,BE,103.76
2024-04-08T22:00Z,BE,97.17
2024-04-08T23:00Z,BE,92.99
2024-04-09T00:00Z,BE,90.72
2024-04-09T01:00Z,BE,94.87
2024-04-09T02:00Z,BE,94.26
2024-04-09T03:00Z,BE,100.53
2024-04-09T04:00Z,BE,113.85
2024-04-09T05:00Z,BE,116.48
2024-04-09T06:00Z,BE,111.19
2024-04-09T07:00Z,BE,105.62
2024-04-09T08:00Z,BE,97.63
2024-04-09T09:00Z,BE,88.25
2024-04-09T10:00Z,BE,82.73
2024-04-09T11:00Z,BE,82.15
2024-04-09T12:00Z,BE,84.66
2024-04-09T13:00Z,BE,24.27
2024-04-09T14:00Z,BE,95.47
2024-04-09T15:00Z,BE,111.25
2024-04-09T16:00Z,BE,115.76
2024-04-09T17:00Z,BE,115.41
2024-04-09T18:00Z,BE,110.79
2024-04-09T19:00Z,BE,107.93
2024-04-09T20:00Z,BE,103.9
2024-04-09T21:00Z,BE,97.65
2024-04-09T22:00Z,BE,84.02
2024-04-09T23:00Z,BE,84.46
2024-04-10T00:00Z,BE,83.84
2024-04-10T01:00Z,BE,18.58
2024-04-10T02:00Z,BE,40.4
2024-04-10T03:00Z,BE,79.46
2024-04-10T04:00Z,BE,92.48
2024-04-10T05:00Z,BE,84.09
2024-04-10T06:00Z,BE,77.14
2024-04-10T07:00Z,BE,81.65
2024-04-10T08:00Z,BE,11.09
2024-04-10T09:00Z,BE,26.22
2024-04-10T10:00Z,BE,23.57
2024-04-10T11:00Z,BE,18.05
2024-04-10T12:00Z,BE,15.32
2024-04-10T13:00Z,BE,21.89
2024-04-10T14:00Z,BE,40.38
2024-04-10T15:00Z,BE,34.14
2024-04-10T16:00Z,BE,30.7
2024-04-10T17:00Z,BE,77.55
2024-04-10T18:00Z,BE,61.38
2024-04-10T19:00Z,BE,24.26
2024-04-10T20:00Z,BE,22.98
2024-04-10T21:00Z,BE,73.82
2024-04-10T22:00Z,BE,18.96
2024-04-10T23:00Z,BE,22.35
2024-04-11T00:00Z,BE,21.61
2024-04-11T01:00Z,BE,21.6
2024-04-11T02:00Z,BE,15.33
2024-04-11T03:00Z,BE,46.13
2024-04-11T04:00Z,BE,95.21
2024-04-11T05:00Z,BE,104.15
2024-04-11T06:00Z,BE,2.59
2024-04-11T07:00Z,BE,29.96
2024-04-11T08:00Z,BE,27.87
2024-04-11T09:00Z,BE,-0.12
2024-04-11T10:00Z,BE,31.02
2024-04-11T11:00Z,BE,30.25
2024-04-11T12:00Z,BE,28.4
2024-04-11T13:00Z,BE,17.62
2024-04-11T14:00Z,BE,17.94
2024-04-11T15:00Z,BE,42.15
2024-04-11T16:00Z,BE,99.71
2024-04-11T17:00Z,BE,86.77
2024-04-11T18:00Z,BE,86.75
2024-04-11T19:00Z,BE,83.56
2024-04-11T20:00Z,BE,83.41
2024-04-11T21:00Z,BE,49.55
2024-04-11T22:00Z,BE,16.72
2024-04-11T23:00Z,BE,14.25
2024-04-12T00:00Z,BE,10.54
2024-04-12T01:00Z,BE,17.61
2024-04-12T02:00Z,BE,19.9
2024-04-12T03:00Z,BE,68.12
2024-04-12T04:00Z,BE,98.09
2024-04-12T05:00Z,BE,21.81
2024-04-12T06:00Z,BE,97.83
2024-04-12T07:00Z,BE,29.37
2024-04-12T08:00Z,BE,29.88
2024-04-12T09:00Z,BE,20.91
2024-04-12T10:00Z,BE,23.97
2024-04-12T11:00Z,BE,31.35
2024-04-12T12:00Z,BE,22.25
2024-04-12T13:00Z,BE,26.78
2024-04-12T14:00Z,BE,85.89
2024-04-12T15:00Z,BE,92.86
2024-04-12T16:00Z,BE,94.52
2024-04-12T17:00Z,BE,92.34
2024-04-12T18:00Z,BE,82.16
2024-04-12T19:00Z,BE,83.65
2024-04-12T20:00Z,BE,77.01
2024-04-12T21:00Z,BE,78.96
2024-04-12T22:00Z,BE,73.2
2024-04-12T23:00Z,BE,23.33
2024-04-13T00:00Z,BE,42.11
2024-04-13T01:00Z,BE,3.71
2024-04-13T02:00Z,BE,70.89
2024-04-13T03:00Z,BE,80.15
2024-04-13T04:00Z,BE,81.59
2024-04-13T05:00Z,BE,74.9
2024-04-13T06:00Z,BE,89.91
2024-04-13T07:00Z,BE,-0.28
2024-04-13T08:00Z,BE,37.49
2024-04-13T09:00Z,BE,27.91
2024-04-13T10:00Z,BE,21.69
2024-04-13T11:00Z,BE,16.72
2024-04-13T12:00Z,BE,16.99
2024-04-13T13:00Z,BE,26.12
2024-04-13T14:00Z,BE,30.85
2024-04-13T15:00Z,BE,28.13
2024-04-13T16:00Z,BE,85.37
2024-04-13T17:00Z,BE,87.69
2024-04-13T18:00Z,BE,86.71
2024-04-13T19:00Z,BE,86.7
2024-04-13T20:00Z,BE,84.43
2024-04-13T21:00Z,BE,82.34
2024-04-13T22:00Z,BE,68.48
2024-04-13T23:00Z,BE,65.72
2024-04-14T00:00Z,BE,84.05
2024-04-14T01:00Z,BE,86.38
2024-04-14T02:00Z,BE,83.93
2024-04-14T03:00Z,BE,72.39
2024-04-14T04:00Z,BE,70.72
2024-04-14T05:00Z,BE,17.96
2024-04-14T06:00Z,BE,-1.6
2024-04-14T07:00Z,BE,21.29
2024-04-14T08:00Z,BE,18.26
2024-04-14T09:00Z,BE,9.61
2024-04-14T10:00Z,BE,7.56
2024-04-14T11:00Z,BE,6.95
2024-04-14T12:00Z,BE,11.27
2024-04-14T13:00Z,BE,15.89
2024-04-14T14:00Z,BE,27.76
2024-04-14T15:00Z,BE,47.12
2024-04-14T16:00Z,BE,90.56
2024-04-14T17:00Z,BE,85.19
2024-04-14T18:00Z,BE,85.88
2024-04-14T19:00Z,BE,77.02
2024-04-14T20:00Z,BE,74.8
2024-04-14T21:00Z,BE,76.53
2024-04-14T22:00Z,BE,89.26
2024-04-14T23:00Z,BE,81.11
2024-04-15T00:00Z,BE,79.48
2024-04-15T01:00Z,BE,79.55
2024-04-15T02:00Z,BE,76.55
2024-04-15T03:00Z,BE,75.21
2024-04-15T04:00Z,BE,79.38
2024-04-15T05:00Z,BE,76.64
2024-04-15T06:00Z,BE,78.5
2024-04-15T07:00Z,BE,75.13
2024-04-15T08:00Z,BE,17.98
2024-04-15T09:00Z,BE,23.97
2024-04-15T10:00Z,BE,14.69
2024-04-15T11:00Z,BE,5.8
2024-04-15T12:00Z,BE,15.11
2024-04-15T13:00Z,BE,29.38
2024-04-15T14:00Z,BE,28.93
2024-04-15T15:00Z,BE,13.64
2024-04-15T16:00Z,BE,88.01
2024-04-15T17:00Z,BE,88.79
2024-04-15T18:00Z,BE,89.31
2024-04-15T19:00Z,BE,82.62
2024-04-15T20:00Z,BE,79.53
2024-04-15T21:00Z,BE,14.71
2024-04-15T22:00Z,BE,31.34
2024-04-15T23:00Z,BE,28.78
2024-04-16T00:00Z,BE,23.42
2024-04-16T01:00Z,BE,3.82
2024-04-16T02:00Z,BE,23.36
2024-04-16T03:00Z,BE,4.95
2024-04-16T04:00Z,BE,87.94
2024-04-16T05:00Z,BE,78.16
2024-04-16T06:00Z,BE,75.07
2024-04-16T07:00Z,BE,72.64
2024-04-16T08:00Z,BE,35.27
2024-04-16T09:00Z,BE,77.94
2024-04-16T10:00Z,BE,28.85
2024-04-16T11:00Z,BE,22.86
2024-04-16T12:00Z,BE,18.67
2024-04-16T13:00Z,BE,19.37
2024-04-16T14:00Z,BE,24.85
2024-04-16T15:00Z,BE,91.1
2024-04-16T16:00Z,BE,78.17
2024-04-16T17:00Z,BE,78.55
2024-04-16T18:00Z,BE,77.46
2024-04-16T19:00Z,BE,80.93
2024-04-16T20:00Z,BE,68.75
2024-04-16T21:00Z,BE,64.98
2024-04-16T22:00Z,BE,64.16
2024-04-16T23:00Z,BE,65.73
2024-04-17T00:00Z,BE,54.5
2024-04-17T01:00Z,BE,65.53
2024-04-17T02:00Z,BE,47.08
2024-04-17T03:00Z,BE,47.57
2024-04-17T04:00Z,BE,75.58
2024-04-17T05:00Z,BE,71.93
2024-04-17T06:00Z,BE,70.08
2024-04-17T07:00Z,BE,47.81
2024-04-17T08:00Z,BE,29.55
2024-04-17T09:00Z,BE,22.42
2024-04-17T10:00Z,BE,13.95
2024-04-17T11:00Z,BE,16.27
2024-04-17T12:00Z,BE,17.53
2024-04-17T13:00Z,BE,23.13
2024-04-17T14:00Z,BE,31.57
2024-04-17T15:00Z,BE,74.52
2024-04-17T16:00Z,BE,79.07
2024-04-17T17:00Z,BE,83.41
2024-04-17T18:00Z,BE,74.8
2024-04-17T19:00Z,BE,68.38
2024-04-17T20:00Z,BE,17.42
2024-04-17T21:00Z,BE,66.19
2024-04-17T22:00Z,BE,16.03
2024-04-17T23:00Z,BE,66.76
2024-04-18T00:00Z,BE,12.86
2024-04-18T01:00Z,BE,17.03
2024-04-18T02:00Z,BE,17.51
2024-04-18T03:00Z,BE,77.14
2024-04-18T04:00Z,BE,79.95
2024-04-18T05:00Z,BE,84.43
2024-04-18T06:00Z,BE,73.11
2024-04-18T07:00Z,BE,72.77
2024-04-18T08:00Z,BE,72.02
2024-04-18T09:00Z,BE,47.59
2024-04-18T10:00Z,BE,45.13
2024-04-18T11:00Z,BE,29.29
2024-04-18T12:00Z,BE,28.63
2024-04-18T13:00Z,BE,27.95
2024-04-18T14:00Z,BE,34.37
2024-04-18T15:00Z,BE,87.18
2024-04-18T16:00Z,BE,82.34
2024-04-18T17:00Z,BE,85.0
2024-04-18T18:00Z,BE,88.86
2024-04-18T19:00Z,BE,81.97
2024-04-18T20:00Z,BE,76.33
2024-04-18T21:00Z,BE,72.26
2024-04-18T22:00Z,BE,14.03
2024-04-18T23:00Z,BE,35.4
2024-04-19T00:00Z,BE,33.04
2024-04-19T01:00Z,BE,30.12
2024-04-19T02:00Z,BE,32.27
2024-04-19T03:00Z,BE,76.87
2024-04-19T04:00Z,BE,74.54
2024-04-19T05:00Z,BE,90.18
2024-04-19T06:00Z,BE,81.6
2024-04-19T07:00Z,BE,84.23
2024-04-19T08:00Z,BE,82.29
2024-04-19T09:00Z,BE,77.43
2024-04-19T10:00Z,BE,78.79
2024-04-19T11:00Z,BE,65.76
2024-04-19T12:00Z,BE,73.86
2024-04-19T13:00Z,BE,87.74
2024-04-19T14:00Z,BE,88.85
2024-04-19T15:00Z,BE,88.79
2024-04-19T16:00Z,BE,100.96
2024-04-19T17:00Z,BE,90.08
2024-04-19T18:00Z,BE,97.17
2024-04-19T19:00Z,BE,90.69
2024-04-19T20:00Z,BE,81.27
2024-04-19T21:00Z,BE,77.2
2024-04-19T22:00Z,BE,80.92
2024-04-19T23:00Z,BE,19.23
2024-04-20T00:00Z,BE,77.13
2024-04-20T01:00Z,BE,69.75
2024-04-20T02:00Z,BE,78.57
2024-04-20T03:00Z,BE,73.55
2024-04-20T04:00Z,BE,69.63
2024-04-20T05:00Z,BE,18.54
2024-04-20T06:00Z,BE,44.42
2024-04-20T07:00Z,BE,30.83
2024-04-20T08:00Z,BE,25.88
2024-04-20T09:00Z,BE,28.23
2024-04-20T10:00Z,BE,27.44
2024-04-20T11:00Z,BE,30.49
2024-04-20T12:00Z,BE,24.14
2024-04-20T13:00Z,BE,16.99
2024-04-20T14:00Z,BE,23.33
2024-04-20T15:00Z,BE,35.85
2024-04-20T16:00Z,BE,42.53
2024-04-20T17:00Z,BE,44.49
2024-04-20T18:00Z,BE,10.66
2024-04-20T19:00Z,BE,-1.34
2024-04-20T20:00Z,BE,0.06
2024-04-20T21:00Z,BE,24.18
2024-04-20T22:00Z,BE,22.3
2024-04-20T23:00Z,BE,23.96
2024-04-21T00:00Z,BE,25.92
2024-04-21T01:00Z,BE,14.01
2024-04-21T02:00Z,BE,25.22
2024-04-21T03:00Z,BE,28.09
2024-04-21T04:00Z,BE,32.05
2024-04-21T05:00Z,BE,93.65
2024-04-21T06:00Z,BE,26.88
2024-04-21T07:00Z,BE,10.23
2024-04-21T08:00Z,BE,26.44
2024-04-21T09:00Z,BE,18.88
2024-04-21T10:00Z,BE,13.09
2024-04-21T11:00Z,BE,10.38
2024-04-21T12:00Z,BE,16.39
2024-04-21T13:00Z,BE,21.87
2024-04-21T14:00Z,BE,33.72
2024-04-21T15:00Z,BE,40.1
2024-04-21T16:00Z,BE,45.92
2024-04-21T17:00Z,BE,14.72
2024-04-21T18:00Z,BE,90.97
2024-04-21T19:00Z,BE,39.72
2024-04-21T20:00Z,BE,40.42
2024-04-21T21:00Z,BE,34.67
2024-04-21T22:00Z,BE,90.71
2024-04-21T23:00Z,BE,75.96
2024-04-22T00:00Z,BE,30.2
2024-04-22T01:00Z,BE,80.48
2024-04-22T02:00Z,BE,74.31
2024-04-22T03:00Z,BE,76.26
2024-04-22T04:00Z,BE,90.88
2024-04-22T05:00Z,BE,88.92
2024-04-22T06:00Z,BE,80.15
2024-04-22T07:00Z,BE,93.55
2024-04-22T08:00Z,BE,84.82
2024-04-22T09:00Z,BE,81.4
2024-04-22T10:00Z,BE,81.17
2024-04-22T11:00Z,BE,76.53
2024-04-22T12:00Z,BE,76.65
2024-04-22T13:00Z,BE,80.62
2024-04-22T14:00Z,BE,91.35
2024-04-22T15:00Z,BE,105.71
2024-04-22T16:00Z,BE,101.38
2024-04-22T17:00Z,BE,105.33
2024-04-22T18:00Z,BE,103.29
2024-04-22T19:00Z,BE,94.13
2024-04-22T20:00Z,BE,97.23
2024-04-22T21:00Z,BE,91.97
2024-04-22T22:00Z,BE,78.55
2024-04-22T23:00Z,BE,80.96
2024-04-23T00:00Z,BE,76.56
2024-04-23T01:00Z,BE,80.45
2024-04-23T02:00Z,BE,79.75
2024-04-23T03:00Z,BE,89.63
2024-04-23T04:00Z,BE,99.52
2024-04-23T05:00Z,BE,93.34
2024-04-23T06:00Z,BE,89.46
2024-04-23T07:00Z,BE,79.99
2024-04-23T08:00Z,BE,78.8
2024-04-23T09:00Z,BE,79.35
2024-04-23T10:00Z,BE,77.05
2024-04-23T11:00Z,BE,75.77
2024-04-23T12:00Z,BE,76.33
2024-04-23T13:00Z,BE,77.12
2024-04-23T14:00Z,BE,80.88
2024-04-23T15:00Z,BE,86.8
2024-04-23T16:00Z,BE,87.25
2024-04-23T17:00Z,BE,83.63
2024-04-23T18:00Z,BE,86.85
2024-04-23T19:00Z,BE,85.82
2024-04-23T20:00Z,BE,80.93
2024-04-23T21:00Z,BE,73.5
2024-04-23T22:00Z,BE,67.67
2024-04-23T23:00Z,BE,63.61
2024-04-24T00:00Z,BE,65.77
2024-04-24T01:00Z,BE,62.62
2024-04-24T02:00Z,BE,72.51
2024-04-24T03:00Z,BE,74.99
2024-04-24T04:00Z,BE,85.19
2024-04-24T05:00Z,BE,84.9
2024-04-24T06:00Z,BE,79.73
2024-04-24T07:00Z,BE,74.11
2024-04-24T08:00Z,BE,75.54
2024-04-24T09:00Z,BE,74.3
2024-04-24T10:00Z,BE,66.3
2024-04-24T11:00Z,BE,63.89
2024-04-24T12:00Z,BE,65.91
2024-04-24T13:00Z,BE,72.61
2024-04-24T14:00Z,BE,68.85
2024-04-24T15:00Z,BE,76.21
2024-04-24T16:00Z,BE,78.09
2024-04-24T17:00Z,BE,81.28
2024-04-24T18:00Z,BE,75.95
2024-04-24T19:00Z,BE,75.43
2024-04-24T20:00Z,BE,75.89
2024-04-24T21:00Z,BE,71.71
2024-04-24T22:00Z,BE,84.42
2024-04-24T23:00Z,BE,83.0
2024-04-25T00:00Z,BE,86.04
2024-04-25T01:00Z,BE,84.49
2024-04-25T02:00Z,BE,87.13
2024-04-25T03:00Z,BE,90.8
2024-04-25T04:00Z,BE,97.12
2024-04-25T05:00Z,BE,94.29
2024-04-25T06:00Z,BE,88.0
2024-04-25T07:00Z,BE,81.03
2024-04-25T08:00Z,BE,73.98
2024-04-25T09:00Z,BE,69.26
2024-04-25T10:00Z,BE,35.01
2024-04-25T11:00Z,BE,15.87
2024-04-25T12:00Z,BE,32.62
2024-04-25T13:00Z,BE,5.85
2024-04-25T14:00Z,BE,89.52
2024-04-25T15:00Z,BE,91.46
2024-04-25T16:00Z,BE,99.11
2024-04-25T17:00Z,BE,104.15
2024-04-25T18:00Z,BE,96.96
2024-04-25T19:00Z,BE,101.94
2024-04-25T20:00Z,BE,97.1
2024-04-25T21:00Z,BE,93.6
2024-04-25T22:00Z,BE,85.54
2024-04-25T23:00Z,BE,82.49
2024-04-26T00:00Z,BE,31.54
2024-04-26T01:00Z,BE,75.53
2024-04-26T02:00Z,BE,87.43
2024-04-26T03:00Z,BE,87.53
2024-04-26T04:00Z,BE,93.62
2024-04-26T05:00Z,BE,88.71
2024-04-26T06:00Z,BE,88.91
2024-04-26T07:00Z,BE,83.31
2024-04-26T08:00Z,BE,45.13
2024-04-26T09:00Z,BE,82.07
2024-04-26T10:00Z,BE,24.47
2024-04-26T11:00Z,BE,14.38
2024-04-26T12:00Z,BE,14.87
2024-04-26T13:00Z,BE,22.31
2024-04-26T14:00Z,BE,15.75
2024-04-26T15:00Z,BE,28.39
2024-04-26T16:00Z,BE,90.57
2024-04-26T17:00Z,BE,84.07
2024-04-26T18:00Z,BE,83.01
2024-04-26T19:00Z,BE,80.48
2024-04-26T20:00Z,BE,26.8
2024-04-26T21:00Z,BE,76.02
2024-04-26T22:00Z,BE,12.72
2024-04-26T23:00Z,BE,10.94
2024-04-27T00:00Z,BE,17.86
2024-04-27T01:00Z,BE,88.17
2024-04-27T02:00Z,BE,29.07
2024-04-27T03:00Z,BE,30.9
2024-04-27T04:00Z,BE,25.31
2024-04-27T05:00Z,BE,13.87
2024-04-27T06:00Z,BE,31.22
2024-04-27T07:00Z,BE,16.65
2024-04-27T08:00Z,BE,7.35
2024-04-27T09:00Z,BE,5.23
2024-04-27T10:00Z,BE,6.82
2024-04-27T11:00Z,BE,2.82
2024-04-27T12:00Z,BE,5.3
2024-04-27T13:00Z,BE,4.09
2024-04-27T14:00Z,BE,5.62
2024-04-27T15:00Z,BE,16.24
2024-04-27T16:00Z,BE,18.26
2024-04-27T17:00Z,BE,20.04
2024-04-27T18:00Z,BE,23.41
2024-04-27T19:00Z,BE,15.1
2024-04-27T20:00Z,BE,8.11
2024-04-27T21:00Z,BE,7.42
2024-04-27T22:00Z,BE,3.03
2024-04-27T23:00Z,BE,-0.1
2024-04-28T00:00Z,BE,-1.27
2024-04-28T01:00Z,BE,5.75
2024-04-28T02:00Z,BE,5.71
2024-04-28T03:00Z,BE,11.39
2024-04-28T04:00Z,BE,16.27
2024-04-28T05:00Z,BE,8.57
2024-04-28T06:00Z,BE,2.08
2024-04-28T07:00Z,BE,-1.17
2024-04-28T08:00Z,BE,-2.28
2024-04-28T09:00Z,BE,-4.74
2024-04-28T10:00Z,BE,-3.9
2024-04-28T11:00Z,BE,-4.76
2024-04-28T12:00Z,BE,-5.48
2024-04-28T13:00Z,BE,-3.41
2024-04-28T14:00Z,BE,-3.2
2024-04-28T15:00Z,BE,18.62
2024-04-28T16:00Z,BE,14.21
2024-04-28T17:00Z,BE,21.4
2024-04-28T18:00Z,BE,25.87
2024-04-28T19:00Z,BE,25.96
2024-04-28T20:00Z,BE,18.61
2024-04-28T21:00Z,BE,14.32
2024-04-28T22:00Z,BE,99.63
2024-04-28T23:00Z,BE,22.75
2024-04-29T00:00Z,BE,22.99
2024-04-29T01:00Z,BE,24.86
2024-04-29T02:00Z,BE,22.57
2024-04-29T03:00Z,BE,30.91
2024-04-29T04:00Z,BE,118.13
2024-04-29T05:00Z,BE,11.12
2024-04-29T06:00Z,BE,101.96
2024-04-29T07:00Z,BE,25.11
2024-04-29T08:00Z,BE,17.57
2024-04-29T09:00Z,BE,14.77
2024-04-29T10:00Z,BE,15.64
2024-04-29T11:00Z,BE,14.09
2024-04-29T12:00Z,BE,16.45
2024-04-29T13:00Z,BE,18.13
2024-04-29T14:00Z,BE,20.78
2024-04-29T15:00Z,BE,32.77
2024-04-29T16:00Z,BE,102.3
2024-04-29T17:00Z,BE,49.02
2024-04-29T18:00Z,BE,85.77
2024-04-29T19:00Z,BE,80.37
2024-04-29T20:00Z,BE,84.4
2024-04-29T21:00Z,BE,87.71
2024-04-29T22:00Z,BE,84.72
2024-04-29T23:00Z,BE,88.41
2024-04-30T00:00Z,BE,88.71
2024-04-30T01:00Z,BE,82.57
2024-04-30T02:00Z,BE,89.65
2024-04-30T03:00Z,BE,90.9
2024-04-30T04:00Z,BE,92.27
2024-04-30T05:00Z,BE,85.93
2024-04-30T06:00Z,BE,75.71
2024-04-30T07:00Z,BE,0.46
2024-04-30T08:00Z,BE,21.21
2024-04-30T09:00Z,BE,15.16
2024-04-30T10:00Z,BE,12.94
2024-04-30T11:00Z,BE,9.59
2024-04-30T12:00Z,BE,10.83
2024-04-30T13:00Z,BE,18.31
2024-04-30T14:00Z,BE,23.45
2024-04-30T15:00Z,BE,55.38
2024-04-30T16:00Z,BE,94.82
2024-04-30T17:00Z,BE,97.44
2024-04-30T18:00Z,BE,107.34
2024-04-30T19:00Z,BE,98.35
2024-04-30T20:00Z,BE,99.99
2024-04-30T21:00Z,BE,102.38
2024-04-30T22:00Z,BE,83.24
2024-04-30T23:00Z,BE,18.18
2024-05-01T00:00Z,BE,16.55
2024-05-01T01:00Z,BE,15.99
2024-05-01T02:00Z,BE,18.2
2024-05-01T03:00Z,BE,18.62
2024-05-01T04:00Z,BE,97.64
2024-05-01T05:00Z,BE,68.24
2024-05-01T06:00Z,BE,20.65
2024-05-01T07:00Z,BE,10.81
2024-05-01T08:00Z,BE,7.4
2024-05-01T09:00Z,BE,2.14
2024-05-01T10:00Z,BE,0.05
2024-05-01T11:00Z,BE,-1.18
2024-05-01T12:00Z,BE,0.58
2024-05-01T13:00Z,BE,7.98
2024-05-01T14:00Z,BE,13.87
2024-05-01T15:00Z,BE,19.14
2024-05-01T16:00Z,BE,29.65
2024-05-01T17:00Z,BE,33.25
2024-05-01T18:00Z,BE,93.14
2024-05-01T19:00Z,BE,81.0
2024-05-01T20:00Z,BE,80.5
2024-05-01T21:00Z,BE,22.33
2024-05-01T22:00Z,BE,24.23
2024-05-01T23:00Z,BE,84.63
2024-05-02T00:00Z,BE,18.39
2024-05-02T01:00Z,BE,18.75
2024-05-02T02:00Z,BE,89.42
2024-05-02T03:00Z,BE,98.92
2024-05-02T04:00Z,BE,95.53
2024-05-02T05:00Z,BE,90.29
2024-05-02T06:00Z,BE,86.52
2024-05-02T07:00Z,BE,18.38
2024-05-02T08:00Z,BE,36.24
2024-05-02T09:00Z,BE,26.74
2024-05-02T10:00Z,BE,14.43
2024-05-02T11:00Z,BE,10.2
2024-05-02T12:00Z,BE,14.75
2024-05-02T13:00Z,BE,12.06
2024-05-02T14:00Z,BE,28.42
2024-05-02T15:00Z,BE,50.36
2024-05-02T16:00Z,BE,25.68
2024-05-02T17:00Z,BE,96.95
2024-05-02T18:00Z,BE,18.19
2024-05-02T19:00Z,BE,16.8
2024-05-02T20:00Z,BE,96.94
2024-05-02T21:00Z,BE,34.36
2024-05-02T22:00Z,BE,31.96
2024-05-02T23:00Z,BE,30.69
2024-05-03T00:00Z,BE,28.41
2024-05-03T01:00Z,BE,31.74
2024-05-03T02:00Z,BE,21.77
2024-05-03T03:00Z,BE,43.38
2024-05-03T04:00Z,BE,109.72
2024-05-03T05:00Z,BE,107.81
2024-05-03T06:00Z,BE,15.21
2024-05-03T07:00Z,BE,56.82
2024-05-03T08:00Z,BE,35.45
2024-05-03T09:00Z,BE,26.71
2024-05-03T10:00Z,BE,1.04
2024-05-03T11:00Z,BE,20.62
2024-05-03T12:00Z,BE,20.43
2024-05-03T13:00Z,BE,15.14
2024-05-03T14:00Z,BE,32.57
2024-05-03T15:00Z,BE,8.03
2024-05-03T16:00Z,BE,24.83
2024-05-03T17:00Z,BE,97.49
2024-05-03T18:00Z,BE,102.39
2024-05-03T19:00Z,BE,85.96
2024-05-03T20:00Z,BE,83.29
2024-05-03T21:00Z,BE,-3.38
2024-05-03T22:00Z,BE,24.41
2024-05-03T23:00Z,BE,26.09
2024-05-04T00:00Z,BE,25.69
2024-05-04T01:00Z,BE,9.71
2024-05-04T02:00Z,BE,97.14
2024-05-04T03:00Z,BE,94.77
2024-05-04T04:00Z,BE,97.49
2024-05-04T05:00Z,BE,89.45
2024-05-04T06:00Z,BE,81.29
2024-05-04T07:00Z,BE,35.51
2024-05-04T08:00Z,BE,17.46
2024-05-04T09:00Z,BE,10.01
2024-05-04T10:00Z,BE,7.05
2024-05-04T11:00Z,BE,5.93
2024-05-04T12:00Z,BE,8.29
2024-05-04T13:00Z,BE,12.37
2024-05-04T14:00Z,BE,23.01
2024-05-04T15:00Z,BE,13.04
2024-05-04T16:00Z,BE,97.56
2024-05-04T17:00Z,BE,106.07
2024-05-04T18:00Z,BE,102.88
2024-05-04T19:00Z,BE,94.96
2024-05-04T20:00Z,BE,93.86
2024-05-04T21:00Z,BE,90.75
2024-05-04T22:00Z,BE,72.84
2024-05-04T23:00Z,BE,41.08
2024-05-05T00:00Z,BE,73.87
2024-05-05T01:00Z,BE,87.7
2024-05-05T02:00Z,BE,12.11
2024-05-05T03:00Z,BE,13.98
2024-05-05T04:00Z,BE,71.1
2024-05-05T05:00Z,BE,15.95
2024-05-05T06:00Z,BE,27.38
2024-05-05T07:00Z,BE,17.83
2024-05-05T08:00Z,BE,10.15
2024-05-05T09:00Z,BE,4.95
2024-05-05T10:00Z,BE,3.54
2024-05-05T11:00Z,BE,3.29
2024-05-05T12:00Z,BE,7.07
2024-05-05T13:00Z,BE,13.32
2024-05-05T14:00Z,BE,16.65
2024-05-05T15:00Z,BE,33.54
2024-05-05T16:00Z,BE,88.31
2024-05-05T17:00Z,BE,92.87
2024-05-05T18:00Z,BE,89.58
2024-05-05T19:00Z,BE,86.98
2024-05-05T20:00Z,BE,86.35
2024-05-05T21:00Z,BE,86.58
2024-05-05T22:00Z,BE,111.64
2024-05-05T23:00Z,BE,100.5
2024-05-06T00:00Z,BE,94.05
2024-05-06T01:00Z,BE,92.46
2024-05-06T02:00Z,BE,92.82
2024-05-06T03:00Z,BE,102.05
2024-05-06T04:00Z,BE,104.28
2024-05-06T05:00Z,BE,102.05
2024-05-06T06:00Z,BE,101.08
2024-05-06T07:00Z,BE,97.06
2024-05-06T08:00Z,BE,96.77
2024-05-06T09:00Z,BE,93.01
2024-05-06T10:00Z,BE,88.38
2024-05-06T11:00Z,BE,96.12
2024-05-06T12:00Z,BE,79.72
2024-05-06T13:00Z,BE,87.02
2024-05-06T14:00Z,BE,91.71
2024-05-06T15:00Z,BE,91.1
2024-05-06T16:00Z,BE,96.36
2024-05-06T17:00Z,BE,99.21
2024-05-06T18:00Z,BE,108.93
2024-05-06T19:00Z,BE,103.23
2024-05-06T20:00Z,BE,96.83
2024-05-06T21:00Z,BE,17.3
2024-05-06T22:00Z,BE,18.08
2024-05-06T23:00Z,BE,107.19
2024-05-07T00:00Z,BE,106.38
2024-05-07T01:00Z,BE,102.81
2024-05-07T02:00Z,BE,98.09
2024-05-07T03:00Z,BE,107.57
2024-05-07T04:00Z,BE,103.85
2024-05-07T05:00Z,BE,106.23
2024-05-07T06:00Z,BE,95.32
2024-05-07T07:00Z,BE,95.09
2024-05-07T08:00Z,BE,95.33
2024-05-07T09:00Z,BE,93.15
2024-05-07T10:00Z,BE,91.38
2024-05-07T11:00Z,BE,88.66
2024-05-07T12:00Z,BE,88.8
2024-05-07T13:00Z,BE,94.7
2024-05-07T14:00Z,BE,99.62
2024-05-07T15:00Z,BE,111.49
2024-05-07T16:00Z,BE,110.31
2024-05-07T17:00Z,BE,114.16
2024-05-07T18:00Z,BE,109.55
2024-05-07T19:00Z,BE,104.14
2024-05-07T20:00Z,BE,98.93
2024-05-07T21:00Z,BE,93.54
2024-05-07T22:00Z,BE,88.03
2024-05-07T23:00Z,BE,88.69
2024-05-08T00:00Z,BE,79.22
2024-05-08T01:00Z,BE,89.19
2024-05-08T02:00Z,BE,93.2
2024-05-08T03:00Z,BE,98.4
2024-05-08T04:00Z,BE,106.41
2024-05-08T05:00Z,BE,100.72
2024-05-08T06:00Z,BE,102.31
2024-05-08T07:00Z,BE,101.87
2024-05-08T08:00Z,BE,96.91
2024-05-08T09:00Z,BE,-2.0
2024-05-08T10:00Z,BE,19.6
2024-05-08T11:00Z,BE,17.71
2024-05-08T12:00Z,BE,18.69
2024-05-08T13:00Z,BE,20.54
2024-05-08T14:00Z,BE,102.98
2024-05-08T15:00Z,BE,103.4
2024-05-08T16:00Z,BE,105.38
2024-05-08T17:00Z,BE,115.79
2024-05-08T18:00Z,BE,113.81
2024-05-08T19:00Z,BE,113.15
2024-05-08T20:00Z,BE,102.82
2024-05-08T21:00Z,BE,100.31
2024-05-08T22:00Z,BE,99.41
2024-05-08T23:00Z,BE,102.1
2024-05-09T00:00Z,BE,97.0
2024-05-09T01:00Z,BE,97.15
2024-05-09T02:00Z,BE,29.32
2024-05-09T03:00Z,BE,98.54
2024-05-09T04:00Z,BE,107.55
2024-05-09T05:00Z,BE,97.72
2024-05-09T06:00Z,BE,96.27
2024-05-09T07:00Z,BE,100.48
2024-05-09T08:00Z,BE,27.67
2024-05-09T09:00Z,BE,23.61
2024-05-09T10:00Z,BE,14.67
2024-05-09T11:00Z,BE,13.5
2024-05-09T12:00Z,BE,17.74
2024-05-09T13:00Z,BE,19.11
2024-05-09T14:00Z,BE,19.22
2024-05-09T15:00Z,BE,32.73
2024-05-09T16:00Z,BE,86.28
2024-05-09T17:00Z,BE,98.57
2024-05-09T18:00Z,BE,104.22
2024-05-09T19:00Z,BE,102.18
2024-05-09T20:00Z,BE,100.02
2024-05-09T21:00Z,BE,98.48
2024-05-09T22:00Z,BE,101.26
2024-05-09T23:00Z,BE,90.88
2024-05-10T00:00Z,BE,84.82
2024-05-10T01:00Z,BE,87.06
2024-05-10T02:00Z,BE,83.67
2024-05-10T03:00Z,BE,84.75
2024-05-10T04:00Z,BE,87.08
2024-05-10T05:00Z,BE,85.97
2024-05-10T06:00Z,BE,75.68
2024-05-10T07:00Z,BE,38.32
2024-05-10T08:00Z,BE,37.87
2024-05-10T09:00Z,BE,29.46
2024-05-10T10:00Z,BE,14.97
2024-05-10T11:00Z,BE,14.43
2024-05-10T12:00Z,BE,13.21
2024-05-10T13:00Z,BE,12.9
2024-05-10T14:00Z,BE,8.24
2024-05-10T15:00Z,BE,94.87
2024-05-10T16:00Z,BE,97.93
2024-05-10T17:00Z,BE,91.44
2024-05-10T18:00Z,BE,86.02
2024-05-10T19:00Z,BE,90.35
2024-05-10T20:00Z,BE,90.66
2024-05-10T21:00Z,BE,19.7
2024-05-10T22:00Z,BE,18.54
2024-05-10T23:00Z,BE,25.55
2024-05-11T00:00Z,BE,19.3
2024-05-11T01:00Z,BE,20.84
2024-05-11T02:00Z,BE,21.34
2024-05-11T03:00Z,BE,37.01
2024-05-11T04:00Z,BE,5.31
2024-05-11T05:00Z,BE,48.52
2024-05-11T06:00Z,BE,10.87
2024-05-11T07:00Z,BE,8.56
2024-05-11T08:00Z,BE,19.99
2024-05-11T09:00Z,BE,16.67
2024-05-11T10:00Z,BE,10.53
2024-05-11T11:00Z,BE,11.0
2024-05-11T12:00Z,BE,10.22
2024-05-11T13:00Z,BE,9.55
2024-05-11T14:00Z,BE,14.85
2024-05-11T15:00Z,BE,22.78
2024-05-11T16:00Z,BE,44.59
2024-05-11T17:00Z,BE,43.1
2024-05-11T18:00Z,BE,91.81
2024-05-11T19:00Z,BE,90.1
2024-05-11T20:00Z,BE,14.56
2024-05-11T21:00Z,BE,88.64
2024-05-11T22:00Z,BE,26.69
2024-05-11T23:00Z,BE,21.88
2024-05-12T00:00Z,BE,25.43
2024-05-12T01:00Z,BE,52.2
2024-05-12T02:00Z,BE,27.52
2024-05-12T03:00Z,BE,93.19
2024-05-12T04:00Z,BE,89.03
2024-05-12T05:00Z,BE,83.36
2024-05-12T06:00Z,BE,36.63
2024-05-12T07:00Z,BE,26.83
2024-05-12T08:00Z,BE,20.99
2024-05-12T09:00Z,BE,18.2
2024-05-12T10:00Z,BE,12.04
2024-05-12T11:00Z,BE,3.69
2024-05-12T12:00Z,BE,1.22
2024-05-12T13:00Z,BE,7.42
2024-05-12T14:00Z,BE,4.82
2024-05-12T15:00Z,BE,16.59
2024-05-12T16:00Z,BE,8.0
2024-05-12T17:00Z,BE,87.89
2024-05-12T18:00Z,BE,91.55
2024-05-12T19:00Z,BE,85.25
2024-05-12T20:00Z,BE,89.68
2024-05-12T21:00Z,BE,86.86
2024-05-12T22:00Z,BE,88.68
2024-05-12T23:00Z,BE,89.33
2024-05-13T00:00Z,BE,83.15
2024-05-13T01:00Z,BE,82.99
2024-05-13T02:00Z,BE,83.96
2024-05-13T03:00Z,BE,87.96
2024-05-13T04:00Z,BE,99.34
2024-05-13T05:00Z,BE,88.14
2024-05-13T06:00Z,BE,92.02
2024-05-13T07:00Z,BE,95.41
2024-05-13T08:00Z,BE,92.96
2024-05-13T09:00Z,BE,89.06
2024-05-13T10:00Z,BE,85.18
2024-05-13T11:00Z,BE,30.79
2024-05-13T12:00Z,BE,34.69
2024-05-13T13:00Z,BE,41.21
2024-05-13T14:00Z,BE,73.15
2024-05-13T15:00Z,BE,80.01
2024-05-13T16:00Z,BE,84.29
2024-05-13T17:00Z,BE,82.13
2024-05-13T18:00Z,BE,54.38
2024-05-13T19:00Z,BE,78.3
2024-05-13T20:00Z,BE,48.62
2024-05-13T21:00Z,BE,37.42
2024-05-13T22:00Z,BE,36.87
2024-05-13T23:00Z,BE,32.53
2024-05-14T00:00Z,BE,-4.72
2024-05-14T01:00Z,BE,26.35
2024-05-14T02:00Z,BE,25.47
2024-05-14T03:00Z,BE,39.06
2024-05-14T04:00Z,BE,106.99
2024-05-14T05:00Z,BE,19.08
2024-05-14T06:00Z,BE,9.07
2024-05-14T07:00Z,BE,21.57
2024-05-14T08:00Z,BE,8.43
2024-05-14T09:00Z,BE,4.55
2024-05-14T10:00Z,BE,6.34
2024-05-14T11:00Z,BE,4.17
2024-05-14T12:00Z,BE,8.88
2024-05-14T13:00Z,BE,6.85
2024-05-14T14:00Z,BE,15.72
2024-05-14T15:00Z,BE,24.6
2024-05-14T16:00Z,BE,40.81
2024-05-14T17:00Z,BE,66.69
2024-05-14T18:00Z,BE,20.22
2024-05-14T19:00Z,BE,98.52
2024-05-14T20:00Z,BE,71.75
2024-05-14T21:00Z,BE,16.72
2024-05-14T22:00Z,BE,36.71
2024-05-14T23:00Z,BE,104.23
2024-05-15T00:00Z,BE,31.6
2024-05-15T01:00Z,BE,31.22
2024-05-15T02:00Z,BE,32.58
2024-05-15T03:00Z,BE,35.96
2024-05-15T04:00Z,BE,99.36
2024-05-15T05:00Z,BE,19.01
2024-05-15T06:00Z,BE,69.51
2024-05-15T07:00Z,BE,36.19
2024-05-15T08:00Z,BE,15.34
2024-05-15T09:00Z,BE,9.3
2024-05-15T10:00Z,BE,10.63
2024-05-15T11:00Z,BE,10.71
2024-05-15T12:00Z,BE,15.37
2024-05-15T13:00Z,BE,22.35
2024-05-15T14:00Z,BE,32.08
2024-05-15T15:00Z,BE,59.19
2024-05-15T16:00Z,BE,104.82
2024-05-15T17:00Z,BE,109.97
2024-05-15T18:00Z,BE,124.71
2024-05-15T19:00Z,BE,113.03
2024-05-15T20:00Z,BE,108.3
2024-05-15T21:00Z,BE,101.56
2024-05-15T22:00Z,BE,79.48
2024-05-15T23:00Z,BE,81.59
2024-05-16T00:00Z,BE,79.14
2024-05-16T01:00Z,BE,80.15
2024-05-16T02:00Z,BE,81.0
2024-05-16T03:00Z,BE,90.46
2024-05-16T04:00Z,BE,74.02
2024-05-16T05:00Z,BE,99.55
2024-05-16T06:00Z,BE,90.51
2024-05-16T07:00Z,BE,88.44
2024-05-16T08:00Z,BE,16.55
2024-05-16T09:00Z,BE,5.95
2024-05-16T10:00Z,BE,4.9
2024-05-16T11:00Z,BE,1.3
2024-05-16T12:00Z,BE,2.23
2024-05-16T13:00Z,BE,9.81
2024-05-16T14:00Z,BE,13.68
2024-05-16T15:00Z,BE,37.86
2024-05-16T16:00Z,BE,24.81
2024-05-16T17:00Z,BE,98.0
2024-05-16T18:00Z,BE,110.11
2024-05-16T19:00Z,BE,103.52
2024-05-16T20:00Z,BE,94.43
2024-05-16T21:00Z,BE,93.96
2024-05-16T22:00Z,BE,93.3
2024-05-16T23:00Z,BE,15.01
2024-05-17T00:00Z,BE,14.92
2024-05-17T01:00Z,BE,14.91
2024-05-17T02:00Z,BE,14.7
2024-05-17T03:00Z,BE,81.55
2024-05-17T04:00Z,BE,82.2
2024-05-17T05:00Z,BE,65.83
2024-05-17T06:00Z,BE,0.24
2024-05-17T07:00Z,BE,17.03
2024-05-17T08:00Z,BE,12.9
2024-05-17T09:00Z,BE,10.76
2024-05-17T10:00Z,BE,4.94
2024-05-17T11:00Z,BE,10.81
2024-05-17T12:00Z,BE,5.09
2024-05-17T13:00Z,BE,5.12
2024-05-17T14:00Z,BE,13.32
2024-05-17T15:00Z,BE,35.19
2024-05-17T16:00Z,BE,85.52
2024-05-17T17:00Z,BE,91.6
2024-05-17T18:00Z,BE,98.95
2024-05-17T19:00Z,BE,97.67
2024-05-17T20:00Z,BE,99.22
2024-05-17T21:00Z,BE,88.6
2024-05-17T22:00Z,BE,89.41
2024-05-17T23:00Z,BE,95.36
2024-05-18T00:00Z,BE,94.32
2024-05-18T01:00Z,BE,90.49
2024-05-18T02:00Z,BE,91.41
2024-05-18T03:00Z,BE,97.82
2024-05-18T04:00Z,BE,94.53
2024-05-18T05:00Z,BE,90.96
2024-05-18T06:00Z,BE,40.65
2024-05-18T07:00Z,BE,15.73
2024-05-18T08:00Z,BE,6.57
2024-05-18T09:00Z,BE,3.62
2024-05-18T10:00Z,BE,5.4
2024-05-18T11:00Z,BE,2.87
2024-05-18T12:00Z,BE,2.43
2024-05-18T13:00Z,BE,12.67
2024-05-18T14:00Z,BE,13.94
2024-05-18T15:00Z,BE,33.74
2024-05-18T16:00Z,BE,114.52
2024-05-18T17:00Z,BE,115.94
2024-05-18T18:00Z,BE,118.47
2024-05-18T19:00Z,BE,114.33
2024-05-18T20:00Z,BE,108.65
2024-05-18T21:00Z,BE,105.38
2024-05-18T22:00Z,BE,103.06
2024-05-18T23:00Z,BE,100.81
2024-05-19T00:00Z,BE,101.64
2024-05-19T01:00Z,BE,99.23
2024-05-19T02:00Z,BE,100.16
2024-05-19T03:00Z,BE,101.65
2024-05-19T04:00Z,BE,98.0
2024-05-19T05:00Z,BE,63.17
2024-05-19T06:00Z,BE,20.47
2024-05-19T07:00Z,BE,8.97
2024-05-19T08:00Z,BE,5.21
2024-05-19T09:00Z,BE,3.57
2024-05-19T10:00Z,BE,0.5
2024-05-19T11:00Z,BE,-0.46
2024-05-19T12:00Z,BE,-0.13
2024-05-19T13:00Z,BE,6.81
2024-05-19T14:00Z,BE,10.26
2024-05-19T15:00Z,BE,17.75
2024-05-19T16:00Z,BE,34.34
2024-05-19T17:00Z,BE,95.66
2024-05-19T18:00Z,BE,105.04
2024-05-19T19:00Z,BE,102.97
2024-05-19T20:00Z,BE,98.39
2024-05-19T21:00Z,BE,99.66
2024-05-19T22:00Z,BE,81.89
2024-05-19T23:00Z,BE,80.9
2024-05-20T00:00Z,BE,77.8
2024-05-20T01:00Z,BE,77.6
2024-05-20T02:00Z,BE,80.69
2024-05-20T03:00Z,BE,80.45
2024-05-20T04:00Z,BE,80.27
2024-05-20T05:00Z,BE,76.32
2024-05-20T06:00Z,BE,16.96
2024-05-20T07:00Z,BE,11.71
2024-05-20T08:00Z,BE,8.03
2024-05-20T09:00Z,BE,7.6
2024-05-20T10:00Z,BE,3.08
2024-05-20T11:00Z,BE,3.11
2024-05-20T12:00Z,BE,4.78
2024-05-20T13:00Z,BE,9.27
2024-05-20T14:00Z,BE,12.67
2024-05-20T15:00Z,BE,19.82
2024-05-20T16:00Z,BE,32.37
2024-05-20T17:00Z,BE,54.93
2024-05-20T18:00Z,BE,85.83
2024-05-20T19:00Z,BE,77.76
2024-05-20T20:00Z,BE,70.97
2024-05-20T21:00Z,BE,58.5
2024-05-20T22:00Z,BE,84.29
2024-05-20T23:00Z,BE,22.32
2024-05-21T00:00Z,BE,84.16
2024-05-21T01:00Z,BE,28.21
2024-05-21T02:00Z,BE,49.55
2024-05-21T03:00Z,BE,82.55
2024-05-21T04:00Z,BE,84.09
2024-05-21T05:00Z,BE,79.81
2024-05-21T06:00Z,BE,59.12
2024-05-21T07:00Z,BE,41.75
2024-05-21T08:00Z,BE,15.75
2024-05-21T09:00Z,BE,13.68
2024-05-21T10:00Z,BE,14.29
2024-05-21T11:00Z,BE,13.84
2024-05-21T12:00Z,BE,12.48
2024-05-21T13:00Z,BE,18.35
2024-05-21T14:00Z,BE,36.18
2024-05-21T15:00Z,BE,93.2
2024-05-21T16:00Z,BE,94.82
2024-05-21T17:00Z,BE,101.46
2024-05-21T18:00Z,BE,104.67
2024-05-21T19:00Z,BE,104.77
2024-05-21T20:00Z,BE,98.17
2024-05-21T21:00Z,BE,96.12
2024-05-21T22:00Z,BE,81.38
2024-05-21T23:00Z,BE,74.07
2024-05-22T00:00Z,BE,75.39
2024-05-22T01:00Z,BE,79.26
2024-05-22T02:00Z,BE,81.9
2024-05-22T03:00Z,BE,88.23
2024-05-22T04:00Z,BE,92.68
2024-05-22T05:00Z,BE,88.67
2024-05-22T06:00Z,BE,84.01
2024-05-22T07:00Z,BE,75.14
2024-05-22T08:00Z,BE,95.11
2024-05-22T09:00Z,BE,21.55
2024-05-22T10:00Z,BE,1.45
2024-05-22T11:00Z,BE,13.1
2024-05-22T12:00Z,BE,17.26
2024-05-22T13:00Z,BE,18.21
2024-05-22T14:00Z,BE,30.73
2024-05-22T15:00Z,BE,87.0
2024-05-22T16:00Z,BE,85.45
2024-05-22T17:00Z,BE,92.81
2024-05-22T18:00Z,BE,85.69
2024-05-22T19:00Z,BE,88.24
2024-05-22T20:00Z,BE,80.42
2024-05-22T21:00Z,BE,78.16
2024-05-22T22:00Z,BE,76.71
2024-05-22T23:00Z,BE,78.56
2024-05-23T00:00Z,BE,79.69
2024-05-23T01:00Z,BE,83.75
2024-05-23T02:00Z,BE,85.17
2024-05-23T03:00Z,BE,94.21
2024-05-23T04:00Z,BE,92.08
2024-05-23T05:00Z,BE,94.34
2024-05-23T06:00Z,BE,91.53
2024-05-23T07:00Z,BE,91.76
2024-05-23T08:00Z,BE,85.47
2024-05-23T09:00Z,BE,80.56
2024-05-23T10:00Z,BE,82.41
2024-05-23T11:00Z,BE,81.9
2024-05-23T12:00Z,BE,91.1
2024-05-23T13:00Z,BE,92.52
2024-05-23T14:00Z,BE,89.48
2024-05-23T15:00Z,BE,93.78
2024-05-23T16:00Z,BE,92.91
2024-05-23T17:00Z,BE,101.91
2024-05-23T18:00Z,BE,96.75
2024-05-23T19:00Z,BE,101.48
2024-05-23T20:00Z,BE,95.52
2024-05-23T21:00Z,BE,91.31
2024-05-23T22:00Z,BE,93.98
2024-05-23T23:00Z,BE,90.41
2024-05-24T00:00Z,BE,89.23
2024-05-24T01:00Z,BE,91.68
2024-05-24T02:00Z,BE,2.91
2024-05-24T03:00Z,BE,96.79
2024-05-24T04:00Z,BE,99.8
2024-05-24T05:00Z,BE,98.39
2024-05-24T06:00Z,BE,91.81
2024-05-24T07:00Z,BE,87.47
2024-05-24T08:00Z,BE,83.63
2024-05-24T09:00Z,BE,73.51
2024-05-24T10:00Z,BE,42.9
2024-05-24T11:00Z,BE,35.34
2024-05-24T12:00Z,BE,7.51
2024-05-24T13:00Z,BE,36.34
2024-05-24T14:00Z,BE,18.83
2024-05-24T15:00Z,BE,96.18
2024-05-24T16:00Z,BE,96.07
2024-05-24T17:00Z,BE,100.4
2024-05-24T18:00Z,BE,109.63
2024-05-24T19:00Z,BE,102.98
2024-05-24T20:00Z,BE,99.77
2024-05-24T21:00Z,BE,93.48
2024-05-24T22:00Z,BE,16.89
2024-05-24T23:00Z,BE,88.6
2024-05-25T00:00Z,BE,19.31
2024-05-25T01:00Z,BE,87.21
2024-05-25T02:00Z,BE,97.89
2024-05-25T03:00Z,BE,21.79
2024-05-25T04:00Z,BE,23.3
2024-05-25T05:00Z,BE,32.45
2024-05-25T06:00Z,BE,103.09
2024-05-25T07:00Z,BE,23.74
2024-05-25T08:00Z,BE,6.65
2024-05-25T09:00Z,BE,3.37
2024-05-25T10:00Z,BE,1.76
2024-05-25T11:00Z,BE,1.52
2024-05-25T12:00Z,BE,8.06
2024-05-25T13:00Z,BE,8.03
2024-05-25T14:00Z,BE,13.87
2024-05-25T15:00Z,BE,21.5
2024-05-25T16:00Z,BE,37.87
2024-05-25T17:00Z,BE,101.74
2024-05-25T18:00Z,BE,103.56
2024-05-25T19:00Z,BE,100.36
2024-05-25T20:00Z,BE,100.46
2024-05-25T21:00Z,BE,97.32
2024-05-25T22:00Z,BE,93.94
2024-05-25T23:00Z,BE,90.52
2024-05-26T00:00Z,BE,88.77
2024-05-26T01:00Z,BE,88.21
2024-05-26T02:00Z,BE,88.33
2024-05-26T03:00Z,BE,87.41
2024-05-26T04:00Z,BE,90.89
2024-05-26T05:00Z,BE,82.74
2024-05-26T06:00Z,BE,21.5
2024-05-26T07:00Z,BE,9.47
2024-05-26T08:00Z,BE,5.28
2024-05-26T09:00Z,BE,2.79
2024-05-26T10:00Z,BE,-2.31
2024-05-26T11:00Z,BE,0.79
2024-05-26T12:00Z,BE,4.81
2024-05-26T13:00Z,BE,7.15
2024-05-26T14:00Z,BE,14.29
2024-05-26T15:00Z,BE,23.77
2024-05-26T16:00Z,BE,27.61
2024-05-26T17:00Z,BE,97.16
2024-05-26T18:00Z,BE,98.41
2024-05-26T19:00Z,BE,103.41
2024-05-26T20:00Z,BE,92.0
2024-05-26T21:00Z,BE,89.87
2024-05-26T22:00Z,BE,111.92
2024-05-26T23:00Z,BE,104.67
2024-05-27T00:00Z,BE,100.15
2024-05-27T01:00Z,BE,102.7
2024-05-27T02:00Z,BE,108.72
2024-05-27T03:00Z,BE,114.96
2024-05-27T04:00Z,BE,119.55
2024-05-27T05:00Z,BE,118.2
2024-05-27T06:00Z,BE,114.42
2024-05-27T07:00Z,BE,108.33
2024-05-27T08:00Z,BE,99.73
2024-05-27T09:00Z,BE,98.51
2024-05-27T10:00Z,BE,120.19
2024-05-27T11:00Z,BE,17.75
2024-05-27T12:00Z,BE,102.12
2024-05-27T13:00Z,BE,21.15
2024-05-27T14:00Z,BE,129.85
2024-05-27T15:00Z,BE,28.4
2024-05-27T16:00Z,BE,115.85
2024-05-27T17:00Z,BE,123.02
2024-05-27T18:00Z,BE,130.63
2024-05-27T19:00Z,BE,126.48
2024-05-27T20:00Z,BE,126.64
2024-05-27T21:00Z,BE,119.78
2024-05-27T22:00Z,BE,113.2
2024-05-27T23:00Z,BE,110.9
2024-05-28T00:00Z,BE,105.39
2024-05-28T01:00Z,BE,104.58
2024-05-28T02:00Z,BE,104.77
2024-05-28T03:00Z,BE,110.81
2024-05-28T04:00Z,BE,105.32
2024-05-28T05:00Z,BE,94.1
2024-05-28T06:00Z,BE,88.65
2024-05-28T07:00Z,BE,44.36
2024-05-28T08:00Z,BE,19.47
2024-05-28T09:00Z,BE,6.51
2024-05-28T10:00Z,BE,5.44
2024-05-28T11:00Z,BE,3.73
2024-05-28T12:00Z,BE,6.55
2024-05-28T13:00Z,BE,12.16
2024-05-28T14:00Z,BE,31.85
2024-05-28T15:00Z,BE,11.85
2024-05-28T16:00Z,BE,108.22
2024-05-28T17:00Z,BE,110.24
2024-05-28T18:00Z,BE,119.85
2024-05-28T19:00Z,BE,115.22
2024-05-28T20:00Z,BE,113.57
2024-05-28T21:00Z,BE,105.62
2024-05-28T22:00Z,BE,110.41
2024-05-28T23:00Z,BE,107.35
2024-05-29T00:00Z,BE,102.84
2024-05-29T01:00Z,BE,103.85
2024-05-29T02:00Z,BE,105.69
2024-05-29T03:00Z,BE,107.73
2024-05-29T04:00Z,BE,103.91
2024-05-29T05:00Z,BE,90.63
2024-05-29T06:00Z,BE,79.66
2024-05-29T07:00Z,BE,-0.53
2024-05-29T08:00Z,BE,28.78
2024-05-29T09:00Z,BE,13.19
2024-05-29T10:00Z,BE,12.49
2024-05-29T11:00Z,BE,9.56
2024-05-29T12:00Z,BE,10.74
2024-05-29T13:00Z,BE,14.45
2024-05-29T14:00Z,BE,23.29
2024-05-29T15:00Z,BE,11.86
2024-05-29T16:00Z,BE,115.77
2024-05-29T17:00Z,BE,120.79
2024-05-29T18:00Z,BE,121.56
2024-05-29T19:00Z,BE,128.49
2024-05-29T20:00Z,BE,118.27
2024-05-29T21:00Z,BE,113.03
2024-05-29T22:00Z,BE,102.53
2024-05-29T23:00Z,BE,102.71
2024-05-30T00:00Z,BE,103.77
2024-05-30T01:00Z,BE,98.19
2024-05-30T02:00Z,BE,100.31
2024-05-30T03:00Z,BE,111.11
2024-05-30T04:00Z,BE,107.26
2024-05-30T05:00Z,BE,104.38
2024-05-30T06:00Z,BE,88.72
2024-05-30T07:00Z,BE,65.92
2024-05-30T08:00Z,BE,30.39
2024-05-30T09:00Z,BE,10.95
2024-05-30T10:00Z,BE,5.38
2024-05-30T11:00Z,BE,3.98
2024-05-30T12:00Z,BE,5.81
2024-05-30T13:00Z,BE,14.57
2024-05-30T14:00Z,BE,26.77
2024-05-30T15:00Z,BE,23.78
2024-05-30T16:00Z,BE,107.46
2024-05-30T17:00Z,BE,112.73
2024-05-30T18:00Z,BE,113.59
2024-05-30T19:00Z,BE,113.88
2024-05-30T20:00Z,BE,107.3
2024-05-30T21:00Z,BE,103.96
2024-05-30T22:00Z,BE,97.37
2024-05-30T23:00Z,BE,91.58
2024-05-31T00:00Z,BE,94.54
2024-05-31T01:00Z,BE,95.48
2024-05-31T02:00Z,BE,99.8
2024-05-31T03:00Z,BE,106.39
2024-05-31T04:00Z,BE,101.09
2024-05-31T05:00Z,BE,122.28
2024-05-31T06:00Z,BE,17.99
2024-05-31T07:00Z,BE,83.03
2024-05-31T08:00Z,BE,26.52
2024-05-31T09:00Z,BE,16.69
2024-05-31T10:00Z,BE,12.34
2024-05-31T11:00Z,BE,12.55
2024-05-31T12:00Z,BE,13.4
2024-05-31T13:00Z,BE,19.33
2024-05-31T14:00Z,BE,6.07
2024-05-31T15:00Z,BE,25.16
2024-05-31T16:00Z,BE,108.14
2024-05-31T17:00Z,BE,115.93
2024-05-31T18:00Z,BE,115.69
2024-05-31T19:00Z,BE,116.99
2024-05-31T20:00Z,BE,108.25
2024-05-31T21:00Z,BE,103.97
2024-05-31T22:00Z,BE,94.1
2024-05-31T23:00Z,BE,89.26
2024-06-01T00:00Z,BE,89.81
2024-06-01T01:00Z,BE,92.34
2024-06-01T02:00Z,BE,95.71
2024-06-01T03:00Z,BE,97.37
2024-06-01T04:00Z,BE,94.36
2024-06-01T05:00Z,BE,92.47
2024-06-01T06:00Z,BE,14.04
2024-06-01T07:00Z,BE,15.51
2024-06-01T08:00Z,BE,31.78
2024-06-01T09:00Z,BE,21.34
2024-06-01T10:00Z,BE,17.3
2024-06-01T11:00Z,BE,15.39
2024-06-01T12:00Z,BE,18.92
2024-06-01T13:00Z,BE,22.27
2024-06-01T14:00Z,BE,2.19
2024-06-01T15:00Z,BE,29.39
2024-06-01T16:00Z,BE,99.62
2024-06-01T17:00Z,BE,95.09
2024-06-01T18:00Z,BE,96.91
2024-06-01T19:00Z,BE,94.85
2024-06-01T20:00Z,BE,95.45
2024-06-01T21:00Z,BE,99.57
2024-06-01T22:00Z,BE,18.03
2024-06-01T23:00Z,BE,17.01
2024-06-02T00:00Z,BE,15.49
2024-06-02T01:00Z,BE,18.18
2024-06-02T02:00Z,BE,96.61
2024-06-02T03:00Z,BE,95.25
2024-06-02T04:00Z,BE,20.67
2024-06-02T05:00Z,BE,89.57
2024-06-02T06:00Z,BE,18.08
2024-06-02T07:00Z,BE,29.13
2024-06-02T08:00Z,BE,19.26
2024-06-02T09:00Z,BE,10.65
2024-06-02T10:00Z,BE,4.49
2024-06-02T11:00Z,BE,4.05
2024-06-02T12:00Z,BE,4.48
2024-06-02T13:00Z,BE,9.75
2024-06-02T14:00Z,BE,15.2
2024-06-02T15:00Z,BE,108.85
2024-06-02T16:00Z,BE,25.07
2024-06-02T17:00Z,BE,104.93
2024-06-02T18:00Z,BE,108.89
2024-06-02T19:00Z,BE,111.97
2024-06-02T20:00Z,BE,106.02
2024-06-02T21:00Z,BE,104.76
2024-06-02T22:00Z,BE,125.46
2024-06-02T23:00Z,BE,121.49
2024-06-03T00:00Z,BE,119.35
2024-06-03T01:00Z,BE,119.49
2024-06-03T02:00Z,BE,118.93
2024-06-03T03:00Z,BE,121.09
2024-06-03T04:00Z,BE,119.41
2024-06-03T05:00Z,BE,116.03
2024-06-03T06:00Z,BE,104.96
2024-06-03T07:00Z,BE,102.95
2024-06-03T08:00Z,BE,19.52
2024-06-03T09:00Z,BE,41.92
2024-06-03T10:00Z,BE,23.18
2024-06-03T11:00Z,BE,19.9
2024-06-03T12:00Z,BE,22.01
2024-06-03T13:00Z,BE,30.67
2024-06-03T14:00Z,BE,36.03
2024-06-03T15:00Z,BE,129.29
2024-06-03T16:00Z,BE,111.31
2024-06-03T17:00Z,BE,119.67
2024-06-03T18:00Z,BE,119.25
2024-06-03T19:00Z,BE,119.92
2024-06-03T20:00Z,BE,117.41
2024-06-03T21:00Z,BE,109.08
2024-06-03T22:00Z,BE,99.2
2024-06-03T23:00Z,BE,96.47
2024-06-04T00:00Z,BE,97.78
2024-06-04T01:00Z,BE,102.67
2024-06-04T02:00Z,BE,100.78
2024-06-04T03:00Z,BE,104.13
2024-06-04T04:00Z,BE,107.06
2024-06-04T05:00Z,BE,102.89
2024-06-04T06:00Z,BE,93.28
2024-06-04T07:00Z,BE,70.45
2024-06-04T08:00Z,BE,36.74
2024-06-04T09:00Z,BE,22.71
2024-06-04T10:00Z,BE,14.17
2024-06-04T11:00Z,BE,9.95
2024-06-04T12:00Z,BE,9.08
2024-06-04T13:00Z,BE,20.19
2024-06-04T14:00Z,BE,34.33
2024-06-04T15:00Z,BE,109.56
2024-06-04T16:00Z,BE,100.9
2024-06-04T17:00Z,BE,108.76
2024-06-04T18:00Z,BE,117.75
2024-06-04T19:00Z,BE,118.06
2024-06-04T20:00Z,BE,109.07
2024-06-04T21:00Z,BE,104.72
2024-06-04T22:00Z,BE,99.49
2024-06-04T23:00Z,BE,96.22
2024-06-05T00:00Z,BE,96.3
2024-06-05T01:00Z,BE,93.76
2024-06-05T02:00Z,BE,91.29
2024-06-05T03:00Z,BE,100.36
2024-06-05T04:00Z,BE,98.05
2024-06-05T05:00Z,BE,17.33
2024-06-05T06:00Z,BE,77.7
2024-06-05T07:00Z,BE,56.62
2024-06-05T08:00Z,BE,31.05
2024-06-05T09:00Z,BE,17.2
2024-06-05T10:00Z,BE,9.66
2024-06-05T11:00Z,BE,6.82
2024-06-05T12:00Z,BE,8.6
2024-06-05T13:00Z,BE,10.34
2024-06-05T14:00Z,BE,15.56
2024-06-05T15:00Z,BE,51.54
2024-06-05T16:00Z,BE,108.28
2024-06-05T17:00Z,BE,115.55
2024-06-05T18:00Z,BE,114.02
2024-06-05T19:00Z,BE,112.36
2024-06-05T20:00Z,BE,106.38
2024-06-05T21:00Z,BE,103.59
2024-06-05T22:00Z,BE,101.84
2024-06-05T23:00Z,BE,99.4
2024-06-06T00:00Z,BE,97.64
2024-06-06T01:00Z,BE,98.04
2024-06-06T02:00Z,BE,95.74
2024-06-06T03:00Z,BE,101.88
2024-06-06T04:00Z,BE,101.35
2024-06-06T05:00Z,BE,96.03
2024-06-06T06:00Z,BE,87.64
2024-06-06T07:00Z,BE,13.73
2024-06-06T08:00Z,BE,96.88
2024-06-06T09:00Z,BE,27.15
2024-06-06T10:00Z,BE,24.19
2024-06-06T11:00Z,BE,21.6
2024-06-06T12:00Z,BE,20.95
2024-06-06T13:00Z,BE,19.11
2024-06-06T14:00Z,BE,13.24
2024-06-06T15:00Z,BE,110.43
2024-06-06T16:00Z,BE,95.79
2024-06-06T17:00Z,BE,98.23
2024-06-06T18:00Z,BE,100.33
2024-06-06T19:00Z,BE,103.96
2024-06-06T20:00Z,BE,101.74
2024-06-06T21:00Z,BE,90.36
2024-06-06T22:00Z,BE,85.96
2024-06-06T23:00Z,BE,86.34
2024-06-07T00:00Z,BE,85.91
2024-06-07T01:00Z,BE,85.13
2024-06-07T02:00Z,BE,87.06
2024-06-07T03:00Z,BE,94.4
2024-06-07T04:00Z,BE,95.45
2024-06-07T05:00Z,BE,92.44
2024-06-07T06:00Z,BE,91.74
2024-06-07T07:00Z,BE,88.79
2024-06-07T08:00Z,BE,87.57
2024-06-07T09:00Z,BE,79.34
2024-06-07T10:00Z,BE,96.61
2024-06-07T11:00Z,BE,3.4
2024-06-07T12:00Z,BE,16.84
2024-06-07T13:00Z,BE,5.53
2024-06-07T14:00Z,BE,72.84
2024-06-07T15:00Z,BE,94.31
2024-06-07T16:00Z,BE,98.09
2024-06-07T17:00Z,BE,100.97
2024-06-07T18:00Z,BE,101.05
2024-06-07T19:00Z,BE,98.72
2024-06-07T20:00Z,BE,94.04
2024-06-07T21:00Z,BE,84.47
2024-06-07T22:00Z,BE,82.07
2024-06-07T23:00Z,BE,83.97
2024-06-08T00:00Z,BE,16.91
2024-06-08T01:00Z,BE,83.87
2024-06-08T02:00Z,BE,84.89
2024-06-08T03:00Z,BE,20.67
2024-06-08T04:00Z,BE,17.63
2024-06-08T05:00Z,BE,18.29
2024-06-08T06:00Z,BE,34.92
2024-06-08T07:00Z,BE,21.28
2024-06-08T08:00Z,BE,13.53
2024-06-08T09:00Z,BE,10.4
2024-06-08T10:00Z,BE,10.3
2024-06-08T11:00Z,BE,6.98
2024-06-08T12:00Z,BE,8.72
2024-06-08T13:00Z,BE,10.12
2024-06-08T14:00Z,BE,13.32
2024-06-08T15:00Z,BE,23.72
2024-06-08T16:00Z,BE,43.62
2024-06-08T17:00Z,BE,22.27
2024-06-08T18:00Z,BE,106.05
2024-06-08T19:00Z,BE,101.94
2024-06-08T20:00Z,BE,96.53
2024-06-08T21:00Z,BE,105.3
2024-06-08T22:00Z,BE,97.78
2024-06-08T23:00Z,BE,96.72
2024-06-09T00:00Z,BE,25.42
2024-06-09T01:00Z,BE,27.94
2024-06-09T02:00Z,BE,10.22
2024-06-09T03:00Z,BE,94.97
2024-06-09T04:00Z,BE,0.84
2024-06-09T05:00Z,BE,106.16
2024-06-09T06:00Z,BE,106.52
2024-06-09T07:00Z,BE,24.63
2024-06-09T08:00Z,BE,14.21
2024-06-09T09:00Z,BE,5.62
2024-06-09T10:00Z,BE,3.46
2024-06-09T11:00Z,BE,2.45
2024-06-09T12:00Z,BE,2.44
2024-06-09T13:00Z,BE,4.04
2024-06-09T14:00Z,BE,9.86
2024-06-09T15:00Z,BE,15.28
2024-06-09T16:00Z,BE,22.86
2024-06-09T17:00Z,BE,40.3
2024-06-09T18:00Z,BE,21.76
2024-06-09T19:00Z,BE,19.23
2024-06-09T20:00Z,BE,15.39
2024-06-09T21:00Z,BE,19.89
2024-06-09T22:00Z,BE,107.21
2024-06-09T23:00Z,BE,18.95
2024-06-10T00:00Z,BE,18.26
2024-06-10T01:00Z,BE,73.06
2024-06-10T02:00Z,BE,96.58
2024-06-10T03:00Z,BE,81.07
2024-06-10T04:00Z,BE,17.2
2024-06-10T05:00Z,BE,81.73
2024-06-10T06:00Z,BE,15.69
2024-06-10T07:00Z,BE,98.41
2024-06-10T08:00Z,BE,34.45
2024-06-10T09:00Z,BE,35.33
2024-06-10T10:00Z,BE,26.38
2024-06-10T11:00Z,BE,26.06
2024-06-10T12:00Z,BE,27.15
2024-06-10T13:00Z,BE,-2.13
2024-06-10T14:00Z,BE,20.73
2024-06-10T15:00Z,BE,19.51
2024-06-10T16:00Z,BE,90.95
2024-06-10T17:00Z,BE,16.19
2024-06-10T18:00Z,BE,88.77
2024-06-10T19:00Z,BE,89.93
2024-06-10T20:00Z,BE,86.76
2024-06-10T21:00Z,BE,82.58
2024-06-10T22:00Z,BE,94.4
2024-06-10T23:00Z,BE,88.51
2024-06-11T00:00Z,BE,88.06
2024-06-11T01:00Z,BE,87.15
2024-06-11T02:00Z,BE,80.52
2024-06-11T03:00Z,BE,21.07
2024-06-11T04:00Z,BE,18.37
2024-06-11T05:00Z,BE,21.57
2024-06-11T06:00Z,BE,19.87
2024-06-11T07:00Z,BE,99.64
2024-06-11T08:00Z,BE,16.93
2024-06-11T09:00Z,BE,73.69
2024-06-11T10:00Z,BE,59.65
2024-06-11T11:00Z,BE,84.19
2024-06-11T12:00Z,BE,83.97
2024-06-11T13:00Z,BE,83.91
2024-06-11T14:00Z,BE,80.58
2024-06-11T15:00Z,BE,89.97
2024-06-11T16:00Z,BE,94.6
2024-06-11T17:00Z,BE,92.95
2024-06-11T18:00Z,BE,91.82
2024-06-11T19:00Z,BE,95.12
2024-06-11T20:00Z,BE,87.25
2024-06-11T21:00Z,BE,78.36
2024-06-11T22:00Z,BE,79.38
2024-06-11T23:00Z,BE,78.95
2024-06-12T00:00Z,BE,87.51
2024-06-12T01:00Z,BE,84.0
2024-06-12T02:00Z,BE,83.57
2024-06-12T03:00Z,BE,14.14
2024-06-12T04:00Z,BE,77.62
2024-06-12T05:00Z,BE,74.43
2024-06-12T06:00Z,BE,97.19
2024-06-12T07:00Z,BE,54.92
2024-06-12T08:00Z,BE,6.17
2024-06-12T09:00Z,BE,20.15
2024-06-12T10:00Z,BE,15.07
2024-06-12T11:00Z,BE,13.29
2024-06-12T12:00Z,BE,12.07
2024-06-12T13:00Z,BE,10.56
2024-06-12T14:00Z,BE,14.37
2024-06-12T15:00Z,BE,27.74
2024-06-12T16:00Z,BE,111.33
2024-06-12T17:00Z,BE,91.8
2024-06-12T18:00Z,BE,19.54
2024-06-12T19:00Z,BE,74.72
2024-06-12T20:00Z,BE,14.01
2024-06-12T21:00Z,BE,81.94
2024-06-12T22:00Z,BE,13.72
2024-06-12T23:00Z,BE,13.58
2024-06-13T00:00Z,BE,15.25
2024-06-13T01:00Z,BE,14.23
2024-06-13T02:00Z,BE,16.54
2024-06-13T03:00Z,BE,18.93
2024-06-13T04:00Z,BE,21.29
2024-06-13T05:00Z,BE,79.21
2024-06-13T06:00Z,BE,70.48
2024-06-13T07:00Z,BE,32.57
2024-06-13T08:00Z,BE,27.72
2024-06-13T09:00Z,BE,23.26
2024-06-13T10:00Z,BE,11.88
2024-06-13T11:00Z,BE,10.12
2024-06-13T12:00Z,BE,18.16
2024-06-13T13:00Z,BE,27.21
2024-06-13T14:00Z,BE,31.23
2024-06-13T15:00Z,BE,95.22
2024-06-13T16:00Z,BE,101.45
2024-06-13T17:00Z,BE,95.18
2024-06-13T18:00Z,BE,94.92
2024-06-13T19:00Z,BE,98.04
2024-06-13T20:00Z,BE,88.81
2024-06-13T21:00Z,BE,86.83
2024-06-13T22:00Z,BE,75.56
2024-06-13T23:00Z,BE,80.8
2024-06-14T00:00Z,BE,82.93
2024-06-14T01:00Z,BE,77.89
2024-06-14T02:00Z,BE,84.94
2024-06-14T03:00Z,BE,86.22
2024-06-14T04:00Z,BE,92.16
2024-06-14T05:00Z,BE,93.96
2024-06-14T06:00Z,BE,91.32
2024-06-14T07:00Z,BE,90.75
2024-06-14T08:00Z,BE,88.22
2024-06-14T09:00Z,BE,85.1
2024-06-14T10:00Z,BE,84.11
2024-06-14T11:00Z,BE,85.58
2024-06-14T12:00Z,BE,89.09
2024-06-14T13:00Z,BE,88.9
2024-06-14T14:00Z,BE,90.85
2024-06-14T15:00Z,BE,96.88
2024-06-14T16:00Z,BE,97.49
2024-06-14T17:00Z,BE,98.07
2024-06-14T18:00Z,BE,102.63
2024-06-14T19:00Z,BE,95.41
2024-06-14T20:00Z,BE,95.0
2024-06-14T21:00Z,BE,91.23
2024-06-14T22:00Z,BE,91.51
2024-06-14T23:00Z,BE,91.01
2024-06-15T00:00Z,BE,88.74
2024-06-15T01:00Z,BE,85.51
2024-06-15T02:00Z,BE,85.84
2024-06-15T03:00Z,BE,92.97
2024-06-15T04:00Z,BE,86.53
2024-06-15T05:00Z,BE,89.68
2024-06-15T06:00Z,BE,81.18
2024-06-15T07:00Z,BE,101.19
2024-06-15T08:00Z,BE,64.59
2024-06-15T09:00Z,BE,39.48
2024-06-15T10:00Z,BE,89.09
2024-06-15T11:00Z,BE,38.24
2024-06-15T12:00Z,BE,87.63
2024-06-15T13:00Z,BE,89.06
2024-06-15T14:00Z,BE,16.9
2024-06-15T15:00Z,BE,20.05
2024-06-15T16:00Z,BE,22.23
2024-06-15T17:00Z,BE,84.41
2024-06-15T18:00Z,BE,89.7
2024-06-15T19:00Z,BE,101.52
2024-06-15T20:00Z,BE,92.96
2024-06-15T21:00Z,BE,93.57
2024-06-15T22:00Z,BE,93.83
2024-06-15T23:00Z,BE,92.49
2024-06-16T00:00Z,BE,89.95
2024-06-16T01:00Z,BE,90.63
2024-06-16T02:00Z,BE,94.79
2024-06-16T03:00Z,BE,96.21
2024-06-16T04:00Z,BE,97.55
2024-06-16T05:00Z,BE,97.11
2024-06-16T06:00Z,BE,94.13
2024-06-16T07:00Z,BE,13.52
2024-06-16T08:00Z,BE,93.48
2024-06-16T09:00Z,BE,32.36
2024-06-16T10:00Z,BE,91.76
2024-06-16T11:00Z,BE,81.11
2024-06-16T12:00Z,BE,78.95
2024-06-16T13:00Z,BE,17.5
2024-06-16T14:00Z,BE,14.65
2024-06-16T15:00Z,BE,16.61
2024-06-16T16:00Z,BE,88.05
2024-06-16T17:00Z,BE,84.5
2024-06-16T18:00Z,BE,89.31
2024-06-16T19:00Z,BE,82.3
2024-06-16T20:00Z,BE,81.48
2024-06-16T21:00Z,BE,79.66
2024-06-16T22:00Z,BE,83.77
2024-06-16T23:00Z,BE,73.58
2024-06-17T00:00Z,BE,76.73
2024-06-17T01:00Z,BE,76.62
2024-06-17T02:00Z,BE,78.78
2024-06-17T03:00Z,BE,84.83
2024-06-17T04:00Z,BE,86.24
2024-06-17T05:00Z,BE,91.08
2024-06-17T06:00Z,BE,80.53
2024-06-17T07:00Z,BE,79.04
2024-06-17T08:00Z,BE,78.55
2024-06-17T09:00Z,BE,73.51
2024-06-17T10:00Z,BE,75.15
2024-06-17T11:00Z,BE,77.27
2024-06-17T12:00Z,BE,76.79
2024-06-17T13:00Z,BE,83.18
2024-06-17T14:00Z,BE,86.29
2024-06-17T15:00Z,BE,84.7
2024-06-17T16:00Z,BE,82.84
2024-06-17T17:00Z,BE,85.73
2024-06-17T18:00Z,BE,89.59
2024-06-17T19:00Z,BE,93.85
2024-06-17T20:00Z,BE,83.36
2024-06-17T21:00Z,BE,84.04
2024-06-17T22:00Z,BE,82.17
2024-06-17T23:00Z,BE,86.89
2024-06-18T00:00Z,BE,90.81
2024-06-18T01:00Z,BE,90.22
2024-06-18T02:00Z,BE,93.09
2024-06-18T03:00Z,BE,97.31
2024-06-18T04:00Z,BE,91.83
2024-06-18T05:00Z,BE,85.09
2024-06-18T06:00Z,BE,75.45
2024-06-18T07:00Z,BE,76.26
2024-06-18T08:00Z,BE,98.2
2024-06-18T09:00Z,BE,98.05
2024-06-18T10:00Z,BE,31.01
2024-06-18T11:00Z,BE,25.58
2024-06-18T12:00Z,BE,25.25
2024-06-18T13:00Z,BE,-4.52
2024-06-18T14:00Z,BE,25.66
2024-06-18T15:00Z,BE,24.75
2024-06-18T16:00Z,BE,87.59
2024-06-18T17:00Z,BE,92.08
2024-06-18T18:00Z,BE,102.83
2024-06-18T19:00Z,BE,99.52
2024-06-18T20:00Z,BE,95.65
2024-06-18T21:00Z,BE,94.04
2024-06-18T22:00Z,BE,97.01
2024-06-18T23:00Z,BE,92.42
2024-06-19T00:00Z,BE,91.43
2024-06-19T01:00Z,BE,94.01
2024-06-19T02:00Z,BE,92.94
2024-06-19T03:00Z,BE,97.62
2024-06-19T04:00Z,BE,101.08
2024-06-19T05:00Z,BE,99.35
2024-06-19T06:00Z,BE,95.3
2024-06-19T07:00Z,BE,68.28
2024-06-19T08:00Z,BE,90.66
2024-06-19T09:00Z,BE,94.33
2024-06-19T10:00Z,BE,39.24
2024-06-19T11:00Z,BE,39.9
2024-06-19T12:00Z,BE,13.55
2024-06-19T13:00Z,BE,44.27
2024-06-19T14:00Z,BE,23.41
2024-06-19T15:00Z,BE,81.21
2024-06-19T16:00Z,BE,113.18
2024-06-19T17:00Z,BE,113.48
2024-06-19T18:00Z,BE,119.57
2024-06-19T19:00Z,BE,112.45
2024-06-19T20:00Z,BE,101.66
2024-06-19T21:00Z,BE,99.36
2024-06-19T22:00Z,BE,91.17
2024-06-19T23:00Z,BE,87.86
2024-06-20T00:00Z,BE,69.39
2024-06-20T01:00Z,BE,68.68
2024-06-20T02:00Z,BE,89.11
2024-06-20T03:00Z,BE,95.52
2024-06-20T04:00Z,BE,99.91
2024-06-20T05:00Z,BE,102.76
2024-06-20T06:00Z,BE,100.47
2024-06-20T07:00Z,BE,98.63
2024-06-20T08:00Z,BE,90.93
2024-06-20T09:00Z,BE,93.07
2024-06-20T10:00Z,BE,81.19
2024-06-20T11:00Z,BE,87.4
2024-06-20T12:00Z,BE,86.07
2024-06-20T13:00Z,BE,95.04
2024-06-20T14:00Z,BE,97.77
2024-06-20T15:00Z,BE,96.74
2024-06-20T16:00Z,BE,95.92
2024-06-20T17:00Z,BE,102.78
2024-06-20T18:00Z,BE,103.3
2024-06-20T19:00Z,BE,109.75
2024-06-20T20:00Z,BE,99.74
2024-06-20T21:00Z,BE,100.44
2024-06-20T22:00Z,BE,85.88
2024-06-20T23:00Z,BE,82.72
2024-06-21T00:00Z,BE,82.0
2024-06-21T01:00Z,BE,80.02
2024-06-21T02:00Z,BE,83.9
2024-06-21T03:00Z,BE,88.09
2024-06-21T04:00Z,BE,87.36
2024-06-21T05:00Z,BE,85.76
2024-06-21T06:00Z,BE,85.99
2024-06-21T07:00Z,BE,87.4
2024-06-21T08:00Z,BE,91.37
2024-06-21T09:00Z,BE,79.37
2024-06-21T10:00Z,BE,75.19
2024-06-21T11:00Z,BE,75.28
2024-06-21T12:00Z,BE,80.59
2024-06-21T13:00Z,BE,79.69
2024-06-21T14:00Z,BE,80.1
2024-06-21T15:00Z,BE,90.58
2024-06-21T16:00Z,BE,96.36
2024-06-21T17:00Z,BE,88.82
2024-06-21T18:00Z,BE,96.13
2024-06-21T19:00Z,BE,92.11
2024-06-21T20:00Z,BE,96.32
2024-06-21T21:00Z,BE,96.85
2024-06-21T22:00Z,BE,95.84
2024-06-21T23:00Z,BE,95.64
2024-06-22T00:00Z,BE,17.32
2024-06-22T01:00Z,BE,19.19
2024-06-22T02:00Z,BE,92.79
2024-06-22T03:00Z,BE,91.13
2024-06-22T04:00Z,BE,76.74
2024-06-22T05:00Z,BE,75.92
2024-06-22T06:00Z,BE,80.93
2024-06-22T07:00Z,BE,77.95
2024-06-22T08:00Z,BE,14.24
2024-06-22T09:00Z,BE,13.41
2024-06-22T10:00Z,BE,35.17
2024-06-22T11:00Z,BE,23.06
2024-06-22T12:00Z,BE,98.36
2024-06-22T13:00Z,BE,44.62
2024-06-22T14:00Z,BE,21.26
2024-06-22T15:00Z,BE,21.69
2024-06-22T16:00Z,BE,93.37
2024-06-22T17:00Z,BE,98.63
2024-06-22T18:00Z,BE,98.48
2024-06-22T19:00Z,BE,98.14
2024-06-22T20:00Z,BE,91.69
2024-06-22T21:00Z,BE,94.07
2024-06-22T22:00Z,BE,82.86
2024-06-22T23:00Z,BE,80.79
2024-06-23T00:00Z,BE,81.76
2024-06-23T01:00Z,BE,81.03
2024-06-23T02:00Z,BE,86.76
2024-06-23T03:00Z,BE,94.07
2024-06-23T04:00Z,BE,79.77
2024-06-23T05:00Z,BE,91.14
2024-06-23T06:00Z,BE,74.83
2024-06-23T07:00Z,BE,42.12
2024-06-23T08:00Z,BE,27.26
2024-06-23T09:00Z,BE,20.51
2024-06-23T10:00Z,BE,17.86
2024-06-23T11:00Z,BE,22.15
2024-06-23T12:00Z,BE,20.86
2024-06-23T13:00Z,BE,22.85
2024-06-23T14:00Z,BE,19.9
2024-06-23T15:00Z,BE,21.95
2024-06-23T16:00Z,BE,65.77
2024-06-23T17:00Z,BE,91.21
2024-06-23T18:00Z,BE,91.33
2024-06-23T19:00Z,BE,91.36
2024-06-23T20:00Z,BE,87.25
2024-06-23T21:00Z,BE,82.16
2024-06-23T22:00Z,BE,91.99
2024-06-23T23:00Z,BE,83.9
2024-06-24T00:00Z,BE,78.77
2024-06-24T01:00Z,BE,80.2
2024-06-24T02:00Z,BE,82.0
2024-06-24T03:00Z,BE,84.16
2024-06-24T04:00Z,BE,89.66
2024-06-24T05:00Z,BE,91.88
2024-06-24T06:00Z,BE,85.59
2024-06-24T07:00Z,BE,84.24
2024-06-24T08:00Z,BE,81.72
2024-06-24T09:00Z,BE,77.25
2024-06-24T10:00Z,BE,76.94
2024-06-24T11:00Z,BE,80.09
2024-06-24T12:00Z,BE,84.21
2024-06-24T13:00Z,BE,92.17
2024-06-24T14:00Z,BE,96.93
2024-06-24T15:00Z,BE,100.07
2024-06-24T16:00Z,BE,106.98
2024-06-24T17:00Z,BE,104.88
2024-06-24T18:00Z,BE,104.43
2024-06-24T19:00Z,BE,103.32
2024-06-24T20:00Z,BE,100.31
2024-06-24T21:00Z,BE,101.07
2024-06-24T22:00Z,BE,89.04
2024-06-24T23:00Z,BE,93.35
2024-06-25T00:00Z,BE,90.73
2024-06-25T01:00Z,BE,89.79
2024-06-25T02:00Z,BE,92.36
2024-06-25T03:00Z,BE,98.19
2024-06-25T04:00Z,BE,97.74
2024-06-25T05:00Z,BE,98.01
2024-06-25T06:00Z,BE,97.95
2024-06-25T07:00Z,BE,92.08
2024-06-25T08:00Z,BE,77.66
2024-06-25T09:00Z,BE,32.45
2024-06-25T10:00Z,BE,31.9
2024-06-25T11:00Z,BE,30.15
2024-06-25T12:00Z,BE,30.62
2024-06-25T13:00Z,BE,14.47
2024-06-25T14:00Z,BE,37.78
2024-06-25T15:00Z,BE,88.12
2024-06-25T16:00Z,BE,92.17
2024-06-25T17:00Z,BE,94.51
2024-06-25T18:00Z,BE,99.17
2024-06-25T19:00Z,BE,100.89
2024-06-25T20:00Z,BE,100.29
2024-06-25T21:00Z,BE,94.79
2024-06-25T22:00Z,BE,94.52
2024-06-25T23:00Z,BE,92.43
2024-06-26T00:00Z,BE,92.36
2024-06-26T01:00Z,BE,98.7
2024-06-26T02:00Z,BE,96.65
2024-06-26T03:00Z,BE,97.55
2024-06-26T04:00Z,BE,96.22
2024-06-26T05:00Z,BE,94.55
2024-06-26T06:00Z,BE,92.38
2024-06-26T07:00Z,BE,79.2
2024-06-26T08:00Z,BE,48.71
2024-06-26T09:00Z,BE,26.71
2024-06-26T10:00Z,BE,15.53
2024-06-26T11:00Z,BE,13.58
2024-06-26T12:00Z,BE,12.58
2024-06-26T13:00Z,BE,15.48
2024-06-26T14:00Z,BE,31.3
2024-06-26T15:00Z,BE,11.88
2024-06-26T16:00Z,BE,86.01
2024-06-26T17:00Z,BE,98.8
2024-06-26T18:00Z,BE,100.25
2024-06-26T19:00Z,BE,94.44
2024-06-26T20:00Z,BE,92.71
2024-06-26T21:00Z,BE,94.8
2024-06-26T22:00Z,BE,84.78
2024-06-26T23:00Z,BE,80.64
2024-06-27T00:00Z,BE,80.7
2024-06-27T01:00Z,BE,78.03
2024-06-27T02:00Z,BE,82.88
2024-06-27T03:00Z,BE,92.38
2024-06-27T04:00Z,BE,16.45
2024-06-27T05:00Z,BE,84.56
2024-06-27T06:00Z,BE,76.95
2024-06-27T07:00Z,BE,35.73
2024-06-27T08:00Z,BE,30.53
2024-06-27T09:00Z,BE,22.96
2024-06-27T10:00Z,BE,15.32
2024-06-27T11:00Z,BE,12.1
2024-06-27T12:00Z,BE,14.06
2024-06-27T13:00Z,BE,18.91
2024-06-27T14:00Z,BE,26.96
2024-06-27T15:00Z,BE,63.66
2024-06-27T16:00Z,BE,95.25
2024-06-27T17:00Z,BE,99.19
2024-06-27T18:00Z,BE,105.84
2024-06-27T19:00Z,BE,110.44
2024-06-27T20:00Z,BE,100.33
2024-06-27T21:00Z,BE,94.55
2024-06-27T22:00Z,BE,88.25
2024-06-27T23:00Z,BE,95.76
2024-06-28T00:00Z,BE,88.42
2024-06-28T01:00Z,BE,84.09
2024-06-28T02:00Z,BE,87.51
2024-06-28T03:00Z,BE,87.5
2024-06-28T04:00Z,BE,82.82
2024-06-28T05:00Z,BE,83.67
2024-06-28T06:00Z,BE,77.01
2024-06-28T07:00Z,BE,70.04
2024-06-28T08:00Z,BE,36.73
2024-06-28T09:00Z,BE,18.05
2024-06-28T10:00Z,BE,7.96
2024-06-28T11:00Z,BE,5.4
2024-06-28T12:00Z,BE,5.37
2024-06-28T13:00Z,BE,11.67
2024-06-28T14:00Z,BE,28.19
2024-06-28T15:00Z,BE,36.51
2024-06-28T16:00Z,BE,24.99
2024-06-28T17:00Z,BE,86.23
2024-06-28T18:00Z,BE,107.75
2024-06-28T19:00Z,BE,110.64
2024-06-28T20:00Z,BE,96.91
2024-06-28T21:00Z,BE,91.26
2024-06-28T22:00Z,BE,94.4
2024-06-28T23:00Z,BE,93.78
2024-06-29T00:00Z,BE,97.91
2024-06-29T01:00Z,BE,96.97
2024-06-29T02:00Z,BE,97.95
2024-06-29T03:00Z,BE,98.84
2024-06-29T04:00Z,BE,85.36
2024-06-29T05:00Z,BE,84.58
2024-06-29T06:00Z,BE,68.46
2024-06-29T07:00Z,BE,27.36
2024-06-29T08:00Z,BE,14.05
2024-06-29T09:00Z,BE,11.4
2024-06-29T10:00Z,BE,8.11
2024-06-29T11:00Z,BE,8.99
2024-06-29T12:00Z,BE,8.83
2024-06-29T13:00Z,BE,10.05
2024-06-29T14:00Z,BE,15.41
2024-06-29T15:00Z,BE,33.24
2024-06-29T16:00Z,BE,20.53
2024-06-29T17:00Z,BE,92.03
2024-06-29T18:00Z,BE,103.35
2024-06-29T19:00Z,BE,104.89
2024-06-29T20:00Z,BE,88.71
2024-06-29T21:00Z,BE,82.25
2024-06-29T22:00Z,BE,85.22
2024-06-29T23:00Z,BE,19.95
2024-06-30T00:00Z,BE,84.64
2024-06-30T01:00Z,BE,18.24
2024-06-30T02:00Z,BE,101.65
2024-06-30T03:00Z,BE,20.92
2024-06-30T04:00Z,BE,18.21
2024-06-30T05:00Z,BE,-0.74
2024-06-30T06:00Z,BE,20.75
2024-06-30T07:00Z,BE,11.05
2024-06-30T08:00Z,BE,6.42
2024-06-30T09:00Z,BE,0.93
2024-06-30T10:00Z,BE,1.93
2024-06-30T11:00Z,BE,1.16
2024-06-30T12:00Z,BE,3.22
2024-06-30T13:00Z,BE,2.9
2024-06-30T14:00Z,BE,7.38
2024-06-30T15:00Z,BE,17.69
2024-06-30T16:00Z,BE,21.95
2024-06-30T17:00Z,BE,20.37
2024-06-30T18:00Z,BE,93.73
2024-06-30T19:00Z,BE,84.05
2024-06-30T20:00Z,BE,17.27
2024-06-30T21:00Z,BE,81.58
2023-12-31T23:00Z,ES,46.28
2024-01-01T00:00Z,ES,-0.59
2024-01-01T01:00Z,ES,1.06
2024-01-01T02:00Z,ES,0.16
2024-01-01T03:00Z,ES,-0.43
2024-01-01T04:00Z,ES,0.54
2024-01-01T05:00Z,ES,-0.28
2024-01-01T06:00Z,ES,3.92
2024-01-01T07:00Z,ES,2.05
2024-01-01T08:00Z,ES,1.78
2024-01-01T09:00Z,ES,-0.79
2024-01-01T10:00Z,ES,1.09
2024-01-01T11:00Z,ES,2.43
2024-01-01T12:00Z,ES,-2.24
2024-01-01T13:00Z,ES,6.17
2024-01-01T14:00Z,ES,4.85
2024-01-01T15:00Z,ES,2.96
2024-01-01T16:00Z,ES,77.74
2024-01-01T17:00Z,ES,57.0
2024-01-01T18:00Z,ES,56.89
2024-01-01T19:00Z,ES,55.08
2024-01-01T20:00Z,ES,48.81
2024-01-01T21:00Z,ES,67.89
2024-01-01T22:00Z,ES,4.49
2024-01-01T23:00Z,ES,11.42
2024-01-02T00:00Z,ES,4.3
2024-01-02T01:00Z,ES,3.37
2024-01-02T02:00Z,ES,0.93
2024-01-02T03:00Z,ES,43.47
2024-01-02T04:00Z,ES,48.51
2024-01-02T05:00Z,ES,84.09
2024-01-02T06:00Z,ES,73.13
2024-01-02T07:00Z,ES,68.95
2024-01-02T08:00Z,ES,60.2
2024-01-02T09:00Z,ES,56.81
2024-01-02T10:00Z,ES,54.17
2024-01-02T11:00Z,ES,-1.77
2024-01-02T12:00Z,ES,-0.75
2024-01-02T13:00Z,ES,59.81
2024-01-02T14:00Z,ES,65.04
2024-01-02T15:00Z,ES,77.01
2024-01-02T16:00Z,ES,88.94
2024-01-02T17:00Z,ES,77.29
2024-01-02T18:00Z,ES,72.47
2024-01-02T19:00Z,ES,66.93
2024-01-02T20:00Z,ES,60.87
2024-01-02T21:00Z,ES,54.92
2024-01-02T22:00Z,ES,1.03
2024-01-02T23:00Z,ES,-0.74
2024-01-03T00:00Z,ES,0.72
2024-01-03T01:00Z,ES,2.28
2024-01-03T02:00Z,ES,3.57
2024-01-03T03:00Z,ES,18.91
2024-01-03T04:00Z,ES,2.0
2024-01-03T05:00Z,ES,52.01
2024-01-03T06:00Z,ES,47.1
2024-01-03T07:00Z,ES,51.92
2024-01-03T08:00Z,ES,45.34
2024-01-03T09:00Z,ES,1.28
2024-01-03T10:00Z,ES,1.36
2024-01-03T11:00Z,ES,4.71
2024-01-03T12:00Z,ES,61.48
2024-01-03T13:00Z,ES,51.24
2024-01-03T14:00Z,ES,46.25
2024-01-03T15:00Z,ES,65.82
2024-01-03T16:00Z,ES,67.44
2024-01-03T17:00Z,ES,57.58
2024-01-03T18:00Z,ES,57.3
2024-01-03T19:00Z,ES,44.24
2024-01-03T20:00Z,ES,43.61
2024-01-03T21:00Z,ES,-1.58
2024-01-03T22:00Z,ES,0.92
2024-01-03T23:00Z,ES,1.2
2024-01-04T00:00Z,ES,1.17
2024-01-04T01:00Z,ES,-1.44
2024-01-04T02:00Z,ES,3.42
2024-01-04T03:00Z,ES,-0.56
2024-01-04T04:00Z,ES,10.29
2024-01-04T05:00Z,ES,76.69
2024-01-04T06:00Z,ES,61.01
2024-01-04T07:00Z,ES,76.06
2024-01-04T08:00Z,ES,60.66
2024-01-04T09:00Z,ES,54.05
2024-01-04T10:00Z,ES,50.39
2024-01-04T11:00Z,ES,-0.04
2024-01-04T12:00Z,ES,51.81
2024-01-04T13:00Z,ES,50.5
2024-01-04T14:00Z,ES,55.48
2024-01-04T15:00Z,ES,72.21
2024-01-04T16:00Z,ES,77.96
2024-01-04T17:00Z,ES,98.87
2024-01-04T18:00Z,ES,88.94
2024-01-04T19:00Z,ES,76.36
2024-01-04T20:00Z,ES,70.11
2024-01-04T21:00Z,ES,64.72
2024-01-04T22:00Z,ES,61.53
2024-01-04T23:00Z,ES,69.05
2024-01-05T00:00Z,ES,58.63
2024-01-05T01:00Z,ES,69.64
2024-01-05T02:00Z,ES,69.34
2024-01-05T03:00Z,ES,75.18
2024-01-05T04:00Z,ES,80.18
2024-01-05T05:00Z,ES,97.38
2024-01-05T06:00Z,ES,105.32
2024-01-05T07:00Z,ES,96.99
2024-01-05T08:00Z,ES,98.22
2024-01-05T09:00Z,ES,89.21
2024-01-05T10:00Z,ES,94.72
2024-01-05T11:00Z,ES,89.72
2024-01-05T12:00Z,ES,87.41
2024-01-05T13:00Z,ES,91.84
2024-01-05T14:00Z,ES,97.57
2024-01-05T15:00Z,ES,103.95
2024-01-05T16:00Z,ES,110.29
2024-01-05T17:00Z,ES,97.25
2024-01-05T18:00Z,ES,90.78
2024-01-05T19:00Z,ES,93.43
2024-01-05T20:00Z,ES,90.51
2024-01-05T21:00Z,ES,84.78
2024-01-05T22:00Z,ES,73.77
2024-01-05T23:00Z,ES,67.96
2024-01-06T00:00Z,ES,68.55
2024-01-06T01:00Z,ES,71.1
2024-01-06T02:00Z,ES,67.31
2024-01-06T03:00Z,ES,66.9
2024-01-06T04:00Z,ES,70.31
2024-01-06T05:00Z,ES,81.37
2024-01-06T06:00Z,ES,87.88
2024-01-06T07:00Z,ES,81.63
2024-01-06T08:00Z,ES,72.61
2024-01-06T09:00Z,ES,76.06
2024-01-06T10:00Z,ES,69.0
2024-01-06T11:00Z,ES,57.2
2024-01-06T12:00Z,ES,59.8
2024-01-06T13:00Z,ES,65.79
2024-01-06T14:00Z,ES,71.86
2024-01-06T15:00Z,ES,75.85
2024-01-06T16:00Z,ES,84.81
2024-01-06T17:00Z,ES,75.79
2024-01-06T18:00Z,ES,80.86
2024-01-06T19:00Z,ES,76.02
2024-01-06T20:00Z,ES,79.93
2024-01-06T21:00Z,ES,76.72
2024-01-06T22:00Z,ES,72.78
2024-01-06T23:00Z,ES,59.69
2024-01-07T00:00Z,ES,40.68
2024-01-07T01:00Z,ES,36.58
2024-01-07T02:00Z,ES,59.15
2024-01-07T03:00Z,ES,57.99
2024-01-07T04:00Z,ES,52.19
2024-01-07T05:00Z,ES,45.77
2024-01-07T06:00Z,ES,77.81
2024-01-07T07:00Z,ES,61.6
2024-01-07T08:00Z,ES,55.39
2024-01-07T09:00Z,ES,36.63
2024-01-07T10:00Z,ES,50.35
2024-01-07T11:00Z,ES,32.65
2024-01-07T12:00Z,ES,58.34
2024-01-07T13:00Z,ES,33.8
2024-01-07T14:00Z,ES,37.86
2024-01-07T15:00Z,ES,74.44
2024-01-07T16:00Z,ES,60.99
2024-01-07T17:00Z,ES,75.93
2024-01-07T18:00Z,ES,74.56
2024-01-07T19:00Z,ES,67.51
2024-01-07T20:00Z,ES,76.97
2024-01-07T21:00Z,ES,69.71
2024-01-07T22:00Z,ES,56.87
2024-01-07T23:00Z,ES,63.74
2024-01-08T00:00Z,ES,61.08
2024-01-08T01:00Z,ES,56.98
2024-01-08T02:00Z,ES,63.92
2024-01-08T03:00Z,ES,63.13
2024-01-08T04:00Z,ES,70.72
2024-01-08T05:00Z,ES,78.66
2024-01-08T06:00Z,ES,88.48
2024-01-08T07:00Z,ES,72.84
2024-01-08T08:00Z,ES,66.96
2024-01-08T09:00Z,ES,66.04
2024-01-08T10:00Z,ES,58.62
2024-01-08T11:00Z,ES,44.96
2024-01-08T12:00Z,ES,44.1
2024-01-08T13:00Z,ES,43.6
2024-01-08T14:00Z,ES,60.74
2024-01-08T15:00Z,ES,60.2
2024-01-08T16:00Z,ES,60.43
2024-01-08T17:00Z,ES,63.24
2024-01-08T18:00Z,ES,59.7
2024-01-08T19:00Z,ES,40.85
2024-01-08T20:00Z,ES,27.09
2024-01-08T21:00Z,ES,49.29
2024-01-08T22:00Z,ES,4.13
2024-01-08T23:00Z,ES,3.02
2024-01-09T00:00Z,ES,0.4
2024-01-09T01:00Z,ES,1.99
2024-01-09T02:00Z,ES,2.85
2024-01-09T03:00Z,ES,13.19
2024-01-09T04:00Z,ES,11.19
2024-01-09T05:00Z,ES,35.23
2024-01-09T06:00Z,ES,60.89
2024-01-09T07:00Z,ES,49.74
2024-01-09T08:00Z,ES,53.23
2024-01-09T09:00Z,ES,42.18
2024-01-09T10:00Z,ES,32.0
2024-01-09T11:00Z,ES,34.09
2024-01-09T12:00Z,ES,29.69
2024-01-09T13:00Z,ES,26.41
2024-01-09T14:00Z,ES,38.15
2024-01-09T15:00Z,ES,61.43
2024-01-09T16:00Z,ES,71.92
2024-01-09T17:00Z,ES,65.77
2024-01-09T18:00Z,ES,56.06
2024-01-09T19:00Z,ES,45.72
2024-01-09T20:00Z,ES,44.0
2024-01-09T21:00Z,ES,35.19
2024-01-09T22:00Z,ES,0.0
2024-01-09T23:00Z,ES,0.97
2024-01-10T00:00Z,ES,1.6
2024-01-10T01:00Z,ES,1.9
2024-01-10T02:00Z,ES,-0.01
2024-01-10T03:00Z,ES,12.02
2024-01-10T04:00Z,ES,3.28
2024-01-10T05:00Z,ES,14.81
2024-01-10T06:00Z,ES,49.9
2024-01-10T07:00Z,ES,41.6
2024-01-10T08:00Z,ES,5.55
2024-01-10T09:00Z,ES,39.83
2024-01-10T10:00Z,ES,48.46
2024-01-10T11:00Z,ES,47.18
2024-01-10T12:00Z,ES,56.72
2024-01-10T13:00Z,ES,45.61
2024-01-10T14:00Z,ES,33.17
2024-01-10T15:00Z,ES,48.82
2024-01-10T16:00Z,ES,62.94
2024-01-10T17:00Z,ES,48.47
2024-01-10T18:00Z,ES,50.32
2024-01-10T19:00Z,ES,50.39
2024-01-10T20:00Z,ES,44.8
2024-01-10T21:00Z,ES,53.4
2024-01-10T22:00Z,ES,46.62
2024-01-10T23:00Z,ES,45.93
2024-01-11T00:00Z,ES,-0.96
2024-01-11T01:00Z,ES,-2.23
2024-01-11T02:00Z,ES,-1.59
2024-01-11T03:00Z,ES,-0.82
2024-01-11T04:00Z,ES,7.95
2024-01-11T05:00Z,ES,69.45
2024-01-11T06:00Z,ES,57.47
2024-01-11T07:00Z,ES,54.58
2024-01-11T08:00Z,ES,58.22
2024-01-11T09:00Z,ES,48.46
2024-01-11T10:00Z,ES,-0.36
2024-01-11T11:00Z,ES,-1.98
2024-01-11T12:00Z,ES,-1.83
2024-01-11T13:00Z,ES,-0.42
2024-01-11T14:00Z,ES,5.83
2024-01-11T15:00Z,ES,4.5
2024-01-11T16:00Z,ES,67.54
2024-01-11T17:00Z,ES,59.7
2024-01-11T18:00Z,ES,52.97
2024-01-11T19:00Z,ES,57.72
2024-01-11T20:00Z,ES,4.2
2024-01-11T21:00Z,ES,4.53
2024-01-11T22:00Z,ES,2.35
2024-01-11T23:00Z,ES,2.13
2024-01-12T00:00Z,ES,42.81
2024-01-12T01:00Z,ES,41.63
2024-01-12T02:00Z,ES,51.92
2024-01-12T03:00Z,ES,-0.45
2024-01-12T04:00Z,ES,61.05
2024-01-12T05:00Z,ES,70.52
2024-01-12T06:00Z,ES,79.24
2024-01-12T07:00Z,ES,98.43
2024-01-12T08:00Z,ES,71.0
2024-01-12T09:00Z,ES,63.07
2024-01-12T10:00Z,ES,60.96
2024-01-12T11:00Z,ES,54.86
2024-01-12T12:00Z,ES,52.97
2024-01-12T13:00Z,ES,72.05
2024-01-12T14:00Z,ES,79.58
2024-01-12T15:00Z,ES,84.23
2024-01-12T16:00Z,ES,102.79
2024-01-12T17:00Z,ES,92.51
2024-01-12T18:00Z,ES,94.39
2024-01-12T19:00Z,ES,96.07
2024-01-12T20:00Z,ES,93.86
2024-01-12T21:00Z,ES,92.55
2024-01-12T22:00Z,ES,75.4
2024-01-12T23:00Z,ES,58.68
2024-01-13T00:00Z,ES,56.9
2024-01-13T01:00Z,ES,55.18
2024-01-13T02:00Z,ES,59.46
2024-01-13T03:00Z,ES,56.61
2024-01-13T04:00Z,ES,69.28
2024-01-13T05:00Z,ES,81.54
2024-01-13T06:00Z,ES,69.35
2024-01-13T07:00Z,ES,79.11
2024-01-13T08:00Z,ES,71.22
2024-01-13T09:00Z,ES,64.42
2024-01-13T10:00Z,ES,56.31
2024-01-13T11:00Z,ES,66.17
2024-01-13T12:00Z,ES,58.79
2024-01-13T13:00Z,ES,66.88
2024-01-13T14:00Z,ES,78.82
2024-01-13T15:00Z,ES,70.55
2024-01-13T16:00Z,ES,63.04
2024-01-13T17:00Z,ES,81.17
2024-01-13T18:00Z,ES,61.72
2024-01-13T19:00Z,ES,71.32
2024-01-13T20:00Z,ES,63.0
2024-01-13T21:00Z,ES,59.46
2024-01-13T22:00Z,ES,54.7
2024-01-13T23:00Z,ES,0.95
2024-01-14T00:00Z,ES,57.56
2024-01-14T01:00Z,ES,32.73
2024-01-14T02:00Z,ES,35.54
2024-01-14T03:00Z,ES,60.22
2024-01-14T04:00Z,ES,59.41
2024-01-14T05:00Z,ES,60.46
2024-01-14T06:00Z,ES,82.88
2024-01-14T07:00Z,ES,68.93
2024-01-14T08:00Z,ES,65.01
2024-01-14T09:00Z,ES,58.57
2024-01-14T10:00Z,ES,55.16
2024-01-14T11:00Z,ES,35.96
2024-01-14T12:00Z,ES,55.85
2024-01-14T13:00Z,ES,57.94
2024-01-14T14:00Z,ES,43.21
2024-01-14T15:00Z,ES,57.42
2024-01-14T16:00Z,ES,51.13
2024-01-14T17:00Z,ES,50.42
2024-01-14T18:00Z,ES,1.93
2024-01-14T19:00Z,ES,3.36
2024-01-14T20:00Z,ES,2.21
2024-01-14T21:00Z,ES,5.32
2024-01-14T22:00Z,ES,58.2
2024-01-14T23:00Z,ES,83.05
2024-01-15T00:00Z,ES,60.62
2024-01-15T01:00Z,ES,48.77
2024-01-15T02:00Z,ES,72.64
2024-01-15T03:00Z,ES,63.06
2024-01-15T04:00Z,ES,73.49
2024-01-15T05:00Z,ES,98.94
2024-01-15T06:00Z,ES,97.75
2024-01-15T07:00Z,ES,96.01
2024-01-15T08:00Z,ES,96.84
2024-01-15T09:00Z,ES,88.9
2024-01-15T10:00Z,ES,87.04
2024-01-15T11:00Z,ES,84.96
2024-01-15T12:00Z,ES,79.97
2024-01-15T13:00Z,ES,79.36
2024-01-15T14:00Z,ES,79.4
2024-01-15T15:00Z,ES,98.09
2024-01-15T16:00Z,ES,108.33
2024-01-15T17:00Z,ES,98.66
2024-01-15T18:00Z,ES,92.02
2024-01-15T19:00Z,ES,90.99
2024-01-15T20:00Z,ES,91.89
2024-01-15T21:00Z,ES,88.22
2024-01-15T22:00Z,ES,70.05
2024-01-15T23:00Z,ES,61.48
2024-01-16T00:00Z,ES,64.07
2024-01-16T01:00Z,ES,64.19
2024-01-16T02:00Z,ES,66.25
2024-01-16T03:00Z,ES,65.26
2024-01-16T04:00Z,ES,78.27
2024-01-16T05:00Z,ES,97.86
2024-01-16T06:00Z,ES,103.73
2024-01-16T07:00Z,ES,100.8
2024-01-16T08:00Z,ES,94.82
2024-01-16T09:00Z,ES,90.93
2024-01-16T10:00Z,ES,85.99
2024-01-16T11:00Z,ES,83.34
2024-01-16T12:00Z,ES,81.22
2024-01-16T13:00Z,ES,80.74
2024-01-16T14:00Z,ES,85.12
2024-01-16T15:00Z,ES,99.67
2024-01-16T16:00Z,ES,108.57
2024-01-16T17:00Z,ES,101.21
2024-01-16T18:00Z,ES,95.15
2024-01-16T19:00Z,ES,97.84
2024-01-16T20:00Z,ES,94.82
2024-01-16T21:00Z,ES,88.78
2024-01-16T22:00Z,ES,82.11
2024-01-16T23:00Z,ES,83.41
2024-01-17T00:00Z,ES,74.53
2024-01-17T01:00Z,ES,73.23
2024-01-17T02:00Z,ES,72.21
2024-01-17T03:00Z,ES,73.17
2024-01-17T04:00Z,ES,90.74
2024-01-17T05:00Z,ES,99.56
2024-01-17T06:00Z,ES,106.1
2024-01-17T07:00Z,ES,98.08
2024-01-17T08:00Z,ES,93.95
2024-01-17T09:00Z,ES,96.11
2024-01-17T10:00Z,ES,94.89
2024-01-17T11:00Z,ES,78.83
2024-01-17T12:00Z,ES,78.26
2024-01-17T13:00Z,ES,76.78
2024-01-17T14:00Z,ES,74.32
2024-01-17T15:00Z,ES,90.27
2024-01-17T16:00Z,ES,102.37
2024-01-17T17:00Z,ES,95.17
2024-01-17T18:00Z,ES,84.64
2024-01-17T19:00Z,ES,71.44
2024-01-17T20:00Z,ES,75.97
2024-01-17T21:00Z,ES,65.2
2024-01-17T22:00Z,ES,62.42
2024-01-17T23:00Z,ES,51.58
2024-01-18T00:00Z,ES,51.8
2024-01-18T01:00Z,ES,54.88
2024-01-18T02:00Z,ES,55.07
2024-01-18T03:00Z,ES,51.83
2024-01-18T04:00Z,ES,59.69
2024-01-18T05:00Z,ES,92.25
2024-01-18T06:00Z,ES,90.02
2024-01-18T07:00Z,ES,81.25
2024-01-18T08:00Z,ES,77.67
2024-01-18T09:00Z,ES,79.56
2024-01-18T10:00Z,ES,62.59
2024-01-18T11:00Z,ES,61.11
2024-01-18T12:00Z,ES,64.28
2024-01-18T13:00Z,ES,66.94
2024-01-18T14:00Z,ES,67.23
2024-01-18T15:00Z,ES,90.63
2024-01-18T16:00Z,ES,95.2
2024-01-18T17:00Z,ES,90.46
2024-01-18T18:00Z,ES,88.0
2024-01-18T19:00Z,ES,88.58
2024-01-18T20:00Z,ES,92.21
2024-01-18T21:00Z,ES,89.78
2024-01-18T22:00Z,ES,84.42
2024-01-18T23:00Z,ES,85.19
2024-01-19T00:00Z,ES,75.46
2024-01-19T01:00Z,ES,75.11
2024-01-19T02:00Z,ES,76.54
2024-01-19T03:00Z,ES,75.95
2024-01-19T04:00Z,ES,85.44
2024-01-19T05:00Z,ES,106.51
2024-01-19T06:00Z,ES,107.88
2024-01-19T07:00Z,ES,99.9
2024-01-19T08:00Z,ES,99.46
2024-01-19T09:00Z,ES,95.16
2024-01-19T10:00Z,ES,94.78
2024-01-19T11:00Z,ES,76.97
2024-01-19T12:00Z,ES,73.87
2024-01-19T13:00Z,ES,78.96
2024-01-19T14:00Z,ES,96.29
2024-01-19T15:00Z,ES,98.8
2024-01-19T16:00Z,ES,108.11
2024-01-19T17:00Z,ES,113.98
2024-01-19T18:00Z,ES,101.75
2024-01-19T19:00Z,ES,97.64
2024-01-19T20:00Z,ES,95.53
2024-01-19T21:00Z,ES,94.59
2024-01-19T22:00Z,ES,73.24
2024-01-19T23:00Z,ES,52.97
2024-01-20T00:00Z,ES,53.76
2024-01-20T01:00Z,ES,47.1
2024-01-20T02:00Z,ES,54.91
2024-01-20T03:00Z,ES,49.88
2024-01-20T04:00Z,ES,54.53
2024-01-20T05:00Z,ES,55.07
2024-01-20T06:00Z,ES,61.03
2024-01-20T07:00Z,ES,50.77
2024-01-20T08:00Z,ES,29.25
2024-01-20T09:00Z,ES,43.61
2024-01-20T10:00Z,ES,21.47
2024-01-20T11:00Z,ES,19.35
2024-01-20T12:00Z,ES,40.73
2024-01-20T13:00Z,ES,0.96
2024-01-20T14:00Z,ES,5.32
2024-01-20T15:00Z,ES,6.83
2024-01-20T16:00Z,ES,51.2
2024-01-20T17:00Z,ES,25.94
2024-01-20T18:00Z,ES,50.19
2024-01-20T19:00Z,ES,22.76
2024-01-20T20:00Z,ES,23.08
2024-01-20T21:00Z,ES,2.91
2024-01-20T22:00Z,ES,1.31
2024-01-20T23:00Z,ES,0.28
2024-01-21T00:00Z,ES,0.21
2024-01-21T01:00Z,ES,2.07
2024-01-21T02:00Z,ES,4.77
2024-01-21T03:00Z,ES,-2.36
2024-01-21T04:00Z,ES,-3.38
2024-01-21T05:00Z,ES,6.27
2024-01-21T06:00Z,ES,9.36
2024-01-21T07:00Z,ES,3.33
2024-01-21T08:00Z,ES,1.56
2024-01-21T09:00Z,ES,-1.65
2024-01-21T10:00Z,ES,0.24
2024-01-21T11:00Z,ES,-0.83
2024-01-21T12:00Z,ES,5.98
2024-01-21T13:00Z,ES,-1.19
2024-01-21T14:00Z,ES,2.66
2024-01-21T15:00Z,ES,-0.83
2024-01-21T16:00Z,ES,8.24
2024-01-21T17:00Z,ES,1.75
2024-01-21T18:00Z,ES,0.57
2024-01-21T19:00Z,ES,0.16
2024-01-21T20:00Z,ES,-1.2
2024-01-21T21:00Z,ES,0.21
2024-01-21T22:00Z,ES,-0.21
2024-01-21T23:00Z,ES,7.65
2024-01-22T00:00Z,ES,-0.29
2024-01-22T01:00Z,ES,0.82
2024-01-22T02:00Z,ES,0.85
2024-01-22T03:00Z,ES,6.89
2024-01-22T04:00Z,ES,7.31
2024-01-22T05:00Z,ES,12.66
2024-01-22T06:00Z,ES,54.74
2024-01-22T07:00Z,ES,62.89
2024-01-22T08:00Z,ES,70.33
2024-01-22T09:00Z,ES,61.1
2024-01-22T10:00Z,ES,56.43
2024-01-22T11:00Z,ES,55.02
2024-01-22T12:00Z,ES,46.32
2024-01-22T13:00Z,ES,50.65
2024-01-22T14:00Z,ES,48.6
2024-01-22T15:00Z,ES,4.78
2024-01-22T16:00Z,ES,60.06
2024-01-22T17:00Z,ES,60.25
2024-01-22T18:00Z,ES,52.62
2024-01-22T19:00Z,ES,46.89
2024-01-22T20:00Z,ES,44.13
2024-01-22T21:00Z,ES,32.26
2024-01-22T22:00Z,ES,61.57
2024-01-22T23:00Z,ES,39.7
2024-01-23T00:00Z,ES,45.86
2024-01-23T01:00Z,ES,42.81
2024-01-23T02:00Z,ES,-1.87
2024-01-23T03:00Z,ES,46.21
2024-01-23T04:00Z,ES,63.76
2024-01-23T05:00Z,ES,84.75
2024-01-23T06:00Z,ES,83.96
2024-01-23T07:00Z,ES,77.43
2024-01-23T08:00Z,ES,74.32
2024-01-23T09:00Z,ES,68.91
2024-01-23T10:00Z,ES,74.65
2024-01-23T11:00Z,ES,66.14
2024-01-23T12:00Z,ES,73.08
2024-01-23T13:00Z,ES,69.64
2024-01-23T14:00Z,ES,81.26
2024-01-23T15:00Z,ES,104.42
2024-01-23T16:00Z,ES,103.37
2024-01-23T17:00Z,ES,100.0
2024-01-23T18:00Z,ES,92.1
2024-01-23T19:00Z,ES,97.51
2024-01-23T20:00Z,ES,88.21
2024-01-23T21:00Z,ES,82.8
2024-01-23T22:00Z,ES,79.46
2024-01-23T23:00Z,ES,63.26
2024-01-24T00:00Z,ES,61.1
2024-01-24T01:00Z,ES,64.34
2024-01-24T02:00Z,ES,62.96
2024-01-24T03:00Z,ES,65.35
2024-01-24T04:00Z,ES,76.05
2024-01-24T05:00Z,ES,89.39
2024-01-24T06:00Z,ES,88.34
2024-01-24T07:00Z,ES,84.56
2024-01-24T08:00Z,ES,71.81
2024-01-24T09:00Z,ES,81.13
2024-01-24T10:00Z,ES,75.9
2024-01-24T11:00Z,ES,56.38
2024-01-24T12:00Z,ES,52.53
2024-01-24T13:00Z,ES,43.12
2024-01-24T14:00Z,ES,63.6
2024-01-24T15:00Z,ES,77.7
2024-01-24T16:00Z,ES,68.0
2024-01-24T17:00Z,ES,68.12
2024-01-24T18:00Z,ES,73.38
2024-01-24T19:00Z,ES,66.51
2024-01-24T20:00Z,ES,62.54
2024-01-24T21:00Z,ES,59.88
2024-01-24T22:00Z,ES,53.18
2024-01-24T23:00Z,ES,53.28
2024-01-25T00:00Z,ES,53.6
2024-01-25T01:00Z,ES,32.95
2024-01-25T02:00Z,ES,31.36
2024-01-25T03:00Z,ES,8.85
2024-01-25T04:00Z,ES,66.53
2024-01-25T05:00Z,ES,83.17
2024-01-25T06:00Z,ES,81.13
2024-01-25T07:00Z,ES,78.14
2024-01-25T08:00Z,ES,82.34
2024-01-25T09:00Z,ES,75.77
2024-01-25T10:00Z,ES,72.28
2024-01-25T11:00Z,ES,70.35
2024-01-25T12:00Z,ES,74.43
2024-01-25T13:00Z,ES,69.81
2024-01-25T14:00Z,ES,75.81
2024-01-25T15:00Z,ES,82.79
2024-01-25T16:00Z,ES,101.52
2024-01-25T17:00Z,ES,98.2
2024-01-25T18:00Z,ES,96.12
2024-01-25T19:00Z,ES,88.11
2024-01-25T20:00Z,ES,73.07
2024-01-25T21:00Z,ES,71.16
2024-01-25T22:00Z,ES,67.44
2024-01-25T23:00Z,ES,42.34
2024-01-26T00:00Z,ES,36.34
2024-01-26T01:00Z,ES,31.88
2024-01-26T02:00Z,ES,33.54
2024-01-26T03:00Z,ES,40.81
2024-01-26T04:00Z,ES,62.15
2024-01-26T05:00Z,ES,75.89
2024-01-26T06:00Z,ES,74.82
2024-01-26T07:00Z,ES,83.64
2024-01-26T08:00Z,ES,74.91
2024-01-26T09:00Z,ES,76.5
2024-01-26T10:00Z,ES,71.85
2024-01-26T11:00Z,ES,72.51
2024-01-26T12:00Z,ES,70.47
2024-01-26T13:00Z,ES,72.0
2024-01-26T14:00Z,ES,79.07
2024-01-26T15:00Z,ES,96.27
2024-01-26T16:00Z,ES,104.09
2024-01-26T17:00Z,ES,97.34
2024-01-26T18:00Z,ES,91.68
2024-01-26T19:00Z,ES,84.02
2024-01-26T20:00Z,ES,70.43
2024-01-26T21:00Z,ES,66.77
2024-01-26T22:00Z,ES,63.67
2024-01-26T23:00Z,ES,54.51
2024-01-27T00:00Z,ES,58.41
2024-01-27T01:00Z,ES,53.95
2024-01-27T02:00Z,ES,57.11
2024-01-27T03:00Z,ES,57.56
2024-01-27T04:00Z,ES,59.0
2024-01-27T05:00Z,ES,65.74
2024-01-27T06:00Z,ES,71.86
2024-01-27T07:00Z,ES,64.51
2024-01-27T08:00Z,ES,59.5
2024-01-27T09:00Z,ES,56.29
2024-01-27T10:00Z,ES,49.46
2024-01-27T11:00Z,ES,5.91
2024-01-27T12:00Z,ES,3.73
2024-01-27T13:00Z,ES,4.79
2024-01-27T14:00Z,ES,59.24
2024-01-27T15:00Z,ES,63.82
2024-01-27T16:00Z,ES,61.9
2024-01-27T17:00Z,ES,59.75
2024-01-27T18:00Z,ES,61.69
2024-01-27T19:00Z,ES,62.21
2024-01-27T20:00Z,ES,60.11
2024-01-27T21:00Z,ES,57.27
2024-01-27T22:00Z,ES,57.99
2024-01-27T23:00Z,ES,44.95
2024-01-28T00:00Z,ES,49.05
2024-01-28T01:00Z,ES,46.97
2024-01-28T02:00Z,ES,47.26
2024-01-28T03:00Z,ES,47.29
2024-01-28T04:00Z,ES,60.17
2024-01-28T05:00Z,ES,62.61
2024-01-28T06:00Z,ES,68.87
2024-01-28T07:00Z,ES,63.37
2024-01-28T08:00Z,ES,61.64
2024-01-28T09:00Z,ES,55.16
2024-01-28T10:00Z,ES,37.36
2024-01-28T11:00Z,ES,44.03
2024-01-28T12:00Z,ES,43.39
2024-01-28T13:00Z,ES,22.8
2024-01-28T14:00Z,ES,49.27
2024-01-28T15:00Z,ES,53.11
2024-01-28T16:00Z,ES,64.6
2024-01-28T17:00Z,ES,62.25
2024-01-28T18:00Z,ES,60.49
2024-01-28T19:00Z,ES,63.39
2024-01-28T20:00Z,ES,59.89
2024-01-28T21:00Z,ES,58.35
2024-01-28T22:00Z,ES,54.59
2024-01-28T23:00Z,ES,64.87
2024-01-29T00:00Z,ES,60.15
2024-01-29T01:00Z,ES,55.89
2024-01-29T02:00Z,ES,51.24
2024-01-29T03:00Z,ES,57.28
2024-01-29T04:00Z,ES,71.05
2024-01-29T05:00Z,ES,82.64
2024-01-29T06:00Z,ES,92.78
2024-01-29T07:00Z,ES,85.67
2024-01-29T08:00Z,ES,82.4
2024-01-29T09:00Z,ES,85.27
2024-01-29T10:00Z,ES,78.88
2024-01-29T11:00Z,ES,77.68
2024-01-29T12:00Z,ES,78.14
2024-01-29T13:00Z,ES,75.66
2024-01-29T14:00Z,ES,81.69
2024-01-29T15:00Z,ES,95.74
2024-01-29T16:00Z,ES,105.2
2024-01-29T17:00Z,ES,91.43
2024-01-29T18:00Z,ES,88.64
2024-01-29T19:00Z,ES,84.54
2024-01-29T20:00Z,ES,82.26
2024-01-29T21:00Z,ES,68.86
2024-01-29T22:00Z,ES,67.09
2024-01-29T23:00Z,ES,64.09
2024-01-30T00:00Z,ES,62.86
2024-01-30T01:00Z,ES,60.78
2024-01-30T02:00Z,ES,61.78
2024-01-30T03:00Z,ES,63.44
2024-01-30T04:00Z,ES,81.75
2024-01-30T05:00Z,ES,88.8
2024-01-30T06:00Z,ES,89.3
2024-01-30T07:00Z,ES,89.65
2024-01-30T08:00Z,ES,81.99
2024-01-30T09:00Z,ES,76.96
2024-01-30T10:00Z,ES,77.36
2024-01-30T11:00Z,ES,81.28
2024-01-30T12:00Z,ES,83.72
2024-01-30T13:00Z,ES,81.76
2024-01-30T14:00Z,ES,84.08
2024-01-30T15:00Z,ES,91.5
2024-01-30T16:00Z,ES,89.4
2024-01-30T17:00Z,ES,85.69
2024-01-30T18:00Z,ES,83.59
2024-01-30T19:00Z,ES,81.22
2024-01-30T20:00Z,ES,57.59
2024-01-30T21:00Z,ES,50.09
2024-01-30T22:00Z,ES,55.86
2024-01-30T23:00Z,ES,59.11
2024-01-31T00:00Z,ES,59.66
2024-01-31T01:00Z,ES,54.69
2024-01-31T02:00Z,ES,57.14
2024-01-31T03:00Z,ES,59.07
2024-01-31T04:00Z,ES,77.19
2024-01-31T05:00Z,ES,107.69
2024-01-31T06:00Z,ES,93.94
2024-01-31T07:00Z,ES,106.87
2024-01-31T08:00Z,ES,93.57
2024-01-31T09:00Z,ES,94.96
2024-01-31T10:00Z,ES,70.13
2024-01-31T11:00Z,ES,61.7
2024-01-31T12:00Z,ES,64.27
2024-01-31T13:00Z,ES,57.04
2024-01-31T14:00Z,ES,53.62
2024-01-31T15:00Z,ES,57.09
2024-01-31T16:00Z,ES,63.75
2024-01-31T17:00Z,ES,67.69
2024-01-31T18:00Z,ES,60.49
2024-01-31T19:00Z,ES,56.53
2024-01-31T20:00Z,ES,51.17
2024-01-31T21:00Z,ES,49.57
2024-01-31T22:00Z,ES,44.57
2024-01-31T23:00Z,ES,37.48
2024-02-01T00:00Z,ES,42.71
2024-02-01T01:00Z,ES,1.16
2024-02-01T02:00Z,ES,1.27
2024-02-01T03:00Z,ES,-0.64
2024-02-01T04:00Z,ES,10.92
2024-02-01T05:00Z,ES,67.41
2024-02-01T06:00Z,ES,61.19
2024-02-01T07:00Z,ES,68.49
2024-02-01T08:00Z,ES,66.41
2024-02-01T09:00Z,ES,52.29
2024-02-01T10:00Z,ES,75.95
2024-02-01T11:00Z,ES,56.01
2024-02-01T12:00Z,ES,49.28
2024-02-01T13:00Z,ES,59.72
2024-02-01T14:00Z,ES,64.13
2024-02-01T15:00Z,ES,81.86
2024-02-01T16:00Z,ES,72.22
2024-02-01T17:00Z,ES,55.82
2024-02-01T18:00Z,ES,80.85
2024-02-01T19:00Z,ES,84.39
2024-02-01T20:00Z,ES,75.96
2024-02-01T21:00Z,ES,57.71
2024-02-01T22:00Z,ES,46.57
2024-02-01T23:00Z,ES,60.86
2024-02-02T00:00Z,ES,50.14
2024-02-02T01:00Z,ES,23.47
2024-02-02T02:00Z,ES,22.3
2024-02-02T03:00Z,ES,63.87
2024-02-02T04:00Z,ES,64.26
2024-02-02T05:00Z,ES,80.43
2024-02-02T06:00Z,ES,90.11
2024-02-02T07:00Z,ES,78.32
2024-02-02T08:00Z,ES,77.98
2024-02-02T09:00Z,ES,55.62
2024-02-02T10:00Z,ES,41.67
2024-02-02T11:00Z,ES,48.64
2024-02-02T12:00Z,ES,49.45
2024-02-02T13:00Z,ES,44.81
2024-02-02T14:00Z,ES,58.02
2024-02-02T15:00Z,ES,76.4
2024-02-02T16:00Z,ES,86.8
2024-02-02T17:00Z,ES,88.25
2024-02-02T18:00Z,ES,78.76
2024-02-02T19:00Z,ES,66.6
2024-02-02T20:00Z,ES,61.1
2024-02-02T21:00Z,ES,53.06
2024-02-02T22:00Z,ES,46.68
2024-02-02T23:00Z,ES,45.87
2024-02-03T00:00Z,ES,42.62
2024-02-03T01:00Z,ES,36.28
2024-02-03T02:00Z,ES,32.05
2024-02-03T03:00Z,ES,32.16
2024-02-03T04:00Z,ES,34.07
2024-02-03T05:00Z,ES,51.36
2024-02-03T06:00Z,ES,52.9
2024-02-03T07:00Z,ES,67.36
2024-02-03T08:00Z,ES,45.49
2024-02-03T09:00Z,ES,37.31
2024-02-03T10:00Z,ES,38.47
2024-02-03T11:00Z,ES,-1.1
2024-02-03T12:00Z,ES,0.14
2024-02-03T13:00Z,ES,40.3
2024-02-03T14:00Z,ES,43.17
2024-02-03T15:00Z,ES,45.51
2024-02-03T16:00Z,ES,77.66
2024-02-03T17:00Z,ES,55.32
2024-02-03T18:00Z,ES,53.71
2024-02-03T19:00Z,ES,52.65
2024-02-03T20:00Z,ES,56.41
2024-02-03T21:00Z,ES,45.57
2024-02-03T22:00Z,ES,25.74
2024-02-03T23:00Z,ES,29.07
2024-02-04T00:00Z,ES,40.49
2024-02-04T01:00Z,ES,0.02
2024-02-04T02:00Z,ES,-1.2
2024-02-04T03:00Z,ES,2.35
2024-02-04T04:00Z,ES,0.15
2024-02-04T05:00Z,ES,55.25
2024-02-04T06:00Z,ES,52.31
2024-02-04T07:00Z,ES,37.54
2024-02-04T08:00Z,ES,2.02
2024-02-04T09:00Z,ES,47.51
2024-02-04T10:00Z,ES,9.33
2024-02-04T11:00Z,ES,1.22
2024-02-04T12:00Z,ES,2.07
2024-02-04T13:00Z,ES,1.97
2024-02-04T14:00Z,ES,8.78
2024-02-04T15:00Z,ES,58.55
2024-02-04T16:00Z,ES,61.04
2024-02-04T17:00Z,ES,61.79
2024-02-04T18:00Z,ES,50.57
2024-02-04T19:00Z,ES,45.48
2024-02-04T20:00Z,ES,36.78
2024-02-04T21:00Z,ES,34.83
2024-02-04T22:00Z,ES,37.27
2024-02-04T23:00Z,ES,49.61
2024-02-05T00:00Z,ES,41.34
2024-02-05T01:00Z,ES,43.12
2024-02-05T02:00Z,ES,43.53
2024-02-05T03:00Z,ES,45.57
2024-02-05T04:00Z,ES,65.94
2024-02-05T05:00Z,ES,81.31
2024-02-05T06:00Z,ES,83.59
2024-02-05T07:00Z,ES,79.55
2024-02-05T08:00Z,ES,79.78
2024-02-05T09:00Z,ES,60.43
2024-02-05T10:00Z,ES,53.42
2024-02-05T11:00Z,ES,51.81
2024-02-05T12:00Z,ES,64.56
2024-02-05T13:00Z,ES,46.42
2024-02-05T14:00Z,ES,47.04
2024-02-05T15:00Z,ES,66.62
2024-02-05T16:00Z,ES,85.97
2024-02-05T17:00Z,ES,85.61
2024-02-05T18:00Z,ES,75.26
2024-02-05T19:00Z,ES,75.88
2024-02-05T20:00Z,ES,51.55
2024-02-05T21:00Z,ES,55.56
2024-02-05T22:00Z,ES,50.87
2024-02-05T23:00Z,ES,46.61
2024-02-06T00:00Z,ES,47.94
2024-02-06T01:00Z,ES,42.86
2024-02-06T02:00Z,ES,34.96
2024-02-06T03:00Z,ES,38.02
2024-02-06T04:00Z,ES,69.2
2024-02-06T05:00Z,ES,54.69
2024-02-06T06:00Z,ES,49.62
2024-02-06T07:00Z,ES,79.38
2024-02-06T08:00Z,ES,52.47
2024-02-06T09:00Z,ES,45.95
2024-02-06T10:00Z,ES,4.64
2024-02-06T11:00Z,ES,2.87
2024-02-06T12:00Z,ES,4.17
2024-02-06T13:00Z,ES,43.92
2024-02-06T14:00Z,ES,46.81
2024-02-06T15:00Z,ES,39.39
2024-02-06T16:00Z,ES,74.81
2024-02-06T17:00Z,ES,62.79
2024-02-06T18:00Z,ES,62.12
2024-02-06T19:00Z,ES,55.46
2024-02-06T20:00Z,ES,61.98
2024-02-06T21:00Z,ES,52.62
2024-02-06T22:00Z,ES,45.31
2024-02-06T23:00Z,ES,50.39
2024-02-07T00:00Z,ES,45.0
2024-02-07T01:00Z,ES,3.12
2024-02-07T02:00Z,ES,38.13
2024-02-07T03:00Z,ES,51.08
2024-02-07T04:00Z,ES,57.18
2024-02-07T05:00Z,ES,57.65
2024-02-07T06:00Z,ES,83.71
2024-02-07T07:00Z,ES,75.41
2024-02-07T08:00Z,ES,50.29
2024-02-07T09:00Z,ES,48.86
2024-02-07T10:00Z,ES,42.08
2024-02-07T11:00Z,ES,37.73
2024-02-07T12:00Z,ES,-2.67
2024-02-07T13:00Z,ES,13.53
2024-02-07T14:00Z,ES,40.62
2024-02-07T15:00Z,ES,54.2
2024-02-07T16:00Z,ES,95.39
2024-02-07T17:00Z,ES,85.0
2024-02-07T18:00Z,ES,85.37
2024-02-07T19:00Z,ES,79.47
2024-02-07T20:00Z,ES,78.39
2024-02-07T21:00Z,ES,55.5
2024-02-07T22:00Z,ES,59.46
2024-02-07T23:00Z,ES,52.68
2024-02-08T00:00Z,ES,46.83
2024-02-08T01:00Z,ES,44.85
2024-02-08T02:00Z,ES,44.59
2024-02-08T03:00Z,ES,43.12
2024-02-08T04:00Z,ES,55.06
2024-02-08T05:00Z,ES,48.09
2024-02-08T06:00Z,ES,47.07
2024-02-08T07:00Z,ES,46.82
2024-02-08T08:00Z,ES,45.79
2024-02-08T09:00Z,ES,42.75
2024-02-08T10:00Z,ES,42.08
2024-02-08T11:00Z,ES,2.02
2024-02-08T12:00Z,ES,2.26
2024-02-08T13:00Z,ES,24.67
2024-02-08T14:00Z,ES,0.26
2024-02-08T15:00Z,ES,58.56
2024-02-08T16:00Z,ES,77.56
2024-02-08T17:00Z,ES,91.49
2024-02-08T18:00Z,ES,68.16
2024-02-08T19:00Z,ES,89.03
2024-02-08T20:00Z,ES,58.49
2024-02-08T21:00Z,ES,53.35
2024-02-08T22:00Z,ES,45.72
2024-02-08T23:00Z,ES,43.84
2024-02-09T00:00Z,ES,28.43
2024-02-09T01:00Z,ES,29.63
2024-02-09T02:00Z,ES,34.02
2024-02-09T03:00Z,ES,44.14
2024-02-09T04:00Z,ES,41.8
2024-02-09T05:00Z,ES,67.37
2024-02-09T06:00Z,ES,62.48
2024-02-09T07:00Z,ES,42.31
2024-02-09T08:00Z,ES,60.27
2024-02-09T09:00Z,ES,41.27
2024-02-09T10:00Z,ES,50.65
2024-02-09T11:00Z,ES,42.93
2024-02-09T12:00Z,ES,42.87
2024-02-09T13:00Z,ES,39.66
2024-02-09T14:00Z,ES,37.81
2024-02-09T15:00Z,ES,57.41
2024-02-09T16:00Z,ES,67.25
2024-02-09T17:00Z,ES,74.79
2024-02-09T18:00Z,ES,65.56
2024-02-09T19:00Z,ES,61.29
2024-02-09T20:00Z,ES,58.17
2024-02-09T21:00Z,ES,42.14
2024-02-09T22:00Z,ES,38.76
2024-02-09T23:00Z,ES,41.44
2024-02-10T00:00Z,ES,44.57
2024-02-10T01:00Z,ES,46.31
2024-02-10T02:00Z,ES,41.21
2024-02-10T03:00Z,ES,38.08
2024-02-10T04:00Z,ES,40.44
2024-02-10T05:00Z,ES,54.06
2024-02-10T06:00Z,ES,60.21
2024-02-10T07:00Z,ES,62.7
2024-02-10T08:00Z,ES,43.28
2024-02-10T09:00Z,ES,37.69
2024-02-10T10:00Z,ES,33.34
2024-02-10T11:00Z,ES,27.68
2024-02-10T12:00Z,ES,37.82
2024-02-10T13:00Z,ES,37.76
2024-02-10T14:00Z,ES,54.7
2024-02-10T15:00Z,ES,58.14
2024-02-10T16:00Z,ES,69.43
2024-02-10T17:00Z,ES,89.81
2024-02-10T18:00Z,ES,76.26
2024-02-10T19:00Z,ES,69.96
2024-02-10T20:00Z,ES,65.4
2024-02-10T21:00Z,ES,67.46
2024-02-10T22:00Z,ES,58.6
2024-02-10T23:00Z,ES,40.63
2024-02-11T00:00Z,ES,44.2
2024-02-11T01:00Z,ES,42.93
2024-02-11T02:00Z,ES,45.59
2024-02-11T03:00Z,ES,45.03
2024-02-11T04:00Z,ES,46.28
2024-02-11T05:00Z,ES,49.74
2024-02-11T06:00Z,ES,44.44
2024-02-11T07:00Z,ES,41.67
2024-02-11T08:00Z,ES,34.52
2024-02-11T09:00Z,ES,19.84
2024-02-11T10:00Z,ES,31.41
2024-02-11T11:00Z,ES,1.46
2024-02-11T12:00Z,ES,-0.83
2024-02-11T13:00Z,ES,3.01
2024-02-11T14:00Z,ES,22.15
2024-02-11T15:00Z,ES,44.41
2024-02-11T16:00Z,ES,58.36
2024-02-11T17:00Z,ES,51.94
2024-02-11T18:00Z,ES,42.98
2024-02-11T19:00Z,ES,52.4
2024-02-11T20:00Z,ES,43.31
2024-02-11T21:00Z,ES,37.89
2024-02-11T22:00Z,ES,36.23
2024-02-11T23:00Z,ES,44.87
2024-02-12T00:00Z,ES,37.7
2024-02-12T01:00Z,ES,33.34
2024-02-12T02:00Z,ES,34.9
2024-02-12T03:00Z,ES,15.15
2024-02-12T04:00Z,ES,34.48
2024-02-12T05:00Z,ES,53.91
2024-02-12T06:00Z,ES,67.07
2024-02-12T07:00Z,ES,71.55
2024-02-12T08:00Z,ES,47.82
2024-02-12T09:00Z,ES,44.0
2024-02-12T10:00Z,ES,35.95
2024-02-12T11:00Z,ES,39.19
2024-02-12T12:00Z,ES,38.85
2024-02-12T13:00Z,ES,37.66
2024-02-12T14:00Z,ES,40.62
2024-02-12T15:00Z,ES,63.11
2024-02-12T16:00Z,ES,82.8
2024-02-12T17:00Z,ES,75.02
2024-02-12T18:00Z,ES,69.3
2024-02-12T19:00Z,ES,71.51
2024-02-12T20:00Z,ES,59.49
2024-02-12T21:00Z,ES,43.55
2024-02-12T22:00Z,ES,45.33
2024-02-12T23:00Z,ES,36.53
2024-02-13T00:00Z,ES,33.45
2024-02-13T01:00Z,ES,33.8
2024-02-13T02:00Z,ES,36.24
2024-02-13T03:00Z,ES,39.24
2024-02-13T04:00Z,ES,51.03
2024-02-13T05:00Z,ES,60.58
2024-02-13T06:00Z,ES,80.79
2024-02-13T07:00Z,ES,59.41
2024-02-13T08:00Z,ES,47.7
2024-02-13T09:00Z,ES,44.41
2024-02-13T10:00Z,ES,41.49
2024-02-13T11:00Z,ES,38.61
2024-02-13T12:00Z,ES,38.44
2024-02-13T13:00Z,ES,39.16
2024-02-13T14:00Z,ES,47.14
2024-02-13T15:00Z,ES,56.73
2024-02-13T16:00Z,ES,78.37
2024-02-13T17:00Z,ES,76.41
2024-02-13T18:00Z,ES,68.98
2024-02-13T19:00Z,ES,67.01
2024-02-13T20:00Z,ES,46.2
2024-02-13T21:00Z,ES,44.71
2024-02-13T22:00Z,ES,40.32
2024-02-13T23:00Z,ES,38.07
2024-02-14T00:00Z,ES,40.53
2024-02-14T01:00Z,ES,40.04
2024-02-14T02:00Z,ES,44.9
2024-02-14T03:00Z,ES,43.37
2024-02-14T04:00Z,ES,39.47
2024-02-14T05:00Z,ES,61.59
2024-02-14T06:00Z,ES,53.58
2024-02-14T07:00Z,ES,44.63
2024-02-14T08:00Z,ES,41.86
2024-02-14T09:00Z,ES,34.74
2024-02-14T10:00Z,ES,1.61
2024-02-14T11:00Z,ES,3.13
2024-02-14T12:00Z,ES,11.21
2024-02-14T13:00Z,ES,9.54
2024-02-14T14:00Z,ES,42.1
2024-02-14T15:00Z,ES,46.52
2024-02-14T16:00Z,ES,62.55
2024-02-14T17:00Z,ES,58.76
2024-02-14T18:00Z,ES,79.95
2024-02-14T19:00Z,ES,51.72
2024-02-14T20:00Z,ES,49.56
2024-02-14T21:00Z,ES,56.85
2024-02-14T22:00Z,ES,50.46
2024-02-14T23:00Z,ES,60.05
2024-02-15T00:00Z,ES,51.77
2024-02-15T01:00Z,ES,49.81
2024-02-15T02:00Z,ES,40.19
2024-02-15T03:00Z,ES,41.67
2024-02-15T04:00Z,ES,64.24
2024-02-15T05:00Z,ES,72.37
2024-02-15T06:00Z,ES,72.03
2024-02-15T07:00Z,ES,46.85
2024-02-15T08:00Z,ES,39.57
2024-02-15T09:00Z,ES,30.59
2024-02-15T10:00Z,ES,-2.64
2024-02-15T11:00Z,ES,-2.27
2024-02-15T12:00Z,ES,-1.98
2024-02-15T13:00Z,ES,15.49
2024-02-15T14:00Z,ES,42.6
2024-02-15T15:00Z,ES,46.3
2024-02-15T16:00Z,ES,65.57
2024-02-15T17:00Z,ES,85.13
2024-02-15T18:00Z,ES,53.4
2024-02-15T19:00Z,ES,76.88
2024-02-15T20:00Z,ES,54.15
2024-02-15T21:00Z,ES,43.17
2024-02-15T22:00Z,ES,41.45
2024-02-15T23:00Z,ES,1.2
2024-02-16T00:00Z,ES,0.16
2024-02-16T01:00Z,ES,4.88
2024-02-16T02:00Z,ES,28.1
2024-02-16T03:00Z,ES,36.24
2024-02-16T04:00Z,ES,43.6
2024-02-16T05:00Z,ES,52.86
2024-02-16T06:00Z,ES,68.22
2024-02-16T07:00Z,ES,48.74
2024-02-16T08:00Z,ES,45.38
2024-02-16T09:00Z,ES,43.47
2024-02-16T10:00Z,ES,39.16
2024-02-16T11:00Z,ES,38.43
2024-02-16T12:00Z,ES,35.4
2024-02-16T13:00Z,ES,37.81
2024-02-16T14:00Z,ES,36.55
2024-02-16T15:00Z,ES,60.99
2024-02-16T16:00Z,ES,51.01
2024-02-16T17:00Z,ES,64.18
2024-02-16T18:00Z,ES,53.93
2024-02-16T19:00Z,ES,50.83
2024-02-16T20:00Z,ES,78.56
2024-02-16T21:00Z,ES,46.79
2024-02-16T22:00Z,ES,45.2
2024-02-16T23:00Z,ES,36.37
2024-02-17T00:00Z,ES,36.82
2024-02-17T01:00Z,ES,50.49
2024-02-17T02:00Z,ES,41.0
2024-02-17T03:00Z,ES,53.19
2024-02-17T04:00Z,ES,60.18
2024-02-17T05:00Z,ES,65.28
2024-02-17T06:00Z,ES,60.09
2024-02-17T07:00Z,ES,62.83
2024-02-17T08:00Z,ES,40.51
2024-02-17T09:00Z,ES,41.48
2024-02-17T10:00Z,ES,41.74
2024-02-17T11:00Z,ES,37.86
2024-02-17T12:00Z,ES,38.85
2024-02-17T13:00Z,ES,44.01
2024-02-17T14:00Z,ES,52.47
2024-02-17T15:00Z,ES,67.78
2024-02-17T16:00Z,ES,76.74
2024-02-17T17:00Z,ES,78.08
2024-02-17T18:00Z,ES,70.84
2024-02-17T19:00Z,ES,69.75
2024-02-17T20:00Z,ES,68.13
2024-02-17T21:00Z,ES,63.37
2024-02-17T22:00Z,ES,57.16
2024-02-17T23:00Z,ES,42.55
2024-02-18T00:00Z,ES,42.18
2024-02-18T01:00Z,ES,38.68
2024-02-18T02:00Z,ES,43.24
2024-02-18T03:00Z,ES,45.69
2024-02-18T04:00Z,ES,54.22
2024-02-18T05:00Z,ES,60.67
2024-02-18T06:00Z,ES,60.31
2024-02-18T07:00Z,ES,49.72
2024-02-18T08:00Z,ES,46.42
2024-02-18T09:00Z,ES,43.89
2024-02-18T10:00Z,ES,41.86
2024-02-18T11:00Z,ES,39.44
2024-02-18T12:00Z,ES,36.58
2024-02-18T13:00Z,ES,40.35
2024-02-18T14:00Z,ES,45.47
2024-02-18T15:00Z,ES,54.64
2024-02-18T16:00Z,ES,61.79
2024-02-18T17:00Z,ES,65.16
2024-02-18T18:00Z,ES,55.5
2024-02-18T19:00Z,ES,57.81
2024-02-18T20:00Z,ES,52.68
2024-02-18T21:00Z,ES,46.41
2024-02-18T22:00Z,ES,44.19
2024-02-18T23:00Z,ES,46.59
2024-02-19T00:00Z,ES,42.6
2024-02-19T01:00Z,ES,38.94
2024-02-19T02:00Z,ES,35.02
2024-02-19T03:00Z,ES,33.27
2024-02-19T04:00Z,ES,41.84
2024-02-19T05:00Z,ES,64.28
2024-02-19T06:00Z,ES,78.29
2024-02-19T07:00Z,ES,68.85
2024-02-19T08:00Z,ES,65.45
2024-02-19T09:00Z,ES,45.3
2024-02-19T10:00Z,ES,35.83
2024-02-19T11:00Z,ES,36.71
2024-02-19T12:00Z,ES,35.44
2024-02-19T13:00Z,ES,29.9
2024-02-19T14:00Z,ES,36.99
2024-02-19T15:00Z,ES,64.51
2024-02-19T16:00Z,ES,80.85
2024-02-19T17:00Z,ES,79.53
2024-02-19T18:00Z,ES,70.27
2024-02-19T19:00Z,ES,65.17
2024-02-19T20:00Z,ES,59.2
2024-02-19T21:00Z,ES,42.46
2024-02-19T22:00Z,ES,39.98
2024-02-19T23:00Z,ES,33.96
2024-02-20T00:00Z,ES,31.0
2024-02-20T01:00Z,ES,31.6
2024-02-20T02:00Z,ES,34.65
2024-02-20T03:00Z,ES,35.3
2024-02-20T04:00Z,ES,45.61
2024-02-20T05:00Z,ES,73.76
2024-02-20T06:00Z,ES,76.73
2024-02-20T07:00Z,ES,68.0
2024-02-20T08:00Z,ES,63.27
2024-02-20T09:00Z,ES,42.3
2024-02-20T10:00Z,ES,42.36
2024-02-20T11:00Z,ES,35.44
2024-02-20T12:00Z,ES,30.67
2024-02-20T13:00Z,ES,39.02
2024-02-20T14:00Z,ES,36.69
2024-02-20T15:00Z,ES,54.19
2024-02-20T16:00Z,ES,88.21
2024-02-20T17:00Z,ES,79.21
2024-02-20T18:00Z,ES,67.14
2024-02-20T19:00Z,ES,68.9
2024-02-20T20:00Z,ES,67.5
2024-02-20T21:00Z,ES,64.26
2024-02-20T22:00Z,ES,39.6
2024-02-20T23:00Z,ES,37.5
2024-02-21T00:00Z,ES,37.21
2024-02-21T01:00Z,ES,35.17
2024-02-21T02:00Z,ES,32.3
2024-02-21T03:00Z,ES,33.72
2024-02-21T04:00Z,ES,40.6
2024-02-21T05:00Z,ES,78.9
2024-02-21T06:00Z,ES,75.89
2024-02-21T07:00Z,ES,66.05
2024-02-21T08:00Z,ES,65.6
2024-02-21T09:00Z,ES,65.15
2024-02-21T10:00Z,ES,57.0
2024-02-21T11:00Z,ES,47.72
2024-02-21T12:00Z,ES,43.62
2024-02-21T13:00Z,ES,40.59
2024-02-21T14:00Z,ES,40.67
2024-02-21T15:00Z,ES,79.26
2024-02-21T16:00Z,ES,83.66
2024-02-21T17:00Z,ES,80.68
2024-02-21T18:00Z,ES,79.01
2024-02-21T19:00Z,ES,72.25
2024-02-21T20:00Z,ES,64.23
2024-02-21T21:00Z,ES,60.18
2024-02-21T22:00Z,ES,52.71
2024-02-21T23:00Z,ES,46.65
2024-02-22T00:00Z,ES,42.12
2024-02-22T01:00Z,ES,46.44
2024-02-22T02:00Z,ES,40.7
2024-02-22T03:00Z,ES,41.75
2024-02-22T04:00Z,ES,46.8
2024-02-22T05:00Z,ES,45.25
2024-02-22T06:00Z,ES,49.72
2024-02-22T07:00Z,ES,58.33
2024-02-22T08:00Z,ES,42.86
2024-02-22T09:00Z,ES,40.86
2024-02-22T10:00Z,ES,37.96
2024-02-22T11:00Z,ES,36.1
2024-02-22T12:00Z,ES,36.35
2024-02-22T13:00Z,ES,37.51
2024-02-22T14:00Z,ES,36.55
2024-02-22T15:00Z,ES,52.3
2024-02-22T16:00Z,ES,83.7
2024-02-22T17:00Z,ES,79.06
2024-02-22T18:00Z,ES,67.1
2024-02-22T19:00Z,ES,79.42
2024-02-22T20:00Z,ES,53.17
2024-02-22T21:00Z,ES,46.97
2024-02-22T22:00Z,ES,41.01
2024-02-22T23:00Z,ES,29.94
2024-02-23T00:00Z,ES,11.95
2024-02-23T01:00Z,ES,6.77
2024-02-23T02:00Z,ES,8.06
2024-02-23T03:00Z,ES,-1.81
2024-02-23T04:00Z,ES,21.11
2024-02-23T05:00Z,ES,45.98
2024-02-23T06:00Z,ES,58.4
2024-02-23T07:00Z,ES,39.95
2024-02-23T08:00Z,ES,37.73
2024-02-23T09:00Z,ES,45.42
2024-02-23T10:00Z,ES,37.85
2024-02-23T11:00Z,ES,29.93
2024-02-23T12:00Z,ES,33.36
2024-02-23T13:00Z,ES,33.5
2024-02-23T14:00Z,ES,45.54
2024-02-23T15:00Z,ES,49.81
2024-02-23T16:00Z,ES,73.0
2024-02-23T17:00Z,ES,70.18
2024-02-23T18:00Z,ES,59.83
2024-02-23T19:00Z,ES,46.61
2024-02-23T20:00Z,ES,43.14
2024-02-23T21:00Z,ES,37.86
2024-02-23T22:00Z,ES,33.39
2024-02-23T23:00Z,ES,37.3
2024-02-24T00:00Z,ES,31.56
2024-02-24T01:00Z,ES,36.26
2024-02-24T02:00Z,ES,38.39
2024-02-24T03:00Z,ES,32.13
2024-02-24T04:00Z,ES,31.04
2024-02-24T05:00Z,ES,43.21
2024-02-24T06:00Z,ES,32.18
2024-02-24T07:00Z,ES,32.19
2024-02-24T08:00Z,ES,30.39
2024-02-24T09:00Z,ES,20.04
2024-02-24T10:00Z,ES,17.2
2024-02-24T11:00Z,ES,16.93
2024-02-24T12:00Z,ES,2.18
2024-02-24T13:00Z,ES,0.98
2024-02-24T14:00Z,ES,-0.87
2024-02-24T15:00Z,ES,13.8
2024-02-24T16:00Z,ES,-0.82
2024-02-24T17:00Z,ES,14.22
2024-02-24T18:00Z,ES,19.18
2024-02-24T19:00Z,ES,29.79
2024-02-24T20:00Z,ES,11.4
2024-02-24T21:00Z,ES,13.89
2024-02-24T22:00Z,ES,12.92
2024-02-24T23:00Z,ES,3.22
2024-02-25T00:00Z,ES,0.05
2024-02-25T01:00Z,ES,3.51
2024-02-25T02:00Z,ES,6.76
2024-02-25T03:00Z,ES,5.9
2024-02-25T04:00Z,ES,30.84
2024-02-25T05:00Z,ES,39.87
2024-02-25T06:00Z,ES,36.86
2024-02-25T07:00Z,ES,29.98
2024-02-25T08:00Z,ES,27.99
2024-02-25T09:00Z,ES,13.43
2024-02-25T10:00Z,ES,0.79
2024-02-25T11:00Z,ES,1.98
2024-02-25T12:00Z,ES,11.11
2024-02-25T13:00Z,ES,14.84
2024-02-25T14:00Z,ES,13.87
2024-02-25T15:00Z,ES,37.15
2024-02-25T16:00Z,ES,36.9
2024-02-25T17:00Z,ES,43.88
2024-02-25T18:00Z,ES,45.62
2024-02-25T19:00Z,ES,44.66
2024-02-25T20:00Z,ES,41.08
2024-02-25T21:00Z,ES,41.02
2024-02-25T22:00Z,ES,39.27
2024-02-25T23:00Z,ES,48.65
2024-02-26T00:00Z,ES,40.51
2024-02-26T01:00Z,ES,36.8
2024-02-26T02:00Z,ES,36.22
2024-02-26T03:00Z,ES,39.35
2024-02-26T04:00Z,ES,46.18
2024-02-26T05:00Z,ES,70.41
2024-02-26T06:00Z,ES,83.68
2024-02-26T07:00Z,ES,75.44
2024-02-26T08:00Z,ES,70.51
2024-02-26T09:00Z,ES,68.96
2024-02-26T10:00Z,ES,70.4
2024-02-26T11:00Z,ES,59.12
2024-02-26T12:00Z,ES,50.22
2024-02-26T13:00Z,ES,60.37
2024-02-26T14:00Z,ES,58.85
2024-02-26T15:00Z,ES,56.55
2024-02-26T16:00Z,ES,85.35
2024-02-26T17:00Z,ES,84.24
2024-02-26T18:00Z,ES,80.03
2024-02-26T19:00Z,ES,76.52
2024-02-26T20:00Z,ES,73.0
2024-02-26T21:00Z,ES,48.91
2024-02-26T22:00Z,ES,47.12
2024-02-26T23:00Z,ES,45.9
2024-02-27T00:00Z,ES,44.65
2024-02-27T01:00Z,ES,39.21
2024-02-27T02:00Z,ES,38.05
2024-02-27T03:00Z,ES,35.72
2024-02-27T04:00Z,ES,37.02
2024-02-27T05:00Z,ES,51.94
2024-02-27T06:00Z,ES,82.71
2024-02-27T07:00Z,ES,43.52
2024-02-27T08:00Z,ES,43.35
2024-02-27T09:00Z,ES,40.83
2024-02-27T10:00Z,ES,32.65
2024-02-27T11:00Z,ES,35.84
2024-02-27T12:00Z,ES,42.05
2024-02-27T13:00Z,ES,37.95
2024-02-27T14:00Z,ES,33.0
2024-02-27T15:00Z,ES,55.96
2024-02-27T16:00Z,ES,86.13
2024-02-27T17:00Z,ES,74.38
2024-02-27T18:00Z,ES,73.97
2024-02-27T19:00Z,ES,75.15
2024-02-27T20:00Z,ES,69.3
2024-02-27T21:00Z,ES,58.79
2024-02-27T22:00Z,ES,53.77
2024-02-27T23:00Z,ES,39.8
2024-02-28T00:00Z,ES,31.3
2024-02-28T01:00Z,ES,29.29
2024-02-28T02:00Z,ES,31.01
2024-02-28T03:00Z,ES,31.82
2024-02-28T04:00Z,ES,45.35
2024-02-28T05:00Z,ES,68.69
2024-02-28T06:00Z,ES,67.08
2024-02-28T07:00Z,ES,60.29
2024-02-28T08:00Z,ES,34.88
2024-02-28T09:00Z,ES,30.76
2024-02-28T10:00Z,ES,25.26
2024-02-28T11:00Z,ES,22.38
2024-02-28T12:00Z,ES,-1.16
2024-02-28T13:00Z,ES,31.71
2024-02-28T14:00Z,ES,41.76
2024-02-28T15:00Z,ES,51.37
2024-02-28T16:00Z,ES,70.94
2024-02-28T17:00Z,ES,64.72
2024-02-28T18:00Z,ES,58.1
2024-02-28T19:00Z,ES,57.02
2024-02-28T20:00Z,ES,56.8
2024-02-28T21:00Z,ES,54.22
2024-02-28T22:00Z,ES,52.62
2024-02-28T23:00Z,ES,50.35
2024-02-29T00:00Z,ES,49.8
2024-02-29T01:00Z,ES,37.34
2024-02-29T02:00Z,ES,35.26
2024-02-29T03:00Z,ES,38.11
2024-02-29T04:00Z,ES,65.69
2024-02-29T05:00Z,ES,69.14
2024-02-29T06:00Z,ES,73.29
2024-02-29T07:00Z,ES,63.9
2024-02-29T08:00Z,ES,45.18
2024-02-29T09:00Z,ES,26.42
2024-02-29T10:00Z,ES,20.46
2024-02-29T11:00Z,ES,21.73
2024-02-29T12:00Z,ES,23.07
2024-02-29T13:00Z,ES,24.6
2024-02-29T14:00Z,ES,44.59
2024-02-29T15:00Z,ES,51.1
2024-02-29T16:00Z,ES,40.2
2024-02-29T17:00Z,ES,79.2
2024-02-29T18:00Z,ES,64.15
2024-02-29T19:00Z,ES,60.61
2024-02-29T20:00Z,ES,61.45
2024-02-29T21:00Z,ES,31.01
2024-02-29T22:00Z,ES,32.53
2024-02-29T23:00Z,ES,27.35
2024-03-01T00:00Z,ES,26.51
2024-03-01T01:00Z,ES,26.14
2024-03-01T02:00Z,ES,24.85
2024-03-01T03:00Z,ES,25.81
2024-03-01T04:00Z,ES,31.93
2024-03-01T05:00Z,ES,31.82
2024-03-01T06:00Z,ES,42.51
2024-03-01T07:00Z,ES,28.78
2024-03-01T08:00Z,ES,27.25
2024-03-01T09:00Z,ES,3.49
2024-03-01T10:00Z,ES,-0.45
2024-03-01T11:00Z,ES,-1.63
2024-03-01T12:00Z,ES,-3.52
2024-03-01T13:00Z,ES,0.82
2024-03-01T14:00Z,ES,5.18
2024-03-01T15:00Z,ES,11.61
2024-03-01T16:00Z,ES,37.33
2024-03-01T17:00Z,ES,34.94
2024-03-01T18:00Z,ES,33.49
2024-03-01T19:00Z,ES,29.34
2024-03-01T20:00Z,ES,27.16
2024-03-01T21:00Z,ES,26.36
2024-03-01T22:00Z,ES,25.93
2024-03-01T23:00Z,ES,10.42
2024-03-02T00:00Z,ES,32.53
2024-03-02T01:00Z,ES,26.99
2024-03-02T02:00Z,ES,22.75
2024-03-02T03:00Z,ES,21.91
2024-03-02T04:00Z,ES,30.65
2024-03-02T05:00Z,ES,37.79
2024-03-02T06:00Z,ES,37.95
2024-03-02T07:00Z,ES,27.11
2024-03-02T08:00Z,ES,25.55
2024-03-02T09:00Z,ES,0.26
2024-03-02T10:00Z,ES,-2.2
2024-03-02T11:00Z,ES,-0.81
2024-03-02T12:00Z,ES,-0.27
2024-03-02T13:00Z,ES,5.09
2024-03-02T14:00Z,ES,2.9
2024-03-02T15:00Z,ES,-0.61
2024-03-02T16:00Z,ES,43.25
2024-03-02T17:00Z,ES,48.63
2024-03-02T18:00Z,ES,33.46
2024-03-02T19:00Z,ES,30.57
2024-03-02T20:00Z,ES,27.85
2024-03-02T21:00Z,ES,30.12
2024-03-02T22:00Z,ES,1.51
2024-03-02T23:00Z,ES,2.33
2024-03-03T00:00Z,ES,3.45
2024-03-03T01:00Z,ES,0.45
2024-03-03T02:00Z,ES,34.03
2024-03-03T03:00Z,ES,40.06
2024-03-03T04:00Z,ES,38.98
2024-03-03T05:00Z,ES,37.34
2024-03-03T06:00Z,ES,50.08
2024-03-03T07:00Z,ES,33.82
2024-03-03T08:00Z,ES,26.14
2024-03-03T09:00Z,ES,24.99
2024-03-03T10:00Z,ES,-0.59
2024-03-03T11:00Z,ES,7.96
2024-03-03T12:00Z,ES,-0.61
2024-03-03T13:00Z,ES,2.45
2024-03-03T14:00Z,ES,8.54
2024-03-03T15:00Z,ES,33.8
2024-03-03T16:00Z,ES,29.07
2024-03-03T17:00Z,ES,42.84
2024-03-03T18:00Z,ES,36.81
2024-03-03T19:00Z,ES,29.93
2024-03-03T20:00Z,ES,37.62
2024-03-03T21:00Z,ES,43.07
2024-03-03T22:00Z,ES,32.57
2024-03-03T23:00Z,ES,79.43
2024-03-04T00:00Z,ES,37.72
2024-03-04T01:00Z,ES,36.23
2024-03-04T02:00Z,ES,42.56
2024-03-04T03:00Z,ES,37.69
2024-03-04T04:00Z,ES,45.06
2024-03-04T05:00Z,ES,79.59
2024-03-04T06:00Z,ES,70.14
2024-03-04T07:00Z,ES,36.29
2024-03-04T08:00Z,ES,29.7
2024-03-04T09:00Z,ES,25.87
2024-03-04T10:00Z,ES,13.23
2024-03-04T11:00Z,ES,26.31
2024-03-04T12:00Z,ES,-3.12
2024-03-04T13:00Z,ES,31.48
2024-03-04T14:00Z,ES,28.4
2024-03-04T15:00Z,ES,49.1
2024-03-04T16:00Z,ES,108.34
2024-03-04T17:00Z,ES,94.78
2024-03-04T18:00Z,ES,85.0
2024-03-04T19:00Z,ES,83.54
2024-03-04T20:00Z,ES,84.79
2024-03-04T21:00Z,ES,87.05
2024-03-04T22:00Z,ES,77.47
2024-03-04T23:00Z,ES,76.29
2024-03-05T00:00Z,ES,55.03
2024-03-05T01:00Z,ES,46.74
2024-03-05T02:00Z,ES,58.15
2024-03-05T03:00Z,ES,34.99
2024-03-05T04:00Z,ES,74.39
2024-03-05T05:00Z,ES,84.05
2024-03-05T06:00Z,ES,87.0
2024-03-05T07:00Z,ES,81.68
2024-03-05T08:00Z,ES,81.42
2024-03-05T09:00Z,ES,76.1
2024-03-05T10:00Z,ES,76.17
2024-03-05T11:00Z,ES,41.4
2024-03-05T12:00Z,ES,40.44
2024-03-05T13:00Z,ES,40.1
2024-03-05T14:00Z,ES,83.4
2024-03-05T15:00Z,ES,89.51
2024-03-05T16:00Z,ES,98.17
2024-03-05T17:00Z,ES,94.23
2024-03-05T18:00Z,ES,78.6
2024-03-05T19:00Z,ES,73.91
2024-03-05T20:00Z,ES,36.38
2024-03-05T21:00Z,ES,36.47
2024-03-05T22:00Z,ES,38.13
2024-03-05T23:00Z,ES,35.28
2024-03-06T00:00Z,ES,30.11
2024-03-06T01:00Z,ES,29.33
2024-03-06T02:00Z,ES,30.47
2024-03-06T03:00Z,ES,38.52
2024-03-06T04:00Z,ES,63.84
2024-03-06T05:00Z,ES,80.17
2024-03-06T06:00Z,ES,78.88
2024-03-06T07:00Z,ES,70.2
2024-03-06T08:00Z,ES,69.01
2024-03-06T09:00Z,ES,63.65
2024-03-06T10:00Z,ES,34.23
2024-03-06T11:00Z,ES,32.68
2024-03-06T12:00Z,ES,26.09
2024-03-06T13:00Z,ES,26.49
2024-03-06T14:00Z,ES,39.6
2024-03-06T15:00Z,ES,31.89
2024-03-06T16:00Z,ES,74.88
2024-03-06T17:00Z,ES,65.7
2024-03-06T18:00Z,ES,62.18
2024-03-06T19:00Z,ES,64.44
2024-03-06T20:00Z,ES,64.44
2024-03-06T21:00Z,ES,34.04
2024-03-06T22:00Z,ES,33.8
2024-03-06T23:00Z,ES,29.56
2024-03-07T00:00Z,ES,27.86
2024-03-07T01:00Z,ES,27.08
2024-03-07T02:00Z,ES,26.37
2024-03-07T03:00Z,ES,25.54
2024-03-07T04:00Z,ES,35.73
2024-03-07T05:00Z,ES,47.79
2024-03-07T06:00Z,ES,36.21
2024-03-07T07:00Z,ES,30.41
2024-03-07T08:00Z,ES,23.3
2024-03-07T09:00Z,ES,2.41
2024-03-07T10:00Z,ES,2.32
2024-03-07T11:00Z,ES,1.85
2024-03-07T12:00Z,ES,9.98
2024-03-07T13:00Z,ES,-0.41
2024-03-07T14:00Z,ES,6.57
2024-03-07T15:00Z,ES,12.23
2024-03-07T16:00Z,ES,28.12
2024-03-07T17:00Z,ES,40.49
2024-03-07T18:00Z,ES,51.84
2024-03-07T19:00Z,ES,31.65
2024-03-07T20:00Z,ES,34.18
2024-03-07T21:00Z,ES,27.29
2024-03-07T22:00Z,ES,23.37
2024-03-07T23:00Z,ES,33.92
2024-03-08T00:00Z,ES,29.37
2024-03-08T01:00Z,ES,28.72
2024-03-08T02:00Z,ES,28.77
2024-03-08T03:00Z,ES,27.77
2024-03-08T04:00Z,ES,32.93
2024-03-08T05:00Z,ES,49.19
2024-03-08T06:00Z,ES,78.67
2024-03-08T07:00Z,ES,66.3
2024-03-08T08:00Z,ES,58.74
2024-03-08T09:00Z,ES,32.52
2024-03-08T10:00Z,ES,26.4
2024-03-08T11:00Z,ES,26.8
2024-03-08T12:00Z,ES,31.31
2024-03-08T13:00Z,ES,38.22
2024-03-08T14:00Z,ES,42.13
2024-03-08T15:00Z,ES,79.68
2024-03-08T16:00Z,ES,86.09
2024-03-08T17:00Z,ES,83.47
2024-03-08T18:00Z,ES,75.77
2024-03-08T19:00Z,ES,69.07
2024-03-08T20:00Z,ES,70.35
2024-03-08T21:00Z,ES,65.32
2024-03-08T22:00Z,ES,51.63
2024-03-08T23:00Z,ES,29.39
2024-03-09T00:00Z,ES,26.39
2024-03-09T01:00Z,ES,26.59
2024-03-09T02:00Z,ES,30.76
2024-03-09T03:00Z,ES,30.62
2024-03-09T04:00Z,ES,32.63
2024-03-09T05:00Z,ES,33.35
2024-03-09T06:00Z,ES,53.25
2024-03-09T07:00Z,ES,52.57
2024-03-09T08:00Z,ES,33.52
2024-03-09T09:00Z,ES,28.12
2024-03-09T10:00Z,ES,25.07
2024-03-09T11:00Z,ES,25.52
2024-03-09T12:00Z,ES,22.7
2024-03-09T13:00Z,ES,27.53
2024-03-09T14:00Z,ES,24.47
2024-03-09T15:00Z,ES,31.6
2024-03-09T16:00Z,ES,43.69
2024-03-09T17:00Z,ES,58.4
2024-03-09T18:00Z,ES,58.41
2024-03-09T19:00Z,ES,51.77
2024-03-09T20:00Z,ES,32.96
2024-03-09T21:00Z,ES,45.21
2024-03-09T22:00Z,ES,31.77
2024-03-09T23:00Z,ES,30.59
2024-03-10T00:00Z,ES,29.02
2024-03-10T01:00Z,ES,30.86
2024-03-10T02:00Z,ES,34.5
2024-03-10T03:00Z,ES,28.57
2024-03-10T04:00Z,ES,31.38
2024-03-10T05:00Z,ES,37.31
2024-03-10T06:00Z,ES,33.39
2024-03-10T07:00Z,ES,29.71
2024-03-10T08:00Z,ES,29.88
2024-03-10T09:00Z,ES,22.02
2024-03-10T10:00Z,ES,1.8
2024-03-10T11:00Z,ES,22.87
2024-03-10T12:00Z,ES,3.7
2024-03-10T13:00Z,ES,28.45
2024-03-10T14:00Z,ES,30.68
2024-03-10T15:00Z,ES,37.06
2024-03-10T16:00Z,ES,45.25
2024-03-10T17:00Z,ES,44.47
2024-03-10T18:00Z,ES,41.02
2024-03-10T19:00Z,ES,36.72
2024-03-10T20:00Z,ES,31.2
2024-03-10T21:00Z,ES,31.72
2024-03-10T22:00Z,ES,33.85
2024-03-10T23:00Z,ES,59.74
2024-03-11T00:00Z,ES,38.13
2024-03-11T01:00Z,ES,34.65
2024-03-11T02:00Z,ES,29.41
2024-03-11T03:00Z,ES,28.08
2024-03-11T04:00Z,ES,30.92
2024-03-11T05:00Z,ES,67.47
2024-03-11T06:00Z,ES,79.29
2024-03-11T07:00Z,ES,65.27
2024-03-11T08:00Z,ES,65.93
2024-03-11T09:00Z,ES,30.11
2024-03-11T10:00Z,ES,26.22
2024-03-11T11:00Z,ES,23.8
2024-03-11T12:00Z,ES,23.68
2024-03-11T13:00Z,ES,31.71
2024-03-11T14:00Z,ES,30.3
2024-03-11T15:00Z,ES,42.63
2024-03-11T16:00Z,ES,79.48
2024-03-11T17:00Z,ES,78.63
2024-03-11T18:00Z,ES,79.45
2024-03-11T19:00Z,ES,71.18
2024-03-11T20:00Z,ES,70.27
2024-03-11T21:00Z,ES,64.88
2024-03-11T22:00Z,ES,58.36
2024-03-11T23:00Z,ES,34.5
2024-03-12T00:00Z,ES,34.65
2024-03-12T01:00Z,ES,31.82
2024-03-12T02:00Z,ES,36.47
2024-03-12T03:00Z,ES,32.14
2024-03-12T04:00Z,ES,32.81
2024-03-12T05:00Z,ES,83.03
2024-03-12T06:00Z,ES,79.39
2024-03-12T07:00Z,ES,70.25
2024-03-12T08:00Z,ES,72.75
2024-03-12T09:00Z,ES,35.54
2024-03-12T10:00Z,ES,32.15
2024-03-12T11:00Z,ES,30.15
2024-03-12T12:00Z,ES,24.76
2024-03-12T13:00Z,ES,21.01
2024-03-12T14:00Z,ES,-1.46
2024-03-12T15:00Z,ES,28.48
2024-03-12T16:00Z,ES,39.26
2024-03-12T17:00Z,ES,43.48
2024-03-12T18:00Z,ES,33.62
2024-03-12T19:00Z,ES,44.48
2024-03-12T20:00Z,ES,31.4
2024-03-12T21:00Z,ES,33.05
2024-03-12T22:00Z,ES,36.28
2024-03-12T23:00Z,ES,29.03
2024-03-13T00:00Z,ES,28.75
2024-03-13T01:00Z,ES,35.73
2024-03-13T02:00Z,ES,37.6
2024-03-13T03:00Z,ES,36.28
2024-03-13T04:00Z,ES,39.65
2024-03-13T05:00Z,ES,60.47
2024-03-13T06:00Z,ES,85.87
2024-03-13T07:00Z,ES,74.83
2024-03-13T08:00Z,ES,71.3
2024-03-13T09:00Z,ES,36.11
2024-03-13T10:00Z,ES,35.94
2024-03-13T11:00Z,ES,34.42
2024-03-13T12:00Z,ES,31.72
2024-03-13T13:00Z,ES,34.23
2024-03-13T14:00Z,ES,42.1
2024-03-13T15:00Z,ES,61.0
2024-03-13T16:00Z,ES,84.94
2024-03-13T17:00Z,ES,83.27
2024-03-13T18:00Z,ES,75.73
2024-03-13T19:00Z,ES,68.41
2024-03-13T20:00Z,ES,57.31
2024-03-13T21:00Z,ES,33.92
2024-03-13T22:00Z,ES,51.7
2024-03-13T23:00Z,ES,36.77
2024-03-14T00:00Z,ES,33.48
2024-03-14T01:00Z,ES,30.71
2024-03-14T02:00Z,ES,30.0
2024-03-14T03:00Z,ES,31.25
2024-03-14T04:00Z,ES,36.54
2024-03-14T05:00Z,ES,58.82
2024-03-14T06:00Z,ES,68.57
2024-03-14T07:00Z,ES,65.5
2024-03-14T08:00Z,ES,30.22
2024-03-14T09:00Z,ES,27.43
2024-03-14T10:00Z,ES,22.54
2024-03-14T11:00Z,ES,29.17
2024-03-14T12:00Z,ES,29.91
2024-03-14T13:00Z,ES,25.49
2024-03-14T14:00Z,ES,35.37
2024-03-14T15:00Z,ES,33.02
2024-03-14T16:00Z,ES,63.21
2024-03-14T17:00Z,ES,70.25
2024-03-14T18:00Z,ES,63.33
2024-03-14T19:00Z,ES,55.38
2024-03-14T20:00Z,ES,58.54
2024-03-14T21:00Z,ES,55.2
2024-03-14T22:00Z,ES,30.17
2024-03-14T23:00Z,ES,28.27
2024-03-15T00:00Z,ES,35.7
2024-03-15T01:00Z,ES,29.55
2024-03-15T02:00Z,ES,25.28
2024-03-15T03:00Z,ES,35.99
2024-03-15T04:00Z,ES,37.67
2024-03-15T05:00Z,ES,74.11
2024-03-15T06:00Z,ES,78.22
2024-03-15T07:00Z,ES,76.4
2024-03-15T08:00Z,ES,74.76
2024-03-15T09:00Z,ES,34.3
2024-03-15T10:00Z,ES,32.57
2024-03-15T11:00Z,ES,25.78
2024-03-15T12:00Z,ES,25.96
2024-03-15T13:00Z,ES,24.14
2024-03-15T14:00Z,ES,23.4
2024-03-15T15:00Z,ES,42.56
2024-03-15T16:00Z,ES,41.6
2024-03-15T17:00Z,ES,84.67
2024-03-15T18:00Z,ES,82.1
2024-03-15T19:00Z,ES,34.7
2024-03-15T20:00Z,ES,32.9
2024-03-15T21:00Z,ES,27.92
2024-03-15T22:00Z,ES,28.22
2024-03-15T23:00Z,ES,19.79
2024-03-16T00:00Z,ES,20.51
2024-03-16T01:00Z,ES,19.85
2024-03-16T02:00Z,ES,18.15
2024-03-16T03:00Z,ES,14.9
2024-03-16T04:00Z,ES,15.53
2024-03-16T05:00Z,ES,40.5
2024-03-16T06:00Z,ES,33.66
2024-03-16T07:00Z,ES,21.75
2024-03-16T08:00Z,ES,19.26
2024-03-16T09:00Z,ES,12.83
2024-03-16T10:00Z,ES,3.58
2024-03-16T11:00Z,ES,2.36
2024-03-16T12:00Z,ES,3.44
2024-03-16T13:00Z,ES,2.42
2024-03-16T14:00Z,ES,18.27
2024-03-16T15:00Z,ES,29.64
2024-03-16T16:00Z,ES,30.97
2024-03-16T17:00Z,ES,27.89
2024-03-16T18:00Z,ES,26.47
2024-03-16T19:00Z,ES,4.12
2024-03-16T20:00Z,ES,3.32
2024-03-16T21:00Z,ES,0.38
2024-03-16T22:00Z,ES,0.21
2024-03-16T23:00Z,ES,-2.27
2024-03-17T00:00Z,ES,0.84
2024-03-17T01:00Z,ES,2.72
2024-03-17T02:00Z,ES,2.24
2024-03-17T03:00Z,ES,9.3
2024-03-17T04:00Z,ES,5.42
2024-03-17T05:00Z,ES,15.97
2024-03-17T06:00Z,ES,27.98
2024-03-17T07:00Z,ES,18.61
2024-03-17T08:00Z,ES,-3.12
2024-03-17T09:00Z,ES,-2.82
2024-03-17T10:00Z,ES,-3.43
2024-03-17T11:00Z,ES,-0.07
2024-03-17T12:00Z,ES,6.76
2024-03-17T13:00Z,ES,2.25
2024-03-17T14:00Z,ES,24.83
2024-03-17T15:00Z,ES,28.99
2024-03-17T16:00Z,ES,42.07
2024-03-17T17:00Z,ES,38.38
2024-03-17T18:00Z,ES,34.06
2024-03-17T19:00Z,ES,31.88
2024-03-17T20:00Z,ES,31.98
2024-03-17T21:00Z,ES,28.37
2024-03-17T22:00Z,ES,30.67
2024-03-17T23:00Z,ES,39.24
2024-03-18T00:00Z,ES,25.36
2024-03-18T01:00Z,ES,21.47
2024-03-18T02:00Z,ES,32.39
2024-03-18T03:00Z,ES,33.17
2024-03-18T04:00Z,ES,37.85
2024-03-18T05:00Z,ES,62.71
2024-03-18T06:00Z,ES,71.1
2024-03-18T07:00Z,ES,27.24
2024-03-18T08:00Z,ES,51.31
2024-03-18T09:00Z,ES,30.11
2024-03-18T10:00Z,ES,25.7
2024-03-18T11:00Z,ES,24.94
2024-03-18T12:00Z,ES,22.12
2024-03-18T13:00Z,ES,33.96
2024-03-18T14:00Z,ES,33.12
2024-03-18T15:00Z,ES,45.58
2024-03-18T16:00Z,ES,89.02
2024-03-18T17:00Z,ES,86.99
2024-03-18T18:00Z,ES,76.94
2024-03-18T19:00Z,ES,71.33
2024-03-18T20:00Z,ES,71.65
2024-03-18T21:00Z,ES,71.01
2024-03-18T22:00Z,ES,31.01
2024-03-18T23:00Z,ES,29.35
2024-03-19T00:00Z,ES,26.66
2024-03-19T01:00Z,ES,27.3
2024-03-19T02:00Z,ES,26.39
2024-03-19T03:00Z,ES,23.57
2024-03-19T04:00Z,ES,31.15
2024-03-19T05:00Z,ES,46.82
2024-03-19T06:00Z,ES,50.14
2024-03-19T07:00Z,ES,26.68
2024-03-19T08:00Z,ES,27.14
2024-03-19T09:00Z,ES,27.93
2024-03-19T10:00Z,ES,23.82
2024-03-19T11:00Z,ES,13.14
2024-03-19T12:00Z,ES,1.72
2024-03-19T13:00Z,ES,23.3
2024-03-19T14:00Z,ES,34.37
2024-03-19T15:00Z,ES,28.07
2024-03-19T16:00Z,ES,96.31
2024-03-19T17:00Z,ES,89.29
2024-03-19T18:00Z,ES,77.02
2024-03-19T19:00Z,ES,74.81
2024-03-19T20:00Z,ES,32.24
2024-03-19T21:00Z,ES,29.33
2024-03-19T22:00Z,ES,25.12
2024-03-19T23:00Z,ES,22.55
2024-03-20T00:00Z,ES,22.31
2024-03-20T01:00Z,ES,24.03
2024-03-20T02:00Z,ES,25.48
2024-03-20T03:00Z,ES,18.41
2024-03-20T04:00Z,ES,40.18
2024-03-20T05:00Z,ES,26.97
2024-03-20T06:00Z,ES,57.76
2024-03-20T07:00Z,ES,46.72
2024-03-20T08:00Z,ES,19.19
2024-03-20T09:00Z,ES,23.28
2024-03-20T10:00Z,ES,22.71
2024-03-20T11:00Z,ES,3.22
2024-03-20T12:00Z,ES,-0.41
2024-03-20T13:00Z,ES,23.11
2024-03-20T14:00Z,ES,22.43
2024-03-20T15:00Z,ES,25.58
2024-03-20T16:00Z,ES,40.18
2024-03-20T17:00Z,ES,61.32
2024-03-20T18:00Z,ES,59.98
2024-03-20T19:00Z,ES,52.55
2024-03-20T20:00Z,ES,26.75
2024-03-20T21:00Z,ES,26.21
2024-03-20T22:00Z,ES,21.49
2024-03-20T23:00Z,ES,15.6
2024-03-21T00:00Z,ES,15.41
2024-03-21T01:00Z,ES,10.46
2024-03-21T02:00Z,ES,4.75
2024-03-21T03:00Z,ES,5.56
2024-03-21T04:00Z,ES,12.74
2024-03-21T05:00Z,ES,36.2
2024-03-21T06:00Z,ES,28.93
2024-03-21T07:00Z,ES,20.56
2024-03-21T08:00Z,ES,15.21
2024-03-21T09:00Z,ES,8.06
2024-03-21T10:00Z,ES,-1.61
2024-03-21T11:00Z,ES,-0.66
2024-03-21T12:00Z,ES,0.9
2024-03-21T13:00Z,ES,0.04
2024-03-21T14:00Z,ES,8.35
2024-03-21T15:00Z,ES,30.66
2024-03-21T16:00Z,ES,21.12
2024-03-21T17:00Z,ES,19.21
2024-03-21T18:00Z,ES,26.08
2024-03-21T19:00Z,ES,22.2
2024-03-21T20:00Z,ES,18.65
2024-03-21T21:00Z,ES,17.31
2024-03-21T22:00Z,ES,21.56
2024-03-21T23:00Z,ES,12.05
2024-03-22T00:00Z,ES,9.71
2024-03-22T01:00Z,ES,9.44
2024-03-22T02:00Z,ES,3.02
2024-03-22T03:00Z,ES,15.22
2024-03-22T04:00Z,ES,28.89
2024-03-22T05:00Z,ES,38.54
2024-03-22T06:00Z,ES,41.97
2024-03-22T07:00Z,ES,31.31
2024-03-22T08:00Z,ES,30.22
2024-03-22T09:00Z,ES,28.62
2024-03-22T10:00Z,ES,25.03
2024-03-22T11:00Z,ES,21.14
2024-03-22T12:00Z,ES,20.41
2024-03-22T13:00Z,ES,19.18
2024-03-22T14:00Z,ES,24.03
2024-03-22T15:00Z,ES,22.71
2024-03-22T16:00Z,ES,47.89
2024-03-22T17:00Z,ES,57.35
2024-03-22T18:00Z,ES,51.41
2024-03-22T19:00Z,ES,41.81
2024-03-22T20:00Z,ES,22.97
2024-03-22T21:00Z,ES,24.76
2024-03-22T22:00Z,ES,22.35
2024-03-22T23:00Z,ES,16.3
2024-03-23T00:00Z,ES,18.91
2024-03-23T01:00Z,ES,16.36
2024-03-23T02:00Z,ES,22.56
2024-03-23T03:00Z,ES,23.91
2024-03-23T04:00Z,ES,21.5
2024-03-23T05:00Z,ES,40.99
2024-03-23T06:00Z,ES,24.64
2024-03-23T07:00Z,ES,20.41
2024-03-23T08:00Z,ES,1.23
2024-03-23T09:00Z,ES,1.18
2024-03-23T10:00Z,ES,0.71
2024-03-23T11:00Z,ES,1.68
2024-03-23T12:00Z,ES,4.3
2024-03-23T13:00Z,ES,1.33
2024-03-23T14:00Z,ES,5.85
2024-03-23T15:00Z,ES,25.55
2024-03-23T16:00Z,ES,38.34
2024-03-23T17:00Z,ES,33.8
2024-03-23T18:00Z,ES,32.24
2024-03-23T19:00Z,ES,56.48
2024-03-23T20:00Z,ES,53.43
2024-03-23T21:00Z,ES,41.6
2024-03-23T22:00Z,ES,27.78
2024-03-23T23:00Z,ES,25.33
2024-03-24T00:00Z,ES,27.37
2024-03-24T01:00Z,ES,25.48
2024-03-24T02:00Z,ES,26.57
2024-03-24T03:00Z,ES,23.29
2024-03-24T04:00Z,ES,30.19
2024-03-24T05:00Z,ES,30.0
2024-03-24T06:00Z,ES,28.64
2024-03-24T07:00Z,ES,24.81
2024-03-24T08:00Z,ES,22.73
2024-03-24T09:00Z,ES,18.94
2024-03-24T10:00Z,ES,-0.08
2024-03-24T11:00Z,ES,0.01
2024-03-24T12:00Z,ES,-3.65
2024-03-24T13:00Z,ES,0.49
2024-03-24T14:00Z,ES,4.46
2024-03-24T15:00Z,ES,23.69
2024-03-24T16:00Z,ES,31.5
2024-03-24T17:00Z,ES,31.94
2024-03-24T18:00Z,ES,33.79
2024-03-24T19:00Z,ES,36.78
2024-03-24T20:00Z,ES,40.58
2024-03-24T21:00Z,ES,25.99
2024-03-24T22:00Z,ES,28.85
2024-03-24T23:00Z,ES,36.27
2024-03-25T00:00Z,ES,28.15
2024-03-25T01:00Z,ES,28.33
2024-03-25T02:00Z,ES,32.16
2024-03-25T03:00Z,ES,31.42
2024-03-25T04:00Z,ES,37.47
2024-03-25T05:00Z,ES,78.17
2024-03-25T06:00Z,ES,59.16
2024-03-25T07:00Z,ES,50.63
2024-03-25T08:00Z,ES,45.88
2024-03-25T09:00Z,ES,20.08
2024-03-25T10:00Z,ES,18.15
2024-03-25T11:00Z,ES,19.78
2024-03-25T12:00Z,ES,19.22
2024-03-25T13:00Z,ES,18.65
2024-03-25T14:00Z,ES,25.12
2024-03-25T15:00Z,ES,29.7
2024-03-25T16:00Z,ES,46.78
2024-03-25T17:00Z,ES,48.72
2024-03-25T18:00Z,ES,75.52
2024-03-25T19:00Z,ES,43.78
2024-03-25T20:00Z,ES,22.46
2024-03-25T21:00Z,ES,17.61
2024-03-25T22:00Z,ES,13.93
2024-03-25T23:00Z,ES,-1.57
2024-03-26T00:00Z,ES,-1.31
2024-03-26T01:00Z,ES,-0.95
2024-03-26T02:00Z,ES,-5.3
2024-03-26T03:00Z,ES,-3.01
2024-03-26T04:00Z,ES,4.72
2024-03-26T05:00Z,ES,5.29
2024-03-26T06:00Z,ES,2.36
2024-03-26T07:00Z,ES,-0.72
2024-03-26T08:00Z,ES,0.83
2024-03-26T09:00Z,ES,-1.97
2024-03-26T10:00Z,ES,-0.56
2024-03-26T11:00Z,ES,-1.39
2024-03-26T12:00Z,ES,-0.24
2024-03-26T13:00Z,ES,10.39
2024-03-26T14:00Z,ES,17.43
2024-03-26T15:00Z,ES,35.13
2024-03-26T16:00Z,ES,31.51
2024-03-26T17:00Z,ES,38.31
2024-03-26T18:00Z,ES,29.74
2024-03-26T19:00Z,ES,22.59
2024-03-26T20:00Z,ES,22.04
2024-03-26T21:00Z,ES,16.87
2024-03-26T22:00Z,ES,20.17
2024-03-26T23:00Z,ES,19.28
2024-03-27T00:00Z,ES,15.46
2024-03-27T01:00Z,ES,15.79
2024-03-27T02:00Z,ES,15.54
2024-03-27T03:00Z,ES,14.41
2024-03-27T04:00Z,ES,17.74
2024-03-27T05:00Z,ES,45.92
2024-03-27T06:00Z,ES,29.63
2024-03-27T07:00Z,ES,25.98
2024-03-27T08:00Z,ES,21.15
2024-03-27T09:00Z,ES,19.53
2024-03-27T10:00Z,ES,23.8
2024-03-27T11:00Z,ES,18.96
2024-03-27T12:00Z,ES,20.85
2024-03-27T13:00Z,ES,22.17
2024-03-27T14:00Z,ES,27.5
2024-03-27T15:00Z,ES,37.3
2024-03-27T16:00Z,ES,30.96
2024-03-27T17:00Z,ES,34.87
2024-03-27T18:00Z,ES,39.74
2024-03-27T19:00Z,ES,35.06
2024-03-27T20:00Z,ES,32.44
2024-03-27T21:00Z,ES,22.17
2024-03-27T22:00Z,ES,23.65
2024-03-27T23:00Z,ES,25.74
2024-03-28T00:00Z,ES,24.3
2024-03-28T01:00Z,ES,24.49
2024-03-28T02:00Z,ES,22.7
2024-03-28T03:00Z,ES,19.76
2024-03-28T04:00Z,ES,28.66
2024-03-28T05:00Z,ES,32.82
2024-03-28T06:00Z,ES,60.18
2024-03-28T07:00Z,ES,64.71
2024-03-28T08:00Z,ES,67.97
2024-03-28T09:00Z,ES,22.89
2024-03-28T10:00Z,ES,24.94
2024-03-28T11:00Z,ES,20.56
2024-03-28T12:00Z,ES,17.68
2024-03-28T13:00Z,ES,30.14
2024-03-28T14:00Z,ES,36.07
2024-03-28T15:00Z,ES,32.6
2024-03-28T16:00Z,ES,33.99
2024-03-28T17:00Z,ES,79.62
2024-03-28T18:00Z,ES,74.64
2024-03-28T19:00Z,ES,65.61
2024-03-28T20:00Z,ES,23.68
2024-03-28T21:00Z,ES,26.43
2024-03-28T22:00Z,ES,23.26
2024-03-28T23:00Z,ES,22.71
2024-03-29T00:00Z,ES,25.21
2024-03-29T01:00Z,ES,20.46
2024-03-29T02:00Z,ES,17.61
2024-03-29T03:00Z,ES,18.95
2024-03-29T04:00Z,ES,24.78
2024-03-29T05:00Z,ES,25.4
2024-03-29T06:00Z,ES,27.49
2024-03-29T07:00Z,ES,20.49
2024-03-29T08:00Z,ES,21.38
2024-03-29T09:00Z,ES,20.35
2024-03-29T10:00Z,ES,15.22
2024-03-29T11:00Z,ES,21.5
2024-03-29T12:00Z,ES,22.06
2024-03-29T13:00Z,ES,20.63
2024-03-29T14:00Z,ES,24.0
2024-03-29T15:00Z,ES,29.08
2024-03-29T16:00Z,ES,30.06
2024-03-29T17:00Z,ES,30.01
2024-03-29T18:00Z,ES,43.92
2024-03-29T19:00Z,ES,27.65
2024-03-29T20:00Z,ES,28.32
2024-03-29T21:00Z,ES,26.75
2024-03-29T22:00Z,ES,25.17
2024-03-29T23:00Z,ES,24.11
2024-03-30T00:00Z,ES,21.08
2024-03-30T01:00Z,ES,19.72
2024-03-30T02:00Z,ES,19.5
2024-03-30T03:00Z,ES,18.17
2024-03-30T04:00Z,ES,17.85
2024-03-30T05:00Z,ES,28.88
2024-03-30T06:00Z,ES,24.78
2024-03-30T07:00Z,ES,20.97
2024-03-30T08:00Z,ES,15.54
2024-03-30T09:00Z,ES,18.87
2024-03-30T10:00Z,ES,20.24
2024-03-30T11:00Z,ES,24.1
2024-03-30T12:00Z,ES,28.21
2024-03-30T13:00Z,ES,27.73
2024-03-30T14:00Z,ES,30.62
2024-03-30T15:00Z,ES,33.74
2024-03-30T16:00Z,ES,35.78
2024-03-30T17:00Z,ES,33.51
2024-03-30T18:00Z,ES,36.11
2024-03-30T19:00Z,ES,23.95
2024-03-30T20:00Z,ES,28.3
2024-03-30T21:00Z,ES,24.93
2024-03-30T22:00Z,ES,22.06
2024-03-30T23:00Z,ES,23.23
2024-03-31T00:00Z,ES,21.61
2024-03-31T01:00Z,ES,20.92
2024-03-31T02:00Z,ES,24.28
2024-03-31T03:00Z,ES,23.77
2024-03-31T04:00Z,ES,30.23
2024-03-31T05:00Z,ES,28.23
2024-03-31T06:00Z,ES,27.13
2024-03-31T07:00Z,ES,22.94
2024-03-31T08:00Z,ES,22.37
2024-03-31T09:00Z,ES,26.72
2024-03-31T10:00Z,ES,20.18
2024-03-31T11:00Z,ES,16.98
2024-03-31T12:00Z,ES,17.11
2024-03-31T13:00Z,ES,18.75
2024-03-31T14:00Z,ES,25.61
2024-03-31T15:00Z,ES,28.78
2024-03-31T16:00Z,ES,29.39
2024-03-31T17:00Z,ES,32.96
2024-03-31T18:00Z,ES,30.7
2024-03-31T19:00Z,ES,27.26
2024-03-31T20:00Z,ES,27.37
2024-03-31T21:00Z,ES,26.72
2024-03-31T22:00Z,ES,37.81
2024-03-31T23:00Z,ES,30.81
2024-04-01T00:00Z,ES,28.11
2024-04-01T01:00Z,ES,29.46
2024-04-01T02:00Z,ES,28.89
2024-04-01T03:00Z,ES,34.6
2024-04-01T04:00Z,ES,38.77
2024-04-01T05:00Z,ES,113.55
2024-04-01T06:00Z,ES,98.37
2024-04-01T07:00Z,ES,89.35
2024-04-01T08:00Z,ES,29.41
2024-04-01T09:00Z,ES,28.07
2024-04-01T10:00Z,ES,26.19
2024-04-01T11:00Z,ES,24.14
2024-04-01T12:00Z,ES,24.67
2024-04-01T13:00Z,ES,22.8
2024-04-01T14:00Z,ES,27.67
2024-04-01T15:00Z,ES,34.73
2024-04-01T16:00Z,ES,36.37
2024-04-01T17:00Z,ES,96.48
2024-04-01T18:00Z,ES,95.15
2024-04-01T19:00Z,ES,28.47
2024-04-01T20:00Z,ES,22.71
2024-04-01T21:00Z,ES,24.11
2024-04-01T22:00Z,ES,23.0
2024-04-01T23:00Z,ES,22.72
2024-04-02T00:00Z,ES,19.27
2024-04-02T01:00Z,ES,24.03
2024-04-02T02:00Z,ES,24.48
2024-04-02T03:00Z,ES,29.64
2024-04-02T04:00Z,ES,40.6
2024-04-02T05:00Z,ES,60.01
2024-04-02T06:00Z,ES,74.73
2024-04-02T07:00Z,ES,41.31
2024-04-02T08:00Z,ES,34.27
2024-04-02T09:00Z,ES,26.34
2024-04-02T10:00Z,ES,23.39
2024-04-02T11:00Z,ES,20.52
2024-04-02T12:00Z,ES,20.62
2024-04-02T13:00Z,ES,22.38
2024-04-02T14:00Z,ES,28.26
2024-04-02T15:00Z,ES,85.67
2024-04-02T16:00Z,ES,31.72
2024-04-02T17:00Z,ES,79.95
2024-04-02T18:00Z,ES,78.42
2024-04-02T19:00Z,ES,27.73
2024-04-02T20:00Z,ES,28.43
2024-04-02T21:00Z,ES,32.42
2024-04-02T22:00Z,ES,29.66
2024-04-02T23:00Z,ES,26.35
2024-04-03T00:00Z,ES,30.42
2024-04-03T01:00Z,ES,25.38
2024-04-03T02:00Z,ES,32.85
2024-04-03T03:00Z,ES,30.74
2024-04-03T04:00Z,ES,70.75
2024-04-03T05:00Z,ES,97.43
2024-04-03T06:00Z,ES,92.17
2024-04-03T07:00Z,ES,92.74
2024-04-03T08:00Z,ES,92.04
2024-04-03T09:00Z,ES,90.53
2024-04-03T10:00Z,ES,79.11
2024-04-03T11:00Z,ES,25.18
2024-04-03T12:00Z,ES,26.67
2024-04-03T13:00Z,ES,26.18
2024-04-03T14:00Z,ES,93.22
2024-04-03T15:00Z,ES,101.05
2024-04-03T16:00Z,ES,105.51
2024-04-03T17:00Z,ES,104.11
2024-04-03T18:00Z,ES,97.66
2024-04-03T19:00Z,ES,94.91
2024-04-03T20:00Z,ES,25.68
2024-04-03T21:00Z,ES,27.0
2024-04-03T22:00Z,ES,19.62
2024-04-03T23:00Z,ES,24.32
2024-04-04T00:00Z,ES,25.13
2024-04-04T01:00Z,ES,26.48
2024-04-04T02:00Z,ES,34.21
2024-04-04T03:00Z,ES,30.52
2024-04-04T04:00Z,ES,91.56
2024-04-04T05:00Z,ES,97.76
2024-04-04T06:00Z,ES,83.86
2024-04-04T07:00Z,ES,86.35
2024-04-04T08:00Z,ES,26.8
2024-04-04T09:00Z,ES,24.55
2024-04-04T10:00Z,ES,19.28
2024-04-04T11:00Z,ES,17.13
2024-04-04T12:00Z,ES,21.14
2024-04-04T13:00Z,ES,17.78
2024-04-04T14:00Z,ES,26.24
2024-04-04T15:00Z,ES,37.97
2024-04-04T16:00Z,ES,96.16
2024-04-04T17:00Z,ES,95.94
2024-04-04T18:00Z,ES,93.45
2024-04-04T19:00Z,ES,86.23
2024-04-04T20:00Z,ES,82.84
2024-04-04T21:00Z,ES,24.54
2024-04-04T22:00Z,ES,23.16
2024-04-04T23:00Z,ES,24.21
2024-04-05T00:00Z,ES,21.51
2024-04-05T01:00Z,ES,24.16
2024-04-05T02:00Z,ES,22.77
2024-04-05T03:00Z,ES,34.91
2024-04-05T04:00Z,ES,30.94
2024-04-05T05:00Z,ES,40.6
2024-04-05T06:00Z,ES,31.59
2024-04-05T07:00Z,ES,30.21
2024-04-05T08:00Z,ES,22.21
2024-04-05T09:00Z,ES,3.43
2024-04-05T10:00Z,ES,1.64
2024-04-05T11:00Z,ES,2.1
2024-04-05T12:00Z,ES,5.15
2024-04-05T13:00Z,ES,7.53
2024-04-05T14:00Z,ES,26.12
2024-04-05T15:00Z,ES,28.95
2024-04-05T16:00Z,ES,25.78
2024-04-05T17:00Z,ES,20.55
2024-04-05T18:00Z,ES,27.29
2024-04-05T19:00Z,ES,27.12
2024-04-05T20:00Z,ES,20.41
2024-04-05T21:00Z,ES,-2.92
2024-04-05T22:00Z,ES,-1.78
2024-04-05T23:00Z,ES,4.59
2024-04-06T00:00Z,ES,0.85
2024-04-06T01:00Z,ES,29.82
2024-04-06T02:00Z,ES,27.94
2024-04-06T03:00Z,ES,31.41
2024-04-06T04:00Z,ES,29.2
2024-04-06T05:00Z,ES,38.35
2024-04-06T06:00Z,ES,28.36
2024-04-06T07:00Z,ES,27.53
2024-04-06T08:00Z,ES,23.13
2024-04-06T09:00Z,ES,-0.59
2024-04-06T10:00Z,ES,-0.7
2024-04-06T11:00Z,ES,-1.71
2024-04-06T12:00Z,ES,0.4
2024-04-06T13:00Z,ES,-0.94
2024-04-06T14:00Z,ES,3.72
2024-04-06T15:00Z,ES,4.49
2024-04-06T16:00Z,ES,12.87
2024-04-06T17:00Z,ES,0.46
2024-04-06T18:00Z,ES,31.96
2024-04-06T19:00Z,ES,26.01
2024-04-06T20:00Z,ES,3.2
2024-04-06T21:00Z,ES,0.39
2024-04-06T22:00Z,ES,0.38
2024-04-06T23:00Z,ES,0.74
2024-04-07T00:00Z,ES,2.39
2024-04-07T01:00Z,ES,1.38
2024-04-07T02:00Z,ES,1.39
2024-04-07T03:00Z,ES,0.07
2024-04-07T04:00Z,ES,1.55
2024-04-07T05:00Z,ES,-1.99
2024-04-07T06:00Z,ES,-0.14
2024-04-07T07:00Z,ES,-0.11
2024-04-07T08:00Z,ES,-0.92
2024-04-07T09:00Z,ES,-0.85
2024-04-07T10:00Z,ES,-2.83
2024-04-07T11:00Z,ES,-0.06
2024-04-07T12:00Z,ES,-2.76
2024-04-07T13:00Z,ES,-1.64
2024-04-07T14:00Z,ES,1.02
2024-04-07T15:00Z,ES,-0.63
2024-04-07T16:00Z,ES,7.36
2024-04-07T17:00Z,ES,9.21
2024-04-07T18:00Z,ES,5.86
2024-04-07T19:00Z,ES,3.29
2024-04-07T20:00Z,ES,26.07
2024-04-07T21:00Z,ES,18.21
2024-04-07T22:00Z,ES,44.0
2024-04-07T23:00Z,ES,21.33
2024-04-08T00:00Z,ES,31.21
2024-04-08T01:00Z,ES,23.24
2024-04-08T02:00Z,ES,38.66
2024-04-08T03:00Z,ES,31.27
2024-04-08T04:00Z,ES,69.72
2024-04-08T05:00Z,ES,104.37
2024-04-08T06:00Z,ES,95.04
2024-04-08T07:00Z,ES,92.19
2024-04-08T08:00Z,ES,32.77
2024-04-08T09:00Z,ES,31.77
2024-04-08T10:00Z,ES,29.78
2024-04-08T11:00Z,ES,25.16
2024-04-08T12:00Z,ES,28.16
2024-04-08T13:00Z,ES,26.74
2024-04-08T14:00Z,ES,39.18
2024-04-08T15:00Z,ES,43.12
2024-04-08T16:00Z,ES,106.32
2024-04-08T17:00Z,ES,103.7
2024-04-08T18:00Z,ES,100.73
2024-04-08T19:00Z,ES,95.08
2024-04-08T20:00Z,ES,87.44
2024-04-08T21:00Z,ES,56.87
2024-04-08T22:00Z,ES,50.0
2024-04-08T23:00Z,ES,51.68
2024-04-09T00:00Z,ES,41.33
2024-04-09T01:00Z,ES,40.28
2024-04-09T02:00Z,ES,42.58
2024-04-09T03:00Z,ES,55.1
2024-04-09T04:00Z,ES,69.44
2024-04-09T05:00Z,ES,98.11
2024-04-09T06:00Z,ES,88.72
2024-04-09T07:00Z,ES,67.87
2024-04-09T08:00Z,ES,29.03
2024-04-09T09:00Z,ES,25.19
2024-04-09T10:00Z,ES,23.17
2024-04-09T11:00Z,ES,20.16
2024-04-09T12:00Z,ES,2.49
2024-04-09T13:00Z,ES,20.48
2024-04-09T14:00Z,ES,22.71
2024-04-09T15:00Z,ES,36.92
2024-04-09T16:00Z,ES,32.1
2024-04-09T17:00Z,ES,34.06
2024-04-09T18:00Z,ES,37.58
2024-04-09T19:00Z,ES,25.25
2024-04-09T20:00Z,ES,23.68
2024-04-09T21:00Z,ES,30.04
2024-04-09T22:00Z,ES,20.17
2024-04-09T23:00Z,ES,27.15
2024-04-10T00:00Z,ES,25.95
2024-04-10T01:00Z,ES,19.36
2024-04-10T02:00Z,ES,1.68
2024-04-10T03:00Z,ES,-0.11
2024-04-10T04:00Z,ES,28.58
2024-04-10T05:00Z,ES,42.41
2024-04-10T06:00Z,ES,19.8
2024-04-10T07:00Z,ES,19.86
2024-04-10T08:00Z,ES,0.56
2024-04-10T09:00Z,ES,1.38
2024-04-10T10:00Z,ES,6.42
2024-04-10T11:00Z,ES,0.51
2024-04-10T12:00Z,ES,1.47
2024-04-10T13:00Z,ES,-0.75
2024-04-10T14:00Z,ES,2.66
2024-04-10T15:00Z,ES,13.01
2024-04-10T16:00Z,ES,26.41
2024-04-10T17:00Z,ES,25.55
2024-04-10T18:00Z,ES,31.53
2024-04-10T19:00Z,ES,24.23
2024-04-10T20:00Z,ES,22.98
2024-04-10T21:00Z,ES,19.61
2024-04-10T22:00Z,ES,18.96
2024-04-10T23:00Z,ES,21.88
2024-04-11T00:00Z,ES,21.61
2024-04-11T01:00Z,ES,16.54
2024-04-11T02:00Z,ES,-1.06
2024-04-11T03:00Z,ES,33.73
2024-04-11T04:00Z,ES,36.34
2024-04-11T05:00Z,ES,25.39
2024-04-11T06:00Z,ES,-0.16
2024-04-11T07:00Z,ES,0.48
2024-04-11T08:00Z,ES,1.35
2024-04-11T09:00Z,ES,4.04
2024-04-11T10:00Z,ES,4.26
2024-04-11T11:00Z,ES,11.81
2024-04-11T12:00Z,ES,3.61
2024-04-11T13:00Z,ES,3.68
2024-04-11T14:00Z,ES,2.33
2024-04-11T15:00Z,ES,32.93
2024-04-11T16:00Z,ES,27.77
2024-04-11T17:00Z,ES,41.52
2024-04-11T18:00Z,ES,25.59
2024-04-11T19:00Z,ES,24.34
2024-04-11T20:00Z,ES,3.31
2024-04-11T21:00Z,ES,1.78
2024-04-11T22:00Z,ES,1.73
2024-04-11T23:00Z,ES,1.76
2024-04-12T00:00Z,ES,-1.76
2024-04-12T01:00Z,ES,-1.97
2024-04-12T02:00Z,ES,0.84
2024-04-12T03:00Z,ES,15.59
2024-04-12T04:00Z,ES,1.35
2024-04-12T05:00Z,ES,28.14
2024-04-12T06:00Z,ES,29.39
2024-04-12T07:00Z,ES,25.53
2024-04-12T08:00Z,ES,10.79
2024-04-12T09:00Z,ES,3.41
2024-04-12T10:00Z,ES,-0.4
2024-04-12T11:00Z,ES,0.0
2024-04-12T12:00Z,ES,-0.34
2024-04-12T13:00Z,ES,5.49
2024-04-12T14:00Z,ES,-2.78
2024-04-12T15:00Z,ES,6.01
2024-04-12T16:00Z,ES,7.35
2024-04-12T17:00Z,ES,5.96
2024-04-12T18:00Z,ES,6.83
2024-04-12T19:00Z,ES,4.55
2024-04-12T20:00Z,ES,1.29
2024-04-12T21:00Z,ES,-0.33
2024-04-12T22:00Z,ES,-0.28
2024-04-12T23:00Z,ES,3.48
2024-04-13T00:00Z,ES,3.13
2024-04-13T01:00Z,ES,4.96
2024-04-13T02:00Z,ES,2.74
2024-04-13T03:00Z,ES,4.54
2024-04-13T04:00Z,ES,3.63
2024-04-13T05:00Z,ES,3.16
2024-04-13T06:00Z,ES,7.71
2024-04-13T07:00Z,ES,1.89
2024-04-13T08:00Z,ES,2.68
2024-04-13T09:00Z,ES,1.31
2024-04-13T10:00Z,ES,0.66
2024-04-13T11:00Z,ES,2.26
2024-04-13T12:00Z,ES,-0.09
2024-04-13T13:00Z,ES,-2.32
2024-04-13T14:00Z,ES,7.72
2024-04-13T15:00Z,ES,17.12
2024-04-13T16:00Z,ES,16.57
2024-04-13T17:00Z,ES,4.21
2024-04-13T18:00Z,ES,24.21
2024-04-13T19:00Z,ES,-2.32
2024-04-13T20:00Z,ES,-3.37
2024-04-13T21:00Z,ES,-2.07
2024-04-13T22:00Z,ES,3.34
2024-04-13T23:00Z,ES,22.41
2024-04-14T00:00Z,ES,18.97
2024-04-14T01:00Z,ES,32.06
2024-04-14T02:00Z,ES,31.64
2024-04-14T03:00Z,ES,26.87
2024-04-14T04:00Z,ES,27.33
2024-04-14T05:00Z,ES,38.63
2024-04-14T06:00Z,ES,30.82
2024-04-14T07:00Z,ES,23.95
2024-04-14T08:00Z,ES,21.66
2024-04-14T09:00Z,ES,17.32
2024-04-14T10:00Z,ES,16.03
2024-04-14T11:00Z,ES,15.22
2024-04-14T12:00Z,ES,14.92
2024-04-14T13:00Z,ES,20.73
2024-04-14T14:00Z,ES,27.76
2024-04-14T15:00Z,ES,33.08
2024-04-14T16:00Z,ES,33.35
2024-04-14T17:00Z,ES,33.72
2024-04-14T18:00Z,ES,32.9
2024-04-14T19:00Z,ES,30.91
2024-04-14T20:00Z,ES,27.49
2024-04-14T21:00Z,ES,23.96
2024-04-14T22:00Z,ES,23.74
2024-04-14T23:00Z,ES,18.78
2024-04-15T00:00Z,ES,26.46
2024-04-15T01:00Z,ES,26.52
2024-04-15T02:00Z,ES,24.44
2024-04-15T03:00Z,ES,26.1
2024-04-15T04:00Z,ES,31.61
2024-04-15T05:00Z,ES,45.04
2024-04-15T06:00Z,ES,37.85
2024-04-15T07:00Z,ES,32.12
2024-04-15T08:00Z,ES,29.27
2024-04-15T09:00Z,ES,26.19
2024-04-15T10:00Z,ES,16.53
2024-04-15T11:00Z,ES,14.36
2024-04-15T12:00Z,ES,23.71
2024-04-15T13:00Z,ES,29.38
2024-04-15T14:00Z,ES,28.93
2024-04-15T15:00Z,ES,35.22
2024-04-15T16:00Z,ES,42.89
2024-04-15T17:00Z,ES,36.97
2024-04-15T18:00Z,ES,46.78
2024-04-15T19:00Z,ES,38.61
2024-04-15T20:00Z,ES,36.25
2024-04-15T21:00Z,ES,31.02
2024-04-15T22:00Z,ES,31.34
2024-04-15T23:00Z,ES,28.78
2024-04-16T00:00Z,ES,27.72
2024-04-16T01:00Z,ES,26.9
2024-04-16T02:00Z,ES,34.13
2024-04-16T03:00Z,ES,36.53
2024-04-16T04:00Z,ES,40.52
2024-04-16T05:00Z,ES,91.99
2024-04-16T06:00Z,ES,75.13
2024-04-16T07:00Z,ES,31.98
2024-04-16T08:00Z,ES,27.98
2024-04-16T09:00Z,ES,27.89
2024-04-16T10:00Z,ES,25.29
2024-04-16T11:00Z,ES,22.88
2024-04-16T12:00Z,ES,18.67
2024-04-16T13:00Z,ES,19.0
2024-04-16T14:00Z,ES,24.86
2024-04-16T15:00Z,ES,33.69
2024-04-16T16:00Z,ES,31.07
2024-04-16T17:00Z,ES,32.0
2024-04-16T18:00Z,ES,86.63
2024-04-16T19:00Z,ES,82.3
2024-04-16T20:00Z,ES,28.22
2024-04-16T21:00Z,ES,25.91
2024-04-16T22:00Z,ES,21.47
2024-04-16T23:00Z,ES,21.61
2024-04-17T00:00Z,ES,23.0
2024-04-17T01:00Z,ES,22.91
2024-04-17T02:00Z,ES,22.19
2024-04-17T03:00Z,ES,26.41
2024-04-17T04:00Z,ES,33.42
2024-04-17T05:00Z,ES,76.6
2024-04-17T06:00Z,ES,32.23
2024-04-17T07:00Z,ES,27.37
2024-04-17T08:00Z,ES,27.45
2024-04-17T09:00Z,ES,22.42
2024-04-17T10:00Z,ES,17.4
2024-04-17T11:00Z,ES,19.8
2024-04-17T12:00Z,ES,17.53
2024-04-17T13:00Z,ES,23.13
2024-04-17T14:00Z,ES,31.57
2024-04-17T15:00Z,ES,34.38
2024-04-17T16:00Z,ES,39.05
2024-04-17T17:00Z,ES,33.98
2024-04-17T18:00Z,ES,34.0
2024-04-17T19:00Z,ES,29.54
2024-04-17T20:00Z,ES,25.9
2024-04-17T21:00Z,ES,24.99
2024-04-17T22:00Z,ES,26.0
2024-04-17T23:00Z,ES,25.78
2024-04-18T00:00Z,ES,21.57
2024-04-18T01:00Z,ES,26.96
2024-04-18T02:00Z,ES,25.78
2024-04-18T03:00Z,ES,34.42
2024-04-18T04:00Z,ES,32.98
2024-04-18T05:00Z,ES,78.39
2024-04-18T06:00Z,ES,69.59
2024-04-18T07:00Z,ES,70.44
2024-04-18T08:00Z,ES,41.68
2024-04-18T09:00Z,ES,27.82
2024-04-18T10:00Z,ES,34.06
2024-04-18T11:00Z,ES,29.29
2024-04-18T12:00Z,ES,28.78
2024-04-18T13:00Z,ES,27.95
2024-04-18T14:00Z,ES,34.37
2024-04-18T15:00Z,ES,39.12
2024-04-18T16:00Z,ES,78.84
2024-04-18T17:00Z,ES,83.58
2024-04-18T18:00Z,ES,80.97
2024-04-18T19:00Z,ES,78.47
2024-04-18T20:00Z,ES,48.41
2024-04-18T21:00Z,ES,39.83
2024-04-18T22:00Z,ES,36.43
2024-04-18T23:00Z,ES,35.4
2024-04-19T00:00Z,ES,33.01
2024-04-19T01:00Z,ES,30.12
2024-04-19T02:00Z,ES,32.27
2024-04-19T03:00Z,ES,40.85
2024-04-19T04:00Z,ES,36.52
2024-04-19T05:00Z,ES,72.66
2024-04-19T06:00Z,ES,66.99
2024-04-19T07:00Z,ES,70.6
2024-04-19T08:00Z,ES,54.44
2024-04-19T09:00Z,ES,27.49
2024-04-19T10:00Z,ES,28.4
2024-04-19T11:00Z,ES,28.64
2024-04-19T12:00Z,ES,25.68
2024-04-19T13:00Z,ES,31.36
2024-04-19T14:00Z,ES,36.66
2024-04-19T15:00Z,ES,51.87
2024-04-19T16:00Z,ES,54.69
2024-04-19T17:00Z,ES,32.91
2024-04-19T18:00Z,ES,82.48
2024-04-19T19:00Z,ES,75.65
2024-04-19T20:00Z,ES,26.4
2024-04-19T21:00Z,ES,36.38
2024-04-19T22:00Z,ES,35.44
2024-04-19T23:00Z,ES,32.53
2024-04-20T00:00Z,ES,34.25
2024-04-20T01:00Z,ES,35.08
2024-04-20T02:00Z,ES,36.62
2024-04-20T03:00Z,ES,39.45
2024-04-20T04:00Z,ES,37.78
2024-04-20T05:00Z,ES,33.72
2024-04-20T06:00Z,ES,44.18
2024-04-20T07:00Z,ES,30.85
2024-04-20T08:00Z,ES,27.28
2024-04-20T09:00Z,ES,24.27
2024-04-20T10:00Z,ES,21.26
2024-04-20T11:00Z,ES,16.65
2024-04-20T12:00Z,ES,1.3
2024-04-20T13:00Z,ES,22.6
2024-04-20T14:00Z,ES,28.54
2024-04-20T15:00Z,ES,35.85
2024-04-20T16:00Z,ES,42.53
2024-04-20T17:00Z,ES,42.32
2024-04-20T18:00Z,ES,41.69
2024-04-20T19:00Z,ES,37.06
2024-04-20T20:00Z,ES,39.56
2024-04-20T21:00Z,ES,29.41
2024-04-20T22:00Z,ES,28.69
2024-04-20T23:00Z,ES,27.4
2024-04-21T00:00Z,ES,28.44
2024-04-21T01:00Z,ES,28.58
2024-04-21T02:00Z,ES,32.84
2024-04-21T03:00Z,ES,34.36
2024-04-21T04:00Z,ES,36.99
2024-04-21T05:00Z,ES,40.44
2024-04-21T06:00Z,ES,30.79
2024-04-21T07:00Z,ES,28.02
2024-04-21T08:00Z,ES,26.44
2024-04-21T09:00Z,ES,18.83
2024-04-21T10:00Z,ES,13.6
2024-04-21T11:00Z,ES,10.38
2024-04-21T12:00Z,ES,16.39
2024-04-21T13:00Z,ES,21.83
2024-04-21T14:00Z,ES,34.14
2024-04-21T15:00Z,ES,40.1
2024-04-21T16:00Z,ES,43.7
2024-04-21T17:00Z,ES,43.8
2024-04-21T18:00Z,ES,45.14
2024-04-21T19:00Z,ES,39.72
2024-04-21T20:00Z,ES,38.98
2024-04-21T21:00Z,ES,36.16
2024-04-21T22:00Z,ES,43.57
2024-04-21T23:00Z,ES,32.6
2024-04-22T00:00Z,ES,30.2
2024-04-22T01:00Z,ES,32.21
2024-04-22T02:00Z,ES,29.39
2024-04-22T03:00Z,ES,40.92
2024-04-22T04:00Z,ES,60.71
2024-04-22T05:00Z,ES,89.34
2024-04-22T06:00Z,ES,76.63
2024-04-22T07:00Z,ES,58.67
2024-04-22T08:00Z,ES,53.59
2024-04-22T09:00Z,ES,35.11
2024-04-22T10:00Z,ES,32.77
2024-04-22T11:00Z,ES,34.56
2024-04-22T12:00Z,ES,32.6
2024-04-22T13:00Z,ES,31.37
2024-04-22T14:00Z,ES,34.12
2024-04-22T15:00Z,ES,51.77
2024-04-22T16:00Z,ES,93.59
2024-04-22T17:00Z,ES,105.33
2024-04-22T18:00Z,ES,95.85
2024-04-22T19:00Z,ES,85.78
2024-04-22T20:00Z,ES,59.22
2024-04-22T21:00Z,ES,32.16
2024-04-22T22:00Z,ES,27.25
2024-04-22T23:00Z,ES,35.86
2024-04-23T00:00Z,ES,31.64
2024-04-23T01:00Z,ES,33.65
2024-04-23T02:00Z,ES,33.59
2024-04-23T03:00Z,ES,32.2
2024-04-23T04:00Z,ES,60.23
2024-04-23T05:00Z,ES,90.89
2024-04-23T06:00Z,ES,85.8
2024-04-23T07:00Z,ES,56.6
2024-04-23T08:00Z,ES,29.74
2024-04-23T09:00Z,ES,27.88
2024-04-23T10:00Z,ES,22.09
2024-04-23T11:00Z,ES,1.72
2024-04-23T12:00Z,ES,1.15
2024-04-23T13:00Z,ES,1.79
2024-04-23T14:00Z,ES,38.5
2024-04-23T15:00Z,ES,33.79
2024-04-23T16:00Z,ES,39.15
2024-04-23T17:00Z,ES,48.96
2024-04-23T18:00Z,ES,50.58
2024-04-23T19:00Z,ES,48.7
2024-04-23T20:00Z,ES,80.35
2024-04-23T21:00Z,ES,34.57
2024-04-23T22:00Z,ES,29.35
2024-04-23T23:00Z,ES,25.18
2024-04-24T00:00Z,ES,23.09
2024-04-24T01:00Z,ES,21.11
2024-04-24T02:00Z,ES,23.48
2024-04-24T03:00Z,ES,28.08
2024-04-24T04:00Z,ES,32.04
2024-04-24T05:00Z,ES,47.84
2024-04-24T06:00Z,ES,45.89
2024-04-24T07:00Z,ES,30.94
2024-04-24T08:00Z,ES,32.84
2024-04-24T09:00Z,ES,29.26
2024-04-24T10:00Z,ES,25.12
2024-04-24T11:00Z,ES,23.5
2024-04-24T12:00Z,ES,27.3
2024-04-24T13:00Z,ES,-0.2
2024-04-24T14:00Z,ES,30.24
2024-04-24T15:00Z,ES,30.5
2024-04-24T16:00Z,ES,37.07
2024-04-24T17:00Z,ES,45.56
2024-04-24T18:00Z,ES,43.86
2024-04-24T19:00Z,ES,32.39
2024-04-24T20:00Z,ES,29.19
2024-04-24T21:00Z,ES,27.86
2024-04-24T22:00Z,ES,28.7
2024-04-24T23:00Z,ES,29.47
2024-04-25T00:00Z,ES,26.35
2024-04-25T01:00Z,ES,27.8
2024-04-25T02:00Z,ES,29.22
2024-04-25T03:00Z,ES,47.26
2024-04-25T04:00Z,ES,44.61
2024-04-25T05:00Z,ES,38.59
2024-04-25T06:00Z,ES,33.12
2024-04-25T07:00Z,ES,26.13
2024-04-25T08:00Z,ES,1.05
2024-04-25T09:00Z,ES,1.09
2024-04-25T10:00Z,ES,0.76
2024-04-25T11:00Z,ES,0.86
2024-04-25T12:00Z,ES,1.18
2024-04-25T13:00Z,ES,9.19
2024-04-25T14:00Z,ES,10.13
2024-04-25T15:00Z,ES,8.44
2024-04-25T16:00Z,ES,8.48
2024-04-25T17:00Z,ES,1.59
2024-04-25T18:00Z,ES,18.63
2024-04-25T19:00Z,ES,31.23
2024-04-25T20:00Z,ES,28.28
2024-04-25T21:00Z,ES,-0.43
2024-04-25T22:00Z,ES,0.01
2024-04-25T23:00Z,ES,-1.91
2024-04-26T00:00Z,ES,-2.6
2024-04-26T01:00Z,ES,-2.27
2024-04-26T02:00Z,ES,-0.95
2024-04-26T03:00Z,ES,-1.81
2024-04-26T04:00Z,ES,3.24
2024-04-26T05:00Z,ES,9.97
2024-04-26T06:00Z,ES,0.08
2024-04-26T07:00Z,ES,-1.6
2024-04-26T08:00Z,ES,-2.39
2024-04-26T09:00Z,ES,-3.36
2024-04-26T10:00Z,ES,-3.81
2024-04-26T11:00Z,ES,-5.55
2024-04-26T12:00Z,ES,-1.16
2024-04-26T13:00Z,ES,-1.22
2024-04-26T14:00Z,ES,2.76
2024-04-26T15:00Z,ES,7.33
2024-04-26T16:00Z,ES,8.57
2024-04-26T17:00Z,ES,8.11
2024-04-26T18:00Z,ES,6.4
2024-04-26T19:00Z,ES,-0.85
2024-04-26T20:00Z,ES,-2.39
2024-04-26T21:00Z,ES,-3.6
2024-04-26T22:00Z,ES,-1.55
2024-04-26T23:00Z,ES,2.32
2024-04-27T00:00Z,ES,10.78
2024-04-27T01:00Z,ES,2.99
2024-04-27T02:00Z,ES,2.1
2024-04-27T03:00Z,ES,9.85
2024-04-27T04:00Z,ES,2.14
2024-04-27T05:00Z,ES,31.5
2024-04-27T06:00Z,ES,28.42
2024-04-27T07:00Z,ES,1.94
2024-04-27T08:00Z,ES,1.74
2024-04-27T09:00Z,ES,0.98
2024-04-27T10:00Z,ES,3.54
2024-04-27T11:00Z,ES,1.35
2024-04-27T12:00Z,ES,1.99
2024-04-27T13:00Z,ES,5.61
2024-04-27T14:00Z,ES,7.31
2024-04-27T15:00Z,ES,6.32
2024-04-27T16:00Z,ES,7.26
2024-04-27T17:00Z,ES,12.47
2024-04-27T18:00Z,ES,23.41
2024-04-27T19:00Z,ES,27.06
2024-04-27T20:00Z,ES,-0.9
2024-04-27T21:00Z,ES,-2.02
2024-04-27T22:00Z,ES,0.79
2024-04-27T23:00Z,ES,-2.46
2024-04-28T00:00Z,ES,-1.74
2024-04-28T01:00Z,ES,7.87
2024-04-28T02:00Z,ES,4.72
2024-04-28T03:00Z,ES,0.26
2024-04-28T04:00Z,ES,17.39
2024-04-28T05:00Z,ES,8.56
2024-04-28T06:00Z,ES,-1.35
2024-04-28T07:00Z,ES,-0.38
2024-04-28T08:00Z,ES,-1.98
2024-04-28T09:00Z,ES,-2.78
2024-04-28T10:00Z,ES,-3.9
2024-04-28T11:00Z,ES,-3.23
2024-04-28T12:00Z,ES,-5.13
2024-04-28T13:00Z,ES,-3.41
2024-04-28T14:00Z,ES,13.46
2024-04-28T15:00Z,ES,18.62
2024-04-28T16:00Z,ES,7.57
2024-04-28T17:00Z,ES,21.4
2024-04-28T18:00Z,ES,25.87
2024-04-28T19:00Z,ES,23.43
2024-04-28T20:00Z,ES,18.61
2024-04-28T21:00Z,ES,2.37
2024-04-28T22:00Z,ES,40.75
2024-04-28T23:00Z,ES,22.75
2024-04-29T00:00Z,ES,23.66
2024-04-29T01:00Z,ES,24.86
2024-04-29T02:00Z,ES,22.57
2024-04-29T03:00Z,ES,0.14
2024-04-29T04:00Z,ES,46.1
2024-04-29T05:00Z,ES,31.91
2024-04-29T06:00Z,ES,30.06
2024-04-29T07:00Z,ES,-1.41
2024-04-29T08:00Z,ES,-0.31
2024-04-29T09:00Z,ES,-0.42
2024-04-29T10:00Z,ES,-1.91
2024-04-29T11:00Z,ES,-1.07
2024-04-29T12:00Z,ES,-0.67
2024-04-29T13:00Z,ES,5.65
2024-04-29T14:00Z,ES,-0.5
2024-04-29T15:00Z,ES,4.41
2024-04-29T16:00Z,ES,47.27
2024-04-29T17:00Z,ES,49.02
2024-04-29T18:00Z,ES,53.45
2024-04-29T19:00Z,ES,50.71
2024-04-29T20:00Z,ES,41.96
2024-04-29T21:00Z,ES,35.99
2024-04-29T22:00Z,ES,31.07
2024-04-29T23:00Z,ES,39.86
2024-04-30T00:00Z,ES,33.35
2024-04-30T01:00Z,ES,32.86
2024-04-30T02:00Z,ES,41.56
2024-04-30T03:00Z,ES,37.36
2024-04-30T04:00Z,ES,45.53
2024-04-30T05:00Z,ES,49.91
2024-04-30T06:00Z,ES,41.1
2024-04-30T07:00Z,ES,34.2
2024-04-30T08:00Z,ES,23.07
2024-04-30T09:00Z,ES,0.64
2024-04-30T10:00Z,ES,0.81
2024-04-30T11:00Z,ES,-1.37
2024-04-30T12:00Z,ES,2.32
2024-04-30T13:00Z,ES,7.18
2024-04-30T14:00Z,ES,23.45
2024-04-30T15:00Z,ES,47.73
2024-04-30T16:00Z,ES,57.41
2024-04-30T17:00Z,ES,43.44
2024-04-30T18:00Z,ES,54.57
2024-04-30T19:00Z,ES,56.5
2024-04-30T20:00Z,ES,55.39
2024-04-30T21:00Z,ES,51.94
2024-04-30T22:00Z,ES,36.52
2024-04-30T23:00Z,ES,34.04
2024-05-01T00:00Z,ES,35.19
2024-05-01T01:00Z,ES,38.46
2024-05-01T02:00Z,ES,38.23
2024-05-01T03:00Z,ES,39.88
2024-05-01T04:00Z,ES,45.73
2024-05-01T05:00Z,ES,47.72
2024-05-01T06:00Z,ES,38.14
2024-05-01T07:00Z,ES,35.77
2024-05-01T08:00Z,ES,7.48
2024-05-01T09:00Z,ES,2.14
2024-05-01T10:00Z,ES,0.53
2024-05-01T11:00Z,ES,1.34
2024-05-01T12:00Z,ES,0.64
2024-05-01T13:00Z,ES,4.34
2024-05-01T14:00Z,ES,13.87
2024-05-01T15:00Z,ES,19.14
2024-05-01T16:00Z,ES,38.07
2024-05-01T17:00Z,ES,45.67
2024-05-01T18:00Z,ES,49.99
2024-05-01T19:00Z,ES,44.43
2024-05-01T20:00Z,ES,40.15
2024-05-01T21:00Z,ES,36.65
2024-05-01T22:00Z,ES,49.49
2024-05-01T23:00Z,ES,42.18
2024-05-02T00:00Z,ES,44.1
2024-05-02T01:00Z,ES,45.37
2024-05-02T02:00Z,ES,47.08
2024-05-02T03:00Z,ES,56.44
2024-05-02T04:00Z,ES,105.61
2024-05-02T05:00Z,ES,117.04
2024-05-02T06:00Z,ES,56.93
2024-05-02T07:00Z,ES,47.49
2024-05-02T08:00Z,ES,38.21
2024-05-02T09:00Z,ES,32.18
2024-05-02T10:00Z,ES,19.9
2024-05-02T11:00Z,ES,16.57
2024-05-02T12:00Z,ES,31.91
2024-05-02T13:00Z,ES,1.71
2024-05-02T14:00Z,ES,28.42
2024-05-02T15:00Z,ES,34.75
2024-05-02T16:00Z,ES,50.75
2024-05-02T17:00Z,ES,47.9
2024-05-02T18:00Z,ES,62.57
2024-05-02T19:00Z,ES,47.52
2024-05-02T20:00Z,ES,47.2
2024-05-02T21:00Z,ES,46.2
2024-05-02T22:00Z,ES,40.31
2024-05-02T23:00Z,ES,40.55
2024-05-03T00:00Z,ES,36.82
2024-05-03T01:00Z,ES,44.31
2024-05-03T02:00Z,ES,21.77
2024-05-03T03:00Z,ES,43.38
2024-05-03T04:00Z,ES,41.15
2024-05-03T05:00Z,ES,52.42
2024-05-03T06:00Z,ES,46.63
2024-05-03T07:00Z,ES,44.3
2024-05-03T08:00Z,ES,35.45
2024-05-03T09:00Z,ES,3.02
2024-05-03T10:00Z,ES,-0.52
2024-05-03T11:00Z,ES,2.76
2024-05-03T12:00Z,ES,3.46
2024-05-03T13:00Z,ES,3.98
2024-05-03T14:00Z,ES,10.03
2024-05-03T15:00Z,ES,44.99
2024-05-03T16:00Z,ES,50.53
2024-05-03T17:00Z,ES,55.26
2024-05-03T18:00Z,ES,49.82
2024-05-03T19:00Z,ES,46.23
2024-05-03T20:00Z,ES,43.03
2024-05-03T21:00Z,ES,34.78
2024-05-03T22:00Z,ES,23.89
2024-05-03T23:00Z,ES,45.55
2024-05-04T00:00Z,ES,35.63
2024-05-04T01:00Z,ES,48.57
2024-05-04T02:00Z,ES,43.97
2024-05-04T03:00Z,ES,49.97
2024-05-04T04:00Z,ES,51.95
2024-05-04T05:00Z,ES,53.24
2024-05-04T06:00Z,ES,42.75
2024-05-04T07:00Z,ES,37.94
2024-05-04T08:00Z,ES,33.42
2024-05-04T09:00Z,ES,30.75
2024-05-04T10:00Z,ES,7.05
2024-05-04T11:00Z,ES,5.95
2024-05-04T12:00Z,ES,8.29
2024-05-04T13:00Z,ES,1.1
2024-05-04T14:00Z,ES,22.96
2024-05-04T15:00Z,ES,33.3
2024-05-04T16:00Z,ES,47.84
2024-05-04T17:00Z,ES,53.25
2024-05-04T18:00Z,ES,55.52
2024-05-04T19:00Z,ES,54.16
2024-05-04T20:00Z,ES,50.39
2024-05-04T21:00Z,ES,47.34
2024-05-04T22:00Z,ES,35.29
2024-05-04T23:00Z,ES,36.53
2024-05-05T00:00Z,ES,35.76
2024-05-05T01:00Z,ES,35.54
2024-05-05T02:00Z,ES,35.6
2024-05-05T03:00Z,ES,33.98
2024-05-05T04:00Z,ES,41.89
2024-05-05T05:00Z,ES,43.32
2024-05-05T06:00Z,ES,37.9
2024-05-05T07:00Z,ES,33.27
2024-05-05T08:00Z,ES,10.15
2024-05-05T09:00Z,ES,4.98
2024-05-05T10:00Z,ES,1.74
2024-05-05T11:00Z,ES,0.43
2024-05-05T12:00Z,ES,1.42
2024-05-05T13:00Z,ES,6.92
2024-05-05T14:00Z,ES,16.65
2024-05-05T15:00Z,ES,26.56
2024-05-05T16:00Z,ES,43.13
2024-05-05T17:00Z,ES,46.85
2024-05-05T18:00Z,ES,48.29
2024-05-05T19:00Z,ES,45.86
2024-05-05T20:00Z,ES,40.25
2024-05-05T21:00Z,ES,43.96
2024-05-05T22:00Z,ES,51.68
2024-05-05T23:00Z,ES,47.38
2024-05-06T00:00Z,ES,42.12
2024-05-06T01:00Z,ES,41.27
2024-05-06T02:00Z,ES,40.54
2024-05-06T03:00Z,ES,47.15
2024-05-06T04:00Z,ES,54.73
2024-05-06T05:00Z,ES,88.13
2024-05-06T06:00Z,ES,56.7
2024-05-06T07:00Z,ES,54.5
2024-05-06T08:00Z,ES,46.86
2024-05-06T09:00Z,ES,44.04
2024-05-06T10:00Z,ES,37.19
2024-05-06T11:00Z,ES,34.08
2024-05-06T12:00Z,ES,30.95
2024-05-06T13:00Z,ES,32.3
2024-05-06T14:00Z,ES,34.47
2024-05-06T15:00Z,ES,38.82
2024-05-06T16:00Z,ES,47.5
2024-05-06T17:00Z,ES,50.76
2024-05-06T18:00Z,ES,87.46
2024-05-06T19:00Z,ES,93.08
2024-05-06T20:00Z,ES,85.45
2024-05-06T21:00Z,ES,45.17
2024-05-06T22:00Z,ES,52.71
2024-05-06T23:00Z,ES,51.66
2024-05-07T00:00Z,ES,49.56
2024-05-07T01:00Z,ES,50.7
2024-05-07T02:00Z,ES,48.18
2024-05-07T03:00Z,ES,60.55
2024-05-07T04:00Z,ES,112.77
2024-05-07T05:00Z,ES,108.67
2024-05-07T06:00Z,ES,96.47
2024-05-07T07:00Z,ES,64.78
2024-05-07T08:00Z,ES,55.81
2024-05-07T09:00Z,ES,44.05
2024-05-07T10:00Z,ES,38.09
2024-05-07T11:00Z,ES,36.15
2024-05-07T12:00Z,ES,36.04
2024-05-07T13:00Z,ES,40.08
2024-05-07T14:00Z,ES,48.68
2024-05-07T15:00Z,ES,53.95
2024-05-07T16:00Z,ES,62.17
2024-05-07T17:00Z,ES,109.97
2024-05-07T18:00Z,ES,109.9
2024-05-07T19:00Z,ES,103.49
2024-05-07T20:00Z,ES,106.66
2024-05-07T21:00Z,ES,89.39
2024-05-07T22:00Z,ES,56.22
2024-05-07T23:00Z,ES,57.19
2024-05-08T00:00Z,ES,55.69
2024-05-08T01:00Z,ES,54.53
2024-05-08T02:00Z,ES,55.35
2024-05-08T03:00Z,ES,62.54
2024-05-08T04:00Z,ES,121.19
2024-05-08T05:00Z,ES,121.57
2024-05-08T06:00Z,ES,118.79
2024-05-08T07:00Z,ES,63.4
2024-05-08T08:00Z,ES,53.36
2024-05-08T09:00Z,ES,47.27
2024-05-08T10:00Z,ES,40.48
2024-05-08T11:00Z,ES,17.71
2024-05-08T12:00Z,ES,18.69
2024-05-08T13:00Z,ES,20.54
2024-05-08T14:00Z,ES,48.56
2024-05-08T15:00Z,ES,58.37
2024-05-08T16:00Z,ES,68.86
2024-05-08T17:00Z,ES,73.63
2024-05-08T18:00Z,ES,128.02
2024-05-08T19:00Z,ES,121.38
2024-05-08T20:00Z,ES,115.98
2024-05-08T21:00Z,ES,96.61
2024-05-08T22:00Z,ES,53.73
2024-05-08T23:00Z,ES,54.34
2024-05-09T00:00Z,ES,54.98
2024-05-09T01:00Z,ES,52.61
2024-05-09T02:00Z,ES,53.0
2024-05-09T03:00Z,ES,83.18
2024-05-09T04:00Z,ES,123.53
2024-05-09T05:00Z,ES,118.84
2024-05-09T06:00Z,ES,111.55
2024-05-09T07:00Z,ES,109.28
2024-05-09T08:00Z,ES,58.83
2024-05-09T09:00Z,ES,53.21
2024-05-09T10:00Z,ES,49.09
2024-05-09T11:00Z,ES,46.01
2024-05-09T12:00Z,ES,43.52
2024-05-09T13:00Z,ES,45.65
2024-05-09T14:00Z,ES,56.39
2024-05-09T15:00Z,ES,65.25
2024-05-09T16:00Z,ES,67.89
2024-05-09T17:00Z,ES,122.0
2024-05-09T18:00Z,ES,120.5
2024-05-09T19:00Z,ES,123.93
2024-05-09T20:00Z,ES,120.28
2024-05-09T21:00Z,ES,116.22
2024-05-09T22:00Z,ES,55.5
2024-05-09T23:00Z,ES,54.0
2024-05-10T00:00Z,ES,51.81
2024-05-10T01:00Z,ES,53.07
2024-05-10T02:00Z,ES,52.6
2024-05-10T03:00Z,ES,58.1
2024-05-10T04:00Z,ES,106.71
2024-05-10T05:00Z,ES,110.49
2024-05-10T06:00Z,ES,99.98
2024-05-10T07:00Z,ES,53.48
2024-05-10T08:00Z,ES,51.54
2024-05-10T09:00Z,ES,45.14
2024-05-10T10:00Z,ES,43.44
2024-05-10T11:00Z,ES,41.7
2024-05-10T12:00Z,ES,38.64
2024-05-10T13:00Z,ES,39.37
2024-05-10T14:00Z,ES,47.91
2024-05-10T15:00Z,ES,51.52
2024-05-10T16:00Z,ES,55.75
2024-05-10T17:00Z,ES,58.69
2024-05-10T18:00Z,ES,104.21
2024-05-10T19:00Z,ES,101.03
2024-05-10T20:00Z,ES,97.36
2024-05-10T21:00Z,ES,52.72
2024-05-10T22:00Z,ES,43.28
2024-05-10T23:00Z,ES,43.48
2024-05-11T00:00Z,ES,39.13
2024-05-11T01:00Z,ES,41.17
2024-05-11T02:00Z,ES,41.76
2024-05-11T03:00Z,ES,46.41
2024-05-11T04:00Z,ES,43.37
2024-05-11T05:00Z,ES,46.84
2024-05-11T06:00Z,ES,42.29
2024-05-11T07:00Z,ES,33.87
2024-05-11T08:00Z,ES,19.99
2024-05-11T09:00Z,ES,16.67
2024-05-11T10:00Z,ES,2.94
2024-05-11T11:00Z,ES,1.88
2024-05-11T12:00Z,ES,0.04
2024-05-11T13:00Z,ES,2.62
2024-05-11T14:00Z,ES,6.32
2024-05-11T15:00Z,ES,10.59
2024-05-11T16:00Z,ES,33.55
2024-05-11T17:00Z,ES,48.89
2024-05-11T18:00Z,ES,58.49
2024-05-11T19:00Z,ES,48.2
2024-05-11T20:00Z,ES,25.67
2024-05-11T21:00Z,ES,57.96
2024-05-11T22:00Z,ES,26.69
2024-05-11T23:00Z,ES,21.88
2024-05-12T00:00Z,ES,25.43
2024-05-12T01:00Z,ES,25.69
2024-05-12T02:00Z,ES,40.3
2024-05-12T03:00Z,ES,52.42
2024-05-12T04:00Z,ES,54.51
2024-05-12T05:00Z,ES,48.03
2024-05-12T06:00Z,ES,42.12
2024-05-12T07:00Z,ES,26.83
2024-05-12T08:00Z,ES,28.55
2024-05-12T09:00Z,ES,18.2
2024-05-12T10:00Z,ES,12.11
2024-05-12T11:00Z,ES,1.85
2024-05-12T12:00Z,ES,1.22
2024-05-12T13:00Z,ES,9.63
2024-05-12T14:00Z,ES,4.82
2024-05-12T15:00Z,ES,16.59
2024-05-12T16:00Z,ES,45.01
2024-05-12T17:00Z,ES,51.13
2024-05-12T18:00Z,ES,50.75
2024-05-12T19:00Z,ES,42.62
2024-05-12T20:00Z,ES,43.04
2024-05-12T21:00Z,ES,40.74
2024-05-12T22:00Z,ES,53.85
2024-05-12T23:00Z,ES,47.24
2024-05-13T00:00Z,ES,43.62
2024-05-13T01:00Z,ES,45.76
2024-05-13T02:00Z,ES,42.55
2024-05-13T03:00Z,ES,49.08
2024-05-13T04:00Z,ES,91.09
2024-05-13T05:00Z,ES,88.19
2024-05-13T06:00Z,ES,86.38
2024-05-13T07:00Z,ES,65.04
2024-05-13T08:00Z,ES,57.82
2024-05-13T09:00Z,ES,47.31
2024-05-13T10:00Z,ES,43.34
2024-05-13T11:00Z,ES,34.47
2024-05-13T12:00Z,ES,34.55
2024-05-13T13:00Z,ES,41.12
2024-05-13T14:00Z,ES,43.55
2024-05-13T15:00Z,ES,51.91
2024-05-13T16:00Z,ES,51.36
2024-05-13T17:00Z,ES,57.86
2024-05-13T18:00Z,ES,54.38
2024-05-13T19:00Z,ES,52.33
2024-05-13T20:00Z,ES,48.62
2024-05-13T21:00Z,ES,42.58
2024-05-13T22:00Z,ES,51.68
2024-05-13T23:00Z,ES,45.5
2024-05-14T00:00Z,ES,45.08
2024-05-14T01:00Z,ES,43.57
2024-05-14T02:00Z,ES,52.39
2024-05-14T03:00Z,ES,58.2
2024-05-14T04:00Z,ES,92.76
2024-05-14T05:00Z,ES,101.29
2024-05-14T06:00Z,ES,103.11
2024-05-14T07:00Z,ES,99.75
2024-05-14T08:00Z,ES,95.18
2024-05-14T09:00Z,ES,89.8
2024-05-14T10:00Z,ES,54.04
2024-05-14T11:00Z,ES,53.33
2024-05-14T12:00Z,ES,53.29
2024-05-14T13:00Z,ES,51.01
2024-05-14T14:00Z,ES,64.46
2024-05-14T15:00Z,ES,65.1
2024-05-14T16:00Z,ES,63.07
2024-05-14T17:00Z,ES,99.08
2024-05-14T18:00Z,ES,116.75
2024-05-14T19:00Z,ES,111.38
2024-05-14T20:00Z,ES,96.69
2024-05-14T21:00Z,ES,58.28
2024-05-14T22:00Z,ES,62.59
2024-05-14T23:00Z,ES,65.82
2024-05-15T00:00Z,ES,62.86
2024-05-15T01:00Z,ES,64.27
2024-05-15T02:00Z,ES,64.12
2024-05-15T03:00Z,ES,74.93
2024-05-15T04:00Z,ES,122.56
2024-05-15T05:00Z,ES,121.59
2024-05-15T06:00Z,ES,113.34
2024-05-15T07:00Z,ES,105.83
2024-05-15T08:00Z,ES,108.58
2024-05-15T09:00Z,ES,100.29
2024-05-15T10:00Z,ES,89.14
2024-05-15T11:00Z,ES,54.95
2024-05-15T12:00Z,ES,55.22
2024-05-15T13:00Z,ES,53.74
2024-05-15T14:00Z,ES,60.49
2024-05-15T15:00Z,ES,103.54
2024-05-15T16:00Z,ES,112.49
2024-05-15T17:00Z,ES,113.48
2024-05-15T18:00Z,ES,119.41
2024-05-15T19:00Z,ES,115.57
2024-05-15T20:00Z,ES,113.05
2024-05-15T21:00Z,ES,107.18
2024-05-15T22:00Z,ES,48.92
2024-05-15T23:00Z,ES,51.35
2024-05-16T00:00Z,ES,47.61
2024-05-16T01:00Z,ES,48.96
2024-05-16T02:00Z,ES,49.65
2024-05-16T03:00Z,ES,54.21
2024-05-16T04:00Z,ES,88.74
2024-05-16T05:00Z,ES,91.59
2024-05-16T06:00Z,ES,86.64
2024-05-16T07:00Z,ES,50.98
2024-05-16T08:00Z,ES,50.39
2024-05-16T09:00Z,ES,43.58
2024-05-16T10:00Z,ES,39.01
2024-05-16T11:00Z,ES,23.33
2024-05-16T12:00Z,ES,37.73
2024-05-16T13:00Z,ES,43.31
2024-05-16T14:00Z,ES,41.79
2024-05-16T15:00Z,ES,52.18
2024-05-16T16:00Z,ES,52.57
2024-05-16T17:00Z,ES,62.07
2024-05-16T18:00Z,ES,101.66
2024-05-16T19:00Z,ES,97.14
2024-05-16T20:00Z,ES,94.52
2024-05-16T21:00Z,ES,58.97
2024-05-16T22:00Z,ES,52.88
2024-05-16T23:00Z,ES,53.24
2024-05-17T00:00Z,ES,49.91
2024-05-17T01:00Z,ES,49.28
2024-05-17T02:00Z,ES,47.91
2024-05-17T03:00Z,ES,50.69
2024-05-17T04:00Z,ES,61.72
2024-05-17T05:00Z,ES,51.9
2024-05-17T06:00Z,ES,51.48
2024-05-17T07:00Z,ES,47.0
2024-05-17T08:00Z,ES,47.12
2024-05-17T09:00Z,ES,42.49
2024-05-17T10:00Z,ES,12.01
2024-05-17T11:00Z,ES,13.34
2024-05-17T12:00Z,ES,13.83
2024-05-17T13:00Z,ES,9.61
2024-05-17T14:00Z,ES,2.34
2024-05-17T15:00Z,ES,35.19
2024-05-17T16:00Z,ES,57.96
2024-05-17T17:00Z,ES,54.98
2024-05-17T18:00Z,ES,53.84
2024-05-17T19:00Z,ES,63.38
2024-05-17T20:00Z,ES,53.93
2024-05-17T21:00Z,ES,52.09
2024-05-17T22:00Z,ES,50.45
2024-05-17T23:00Z,ES,52.0
2024-05-18T00:00Z,ES,49.83
2024-05-18T01:00Z,ES,49.45
2024-05-18T02:00Z,ES,51.31
2024-05-18T03:00Z,ES,54.25
2024-05-18T04:00Z,ES,51.19
2024-05-18T05:00Z,ES,47.73
2024-05-18T06:00Z,ES,43.64
2024-05-18T07:00Z,ES,15.73
2024-05-18T08:00Z,ES,1.02
2024-05-18T09:00Z,ES,0.61
2024-05-18T10:00Z,ES,1.16
2024-05-18T11:00Z,ES,-0.46
2024-05-18T12:00Z,ES,2.43
2024-05-18T13:00Z,ES,10.73
2024-05-18T14:00Z,ES,13.94
2024-05-18T15:00Z,ES,33.58
2024-05-18T16:00Z,ES,45.57
2024-05-18T17:00Z,ES,70.66
2024-05-18T18:00Z,ES,70.37
2024-05-18T19:00Z,ES,70.81
2024-05-18T20:00Z,ES,58.81
2024-05-18T21:00Z,ES,58.99
2024-05-18T22:00Z,ES,59.58
2024-05-18T23:00Z,ES,54.2
2024-05-19T00:00Z,ES,57.89
2024-05-19T01:00Z,ES,55.6
2024-05-19T02:00Z,ES,54.64
2024-05-19T03:00Z,ES,55.02
2024-05-19T04:00Z,ES,65.39
2024-05-19T05:00Z,ES,61.81
2024-05-19T06:00Z,ES,56.49
2024-05-19T07:00Z,ES,51.64
2024-05-19T08:00Z,ES,24.59
2024-05-19T09:00Z,ES,4.32
2024-05-19T10:00Z,ES,2.34
2024-05-19T11:00Z,ES,1.54
2024-05-19T12:00Z,ES,-0.13
2024-05-19T13:00Z,ES,6.81
2024-05-19T14:00Z,ES,10.26
2024-05-19T15:00Z,ES,46.0
2024-05-19T16:00Z,ES,53.86
2024-05-19T17:00Z,ES,42.86
2024-05-19T18:00Z,ES,60.94
2024-05-19T19:00Z,ES,62.31
2024-05-19T20:00Z,ES,53.73
2024-05-19T21:00Z,ES,52.48
2024-05-19T22:00Z,ES,67.65
2024-05-19T23:00Z,ES,56.22
2024-05-20T00:00Z,ES,50.72
2024-05-20T01:00Z,ES,51.15
2024-05-20T02:00Z,ES,54.77
2024-05-20T03:00Z,ES,66.25
2024-05-20T04:00Z,ES,93.31
2024-05-20T05:00Z,ES,100.6
2024-05-20T06:00Z,ES,61.95
2024-05-20T07:00Z,ES,58.07
2024-05-20T08:00Z,ES,55.53
2024-05-20T09:00Z,ES,51.15
2024-05-20T10:00Z,ES,54.24
2024-05-20T11:00Z,ES,50.59
2024-05-20T12:00Z,ES,46.43
2024-05-20T13:00Z,ES,50.51
2024-05-20T14:00Z,ES,67.84
2024-05-20T15:00Z,ES,73.64
2024-05-20T16:00Z,ES,97.41
2024-05-20T17:00Z,ES,88.3
2024-05-20T18:00Z,ES,59.52
2024-05-20T19:00Z,ES,55.95
2024-05-20T20:00Z,ES,50.62
2024-05-20T21:00Z,ES,46.74
2024-05-20T22:00Z,ES,31.52
2024-05-20T23:00Z,ES,37.91
2024-05-21T00:00Z,ES,-2.3
2024-05-21T01:00Z,ES,0.3
2024-05-21T02:00Z,ES,2.84
2024-05-21T03:00Z,ES,5.27
2024-05-21T04:00Z,ES,2.82
2024-05-21T05:00Z,ES,53.1
2024-05-21T06:00Z,ES,58.53
2024-05-21T07:00Z,ES,43.49
2024-05-21T08:00Z,ES,47.28
2024-05-21T09:00Z,ES,43.41
2024-05-21T10:00Z,ES,43.95
2024-05-21T11:00Z,ES,43.18
2024-05-21T12:00Z,ES,22.71
2024-05-21T13:00Z,ES,44.11
2024-05-21T14:00Z,ES,36.18
2024-05-21T15:00Z,ES,58.14
2024-05-21T16:00Z,ES,54.3
2024-05-21T17:00Z,ES,49.27
2024-05-21T18:00Z,ES,54.17
2024-05-21T19:00Z,ES,49.36
2024-05-21T20:00Z,ES,46.25
2024-05-21T21:00Z,ES,52.39
2024-05-21T22:00Z,ES,38.19
2024-05-21T23:00Z,ES,28.64
2024-05-22T00:00Z,ES,25.72
2024-05-22T01:00Z,ES,47.02
2024-05-22T02:00Z,ES,36.03
2024-05-22T03:00Z,ES,39.35
2024-05-22T04:00Z,ES,69.59
2024-05-22T05:00Z,ES,67.4
2024-05-22T06:00Z,ES,55.87
2024-05-22T07:00Z,ES,51.28
2024-05-22T08:00Z,ES,45.14
2024-05-22T09:00Z,ES,25.45
2024-05-22T10:00Z,ES,27.61
2024-05-22T11:00Z,ES,20.98
2024-05-22T12:00Z,ES,34.68
2024-05-22T13:00Z,ES,23.14
2024-05-22T14:00Z,ES,30.73
2024-05-22T15:00Z,ES,52.16
2024-05-22T16:00Z,ES,59.0
2024-05-22T17:00Z,ES,49.49
2024-05-22T18:00Z,ES,61.46
2024-05-22T19:00Z,ES,85.88
2024-05-22T20:00Z,ES,56.95
2024-05-22T21:00Z,ES,50.42
2024-05-22T22:00Z,ES,53.55
2024-05-22T23:00Z,ES,54.2
2024-05-23T00:00Z,ES,55.61
2024-05-23T01:00Z,ES,53.56
2024-05-23T02:00Z,ES,59.07
2024-05-23T03:00Z,ES,58.72
2024-05-23T04:00Z,ES,72.49
2024-05-23T05:00Z,ES,95.33
2024-05-23T06:00Z,ES,65.44
2024-05-23T07:00Z,ES,64.35
2024-05-23T08:00Z,ES,60.99
2024-05-23T09:00Z,ES,56.2
2024-05-23T10:00Z,ES,50.49
2024-05-23T11:00Z,ES,48.44
2024-05-23T12:00Z,ES,50.14
2024-05-23T13:00Z,ES,55.99
2024-05-23T14:00Z,ES,57.25
2024-05-23T15:00Z,ES,59.23
2024-05-23T16:00Z,ES,63.08
2024-05-23T17:00Z,ES,68.79
2024-05-23T18:00Z,ES,67.42
2024-05-23T19:00Z,ES,102.7
2024-05-23T20:00Z,ES,88.42
2024-05-23T21:00Z,ES,60.84
2024-05-23T22:00Z,ES,62.65
2024-05-23T23:00Z,ES,63.18
2024-05-24T00:00Z,ES,66.52
2024-05-24T01:00Z,ES,64.82
2024-05-24T02:00Z,ES,66.53
2024-05-24T03:00Z,ES,71.93
2024-05-24T04:00Z,ES,106.42
2024-05-24T05:00Z,ES,107.06
2024-05-24T06:00Z,ES,96.7
2024-05-24T07:00Z,ES,68.95
2024-05-24T08:00Z,ES,61.38
2024-05-24T09:00Z,ES,57.7
2024-05-24T10:00Z,ES,54.19
2024-05-24T11:00Z,ES,48.62
2024-05-24T12:00Z,ES,45.21
2024-05-24T13:00Z,ES,53.06
2024-05-24T14:00Z,ES,55.19
2024-05-24T15:00Z,ES,70.18
2024-05-24T16:00Z,ES,72.29
2024-05-24T17:00Z,ES,74.67
2024-05-24T18:00Z,ES,108.86
2024-05-24T19:00Z,ES,100.19
2024-05-24T20:00Z,ES,90.01
2024-05-24T21:00Z,ES,66.8
2024-05-24T22:00Z,ES,60.7
2024-05-24T23:00Z,ES,61.56
2024-05-25T00:00Z,ES,60.05
2024-05-25T01:00Z,ES,58.96
2024-05-25T02:00Z,ES,60.79
2024-05-25T03:00Z,ES,64.16
2024-05-25T04:00Z,ES,72.2
2024-05-25T05:00Z,ES,64.01
2024-05-25T06:00Z,ES,59.59
2024-05-25T07:00Z,ES,50.01
2024-05-25T08:00Z,ES,6.67
2024-05-25T09:00Z,ES,3.37
2024-05-25T10:00Z,ES,1.76
2024-05-25T11:00Z,ES,-0.44
2024-05-25T12:00Z,ES,1.93
2024-05-25T13:00Z,ES,3.89
2024-05-25T14:00Z,ES,9.55
2024-05-25T15:00Z,ES,4.2
2024-05-25T16:00Z,ES,30.93
2024-05-25T17:00Z,ES,67.41
2024-05-25T18:00Z,ES,64.51
2024-05-25T19:00Z,ES,69.94
2024-05-25T20:00Z,ES,63.53
2024-05-25T21:00Z,ES,60.81
2024-05-25T22:00Z,ES,51.61
2024-05-25T23:00Z,ES,44.17
2024-05-26T00:00Z,ES,41.74
2024-05-26T01:00Z,ES,21.77
2024-05-26T02:00Z,ES,41.67
2024-05-26T03:00Z,ES,44.15
2024-05-26T04:00Z,ES,52.94
2024-05-26T05:00Z,ES,45.47
2024-05-26T06:00Z,ES,21.5
2024-05-26T07:00Z,ES,-0.6
2024-05-26T08:00Z,ES,1.39
2024-05-26T09:00Z,ES,-0.1
2024-05-26T10:00Z,ES,-0.96
2024-05-26T11:00Z,ES,-2.71
2024-05-26T12:00Z,ES,0.51
2024-05-26T13:00Z,ES,0.38
2024-05-26T14:00Z,ES,2.08
2024-05-26T15:00Z,ES,23.35
2024-05-26T16:00Z,ES,27.61
2024-05-26T17:00Z,ES,51.15
2024-05-26T18:00Z,ES,50.53
2024-05-26T19:00Z,ES,64.25
2024-05-26T20:00Z,ES,49.99
2024-05-26T21:00Z,ES,48.99
2024-05-26T22:00Z,ES,89.71
2024-05-26T23:00Z,ES,67.05
2024-05-27T00:00Z,ES,63.34
2024-05-27T01:00Z,ES,62.76
2024-05-27T02:00Z,ES,66.85
2024-05-27T03:00Z,ES,78.68
2024-05-27T04:00Z,ES,114.22
2024-05-27T05:00Z,ES,117.13
2024-05-27T06:00Z,ES,78.11
2024-05-27T07:00Z,ES,74.82
2024-05-27T08:00Z,ES,64.49
2024-05-27T09:00Z,ES,44.99
2024-05-27T10:00Z,ES,41.46
2024-05-27T11:00Z,ES,39.9
2024-05-27T12:00Z,ES,40.03
2024-05-27T13:00Z,ES,42.69
2024-05-27T14:00Z,ES,43.54
2024-05-27T15:00Z,ES,75.91
2024-05-27T16:00Z,ES,80.1
2024-05-27T17:00Z,ES,96.59
2024-05-27T18:00Z,ES,120.94
2024-05-27T19:00Z,ES,121.66
2024-05-27T20:00Z,ES,119.95
2024-05-27T21:00Z,ES,115.45
2024-05-27T22:00Z,ES,78.5
2024-05-27T23:00Z,ES,77.59
2024-05-28T00:00Z,ES,75.18
2024-05-28T01:00Z,ES,76.24
2024-05-28T02:00Z,ES,72.54
2024-05-28T03:00Z,ES,78.64
2024-05-28T04:00Z,ES,82.33
2024-05-28T05:00Z,ES,83.69
2024-05-28T06:00Z,ES,81.21
2024-05-28T07:00Z,ES,65.97
2024-05-28T08:00Z,ES,57.42
2024-05-28T09:00Z,ES,50.1
2024-05-28T10:00Z,ES,22.88
2024-05-28T11:00Z,ES,20.43
2024-05-28T12:00Z,ES,20.39
2024-05-28T13:00Z,ES,58.28
2024-05-28T14:00Z,ES,31.85
2024-05-28T15:00Z,ES,60.95
2024-05-28T16:00Z,ES,71.08
2024-05-28T17:00Z,ES,71.78
2024-05-28T18:00Z,ES,81.12
2024-05-28T19:00Z,ES,87.65
2024-05-28T20:00Z,ES,75.17
2024-05-28T21:00Z,ES,70.03
2024-05-28T22:00Z,ES,61.95
2024-05-28T23:00Z,ES,57.51
2024-05-29T00:00Z,ES,50.33
2024-05-29T01:00Z,ES,60.46
2024-05-29T02:00Z,ES,52.06
2024-05-29T03:00Z,ES,78.83
2024-05-29T04:00Z,ES,70.85
2024-05-29T05:00Z,ES,68.92
2024-05-29T06:00Z,ES,64.63
2024-05-29T07:00Z,ES,49.04
2024-05-29T08:00Z,ES,28.78
2024-05-29T09:00Z,ES,-0.44
2024-05-29T10:00Z,ES,-2.55
2024-05-29T11:00Z,ES,0.69
2024-05-29T12:00Z,ES,11.55
2024-05-29T13:00Z,ES,0.96
2024-05-29T14:00Z,ES,0.8
2024-05-29T15:00Z,ES,58.31
2024-05-29T16:00Z,ES,86.21
2024-05-29T17:00Z,ES,78.76
2024-05-29T18:00Z,ES,84.66
2024-05-29T19:00Z,ES,119.17
2024-05-29T20:00Z,ES,113.95
2024-05-29T21:00Z,ES,99.25
2024-05-29T22:00Z,ES,70.95
2024-05-29T23:00Z,ES,68.41
2024-05-30T00:00Z,ES,68.94
2024-05-30T01:00Z,ES,59.37
2024-05-30T02:00Z,ES,62.24
2024-05-30T03:00Z,ES,82.49
2024-05-30T04:00Z,ES,101.35
2024-05-30T05:00Z,ES,113.24
2024-05-30T06:00Z,ES,82.08
2024-05-30T07:00Z,ES,65.23
2024-05-30T08:00Z,ES,53.82
2024-05-30T09:00Z,ES,50.43
2024-05-30T10:00Z,ES,48.88
2024-05-30T11:00Z,ES,-0.84
2024-05-30T12:00Z,ES,11.43
2024-05-30T13:00Z,ES,14.58
2024-05-30T14:00Z,ES,56.6
2024-05-30T15:00Z,ES,46.3
2024-05-30T16:00Z,ES,63.18
2024-05-30T17:00Z,ES,73.88
2024-05-30T18:00Z,ES,83.23
2024-05-30T19:00Z,ES,103.16
2024-05-30T20:00Z,ES,66.73
2024-05-30T21:00Z,ES,60.01
2024-05-30T22:00Z,ES,53.49
2024-05-30T23:00Z,ES,53.29
2024-05-31T00:00Z,ES,51.23
2024-05-31T01:00Z,ES,54.48
2024-05-31T02:00Z,ES,55.11
2024-05-31T03:00Z,ES,68.07
2024-05-31T04:00Z,ES,61.49
2024-05-31T05:00Z,ES,63.25
2024-05-31T06:00Z,ES,55.68
2024-05-31T07:00Z,ES,31.48
2024-05-31T08:00Z,ES,2.41
2024-05-31T09:00Z,ES,2.87
2024-05-31T10:00Z,ES,2.11
2024-05-31T11:00Z,ES,-0.39
2024-05-31T12:00Z,ES,-1.36
2024-05-31T13:00Z,ES,-0.25
2024-05-31T14:00Z,ES,4.06
2024-05-31T15:00Z,ES,7.67
2024-05-31T16:00Z,ES,9.76
2024-05-31T17:00Z,ES,6.67
2024-05-31T18:00Z,ES,7.48
2024-05-31T19:00Z,ES,58.13
2024-05-31T20:00Z,ES,46.93
2024-05-31T21:00Z,ES,49.17
2024-05-31T22:00Z,ES,48.06
2024-05-31T23:00Z,ES,2.67
2024-06-01T00:00Z,ES,47.48
2024-06-01T01:00Z,ES,40.5
2024-06-01T02:00Z,ES,33.18
2024-06-01T03:00Z,ES,38.79
2024-06-01T04:00Z,ES,58.35
2024-06-01T05:00Z,ES,60.77
2024-06-01T06:00Z,ES,50.52
2024-06-01T07:00Z,ES,49.3
2024-06-01T08:00Z,ES,3.72
2024-06-01T09:00Z,ES,2.5
2024-06-01T10:00Z,ES,3.4
2024-06-01T11:00Z,ES,5.13
2024-06-01T12:00Z,ES,7.43
2024-06-01T13:00Z,ES,3.74
2024-06-01T14:00Z,ES,2.06
2024-06-01T15:00Z,ES,29.39
2024-06-01T16:00Z,ES,32.71
2024-06-01T17:00Z,ES,57.94
2024-06-01T18:00Z,ES,69.77
2024-06-01T19:00Z,ES,76.68
2024-06-01T20:00Z,ES,69.71
2024-06-01T21:00Z,ES,63.49
2024-06-01T22:00Z,ES,69.29
2024-06-01T23:00Z,ES,66.0
2024-06-02T00:00Z,ES,61.7
2024-06-02T01:00Z,ES,65.21
2024-06-02T02:00Z,ES,60.66
2024-06-02T03:00Z,ES,65.16
2024-06-02T04:00Z,ES,73.03
2024-06-02T05:00Z,ES,68.97
2024-06-02T06:00Z,ES,63.11
2024-06-02T07:00Z,ES,53.7
2024-06-02T08:00Z,ES,19.26
2024-06-02T09:00Z,ES,10.65
2024-06-02T10:00Z,ES,2.59
2024-06-02T11:00Z,ES,0.55
2024-06-02T12:00Z,ES,-0.55
2024-06-02T13:00Z,ES,4.65
2024-06-02T14:00Z,ES,1.29
2024-06-02T15:00Z,ES,-1.58
2024-06-02T16:00Z,ES,28.3
2024-06-02T17:00Z,ES,64.77
2024-06-02T18:00Z,ES,58.45
2024-06-02T19:00Z,ES,71.43
2024-06-02T20:00Z,ES,68.62
2024-06-02T21:00Z,ES,62.58
2024-06-02T22:00Z,ES,73.61
2024-06-02T23:00Z,ES,74.77
2024-06-03T00:00Z,ES,63.93
2024-06-03T01:00Z,ES,67.54
2024-06-03T02:00Z,ES,74.0
2024-06-03T03:00Z,ES,72.94
2024-06-03T04:00Z,ES,81.19
2024-06-03T05:00Z,ES,82.8
2024-06-03T06:00Z,ES,73.52
2024-06-03T07:00Z,ES,73.35
2024-06-03T08:00Z,ES,51.07
2024-06-03T09:00Z,ES,38.44
2024-06-03T10:00Z,ES,23.18
2024-06-03T11:00Z,ES,-3.12
2024-06-03T12:00Z,ES,-0.83
2024-06-03T13:00Z,ES,1.39
2024-06-03T14:00Z,ES,33.1
2024-06-03T15:00Z,ES,57.93
2024-06-03T16:00Z,ES,64.94
2024-06-03T17:00Z,ES,84.0
2024-06-03T18:00Z,ES,83.64
2024-06-03T19:00Z,ES,99.81
2024-06-03T20:00Z,ES,92.18
2024-06-03T21:00Z,ES,72.17
2024-06-03T22:00Z,ES,66.71
2024-06-03T23:00Z,ES,63.32
2024-06-04T00:00Z,ES,62.81
2024-06-04T01:00Z,ES,64.11
2024-06-04T02:00Z,ES,65.88
2024-06-04T03:00Z,ES,77.52
2024-06-04T04:00Z,ES,91.75
2024-06-04T05:00Z,ES,83.24
2024-06-04T06:00Z,ES,78.52
2024-06-04T07:00Z,ES,68.99
2024-06-04T08:00Z,ES,55.91
2024-06-04T09:00Z,ES,27.02
2024-06-04T10:00Z,ES,2.1
2024-06-04T11:00Z,ES,4.33
2024-06-04T12:00Z,ES,50.89
2024-06-04T13:00Z,ES,5.53
2024-06-04T14:00Z,ES,11.28
2024-06-04T15:00Z,ES,65.52
2024-06-04T16:00Z,ES,76.73
2024-06-04T17:00Z,ES,80.06
2024-06-04T18:00Z,ES,88.21
2024-06-04T19:00Z,ES,110.05
2024-06-04T20:00Z,ES,94.54
2024-06-04T21:00Z,ES,75.46
2024-06-04T22:00Z,ES,66.02
2024-06-04T23:00Z,ES,64.42
2024-06-05T00:00Z,ES,66.62
2024-06-05T01:00Z,ES,65.93
2024-06-05T02:00Z,ES,66.23
2024-06-05T03:00Z,ES,71.06
2024-06-05T04:00Z,ES,95.22
2024-06-05T05:00Z,ES,103.24
2024-06-05T06:00Z,ES,87.23
2024-06-05T07:00Z,ES,69.43
2024-06-05T08:00Z,ES,62.58
2024-06-05T09:00Z,ES,53.69
2024-06-05T10:00Z,ES,22.41
2024-06-05T11:00Z,ES,1.3
2024-06-05T12:00Z,ES,21.89
2024-06-05T13:00Z,ES,23.51
2024-06-05T14:00Z,ES,24.94
2024-06-05T15:00Z,ES,54.74
2024-06-05T16:00Z,ES,77.48
2024-06-05T17:00Z,ES,78.47
2024-06-05T18:00Z,ES,96.53
2024-06-05T19:00Z,ES,95.7
2024-06-05T20:00Z,ES,76.64
2024-06-05T21:00Z,ES,69.58
2024-06-05T22:00Z,ES,69.42
2024-06-05T23:00Z,ES,65.66
2024-06-06T00:00Z,ES,64.59
2024-06-06T01:00Z,ES,70.75
2024-06-06T02:00Z,ES,64.03
2024-06-06T03:00Z,ES,68.51
2024-06-06T04:00Z,ES,74.26
2024-06-06T05:00Z,ES,77.52
2024-06-06T06:00Z,ES,74.47
2024-06-06T07:00Z,ES,70.0
2024-06-06T08:00Z,ES,43.49
2024-06-06T09:00Z,ES,50.21
2024-06-06T10:00Z,ES,1.45
2024-06-06T11:00Z,ES,0.81
2024-06-06T12:00Z,ES,0.8
2024-06-06T13:00Z,ES,0.06
2024-06-06T14:00Z,ES,3.1
2024-06-06T15:00Z,ES,0.52
2024-06-06T16:00Z,ES,10.24
2024-06-06T17:00Z,ES,10.02
2024-06-06T18:00Z,ES,6.33
2024-06-06T19:00Z,ES,64.32
2024-06-06T20:00Z,ES,55.21
2024-06-06T21:00Z,ES,63.65
2024-06-06T22:00Z,ES,55.73
2024-06-06T23:00Z,ES,52.28
2024-06-07T00:00Z,ES,69.49
2024-06-07T01:00Z,ES,53.59
2024-06-07T02:00Z,ES,49.21
2024-06-07T03:00Z,ES,61.91
2024-06-07T04:00Z,ES,67.72
2024-06-07T05:00Z,ES,74.81
2024-06-07T06:00Z,ES,67.12
2024-06-07T07:00Z,ES,62.48
2024-06-07T08:00Z,ES,58.41
2024-06-07T09:00Z,ES,45.94
2024-06-07T10:00Z,ES,-1.3
2024-06-07T11:00Z,ES,-2.65
2024-06-07T12:00Z,ES,-0.64
2024-06-07T13:00Z,ES,0.17
2024-06-07T14:00Z,ES,2.08
2024-06-07T15:00Z,ES,1.45
2024-06-07T16:00Z,ES,69.05
2024-06-07T17:00Z,ES,65.66
2024-06-07T18:00Z,ES,64.37
2024-06-07T19:00Z,ES,68.82
2024-06-07T20:00Z,ES,73.78
2024-06-07T21:00Z,ES,57.13
2024-06-07T22:00Z,ES,33.25
2024-06-07T23:00Z,ES,33.05
2024-06-08T00:00Z,ES,26.86
2024-06-08T01:00Z,ES,43.92
2024-06-08T02:00Z,ES,35.31
2024-06-08T03:00Z,ES,36.6
2024-06-08T04:00Z,ES,49.79
2024-06-08T05:00Z,ES,42.86
2024-06-08T06:00Z,ES,34.92
2024-06-08T07:00Z,ES,0.19
2024-06-08T08:00Z,ES,0.45
2024-06-08T09:00Z,ES,1.23
2024-06-08T10:00Z,ES,1.1
2024-06-08T11:00Z,ES,-0.51
2024-06-08T12:00Z,ES,-2.13
2024-06-08T13:00Z,ES,1.32
2024-06-08T14:00Z,ES,8.15
2024-06-08T15:00Z,ES,18.91
2024-06-08T16:00Z,ES,11.47
2024-06-08T17:00Z,ES,-0.11
2024-06-08T18:00Z,ES,38.43
2024-06-08T19:00Z,ES,59.3
2024-06-08T20:00Z,ES,82.01
2024-06-08T21:00Z,ES,81.54
2024-06-08T22:00Z,ES,64.75
2024-06-08T23:00Z,ES,64.28
2024-06-09T00:00Z,ES,62.5
2024-06-09T01:00Z,ES,69.43
2024-06-09T02:00Z,ES,61.1
2024-06-09T03:00Z,ES,58.66
2024-06-09T04:00Z,ES,66.62
2024-06-09T05:00Z,ES,68.04
2024-06-09T06:00Z,ES,62.83
2024-06-09T07:00Z,ES,56.95
2024-06-09T08:00Z,ES,49.95
2024-06-09T09:00Z,ES,5.62
2024-06-09T10:00Z,ES,3.46
2024-06-09T11:00Z,ES,0.28
2024-06-09T12:00Z,ES,0.68
2024-06-09T13:00Z,ES,0.28
2024-06-09T14:00Z,ES,7.6
2024-06-09T15:00Z,ES,15.28
2024-06-09T16:00Z,ES,65.79
2024-06-09T17:00Z,ES,70.78
2024-06-09T18:00Z,ES,78.18
2024-06-09T19:00Z,ES,84.04
2024-06-09T20:00Z,ES,76.28
2024-06-09T21:00Z,ES,74.79
2024-06-09T22:00Z,ES,101.67
2024-06-09T23:00Z,ES,88.18
2024-06-10T00:00Z,ES,76.02
2024-06-10T01:00Z,ES,74.21
2024-06-10T02:00Z,ES,71.89
2024-06-10T03:00Z,ES,92.13
2024-06-10T04:00Z,ES,98.8
2024-06-10T05:00Z,ES,103.88
2024-06-10T06:00Z,ES,95.8
2024-06-10T07:00Z,ES,92.58
2024-06-10T08:00Z,ES,69.42
2024-06-10T09:00Z,ES,65.26
2024-06-10T10:00Z,ES,59.66
2024-06-10T11:00Z,ES,54.27
2024-06-10T12:00Z,ES,52.86
2024-06-10T13:00Z,ES,51.61
2024-06-10T14:00Z,ES,59.3
2024-06-10T15:00Z,ES,67.2
2024-06-10T16:00Z,ES,77.7
2024-06-10T17:00Z,ES,96.06
2024-06-10T18:00Z,ES,100.42
2024-06-10T19:00Z,ES,103.21
2024-06-10T20:00Z,ES,100.85
2024-06-10T21:00Z,ES,104.78
2024-06-10T22:00Z,ES,96.27
2024-06-10T23:00Z,ES,91.46
2024-06-11T00:00Z,ES,93.21
2024-06-11T01:00Z,ES,94.0
2024-06-11T02:00Z,ES,89.32
2024-06-11T03:00Z,ES,93.21
2024-06-11T04:00Z,ES,96.38
2024-06-11T05:00Z,ES,90.26
2024-06-11T06:00Z,ES,88.27
2024-06-11T07:00Z,ES,91.2
2024-06-11T08:00Z,ES,83.24
2024-06-11T09:00Z,ES,76.14
2024-06-11T10:00Z,ES,59.1
2024-06-11T11:00Z,ES,60.29
2024-06-11T12:00Z,ES,59.93
2024-06-11T13:00Z,ES,63.36
2024-06-11T14:00Z,ES,69.24
2024-06-11T15:00Z,ES,82.28
2024-06-11T16:00Z,ES,104.69
2024-06-11T17:00Z,ES,103.52
2024-06-11T18:00Z,ES,103.27
2024-06-11T19:00Z,ES,98.57
2024-06-11T20:00Z,ES,92.73
2024-06-11T21:00Z,ES,85.71
2024-06-11T22:00Z,ES,73.87
2024-06-11T23:00Z,ES,64.63
2024-06-12T00:00Z,ES,67.3
2024-06-12T01:00Z,ES,64.8
2024-06-12T02:00Z,ES,71.5
2024-06-12T03:00Z,ES,88.67
2024-06-12T04:00Z,ES,94.47
2024-06-12T05:00Z,ES,92.64
2024-06-12T06:00Z,ES,83.78
2024-06-12T07:00Z,ES,70.25
2024-06-12T08:00Z,ES,60.74
2024-06-12T09:00Z,ES,58.99
2024-06-12T10:00Z,ES,49.08
2024-06-12T11:00Z,ES,21.89
2024-06-12T12:00Z,ES,3.82
2024-06-12T13:00Z,ES,14.68
2024-06-12T14:00Z,ES,14.38
2024-06-12T15:00Z,ES,27.74
2024-06-12T16:00Z,ES,79.19
2024-06-12T17:00Z,ES,89.41
2024-06-12T18:00Z,ES,74.58
2024-06-12T19:00Z,ES,89.85
2024-06-12T20:00Z,ES,69.41
2024-06-12T21:00Z,ES,62.36
2024-06-12T22:00Z,ES,75.63
2024-06-12T23:00Z,ES,69.01
2024-06-13T00:00Z,ES,73.29
2024-06-13T01:00Z,ES,70.67
2024-06-13T02:00Z,ES,74.7
2024-06-13T03:00Z,ES,85.04
2024-06-13T04:00Z,ES,106.39
2024-06-13T05:00Z,ES,103.04
2024-06-13T06:00Z,ES,78.36
2024-06-13T07:00Z,ES,65.33
2024-06-13T08:00Z,ES,56.99
2024-06-13T09:00Z,ES,50.54
2024-06-13T10:00Z,ES,30.07
2024-06-13T11:00Z,ES,19.64
2024-06-13T12:00Z,ES,20.97
2024-06-13T13:00Z,ES,27.21
2024-06-13T14:00Z,ES,56.07
2024-06-13T15:00Z,ES,70.78
2024-06-13T16:00Z,ES,73.61
2024-06-13T17:00Z,ES,70.28
2024-06-13T18:00Z,ES,92.81
2024-06-13T19:00Z,ES,101.55
2024-06-13T20:00Z,ES,89.12
2024-06-13T21:00Z,ES,84.26
2024-06-13T22:00Z,ES,72.86
2024-06-13T23:00Z,ES,70.14
2024-06-14T00:00Z,ES,67.36
2024-06-14T01:00Z,ES,63.28
2024-06-14T02:00Z,ES,62.29
2024-06-14T03:00Z,ES,81.57
2024-06-14T04:00Z,ES,95.34
2024-06-14T05:00Z,ES,93.11
2024-06-14T06:00Z,ES,87.75
2024-06-14T07:00Z,ES,84.97
2024-06-14T08:00Z,ES,70.61
2024-06-14T09:00Z,ES,63.25
2024-06-14T10:00Z,ES,64.71
2024-06-14T11:00Z,ES,61.29
2024-06-14T12:00Z,ES,61.78
2024-06-14T13:00Z,ES,65.17
2024-06-14T14:00Z,ES,69.26
2024-06-14T15:00Z,ES,72.38
2024-06-14T16:00Z,ES,80.66
2024-06-14T17:00Z,ES,98.44
2024-06-14T18:00Z,ES,103.05
2024-06-14T19:00Z,ES,92.98
2024-06-14T20:00Z,ES,90.65
2024-06-14T21:00Z,ES,88.41
2024-06-14T22:00Z,ES,70.09
2024-06-14T23:00Z,ES,70.05
2024-06-15T00:00Z,ES,63.31
2024-06-15T01:00Z,ES,56.75
2024-06-15T02:00Z,ES,71.07
2024-06-15T03:00Z,ES,69.42
2024-06-15T04:00Z,ES,85.45
2024-06-15T05:00Z,ES,90.4
2024-06-15T06:00Z,ES,78.65
2024-06-15T07:00Z,ES,67.18
2024-06-15T08:00Z,ES,63.63
2024-06-15T09:00Z,ES,58.16
2024-06-15T10:00Z,ES,54.96
2024-06-15T11:00Z,ES,53.73
2024-06-15T12:00Z,ES,52.8
2024-06-15T13:00Z,ES,50.7
2024-06-15T14:00Z,ES,60.51
2024-06-15T15:00Z,ES,61.76
2024-06-15T16:00Z,ES,64.54
2024-06-15T17:00Z,ES,67.71
2024-06-15T18:00Z,ES,77.82
2024-06-15T19:00Z,ES,90.58
2024-06-15T20:00Z,ES,88.01
2024-06-15T21:00Z,ES,82.17
2024-06-15T22:00Z,ES,62.88
2024-06-15T23:00Z,ES,61.25
2024-06-16T00:00Z,ES,58.54
2024-06-16T01:00Z,ES,57.71
2024-06-16T02:00Z,ES,59.57
2024-06-16T03:00Z,ES,65.69
2024-06-16T04:00Z,ES,72.14
2024-06-16T05:00Z,ES,67.02
2024-06-16T06:00Z,ES,60.55
2024-06-16T07:00Z,ES,57.73
2024-06-16T08:00Z,ES,56.16
2024-06-16T09:00Z,ES,50.72
2024-06-16T10:00Z,ES,49.83
2024-06-16T11:00Z,ES,49.69
2024-06-16T12:00Z,ES,50.02
2024-06-16T13:00Z,ES,49.45
2024-06-16T14:00Z,ES,52.8
2024-06-16T15:00Z,ES,62.11
2024-06-16T16:00Z,ES,60.13
2024-06-16T17:00Z,ES,60.03
2024-06-16T18:00Z,ES,57.99
2024-06-16T19:00Z,ES,67.44
2024-06-16T20:00Z,ES,58.8
2024-06-16T21:00Z,ES,56.56
2024-06-16T22:00Z,ES,62.58
2024-06-16T23:00Z,ES,57.43
2024-06-17T00:00Z,ES,61.1
2024-06-17T01:00Z,ES,58.3
2024-06-17T02:00Z,ES,54.08
2024-06-17T03:00Z,ES,58.09
2024-06-17T04:00Z,ES,73.7
2024-06-17T05:00Z,ES,74.46
2024-06-17T06:00Z,ES,67.99
2024-06-17T07:00Z,ES,68.39
2024-06-17T08:00Z,ES,60.55
2024-06-17T09:00Z,ES,55.66
2024-06-17T10:00Z,ES,53.21
2024-06-17T11:00Z,ES,48.86
2024-06-17T12:00Z,ES,49.28
2024-06-17T13:00Z,ES,51.07
2024-06-17T14:00Z,ES,67.47
2024-06-17T15:00Z,ES,78.04
2024-06-17T16:00Z,ES,74.84
2024-06-17T17:00Z,ES,72.09
2024-06-17T18:00Z,ES,66.58
2024-06-17T19:00Z,ES,71.75
2024-06-17T20:00Z,ES,55.69
2024-06-17T21:00Z,ES,54.04
2024-06-17T22:00Z,ES,46.26
2024-06-17T23:00Z,ES,30.46
2024-06-18T00:00Z,ES,55.65
2024-06-18T01:00Z,ES,55.93
2024-06-18T02:00Z,ES,47.73
2024-06-18T03:00Z,ES,57.99
2024-06-18T04:00Z,ES,80.56
2024-06-18T05:00Z,ES,76.02
2024-06-18T06:00Z,ES,65.67
2024-06-18T07:00Z,ES,66.61
2024-06-18T08:00Z,ES,53.4
2024-06-18T09:00Z,ES,53.55
2024-06-18T10:00Z,ES,31.01
2024-06-18T11:00Z,ES,25.58
2024-06-18T12:00Z,ES,58.89
2024-06-18T13:00Z,ES,53.65
2024-06-18T14:00Z,ES,60.96
2024-06-18T15:00Z,ES,60.76
2024-06-18T16:00Z,ES,69.53
2024-06-18T17:00Z,ES,70.11
2024-06-18T18:00Z,ES,83.79
2024-06-18T19:00Z,ES,87.28
2024-06-18T20:00Z,ES,79.74
2024-06-18T21:00Z,ES,69.85
2024-06-18T22:00Z,ES,77.86
2024-06-18T23:00Z,ES,71.87
2024-06-19T00:00Z,ES,71.09
2024-06-19T01:00Z,ES,73.2
2024-06-19T02:00Z,ES,76.62
2024-06-19T03:00Z,ES,75.39
2024-06-19T04:00Z,ES,102.32
2024-06-19T05:00Z,ES,107.33
2024-06-19T06:00Z,ES,95.66
2024-06-19T07:00Z,ES,75.94
2024-06-19T08:00Z,ES,72.35
2024-06-19T09:00Z,ES,71.97
2024-06-19T10:00Z,ES,66.98
2024-06-19T11:00Z,ES,63.98
2024-06-19T12:00Z,ES,60.59
2024-06-19T13:00Z,ES,58.86
2024-06-19T14:00Z,ES,68.97
2024-06-19T15:00Z,ES,82.23
2024-06-19T16:00Z,ES,85.19
2024-06-19T17:00Z,ES,93.67
2024-06-19T18:00Z,ES,111.0
2024-06-19T19:00Z,ES,112.17
2024-06-19T20:00Z,ES,94.84
2024-06-19T21:00Z,ES,73.48
2024-06-19T22:00Z,ES,72.45
2024-06-19T23:00Z,ES,72.21
2024-06-20T00:00Z,ES,68.46
2024-06-20T01:00Z,ES,70.79
2024-06-20T02:00Z,ES,73.0
2024-06-20T03:00Z,ES,72.29
2024-06-20T04:00Z,ES,87.08
2024-06-20T05:00Z,ES,86.65
2024-06-20T06:00Z,ES,74.68
2024-06-20T07:00Z,ES,74.18
2024-06-20T08:00Z,ES,68.98
2024-06-20T09:00Z,ES,71.37
2024-06-20T10:00Z,ES,68.35
2024-06-20T11:00Z,ES,67.26
2024-06-20T12:00Z,ES,64.66
2024-06-20T13:00Z,ES,67.04
2024-06-20T14:00Z,ES,65.6
2024-06-20T15:00Z,ES,70.44
2024-06-20T16:00Z,ES,71.69
2024-06-20T17:00Z,ES,80.74
2024-06-20T18:00Z,ES,93.65
2024-06-20T19:00Z,ES,103.29
2024-06-20T20:00Z,ES,92.78
2024-06-20T21:00Z,ES,77.84
2024-06-20T22:00Z,ES,62.38
2024-06-20T23:00Z,ES,64.91
2024-06-21T00:00Z,ES,59.27
2024-06-21T01:00Z,ES,57.95
2024-06-21T02:00Z,ES,58.42
2024-06-21T03:00Z,ES,63.65
2024-06-21T04:00Z,ES,84.66
2024-06-21T05:00Z,ES,84.51
2024-06-21T06:00Z,ES,72.83
2024-06-21T07:00Z,ES,72.02
2024-06-21T08:00Z,ES,70.33
2024-06-21T09:00Z,ES,66.58
2024-06-21T10:00Z,ES,61.27
2024-06-21T11:00Z,ES,56.38
2024-06-21T12:00Z,ES,57.07
2024-06-21T13:00Z,ES,61.73
2024-06-21T14:00Z,ES,67.39
2024-06-21T15:00Z,ES,75.92
2024-06-21T16:00Z,ES,81.33
2024-06-21T17:00Z,ES,84.73
2024-06-21T18:00Z,ES,105.12
2024-06-21T19:00Z,ES,105.74
2024-06-21T20:00Z,ES,97.51
2024-06-21T21:00Z,ES,97.7
2024-06-21T22:00Z,ES,80.3
2024-06-21T23:00Z,ES,81.15
2024-06-22T00:00Z,ES,77.33
2024-06-22T01:00Z,ES,78.05
2024-06-22T02:00Z,ES,76.93
2024-06-22T03:00Z,ES,78.17
2024-06-22T04:00Z,ES,84.21
2024-06-22T05:00Z,ES,78.98
2024-06-22T06:00Z,ES,76.23
2024-06-22T07:00Z,ES,64.79
2024-06-22T08:00Z,ES,54.36
2024-06-22T09:00Z,ES,32.91
2024-06-22T10:00Z,ES,25.97
2024-06-22T11:00Z,ES,47.44
2024-06-22T12:00Z,ES,51.55
2024-06-22T13:00Z,ES,27.21
2024-06-22T14:00Z,ES,36.39
2024-06-22T15:00Z,ES,62.13
2024-06-22T16:00Z,ES,70.0
2024-06-22T17:00Z,ES,74.28
2024-06-22T18:00Z,ES,85.11
2024-06-22T19:00Z,ES,97.46
2024-06-22T20:00Z,ES,83.89
2024-06-22T21:00Z,ES,79.03
2024-06-22T22:00Z,ES,60.7
2024-06-22T23:00Z,ES,57.76
2024-06-23T00:00Z,ES,57.48
2024-06-23T01:00Z,ES,58.44
2024-06-23T02:00Z,ES,60.34
2024-06-23T03:00Z,ES,64.62
2024-06-23T04:00Z,ES,64.79
2024-06-23T05:00Z,ES,64.73
2024-06-23T06:00Z,ES,54.77
2024-06-23T07:00Z,ES,47.73
2024-06-23T08:00Z,ES,27.33
2024-06-23T09:00Z,ES,20.51
2024-06-23T10:00Z,ES,1.52
2024-06-23T11:00Z,ES,-0.8
2024-06-23T12:00Z,ES,-0.64
2024-06-23T13:00Z,ES,3.42
2024-06-23T14:00Z,ES,1.84
2024-06-23T15:00Z,ES,21.69
2024-06-23T16:00Z,ES,33.31
2024-06-23T17:00Z,ES,59.74
2024-06-23T18:00Z,ES,62.53
2024-06-23T19:00Z,ES,65.24
2024-06-23T20:00Z,ES,53.32
2024-06-23T21:00Z,ES,53.22
2024-06-23T22:00Z,ES,72.64
2024-06-23T23:00Z,ES,66.85
2024-06-24T00:00Z,ES,63.7
2024-06-24T01:00Z,ES,59.61
2024-06-24T02:00Z,ES,62.73
2024-06-24T03:00Z,ES,62.7
2024-06-24T04:00Z,ES,92.34
2024-06-24T05:00Z,ES,91.1
2024-06-24T06:00Z,ES,77.74
2024-06-24T07:00Z,ES,68.2
2024-06-24T08:00Z,ES,69.54
2024-06-24T09:00Z,ES,59.58
2024-06-24T10:00Z,ES,54.99
2024-06-24T11:00Z,ES,48.67
2024-06-24T12:00Z,ES,47.86
2024-06-24T13:00Z,ES,37.37
2024-06-24T14:00Z,ES,57.01
2024-06-24T15:00Z,ES,76.47
2024-06-24T16:00Z,ES,83.48
2024-06-24T17:00Z,ES,89.73
2024-06-24T18:00Z,ES,98.87
2024-06-24T19:00Z,ES,104.96
2024-06-24T20:00Z,ES,95.16
2024-06-24T21:00Z,ES,76.23
2024-06-24T22:00Z,ES,72.79
2024-06-24T23:00Z,ES,73.52
2024-06-25T00:00Z,ES,69.83
2024-06-25T01:00Z,ES,65.98
2024-06-25T02:00Z,ES,74.43
2024-06-25T03:00Z,ES,74.68
2024-06-25T04:00Z,ES,108.11
2024-06-25T05:00Z,ES,105.16
2024-06-25T06:00Z,ES,103.6
2024-06-25T07:00Z,ES,84.55
2024-06-25T08:00Z,ES,72.59
2024-06-25T09:00Z,ES,61.39
2024-06-25T10:00Z,ES,54.73
2024-06-25T11:00Z,ES,51.3
2024-06-25T12:00Z,ES,50.71
2024-06-25T13:00Z,ES,57.7
2024-06-25T14:00Z,ES,58.27
2024-06-25T15:00Z,ES,72.15
2024-06-25T16:00Z,ES,80.12
2024-06-25T17:00Z,ES,95.82
2024-06-25T18:00Z,ES,102.42
2024-06-25T19:00Z,ES,101.14
2024-06-25T20:00Z,ES,93.61
2024-06-25T21:00Z,ES,94.84
2024-06-25T22:00Z,ES,93.16
2024-06-25T23:00Z,ES,95.68
2024-06-26T00:00Z,ES,91.64
2024-06-26T01:00Z,ES,93.71
2024-06-26T02:00Z,ES,94.22
2024-06-26T03:00Z,ES,103.21
2024-06-26T04:00Z,ES,109.0
2024-06-26T05:00Z,ES,108.8
2024-06-26T06:00Z,ES,104.5
2024-06-26T07:00Z,ES,97.23
2024-06-26T08:00Z,ES,81.21
2024-06-26T09:00Z,ES,66.83
2024-06-26T10:00Z,ES,59.91
2024-06-26T11:00Z,ES,51.86
2024-06-26T12:00Z,ES,49.48
2024-06-26T13:00Z,ES,56.47
2024-06-26T14:00Z,ES,65.05
2024-06-26T15:00Z,ES,72.77
2024-06-26T16:00Z,ES,97.61
2024-06-26T17:00Z,ES,104.06
2024-06-26T18:00Z,ES,107.61
2024-06-26T19:00Z,ES,103.06
2024-06-26T20:00Z,ES,99.47
2024-06-26T21:00Z,ES,100.82
2024-06-26T22:00Z,ES,84.39
2024-06-26T23:00Z,ES,72.91
2024-06-27T00:00Z,ES,68.29
2024-06-27T01:00Z,ES,71.19
2024-06-27T02:00Z,ES,75.15
2024-06-27T03:00Z,ES,93.18
2024-06-27T04:00Z,ES,107.14
2024-06-27T05:00Z,ES,109.32
2024-06-27T06:00Z,ES,101.7
2024-06-27T07:00Z,ES,88.19
2024-06-27T08:00Z,ES,66.64
2024-06-27T09:00Z,ES,58.96
2024-06-27T10:00Z,ES,56.43
2024-06-27T11:00Z,ES,51.62
2024-06-27T12:00Z,ES,49.92
2024-06-27T13:00Z,ES,57.91
2024-06-27T14:00Z,ES,65.56
2024-06-27T15:00Z,ES,74.32
2024-06-27T16:00Z,ES,87.41
2024-06-27T17:00Z,ES,103.99
2024-06-27T18:00Z,ES,107.29
2024-06-27T19:00Z,ES,106.68
2024-06-27T20:00Z,ES,103.21
2024-06-27T21:00Z,ES,98.68
2024-06-27T22:00Z,ES,100.66
2024-06-27T23:00Z,ES,104.52
2024-06-28T00:00Z,ES,91.91
2024-06-28T01:00Z,ES,82.55
2024-06-28T02:00Z,ES,79.09
2024-06-28T03:00Z,ES,97.86
2024-06-28T04:00Z,ES,106.29
2024-06-28T05:00Z,ES,104.89
2024-06-28T06:00Z,ES,94.08
2024-06-28T07:00Z,ES,86.7
2024-06-28T08:00Z,ES,67.95
2024-06-28T09:00Z,ES,57.69
2024-06-28T10:00Z,ES,52.17
2024-06-28T11:00Z,ES,51.75
2024-06-28T12:00Z,ES,52.64
2024-06-28T13:00Z,ES,58.73
2024-06-28T14:00Z,ES,64.02
2024-06-28T15:00Z,ES,69.49
2024-06-28T16:00Z,ES,93.18
2024-06-28T17:00Z,ES,97.34
2024-06-28T18:00Z,ES,114.65
2024-06-28T19:00Z,ES,110.28
2024-06-28T20:00Z,ES,101.83
2024-06-28T21:00Z,ES,99.87
2024-06-28T22:00Z,ES,88.92
2024-06-28T23:00Z,ES,82.6
2024-06-29T00:00Z,ES,81.29
2024-06-29T01:00Z,ES,85.8
2024-06-29T02:00Z,ES,87.2
2024-06-29T03:00Z,ES,97.5
2024-06-29T04:00Z,ES,90.34
2024-06-29T05:00Z,ES,86.33
2024-06-29T06:00Z,ES,76.16
2024-06-29T07:00Z,ES,58.38
2024-06-29T08:00Z,ES,14.05
2024-06-29T09:00Z,ES,11.4
2024-06-29T10:00Z,ES,8.11
2024-06-29T11:00Z,ES,-0.57
2024-06-29T12:00Z,ES,-1.16
2024-06-29T13:00Z,ES,10.05
2024-06-29T14:00Z,ES,15.41
2024-06-29T15:00Z,ES,54.53
2024-06-29T16:00Z,ES,66.5
2024-06-29T17:00Z,ES,73.66
2024-06-29T18:00Z,ES,70.02
2024-06-29T19:00Z,ES,78.95
2024-06-29T20:00Z,ES,64.94
2024-06-29T21:00Z,ES,57.37
2024-06-29T22:00Z,ES,50.74
2024-06-29T23:00Z,ES,31.15
2024-06-30T00:00Z,ES,58.79
2024-06-30T01:00Z,ES,50.71
2024-06-30T02:00Z,ES,44.26
2024-06-30T03:00Z,ES,53.59
2024-06-30T04:00Z,ES,35.71
2024-06-30T05:00Z,ES,31.04
2024-06-30T06:00Z,ES,20.75
2024-06-30T07:00Z,ES,11.07
2024-06-30T08:00Z,ES,-0.93
2024-06-30T09:00Z,ES,-2.03
2024-06-30T10:00Z,ES,-0.76
2024-06-30T11:00Z,ES,0.15
2024-06-30T12:00Z,ES,3.37
2024-06-30T13:00Z,ES,1.65
2024-06-30T14:00Z,ES,1.55
2024-06-30T15:00Z,ES,2.65
2024-06-30T16:00Z,ES,12.74
2024-06-30T17:00Z,ES,3.55
2024-06-30T18:00Z,ES,7.2
2024-06-30T19:00Z,ES,3.77
2024-06-30T20:00Z,ES,12.41
2024-06-30T21:00Z,ES,4.99
2023-12-31T23:00Z,IT_NORD,95.9
2024-01-01T00:00Z,IT_NORD,96.03
2024-01-01T01:00Z,IT_NORD,90.27
2024-01-01T02:00Z,IT_NORD,74.05
2024-01-01T03:00Z,IT_NORD,91.83
2024-01-01T04:00Z,IT_NORD,91.15
2024-01-01T05:00Z,IT_NORD,97.57
2024-01-01T06:00Z,IT_NORD,95.86
2024-01-01T07:00Z,IT_NORD,90.03
2024-01-01T08:00Z,IT_NORD,93.72
2024-01-01T09:00Z,IT_NORD,91.21
2024-01-01T10:00Z,IT_NORD,95.61
2024-01-01T11:00Z,IT_NORD,94.1
2024-01-01T12:00Z,IT_NORD,94.0
2024-01-01T13:00Z,IT_NORD,93.38
2024-01-01T14:00Z,IT_NORD,95.09
2024-01-01T15:00Z,IT_NORD,93.5
2024-01-01T16:00Z,IT_NORD,96.39
2024-01-01T17:00Z,IT_NORD,95.1
2024-01-01T18:00Z,IT_NORD,88.9
2024-01-01T19:00Z,IT_NORD,85.14
2024-01-01T20:00Z,IT_NORD,82.81
2024-01-01T21:00Z,IT_NORD,83.47
2024-01-01T22:00Z,IT_NORD,82.4
2024-01-01T23:00Z,IT_NORD,106.32
2024-01-02T00:00Z,IT_NORD,105.78
2024-01-02T01:00Z,IT_NORD,100.71
2024-01-02T02:00Z,IT_NORD,93.7
2024-01-02T03:00Z,IT_NORD,102.31
2024-01-02T04:00Z,IT_NORD,107.89
2024-01-02T05:00Z,IT_NORD,121.39
2024-01-02T06:00Z,IT_NORD,124.56
2024-01-02T07:00Z,IT_NORD,115.42
2024-01-02T08:00Z,IT_NORD,111.59
2024-01-02T09:00Z,IT_NORD,110.06
2024-01-02T10:00Z,IT_NORD,109.01
2024-01-02T11:00Z,IT_NORD,106.87
2024-01-02T12:00Z,IT_NORD,111.2
2024-01-02T13:00Z,IT_NORD,113.65
2024-01-02T14:00Z,IT_NORD,111.96
2024-01-02T15:00Z,IT_NORD,122.22
2024-01-02T16:00Z,IT_NORD,124.02
2024-01-02T17:00Z,IT_NORD,120.26
2024-01-02T18:00Z,IT_NORD,113.77
2024-01-02T19:00Z,IT_NORD,114.21
2024-01-02T20:00Z,IT_NORD,114.2
2024-01-02T21:00Z,IT_NORD,114.14
2024-01-02T22:00Z,IT_NORD,113.22
2024-01-02T23:00Z,IT_NORD,78.51
2024-01-03T00:00Z,IT_NORD,74.62
2024-01-03T01:00Z,IT_NORD,76.14
2024-01-03T02:00Z,IT_NORD,79.34
2024-01-03T03:00Z,IT_NORD,84.19
2024-01-03T04:00Z,IT_NORD,92.28
2024-01-03T05:00Z,IT_NORD,92.5
2024-01-03T06:00Z,IT_NORD,94.5
2024-01-03T07:00Z,IT_NORD,88.87
2024-01-03T08:00Z,IT_NORD,84.99
2024-01-03T09:00Z,IT_NORD,81.45
2024-01-03T10:00Z,IT_NORD,79.2
2024-01-03T11:00Z,IT_NORD,80.17
2024-01-03T12:00Z,IT_NORD,80.24
2024-01-03T13:00Z,IT_NORD,84.57
2024-01-03T14:00Z,IT_NORD,93.58
2024-01-03T15:00Z,IT_NORD,93.26
2024-01-03T16:00Z,IT_NORD,98.88
2024-01-03T17:00Z,IT_NORD,94.79
2024-01-03T18:00Z,IT_NORD,91.97
2024-01-03T19:00Z,IT_NORD,88.54
2024-01-03T20:00Z,IT_NORD,86.96
2024-01-03T21:00Z,IT_NORD,84.97
2024-01-03T22:00Z,IT_NORD,82.56
2024-01-03T23:00Z,IT_NORD,95.03
2024-01-04T00:00Z,IT_NORD,99.16
2024-01-04T01:00Z,IT_NORD,98.56
2024-01-04T02:00Z,IT_NORD,95.19
2024-01-04T03:00Z,IT_NORD,94.0
2024-01-04T04:00Z,IT_NORD,102.15
2024-01-04T05:00Z,IT_NORD,109.78
2024-01-04T06:00Z,IT_NORD,107.4
2024-01-04T07:00Z,IT_NORD,102.57
2024-01-04T08:00Z,IT_NORD,104.38
2024-01-04T09:00Z,IT_NORD,102.93
2024-01-04T10:00Z,IT_NORD,105.68
2024-01-04T11:00Z,IT_NORD,98.64
2024-01-04T12:00Z,IT_NORD,105.04
2024-01-04T13:00Z,IT_NORD,111.68
2024-01-04T14:00Z,IT_NORD,100.67
2024-01-04T15:00Z,IT_NORD,107.28
2024-01-04T16:00Z,IT_NORD,108.99
2024-01-04T17:00Z,IT_NORD,101.54
2024-01-04T18:00Z,IT_NORD,100.63
2024-01-04T19:00Z,IT_NORD,91.78
2024-01-04T20:00Z,IT_NORD,94.52
2024-01-04T21:00Z,IT_NORD,94.97
2024-01-04T22:00Z,IT_NORD,88.91
2024-01-04T23:00Z,IT_NORD,95.45
2024-01-05T00:00Z,IT_NORD,100.68
2024-01-05T01:00Z,IT_NORD,101.52
2024-01-05T02:00Z,IT_NORD,102.97
2024-01-05T03:00Z,IT_NORD,105.5
2024-01-05T04:00Z,IT_NORD,111.03
2024-01-05T05:00Z,IT_NORD,118.42
2024-01-05T06:00Z,IT_NORD,116.98
2024-01-05T07:00Z,IT_NORD,105.86
2024-01-05T08:00Z,IT_NORD,104.78
2024-01-05T09:00Z,IT_NORD,102.67
2024-01-05T10:00Z,IT_NORD,111.31
2024-01-05T11:00Z,IT_NORD,105.13
2024-01-05T12:00Z,IT_NORD,105.67
2024-01-05T13:00Z,IT_NORD,108.21
2024-01-05T14:00Z,IT_NORD,105.16
2024-01-05T15:00Z,IT_NORD,112.13
2024-01-05T16:00Z,IT_NORD,111.92
2024-01-05T17:00Z,IT_NORD,103.59
2024-01-05T18:00Z,IT_NORD,106.07
2024-01-05T19:00Z,IT_NORD,104.56
2024-01-05T20:00Z,IT_NORD,105.17
2024-01-05T21:00Z,IT_NORD,102.1
2024-01-05T22:00Z,IT_NORD,101.82
2024-01-05T23:00Z,IT_NORD,102.46
2024-01-06T00:00Z,IT_NORD,98.51
2024-01-06T01:00Z,IT_NORD,105.12
2024-01-06T02:00Z,IT_NORD,107.45
2024-01-06T03:00Z,IT_NORD,104.1
2024-01-06T04:00Z,IT_NORD,108.32
2024-01-06T05:00Z,IT_NORD,104.45
2024-01-06T06:00Z,IT_NORD,112.18
2024-01-06T07:00Z,IT_NORD,110.59
2024-01-06T08:00Z,IT_NORD,104.07
2024-01-06T09:00Z,IT_NORD,106.63
2024-01-06T10:00Z,IT_NORD,107.84
2024-01-06T11:00Z,IT_NORD,106.47
2024-01-06T12:00Z,IT_NORD,110.02
2024-01-06T13:00Z,IT_NORD,111.63
2024-01-06T14:00Z,IT_NORD,110.85
2024-01-06T15:00Z,IT_NORD,107.86
2024-01-06T16:00Z,IT_NORD,107.91
2024-01-06T17:00Z,IT_NORD,111.97
2024-01-06T18:00Z,IT_NORD,111.58
2024-01-06T19:00Z,IT_NORD,111.6
2024-01-06T20:00Z,IT_NORD,111.51
2024-01-06T21:00Z,IT_NORD,110.17
2024-01-06T22:00Z,IT_NORD,112.91
2024-01-06T23:00Z,IT_NORD,112.96
2024-01-07T00:00Z,IT_NORD,108.77
2024-01-07T01:00Z,IT_NORD,109.81
2024-01-07T02:00Z,IT_NORD,111.57
2024-01-07T03:00Z,IT_NORD,109.11
2024-01-07T04:00Z,IT_NORD,114.07
2024-01-07T05:00Z,IT_NORD,116.57
2024-01-07T06:00Z,IT_NORD,110.3
2024-01-07T07:00Z,IT_NORD,106.17
2024-01-07T08:00Z,IT_NORD,104.17
2024-01-07T09:00Z,IT_NORD,103.63
2024-01-07T10:00Z,IT_NORD,100.82
2024-01-07T11:00Z,IT_NORD,102.57
2024-01-07T12:00Z,IT_NORD,111.81
2024-01-07T13:00Z,IT_NORD,111.55
2024-01-07T14:00Z,IT_NORD,113.87
2024-01-07T15:00Z,IT_NORD,118.83
2024-01-07T16:00Z,IT_NORD,120.03
2024-01-07T17:00Z,IT_NORD,117.4
2024-01-07T18:00Z,IT_NORD,112.42
2024-01-07T19:00Z,IT_NORD,112.12
2024-01-07T20:00Z,IT_NORD,110.47
2024-01-07T21:00Z,IT_NORD,104.65
2024-01-07T22:00Z,IT_NORD,102.38
2024-01-07T23:00Z,IT_NORD,93.44
2024-01-08T00:00Z,IT_NORD,93.62
2024-01-08T01:00Z,IT_NORD,89.61
2024-01-08T02:00Z,IT_NORD,90.84
2024-01-08T03:00Z,IT_NORD,93.52
2024-01-08T04:00Z,IT_NORD,98.55
2024-01-08T05:00Z,IT_NORD,105.37
2024-01-08T06:00Z,IT_NORD,104.34
2024-01-08T07:00Z,IT_NORD,97.15
2024-01-08T08:00Z,IT_NORD,88.45
2024-01-08T09:00Z,IT_NORD,91.46
2024-01-08T10:00Z,IT_NORD,92.7
2024-01-08T11:00Z,IT_NORD,88.95
2024-01-08T12:00Z,IT_NORD,93.74
2024-01-08T13:00Z,IT_NORD,94.78
2024-01-08T14:00Z,IT_NORD,98.02
2024-01-08T15:00Z,IT_NORD,94.67
2024-01-08T16:00Z,IT_NORD,96.08
2024-01-08T17:00Z,IT_NORD,96.99
2024-01-08T18:00Z,IT_NORD,96.04
2024-01-08T19:00Z,IT_NORD,98.56
2024-01-08T20:00Z,IT_NORD,98.25
2024-01-08T21:00Z,IT_NORD,93.33
2024-01-08T22:00Z,IT_NORD,90.79
2024-01-08T23:00Z,IT_NORD,89.39
2024-01-09T00:00Z,IT_NORD,94.31
2024-01-09T01:00Z,IT_NORD,90.03
2024-01-09T02:00Z,IT_NORD,89.51
2024-01-09T03:00Z,IT_NORD,88.83
2024-01-09T04:00Z,IT_NORD,98.37
2024-01-09T05:00Z,IT_NORD,111.76
2024-01-09T06:00Z,IT_NORD,104.73
2024-01-09T07:00Z,IT_NORD,99.96
2024-01-09T08:00Z,IT_NORD,92.72
2024-01-09T09:00Z,IT_NORD,90.14
2024-01-09T10:00Z,IT_NORD,91.77
2024-01-09T11:00Z,IT_NORD,97.15
2024-01-09T12:00Z,IT_NORD,94.94
2024-01-09T13:00Z,IT_NORD,93.01
2024-01-09T14:00Z,IT_NORD,94.11
2024-01-09T15:00Z,IT_NORD,98.14
2024-01-09T16:00Z,IT_NORD,105.57
2024-01-09T17:00Z,IT_NORD,107.33
2024-01-09T18:00Z,IT_NORD,102.36
2024-01-09T19:00Z,IT_NORD,100.75
2024-01-09T20:00Z,IT_NORD,92.93
2024-01-09T21:00Z,IT_NORD,90.29
2024-01-09T22:00Z,IT_NORD,81.71
2024-01-09T23:00Z,IT_NORD,76.05
2024-01-10T00:00Z,IT_NORD,73.54
2024-01-10T01:00Z,IT_NORD,72.48
2024-01-10T02:00Z,IT_NORD,73.13
2024-01-10T03:00Z,IT_NORD,76.1
2024-01-10T04:00Z,IT_NORD,79.5
2024-01-10T05:00Z,IT_NORD,88.59
2024-01-10T06:00Z,IT_NORD,82.98
2024-01-10T07:00Z,IT_NORD,85.76
2024-01-10T08:00Z,IT_NORD,79.16
2024-01-10T09:00Z,IT_NORD,80.13
2024-01-10T10:00Z,IT_NORD,82.98
2024-01-10T11:00Z,IT_NORD,93.28
2024-01-10T12:00Z,IT_NORD,91.47
2024-01-10T13:00Z,IT_NORD,90.7
2024-01-10T14:00Z,IT_NORD,88.58
2024-01-10T15:00Z,IT_NORD,89.95
2024-01-10T16:00Z,IT_NORD,94.85
2024-01-10T17:00Z,IT_NORD,86.12
2024-01-10T18:00Z,IT_NORD,86.29
2024-01-10T19:00Z,IT_NORD,81.22
2024-01-10T20:00Z,IT_NORD,82.72
2024-01-10T21:00Z,IT_NORD,78.78
2024-01-10T22:00Z,IT_NORD,76.72
2024-01-10T23:00Z,IT_NORD,92.34
2024-01-11T00:00Z,IT_NORD,93.87
2024-01-11T01:00Z,IT_NORD,90.42
2024-01-11T02:00Z,IT_NORD,90.37
2024-01-11T03:00Z,IT_NORD,98.55
2024-01-11T04:00Z,IT_NORD,104.42
2024-01-11T05:00Z,IT_NORD,109.64
2024-01-11T06:00Z,IT_NORD,113.26
2024-01-11T07:00Z,IT_NORD,103.28
2024-01-11T08:00Z,IT_NORD,98.34
2024-01-11T09:00Z,IT_NORD,95.1
2024-01-11T10:00Z,IT_NORD,97.78
2024-01-11T11:00Z,IT_NORD,94.09
2024-01-11T12:00Z,IT_NORD,93.13
2024-01-11T13:00Z,IT_NORD,99.13
2024-01-11T14:00Z,IT_NORD,103.59
2024-01-11T15:00Z,IT_NORD,107.84
2024-01-11T16:00Z,IT_NORD,110.14
2024-01-11T17:00Z,IT_NORD,101.03
2024-01-11T18:00Z,IT_NORD,91.37
2024-01-11T19:00Z,IT_NORD,95.5
2024-01-11T20:00Z,IT_NORD,97.41
2024-01-11T21:00Z,IT_NORD,102.93
2024-01-11T22:00Z,IT_NORD,99.9
2024-01-11T23:00Z,IT_NORD,99.97
2024-01-12T00:00Z,IT_NORD,100.39
2024-01-12T01:00Z,IT_NORD,102.86
2024-01-12T02:00Z,IT_NORD,98.65
2024-01-12T03:00Z,IT_NORD,97.95
2024-01-12T04:00Z,IT_NORD,103.33
2024-01-12T05:00Z,IT_NORD,107.86
2024-01-12T06:00Z,IT_NORD,109.93
2024-01-12T07:00Z,IT_NORD,105.31
2024-01-12T08:00Z,IT_NORD,102.72
2024-01-12T09:00Z,IT_NORD,104.81
2024-01-12T10:00Z,IT_NORD,104.1
2024-01-12T11:00Z,IT_NORD,99.46
2024-01-12T12:00Z,IT_NORD,98.28
2024-01-12T13:00Z,IT_NORD,97.9
2024-01-12T14:00Z,IT_NORD,100.12
2024-01-12T15:00Z,IT_NORD,104.74
2024-01-12T16:00Z,IT_NORD,106.89
2024-01-12T17:00Z,IT_NORD,105.43
2024-01-12T18:00Z,IT_NORD,109.64
2024-01-12T19:00Z,IT_NORD,104.38
2024-01-12T20:00Z,IT_NORD,97.05
2024-01-12T21:00Z,IT_NORD,99.9
2024-01-12T22:00Z,IT_NORD,96.77
2024-01-12T23:00Z,IT_NORD,81.1
2024-01-13T00:00Z,IT_NORD,81.39
2024-01-13T01:00Z,IT_NORD,78.26
2024-01-13T02:00Z,IT_NORD,79.1
2024-01-13T03:00Z,IT_NORD,83.05
2024-01-13T04:00Z,IT_NORD,86.03
2024-01-13T05:00Z,IT_NORD,90.08
2024-01-13T06:00Z,IT_NORD,90.93
2024-01-13T07:00Z,IT_NORD,88.42
2024-01-13T08:00Z,IT_NORD,86.14
2024-01-13T09:00Z,IT_NORD,84.44
2024-01-13T10:00Z,IT_NORD,82.3
2024-01-13T11:00Z,IT_NORD,77.74
2024-01-13T12:00Z,IT_NORD,84.33
2024-01-13T13:00Z,IT_NORD,88.88
2024-01-13T14:00Z,IT_NORD,86.89
2024-01-13T15:00Z,IT_NORD,91.92
2024-01-13T16:00Z,IT_NORD,93.69
2024-01-13T17:00Z,IT_NORD,93.98
2024-01-13T18:00Z,IT_NORD,87.05
2024-01-13T19:00Z,IT_NORD,82.98
2024-01-13T20:00Z,IT_NORD,85.24
2024-01-13T21:00Z,IT_NORD,84.09
2024-01-13T22:00Z,IT_NORD,82.88
2024-01-13T23:00Z,IT_NORD,91.38
2024-01-14T00:00Z,IT_NORD,91.63
2024-01-14T01:00Z,IT_NORD,86.28
2024-01-14T02:00Z,IT_NORD,91.92
2024-01-14T03:00Z,IT_NORD,92.07
2024-01-14T04:00Z,IT_NORD,95.46
2024-01-14T05:00Z,IT_NORD,100.71
2024-01-14T06:00Z,IT_NORD,100.11
2024-01-14T07:00Z,IT_NORD,92.3
2024-01-14T08:00Z,IT_NORD,95.05
2024-01-14T09:00Z,IT_NORD,94.63
2024-01-14T10:00Z,IT_NORD,96.33
2024-01-14T11:00Z,IT_NORD,99.26
2024-01-14T12:00Z,IT_NORD,98.47
2024-01-14T13:00Z,IT_NORD,100.49
2024-01-14T14:00Z,IT_NORD,99.28
2024-01-14T15:00Z,IT_NORD,92.85
2024-01-14T16:00Z,IT_NORD,96.13
2024-01-14T17:00Z,IT_NORD,96.28
2024-01-14T18:00Z,IT_NORD,94.29
2024-01-14T19:00Z,IT_NORD,97.74
2024-01-14T20:00Z,IT_NORD,98.21
2024-01-14T21:00Z,IT_NORD,95.41
2024-01-14T22:00Z,IT_NORD,96.01
2024-01-14T23:00Z,IT_NORD,100.97
2024-01-15T00:00Z,IT_NORD,93.53
2024-01-15T01:00Z,IT_NORD,88.22
2024-01-15T02:00Z,IT_NORD,90.4
2024-01-15T03:00Z,IT_NORD,89.68
2024-01-15T04:00Z,IT_NORD,100.4
2024-01-15T05:00Z,IT_NORD,111.28
2024-01-15T06:00Z,IT_NORD,114.6
2024-01-15T07:00Z,IT_NORD,106.39
2024-01-15T08:00Z,IT_NORD,99.57
2024-01-15T09:00Z,IT_NORD,97.39
2024-01-15T10:00Z,IT_NORD,92.53
2024-01-15T11:00Z,IT_NORD,95.19
2024-01-15T12:00Z,IT_NORD,94.75
2024-01-15T13:00Z,IT_NORD,95.65
2024-01-15T14:00Z,IT_NORD,96.11
2024-01-15T15:00Z,IT_NORD,101.45
2024-01-15T16:00Z,IT_NORD,108.04
2024-01-15T17:00Z,IT_NORD,98.66
2024-01-15T18:00Z,IT_NORD,95.0
2024-01-15T19:00Z,IT_NORD,88.03
2024-01-15T20:00Z,IT_NORD,91.38
2024-01-15T21:00Z,IT_NORD,90.55
2024-01-15T22:00Z,IT_NORD,89.5
2024-01-15T23:00Z,IT_NORD,79.37
2024-01-16T00:00Z,IT_NORD,77.09
2024-01-16T01:00Z,IT_NORD,79.81
2024-01-16T02:00Z,IT_NORD,83.84
2024-01-16T03:00Z,IT_NORD,79.98
2024-01-16T04:00Z,IT_NORD,89.27
2024-01-16T05:00Z,IT_NORD,97.86
2024-01-16T06:00Z,IT_NORD,100.25
2024-01-16T07:00Z,IT_NORD,100.8
2024-01-16T08:00Z,IT_NORD,92.63
2024-01-16T09:00Z,IT_NORD,90.93
2024-01-16T10:00Z,IT_NORD,87.59
2024-01-16T11:00Z,IT_NORD,85.5
2024-01-16T12:00Z,IT_NORD,86.88
2024-01-16T13:00Z,IT_NORD,84.31
2024-01-16T14:00Z,IT_NORD,87.57
2024-01-16T15:00Z,IT_NORD,99.67
2024-01-16T16:00Z,IT_NORD,108.57
2024-01-16T17:00Z,IT_NORD,101.21
2024-01-16T18:00Z,IT_NORD,95.15
2024-01-16T19:00Z,IT_NORD,96.41
2024-01-16T20:00Z,IT_NORD,91.68
2024-01-16T21:00Z,IT_NORD,88.03
2024-01-16T22:00Z,IT_NORD,87.65
2024-01-16T23:00Z,IT_NORD,87.1
2024-01-17T00:00Z,IT_NORD,93.46
2024-01-17T01:00Z,IT_NORD,94.64
2024-01-17T02:00Z,IT_NORD,91.44
2024-01-17T03:00Z,IT_NORD,94.21
2024-01-17T04:00Z,IT_NORD,99.61
2024-01-17T05:00Z,IT_NORD,106.67
2024-01-17T06:00Z,IT_NORD,108.28
2024-01-17T07:00Z,IT_NORD,99.8
2024-01-17T08:00Z,IT_NORD,94.9
2024-01-17T09:00Z,IT_NORD,96.59
2024-01-17T10:00Z,IT_NORD,99.52
2024-01-17T11:00Z,IT_NORD,100.1
2024-01-17T12:00Z,IT_NORD,101.25
2024-01-17T13:00Z,IT_NORD,103.07
2024-01-17T14:00Z,IT_NORD,99.45
2024-01-17T15:00Z,IT_NORD,101.6
2024-01-17T16:00Z,IT_NORD,102.52
2024-01-17T17:00Z,IT_NORD,95.26
2024-01-17T18:00Z,IT_NORD,89.32
2024-01-17T19:00Z,IT_NORD,84.63
2024-01-17T20:00Z,IT_NORD,89.45
2024-01-17T21:00Z,IT_NORD,83.89
2024-01-17T22:00Z,IT_NORD,82.74
2024-01-17T23:00Z,IT_NORD,71.33
2024-01-18T00:00Z,IT_NORD,74.92
2024-01-18T01:00Z,IT_NORD,71.66
2024-01-18T02:00Z,IT_NORD,74.12
2024-01-18T03:00Z,IT_NORD,74.1
2024-01-18T04:00Z,IT_NORD,83.48
2024-01-18T05:00Z,IT_NORD,90.33
2024-01-18T06:00Z,IT_NORD,92.66
2024-01-18T07:00Z,IT_NORD,85.02
2024-01-18T08:00Z,IT_NORD,78.66
2024-01-18T09:00Z,IT_NORD,81.14
2024-01-18T10:00Z,IT_NORD,81.82
2024-01-18T11:00Z,IT_NORD,82.26
2024-01-18T12:00Z,IT_NORD,87.69
2024-01-18T13:00Z,IT_NORD,86.66
2024-01-18T14:00Z,IT_NORD,89.4
2024-01-18T15:00Z,IT_NORD,99.36
2024-01-18T16:00Z,IT_NORD,100.71
2024-01-18T17:00Z,IT_NORD,92.01
2024-01-18T18:00Z,IT_NORD,87.87
2024-01-18T19:00Z,IT_NORD,86.67
2024-01-18T20:00Z,IT_NORD,87.83
2024-01-18T21:00Z,IT_NORD,90.27
2024-01-18T22:00Z,IT_NORD,85.26
2024-01-18T23:00Z,IT_NORD,103.23
2024-01-19T00:00Z,IT_NORD,99.48
2024-01-19T01:00Z,IT_NORD,101.79
2024-01-19T02:00Z,IT_NORD,101.83
2024-01-19T03:00Z,IT_NORD,100.1
2024-01-19T04:00Z,IT_NORD,107.17
2024-01-19T05:00Z,IT_NORD,113.12
2024-01-19T06:00Z,IT_NORD,112.05
2024-01-19T07:00Z,IT_NORD,106.9
2024-01-19T08:00Z,IT_NORD,103.4
2024-01-19T09:00Z,IT_NORD,102.26
2024-01-19T10:00Z,IT_NORD,104.47
2024-01-19T11:00Z,IT_NORD,107.82
2024-01-19T12:00Z,IT_NORD,105.92
2024-01-19T13:00Z,IT_NORD,100.77
2024-01-19T14:00Z,IT_NORD,102.12
2024-01-19T15:00Z,IT_NORD,110.7
2024-01-19T16:00Z,IT_NORD,110.1
2024-01-19T17:00Z,IT_NORD,109.58
2024-01-19T18:00Z,IT_NORD,107.22
2024-01-19T19:00Z,IT_NORD,102.34
2024-01-19T20:00Z,IT_NORD,101.07
2024-01-19T21:00Z,IT_NORD,100.41
2024-01-19T22:00Z,IT_NORD,97.8
2024-01-19T23:00Z,IT_NORD,91.99
2024-01-20T00:00Z,IT_NORD,86.49
2024-01-20T01:00Z,IT_NORD,89.12
2024-01-20T02:00Z,IT_NORD,91.25
2024-01-20T03:00Z,IT_NORD,92.16
2024-01-20T04:00Z,IT_NORD,94.49
2024-01-20T05:00Z,IT_NORD,100.69
2024-01-20T06:00Z,IT_NORD,96.78
2024-01-20T07:00Z,IT_NORD,93.67
2024-01-20T08:00Z,IT_NORD,88.93
2024-01-20T09:00Z,IT_NORD,87.2
2024-01-20T10:00Z,IT_NORD,88.75
2024-01-20T11:00Z,IT_NORD,87.96
2024-01-20T12:00Z,IT_NORD,89.47
2024-01-20T13:00Z,IT_NORD,93.43
2024-01-20T14:00Z,IT_NORD,95.04
2024-01-20T15:00Z,IT_NORD,98.82
2024-01-20T16:00Z,IT_NORD,100.59
2024-01-20T17:00Z,IT_NORD,92.38
2024-01-20T18:00Z,IT_NORD,90.19
2024-01-20T19:00Z,IT_NORD,90.71
2024-01-20T20:00Z,IT_NORD,96.79
2024-01-20T21:00Z,IT_NORD,97.34
2024-01-20T22:00Z,IT_NORD,91.27
2024-01-20T23:00Z,IT_NORD,89.68
2024-01-21T00:00Z,IT_NORD,84.72
2024-01-21T01:00Z,IT_NORD,82.7
2024-01-21T02:00Z,IT_NORD,81.21
2024-01-21T03:00Z,IT_NORD,81.91
2024-01-21T04:00Z,IT_NORD,86.43
2024-01-21T05:00Z,IT_NORD,89.43
2024-01-21T06:00Z,IT_NORD,92.81
2024-01-21T07:00Z,IT_NORD,88.94
2024-01-21T08:00Z,IT_NORD,83.94
2024-01-21T09:00Z,IT_NORD,84.21
2024-01-21T10:00Z,IT_NORD,81.86
2024-01-21T11:00Z,IT_NORD,84.35
2024-01-21T12:00Z,IT_NORD,86.05
2024-01-21T13:00Z,IT_NORD,87.73
2024-01-21T14:00Z,IT_NORD,87.98
2024-01-21T15:00Z,IT_NORD,91.78
2024-01-21T16:00Z,IT_NORD,92.1
2024-01-21T17:00Z,IT_NORD,92.04
2024-01-21T18:00Z,IT_NORD,94.17
2024-01-21T19:00Z,IT_NORD,92.49
2024-01-21T20:00Z,IT_NORD,90.3
2024-01-21T21:00Z,IT_NORD,85.44
2024-01-21T22:00Z,IT_NORD,86.56
2024-01-21T23:00Z,IT_NORD,91.15
2024-01-22T00:00Z,IT_NORD,90.32
2024-01-22T01:00Z,IT_NORD,89.73
2024-01-22T02:00Z,IT_NORD,89.62
2024-01-22T03:00Z,IT_NORD,93.2
2024-01-22T04:00Z,IT_NORD,97.59
2024-01-22T05:00Z,IT_NORD,102.14
2024-01-22T06:00Z,IT_NORD,104.42
2024-01-22T07:00Z,IT_NORD,99.35
2024-01-22T08:00Z,IT_NORD,92.08
2024-01-22T09:00Z,IT_NORD,88.5
2024-01-22T10:00Z,IT_NORD,85.41
2024-01-22T11:00Z,IT_NORD,87.07
2024-01-22T12:00Z,IT_NORD,92.57
2024-01-22T13:00Z,IT_NORD,90.48
2024-01-22T14:00Z,IT_NORD,89.02
2024-01-22T15:00Z,IT_NORD,94.35
2024-01-22T16:00Z,IT_NORD,99.88
2024-01-22T17:00Z,IT_NORD,98.95
2024-01-22T18:00Z,IT_NORD,95.07
2024-01-22T19:00Z,IT_NORD,93.96
2024-01-22T20:00Z,IT_NORD,88.68
2024-01-22T21:00Z,IT_NORD,87.14
2024-01-22T22:00Z,IT_NORD,91.54
2024-01-22T23:00Z,IT_NORD,106.53
2024-01-23T00:00Z,IT_NORD,104.23
2024-01-23T01:00Z,IT_NORD,100.2
2024-01-23T02:00Z,IT_NORD,100.35
2024-01-23T03:00Z,IT_NORD,103.45
2024-01-23T04:00Z,IT_NORD,107.44
2024-01-23T05:00Z,IT_NORD,115.43
2024-01-23T06:00Z,IT_NORD,111.9
2024-01-23T07:00Z,IT_NORD,103.68
2024-01-23T08:00Z,IT_NORD,102.81
2024-01-23T09:00Z,IT_NORD,102.25
2024-01-23T10:00Z,IT_NORD,104.27
2024-01-23T11:00Z,IT_NORD,100.68
2024-01-23T12:00Z,IT_NORD,100.5
2024-01-23T13:00Z,IT_NORD,97.57
2024-01-23T14:00Z,IT_NORD,107.62
2024-01-23T15:00Z,IT_NORD,108.95
2024-01-23T16:00Z,IT_NORD,116.14
2024-01-23T17:00Z,IT_NORD,110.66
2024-01-23T18:00Z,IT_NORD,102.89
2024-01-23T19:00Z,IT_NORD,102.83
2024-01-23T20:00Z,IT_NORD,106.45
2024-01-23T21:00Z,IT_NORD,110.29
2024-01-23T22:00Z,IT_NORD,111.77
2024-01-23T23:00Z,IT_NORD,107.18
2024-01-24T00:00Z,IT_NORD,106.48
2024-01-24T01:00Z,IT_NORD,105.26
2024-01-24T02:00Z,IT_NORD,106.28
2024-01-24T03:00Z,IT_NORD,108.71
2024-01-24T04:00Z,IT_NORD,117.82
2024-01-24T05:00Z,IT_NORD,123.73
2024-01-24T06:00Z,IT_NORD,125.64
2024-01-24T07:00Z,IT_NORD,122.63
2024-01-24T08:00Z,IT_NORD,113.15
2024-01-24T09:00Z,IT_NORD,113.08
2024-01-24T10:00Z,IT_NORD,113.65
2024-01-24T11:00Z,IT_NORD,107.36
2024-01-24T12:00Z,IT_NORD,103.78
2024-01-24T13:00Z,IT_NORD,106.19
2024-01-24T14:00Z,IT_NORD,106.18
2024-01-24T15:00Z,IT_NORD,108.74
2024-01-24T16:00Z,IT_NORD,107.92
2024-01-24T17:00Z,IT_NORD,104.53
2024-01-24T18:00Z,IT_NORD,96.79
2024-01-24T19:00Z,IT_NORD,103.37
2024-01-24T20:00Z,IT_NORD,105.22
2024-01-24T21:00Z,IT_NORD,100.25
2024-01-24T22:00Z,IT_NORD,100.1
2024-01-24T23:00Z,IT_NORD,94.61
2024-01-25T00:00Z,IT_NORD,97.31
2024-01-25T01:00Z,IT_NORD,95.67
2024-01-25T02:00Z,IT_NORD,99.65
2024-01-25T03:00Z,IT_NORD,96.15
2024-01-25T04:00Z,IT_NORD,102.49
2024-01-25T05:00Z,IT_NORD,111.17
2024-01-25T06:00Z,IT_NORD,110.18
2024-01-25T07:00Z,IT_NORD,106.48
2024-01-25T08:00Z,IT_NORD,103.91
2024-01-25T09:00Z,IT_NORD,99.11
2024-01-25T10:00Z,IT_NORD,99.16
2024-01-25T11:00Z,IT_NORD,99.12
2024-01-25T12:00Z,IT_NORD,101.39
2024-01-25T13:00Z,IT_NORD,104.62
2024-01-25T14:00Z,IT_NORD,105.24
2024-01-25T15:00Z,IT_NORD,107.08
2024-01-25T16:00Z,IT_NORD,110.61
2024-01-25T17:00Z,IT_NORD,98.39
2024-01-25T18:00Z,IT_NORD,103.01
2024-01-25T19:00Z,IT_NORD,100.24
2024-01-25T20:00Z,IT_NORD,96.95
2024-01-25T21:00Z,IT_NORD,94.62
2024-01-25T22:00Z,IT_NORD,95.74
2024-01-25T23:00Z,IT_NORD,88.95
2024-01-26T00:00Z,IT_NORD,88.54
2024-01-26T01:00Z,IT_NORD,83.74
2024-01-26T02:00Z,IT_NORD,80.91
2024-01-26T03:00Z,IT_NORD,86.2
2024-01-26T04:00Z,IT_NORD,89.53
2024-01-26T05:00Z,IT_NORD,95.5
2024-01-26T06:00Z,IT_NORD,97.62
2024-01-26T07:00Z,IT_NORD,95.83
2024-01-26T08:00Z,IT_NORD,90.87
2024-01-26T09:00Z,IT_NORD,95.56
2024-01-26T10:00Z,IT_NORD,97.49
2024-01-26T11:00Z,IT_NORD,94.63
2024-01-26T12:00Z,IT_NORD,89.94
2024-01-26T13:00Z,IT_NORD,90.46
2024-01-26T14:00Z,IT_NORD,94.15
2024-01-26T15:00Z,IT_NORD,100.84
2024-01-26T16:00Z,IT_NORD,104.64
2024-01-26T17:00Z,IT_NORD,100.62
2024-01-26T18:00Z,IT_NORD,96.82
2024-01-26T19:00Z,IT_NORD,88.5
2024-01-26T20:00Z,IT_NORD,88.2
2024-01-26T21:00Z,IT_NORD,87.16
2024-01-26T22:00Z,IT_NORD,89.14
2024-01-26T23:00Z,IT_NORD,80.15
2024-01-27T00:00Z,IT_NORD,81.33
2024-01-27T01:00Z,IT_NORD,76.64
2024-01-27T02:00Z,IT_NORD,82.66
2024-01-27T03:00Z,IT_NORD,86.71
2024-01-27T04:00Z,IT_NORD,86.78
2024-01-27T05:00Z,IT_NORD,88.45
2024-01-27T06:00Z,IT_NORD,95.35
2024-01-27T07:00Z,IT_NORD,88.15
2024-01-27T08:00Z,IT_NORD,86.35
2024-01-27T09:00Z,IT_NORD,83.09
2024-01-27T10:00Z,IT_NORD,81.92
2024-01-27T11:00Z,IT_NORD,87.73
2024-01-27T12:00Z,IT_NORD,87.98
2024-01-27T13:00Z,IT_NORD,90.25
2024-01-27T14:00Z,IT_NORD,87.23
2024-01-27T15:00Z,IT_NORD,92.35
2024-01-27T16:00Z,IT_NORD,94.9
2024-01-27T17:00Z,IT_NORD,87.68
2024-01-27T18:00Z,IT_NORD,87.48
2024-01-27T19:00Z,IT_NORD,85.74
2024-01-27T20:00Z,IT_NORD,81.16
2024-01-27T21:00Z,IT_NORD,82.09
2024-01-27T22:00Z,IT_NORD,82.66
2024-01-27T23:00Z,IT_NORD,80.08
2024-01-28T00:00Z,IT_NORD,82.5
2024-01-28T01:00Z,IT_NORD,80.4
2024-01-28T02:00Z,IT_NORD,77.33
2024-01-28T03:00Z,IT_NORD,79.45
2024-01-28T04:00Z,IT_NORD,82.2
2024-01-28T05:00Z,IT_NORD,89.2
2024-01-28T06:00Z,IT_NORD,89.81
2024-01-28T07:00Z,IT_NORD,86.39
2024-01-28T08:00Z,IT_NORD,89.44
2024-01-28T09:00Z,IT_NORD,87.01
2024-01-28T10:00Z,IT_NORD,90.59
2024-01-28T11:00Z,IT_NORD,87.46
2024-01-28T12:00Z,IT_NORD,85.52
2024-01-28T13:00Z,IT_NORD,84.29
2024-01-28T14:00Z,IT_NORD,83.63
2024-01-28T15:00Z,IT_NORD,86.32
2024-01-28T16:00Z,IT_NORD,83.34
2024-01-28T17:00Z,IT_NORD,83.42
2024-01-28T18:00Z,IT_NORD,86.0
2024-01-28T19:00Z,IT_NORD,86.95
2024-01-28T20:00Z,IT_NORD,82.15
2024-01-28T21:00Z,IT_NORD,79.97
2024-01-28T22:00Z,IT_NORD,77.61
2024-01-28T23:00Z,IT_NORD,97.08
2024-01-29T00:00Z,IT_NORD,91.12
2024-01-29T01:00Z,IT_NORD,87.78
2024-01-29T02:00Z,IT_NORD,91.14
2024-01-29T03:00Z,IT_NORD,93.45
2024-01-29T04:00Z,IT_NORD,96.55
2024-01-29T05:00Z,IT_NORD,96.89
2024-01-29T06:00Z,IT_NORD,96.56
2024-01-29T07:00Z,IT_NORD,90.81
2024-01-29T08:00Z,IT_NORD,89.12
2024-01-29T09:00Z,IT_NORD,89.25
2024-01-29T10:00Z,IT_NORD,83.72
2024-01-29T11:00Z,IT_NORD,87.48
2024-01-29T12:00Z,IT_NORD,89.26
2024-01-29T13:00Z,IT_NORD,88.75
2024-01-29T14:00Z,IT_NORD,94.77
2024-01-29T15:00Z,IT_NORD,101.97
2024-01-29T16:00Z,IT_NORD,105.86
2024-01-29T17:00Z,IT_NORD,98.33
2024-01-29T18:00Z,IT_NORD,96.05
2024-01-29T19:00Z,IT_NORD,96.65
2024-01-29T20:00Z,IT_NORD,91.21
2024-01-29T21:00Z,IT_NORD,94.62
2024-01-29T22:00Z,IT_NORD,95.38
2024-01-29T23:00Z,IT_NORD,80.41
2024-01-30T00:00Z,IT_NORD,79.16
2024-01-30T01:00Z,IT_NORD,81.68
2024-01-30T02:00Z,IT_NORD,80.06
2024-01-30T03:00Z,IT_NORD,73.52
2024-01-30T04:00Z,IT_NORD,81.75
2024-01-30T05:00Z,IT_NORD,88.8
2024-01-30T06:00Z,IT_NORD,90.28
2024-01-30T07:00Z,IT_NORD,86.21
2024-01-30T08:00Z,IT_NORD,86.87
2024-01-30T09:00Z,IT_NORD,86.18
2024-01-30T10:00Z,IT_NORD,87.1
2024-01-30T11:00Z,IT_NORD,84.13
2024-01-30T12:00Z,IT_NORD,83.72
2024-01-30T13:00Z,IT_NORD,81.76
2024-01-30T14:00Z,IT_NORD,86.18
2024-01-30T15:00Z,IT_NORD,90.85
2024-01-30T16:00Z,IT_NORD,89.96
2024-01-30T17:00Z,IT_NORD,89.76
2024-01-30T18:00Z,IT_NORD,87.75
2024-01-30T19:00Z,IT_NORD,91.08
2024-01-30T20:00Z,IT_NORD,87.34
2024-01-30T21:00Z,IT_NORD,78.94
2024-01-30T22:00Z,IT_NORD,78.04
2024-01-30T23:00Z,IT_NORD,91.82
2024-01-31T00:00Z,IT_NORD,87.19
2024-01-31T01:00Z,IT_NORD,87.51
2024-01-31T02:00Z,IT_NORD,87.49
2024-01-31T03:00Z,IT_NORD,91.62
2024-01-31T04:00Z,IT_NORD,99.44
2024-01-31T05:00Z,IT_NORD,107.69
2024-01-31T06:00Z,IT_NORD,110.89
2024-01-31T07:00Z,IT_NORD,105.24
2024-01-31T08:00Z,IT_NORD,105.12
2024-01-31T09:00Z,IT_NORD,109.7
2024-01-31T10:00Z,IT_NORD,106.79
2024-01-31T11:00Z,IT_NORD,100.17
2024-01-31T12:00Z,IT_NORD,98.11
2024-01-31T13:00Z,IT_NORD,93.52
2024-01-31T14:00Z,IT_NORD,95.46
2024-01-31T15:00Z,IT_NORD,101.5
2024-01-31T16:00Z,IT_NORD,102.73
2024-01-31T17:00Z,IT_NORD,94.49
2024-01-31T18:00Z,IT_NORD,99.95
2024-01-31T19:00Z,IT_NORD,97.26
2024-01-31T20:00Z,IT_NORD,92.52
2024-01-31T21:00Z,IT_NORD,87.89
2024-01-31T22:00Z,IT_NORD,87.89
2024-01-31T23:00Z,IT_NORD,87.43
2024-02-01T00:00Z,IT_NORD,86.6
2024-02-01T01:00Z,IT_NORD,84.55
2024-02-01T02:00Z,IT_NORD,83.92
2024-02-01T03:00Z,IT_NORD,85.75
2024-02-01T04:00Z,IT_NORD,88.01
2024-02-01T05:00Z,IT_NORD,94.0
2024-02-01T06:00Z,IT_NORD,96.86
2024-02-01T07:00Z,IT_NORD,99.09
2024-02-01T08:00Z,IT_NORD,91.92
2024-02-01T09:00Z,IT_NORD,95.42
2024-02-01T10:00Z,IT_NORD,94.95
2024-02-01T11:00Z,IT_NORD,94.81
2024-02-01T12:00Z,IT_NORD,96.76
2024-02-01T13:00Z,IT_NORD,87.69
2024-02-01T14:00Z,IT_NORD,84.64
2024-02-01T15:00Z,IT_NORD,85.64
2024-02-01T16:00Z,IT_NORD,82.6
2024-02-01T17:00Z,IT_NORD,83.44
2024-02-01T18:00Z,IT_NORD,88.48
2024-02-01T19:00Z,IT_NORD,88.0
2024-02-01T20:00Z,IT_NORD,88.26
2024-02-01T21:00Z,IT_NORD,89.28
2024-02-01T22:00Z,IT_NORD,89.04
2024-02-01T23:00Z,IT_NORD,97.43
2024-02-02T00:00Z,IT_NORD,96.75
2024-02-02T01:00Z,IT_NORD,99.85
2024-02-02T02:00Z,IT_NORD,92.85
2024-02-02T03:00Z,IT_NORD,93.46
2024-02-02T04:00Z,IT_NORD,97.89
2024-02-02T05:00Z,IT_NORD,103.37
2024-02-02T06:00Z,IT_NORD,102.19
2024-02-02T07:00Z,IT_NORD,100.97
2024-02-02T08:00Z,IT_NORD,97.89
2024-02-02T09:00Z,IT_NORD,93.3
2024-02-02T10:00Z,IT_NORD,89.23
2024-02-02T11:00Z,IT_NORD,89.23
2024-02-02T12:00Z,IT_NORD,84.65
2024-02-02T13:00Z,IT_NORD,85.12
2024-02-02T14:00Z,IT_NORD,88.37
2024-02-02T15:00Z,IT_NORD,96.72
2024-02-02T16:00Z,IT_NORD,105.31
2024-02-02T17:00Z,IT_NORD,93.85
2024-02-02T18:00Z,IT_NORD,88.44
2024-02-02T19:00Z,IT_NORD,86.15
2024-02-02T20:00Z,IT_NORD,88.05
2024-02-02T21:00Z,IT_NORD,87.63
2024-02-02T22:00Z,IT_NORD,85.99
2024-02-02T23:00Z,IT_NORD,89.1
2024-02-03T00:00Z,IT_NORD,91.23
2024-02-03T01:00Z,IT_NORD,91.09
2024-02-03T02:00Z,IT_NORD,89.58
2024-02-03T03:00Z,IT_NORD,90.75
2024-02-03T04:00Z,IT_NORD,97.76
2024-02-03T05:00Z,IT_NORD,103.46
2024-02-03T06:00Z,IT_NORD,98.4
2024-02-03T07:00Z,IT_NORD,92.05
2024-02-03T08:00Z,IT_NORD,85.83
2024-02-03T09:00Z,IT_NORD,89.14
2024-02-03T10:00Z,IT_NORD,92.91
2024-02-03T11:00Z,IT_NORD,89.72
2024-02-03T12:00Z,IT_NORD,95.38
2024-02-03T13:00Z,IT_NORD,99.83
2024-02-03T14:00Z,IT_NORD,99.72
2024-02-03T15:00Z,IT_NORD,96.73
2024-02-03T16:00Z,IT_NORD,100.61
2024-02-03T17:00Z,IT_NORD,98.11
2024-02-03T18:00Z,IT_NORD,96.98
2024-02-03T19:00Z,IT_NORD,97.68
2024-02-03T20:00Z,IT_NORD,97.23
2024-02-03T21:00Z,IT_NORD,99.91
2024-02-03T22:00Z,IT_NORD,104.23
2024-02-03T23:00Z,IT_NORD,102.55
2024-02-04T00:00Z,IT_NORD,97.55
2024-02-04T01:00Z,IT_NORD,99.42
2024-02-04T02:00Z,IT_NORD,101.29
2024-02-04T03:00Z,IT_NORD,101.58
2024-02-04T04:00Z,IT_NORD,103.03
2024-02-04T05:00Z,IT_NORD,101.44
2024-02-04T06:00Z,IT_NORD,105.05
2024-02-04T07:00Z,IT_NORD,98.17
2024-02-04T08:00Z,IT_NORD,98.98
2024-02-04T09:00Z,IT_NORD,96.43
2024-02-04T10:00Z,IT_NORD,102.25
2024-02-04T11:00Z,IT_NORD,98.66
2024-02-04T12:00Z,IT_NORD,98.91
2024-02-04T13:00Z,IT_NORD,100.04
2024-02-04T14:00Z,IT_NORD,103.22
2024-02-04T15:00Z,IT_NORD,101.23
2024-02-04T16:00Z,IT_NORD,98.21
2024-02-04T17:00Z,IT_NORD,95.87
2024-02-04T18:00Z,IT_NORD,95.42
2024-02-04T19:00Z,IT_NORD,95.96
2024-02-04T20:00Z,IT_NORD,96.91
2024-02-04T21:00Z,IT_NORD,94.05
2024-02-04T22:00Z,IT_NORD,95.95
2024-02-04T23:00Z,IT_NORD,96.66
2024-02-05T00:00Z,IT_NORD,88.28
2024-02-05T01:00Z,IT_NORD,89.51
2024-02-05T02:00Z,IT_NORD,90.15
2024-02-05T03:00Z,IT_NORD,91.06
2024-02-05T04:00Z,IT_NORD,92.81
2024-02-05T05:00Z,IT_NORD,101.34
2024-02-05T06:00Z,IT_NORD,100.28
2024-02-05T07:00Z,IT_NORD,101.17
2024-02-05T08:00Z,IT_NORD,95.52
2024-02-05T09:00Z,IT_NORD,100.11
2024-02-05T10:00Z,IT_NORD,98.09
2024-02-05T11:00Z,IT_NORD,100.43
2024-02-05T12:00Z,IT_NORD,101.37
2024-02-05T13:00Z,IT_NORD,95.27
2024-02-05T14:00Z,IT_NORD,97.59
2024-02-05T15:00Z,IT_NORD,96.8
2024-02-05T16:00Z,IT_NORD,100.46
2024-02-05T17:00Z,IT_NORD,99.15
2024-02-05T18:00Z,IT_NORD,92.62
2024-02-05T19:00Z,IT_NORD,90.01
2024-02-05T20:00Z,IT_NORD,94.41
2024-02-05T21:00Z,IT_NORD,90.76
2024-02-05T22:00Z,IT_NORD,94.16
2024-02-05T23:00Z,IT_NORD,88.51
2024-02-06T00:00Z,IT_NORD,93.7
2024-02-06T01:00Z,IT_NORD,88.87
2024-02-06T02:00Z,IT_NORD,90.25
2024-02-06T03:00Z,IT_NORD,89.46
2024-02-06T04:00Z,IT_NORD,94.9
2024-02-06T05:00Z,IT_NORD,104.09
2024-02-06T06:00Z,IT_NORD,103.39
2024-02-06T07:00Z,IT_NORD,99.72
2024-02-06T08:00Z,IT_NORD,100.12
2024-02-06T09:00Z,IT_NORD,98.03
2024-02-06T10:00Z,IT_NORD,97.02
2024-02-06T11:00Z,IT_NORD,95.6
2024-02-06T12:00Z,IT_NORD,94.05
2024-02-06T13:00Z,IT_NORD,93.59
2024-02-06T14:00Z,IT_NORD,94.49
2024-02-06T15:00Z,IT_NORD,100.1
2024-02-06T16:00Z,IT_NORD,106.33
2024-02-06T17:00Z,IT_NORD,97.21
2024-02-06T18:00Z,IT_NORD,96.69
2024-02-06T19:00Z,IT_NORD,95.41
2024-02-06T20:00Z,IT_NORD,94.99
2024-02-06T21:00Z,IT_NORD,94.09
2024-02-06T22:00Z,IT_NORD,92.88
2024-02-06T23:00Z,IT_NORD,82.69
2024-02-07T00:00Z,IT_NORD,79.4
2024-02-07T01:00Z,IT_NORD,78.45
2024-02-07T02:00Z,IT_NORD,82.13
2024-02-07T03:00Z,IT_NORD,85.0
2024-02-07T04:00Z,IT_NORD,89.79
2024-02-07T05:00Z,IT_NORD,95.32
2024-02-07T06:00Z,IT_NORD,99.35
2024-02-07T07:00Z,IT_NORD,93.73
2024-02-07T08:00Z,IT_NORD,91.28
2024-02-07T09:00Z,IT_NORD,92.37
2024-02-07T10:00Z,IT_NORD,90.98
2024-02-07T11:00Z,IT_NORD,86.16
2024-02-07T12:00Z,IT_NORD,87.19
2024-02-07T13:00Z,IT_NORD,88.3
2024-02-07T14:00Z,IT_NORD,87.22
2024-02-07T15:00Z,IT_NORD,89.82
2024-02-07T16:00Z,IT_NORD,98.4
2024-02-07T17:00Z,IT_NORD,96.26
2024-02-07T18:00Z,IT_NORD,95.11
2024-02-07T19:00Z,IT_NORD,89.57
2024-02-07T20:00Z,IT_NORD,89.48
2024-02-07T21:00Z,IT_NORD,83.42
2024-02-07T22:00Z,IT_NORD,82.41
2024-02-07T23:00Z,IT_NORD,87.55
2024-02-08T00:00Z,IT_NORD,85.4
2024-02-08T01:00Z,IT_NORD,86.8
2024-02-08T02:00Z,IT_NORD,85.86
2024-02-08T03:00Z,IT_NORD,89.02
2024-02-08T04:00Z,IT_NORD,92.53
2024-02-08T05:00Z,IT_NORD,101.83
2024-02-08T06:00Z,IT_NORD,101.95
2024-02-08T07:00Z,IT_NORD,96.93
2024-02-08T08:00Z,IT_NORD,98.02
2024-02-08T09:00Z,IT_NORD,100.48
2024-02-08T10:00Z,IT_NORD,97.01
2024-02-08T11:00Z,IT_NORD,99.3
2024-02-08T12:00Z,IT_NORD,98.45
2024-02-08T13:00Z,IT_NORD,96.21
2024-02-08T14:00Z,IT_NORD,103.36
2024-02-08T15:00Z,IT_NORD,102.51
2024-02-08T16:00Z,IT_NORD,104.74
2024-02-08T17:00Z,IT_NORD,98.51
2024-02-08T18:00Z,IT_NORD,95.1
2024-02-08T19:00Z,IT_NORD,99.38
2024-02-08T20:00Z,IT_NORD,97.56
2024-02-08T21:00Z,IT_NORD,96.28
2024-02-08T22:00Z,IT_NORD,91.28
2024-02-08T23:00Z,IT_NORD,82.3
2024-02-09T00:00Z,IT_NORD,76.27
2024-02-09T01:00Z,IT_NORD,73.76
2024-02-09T02:00Z,IT_NORD,75.67
2024-02-09T03:00Z,IT_NORD,78.99
2024-02-09T04:00Z,IT_NORD,83.41
2024-02-09T05:00Z,IT_NORD,89.96
2024-02-09T06:00Z,IT_NORD,90.6
2024-02-09T07:00Z,IT_NORD,80.51
2024-02-09T08:00Z,IT_NORD,82.98
2024-02-09T09:00Z,IT_NORD,72.33
2024-02-09T10:00Z,IT_NORD,73.85
2024-02-09T11:00Z,IT_NORD,74.55
2024-02-09T12:00Z,IT_NORD,70.64
2024-02-09T13:00Z,IT_NORD,75.7
2024-02-09T14:00Z,IT_NORD,79.68
2024-02-09T15:00Z,IT_NORD,88.53
2024-02-09T16:00Z,IT_NORD,91.96
2024-02-09T17:00Z,IT_NORD,83.37
2024-02-09T18:00Z,IT_NORD,81.15
2024-02-09T19:00Z,IT_NORD,76.65
2024-02-09T20:00Z,IT_NORD,72.08
2024-02-09T21:00Z,IT_NORD,72.38
2024-02-09T22:00Z,IT_NORD,72.54
2024-02-09T23:00Z,IT_NORD,81.43
2024-02-10T00:00Z,IT_NORD,81.52
2024-02-10T01:00Z,IT_NORD,83.37
2024-02-10T02:00Z,IT_NORD,81.55
2024-02-10T03:00Z,IT_NORD,77.88
2024-02-10T04:00Z,IT_NORD,82.4
2024-02-10T05:00Z,IT_NORD,86.65
2024-02-10T06:00Z,IT_NORD,84.44
2024-02-10T07:00Z,IT_NORD,82.8
2024-02-10T08:00Z,IT_NORD,79.9
2024-02-10T09:00Z,IT_NORD,86.61
2024-02-10T10:00Z,IT_NORD,86.5
2024-02-10T11:00Z,IT_NORD,84.97
2024-02-10T12:00Z,IT_NORD,89.41
2024-02-10T13:00Z,IT_NORD,90.74
2024-02-10T14:00Z,IT_NORD,88.72
2024-02-10T15:00Z,IT_NORD,92.96
2024-02-10T16:00Z,IT_NORD,96.62
2024-02-10T17:00Z,IT_NORD,96.11
2024-02-10T18:00Z,IT_NORD,91.11
2024-02-10T19:00Z,IT_NORD,91.62
2024-02-10T20:00Z,IT_NORD,89.1
2024-02-10T21:00Z,IT_NORD,90.81
2024-02-10T22:00Z,IT_NORD,90.42
2024-02-10T23:00Z,IT_NORD,73.92
2024-02-11T00:00Z,IT_NORD,72.73
2024-02-11T01:00Z,IT_NORD,72.39
2024-02-11T02:00Z,IT_NORD,69.76
2024-02-11T03:00Z,IT_NORD,71.3
2024-02-11T04:00Z,IT_NORD,69.38
2024-02-11T05:00Z,IT_NORD,72.93
2024-02-11T06:00Z,IT_NORD,73.3
2024-02-11T07:00Z,IT_NORD,64.83
2024-02-11T08:00Z,IT_NORD,64.77
2024-02-11T09:00Z,IT_NORD,64.24
2024-02-11T10:00Z,IT_NORD,68.5
2024-02-11T11:00Z,IT_NORD,69.48
2024-02-11T12:00Z,IT_NORD,74.9
2024-02-11T13:00Z,IT_NORD,72.78
2024-02-11T14:00Z,IT_NORD,75.92
2024-02-11T15:00Z,IT_NORD,83.11
2024-02-11T16:00Z,IT_NORD,81.73
2024-02-11T17:00Z,IT_NORD,76.64
2024-02-11T18:00Z,IT_NORD,76.82
2024-02-11T19:00Z,IT_NORD,75.47
2024-02-11T20:00Z,IT_NORD,74.73
2024-02-11T21:00Z,IT_NORD,71.95
2024-02-11T22:00Z,IT_NORD,71.48
2024-02-11T23:00Z,IT_NORD,79.49
2024-02-12T00:00Z,IT_NORD,72.58
2024-02-12T01:00Z,IT_NORD,68.49
2024-02-12T02:00Z,IT_NORD,72.31
2024-02-12T03:00Z,IT_NORD,74.08
2024-02-12T04:00Z,IT_NORD,79.65
2024-02-12T05:00Z,IT_NORD,91.26
2024-02-12T06:00Z,IT_NORD,87.53
2024-02-12T07:00Z,IT_NORD,81.72
2024-02-12T08:00Z,IT_NORD,84.64
2024-02-12T09:00Z,IT_NORD,85.5
2024-02-12T10:00Z,IT_NORD,83.6
2024-02-12T11:00Z,IT_NORD,86.18
2024-02-12T12:00Z,IT_NORD,86.79
2024-02-12T13:00Z,IT_NORD,86.34
2024-02-12T14:00Z,IT_NORD,88.31
2024-02-12T15:00Z,IT_NORD,88.08
2024-02-12T16:00Z,IT_NORD,90.12
2024-02-12T17:00Z,IT_NORD,85.23
2024-02-12T18:00Z,IT_NORD,82.82
2024-02-12T19:00Z,IT_NORD,84.69
2024-02-12T20:00Z,IT_NORD,84.87
2024-02-12T21:00Z,IT_NORD,84.96
2024-02-12T22:00Z,IT_NORD,81.16
2024-02-12T23:00Z,IT_NORD,77.66
2024-02-13T00:00Z,IT_NORD,75.64
2024-02-13T01:00Z,IT_NORD,74.74
2024-02-13T02:00Z,IT_NORD,76.95
2024-02-13T03:00Z,IT_NORD,74.69
2024-02-13T04:00Z,IT_NORD,78.02
2024-02-13T05:00Z,IT_NORD,85.34
2024-02-13T06:00Z,IT_NORD,85.16
2024-02-13T07:00Z,IT_NORD,76.8
2024-02-13T08:00Z,IT_NORD,73.9
2024-02-13T09:00Z,IT_NORD,75.41
2024-02-13T10:00Z,IT_NORD,77.92
2024-02-13T11:00Z,IT_NORD,78.25
2024-02-13T12:00Z,IT_NORD,78.37
2024-02-13T13:00Z,IT_NORD,78.54
2024-02-13T14:00Z,IT_NORD,83.41
2024-02-13T15:00Z,IT_NORD,85.61
2024-02-13T16:00Z,IT_NORD,88.58
2024-02-13T17:00Z,IT_NORD,76.15
2024-02-13T18:00Z,IT_NORD,73.11
2024-02-13T19:00Z,IT_NORD,75.34
2024-02-13T20:00Z,IT_NORD,76.86
2024-02-13T21:00Z,IT_NORD,77.12
2024-02-13T22:00Z,IT_NORD,74.4
2024-02-13T23:00Z,IT_NORD,80.18
2024-02-14T00:00Z,IT_NORD,82.98
2024-02-14T01:00Z,IT_NORD,80.66
2024-02-14T02:00Z,IT_NORD,81.43
2024-02-14T03:00Z,IT_NORD,85.13
2024-02-14T04:00Z,IT_NORD,86.66
2024-02-14T05:00Z,IT_NORD,93.07
2024-02-14T06:00Z,IT_NORD,95.88
2024-02-14T07:00Z,IT_NORD,87.87
2024-02-14T08:00Z,IT_NORD,81.32
2024-02-14T09:00Z,IT_NORD,82.1
2024-02-14T10:00Z,IT_NORD,84.91
2024-02-14T11:00Z,IT_NORD,85.97
2024-02-14T12:00Z,IT_NORD,87.73
2024-02-14T13:00Z,IT_NORD,87.06
2024-02-14T14:00Z,IT_NORD,88.75
2024-02-14T15:00Z,IT_NORD,93.11
2024-02-14T16:00Z,IT_NORD,94.57
2024-02-14T17:00Z,IT_NORD,85.46
2024-02-14T18:00Z,IT_NORD,86.31
2024-02-14T19:00Z,IT_NORD,88.11
2024-02-14T20:00Z,IT_NORD,84.41
2024-02-14T21:00Z,IT_NORD,81.75
2024-02-14T22:00Z,IT_NORD,81.3
2024-02-14T23:00Z,IT_NORD,79.39
2024-02-15T00:00Z,IT_NORD,77.85
2024-02-15T01:00Z,IT_NORD,76.85
2024-02-15T02:00Z,IT_NORD,76.56
2024-02-15T03:00Z,IT_NORD,79.71
2024-02-15T04:00Z,IT_NORD,88.16
2024-02-15T05:00Z,IT_NORD,96.35
2024-02-15T06:00Z,IT_NORD,95.84
2024-02-15T07:00Z,IT_NORD,86.45
2024-02-15T08:00Z,IT_NORD,86.11
2024-02-15T09:00Z,IT_NORD,91.3
2024-02-15T10:00Z,IT_NORD,89.8
2024-02-15T11:00Z,IT_NORD,87.85
2024-02-15T12:00Z,IT_NORD,87.0
2024-02-15T13:00Z,IT_NORD,86.52
2024-02-15T14:00Z,IT_NORD,84.29
2024-02-15T15:00Z,IT_NORD,86.81
2024-02-15T16:00Z,IT_NORD,92.24
2024-02-15T17:00Z,IT_NORD,85.72
2024-02-15T18:00Z,IT_NORD,84.82
2024-02-15T19:00Z,IT_NORD,84.39
2024-02-15T20:00Z,IT_NORD,82.55
2024-02-15T21:00Z,IT_NORD,83.01
2024-02-15T22:00Z,IT_NORD,80.69
2024-02-15T23:00Z,IT_NORD,83.79
2024-02-16T00:00Z,IT_NORD,82.89
2024-02-16T01:00Z,IT_NORD,76.94
2024-02-16T02:00Z,IT_NORD,78.96
2024-02-16T03:00Z,IT_NORD,81.4
2024-02-16T04:00Z,IT_NORD,84.45
2024-02-16T05:00Z,IT_NORD,91.87
2024-02-16T06:00Z,IT_NORD,96.55
2024-02-16T07:00Z,IT_NORD,94.29
2024-02-16T08:00Z,IT_NORD,92.08
2024-02-16T09:00Z,IT_NORD,88.66
2024-02-16T10:00Z,IT_NORD,87.89
2024-02-16T11:00Z,IT_NORD,90.52
2024-02-16T12:00Z,IT_NORD,93.62
2024-02-16T13:00Z,IT_NORD,95.91
2024-02-16T14:00Z,IT_NORD,98.04
2024-02-16T15:00Z,IT_NORD,101.33
2024-02-16T16:00Z,IT_NORD,106.64
2024-02-16T17:00Z,IT_NORD,97.58
2024-02-16T18:00Z,IT_NORD,92.01
2024-02-16T19:00Z,IT_NORD,86.44
2024-02-16T20:00Z,IT_NORD,81.68
2024-02-16T21:00Z,IT_NORD,80.26
2024-02-16T22:00Z,IT_NORD,80.99
2024-02-16T23:00Z,IT_NORD,77.73
2024-02-17T00:00Z,IT_NORD,75.67
2024-02-17T01:00Z,IT_NORD,77.87
2024-02-17T02:00Z,IT_NORD,72.35
2024-02-17T03:00Z,IT_NORD,75.73
2024-02-17T04:00Z,IT_NORD,82.63
2024-02-17T05:00Z,IT_NORD,87.26
2024-02-17T06:00Z,IT_NORD,81.43
2024-02-17T07:00Z,IT_NORD,77.04
2024-02-17T08:00Z,IT_NORD,75.3
2024-02-17T09:00Z,IT_NORD,72.73
2024-02-17T10:00Z,IT_NORD,74.8
2024-02-17T11:00Z,IT_NORD,75.44
2024-02-17T12:00Z,IT_NORD,75.23
2024-02-17T13:00Z,IT_NORD,83.54
2024-02-17T14:00Z,IT_NORD,87.87
2024-02-17T15:00Z,IT_NORD,84.53
2024-02-17T16:00Z,IT_NORD,83.64
2024-02-17T17:00Z,IT_NORD,78.61
2024-02-17T18:00Z,IT_NORD,77.96
2024-02-17T19:00Z,IT_NORD,81.28
2024-02-17T20:00Z,IT_NORD,78.98
2024-02-17T21:00Z,IT_NORD,76.78
2024-02-17T22:00Z,IT_NORD,78.25
2024-02-17T23:00Z,IT_NORD,80.61
2024-02-18T00:00Z,IT_NORD,77.55
2024-02-18T01:00Z,IT_NORD,73.45
2024-02-18T02:00Z,IT_NORD,76.98
2024-02-18T03:00Z,IT_NORD,75.53
2024-02-18T04:00Z,IT_NORD,81.33
2024-02-18T05:00Z,IT_NORD,87.52
2024-02-18T06:00Z,IT_NORD,86.77
2024-02-18T07:00Z,IT_NORD,84.17
2024-02-18T08:00Z,IT_NORD,84.01
2024-02-18T09:00Z,IT_NORD,83.63
2024-02-18T10:00Z,IT_NORD,88.21
2024-02-18T11:00Z,IT_NORD,89.92
2024-02-18T12:00Z,IT_NORD,91.86
2024-02-18T13:00Z,IT_NORD,93.77
2024-02-18T14:00Z,IT_NORD,93.76
2024-02-18T15:00Z,IT_NORD,97.67
2024-02-18T16:00Z,IT_NORD,100.57
2024-02-18T17:00Z,IT_NORD,93.01
2024-02-18T18:00Z,IT_NORD,88.94
2024-02-18T19:00Z,IT_NORD,86.51
2024-02-18T20:00Z,IT_NORD,83.61
2024-02-18T21:00Z,IT_NORD,81.8
2024-02-18T22:00Z,IT_NORD,85.73
2024-02-18T23:00Z,IT_NORD,88.39
2024-02-19T00:00Z,IT_NORD,81.09
2024-02-19T01:00Z,IT_NORD,80.98
2024-02-19T02:00Z,IT_NORD,77.78
2024-02-19T03:00Z,IT_NORD,78.58
2024-02-19T04:00Z,IT_NORD,80.02
2024-02-19T05:00Z,IT_NORD,91.31
2024-02-19T06:00Z,IT_NORD,91.5
2024-02-19T07:00Z,IT_NORD,85.12
2024-02-19T08:00Z,IT_NORD,83.63
2024-02-19T09:00Z,IT_NORD,84.08
2024-02-19T10:00Z,IT_NORD,87.54
2024-02-19T11:00Z,IT_NORD,85.63
2024-02-19T12:00Z,IT_NORD,85.89
2024-02-19T13:00Z,IT_NORD,84.81
2024-02-19T14:00Z,IT_NORD,87.74
2024-02-19T15:00Z,IT_NORD,87.09
2024-02-19T16:00Z,IT_NORD,90.28
2024-02-19T17:00Z,IT_NORD,81.17
2024-02-19T18:00Z,IT_NORD,79.3
2024-02-19T19:00Z,IT_NORD,75.63
2024-02-19T20:00Z,IT_NORD,80.19
2024-02-19T21:00Z,IT_NORD,80.1
2024-02-19T22:00Z,IT_NORD,80.43
2024-02-19T23:00Z,IT_NORD,76.74
2024-02-20T00:00Z,IT_NORD,72.67
2024-02-20T01:00Z,IT_NORD,71.84
2024-02-20T02:00Z,IT_NORD,72.43
2024-02-20T03:00Z,IT_NORD,74.13
2024-02-20T04:00Z,IT_NORD,81.5
2024-02-20T05:00Z,IT_NORD,85.5
2024-02-20T06:00Z,IT_NORD,86.09
2024-02-20T07:00Z,IT_NORD,79.2
2024-02-20T08:00Z,IT_NORD,75.94
2024-02-20T09:00Z,IT_NORD,77.36
2024-02-20T10:00Z,IT_NORD,80.25
2024-02-20T11:00Z,IT_NORD,82.11
2024-02-20T12:00Z,IT_NORD,83.8
2024-02-20T13:00Z,IT_NORD,81.58
2024-02-20T14:00Z,IT_NORD,80.21
2024-02-20T15:00Z,IT_NORD,86.3
2024-02-20T16:00Z,IT_NORD,87.66
2024-02-20T17:00Z,IT_NORD,82.33
2024-02-20T18:00Z,IT_NORD,77.7
2024-02-20T19:00Z,IT_NORD,81.06
2024-02-20T20:00Z,IT_NORD,79.98
2024-02-20T21:00Z,IT_NORD,79.93
2024-02-20T22:00Z,IT_NORD,73.96
2024-02-20T23:00Z,IT_NORD,68.02
2024-02-21T00:00Z,IT_NORD,71.7
2024-02-21T01:00Z,IT_NORD,67.99
2024-02-21T02:00Z,IT_NORD,67.57
2024-02-21T03:00Z,IT_NORD,72.66
2024-02-21T04:00Z,IT_NORD,77.63
2024-02-21T05:00Z,IT_NORD,85.59
2024-02-21T06:00Z,IT_NORD,85.88
2024-02-21T07:00Z,IT_NORD,77.26
2024-02-21T08:00Z,IT_NORD,75.7
2024-02-21T09:00Z,IT_NORD,73.1
2024-02-21T10:00Z,IT_NORD,69.02
2024-02-21T11:00Z,IT_NORD,68.84
2024-02-21T12:00Z,IT_NORD,71.84
2024-02-21T13:00Z,IT_NORD,70.33
2024-02-21T14:00Z,IT_NORD,73.95
2024-02-21T15:00Z,IT_NORD,81.57
2024-02-21T16:00Z,IT_NORD,87.0
2024-02-21T17:00Z,IT_NORD,81.73
2024-02-21T18:00Z,IT_NORD,82.24
2024-02-21T19:00Z,IT_NORD,80.78
2024-02-21T20:00Z,IT_NORD,84.21
2024-02-21T21:00Z,IT_NORD,82.01
2024-02-21T22:00Z,IT_NORD,82.15
2024-02-21T23:00Z,IT_NORD,85.94
2024-02-22T00:00Z,IT_NORD,83.56
2024-02-22T01:00Z,IT_NORD,79.46
2024-02-22T02:00Z,IT_NORD,80.21
2024-02-22T03:00Z,IT_NORD,81.19
2024-02-22T04:00Z,IT_NORD,89.48
2024-02-22T05:00Z,IT_NORD,95.74
2024-02-22T06:00Z,IT_NORD,93.28
2024-02-22T07:00Z,IT_NORD,90.53
2024-02-22T08:00Z,IT_NORD,88.76
2024-02-22T09:00Z,IT_NORD,88.7
2024-02-22T10:00Z,IT_NORD,88.22
2024-02-22T11:00Z,IT_NORD,91.7
2024-02-22T12:00Z,IT_NORD,93.42
2024-02-22T13:00Z,IT_NORD,95.55
2024-02-22T14:00Z,IT_NORD,92.46
2024-02-22T15:00Z,IT_NORD,95.99
2024-02-22T16:00Z,IT_NORD,97.76
2024-02-22T17:00Z,IT_NORD,92.46
2024-02-22T18:00Z,IT_NORD,87.03
2024-02-22T19:00Z,IT_NORD,83.2
2024-02-22T20:00Z,IT_NORD,85.69
2024-02-22T21:00Z,IT_NORD,83.13
2024-02-22T22:00Z,IT_NORD,82.5
2024-02-22T23:00Z,IT_NORD,76.94
2024-02-23T00:00Z,IT_NORD,71.99
2024-02-23T01:00Z,IT_NORD,69.2
2024-02-23T02:00Z,IT_NORD,66.1
2024-02-23T03:00Z,IT_NORD,68.54
2024-02-23T04:00Z,IT_NORD,76.13
2024-02-23T05:00Z,IT_NORD,87.01
2024-02-23T06:00Z,IT_NORD,85.37
2024-02-23T07:00Z,IT_NORD,77.33
2024-02-23T08:00Z,IT_NORD,73.82
2024-02-23T09:00Z,IT_NORD,72.18
2024-02-23T10:00Z,IT_NORD,74.03
2024-02-23T11:00Z,IT_NORD,74.21
2024-02-23T12:00Z,IT_NORD,76.74
2024-02-23T13:00Z,IT_NORD,75.41
2024-02-23T14:00Z,IT_NORD,80.73
2024-02-23T15:00Z,IT_NORD,87.96
2024-02-23T16:00Z,IT_NORD,89.45
2024-02-23T17:00Z,IT_NORD,86.19
2024-02-23T18:00Z,IT_NORD,84.02
2024-02-23T19:00Z,IT_NORD,82.85
2024-02-23T20:00Z,IT_NORD,78.27
2024-02-23T21:00Z,IT_NORD,80.79
2024-02-23T22:00Z,IT_NORD,82.49
2024-02-23T23:00Z,IT_NORD,93.44
2024-02-24T00:00Z,IT_NORD,92.83
2024-02-24T01:00Z,IT_NORD,96.59
2024-02-24T02:00Z,IT_NORD,94.24
2024-02-24T03:00Z,IT_NORD,89.1
2024-02-24T04:00Z,IT_NORD,88.86
2024-02-24T05:00Z,IT_NORD,94.3
2024-02-24T06:00Z,IT_NORD,91.74
2024-02-24T07:00Z,IT_NORD,89.78
2024-02-24T08:00Z,IT_NORD,90.7
2024-02-24T09:00Z,IT_NORD,89.53
2024-02-24T10:00Z,IT_NORD,90.91
2024-02-24T11:00Z,IT_NORD,85.76
2024-02-24T12:00Z,IT_NORD,86.6
2024-02-24T13:00Z,IT_NORD,87.04
2024-02-24T14:00Z,IT_NORD,94.66
2024-02-24T15:00Z,IT_NORD,91.05
2024-02-24T16:00Z,IT_NORD,97.12
2024-02-24T17:00Z,IT_NORD,93.41
2024-02-24T18:00Z,IT_NORD,93.13
2024-02-24T19:00Z,IT_NORD,90.47
2024-02-24T20:00Z,IT_NORD,90.16
2024-02-24T21:00Z,IT_NORD,89.32
2024-02-24T22:00Z,IT_NORD,87.98
2024-02-24T23:00Z,IT_NORD,83.54
2024-02-25T00:00Z,IT_NORD,82.61
2024-02-25T01:00Z,IT_NORD,81.84
2024-02-25T02:00Z,IT_NORD,81.85
2024-02-25T03:00Z,IT_NORD,83.63
2024-02-25T04:00Z,IT_NORD,86.45
2024-02-25T05:00Z,IT_NORD,90.84
2024-02-25T06:00Z,IT_NORD,85.15
2024-02-25T07:00Z,IT_NORD,81.81
2024-02-25T08:00Z,IT_NORD,80.49
2024-02-25T09:00Z,IT_NORD,83.04
2024-02-25T10:00Z,IT_NORD,81.08
2024-02-25T11:00Z,IT_NORD,79.34
2024-02-25T12:00Z,IT_NORD,81.7
2024-02-25T13:00Z,IT_NORD,84.2
2024-02-25T14:00Z,IT_NORD,82.11
2024-02-25T15:00Z,IT_NORD,85.03
2024-02-25T16:00Z,IT_NORD,86.75
2024-02-25T17:00Z,IT_NORD,84.57
2024-02-25T18:00Z,IT_NORD,82.62
2024-02-25T19:00Z,IT_NORD,83.33
2024-02-25T20:00Z,IT_NORD,87.75
2024-02-25T21:00Z,IT_NORD,87.83
2024-02-25T22:00Z,IT_NORD,88.63
2024-02-25T23:00Z,IT_NORD,88.51
2024-02-26T00:00Z,IT_NORD,78.6
2024-02-26T01:00Z,IT_NORD,76.01
2024-02-26T02:00Z,IT_NORD,78.0
2024-02-26T03:00Z,IT_NORD,81.36
2024-02-26T04:00Z,IT_NORD,85.22
2024-02-26T05:00Z,IT_NORD,93.61
2024-02-26T06:00Z,IT_NORD,89.64
2024-02-26T07:00Z,IT_NORD,84.29
2024-02-26T08:00Z,IT_NORD,85.0
2024-02-26T09:00Z,IT_NORD,85.48
2024-02-26T10:00Z,IT_NORD,85.88
2024-02-26T11:00Z,IT_NORD,85.86
2024-02-26T12:00Z,IT_NORD,85.09
2024-02-26T13:00Z,IT_NORD,86.81
2024-02-26T14:00Z,IT_NORD,89.6
2024-02-26T15:00Z,IT_NORD,89.4
2024-02-26T16:00Z,IT_NORD,94.07
2024-02-26T17:00Z,IT_NORD,88.43
2024-02-26T18:00Z,IT_NORD,85.33
2024-02-26T19:00Z,IT_NORD,85.64
2024-02-26T20:00Z,IT_NORD,81.59
2024-02-26T21:00Z,IT_NORD,78.31
2024-02-26T22:00Z,IT_NORD,79.88
2024-02-26T23:00Z,IT_NORD,99.08
2024-02-27T00:00Z,IT_NORD,95.48
2024-02-27T01:00Z,IT_NORD,92.59
2024-02-27T02:00Z,IT_NORD,94.75
2024-02-27T03:00Z,IT_NORD,94.51
2024-02-27T04:00Z,IT_NORD,96.85
2024-02-27T05:00Z,IT_NORD,100.91
2024-02-27T06:00Z,IT_NORD,100.31
2024-02-27T07:00Z,IT_NORD,93.2
2024-02-27T08:00Z,IT_NORD,85.23
2024-02-27T09:00Z,IT_NORD,82.55
2024-02-27T10:00Z,IT_NORD,83.74
2024-02-27T11:00Z,IT_NORD,89.67
2024-02-27T12:00Z,IT_NORD,90.26
2024-02-27T13:00Z,IT_NORD,89.33
2024-02-27T14:00Z,IT_NORD,88.44
2024-02-27T15:00Z,IT_NORD,95.92
2024-02-27T16:00Z,IT_NORD,99.19
2024-02-27T17:00Z,IT_NORD,96.37
2024-02-27T18:00Z,IT_NORD,91.46
2024-02-27T19:00Z,IT_NORD,96.22
2024-02-27T20:00Z,IT_NORD,88.34
2024-02-27T21:00Z,IT_NORD,85.69
2024-02-27T22:00Z,IT_NORD,88.6
2024-02-27T23:00Z,IT_NORD,70.46
2024-02-28T00:00Z,IT_NORD,69.45
2024-02-28T01:00Z,IT_NORD,70.14
2024-02-28T02:00Z,IT_NORD,66.46
2024-02-28T03:00Z,IT_NORD,67.15
2024-02-28T04:00Z,IT_NORD,75.59
2024-02-28T05:00Z,IT_NORD,81.52
2024-02-28T06:00Z,IT_NORD,82.7
2024-02-28T07:00Z,IT_NORD,73.81
2024-02-28T08:00Z,IT_NORD,69.76
2024-02-28T09:00Z,IT_NORD,71.27
2024-02-28T10:00Z,IT_NORD,75.19
2024-02-28T11:00Z,IT_NORD,72.75
2024-02-28T12:00Z,IT_NORD,69.01
2024-02-28T13:00Z,IT_NORD,74.06
2024-02-28T14:00Z,IT_NORD,74.53
2024-02-28T15:00Z,IT_NORD,74.16
2024-02-28T16:00Z,IT_NORD,83.45
2024-02-28T17:00Z,IT_NORD,75.78
2024-02-28T18:00Z,IT_NORD,73.19
2024-02-28T19:00Z,IT_NORD,68.12
2024-02-28T20:00Z,IT_NORD,71.19
2024-02-28T21:00Z,IT_NORD,67.73
2024-02-28T22:00Z,IT_NORD,67.7
2024-02-28T23:00Z,IT_NORD,67.72
2024-02-29T00:00Z,IT_NORD,66.38
2024-02-29T01:00Z,IT_NORD,63.72
2024-02-29T02:00Z,IT_NORD,65.32
2024-02-29T03:00Z,IT_NORD,69.38
2024-02-29T04:00Z,IT_NORD,74.07
2024-02-29T05:00Z,IT_NORD,82.31
2024-02-29T06:00Z,IT_NORD,83.87
2024-02-29T07:00Z,IT_NORD,79.83
2024-02-29T08:00Z,IT_NORD,79.56
2024-02-29T09:00Z,IT_NORD,77.41
2024-02-29T10:00Z,IT_NORD,77.97
2024-02-29T11:00Z,IT_NORD,77.18
2024-02-29T12:00Z,IT_NORD,77.32
2024-02-29T13:00Z,IT_NORD,79.28
2024-02-29T14:00Z,IT_NORD,78.93
2024-02-29T15:00Z,IT_NORD,80.88
2024-02-29T16:00Z,IT_NORD,87.25
2024-02-29T17:00Z,IT_NORD,82.43
2024-02-29T18:00Z,IT_NORD,78.75
2024-02-29T19:00Z,IT_NORD,76.04
2024-02-29T20:00Z,IT_NORD,75.42
2024-02-29T21:00Z,IT_NORD,70.93
2024-02-29T22:00Z,IT_NORD,66.04
2024-02-29T23:00Z,IT_NORD,67.26
2024-03-01T00:00Z,IT_NORD,68.22
2024-03-01T01:00Z,IT_NORD,71.74
2024-03-01T02:00Z,IT_NORD,68.6
2024-03-01T03:00Z,IT_NORD,67.94
2024-03-01T04:00Z,IT_NORD,75.03
2024-03-01T05:00Z,IT_NORD,75.87
2024-03-01T06:00Z,IT_NORD,80.13
2024-03-01T07:00Z,IT_NORD,70.99
2024-03-01T08:00Z,IT_NORD,66.67
2024-03-01T09:00Z,IT_NORD,68.75
2024-03-01T10:00Z,IT_NORD,69.68
2024-03-01T11:00Z,IT_NORD,70.47
2024-03-01T12:00Z,IT_NORD,70.51
2024-03-01T13:00Z,IT_NORD,71.84
2024-03-01T14:00Z,IT_NORD,76.19
2024-03-01T15:00Z,IT_NORD,81.17
2024-03-01T16:00Z,IT_NORD,80.85
2024-03-01T17:00Z,IT_NORD,76.1
2024-03-01T18:00Z,IT_NORD,72.85
2024-03-01T19:00Z,IT_NORD,67.0
2024-03-01T20:00Z,IT_NORD,66.58
2024-03-01T21:00Z,IT_NORD,69.61
2024-03-01T22:00Z,IT_NORD,69.76
2024-03-01T23:00Z,IT_NORD,71.09
2024-03-02T00:00Z,IT_NORD,71.21
2024-03-02T01:00Z,IT_NORD,71.3
2024-03-02T02:00Z,IT_NORD,70.93
2024-03-02T03:00Z,IT_NORD,70.47
2024-03-02T04:00Z,IT_NORD,69.87
2024-03-02T05:00Z,IT_NORD,71.69
2024-03-02T06:00Z,IT_NORD,71.9
2024-03-02T07:00Z,IT_NORD,70.56
2024-03-02T08:00Z,IT_NORD,69.76
2024-03-02T09:00Z,IT_NORD,71.92
2024-03-02T10:00Z,IT_NORD,72.28
2024-03-02T11:00Z,IT_NORD,71.19
2024-03-02T12:00Z,IT_NORD,68.93
2024-03-02T13:00Z,IT_NORD,70.65
2024-03-02T14:00Z,IT_NORD,75.21
2024-03-02T15:00Z,IT_NORD,79.31
2024-03-02T16:00Z,IT_NORD,84.23
2024-03-02T17:00Z,IT_NORD,86.39
2024-03-02T18:00Z,IT_NORD,84.46
2024-03-02T19:00Z,IT_NORD,81.54
2024-03-02T20:00Z,IT_NORD,76.48
2024-03-02T21:00Z,IT_NORD,73.74
2024-03-02T22:00Z,IT_NORD,72.71
2024-03-02T23:00Z,IT_NORD,75.54
2024-03-03T00:00Z,IT_NORD,77.46
2024-03-03T01:00Z,IT_NORD,80.29
2024-03-03T02:00Z,IT_NORD,79.51
2024-03-03T03:00Z,IT_NORD,80.91
2024-03-03T04:00Z,IT_NORD,79.25
2024-03-03T05:00Z,IT_NORD,89.12
2024-03-03T06:00Z,IT_NORD,82.19
2024-03-03T07:00Z,IT_NORD,77.97
2024-03-03T08:00Z,IT_NORD,80.87
2024-03-03T09:00Z,IT_NORD,78.6
2024-03-03T10:00Z,IT_NORD,7.32
2024-03-03T11:00Z,IT_NORD,6.44
2024-03-03T12:00Z,IT_NORD,4.89
2024-03-03T13:00Z,IT_NORD,9.22
2024-03-03T14:00Z,IT_NORD,58.5
2024-03-03T15:00Z,IT_NORD,77.46
2024-03-03T16:00Z,IT_NORD,79.35
2024-03-03T17:00Z,IT_NORD,81.13
2024-03-03T18:00Z,IT_NORD,79.02
2024-03-03T19:00Z,IT_NORD,74.89
2024-03-03T20:00Z,IT_NORD,73.04
2024-03-03T21:00Z,IT_NORD,72.47
2024-03-03T22:00Z,IT_NORD,69.03
2024-03-03T23:00Z,IT_NORD,87.16
2024-03-04T00:00Z,IT_NORD,81.43
2024-03-04T01:00Z,IT_NORD,82.57
2024-03-04T02:00Z,IT_NORD,86.87
2024-03-04T03:00Z,IT_NORD,87.41
2024-03-04T04:00Z,IT_NORD,91.88
2024-03-04T05:00Z,IT_NORD,96.83
2024-03-04T06:00Z,IT_NORD,94.74
2024-03-04T07:00Z,IT_NORD,92.98
2024-03-04T08:00Z,IT_NORD,90.04
2024-03-04T09:00Z,IT_NORD,88.41
2024-03-04T10:00Z,IT_NORD,89.3
2024-03-04T11:00Z,IT_NORD,88.11
2024-03-04T12:00Z,IT_NORD,93.15
2024-03-04T13:00Z,IT_NORD,91.61
2024-03-04T14:00Z,IT_NORD,96.64
2024-03-04T15:00Z,IT_NORD,102.33
2024-03-04T16:00Z,IT_NORD,111.12
2024-03-04T17:00Z,IT_NORD,102.36
2024-03-04T18:00Z,IT_NORD,98.5
2024-03-04T19:00Z,IT_NORD,92.41
2024-03-04T20:00Z,IT_NORD,91.32
2024-03-04T21:00Z,IT_NORD,95.32
2024-03-04T22:00Z,IT_NORD,95.22
2024-03-04T23:00Z,IT_NORD,85.49
2024-03-05T00:00Z,IT_NORD,86.32
2024-03-05T01:00Z,IT_NORD,83.91
2024-03-05T02:00Z,IT_NORD,81.44
2024-03-05T03:00Z,IT_NORD,79.83
2024-03-05T04:00Z,IT_NORD,88.42
2024-03-05T05:00Z,IT_NORD,97.59
2024-03-05T06:00Z,IT_NORD,94.76
2024-03-05T07:00Z,IT_NORD,90.12
2024-03-05T08:00Z,IT_NORD,88.62
2024-03-05T09:00Z,IT_NORD,85.57
2024-03-05T10:00Z,IT_NORD,89.81
2024-03-05T11:00Z,IT_NORD,88.74
2024-03-05T12:00Z,IT_NORD,89.35
2024-03-05T13:00Z,IT_NORD,93.59
2024-03-05T14:00Z,IT_NORD,94.33
2024-03-05T15:00Z,IT_NORD,99.86
2024-03-05T16:00Z,IT_NORD,101.89
2024-03-05T17:00Z,IT_NORD,94.23
2024-03-05T18:00Z,IT_NORD,92.88
2024-03-05T19:00Z,IT_NORD,86.97
2024-03-05T20:00Z,IT_NORD,85.17
2024-03-05T21:00Z,IT_NORD,85.38
2024-03-05T22:00Z,IT_NORD,84.34
2024-03-05T23:00Z,IT_NORD,77.71
2024-03-06T00:00Z,IT_NORD,78.13
2024-03-06T01:00Z,IT_NORD,78.69
2024-03-06T02:00Z,IT_NORD,77.28
2024-03-06T03:00Z,IT_NORD,77.0
2024-03-06T04:00Z,IT_NORD,82.08
2024-03-06T05:00Z,IT_NORD,88.7
2024-03-06T06:00Z,IT_NORD,81.97
2024-03-06T07:00Z,IT_NORD,83.4
2024-03-06T08:00Z,IT_NORD,81.29
2024-03-06T09:00Z,IT_NORD,80.09
2024-03-06T10:00Z,IT_NORD,79.61
2024-03-06T11:00Z,IT_NORD,80.56
2024-03-06T12:00Z,IT_NORD,79.49
2024-03-06T13:00Z,IT_NORD,82.22
2024-03-06T14:00Z,IT_NORD,82.01
2024-03-06T15:00Z,IT_NORD,86.49
2024-03-06T16:00Z,IT_NORD,88.14
2024-03-06T17:00Z,IT_NORD,85.05
2024-03-06T18:00Z,IT_NORD,79.02
2024-03-06T19:00Z,IT_NORD,75.33
2024-03-06T20:00Z,IT_NORD,77.98
2024-03-06T21:00Z,IT_NORD,75.12
2024-03-06T22:00Z,IT_NORD,80.36
2024-03-06T23:00Z,IT_NORD,70.36
2024-03-07T00:00Z,IT_NORD,68.65
2024-03-07T01:00Z,IT_NORD,67.39
2024-03-07T02:00Z,IT_NORD,64.41
2024-03-07T03:00Z,IT_NORD,60.91
2024-03-07T04:00Z,IT_NORD,71.26
2024-03-07T05:00Z,IT_NORD,74.77
2024-03-07T06:00Z,IT_NORD,78.64
2024-03-07T07:00Z,IT_NORD,72.73
2024-03-07T08:00Z,IT_NORD,70.85
2024-03-07T09:00Z,IT_NORD,67.99
2024-03-07T10:00Z,IT_NORD,66.34
2024-03-07T11:00Z,IT_NORD,65.11
2024-03-07T12:00Z,IT_NORD,67.54
2024-03-07T13:00Z,IT_NORD,71.63
2024-03-07T14:00Z,IT_NORD,71.57
2024-03-07T15:00Z,IT_NORD,79.75
2024-03-07T16:00Z,IT_NORD,78.06
2024-03-07T17:00Z,IT_NORD,75.91
2024-03-07T18:00Z,IT_NORD,76.34
2024-03-07T19:00Z,IT_NORD,75.79
2024-03-07T20:00Z,IT_NORD,75.22
2024-03-07T21:00Z,IT_NORD,73.01
2024-03-07T22:00Z,IT_NORD,70.09
2024-03-07T23:00Z,IT_NORD,71.48
2024-03-08T00:00Z,IT_NORD,75.32
2024-03-08T01:00Z,IT_NORD,73.33
2024-03-08T02:00Z,IT_NORD,72.63
2024-03-08T03:00Z,IT_NORD,70.22
2024-03-08T04:00Z,IT_NORD,73.3
2024-03-08T05:00Z,IT_NORD,83.02
2024-03-08T06:00Z,IT_NORD,76.8
2024-03-08T07:00Z,IT_NORD,73.28
2024-03-08T08:00Z,IT_NORD,71.69
2024-03-08T09:00Z,IT_NORD,70.54
2024-03-08T10:00Z,IT_NORD,70.22
2024-03-08T11:00Z,IT_NORD,68.8
2024-03-08T12:00Z,IT_NORD,70.87
2024-03-08T13:00Z,IT_NORD,70.07
2024-03-08T14:00Z,IT_NORD,72.57
2024-03-08T15:00Z,IT_NORD,79.68
2024-03-08T16:00Z,IT_NORD,86.09
2024-03-08T17:00Z,IT_NORD,80.19
2024-03-08T18:00Z,IT_NORD,74.56
2024-03-08T19:00Z,IT_NORD,69.07
2024-03-08T20:00Z,IT_NORD,70.35
2024-03-08T21:00Z,IT_NORD,65.32
2024-03-08T22:00Z,IT_NORD,56.81
2024-03-08T23:00Z,IT_NORD,60.11
2024-03-09T00:00Z,IT_NORD,60.84
2024-03-09T01:00Z,IT_NORD,59.8
2024-03-09T02:00Z,IT_NORD,60.72
2024-03-09T03:00Z,IT_NORD,61.23
2024-03-09T04:00Z,IT_NORD,64.03
2024-03-09T05:00Z,IT_NORD,69.21
2024-03-09T06:00Z,IT_NORD,69.31
2024-03-09T07:00Z,IT_NORD,75.65
2024-03-09T08:00Z,IT_NORD,79.84
2024-03-09T09:00Z,IT_NORD,75.54
2024-03-09T10:00Z,IT_NORD,73.77
2024-03-09T11:00Z,IT_NORD,76.84
2024-03-09T12:00Z,IT_NORD,72.28
2024-03-09T13:00Z,IT_NORD,69.51
2024-03-09T14:00Z,IT_NORD,74.86
2024-03-09T15:00Z,IT_NORD,76.31
2024-03-09T16:00Z,IT_NORD,81.04
2024-03-09T17:00Z,IT_NORD,76.43
2024-03-09T18:00Z,IT_NORD,70.77
2024-03-09T19:00Z,IT_NORD,69.92
2024-03-09T20:00Z,IT_NORD,75.75
2024-03-09T21:00Z,IT_NORD,75.84
2024-03-09T22:00Z,IT_NORD,73.24
2024-03-09T23:00Z,IT_NORD,83.27
2024-03-10T00:00Z,IT_NORD,84.94
2024-03-10T01:00Z,IT_NORD,87.2
2024-03-10T02:00Z,IT_NORD,86.39
2024-03-10T03:00Z,IT_NORD,87.11
2024-03-10T04:00Z,IT_NORD,85.22
2024-03-10T05:00Z,IT_NORD,87.79
2024-03-10T06:00Z,IT_NORD,85.55
2024-03-10T07:00Z,IT_NORD,81.91
2024-03-10T08:00Z,IT_NORD,78.95
2024-03-10T09:00Z,IT_NORD,79.28
2024-03-10T10:00Z,IT_NORD,82.1
2024-03-10T11:00Z,IT_NORD,81.0
2024-03-10T12:00Z,IT_NORD,79.7
2024-03-10T13:00Z,IT_NORD,79.89
2024-03-10T14:00Z,IT_NORD,81.16
2024-03-10T15:00Z,IT_NORD,84.42
2024-03-10T16:00Z,IT_NORD,89.56
2024-03-10T17:00Z,IT_NORD,88.81
2024-03-10T18:00Z,IT_NORD,85.61
2024-03-10T19:00Z,IT_NORD,84.06
2024-03-10T20:00Z,IT_NORD,85.46
2024-03-10T21:00Z,IT_NORD,87.49
2024-03-10T22:00Z,IT_NORD,85.3
2024-03-10T23:00Z,IT_NORD,83.96
2024-03-11T00:00Z,IT_NORD,81.1
2024-03-11T01:00Z,IT_NORD,75.47
2024-03-11T02:00Z,IT_NORD,75.38
2024-03-11T03:00Z,IT_NORD,73.06
2024-03-11T04:00Z,IT_NORD,77.42
2024-03-11T05:00Z,IT_NORD,82.79
2024-03-11T06:00Z,IT_NORD,82.2
2024-03-11T07:00Z,IT_NORD,72.57
2024-03-11T08:00Z,IT_NORD,74.28
2024-03-11T09:00Z,IT_NORD,73.96
2024-03-11T10:00Z,IT_NORD,71.73
2024-03-11T11:00Z,IT_NORD,72.81
2024-03-11T12:00Z,IT_NORD,74.67
2024-03-11T13:00Z,IT_NORD,75.76
2024-03-11T14:00Z,IT_NORD,74.16
2024-03-11T15:00Z,IT_NORD,76.11
2024-03-11T16:00Z,IT_NORD,81.57
2024-03-11T17:00Z,IT_NORD,79.72
2024-03-11T18:00Z,IT_NORD,79.45
2024-03-11T19:00Z,IT_NORD,78.03
2024-03-11T20:00Z,IT_NORD,77.43
2024-03-11T21:00Z,IT_NORD,75.6
2024-03-11T22:00Z,IT_NORD,77.11
2024-03-11T23:00Z,IT_NORD,84.96
2024-03-12T00:00Z,IT_NORD,84.51
2024-03-12T01:00Z,IT_NORD,85.5
2024-03-12T02:00Z,IT_NORD,84.3
2024-03-12T03:00Z,IT_NORD,84.69
2024-03-12T04:00Z,IT_NORD,87.37
2024-03-12T05:00Z,IT_NORD,93.19
2024-03-12T06:00Z,IT_NORD,88.87
2024-03-12T07:00Z,IT_NORD,82.7
2024-03-12T08:00Z,IT_NORD,87.18
2024-03-12T09:00Z,IT_NORD,84.46
2024-03-12T10:00Z,IT_NORD,85.44
2024-03-12T11:00Z,IT_NORD,81.22
2024-03-12T12:00Z,IT_NORD,79.05
2024-03-12T13:00Z,IT_NORD,75.1
2024-03-12T14:00Z,IT_NORD,77.77
2024-03-12T15:00Z,IT_NORD,83.74
2024-03-12T16:00Z,IT_NORD,86.47
2024-03-12T17:00Z,IT_NORD,87.47
2024-03-12T18:00Z,IT_NORD,86.95
2024-03-12T19:00Z,IT_NORD,85.22
2024-03-12T20:00Z,IT_NORD,83.56
2024-03-12T21:00Z,IT_NORD,83.34
2024-03-12T22:00Z,IT_NORD,82.07
2024-03-12T23:00Z,IT_NORD,82.57
2024-03-13T00:00Z,IT_NORD,81.29
2024-03-13T01:00Z,IT_NORD,80.0
2024-03-13T02:00Z,IT_NORD,80.24
2024-03-13T03:00Z,IT_NORD,81.71
2024-03-13T04:00Z,IT_NORD,90.53
2024-03-13T05:00Z,IT_NORD,90.61
2024-03-13T06:00Z,IT_NORD,92.27
2024-03-13T07:00Z,IT_NORD,90.66
2024-03-13T08:00Z,IT_NORD,88.51
2024-03-13T09:00Z,IT_NORD,84.75
2024-03-13T10:00Z,IT_NORD,84.73
2024-03-13T11:00Z,IT_NORD,82.26
2024-03-13T12:00Z,IT_NORD,78.72
2024-03-13T13:00Z,IT_NORD,80.44
2024-03-13T14:00Z,IT_NORD,88.31
2024-03-13T15:00Z,IT_NORD,89.54
2024-03-13T16:00Z,IT_NORD,94.36
2024-03-13T17:00Z,IT_NORD,87.86
2024-03-13T18:00Z,IT_NORD,84.62
2024-03-13T19:00Z,IT_NORD,80.01
2024-03-13T20:00Z,IT_NORD,80.41
2024-03-13T21:00Z,IT_NORD,86.74
2024-03-13T22:00Z,IT_NORD,85.15
2024-03-13T23:00Z,IT_NORD,82.92
2024-03-14T00:00Z,IT_NORD,84.38
2024-03-14T01:00Z,IT_NORD,82.44
2024-03-14T02:00Z,IT_NORD,83.08
2024-03-14T03:00Z,IT_NORD,82.79
2024-03-14T04:00Z,IT_NORD,91.17
2024-03-14T05:00Z,IT_NORD,93.56
2024-03-14T06:00Z,IT_NORD,91.51
2024-03-14T07:00Z,IT_NORD,89.59
2024-03-14T08:00Z,IT_NORD,86.33
2024-03-14T09:00Z,IT_NORD,85.14
2024-03-14T10:00Z,IT_NORD,84.26
2024-03-14T11:00Z,IT_NORD,84.09
2024-03-14T12:00Z,IT_NORD,79.18
2024-03-14T13:00Z,IT_NORD,81.31
2024-03-14T14:00Z,IT_NORD,88.2
2024-03-14T15:00Z,IT_NORD,88.9
2024-03-14T16:00Z,IT_NORD,88.93
2024-03-14T17:00Z,IT_NORD,83.78
2024-03-14T18:00Z,IT_NORD,81.06
2024-03-14T19:00Z,IT_NORD,82.17
2024-03-14T20:00Z,IT_NORD,83.66
2024-03-14T21:00Z,IT_NORD,81.54
2024-03-14T22:00Z,IT_NORD,77.11
2024-03-14T23:00Z,IT_NORD,81.85
2024-03-15T00:00Z,IT_NORD,82.32
2024-03-15T01:00Z,IT_NORD,85.8
2024-03-15T02:00Z,IT_NORD,85.37
2024-03-15T03:00Z,IT_NORD,86.32
2024-03-15T04:00Z,IT_NORD,91.04
2024-03-15T05:00Z,IT_NORD,94.88
2024-03-15T06:00Z,IT_NORD,90.04
2024-03-15T07:00Z,IT_NORD,89.5
2024-03-15T08:00Z,IT_NORD,88.95
2024-03-15T09:00Z,IT_NORD,90.71
2024-03-15T10:00Z,IT_NORD,89.3
2024-03-15T11:00Z,IT_NORD,92.4
2024-03-15T12:00Z,IT_NORD,93.35
2024-03-15T13:00Z,IT_NORD,92.91
2024-03-15T14:00Z,IT_NORD,87.03
2024-03-15T15:00Z,IT_NORD,94.55
2024-03-15T16:00Z,IT_NORD,102.48
2024-03-15T17:00Z,IT_NORD,97.68
2024-03-15T18:00Z,IT_NORD,89.4
2024-03-15T19:00Z,IT_NORD,95.18
2024-03-15T20:00Z,IT_NORD,93.49
2024-03-15T21:00Z,IT_NORD,89.35
2024-03-15T22:00Z,IT_NORD,88.57
2024-03-15T23:00Z,IT_NORD,76.2
2024-03-16T00:00Z,IT_NORD,78.71
2024-03-16T01:00Z,IT_NORD,30.69
2024-03-16T02:00Z,IT_NORD,40.65
2024-03-16T03:00Z,IT_NORD,76.45
2024-03-16T04:00Z,IT_NORD,43.14
2024-03-16T05:00Z,IT_NORD,82.55
2024-03-16T06:00Z,IT_NORD,78.51
2024-03-16T07:00Z,IT_NORD,76.95
2024-03-16T08:00Z,IT_NORD,73.66
2024-03-16T09:00Z,IT_NORD,75.77
2024-03-16T10:00Z,IT_NORD,61.83
2024-03-16T11:00Z,IT_NORD,76.34
2024-03-16T12:00Z,IT_NORD,79.3
2024-03-16T13:00Z,IT_NORD,78.79
2024-03-16T14:00Z,IT_NORD,78.99
2024-03-16T15:00Z,IT_NORD,81.38
2024-03-16T16:00Z,IT_NORD,83.86
2024-03-16T17:00Z,IT_NORD,84.51
2024-03-16T18:00Z,IT_NORD,79.73
2024-03-16T19:00Z,IT_NORD,79.06
2024-03-16T20:00Z,IT_NORD,75.79
2024-03-16T21:00Z,IT_NORD,79.37
2024-03-16T22:00Z,IT_NORD,79.37
2024-03-16T23:00Z,IT_NORD,3.59
2024-03-17T00:00Z,IT_NORD,5.69
2024-03-17T01:00Z,IT_NORD,11.86
2024-03-17T02:00Z,IT_NORD,4.32
2024-03-17T03:00Z,IT_NORD,12.63
2024-03-17T04:00Z,IT_NORD,78.17
2024-03-17T05:00Z,IT_NORD,91.64
2024-03-17T06:00Z,IT_NORD,85.8
2024-03-17T07:00Z,IT_NORD,84.05
2024-03-17T08:00Z,IT_NORD,81.64
2024-03-17T09:00Z,IT_NORD,18.47
2024-03-17T10:00Z,IT_NORD,14.54
2024-03-17T11:00Z,IT_NORD,7.84
2024-03-17T12:00Z,IT_NORD,10.1
2024-03-17T13:00Z,IT_NORD,9.58
2024-03-17T14:00Z,IT_NORD,60.66
2024-03-17T15:00Z,IT_NORD,87.07
2024-03-17T16:00Z,IT_NORD,90.61
2024-03-17T17:00Z,IT_NORD,89.43
2024-03-17T18:00Z,IT_NORD,84.38
2024-03-17T19:00Z,IT_NORD,85.25
2024-03-17T20:00Z,IT_NORD,86.49
2024-03-17T21:00Z,IT_NORD,83.41
2024-03-17T22:00Z,IT_NORD,88.69
2024-03-17T23:00Z,IT_NORD,93.19
2024-03-18T00:00Z,IT_NORD,80.04
2024-03-18T01:00Z,IT_NORD,81.74
2024-03-18T02:00Z,IT_NORD,77.62
2024-03-18T03:00Z,IT_NORD,79.19
2024-03-18T04:00Z,IT_NORD,82.65
2024-03-18T05:00Z,IT_NORD,93.06
2024-03-18T06:00Z,IT_NORD,86.4
2024-03-18T07:00Z,IT_NORD,78.74
2024-03-18T08:00Z,IT_NORD,84.57
2024-03-18T09:00Z,IT_NORD,84.52
2024-03-18T10:00Z,IT_NORD,85.06
2024-03-18T11:00Z,IT_NORD,85.0
2024-03-18T12:00Z,IT_NORD,87.82
2024-03-18T13:00Z,IT_NORD,92.4
2024-03-18T14:00Z,IT_NORD,96.85
2024-03-18T15:00Z,IT_NORD,97.45
2024-03-18T16:00Z,IT_NORD,95.64
2024-03-18T17:00Z,IT_NORD,90.63
2024-03-18T18:00Z,IT_NORD,86.86
2024-03-18T19:00Z,IT_NORD,85.61
2024-03-18T20:00Z,IT_NORD,86.41
2024-03-18T21:00Z,IT_NORD,87.63
2024-03-18T22:00Z,IT_NORD,89.86
2024-03-18T23:00Z,IT_NORD,73.34
2024-03-19T00:00Z,IT_NORD,76.02
2024-03-19T01:00Z,IT_NORD,72.73
2024-03-19T02:00Z,IT_NORD,71.83
2024-03-19T03:00Z,IT_NORD,73.12
2024-03-19T04:00Z,IT_NORD,77.39
2024-03-19T05:00Z,IT_NORD,85.35
2024-03-19T06:00Z,IT_NORD,78.86
2024-03-19T07:00Z,IT_NORD,74.37
2024-03-19T08:00Z,IT_NORD,76.23
2024-03-19T09:00Z,IT_NORD,80.94
2024-03-19T10:00Z,IT_NORD,86.91
2024-03-19T11:00Z,IT_NORD,86.14
2024-03-19T12:00Z,IT_NORD,83.74
2024-03-19T13:00Z,IT_NORD,83.7
2024-03-19T14:00Z,IT_NORD,86.76
2024-03-19T15:00Z,IT_NORD,86.08
2024-03-19T16:00Z,IT_NORD,90.4
2024-03-19T17:00Z,IT_NORD,89.18
2024-03-19T18:00Z,IT_NORD,78.81
2024-03-19T19:00Z,IT_NORD,78.3
2024-03-19T20:00Z,IT_NORD,82.0
2024-03-19T21:00Z,IT_NORD,83.63
2024-03-19T22:00Z,IT_NORD,80.59
2024-03-19T23:00Z,IT_NORD,70.17
2024-03-20T00:00Z,IT_NORD,70.09
2024-03-20T01:00Z,IT_NORD,73.67
2024-03-20T02:00Z,IT_NORD,74.46
2024-03-20T03:00Z,IT_NORD,72.98
2024-03-20T04:00Z,IT_NORD,81.8
2024-03-20T05:00Z,IT_NORD,82.81
2024-03-20T06:00Z,IT_NORD,76.15
2024-03-20T07:00Z,IT_NORD,75.59
2024-03-20T08:00Z,IT_NORD,70.5
2024-03-20T09:00Z,IT_NORD,71.66
2024-03-20T10:00Z,IT_NORD,68.98
2024-03-20T11:00Z,IT_NORD,69.14
2024-03-20T12:00Z,IT_NORD,69.94
2024-03-20T13:00Z,IT_NORD,77.94
2024-03-20T14:00Z,IT_NORD,78.1
2024-03-20T15:00Z,IT_NORD,86.39
2024-03-20T16:00Z,IT_NORD,85.35
2024-03-20T17:00Z,IT_NORD,85.0
2024-03-20T18:00Z,IT_NORD,78.17
2024-03-20T19:00Z,IT_NORD,77.32
2024-03-20T20:00Z,IT_NORD,80.25
2024-03-20T21:00Z,IT_NORD,75.58
2024-03-20T22:00Z,IT_NORD,72.03
2024-03-20T23:00Z,IT_NORD,68.8
2024-03-21T00:00Z,IT_NORD,72.15
2024-03-21T01:00Z,IT_NORD,71.83
2024-03-21T02:00Z,IT_NORD,69.16
2024-03-21T03:00Z,IT_NORD,71.38
2024-03-21T04:00Z,IT_NORD,73.52
2024-03-21T05:00Z,IT_NORD,77.66
2024-03-21T06:00Z,IT_NORD,72.67
2024-03-21T07:00Z,IT_NORD,67.16
2024-03-21T08:00Z,IT_NORD,64.1
2024-03-21T09:00Z,IT_NORD,63.53
2024-03-21T10:00Z,IT_NORD,66.28
2024-03-21T11:00Z,IT_NORD,63.21
2024-03-21T12:00Z,IT_NORD,67.61
2024-03-21T13:00Z,IT_NORD,62.6
2024-03-21T14:00Z,IT_NORD,67.32
2024-03-21T15:00Z,IT_NORD,68.77
2024-03-21T16:00Z,IT_NORD,70.83
2024-03-21T17:00Z,IT_NORD,70.49
2024-03-21T18:00Z,IT_NORD,69.87
2024-03-21T19:00Z,IT_NORD,69.55
2024-03-21T20:00Z,IT_NORD,64.26
2024-03-21T21:00Z,IT_NORD,64.46
2024-03-21T22:00Z,IT_NORD,67.94
2024-03-21T23:00Z,IT_NORD,77.97
2024-03-22T00:00Z,IT_NORD,78.81
2024-03-22T01:00Z,IT_NORD,79.57
2024-03-22T02:00Z,IT_NORD,78.25
2024-03-22T03:00Z,IT_NORD,80.43
2024-03-22T04:00Z,IT_NORD,81.7
2024-03-22T05:00Z,IT_NORD,88.83
2024-03-22T06:00Z,IT_NORD,84.51
2024-03-22T07:00Z,IT_NORD,82.09
2024-03-22T08:00Z,IT_NORD,84.36
2024-03-22T09:00Z,IT_NORD,86.12
2024-03-22T10:00Z,IT_NORD,86.6
2024-03-22T11:00Z,IT_NORD,83.86
2024-03-22T12:00Z,IT_NORD,78.6
2024-03-22T13:00Z,IT_NORD,76.25
2024-03-22T14:00Z,IT_NORD,83.07
2024-03-22T15:00Z,IT_NORD,86.65
2024-03-22T16:00Z,IT_NORD,92.35
2024-03-22T17:00Z,IT_NORD,90.86
2024-03-22T18:00Z,IT_NORD,84.15
2024-03-22T19:00Z,IT_NORD,81.98
2024-03-22T20:00Z,IT_NORD,80.87
2024-03-22T21:00Z,IT_NORD,80.82
2024-03-22T22:00Z,IT_NORD,84.37
2024-03-22T23:00Z,IT_NORD,85.15
2024-03-23T00:00Z,IT_NORD,88.61
2024-03-23T01:00Z,IT_NORD,83.88
2024-03-23T02:00Z,IT_NORD,82.9
2024-03-23T03:00Z,IT_NORD,80.51
2024-03-23T04:00Z,IT_NORD,83.6
2024-03-23T05:00Z,IT_NORD,83.89
2024-03-23T06:00Z,IT_NORD,80.72
2024-03-23T07:00Z,IT_NORD,81.95
2024-03-23T08:00Z,IT_NORD,80.86
2024-03-23T09:00Z,IT_NORD,80.44
2024-03-23T10:00Z,IT_NORD,80.21
2024-03-23T11:00Z,IT_NORD,81.24
2024-03-23T12:00Z,IT_NORD,81.67
2024-03-23T13:00Z,IT_NORD,83.96
2024-03-23T14:00Z,IT_NORD,85.57
2024-03-23T15:00Z,IT_NORD,90.54
2024-03-23T16:00Z,IT_NORD,96.57
2024-03-23T17:00Z,IT_NORD,91.29
2024-03-23T18:00Z,IT_NORD,83.57
2024-03-23T19:00Z,IT_NORD,86.12
2024-03-23T20:00Z,IT_NORD,85.69
2024-03-23T21:00Z,IT_NORD,83.57
2024-03-23T22:00Z,IT_NORD,83.48
2024-03-23T23:00Z,IT_NORD,81.21
2024-03-24T00:00Z,IT_NORD,81.44
2024-03-24T01:00Z,IT_NORD,77.13
2024-03-24T02:00Z,IT_NORD,76.12
2024-03-24T03:00Z,IT_NORD,79.02
2024-03-24T04:00Z,IT_NORD,78.4
2024-03-24T05:00Z,IT_NORD,83.05
2024-03-24T06:00Z,IT_NORD,78.97
2024-03-24T07:00Z,IT_NORD,81.05
2024-03-24T08:00Z,IT_NORD,78.85
2024-03-24T09:00Z,IT_NORD,75.07
2024-03-24T10:00Z,IT_NORD,76.15
2024-03-24T11:00Z,IT_NORD,75.54
2024-03-24T12:00Z,IT_NORD,81.17
2024-03-24T13:00Z,IT_NORD,83.92
2024-03-24T14:00Z,IT_NORD,85.51
2024-03-24T15:00Z,IT_NORD,80.74
2024-03-24T16:00Z,IT_NORD,86.69
2024-03-24T17:00Z,IT_NORD,77.1
2024-03-24T18:00Z,IT_NORD,72.45
2024-03-24T19:00Z,IT_NORD,73.41
2024-03-24T20:00Z,IT_NORD,73.59
2024-03-24T21:00Z,IT_NORD,73.66
2024-03-24T22:00Z,IT_NORD,78.14
2024-03-24T23:00Z,IT_NORD,84.46
2024-03-25T00:00Z,IT_NORD,76.7
2024-03-25T01:00Z,IT_NORD,80.39
2024-03-25T02:00Z,IT_NORD,82.76
2024-03-25T03:00Z,IT_NORD,82.98
2024-03-25T04:00Z,IT_NORD,88.14
2024-03-25T05:00Z,IT_NORD,87.83
2024-03-25T06:00Z,IT_NORD,81.4
2024-03-25T07:00Z,IT_NORD,76.19
2024-03-25T08:00Z,IT_NORD,77.24
2024-03-25T09:00Z,IT_NORD,77.29
2024-03-25T10:00Z,IT_NORD,77.74
2024-03-25T11:00Z,IT_NORD,83.04
2024-03-25T12:00Z,IT_NORD,76.27
2024-03-25T13:00Z,IT_NORD,73.99
2024-03-25T14:00Z,IT_NORD,79.05
2024-03-25T15:00Z,IT_NORD,85.54
2024-03-25T16:00Z,IT_NORD,88.6
2024-03-25T17:00Z,IT_NORD,85.24
2024-03-25T18:00Z,IT_NORD,79.41
2024-03-25T19:00Z,IT_NORD,80.68
2024-03-25T20:00Z,IT_NORD,77.11
2024-03-25T21:00Z,IT_NORD,77.06
2024-03-25T22:00Z,IT_NORD,72.66
2024-03-25T23:00Z,IT_NORD,75.4
2024-03-26T00:00Z,IT_NORD,79.64
2024-03-26T01:00Z,IT_NORD,77.13
2024-03-26T02:00Z,IT_NORD,78.15
2024-03-26T03:00Z,IT_NORD,82.87
2024-03-26T04:00Z,IT_NORD,82.87
2024-03-26T05:00Z,IT_NORD,87.64
2024-03-26T06:00Z,IT_NORD,82.66
2024-03-26T07:00Z,IT_NORD,79.56
2024-03-26T08:00Z,IT_NORD,77.05
2024-03-26T09:00Z,IT_NORD,80.79
2024-03-26T10:00Z,IT_NORD,82.13
2024-03-26T11:00Z,IT_NORD,83.52
2024-03-26T12:00Z,IT_NORD,85.55
2024-03-26T13:00Z,IT_NORD,80.41
2024-03-26T14:00Z,IT_NORD,84.14
2024-03-26T15:00Z,IT_NORD,86.5
2024-03-26T16:00Z,IT_NORD,84.44
2024-03-26T17:00Z,IT_NORD,77.35
2024-03-26T18:00Z,IT_NORD,74.14
2024-03-26T19:00Z,IT_NORD,73.03
2024-03-26T20:00Z,IT_NORD,70.18
2024-03-26T21:00Z,IT_NORD,75.18
2024-03-26T22:00Z,IT_NORD,72.55
2024-03-26T23:00Z,IT_NORD,66.55
2024-03-27T00:00Z,IT_NORD,65.29
2024-03-27T01:00Z,IT_NORD,66.25
2024-03-27T02:00Z,IT_NORD,65.68
2024-03-27T03:00Z,IT_NORD,66.25
2024-03-27T04:00Z,IT_NORD,69.22
2024-03-27T05:00Z,IT_NORD,73.5
2024-03-27T06:00Z,IT_NORD,70.25
2024-03-27T07:00Z,IT_NORD,63.75
2024-03-27T08:00Z,IT_NORD,63.74
2024-03-27T09:00Z,IT_NORD,67.85
2024-03-27T10:00Z,IT_NORD,63.45
2024-03-27T11:00Z,IT_NORD,67.46
2024-03-27T12:00Z,IT_NORD,71.73
2024-03-27T13:00Z,IT_NORD,77.34
2024-03-27T14:00Z,IT_NORD,76.87
2024-03-27T15:00Z,IT_NORD,80.32
2024-03-27T16:00Z,IT_NORD,86.36
2024-03-27T17:00Z,IT_NORD,79.0
2024-03-27T18:00Z,IT_NORD,74.14
2024-03-27T19:00Z,IT_NORD,65.71
2024-03-27T20:00Z,IT_NORD,70.48
2024-03-27T21:00Z,IT_NORD,66.8
2024-03-27T22:00Z,IT_NORD,65.83
2024-03-27T23:00Z,IT_NORD,81.36
2024-03-28T00:00Z,IT_NORD,84.51
2024-03-28T01:00Z,IT_NORD,80.37
2024-03-28T02:00Z,IT_NORD,84.11
2024-03-28T03:00Z,IT_NORD,79.86
2024-03-28T04:00Z,IT_NORD,84.54
2024-03-28T05:00Z,IT_NORD,87.49
2024-03-28T06:00Z,IT_NORD,86.86
2024-03-28T07:00Z,IT_NORD,80.46
2024-03-28T08:00Z,IT_NORD,79.87
2024-03-28T09:00Z,IT_NORD,79.17
2024-03-28T10:00Z,IT_NORD,81.16
2024-03-28T11:00Z,IT_NORD,81.72
2024-03-28T12:00Z,IT_NORD,81.27
2024-03-28T13:00Z,IT_NORD,82.56
2024-03-28T14:00Z,IT_NORD,83.38
2024-03-28T15:00Z,IT_NORD,84.58
2024-03-28T16:00Z,IT_NORD,86.96
2024-03-28T17:00Z,IT_NORD,86.6
2024-03-28T18:00Z,IT_NORD,77.64
2024-03-28T19:00Z,IT_NORD,76.64
2024-03-28T20:00Z,IT_NORD,75.31
2024-03-28T21:00Z,IT_NORD,70.62
2024-03-28T22:00Z,IT_NORD,77.92
2024-03-28T23:00Z,IT_NORD,75.07
2024-03-29T00:00Z,IT_NORD,74.39
2024-03-29T01:00Z,IT_NORD,70.01
2024-03-29T02:00Z,IT_NORD,71.9
2024-03-29T03:00Z,IT_NORD,72.89
2024-03-29T04:00Z,IT_NORD,75.71
2024-03-29T05:00Z,IT_NORD,81.24
2024-03-29T06:00Z,IT_NORD,82.59
2024-03-29T07:00Z,IT_NORD,82.33
2024-03-29T08:00Z,IT_NORD,83.97
2024-03-29T09:00Z,IT_NORD,86.51
2024-03-29T10:00Z,IT_NORD,81.17
2024-03-29T11:00Z,IT_NORD,81.07
2024-03-29T12:00Z,IT_NORD,76.25
2024-03-29T13:00Z,IT_NORD,76.01
2024-03-29T14:00Z,IT_NORD,75.01
2024-03-29T15:00Z,IT_NORD,81.62
2024-03-29T16:00Z,IT_NORD,83.46
2024-03-29T17:00Z,IT_NORD,81.71
2024-03-29T18:00Z,IT_NORD,81.24
2024-03-29T19:00Z,IT_NORD,84.76
2024-03-29T20:00Z,IT_NORD,87.62
2024-03-29T21:00Z,IT_NORD,83.13
2024-03-29T22:00Z,IT_NORD,82.53
2024-03-29T23:00Z,IT_NORD,70.85
2024-03-30T00:00Z,IT_NORD,69.76
2024-03-30T01:00Z,IT_NORD,71.44
2024-03-30T02:00Z,IT_NORD,75.12
2024-03-30T03:00Z,IT_NORD,74.18
2024-03-30T04:00Z,IT_NORD,69.85
2024-03-30T05:00Z,IT_NORD,73.3
2024-03-30T06:00Z,IT_NORD,70.92
2024-03-30T07:00Z,IT_NORD,70.68
2024-03-30T08:00Z,IT_NORD,70.3
2024-03-30T09:00Z,IT_NORD,70.2
2024-03-30T10:00Z,IT_NORD,67.31
2024-03-30T11:00Z,IT_NORD,66.86
2024-03-30T12:00Z,IT_NORD,72.76
2024-03-30T13:00Z,IT_NORD,79.55
2024-03-30T14:00Z,IT_NORD,75.92
2024-03-30T15:00Z,IT_NORD,77.16
2024-03-30T16:00Z,IT_NORD,82.06
2024-03-30T17:00Z,IT_NORD,74.84
2024-03-30T18:00Z,IT_NORD,69.1
2024-03-30T19:00Z,IT_NORD,71.76
2024-03-30T20:00Z,IT_NORD,68.99
2024-03-30T21:00Z,IT_NORD,68.17
2024-03-30T22:00Z,IT_NORD,63.69
2024-03-30T23:00Z,IT_NORD,80.56
2024-03-31T00:00Z,IT_NORD,80.3
2024-03-31T01:00Z,IT_NORD,79.09
2024-03-31T02:00Z,IT_NORD,79.98
2024-03-31T03:00Z,IT_NORD,85.1
2024-03-31T04:00Z,IT_NORD,82.29
2024-03-31T05:00Z,IT_NORD,83.11
2024-03-31T06:00Z,IT_NORD,80.67
2024-03-31T07:00Z,IT_NORD,80.16
2024-03-31T08:00Z,IT_NORD,77.16
2024-03-31T09:00Z,IT_NORD,5.87
2024-03-31T10:00Z,IT_NORD,14.28
2024-03-31T11:00Z,IT_NORD,9.19
2024-03-31T12:00Z,IT_NORD,9.21
2024-03-31T13:00Z,IT_NORD,85.16
2024-03-31T14:00Z,IT_NORD,89.03
2024-03-31T15:00Z,IT_NORD,92.66
2024-03-31T16:00Z,IT_NORD,92.28
2024-03-31T17:00Z,IT_NORD,90.88
2024-03-31T18:00Z,IT_NORD,87.37
2024-03-31T19:00Z,IT_NORD,88.77
2024-03-31T20:00Z,IT_NORD,92.56
2024-03-31T21:00Z,IT_NORD,95.13
2024-03-31T22:00Z,IT_NORD,101.35
2024-03-31T23:00Z,IT_NORD,86.63
2024-04-01T00:00Z,IT_NORD,5.49
2024-04-01T01:00Z,IT_NORD,14.7
2024-04-01T02:00Z,IT_NORD,62.99
2024-04-01T03:00Z,IT_NORD,96.12
2024-04-01T04:00Z,IT_NORD,98.77
2024-04-01T05:00Z,IT_NORD,101.23
2024-04-01T06:00Z,IT_NORD,91.95
2024-04-01T07:00Z,IT_NORD,95.58
2024-04-01T08:00Z,IT_NORD,96.09
2024-04-01T09:00Z,IT_NORD,12.12
2024-04-01T10:00Z,IT_NORD,13.0
2024-04-01T11:00Z,IT_NORD,17.39
2024-04-01T12:00Z,IT_NORD,4.82
2024-04-01T13:00Z,IT_NORD,7.58
2024-04-01T14:00Z,IT_NORD,99.83
2024-04-01T15:00Z,IT_NORD,100.33
2024-04-01T16:00Z,IT_NORD,99.19
2024-04-01T17:00Z,IT_NORD,95.26
2024-04-01T18:00Z,IT_NORD,92.05
2024-04-01T19:00Z,IT_NORD,91.56
2024-04-01T20:00Z,IT_NORD,89.62
2024-04-01T21:00Z,IT_NORD,84.01
2024-04-01T22:00Z,IT_NORD,80.63
2024-04-01T23:00Z,IT_NORD,76.45
2024-04-02T00:00Z,IT_NORD,76.85
2024-04-02T01:00Z,IT_NORD,82.62
2024-04-02T02:00Z,IT_NORD,35.12
2024-04-02T03:00Z,IT_NORD,78.9
2024-04-02T04:00Z,IT_NORD,83.86
2024-04-02T05:00Z,IT_NORD,79.9
2024-04-02T06:00Z,IT_NORD,77.88
2024-04-02T07:00Z,IT_NORD,77.41
2024-04-02T08:00Z,IT_NORD,74.52
2024-04-02T09:00Z,IT_NORD,75.52
2024-04-02T10:00Z,IT_NORD,72.11
2024-04-02T11:00Z,IT_NORD,72.32
2024-04-02T12:00Z,IT_NORD,77.7
2024-04-02T13:00Z,IT_NORD,78.87
2024-04-02T14:00Z,IT_NORD,82.35
2024-04-02T15:00Z,IT_NORD,87.91
2024-04-02T16:00Z,IT_NORD,83.71
2024-04-02T17:00Z,IT_NORD,84.52
2024-04-02T18:00Z,IT_NORD,85.18
2024-04-02T19:00Z,IT_NORD,82.84
2024-04-02T20:00Z,IT_NORD,83.47
2024-04-02T21:00Z,IT_NORD,81.8
2024-04-02T22:00Z,IT_NORD,91.5
2024-04-02T23:00Z,IT_NORD,90.33
2024-04-03T00:00Z,IT_NORD,83.89
2024-04-03T01:00Z,IT_NORD,83.35
2024-04-03T02:00Z,IT_NORD,89.55
2024-04-03T03:00Z,IT_NORD,95.99
2024-04-03T04:00Z,IT_NORD,100.27
2024-04-03T05:00Z,IT_NORD,97.95
2024-04-03T06:00Z,IT_NORD,94.81
2024-04-03T07:00Z,IT_NORD,92.74
2024-04-03T08:00Z,IT_NORD,92.04
2024-04-03T09:00Z,IT_NORD,91.89
2024-04-03T10:00Z,IT_NORD,90.41
2024-04-03T11:00Z,IT_NORD,90.7
2024-04-03T12:00Z,IT_NORD,94.96
2024-04-03T13:00Z,IT_NORD,99.2
2024-04-03T14:00Z,IT_NORD,99.3
2024-04-03T15:00Z,IT_NORD,101.84
2024-04-03T16:00Z,IT_NORD,105.51
2024-04-03T17:00Z,IT_NORD,104.28
2024-04-03T18:00Z,IT_NORD,97.66
2024-04-03T19:00Z,IT_NORD,96.2
2024-04-03T20:00Z,IT_NORD,94.62
2024-04-03T21:00Z,IT_NORD,88.04
2024-04-03T22:00Z,IT_NORD,84.07
2024-04-03T23:00Z,IT_NORD,81.1
2024-04-04T00:00Z,IT_NORD,78.88
2024-04-04T01:00Z,IT_NORD,82.71
2024-04-04T02:00Z,IT_NORD,83.98
2024-04-04T03:00Z,IT_NORD,86.99
2024-04-04T04:00Z,IT_NORD,93.7
2024-04-04T05:00Z,IT_NORD,97.76
2024-04-04T06:00Z,IT_NORD,89.14
2024-04-04T07:00Z,IT_NORD,88.02
2024-04-04T08:00Z,IT_NORD,88.71
2024-04-04T09:00Z,IT_NORD,84.31
2024-04-04T10:00Z,IT_NORD,86.75
2024-04-04T11:00Z,IT_NORD,85.12
2024-04-04T12:00Z,IT_NORD,85.76
2024-04-04T13:00Z,IT_NORD,88.37
2024-04-04T14:00Z,IT_NORD,97.86
2024-04-04T15:00Z,IT_NORD,101.65
2024-04-04T16:00Z,IT_NORD,96.18
2024-04-04T17:00Z,IT_NORD,96.14
2024-04-04T18:00Z,IT_NORD,93.45
2024-04-04T19:00Z,IT_NORD,89.41
2024-04-04T20:00Z,IT_NORD,86.3
2024-04-04T21:00Z,IT_NORD,90.17
2024-04-04T22:00Z,IT_NORD,92.0
2024-04-04T23:00Z,IT_NORD,92.1
2024-04-05T00:00Z,IT_NORD,87.03
2024-04-05T01:00Z,IT_NORD,86.7
2024-04-05T02:00Z,IT_NORD,85.9
2024-04-05T03:00Z,IT_NORD,90.17
2024-04-05T04:00Z,IT_NORD,90.6
2024-04-05T05:00Z,IT_NORD,93.62
2024-04-05T06:00Z,IT_NORD,92.71
2024-04-05T07:00Z,IT_NORD,93.47
2024-04-05T08:00Z,IT_NORD,93.26
2024-04-05T09:00Z,IT_NORD,91.1
2024-04-05T10:00Z,IT_NORD,85.9
2024-04-05T11:00Z,IT_NORD,87.37
2024-04-05T12:00Z,IT_NORD,88.67
2024-04-05T13:00Z,IT_NORD,96.32
2024-04-05T14:00Z,IT_NORD,96.73
2024-04-05T15:00Z,IT_NORD,98.53
2024-04-05T16:00Z,IT_NORD,93.52
2024-04-05T17:00Z,IT_NORD,94.36
2024-04-05T18:00Z,IT_NORD,91.05
2024-04-05T19:00Z,IT_NORD,90.64
2024-04-05T20:00Z,IT_NORD,89.53
2024-04-05T21:00Z,IT_NORD,91.24
2024-04-05T22:00Z,IT_NORD,87.74
2024-04-05T23:00Z,IT_NORD,86.44
2024-04-06T00:00Z,IT_NORD,88.85
2024-04-06T01:00Z,IT_NORD,91.03
2024-04-06T02:00Z,IT_NORD,92.63
2024-04-06T03:00Z,IT_NORD,94.5
2024-04-06T04:00Z,IT_NORD,95.69
2024-04-06T05:00Z,IT_NORD,92.6
2024-04-06T06:00Z,IT_NORD,94.65
2024-04-06T07:00Z,IT_NORD,93.17
2024-04-06T08:00Z,IT_NORD,95.78
2024-04-06T09:00Z,IT_NORD,98.33
2024-04-06T10:00Z,IT_NORD,97.12
2024-04-06T11:00Z,IT_NORD,95.51
2024-04-06T12:00Z,IT_NORD,98.83
2024-04-06T13:00Z,IT_NORD,101.88
2024-04-06T14:00Z,IT_NORD,106.05
2024-04-06T15:00Z,IT_NORD,104.02
2024-04-06T16:00Z,IT_NORD,106.04
2024-04-06T17:00Z,IT_NORD,102.28
2024-04-06T18:00Z,IT_NORD,104.1
2024-04-06T19:00Z,IT_NORD,103.49
2024-04-06T20:00Z,IT_NORD,99.0
2024-04-06T21:00Z,IT_NORD,94.13
2024-04-06T22:00Z,IT_NORD,97.5
2024-04-06T23:00Z,IT_NORD,96.46
2024-04-07T00:00Z,IT_NORD,94.94
2024-04-07T01:00Z,IT_NORD,97.69
2024-04-07T02:00Z,IT_NORD,93.37
2024-04-07T03:00Z,IT_NORD,101.21
2024-04-07T04:00Z,IT_NORD,102.27
2024-04-07T05:00Z,IT_NORD,98.68
2024-04-07T06:00Z,IT_NORD,92.22
2024-04-07T07:00Z,IT_NORD,92.98
2024-04-07T08:00Z,IT_NORD,3.84
2024-04-07T09:00Z,IT_NORD,6.2
2024-04-07T10:00Z,IT_NORD,3.9
2024-04-07T11:00Z,IT_NORD,5.03
2024-04-07T12:00Z,IT_NORD,4.92
2024-04-07T13:00Z,IT_NORD,0.7
2024-04-07T14:00Z,IT_NORD,4.46
2024-04-07T15:00Z,IT_NORD,43.38
2024-04-07T16:00Z,IT_NORD,102.4
2024-04-07T17:00Z,IT_NORD,102.25
2024-04-07T18:00Z,IT_NORD,101.54
2024-04-07T19:00Z,IT_NORD,99.04
2024-04-07T20:00Z,IT_NORD,96.54
2024-04-07T21:00Z,IT_NORD,96.49
2024-04-07T22:00Z,IT_NORD,101.99
2024-04-07T23:00Z,IT_NORD,96.1
2024-04-08T00:00Z,IT_NORD,94.89
2024-04-08T01:00Z,IT_NORD,93.42
2024-04-08T02:00Z,IT_NORD,94.34
2024-04-08T03:00Z,IT_NORD,96.18
2024-04-08T04:00Z,IT_NORD,102.91
2024-04-08T05:00Z,IT_NORD,101.78
2024-04-08T06:00Z,IT_NORD,99.15
2024-04-08T07:00Z,IT_NORD,97.61
2024-04-08T08:00Z,IT_NORD,99.08
2024-04-08T09:00Z,IT_NORD,92.7
2024-04-08T10:00Z,IT_NORD,92.83
2024-04-08T11:00Z,IT_NORD,91.15
2024-04-08T12:00Z,IT_NORD,95.75
2024-04-08T13:00Z,IT_NORD,101.09
2024-04-08T14:00Z,IT_NORD,101.87
2024-04-08T15:00Z,IT_NORD,105.71
2024-04-08T16:00Z,IT_NORD,106.32
2024-04-08T17:00Z,IT_NORD,103.7
2024-04-08T18:00Z,IT_NORD,100.73
2024-04-08T19:00Z,IT_NORD,98.68
2024-04-08T20:00Z,IT_NORD,95.22
2024-04-08T21:00Z,IT_NORD,98.04
2024-04-08T22:00Z,IT_NORD,96.05
2024-04-08T23:00Z,IT_NORD,97.18
2024-04-09T00:00Z,IT_NORD,92.77
2024-04-09T01:00Z,IT_NORD,99.73
2024-04-09T02:00Z,IT_NORD,95.76
2024-04-09T03:00Z,IT_NORD,100.17
2024-04-09T04:00Z,IT_NORD,105.77
2024-04-09T05:00Z,IT_NORD,103.4
2024-04-09T06:00Z,IT_NORD,101.34
2024-04-09T07:00Z,IT_NORD,97.17
2024-04-09T08:00Z,IT_NORD,90.49
2024-04-09T09:00Z,IT_NORD,89.93
2024-04-09T10:00Z,IT_NORD,89.14
2024-04-09T11:00Z,IT_NORD,86.47
2024-04-09T12:00Z,IT_NORD,88.41
2024-04-09T13:00Z,IT_NORD,90.81
2024-04-09T14:00Z,IT_NORD,97.09
2024-04-09T15:00Z,IT_NORD,97.48
2024-04-09T16:00Z,IT_NORD,98.03
2024-04-09T17:00Z,IT_NORD,99.39
2024-04-09T18:00Z,IT_NORD,97.95
2024-04-09T19:00Z,IT_NORD,97.09
2024-04-09T20:00Z,IT_NORD,96.91
2024-04-09T21:00Z,IT_NORD,97.69
2024-04-09T22:00Z,IT_NORD,96.16
2024-04-09T23:00Z,IT_NORD,94.65
2024-04-10T00:00Z,IT_NORD,90.88
2024-04-10T01:00Z,IT_NORD,89.52
2024-04-10T02:00Z,IT_NORD,93.38
2024-04-10T03:00Z,IT_NORD,97.14
2024-04-10T04:00Z,IT_NORD,104.98
2024-04-10T05:00Z,IT_NORD,104.78
2024-04-10T06:00Z,IT_NORD,103.13
2024-04-10T07:00Z,IT_NORD,99.61
2024-04-10T08:00Z,IT_NORD,100.62
2024-04-10T09:00Z,IT_NORD,100.39
2024-04-10T10:00Z,IT_NORD,97.34
2024-04-10T11:00Z,IT_NORD,98.88
2024-04-10T12:00Z,IT_NORD,101.67
2024-04-10T13:00Z,IT_NORD,96.05
2024-04-10T14:00Z,IT_NORD,98.77
2024-04-10T15:00Z,IT_NORD,97.22
2024-04-10T16:00Z,IT_NORD,96.13
2024-04-10T17:00Z,IT_NORD,93.98
2024-04-10T18:00Z,IT_NORD,86.54
2024-04-10T19:00Z,IT_NORD,82.87
2024-04-10T20:00Z,IT_NORD,79.11
2024-04-10T21:00Z,IT_NORD,77.14
2024-04-10T22:00Z,IT_NORD,86.22
2024-04-10T23:00Z,IT_NORD,89.99
2024-04-11T00:00Z,IT_NORD,86.85
2024-04-11T01:00Z,IT_NORD,93.36
2024-04-11T02:00Z,IT_NORD,94.82
2024-04-11T03:00Z,IT_NORD,101.73
2024-04-11T04:00Z,IT_NORD,106.73
2024-04-11T05:00Z,IT_NORD,107.21
2024-04-11T06:00Z,IT_NORD,103.85
2024-04-11T07:00Z,IT_NORD,99.89
2024-04-11T08:00Z,IT_NORD,102.57
2024-04-11T09:00Z,IT_NORD,98.59
2024-04-11T10:00Z,IT_NORD,104.38
2024-04-11T11:00Z,IT_NORD,102.73
2024-04-11T12:00Z,IT_NORD,103.68
2024-04-11T13:00Z,IT_NORD,101.55
2024-04-11T14:00Z,IT_NORD,102.13
2024-04-11T15:00Z,IT_NORD,104.64
2024-04-11T16:00Z,IT_NORD,101.17
2024-04-11T17:00Z,IT_NORD,95.72
2024-04-11T18:00Z,IT_NORD,101.13
2024-04-11T19:00Z,IT_NORD,99.89
2024-04-11T20:00Z,IT_NORD,97.69
2024-04-11T21:00Z,IT_NORD,97.79
2024-04-11T22:00Z,IT_NORD,81.32
2024-04-11T23:00Z,IT_NORD,79.55
2024-04-12T00:00Z,IT_NORD,79.3
2024-04-12T01:00Z,IT_NORD,77.17
2024-04-12T02:00Z,IT_NORD,80.82
2024-04-12T03:00Z,IT_NORD,78.69
2024-04-12T04:00Z,IT_NORD,83.1
2024-04-12T05:00Z,IT_NORD,86.39
2024-04-12T06:00Z,IT_NORD,84.72
2024-04-12T07:00Z,IT_NORD,79.32
2024-04-12T08:00Z,IT_NORD,85.06
2024-04-12T09:00Z,IT_NORD,80.03
2024-04-12T10:00Z,IT_NORD,79.27
2024-04-12T11:00Z,IT_NORD,78.32
2024-04-12T12:00Z,IT_NORD,85.14
2024-04-12T13:00Z,IT_NORD,85.7
2024-04-12T14:00Z,IT_NORD,87.8
2024-04-12T15:00Z,IT_NORD,93.69
2024-04-12T16:00Z,IT_NORD,94.32
2024-04-12T17:00Z,IT_NORD,86.55
2024-04-12T18:00Z,IT_NORD,84.73
2024-04-12T19:00Z,IT_NORD,81.59
2024-04-12T20:00Z,IT_NORD,81.04
2024-04-12T21:00Z,IT_NORD,81.56
2024-04-12T22:00Z,IT_NORD,85.6
2024-04-12T23:00Z,IT_NORD,85.76
2024-04-13T00:00Z,IT_NORD,80.83
2024-04-13T01:00Z,IT_NORD,80.51
2024-04-13T02:00Z,IT_NORD,86.53
2024-04-13T03:00Z,IT_NORD,88.58
2024-04-13T04:00Z,IT_NORD,93.0
2024-04-13T05:00Z,IT_NORD,93.14
2024-04-13T06:00Z,IT_NORD,93.21
2024-04-13T07:00Z,IT_NORD,92.15
2024-04-13T08:00Z,IT_NORD,91.61
2024-04-13T09:00Z,IT_NORD,85.78
2024-04-13T10:00Z,IT_NORD,81.72
2024-04-13T11:00Z,IT_NORD,86.62
2024-04-13T12:00Z,IT_NORD,83.82
2024-04-13T13:00Z,IT_NORD,88.43
2024-04-13T14:00Z,IT_NORD,93.35
2024-04-13T15:00Z,IT_NORD,89.23
2024-04-13T16:00Z,IT_NORD,85.14
2024-04-13T17:00Z,IT_NORD,83.41
2024-04-13T18:00Z,IT_NORD,85.39
2024-04-13T19:00Z,IT_NORD,92.82
2024-04-13T20:00Z,IT_NORD,84.41
2024-04-13T21:00Z,IT_NORD,85.35
2024-04-13T22:00Z,IT_NORD,5.01
2024-04-13T23:00Z,IT_NORD,22.41
2024-04-14T00:00Z,IT_NORD,18.97
2024-04-14T01:00Z,IT_NORD,4.76
2024-04-14T02:00Z,IT_NORD,81.08
2024-04-14T03:00Z,IT_NORD,81.83
2024-04-14T04:00Z,IT_NORD,87.03
2024-04-14T05:00Z,IT_NORD,82.58
2024-04-14T06:00Z,IT_NORD,83.44
2024-04-14T07:00Z,IT_NORD,86.75
2024-04-14T08:00Z,IT_NORD,21.64
2024-04-14T09:00Z,IT_NORD,84.58
2024-04-14T10:00Z,IT_NORD,5.47
2024-04-14T11:00Z,IT_NORD,15.22
2024-04-14T12:00Z,IT_NORD,14.92
2024-04-14T13:00Z,IT_NORD,7.53
2024-04-14T14:00Z,IT_NORD,92.57
2024-04-14T15:00Z,IT_NORD,91.52
2024-04-14T16:00Z,IT_NORD,94.69
2024-04-14T17:00Z,IT_NORD,93.3
2024-04-14T18:00Z,IT_NORD,83.88
2024-04-14T19:00Z,IT_NORD,82.25
2024-04-14T20:00Z,IT_NORD,79.53
2024-04-14T21:00Z,IT_NORD,78.37
2024-04-14T22:00Z,IT_NORD,80.2
2024-04-14T23:00Z,IT_NORD,75.48
2024-04-15T00:00Z,IT_NORD,74.3
2024-04-15T01:00Z,IT_NORD,74.96
2024-04-15T02:00Z,IT_NORD,74.79
2024-04-15T03:00Z,IT_NORD,80.8
2024-04-15T04:00Z,IT_NORD,81.96
2024-04-15T05:00Z,IT_NORD,77.44
2024-04-15T06:00Z,IT_NORD,77.48
2024-04-15T07:00Z,IT_NORD,78.97
2024-04-15T08:00Z,IT_NORD,78.11
2024-04-15T09:00Z,IT_NORD,78.17
2024-04-15T10:00Z,IT_NORD,79.74
2024-04-15T11:00Z,IT_NORD,77.31
2024-04-15T12:00Z,IT_NORD,77.85
2024-04-15T13:00Z,IT_NORD,80.0
2024-04-15T14:00Z,IT_NORD,81.28
2024-04-15T15:00Z,IT_NORD,82.91
2024-04-15T16:00Z,IT_NORD,80.0
2024-04-15T17:00Z,IT_NORD,80.3
2024-04-15T18:00Z,IT_NORD,80.14
2024-04-15T19:00Z,IT_NORD,79.79
2024-04-15T20:00Z,IT_NORD,79.25
2024-04-15T21:00Z,IT_NORD,76.57
2024-04-15T22:00Z,IT_NORD,81.56
2024-04-15T23:00Z,IT_NORD,81.31
2024-04-16T00:00Z,IT_NORD,85.66
2024-04-16T01:00Z,IT_NORD,85.65
2024-04-16T02:00Z,IT_NORD,88.45
2024-04-16T03:00Z,IT_NORD,87.63
2024-04-16T04:00Z,IT_NORD,91.98
2024-04-16T05:00Z,IT_NORD,87.68
2024-04-16T06:00Z,IT_NORD,81.92
2024-04-16T07:00Z,IT_NORD,83.27
2024-04-16T08:00Z,IT_NORD,83.25
2024-04-16T09:00Z,IT_NORD,88.45
2024-04-16T10:00Z,IT_NORD,83.42
2024-04-16T11:00Z,IT_NORD,87.67
2024-04-16T12:00Z,IT_NORD,90.2
2024-04-16T13:00Z,IT_NORD,86.84
2024-04-16T14:00Z,IT_NORD,90.97
2024-04-16T15:00Z,IT_NORD,96.56
2024-04-16T16:00Z,IT_NORD,93.13
2024-04-16T17:00Z,IT_NORD,88.01
2024-04-16T18:00Z,IT_NORD,84.77
2024-04-16T19:00Z,IT_NORD,90.91
2024-04-16T20:00Z,IT_NORD,83.64
2024-04-16T21:00Z,IT_NORD,78.06
2024-04-16T22:00Z,IT_NORD,68.02
2024-04-16T23:00Z,IT_NORD,71.82
2024-04-17T00:00Z,IT_NORD,74.83
2024-04-17T01:00Z,IT_NORD,72.86
2024-04-17T02:00Z,IT_NORD,75.15
2024-04-17T03:00Z,IT_NORD,78.66
2024-04-17T04:00Z,IT_NORD,82.08
2024-04-17T05:00Z,IT_NORD,79.61
2024-04-17T06:00Z,IT_NORD,76.99
2024-04-17T07:00Z,IT_NORD,73.64
2024-04-17T08:00Z,IT_NORD,74.81
2024-04-17T09:00Z,IT_NORD,76.37
2024-04-17T10:00Z,IT_NORD,78.0
2024-04-17T11:00Z,IT_NORD,77.18
2024-04-17T12:00Z,IT_NORD,76.38
2024-04-17T13:00Z,IT_NORD,73.6
2024-04-17T14:00Z,IT_NORD,82.42
2024-04-17T15:00Z,IT_NORD,85.21
2024-04-17T16:00Z,IT_NORD,82.89
2024-04-17T17:00Z,IT_NORD,78.57
2024-04-17T18:00Z,IT_NORD,78.47
2024-04-17T19:00Z,IT_NORD,71.88
2024-04-17T20:00Z,IT_NORD,76.47
2024-04-17T21:00Z,IT_NORD,74.47
2024-04-17T22:00Z,IT_NORD,75.39
2024-04-17T23:00Z,IT_NORD,76.31
2024-04-18T00:00Z,IT_NORD,72.2
2024-04-18T01:00Z,IT_NORD,68.53
2024-04-18T02:00Z,IT_NORD,71.22
2024-04-18T03:00Z,IT_NORD,81.17
2024-04-18T04:00Z,IT_NORD,85.1
2024-04-18T05:00Z,IT_NORD,82.36
2024-04-18T06:00Z,IT_NORD,79.79
2024-04-18T07:00Z,IT_NORD,79.26
2024-04-18T08:00Z,IT_NORD,78.31
2024-04-18T09:00Z,IT_NORD,76.39
2024-04-18T10:00Z,IT_NORD,76.51
2024-04-18T11:00Z,IT_NORD,76.21
2024-04-18T12:00Z,IT_NORD,76.85
2024-04-18T13:00Z,IT_NORD,79.92
2024-04-18T14:00Z,IT_NORD,79.43
2024-04-18T15:00Z,IT_NORD,83.65
2024-04-18T16:00Z,IT_NORD,82.98
2024-04-18T17:00Z,IT_NORD,79.3
2024-04-18T18:00Z,IT_NORD,78.64
2024-04-18T19:00Z,IT_NORD,77.64
2024-04-18T20:00Z,IT_NORD,77.55
2024-04-18T21:00Z,IT_NORD,76.67
2024-04-18T22:00Z,IT_NORD,80.88
2024-04-18T23:00Z,IT_NORD,82.28
2024-04-19T00:00Z,IT_NORD,78.5
2024-04-19T01:00Z,IT_NORD,79.31
2024-04-19T02:00Z,IT_NORD,79.44
2024-04-19T03:00Z,IT_NORD,87.52
2024-04-19T04:00Z,IT_NORD,87.98
2024-04-19T05:00Z,IT_NORD,81.99
2024-04-19T06:00Z,IT_NORD,82.85
2024-04-19T07:00Z,IT_NORD,84.42
2024-04-19T08:00Z,IT_NORD,84.72
2024-04-19T09:00Z,IT_NORD,81.49
2024-04-19T10:00Z,IT_NORD,77.51
2024-04-19T11:00Z,IT_NORD,82.77
2024-04-19T12:00Z,IT_NORD,83.67
2024-04-19T13:00Z,IT_NORD,85.38
2024-04-19T14:00Z,IT_NORD,90.6
2024-04-19T15:00Z,IT_NORD,87.02
2024-04-19T16:00Z,IT_NORD,91.07
2024-04-19T17:00Z,IT_NORD,87.94
2024-04-19T18:00Z,IT_NORD,85.92
2024-04-19T19:00Z,IT_NORD,81.29
2024-04-19T20:00Z,IT_NORD,79.15
2024-04-19T21:00Z,IT_NORD,82.13
2024-04-19T22:00Z,IT_NORD,89.47
2024-04-19T23:00Z,IT_NORD,82.9
2024-04-20T00:00Z,IT_NORD,91.45
2024-04-20T01:00Z,IT_NORD,89.34
2024-04-20T02:00Z,IT_NORD,89.76
2024-04-20T03:00Z,IT_NORD,95.72
2024-04-20T04:00Z,IT_NORD,94.33
2024-04-20T05:00Z,IT_NORD,86.85
2024-04-20T06:00Z,IT_NORD,85.04
2024-04-20T07:00Z,IT_NORD,85.3
2024-04-20T08:00Z,IT_NORD,87.82
2024-04-20T09:00Z,IT_NORD,83.64
2024-04-20T10:00Z,IT_NORD,83.41
2024-04-20T11:00Z,IT_NORD,4.07
2024-04-20T12:00Z,IT_NORD,2.96
2024-04-20T13:00Z,IT_NORD,88.22
2024-04-20T14:00Z,IT_NORD,90.91
2024-04-20T15:00Z,IT_NORD,92.11
2024-04-20T16:00Z,IT_NORD,91.2
2024-04-20T17:00Z,IT_NORD,91.48
2024-04-20T18:00Z,IT_NORD,90.2
2024-04-20T19:00Z,IT_NORD,88.04
2024-04-20T20:00Z,IT_NORD,88.03
2024-04-20T21:00Z,IT_NORD,89.63
2024-04-20T22:00Z,IT_NORD,99.53
2024-04-20T23:00Z,IT_NORD,99.47
2024-04-21T00:00Z,IT_NORD,86.7
2024-04-21T01:00Z,IT_NORD,14.02
2024-04-21T02:00Z,IT_NORD,100.72
2024-04-21T03:00Z,IT_NORD,105.09
2024-04-21T04:00Z,IT_NORD,107.23
2024-04-21T05:00Z,IT_NORD,101.73
2024-04-21T06:00Z,IT_NORD,99.26
2024-04-21T07:00Z,IT_NORD,99.84
2024-04-21T08:00Z,IT_NORD,53.79
2024-04-21T09:00Z,IT_NORD,3.62
2024-04-21T10:00Z,IT_NORD,3.2
2024-04-21T11:00Z,IT_NORD,10.38
2024-04-21T12:00Z,IT_NORD,16.39
2024-04-21T13:00Z,IT_NORD,21.83
2024-04-21T14:00Z,IT_NORD,8.58
2024-04-21T15:00Z,IT_NORD,40.1
2024-04-21T16:00Z,IT_NORD,110.32
2024-04-21T17:00Z,IT_NORD,111.98
2024-04-21T18:00Z,IT_NORD,108.48
2024-04-21T19:00Z,IT_NORD,109.52
2024-04-21T20:00Z,IT_NORD,108.33
2024-04-21T21:00Z,IT_NORD,67.95
2024-04-21T22:00Z,IT_NORD,97.61
2024-04-21T23:00Z,IT_NORD,91.73
2024-04-22T00:00Z,IT_NORD,86.79
2024-04-22T01:00Z,IT_NORD,83.71
2024-04-22T02:00Z,IT_NORD,89.58
2024-04-22T03:00Z,IT_NORD,86.72
2024-04-22T04:00Z,IT_NORD,93.81
2024-04-22T05:00Z,IT_NORD,92.75
2024-04-22T06:00Z,IT_NORD,90.95
2024-04-22T07:00Z,IT_NORD,88.92
2024-04-22T08:00Z,IT_NORD,92.07
2024-04-22T09:00Z,IT_NORD,92.37
2024-04-22T10:00Z,IT_NORD,91.19
2024-04-22T11:00Z,IT_NORD,91.49
2024-04-22T12:00Z,IT_NORD,92.31
2024-04-22T13:00Z,IT_NORD,96.82
2024-04-22T14:00Z,IT_NORD,97.1
2024-04-22T15:00Z,IT_NORD,101.44
2024-04-22T16:00Z,IT_NORD,101.02
2024-04-22T17:00Z,IT_NORD,105.33
2024-04-22T18:00Z,IT_NORD,102.87
2024-04-22T19:00Z,IT_NORD,97.87
2024-04-22T20:00Z,IT_NORD,95.9
2024-04-22T21:00Z,IT_NORD,90.08
2024-04-22T22:00Z,IT_NORD,81.42
2024-04-22T23:00Z,IT_NORD,88.51
2024-04-23T00:00Z,IT_NORD,84.79
2024-04-23T01:00Z,IT_NORD,84.47
2024-04-23T02:00Z,IT_NORD,80.89
2024-04-23T03:00Z,IT_NORD,87.81
2024-04-23T04:00Z,IT_NORD,92.33
2024-04-23T05:00Z,IT_NORD,93.33
2024-04-23T06:00Z,IT_NORD,88.58
2024-04-23T07:00Z,IT_NORD,84.02
2024-04-23T08:00Z,IT_NORD,82.79
2024-04-23T09:00Z,IT_NORD,83.2
2024-04-23T10:00Z,IT_NORD,80.04
2024-04-23T11:00Z,IT_NORD,79.92
2024-04-23T12:00Z,IT_NORD,82.78
2024-04-23T13:00Z,IT_NORD,83.72
2024-04-23T14:00Z,IT_NORD,84.86
2024-04-23T15:00Z,IT_NORD,88.7
2024-04-23T16:00Z,IT_NORD,85.24
2024-04-23T17:00Z,IT_NORD,87.32
2024-04-23T18:00Z,IT_NORD,89.03
2024-04-23T19:00Z,IT_NORD,86.39
2024-04-23T20:00Z,IT_NORD,83.61
2024-04-23T21:00Z,IT_NORD,79.2
2024-04-23T22:00Z,IT_NORD,74.35
2024-04-23T23:00Z,IT_NORD,69.9
2024-04-24T00:00Z,IT_NORD,75.26
2024-04-24T01:00Z,IT_NORD,75.16
2024-04-24T02:00Z,IT_NORD,73.2
2024-04-24T03:00Z,IT_NORD,81.22
2024-04-24T04:00Z,IT_NORD,87.06
2024-04-24T05:00Z,IT_NORD,88.27
2024-04-24T06:00Z,IT_NORD,80.44
2024-04-24T07:00Z,IT_NORD,79.93
2024-04-24T08:00Z,IT_NORD,81.36
2024-04-24T09:00Z,IT_NORD,85.3
2024-04-24T10:00Z,IT_NORD,80.56
2024-04-24T11:00Z,IT_NORD,81.96
2024-04-24T12:00Z,IT_NORD,80.49
2024-04-24T13:00Z,IT_NORD,84.22
2024-04-24T14:00Z,IT_NORD,88.17
2024-04-24T15:00Z,IT_NORD,88.09
2024-04-24T16:00Z,IT_NORD,83.84
2024-04-24T17:00Z,IT_NORD,86.08
2024-04-24T18:00Z,IT_NORD,80.77
2024-04-24T19:00Z,IT_NORD,83.67
2024-04-24T20:00Z,IT_NORD,82.88
2024-04-24T21:00Z,IT_NORD,78.49
2024-04-24T22:00Z,IT_NORD,2.07
2024-04-24T23:00Z,IT_NORD,1.15
2024-04-25T00:00Z,IT_NORD,0.02
2024-04-25T01:00Z,IT_NORD,0.92
2024-04-25T02:00Z,IT_NORD,3.73
2024-04-25T03:00Z,IT_NORD,40.18
2024-04-25T04:00Z,IT_NORD,95.5
2024-04-25T05:00Z,IT_NORD,47.27
2024-04-25T06:00Z,IT_NORD,5.53
2024-04-25T07:00Z,IT_NORD,4.73
2024-04-25T08:00Z,IT_NORD,3.4
2024-04-25T09:00Z,IT_NORD,4.35
2024-04-25T10:00Z,IT_NORD,1.41
2024-04-25T11:00Z,IT_NORD,0.18
2024-04-25T12:00Z,IT_NORD,32.56
2024-04-25T13:00Z,IT_NORD,3.14
2024-04-25T14:00Z,IT_NORD,8.69
2024-04-25T15:00Z,IT_NORD,101.6
2024-04-25T16:00Z,IT_NORD,100.64
2024-04-25T17:00Z,IT_NORD,102.52
2024-04-25T18:00Z,IT_NORD,97.7
2024-04-25T19:00Z,IT_NORD,100.99
2024-04-25T20:00Z,IT_NORD,98.02
2024-04-25T21:00Z,IT_NORD,97.47
2024-04-25T22:00Z,IT_NORD,91.0
2024-04-25T23:00Z,IT_NORD,90.55
2024-04-26T00:00Z,IT_NORD,92.04
2024-04-26T01:00Z,IT_NORD,93.87
2024-04-26T02:00Z,IT_NORD,96.44
2024-04-26T03:00Z,IT_NORD,101.41
2024-04-26T04:00Z,IT_NORD,105.07
2024-04-26T05:00Z,IT_NORD,103.58
2024-04-26T06:00Z,IT_NORD,99.03
2024-04-26T07:00Z,IT_NORD,97.56
2024-04-26T08:00Z,IT_NORD,97.81
2024-04-26T09:00Z,IT_NORD,91.49
2024-04-26T10:00Z,IT_NORD,86.68
2024-04-26T11:00Z,IT_NORD,86.85
2024-04-26T12:00Z,IT_NORD,87.37
2024-04-26T13:00Z,IT_NORD,90.02
2024-04-26T14:00Z,IT_NORD,97.67
2024-04-26T15:00Z,IT_NORD,96.74
2024-04-26T16:00Z,IT_NORD,98.9
2024-04-26T17:00Z,IT_NORD,96.32
2024-04-26T18:00Z,IT_NORD,95.74
2024-04-26T19:00Z,IT_NORD,96.35
2024-04-26T20:00Z,IT_NORD,91.89
2024-04-26T21:00Z,IT_NORD,87.25
2024-04-26T22:00Z,IT_NORD,89.01
2024-04-26T23:00Z,IT_NORD,93.55
2024-04-27T00:00Z,IT_NORD,92.91
2024-04-27T01:00Z,IT_NORD,93.12
2024-04-27T02:00Z,IT_NORD,94.77
2024-04-27T03:00Z,IT_NORD,101.01
2024-04-27T04:00Z,IT_NORD,103.65
2024-04-27T05:00Z,IT_NORD,99.82
2024-04-27T06:00Z,IT_NORD,99.12
2024-04-27T07:00Z,IT_NORD,92.91
2024-04-27T08:00Z,IT_NORD,95.04
2024-04-27T09:00Z,IT_NORD,89.66
2024-04-27T10:00Z,IT_NORD,86.57
2024-04-27T11:00Z,IT_NORD,90.81
2024-04-27T12:00Z,IT_NORD,90.52
2024-04-27T13:00Z,IT_NORD,89.56
2024-04-27T14:00Z,IT_NORD,92.63
2024-04-27T15:00Z,IT_NORD,92.21
2024-04-27T16:00Z,IT_NORD,97.94
2024-04-27T17:00Z,IT_NORD,96.88
2024-04-27T18:00Z,IT_NORD,92.68
2024-04-27T19:00Z,IT_NORD,93.27
2024-04-27T20:00Z,IT_NORD,85.26
2024-04-27T21:00Z,IT_NORD,87.63
2024-04-27T22:00Z,IT_NORD,93.92
2024-04-27T23:00Z,IT_NORD,92.78
2024-04-28T00:00Z,IT_NORD,95.53
2024-04-28T01:00Z,IT_NORD,97.11
2024-04-28T02:00Z,IT_NORD,99.42
2024-04-28T03:00Z,IT_NORD,98.66
2024-04-28T04:00Z,IT_NORD,97.79
2024-04-28T05:00Z,IT_NORD,97.0
2024-04-28T06:00Z,IT_NORD,99.36
2024-04-28T07:00Z,IT_NORD,97.75
2024-04-28T08:00Z,IT_NORD,93.78
2024-04-28T09:00Z,IT_NORD,9.51
2024-04-28T10:00Z,IT_NORD,5.46
2024-04-28T11:00Z,IT_NORD,3.7
2024-04-28T12:00Z,IT_NORD,2.47
2024-04-28T13:00Z,IT_NORD,5.71
2024-04-28T14:00Z,IT_NORD,71.64
2024-04-28T15:00Z,IT_NORD,105.02
2024-04-28T16:00Z,IT_NORD,104.81
2024-04-28T17:00Z,IT_NORD,100.9
2024-04-28T18:00Z,IT_NORD,100.97
2024-04-28T19:00Z,IT_NORD,95.03
2024-04-28T20:00Z,IT_NORD,96.43
2024-04-28T21:00Z,IT_NORD,98.76
2024-04-28T22:00Z,IT_NORD,100.94
2024-04-28T23:00Z,IT_NORD,90.49
2024-04-29T00:00Z,IT_NORD,93.05
2024-04-29T01:00Z,IT_NORD,95.37
2024-04-29T02:00Z,IT_NORD,101.85
2024-04-29T03:00Z,IT_NORD,106.89
2024-04-29T04:00Z,IT_NORD,111.77
2024-04-29T05:00Z,IT_NORD,105.74
2024-04-29T06:00Z,IT_NORD,99.1
2024-04-29T07:00Z,IT_NORD,102.96
2024-04-29T08:00Z,IT_NORD,97.79
2024-04-29T09:00Z,IT_NORD,97.83
2024-04-29T10:00Z,IT_NORD,100.59
2024-04-29T11:00Z,IT_NORD,98.75
2024-04-29T12:00Z,IT_NORD,101.44
2024-04-29T13:00Z,IT_NORD,101.99
2024-04-29T14:00Z,IT_NORD,103.03
2024-04-29T15:00Z,IT_NORD,109.16
2024-04-29T16:00Z,IT_NORD,106.68
2024-04-29T17:00Z,IT_NORD,101.65
2024-04-29T18:00Z,IT_NORD,104.9
2024-04-29T19:00Z,IT_NORD,103.86
2024-04-29T20:00Z,IT_NORD,100.78
2024-04-29T21:00Z,IT_NORD,97.98
2024-04-29T22:00Z,IT_NORD,96.36
2024-04-29T23:00Z,IT_NORD,93.94
2024-04-30T00:00Z,IT_NORD,89.28
2024-04-30T01:00Z,IT_NORD,89.2
2024-04-30T02:00Z,IT_NORD,93.57
2024-04-30T03:00Z,IT_NORD,100.18
2024-04-30T04:00Z,IT_NORD,108.76
2024-04-30T05:00Z,IT_NORD,99.37
2024-04-30T06:00Z,IT_NORD,95.09
2024-04-30T07:00Z,IT_NORD,95.97
2024-04-30T08:00Z,IT_NORD,99.98
2024-04-30T09:00Z,IT_NORD,99.23
2024-04-30T10:00Z,IT_NORD,102.18
2024-04-30T11:00Z,IT_NORD,98.02
2024-04-30T12:00Z,IT_NORD,98.85
2024-04-30T13:00Z,IT_NORD,100.05
2024-04-30T14:00Z,IT_NORD,105.42
2024-04-30T15:00Z,IT_NORD,106.7
2024-04-30T16:00Z,IT_NORD,101.37
2024-04-30T17:00Z,IT_NORD,99.41
2024-04-30T18:00Z,IT_NORD,96.63
2024-04-30T19:00Z,IT_NORD,98.15
2024-04-30T20:00Z,IT_NORD,99.21
2024-04-30T21:00Z,IT_NORD,100.96
2024-04-30T22:00Z,IT_NORD,4.69
2024-04-30T23:00Z,IT_NORD,1.54
2024-05-01T00:00Z,IT_NORD,0.87
2024-05-01T01:00Z,IT_NORD,1.95
2024-05-01T02:00Z,IT_NORD,3.96
2024-05-01T03:00Z,IT_NORD,6.35
2024-05-01T04:00Z,IT_NORD,8.32
2024-05-01T05:00Z,IT_NORD,51.97
2024-05-01T06:00Z,IT_NORD,3.23
2024-05-01T07:00Z,IT_NORD,10.88
2024-05-01T08:00Z,IT_NORD,7.48
2024-05-01T09:00Z,IT_NORD,2.14
2024-05-01T10:00Z,IT_NORD,0.94
2024-05-01T11:00Z,IT_NORD,2.16
2024-05-01T12:00Z,IT_NORD,2.01
2024-05-01T13:00Z,IT_NORD,8.52
2024-05-01T14:00Z,IT_NORD,13.79
2024-05-01T15:00Z,IT_NORD,19.14
2024-05-01T16:00Z,IT_NORD,10.23
2024-05-01T17:00Z,IT_NORD,25.85
2024-05-01T18:00Z,IT_NORD,90.02
2024-05-01T19:00Z,IT_NORD,34.99
2024-05-01T20:00Z,IT_NORD,58.89
2024-05-01T21:00Z,IT_NORD,90.69
2024-05-01T22:00Z,IT_NORD,106.9
2024-05-01T23:00Z,IT_NORD,99.42
2024-05-02T00:00Z,IT_NORD,105.18
2024-05-02T01:00Z,IT_NORD,98.36
2024-05-02T02:00Z,IT_NORD,101.88
2024-05-02T03:00Z,IT_NORD,108.93
2024-05-02T04:00Z,IT_NORD,112.77
2024-05-02T05:00Z,IT_NORD,105.54
2024-05-02T06:00Z,IT_NORD,102.5
2024-05-02T07:00Z,IT_NORD,100.83
2024-05-02T08:00Z,IT_NORD,102.61
2024-05-02T09:00Z,IT_NORD,106.91
2024-05-02T10:00Z,IT_NORD,110.16
2024-05-02T11:00Z,IT_NORD,103.81
2024-05-02T12:00Z,IT_NORD,106.8
2024-05-02T13:00Z,IT_NORD,108.43
2024-05-02T14:00Z,IT_NORD,104.76
2024-05-02T15:00Z,IT_NORD,103.53
2024-05-02T16:00Z,IT_NORD,109.69
2024-05-02T17:00Z,IT_NORD,112.06
2024-05-02T18:00Z,IT_NORD,106.89
2024-05-02T19:00Z,IT_NORD,104.22
2024-05-02T20:00Z,IT_NORD,101.27
2024-05-02T21:00Z,IT_NORD,104.1
2024-05-02T22:00Z,IT_NORD,98.8
2024-05-02T23:00Z,IT_NORD,102.12
2024-05-03T00:00Z,IT_NORD,103.9
2024-05-03T01:00Z,IT_NORD,103.59
2024-05-03T02:00Z,IT_NORD,109.68
2024-05-03T03:00Z,IT_NORD,116.54
2024-05-03T04:00Z,IT_NORD,116.78
2024-05-03T05:00Z,IT_NORD,110.56
2024-05-03T06:00Z,IT_NORD,112.27
2024-05-03T07:00Z,IT_NORD,112.15
2024-05-03T08:00Z,IT_NORD,113.62
2024-05-03T09:00Z,IT_NORD,107.35
2024-05-03T10:00Z,IT_NORD,104.65
2024-05-03T11:00Z,IT_NORD,97.95
2024-05-03T12:00Z,IT_NORD,98.49
2024-05-03T13:00Z,IT_NORD,102.67
2024-05-03T14:00Z,IT_NORD,104.78
2024-05-03T15:00Z,IT_NORD,102.74
2024-05-03T16:00Z,IT_NORD,97.62
2024-05-03T17:00Z,IT_NORD,97.13
2024-05-03T18:00Z,IT_NORD,96.59
2024-05-03T19:00Z,IT_NORD,98.49
2024-05-03T20:00Z,IT_NORD,99.87
2024-05-03T21:00Z,IT_NORD,94.27
2024-05-03T22:00Z,IT_NORD,94.03
2024-05-03T23:00Z,IT_NORD,96.34
2024-05-04T00:00Z,IT_NORD,97.96
2024-05-04T01:00Z,IT_NORD,99.52
2024-05-04T02:00Z,IT_NORD,101.86
2024-05-04T03:00Z,IT_NORD,108.41
2024-05-04T04:00Z,IT_NORD,105.87
2024-05-04T05:00Z,IT_NORD,101.07
2024-05-04T06:00Z,IT_NORD,98.72
2024-05-04T07:00Z,IT_NORD,99.4
2024-05-04T08:00Z,IT_NORD,17.46
2024-05-04T09:00Z,IT_NORD,10.03
2024-05-04T10:00Z,IT_NORD,7.05
2024-05-04T11:00Z,IT_NORD,5.95
2024-05-04T12:00Z,IT_NORD,8.29
2024-05-04T13:00Z,IT_NORD,12.13
2024-05-04T14:00Z,IT_NORD,9.2
2024-05-04T15:00Z,IT_NORD,68.31
2024-05-04T16:00Z,IT_NORD,108.53
2024-05-04T17:00Z,IT_NORD,112.16
2024-05-04T18:00Z,IT_NORD,102.63
2024-05-04T19:00Z,IT_NORD,99.12
2024-05-04T20:00Z,IT_NORD,101.52
2024-05-04T21:00Z,IT_NORD,98.82
2024-05-04T22:00Z,IT_NORD,5.99
2024-05-04T23:00Z,IT_NORD,5.69
2024-05-05T00:00Z,IT_NORD,4.13
2024-05-05T01:00Z,IT_NORD,29.08
2024-05-05T02:00Z,IT_NORD,3.63
2024-05-05T03:00Z,IT_NORD,90.37
2024-05-05T04:00Z,IT_NORD,90.64
2024-05-05T05:00Z,IT_NORD,83.49
2024-05-05T06:00Z,IT_NORD,25.46
2024-05-05T07:00Z,IT_NORD,0.0
2024-05-05T08:00Z,IT_NORD,10.15
2024-05-05T09:00Z,IT_NORD,4.98
2024-05-05T10:00Z,IT_NORD,3.54
2024-05-05T11:00Z,IT_NORD,3.31
2024-05-05T12:00Z,IT_NORD,7.07
2024-05-05T13:00Z,IT_NORD,13.32
2024-05-05T14:00Z,IT_NORD,16.65
2024-05-05T15:00Z,IT_NORD,10.36
2024-05-05T16:00Z,IT_NORD,11.14
2024-05-05T17:00Z,IT_NORD,33.13
2024-05-05T18:00Z,IT_NORD,92.72
2024-05-05T19:00Z,IT_NORD,29.55
2024-05-05T20:00Z,IT_NORD,6.82
2024-05-05T21:00Z,IT_NORD,4.9
2024-05-05T22:00Z,IT_NORD,113.73
2024-05-05T23:00Z,IT_NORD,69.86
2024-05-06T00:00Z,IT_NORD,3.74
2024-05-06T01:00Z,IT_NORD,5.17
2024-05-06T02:00Z,IT_NORD,7.01
2024-05-06T03:00Z,IT_NORD,98.28
2024-05-06T04:00Z,IT_NORD,99.08
2024-05-06T05:00Z,IT_NORD,96.79
2024-05-06T06:00Z,IT_NORD,99.2
2024-05-06T07:00Z,IT_NORD,99.49
2024-05-06T08:00Z,IT_NORD,103.87
2024-05-06T09:00Z,IT_NORD,104.09
2024-05-06T10:00Z,IT_NORD,101.86
2024-05-06T11:00Z,IT_NORD,97.89
2024-05-06T12:00Z,IT_NORD,100.82
2024-05-06T13:00Z,IT_NORD,104.6
2024-05-06T14:00Z,IT_NORD,105.35
2024-05-06T15:00Z,IT_NORD,108.21
2024-05-06T16:00Z,IT_NORD,109.03
2024-05-06T17:00Z,IT_NORD,104.7
2024-05-06T18:00Z,IT_NORD,110.97
2024-05-06T19:00Z,IT_NORD,109.54
2024-05-06T20:00Z,IT_NORD,103.96
2024-05-06T21:00Z,IT_NORD,98.69
2024-05-06T22:00Z,IT_NORD,103.2
2024-05-06T23:00Z,IT_NORD,102.67
2024-05-07T00:00Z,IT_NORD,103.16
2024-05-07T01:00Z,IT_NORD,100.46
2024-05-07T02:00Z,IT_NORD,98.04
2024-05-07T03:00Z,IT_NORD,105.34
2024-05-07T04:00Z,IT_NORD,111.48
2024-05-07T05:00Z,IT_NORD,104.95
2024-05-07T06:00Z,IT_NORD,101.19
2024-05-07T07:00Z,IT_NORD,103.76
2024-05-07T08:00Z,IT_NORD,104.88
2024-05-07T09:00Z,IT_NORD,99.94
2024-05-07T10:00Z,IT_NORD,106.26
2024-05-07T11:00Z,IT_NORD,101.9
2024-05-07T12:00Z,IT_NORD,102.63
2024-05-07T13:00Z,IT_NORD,105.75
2024-05-07T14:00Z,IT_NORD,108.11
2024-05-07T15:00Z,IT_NORD,110.69
2024-05-07T16:00Z,IT_NORD,113.82
2024-05-07T17:00Z,IT_NORD,113.87
2024-05-07T18:00Z,IT_NORD,110.79
2024-05-07T19:00Z,IT_NORD,104.37
2024-05-07T20:00Z,IT_NORD,102.32
2024-05-07T21:00Z,IT_NORD,97.4
2024-05-07T22:00Z,IT_NORD,102.68
2024-05-07T23:00Z,IT_NORD,104.93
2024-05-08T00:00Z,IT_NORD,105.3
2024-05-08T01:00Z,IT_NORD,103.4
2024-05-08T02:00Z,IT_NORD,106.39
2024-05-08T03:00Z,IT_NORD,105.28
2024-05-08T04:00Z,IT_NORD,111.1
2024-05-08T05:00Z,IT_NORD,106.52
2024-05-08T06:00Z,IT_NORD,104.28
2024-05-08T07:00Z,IT_NORD,106.23
2024-05-08T08:00Z,IT_NORD,107.39
2024-05-08T09:00Z,IT_NORD,112.57
2024-05-08T10:00Z,IT_NORD,113.26
2024-05-08T11:00Z,IT_NORD,103.47
2024-05-08T12:00Z,IT_NORD,104.08
2024-05-08T13:00Z,IT_NORD,110.61
2024-05-08T14:00Z,IT_NORD,110.08
2024-05-08T15:00Z,IT_NORD,110.89
2024-05-08T16:00Z,IT_NORD,115.35
2024-05-08T17:00Z,IT_NORD,118.31
2024-05-08T18:00Z,IT_NORD,119.62
2024-05-08T19:00Z,IT_NORD,117.4
2024-05-08T20:00Z,IT_NORD,113.8
2024-05-08T21:00Z,IT_NORD,106.35
2024-05-08T22:00Z,IT_NORD,108.11
2024-05-08T23:00Z,IT_NORD,108.53
2024-05-09T00:00Z,IT_NORD,105.62
2024-05-09T01:00Z,IT_NORD,109.04
2024-05-09T02:00Z,IT_NORD,110.02
2024-05-09T03:00Z,IT_NORD,112.99
2024-05-09T04:00Z,IT_NORD,118.54
2024-05-09T05:00Z,IT_NORD,115.8
2024-05-09T06:00Z,IT_NORD,110.78
2024-05-09T07:00Z,IT_NORD,111.79
2024-05-09T08:00Z,IT_NORD,116.42
2024-05-09T09:00Z,IT_NORD,113.4
2024-05-09T10:00Z,IT_NORD,116.78
2024-05-09T11:00Z,IT_NORD,112.79
2024-05-09T12:00Z,IT_NORD,117.39
2024-05-09T13:00Z,IT_NORD,114.74
2024-05-09T14:00Z,IT_NORD,112.86
2024-05-09T15:00Z,IT_NORD,117.14
2024-05-09T16:00Z,IT_NORD,121.23
2024-05-09T17:00Z,IT_NORD,118.28
2024-05-09T18:00Z,IT_NORD,117.64
2024-05-09T19:00Z,IT_NORD,117.43
2024-05-09T20:00Z,IT_NORD,116.48
2024-05-09T21:00Z,IT_NORD,114.95
2024-05-09T22:00Z,IT_NORD,97.55
2024-05-09T23:00Z,IT_NORD,101.63
2024-05-10T00:00Z,IT_NORD,96.51
2024-05-10T01:00Z,IT_NORD,99.64
2024-05-10T02:00Z,IT_NORD,100.6
2024-05-10T03:00Z,IT_NORD,98.67
2024-05-10T04:00Z,IT_NORD,103.75
2024-05-10T05:00Z,IT_NORD,102.46
2024-05-10T06:00Z,IT_NORD,96.27
2024-05-10T07:00Z,IT_NORD,98.09
2024-05-10T08:00Z,IT_NORD,99.9
2024-05-10T09:00Z,IT_NORD,100.3
2024-05-10T10:00Z,IT_NORD,105.66
2024-05-10T11:00Z,IT_NORD,104.3
2024-05-10T12:00Z,IT_NORD,103.32
2024-05-10T13:00Z,IT_NORD,98.6
2024-05-10T14:00Z,IT_NORD,98.94
2024-05-10T15:00Z,IT_NORD,103.7
2024-05-10T16:00Z,IT_NORD,100.49
2024-05-10T17:00Z,IT_NORD,98.14
2024-05-10T18:00Z,IT_NORD,97.65
2024-05-10T19:00Z,IT_NORD,98.78
2024-05-10T20:00Z,IT_NORD,98.68
2024-05-10T21:00Z,IT_NORD,96.49
2024-05-10T22:00Z,IT_NORD,84.59
2024-05-10T23:00Z,IT_NORD,87.68
2024-05-11T00:00Z,IT_NORD,88.97
2024-05-11T01:00Z,IT_NORD,90.1
2024-05-11T02:00Z,IT_NORD,84.38
2024-05-11T03:00Z,IT_NORD,90.32
2024-05-11T04:00Z,IT_NORD,88.97
2024-05-11T05:00Z,IT_NORD,83.03
2024-05-11T06:00Z,IT_NORD,85.08
2024-05-11T07:00Z,IT_NORD,83.6
2024-05-11T08:00Z,IT_NORD,80.89
2024-05-11T09:00Z,IT_NORD,80.91
2024-05-11T10:00Z,IT_NORD,74.38
2024-05-11T11:00Z,IT_NORD,0.83
2024-05-11T12:00Z,IT_NORD,10.22
2024-05-11T13:00Z,IT_NORD,75.44
2024-05-11T14:00Z,IT_NORD,85.41
2024-05-11T15:00Z,IT_NORD,91.74
2024-05-11T16:00Z,IT_NORD,89.2
2024-05-11T17:00Z,IT_NORD,93.16
2024-05-11T18:00Z,IT_NORD,97.65
2024-05-11T19:00Z,IT_NORD,90.71
2024-05-11T20:00Z,IT_NORD,92.67
2024-05-11T21:00Z,IT_NORD,89.87
2024-05-11T22:00Z,IT_NORD,92.84
2024-05-11T23:00Z,IT_NORD,95.28
2024-05-12T00:00Z,IT_NORD,93.87
2024-05-12T01:00Z,IT_NORD,96.88
2024-05-12T02:00Z,IT_NORD,98.19
2024-05-12T03:00Z,IT_NORD,98.94
2024-05-12T04:00Z,IT_NORD,105.9
2024-05-12T05:00Z,IT_NORD,101.86
2024-05-12T06:00Z,IT_NORD,101.76
2024-05-12T07:00Z,IT_NORD,99.55
2024-05-12T08:00Z,IT_NORD,95.57
2024-05-12T09:00Z,IT_NORD,97.62
2024-05-12T10:00Z,IT_NORD,99.83
2024-05-12T11:00Z,IT_NORD,97.84
2024-05-12T12:00Z,IT_NORD,87.36
2024-05-12T13:00Z,IT_NORD,92.57
2024-05-12T14:00Z,IT_NORD,97.83
2024-05-12T15:00Z,IT_NORD,98.97
2024-05-12T16:00Z,IT_NORD,98.93
2024-05-12T17:00Z,IT_NORD,95.95
2024-05-12T18:00Z,IT_NORD,100.63
2024-05-12T19:00Z,IT_NORD,95.89
2024-05-12T20:00Z,IT_NORD,90.39
2024-05-12T21:00Z,IT_NORD,90.34
2024-05-12T22:00Z,IT_NORD,92.67
2024-05-12T23:00Z,IT_NORD,92.71
2024-05-13T00:00Z,IT_NORD,89.25
2024-05-13T01:00Z,IT_NORD,83.56
2024-05-13T02:00Z,IT_NORD,84.27
2024-05-13T03:00Z,IT_NORD,94.33
2024-05-13T04:00Z,IT_NORD,100.08
2024-05-13T05:00Z,IT_NORD,92.34
2024-05-13T06:00Z,IT_NORD,93.3
2024-05-13T07:00Z,IT_NORD,96.75
2024-05-13T08:00Z,IT_NORD,95.16
2024-05-13T09:00Z,IT_NORD,94.17
2024-05-13T10:00Z,IT_NORD,96.84
2024-05-13T11:00Z,IT_NORD,93.83
2024-05-13T12:00Z,IT_NORD,93.09
2024-05-13T13:00Z,IT_NORD,92.58
2024-05-13T14:00Z,IT_NORD,95.25
2024-05-13T15:00Z,IT_NORD,92.42
2024-05-13T16:00Z,IT_NORD,88.56
2024-05-13T17:00Z,IT_NORD,84.32
2024-05-13T18:00Z,IT_NORD,83.4
2024-05-13T19:00Z,IT_NORD,81.48
2024-05-13T20:00Z,IT_NORD,80.49
2024-05-13T21:00Z,IT_NORD,77.88
2024-05-13T22:00Z,IT_NORD,93.98
2024-05-13T23:00Z,IT_NORD,95.88
2024-05-14T00:00Z,IT_NORD,99.31
2024-05-14T01:00Z,IT_NORD,95.33
2024-05-14T02:00Z,IT_NORD,97.03
2024-05-14T03:00Z,IT_NORD,98.13
2024-05-14T04:00Z,IT_NORD,107.55
2024-05-14T05:00Z,IT_NORD,100.53
2024-05-14T06:00Z,IT_NORD,98.48
2024-05-14T07:00Z,IT_NORD,95.44
2024-05-14T08:00Z,IT_NORD,95.09
2024-05-14T09:00Z,IT_NORD,95.9
2024-05-14T10:00Z,IT_NORD,100.57
2024-05-14T11:00Z,IT_NORD,99.2
2024-05-14T12:00Z,IT_NORD,104.98
2024-05-14T13:00Z,IT_NORD,104.33
2024-05-14T14:00Z,IT_NORD,105.32
2024-05-14T15:00Z,IT_NORD,109.08
2024-05-14T16:00Z,IT_NORD,109.52
2024-05-14T17:00Z,IT_NORD,110.37
2024-05-14T18:00Z,IT_NORD,110.53
2024-05-14T19:00Z,IT_NORD,113.99
2024-05-14T20:00Z,IT_NORD,107.38
2024-05-14T21:00Z,IT_NORD,104.24
2024-05-14T22:00Z,IT_NORD,99.45
2024-05-14T23:00Z,IT_NORD,105.71
2024-05-15T00:00Z,IT_NORD,104.69
2024-05-15T01:00Z,IT_NORD,101.99
2024-05-15T02:00Z,IT_NORD,99.0
2024-05-15T03:00Z,IT_NORD,102.95
2024-05-15T04:00Z,IT_NORD,105.65
2024-05-15T05:00Z,IT_NORD,98.63
2024-05-15T06:00Z,IT_NORD,98.03
2024-05-15T07:00Z,IT_NORD,98.47
2024-05-15T08:00Z,IT_NORD,94.26
2024-05-15T09:00Z,IT_NORD,87.43
2024-05-15T10:00Z,IT_NORD,89.37
2024-05-15T11:00Z,IT_NORD,89.63
2024-05-15T12:00Z,IT_NORD,93.72
2024-05-15T13:00Z,IT_NORD,96.83
2024-05-15T14:00Z,IT_NORD,102.04
2024-05-15T15:00Z,IT_NORD,105.75
2024-05-15T16:00Z,IT_NORD,106.1
2024-05-15T17:00Z,IT_NORD,108.13
2024-05-15T18:00Z,IT_NORD,109.11
2024-05-15T19:00Z,IT_NORD,103.34
2024-05-15T20:00Z,IT_NORD,106.93
2024-05-15T21:00Z,IT_NORD,102.68
2024-05-15T22:00Z,IT_NORD,77.93
2024-05-15T23:00Z,IT_NORD,78.86
2024-05-16T00:00Z,IT_NORD,76.14
2024-05-16T01:00Z,IT_NORD,80.15
2024-05-16T02:00Z,IT_NORD,82.4
2024-05-16T03:00Z,IT_NORD,86.74
2024-05-16T04:00Z,IT_NORD,87.19
2024-05-16T05:00Z,IT_NORD,79.66
2024-05-16T06:00Z,IT_NORD,79.76
2024-05-16T07:00Z,IT_NORD,73.55
2024-05-16T08:00Z,IT_NORD,76.0
2024-05-16T09:00Z,IT_NORD,74.75
2024-05-16T10:00Z,IT_NORD,0.0
2024-05-16T11:00Z,IT_NORD,0.63
2024-05-16T12:00Z,IT_NORD,0.0
2024-05-16T13:00Z,IT_NORD,80.76
2024-05-16T14:00Z,IT_NORD,82.78
2024-05-16T15:00Z,IT_NORD,86.63
2024-05-16T16:00Z,IT_NORD,93.02
2024-05-16T17:00Z,IT_NORD,89.0
2024-05-16T18:00Z,IT_NORD,98.32
2024-05-16T19:00Z,IT_NORD,93.16
2024-05-16T20:00Z,IT_NORD,89.75
2024-05-16T21:00Z,IT_NORD,90.6
2024-05-16T22:00Z,IT_NORD,95.09
2024-05-16T23:00Z,IT_NORD,96.39
2024-05-17T00:00Z,IT_NORD,93.84
2024-05-17T01:00Z,IT_NORD,88.58
2024-05-17T02:00Z,IT_NORD,90.69
2024-05-17T03:00Z,IT_NORD,95.23
2024-05-17T04:00Z,IT_NORD,94.76
2024-05-17T05:00Z,IT_NORD,95.6
2024-05-17T06:00Z,IT_NORD,94.86
2024-05-17T07:00Z,IT_NORD,90.22
2024-05-17T08:00Z,IT_NORD,97.19
2024-05-17T09:00Z,IT_NORD,100.41
2024-05-17T10:00Z,IT_NORD,99.76
2024-05-17T11:00Z,IT_NORD,95.98
2024-05-17T12:00Z,IT_NORD,95.09
2024-05-17T13:00Z,IT_NORD,97.68
2024-05-17T14:00Z,IT_NORD,97.11
2024-05-17T15:00Z,IT_NORD,101.96
2024-05-17T16:00Z,IT_NORD,101.0
2024-05-17T17:00Z,IT_NORD,101.96
2024-05-17T18:00Z,IT_NORD,98.32
2024-05-17T19:00Z,IT_NORD,95.41
2024-05-17T20:00Z,IT_NORD,102.43
2024-05-17T21:00Z,IT_NORD,100.04
2024-05-17T22:00Z,IT_NORD,98.74
2024-05-17T23:00Z,IT_NORD,99.27
2024-05-18T00:00Z,IT_NORD,94.82
2024-05-18T01:00Z,IT_NORD,31.6
2024-05-18T02:00Z,IT_NORD,87.24
2024-05-18T03:00Z,IT_NORD,105.29
2024-05-18T04:00Z,IT_NORD,103.42
2024-05-18T05:00Z,IT_NORD,97.39
2024-05-18T06:00Z,IT_NORD,95.14
2024-05-18T07:00Z,IT_NORD,94.68
2024-05-18T08:00Z,IT_NORD,99.92
2024-05-18T09:00Z,IT_NORD,97.89
2024-05-18T10:00Z,IT_NORD,99.71
2024-05-18T11:00Z,IT_NORD,106.96
2024-05-18T12:00Z,IT_NORD,106.64
2024-05-18T13:00Z,IT_NORD,107.18
2024-05-18T14:00Z,IT_NORD,102.84
2024-05-18T15:00Z,IT_NORD,101.98
2024-05-18T16:00Z,IT_NORD,108.45
2024-05-18T17:00Z,IT_NORD,101.31
2024-05-18T18:00Z,IT_NORD,99.83
2024-05-18T19:00Z,IT_NORD,99.43
2024-05-18T20:00Z,IT_NORD,98.28
2024-05-18T21:00Z,IT_NORD,102.1
2024-05-18T22:00Z,IT_NORD,109.03
2024-05-18T23:00Z,IT_NORD,108.65
2024-05-19T00:00Z,IT_NORD,109.45
2024-05-19T01:00Z,IT_NORD,108.35
2024-05-19T02:00Z,IT_NORD,108.33
2024-05-19T03:00Z,IT_NORD,111.85
2024-05-19T04:00Z,IT_NORD,111.64
2024-05-19T05:00Z,IT_NORD,111.6
2024-05-19T06:00Z,IT_NORD,110.45
2024-05-19T07:00Z,IT_NORD,109.01
2024-05-19T08:00Z,IT_NORD,109.18
2024-05-19T09:00Z,IT_NORD,112.16
2024-05-19T10:00Z,IT_NORD,4.81
2024-05-19T11:00Z,IT_NORD,7.39
2024-05-19T12:00Z,IT_NORD,101.55
2024-05-19T13:00Z,IT_NORD,98.71
2024-05-19T14:00Z,IT_NORD,102.28
2024-05-19T15:00Z,IT_NORD,100.94
2024-05-19T16:00Z,IT_NORD,110.89
2024-05-19T17:00Z,IT_NORD,107.2
2024-05-19T18:00Z,IT_NORD,105.74
2024-05-19T19:00Z,IT_NORD,100.83
2024-05-19T20:00Z,IT_NORD,100.19
2024-05-19T21:00Z,IT_NORD,95.63
2024-05-19T22:00Z,IT_NORD,90.57
2024-05-19T23:00Z,IT_NORD,80.39
2024-05-20T00:00Z,IT_NORD,79.94
2024-05-20T01:00Z,IT_NORD,83.76
2024-05-20T02:00Z,IT_NORD,81.65
2024-05-20T03:00Z,IT_NORD,91.86
2024-05-20T04:00Z,IT_NORD,92.67
2024-05-20T05:00Z,IT_NORD,88.3
2024-05-20T06:00Z,IT_NORD,84.69
2024-05-20T07:00Z,IT_NORD,83.71
2024-05-20T08:00Z,IT_NORD,85.32
2024-05-20T09:00Z,IT_NORD,87.42
2024-05-20T10:00Z,IT_NORD,86.16
2024-05-20T11:00Z,IT_NORD,81.64
2024-05-20T12:00Z,IT_NORD,82.88
2024-05-20T13:00Z,IT_NORD,86.66
2024-05-20T14:00Z,IT_NORD,94.61
2024-05-20T15:00Z,IT_NORD,100.34
2024-05-20T16:00Z,IT_NORD,98.12
2024-05-20T17:00Z,IT_NORD,97.14
2024-05-20T18:00Z,IT_NORD,94.46
2024-05-20T19:00Z,IT_NORD,86.73
2024-05-20T20:00Z,IT_NORD,86.0
2024-05-20T21:00Z,IT_NORD,82.63
2024-05-20T22:00Z,IT_NORD,78.81
2024-05-20T23:00Z,IT_NORD,79.02
2024-05-21T00:00Z,IT_NORD,79.78
2024-05-21T01:00Z,IT_NORD,81.16
2024-05-21T02:00Z,IT_NORD,81.87
2024-05-21T03:00Z,IT_NORD,85.64
2024-05-21T04:00Z,IT_NORD,89.76
2024-05-21T05:00Z,IT_NORD,92.22
2024-05-21T06:00Z,IT_NORD,86.99
2024-05-21T07:00Z,IT_NORD,86.38
2024-05-21T08:00Z,IT_NORD,88.04
2024-05-21T09:00Z,IT_NORD,90.1
2024-05-21T10:00Z,IT_NORD,85.54
2024-05-21T11:00Z,IT_NORD,88.66
2024-05-21T12:00Z,IT_NORD,86.43
2024-05-21T13:00Z,IT_NORD,89.78
2024-05-21T14:00Z,IT_NORD,90.29
2024-05-21T15:00Z,IT_NORD,93.66
2024-05-21T16:00Z,IT_NORD,94.28
2024-05-21T17:00Z,IT_NORD,94.95
2024-05-21T18:00Z,IT_NORD,93.59
2024-05-21T19:00Z,IT_NORD,91.67
2024-05-21T20:00Z,IT_NORD,91.54
2024-05-21T21:00Z,IT_NORD,87.6
2024-05-21T22:00Z,IT_NORD,76.76
2024-05-21T23:00Z,IT_NORD,71.95
2024-05-22T00:00Z,IT_NORD,77.94
2024-05-22T01:00Z,IT_NORD,78.94
2024-05-22T02:00Z,IT_NORD,75.39
2024-05-22T03:00Z,IT_NORD,82.48
2024-05-22T04:00Z,IT_NORD,91.05
2024-05-22T05:00Z,IT_NORD,86.72
2024-05-22T06:00Z,IT_NORD,82.5
2024-05-22T07:00Z,IT_NORD,80.39
2024-05-22T08:00Z,IT_NORD,77.75
2024-05-22T09:00Z,IT_NORD,71.87
2024-05-22T10:00Z,IT_NORD,71.63
2024-05-22T11:00Z,IT_NORD,74.48
2024-05-22T12:00Z,IT_NORD,68.7
2024-05-22T13:00Z,IT_NORD,71.62
2024-05-22T14:00Z,IT_NORD,77.83
2024-05-22T15:00Z,IT_NORD,80.83
2024-05-22T16:00Z,IT_NORD,76.37
2024-05-22T17:00Z,IT_NORD,79.07
2024-05-22T18:00Z,IT_NORD,80.44
2024-05-22T19:00Z,IT_NORD,74.21
2024-05-22T20:00Z,IT_NORD,69.7
2024-05-22T21:00Z,IT_NORD,68.81
2024-05-22T22:00Z,IT_NORD,81.89
2024-05-22T23:00Z,IT_NORD,88.9
2024-05-23T00:00Z,IT_NORD,88.51
2024-05-23T01:00Z,IT_NORD,90.4
2024-05-23T02:00Z,IT_NORD,90.25
2024-05-23T03:00Z,IT_NORD,101.4
2024-05-23T04:00Z,IT_NORD,97.14
2024-05-23T05:00Z,IT_NORD,96.42
2024-05-23T06:00Z,IT_NORD,96.93
2024-05-23T07:00Z,IT_NORD,92.53
2024-05-23T08:00Z,IT_NORD,93.53
2024-05-23T09:00Z,IT_NORD,95.89
2024-05-23T10:00Z,IT_NORD,98.75
2024-05-23T11:00Z,IT_NORD,98.17
2024-05-23T12:00Z,IT_NORD,106.25
2024-05-23T13:00Z,IT_NORD,99.62
2024-05-23T14:00Z,IT_NORD,99.49
2024-05-23T15:00Z,IT_NORD,98.31
2024-05-23T16:00Z,IT_NORD,99.65
2024-05-23T17:00Z,IT_NORD,100.75
2024-05-23T18:00Z,IT_NORD,95.62
2024-05-23T19:00Z,IT_NORD,103.95
2024-05-23T20:00Z,IT_NORD,103.43
2024-05-23T21:00Z,IT_NORD,98.76
2024-05-23T22:00Z,IT_NORD,108.78
2024-05-23T23:00Z,IT_NORD,106.04
2024-05-24T00:00Z,IT_NORD,112.95
2024-05-24T01:00Z,IT_NORD,111.71
2024-05-24T02:00Z,IT_NORD,111.26
2024-05-24T03:00Z,IT_NORD,119.88
2024-05-24T04:00Z,IT_NORD,117.92
2024-05-24T05:00Z,IT_NORD,112.81
2024-05-24T06:00Z,IT_NORD,108.29
2024-05-24T07:00Z,IT_NORD,107.17
2024-05-24T08:00Z,IT_NORD,100.89
2024-05-24T09:00Z,IT_NORD,105.79
2024-05-24T10:00Z,IT_NORD,105.07
2024-05-24T11:00Z,IT_NORD,97.96
2024-05-24T12:00Z,IT_NORD,98.88
2024-05-24T13:00Z,IT_NORD,100.87
2024-05-24T14:00Z,IT_NORD,107.21
2024-05-24T15:00Z,IT_NORD,115.15
2024-05-24T16:00Z,IT_NORD,109.38
2024-05-24T17:00Z,IT_NORD,107.73
2024-05-24T18:00Z,IT_NORD,118.55
2024-05-24T19:00Z,IT_NORD,110.99
2024-05-24T20:00Z,IT_NORD,107.42
2024-05-24T21:00Z,IT_NORD,109.83
2024-05-24T22:00Z,IT_NORD,116.94
2024-05-24T23:00Z,IT_NORD,112.91
2024-05-25T00:00Z,IT_NORD,108.15
2024-05-25T01:00Z,IT_NORD,106.1
2024-05-25T02:00Z,IT_NORD,108.25
2024-05-25T03:00Z,IT_NORD,116.59
2024-05-25T04:00Z,IT_NORD,115.16
2024-05-25T05:00Z,IT_NORD,111.32
2024-05-25T06:00Z,IT_NORD,106.03
2024-05-25T07:00Z,IT_NORD,106.48
2024-05-25T08:00Z,IT_NORD,103.41
2024-05-25T09:00Z,IT_NORD,107.77
2024-05-25T10:00Z,IT_NORD,3.63
2024-05-25T11:00Z,IT_NORD,2.76
2024-05-25T12:00Z,IT_NORD,8.06
2024-05-25T13:00Z,IT_NORD,8.03
2024-05-25T14:00Z,IT_NORD,13.87
2024-05-25T15:00Z,IT_NORD,117.1
2024-05-25T16:00Z,IT_NORD,114.79
2024-05-25T17:00Z,IT_NORD,112.09
2024-05-25T18:00Z,IT_NORD,113.09
2024-05-25T19:00Z,IT_NORD,110.08
2024-05-25T20:00Z,IT_NORD,116.04
2024-05-25T21:00Z,IT_NORD,116.98
2024-05-25T22:00Z,IT_NORD,6.83
2024-05-25T23:00Z,IT_NORD,2.6
2024-05-26T00:00Z,IT_NORD,1.36
2024-05-26T01:00Z,IT_NORD,1.5
2024-05-26T02:00Z,IT_NORD,3.05
2024-05-26T03:00Z,IT_NORD,5.73
2024-05-26T04:00Z,IT_NORD,6.54
2024-05-26T05:00Z,IT_NORD,1.84
2024-05-26T06:00Z,IT_NORD,21.5
2024-05-26T07:00Z,IT_NORD,9.47
2024-05-26T08:00Z,IT_NORD,7.35
2024-05-26T09:00Z,IT_NORD,4.22
2024-05-26T10:00Z,IT_NORD,0.61
2024-05-26T11:00Z,IT_NORD,2.41
2024-05-26T12:00Z,IT_NORD,4.81
2024-05-26T13:00Z,IT_NORD,7.04
2024-05-26T14:00Z,IT_NORD,14.3
2024-05-26T15:00Z,IT_NORD,51.83
2024-05-26T16:00Z,IT_NORD,106.23
2024-05-26T17:00Z,IT_NORD,105.86
2024-05-26T18:00Z,IT_NORD,106.96
2024-05-26T19:00Z,IT_NORD,102.9
2024-05-26T20:00Z,IT_NORD,94.45
2024-05-26T21:00Z,IT_NORD,90.29
2024-05-26T22:00Z,IT_NORD,127.29
2024-05-26T23:00Z,IT_NORD,115.01
2024-05-27T00:00Z,IT_NORD,113.49
2024-05-27T01:00Z,IT_NORD,118.01
2024-05-27T02:00Z,IT_NORD,119.02
2024-05-27T03:00Z,IT_NORD,126.17
2024-05-27T04:00Z,IT_NORD,132.66
2024-05-27T05:00Z,IT_NORD,133.69
2024-05-27T06:00Z,IT_NORD,128.78
2024-05-27T07:00Z,IT_NORD,120.6
2024-05-27T08:00Z,IT_NORD,119.12
2024-05-27T09:00Z,IT_NORD,117.5
2024-05-27T10:00Z,IT_NORD,120.04
2024-05-27T11:00Z,IT_NORD,123.68
2024-05-27T12:00Z,IT_NORD,120.19
2024-05-27T13:00Z,IT_NORD,126.59
2024-05-27T14:00Z,IT_NORD,127.65
2024-05-27T15:00Z,IT_NORD,125.22
2024-05-27T16:00Z,IT_NORD,124.86
2024-05-27T17:00Z,IT_NORD,128.57
2024-05-27T18:00Z,IT_NORD,130.17
2024-05-27T19:00Z,IT_NORD,131.21
2024-05-27T20:00Z,IT_NORD,131.56
2024-05-27T21:00Z,IT_NORD,123.91
2024-05-27T22:00Z,IT_NORD,117.84
2024-05-27T23:00Z,IT_NORD,115.89
2024-05-28T00:00Z,IT_NORD,111.02
2024-05-28T01:00Z,IT_NORD,110.44
2024-05-28T02:00Z,IT_NORD,105.79
2024-05-28T03:00Z,IT_NORD,113.52
2024-05-28T04:00Z,IT_NORD,117.38
2024-05-28T05:00Z,IT_NORD,115.15
2024-05-28T06:00Z,IT_NORD,112.66
2024-05-28T07:00Z,IT_NORD,109.67
2024-05-28T08:00Z,IT_NORD,110.65
2024-05-28T09:00Z,IT_NORD,112.85
2024-05-28T10:00Z,IT_NORD,109.47
2024-05-28T11:00Z,IT_NORD,104.06
2024-05-28T12:00Z,IT_NORD,105.26
2024-05-28T13:00Z,IT_NORD,105.68
2024-05-28T14:00Z,IT_NORD,106.32
2024-05-28T15:00Z,IT_NORD,114.98
2024-05-28T16:00Z,IT_NORD,116.48
2024-05-28T17:00Z,IT_NORD,115.98
2024-05-28T18:00Z,IT_NORD,116.86
2024-05-28T19:00Z,IT_NORD,115.29
2024-05-28T20:00Z,IT_NORD,116.64
2024-05-28T21:00Z,IT_NORD,114.83
2024-05-28T22:00Z,IT_NORD,117.62
2024-05-28T23:00Z,IT_NORD,113.8
2024-05-29T00:00Z,IT_NORD,113.59
2024-05-29T01:00Z,IT_NORD,111.73
2024-05-29T02:00Z,IT_NORD,109.69
2024-05-29T03:00Z,IT_NORD,113.65
2024-05-29T04:00Z,IT_NORD,120.31
2024-05-29T05:00Z,IT_NORD,116.36
2024-05-29T06:00Z,IT_NORD,112.59
2024-05-29T07:00Z,IT_NORD,113.7
2024-05-29T08:00Z,IT_NORD,113.6
2024-05-29T09:00Z,IT_NORD,111.72
2024-05-29T10:00Z,IT_NORD,118.75
2024-05-29T11:00Z,IT_NORD,117.93
2024-05-29T12:00Z,IT_NORD,111.06
2024-05-29T13:00Z,IT_NORD,117.71
2024-05-29T14:00Z,IT_NORD,114.93
2024-05-29T15:00Z,IT_NORD,121.31
2024-05-29T16:00Z,IT_NORD,126.15
2024-05-29T17:00Z,IT_NORD,119.6
2024-05-29T18:00Z,IT_NORD,116.65
2024-05-29T19:00Z,IT_NORD,119.87
2024-05-29T20:00Z,IT_NORD,121.4
2024-05-29T21:00Z,IT_NORD,114.93
2024-05-29T22:00Z,IT_NORD,104.01
2024-05-29T23:00Z,IT_NORD,101.98
2024-05-30T00:00Z,IT_NORD,106.93
2024-05-30T01:00Z,IT_NORD,104.8
2024-05-30T02:00Z,IT_NORD,107.18
2024-05-30T03:00Z,IT_NORD,113.91
2024-05-30T04:00Z,IT_NORD,115.8
2024-05-30T05:00Z,IT_NORD,109.87
2024-05-30T06:00Z,IT_NORD,105.33
2024-05-30T07:00Z,IT_NORD,108.12
2024-05-30T08:00Z,IT_NORD,111.48
2024-05-30T09:00Z,IT_NORD,109.87
2024-05-30T10:00Z,IT_NORD,105.63
2024-05-30T11:00Z,IT_NORD,104.11
2024-05-30T12:00Z,IT_NORD,107.24
2024-05-30T13:00Z,IT_NORD,101.28
2024-05-30T14:00Z,IT_NORD,100.29
2024-05-30T15:00Z,IT_NORD,110.36
2024-05-30T16:00Z,IT_NORD,111.74
2024-05-30T17:00Z,IT_NORD,111.05
2024-05-30T18:00Z,IT_NORD,112.56
2024-05-30T19:00Z,IT_NORD,106.7
2024-05-30T20:00Z,IT_NORD,104.13
2024-05-30T21:00Z,IT_NORD,104.69
2024-05-30T22:00Z,IT_NORD,102.24
2024-05-30T23:00Z,IT_NORD,100.63
2024-05-31T00:00Z,IT_NORD,103.15
2024-05-31T01:00Z,IT_NORD,102.91
2024-05-31T02:00Z,IT_NORD,105.92
2024-05-31T03:00Z,IT_NORD,110.87
2024-05-31T04:00Z,IT_NORD,113.21
2024-05-31T05:00Z,IT_NORD,111.38
2024-05-31T06:00Z,IT_NORD,111.78
2024-05-31T07:00Z,IT_NORD,112.57
2024-05-31T08:00Z,IT_NORD,112.88
2024-05-31T09:00Z,IT_NORD,104.87
2024-05-31T10:00Z,IT_NORD,107.35
2024-05-31T11:00Z,IT_NORD,107.74
2024-05-31T12:00Z,IT_NORD,103.94
2024-05-31T13:00Z,IT_NORD,108.03
2024-05-31T14:00Z,IT_NORD,111.29
2024-05-31T15:00Z,IT_NORD,113.8
2024-05-31T16:00Z,IT_NORD,113.05
2024-05-31T17:00Z,IT_NORD,125.17
2024-05-31T18:00Z,IT_NORD,116.91
2024-05-31T19:00Z,IT_NORD,110.29
2024-05-31T20:00Z,IT_NORD,107.68
2024-05-31T21:00Z,IT_NORD,106.12
2024-05-31T22:00Z,IT_NORD,103.82
2024-05-31T23:00Z,IT_NORD,105.0
2024-06-01T00:00Z,IT_NORD,105.6
2024-06-01T01:00Z,IT_NORD,108.92
2024-06-01T02:00Z,IT_NORD,110.23
2024-06-01T03:00Z,IT_NORD,110.81
2024-06-01T04:00Z,IT_NORD,108.91
2024-06-01T05:00Z,IT_NORD,111.03
2024-06-01T06:00Z,IT_NORD,108.74
2024-06-01T07:00Z,IT_NORD,110.19
2024-06-01T08:00Z,IT_NORD,106.67
2024-06-01T09:00Z,IT_NORD,6.0
2024-06-01T10:00Z,IT_NORD,3.82
2024-06-01T11:00Z,IT_NORD,15.39
2024-06-01T12:00Z,IT_NORD,5.18
2024-06-01T13:00Z,IT_NORD,6.12
2024-06-01T14:00Z,IT_NORD,111.25
2024-06-01T15:00Z,IT_NORD,112.27
2024-06-01T16:00Z,IT_NORD,112.15
2024-06-01T17:00Z,IT_NORD,108.24
2024-06-01T18:00Z,IT_NORD,107.66
2024-06-01T19:00Z,IT_NORD,102.59
2024-06-01T20:00Z,IT_NORD,102.36
2024-06-01T21:00Z,IT_NORD,104.59
2024-06-01T22:00Z,IT_NORD,99.15
2024-06-01T23:00Z,IT_NORD,95.33
2024-06-02T00:00Z,IT_NORD,99.03
2024-06-02T01:00Z,IT_NORD,106.56
2024-06-02T02:00Z,IT_NORD,100.98
2024-06-02T03:00Z,IT_NORD,98.34
2024-06-02T04:00Z,IT_NORD,101.8
2024-06-02T05:00Z,IT_NORD,103.6
2024-06-02T06:00Z,IT_NORD,97.66
2024-06-02T07:00Z,IT_NORD,96.66
2024-06-02T08:00Z,IT_NORD,91.92
2024-06-02T09:00Z,IT_NORD,10.65
2024-06-02T10:00Z,IT_NORD,4.58
2024-06-02T11:00Z,IT_NORD,4.05
2024-06-02T12:00Z,IT_NORD,4.48
2024-06-02T13:00Z,IT_NORD,9.75
2024-06-02T14:00Z,IT_NORD,15.2
2024-06-02T15:00Z,IT_NORD,98.53
2024-06-02T16:00Z,IT_NORD,107.38
2024-06-02T17:00Z,IT_NORD,110.84
2024-06-02T18:00Z,IT_NORD,113.34
2024-06-02T19:00Z,IT_NORD,108.28
2024-06-02T20:00Z,IT_NORD,108.15
2024-06-02T21:00Z,IT_NORD,103.43
2024-06-02T22:00Z,IT_NORD,115.42
2024-06-02T23:00Z,IT_NORD,113.94
2024-06-03T00:00Z,IT_NORD,113.74
2024-06-03T01:00Z,IT_NORD,111.36
2024-06-03T02:00Z,IT_NORD,104.65
2024-06-03T03:00Z,IT_NORD,108.79
2024-06-03T04:00Z,IT_NORD,107.04
2024-06-03T05:00Z,IT_NORD,106.78
2024-06-03T06:00Z,IT_NORD,102.08
2024-06-03T07:00Z,IT_NORD,107.82
2024-06-03T08:00Z,IT_NORD,109.33
2024-06-03T09:00Z,IT_NORD,105.68
2024-06-03T10:00Z,IT_NORD,103.6
2024-06-03T11:00Z,IT_NORD,98.06
2024-06-03T12:00Z,IT_NORD,90.39
2024-06-03T13:00Z,IT_NORD,104.7
2024-06-03T14:00Z,IT_NORD,105.03
2024-06-03T15:00Z,IT_NORD,109.4
2024-06-03T16:00Z,IT_NORD,113.73
2024-06-03T17:00Z,IT_NORD,110.76
2024-06-03T18:00Z,IT_NORD,108.63
2024-06-03T19:00Z,IT_NORD,106.78
2024-06-03T20:00Z,IT_NORD,112.08
2024-06-03T21:00Z,IT_NORD,102.47
2024-06-03T22:00Z,IT_NORD,104.95
2024-06-03T23:00Z,IT_NORD,102.58
2024-06-04T00:00Z,IT_NORD,107.1
2024-06-04T01:00Z,IT_NORD,110.48
2024-06-04T02:00Z,IT_NORD,108.25
2024-06-04T03:00Z,IT_NORD,116.93
2024-06-04T04:00Z,IT_NORD,122.86
2024-06-04T05:00Z,IT_NORD,116.39
2024-06-04T06:00Z,IT_NORD,114.45
2024-06-04T07:00Z,IT_NORD,112.95
2024-06-04T08:00Z,IT_NORD,109.19
2024-06-04T09:00Z,IT_NORD,109.35
2024-06-04T10:00Z,IT_NORD,111.9
2024-06-04T11:00Z,IT_NORD,109.44
2024-06-04T12:00Z,IT_NORD,107.72
2024-06-04T13:00Z,IT_NORD,114.32
2024-06-04T14:00Z,IT_NORD,115.87
2024-06-04T15:00Z,IT_NORD,120.74
2024-06-04T16:00Z,IT_NORD,119.1
2024-06-04T17:00Z,IT_NORD,123.25
2024-06-04T18:00Z,IT_NORD,122.44
2024-06-04T19:00Z,IT_NORD,117.27
2024-06-04T20:00Z,IT_NORD,118.29
2024-06-04T21:00Z,IT_NORD,116.31
2024-06-04T22:00Z,IT_NORD,101.71
2024-06-04T23:00Z,IT_NORD,98.53
2024-06-05T00:00Z,IT_NORD,102.7
2024-06-05T01:00Z,IT_NORD,103.76
2024-06-05T02:00Z,IT_NORD,104.04
2024-06-05T03:00Z,IT_NORD,108.96
2024-06-05T04:00Z,IT_NORD,105.12
2024-06-05T05:00Z,IT_NORD,107.45
2024-06-05T06:00Z,IT_NORD,105.99
2024-06-05T07:00Z,IT_NORD,108.04
2024-06-05T08:00Z,IT_NORD,108.49
2024-06-05T09:00Z,IT_NORD,110.44
2024-06-05T10:00Z,IT_NORD,22.41
2024-06-05T11:00Z,IT_NORD,7.55
2024-06-05T12:00Z,IT_NORD,21.89
2024-06-05T13:00Z,IT_NORD,83.39
2024-06-05T14:00Z,IT_NORD,109.73
2024-06-05T15:00Z,IT_NORD,112.11
2024-06-05T16:00Z,IT_NORD,113.7
2024-06-05T17:00Z,IT_NORD,117.72
2024-06-05T18:00Z,IT_NORD,116.36
2024-06-05T19:00Z,IT_NORD,111.69
2024-06-05T20:00Z,IT_NORD,112.89
2024-06-05T21:00Z,IT_NORD,111.48
2024-06-05T22:00Z,IT_NORD,104.96
2024-06-05T23:00Z,IT_NORD,100.58
2024-06-06T00:00Z,IT_NORD,96.53
2024-06-06T01:00Z,IT_NORD,96.0
2024-06-06T02:00Z,IT_NORD,97.2
2024-06-06T03:00Z,IT_NORD,99.61
2024-06-06T04:00Z,IT_NORD,108.04
2024-06-06T05:00Z,IT_NORD,103.8
2024-06-06T06:00Z,IT_NORD,105.57
2024-06-06T07:00Z,IT_NORD,105.28
2024-06-06T08:00Z,IT_NORD,105.46
2024-06-06T09:00Z,IT_NORD,105.78
2024-06-06T10:00Z,IT_NORD,100.78
2024-06-06T11:00Z,IT_NORD,98.99
2024-06-06T12:00Z,IT_NORD,103.08
2024-06-06T13:00Z,IT_NORD,101.35
2024-06-06T14:00Z,IT_NORD,104.37
2024-06-06T15:00Z,IT_NORD,105.03
2024-06-06T16:00Z,IT_NORD,110.49
2024-06-06T17:00Z,IT_NORD,102.21
2024-06-06T18:00Z,IT_NORD,99.91
2024-06-06T19:00Z,IT_NORD,99.23
2024-06-06T20:00Z,IT_NORD,102.95
2024-06-06T21:00Z,IT_NORD,99.1
2024-06-06T22:00Z,IT_NORD,85.07
2024-06-06T23:00Z,IT_NORD,84.55
2024-06-07T00:00Z,IT_NORD,83.79
2024-06-07T01:00Z,IT_NORD,83.18
2024-06-07T02:00Z,IT_NORD,82.77
2024-06-07T03:00Z,IT_NORD,86.65
2024-06-07T04:00Z,IT_NORD,95.07
2024-06-07T05:00Z,IT_NORD,89.27
2024-06-07T06:00Z,IT_NORD,84.61
2024-06-07T07:00Z,IT_NORD,85.83
2024-06-07T08:00Z,IT_NORD,89.05
2024-06-07T09:00Z,IT_NORD,84.08
2024-06-07T10:00Z,IT_NORD,86.54
2024-06-07T11:00Z,IT_NORD,89.82
2024-06-07T12:00Z,IT_NORD,92.24
2024-06-07T13:00Z,IT_NORD,93.23
2024-06-07T14:00Z,IT_NORD,93.86
2024-06-07T15:00Z,IT_NORD,93.47
2024-06-07T16:00Z,IT_NORD,99.12
2024-06-07T17:00Z,IT_NORD,94.31
2024-06-07T18:00Z,IT_NORD,90.58
2024-06-07T19:00Z,IT_NORD,82.92
2024-06-07T20:00Z,IT_NORD,83.64
2024-06-07T21:00Z,IT_NORD,78.3
2024-06-07T22:00Z,IT_NORD,81.03
2024-06-07T23:00Z,IT_NORD,86.13
2024-06-08T00:00Z,IT_NORD,87.55
2024-06-08T01:00Z,IT_NORD,92.0
2024-06-08T02:00Z,IT_NORD,92.61
2024-06-08T03:00Z,IT_NORD,96.73
2024-06-08T04:00Z,IT_NORD,92.42
2024-06-08T05:00Z,IT_NORD,93.19
2024-06-08T06:00Z,IT_NORD,95.2
2024-06-08T07:00Z,IT_NORD,98.12
2024-06-08T08:00Z,IT_NORD,4.87
2024-06-08T09:00Z,IT_NORD,2.38
2024-06-08T10:00Z,IT_NORD,2.66
2024-06-08T11:00Z,IT_NORD,10.4
2024-06-08T12:00Z,IT_NORD,8.82
2024-06-08T13:00Z,IT_NORD,10.18
2024-06-08T14:00Z,IT_NORD,13.32
2024-06-08T15:00Z,IT_NORD,6.59
2024-06-08T16:00Z,IT_NORD,30.17
2024-06-08T17:00Z,IT_NORD,93.68
2024-06-08T18:00Z,IT_NORD,100.04
2024-06-08T19:00Z,IT_NORD,98.9
2024-06-08T20:00Z,IT_NORD,94.66
2024-06-08T21:00Z,IT_NORD,91.72
2024-06-08T22:00Z,IT_NORD,2.94
2024-06-08T23:00Z,IT_NORD,0.81
2024-06-09T00:00Z,IT_NORD,0.59
2024-06-09T01:00Z,IT_NORD,2.68
2024-06-09T02:00Z,IT_NORD,66.28
2024-06-09T03:00Z,IT_NORD,85.39
2024-06-09T04:00Z,IT_NORD,89.23
2024-06-09T05:00Z,IT_NORD,95.03
2024-06-09T06:00Z,IT_NORD,4.2
2024-06-09T07:00Z,IT_NORD,24.63
2024-06-09T08:00Z,IT_NORD,14.21
2024-06-09T09:00Z,IT_NORD,5.62
2024-06-09T10:00Z,IT_NORD,3.46
2024-06-09T11:00Z,IT_NORD,2.45
2024-06-09T12:00Z,IT_NORD,2.69
2024-06-09T13:00Z,IT_NORD,8.19
2024-06-09T14:00Z,IT_NORD,9.86
2024-06-09T15:00Z,IT_NORD,101.35
2024-06-09T16:00Z,IT_NORD,103.99
2024-06-09T17:00Z,IT_NORD,100.21
2024-06-09T18:00Z,IT_NORD,106.13
2024-06-09T19:00Z,IT_NORD,100.64
2024-06-09T20:00Z,IT_NORD,100.88
2024-06-09T21:00Z,IT_NORD,100.05
2024-06-09T22:00Z,IT_NORD,102.27
2024-06-09T23:00Z,IT_NORD,87.77
2024-06-10T00:00Z,IT_NORD,92.16
2024-06-10T01:00Z,IT_NORD,97.04
2024-06-10T02:00Z,IT_NORD,95.88
2024-06-10T03:00Z,IT_NORD,97.48
2024-06-10T04:00Z,IT_NORD,97.72
2024-06-10T05:00Z,IT_NORD,99.34
2024-06-10T06:00Z,IT_NORD,98.43
2024-06-10T07:00Z,IT_NORD,92.99
2024-06-10T08:00Z,IT_NORD,93.72
2024-06-10T09:00Z,IT_NORD,97.5
2024-06-10T10:00Z,IT_NORD,98.62
2024-06-10T11:00Z,IT_NORD,100.92
2024-06-10T12:00Z,IT_NORD,101.66
2024-06-10T13:00Z,IT_NORD,99.68
2024-06-10T14:00Z,IT_NORD,95.15
2024-06-10T15:00Z,IT_NORD,95.51
2024-06-10T16:00Z,IT_NORD,93.64
2024-06-10T17:00Z,IT_NORD,97.93
2024-06-10T18:00Z,IT_NORD,92.79
2024-06-10T19:00Z,IT_NORD,90.83
2024-06-10T20:00Z,IT_NORD,89.39
2024-06-10T21:00Z,IT_NORD,95.16
2024-06-10T22:00Z,IT_NORD,107.75
2024-06-10T23:00Z,IT_NORD,99.45
2024-06-11T00:00Z,IT_NORD,103.17
2024-06-11T01:00Z,IT_NORD,100.3
2024-06-11T02:00Z,IT_NORD,95.56
2024-06-11T03:00Z,IT_NORD,94.34
2024-06-11T04:00Z,IT_NORD,97.97
2024-06-11T05:00Z,IT_NORD,98.11
2024-06-11T06:00Z,IT_NORD,101.12
2024-06-11T07:00Z,IT_NORD,98.32
2024-06-11T08:00Z,IT_NORD,88.42
2024-06-11T09:00Z,IT_NORD,90.03
2024-06-11T10:00Z,IT_NORD,91.01
2024-06-11T11:00Z,IT_NORD,95.39
2024-06-11T12:00Z,IT_NORD,99.51
2024-06-11T13:00Z,IT_NORD,108.48
2024-06-11T14:00Z,IT_NORD,104.87
2024-06-11T15:00Z,IT_NORD,108.96
2024-06-11T16:00Z,IT_NORD,100.94
2024-06-11T17:00Z,IT_NORD,102.25
2024-06-11T18:00Z,IT_NORD,93.94
2024-06-11T19:00Z,IT_NORD,95.16
2024-06-11T20:00Z,IT_NORD,90.16
2024-06-11T21:00Z,IT_NORD,89.15
2024-06-11T22:00Z,IT_NORD,94.25
2024-06-11T23:00Z,IT_NORD,96.63
2024-06-12T00:00Z,IT_NORD,97.65
2024-06-12T01:00Z,IT_NORD,95.55
2024-06-12T02:00Z,IT_NORD,99.23
2024-06-12T03:00Z,IT_NORD,102.02
2024-06-12T04:00Z,IT_NORD,104.04
2024-06-12T05:00Z,IT_NORD,101.08
2024-06-12T06:00Z,IT_NORD,98.07
2024-06-12T07:00Z,IT_NORD,90.95
2024-06-12T08:00Z,IT_NORD,90.49
2024-06-12T09:00Z,IT_NORD,92.19
2024-06-12T10:00Z,IT_NORD,89.25
2024-06-12T11:00Z,IT_NORD,92.43
2024-06-12T12:00Z,IT_NORD,92.65
2024-06-12T13:00Z,IT_NORD,98.38
2024-06-12T14:00Z,IT_NORD,106.16
2024-06-12T15:00Z,IT_NORD,102.99
2024-06-12T16:00Z,IT_NORD,106.67
2024-06-12T17:00Z,IT_NORD,107.34
2024-06-12T18:00Z,IT_NORD,101.84
2024-06-12T19:00Z,IT_NORD,96.66
2024-06-12T20:00Z,IT_NORD,98.03
2024-06-12T21:00Z,IT_NORD,93.2
2024-06-12T22:00Z,IT_NORD,105.64
2024-06-12T23:00Z,IT_NORD,110.93
2024-06-13T00:00Z,IT_NORD,115.25
2024-06-13T01:00Z,IT_NORD,111.34
2024-06-13T02:00Z,IT_NORD,110.25
2024-06-13T03:00Z,IT_NORD,114.24
2024-06-13T04:00Z,IT_NORD,118.01
2024-06-13T05:00Z,IT_NORD,120.38
2024-06-13T06:00Z,IT_NORD,110.82
2024-06-13T07:00Z,IT_NORD,109.7
2024-06-13T08:00Z,IT_NORD,111.76
2024-06-13T09:00Z,IT_NORD,103.59
2024-06-13T10:00Z,IT_NORD,106.05
2024-06-13T11:00Z,IT_NORD,105.62
2024-06-13T12:00Z,IT_NORD,110.7
2024-06-13T13:00Z,IT_NORD,107.5
2024-06-13T14:00Z,IT_NORD,117.09
2024-06-13T15:00Z,IT_NORD,120.83
2024-06-13T16:00Z,IT_NORD,121.9
2024-06-13T17:00Z,IT_NORD,113.14
2024-06-13T18:00Z,IT_NORD,110.31
2024-06-13T19:00Z,IT_NORD,113.21
2024-06-13T20:00Z,IT_NORD,109.76
2024-06-13T21:00Z,IT_NORD,104.35
2024-06-13T22:00Z,IT_NORD,87.83
2024-06-13T23:00Z,IT_NORD,87.69
2024-06-14T00:00Z,IT_NORD,85.9
2024-06-14T01:00Z,IT_NORD,87.9
2024-06-14T02:00Z,IT_NORD,88.61
2024-06-14T03:00Z,IT_NORD,91.74
2024-06-14T04:00Z,IT_NORD,95.21
2024-06-14T05:00Z,IT_NORD,96.51
2024-06-14T06:00Z,IT_NORD,96.03
2024-06-14T07:00Z,IT_NORD,95.73
2024-06-14T08:00Z,IT_NORD,93.27
2024-06-14T09:00Z,IT_NORD,89.26
2024-06-14T10:00Z,IT_NORD,91.71
2024-06-14T11:00Z,IT_NORD,90.42
2024-06-14T12:00Z,IT_NORD,93.07
2024-06-14T13:00Z,IT_NORD,97.8
2024-06-14T14:00Z,IT_NORD,99.04
2024-06-14T15:00Z,IT_NORD,99.06
2024-06-14T16:00Z,IT_NORD,102.41
2024-06-14T17:00Z,IT_NORD,102.29
2024-06-14T18:00Z,IT_NORD,101.42
2024-06-14T19:00Z,IT_NORD,94.81
2024-06-14T20:00Z,IT_NORD,99.22
2024-06-14T21:00Z,IT_NORD,95.02
2024-06-14T22:00Z,IT_NORD,104.16
2024-06-14T23:00Z,IT_NORD,100.73
2024-06-15T00:00Z,IT_NORD,100.83
2024-06-15T01:00Z,IT_NORD,97.89
2024-06-15T02:00Z,IT_NORD,97.47
2024-06-15T03:00Z,IT_NORD,97.69
2024-06-15T04:00Z,IT_NORD,100.54
2024-06-15T05:00Z,IT_NORD,102.65
2024-06-15T06:00Z,IT_NORD,99.16
2024-06-15T07:00Z,IT_NORD,97.99
2024-06-15T08:00Z,IT_NORD,97.05
2024-06-15T09:00Z,IT_NORD,92.89
2024-06-15T10:00Z,IT_NORD,90.3
2024-06-15T11:00Z,IT_NORD,94.32
2024-06-15T12:00Z,IT_NORD,95.4
2024-06-15T13:00Z,IT_NORD,99.02
2024-06-15T14:00Z,IT_NORD,99.78
2024-06-15T15:00Z,IT_NORD,102.45
2024-06-15T16:00Z,IT_NORD,100.06
2024-06-15T17:00Z,IT_NORD,100.12
2024-06-15T18:00Z,IT_NORD,102.2
2024-06-15T19:00Z,IT_NORD,97.73
2024-06-15T20:00Z,IT_NORD,94.74
2024-06-15T21:00Z,IT_NORD,96.98
2024-06-15T22:00Z,IT_NORD,92.0
2024-06-15T23:00Z,IT_NORD,94.03
2024-06-16T00:00Z,IT_NORD,90.64
2024-06-16T01:00Z,IT_NORD,92.86
2024-06-16T02:00Z,IT_NORD,93.32
2024-06-16T03:00Z,IT_NORD,96.76
2024-06-16T04:00Z,IT_NORD,95.34
2024-06-16T05:00Z,IT_NORD,94.28
2024-06-16T06:00Z,IT_NORD,93.51
2024-06-16T07:00Z,IT_NORD,88.49
2024-06-16T08:00Z,IT_NORD,84.59
2024-06-16T09:00Z,IT_NORD,81.83
2024-06-16T10:00Z,IT_NORD,88.14
2024-06-16T11:00Z,IT_NORD,89.57
2024-06-16T12:00Z,IT_NORD,92.6
2024-06-16T13:00Z,IT_NORD,92.63
2024-06-16T14:00Z,IT_NORD,100.71
2024-06-16T15:00Z,IT_NORD,103.64
2024-06-16T16:00Z,IT_NORD,101.88
2024-06-16T17:00Z,IT_NORD,96.26
2024-06-16T18:00Z,IT_NORD,94.77
2024-06-16T19:00Z,IT_NORD,93.56
2024-06-16T20:00Z,IT_NORD,93.34
2024-06-16T21:00Z,IT_NORD,89.99
2024-06-16T22:00Z,IT_NORD,107.17
2024-06-16T23:00Z,IT_NORD,98.18
2024-06-17T00:00Z,IT_NORD,101.22
2024-06-17T01:00Z,IT_NORD,98.23
2024-06-17T02:00Z,IT_NORD,101.66
2024-06-17T03:00Z,IT_NORD,106.91
2024-06-17T04:00Z,IT_NORD,110.03
2024-06-17T05:00Z,IT_NORD,106.04
2024-06-17T06:00Z,IT_NORD,101.71
2024-06-17T07:00Z,IT_NORD,99.13
2024-06-17T08:00Z,IT_NORD,101.88
2024-06-17T09:00Z,IT_NORD,100.62
2024-06-17T10:00Z,IT_NORD,97.16
2024-06-17T11:00Z,IT_NORD,100.26
2024-06-17T12:00Z,IT_NORD,98.46
2024-06-17T13:00Z,IT_NORD,105.48
2024-06-17T14:00Z,IT_NORD,104.4
2024-06-17T15:00Z,IT_NORD,108.4
2024-06-17T16:00Z,IT_NORD,99.25
2024-06-17T17:00Z,IT_NORD,99.52
2024-06-17T18:00Z,IT_NORD,100.64
2024-06-17T19:00Z,IT_NORD,103.29
2024-06-17T20:00Z,IT_NORD,101.58
2024-06-17T21:00Z,IT_NORD,103.54
2024-06-17T22:00Z,IT_NORD,98.15
2024-06-17T23:00Z,IT_NORD,96.41
2024-06-18T00:00Z,IT_NORD,100.33
2024-06-18T01:00Z,IT_NORD,103.37
2024-06-18T02:00Z,IT_NORD,102.94
2024-06-18T03:00Z,IT_NORD,105.33
2024-06-18T04:00Z,IT_NORD,105.14
2024-06-18T05:00Z,IT_NORD,111.16
2024-06-18T06:00Z,IT_NORD,105.42
2024-06-18T07:00Z,IT_NORD,109.36
2024-06-18T08:00Z,IT_NORD,103.85
2024-06-18T09:00Z,IT_NORD,101.24
2024-06-18T10:00Z,IT_NORD,102.77
2024-06-18T11:00Z,IT_NORD,104.21
2024-06-18T12:00Z,IT_NORD,107.66
2024-06-18T13:00Z,IT_NORD,108.08
2024-06-18T14:00Z,IT_NORD,106.0
2024-06-18T15:00Z,IT_NORD,106.38
2024-06-18T16:00Z,IT_NORD,106.99
2024-06-18T17:00Z,IT_NORD,103.71
2024-06-18T18:00Z,IT_NORD,103.81
2024-06-18T19:00Z,IT_NORD,96.03
2024-06-18T20:00Z,IT_NORD,96.67
2024-06-18T21:00Z,IT_NORD,101.62
2024-06-18T22:00Z,IT_NORD,96.15
2024-06-18T23:00Z,IT_NORD,96.81
2024-06-19T00:00Z,IT_NORD,98.3
2024-06-19T01:00Z,IT_NORD,98.3
2024-06-19T02:00Z,IT_NORD,102.28
2024-06-19T03:00Z,IT_NORD,101.14
2024-06-19T04:00Z,IT_NORD,111.59
2024-06-19T05:00Z,IT_NORD,113.08
2024-06-19T06:00Z,IT_NORD,109.04
2024-06-19T07:00Z,IT_NORD,101.86
2024-06-19T08:00Z,IT_NORD,102.57
2024-06-19T09:00Z,IT_NORD,102.58
2024-06-19T10:00Z,IT_NORD,104.1
2024-06-19T11:00Z,IT_NORD,104.89
2024-06-19T12:00Z,IT_NORD,107.61
2024-06-19T13:00Z,IT_NORD,110.42
2024-06-19T14:00Z,IT_NORD,112.58
2024-06-19T15:00Z,IT_NORD,114.62
2024-06-19T16:00Z,IT_NORD,111.78
2024-06-19T17:00Z,IT_NORD,106.52
2024-06-19T18:00Z,IT_NORD,111.39
2024-06-19T19:00Z,IT_NORD,108.39
2024-06-19T20:00Z,IT_NORD,105.22
2024-06-19T21:00Z,IT_NORD,103.28
2024-06-19T22:00Z,IT_NORD,99.74
2024-06-19T23:00Z,IT_NORD,99.94
2024-06-20T00:00Z,IT_NORD,96.43
2024-06-20T01:00Z,IT_NORD,97.01
2024-06-20T02:00Z,IT_NORD,97.72
2024-06-20T03:00Z,IT_NORD,99.82
2024-06-20T04:00Z,IT_NORD,100.53
2024-06-20T05:00Z,IT_NORD,103.96
2024-06-20T06:00Z,IT_NORD,97.1
2024-06-20T07:00Z,IT_NORD,100.18
2024-06-20T08:00Z,IT_NORD,93.41
2024-06-20T09:00Z,IT_NORD,96.64
2024-06-20T10:00Z,IT_NORD,99.48
2024-06-20T11:00Z,IT_NORD,96.6
2024-06-20T12:00Z,IT_NORD,100.74
2024-06-20T13:00Z,IT_NORD,100.05
2024-06-20T14:00Z,IT_NORD,101.97
2024-06-20T15:00Z,IT_NORD,103.69
2024-06-20T16:00Z,IT_NORD,99.12
2024-06-20T17:00Z,IT_NORD,104.42
2024-06-20T18:00Z,IT_NORD,100.38
2024-06-20T19:00Z,IT_NORD,99.95
2024-06-20T20:00Z,IT_NORD,98.52
2024-06-20T21:00Z,IT_NORD,97.73
2024-06-20T22:00Z,IT_NORD,84.04
2024-06-20T23:00Z,IT_NORD,82.69
2024-06-21T00:00Z,IT_NORD,33.65
2024-06-21T01:00Z,IT_NORD,5.16
2024-06-21T02:00Z,IT_NORD,94.19
2024-06-21T03:00Z,IT_NORD,97.16
2024-06-21T04:00Z,IT_NORD,95.46
2024-06-21T05:00Z,IT_NORD,90.37
2024-06-21T06:00Z,IT_NORD,93.99
2024-06-21T07:00Z,IT_NORD,96.1
2024-06-21T08:00Z,IT_NORD,95.05
2024-06-21T09:00Z,IT_NORD,88.43
2024-06-21T10:00Z,IT_NORD,86.37
2024-06-21T11:00Z,IT_NORD,85.41
2024-06-21T12:00Z,IT_NORD,93.76
2024-06-21T13:00Z,IT_NORD,95.52
2024-06-21T14:00Z,IT_NORD,93.4
2024-06-21T15:00Z,IT_NORD,104.3
2024-06-21T16:00Z,IT_NORD,101.7
2024-06-21T17:00Z,IT_NORD,101.03
2024-06-21T18:00Z,IT_NORD,101.25
2024-06-21T19:00Z,IT_NORD,98.93
2024-06-21T20:00Z,IT_NORD,94.88
2024-06-21T21:00Z,IT_NORD,104.18
2024-06-21T22:00Z,IT_NORD,111.94
2024-06-21T23:00Z,IT_NORD,106.48
2024-06-22T00:00Z,IT_NORD,103.67
2024-06-22T01:00Z,IT_NORD,105.34
2024-06-22T02:00Z,IT_NORD,107.97
2024-06-22T03:00Z,IT_NORD,108.22
2024-06-22T04:00Z,IT_NORD,102.86
2024-06-22T05:00Z,IT_NORD,102.39
2024-06-22T06:00Z,IT_NORD,102.09
2024-06-22T07:00Z,IT_NORD,98.72
2024-06-22T08:00Z,IT_NORD,32.88
2024-06-22T09:00Z,IT_NORD,6.66
2024-06-22T10:00Z,IT_NORD,25.98
2024-06-22T11:00Z,IT_NORD,23.14
2024-06-22T12:00Z,IT_NORD,23.72
2024-06-22T13:00Z,IT_NORD,7.82
2024-06-22T14:00Z,IT_NORD,105.52
2024-06-22T15:00Z,IT_NORD,102.15
2024-06-22T16:00Z,IT_NORD,102.78
2024-06-22T17:00Z,IT_NORD,103.78
2024-06-22T18:00Z,IT_NORD,103.65
2024-06-22T19:00Z,IT_NORD,96.93
2024-06-22T20:00Z,IT_NORD,95.34
2024-06-22T21:00Z,IT_NORD,100.06
2024-06-22T22:00Z,IT_NORD,89.83
2024-06-22T23:00Z,IT_NORD,26.54
2024-06-23T00:00Z,IT_NORD,95.33
2024-06-23T01:00Z,IT_NORD,98.16
2024-06-23T02:00Z,IT_NORD,97.05
2024-06-23T03:00Z,IT_NORD,99.16
2024-06-23T04:00Z,IT_NORD,94.51
2024-06-23T05:00Z,IT_NORD,53.88
2024-06-23T06:00Z,IT_NORD,1.13
2024-06-23T07:00Z,IT_NORD,1.25
2024-06-23T08:00Z,IT_NORD,2.35
2024-06-23T09:00Z,IT_NORD,20.51
2024-06-23T10:00Z,IT_NORD,17.86
2024-06-23T11:00Z,IT_NORD,3.43
2024-06-23T12:00Z,IT_NORD,3.1
2024-06-23T13:00Z,IT_NORD,22.85
2024-06-23T14:00Z,IT_NORD,19.9
2024-06-23T15:00Z,IT_NORD,7.66
2024-06-23T16:00Z,IT_NORD,93.64
2024-06-23T17:00Z,IT_NORD,101.84
2024-06-23T18:00Z,IT_NORD,99.98
2024-06-23T19:00Z,IT_NORD,98.37
2024-06-23T20:00Z,IT_NORD,95.3
2024-06-23T21:00Z,IT_NORD,94.22
2024-06-23T22:00Z,IT_NORD,97.72
2024-06-23T23:00Z,IT_NORD,89.29
2024-06-24T00:00Z,IT_NORD,92.27
2024-06-24T01:00Z,IT_NORD,95.46
2024-06-24T02:00Z,IT_NORD,95.71
2024-06-24T03:00Z,IT_NORD,93.78
2024-06-24T04:00Z,IT_NORD,98.63
2024-06-24T05:00Z,IT_NORD,100.63
2024-06-24T06:00Z,IT_NORD,93.5
2024-06-24T07:00Z,IT_NORD,95.38
2024-06-24T08:00Z,IT_NORD,98.35
2024-06-24T09:00Z,IT_NORD,94.44
2024-06-24T10:00Z,IT_NORD,96.07
2024-06-24T11:00Z,IT_NORD,95.18
2024-06-24T12:00Z,IT_NORD,99.48
2024-06-24T13:00Z,IT_NORD,103.95
2024-06-24T14:00Z,IT_NORD,105.55
2024-06-24T15:00Z,IT_NORD,102.93
2024-06-24T16:00Z,IT_NORD,109.38
2024-06-24T17:00Z,IT_NORD,109.62
2024-06-24T18:00Z,IT_NORD,109.48
2024-06-24T19:00Z,IT_NORD,100.56
2024-06-24T20:00Z,IT_NORD,104.42
2024-06-24T21:00Z,IT_NORD,101.37
2024-06-24T22:00Z,IT_NORD,104.23
2024-06-24T23:00Z,IT_NORD,104.32
2024-06-25T00:00Z,IT_NORD,102.15
2024-06-25T01:00Z,IT_NORD,102.98
2024-06-25T02:00Z,IT_NORD,102.93
2024-06-25T03:00Z,IT_NORD,105.61
2024-06-25T04:00Z,IT_NORD,107.09
2024-06-25T05:00Z,IT_NORD,105.53
2024-06-25T06:00Z,IT_NORD,106.65
2024-06-25T07:00Z,IT_NORD,108.71
2024-06-25T08:00Z,IT_NORD,105.87
2024-06-25T09:00Z,IT_NORD,96.87
2024-06-25T10:00Z,IT_NORD,94.1
2024-06-25T11:00Z,IT_NORD,95.26
2024-06-25T12:00Z,IT_NORD,94.29
2024-06-25T13:00Z,IT_NORD,93.68
2024-06-25T14:00Z,IT_NORD,97.48
2024-06-25T15:00Z,IT_NORD,98.48
2024-06-25T16:00Z,IT_NORD,101.63
2024-06-25T17:00Z,IT_NORD,100.75
2024-06-25T18:00Z,IT_NORD,97.94
2024-06-25T19:00Z,IT_NORD,97.78
2024-06-25T20:00Z,IT_NORD,95.06
2024-06-25T21:00Z,IT_NORD,94.8
2024-06-25T22:00Z,IT_NORD,95.26
2024-06-25T23:00Z,IT_NORD,97.46
2024-06-26T00:00Z,IT_NORD,97.33
2024-06-26T01:00Z,IT_NORD,97.86
2024-06-26T02:00Z,IT_NORD,100.58
2024-06-26T03:00Z,IT_NORD,106.7
2024-06-26T04:00Z,IT_NORD,109.81
2024-06-26T05:00Z,IT_NORD,112.2
2024-06-26T06:00Z,IT_NORD,104.18
2024-06-26T07:00Z,IT_NORD,100.73
2024-06-26T08:00Z,IT_NORD,101.35
2024-06-26T09:00Z,IT_NORD,100.3
2024-06-26T10:00Z,IT_NORD,98.14
2024-06-26T11:00Z,IT_NORD,91.29
2024-06-26T12:00Z,IT_NORD,93.48
2024-06-26T13:00Z,IT_NORD,100.49
2024-06-26T14:00Z,IT_NORD,101.16
2024-06-26T15:00Z,IT_NORD,100.18
2024-06-26T16:00Z,IT_NORD,103.32
2024-06-26T17:00Z,IT_NORD,106.75
2024-06-26T18:00Z,IT_NORD,106.72
2024-06-26T19:00Z,IT_NORD,103.55
2024-06-26T20:00Z,IT_NORD,102.76
2024-06-26T21:00Z,IT_NORD,104.21
2024-06-26T22:00Z,IT_NORD,104.1
2024-06-26T23:00Z,IT_NORD,104.51
2024-06-27T00:00Z,IT_NORD,102.12
2024-06-27T01:00Z,IT_NORD,99.9
2024-06-27T02:00Z,IT_NORD,103.98
2024-06-27T03:00Z,IT_NORD,112.73
2024-06-27T04:00Z,IT_NORD,118.04
2024-06-27T05:00Z,IT_NORD,116.32
2024-06-27T06:00Z,IT_NORD,107.11
2024-06-27T07:00Z,IT_NORD,99.9
2024-06-27T08:00Z,IT_NORD,99.17
2024-06-27T09:00Z,IT_NORD,94.54
2024-06-27T10:00Z,IT_NORD,99.25
2024-06-27T11:00Z,IT_NORD,94.86
2024-06-27T12:00Z,IT_NORD,99.3
2024-06-27T13:00Z,IT_NORD,97.34
2024-06-27T14:00Z,IT_NORD,101.37
2024-06-27T15:00Z,IT_NORD,102.98
2024-06-27T16:00Z,IT_NORD,109.37
2024-06-27T17:00Z,IT_NORD,102.01
2024-06-27T18:00Z,IT_NORD,108.6
2024-06-27T19:00Z,IT_NORD,107.48
2024-06-27T20:00Z,IT_NORD,107.94
2024-06-27T21:00Z,IT_NORD,99.18
2024-06-27T22:00Z,IT_NORD,91.61
2024-06-27T23:00Z,IT_NORD,95.04
2024-06-28T00:00Z,IT_NORD,88.22
2024-06-28T01:00Z,IT_NORD,90.8
2024-06-28T02:00Z,IT_NORD,93.31
2024-06-28T03:00Z,IT_NORD,98.43
2024-06-28T04:00Z,IT_NORD,105.9
2024-06-28T05:00Z,IT_NORD,102.99
2024-06-28T06:00Z,IT_NORD,98.79
2024-06-28T07:00Z,IT_NORD,93.52
2024-06-28T08:00Z,IT_NORD,91.55
2024-06-28T09:00Z,IT_NORD,92.13
2024-06-28T10:00Z,IT_NORD,89.68
2024-06-28T11:00Z,IT_NORD,89.96
2024-06-28T12:00Z,IT_NORD,87.9
2024-06-28T13:00Z,IT_NORD,95.72
2024-06-28T14:00Z,IT_NORD,95.04
2024-06-28T15:00Z,IT_NORD,95.38
2024-06-28T16:00Z,IT_NORD,102.83
2024-06-28T17:00Z,IT_NORD,95.79
2024-06-28T18:00Z,IT_NORD,102.11
2024-06-28T19:00Z,IT_NORD,100.16
2024-06-28T20:00Z,IT_NORD,98.59
2024-06-28T21:00Z,IT_NORD,97.19
2024-06-28T22:00Z,IT_NORD,106.34
2024-06-28T23:00Z,IT_NORD,107.02
2024-06-29T00:00Z,IT_NORD,108.86
2024-06-29T01:00Z,IT_NORD,112.7
2024-06-29T02:00Z,IT_NORD,111.6
2024-06-29T03:00Z,IT_NORD,110.24
2024-06-29T04:00Z,IT_NORD,108.69
2024-06-29T05:00Z,IT_NORD,105.65
2024-06-29T06:00Z,IT_NORD,105.48
2024-06-29T07:00Z,IT_NORD,101.57
2024-06-29T08:00Z,IT_NORD,100.13
2024-06-29T09:00Z,IT_NORD,94.99
2024-06-29T10:00Z,IT_NORD,94.74
2024-06-29T11:00Z,IT_NORD,98.27
2024-06-29T12:00Z,IT_NORD,99.07
2024-06-29T13:00Z,IT_NORD,102.26
2024-06-29T14:00Z,IT_NORD,100.59
2024-06-29T15:00Z,IT_NORD,103.63
2024-06-29T16:00Z,IT_NORD,97.94
2024-06-29T17:00Z,IT_NORD,105.77
2024-06-29T18:00Z,IT_NORD,110.46
2024-06-29T19:00Z,IT_NORD,106.1
2024-06-29T20:00Z,IT_NORD,98.34
2024-06-29T21:00Z,IT_NORD,96.25
2024-06-29T22:00Z,IT_NORD,90.36
2024-06-29T23:00Z,IT_NORD,84.9
2024-06-30T00:00Z,IT_NORD,87.85
2024-06-30T01:00Z,IT_NORD,92.43
2024-06-30T02:00Z,IT_NORD,94.43
2024-06-30T03:00Z,IT_NORD,97.35
2024-06-30T04:00Z,IT_NORD,89.3
2024-06-30T05:00Z,IT_NORD,91.05
2024-06-30T06:00Z,IT_NORD,92.14
2024-06-30T07:00Z,IT_NORD,1.6
2024-06-30T08:00Z,IT_NORD,6.42
2024-06-30T09:00Z,IT_NORD,1.82
2024-06-30T10:00Z,IT_NORD,1.93
2024-06-30T11:00Z,IT_NORD,1.16
2024-06-30T12:00Z,IT_NORD,5.64
2024-06-30T13:00Z,IT_NORD,7.27
2024-06-30T14:00Z,IT_NORD,9.08
2024-06-30T15:00Z,IT_NORD,17.69
2024-06-30T16:00Z,IT_NORD,101.31
2024-06-30T17:00Z,IT_NORD,103.42
2024-06-30T18:00Z,IT_NORD,103.67
2024-06-30T19:00Z,IT_NORD,95.95
2024-06-30T20:00Z,IT_NORD,96.89
2024-06-30T21:00Z,IT_NORD,100.11
