timestamp_utc,zone,load_forecast_mw
2023-12-31T23:00Z,DE_LU,39496
2024-01-01T00:00Z,DE_LU,38765
2024-01-01T01:00Z,DE_LU,37894
2024-01-01T02:00Z,DE_LU,38393
2024-01-01T03:00Z,DE_LU,38891
2024-01-01T04:00Z,DE_LU,40423
2024-01-01T05:00Z,DE_LU,43403
2024-01-01T06:00Z,DE_LU,46057
2024-01-01T07:00Z,DE_LU,46758
2024-01-01T08:00Z,DE_LU,47067
2024-01-01T09:00Z,DE_LU,46979
2024-01-01T10:00Z,DE_LU,47000
2024-01-01T11:00Z,DE_LU,45972
2024-01-01T12:00Z,DE_LU,45163
2024-01-01T13:00Z,DE_LU,45409
2024-01-01T14:00Z,DE_LU,45818
2024-01-01T15:00Z,DE_LU,46157
2024-01-01T16:00Z,DE_LU,47751
2024-01-01T17:00Z,DE_LU,47924
2024-01-01T18:00Z,DE_LU,46955
2024-01-01T19:00Z,DE_LU,45485
2024-01-01T20:00Z,DE_LU,43906
2024-01-01T21:00Z,DE_LU,42578
2024-01-01T22:00Z,DE_LU,40780
2024-01-01T23:00Z,DE_LU,43847
2024-01-02T00:00Z,DE_LU,42527
2024-01-02T01:00Z,DE_LU,41074
2024-01-02T02:00Z,DE_LU,41765
2024-01-02T03:00Z,DE_LU,42869
2024-01-02T04:00Z,DE_LU,46970
2024-01-02T05:00Z,DE_LU,53501
2024-01-02T06:00Z,DE_LU,58885
2024-01-02T07:00Z,DE_LU,61187
2024-01-02T08:00Z,DE_LU,61452
2024-01-02T09:00Z,DE_LU,61451
2024-01-02T10:00Z,DE_LU,60961
2024-01-02T11:00Z,DE_LU,59871
2024-01-02T12:00Z,DE_LU,59186
2024-01-02T13:00Z,DE_LU,58908
2024-01-02T14:00Z,DE_LU,58619
2024-01-02T15:00Z,DE_LU,60569
2024-01-02T16:00Z,DE_LU,63718
2024-01-02T17:00Z,DE_LU,64218
2024-01-02T18:00Z,DE_LU,61634
2024-01-02T19:00Z,DE_LU,57863
2024-01-02T20:00Z,DE_LU,54289
2024-01-02T21:00Z,DE_LU,50343
2024-01-02T22:00Z,DE_LU,46992
2024-01-02T23:00Z,DE_LU,45237
2024-01-03T00:00Z,DE_LU,43731
2024-01-03T01:00Z,DE_LU,42893
2024-01-03T02:00Z,DE_LU,43384
2024-01-03T03:00Z,DE_LU,44826
2024-01-03T04:00Z,DE_LU,48792
2024-01-03T05:00Z,DE_LU,55500
2024-01-03T06:00Z,DE_LU,61095
2024-01-03T07:00Z,DE_LU,63599
2024-01-03T08:00Z,DE_LU,64369
2024-01-03T09:00Z,DE_LU,63867
2024-01-03T10:00Z,DE_LU,63693
2024-01-03T11:00Z,DE_LU,62704
2024-01-03T12:00Z,DE_LU,61457
2024-01-03T13:00Z,DE_LU,60868
2024-01-03T14:00Z,DE_LU,60705
2024-01-03T15:00Z,DE_LU,62415
2024-01-03T16:00Z,DE_LU,65757
2024-01-03T17:00Z,DE_LU,66018
2024-01-03T18:00Z,DE_LU,63878
2024-01-03T19:00Z,DE_LU,60161
2024-01-03T20:00Z,DE_LU,56841
2024-01-03T21:00Z,DE_LU,53286
2024-01-03T22:00Z,DE_LU,49323
2024-01-03T23:00Z,DE_LU,46095
2024-01-04T00:00Z,DE_LU,44594
2024-01-04T01:00Z,DE_LU,43299
2024-01-04T02:00Z,DE_LU,43083
2024-01-04T03:00Z,DE_LU,44690
2024-01-04T04:00Z,DE_LU,48178
2024-01-04T05:00Z,DE_LU,55074
2024-01-04T06:00Z,DE_LU,61188
2024-01-04T07:00Z,DE_LU,63465
2024-01-04T08:00Z,DE_LU,64231
2024-01-04T09:00Z,DE_LU,64183
2024-01-04T10:00Z,DE_LU,63260
2024-01-04T11:00Z,DE_LU,62167
2024-01-04T12:00Z,DE_LU,61857
2024-01-04T13:00Z,DE_LU,60919
2024-01-04T14:00Z,DE_LU,61425
2024-01-04T15:00Z,DE_LU,63541
2024-01-04T16:00Z,DE_LU,67161
2024-01-04T17:00Z,DE_LU,67973
2024-01-04T18:00Z,DE_LU,65524
2024-01-04T19:00Z,DE_LU,61540
2024-01-04T20:00Z,DE_LU,58452
2024-01-04T21:00Z,DE_LU,54388
2024-01-04T22:00Z,DE_LU,49538
2024-01-04T23:00Z,DE_LU,46747
2024-01-05T00:00Z,DE_LU,45115
2024-01-05T01:00Z,DE_LU,43768
2024-01-05T02:00Z,DE_LU,43758
2024-01-05T03:00Z,DE_LU,44646
2024-01-05T04:00Z,DE_LU,48431
2024-01-05T05:00Z,DE_LU,55885
2024-01-05T06:00Z,DE_LU,61691
2024-01-05T07:00Z,DE_LU,63854
2024-01-05T08:00Z,DE_LU,64697
2024-01-05T09:00Z,DE_LU,64671
2024-01-05T10:00Z,DE_LU,63886
2024-01-05T11:00Z,DE_LU,62789
2024-01-05T12:00Z,DE_LU,62166
2024-01-05T13:00Z,DE_LU,61350
2024-01-05T14:00Z,DE_LU,61336
2024-01-05T15:00Z,DE_LU,63292
2024-01-05T16:00Z,DE_LU,66482
2024-01-05T17:00Z,DE_LU,67622
2024-01-05T18:00Z,DE_LU,65060
2024-01-05T19:00Z,DE_LU,61865
2024-01-05T20:00Z,DE_LU,58553
2024-01-05T21:00Z,DE_LU,54334
2024-01-05T22:00Z,DE_LU,50324
2024-01-05T23:00Z,DE_LU,44361
2024-01-06T00:00Z,DE_LU,43673
2024-01-06T01:00Z,DE_LU,42771
2024-01-06T02:00Z,DE_LU,42609
2024-01-06T03:00Z,DE_LU,43503
2024-01-06T04:00Z,DE_LU,45544
2024-01-06T05:00Z,DE_LU,49219
2024-01-06T06:00Z,DE_LU,51929
2024-01-06T07:00Z,DE_LU,53113
2024-01-06T08:00Z,DE_LU,53584
2024-01-06T09:00Z,DE_LU,53671
2024-01-06T10:00Z,DE_LU,52735
2024-01-06T11:00Z,DE_LU,52051
2024-01-06T12:00Z,DE_LU,51864
2024-01-06T13:00Z,DE_LU,51305
2024-01-06T14:00Z,DE_LU,51545
2024-01-06T15:00Z,DE_LU,52592
2024-01-06T16:00Z,DE_LU,54590
2024-01-06T17:00Z,DE_LU,55073
2024-01-06T18:00Z,DE_LU,53632
2024-01-06T19:00Z,DE_LU,51492
2024-01-06T20:00Z,DE_LU,49999
2024-01-06T21:00Z,DE_LU,47734
2024-01-06T22:00Z,DE_LU,45898
2024-01-06T23:00Z,DE_LU,39408
2024-01-07T00:00Z,DE_LU,38807
2024-01-07T01:00Z,DE_LU,37853
2024-01-07T02:00Z,DE_LU,38097
2024-01-07T03:00Z,DE_LU,38895
2024-01-07T04:00Z,DE_LU,41182
2024-01-07T05:00Z,DE_LU,43871
2024-01-07T06:00Z,DE_LU,46224
2024-01-07T07:00Z,DE_LU,47508
2024-01-07T08:00Z,DE_LU,47370
2024-01-07T09:00Z,DE_LU,47369
2024-01-07T10:00Z,DE_LU,47444
2024-01-07T11:00Z,DE_LU,46770
2024-01-07T12:00Z,DE_LU,46818
2024-01-07T13:00Z,DE_LU,46773
2024-01-07T14:00Z,DE_LU,47041
2024-01-07T15:00Z,DE_LU,48223
2024-01-07T16:00Z,DE_LU,50072
2024-01-07T17:00Z,DE_LU,50516
2024-01-07T18:00Z,DE_LU,48907
2024-01-07T19:00Z,DE_LU,46915
2024-01-07T20:00Z,DE_LU,45386
2024-01-07T21:00Z,DE_LU,43727
2024-01-07T22:00Z,DE_LU,41829
2024-01-07T23:00Z,DE_LU,46286
2024-01-08T00:00Z,DE_LU,44402
2024-01-08T01:00Z,DE_LU,43045
2024-01-08T02:00Z,DE_LU,43020
2024-01-08T03:00Z,DE_LU,44539
2024-01-08T04:00Z,DE_LU,48578
2024-01-08T05:00Z,DE_LU,55606
2024-01-08T06:00Z,DE_LU,60834
2024-01-08T07:00Z,DE_LU,63064
2024-01-08T08:00Z,DE_LU,63563
2024-01-08T09:00Z,DE_LU,63078
2024-01-08T10:00Z,DE_LU,62286
2024-01-08T11:00Z,DE_LU,61490
2024-01-08T12:00Z,DE_LU,61087
2024-01-08T13:00Z,DE_LU,59848
2024-01-08T14:00Z,DE_LU,59659
2024-01-08T15:00Z,DE_LU,61515
2024-01-08T16:00Z,DE_LU,65258
2024-01-08T17:00Z,DE_LU,65489
2024-01-08T18:00Z,DE_LU,63299
2024-01-08T19:00Z,DE_LU,59887
2024-01-08T20:00Z,DE_LU,56131
2024-01-08T21:00Z,DE_LU,52309
2024-01-08T22:00Z,DE_LU,48850
2024-01-08T23:00Z,DE_LU,46038
2024-01-09T00:00Z,DE_LU,44596
2024-01-09T01:00Z,DE_LU,43613
2024-01-09T02:00Z,DE_LU,43996
2024-01-09T03:00Z,DE_LU,45156
2024-01-09T04:00Z,DE_LU,48704
2024-01-09T05:00Z,DE_LU,54640
2024-01-09T06:00Z,DE_LU,60597
2024-01-09T07:00Z,DE_LU,62802
2024-01-09T08:00Z,DE_LU,64188
2024-01-09T09:00Z,DE_LU,64157
2024-01-09T10:00Z,DE_LU,63782
2024-01-09T11:00Z,DE_LU,62276
2024-01-09T12:00Z,DE_LU,61672
2024-01-09T13:00Z,DE_LU,61039
2024-01-09T14:00Z,DE_LU,60610
2024-01-09T15:00Z,DE_LU,62524
2024-01-09T16:00Z,DE_LU,66089
2024-01-09T17:00Z,DE_LU,66934
2024-01-09T18:00Z,DE_LU,64520
2024-01-09T19:00Z,DE_LU,60745
2024-01-09T20:00Z,DE_LU,57242
2024-01-09T21:00Z,DE_LU,53551
2024-01-09T22:00Z,DE_LU,49253
2024-01-09T23:00Z,DE_LU,46854
2024-01-10T00:00Z,DE_LU,45141
2024-01-10T01:00Z,DE_LU,43492
2024-01-10T02:00Z,DE_LU,43485
2024-01-10T03:00Z,DE_LU,44464
2024-01-10T04:00Z,DE_LU,48407
2024-01-10T05:00Z,DE_LU,54886
2024-01-10T06:00Z,DE_LU,60203
2024-01-10T07:00Z,DE_LU,62685
2024-01-10T08:00Z,DE_LU,63596
2024-01-10T09:00Z,DE_LU,63480
2024-01-10T10:00Z,DE_LU,62936
2024-01-10T11:00Z,DE_LU,62587
2024-01-10T12:00Z,DE_LU,62031
2024-01-10T13:00Z,DE_LU,61612
2024-01-10T14:00Z,DE_LU,61426
2024-01-10T15:00Z,DE_LU,63531
2024-01-10T16:00Z,DE_LU,67098
2024-01-10T17:00Z,DE_LU,67370
2024-01-10T18:00Z,DE_LU,64743
2024-01-10T19:00Z,DE_LU,61387
2024-01-10T20:00Z,DE_LU,57879
2024-01-10T21:00Z,DE_LU,54116
2024-01-10T22:00Z,DE_LU,49982
2024-01-10T23:00Z,DE_LU,45482
2024-01-11T00:00Z,DE_LU,43794
2024-01-11T01:00Z,DE_LU,42673
2024-01-11T02:00Z,DE_LU,42429
2024-01-11T03:00Z,DE_LU,44192
2024-01-11T04:00Z,DE_LU,47955
2024-01-11T05:00Z,DE_LU,55175
2024-01-11T06:00Z,DE_LU,61364
2024-01-11T07:00Z,DE_LU,63438
2024-01-11T08:00Z,DE_LU,64014
2024-01-11T09:00Z,DE_LU,63631
2024-01-11T10:00Z,DE_LU,63341
2024-01-11T11:00Z,DE_LU,61845
2024-01-11T12:00Z,DE_LU,61020
2024-01-11T13:00Z,DE_LU,60394
2024-01-11T14:00Z,DE_LU,60542
2024-01-11T15:00Z,DE_LU,62335
2024-01-11T16:00Z,DE_LU,65628
2024-01-11T17:00Z,DE_LU,66106
2024-01-11T18:00Z,DE_LU,63587
2024-01-11T19:00Z,DE_LU,60392
2024-01-11T20:00Z,DE_LU,57142
2024-01-11T21:00Z,DE_LU,53273
2024-01-11T22:00Z,DE_LU,49630
2024-01-11T23:00Z,DE_LU,46707
2024-01-12T00:00Z,DE_LU,44940
2024-01-12T01:00Z,DE_LU,43788
2024-01-12T02:00Z,DE_LU,43743
2024-01-12T03:00Z,DE_LU,44350
2024-01-12T04:00Z,DE_LU,48834
2024-01-12T05:00Z,DE_LU,54881
2024-01-12T06:00Z,DE_LU,60254
2024-01-12T07:00Z,DE_LU,63352
2024-01-12T08:00Z,DE_LU,64248
2024-01-12T09:00Z,DE_LU,63775
2024-01-12T10:00Z,DE_LU,63547
2024-01-12T11:00Z,DE_LU,62325
2024-01-12T12:00Z,DE_LU,61387
2024-01-12T13:00Z,DE_LU,61092
2024-01-12T14:00Z,DE_LU,61367
2024-01-12T15:00Z,DE_LU,63299
2024-01-12T16:00Z,DE_LU,66181
2024-01-12T17:00Z,DE_LU,65775
2024-01-12T18:00Z,DE_LU,64108
2024-01-12T19:00Z,DE_LU,61010
2024-01-12T20:00Z,DE_LU,57408
2024-01-12T21:00Z,DE_LU,53746
2024-01-12T22:00Z,DE_LU,49246
2024-01-12T23:00Z,DE_LU,44053
2024-01-13T00:00Z,DE_LU,43332
2024-01-13T01:00Z,DE_LU,42494
2024-01-13T02:00Z,DE_LU,42600
2024-01-13T03:00Z,DE_LU,43038
2024-01-13T04:00Z,DE_LU,45454
2024-01-13T05:00Z,DE_LU,49106
2024-01-13T06:00Z,DE_LU,52072
2024-01-13T07:00Z,DE_LU,52766
2024-01-13T08:00Z,DE_LU,53101
2024-01-13T09:00Z,DE_LU,53103
2024-01-13T10:00Z,DE_LU,53228
2024-01-13T11:00Z,DE_LU,52949
2024-01-13T12:00Z,DE_LU,52468
2024-01-13T13:00Z,DE_LU,52073
2024-01-13T14:00Z,DE_LU,52394
2024-01-13T15:00Z,DE_LU,52913
2024-01-13T16:00Z,DE_LU,54568
2024-01-13T17:00Z,DE_LU,55124
2024-01-13T18:00Z,DE_LU,53856
2024-01-13T19:00Z,DE_LU,52069
2024-01-13T20:00Z,DE_LU,49922
2024-01-13T21:00Z,DE_LU,47494
2024-01-13T22:00Z,DE_LU,45441
2024-01-13T23:00Z,DE_LU,40255
2024-01-14T00:00Z,DE_LU,39744
2024-01-14T01:00Z,DE_LU,39181
2024-01-14T02:00Z,DE_LU,39150
2024-01-14T03:00Z,DE_LU,39797
2024-01-14T04:00Z,DE_LU,41384
2024-01-14T05:00Z,DE_LU,45149
2024-01-14T06:00Z,DE_LU,48434
2024-01-14T07:00Z,DE_LU,49524
2024-01-14T08:00Z,DE_LU,50109
2024-01-14T09:00Z,DE_LU,49802
2024-01-14T10:00Z,DE_LU,48805
2024-01-14T11:00Z,DE_LU,48524
2024-01-14T12:00Z,DE_LU,48067
2024-01-14T13:00Z,DE_LU,47983
2024-01-14T14:00Z,DE_LU,47646
2024-01-14T15:00Z,DE_LU,48481
2024-01-14T16:00Z,DE_LU,50360
2024-01-14T17:00Z,DE_LU,50196
2024-01-14T18:00Z,DE_LU,49203
2024-01-14T19:00Z,DE_LU,47241
2024-01-14T20:00Z,DE_LU,45753
2024-01-14T21:00Z,DE_LU,44149
2024-01-14T22:00Z,DE_LU,42430
2024-01-14T23:00Z,DE_LU,46189
2024-01-15T00:00Z,DE_LU,44112
2024-01-15T01:00Z,DE_LU,43248
2024-01-15T02:00Z,DE_LU,43025
2024-01-15T03:00Z,DE_LU,43906
2024-01-15T04:00Z,DE_LU,47443
2024-01-15T05:00Z,DE_LU,54812
2024-01-15T06:00Z,DE_LU,61060
2024-01-15T07:00Z,DE_LU,63407
2024-01-15T08:00Z,DE_LU,63743
2024-01-15T09:00Z,DE_LU,64016
2024-01-15T10:00Z,DE_LU,63484
2024-01-15T11:00Z,DE_LU,62227
2024-01-15T12:00Z,DE_LU,61895
2024-01-15T13:00Z,DE_LU,61242
2024-01-15T14:00Z,DE_LU,61438
2024-01-15T15:00Z,DE_LU,63131
2024-01-15T16:00Z,DE_LU,66846
2024-01-15T17:00Z,DE_LU,67568
2024-01-15T18:00Z,DE_LU,65432
2024-01-15T19:00Z,DE_LU,61888
2024-01-15T20:00Z,DE_LU,58981
2024-01-15T21:00Z,DE_LU,54494
2024-01-15T22:00Z,DE_LU,50520
2024-01-15T23:00Z,DE_LU,47804
2024-01-16T00:00Z,DE_LU,45603
2024-01-16T01:00Z,DE_LU,44605
2024-01-16T02:00Z,DE_LU,44413
2024-01-16T03:00Z,DE_LU,45068
2024-01-16T04:00Z,DE_LU,49173
2024-01-16T05:00Z,DE_LU,56578
2024-01-16T06:00Z,DE_LU,62910
2024-01-16T07:00Z,DE_LU,65299
2024-01-16T08:00Z,DE_LU,65671
2024-01-16T09:00Z,DE_LU,65795
2024-01-16T10:00Z,DE_LU,65051
2024-01-16T11:00Z,DE_LU,63424
2024-01-16T12:00Z,DE_LU,63529
2024-01-16T13:00Z,DE_LU,62595
2024-01-16T14:00Z,DE_LU,62590
2024-01-16T15:00Z,DE_LU,64151
2024-01-16T16:00Z,DE_LU,67427
2024-01-16T17:00Z,DE_LU,68223
2024-01-16T18:00Z,DE_LU,66526
2024-01-16T19:00Z,DE_LU,63242
2024-01-16T20:00Z,DE_LU,59801
2024-01-16T21:00Z,DE_LU,55299
2024-01-16T22:00Z,DE_LU,51509
2024-01-16T23:00Z,DE_LU,47311
2024-01-17T00:00Z,DE_LU,45265
2024-01-17T01:00Z,DE_LU,43914
2024-01-17T02:00Z,DE_LU,44456
2024-01-17T03:00Z,DE_LU,45837
2024-01-17T04:00Z,DE_LU,49992
2024-01-17T05:00Z,DE_LU,56961
2024-01-17T06:00Z,DE_LU,62794
2024-01-17T07:00Z,DE_LU,65179
2024-01-17T08:00Z,DE_LU,65735
2024-01-17T09:00Z,DE_LU,65406
2024-01-17T10:00Z,DE_LU,64696
2024-01-17T11:00Z,DE_LU,63491
2024-01-17T12:00Z,DE_LU,63041
2024-01-17T13:00Z,DE_LU,62552
2024-01-17T14:00Z,DE_LU,62535
2024-01-17T15:00Z,DE_LU,64290
2024-01-17T16:00Z,DE_LU,68040
2024-01-17T17:00Z,DE_LU,68384
2024-01-17T18:00Z,DE_LU,65796
2024-01-17T19:00Z,DE_LU,62188
2024-01-17T20:00Z,DE_LU,58907
2024-01-17T21:00Z,DE_LU,55147
2024-01-17T22:00Z,DE_LU,50472
2024-01-17T23:00Z,DE_LU,46039
2024-01-18T00:00Z,DE_LU,44154
2024-01-18T01:00Z,DE_LU,43566
2024-01-18T02:00Z,DE_LU,43308
2024-01-18T03:00Z,DE_LU,44789
2024-01-18T04:00Z,DE_LU,48885
2024-01-18T05:00Z,DE_LU,56269
2024-01-18T06:00Z,DE_LU,61752
2024-01-18T07:00Z,DE_LU,64078
2024-01-18T08:00Z,DE_LU,65214
2024-01-18T09:00Z,DE_LU,65093
2024-01-18T10:00Z,DE_LU,65003
2024-01-18T11:00Z,DE_LU,63789
2024-01-18T12:00Z,DE_LU,63467
2024-01-18T13:00Z,DE_LU,62499
2024-01-18T14:00Z,DE_LU,62532
2024-01-18T15:00Z,DE_LU,64086
2024-01-18T16:00Z,DE_LU,67152
2024-01-18T17:00Z,DE_LU,67689
2024-01-18T18:00Z,DE_LU,65622
2024-01-18T19:00Z,DE_LU,62218
2024-01-18T20:00Z,DE_LU,58566
2024-01-18T21:00Z,DE_LU,54399
2024-01-18T22:00Z,DE_LU,49923
2024-01-18T23:00Z,DE_LU,46230
2024-01-19T00:00Z,DE_LU,45261
2024-01-19T01:00Z,DE_LU,44835
2024-01-19T02:00Z,DE_LU,44813
2024-01-19T03:00Z,DE_LU,46084
2024-01-19T04:00Z,DE_LU,50220
2024-01-19T05:00Z,DE_LU,57313
2024-01-19T06:00Z,DE_LU,63312
2024-01-19T07:00Z,DE_LU,65379
2024-01-19T08:00Z,DE_LU,66742
2024-01-19T09:00Z,DE_LU,65923
2024-01-19T10:00Z,DE_LU,65046
2024-01-19T11:00Z,DE_LU,63620
2024-01-19T12:00Z,DE_LU,63470
2024-01-19T13:00Z,DE_LU,62665
2024-01-19T14:00Z,DE_LU,62802
2024-01-19T15:00Z,DE_LU,64836
2024-01-19T16:00Z,DE_LU,68672
2024-01-19T17:00Z,DE_LU,69371
2024-01-19T18:00Z,DE_LU,66855
2024-01-19T19:00Z,DE_LU,63132
2024-01-19T20:00Z,DE_LU,59400
2024-01-19T21:00Z,DE_LU,55429
2024-01-19T22:00Z,DE_LU,51449
2024-01-19T23:00Z,DE_LU,45963
2024-01-20T00:00Z,DE_LU,44656
2024-01-20T01:00Z,DE_LU,43774
2024-01-20T02:00Z,DE_LU,43762
2024-01-20T03:00Z,DE_LU,44726
2024-01-20T04:00Z,DE_LU,46831
2024-01-20T05:00Z,DE_LU,50792
2024-01-20T06:00Z,DE_LU,54625
2024-01-20T07:00Z,DE_LU,55830
2024-01-20T08:00Z,DE_LU,56062
2024-01-20T09:00Z,DE_LU,55967
2024-01-20T10:00Z,DE_LU,55456
2024-01-20T11:00Z,DE_LU,54607
2024-01-20T12:00Z,DE_LU,54366
2024-01-20T13:00Z,DE_LU,54494
2024-01-20T14:00Z,DE_LU,54226
2024-01-20T15:00Z,DE_LU,54970
2024-01-20T16:00Z,DE_LU,56822
2024-01-20T17:00Z,DE_LU,57453
2024-01-20T18:00Z,DE_LU,55822
2024-01-20T19:00Z,DE_LU,54193
2024-01-20T20:00Z,DE_LU,52036
2024-01-20T21:00Z,DE_LU,50474
2024-01-20T22:00Z,DE_LU,48513
2024-01-20T23:00Z,DE_LU,42419
2024-01-21T00:00Z,DE_LU,41601
2024-01-21T01:00Z,DE_LU,40617
2024-01-21T02:00Z,DE_LU,40290
2024-01-21T03:00Z,DE_LU,41105
2024-01-21T04:00Z,DE_LU,42816
2024-01-21T05:00Z,DE_LU,46237
2024-01-21T06:00Z,DE_LU,48865
2024-01-21T07:00Z,DE_LU,50075
2024-01-21T08:00Z,DE_LU,50711
2024-01-21T09:00Z,DE_LU,50799
2024-01-21T10:00Z,DE_LU,49887
2024-01-21T11:00Z,DE_LU,49112
2024-01-21T12:00Z,DE_LU,48780
2024-01-21T13:00Z,DE_LU,48354
2024-01-21T14:00Z,DE_LU,48553
2024-01-21T15:00Z,DE_LU,49386
2024-01-21T16:00Z,DE_LU,50971
2024-01-21T17:00Z,DE_LU,51319
2024-01-21T18:00Z,DE_LU,50268
2024-01-21T19:00Z,DE_LU,48713
2024-01-21T20:00Z,DE_LU,46913
2024-01-21T21:00Z,DE_LU,44768
2024-01-21T22:00Z,DE_LU,42255
2024-01-21T23:00Z,DE_LU,45254
2024-01-22T00:00Z,DE_LU,43256
2024-01-22T01:00Z,DE_LU,42438
2024-01-22T02:00Z,DE_LU,42370
2024-01-22T03:00Z,DE_LU,43461
2024-01-22T04:00Z,DE_LU,48065
2024-01-22T05:00Z,DE_LU,54221
2024-01-22T06:00Z,DE_LU,60411
2024-01-22T07:00Z,DE_LU,62614
2024-01-22T08:00Z,DE_LU,62994
2024-01-22T09:00Z,DE_LU,62917
2024-01-22T10:00Z,DE_LU,62550
2024-01-22T11:00Z,DE_LU,61400
2024-01-22T12:00Z,DE_LU,60958
2024-01-22T13:00Z,DE_LU,60388
2024-01-22T14:00Z,DE_LU,60849
2024-01-22T15:00Z,DE_LU,62731
2024-01-22T16:00Z,DE_LU,65657
2024-01-22T17:00Z,DE_LU,65965
2024-01-22T18:00Z,DE_LU,63649
2024-01-22T19:00Z,DE_LU,60812
2024-01-22T20:00Z,DE_LU,57333
2024-01-22T21:00Z,DE_LU,53439
2024-01-22T22:00Z,DE_LU,49345
2024-01-22T23:00Z,DE_LU,45674
2024-01-23T00:00Z,DE_LU,43968
2024-01-23T01:00Z,DE_LU,42820
2024-01-23T02:00Z,DE_LU,43109
2024-01-23T03:00Z,DE_LU,44262
2024-01-23T04:00Z,DE_LU,48249
2024-01-23T05:00Z,DE_LU,54906
2024-01-23T06:00Z,DE_LU,59891
2024-01-23T07:00Z,DE_LU,62977
2024-01-23T08:00Z,DE_LU,63442
2024-01-23T09:00Z,DE_LU,63388
2024-01-23T10:00Z,DE_LU,62739
2024-01-23T11:00Z,DE_LU,61301
2024-01-23T12:00Z,DE_LU,60858
2024-01-23T13:00Z,DE_LU,60153
2024-01-23T14:00Z,DE_LU,60025
2024-01-23T15:00Z,DE_LU,61205
2024-01-23T16:00Z,DE_LU,64432
2024-01-23T17:00Z,DE_LU,65955
2024-01-23T18:00Z,DE_LU,63661
2024-01-23T19:00Z,DE_LU,60681
2024-01-23T20:00Z,DE_LU,57208
2024-01-23T21:00Z,DE_LU,52999
2024-01-23T22:00Z,DE_LU,49088
2024-01-23T23:00Z,DE_LU,45997
2024-01-24T00:00Z,DE_LU,44044
2024-01-24T01:00Z,DE_LU,42319
2024-01-24T02:00Z,DE_LU,42621
2024-01-24T03:00Z,DE_LU,43997
2024-01-24T04:00Z,DE_LU,48145
2024-01-24T05:00Z,DE_LU,54314
2024-01-24T06:00Z,DE_LU,59349
2024-01-24T07:00Z,DE_LU,61118
2024-01-24T08:00Z,DE_LU,61926
2024-01-24T09:00Z,DE_LU,62047
2024-01-24T10:00Z,DE_LU,61819
2024-01-24T11:00Z,DE_LU,60694
2024-01-24T12:00Z,DE_LU,60074
2024-01-24T13:00Z,DE_LU,59607
2024-01-24T14:00Z,DE_LU,59638
2024-01-24T15:00Z,DE_LU,61654
2024-01-24T16:00Z,DE_LU,65452
2024-01-24T17:00Z,DE_LU,65692
2024-01-24T18:00Z,DE_LU,63714
2024-01-24T19:00Z,DE_LU,60153
2024-01-24T20:00Z,DE_LU,57011
2024-01-24T21:00Z,DE_LU,53439
2024-01-24T22:00Z,DE_LU,49523
2024-01-24T23:00Z,DE_LU,45315
2024-01-25T00:00Z,DE_LU,43663
2024-01-25T01:00Z,DE_LU,42257
2024-01-25T02:00Z,DE_LU,42191
2024-01-25T03:00Z,DE_LU,43181
2024-01-25T04:00Z,DE_LU,46659
2024-01-25T05:00Z,DE_LU,53463
2024-01-25T06:00Z,DE_LU,58726
2024-01-25T07:00Z,DE_LU,60838
2024-01-25T08:00Z,DE_LU,61218
2024-01-25T09:00Z,DE_LU,61825
2024-01-25T10:00Z,DE_LU,60774
2024-01-25T11:00Z,DE_LU,59318
2024-01-25T12:00Z,DE_LU,58939
2024-01-25T13:00Z,DE_LU,58766
2024-01-25T14:00Z,DE_LU,58537
2024-01-25T15:00Z,DE_LU,60079
2024-01-25T16:00Z,DE_LU,63838
2024-01-25T17:00Z,DE_LU,64379
2024-01-25T18:00Z,DE_LU,61733
2024-01-25T19:00Z,DE_LU,58647
2024-01-25T20:00Z,DE_LU,55263
2024-01-25T21:00Z,DE_LU,51343
2024-01-25T22:00Z,DE_LU,47497
2024-01-25T23:00Z,DE_LU,43618
2024-01-26T00:00Z,DE_LU,42121
2024-01-26T01:00Z,DE_LU,41090
2024-01-26T02:00Z,DE_LU,41185
2024-01-26T03:00Z,DE_LU,42780
2024-01-26T04:00Z,DE_LU,46577
2024-01-26T05:00Z,DE_LU,53229
2024-01-26T06:00Z,DE_LU,59126
2024-01-26T07:00Z,DE_LU,61027
2024-01-26T08:00Z,DE_LU,61472
2024-01-26T09:00Z,DE_LU,61123
2024-01-26T10:00Z,DE_LU,60755
2024-01-26T11:00Z,DE_LU,59872
2024-01-26T12:00Z,DE_LU,59772
2024-01-26T13:00Z,DE_LU,58850
2024-01-26T14:00Z,DE_LU,58966
2024-01-26T15:00Z,DE_LU,60673
2024-01-26T16:00Z,DE_LU,63845
2024-01-26T17:00Z,DE_LU,64116
2024-01-26T18:00Z,DE_LU,62817
2024-01-26T19:00Z,DE_LU,59225
2024-01-26T20:00Z,DE_LU,55576
2024-01-26T21:00Z,DE_LU,51351
2024-01-26T22:00Z,DE_LU,48028
2024-01-26T23:00Z,DE_LU,43814
2024-01-27T00:00Z,DE_LU,42328
2024-01-27T01:00Z,DE_LU,41890
2024-01-27T02:00Z,DE_LU,42071
2024-01-27T03:00Z,DE_LU,42485
2024-01-27T04:00Z,DE_LU,44789
2024-01-27T05:00Z,DE_LU,48259
2024-01-27T06:00Z,DE_LU,50975
2024-01-27T07:00Z,DE_LU,52123
2024-01-27T08:00Z,DE_LU,52941
2024-01-27T09:00Z,DE_LU,52911
2024-01-27T10:00Z,DE_LU,52301
2024-01-27T11:00Z,DE_LU,51819
2024-01-27T12:00Z,DE_LU,51350
2024-01-27T13:00Z,DE_LU,51098
2024-01-27T14:00Z,DE_LU,51301
2024-01-27T15:00Z,DE_LU,52184
2024-01-27T16:00Z,DE_LU,54007
2024-01-27T17:00Z,DE_LU,53913
2024-01-27T18:00Z,DE_LU,52753
2024-01-27T19:00Z,DE_LU,50761
2024-01-27T20:00Z,DE_LU,48905
2024-01-27T21:00Z,DE_LU,47314
2024-01-27T22:00Z,DE_LU,44757
2024-01-27T23:00Z,DE_LU,37708
2024-01-28T00:00Z,DE_LU,37184
2024-01-28T01:00Z,DE_LU,36948
2024-01-28T02:00Z,DE_LU,37319
2024-01-28T03:00Z,DE_LU,37650
2024-01-28T04:00Z,DE_LU,39313
2024-01-28T05:00Z,DE_LU,42239
2024-01-28T06:00Z,DE_LU,44843
2024-01-28T07:00Z,DE_LU,45931
2024-01-28T08:00Z,DE_LU,46528
2024-01-28T09:00Z,DE_LU,47051
2024-01-28T10:00Z,DE_LU,46911
2024-01-28T11:00Z,DE_LU,45882
2024-01-28T12:00Z,DE_LU,45225
2024-01-28T13:00Z,DE_LU,44692
2024-01-28T14:00Z,DE_LU,44555
2024-01-28T15:00Z,DE_LU,45531
2024-01-28T16:00Z,DE_LU,47285
2024-01-28T17:00Z,DE_LU,47403
2024-01-28T18:00Z,DE_LU,46886
2024-01-28T19:00Z,DE_LU,45454
2024-01-28T20:00Z,DE_LU,43872
2024-01-28T21:00Z,DE_LU,42179
2024-01-28T22:00Z,DE_LU,40072
2024-01-28T23:00Z,DE_LU,43621
2024-01-29T00:00Z,DE_LU,41884
2024-01-29T01:00Z,DE_LU,40733
2024-01-29T02:00Z,DE_LU,41156
2024-01-29T03:00Z,DE_LU,42278
2024-01-29T04:00Z,DE_LU,46189
2024-01-29T05:00Z,DE_LU,52247
2024-01-29T06:00Z,DE_LU,57877
2024-01-29T07:00Z,DE_LU,59941
2024-01-29T08:00Z,DE_LU,60655
2024-01-29T09:00Z,DE_LU,61036
2024-01-29T10:00Z,DE_LU,59822
2024-01-29T11:00Z,DE_LU,58832
2024-01-29T12:00Z,DE_LU,58325
2024-01-29T13:00Z,DE_LU,58101
2024-01-29T14:00Z,DE_LU,58276
2024-01-29T15:00Z,DE_LU,60498
2024-01-29T16:00Z,DE_LU,63580
2024-01-29T17:00Z,DE_LU,64325
2024-01-29T18:00Z,DE_LU,61845
2024-01-29T19:00Z,DE_LU,58846
2024-01-29T20:00Z,DE_LU,55422
2024-01-29T21:00Z,DE_LU,50975
2024-01-29T22:00Z,DE_LU,46982
2024-01-29T23:00Z,DE_LU,45907
2024-01-30T00:00Z,DE_LU,44155
2024-01-30T01:00Z,DE_LU,43058
2024-01-30T02:00Z,DE_LU,43406
2024-01-30T03:00Z,DE_LU,45030
2024-01-30T04:00Z,DE_LU,49919
2024-01-30T05:00Z,DE_LU,55753
2024-01-30T06:00Z,DE_LU,61417
2024-01-30T07:00Z,DE_LU,63548
2024-01-30T08:00Z,DE_LU,63866
2024-01-30T09:00Z,DE_LU,63495
2024-01-30T10:00Z,DE_LU,62788
2024-01-30T11:00Z,DE_LU,61410
2024-01-30T12:00Z,DE_LU,61154
2024-01-30T13:00Z,DE_LU,60599
2024-01-30T14:00Z,DE_LU,60391
2024-01-30T15:00Z,DE_LU,61750
2024-01-30T16:00Z,DE_LU,65076
2024-01-30T17:00Z,DE_LU,64908
2024-01-30T18:00Z,DE_LU,62765
2024-01-30T19:00Z,DE_LU,59463
2024-01-30T20:00Z,DE_LU,56095
2024-01-30T21:00Z,DE_LU,52400
2024-01-30T22:00Z,DE_LU,48780
2024-01-30T23:00Z,DE_LU,45103
2024-01-31T00:00Z,DE_LU,43385
2024-01-31T01:00Z,DE_LU,42311
2024-01-31T02:00Z,DE_LU,42422
2024-01-31T03:00Z,DE_LU,43368
2024-01-31T04:00Z,DE_LU,46954
2024-01-31T05:00Z,DE_LU,54039
2024-01-31T06:00Z,DE_LU,59450
2024-01-31T07:00Z,DE_LU,61805
2024-01-31T08:00Z,DE_LU,62444
2024-01-31T09:00Z,DE_LU,62777
2024-01-31T10:00Z,DE_LU,62797
2024-01-31T11:00Z,DE_LU,61372
2024-01-31T12:00Z,DE_LU,60446
2024-01-31T13:00Z,DE_LU,60210
2024-01-31T14:00Z,DE_LU,59497
2024-01-31T15:00Z,DE_LU,60570
2024-01-31T16:00Z,DE_LU,64012
2024-01-31T17:00Z,DE_LU,64787
2024-01-31T18:00Z,DE_LU,62962
2024-01-31T19:00Z,DE_LU,59268
2024-01-31T20:00Z,DE_LU,56165
2024-01-31T21:00Z,DE_LU,52213
2024-01-31T22:00Z,DE_LU,48798
2024-01-31T23:00Z,DE_LU,45064
2024-02-01T00:00Z,DE_LU,43187
2024-02-01T01:00Z,DE_LU,41692
2024-02-01T02:00Z,DE_LU,42281
2024-02-01T03:00Z,DE_LU,43234
2024-02-01T04:00Z,DE_LU,46876
2024-02-01T05:00Z,DE_LU,53461
2024-02-01T06:00Z,DE_LU,58997
2024-02-01T07:00Z,DE_LU,61617
2024-02-01T08:00Z,DE_LU,61959
2024-02-01T09:00Z,DE_LU,62149
2024-02-01T10:00Z,DE_LU,61933
2024-02-01T11:00Z,DE_LU,60610
2024-02-01T12:00Z,DE_LU,60146
2024-02-01T13:00Z,DE_LU,59391
2024-02-01T14:00Z,DE_LU,59606
2024-02-01T15:00Z,DE_LU,60828
2024-02-01T16:00Z,DE_LU,63980
2024-02-01T17:00Z,DE_LU,64893
2024-02-01T18:00Z,DE_LU,62811
2024-02-01T19:00Z,DE_LU,59191
2024-02-01T20:00Z,DE_LU,56084
2024-02-01T21:00Z,DE_LU,51832
2024-02-01T22:00Z,DE_LU,47660
2024-02-01T23:00Z,DE_LU,45283
2024-02-02T00:00Z,DE_LU,43850
2024-02-02T01:00Z,DE_LU,43136
2024-02-02T02:00Z,DE_LU,43130
2024-02-02T03:00Z,DE_LU,44154
2024-02-02T04:00Z,DE_LU,48720
2024-02-02T05:00Z,DE_LU,55715
2024-02-02T06:00Z,DE_LU,61459
2024-02-02T07:00Z,DE_LU,63190
2024-02-02T08:00Z,DE_LU,63542
2024-02-02T09:00Z,DE_LU,63585
2024-02-02T10:00Z,DE_LU,63292
2024-02-02T11:00Z,DE_LU,62080
2024-02-02T12:00Z,DE_LU,61550
2024-02-02T13:00Z,DE_LU,61182
2024-02-02T14:00Z,DE_LU,61107
2024-02-02T15:00Z,DE_LU,62536
2024-02-02T16:00Z,DE_LU,65649
2024-02-02T17:00Z,DE_LU,66335
2024-02-02T18:00Z,DE_LU,64601
2024-02-02T19:00Z,DE_LU,60678
2024-02-02T20:00Z,DE_LU,57246
2024-02-02T21:00Z,DE_LU,52844
2024-02-02T22:00Z,DE_LU,48910
2024-02-02T23:00Z,DE_LU,44270
2024-02-03T00:00Z,DE_LU,43704
2024-02-03T01:00Z,DE_LU,42900
2024-02-03T02:00Z,DE_LU,42745
2024-02-03T03:00Z,DE_LU,43460
2024-02-03T04:00Z,DE_LU,45768
2024-02-03T05:00Z,DE_LU,49154
2024-02-03T06:00Z,DE_LU,51862
2024-02-03T07:00Z,DE_LU,53244
2024-02-03T08:00Z,DE_LU,53741
2024-02-03T09:00Z,DE_LU,53854
2024-02-03T10:00Z,DE_LU,52990
2024-02-03T11:00Z,DE_LU,53045
2024-02-03T12:00Z,DE_LU,52358
2024-02-03T13:00Z,DE_LU,51989
2024-02-03T14:00Z,DE_LU,51755
2024-02-03T15:00Z,DE_LU,52660
2024-02-03T16:00Z,DE_LU,55153
2024-02-03T17:00Z,DE_LU,55352
2024-02-03T18:00Z,DE_LU,54216
2024-02-03T19:00Z,DE_LU,52693
2024-02-03T20:00Z,DE_LU,50829
2024-02-03T21:00Z,DE_LU,48676
2024-02-03T22:00Z,DE_LU,45895
2024-02-03T23:00Z,DE_LU,41943
2024-02-04T00:00Z,DE_LU,41194
2024-02-04T01:00Z,DE_LU,40581
2024-02-04T02:00Z,DE_LU,40669
2024-02-04T03:00Z,DE_LU,40946
2024-02-04T04:00Z,DE_LU,43016
2024-02-04T05:00Z,DE_LU,46310
2024-02-04T06:00Z,DE_LU,48990
2024-02-04T07:00Z,DE_LU,50300
2024-02-04T08:00Z,DE_LU,50463
2024-02-04T09:00Z,DE_LU,50562
2024-02-04T10:00Z,DE_LU,50253
2024-02-04T11:00Z,DE_LU,49677
2024-02-04T12:00Z,DE_LU,50264
2024-02-04T13:00Z,DE_LU,49841
2024-02-04T14:00Z,DE_LU,49437
2024-02-04T15:00Z,DE_LU,50060
2024-02-04T16:00Z,DE_LU,51384
2024-02-04T17:00Z,DE_LU,51085
2024-02-04T18:00Z,DE_LU,49769
2024-02-04T19:00Z,DE_LU,48677
2024-02-04T20:00Z,DE_LU,47180
2024-02-04T21:00Z,DE_LU,45220
2024-02-04T22:00Z,DE_LU,43428
2024-02-04T23:00Z,DE_LU,47782
2024-02-05T00:00Z,DE_LU,46413
2024-02-05T01:00Z,DE_LU,45298
2024-02-05T02:00Z,DE_LU,44700
2024-02-05T03:00Z,DE_LU,45395
2024-02-05T04:00Z,DE_LU,49554
2024-02-05T05:00Z,DE_LU,56412
2024-02-05T06:00Z,DE_LU,62778
2024-02-05T07:00Z,DE_LU,65179
2024-02-05T08:00Z,DE_LU,65668
2024-02-05T09:00Z,DE_LU,66113
2024-02-05T10:00Z,DE_LU,65312
2024-02-05T11:00Z,DE_LU,63856
2024-02-05T12:00Z,DE_LU,63535
2024-02-05T13:00Z,DE_LU,63692
2024-02-05T14:00Z,DE_LU,64185
2024-02-05T15:00Z,DE_LU,65474
2024-02-05T16:00Z,DE_LU,68848
2024-02-05T17:00Z,DE_LU,69029
2024-02-05T18:00Z,DE_LU,67181
2024-02-05T19:00Z,DE_LU,63740
2024-02-05T20:00Z,DE_LU,60133
2024-02-05T21:00Z,DE_LU,56412
2024-02-05T22:00Z,DE_LU,52417
2024-02-05T23:00Z,DE_LU,48817
2024-02-06T00:00Z,DE_LU,46719
2024-02-06T01:00Z,DE_LU,45576
2024-02-06T02:00Z,DE_LU,45654
2024-02-06T03:00Z,DE_LU,46847
2024-02-06T04:00Z,DE_LU,51141
2024-02-06T05:00Z,DE_LU,58603
2024-02-06T06:00Z,DE_LU,64445
2024-02-06T07:00Z,DE_LU,66542
2024-02-06T08:00Z,DE_LU,66843
2024-02-06T09:00Z,DE_LU,67027
2024-02-06T10:00Z,DE_LU,65926
2024-02-06T11:00Z,DE_LU,64034
2024-02-06T12:00Z,DE_LU,63568
2024-02-06T13:00Z,DE_LU,63295
2024-02-06T14:00Z,DE_LU,63253
2024-02-06T15:00Z,DE_LU,65105
2024-02-06T16:00Z,DE_LU,68958
2024-02-06T17:00Z,DE_LU,69062
2024-02-06T18:00Z,DE_LU,67021
2024-02-06T19:00Z,DE_LU,63429
2024-02-06T20:00Z,DE_LU,59645
2024-02-06T21:00Z,DE_LU,55756
2024-02-06T22:00Z,DE_LU,51119
2024-02-06T23:00Z,DE_LU,47945
2024-02-07T00:00Z,DE_LU,46462
2024-02-07T01:00Z,DE_LU,45260
2024-02-07T02:00Z,DE_LU,45320
2024-02-07T03:00Z,DE_LU,46289
2024-02-07T04:00Z,DE_LU,50836
2024-02-07T05:00Z,DE_LU,58005
2024-02-07T06:00Z,DE_LU,63123
2024-02-07T07:00Z,DE_LU,65785
2024-02-07T08:00Z,DE_LU,66980
2024-02-07T09:00Z,DE_LU,66808
2024-02-07T10:00Z,DE_LU,66225
2024-02-07T11:00Z,DE_LU,64811
2024-02-07T12:00Z,DE_LU,64091
2024-02-07T13:00Z,DE_LU,62907
2024-02-07T14:00Z,DE_LU,63220
2024-02-07T15:00Z,DE_LU,65087
2024-02-07T16:00Z,DE_LU,68756
2024-02-07T17:00Z,DE_LU,69236
2024-02-07T18:00Z,DE_LU,66431
2024-02-07T19:00Z,DE_LU,62736
2024-02-07T20:00Z,DE_LU,59372
2024-02-07T21:00Z,DE_LU,55373
2024-02-07T22:00Z,DE_LU,50960
2024-02-07T23:00Z,DE_LU,46850
2024-02-08T00:00Z,DE_LU,45226
2024-02-08T01:00Z,DE_LU,43970
2024-02-08T02:00Z,DE_LU,43967
2024-02-08T03:00Z,DE_LU,45272
2024-02-08T04:00Z,DE_LU,49556
2024-02-08T05:00Z,DE_LU,57448
2024-02-08T06:00Z,DE_LU,62740
2024-02-08T07:00Z,DE_LU,64815
2024-02-08T08:00Z,DE_LU,65765
2024-02-08T09:00Z,DE_LU,65336
2024-02-08T10:00Z,DE_LU,64979
2024-02-08T11:00Z,DE_LU,64312
2024-02-08T12:00Z,DE_LU,63774
2024-02-08T13:00Z,DE_LU,63417
2024-02-08T14:00Z,DE_LU,63325
2024-02-08T15:00Z,DE_LU,64931
2024-02-08T16:00Z,DE_LU,68462
2024-02-08T17:00Z,DE_LU,69140
2024-02-08T18:00Z,DE_LU,66637
2024-02-08T19:00Z,DE_LU,63421
2024-02-08T20:00Z,DE_LU,60360
2024-02-08T21:00Z,DE_LU,55696
2024-02-08T22:00Z,DE_LU,51571
2024-02-08T23:00Z,DE_LU,46996
2024-02-09T00:00Z,DE_LU,45642
2024-02-09T01:00Z,DE_LU,44087
2024-02-09T02:00Z,DE_LU,44119
2024-02-09T03:00Z,DE_LU,45398
2024-02-09T04:00Z,DE_LU,49636
2024-02-09T05:00Z,DE_LU,56447
2024-02-09T06:00Z,DE_LU,62148
2024-02-09T07:00Z,DE_LU,64257
2024-02-09T08:00Z,DE_LU,64348
2024-02-09T09:00Z,DE_LU,64349
2024-02-09T10:00Z,DE_LU,64259
2024-02-09T11:00Z,DE_LU,63162
2024-02-09T12:00Z,DE_LU,62582
2024-02-09T13:00Z,DE_LU,62227
2024-02-09T14:00Z,DE_LU,62304
2024-02-09T15:00Z,DE_LU,63452
2024-02-09T16:00Z,DE_LU,67037
2024-02-09T17:00Z,DE_LU,67736
2024-02-09T18:00Z,DE_LU,65703
2024-02-09T19:00Z,DE_LU,62176
2024-02-09T20:00Z,DE_LU,58920
2024-02-09T21:00Z,DE_LU,54517
2024-02-09T22:00Z,DE_LU,50342
2024-02-09T23:00Z,DE_LU,45612
2024-02-10T00:00Z,DE_LU,44700
2024-02-10T01:00Z,DE_LU,43673
2024-02-10T02:00Z,DE_LU,43986
2024-02-10T03:00Z,DE_LU,44393
2024-02-10T04:00Z,DE_LU,46429
2024-02-10T05:00Z,DE_LU,49627
2024-02-10T06:00Z,DE_LU,52481
2024-02-10T07:00Z,DE_LU,54119
2024-02-10T08:00Z,DE_LU,54488
2024-02-10T09:00Z,DE_LU,54628
2024-02-10T10:00Z,DE_LU,54529
2024-02-10T11:00Z,DE_LU,54287
2024-02-10T12:00Z,DE_LU,53587
2024-02-10T13:00Z,DE_LU,53311
2024-02-10T14:00Z,DE_LU,53174
2024-02-10T15:00Z,DE_LU,54419
2024-02-10T16:00Z,DE_LU,56247
2024-02-10T17:00Z,DE_LU,56258
2024-02-10T18:00Z,DE_LU,55367
2024-02-10T19:00Z,DE_LU,53354
2024-02-10T20:00Z,DE_LU,52000
2024-02-10T21:00Z,DE_LU,50173
2024-02-10T22:00Z,DE_LU,48218
2024-02-10T23:00Z,DE_LU,41374
2024-02-11T00:00Z,DE_LU,40033
2024-02-11T01:00Z,DE_LU,39570
2024-02-11T02:00Z,DE_LU,38591
2024-02-11T03:00Z,DE_LU,38860
2024-02-11T04:00Z,DE_LU,40819
2024-02-11T05:00Z,DE_LU,44578
2024-02-11T06:00Z,DE_LU,47542
2024-02-11T07:00Z,DE_LU,48927
2024-02-11T08:00Z,DE_LU,48884
2024-02-11T09:00Z,DE_LU,48590
2024-02-11T10:00Z,DE_LU,48563
2024-02-11T11:00Z,DE_LU,48209
2024-02-11T12:00Z,DE_LU,47970
2024-02-11T13:00Z,DE_LU,47394
2024-02-11T14:00Z,DE_LU,47456
2024-02-11T15:00Z,DE_LU,48234
2024-02-11T16:00Z,DE_LU,49861
2024-02-11T17:00Z,DE_LU,49854
2024-02-11T18:00Z,DE_LU,48336
2024-02-11T19:00Z,DE_LU,46530
2024-02-11T20:00Z,DE_LU,45257
2024-02-11T21:00Z,DE_LU,43154
2024-02-11T22:00Z,DE_LU,41014
2024-02-11T23:00Z,DE_LU,44614
2024-02-12T00:00Z,DE_LU,42803
2024-02-12T01:00Z,DE_LU,41786
2024-02-12T02:00Z,DE_LU,42180
2024-02-12T03:00Z,DE_LU,43152
2024-02-12T04:00Z,DE_LU,46511
2024-02-12T05:00Z,DE_LU,53650
2024-02-12T06:00Z,DE_LU,59282
2024-02-12T07:00Z,DE_LU,61426
2024-02-12T08:00Z,DE_LU,62027
2024-02-12T09:00Z,DE_LU,62584
2024-02-12T10:00Z,DE_LU,61597
2024-02-12T11:00Z,DE_LU,61340
2024-02-12T12:00Z,DE_LU,60982
2024-02-12T13:00Z,DE_LU,60312
2024-02-12T14:00Z,DE_LU,60580
2024-02-12T15:00Z,DE_LU,61893
2024-02-12T16:00Z,DE_LU,65184
2024-02-12T17:00Z,DE_LU,65034
2024-02-12T18:00Z,DE_LU,62414
2024-02-12T19:00Z,DE_LU,59404
2024-02-12T20:00Z,DE_LU,56475
2024-02-12T21:00Z,DE_LU,52356
2024-02-12T22:00Z,DE_LU,48610
2024-02-12T23:00Z,DE_LU,45049
2024-02-13T00:00Z,DE_LU,43442
2024-02-13T01:00Z,DE_LU,42749
2024-02-13T02:00Z,DE_LU,43034
2024-02-13T03:00Z,DE_LU,44307
2024-02-13T04:00Z,DE_LU,48479
2024-02-13T05:00Z,DE_LU,55103
2024-02-13T06:00Z,DE_LU,60025
2024-02-13T07:00Z,DE_LU,62152
2024-02-13T08:00Z,DE_LU,62250
2024-02-13T09:00Z,DE_LU,62465
2024-02-13T10:00Z,DE_LU,61856
2024-02-13T11:00Z,DE_LU,60996
2024-02-13T12:00Z,DE_LU,60009
2024-02-13T13:00Z,DE_LU,59455
2024-02-13T14:00Z,DE_LU,58998
2024-02-13T15:00Z,DE_LU,60644
2024-02-13T16:00Z,DE_LU,63131
2024-02-13T17:00Z,DE_LU,63877
2024-02-13T18:00Z,DE_LU,61636
2024-02-13T19:00Z,DE_LU,58779
2024-02-13T20:00Z,DE_LU,55832
2024-02-13T21:00Z,DE_LU,52164
2024-02-13T22:00Z,DE_LU,47769
2024-02-13T23:00Z,DE_LU,44090
2024-02-14T00:00Z,DE_LU,42243
2024-02-14T01:00Z,DE_LU,41348
2024-02-14T02:00Z,DE_LU,41079
2024-02-14T03:00Z,DE_LU,42401
2024-02-14T04:00Z,DE_LU,46195
2024-02-14T05:00Z,DE_LU,52881
2024-02-14T06:00Z,DE_LU,58471
2024-02-14T07:00Z,DE_LU,60689
2024-02-14T08:00Z,DE_LU,61643
2024-02-14T09:00Z,DE_LU,61693
2024-02-14T10:00Z,DE_LU,61076
2024-02-14T11:00Z,DE_LU,60070
2024-02-14T12:00Z,DE_LU,58980
2024-02-14T13:00Z,DE_LU,58264
2024-02-14T14:00Z,DE_LU,57344
2024-02-14T15:00Z,DE_LU,59160
2024-02-14T16:00Z,DE_LU,62925
2024-02-14T17:00Z,DE_LU,63442
2024-02-14T18:00Z,DE_LU,61490
2024-02-14T19:00Z,DE_LU,58044
2024-02-14T20:00Z,DE_LU,55103
2024-02-14T21:00Z,DE_LU,51307
2024-02-14T22:00Z,DE_LU,47584
2024-02-14T23:00Z,DE_LU,44953
2024-02-15T00:00Z,DE_LU,43187
2024-02-15T01:00Z,DE_LU,42061
2024-02-15T02:00Z,DE_LU,42102
2024-02-15T03:00Z,DE_LU,42928
2024-02-15T04:00Z,DE_LU,47279
2024-02-15T05:00Z,DE_LU,53604
2024-02-15T06:00Z,DE_LU,59468
2024-02-15T07:00Z,DE_LU,61381
2024-02-15T08:00Z,DE_LU,62087
2024-02-15T09:00Z,DE_LU,62098
2024-02-15T10:00Z,DE_LU,61251
2024-02-15T11:00Z,DE_LU,60591
2024-02-15T12:00Z,DE_LU,59392
2024-02-15T13:00Z,DE_LU,59453
2024-02-15T14:00Z,DE_LU,59377
2024-02-15T15:00Z,DE_LU,61045
2024-02-15T16:00Z,DE_LU,64056
2024-02-15T17:00Z,DE_LU,64794
2024-02-15T18:00Z,DE_LU,62759
2024-02-15T19:00Z,DE_LU,59380
2024-02-15T20:00Z,DE_LU,56173
2024-02-15T21:00Z,DE_LU,52594
2024-02-15T22:00Z,DE_LU,48807
2024-02-15T23:00Z,DE_LU,45338
2024-02-16T00:00Z,DE_LU,43936
2024-02-16T01:00Z,DE_LU,42897
2024-02-16T02:00Z,DE_LU,42737
2024-02-16T03:00Z,DE_LU,43669
2024-02-16T04:00Z,DE_LU,47450
2024-02-16T05:00Z,DE_LU,53877
2024-02-16T06:00Z,DE_LU,59298
2024-02-16T07:00Z,DE_LU,61228
2024-02-16T08:00Z,DE_LU,62021
2024-02-16T09:00Z,DE_LU,62076
2024-02-16T10:00Z,DE_LU,62059
2024-02-16T11:00Z,DE_LU,60651
2024-02-16T12:00Z,DE_LU,60037
2024-02-16T13:00Z,DE_LU,59829
2024-02-16T14:00Z,DE_LU,59490
2024-02-16T15:00Z,DE_LU,60776
2024-02-16T16:00Z,DE_LU,64379
2024-02-16T17:00Z,DE_LU,64739
2024-02-16T18:00Z,DE_LU,62835
2024-02-16T19:00Z,DE_LU,59785
2024-02-16T20:00Z,DE_LU,56623
2024-02-16T21:00Z,DE_LU,52611
2024-02-16T22:00Z,DE_LU,48271
2024-02-16T23:00Z,DE_LU,42763
2024-02-17T00:00Z,DE_LU,42097
2024-02-17T01:00Z,DE_LU,41076
2024-02-17T02:00Z,DE_LU,41810
2024-02-17T03:00Z,DE_LU,42469
2024-02-17T04:00Z,DE_LU,44360
2024-02-17T05:00Z,DE_LU,47636
2024-02-17T06:00Z,DE_LU,50596
2024-02-17T07:00Z,DE_LU,51900
2024-02-17T08:00Z,DE_LU,52318
2024-02-17T09:00Z,DE_LU,52430
2024-02-17T10:00Z,DE_LU,51783
2024-02-17T11:00Z,DE_LU,51288
2024-02-17T12:00Z,DE_LU,51234
2024-02-17T13:00Z,DE_LU,50706
2024-02-17T14:00Z,DE_LU,51269
2024-02-17T15:00Z,DE_LU,52159
2024-02-17T16:00Z,DE_LU,53722
2024-02-17T17:00Z,DE_LU,54496
2024-02-17T18:00Z,DE_LU,53320
2024-02-17T19:00Z,DE_LU,51522
2024-02-17T20:00Z,DE_LU,49350
2024-02-17T21:00Z,DE_LU,47548
2024-02-17T22:00Z,DE_LU,45870
2024-02-17T23:00Z,DE_LU,40892
2024-02-18T00:00Z,DE_LU,40095
2024-02-18T01:00Z,DE_LU,39659
2024-02-18T02:00Z,DE_LU,39479
2024-02-18T03:00Z,DE_LU,39828
2024-02-18T04:00Z,DE_LU,41177
2024-02-18T05:00Z,DE_LU,44542
2024-02-18T06:00Z,DE_LU,47774
2024-02-18T07:00Z,DE_LU,48321
2024-02-18T08:00Z,DE_LU,48759
2024-02-18T09:00Z,DE_LU,49008
2024-02-18T10:00Z,DE_LU,48434
2024-02-18T11:00Z,DE_LU,47700
2024-02-18T12:00Z,DE_LU,47439
2024-02-18T13:00Z,DE_LU,46712
2024-02-18T14:00Z,DE_LU,46699
2024-02-18T15:00Z,DE_LU,47326
2024-02-18T16:00Z,DE_LU,48761
2024-02-18T17:00Z,DE_LU,49393
2024-02-18T18:00Z,DE_LU,48669
2024-02-18T19:00Z,DE_LU,46770
2024-02-18T20:00Z,DE_LU,44995
2024-02-18T21:00Z,DE_LU,43846
2024-02-18T22:00Z,DE_LU,41937
2024-02-18T23:00Z,DE_LU,45700
2024-02-19T00:00Z,DE_LU,43635
2024-02-19T01:00Z,DE_LU,42080
2024-02-19T02:00Z,DE_LU,41976
2024-02-19T03:00Z,DE_LU,43341
2024-02-19T04:00Z,DE_LU,46958
2024-02-19T05:00Z,DE_LU,53988
2024-02-19T06:00Z,DE_LU,59391
2024-02-19T07:00Z,DE_LU,61899
2024-02-19T08:00Z,DE_LU,62585
2024-02-19T09:00Z,DE_LU,62436
2024-02-19T10:00Z,DE_LU,62316
2024-02-19T11:00Z,DE_LU,61131
2024-02-19T12:00Z,DE_LU,60608
2024-02-19T13:00Z,DE_LU,59909
2024-02-19T14:00Z,DE_LU,60046
2024-02-19T15:00Z,DE_LU,61056
2024-02-19T16:00Z,DE_LU,63312
2024-02-19T17:00Z,DE_LU,63889
2024-02-19T18:00Z,DE_LU,62107
2024-02-19T19:00Z,DE_LU,59100
2024-02-19T20:00Z,DE_LU,56196
2024-02-19T21:00Z,DE_LU,52387
2024-02-19T22:00Z,DE_LU,48405
2024-02-19T23:00Z,DE_LU,45801
2024-02-20T00:00Z,DE_LU,43485
2024-02-20T01:00Z,DE_LU,42592
2024-02-20T02:00Z,DE_LU,43159
2024-02-20T03:00Z,DE_LU,43908
2024-02-20T04:00Z,DE_LU,48071
2024-02-20T05:00Z,DE_LU,54428
2024-02-20T06:00Z,DE_LU,59788
2024-02-20T07:00Z,DE_LU,61980
2024-02-20T08:00Z,DE_LU,62338
2024-02-20T09:00Z,DE_LU,62317
2024-02-20T10:00Z,DE_LU,62016
2024-02-20T11:00Z,DE_LU,60840
2024-02-20T12:00Z,DE_LU,60298
2024-02-20T13:00Z,DE_LU,59668
2024-02-20T14:00Z,DE_LU,59788
2024-02-20T15:00Z,DE_LU,60748
2024-02-20T16:00Z,DE_LU,63797
2024-02-20T17:00Z,DE_LU,64100
2024-02-20T18:00Z,DE_LU,61823
2024-02-20T19:00Z,DE_LU,58583
2024-02-20T20:00Z,DE_LU,55908
2024-02-20T21:00Z,DE_LU,51803
2024-02-20T22:00Z,DE_LU,47422
2024-02-20T23:00Z,DE_LU,44652
2024-02-21T00:00Z,DE_LU,43281
2024-02-21T01:00Z,DE_LU,42359
2024-02-21T02:00Z,DE_LU,42197
2024-02-21T03:00Z,DE_LU,42891
2024-02-21T04:00Z,DE_LU,47330
2024-02-21T05:00Z,DE_LU,54190
2024-02-21T06:00Z,DE_LU,59050
2024-02-21T07:00Z,DE_LU,61315
2024-02-21T08:00Z,DE_LU,62898
2024-02-21T09:00Z,DE_LU,62620
2024-02-21T10:00Z,DE_LU,62442
2024-02-21T11:00Z,DE_LU,61459
2024-02-21T12:00Z,DE_LU,60500
2024-02-21T13:00Z,DE_LU,60080
2024-02-21T14:00Z,DE_LU,60061
2024-02-21T15:00Z,DE_LU,62023
2024-02-21T16:00Z,DE_LU,65049
2024-02-21T17:00Z,DE_LU,65341
2024-02-21T18:00Z,DE_LU,63408
2024-02-21T19:00Z,DE_LU,59457
2024-02-21T20:00Z,DE_LU,56098
2024-02-21T21:00Z,DE_LU,51849
2024-02-21T22:00Z,DE_LU,47925
2024-02-21T23:00Z,DE_LU,44743
2024-02-22T00:00Z,DE_LU,43383
2024-02-22T01:00Z,DE_LU,42082
2024-02-22T02:00Z,DE_LU,42372
2024-02-22T03:00Z,DE_LU,44061
2024-02-22T04:00Z,DE_LU,47505
2024-02-22T05:00Z,DE_LU,54491
2024-02-22T06:00Z,DE_LU,60386
2024-02-22T07:00Z,DE_LU,62797
2024-02-22T08:00Z,DE_LU,63266
2024-02-22T09:00Z,DE_LU,63084
2024-02-22T10:00Z,DE_LU,62974
2024-02-22T11:00Z,DE_LU,61319
2024-02-22T12:00Z,DE_LU,60804
2024-02-22T13:00Z,DE_LU,60275
2024-02-22T14:00Z,DE_LU,60522
2024-02-22T15:00Z,DE_LU,62020
2024-02-22T16:00Z,DE_LU,65517
2024-02-22T17:00Z,DE_LU,65229
2024-02-22T18:00Z,DE_LU,63008
2024-02-22T19:00Z,DE_LU,60024
2024-02-22T20:00Z,DE_LU,56881
2024-02-22T21:00Z,DE_LU,53421
2024-02-22T22:00Z,DE_LU,49315
2024-02-22T23:00Z,DE_LU,45966
2024-02-23T00:00Z,DE_LU,44133
2024-02-23T01:00Z,DE_LU,43077
2024-02-23T02:00Z,DE_LU,42701
2024-02-23T03:00Z,DE_LU,43652
2024-02-23T04:00Z,DE_LU,47110
2024-02-23T05:00Z,DE_LU,53859
2024-02-23T06:00Z,DE_LU,60005
2024-02-23T07:00Z,DE_LU,62324
2024-02-23T08:00Z,DE_LU,63019
2024-02-23T09:00Z,DE_LU,62927
2024-02-23T10:00Z,DE_LU,62365
2024-02-23T11:00Z,DE_LU,61495
2024-02-23T12:00Z,DE_LU,60755
2024-02-23T13:00Z,DE_LU,59983
2024-02-23T14:00Z,DE_LU,59985
2024-02-23T15:00Z,DE_LU,61739
2024-02-23T16:00Z,DE_LU,64484
2024-02-23T17:00Z,DE_LU,64324
2024-02-23T18:00Z,DE_LU,62574
2024-02-23T19:00Z,DE_LU,59162
2024-02-23T20:00Z,DE_LU,56235
2024-02-23T21:00Z,DE_LU,52763
2024-02-23T22:00Z,DE_LU,49054
2024-02-23T23:00Z,DE_LU,42776
2024-02-24T00:00Z,DE_LU,41706
2024-02-24T01:00Z,DE_LU,41500
2024-02-24T02:00Z,DE_LU,40477
2024-02-24T03:00Z,DE_LU,40969
2024-02-24T04:00Z,DE_LU,42508
2024-02-24T05:00Z,DE_LU,45900
2024-02-24T06:00Z,DE_LU,48803
2024-02-24T07:00Z,DE_LU,50040
2024-02-24T08:00Z,DE_LU,50580
2024-02-24T09:00Z,DE_LU,51079
2024-02-24T10:00Z,DE_LU,51213
2024-02-24T11:00Z,DE_LU,50408
2024-02-24T12:00Z,DE_LU,50777
2024-02-24T13:00Z,DE_LU,49946
2024-02-24T14:00Z,DE_LU,50435
2024-02-24T15:00Z,DE_LU,51083
2024-02-24T16:00Z,DE_LU,52555
2024-02-24T17:00Z,DE_LU,53021
2024-02-24T18:00Z,DE_LU,51889
2024-02-24T19:00Z,DE_LU,50107
2024-02-24T20:00Z,DE_LU,48348
2024-02-24T21:00Z,DE_LU,46724
2024-02-24T22:00Z,DE_LU,44702
2024-02-24T23:00Z,DE_LU,39082
2024-02-25T00:00Z,DE_LU,38164
2024-02-25T01:00Z,DE_LU,37270
2024-02-25T02:00Z,DE_LU,37816
2024-02-25T03:00Z,DE_LU,37766
2024-02-25T04:00Z,DE_LU,39897
2024-02-25T05:00Z,DE_LU,42762
2024-02-25T06:00Z,DE_LU,44966
2024-02-25T07:00Z,DE_LU,46588
2024-02-25T08:00Z,DE_LU,47231
2024-02-25T09:00Z,DE_LU,47231
2024-02-25T10:00Z,DE_LU,46592
2024-02-25T11:00Z,DE_LU,46280
2024-02-25T12:00Z,DE_LU,45724
2024-02-25T13:00Z,DE_LU,45054
2024-02-25T14:00Z,DE_LU,45118
2024-02-25T15:00Z,DE_LU,45436
2024-02-25T16:00Z,DE_LU,47265
2024-02-25T17:00Z,DE_LU,47487
2024-02-25T18:00Z,DE_LU,46383
2024-02-25T19:00Z,DE_LU,45062
2024-02-25T20:00Z,DE_LU,43077
2024-02-25T21:00Z,DE_LU,41539
2024-02-25T22:00Z,DE_LU,39926
2024-02-25T23:00Z,DE_LU,44117
2024-02-26T00:00Z,DE_LU,42106
2024-02-26T01:00Z,DE_LU,40821
2024-02-26T02:00Z,DE_LU,41141
2024-02-26T03:00Z,DE_LU,42293
2024-02-26T04:00Z,DE_LU,46564
2024-02-26T05:00Z,DE_LU,52673
2024-02-26T06:00Z,DE_LU,58108
2024-02-26T07:00Z,DE_LU,60264
2024-02-26T08:00Z,DE_LU,61105
2024-02-26T09:00Z,DE_LU,61474
2024-02-26T10:00Z,DE_LU,61611
2024-02-26T11:00Z,DE_LU,60530
2024-02-26T12:00Z,DE_LU,60111
2024-02-26T13:00Z,DE_LU,59368
2024-02-26T14:00Z,DE_LU,59713
2024-02-26T15:00Z,DE_LU,61164
2024-02-26T16:00Z,DE_LU,63690
2024-02-26T17:00Z,DE_LU,64015
2024-02-26T18:00Z,DE_LU,62085
2024-02-26T19:00Z,DE_LU,58935
2024-02-26T20:00Z,DE_LU,55468
2024-02-26T21:00Z,DE_LU,51061
2024-02-26T22:00Z,DE_LU,47138
2024-02-26T23:00Z,DE_LU,43394
2024-02-27T00:00Z,DE_LU,42246
2024-02-27T01:00Z,DE_LU,41385
2024-02-27T02:00Z,DE_LU,41603
2024-02-27T03:00Z,DE_LU,42935
2024-02-27T04:00Z,DE_LU,46199
2024-02-27T05:00Z,DE_LU,52828
2024-02-27T06:00Z,DE_LU,58646
2024-02-27T07:00Z,DE_LU,61162
2024-02-27T08:00Z,DE_LU,61372
2024-02-27T09:00Z,DE_LU,61385
2024-02-27T10:00Z,DE_LU,61163
2024-02-27T11:00Z,DE_LU,60356
2024-02-27T12:00Z,DE_LU,60313
2024-02-27T13:00Z,DE_LU,59942
2024-02-27T14:00Z,DE_LU,59486
2024-02-27T15:00Z,DE_LU,60870
2024-02-27T16:00Z,DE_LU,64046
2024-02-27T17:00Z,DE_LU,64417
2024-02-27T18:00Z,DE_LU,62043
2024-02-27T19:00Z,DE_LU,58837
2024-02-27T20:00Z,DE_LU,55773
2024-02-27T21:00Z,DE_LU,51816
2024-02-27T22:00Z,DE_LU,47818
2024-02-27T23:00Z,DE_LU,44995
2024-02-28T00:00Z,DE_LU,43371
2024-02-28T01:00Z,DE_LU,41993
2024-02-28T02:00Z,DE_LU,41705
2024-02-28T03:00Z,DE_LU,42594
2024-02-28T04:00Z,DE_LU,46460
2024-02-28T05:00Z,DE_LU,52617
2024-02-28T06:00Z,DE_LU,57913
2024-02-28T07:00Z,DE_LU,60024
2024-02-28T08:00Z,DE_LU,60439
2024-02-28T09:00Z,DE_LU,60849
2024-02-28T10:00Z,DE_LU,60655
2024-02-28T11:00Z,DE_LU,60041
2024-02-28T12:00Z,DE_LU,59313
2024-02-28T13:00Z,DE_LU,59333
2024-02-28T14:00Z,DE_LU,59257
2024-02-28T15:00Z,DE_LU,60382
2024-02-28T16:00Z,DE_LU,63036
2024-02-28T17:00Z,DE_LU,63377
2024-02-28T18:00Z,DE_LU,61454
2024-02-28T19:00Z,DE_LU,58235
2024-02-28T20:00Z,DE_LU,55145
2024-02-28T21:00Z,DE_LU,51343
2024-02-28T22:00Z,DE_LU,47563
2024-02-28T23:00Z,DE_LU,44714
2024-02-29T00:00Z,DE_LU,43252
2024-02-29T01:00Z,DE_LU,41492
2024-02-29T02:00Z,DE_LU,41424
2024-02-29T03:00Z,DE_LU,42851
2024-02-29T04:00Z,DE_LU,46801
2024-02-29T05:00Z,DE_LU,53662
2024-02-29T06:00Z,DE_LU,59389
2024-02-29T07:00Z,DE_LU,60842
2024-02-29T08:00Z,DE_LU,61052
2024-02-29T09:00Z,DE_LU,61013
2024-02-29T10:00Z,DE_LU,60931
2024-02-29T11:00Z,DE_LU,60333
2024-02-29T12:00Z,DE_LU,60028
2024-02-29T13:00Z,DE_LU,59553
2024-02-29T14:00Z,DE_LU,59877
2024-02-29T15:00Z,DE_LU,60943
2024-02-29T16:00Z,DE_LU,64326
2024-02-29T17:00Z,DE_LU,64647
2024-02-29T18:00Z,DE_LU,62279
2024-02-29T19:00Z,DE_LU,58817
2024-02-29T20:00Z,DE_LU,55971
2024-02-29T21:00Z,DE_LU,52488
2024-02-29T22:00Z,DE_LU,48108
2024-02-29T23:00Z,DE_LU,46267
2024-03-01T00:00Z,DE_LU,44602
2024-03-01T01:00Z,DE_LU,43580
2024-03-01T02:00Z,DE_LU,43463
2024-03-01T03:00Z,DE_LU,44500
2024-03-01T04:00Z,DE_LU,48165
2024-03-01T05:00Z,DE_LU,55073
2024-03-01T06:00Z,DE_LU,60728
2024-03-01T07:00Z,DE_LU,62899
2024-03-01T08:00Z,DE_LU,63809
2024-03-01T09:00Z,DE_LU,63733
2024-03-01T10:00Z,DE_LU,63153
2024-03-01T11:00Z,DE_LU,62158
2024-03-01T12:00Z,DE_LU,61526
2024-03-01T13:00Z,DE_LU,61276
2024-03-01T14:00Z,DE_LU,61463
2024-03-01T15:00Z,DE_LU,63322
2024-03-01T16:00Z,DE_LU,65634
2024-03-01T17:00Z,DE_LU,66112
2024-03-01T18:00Z,DE_LU,64462
2024-03-01T19:00Z,DE_LU,61218
2024-03-01T20:00Z,DE_LU,58001
2024-03-01T21:00Z,DE_LU,54395
2024-03-01T22:00Z,DE_LU,50010
2024-03-01T23:00Z,DE_LU,44875
2024-03-02T00:00Z,DE_LU,44180
2024-03-02T01:00Z,DE_LU,43920
2024-03-02T02:00Z,DE_LU,43497
2024-03-02T03:00Z,DE_LU,43672
2024-03-02T04:00Z,DE_LU,45765
2024-03-02T05:00Z,DE_LU,49274
2024-03-02T06:00Z,DE_LU,52235
2024-03-02T07:00Z,DE_LU,54046
2024-03-02T08:00Z,DE_LU,54199
2024-03-02T09:00Z,DE_LU,54585
2024-03-02T10:00Z,DE_LU,53963
2024-03-02T11:00Z,DE_LU,53170
2024-03-02T12:00Z,DE_LU,52720
2024-03-02T13:00Z,DE_LU,52163
2024-03-02T14:00Z,DE_LU,52321
2024-03-02T15:00Z,DE_LU,53170
2024-03-02T16:00Z,DE_LU,54873
2024-03-02T17:00Z,DE_LU,55252
2024-03-02T18:00Z,DE_LU,54020
2024-03-02T19:00Z,DE_LU,52672
2024-03-02T20:00Z,DE_LU,50860
2024-03-02T21:00Z,DE_LU,48859
2024-03-02T22:00Z,DE_LU,46822
2024-03-02T23:00Z,DE_LU,39232
2024-03-03T00:00Z,DE_LU,38704
2024-03-03T01:00Z,DE_LU,37861
2024-03-03T02:00Z,DE_LU,38005
2024-03-03T03:00Z,DE_LU,38509
2024-03-03T04:00Z,DE_LU,40286
2024-03-03T05:00Z,DE_LU,43499
2024-03-03T06:00Z,DE_LU,45936
2024-03-03T07:00Z,DE_LU,47102
2024-03-03T08:00Z,DE_LU,47406
2024-03-03T09:00Z,DE_LU,47995
2024-03-03T10:00Z,DE_LU,48157
2024-03-03T11:00Z,DE_LU,47683
2024-03-03T12:00Z,DE_LU,47478
2024-03-03T13:00Z,DE_LU,46730
2024-03-03T14:00Z,DE_LU,46651
2024-03-03T15:00Z,DE_LU,47117
2024-03-03T16:00Z,DE_LU,48114
2024-03-03T17:00Z,DE_LU,48506
2024-03-03T18:00Z,DE_LU,47827
2024-03-03T19:00Z,DE_LU,46537
2024-03-03T20:00Z,DE_LU,45610
2024-03-03T21:00Z,DE_LU,43594
2024-03-03T22:00Z,DE_LU,41794
2024-03-03T23:00Z,DE_LU,46827
2024-03-04T00:00Z,DE_LU,44942
2024-03-04T01:00Z,DE_LU,43428
2024-03-04T02:00Z,DE_LU,43577
2024-03-04T03:00Z,DE_LU,44353
2024-03-04T04:00Z,DE_LU,48878
2024-03-04T05:00Z,DE_LU,55333
2024-03-04T06:00Z,DE_LU,60618
2024-03-04T07:00Z,DE_LU,63278
2024-03-04T08:00Z,DE_LU,63851
2024-03-04T09:00Z,DE_LU,64098
2024-03-04T10:00Z,DE_LU,63655
2024-03-04T11:00Z,DE_LU,62151
2024-03-04T12:00Z,DE_LU,61334
2024-03-04T13:00Z,DE_LU,61053
2024-03-04T14:00Z,DE_LU,61309
2024-03-04T15:00Z,DE_LU,62399
2024-03-04T16:00Z,DE_LU,65359
2024-03-04T17:00Z,DE_LU,66111
2024-03-04T18:00Z,DE_LU,63548
2024-03-04T19:00Z,DE_LU,60400
2024-03-04T20:00Z,DE_LU,57513
2024-03-04T21:00Z,DE_LU,53770
2024-03-04T22:00Z,DE_LU,49387
2024-03-04T23:00Z,DE_LU,45820
2024-03-05T00:00Z,DE_LU,43743
2024-03-05T01:00Z,DE_LU,42338
2024-03-05T02:00Z,DE_LU,42365
2024-03-05T03:00Z,DE_LU,43414
2024-03-05T04:00Z,DE_LU,47468
2024-03-05T05:00Z,DE_LU,53641
2024-03-05T06:00Z,DE_LU,59156
2024-03-05T07:00Z,DE_LU,62126
2024-03-05T08:00Z,DE_LU,63170
2024-03-05T09:00Z,DE_LU,63643
2024-03-05T10:00Z,DE_LU,63559
2024-03-05T11:00Z,DE_LU,62016
2024-03-05T12:00Z,DE_LU,61670
2024-03-05T13:00Z,DE_LU,60507
2024-03-05T14:00Z,DE_LU,60836
2024-03-05T15:00Z,DE_LU,61980
2024-03-05T16:00Z,DE_LU,64975
2024-03-05T17:00Z,DE_LU,65440
2024-03-05T18:00Z,DE_LU,62664
2024-03-05T19:00Z,DE_LU,59681
2024-03-05T20:00Z,DE_LU,56248
2024-03-05T21:00Z,DE_LU,52394
2024-03-05T22:00Z,DE_LU,48207
2024-03-05T23:00Z,DE_LU,43737
2024-03-06T00:00Z,DE_LU,42209
2024-03-06T01:00Z,DE_LU,41455
2024-03-06T02:00Z,DE_LU,41463
2024-03-06T03:00Z,DE_LU,42647
2024-03-06T04:00Z,DE_LU,46522
2024-03-06T05:00Z,DE_LU,52577
2024-03-06T06:00Z,DE_LU,58126
2024-03-06T07:00Z,DE_LU,60266
2024-03-06T08:00Z,DE_LU,61695
2024-03-06T09:00Z,DE_LU,61684
2024-03-06T10:00Z,DE_LU,60920
2024-03-06T11:00Z,DE_LU,59536
2024-03-06T12:00Z,DE_LU,59384
2024-03-06T13:00Z,DE_LU,59125
2024-03-06T14:00Z,DE_LU,59236
2024-03-06T15:00Z,DE_LU,60592
2024-03-06T16:00Z,DE_LU,63587
2024-03-06T17:00Z,DE_LU,63249
2024-03-06T18:00Z,DE_LU,61949
2024-03-06T19:00Z,DE_LU,58696
2024-03-06T20:00Z,DE_LU,55662
2024-03-06T21:00Z,DE_LU,51860
2024-03-06T22:00Z,DE_LU,47882
2024-03-06T23:00Z,DE_LU,44633
2024-03-07T00:00Z,DE_LU,43242
2024-03-07T01:00Z,DE_LU,42011
2024-03-07T02:00Z,DE_LU,42323
2024-03-07T03:00Z,DE_LU,42863
2024-03-07T04:00Z,DE_LU,46446
2024-03-07T05:00Z,DE_LU,53146
2024-03-07T06:00Z,DE_LU,59026
2024-03-07T07:00Z,DE_LU,61985
2024-03-07T08:00Z,DE_LU,62769
2024-03-07T09:00Z,DE_LU,62860
2024-03-07T10:00Z,DE_LU,62218
2024-03-07T11:00Z,DE_LU,60983
2024-03-07T12:00Z,DE_LU,59882
2024-03-07T13:00Z,DE_LU,59439
2024-03-07T14:00Z,DE_LU,59571
2024-03-07T15:00Z,DE_LU,60571
2024-03-07T16:00Z,DE_LU,63807
2024-03-07T17:00Z,DE_LU,64484
2024-03-07T18:00Z,DE_LU,62306
2024-03-07T19:00Z,DE_LU,58888
2024-03-07T20:00Z,DE_LU,55901
2024-03-07T21:00Z,DE_LU,52890
2024-03-07T22:00Z,DE_LU,49103
2024-03-07T23:00Z,DE_LU,45997
2024-03-08T00:00Z,DE_LU,44804
2024-03-08T01:00Z,DE_LU,43569
2024-03-08T02:00Z,DE_LU,43489
2024-03-08T03:00Z,DE_LU,44921
2024-03-08T04:00Z,DE_LU,48305
2024-03-08T05:00Z,DE_LU,54482
2024-03-08T06:00Z,DE_LU,60052
2024-03-08T07:00Z,DE_LU,62957
2024-03-08T08:00Z,DE_LU,63724
2024-03-08T09:00Z,DE_LU,63841
2024-03-08T10:00Z,DE_LU,63667
2024-03-08T11:00Z,DE_LU,62782
2024-03-08T12:00Z,DE_LU,61350
2024-03-08T13:00Z,DE_LU,60587
2024-03-08T14:00Z,DE_LU,60116
2024-03-08T15:00Z,DE_LU,61338
2024-03-08T16:00Z,DE_LU,64204
2024-03-08T17:00Z,DE_LU,64552
2024-03-08T18:00Z,DE_LU,62433
2024-03-08T19:00Z,DE_LU,59653
2024-03-08T20:00Z,DE_LU,56692
2024-03-08T21:00Z,DE_LU,52868
2024-03-08T22:00Z,DE_LU,48943
2024-03-08T23:00Z,DE_LU,42807
2024-03-09T00:00Z,DE_LU,41964
2024-03-09T01:00Z,DE_LU,41678
2024-03-09T02:00Z,DE_LU,41656
2024-03-09T03:00Z,DE_LU,41674
2024-03-09T04:00Z,DE_LU,43617
2024-03-09T05:00Z,DE_LU,47177
2024-03-09T06:00Z,DE_LU,50041
2024-03-09T07:00Z,DE_LU,50734
2024-03-09T08:00Z,DE_LU,51304
2024-03-09T09:00Z,DE_LU,51845
2024-03-09T10:00Z,DE_LU,51148
2024-03-09T11:00Z,DE_LU,51018
2024-03-09T12:00Z,DE_LU,50816
2024-03-09T13:00Z,DE_LU,50591
2024-03-09T14:00Z,DE_LU,50886
2024-03-09T15:00Z,DE_LU,51134
2024-03-09T16:00Z,DE_LU,52310
2024-03-09T17:00Z,DE_LU,52838
2024-03-09T18:00Z,DE_LU,51327
2024-03-09T19:00Z,DE_LU,49702
2024-03-09T20:00Z,DE_LU,48255
2024-03-09T21:00Z,DE_LU,46243
2024-03-09T22:00Z,DE_LU,44517
2024-03-09T23:00Z,DE_LU,39081
2024-03-10T00:00Z,DE_LU,38424
2024-03-10T01:00Z,DE_LU,38077
2024-03-10T02:00Z,DE_LU,38133
2024-03-10T03:00Z,DE_LU,38611
2024-03-10T04:00Z,DE_LU,39692
2024-03-10T05:00Z,DE_LU,42383
2024-03-10T06:00Z,DE_LU,44866
2024-03-10T07:00Z,DE_LU,46164
2024-03-10T08:00Z,DE_LU,46747
2024-03-10T09:00Z,DE_LU,47426
2024-03-10T10:00Z,DE_LU,47112
2024-03-10T11:00Z,DE_LU,47054
2024-03-10T12:00Z,DE_LU,46848
2024-03-10T13:00Z,DE_LU,46612
2024-03-10T14:00Z,DE_LU,46720
2024-03-10T15:00Z,DE_LU,47064
2024-03-10T16:00Z,DE_LU,48170
2024-03-10T17:00Z,DE_LU,48742
2024-03-10T18:00Z,DE_LU,47238
2024-03-10T19:00Z,DE_LU,45949
2024-03-10T20:00Z,DE_LU,44725
2024-03-10T21:00Z,DE_LU,43177
2024-03-10T22:00Z,DE_LU,41483
2024-03-10T23:00Z,DE_LU,45207
2024-03-11T00:00Z,DE_LU,43515
2024-03-11T01:00Z,DE_LU,41519
2024-03-11T02:00Z,DE_LU,41577
2024-03-11T03:00Z,DE_LU,42791
2024-03-11T04:00Z,DE_LU,46059
2024-03-11T05:00Z,DE_LU,52605
2024-03-11T06:00Z,DE_LU,58052
2024-03-11T07:00Z,DE_LU,60293
2024-03-11T08:00Z,DE_LU,61165
2024-03-11T09:00Z,DE_LU,61045
2024-03-11T10:00Z,DE_LU,60422
2024-03-11T11:00Z,DE_LU,59292
2024-03-11T12:00Z,DE_LU,58893
2024-03-11T13:00Z,DE_LU,58570
2024-03-11T14:00Z,DE_LU,59106
2024-03-11T15:00Z,DE_LU,60771
2024-03-11T16:00Z,DE_LU,63392
2024-03-11T17:00Z,DE_LU,63434
2024-03-11T18:00Z,DE_LU,61548
2024-03-11T19:00Z,DE_LU,58563
2024-03-11T20:00Z,DE_LU,55465
2024-03-11T21:00Z,DE_LU,51783
2024-03-11T22:00Z,DE_LU,48048
2024-03-11T23:00Z,DE_LU,44889
2024-03-12T00:00Z,DE_LU,43168
2024-03-12T01:00Z,DE_LU,42014
2024-03-12T02:00Z,DE_LU,41270
2024-03-12T03:00Z,DE_LU,41848
2024-03-12T04:00Z,DE_LU,46003
2024-03-12T05:00Z,DE_LU,52648
2024-03-12T06:00Z,DE_LU,58276
2024-03-12T07:00Z,DE_LU,60663
2024-03-12T08:00Z,DE_LU,61802
2024-03-12T09:00Z,DE_LU,62152
2024-03-12T10:00Z,DE_LU,61915
2024-03-12T11:00Z,DE_LU,60809
2024-03-12T12:00Z,DE_LU,60007
2024-03-12T13:00Z,DE_LU,58530
2024-03-12T14:00Z,DE_LU,58704
2024-03-12T15:00Z,DE_LU,59277
2024-03-12T16:00Z,DE_LU,62675
2024-03-12T17:00Z,DE_LU,62971
2024-03-12T18:00Z,DE_LU,61551
2024-03-12T19:00Z,DE_LU,58528
2024-03-12T20:00Z,DE_LU,54963
2024-03-12T21:00Z,DE_LU,51523
2024-03-12T22:00Z,DE_LU,47154
2024-03-12T23:00Z,DE_LU,42698
2024-03-13T00:00Z,DE_LU,41537
2024-03-13T01:00Z,DE_LU,40302
2024-03-13T02:00Z,DE_LU,40544
2024-03-13T03:00Z,DE_LU,41823
2024-03-13T04:00Z,DE_LU,45499
2024-03-13T05:00Z,DE_LU,51665
2024-03-13T06:00Z,DE_LU,56329
2024-03-13T07:00Z,DE_LU,58542
2024-03-13T08:00Z,DE_LU,59276
2024-03-13T09:00Z,DE_LU,60126
2024-03-13T10:00Z,DE_LU,59457
2024-03-13T11:00Z,DE_LU,58664
2024-03-13T12:00Z,DE_LU,57528
2024-03-13T13:00Z,DE_LU,57120
2024-03-13T14:00Z,DE_LU,57484
2024-03-13T15:00Z,DE_LU,58469
2024-03-13T16:00Z,DE_LU,61019
2024-03-13T17:00Z,DE_LU,61719
2024-03-13T18:00Z,DE_LU,59500
2024-03-13T19:00Z,DE_LU,56655
2024-03-13T20:00Z,DE_LU,54001
2024-03-13T21:00Z,DE_LU,50517
2024-03-13T22:00Z,DE_LU,46794
2024-03-13T23:00Z,DE_LU,43579
2024-03-14T00:00Z,DE_LU,40786
2024-03-14T01:00Z,DE_LU,40049
2024-03-14T02:00Z,DE_LU,40776
2024-03-14T03:00Z,DE_LU,41652
2024-03-14T04:00Z,DE_LU,45551
2024-03-14T05:00Z,DE_LU,51212
2024-03-14T06:00Z,DE_LU,56650
2024-03-14T07:00Z,DE_LU,58814
2024-03-14T08:00Z,DE_LU,59445
2024-03-14T09:00Z,DE_LU,60047
2024-03-14T10:00Z,DE_LU,59955
2024-03-14T11:00Z,DE_LU,59420
2024-03-14T12:00Z,DE_LU,59275
2024-03-14T13:00Z,DE_LU,58844
2024-03-14T14:00Z,DE_LU,58660
2024-03-14T15:00Z,DE_LU,59178
2024-03-14T16:00Z,DE_LU,61625
2024-03-14T17:00Z,DE_LU,61800
2024-03-14T18:00Z,DE_LU,59901
2024-03-14T19:00Z,DE_LU,56836
2024-03-14T20:00Z,DE_LU,54507
2024-03-14T21:00Z,DE_LU,50986
2024-03-14T22:00Z,DE_LU,46971
2024-03-14T23:00Z,DE_LU,44113
2024-03-15T00:00Z,DE_LU,42438
2024-03-15T01:00Z,DE_LU,41259
2024-03-15T02:00Z,DE_LU,41597
2024-03-15T03:00Z,DE_LU,42388
2024-03-15T04:00Z,DE_LU,45593
2024-03-15T05:00Z,DE_LU,52069
2024-03-15T06:00Z,DE_LU,57145
2024-03-15T07:00Z,DE_LU,60029
2024-03-15T08:00Z,DE_LU,60974
2024-03-15T09:00Z,DE_LU,61450
2024-03-15T10:00Z,DE_LU,60724
2024-03-15T11:00Z,DE_LU,59735
2024-03-15T12:00Z,DE_LU,59481
2024-03-15T13:00Z,DE_LU,58646
2024-03-15T14:00Z,DE_LU,58678
2024-03-15T15:00Z,DE_LU,60074
2024-03-15T16:00Z,DE_LU,62574
2024-03-15T17:00Z,DE_LU,62386
2024-03-15T18:00Z,DE_LU,60525
2024-03-15T19:00Z,DE_LU,58462
2024-03-15T20:00Z,DE_LU,55030
2024-03-15T21:00Z,DE_LU,51387
2024-03-15T22:00Z,DE_LU,47470
2024-03-15T23:00Z,DE_LU,41555
2024-03-16T00:00Z,DE_LU,40432
2024-03-16T01:00Z,DE_LU,40126
2024-03-16T02:00Z,DE_LU,40429
2024-03-16T03:00Z,DE_LU,40683
2024-03-16T04:00Z,DE_LU,41893
2024-03-16T05:00Z,DE_LU,45209
2024-03-16T06:00Z,DE_LU,48232
2024-03-16T07:00Z,DE_LU,49715
2024-03-16T08:00Z,DE_LU,50285
2024-03-16T09:00Z,DE_LU,50596
2024-03-16T10:00Z,DE_LU,50214
2024-03-16T11:00Z,DE_LU,49498
2024-03-16T12:00Z,DE_LU,49375
2024-03-16T13:00Z,DE_LU,49052
2024-03-16T14:00Z,DE_LU,49526
2024-03-16T15:00Z,DE_LU,49524
2024-03-16T16:00Z,DE_LU,51032
2024-03-16T17:00Z,DE_LU,50947
2024-03-16T18:00Z,DE_LU,49767
2024-03-16T19:00Z,DE_LU,48574
2024-03-16T20:00Z,DE_LU,47156
2024-03-16T21:00Z,DE_LU,45078
2024-03-16T22:00Z,DE_LU,43073
2024-03-16T23:00Z,DE_LU,36236
2024-03-17T00:00Z,DE_LU,35246
2024-03-17T01:00Z,DE_LU,34894
2024-03-17T02:00Z,DE_LU,34818
2024-03-17T03:00Z,DE_LU,35458
2024-03-17T04:00Z,DE_LU,37220
2024-03-17T05:00Z,DE_LU,40195
2024-03-17T06:00Z,DE_LU,42428
2024-03-17T07:00Z,DE_LU,43300
2024-03-17T08:00Z,DE_LU,43572
2024-03-17T09:00Z,DE_LU,43844
2024-03-17T10:00Z,DE_LU,43631
2024-03-17T11:00Z,DE_LU,43491
2024-03-17T12:00Z,DE_LU,43229
2024-03-17T13:00Z,DE_LU,43496
2024-03-17T14:00Z,DE_LU,43241
2024-03-17T15:00Z,DE_LU,43538
2024-03-17T16:00Z,DE_LU,44421
2024-03-17T17:00Z,DE_LU,44501
2024-03-17T18:00Z,DE_LU,43308
2024-03-17T19:00Z,DE_LU,42509
2024-03-17T20:00Z,DE_LU,41448
2024-03-17T21:00Z,DE_LU,39534
2024-03-17T22:00Z,DE_LU,37355
2024-03-17T23:00Z,DE_LU,43388
2024-03-18T00:00Z,DE_LU,41711
2024-03-18T01:00Z,DE_LU,40420
2024-03-18T02:00Z,DE_LU,40827
2024-03-18T03:00Z,DE_LU,41402
2024-03-18T04:00Z,DE_LU,44917
2024-03-18T05:00Z,DE_LU,51041
2024-03-18T06:00Z,DE_LU,56666
2024-03-18T07:00Z,DE_LU,59551
2024-03-18T08:00Z,DE_LU,60570
2024-03-18T09:00Z,DE_LU,61253
2024-03-18T10:00Z,DE_LU,60938
2024-03-18T11:00Z,DE_LU,59539
2024-03-18T12:00Z,DE_LU,58841
2024-03-18T13:00Z,DE_LU,58997
2024-03-18T14:00Z,DE_LU,58910
2024-03-18T15:00Z,DE_LU,60323
2024-03-18T16:00Z,DE_LU,62073
2024-03-18T17:00Z,DE_LU,62611
2024-03-18T18:00Z,DE_LU,60292
2024-03-18T19:00Z,DE_LU,57323
2024-03-18T20:00Z,DE_LU,54889
2024-03-18T21:00Z,DE_LU,51596
2024-03-18T22:00Z,DE_LU,47674
2024-03-18T23:00Z,DE_LU,43949
2024-03-19T00:00Z,DE_LU,41862
2024-03-19T01:00Z,DE_LU,40341
2024-03-19T02:00Z,DE_LU,40458
2024-03-19T03:00Z,DE_LU,40950
2024-03-19T04:00Z,DE_LU,44304
2024-03-19T05:00Z,DE_LU,50942
2024-03-19T06:00Z,DE_LU,55724
2024-03-19T07:00Z,DE_LU,58531
2024-03-19T08:00Z,DE_LU,60267
2024-03-19T09:00Z,DE_LU,60648
2024-03-19T10:00Z,DE_LU,60861
2024-03-19T11:00Z,DE_LU,59728
2024-03-19T12:00Z,DE_LU,59266
2024-03-19T13:00Z,DE_LU,58810
2024-03-19T14:00Z,DE_LU,58216
2024-03-19T15:00Z,DE_LU,59418
2024-03-19T16:00Z,DE_LU,61080
2024-03-19T17:00Z,DE_LU,61755
2024-03-19T18:00Z,DE_LU,59867
2024-03-19T19:00Z,DE_LU,57437
2024-03-19T20:00Z,DE_LU,54206
2024-03-19T21:00Z,DE_LU,50783
2024-03-19T22:00Z,DE_LU,46863
2024-03-19T23:00Z,DE_LU,44468
2024-03-20T00:00Z,DE_LU,42549
2024-03-20T01:00Z,DE_LU,41500
2024-03-20T02:00Z,DE_LU,41544
2024-03-20T03:00Z,DE_LU,42522
2024-03-20T04:00Z,DE_LU,46275
2024-03-20T05:00Z,DE_LU,52693
2024-03-20T06:00Z,DE_LU,57805
2024-03-20T07:00Z,DE_LU,60019
2024-03-20T08:00Z,DE_LU,60878
2024-03-20T09:00Z,DE_LU,61490
2024-03-20T10:00Z,DE_LU,61668
2024-03-20T11:00Z,DE_LU,60896
2024-03-20T12:00Z,DE_LU,59871
2024-03-20T13:00Z,DE_LU,59586
2024-03-20T14:00Z,DE_LU,58829
2024-03-20T15:00Z,DE_LU,59953
2024-03-20T16:00Z,DE_LU,62622
2024-03-20T17:00Z,DE_LU,62432
2024-03-20T18:00Z,DE_LU,60563
2024-03-20T19:00Z,DE_LU,58148
2024-03-20T20:00Z,DE_LU,55444
2024-03-20T21:00Z,DE_LU,51540
2024-03-20T22:00Z,DE_LU,47746
2024-03-20T23:00Z,DE_LU,44839
2024-03-21T00:00Z,DE_LU,43364
2024-03-21T01:00Z,DE_LU,42585
2024-03-21T02:00Z,DE_LU,42447
2024-03-21T03:00Z,DE_LU,43107
2024-03-21T04:00Z,DE_LU,46894
2024-03-21T05:00Z,DE_LU,53225
2024-03-21T06:00Z,DE_LU,58194
2024-03-21T07:00Z,DE_LU,60542
2024-03-21T08:00Z,DE_LU,61698
2024-03-21T09:00Z,DE_LU,62011
2024-03-21T10:00Z,DE_LU,61216
2024-03-21T11:00Z,DE_LU,60225
2024-03-21T12:00Z,DE_LU,59786
2024-03-21T13:00Z,DE_LU,59695
2024-03-21T14:00Z,DE_LU,59573
2024-03-21T15:00Z,DE_LU,60529
2024-03-21T16:00Z,DE_LU,62672
2024-03-21T17:00Z,DE_LU,63470
2024-03-21T18:00Z,DE_LU,62151
2024-03-21T19:00Z,DE_LU,59270
2024-03-21T20:00Z,DE_LU,56096
2024-03-21T21:00Z,DE_LU,52788
2024-03-21T22:00Z,DE_LU,48674
2024-03-21T23:00Z,DE_LU,46003
2024-03-22T00:00Z,DE_LU,44337
2024-03-22T01:00Z,DE_LU,43232
2024-03-22T02:00Z,DE_LU,42979
2024-03-22T03:00Z,DE_LU,43690
2024-03-22T04:00Z,DE_LU,47231
2024-03-22T05:00Z,DE_LU,53801
2024-03-22T06:00Z,DE_LU,59163
2024-03-22T07:00Z,DE_LU,61457
2024-03-22T08:00Z,DE_LU,62289
2024-03-22T09:00Z,DE_LU,62284
2024-03-22T10:00Z,DE_LU,61785
2024-03-22T11:00Z,DE_LU,61055
2024-03-22T12:00Z,DE_LU,60521
2024-03-22T13:00Z,DE_LU,60345
2024-03-22T14:00Z,DE_LU,60249
2024-03-22T15:00Z,DE_LU,60948
2024-03-22T16:00Z,DE_LU,62480
2024-03-22T17:00Z,DE_LU,62422
2024-03-22T18:00Z,DE_LU,60697
2024-03-22T19:00Z,DE_LU,58246
2024-03-22T20:00Z,DE_LU,56165
2024-03-22T21:00Z,DE_LU,52602
2024-03-22T22:00Z,DE_LU,48792
2024-03-22T23:00Z,DE_LU,42784
2024-03-23T00:00Z,DE_LU,42015
2024-03-23T01:00Z,DE_LU,41336
2024-03-23T02:00Z,DE_LU,41780
2024-03-23T03:00Z,DE_LU,41828
2024-03-23T04:00Z,DE_LU,43499
2024-03-23T05:00Z,DE_LU,47149
2024-03-23T06:00Z,DE_LU,50033
2024-03-23T07:00Z,DE_LU,50883
2024-03-23T08:00Z,DE_LU,51296
2024-03-23T09:00Z,DE_LU,51682
2024-03-23T10:00Z,DE_LU,51506
2024-03-23T11:00Z,DE_LU,50721
2024-03-23T12:00Z,DE_LU,50645
2024-03-23T13:00Z,DE_LU,50133
2024-03-23T14:00Z,DE_LU,49659
2024-03-23T15:00Z,DE_LU,50165
2024-03-23T16:00Z,DE_LU,51775
2024-03-23T17:00Z,DE_LU,51779
2024-03-23T18:00Z,DE_LU,51383
2024-03-23T19:00Z,DE_LU,50325
2024-03-23T20:00Z,DE_LU,48674
2024-03-23T21:00Z,DE_LU,47040
2024-03-23T22:00Z,DE_LU,45050
2024-03-23T23:00Z,DE_LU,39278
2024-03-24T00:00Z,DE_LU,38418
2024-03-24T01:00Z,DE_LU,37709
2024-03-24T02:00Z,DE_LU,37799
2024-03-24T03:00Z,DE_LU,38494
2024-03-24T04:00Z,DE_LU,40061
2024-03-24T05:00Z,DE_LU,42781
2024-03-24T06:00Z,DE_LU,45379
2024-03-24T07:00Z,DE_LU,46844
2024-03-24T08:00Z,DE_LU,47402
2024-03-24T09:00Z,DE_LU,47352
2024-03-24T10:00Z,DE_LU,47419
2024-03-24T11:00Z,DE_LU,46827
2024-03-24T12:00Z,DE_LU,46256
2024-03-24T13:00Z,DE_LU,46061
2024-03-24T14:00Z,DE_LU,46521
2024-03-24T15:00Z,DE_LU,46477
2024-03-24T16:00Z,DE_LU,47314
2024-03-24T17:00Z,DE_LU,47441
2024-03-24T18:00Z,DE_LU,46299
2024-03-24T19:00Z,DE_LU,45020
2024-03-24T20:00Z,DE_LU,43823
2024-03-24T21:00Z,DE_LU,42167
2024-03-24T22:00Z,DE_LU,39886
2024-03-24T23:00Z,DE_LU,42400
2024-03-25T00:00Z,DE_LU,40748
2024-03-25T01:00Z,DE_LU,40436
2024-03-25T02:00Z,DE_LU,39951
2024-03-25T03:00Z,DE_LU,41403
2024-03-25T04:00Z,DE_LU,44471
2024-03-25T05:00Z,DE_LU,50183
2024-03-25T06:00Z,DE_LU,55317
2024-03-25T07:00Z,DE_LU,57831
2024-03-25T08:00Z,DE_LU,58937
2024-03-25T09:00Z,DE_LU,59139
2024-03-25T10:00Z,DE_LU,58768
2024-03-25T11:00Z,DE_LU,58285
2024-03-25T12:00Z,DE_LU,57720
2024-03-25T13:00Z,DE_LU,57300
2024-03-25T14:00Z,DE_LU,57001
2024-03-25T15:00Z,DE_LU,58024
2024-03-25T16:00Z,DE_LU,59982
2024-03-25T17:00Z,DE_LU,59745
2024-03-25T18:00Z,DE_LU,58066
2024-03-25T19:00Z,DE_LU,55958
2024-03-25T20:00Z,DE_LU,53118
2024-03-25T21:00Z,DE_LU,49382
2024-03-25T22:00Z,DE_LU,45813
2024-03-25T23:00Z,DE_LU,41244
2024-03-26T00:00Z,DE_LU,39862
2024-03-26T01:00Z,DE_LU,38623
2024-03-26T02:00Z,DE_LU,38372
2024-03-26T03:00Z,DE_LU,40085
2024-03-26T04:00Z,DE_LU,43160
2024-03-26T05:00Z,DE_LU,48784
2024-03-26T06:00Z,DE_LU,53442
2024-03-26T07:00Z,DE_LU,56388
2024-03-26T08:00Z,DE_LU,57321
2024-03-26T09:00Z,DE_LU,57032
2024-03-26T10:00Z,DE_LU,56991
2024-03-26T11:00Z,DE_LU,56477
2024-03-26T12:00Z,DE_LU,56081
2024-03-26T13:00Z,DE_LU,55369
2024-03-26T14:00Z,DE_LU,55531
2024-03-26T15:00Z,DE_LU,56671
2024-03-26T16:00Z,DE_LU,58615
2024-03-26T17:00Z,DE_LU,58798
2024-03-26T18:00Z,DE_LU,56840
2024-03-26T19:00Z,DE_LU,54166
2024-03-26T20:00Z,DE_LU,51902
2024-03-26T21:00Z,DE_LU,48172
2024-03-26T22:00Z,DE_LU,44595
2024-03-26T23:00Z,DE_LU,42565
2024-03-27T00:00Z,DE_LU,41202
2024-03-27T01:00Z,DE_LU,40375
2024-03-27T02:00Z,DE_LU,39801
2024-03-27T03:00Z,DE_LU,40613
2024-03-27T04:00Z,DE_LU,43756
2024-03-27T05:00Z,DE_LU,49520
2024-03-27T06:00Z,DE_LU,54660
2024-03-27T07:00Z,DE_LU,57182
2024-03-27T08:00Z,DE_LU,58177
2024-03-27T09:00Z,DE_LU,58931
2024-03-27T10:00Z,DE_LU,58275
2024-03-27T11:00Z,DE_LU,57602
2024-03-27T12:00Z,DE_LU,57035
2024-03-27T13:00Z,DE_LU,56725
2024-03-27T14:00Z,DE_LU,57079
2024-03-27T15:00Z,DE_LU,58318
2024-03-27T16:00Z,DE_LU,59809
2024-03-27T17:00Z,DE_LU,60010
2024-03-27T18:00Z,DE_LU,58090
2024-03-27T19:00Z,DE_LU,55866
2024-03-27T20:00Z,DE_LU,53289
2024-03-27T21:00Z,DE_LU,50131
2024-03-27T22:00Z,DE_LU,46460
2024-03-27T23:00Z,DE_LU,45026
2024-03-28T00:00Z,DE_LU,43508
2024-03-28T01:00Z,DE_LU,42724
2024-03-28T02:00Z,DE_LU,42154
2024-03-28T03:00Z,DE_LU,42985
2024-03-28T04:00Z,DE_LU,46225
2024-03-28T05:00Z,DE_LU,52061
2024-03-28T06:00Z,DE_LU,57124
2024-03-28T07:00Z,DE_LU,59688
2024-03-28T08:00Z,DE_LU,60858
2024-03-28T09:00Z,DE_LU,61502
2024-03-28T10:00Z,DE_LU,61444
2024-03-28T11:00Z,DE_LU,60823
2024-03-28T12:00Z,DE_LU,60674
2024-03-28T13:00Z,DE_LU,59820
2024-03-28T14:00Z,DE_LU,59400
2024-03-28T15:00Z,DE_LU,59709
2024-03-28T16:00Z,DE_LU,61981
2024-03-28T17:00Z,DE_LU,62314
2024-03-28T18:00Z,DE_LU,60712
2024-03-28T19:00Z,DE_LU,57875
2024-03-28T20:00Z,DE_LU,55098
2024-03-28T21:00Z,DE_LU,51707
2024-03-28T22:00Z,DE_LU,47793
2024-03-28T23:00Z,DE_LU,38726
2024-03-29T00:00Z,DE_LU,37923
2024-03-29T01:00Z,DE_LU,37192
2024-03-29T02:00Z,DE_LU,37087
2024-03-29T03:00Z,DE_LU,37084
2024-03-29T04:00Z,DE_LU,39073
2024-03-29T05:00Z,DE_LU,41898
2024-03-29T06:00Z,DE_LU,44865
2024-03-29T07:00Z,DE_LU,46520
2024-03-29T08:00Z,DE_LU,47272
2024-03-29T09:00Z,DE_LU,47765
2024-03-29T10:00Z,DE_LU,47363
2024-03-29T11:00Z,DE_LU,46717
2024-03-29T12:00Z,DE_LU,46144
2024-03-29T13:00Z,DE_LU,46085
2024-03-29T14:00Z,DE_LU,45733
2024-03-29T15:00Z,DE_LU,46642
2024-03-29T16:00Z,DE_LU,47701
2024-03-29T17:00Z,DE_LU,47630
2024-03-29T18:00Z,DE_LU,46666
2024-03-29T19:00Z,DE_LU,45796
2024-03-29T20:00Z,DE_LU,44507
2024-03-29T21:00Z,DE_LU,42385
2024-03-29T22:00Z,DE_LU,40673
2024-03-29T23:00Z,DE_LU,43220
2024-03-30T00:00Z,DE_LU,42319
2024-03-30T01:00Z,DE_LU,41667
2024-03-30T02:00Z,DE_LU,41563
2024-03-30T03:00Z,DE_LU,41805
2024-03-30T04:00Z,DE_LU,43396
2024-03-30T05:00Z,DE_LU,46132
2024-03-30T06:00Z,DE_LU,49517
2024-03-30T07:00Z,DE_LU,51031
2024-03-30T08:00Z,DE_LU,51829
2024-03-30T09:00Z,DE_LU,51850
2024-03-30T10:00Z,DE_LU,51512
2024-03-30T11:00Z,DE_LU,51103
2024-03-30T12:00Z,DE_LU,50721
2024-03-30T13:00Z,DE_LU,50920
2024-03-30T14:00Z,DE_LU,50633
2024-03-30T15:00Z,DE_LU,50945
2024-03-30T16:00Z,DE_LU,51871
2024-03-30T17:00Z,DE_LU,51482
2024-03-30T18:00Z,DE_LU,50543
2024-03-30T19:00Z,DE_LU,49615
2024-03-30T20:00Z,DE_LU,48266
2024-03-30T21:00Z,DE_LU,46665
2024-03-30T22:00Z,DE_LU,44770
2024-03-30T23:00Z,DE_LU,39117
2024-03-31T00:00Z,DE_LU,38875
2024-03-31T01:00Z,DE_LU,38201
2024-03-31T02:00Z,DE_LU,38858
2024-03-31T03:00Z,DE_LU,40308
2024-03-31T04:00Z,DE_LU,43116
2024-03-31T05:00Z,DE_LU,46123
2024-03-31T06:00Z,DE_LU,47707
2024-03-31T07:00Z,DE_LU,47593
2024-03-31T08:00Z,DE_LU,47740
2024-03-31T09:00Z,DE_LU,47803
2024-03-31T10:00Z,DE_LU,47282
2024-03-31T11:00Z,DE_LU,47003
2024-03-31T12:00Z,DE_LU,46556
2024-03-31T13:00Z,DE_LU,45675
2024-03-31T14:00Z,DE_LU,46756
2024-03-31T15:00Z,DE_LU,47497
2024-03-31T16:00Z,DE_LU,47803
2024-03-31T17:00Z,DE_LU,46838
2024-03-31T18:00Z,DE_LU,45311
2024-03-31T19:00Z,DE_LU,44062
2024-03-31T20:00Z,DE_LU,42467
2024-03-31T21:00Z,DE_LU,40352
2024-03-31T22:00Z,DE_LU,37932
2024-03-31T23:00Z,DE_LU,37561
2024-04-01T00:00Z,DE_LU,36674
2024-04-01T01:00Z,DE_LU,36309
2024-04-01T02:00Z,DE_LU,37291
2024-04-01T03:00Z,DE_LU,39264
2024-04-01T04:00Z,DE_LU,41925
2024-04-01T05:00Z,DE_LU,44531
2024-04-01T06:00Z,DE_LU,45373
2024-04-01T07:00Z,DE_LU,45994
2024-04-01T08:00Z,DE_LU,46346
2024-04-01T09:00Z,DE_LU,46066
2024-04-01T10:00Z,DE_LU,45609
2024-04-01T11:00Z,DE_LU,45627
2024-04-01T12:00Z,DE_LU,45146
2024-04-01T13:00Z,DE_LU,45151
2024-04-01T14:00Z,DE_LU,46113
2024-04-01T15:00Z,DE_LU,46842
2024-04-01T16:00Z,DE_LU,46938
2024-04-01T17:00Z,DE_LU,45827
2024-04-01T18:00Z,DE_LU,44206
2024-04-01T19:00Z,DE_LU,43156
2024-04-01T20:00Z,DE_LU,41632
2024-04-01T21:00Z,DE_LU,39830
2024-04-01T22:00Z,DE_LU,44322
2024-04-01T23:00Z,DE_LU,42640
2024-04-02T00:00Z,DE_LU,41598
2024-04-02T01:00Z,DE_LU,41583
2024-04-02T02:00Z,DE_LU,42628
2024-04-02T03:00Z,DE_LU,45871
2024-04-02T04:00Z,DE_LU,51672
2024-04-02T05:00Z,DE_LU,57264
2024-04-02T06:00Z,DE_LU,59628
2024-04-02T07:00Z,DE_LU,60709
2024-04-02T08:00Z,DE_LU,60738
2024-04-02T09:00Z,DE_LU,60780
2024-04-02T10:00Z,DE_LU,60134
2024-04-02T11:00Z,DE_LU,59824
2024-04-02T12:00Z,DE_LU,59882
2024-04-02T13:00Z,DE_LU,60222
2024-04-02T14:00Z,DE_LU,60905
2024-04-02T15:00Z,DE_LU,62274
2024-04-02T16:00Z,DE_LU,62624
2024-04-02T17:00Z,DE_LU,61110
2024-04-02T18:00Z,DE_LU,58848
2024-04-02T19:00Z,DE_LU,56090
2024-04-02T20:00Z,DE_LU,52410
2024-04-02T21:00Z,DE_LU,48385
2024-04-02T22:00Z,DE_LU,46397
2024-04-02T23:00Z,DE_LU,44740
2024-04-03T00:00Z,DE_LU,43374
2024-04-03T01:00Z,DE_LU,43320
2024-04-03T02:00Z,DE_LU,43983
2024-04-03T03:00Z,DE_LU,47408
2024-04-03T04:00Z,DE_LU,53726
2024-04-03T05:00Z,DE_LU,59157
2024-04-03T06:00Z,DE_LU,61546
2024-04-03T07:00Z,DE_LU,62987
2024-04-03T08:00Z,DE_LU,62923
2024-04-03T09:00Z,DE_LU,63238
2024-04-03T10:00Z,DE_LU,62738
2024-04-03T11:00Z,DE_LU,61723
2024-04-03T12:00Z,DE_LU,61043
2024-04-03T13:00Z,DE_LU,60639
2024-04-03T14:00Z,DE_LU,61322
2024-04-03T15:00Z,DE_LU,62858
2024-04-03T16:00Z,DE_LU,63008
2024-04-03T17:00Z,DE_LU,61119
2024-04-03T18:00Z,DE_LU,59096
2024-04-03T19:00Z,DE_LU,56901
2024-04-03T20:00Z,DE_LU,53639
2024-04-03T21:00Z,DE_LU,49830
2024-04-03T22:00Z,DE_LU,46678
2024-04-03T23:00Z,DE_LU,44469
2024-04-04T00:00Z,DE_LU,43731
2024-04-04T01:00Z,DE_LU,43285
2024-04-04T02:00Z,DE_LU,44357
2024-04-04T03:00Z,DE_LU,47443
2024-04-04T04:00Z,DE_LU,54007
2024-04-04T05:00Z,DE_LU,59161
2024-04-04T06:00Z,DE_LU,62118
2024-04-04T07:00Z,DE_LU,63458
2024-04-04T08:00Z,DE_LU,63923
2024-04-04T09:00Z,DE_LU,63168
2024-04-04T10:00Z,DE_LU,62587
2024-04-04T11:00Z,DE_LU,62446
2024-04-04T12:00Z,DE_LU,62059
2024-04-04T13:00Z,DE_LU,61802
2024-04-04T14:00Z,DE_LU,61929
2024-04-04T15:00Z,DE_LU,63711
2024-04-04T16:00Z,DE_LU,63945
2024-04-04T17:00Z,DE_LU,62299
2024-04-04T18:00Z,DE_LU,60056
2024-04-04T19:00Z,DE_LU,57576
2024-04-04T20:00Z,DE_LU,53634
2024-04-04T21:00Z,DE_LU,50064
2024-04-04T22:00Z,DE_LU,45506
2024-04-04T23:00Z,DE_LU,43520
2024-04-05T00:00Z,DE_LU,42629
2024-04-05T01:00Z,DE_LU,42622
2024-04-05T02:00Z,DE_LU,43927
2024-04-05T03:00Z,DE_LU,46976
2024-04-05T04:00Z,DE_LU,52619
2024-04-05T05:00Z,DE_LU,57353
2024-04-05T06:00Z,DE_LU,60338
2024-04-05T07:00Z,DE_LU,61135
2024-04-05T08:00Z,DE_LU,61769
2024-04-05T09:00Z,DE_LU,61516
2024-04-05T10:00Z,DE_LU,61244
2024-04-05T11:00Z,DE_LU,60811
2024-04-05T12:00Z,DE_LU,60546
2024-04-05T13:00Z,DE_LU,60670
2024-04-05T14:00Z,DE_LU,61695
2024-04-05T15:00Z,DE_LU,63562
2024-04-05T16:00Z,DE_LU,63526
2024-04-05T17:00Z,DE_LU,61794
2024-04-05T18:00Z,DE_LU,58955
2024-04-05T19:00Z,DE_LU,56555
2024-04-05T20:00Z,DE_LU,52950
2024-04-05T21:00Z,DE_LU,49138
2024-04-05T22:00Z,DE_LU,44110
2024-04-05T23:00Z,DE_LU,43449
2024-04-06T00:00Z,DE_LU,42859
2024-04-06T01:00Z,DE_LU,42456
2024-04-06T02:00Z,DE_LU,42621
2024-04-06T03:00Z,DE_LU,44480
2024-04-06T04:00Z,DE_LU,47305
2024-04-06T05:00Z,DE_LU,50309
2024-04-06T06:00Z,DE_LU,51487
2024-04-06T07:00Z,DE_LU,51645
2024-04-06T08:00Z,DE_LU,51676
2024-04-06T09:00Z,DE_LU,52288
2024-04-06T10:00Z,DE_LU,52678
2024-04-06T11:00Z,DE_LU,51802
2024-04-06T12:00Z,DE_LU,51952
2024-04-06T13:00Z,DE_LU,51576
2024-04-06T14:00Z,DE_LU,52218
2024-04-06T15:00Z,DE_LU,52954
2024-04-06T16:00Z,DE_LU,52496
2024-04-06T17:00Z,DE_LU,51197
2024-04-06T18:00Z,DE_LU,49574
2024-04-06T19:00Z,DE_LU,48410
2024-04-06T20:00Z,DE_LU,46997
2024-04-06T21:00Z,DE_LU,45214
2024-04-06T22:00Z,DE_LU,38719
2024-04-06T23:00Z,DE_LU,37886
2024-04-07T00:00Z,DE_LU,36801
2024-04-07T01:00Z,DE_LU,36979
2024-04-07T02:00Z,DE_LU,37373
2024-04-07T03:00Z,DE_LU,38880
2024-04-07T04:00Z,DE_LU,41918
2024-04-07T05:00Z,DE_LU,44441
2024-04-07T06:00Z,DE_LU,46061
2024-04-07T07:00Z,DE_LU,46353
2024-04-07T08:00Z,DE_LU,46920
2024-04-07T09:00Z,DE_LU,47163
2024-04-07T10:00Z,DE_LU,47260
2024-04-07T11:00Z,DE_LU,47091
2024-04-07T12:00Z,DE_LU,46510
2024-04-07T13:00Z,DE_LU,46530
2024-04-07T14:00Z,DE_LU,46929
2024-04-07T15:00Z,DE_LU,47675
2024-04-07T16:00Z,DE_LU,47544
2024-04-07T17:00Z,DE_LU,46677
2024-04-07T18:00Z,DE_LU,45633
2024-04-07T19:00Z,DE_LU,44409
2024-04-07T20:00Z,DE_LU,42359
2024-04-07T21:00Z,DE_LU,40941
2024-04-07T22:00Z,DE_LU,45392
2024-04-07T23:00Z,DE_LU,43704
2024-04-08T00:00Z,DE_LU,42519
2024-04-08T01:00Z,DE_LU,42842
2024-04-08T02:00Z,DE_LU,43054
2024-04-08T03:00Z,DE_LU,46052
2024-04-08T04:00Z,DE_LU,51341
2024-04-08T05:00Z,DE_LU,56557
2024-04-08T06:00Z,DE_LU,59498
2024-04-08T07:00Z,DE_LU,61213
2024-04-08T08:00Z,DE_LU,61686
2024-04-08T09:00Z,DE_LU,61604
2024-04-08T10:00Z,DE_LU,60541
2024-04-08T11:00Z,DE_LU,60518
2024-04-08T12:00Z,DE_LU,60038
2024-04-08T13:00Z,DE_LU,59663
2024-04-08T14:00Z,DE_LU,60172
2024-04-08T15:00Z,DE_LU,61611
2024-04-08T16:00Z,DE_LU,61151
2024-04-08T17:00Z,DE_LU,59798
2024-04-08T18:00Z,DE_LU,57529
2024-04-08T19:00Z,DE_LU,54972
2024-04-08T20:00Z,DE_LU,51766
2024-04-08T21:00Z,DE_LU,47783
2024-04-08T22:00Z,DE_LU,44654
2024-04-08T23:00Z,DE_LU,43172
2024-04-09T00:00Z,DE_LU,42175
2024-04-09T01:00Z,DE_LU,41436
2024-04-09T02:00Z,DE_LU,42224
2024-04-09T03:00Z,DE_LU,45044
2024-04-09T04:00Z,DE_LU,50773
2024-04-09T05:00Z,DE_LU,55866
2024-04-09T06:00Z,DE_LU,58598
2024-04-09T07:00Z,DE_LU,60405
2024-04-09T08:00Z,DE_LU,61326
2024-04-09T09:00Z,DE_LU,61275
2024-04-09T10:00Z,DE_LU,60676
2024-04-09T11:00Z,DE_LU,60242
2024-04-09T12:00Z,DE_LU,59320
2024-04-09T13:00Z,DE_LU,58665
2024-04-09T14:00Z,DE_LU,59526
2024-04-09T15:00Z,DE_LU,61529
2024-04-09T16:00Z,DE_LU,61286
2024-04-09T17:00Z,DE_LU,59575
2024-04-09T18:00Z,DE_LU,57140
2024-04-09T19:00Z,DE_LU,54626
2024-04-09T20:00Z,DE_LU,51621
2024-04-09T21:00Z,DE_LU,47847
2024-04-09T22:00Z,DE_LU,42674
2024-04-09T23:00Z,DE_LU,41127
2024-04-10T00:00Z,DE_LU,39985
2024-04-10T01:00Z,DE_LU,40026
2024-04-10T02:00Z,DE_LU,40629
2024-04-10T03:00Z,DE_LU,43542
2024-04-10T04:00Z,DE_LU,49123
2024-04-10T05:00Z,DE_LU,54398
2024-04-10T06:00Z,DE_LU,57012
2024-04-10T07:00Z,DE_LU,59043
2024-04-10T08:00Z,DE_LU,59508
2024-04-10T09:00Z,DE_LU,59273
2024-04-10T10:00Z,DE_LU,59271
2024-04-10T11:00Z,DE_LU,58310
2024-04-10T12:00Z,DE_LU,57461
2024-04-10T13:00Z,DE_LU,57053
2024-04-10T14:00Z,DE_LU,57765
2024-04-10T15:00Z,DE_LU,58991
2024-04-10T16:00Z,DE_LU,59169
2024-04-10T17:00Z,DE_LU,57399
2024-04-10T18:00Z,DE_LU,55421
2024-04-10T19:00Z,DE_LU,53230
2024-04-10T20:00Z,DE_LU,50202
2024-04-10T21:00Z,DE_LU,46655
2024-04-10T22:00Z,DE_LU,42889
2024-04-10T23:00Z,DE_LU,40954
2024-04-11T00:00Z,DE_LU,40270
2024-04-11T01:00Z,DE_LU,39868
2024-04-11T02:00Z,DE_LU,40898
2024-04-11T03:00Z,DE_LU,43803
2024-04-11T04:00Z,DE_LU,49031
2024-04-11T05:00Z,DE_LU,53485
2024-04-11T06:00Z,DE_LU,56132
2024-04-11T07:00Z,DE_LU,57343
2024-04-11T08:00Z,DE_LU,57664
2024-04-11T09:00Z,DE_LU,57769
2024-04-11T10:00Z,DE_LU,56843
2024-04-11T11:00Z,DE_LU,56114
2024-04-11T12:00Z,DE_LU,55816
2024-04-11T13:00Z,DE_LU,55226
2024-04-11T14:00Z,DE_LU,55719
2024-04-11T15:00Z,DE_LU,57197
2024-04-11T16:00Z,DE_LU,57572
2024-04-11T17:00Z,DE_LU,55766
2024-04-11T18:00Z,DE_LU,54087
2024-04-11T19:00Z,DE_LU,51778
2024-04-11T20:00Z,DE_LU,49100
2024-04-11T21:00Z,DE_LU,45523
2024-04-11T22:00Z,DE_LU,42673
2024-04-11T23:00Z,DE_LU,40986
2024-04-12T00:00Z,DE_LU,40481
2024-04-12T01:00Z,DE_LU,40145
2024-04-12T02:00Z,DE_LU,40638
2024-04-12T03:00Z,DE_LU,44143
2024-04-12T04:00Z,DE_LU,49834
2024-04-12T05:00Z,DE_LU,54859
2024-04-12T06:00Z,DE_LU,57127
2024-04-12T07:00Z,DE_LU,57958
2024-04-12T08:00Z,DE_LU,58239
2024-04-12T09:00Z,DE_LU,58738
2024-04-12T10:00Z,DE_LU,57826
2024-04-12T11:00Z,DE_LU,57680
2024-04-12T12:00Z,DE_LU,57092
2024-04-12T13:00Z,DE_LU,56920
2024-04-12T14:00Z,DE_LU,57016
2024-04-12T15:00Z,DE_LU,58212
2024-04-12T16:00Z,DE_LU,58216
2024-04-12T17:00Z,DE_LU,56646
2024-04-12T18:00Z,DE_LU,54386
2024-04-12T19:00Z,DE_LU,51954
2024-04-12T20:00Z,DE_LU,48976
2024-04-12T21:00Z,DE_LU,45571
2024-04-12T22:00Z,DE_LU,40922
2024-04-12T23:00Z,DE_LU,40023
2024-04-13T00:00Z,DE_LU,39589
2024-04-13T01:00Z,DE_LU,39096
2024-04-13T02:00Z,DE_LU,39754
2024-04-13T03:00Z,DE_LU,41615
2024-04-13T04:00Z,DE_LU,44151
2024-04-13T05:00Z,DE_LU,47268
2024-04-13T06:00Z,DE_LU,48020
2024-04-13T07:00Z,DE_LU,48172
2024-04-13T08:00Z,DE_LU,49061
2024-04-13T09:00Z,DE_LU,49113
2024-04-13T10:00Z,DE_LU,48676
2024-04-13T11:00Z,DE_LU,48041
2024-04-13T12:00Z,DE_LU,47866
2024-04-13T13:00Z,DE_LU,47866
2024-04-13T14:00Z,DE_LU,48351
2024-04-13T15:00Z,DE_LU,49126
2024-04-13T16:00Z,DE_LU,49291
2024-04-13T17:00Z,DE_LU,48215
2024-04-13T18:00Z,DE_LU,47110
2024-04-13T19:00Z,DE_LU,45932
2024-04-13T20:00Z,DE_LU,44095
2024-04-13T21:00Z,DE_LU,42689
2024-04-13T22:00Z,DE_LU,36725
2024-04-13T23:00Z,DE_LU,35925
2024-04-14T00:00Z,DE_LU,35137
2024-04-14T01:00Z,DE_LU,34870
2024-04-14T02:00Z,DE_LU,35629
2024-04-14T03:00Z,DE_LU,36930
2024-04-14T04:00Z,DE_LU,39989
2024-04-14T05:00Z,DE_LU,43010
2024-04-14T06:00Z,DE_LU,43963
2024-04-14T07:00Z,DE_LU,44682
2024-04-14T08:00Z,DE_LU,44659
2024-04-14T09:00Z,DE_LU,44291
2024-04-14T10:00Z,DE_LU,43966
2024-04-14T11:00Z,DE_LU,43637
2024-04-14T12:00Z,DE_LU,43576
2024-04-14T13:00Z,DE_LU,43635
2024-04-14T14:00Z,DE_LU,43899
2024-04-14T15:00Z,DE_LU,44684
2024-04-14T16:00Z,DE_LU,44529
2024-04-14T17:00Z,DE_LU,43834
2024-04-14T18:00Z,DE_LU,42742
2024-04-14T19:00Z,DE_LU,41913
2024-04-14T20:00Z,DE_LU,40084
2024-04-14T21:00Z,DE_LU,38310
2024-04-14T22:00Z,DE_LU,42887
2024-04-14T23:00Z,DE_LU,41467
2024-04-15T00:00Z,DE_LU,40122
2024-04-15T01:00Z,DE_LU,39759
2024-04-15T02:00Z,DE_LU,41144
2024-04-15T03:00Z,DE_LU,43963
2024-04-15T04:00Z,DE_LU,49367
2024-04-15T05:00Z,DE_LU,54387
2024-04-15T06:00Z,DE_LU,56807
2024-04-15T07:00Z,DE_LU,57779
2024-04-15T08:00Z,DE_LU,58153
2024-04-15T09:00Z,DE_LU,58132
2024-04-15T10:00Z,DE_LU,57753
2024-04-15T11:00Z,DE_LU,57403
2024-04-15T12:00Z,DE_LU,57345
2024-04-15T13:00Z,DE_LU,56804
2024-04-15T14:00Z,DE_LU,57352
2024-04-15T15:00Z,DE_LU,58745
2024-04-15T16:00Z,DE_LU,58432
2024-04-15T17:00Z,DE_LU,57396
2024-04-15T18:00Z,DE_LU,55316
2024-04-15T19:00Z,DE_LU,53302
2024-04-15T20:00Z,DE_LU,50016
2024-04-15T21:00Z,DE_LU,46171
2024-04-15T22:00Z,DE_LU,42852
2024-04-15T23:00Z,DE_LU,41565
2024-04-16T00:00Z,DE_LU,40149
2024-04-16T01:00Z,DE_LU,39614
2024-04-16T02:00Z,DE_LU,41082
2024-04-16T03:00Z,DE_LU,44110
2024-04-16T04:00Z,DE_LU,49687
2024-04-16T05:00Z,DE_LU,54685
2024-04-16T06:00Z,DE_LU,57296
2024-04-16T07:00Z,DE_LU,58447
2024-04-16T08:00Z,DE_LU,59776
2024-04-16T09:00Z,DE_LU,59341
2024-04-16T10:00Z,DE_LU,59103
2024-04-16T11:00Z,DE_LU,58764
2024-04-16T12:00Z,DE_LU,57818
2024-04-16T13:00Z,DE_LU,57936
2024-04-16T14:00Z,DE_LU,57865
2024-04-16T15:00Z,DE_LU,58745
2024-04-16T16:00Z,DE_LU,58406
2024-04-16T17:00Z,DE_LU,56769
2024-04-16T18:00Z,DE_LU,54825
2024-04-16T19:00Z,DE_LU,52580
2024-04-16T20:00Z,DE_LU,49690
2024-04-16T21:00Z,DE_LU,45875
2024-04-16T22:00Z,DE_LU,42363
2024-04-16T23:00Z,DE_LU,41017
2024-04-17T00:00Z,DE_LU,40187
2024-04-17T01:00Z,DE_LU,40027
2024-04-17T02:00Z,DE_LU,41176
2024-04-17T03:00Z,DE_LU,43961
2024-04-17T04:00Z,DE_LU,49397
2024-04-17T05:00Z,DE_LU,54499
2024-04-17T06:00Z,DE_LU,57263
2024-04-17T07:00Z,DE_LU,57927
2024-04-17T08:00Z,DE_LU,58231
2024-04-17T09:00Z,DE_LU,58228
2024-04-17T10:00Z,DE_LU,57876
2024-04-17T11:00Z,DE_LU,57499
2024-04-17T12:00Z,DE_LU,56743
2024-04-17T13:00Z,DE_LU,55913
2024-04-17T14:00Z,DE_LU,56041
2024-04-17T15:00Z,DE_LU,57628
2024-04-17T16:00Z,DE_LU,57728
2024-04-17T17:00Z,DE_LU,55973
2024-04-17T18:00Z,DE_LU,54284
2024-04-17T19:00Z,DE_LU,51718
2024-04-17T20:00Z,DE_LU,48306
2024-04-17T21:00Z,DE_LU,45060
2024-04-17T22:00Z,DE_LU,42278
2024-04-17T23:00Z,DE_LU,40887
2024-04-18T00:00Z,DE_LU,39633
2024-04-18T01:00Z,DE_LU,38990
2024-04-18T02:00Z,DE_LU,40023
2024-04-18T03:00Z,DE_LU,43286
2024-04-18T04:00Z,DE_LU,49174
2024-04-18T05:00Z,DE_LU,54180
2024-04-18T06:00Z,DE_LU,57413
2024-04-18T07:00Z,DE_LU,58610
2024-04-18T08:00Z,DE_LU,59309
2024-04-18T09:00Z,DE_LU,59530
2024-04-18T10:00Z,DE_LU,58823
2024-04-18T11:00Z,DE_LU,58476
2024-04-18T12:00Z,DE_LU,57904
2024-04-18T13:00Z,DE_LU,57851
2024-04-18T14:00Z,DE_LU,58314
2024-04-18T15:00Z,DE_LU,59219
2024-04-18T16:00Z,DE_LU,59479
2024-04-18T17:00Z,DE_LU,57786
2024-04-18T18:00Z,DE_LU,56040
2024-04-18T19:00Z,DE_LU,53584
2024-04-18T20:00Z,DE_LU,50456
2024-04-18T21:00Z,DE_LU,46604
2024-04-18T22:00Z,DE_LU,44683
2024-04-18T23:00Z,DE_LU,42998
2024-04-19T00:00Z,DE_LU,41613
2024-04-19T01:00Z,DE_LU,41469
2024-04-19T02:00Z,DE_LU,42221
2024-04-19T03:00Z,DE_LU,45220
2024-04-19T04:00Z,DE_LU,50818
2024-04-19T05:00Z,DE_LU,56203
2024-04-19T06:00Z,DE_LU,59034
2024-04-19T07:00Z,DE_LU,60318
2024-04-19T08:00Z,DE_LU,60907
2024-04-19T09:00Z,DE_LU,60828
2024-04-19T10:00Z,DE_LU,60717
2024-04-19T11:00Z,DE_LU,59391
2024-04-19T12:00Z,DE_LU,59364
2024-04-19T13:00Z,DE_LU,59194
2024-04-19T14:00Z,DE_LU,59496
2024-04-19T15:00Z,DE_LU,60565
2024-04-19T16:00Z,DE_LU,60174
2024-04-19T17:00Z,DE_LU,58709
2024-04-19T18:00Z,DE_LU,57035
2024-04-19T19:00Z,DE_LU,55120
2024-04-19T20:00Z,DE_LU,51833
2024-04-19T21:00Z,DE_LU,47457
2024-04-19T22:00Z,DE_LU,42831
2024-04-19T23:00Z,DE_LU,41976
2024-04-20T00:00Z,DE_LU,41928
2024-04-20T01:00Z,DE_LU,41460
2024-04-20T02:00Z,DE_LU,41861
2024-04-20T03:00Z,DE_LU,43061
2024-04-20T04:00Z,DE_LU,46188
2024-04-20T05:00Z,DE_LU,48566
2024-04-20T06:00Z,DE_LU,50252
2024-04-20T07:00Z,DE_LU,51071
2024-04-20T08:00Z,DE_LU,51427
2024-04-20T09:00Z,DE_LU,52217
2024-04-20T10:00Z,DE_LU,51114
2024-04-20T11:00Z,DE_LU,50683
2024-04-20T12:00Z,DE_LU,50151
2024-04-20T13:00Z,DE_LU,49607
2024-04-20T14:00Z,DE_LU,49635
2024-04-20T15:00Z,DE_LU,50516
2024-04-20T16:00Z,DE_LU,51189
2024-04-20T17:00Z,DE_LU,50276
2024-04-20T18:00Z,DE_LU,49098
2024-04-20T19:00Z,DE_LU,48025
2024-04-20T20:00Z,DE_LU,46033
2024-04-20T21:00Z,DE_LU,44667
2024-04-20T22:00Z,DE_LU,38708
2024-04-20T23:00Z,DE_LU,37977
2024-04-21T00:00Z,DE_LU,37396
2024-04-21T01:00Z,DE_LU,36949
2024-04-21T02:00Z,DE_LU,37191
2024-04-21T03:00Z,DE_LU,38484
2024-04-21T04:00Z,DE_LU,41198
2024-04-21T05:00Z,DE_LU,44040
2024-04-21T06:00Z,DE_LU,45363
2024-04-21T07:00Z,DE_LU,46148
2024-04-21T08:00Z,DE_LU,45907
2024-04-21T09:00Z,DE_LU,46072
2024-04-21T10:00Z,DE_LU,46053
2024-04-21T11:00Z,DE_LU,45770
2024-04-21T12:00Z,DE_LU,45484
2024-04-21T13:00Z,DE_LU,44714
2024-04-21T14:00Z,DE_LU,45226
2024-04-21T15:00Z,DE_LU,46336
2024-04-21T16:00Z,DE_LU,46187
2024-04-21T17:00Z,DE_LU,44727
2024-04-21T18:00Z,DE_LU,44420
2024-04-21T19:00Z,DE_LU,43442
2024-04-21T20:00Z,DE_LU,41865
2024-04-21T21:00Z,DE_LU,39399
2024-04-21T22:00Z,DE_LU,44614
2024-04-21T23:00Z,DE_LU,42928
2024-04-22T00:00Z,DE_LU,42354
2024-04-22T01:00Z,DE_LU,41759
2024-04-22T02:00Z,DE_LU,42185
2024-04-22T03:00Z,DE_LU,45190
2024-04-22T04:00Z,DE_LU,51178
2024-04-22T05:00Z,DE_LU,56008
2024-04-22T06:00Z,DE_LU,58827
2024-04-22T07:00Z,DE_LU,59718
2024-04-22T08:00Z,DE_LU,60822
2024-04-22T09:00Z,DE_LU,60812
2024-04-22T10:00Z,DE_LU,60211
2024-04-22T11:00Z,DE_LU,59961
2024-04-22T12:00Z,DE_LU,59040
2024-04-22T13:00Z,DE_LU,59179
2024-04-22T14:00Z,DE_LU,59195
2024-04-22T15:00Z,DE_LU,59973
2024-04-22T16:00Z,DE_LU,59861
2024-04-22T17:00Z,DE_LU,57891
2024-04-22T18:00Z,DE_LU,55709
2024-04-22T19:00Z,DE_LU,53512
2024-04-22T20:00Z,DE_LU,50944
2024-04-22T21:00Z,DE_LU,47212
2024-04-22T22:00Z,DE_LU,43389
2024-04-22T23:00Z,DE_LU,41689
2024-04-23T00:00Z,DE_LU,40810
2024-04-23T01:00Z,DE_LU,40855
2024-04-23T02:00Z,DE_LU,41735
2024-04-23T03:00Z,DE_LU,45164
2024-04-23T04:00Z,DE_LU,50043
2024-04-23T05:00Z,DE_LU,55075
2024-04-23T06:00Z,DE_LU,57355
2024-04-23T07:00Z,DE_LU,59576
2024-04-23T08:00Z,DE_LU,60552
2024-04-23T09:00Z,DE_LU,60670
2024-04-23T10:00Z,DE_LU,60380
2024-04-23T11:00Z,DE_LU,59893
2024-04-23T12:00Z,DE_LU,59215
2024-04-23T13:00Z,DE_LU,58788
2024-04-23T14:00Z,DE_LU,59151
2024-04-23T15:00Z,DE_LU,59644
2024-04-23T16:00Z,DE_LU,59365
2024-04-23T17:00Z,DE_LU,57883
2024-04-23T18:00Z,DE_LU,56255
2024-04-23T19:00Z,DE_LU,53908
2024-04-23T20:00Z,DE_LU,50245
2024-04-23T21:00Z,DE_LU,46682
2024-04-23T22:00Z,DE_LU,42670
2024-04-23T23:00Z,DE_LU,41150
2024-04-24T00:00Z,DE_LU,40153
2024-04-24T01:00Z,DE_LU,40062
2024-04-24T02:00Z,DE_LU,40835
2024-04-24T03:00Z,DE_LU,44339
2024-04-24T04:00Z,DE_LU,49823
2024-04-24T05:00Z,DE_LU,54837
2024-04-24T06:00Z,DE_LU,57642
2024-04-24T07:00Z,DE_LU,58818
2024-04-24T08:00Z,DE_LU,58800
2024-04-24T09:00Z,DE_LU,59016
2024-04-24T10:00Z,DE_LU,58944
2024-04-24T11:00Z,DE_LU,58946
2024-04-24T12:00Z,DE_LU,57565
2024-04-24T13:00Z,DE_LU,57016
2024-04-24T14:00Z,DE_LU,57635
2024-04-24T15:00Z,DE_LU,58325
2024-04-24T16:00Z,DE_LU,58778
2024-04-24T17:00Z,DE_LU,57495
2024-04-24T18:00Z,DE_LU,56095
2024-04-24T19:00Z,DE_LU,53791
2024-04-24T20:00Z,DE_LU,50333
2024-04-24T21:00Z,DE_LU,46963
2024-04-24T22:00Z,DE_LU,43381
2024-04-24T23:00Z,DE_LU,41905
2024-04-25T00:00Z,DE_LU,40806
2024-04-25T01:00Z,DE_LU,40902
2024-04-25T02:00Z,DE_LU,41028
2024-04-25T03:00Z,DE_LU,44471
2024-04-25T04:00Z,DE_LU,49625
2024-04-25T05:00Z,DE_LU,54014
2024-04-25T06:00Z,DE_LU,57058
2024-04-25T07:00Z,DE_LU,57873
2024-04-25T08:00Z,DE_LU,58179
2024-04-25T09:00Z,DE_LU,58584
2024-04-25T10:00Z,DE_LU,58222
2024-04-25T11:00Z,DE_LU,57566
2024-04-25T12:00Z,DE_LU,57250
2024-04-25T13:00Z,DE_LU,57029
2024-04-25T14:00Z,DE_LU,57569
2024-04-25T15:00Z,DE_LU,57791
2024-04-25T16:00Z,DE_LU,57796
2024-04-25T17:00Z,DE_LU,56350
2024-04-25T18:00Z,DE_LU,54251
2024-04-25T19:00Z,DE_LU,52401
2024-04-25T20:00Z,DE_LU,49668
2024-04-25T21:00Z,DE_LU,46114
2024-04-25T22:00Z,DE_LU,42144
2024-04-25T23:00Z,DE_LU,40450
2024-04-26T00:00Z,DE_LU,39112
2024-04-26T01:00Z,DE_LU,38672
2024-04-26T02:00Z,DE_LU,39893
2024-04-26T03:00Z,DE_LU,43362
2024-04-26T04:00Z,DE_LU,48413
2024-04-26T05:00Z,DE_LU,52918
2024-04-26T06:00Z,DE_LU,55850
2024-04-26T07:00Z,DE_LU,57121
2024-04-26T08:00Z,DE_LU,57710
2024-04-26T09:00Z,DE_LU,57976
2024-04-26T10:00Z,DE_LU,57750
2024-04-26T11:00Z,DE_LU,57356
2024-04-26T12:00Z,DE_LU,57096
2024-04-26T13:00Z,DE_LU,56970
2024-04-26T14:00Z,DE_LU,56905
2024-04-26T15:00Z,DE_LU,57734
2024-04-26T16:00Z,DE_LU,57589
2024-04-26T17:00Z,DE_LU,56730
2024-04-26T18:00Z,DE_LU,55134
2024-04-26T19:00Z,DE_LU,52904
2024-04-26T20:00Z,DE_LU,49460
2024-04-26T21:00Z,DE_LU,45547
2024-04-26T22:00Z,DE_LU,40976
2024-04-26T23:00Z,DE_LU,40211
2024-04-27T00:00Z,DE_LU,40352
2024-04-27T01:00Z,DE_LU,40199
2024-04-27T02:00Z,DE_LU,40569
2024-04-27T03:00Z,DE_LU,41853
2024-04-27T04:00Z,DE_LU,44865
2024-04-27T05:00Z,DE_LU,47149
2024-04-27T06:00Z,DE_LU,48258
2024-04-27T07:00Z,DE_LU,49361
2024-04-27T08:00Z,DE_LU,49263
2024-04-27T09:00Z,DE_LU,48928
2024-04-27T10:00Z,DE_LU,48811
2024-04-27T11:00Z,DE_LU,48488
2024-04-27T12:00Z,DE_LU,48435
2024-04-27T13:00Z,DE_LU,48594
2024-04-27T14:00Z,DE_LU,48710
2024-04-27T15:00Z,DE_LU,49081
2024-04-27T16:00Z,DE_LU,49079
2024-04-27T17:00Z,DE_LU,48557
2024-04-27T18:00Z,DE_LU,47406
2024-04-27T19:00Z,DE_LU,46517
2024-04-27T20:00Z,DE_LU,44990
2024-04-27T21:00Z,DE_LU,42809
2024-04-27T22:00Z,DE_LU,36487
2024-04-27T23:00Z,DE_LU,35970
2024-04-28T00:00Z,DE_LU,35859
2024-04-28T01:00Z,DE_LU,36455
2024-04-28T02:00Z,DE_LU,36740
2024-04-28T03:00Z,DE_LU,37823
2024-04-28T04:00Z,DE_LU,40344
2024-04-28T05:00Z,DE_LU,43095
2024-04-28T06:00Z,DE_LU,44392
2024-04-28T07:00Z,DE_LU,45075
2024-04-28T08:00Z,DE_LU,44798
2024-04-28T09:00Z,DE_LU,44527
2024-04-28T10:00Z,DE_LU,44238
2024-04-28T11:00Z,DE_LU,44225
2024-04-28T12:00Z,DE_LU,44170
2024-04-28T13:00Z,DE_LU,43847
2024-04-28T14:00Z,DE_LU,44460
2024-04-28T15:00Z,DE_LU,44565
2024-04-28T16:00Z,DE_LU,44759
2024-04-28T17:00Z,DE_LU,43608
2024-04-28T18:00Z,DE_LU,42698
2024-04-28T19:00Z,DE_LU,41639
2024-04-28T20:00Z,DE_LU,39652
2024-04-28T21:00Z,DE_LU,38154
2024-04-28T22:00Z,DE_LU,43112
2024-04-28T23:00Z,DE_LU,41549
2024-04-29T00:00Z,DE_LU,40437
2024-04-29T01:00Z,DE_LU,40049
2024-04-29T02:00Z,DE_LU,40619
2024-04-29T03:00Z,DE_LU,43907
2024-04-29T04:00Z,DE_LU,49284
2024-04-29T05:00Z,DE_LU,54017
2024-04-29T06:00Z,DE_LU,56769
2024-04-29T07:00Z,DE_LU,57634
2024-04-29T08:00Z,DE_LU,58007
2024-04-29T09:00Z,DE_LU,58423
2024-04-29T10:00Z,DE_LU,58334
2024-04-29T11:00Z,DE_LU,57888
2024-04-29T12:00Z,DE_LU,57248
2024-04-29T13:00Z,DE_LU,57355
2024-04-29T14:00Z,DE_LU,57666
2024-04-29T15:00Z,DE_LU,59128
2024-04-29T16:00Z,DE_LU,58457
2024-04-29T17:00Z,DE_LU,56872
2024-04-29T18:00Z,DE_LU,55224
2024-04-29T19:00Z,DE_LU,52809
2024-04-29T20:00Z,DE_LU,50307
2024-04-29T21:00Z,DE_LU,46272
2024-04-29T22:00Z,DE_LU,43326
2024-04-29T23:00Z,DE_LU,41606
2024-04-30T00:00Z,DE_LU,41075
2024-04-30T01:00Z,DE_LU,39972
2024-04-30T02:00Z,DE_LU,40478
2024-04-30T03:00Z,DE_LU,43232
2024-04-30T04:00Z,DE_LU,48477
2024-04-30T05:00Z,DE_LU,53320
2024-04-30T06:00Z,DE_LU,56047
2024-04-30T07:00Z,DE_LU,57583
2024-04-30T08:00Z,DE_LU,57931
2024-04-30T09:00Z,DE_LU,58405
2024-04-30T10:00Z,DE_LU,58099
2024-04-30T11:00Z,DE_LU,57865
2024-04-30T12:00Z,DE_LU,57554
2024-04-30T13:00Z,DE_LU,56924
2024-04-30T14:00Z,DE_LU,56938
2024-04-30T15:00Z,DE_LU,57350
2024-04-30T16:00Z,DE_LU,56972
2024-04-30T17:00Z,DE_LU,55768
2024-04-30T18:00Z,DE_LU,54925
2024-04-30T19:00Z,DE_LU,52553
2024-04-30T20:00Z,DE_LU,49962
2024-04-30T21:00Z,DE_LU,46065
2024-04-30T22:00Z,DE_LU,37050
2024-04-30T23:00Z,DE_LU,36378
2024-05-01T00:00Z,DE_LU,35851
2024-05-01T01:00Z,DE_LU,35451
2024-05-01T02:00Z,DE_LU,35679
2024-05-01T03:00Z,DE_LU,37155
2024-05-01T04:00Z,DE_LU,39172
2024-05-01T05:00Z,DE_LU,41634
2024-05-01T06:00Z,DE_LU,42869
2024-05-01T07:00Z,DE_LU,43430
2024-05-01T08:00Z,DE_LU,43742
2024-05-01T09:00Z,DE_LU,44138
2024-05-01T10:00Z,DE_LU,44258
2024-05-01T11:00Z,DE_LU,44335
2024-05-01T12:00Z,DE_LU,44270
2024-05-01T13:00Z,DE_LU,43869
2024-05-01T14:00Z,DE_LU,44154
2024-05-01T15:00Z,DE_LU,44551
2024-05-01T16:00Z,DE_LU,44362
2024-05-01T17:00Z,DE_LU,43136
2024-05-01T18:00Z,DE_LU,42474
2024-05-01T19:00Z,DE_LU,41114
2024-05-01T20:00Z,DE_LU,39651
2024-05-01T21:00Z,DE_LU,38279
2024-05-01T22:00Z,DE_LU,42281
2024-05-01T23:00Z,DE_LU,40677
2024-05-02T00:00Z,DE_LU,40061
2024-05-02T01:00Z,DE_LU,39708
2024-05-02T02:00Z,DE_LU,39595
2024-05-02T03:00Z,DE_LU,42984
2024-05-02T04:00Z,DE_LU,48347
2024-05-02T05:00Z,DE_LU,53606
2024-05-02T06:00Z,DE_LU,55986
2024-05-02T07:00Z,DE_LU,57521
2024-05-02T08:00Z,DE_LU,57978
2024-05-02T09:00Z,DE_LU,58175
2024-05-02T10:00Z,DE_LU,57374
2024-05-02T11:00Z,DE_LU,56787
2024-05-02T12:00Z,DE_LU,55977
2024-05-02T13:00Z,DE_LU,55485
2024-05-02T14:00Z,DE_LU,55966
2024-05-02T15:00Z,DE_LU,56496
2024-05-02T16:00Z,DE_LU,56355
2024-05-02T17:00Z,DE_LU,54701
2024-05-02T18:00Z,DE_LU,53492
2024-05-02T19:00Z,DE_LU,51360
2024-05-02T20:00Z,DE_LU,48801
2024-05-02T21:00Z,DE_LU,45291
2024-05-02T22:00Z,DE_LU,42518
2024-05-02T23:00Z,DE_LU,40788
2024-05-03T00:00Z,DE_LU,39578
2024-05-03T01:00Z,DE_LU,39611
2024-05-03T02:00Z,DE_LU,40712
2024-05-03T03:00Z,DE_LU,43500
2024-05-03T04:00Z,DE_LU,48384
2024-05-03T05:00Z,DE_LU,53577
2024-05-03T06:00Z,DE_LU,56011
2024-05-03T07:00Z,DE_LU,57571
2024-05-03T08:00Z,DE_LU,58190
2024-05-03T09:00Z,DE_LU,58317
2024-05-03T10:00Z,DE_LU,57495
2024-05-03T11:00Z,DE_LU,57167
2024-05-03T12:00Z,DE_LU,56681
2024-05-03T13:00Z,DE_LU,56325
2024-05-03T14:00Z,DE_LU,56735
2024-05-03T15:00Z,DE_LU,57618
2024-05-03T16:00Z,DE_LU,57436
2024-05-03T17:00Z,DE_LU,56367
2024-05-03T18:00Z,DE_LU,54239
2024-05-03T19:00Z,DE_LU,52550
2024-05-03T20:00Z,DE_LU,49390
2024-05-03T21:00Z,DE_LU,44973
2024-05-03T22:00Z,DE_LU,40018
2024-05-03T23:00Z,DE_LU,39381
2024-05-04T00:00Z,DE_LU,38413
2024-05-04T01:00Z,DE_LU,37572
2024-05-04T02:00Z,DE_LU,38797
2024-05-04T03:00Z,DE_LU,40277
2024-05-04T04:00Z,DE_LU,43144
2024-05-04T05:00Z,DE_LU,45789
2024-05-04T06:00Z,DE_LU,46954
2024-05-04T07:00Z,DE_LU,48475
2024-05-04T08:00Z,DE_LU,48666
2024-05-04T09:00Z,DE_LU,48649
2024-05-04T10:00Z,DE_LU,47971
2024-05-04T11:00Z,DE_LU,47794
2024-05-04T12:00Z,DE_LU,47593
2024-05-04T13:00Z,DE_LU,47697
2024-05-04T14:00Z,DE_LU,48053
2024-05-04T15:00Z,DE_LU,48429
2024-05-04T16:00Z,DE_LU,48336
2024-05-04T17:00Z,DE_LU,47454
2024-05-04T18:00Z,DE_LU,46553
2024-05-04T19:00Z,DE_LU,45302
2024-05-04T20:00Z,DE_LU,43729
2024-05-04T21:00Z,DE_LU,41871
2024-05-04T22:00Z,DE_LU,36136
2024-05-04T23:00Z,DE_LU,35499
2024-05-05T00:00Z,DE_LU,34936
2024-05-05T01:00Z,DE_LU,34705
2024-05-05T02:00Z,DE_LU,35408
2024-05-05T03:00Z,DE_LU,37050
2024-05-05T04:00Z,DE_LU,39266
2024-05-05T05:00Z,DE_LU,41548
2024-05-05T06:00Z,DE_LU,42656
2024-05-05T07:00Z,DE_LU,43498
2024-05-05T08:00Z,DE_LU,43465
2024-05-05T09:00Z,DE_LU,43312
2024-05-05T10:00Z,DE_LU,43291
2024-05-05T11:00Z,DE_LU,43101
2024-05-05T12:00Z,DE_LU,42754
2024-05-05T13:00Z,DE_LU,42238
2024-05-05T14:00Z,DE_LU,42635
2024-05-05T15:00Z,DE_LU,43211
2024-05-05T16:00Z,DE_LU,43065
2024-05-05T17:00Z,DE_LU,42693
2024-05-05T18:00Z,DE_LU,42095
2024-05-05T19:00Z,DE_LU,40759
2024-05-05T20:00Z,DE_LU,39860
2024-05-05T21:00Z,DE_LU,38000
2024-05-05T22:00Z,DE_LU,41241
2024-05-05T23:00Z,DE_LU,39542
2024-05-06T00:00Z,DE_LU,38789
2024-05-06T01:00Z,DE_LU,37930
2024-05-06T02:00Z,DE_LU,38132
2024-05-06T03:00Z,DE_LU,41245
2024-05-06T04:00Z,DE_LU,46360
2024-05-06T05:00Z,DE_LU,51143
2024-05-06T06:00Z,DE_LU,54200
2024-05-06T07:00Z,DE_LU,55806
2024-05-06T08:00Z,DE_LU,56250
2024-05-06T09:00Z,DE_LU,56461
2024-05-06T10:00Z,DE_LU,56193
2024-05-06T11:00Z,DE_LU,55766
2024-05-06T12:00Z,DE_LU,54851
2024-05-06T13:00Z,DE_LU,54717
2024-05-06T14:00Z,DE_LU,54951
2024-05-06T15:00Z,DE_LU,55015
2024-05-06T16:00Z,DE_LU,55262
2024-05-06T17:00Z,DE_LU,54441
2024-05-06T18:00Z,DE_LU,52024
2024-05-06T19:00Z,DE_LU,49874
2024-05-06T20:00Z,DE_LU,47178
2024-05-06T21:00Z,DE_LU,43641
2024-05-06T22:00Z,DE_LU,41184
2024-05-06T23:00Z,DE_LU,39734
2024-05-07T00:00Z,DE_LU,38727
2024-05-07T01:00Z,DE_LU,38461
2024-05-07T02:00Z,DE_LU,38889
2024-05-07T03:00Z,DE_LU,41402
2024-05-07T04:00Z,DE_LU,46600
2024-05-07T05:00Z,DE_LU,51169
2024-05-07T06:00Z,DE_LU,53635
2024-05-07T07:00Z,DE_LU,55698
2024-05-07T08:00Z,DE_LU,56452
2024-05-07T09:00Z,DE_LU,56837
2024-05-07T10:00Z,DE_LU,56676
2024-05-07T11:00Z,DE_LU,56017
2024-05-07T12:00Z,DE_LU,55583
2024-05-07T13:00Z,DE_LU,54518
2024-05-07T14:00Z,DE_LU,55025
2024-05-07T15:00Z,DE_LU,55837
2024-05-07T16:00Z,DE_LU,55994
2024-05-07T17:00Z,DE_LU,55276
2024-05-07T18:00Z,DE_LU,53118
2024-05-07T19:00Z,DE_LU,51348
2024-05-07T20:00Z,DE_LU,48356
2024-05-07T21:00Z,DE_LU,44591
2024-05-07T22:00Z,DE_LU,42747
2024-05-07T23:00Z,DE_LU,41403
2024-05-08T00:00Z,DE_LU,40952
2024-05-08T01:00Z,DE_LU,40306
2024-05-08T02:00Z,DE_LU,40839
2024-05-08T03:00Z,DE_LU,43629
2024-05-08T04:00Z,DE_LU,48816
2024-05-08T05:00Z,DE_LU,53752
2024-05-08T06:00Z,DE_LU,56633
2024-05-08T07:00Z,DE_LU,58024
2024-05-08T08:00Z,DE_LU,59063
2024-05-08T09:00Z,DE_LU,59039
2024-05-08T10:00Z,DE_LU,58139
2024-05-08T11:00Z,DE_LU,57952
2024-05-08T12:00Z,DE_LU,57752
2024-05-08T13:00Z,DE_LU,57320
2024-05-08T14:00Z,DE_LU,57554
2024-05-08T15:00Z,DE_LU,57589
2024-05-08T16:00Z,DE_LU,57223
2024-05-08T17:00Z,DE_LU,55723
2024-05-08T18:00Z,DE_LU,54027
2024-05-08T19:00Z,DE_LU,52168
2024-05-08T20:00Z,DE_LU,49671
2024-05-08T21:00Z,DE_LU,46178
2024-05-08T22:00Z,DE_LU,36799
2024-05-08T23:00Z,DE_LU,36251
2024-05-09T00:00Z,DE_LU,36275
2024-05-09T01:00Z,DE_LU,35803
2024-05-09T02:00Z,DE_LU,35865
2024-05-09T03:00Z,DE_LU,37459
2024-05-09T04:00Z,DE_LU,39939
2024-05-09T05:00Z,DE_LU,42058
2024-05-09T06:00Z,DE_LU,43196
2024-05-09T07:00Z,DE_LU,44056
2024-05-09T08:00Z,DE_LU,45033
2024-05-09T09:00Z,DE_LU,44262
2024-05-09T10:00Z,DE_LU,44384
2024-05-09T11:00Z,DE_LU,44183
2024-05-09T12:00Z,DE_LU,43930
2024-05-09T13:00Z,DE_LU,43716
2024-05-09T14:00Z,DE_LU,43748
2024-05-09T15:00Z,DE_LU,44390
2024-05-09T16:00Z,DE_LU,44419
2024-05-09T17:00Z,DE_LU,43595
2024-05-09T18:00Z,DE_LU,42734
2024-05-09T19:00Z,DE_LU,41375
2024-05-09T20:00Z,DE_LU,40081
2024-05-09T21:00Z,DE_LU,38456
2024-05-09T22:00Z,DE_LU,42230
2024-05-09T23:00Z,DE_LU,40727
2024-05-10T00:00Z,DE_LU,39726
2024-05-10T01:00Z,DE_LU,39960
2024-05-10T02:00Z,DE_LU,40246
2024-05-10T03:00Z,DE_LU,42794
2024-05-10T04:00Z,DE_LU,47801
2024-05-10T05:00Z,DE_LU,52485
2024-05-10T06:00Z,DE_LU,55296
2024-05-10T07:00Z,DE_LU,57105
2024-05-10T08:00Z,DE_LU,57610
2024-05-10T09:00Z,DE_LU,57750
2024-05-10T10:00Z,DE_LU,57775
2024-05-10T11:00Z,DE_LU,57553
2024-05-10T12:00Z,DE_LU,57167
2024-05-10T13:00Z,DE_LU,56940
2024-05-10T14:00Z,DE_LU,56460
2024-05-10T15:00Z,DE_LU,57038
2024-05-10T16:00Z,DE_LU,56741
2024-05-10T17:00Z,DE_LU,55316
2024-05-10T18:00Z,DE_LU,53440
2024-05-10T19:00Z,DE_LU,50902
2024-05-10T20:00Z,DE_LU,47559
2024-05-10T21:00Z,DE_LU,44051
2024-05-10T22:00Z,DE_LU,39296
2024-05-10T23:00Z,DE_LU,38569
2024-05-11T00:00Z,DE_LU,38236
2024-05-11T01:00Z,DE_LU,37880
2024-05-11T02:00Z,DE_LU,38734
2024-05-11T03:00Z,DE_LU,40356
2024-05-11T04:00Z,DE_LU,42988
2024-05-11T05:00Z,DE_LU,45381
2024-05-11T06:00Z,DE_LU,46745
2024-05-11T07:00Z,DE_LU,47710
2024-05-11T08:00Z,DE_LU,47983
2024-05-11T09:00Z,DE_LU,48171
2024-05-11T10:00Z,DE_LU,48596
2024-05-11T11:00Z,DE_LU,48526
2024-05-11T12:00Z,DE_LU,48137
2024-05-11T13:00Z,DE_LU,47786
2024-05-11T14:00Z,DE_LU,48158
2024-05-11T15:00Z,DE_LU,48383
2024-05-11T16:00Z,DE_LU,48539
2024-05-11T17:00Z,DE_LU,47625
2024-05-11T18:00Z,DE_LU,46885
2024-05-11T19:00Z,DE_LU,46069
2024-05-11T20:00Z,DE_LU,43860
2024-05-11T21:00Z,DE_LU,41967
2024-05-11T22:00Z,DE_LU,36072
2024-05-11T23:00Z,DE_LU,35213
2024-05-12T00:00Z,DE_LU,35146
2024-05-12T01:00Z,DE_LU,34945
2024-05-12T02:00Z,DE_LU,35243
2024-05-12T03:00Z,DE_LU,36517
2024-05-12T04:00Z,DE_LU,38896
2024-05-12T05:00Z,DE_LU,41132
2024-05-12T06:00Z,DE_LU,41909
2024-05-12T07:00Z,DE_LU,42768
2024-05-12T08:00Z,DE_LU,43595
2024-05-12T09:00Z,DE_LU,44164
2024-05-12T10:00Z,DE_LU,44370
2024-05-12T11:00Z,DE_LU,44237
2024-05-12T12:00Z,DE_LU,43732
2024-05-12T13:00Z,DE_LU,43594
2024-05-12T14:00Z,DE_LU,43870
2024-05-12T15:00Z,DE_LU,43779
2024-05-12T16:00Z,DE_LU,43102
2024-05-12T17:00Z,DE_LU,42142
2024-05-12T18:00Z,DE_LU,41160
2024-05-12T19:00Z,DE_LU,39700
2024-05-12T20:00Z,DE_LU,38628
2024-05-12T21:00Z,DE_LU,37165
2024-05-12T22:00Z,DE_LU,41680
2024-05-12T23:00Z,DE_LU,39870
2024-05-13T00:00Z,DE_LU,38947
2024-05-13T01:00Z,DE_LU,38809
2024-05-13T02:00Z,DE_LU,39970
2024-05-13T03:00Z,DE_LU,42976
2024-05-13T04:00Z,DE_LU,47260
2024-05-13T05:00Z,DE_LU,52145
2024-05-13T06:00Z,DE_LU,54866
2024-05-13T07:00Z,DE_LU,56483
2024-05-13T08:00Z,DE_LU,57475
2024-05-13T09:00Z,DE_LU,57542
2024-05-13T10:00Z,DE_LU,57246
2024-05-13T11:00Z,DE_LU,56865
2024-05-13T12:00Z,DE_LU,56479
2024-05-13T13:00Z,DE_LU,56151
2024-05-13T14:00Z,DE_LU,55836
2024-05-13T15:00Z,DE_LU,55833
2024-05-13T16:00Z,DE_LU,56102
2024-05-13T17:00Z,DE_LU,54913
2024-05-13T18:00Z,DE_LU,53539
2024-05-13T19:00Z,DE_LU,51604
2024-05-13T20:00Z,DE_LU,48576
2024-05-13T21:00Z,DE_LU,45094
2024-05-13T22:00Z,DE_LU,42202
2024-05-13T23:00Z,DE_LU,40891
2024-05-14T00:00Z,DE_LU,39579
2024-05-14T01:00Z,DE_LU,39020
2024-05-14T02:00Z,DE_LU,39655
2024-05-14T03:00Z,DE_LU,42835
2024-05-14T04:00Z,DE_LU,47758
2024-05-14T05:00Z,DE_LU,52537
2024-05-14T06:00Z,DE_LU,56123
2024-05-14T07:00Z,DE_LU,56901
2024-05-14T08:00Z,DE_LU,57715
2024-05-14T09:00Z,DE_LU,57965
2024-05-14T10:00Z,DE_LU,57705
2024-05-14T11:00Z,DE_LU,56706
2024-05-14T12:00Z,DE_LU,56143
2024-05-14T13:00Z,DE_LU,56261
2024-05-14T14:00Z,DE_LU,56164
2024-05-14T15:00Z,DE_LU,56690
2024-05-14T16:00Z,DE_LU,56329
2024-05-14T17:00Z,DE_LU,55038
2024-05-14T18:00Z,DE_LU,52917
2024-05-14T19:00Z,DE_LU,51550
2024-05-14T20:00Z,DE_LU,48762
2024-05-14T21:00Z,DE_LU,44859
2024-05-14T22:00Z,DE_LU,40883
2024-05-14T23:00Z,DE_LU,39016
2024-05-15T00:00Z,DE_LU,38431
2024-05-15T01:00Z,DE_LU,38060
2024-05-15T02:00Z,DE_LU,39291
2024-05-15T03:00Z,DE_LU,42116
2024-05-15T04:00Z,DE_LU,47129
2024-05-15T05:00Z,DE_LU,51292
2024-05-15T06:00Z,DE_LU,54400
2024-05-15T07:00Z,DE_LU,55614
2024-05-15T08:00Z,DE_LU,56702
2024-05-15T09:00Z,DE_LU,56477
2024-05-15T10:00Z,DE_LU,56419
2024-05-15T11:00Z,DE_LU,56180
2024-05-15T12:00Z,DE_LU,55437
2024-05-15T13:00Z,DE_LU,54495
2024-05-15T14:00Z,DE_LU,54747
2024-05-15T15:00Z,DE_LU,54656
2024-05-15T16:00Z,DE_LU,54946
2024-05-15T17:00Z,DE_LU,53465
2024-05-15T18:00Z,DE_LU,52240
2024-05-15T19:00Z,DE_LU,50477
2024-05-15T20:00Z,DE_LU,47680
2024-05-15T21:00Z,DE_LU,43886
2024-05-15T22:00Z,DE_LU,41212
2024-05-15T23:00Z,DE_LU,39684
2024-05-16T00:00Z,DE_LU,39054
2024-05-16T01:00Z,DE_LU,38773
2024-05-16T02:00Z,DE_LU,39292
2024-05-16T03:00Z,DE_LU,42164
2024-05-16T04:00Z,DE_LU,46791
2024-05-16T05:00Z,DE_LU,51646
2024-05-16T06:00Z,DE_LU,54198
2024-05-16T07:00Z,DE_LU,56105
2024-05-16T08:00Z,DE_LU,57174
2024-05-16T09:00Z,DE_LU,57516
2024-05-16T10:00Z,DE_LU,56559
2024-05-16T11:00Z,DE_LU,56008
2024-05-16T12:00Z,DE_LU,55555
2024-05-16T13:00Z,DE_LU,54848
2024-05-16T14:00Z,DE_LU,55203
2024-05-16T15:00Z,DE_LU,55836
2024-05-16T16:00Z,DE_LU,55462
2024-05-16T17:00Z,DE_LU,54708
2024-05-16T18:00Z,DE_LU,53031
2024-05-16T19:00Z,DE_LU,50852
2024-05-16T20:00Z,DE_LU,48282
2024-05-16T21:00Z,DE_LU,44493
2024-05-16T22:00Z,DE_LU,42154
2024-05-16T23:00Z,DE_LU,41062
2024-05-17T00:00Z,DE_LU,39485
2024-05-17T01:00Z,DE_LU,38739
2024-05-17T02:00Z,DE_LU,38965
2024-05-17T03:00Z,DE_LU,41854
2024-05-17T04:00Z,DE_LU,46883
2024-05-17T05:00Z,DE_LU,51482
2024-05-17T06:00Z,DE_LU,54484
2024-05-17T07:00Z,DE_LU,56249
2024-05-17T08:00Z,DE_LU,57395
2024-05-17T09:00Z,DE_LU,57794
2024-05-17T10:00Z,DE_LU,57829
2024-05-17T11:00Z,DE_LU,57273
2024-05-17T12:00Z,DE_LU,56493
2024-05-17T13:00Z,DE_LU,56456
2024-05-17T14:00Z,DE_LU,56071
2024-05-17T15:00Z,DE_LU,56888
2024-05-17T16:00Z,DE_LU,56537
2024-05-17T17:00Z,DE_LU,55251
2024-05-17T18:00Z,DE_LU,53950
2024-05-17T19:00Z,DE_LU,51882
2024-05-17T20:00Z,DE_LU,48235
2024-05-17T21:00Z,DE_LU,44665
2024-05-17T22:00Z,DE_LU,40745
2024-05-17T23:00Z,DE_LU,39597
2024-05-18T00:00Z,DE_LU,38947
2024-05-18T01:00Z,DE_LU,38817
2024-05-18T02:00Z,DE_LU,39311
2024-05-18T03:00Z,DE_LU,40438
2024-05-18T04:00Z,DE_LU,43528
2024-05-18T05:00Z,DE_LU,46521
2024-05-18T06:00Z,DE_LU,48185
2024-05-18T07:00Z,DE_LU,48479
2024-05-18T08:00Z,DE_LU,49266
2024-05-18T09:00Z,DE_LU,48827
2024-05-18T10:00Z,DE_LU,49285
2024-05-18T11:00Z,DE_LU,48932
2024-05-18T12:00Z,DE_LU,48674
2024-05-18T13:00Z,DE_LU,48565
2024-05-18T14:00Z,DE_LU,48910
2024-05-18T15:00Z,DE_LU,49079
2024-05-18T16:00Z,DE_LU,49151
2024-05-18T17:00Z,DE_LU,48217
2024-05-18T18:00Z,DE_LU,47353
2024-05-18T19:00Z,DE_LU,46207
2024-05-18T20:00Z,DE_LU,44734
2024-05-18T21:00Z,DE_LU,42276
2024-05-18T22:00Z,DE_LU,36727
2024-05-18T23:00Z,DE_LU,35920
2024-05-19T00:00Z,DE_LU,35463
2024-05-19T01:00Z,DE_LU,35649
2024-05-19T02:00Z,DE_LU,36123
2024-05-19T03:00Z,DE_LU,37322
2024-05-19T04:00Z,DE_LU,39542
2024-05-19T05:00Z,DE_LU,42134
2024-05-19T06:00Z,DE_LU,43564
2024-05-19T07:00Z,DE_LU,44068
2024-05-19T08:00Z,DE_LU,44259
2024-05-19T09:00Z,DE_LU,44840
2024-05-19T10:00Z,DE_LU,44436
2024-05-19T11:00Z,DE_LU,44631
2024-05-19T12:00Z,DE_LU,44258
2024-05-19T13:00Z,DE_LU,44582
2024-05-19T14:00Z,DE_LU,45050
2024-05-19T15:00Z,DE_LU,44603
2024-05-19T16:00Z,DE_LU,44360
2024-05-19T17:00Z,DE_LU,43777
2024-05-19T18:00Z,DE_LU,42582
2024-05-19T19:00Z,DE_LU,42078
2024-05-19T20:00Z,DE_LU,40800
2024-05-19T21:00Z,DE_LU,39504
2024-05-19T22:00Z,DE_LU,37396
2024-05-19T23:00Z,DE_LU,36160
2024-05-20T00:00Z,DE_LU,35771
2024-05-20T01:00Z,DE_LU,35431
2024-05-20T02:00Z,DE_LU,35721
2024-05-20T03:00Z,DE_LU,37037
2024-05-20T04:00Z,DE_LU,39891
2024-05-20T05:00Z,DE_LU,42329
2024-05-20T06:00Z,DE_LU,43516
2024-05-20T07:00Z,DE_LU,44739
2024-05-20T08:00Z,DE_LU,44820
2024-05-20T09:00Z,DE_LU,45345
2024-05-20T10:00Z,DE_LU,44476
2024-05-20T11:00Z,DE_LU,43969
2024-05-20T12:00Z,DE_LU,43809
2024-05-20T13:00Z,DE_LU,43242
2024-05-20T14:00Z,DE_LU,43411
2024-05-20T15:00Z,DE_LU,43660
2024-05-20T16:00Z,DE_LU,43577
2024-05-20T17:00Z,DE_LU,42805
2024-05-20T18:00Z,DE_LU,42492
2024-05-20T19:00Z,DE_LU,41677
2024-05-20T20:00Z,DE_LU,39813
2024-05-20T21:00Z,DE_LU,38449
2024-05-20T22:00Z,DE_LU,41927
2024-05-20T23:00Z,DE_LU,40381
2024-05-21T00:00Z,DE_LU,38812
2024-05-21T01:00Z,DE_LU,38606
2024-05-21T02:00Z,DE_LU,39760
2024-05-21T03:00Z,DE_LU,42641
2024-05-21T04:00Z,DE_LU,47699
2024-05-21T05:00Z,DE_LU,53121
2024-05-21T06:00Z,DE_LU,55971
2024-05-21T07:00Z,DE_LU,57493
2024-05-21T08:00Z,DE_LU,58009
2024-05-21T09:00Z,DE_LU,58094
2024-05-21T10:00Z,DE_LU,57673
2024-05-21T11:00Z,DE_LU,56965
2024-05-21T12:00Z,DE_LU,56467
2024-05-21T13:00Z,DE_LU,56236
2024-05-21T14:00Z,DE_LU,56447
2024-05-21T15:00Z,DE_LU,56644
2024-05-21T16:00Z,DE_LU,55597
2024-05-21T17:00Z,DE_LU,54760
2024-05-21T18:00Z,DE_LU,53400
2024-05-21T19:00Z,DE_LU,51763
2024-05-21T20:00Z,DE_LU,49180
2024-05-21T21:00Z,DE_LU,45765
2024-05-21T22:00Z,DE_LU,43688
2024-05-21T23:00Z,DE_LU,41479
2024-05-22T00:00Z,DE_LU,40118
2024-05-22T01:00Z,DE_LU,39675
2024-05-22T02:00Z,DE_LU,40466
2024-05-22T03:00Z,DE_LU,43053
2024-05-22T04:00Z,DE_LU,48368
2024-05-22T05:00Z,DE_LU,53500
2024-05-22T06:00Z,DE_LU,56047
2024-05-22T07:00Z,DE_LU,57883
2024-05-22T08:00Z,DE_LU,58748
2024-05-22T09:00Z,DE_LU,58765
2024-05-22T10:00Z,DE_LU,58191
2024-05-22T11:00Z,DE_LU,57994
2024-05-22T12:00Z,DE_LU,58170
2024-05-22T13:00Z,DE_LU,57521
2024-05-22T14:00Z,DE_LU,57398
2024-05-22T15:00Z,DE_LU,57860
2024-05-22T16:00Z,DE_LU,57442
2024-05-22T17:00Z,DE_LU,56099
2024-05-22T18:00Z,DE_LU,54711
2024-05-22T19:00Z,DE_LU,53046
2024-05-22T20:00Z,DE_LU,50189
2024-05-22T21:00Z,DE_LU,46403
2024-05-22T22:00Z,DE_LU,42820
2024-05-22T23:00Z,DE_LU,41128
2024-05-23T00:00Z,DE_LU,40505
2024-05-23T01:00Z,DE_LU,40011
2024-05-23T02:00Z,DE_LU,40848
2024-05-23T03:00Z,DE_LU,43600
2024-05-23T04:00Z,DE_LU,48969
2024-05-23T05:00Z,DE_LU,53563
2024-05-23T06:00Z,DE_LU,56039
2024-05-23T07:00Z,DE_LU,58506
2024-05-23T08:00Z,DE_LU,59678
2024-05-23T09:00Z,DE_LU,59453
2024-05-23T10:00Z,DE_LU,59643
2024-05-23T11:00Z,DE_LU,58683
2024-05-23T12:00Z,DE_LU,58051
2024-05-23T13:00Z,DE_LU,57593
2024-05-23T14:00Z,DE_LU,57598
2024-05-23T15:00Z,DE_LU,58536
2024-05-23T16:00Z,DE_LU,58121
2024-05-23T17:00Z,DE_LU,56486
2024-05-23T18:00Z,DE_LU,55069
2024-05-23T19:00Z,DE_LU,53241
2024-05-23T20:00Z,DE_LU,50394
2024-05-23T21:00Z,DE_LU,46293
2024-05-23T22:00Z,DE_LU,41977
2024-05-23T23:00Z,DE_LU,40501
2024-05-24T00:00Z,DE_LU,39592
2024-05-24T01:00Z,DE_LU,39109
2024-05-24T02:00Z,DE_LU,39573
2024-05-24T03:00Z,DE_LU,42781
2024-05-24T04:00Z,DE_LU,47356
2024-05-24T05:00Z,DE_LU,52386
2024-05-24T06:00Z,DE_LU,55137
2024-05-24T07:00Z,DE_LU,57164
2024-05-24T08:00Z,DE_LU,58037
2024-05-24T09:00Z,DE_LU,58467
2024-05-24T10:00Z,DE_LU,58068
2024-05-24T11:00Z,DE_LU,57096
2024-05-24T12:00Z,DE_LU,56870
2024-05-24T13:00Z,DE_LU,56285
2024-05-24T14:00Z,DE_LU,56501
2024-05-24T15:00Z,DE_LU,55832
2024-05-24T16:00Z,DE_LU,55240
2024-05-24T17:00Z,DE_LU,54035
2024-05-24T18:00Z,DE_LU,52526
2024-05-24T19:00Z,DE_LU,50415
2024-05-24T20:00Z,DE_LU,48064
2024-05-24T21:00Z,DE_LU,44649
2024-05-24T22:00Z,DE_LU,39981
2024-05-24T23:00Z,DE_LU,39098
2024-05-25T00:00Z,DE_LU,38405
2024-05-25T01:00Z,DE_LU,38291
2024-05-25T02:00Z,DE_LU,38754
2024-05-25T03:00Z,DE_LU,40210
2024-05-25T04:00Z,DE_LU,42861
2024-05-25T05:00Z,DE_LU,45246
2024-05-25T06:00Z,DE_LU,46926
2024-05-25T07:00Z,DE_LU,47723
2024-05-25T08:00Z,DE_LU,47764
2024-05-25T09:00Z,DE_LU,48034
2024-05-25T10:00Z,DE_LU,47744
2024-05-25T11:00Z,DE_LU,47029
2024-05-25T12:00Z,DE_LU,46926
2024-05-25T13:00Z,DE_LU,46226
2024-05-25T14:00Z,DE_LU,46349
2024-05-25T15:00Z,DE_LU,47083
2024-05-25T16:00Z,DE_LU,46867
2024-05-25T17:00Z,DE_LU,46390
2024-05-25T18:00Z,DE_LU,45555
2024-05-25T19:00Z,DE_LU,44733
2024-05-25T20:00Z,DE_LU,42954
2024-05-25T21:00Z,DE_LU,41301
2024-05-25T22:00Z,DE_LU,36221
2024-05-25T23:00Z,DE_LU,35039
2024-05-26T00:00Z,DE_LU,34487
2024-05-26T01:00Z,DE_LU,34207
2024-05-26T02:00Z,DE_LU,34729
2024-05-26T03:00Z,DE_LU,36219
2024-05-26T04:00Z,DE_LU,38596
2024-05-26T05:00Z,DE_LU,40756
2024-05-26T06:00Z,DE_LU,41814
2024-05-26T07:00Z,DE_LU,42809
2024-05-26T08:00Z,DE_LU,43546
2024-05-26T09:00Z,DE_LU,43800
2024-05-26T10:00Z,DE_LU,44066
2024-05-26T11:00Z,DE_LU,43409
2024-05-26T12:00Z,DE_LU,43619
2024-05-26T13:00Z,DE_LU,43406
2024-05-26T14:00Z,DE_LU,43105
2024-05-26T15:00Z,DE_LU,43028
2024-05-26T16:00Z,DE_LU,43351
2024-05-26T17:00Z,DE_LU,42517
2024-05-26T18:00Z,DE_LU,41421
2024-05-26T19:00Z,DE_LU,40791
2024-05-26T20:00Z,DE_LU,39874
2024-05-26T21:00Z,DE_LU,37815
2024-05-26T22:00Z,DE_LU,42523
2024-05-26T23:00Z,DE_LU,40614
2024-05-27T00:00Z,DE_LU,39404
2024-05-27T01:00Z,DE_LU,38964
2024-05-27T02:00Z,DE_LU,39963
2024-05-27T03:00Z,DE_LU,42747
2024-05-27T04:00Z,DE_LU,47728
2024-05-27T05:00Z,DE_LU,52449
2024-05-27T06:00Z,DE_LU,55359
2024-05-27T07:00Z,DE_LU,57298
2024-05-27T08:00Z,DE_LU,57901
2024-05-27T09:00Z,DE_LU,57575
2024-05-27T10:00Z,DE_LU,57673
2024-05-27T11:00Z,DE_LU,57371
2024-05-27T12:00Z,DE_LU,56610
2024-05-27T13:00Z,DE_LU,56356
2024-05-27T14:00Z,DE_LU,55913
2024-05-27T15:00Z,DE_LU,55996
2024-05-27T16:00Z,DE_LU,55655
2024-05-27T17:00Z,DE_LU,54434
2024-05-27T18:00Z,DE_LU,53155
2024-05-27T19:00Z,DE_LU,51908
2024-05-27T20:00Z,DE_LU,49029
2024-05-27T21:00Z,DE_LU,45196
2024-05-27T22:00Z,DE_LU,42482
2024-05-27T23:00Z,DE_LU,40801
2024-05-28T00:00Z,DE_LU,39252
2024-05-28T01:00Z,DE_LU,39358
2024-05-28T02:00Z,DE_LU,39916
2024-05-28T03:00Z,DE_LU,42512
2024-05-28T04:00Z,DE_LU,47589
2024-05-28T05:00Z,DE_LU,51933
2024-05-28T06:00Z,DE_LU,55004
2024-05-28T07:00Z,DE_LU,56792
2024-05-28T08:00Z,DE_LU,57602
2024-05-28T09:00Z,DE_LU,58165
2024-05-28T10:00Z,DE_LU,58163
2024-05-28T11:00Z,DE_LU,57440
2024-05-28T12:00Z,DE_LU,56574
2024-05-28T13:00Z,DE_LU,56441
2024-05-28T14:00Z,DE_LU,56371
2024-05-28T15:00Z,DE_LU,56192
2024-05-28T16:00Z,DE_LU,56365
2024-05-28T17:00Z,DE_LU,55262
2024-05-28T18:00Z,DE_LU,53814
2024-05-28T19:00Z,DE_LU,51944
2024-05-28T20:00Z,DE_LU,49140
2024-05-28T21:00Z,DE_LU,45847
2024-05-28T22:00Z,DE_LU,42702
2024-05-28T23:00Z,DE_LU,40980
2024-05-29T00:00Z,DE_LU,39928
2024-05-29T01:00Z,DE_LU,39690
2024-05-29T02:00Z,DE_LU,40429
2024-05-29T03:00Z,DE_LU,43358
2024-05-29T04:00Z,DE_LU,48341
2024-05-29T05:00Z,DE_LU,53164
2024-05-29T06:00Z,DE_LU,55816
2024-05-29T07:00Z,DE_LU,57085
2024-05-29T08:00Z,DE_LU,57692
2024-05-29T09:00Z,DE_LU,58152
2024-05-29T10:00Z,DE_LU,57777
2024-05-29T11:00Z,DE_LU,57779
2024-05-29T12:00Z,DE_LU,56863
2024-05-29T13:00Z,DE_LU,56489
2024-05-29T14:00Z,DE_LU,56213
2024-05-29T15:00Z,DE_LU,56626
2024-05-29T16:00Z,DE_LU,56136
2024-05-29T17:00Z,DE_LU,54744
2024-05-29T18:00Z,DE_LU,53934
2024-05-29T19:00Z,DE_LU,51779
2024-05-29T20:00Z,DE_LU,49151
2024-05-29T21:00Z,DE_LU,45556
2024-05-29T22:00Z,DE_LU,43807
2024-05-29T23:00Z,DE_LU,42303
2024-05-30T00:00Z,DE_LU,41374
2024-05-30T01:00Z,DE_LU,40582
2024-05-30T02:00Z,DE_LU,41441
2024-05-30T03:00Z,DE_LU,43736
2024-05-30T04:00Z,DE_LU,48356
2024-05-30T05:00Z,DE_LU,53199
2024-05-30T06:00Z,DE_LU,56229
2024-05-30T07:00Z,DE_LU,57850
2024-05-30T08:00Z,DE_LU,59239
2024-05-30T09:00Z,DE_LU,59616
2024-05-30T10:00Z,DE_LU,59456
2024-05-30T11:00Z,DE_LU,58975
2024-05-30T12:00Z,DE_LU,58574
2024-05-30T13:00Z,DE_LU,58144
2024-05-30T14:00Z,DE_LU,57516
2024-05-30T15:00Z,DE_LU,57617
2024-05-30T16:00Z,DE_LU,57191
2024-05-30T17:00Z,DE_LU,56137
2024-05-30T18:00Z,DE_LU,54754
2024-05-30T19:00Z,DE_LU,52950
2024-05-30T20:00Z,DE_LU,50111
2024-05-30T21:00Z,DE_LU,46490
2024-05-30T22:00Z,DE_LU,43599
2024-05-30T23:00Z,DE_LU,41601
2024-05-31T00:00Z,DE_LU,40635
2024-05-31T01:00Z,DE_LU,40178
2024-05-31T02:00Z,DE_LU,40652
2024-05-31T03:00Z,DE_LU,43452
2024-05-31T04:00Z,DE_LU,48466
2024-05-31T05:00Z,DE_LU,53138
2024-05-31T06:00Z,DE_LU,56129
2024-05-31T07:00Z,DE_LU,58239
2024-05-31T08:00Z,DE_LU,59314
2024-05-31T09:00Z,DE_LU,59908
2024-05-31T10:00Z,DE_LU,59873
2024-05-31T11:00Z,DE_LU,59848
2024-05-31T12:00Z,DE_LU,58936
2024-05-31T13:00Z,DE_LU,58333
2024-05-31T14:00Z,DE_LU,58414
2024-05-31T15:00Z,DE_LU,58318
2024-05-31T16:00Z,DE_LU,58270
2024-05-31T17:00Z,DE_LU,56859
2024-05-31T18:00Z,DE_LU,55444
2024-05-31T19:00Z,DE_LU,53616
2024-05-31T20:00Z,DE_LU,50827
2024-05-31T21:00Z,DE_LU,46778
2024-05-31T22:00Z,DE_LU,39953
2024-05-31T23:00Z,DE_LU,39413
2024-06-01T00:00Z,DE_LU,38242
2024-06-01T01:00Z,DE_LU,37734
2024-06-01T02:00Z,DE_LU,38797
2024-06-01T03:00Z,DE_LU,40129
2024-06-01T04:00Z,DE_LU,43226
2024-06-01T05:00Z,DE_LU,45785
2024-06-01T06:00Z,DE_LU,47238
2024-06-01T07:00Z,DE_LU,48040
2024-06-01T08:00Z,DE_LU,48651
2024-06-01T09:00Z,DE_LU,48953
2024-06-01T10:00Z,DE_LU,48546
2024-06-01T11:00Z,DE_LU,47737
2024-06-01T12:00Z,DE_LU,48045
2024-06-01T13:00Z,DE_LU,48045
2024-06-01T14:00Z,DE_LU,47721
2024-06-01T15:00Z,DE_LU,47849
2024-06-01T16:00Z,DE_LU,47248
2024-06-01T17:00Z,DE_LU,46346
2024-06-01T18:00Z,DE_LU,45626
2024-06-01T19:00Z,DE_LU,44597
2024-06-01T20:00Z,DE_LU,43402
2024-06-01T21:00Z,DE_LU,41438
2024-06-01T22:00Z,DE_LU,36090
2024-06-01T23:00Z,DE_LU,35646
2024-06-02T00:00Z,DE_LU,34876
2024-06-02T01:00Z,DE_LU,34841
2024-06-02T02:00Z,DE_LU,34679
2024-06-02T03:00Z,DE_LU,36158
2024-06-02T04:00Z,DE_LU,38304
2024-06-02T05:00Z,DE_LU,40293
2024-06-02T06:00Z,DE_LU,41864
2024-06-02T07:00Z,DE_LU,42673
2024-06-02T08:00Z,DE_LU,42792
2024-06-02T09:00Z,DE_LU,43126
2024-06-02T10:00Z,DE_LU,43579
2024-06-02T11:00Z,DE_LU,43730
2024-06-02T12:00Z,DE_LU,43520
2024-06-02T13:00Z,DE_LU,43520
2024-06-02T14:00Z,DE_LU,43249
2024-06-02T15:00Z,DE_LU,43278
2024-06-02T16:00Z,DE_LU,43261
2024-06-02T17:00Z,DE_LU,42687
2024-06-02T18:00Z,DE_LU,41397
2024-06-02T19:00Z,DE_LU,40558
2024-06-02T20:00Z,DE_LU,39326
2024-06-02T21:00Z,DE_LU,37591
2024-06-02T22:00Z,DE_LU,42196
2024-06-02T23:00Z,DE_LU,41123
2024-06-03T00:00Z,DE_LU,39993
2024-06-03T01:00Z,DE_LU,39637
2024-06-03T02:00Z,DE_LU,40122
2024-06-03T03:00Z,DE_LU,42388
2024-06-03T04:00Z,DE_LU,46904
2024-06-03T05:00Z,DE_LU,51697
2024-06-03T06:00Z,DE_LU,55063
2024-06-03T07:00Z,DE_LU,57438
2024-06-03T08:00Z,DE_LU,58442
2024-06-03T09:00Z,DE_LU,58804
2024-06-03T10:00Z,DE_LU,58729
2024-06-03T11:00Z,DE_LU,58101
2024-06-03T12:00Z,DE_LU,57769
2024-06-03T13:00Z,DE_LU,56438
2024-06-03T14:00Z,DE_LU,55928
2024-06-03T15:00Z,DE_LU,56434
2024-06-03T16:00Z,DE_LU,55944
2024-06-03T17:00Z,DE_LU,54707
2024-06-03T18:00Z,DE_LU,53624
2024-06-03T19:00Z,DE_LU,52069
2024-06-03T20:00Z,DE_LU,48770
2024-06-03T21:00Z,DE_LU,45049
2024-06-03T22:00Z,DE_LU,42211
2024-06-03T23:00Z,DE_LU,40402
2024-06-04T00:00Z,DE_LU,39280
2024-06-04T01:00Z,DE_LU,38849
2024-06-04T02:00Z,DE_LU,39494
2024-06-04T03:00Z,DE_LU,42408
2024-06-04T04:00Z,DE_LU,47351
2024-06-04T05:00Z,DE_LU,51972
2024-06-04T06:00Z,DE_LU,54984
2024-06-04T07:00Z,DE_LU,57410
2024-06-04T08:00Z,DE_LU,58049
2024-06-04T09:00Z,DE_LU,58422
2024-06-04T10:00Z,DE_LU,57652
2024-06-04T11:00Z,DE_LU,57316
2024-06-04T12:00Z,DE_LU,56581
2024-06-04T13:00Z,DE_LU,56308
2024-06-04T14:00Z,DE_LU,56212
2024-06-04T15:00Z,DE_LU,56592
2024-06-04T16:00Z,DE_LU,55916
2024-06-04T17:00Z,DE_LU,54958
2024-06-04T18:00Z,DE_LU,53544
2024-06-04T19:00Z,DE_LU,51728
2024-06-04T20:00Z,DE_LU,49192
2024-06-04T21:00Z,DE_LU,45580
2024-06-04T22:00Z,DE_LU,41809
2024-06-04T23:00Z,DE_LU,40258
2024-06-05T00:00Z,DE_LU,39801
2024-06-05T01:00Z,DE_LU,39127
2024-06-05T02:00Z,DE_LU,39833
2024-06-05T03:00Z,DE_LU,42636
2024-06-05T04:00Z,DE_LU,47127
2024-06-05T05:00Z,DE_LU,51541
2024-06-05T06:00Z,DE_LU,54614
2024-06-05T07:00Z,DE_LU,56305
2024-06-05T08:00Z,DE_LU,57881
2024-06-05T09:00Z,DE_LU,58223
2024-06-05T10:00Z,DE_LU,58198
2024-06-05T11:00Z,DE_LU,57546
2024-06-05T12:00Z,DE_LU,56519
2024-06-05T13:00Z,DE_LU,56318
2024-06-05T14:00Z,DE_LU,56136
2024-06-05T15:00Z,DE_LU,55678
2024-06-05T16:00Z,DE_LU,55340
2024-06-05T17:00Z,DE_LU,54629
2024-06-05T18:00Z,DE_LU,53449
2024-06-05T19:00Z,DE_LU,51773
2024-06-05T20:00Z,DE_LU,49210
2024-06-05T21:00Z,DE_LU,45856
2024-06-05T22:00Z,DE_LU,42741
2024-06-05T23:00Z,DE_LU,41094
2024-06-06T00:00Z,DE_LU,40467
2024-06-06T01:00Z,DE_LU,39848
2024-06-06T02:00Z,DE_LU,40379
2024-06-06T03:00Z,DE_LU,43162
2024-06-06T04:00Z,DE_LU,48217
2024-06-06T05:00Z,DE_LU,52839
2024-06-06T06:00Z,DE_LU,55293
2024-06-06T07:00Z,DE_LU,56911
2024-06-06T08:00Z,DE_LU,57681
2024-06-06T09:00Z,DE_LU,57864
2024-06-06T10:00Z,DE_LU,57466
2024-06-06T11:00Z,DE_LU,57278
2024-06-06T12:00Z,DE_LU,57153
2024-06-06T13:00Z,DE_LU,56608
2024-06-06T14:00Z,DE_LU,55747
2024-06-06T15:00Z,DE_LU,55775
2024-06-06T16:00Z,DE_LU,54828
2024-06-06T17:00Z,DE_LU,53511
2024-06-06T18:00Z,DE_LU,52664
2024-06-06T19:00Z,DE_LU,50635
2024-06-06T20:00Z,DE_LU,48131
2024-06-06T21:00Z,DE_LU,44530
2024-06-06T22:00Z,DE_LU,41373
2024-06-06T23:00Z,DE_LU,40004
2024-06-07T00:00Z,DE_LU,39525
2024-06-07T01:00Z,DE_LU,38552
2024-06-07T02:00Z,DE_LU,39251
2024-06-07T03:00Z,DE_LU,41829
2024-06-07T04:00Z,DE_LU,46039
2024-06-07T05:00Z,DE_LU,50881
2024-06-07T06:00Z,DE_LU,53764
2024-06-07T07:00Z,DE_LU,55586
2024-06-07T08:00Z,DE_LU,57014
2024-06-07T09:00Z,DE_LU,57023
2024-06-07T10:00Z,DE_LU,57125
2024-06-07T11:00Z,DE_LU,56876
2024-06-07T12:00Z,DE_LU,56151
2024-06-07T13:00Z,DE_LU,56054
2024-06-07T14:00Z,DE_LU,55434
2024-06-07T15:00Z,DE_LU,55913
2024-06-07T16:00Z,DE_LU,55541
2024-06-07T17:00Z,DE_LU,54322
2024-06-07T18:00Z,DE_LU,52525
2024-06-07T19:00Z,DE_LU,50817
2024-06-07T20:00Z,DE_LU,48105
2024-06-07T21:00Z,DE_LU,44625
2024-06-07T22:00Z,DE_LU,39480
2024-06-07T23:00Z,DE_LU,38761
2024-06-08T00:00Z,DE_LU,38690
2024-06-08T01:00Z,DE_LU,38617
2024-06-08T02:00Z,DE_LU,38529
2024-06-08T03:00Z,DE_LU,40016
2024-06-08T04:00Z,DE_LU,42438
2024-06-08T05:00Z,DE_LU,45038
2024-06-08T06:00Z,DE_LU,46397
2024-06-08T07:00Z,DE_LU,47379
2024-06-08T08:00Z,DE_LU,48303
2024-06-08T09:00Z,DE_LU,48215
2024-06-08T10:00Z,DE_LU,48235
2024-06-08T11:00Z,DE_LU,48146
2024-06-08T12:00Z,DE_LU,47951
2024-06-08T13:00Z,DE_LU,47433
2024-06-08T14:00Z,DE_LU,47033
2024-06-08T15:00Z,DE_LU,47432
2024-06-08T16:00Z,DE_LU,46782
2024-06-08T17:00Z,DE_LU,45924
2024-06-08T18:00Z,DE_LU,45393
2024-06-08T19:00Z,DE_LU,44626
2024-06-08T20:00Z,DE_LU,43904
2024-06-08T21:00Z,DE_LU,40947
2024-06-08T22:00Z,DE_LU,36134
2024-06-08T23:00Z,DE_LU,35498
2024-06-09T00:00Z,DE_LU,34717
2024-06-09T01:00Z,DE_LU,34668
2024-06-09T02:00Z,DE_LU,35465
2024-06-09T03:00Z,DE_LU,36652
2024-06-09T04:00Z,DE_LU,39120
2024-06-09T05:00Z,DE_LU,41251
2024-06-09T06:00Z,DE_LU,42601
2024-06-09T07:00Z,DE_LU,43459
2024-06-09T08:00Z,DE_LU,43803
2024-06-09T09:00Z,DE_LU,44035
2024-06-09T10:00Z,DE_LU,43699
2024-06-09T11:00Z,DE_LU,43547
2024-06-09T12:00Z,DE_LU,43290
2024-06-09T13:00Z,DE_LU,42952
2024-06-09T14:00Z,DE_LU,42609
2024-06-09T15:00Z,DE_LU,42369
2024-06-09T16:00Z,DE_LU,42238
2024-06-09T17:00Z,DE_LU,42101
2024-06-09T18:00Z,DE_LU,41893
2024-06-09T19:00Z,DE_LU,41465
2024-06-09T20:00Z,DE_LU,40685
2024-06-09T21:00Z,DE_LU,38469
2024-06-09T22:00Z,DE_LU,42212
2024-06-09T23:00Z,DE_LU,40369
2024-06-10T00:00Z,DE_LU,39314
2024-06-10T01:00Z,DE_LU,39005
2024-06-10T02:00Z,DE_LU,39174
2024-06-10T03:00Z,DE_LU,42130
2024-06-10T04:00Z,DE_LU,46492
2024-06-10T05:00Z,DE_LU,51009
2024-06-10T06:00Z,DE_LU,54073
2024-06-10T07:00Z,DE_LU,55272
2024-06-10T08:00Z,DE_LU,56594
2024-06-10T09:00Z,DE_LU,56682
2024-06-10T10:00Z,DE_LU,57026
2024-06-10T11:00Z,DE_LU,56518
2024-06-10T12:00Z,DE_LU,56025
2024-06-10T13:00Z,DE_LU,55667
2024-06-10T14:00Z,DE_LU,55401
2024-06-10T15:00Z,DE_LU,55218
2024-06-10T16:00Z,DE_LU,54979
2024-06-10T17:00Z,DE_LU,53849
2024-06-10T18:00Z,DE_LU,52425
2024-06-10T19:00Z,DE_LU,50899
2024-06-10T20:00Z,DE_LU,48756
2024-06-10T21:00Z,DE_LU,45426
2024-06-10T22:00Z,DE_LU,42584
2024-06-10T23:00Z,DE_LU,40356
2024-06-11T00:00Z,DE_LU,39506
2024-06-11T01:00Z,DE_LU,39146
2024-06-11T02:00Z,DE_LU,39510
2024-06-11T03:00Z,DE_LU,42472
2024-06-11T04:00Z,DE_LU,47546
2024-06-11T05:00Z,DE_LU,52071
2024-06-11T06:00Z,DE_LU,54425
2024-06-11T07:00Z,DE_LU,56208
2024-06-11T08:00Z,DE_LU,57851
2024-06-11T09:00Z,DE_LU,57432
2024-06-11T10:00Z,DE_LU,57420
2024-06-11T11:00Z,DE_LU,57384
2024-06-11T12:00Z,DE_LU,56887
2024-06-11T13:00Z,DE_LU,56983
2024-06-11T14:00Z,DE_LU,56886
2024-06-11T15:00Z,DE_LU,56281
2024-06-11T16:00Z,DE_LU,56139
2024-06-11T17:00Z,DE_LU,54618
2024-06-11T18:00Z,DE_LU,53596
2024-06-11T19:00Z,DE_LU,51446
2024-06-11T20:00Z,DE_LU,48810
2024-06-11T21:00Z,DE_LU,45349
2024-06-11T22:00Z,DE_LU,41651
2024-06-11T23:00Z,DE_LU,39558
2024-06-12T00:00Z,DE_LU,38630
2024-06-12T01:00Z,DE_LU,38439
2024-06-12T02:00Z,DE_LU,39158
2024-06-12T03:00Z,DE_LU,42057
2024-06-12T04:00Z,DE_LU,46302
2024-06-12T05:00Z,DE_LU,51086
2024-06-12T06:00Z,DE_LU,54269
2024-06-12T07:00Z,DE_LU,56183
2024-06-12T08:00Z,DE_LU,57045
2024-06-12T09:00Z,DE_LU,56918
2024-06-12T10:00Z,DE_LU,56710
2024-06-12T11:00Z,DE_LU,56406
2024-06-12T12:00Z,DE_LU,56206
2024-06-12T13:00Z,DE_LU,55245
2024-06-12T14:00Z,DE_LU,54794
2024-06-12T15:00Z,DE_LU,54475
2024-06-12T16:00Z,DE_LU,54387
2024-06-12T17:00Z,DE_LU,53352
2024-06-12T18:00Z,DE_LU,52455
2024-06-12T19:00Z,DE_LU,51204
2024-06-12T20:00Z,DE_LU,48709
2024-06-12T21:00Z,DE_LU,45057
2024-06-12T22:00Z,DE_LU,42001
2024-06-12T23:00Z,DE_LU,40424
2024-06-13T00:00Z,DE_LU,39556
2024-06-13T01:00Z,DE_LU,38626
2024-06-13T02:00Z,DE_LU,39188
2024-06-13T03:00Z,DE_LU,42115
2024-06-13T04:00Z,DE_LU,46382
2024-06-13T05:00Z,DE_LU,51042
2024-06-13T06:00Z,DE_LU,53937
2024-06-13T07:00Z,DE_LU,56452
2024-06-13T08:00Z,DE_LU,57392
2024-06-13T09:00Z,DE_LU,57667
2024-06-13T10:00Z,DE_LU,57477
2024-06-13T11:00Z,DE_LU,57085
2024-06-13T12:00Z,DE_LU,57122
2024-06-13T13:00Z,DE_LU,56816
2024-06-13T14:00Z,DE_LU,56203
2024-06-13T15:00Z,DE_LU,56272
2024-06-13T16:00Z,DE_LU,55371
2024-06-13T17:00Z,DE_LU,54453
2024-06-13T18:00Z,DE_LU,53208
2024-06-13T19:00Z,DE_LU,51304
2024-06-13T20:00Z,DE_LU,48564
2024-06-13T21:00Z,DE_LU,45325
2024-06-13T22:00Z,DE_LU,41963
2024-06-13T23:00Z,DE_LU,40322
2024-06-14T00:00Z,DE_LU,39573
2024-06-14T01:00Z,DE_LU,38864
2024-06-14T02:00Z,DE_LU,39360
2024-06-14T03:00Z,DE_LU,41780
2024-06-14T04:00Z,DE_LU,46914
2024-06-14T05:00Z,DE_LU,51858
2024-06-14T06:00Z,DE_LU,54569
2024-06-14T07:00Z,DE_LU,56421
2024-06-14T08:00Z,DE_LU,57869
2024-06-14T09:00Z,DE_LU,58070
2024-06-14T10:00Z,DE_LU,57919
2024-06-14T11:00Z,DE_LU,58001
2024-06-14T12:00Z,DE_LU,57661
2024-06-14T13:00Z,DE_LU,57240
2024-06-14T14:00Z,DE_LU,56871
2024-06-14T15:00Z,DE_LU,56394
2024-06-14T16:00Z,DE_LU,55434
2024-06-14T17:00Z,DE_LU,53867
2024-06-14T18:00Z,DE_LU,52916
2024-06-14T19:00Z,DE_LU,50768
2024-06-14T20:00Z,DE_LU,48121
2024-06-14T21:00Z,DE_LU,44579
2024-06-14T22:00Z,DE_LU,40249
2024-06-14T23:00Z,DE_LU,39456
2024-06-15T00:00Z,DE_LU,38482
2024-06-15T01:00Z,DE_LU,38390
2024-06-15T02:00Z,DE_LU,39002
2024-06-15T03:00Z,DE_LU,40839
2024-06-15T04:00Z,DE_LU,42881
2024-06-15T05:00Z,DE_LU,45440
2024-06-15T06:00Z,DE_LU,47307
2024-06-15T07:00Z,DE_LU,47999
2024-06-15T08:00Z,DE_LU,48090
2024-06-15T09:00Z,DE_LU,48275
2024-06-15T10:00Z,DE_LU,48347
2024-06-15T11:00Z,DE_LU,48485
2024-06-15T12:00Z,DE_LU,48630
2024-06-15T13:00Z,DE_LU,48244
2024-06-15T14:00Z,DE_LU,48332
2024-06-15T15:00Z,DE_LU,47732
2024-06-15T16:00Z,DE_LU,47331
2024-06-15T17:00Z,DE_LU,46431
2024-06-15T18:00Z,DE_LU,45357
2024-06-15T19:00Z,DE_LU,44832
2024-06-15T20:00Z,DE_LU,43444
2024-06-15T21:00Z,DE_LU,41352
2024-06-15T22:00Z,DE_LU,35382
2024-06-15T23:00Z,DE_LU,34371
2024-06-16T00:00Z,DE_LU,34323
2024-06-16T01:00Z,DE_LU,34644
2024-06-16T02:00Z,DE_LU,35346
2024-06-16T03:00Z,DE_LU,36959
2024-06-16T04:00Z,DE_LU,39057
2024-06-16T05:00Z,DE_LU,41358
2024-06-16T06:00Z,DE_LU,42577
2024-06-16T07:00Z,DE_LU,43643
2024-06-16T08:00Z,DE_LU,44268
2024-06-16T09:00Z,DE_LU,44604
2024-06-16T10:00Z,DE_LU,44753
2024-06-16T11:00Z,DE_LU,44395
2024-06-16T12:00Z,DE_LU,43798
2024-06-16T13:00Z,DE_LU,43149
2024-06-16T14:00Z,DE_LU,42918
2024-06-16T15:00Z,DE_LU,42498
2024-06-16T16:00Z,DE_LU,42476
2024-06-16T17:00Z,DE_LU,42417
2024-06-16T18:00Z,DE_LU,41844
2024-06-16T19:00Z,DE_LU,40705
2024-06-16T20:00Z,DE_LU,39652
2024-06-16T21:00Z,DE_LU,37692
2024-06-16T22:00Z,DE_LU,41037
2024-06-16T23:00Z,DE_LU,39811
2024-06-17T00:00Z,DE_LU,38906
2024-06-17T01:00Z,DE_LU,38901
2024-06-17T02:00Z,DE_LU,39542
2024-06-17T03:00Z,DE_LU,41562
2024-06-17T04:00Z,DE_LU,46012
2024-06-17T05:00Z,DE_LU,50971
2024-06-17T06:00Z,DE_LU,53656
2024-06-17T07:00Z,DE_LU,55391
2024-06-17T08:00Z,DE_LU,56728
2024-06-17T09:00Z,DE_LU,57291
2024-06-17T10:00Z,DE_LU,57255
2024-06-17T11:00Z,DE_LU,56889
2024-06-17T12:00Z,DE_LU,56151
2024-06-17T13:00Z,DE_LU,55627
2024-06-17T14:00Z,DE_LU,54691
2024-06-17T15:00Z,DE_LU,54228
2024-06-17T16:00Z,DE_LU,53250
2024-06-17T17:00Z,DE_LU,51846
2024-06-17T18:00Z,DE_LU,50847
2024-06-17T19:00Z,DE_LU,48939
2024-06-17T20:00Z,DE_LU,46210
2024-06-17T21:00Z,DE_LU,43283
2024-06-17T22:00Z,DE_LU,40020
2024-06-17T23:00Z,DE_LU,38496
2024-06-18T00:00Z,DE_LU,37354
2024-06-18T01:00Z,DE_LU,37246
2024-06-18T02:00Z,DE_LU,38012
2024-06-18T03:00Z,DE_LU,40533
2024-06-18T04:00Z,DE_LU,45516
2024-06-18T05:00Z,DE_LU,50184
2024-06-18T06:00Z,DE_LU,52893
2024-06-18T07:00Z,DE_LU,55340
2024-06-18T08:00Z,DE_LU,56478
2024-06-18T09:00Z,DE_LU,56492
2024-06-18T10:00Z,DE_LU,56269
2024-06-18T11:00Z,DE_LU,55913
2024-06-18T12:00Z,DE_LU,55850
2024-06-18T13:00Z,DE_LU,55104
2024-06-18T14:00Z,DE_LU,54126
2024-06-18T15:00Z,DE_LU,53602
2024-06-18T16:00Z,DE_LU,53497
2024-06-18T17:00Z,DE_LU,52618
2024-06-18T18:00Z,DE_LU,51267
2024-06-18T19:00Z,DE_LU,50033
2024-06-18T20:00Z,DE_LU,48074
2024-06-18T21:00Z,DE_LU,44350
2024-06-18T22:00Z,DE_LU,41478
2024-06-18T23:00Z,DE_LU,39883
2024-06-19T00:00Z,DE_LU,38630
2024-06-19T01:00Z,DE_LU,38161
2024-06-19T02:00Z,DE_LU,38201
2024-06-19T03:00Z,DE_LU,40907
2024-06-19T04:00Z,DE_LU,45704
2024-06-19T05:00Z,DE_LU,50851
2024-06-19T06:00Z,DE_LU,54320
2024-06-19T07:00Z,DE_LU,56269
2024-06-19T08:00Z,DE_LU,56976
2024-06-19T09:00Z,DE_LU,57258
2024-06-19T10:00Z,DE_LU,57417
2024-06-19T11:00Z,DE_LU,56587
2024-06-19T12:00Z,DE_LU,56817
2024-06-19T13:00Z,DE_LU,55719
2024-06-19T14:00Z,DE_LU,54863
2024-06-19T15:00Z,DE_LU,54671
2024-06-19T16:00Z,DE_LU,54509
2024-06-19T17:00Z,DE_LU,53866
2024-06-19T18:00Z,DE_LU,52491
2024-06-19T19:00Z,DE_LU,51129
2024-06-19T20:00Z,DE_LU,48864
2024-06-19T21:00Z,DE_LU,45623
2024-06-19T22:00Z,DE_LU,42124
2024-06-19T23:00Z,DE_LU,39773
2024-06-20T00:00Z,DE_LU,38752
2024-06-20T01:00Z,DE_LU,38180
2024-06-20T02:00Z,DE_LU,38940
2024-06-20T03:00Z,DE_LU,41419
2024-06-20T04:00Z,DE_LU,45654
2024-06-20T05:00Z,DE_LU,49859
2024-06-20T06:00Z,DE_LU,53261
2024-06-20T07:00Z,DE_LU,55528
2024-06-20T08:00Z,DE_LU,56569
2024-06-20T09:00Z,DE_LU,57034
2024-06-20T10:00Z,DE_LU,56571
2024-06-20T11:00Z,DE_LU,56090
2024-06-20T12:00Z,DE_LU,55294
2024-06-20T13:00Z,DE_LU,54985
2024-06-20T14:00Z,DE_LU,54351
2024-06-20T15:00Z,DE_LU,54036
2024-06-20T16:00Z,DE_LU,54066
2024-06-20T17:00Z,DE_LU,52947
2024-06-20T18:00Z,DE_LU,52225
2024-06-20T19:00Z,DE_LU,50876
2024-06-20T20:00Z,DE_LU,48507
2024-06-20T21:00Z,DE_LU,44921
2024-06-20T22:00Z,DE_LU,42662
2024-06-20T23:00Z,DE_LU,41281
2024-06-21T00:00Z,DE_LU,39975
2024-06-21T01:00Z,DE_LU,39082
2024-06-21T02:00Z,DE_LU,39350
2024-06-21T03:00Z,DE_LU,41933
2024-06-21T04:00Z,DE_LU,46330
2024-06-21T05:00Z,DE_LU,51160
2024-06-21T06:00Z,DE_LU,53991
2024-06-21T07:00Z,DE_LU,55784
2024-06-21T08:00Z,DE_LU,57019
2024-06-21T09:00Z,DE_LU,57634
2024-06-21T10:00Z,DE_LU,57827
2024-06-21T11:00Z,DE_LU,56728
2024-06-21T12:00Z,DE_LU,56762
2024-06-21T13:00Z,DE_LU,56312
2024-06-21T14:00Z,DE_LU,56055
2024-06-21T15:00Z,DE_LU,55601
2024-06-21T16:00Z,DE_LU,55318
2024-06-21T17:00Z,DE_LU,54433
2024-06-21T18:00Z,DE_LU,52956
2024-06-21T19:00Z,DE_LU,51083
2024-06-21T20:00Z,DE_LU,48739
2024-06-21T21:00Z,DE_LU,45530
2024-06-21T22:00Z,DE_LU,40597
2024-06-21T23:00Z,DE_LU,39642
2024-06-22T00:00Z,DE_LU,38841
2024-06-22T01:00Z,DE_LU,38473
2024-06-22T02:00Z,DE_LU,38860
2024-06-22T03:00Z,DE_LU,39874
2024-06-22T04:00Z,DE_LU,42381
2024-06-22T05:00Z,DE_LU,44932
2024-06-22T06:00Z,DE_LU,46817
2024-06-22T07:00Z,DE_LU,47629
2024-06-22T08:00Z,DE_LU,47953
2024-06-22T09:00Z,DE_LU,48912
2024-06-22T10:00Z,DE_LU,48653
2024-06-22T11:00Z,DE_LU,49006
2024-06-22T12:00Z,DE_LU,48494
2024-06-22T13:00Z,DE_LU,47996
2024-06-22T14:00Z,DE_LU,47838
2024-06-22T15:00Z,DE_LU,47646
2024-06-22T16:00Z,DE_LU,47386
2024-06-22T17:00Z,DE_LU,46733
2024-06-22T18:00Z,DE_LU,46120
2024-06-22T19:00Z,DE_LU,45172
2024-06-22T20:00Z,DE_LU,43728
2024-06-22T21:00Z,DE_LU,41689
2024-06-22T22:00Z,DE_LU,35813
2024-06-22T23:00Z,DE_LU,34953
2024-06-23T00:00Z,DE_LU,34426
2024-06-23T01:00Z,DE_LU,34325
2024-06-23T02:00Z,DE_LU,34598
2024-06-23T03:00Z,DE_LU,35536
2024-06-23T04:00Z,DE_LU,37998
2024-06-23T05:00Z,DE_LU,40214
2024-06-23T06:00Z,DE_LU,41811
2024-06-23T07:00Z,DE_LU,42646
2024-06-23T08:00Z,DE_LU,43467
2024-06-23T09:00Z,DE_LU,44102
2024-06-23T10:00Z,DE_LU,43907
2024-06-23T11:00Z,DE_LU,43772
2024-06-23T12:00Z,DE_LU,43862
2024-06-23T13:00Z,DE_LU,43965
2024-06-23T14:00Z,DE_LU,43669
2024-06-23T15:00Z,DE_LU,43318
2024-06-23T16:00Z,DE_LU,43260
2024-06-23T17:00Z,DE_LU,42561
2024-06-23T18:00Z,DE_LU,42027
2024-06-23T19:00Z,DE_LU,41492
2024-06-23T20:00Z,DE_LU,39695
2024-06-23T21:00Z,DE_LU,37624
2024-06-23T22:00Z,DE_LU,42270
2024-06-23T23:00Z,DE_LU,40640
2024-06-24T00:00Z,DE_LU,39572
2024-06-24T01:00Z,DE_LU,39034
2024-06-24T02:00Z,DE_LU,39487
2024-06-24T03:00Z,DE_LU,41770
2024-06-24T04:00Z,DE_LU,46713
2024-06-24T05:00Z,DE_LU,50960
2024-06-24T06:00Z,DE_LU,54285
2024-06-24T07:00Z,DE_LU,56433
2024-06-24T08:00Z,DE_LU,57349
2024-06-24T09:00Z,DE_LU,58597
2024-06-24T10:00Z,DE_LU,57876
2024-06-24T11:00Z,DE_LU,57398
2024-06-24T12:00Z,DE_LU,56842
2024-06-24T13:00Z,DE_LU,56245
2024-06-24T14:00Z,DE_LU,55900
2024-06-24T15:00Z,DE_LU,55607
2024-06-24T16:00Z,DE_LU,55411
2024-06-24T17:00Z,DE_LU,54365
2024-06-24T18:00Z,DE_LU,53353
2024-06-24T19:00Z,DE_LU,52114
2024-06-24T20:00Z,DE_LU,49894
2024-06-24T21:00Z,DE_LU,46261
2024-06-24T22:00Z,DE_LU,42492
2024-06-24T23:00Z,DE_LU,40779
2024-06-25T00:00Z,DE_LU,39423
2024-06-25T01:00Z,DE_LU,38594
2024-06-25T02:00Z,DE_LU,38917
2024-06-25T03:00Z,DE_LU,41667
2024-06-25T04:00Z,DE_LU,46609
2024-06-25T05:00Z,DE_LU,50843
2024-06-25T06:00Z,DE_LU,53778
2024-06-25T07:00Z,DE_LU,55935
2024-06-25T08:00Z,DE_LU,57056
2024-06-25T09:00Z,DE_LU,57420
2024-06-25T10:00Z,DE_LU,58031
2024-06-25T11:00Z,DE_LU,57173
2024-06-25T12:00Z,DE_LU,56410
2024-06-25T13:00Z,DE_LU,56219
2024-06-25T14:00Z,DE_LU,55520
2024-06-25T15:00Z,DE_LU,55501
2024-06-25T16:00Z,DE_LU,54334
2024-06-25T17:00Z,DE_LU,53233
2024-06-25T18:00Z,DE_LU,52010
2024-06-25T19:00Z,DE_LU,50477
2024-06-25T20:00Z,DE_LU,48038
2024-06-25T21:00Z,DE_LU,44863
2024-06-25T22:00Z,DE_LU,42263
2024-06-25T23:00Z,DE_LU,40469
2024-06-26T00:00Z,DE_LU,39797
2024-06-26T01:00Z,DE_LU,39649
2024-06-26T02:00Z,DE_LU,40036
2024-06-26T03:00Z,DE_LU,42512
2024-06-26T04:00Z,DE_LU,46749
2024-06-26T05:00Z,DE_LU,52021
2024-06-26T06:00Z,DE_LU,54391
2024-06-26T07:00Z,DE_LU,56918
2024-06-26T08:00Z,DE_LU,57827
2024-06-26T09:00Z,DE_LU,58615
2024-06-26T10:00Z,DE_LU,58558
2024-06-26T11:00Z,DE_LU,57779
2024-06-26T12:00Z,DE_LU,57705
2024-06-26T13:00Z,DE_LU,57383
2024-06-26T14:00Z,DE_LU,56613
2024-06-26T15:00Z,DE_LU,56433
2024-06-26T16:00Z,DE_LU,56005
2024-06-26T17:00Z,DE_LU,54392
2024-06-26T18:00Z,DE_LU,53344
2024-06-26T19:00Z,DE_LU,51549
2024-06-26T20:00Z,DE_LU,48805
2024-06-26T21:00Z,DE_LU,45357
2024-06-26T22:00Z,DE_LU,41833
2024-06-26T23:00Z,DE_LU,40167
2024-06-27T00:00Z,DE_LU,38358
2024-06-27T01:00Z,DE_LU,38348
2024-06-27T02:00Z,DE_LU,39235
2024-06-27T03:00Z,DE_LU,41460
2024-06-27T04:00Z,DE_LU,46201
2024-06-27T05:00Z,DE_LU,51083
2024-06-27T06:00Z,DE_LU,53671
2024-06-27T07:00Z,DE_LU,56023
2024-06-27T08:00Z,DE_LU,57044
2024-06-27T09:00Z,DE_LU,57173
2024-06-27T10:00Z,DE_LU,57295
2024-06-27T11:00Z,DE_LU,56950
2024-06-27T12:00Z,DE_LU,56317
2024-06-27T13:00Z,DE_LU,56158
2024-06-27T14:00Z,DE_LU,55517
2024-06-27T15:00Z,DE_LU,55794
2024-06-27T16:00Z,DE_LU,55119
2024-06-27T17:00Z,DE_LU,53992
2024-06-27T18:00Z,DE_LU,52734
2024-06-27T19:00Z,DE_LU,51155
2024-06-27T20:00Z,DE_LU,48824
2024-06-27T21:00Z,DE_LU,45539
2024-06-27T22:00Z,DE_LU,42773
2024-06-27T23:00Z,DE_LU,41492
2024-06-28T00:00Z,DE_LU,40338
2024-06-28T01:00Z,DE_LU,39625
2024-06-28T02:00Z,DE_LU,40430
2024-06-28T03:00Z,DE_LU,42951
2024-06-28T04:00Z,DE_LU,48014
2024-06-28T05:00Z,DE_LU,52929
2024-06-28T06:00Z,DE_LU,55724
2024-06-28T07:00Z,DE_LU,57338
2024-06-28T08:00Z,DE_LU,58353
2024-06-28T09:00Z,DE_LU,58696
2024-06-28T10:00Z,DE_LU,58594
2024-06-28T11:00Z,DE_LU,57484
2024-06-28T12:00Z,DE_LU,57319
2024-06-28T13:00Z,DE_LU,56632
2024-06-28T14:00Z,DE_LU,56111
2024-06-28T15:00Z,DE_LU,55722
2024-06-28T16:00Z,DE_LU,55060
2024-06-28T17:00Z,DE_LU,54217
2024-06-28T18:00Z,DE_LU,52867
2024-06-28T19:00Z,DE_LU,51600
2024-06-28T20:00Z,DE_LU,48567
2024-06-28T21:00Z,DE_LU,44732
2024-06-28T22:00Z,DE_LU,39502
2024-06-28T23:00Z,DE_LU,38647
2024-06-29T00:00Z,DE_LU,38089
2024-06-29T01:00Z,DE_LU,37945
2024-06-29T02:00Z,DE_LU,37816
2024-06-29T03:00Z,DE_LU,39426
2024-06-29T04:00Z,DE_LU,41963
2024-06-29T05:00Z,DE_LU,44194
2024-06-29T06:00Z,DE_LU,45741
2024-06-29T07:00Z,DE_LU,46012
2024-06-29T08:00Z,DE_LU,47048
2024-06-29T09:00Z,DE_LU,47309
2024-06-29T10:00Z,DE_LU,47799
2024-06-29T11:00Z,DE_LU,47512
2024-06-29T12:00Z,DE_LU,47598
2024-06-29T13:00Z,DE_LU,47261
2024-06-29T14:00Z,DE_LU,47351
2024-06-29T15:00Z,DE_LU,47724
2024-06-29T16:00Z,DE_LU,47541
2024-06-29T17:00Z,DE_LU,46747
2024-06-29T18:00Z,DE_LU,46509
2024-06-29T19:00Z,DE_LU,45417
2024-06-29T20:00Z,DE_LU,43285
2024-06-29T21:00Z,DE_LU,41266
2024-06-29T22:00Z,DE_LU,36112
2024-06-29T23:00Z,DE_LU,35430
2024-06-30T00:00Z,DE_LU,35046
2024-06-30T01:00Z,DE_LU,34668
2024-06-30T02:00Z,DE_LU,34856
2024-06-30T03:00Z,DE_LU,36212
2024-06-30T04:00Z,DE_LU,38702
2024-06-30T05:00Z,DE_LU,40634
2024-06-30T06:00Z,DE_LU,42165
2024-06-30T07:00Z,DE_LU,42851
2024-06-30T08:00Z,DE_LU,43446
2024-06-30T09:00Z,DE_LU,44006
2024-06-30T10:00Z,DE_LU,43575
2024-06-30T11:00Z,DE_LU,43336
2024-06-30T12:00Z,DE_LU,42716
2024-06-30T13:00Z,DE_LU,42661
2024-06-30T14:00Z,DE_LU,42369
2024-06-30T15:00Z,DE_LU,42104
2024-06-30T16:00Z,DE_LU,42293
2024-06-30T17:00Z,DE_LU,42030
2024-06-30T18:00Z,DE_LU,41387
2024-06-30T19:00Z,DE_LU,40499
2024-06-30T20:00Z,DE_LU,39562
2024-06-30T21:00Z,DE_LU,37599
2023-12-31T23:00Z,FR,37476
2024-01-01T00:00Z,FR,37061
2024-01-01T01:00Z,FR,36306
2024-01-01T02:00Z,FR,36126
2024-01-01T03:00Z,FR,36620
2024-01-01T04:00Z,FR,38421
2024-01-01T05:00Z,FR,41076
2024-01-01T06:00Z,FR,43687
2024-01-01T07:00Z,FR,44823
2024-01-01T08:00Z,FR,44854
2024-01-01T09:00Z,FR,44936
2024-01-01T10:00Z,FR,44570
2024-01-01T11:00Z,FR,44140
2024-01-01T12:00Z,FR,43834
2024-01-01T13:00Z,FR,43645
2024-01-01T14:00Z,FR,43477
2024-01-01T15:00Z,FR,43896
2024-01-01T16:00Z,FR,45233
2024-01-01T17:00Z,FR,45878
2024-01-01T18:00Z,FR,45252
2024-01-01T19:00Z,FR,43973
2024-01-01T20:00Z,FR,42636
2024-01-01T21:00Z,FR,41162
2024-01-01T22:00Z,FR,39243
2024-01-01T23:00Z,FR,40175
2024-01-02T00:00Z,FR,38624
2024-01-02T01:00Z,FR,37839
2024-01-02T02:00Z,FR,37861
2024-01-02T03:00Z,FR,39167
2024-01-02T04:00Z,FR,42786
2024-01-02T05:00Z,FR,48242
2024-01-02T06:00Z,FR,53561
2024-01-02T07:00Z,FR,54982
2024-01-02T08:00Z,FR,55628
2024-01-02T09:00Z,FR,55364
2024-01-02T10:00Z,FR,55111
2024-01-02T11:00Z,FR,54069
2024-01-02T12:00Z,FR,53370
2024-01-02T13:00Z,FR,52840
2024-01-02T14:00Z,FR,52955
2024-01-02T15:00Z,FR,54357
2024-01-02T16:00Z,FR,57808
2024-01-02T17:00Z,FR,58581
2024-01-02T18:00Z,FR,56607
2024-01-02T19:00Z,FR,53550
2024-01-02T20:00Z,FR,50412
2024-01-02T21:00Z,FR,46708
2024-01-02T22:00Z,FR,42739
2024-01-02T23:00Z,FR,44924
2024-01-03T00:00Z,FR,43272
2024-01-03T01:00Z,FR,42231
2024-01-03T02:00Z,FR,42436
2024-01-03T03:00Z,FR,43430
2024-01-03T04:00Z,FR,47320
2024-01-03T05:00Z,FR,54079
2024-01-03T06:00Z,FR,59811
2024-01-03T07:00Z,FR,61722
2024-01-03T08:00Z,FR,62804
2024-01-03T09:00Z,FR,62605
2024-01-03T10:00Z,FR,62194
2024-01-03T11:00Z,FR,60750
2024-01-03T12:00Z,FR,59910
2024-01-03T13:00Z,FR,59333
2024-01-03T14:00Z,FR,59287
2024-01-03T15:00Z,FR,61521
2024-01-03T16:00Z,FR,64680
2024-01-03T17:00Z,FR,65037
2024-01-03T18:00Z,FR,63341
2024-01-03T19:00Z,FR,59584
2024-01-03T20:00Z,FR,56197
2024-01-03T21:00Z,FR,52537
2024-01-03T22:00Z,FR,48377
2024-01-03T23:00Z,FR,45238
2024-01-04T00:00Z,FR,43771
2024-01-04T01:00Z,FR,42472
2024-01-04T02:00Z,FR,41912
2024-01-04T03:00Z,FR,43155
2024-01-04T04:00Z,FR,46867
2024-01-04T05:00Z,FR,53823
2024-01-04T06:00Z,FR,59849
2024-01-04T07:00Z,FR,62096
2024-01-04T08:00Z,FR,62652
2024-01-04T09:00Z,FR,62879
2024-01-04T10:00Z,FR,62257
2024-01-04T11:00Z,FR,60973
2024-01-04T12:00Z,FR,60585
2024-01-04T13:00Z,FR,60480
2024-01-04T14:00Z,FR,60334
2024-01-04T15:00Z,FR,61930
2024-01-04T16:00Z,FR,65844
2024-01-04T17:00Z,FR,66065
2024-01-04T18:00Z,FR,63276
2024-01-04T19:00Z,FR,59882
2024-01-04T20:00Z,FR,56852
2024-01-04T21:00Z,FR,52762
2024-01-04T22:00Z,FR,48839
2024-01-04T23:00Z,FR,46947
2024-01-05T00:00Z,FR,45149
2024-01-05T01:00Z,FR,43754
2024-01-05T02:00Z,FR,43955
2024-01-05T03:00Z,FR,45115
2024-01-05T04:00Z,FR,49059
2024-01-05T05:00Z,FR,56027
2024-01-05T06:00Z,FR,61729
2024-01-05T07:00Z,FR,64584
2024-01-05T08:00Z,FR,64955
2024-01-05T09:00Z,FR,64990
2024-01-05T10:00Z,FR,64723
2024-01-05T11:00Z,FR,63020
2024-01-05T12:00Z,FR,62674
2024-01-05T13:00Z,FR,62270
2024-01-05T14:00Z,FR,62521
2024-01-05T15:00Z,FR,64176
2024-01-05T16:00Z,FR,68159
2024-01-05T17:00Z,FR,68445
2024-01-05T18:00Z,FR,65937
2024-01-05T19:00Z,FR,62468
2024-01-05T20:00Z,FR,58665
2024-01-05T21:00Z,FR,54243
2024-01-05T22:00Z,FR,49667
2024-01-05T23:00Z,FR,43455
2024-01-06T00:00Z,FR,42762
2024-01-06T01:00Z,FR,42073
2024-01-06T02:00Z,FR,42137
2024-01-06T03:00Z,FR,42944
2024-01-06T04:00Z,FR,45165
2024-01-06T05:00Z,FR,49219
2024-01-06T06:00Z,FR,52082
2024-01-06T07:00Z,FR,53005
2024-01-06T08:00Z,FR,53276
2024-01-06T09:00Z,FR,53415
2024-01-06T10:00Z,FR,53151
2024-01-06T11:00Z,FR,52452
2024-01-06T12:00Z,FR,52391
2024-01-06T13:00Z,FR,51888
2024-01-06T14:00Z,FR,51909
2024-01-06T15:00Z,FR,52476
2024-01-06T16:00Z,FR,53829
2024-01-06T17:00Z,FR,54174
2024-01-06T18:00Z,FR,52340
2024-01-06T19:00Z,FR,50530
2024-01-06T20:00Z,FR,49015
2024-01-06T21:00Z,FR,47187
2024-01-06T22:00Z,FR,45006
2024-01-06T23:00Z,FR,37222
2024-01-07T00:00Z,FR,36799
2024-01-07T01:00Z,FR,36990
2024-01-07T02:00Z,FR,37058
2024-01-07T03:00Z,FR,37447
2024-01-07T04:00Z,FR,39455
2024-01-07T05:00Z,FR,42956
2024-01-07T06:00Z,FR,44977
2024-01-07T07:00Z,FR,45726
2024-01-07T08:00Z,FR,46036
2024-01-07T09:00Z,FR,46020
2024-01-07T10:00Z,FR,46227
2024-01-07T11:00Z,FR,45569
2024-01-07T12:00Z,FR,45345
2024-01-07T13:00Z,FR,45245
2024-01-07T14:00Z,FR,45135
2024-01-07T15:00Z,FR,46102
2024-01-07T16:00Z,FR,47906
2024-01-07T17:00Z,FR,48141
2024-01-07T18:00Z,FR,47189
2024-01-07T19:00Z,FR,45377
2024-01-07T20:00Z,FR,44016
2024-01-07T21:00Z,FR,42740
2024-01-07T22:00Z,FR,41054
2024-01-07T23:00Z,FR,43848
2024-01-08T00:00Z,FR,42634
2024-01-08T01:00Z,FR,41183
2024-01-08T02:00Z,FR,40763
2024-01-08T03:00Z,FR,41655
2024-01-08T04:00Z,FR,45776
2024-01-08T05:00Z,FR,52512
2024-01-08T06:00Z,FR,57839
2024-01-08T07:00Z,FR,59858
2024-01-08T08:00Z,FR,60534
2024-01-08T09:00Z,FR,60870
2024-01-08T10:00Z,FR,60463
2024-01-08T11:00Z,FR,59389
2024-01-08T12:00Z,FR,58780
2024-01-08T13:00Z,FR,58028
2024-01-08T14:00Z,FR,58014
2024-01-08T15:00Z,FR,59650
2024-01-08T16:00Z,FR,62976
2024-01-08T17:00Z,FR,63272
2024-01-08T18:00Z,FR,61172
2024-01-08T19:00Z,FR,58236
2024-01-08T20:00Z,FR,55211
2024-01-08T21:00Z,FR,51020
2024-01-08T22:00Z,FR,47039
2024-01-08T23:00Z,FR,46799
2024-01-09T00:00Z,FR,44972
2024-01-09T01:00Z,FR,44045
2024-01-09T02:00Z,FR,43682
2024-01-09T03:00Z,FR,44785
2024-01-09T04:00Z,FR,48592
2024-01-09T05:00Z,FR,55917
2024-01-09T06:00Z,FR,61787
2024-01-09T07:00Z,FR,64316
2024-01-09T08:00Z,FR,65260
2024-01-09T09:00Z,FR,64698
2024-01-09T10:00Z,FR,63669
2024-01-09T11:00Z,FR,62297
2024-01-09T12:00Z,FR,62112
2024-01-09T13:00Z,FR,61666
2024-01-09T14:00Z,FR,61958
2024-01-09T15:00Z,FR,63816
2024-01-09T16:00Z,FR,66939
2024-01-09T17:00Z,FR,67058
2024-01-09T18:00Z,FR,65107
2024-01-09T19:00Z,FR,61138
2024-01-09T20:00Z,FR,57472
2024-01-09T21:00Z,FR,53317
2024-01-09T22:00Z,FR,49732
2024-01-09T23:00Z,FR,45985
2024-01-10T00:00Z,FR,44157
2024-01-10T01:00Z,FR,42765
2024-01-10T02:00Z,FR,42875
2024-01-10T03:00Z,FR,44046
2024-01-10T04:00Z,FR,48077
2024-01-10T05:00Z,FR,54837
2024-01-10T06:00Z,FR,60732
2024-01-10T07:00Z,FR,62777
2024-01-10T08:00Z,FR,62910
2024-01-10T09:00Z,FR,62740
2024-01-10T10:00Z,FR,62915
2024-01-10T11:00Z,FR,61684
2024-01-10T12:00Z,FR,61171
2024-01-10T13:00Z,FR,61108
2024-01-10T14:00Z,FR,60793
2024-01-10T15:00Z,FR,62670
2024-01-10T16:00Z,FR,65838
2024-01-10T17:00Z,FR,66469
2024-01-10T18:00Z,FR,64144
2024-01-10T19:00Z,FR,60963
2024-01-10T20:00Z,FR,57652
2024-01-10T21:00Z,FR,53662
2024-01-10T22:00Z,FR,49203
2024-01-10T23:00Z,FR,45292
2024-01-11T00:00Z,FR,43220
2024-01-11T01:00Z,FR,42447
2024-01-11T02:00Z,FR,42011
2024-01-11T03:00Z,FR,43808
2024-01-11T04:00Z,FR,47312
2024-01-11T05:00Z,FR,54210
2024-01-11T06:00Z,FR,60324
2024-01-11T07:00Z,FR,62796
2024-01-11T08:00Z,FR,63556
2024-01-11T09:00Z,FR,63758
2024-01-11T10:00Z,FR,63435
2024-01-11T11:00Z,FR,61750
2024-01-11T12:00Z,FR,61102
2024-01-11T13:00Z,FR,60396
2024-01-11T14:00Z,FR,60354
2024-01-11T15:00Z,FR,62362
2024-01-11T16:00Z,FR,65227
2024-01-11T17:00Z,FR,65665
2024-01-11T18:00Z,FR,63275
2024-01-11T19:00Z,FR,60195
2024-01-11T20:00Z,FR,56913
2024-01-11T21:00Z,FR,53208
2024-01-11T22:00Z,FR,49109
2024-01-11T23:00Z,FR,48456
2024-01-12T00:00Z,FR,46383
2024-01-12T01:00Z,FR,44827
2024-01-12T02:00Z,FR,44818
2024-01-12T03:00Z,FR,46502
2024-01-12T04:00Z,FR,50628
2024-01-12T05:00Z,FR,58033
2024-01-12T06:00Z,FR,63655
2024-01-12T07:00Z,FR,66413
2024-01-12T08:00Z,FR,66844
2024-01-12T09:00Z,FR,66942
2024-01-12T10:00Z,FR,65716
2024-01-12T11:00Z,FR,64278
2024-01-12T12:00Z,FR,63872
2024-01-12T13:00Z,FR,63821
2024-01-12T14:00Z,FR,64036
2024-01-12T15:00Z,FR,65854
2024-01-12T16:00Z,FR,69764
2024-01-12T17:00Z,FR,69963
2024-01-12T18:00Z,FR,67368
2024-01-12T19:00Z,FR,63628
2024-01-12T20:00Z,FR,59782
2024-01-12T21:00Z,FR,56387
2024-01-12T22:00Z,FR,52527
2024-01-12T23:00Z,FR,49079
2024-01-13T00:00Z,FR,47838
2024-01-13T01:00Z,FR,46784
2024-01-13T02:00Z,FR,47683
2024-01-13T03:00Z,FR,48083
2024-01-13T04:00Z,FR,50660
2024-01-13T05:00Z,FR,54761
2024-01-13T06:00Z,FR,58030
2024-01-13T07:00Z,FR,59189
2024-01-13T08:00Z,FR,59302
2024-01-13T09:00Z,FR,59460
2024-01-13T10:00Z,FR,59064
2024-01-13T11:00Z,FR,58361
2024-01-13T12:00Z,FR,57745
2024-01-13T13:00Z,FR,57439
2024-01-13T14:00Z,FR,57669
2024-01-13T15:00Z,FR,58662
2024-01-13T16:00Z,FR,60657
2024-01-13T17:00Z,FR,61076
2024-01-13T18:00Z,FR,60066
2024-01-13T19:00Z,FR,58200
2024-01-13T20:00Z,FR,55935
2024-01-13T21:00Z,FR,53570
2024-01-13T22:00Z,FR,51313
2024-01-13T23:00Z,FR,43595
2024-01-14T00:00Z,FR,42146
2024-01-14T01:00Z,FR,41157
2024-01-14T02:00Z,FR,41211
2024-01-14T03:00Z,FR,41906
2024-01-14T04:00Z,FR,44125
2024-01-14T05:00Z,FR,47774
2024-01-14T06:00Z,FR,50763
2024-01-14T07:00Z,FR,52274
2024-01-14T08:00Z,FR,53330
2024-01-14T09:00Z,FR,53553
2024-01-14T10:00Z,FR,53195
2024-01-14T11:00Z,FR,52197
2024-01-14T12:00Z,FR,51729
2024-01-14T13:00Z,FR,51404
2024-01-14T14:00Z,FR,51257
2024-01-14T15:00Z,FR,52359
2024-01-14T16:00Z,FR,54096
2024-01-14T17:00Z,FR,54007
2024-01-14T18:00Z,FR,52625
2024-01-14T19:00Z,FR,51084
2024-01-14T20:00Z,FR,49421
2024-01-14T21:00Z,FR,47616
2024-01-14T22:00Z,FR,45236
2024-01-14T23:00Z,FR,52366
2024-01-15T00:00Z,FR,51384
2024-01-15T01:00Z,FR,50068
2024-01-15T02:00Z,FR,50158
2024-01-15T03:00Z,FR,51651
2024-01-15T04:00Z,FR,56248
2024-01-15T05:00Z,FR,63795
2024-01-15T06:00Z,FR,70227
2024-01-15T07:00Z,FR,72628
2024-01-15T08:00Z,FR,73082
2024-01-15T09:00Z,FR,72574
2024-01-15T10:00Z,FR,72429
2024-01-15T11:00Z,FR,70192
2024-01-15T12:00Z,FR,69628
2024-01-15T13:00Z,FR,69069
2024-01-15T14:00Z,FR,68935
2024-01-15T15:00Z,FR,71059
2024-01-15T16:00Z,FR,74771
2024-01-15T17:00Z,FR,75625
2024-01-15T18:00Z,FR,72804
2024-01-15T19:00Z,FR,69136
2024-01-15T20:00Z,FR,65301
2024-01-15T21:00Z,FR,60789
2024-01-15T22:00Z,FR,56570
2024-01-15T23:00Z,FR,54675
2024-01-16T00:00Z,FR,52550
2024-01-16T01:00Z,FR,50689
2024-01-16T02:00Z,FR,50509
2024-01-16T03:00Z,FR,52471
2024-01-16T04:00Z,FR,57057
2024-01-16T05:00Z,FR,65415
2024-01-16T06:00Z,FR,72328
2024-01-16T07:00Z,FR,74713
2024-01-16T08:00Z,FR,75573
2024-01-16T09:00Z,FR,75262
2024-01-16T10:00Z,FR,74649
2024-01-16T11:00Z,FR,73442
2024-01-16T12:00Z,FR,72780
2024-01-16T13:00Z,FR,71854
2024-01-16T14:00Z,FR,71778
2024-01-16T15:00Z,FR,73625
2024-01-16T16:00Z,FR,77541
2024-01-16T17:00Z,FR,78715
2024-01-16T18:00Z,FR,75533
2024-01-16T19:00Z,FR,71310
2024-01-16T20:00Z,FR,67267
2024-01-16T21:00Z,FR,62514
2024-01-16T22:00Z,FR,57941
2024-01-16T23:00Z,FR,55701
2024-01-17T00:00Z,FR,53623
2024-01-17T01:00Z,FR,52015
2024-01-17T02:00Z,FR,52050
2024-01-17T03:00Z,FR,53421
2024-01-17T04:00Z,FR,58093
2024-01-17T05:00Z,FR,66234
2024-01-17T06:00Z,FR,72994
2024-01-17T07:00Z,FR,75886
2024-01-17T08:00Z,FR,76989
2024-01-17T09:00Z,FR,76658
2024-01-17T10:00Z,FR,76077
2024-01-17T11:00Z,FR,74910
2024-01-17T12:00Z,FR,74317
2024-01-17T13:00Z,FR,73939
2024-01-17T14:00Z,FR,73952
2024-01-17T15:00Z,FR,76100
2024-01-17T16:00Z,FR,80169
2024-01-17T17:00Z,FR,80975
2024-01-17T18:00Z,FR,77650
2024-01-17T19:00Z,FR,73318
2024-01-17T20:00Z,FR,69493
2024-01-17T21:00Z,FR,65071
2024-01-17T22:00Z,FR,60205
2024-01-17T23:00Z,FR,52431
2024-01-18T00:00Z,FR,49957
2024-01-18T01:00Z,FR,48665
2024-01-18T02:00Z,FR,48202
2024-01-18T03:00Z,FR,49801
2024-01-18T04:00Z,FR,54127
2024-01-18T05:00Z,FR,62352
2024-01-18T06:00Z,FR,69161
2024-01-18T07:00Z,FR,71777
2024-01-18T08:00Z,FR,72133
2024-01-18T09:00Z,FR,72027
2024-01-18T10:00Z,FR,71794
2024-01-18T11:00Z,FR,70397
2024-01-18T12:00Z,FR,69787
2024-01-18T13:00Z,FR,69228
2024-01-18T14:00Z,FR,69010
2024-01-18T15:00Z,FR,71003
2024-01-18T16:00Z,FR,75292
2024-01-18T17:00Z,FR,75129
2024-01-18T18:00Z,FR,72178
2024-01-18T19:00Z,FR,68195
2024-01-18T20:00Z,FR,64525
2024-01-18T21:00Z,FR,59836
2024-01-18T22:00Z,FR,55714
2024-01-18T23:00Z,FR,51298
2024-01-19T00:00Z,FR,49536
2024-01-19T01:00Z,FR,48512
2024-01-19T02:00Z,FR,48660
2024-01-19T03:00Z,FR,49479
2024-01-19T04:00Z,FR,54238
2024-01-19T05:00Z,FR,61780
2024-01-19T06:00Z,FR,68163
2024-01-19T07:00Z,FR,69786
2024-01-19T08:00Z,FR,70650
2024-01-19T09:00Z,FR,71273
2024-01-19T10:00Z,FR,71250
2024-01-19T11:00Z,FR,69553
2024-01-19T12:00Z,FR,68826
2024-01-19T13:00Z,FR,68609
2024-01-19T14:00Z,FR,68139
2024-01-19T15:00Z,FR,69868
2024-01-19T16:00Z,FR,74378
2024-01-19T17:00Z,FR,75247
2024-01-19T18:00Z,FR,73305
2024-01-19T19:00Z,FR,69036
2024-01-19T20:00Z,FR,64824
2024-01-19T21:00Z,FR,60336
2024-01-19T22:00Z,FR,55767
2024-01-19T23:00Z,FR,49815
2024-01-20T00:00Z,FR,49029
2024-01-20T01:00Z,FR,47904
2024-01-20T02:00Z,FR,47423
2024-01-20T03:00Z,FR,48075
2024-01-20T04:00Z,FR,50546
2024-01-20T05:00Z,FR,54612
2024-01-20T06:00Z,FR,58198
2024-01-20T07:00Z,FR,59677
2024-01-20T08:00Z,FR,59166
2024-01-20T09:00Z,FR,59771
2024-01-20T10:00Z,FR,58818
2024-01-20T11:00Z,FR,58241
2024-01-20T12:00Z,FR,57899
2024-01-20T13:00Z,FR,57872
2024-01-20T14:00Z,FR,57918
2024-01-20T15:00Z,FR,58228
2024-01-20T16:00Z,FR,60316
2024-01-20T17:00Z,FR,60760
2024-01-20T18:00Z,FR,59426
2024-01-20T19:00Z,FR,57306
2024-01-20T20:00Z,FR,55592
2024-01-20T21:00Z,FR,53315
2024-01-20T22:00Z,FR,51089
2024-01-20T23:00Z,FR,43096
2024-01-21T00:00Z,FR,42349
2024-01-21T01:00Z,FR,41986
2024-01-21T02:00Z,FR,41990
2024-01-21T03:00Z,FR,42994
2024-01-21T04:00Z,FR,44673
2024-01-21T05:00Z,FR,48463
2024-01-21T06:00Z,FR,51808
2024-01-21T07:00Z,FR,52670
2024-01-21T08:00Z,FR,52862
2024-01-21T09:00Z,FR,52696
2024-01-21T10:00Z,FR,52401
2024-01-21T11:00Z,FR,52223
2024-01-21T12:00Z,FR,52260
2024-01-21T13:00Z,FR,51712
2024-01-21T14:00Z,FR,52045
2024-01-21T15:00Z,FR,52607
2024-01-21T16:00Z,FR,53961
2024-01-21T17:00Z,FR,54380
2024-01-21T18:00Z,FR,53252
2024-01-21T19:00Z,FR,51661
2024-01-21T20:00Z,FR,49867
2024-01-21T21:00Z,FR,48086
2024-01-21T22:00Z,FR,45500
2024-01-21T23:00Z,FR,44372
2024-01-22T00:00Z,FR,42912
2024-01-22T01:00Z,FR,41132
2024-01-22T02:00Z,FR,41588
2024-01-22T03:00Z,FR,42465
2024-01-22T04:00Z,FR,45933
2024-01-22T05:00Z,FR,52300
2024-01-22T06:00Z,FR,57554
2024-01-22T07:00Z,FR,59708
2024-01-22T08:00Z,FR,60818
2024-01-22T09:00Z,FR,60705
2024-01-22T10:00Z,FR,60176
2024-01-22T11:00Z,FR,59142
2024-01-22T12:00Z,FR,58343
2024-01-22T13:00Z,FR,57665
2024-01-22T14:00Z,FR,58126
2024-01-22T15:00Z,FR,59709
2024-01-22T16:00Z,FR,62696
2024-01-22T17:00Z,FR,63392
2024-01-22T18:00Z,FR,61588
2024-01-22T19:00Z,FR,58788
2024-01-22T20:00Z,FR,55457
2024-01-22T21:00Z,FR,51433
2024-01-22T22:00Z,FR,47275
2024-01-22T23:00Z,FR,42778
2024-01-23T00:00Z,FR,41582
2024-01-23T01:00Z,FR,40496
2024-01-23T02:00Z,FR,40459
2024-01-23T03:00Z,FR,41036
2024-01-23T04:00Z,FR,44579
2024-01-23T05:00Z,FR,50565
2024-01-23T06:00Z,FR,55909
2024-01-23T07:00Z,FR,58221
2024-01-23T08:00Z,FR,59385
2024-01-23T09:00Z,FR,59858
2024-01-23T10:00Z,FR,58871
2024-01-23T11:00Z,FR,57480
2024-01-23T12:00Z,FR,57004
2024-01-23T13:00Z,FR,55799
2024-01-23T14:00Z,FR,55651
2024-01-23T15:00Z,FR,56396
2024-01-23T16:00Z,FR,59928
2024-01-23T17:00Z,FR,60313
2024-01-23T18:00Z,FR,58583
2024-01-23T19:00Z,FR,55157
2024-01-23T20:00Z,FR,52577
2024-01-23T21:00Z,FR,48325
2024-01-23T22:00Z,FR,45062
2024-01-23T23:00Z,FR,38559
2024-01-24T00:00Z,FR,36969
2024-01-24T01:00Z,FR,36124
2024-01-24T02:00Z,FR,36248
2024-01-24T03:00Z,FR,37280
2024-01-24T04:00Z,FR,41108
2024-01-24T05:00Z,FR,47665
2024-01-24T06:00Z,FR,52410
2024-01-24T07:00Z,FR,54112
2024-01-24T08:00Z,FR,54337
2024-01-24T09:00Z,FR,54435
2024-01-24T10:00Z,FR,53704
2024-01-24T11:00Z,FR,52867
2024-01-24T12:00Z,FR,52187
2024-01-24T13:00Z,FR,51205
2024-01-24T14:00Z,FR,51729
2024-01-24T15:00Z,FR,53571
2024-01-24T16:00Z,FR,55856
2024-01-24T17:00Z,FR,56432
2024-01-24T18:00Z,FR,54992
2024-01-24T19:00Z,FR,52365
2024-01-24T20:00Z,FR,49189
2024-01-24T21:00Z,FR,46092
2024-01-24T22:00Z,FR,42363
2024-01-24T23:00Z,FR,40195
2024-01-25T00:00Z,FR,38677
2024-01-25T01:00Z,FR,37550
2024-01-25T02:00Z,FR,37492
2024-01-25T03:00Z,FR,38662
2024-01-25T04:00Z,FR,42307
2024-01-25T05:00Z,FR,48185
2024-01-25T06:00Z,FR,53463
2024-01-25T07:00Z,FR,55196
2024-01-25T08:00Z,FR,55507
2024-01-25T09:00Z,FR,54779
2024-01-25T10:00Z,FR,54404
2024-01-25T11:00Z,FR,53678
2024-01-25T12:00Z,FR,53243
2024-01-25T13:00Z,FR,52463
2024-01-25T14:00Z,FR,52589
2024-01-25T15:00Z,FR,54248
2024-01-25T16:00Z,FR,57259
2024-01-25T17:00Z,FR,57576
2024-01-25T18:00Z,FR,54960
2024-01-25T19:00Z,FR,52207
2024-01-25T20:00Z,FR,49026
2024-01-25T21:00Z,FR,45329
2024-01-25T22:00Z,FR,42145
2024-01-25T23:00Z,FR,37749
2024-01-26T00:00Z,FR,36249
2024-01-26T01:00Z,FR,35262
2024-01-26T02:00Z,FR,36008
2024-01-26T03:00Z,FR,37110
2024-01-26T04:00Z,FR,40158
2024-01-26T05:00Z,FR,45948
2024-01-26T06:00Z,FR,50073
2024-01-26T07:00Z,FR,52408
2024-01-26T08:00Z,FR,53040
2024-01-26T09:00Z,FR,53180
2024-01-26T10:00Z,FR,52399
2024-01-26T11:00Z,FR,51534
2024-01-26T12:00Z,FR,50940
2024-01-26T13:00Z,FR,50511
2024-01-26T14:00Z,FR,50495
2024-01-26T15:00Z,FR,52081
2024-01-26T16:00Z,FR,55021
2024-01-26T17:00Z,FR,55205
2024-01-26T18:00Z,FR,53409
2024-01-26T19:00Z,FR,50776
2024-01-26T20:00Z,FR,47797
2024-01-26T21:00Z,FR,44475
2024-01-26T22:00Z,FR,41441
2024-01-26T23:00Z,FR,40337
2024-01-27T00:00Z,FR,39903
2024-01-27T01:00Z,FR,39252
2024-01-27T02:00Z,FR,39015
2024-01-27T03:00Z,FR,39618
2024-01-27T04:00Z,FR,41154
2024-01-27T05:00Z,FR,44457
2024-01-27T06:00Z,FR,47092
2024-01-27T07:00Z,FR,47740
2024-01-27T08:00Z,FR,47858
2024-01-27T09:00Z,FR,47804
2024-01-27T10:00Z,FR,47495
2024-01-27T11:00Z,FR,47275
2024-01-27T12:00Z,FR,46904
2024-01-27T13:00Z,FR,47058
2024-01-27T14:00Z,FR,47065
2024-01-27T15:00Z,FR,47991
2024-01-27T16:00Z,FR,49713
2024-01-27T17:00Z,FR,50045
2024-01-27T18:00Z,FR,48397
2024-01-27T19:00Z,FR,47019
2024-01-27T20:00Z,FR,45588
2024-01-27T21:00Z,FR,43807
2024-01-27T22:00Z,FR,41893
2024-01-27T23:00Z,FR,35725
2024-01-28T00:00Z,FR,34661
2024-01-28T01:00Z,FR,33778
2024-01-28T02:00Z,FR,34186
2024-01-28T03:00Z,FR,34303
2024-01-28T04:00Z,FR,36201
2024-01-28T05:00Z,FR,39189
2024-01-28T06:00Z,FR,41396
2024-01-28T07:00Z,FR,42208
2024-01-28T08:00Z,FR,42639
2024-01-28T09:00Z,FR,42876
2024-01-28T10:00Z,FR,42535
2024-01-28T11:00Z,FR,42076
2024-01-28T12:00Z,FR,41563
2024-01-28T13:00Z,FR,41263
2024-01-28T14:00Z,FR,40965
2024-01-28T15:00Z,FR,41867
2024-01-28T16:00Z,FR,42935
2024-01-28T17:00Z,FR,43141
2024-01-28T18:00Z,FR,42260
2024-01-28T19:00Z,FR,40698
2024-01-28T20:00Z,FR,39364
2024-01-28T21:00Z,FR,37701
2024-01-28T22:00Z,FR,35953
2024-01-28T23:00Z,FR,41334
2024-01-29T00:00Z,FR,39648
2024-01-29T01:00Z,FR,38656
2024-01-29T02:00Z,FR,39227
2024-01-29T03:00Z,FR,39975
2024-01-29T04:00Z,FR,43635
2024-01-29T05:00Z,FR,49696
2024-01-29T06:00Z,FR,55107
2024-01-29T07:00Z,FR,57470
2024-01-29T08:00Z,FR,58152
2024-01-29T09:00Z,FR,57896
2024-01-29T10:00Z,FR,56912
2024-01-29T11:00Z,FR,56107
2024-01-29T12:00Z,FR,55380
2024-01-29T13:00Z,FR,55156
2024-01-29T14:00Z,FR,55299
2024-01-29T15:00Z,FR,56871
2024-01-29T16:00Z,FR,60062
2024-01-29T17:00Z,FR,60467
2024-01-29T18:00Z,FR,57917
2024-01-29T19:00Z,FR,54609
2024-01-29T20:00Z,FR,51548
2024-01-29T21:00Z,FR,47959
2024-01-29T22:00Z,FR,43949
2024-01-29T23:00Z,FR,46545
2024-01-30T00:00Z,FR,44872
2024-01-30T01:00Z,FR,43824
2024-01-30T02:00Z,FR,43928
2024-01-30T03:00Z,FR,45527
2024-01-30T04:00Z,FR,50001
2024-01-30T05:00Z,FR,57295
2024-01-30T06:00Z,FR,63425
2024-01-30T07:00Z,FR,65954
2024-01-30T08:00Z,FR,66600
2024-01-30T09:00Z,FR,66929
2024-01-30T10:00Z,FR,65972
2024-01-30T11:00Z,FR,64703
2024-01-30T12:00Z,FR,63698
2024-01-30T13:00Z,FR,62724
2024-01-30T14:00Z,FR,62763
2024-01-30T15:00Z,FR,64597
2024-01-30T16:00Z,FR,68195
2024-01-30T17:00Z,FR,69195
2024-01-30T18:00Z,FR,67207
2024-01-30T19:00Z,FR,63248
2024-01-30T20:00Z,FR,59417
2024-01-30T21:00Z,FR,55178
2024-01-30T22:00Z,FR,50582
2024-01-30T23:00Z,FR,47178
2024-01-31T00:00Z,FR,45135
2024-01-31T01:00Z,FR,44307
2024-01-31T02:00Z,FR,44103
2024-01-31T03:00Z,FR,45568
2024-01-31T04:00Z,FR,49681
2024-01-31T05:00Z,FR,57049
2024-01-31T06:00Z,FR,63004
2024-01-31T07:00Z,FR,65730
2024-01-31T08:00Z,FR,66345
2024-01-31T09:00Z,FR,65478
2024-01-31T10:00Z,FR,64386
2024-01-31T11:00Z,FR,63464
2024-01-31T12:00Z,FR,63076
2024-01-31T13:00Z,FR,62958
2024-01-31T14:00Z,FR,62928
2024-01-31T15:00Z,FR,64435
2024-01-31T16:00Z,FR,68094
2024-01-31T17:00Z,FR,68088
2024-01-31T18:00Z,FR,66230
2024-01-31T19:00Z,FR,62866
2024-01-31T20:00Z,FR,59366
2024-01-31T21:00Z,FR,55042
2024-01-31T22:00Z,FR,51082
2024-01-31T23:00Z,FR,46078
2024-02-01T00:00Z,FR,44750
2024-02-01T01:00Z,FR,43427
2024-02-01T02:00Z,FR,42974
2024-02-01T03:00Z,FR,44387
2024-02-01T04:00Z,FR,48143
2024-02-01T05:00Z,FR,55344
2024-02-01T06:00Z,FR,60965
2024-02-01T07:00Z,FR,62835
2024-02-01T08:00Z,FR,63750
2024-02-01T09:00Z,FR,64018
2024-02-01T10:00Z,FR,63519
2024-02-01T11:00Z,FR,62944
2024-02-01T12:00Z,FR,62331
2024-02-01T13:00Z,FR,61977
2024-02-01T14:00Z,FR,61712
2024-02-01T15:00Z,FR,62976
2024-02-01T16:00Z,FR,66578
2024-02-01T17:00Z,FR,66734
2024-02-01T18:00Z,FR,63939
2024-02-01T19:00Z,FR,60644
2024-02-01T20:00Z,FR,57115
2024-02-01T21:00Z,FR,53172
2024-02-01T22:00Z,FR,49264
2024-02-01T23:00Z,FR,46419
2024-02-02T00:00Z,FR,44681
2024-02-02T01:00Z,FR,43148
2024-02-02T02:00Z,FR,43121
2024-02-02T03:00Z,FR,44187
2024-02-02T04:00Z,FR,48176
2024-02-02T05:00Z,FR,54595
2024-02-02T06:00Z,FR,60886
2024-02-02T07:00Z,FR,62597
2024-02-02T08:00Z,FR,63223
2024-02-02T09:00Z,FR,63534
2024-02-02T10:00Z,FR,63279
2024-02-02T11:00Z,FR,62669
2024-02-02T12:00Z,FR,62026
2024-02-02T13:00Z,FR,61791
2024-02-02T14:00Z,FR,61505
2024-02-02T15:00Z,FR,63276
2024-02-02T16:00Z,FR,67025
2024-02-02T17:00Z,FR,67460
2024-02-02T18:00Z,FR,64769
2024-02-02T19:00Z,FR,61051
2024-02-02T20:00Z,FR,57227
2024-02-02T21:00Z,FR,53439
2024-02-02T22:00Z,FR,49724
2024-02-02T23:00Z,FR,43006
2024-02-03T00:00Z,FR,42246
2024-02-03T01:00Z,FR,41605
2024-02-03T02:00Z,FR,41583
2024-02-03T03:00Z,FR,42510
2024-02-03T04:00Z,FR,44289
2024-02-03T05:00Z,FR,47448
2024-02-03T06:00Z,FR,50446
2024-02-03T07:00Z,FR,51326
2024-02-03T08:00Z,FR,51639
2024-02-03T09:00Z,FR,52248
2024-02-03T10:00Z,FR,51739
2024-02-03T11:00Z,FR,50948
2024-02-03T12:00Z,FR,50746
2024-02-03T13:00Z,FR,50588
2024-02-03T14:00Z,FR,51100
2024-02-03T15:00Z,FR,51603
2024-02-03T16:00Z,FR,53122
2024-02-03T17:00Z,FR,52844
2024-02-03T18:00Z,FR,51484
2024-02-03T19:00Z,FR,50259
2024-02-03T20:00Z,FR,48454
2024-02-03T21:00Z,FR,46117
2024-02-03T22:00Z,FR,44085
2024-02-03T23:00Z,FR,45901
2024-02-04T00:00Z,FR,44686
2024-02-04T01:00Z,FR,44282
2024-02-04T02:00Z,FR,44045
2024-02-04T03:00Z,FR,44365
2024-02-04T04:00Z,FR,46586
2024-02-04T05:00Z,FR,50761
2024-02-04T06:00Z,FR,53681
2024-02-04T07:00Z,FR,55221
2024-02-04T08:00Z,FR,55592
2024-02-04T09:00Z,FR,55165
2024-02-04T10:00Z,FR,54717
2024-02-04T11:00Z,FR,54198
2024-02-04T12:00Z,FR,54385
2024-02-04T13:00Z,FR,54190
2024-02-04T14:00Z,FR,54053
2024-02-04T15:00Z,FR,54732
2024-02-04T16:00Z,FR,56679
2024-02-04T17:00Z,FR,56937
2024-02-04T18:00Z,FR,56006
2024-02-04T19:00Z,FR,53848
2024-02-04T20:00Z,FR,52044
2024-02-04T21:00Z,FR,49951
2024-02-04T22:00Z,FR,47278
2024-02-04T23:00Z,FR,53100
2024-02-05T00:00Z,FR,51059
2024-02-05T01:00Z,FR,49688
2024-02-05T02:00Z,FR,49623
2024-02-05T03:00Z,FR,50907
2024-02-05T04:00Z,FR,55320
2024-02-05T05:00Z,FR,63220
2024-02-05T06:00Z,FR,70134
2024-02-05T07:00Z,FR,72959
2024-02-05T08:00Z,FR,74010
2024-02-05T09:00Z,FR,74302
2024-02-05T10:00Z,FR,74054
2024-02-05T11:00Z,FR,73261
2024-02-05T12:00Z,FR,72812
2024-02-05T13:00Z,FR,72209
2024-02-05T14:00Z,FR,72469
2024-02-05T15:00Z,FR,74177
2024-02-05T16:00Z,FR,78333
2024-02-05T17:00Z,FR,78672
2024-02-05T18:00Z,FR,75273
2024-02-05T19:00Z,FR,72028
2024-02-05T20:00Z,FR,67564
2024-02-05T21:00Z,FR,62796
2024-02-05T22:00Z,FR,58969
2024-02-05T23:00Z,FR,54906
2024-02-06T00:00Z,FR,53091
2024-02-06T01:00Z,FR,51440
2024-02-06T02:00Z,FR,51059
2024-02-06T03:00Z,FR,52623
2024-02-06T04:00Z,FR,56965
2024-02-06T05:00Z,FR,65356
2024-02-06T06:00Z,FR,72051
2024-02-06T07:00Z,FR,74374
2024-02-06T08:00Z,FR,75075
2024-02-06T09:00Z,FR,75096
2024-02-06T10:00Z,FR,74233
2024-02-06T11:00Z,FR,73194
2024-02-06T12:00Z,FR,71915
2024-02-06T13:00Z,FR,71166
2024-02-06T14:00Z,FR,71831
2024-02-06T15:00Z,FR,74048
2024-02-06T16:00Z,FR,77339
2024-02-06T17:00Z,FR,78170
2024-02-06T18:00Z,FR,75517
2024-02-06T19:00Z,FR,71620
2024-02-06T20:00Z,FR,67525
2024-02-06T21:00Z,FR,62763
2024-02-06T22:00Z,FR,58619
2024-02-06T23:00Z,FR,52641
2024-02-07T00:00Z,FR,50715
2024-02-07T01:00Z,FR,48919
2024-02-07T02:00Z,FR,48872
2024-02-07T03:00Z,FR,50405
2024-02-07T04:00Z,FR,54662
2024-02-07T05:00Z,FR,62465
2024-02-07T06:00Z,FR,68683
2024-02-07T07:00Z,FR,71170
2024-02-07T08:00Z,FR,71927
2024-02-07T09:00Z,FR,72113
2024-02-07T10:00Z,FR,71987
2024-02-07T11:00Z,FR,70519
2024-02-07T12:00Z,FR,69651
2024-02-07T13:00Z,FR,68690
2024-02-07T14:00Z,FR,68692
2024-02-07T15:00Z,FR,70265
2024-02-07T16:00Z,FR,74084
2024-02-07T17:00Z,FR,74849
2024-02-07T18:00Z,FR,72612
2024-02-07T19:00Z,FR,68439
2024-02-07T20:00Z,FR,64869
2024-02-07T21:00Z,FR,59918
2024-02-07T22:00Z,FR,55606
2024-02-07T23:00Z,FR,50186
2024-02-08T00:00Z,FR,48675
2024-02-08T01:00Z,FR,47261
2024-02-08T02:00Z,FR,47680
2024-02-08T03:00Z,FR,48827
2024-02-08T04:00Z,FR,52954
2024-02-08T05:00Z,FR,60277
2024-02-08T06:00Z,FR,66311
2024-02-08T07:00Z,FR,68894
2024-02-08T08:00Z,FR,69559
2024-02-08T09:00Z,FR,70158
2024-02-08T10:00Z,FR,69595
2024-02-08T11:00Z,FR,68375
2024-02-08T12:00Z,FR,67615
2024-02-08T13:00Z,FR,66740
2024-02-08T14:00Z,FR,65776
2024-02-08T15:00Z,FR,67680
2024-02-08T16:00Z,FR,70788
2024-02-08T17:00Z,FR,71750
2024-02-08T18:00Z,FR,69244
2024-02-08T19:00Z,FR,65314
2024-02-08T20:00Z,FR,61870
2024-02-08T21:00Z,FR,58175
2024-02-08T22:00Z,FR,54378
2024-02-08T23:00Z,FR,50497
2024-02-09T00:00Z,FR,48425
2024-02-09T01:00Z,FR,47122
2024-02-09T02:00Z,FR,47264
2024-02-09T03:00Z,FR,48713
2024-02-09T04:00Z,FR,52836
2024-02-09T05:00Z,FR,60193
2024-02-09T06:00Z,FR,66118
2024-02-09T07:00Z,FR,68342
2024-02-09T08:00Z,FR,68894
2024-02-09T09:00Z,FR,68777
2024-02-09T10:00Z,FR,68451
2024-02-09T11:00Z,FR,67505
2024-02-09T12:00Z,FR,67119
2024-02-09T13:00Z,FR,66214
2024-02-09T14:00Z,FR,66457
2024-02-09T15:00Z,FR,67828
2024-02-09T16:00Z,FR,71074
2024-02-09T17:00Z,FR,71078
2024-02-09T18:00Z,FR,68665
2024-02-09T19:00Z,FR,65208
2024-02-09T20:00Z,FR,61680
2024-02-09T21:00Z,FR,57779
2024-02-09T22:00Z,FR,53554
2024-02-09T23:00Z,FR,48395
2024-02-10T00:00Z,FR,47532
2024-02-10T01:00Z,FR,46800
2024-02-10T02:00Z,FR,47034
2024-02-10T03:00Z,FR,47758
2024-02-10T04:00Z,FR,49750
2024-02-10T05:00Z,FR,53412
2024-02-10T06:00Z,FR,56611
2024-02-10T07:00Z,FR,57972
2024-02-10T08:00Z,FR,58532
2024-02-10T09:00Z,FR,58704
2024-02-10T10:00Z,FR,58448
2024-02-10T11:00Z,FR,57491
2024-02-10T12:00Z,FR,57334
2024-02-10T13:00Z,FR,56868
2024-02-10T14:00Z,FR,57248
2024-02-10T15:00Z,FR,58470
2024-02-10T16:00Z,FR,60487
2024-02-10T17:00Z,FR,61321
2024-02-10T18:00Z,FR,59495
2024-02-10T19:00Z,FR,57895
2024-02-10T20:00Z,FR,56009
2024-02-10T21:00Z,FR,53364
2024-02-10T22:00Z,FR,51096
2024-02-10T23:00Z,FR,42425
2024-02-11T00:00Z,FR,41487
2024-02-11T01:00Z,FR,40974
2024-02-11T02:00Z,FR,40370
2024-02-11T03:00Z,FR,41276
2024-02-11T04:00Z,FR,43146
2024-02-11T05:00Z,FR,46463
2024-02-11T06:00Z,FR,49369
2024-02-11T07:00Z,FR,50595
2024-02-11T08:00Z,FR,50667
2024-02-11T09:00Z,FR,50538
2024-02-11T10:00Z,FR,49904
2024-02-11T11:00Z,FR,48881
2024-02-11T12:00Z,FR,48540
2024-02-11T13:00Z,FR,47986
2024-02-11T14:00Z,FR,48140
2024-02-11T15:00Z,FR,49312
2024-02-11T16:00Z,FR,50981
2024-02-11T17:00Z,FR,51562
2024-02-11T18:00Z,FR,50838
2024-02-11T19:00Z,FR,49249
2024-02-11T20:00Z,FR,47272
2024-02-11T21:00Z,FR,45552
2024-02-11T22:00Z,FR,43401
2024-02-11T23:00Z,FR,47647
2024-02-12T00:00Z,FR,45479
2024-02-12T01:00Z,FR,44546
2024-02-12T02:00Z,FR,44507
2024-02-12T03:00Z,FR,45392
2024-02-12T04:00Z,FR,49454
2024-02-12T05:00Z,FR,55895
2024-02-12T06:00Z,FR,61950
2024-02-12T07:00Z,FR,64587
2024-02-12T08:00Z,FR,66032
2024-02-12T09:00Z,FR,66332
2024-02-12T10:00Z,FR,66249
2024-02-12T11:00Z,FR,64960
2024-02-12T12:00Z,FR,64415
2024-02-12T13:00Z,FR,63456
2024-02-12T14:00Z,FR,63285
2024-02-12T15:00Z,FR,64505
2024-02-12T16:00Z,FR,67868
2024-02-12T17:00Z,FR,68477
2024-02-12T18:00Z,FR,66433
2024-02-12T19:00Z,FR,63099
2024-02-12T20:00Z,FR,59688
2024-02-12T21:00Z,FR,55535
2024-02-12T22:00Z,FR,51165
2024-02-12T23:00Z,FR,47800
2024-02-13T00:00Z,FR,45955
2024-02-13T01:00Z,FR,44926
2024-02-13T02:00Z,FR,45263
2024-02-13T03:00Z,FR,45988
2024-02-13T04:00Z,FR,50454
2024-02-13T05:00Z,FR,57340
2024-02-13T06:00Z,FR,62979
2024-02-13T07:00Z,FR,65357
2024-02-13T08:00Z,FR,66271
2024-02-13T09:00Z,FR,66368
2024-02-13T10:00Z,FR,65838
2024-02-13T11:00Z,FR,64696
2024-02-13T12:00Z,FR,64101
2024-02-13T13:00Z,FR,63788
2024-02-13T14:00Z,FR,63849
2024-02-13T15:00Z,FR,65330
2024-02-13T16:00Z,FR,68725
2024-02-13T17:00Z,FR,69230
2024-02-13T18:00Z,FR,66989
2024-02-13T19:00Z,FR,63454
2024-02-13T20:00Z,FR,60278
2024-02-13T21:00Z,FR,56488
2024-02-13T22:00Z,FR,52444
2024-02-13T23:00Z,FR,45506
2024-02-14T00:00Z,FR,43584
2024-02-14T01:00Z,FR,42323
2024-02-14T02:00Z,FR,42253
2024-02-14T03:00Z,FR,43321
2024-02-14T04:00Z,FR,46848
2024-02-14T05:00Z,FR,53838
2024-02-14T06:00Z,FR,59459
2024-02-14T07:00Z,FR,62099
2024-02-14T08:00Z,FR,62821
2024-02-14T09:00Z,FR,62860
2024-02-14T10:00Z,FR,62911
2024-02-14T11:00Z,FR,61715
2024-02-14T12:00Z,FR,60565
2024-02-14T13:00Z,FR,60216
2024-02-14T14:00Z,FR,60015
2024-02-14T15:00Z,FR,62138
2024-02-14T16:00Z,FR,65709
2024-02-14T17:00Z,FR,66061
2024-02-14T18:00Z,FR,63801
2024-02-14T19:00Z,FR,59862
2024-02-14T20:00Z,FR,56178
2024-02-14T21:00Z,FR,52552
2024-02-14T22:00Z,FR,48915
2024-02-14T23:00Z,FR,45861
2024-02-15T00:00Z,FR,43926
2024-02-15T01:00Z,FR,42954
2024-02-15T02:00Z,FR,43008
2024-02-15T03:00Z,FR,44086
2024-02-15T04:00Z,FR,48231
2024-02-15T05:00Z,FR,54697
2024-02-15T06:00Z,FR,60262
2024-02-15T07:00Z,FR,62926
2024-02-15T08:00Z,FR,63964
2024-02-15T09:00Z,FR,63546
2024-02-15T10:00Z,FR,63404
2024-02-15T11:00Z,FR,62387
2024-02-15T12:00Z,FR,61811
2024-02-15T13:00Z,FR,61009
2024-02-15T14:00Z,FR,61271
2024-02-15T15:00Z,FR,62699
2024-02-15T16:00Z,FR,65435
2024-02-15T17:00Z,FR,65704
2024-02-15T18:00Z,FR,63631
2024-02-15T19:00Z,FR,60385
2024-02-15T20:00Z,FR,57228
2024-02-15T21:00Z,FR,53228
2024-02-15T22:00Z,FR,49195
2024-02-15T23:00Z,FR,44252
2024-02-16T00:00Z,FR,42127
2024-02-16T01:00Z,FR,41008
2024-02-16T02:00Z,FR,40841
2024-02-16T03:00Z,FR,41804
2024-02-16T04:00Z,FR,45652
2024-02-16T05:00Z,FR,52493
2024-02-16T06:00Z,FR,57743
2024-02-16T07:00Z,FR,59880
2024-02-16T08:00Z,FR,60899
2024-02-16T09:00Z,FR,60902
2024-02-16T10:00Z,FR,59938
2024-02-16T11:00Z,FR,59182
2024-02-16T12:00Z,FR,58858
2024-02-16T13:00Z,FR,58570
2024-02-16T14:00Z,FR,58780
2024-02-16T15:00Z,FR,60398
2024-02-16T16:00Z,FR,63268
2024-02-16T17:00Z,FR,63855
2024-02-16T18:00Z,FR,61831
2024-02-16T19:00Z,FR,58766
2024-02-16T20:00Z,FR,55374
2024-02-16T21:00Z,FR,50832
2024-02-16T22:00Z,FR,46609
2024-02-16T23:00Z,FR,43495
2024-02-17T00:00Z,FR,42335
2024-02-17T01:00Z,FR,42114
2024-02-17T02:00Z,FR,42202
2024-02-17T03:00Z,FR,42910
2024-02-17T04:00Z,FR,45206
2024-02-17T05:00Z,FR,48433
2024-02-17T06:00Z,FR,51809
2024-02-17T07:00Z,FR,52692
2024-02-17T08:00Z,FR,53962
2024-02-17T09:00Z,FR,53746
2024-02-17T10:00Z,FR,53543
2024-02-17T11:00Z,FR,52847
2024-02-17T12:00Z,FR,52514
2024-02-17T13:00Z,FR,52081
2024-02-17T14:00Z,FR,51963
2024-02-17T15:00Z,FR,52279
2024-02-17T16:00Z,FR,54043
2024-02-17T17:00Z,FR,54144
2024-02-17T18:00Z,FR,53078
2024-02-17T19:00Z,FR,51500
2024-02-17T20:00Z,FR,49748
2024-02-17T21:00Z,FR,47635
2024-02-17T22:00Z,FR,45154
2024-02-17T23:00Z,FR,38087
2024-02-18T00:00Z,FR,37502
2024-02-18T01:00Z,FR,37101
2024-02-18T02:00Z,FR,37220
2024-02-18T03:00Z,FR,37999
2024-02-18T04:00Z,FR,39807
2024-02-18T05:00Z,FR,42497
2024-02-18T06:00Z,FR,45365
2024-02-18T07:00Z,FR,46873
2024-02-18T08:00Z,FR,47568
2024-02-18T09:00Z,FR,47671
2024-02-18T10:00Z,FR,47255
2024-02-18T11:00Z,FR,46499
2024-02-18T12:00Z,FR,46164
2024-02-18T13:00Z,FR,45638
2024-02-18T14:00Z,FR,45966
2024-02-18T15:00Z,FR,46702
2024-02-18T16:00Z,FR,47955
2024-02-18T17:00Z,FR,47495
2024-02-18T18:00Z,FR,46846
2024-02-18T19:00Z,FR,45345
2024-02-18T20:00Z,FR,43807
2024-02-18T21:00Z,FR,41501
2024-02-18T22:00Z,FR,39663
2024-02-18T23:00Z,FR,39022
2024-02-19T00:00Z,FR,37320
2024-02-19T01:00Z,FR,36552
2024-02-19T02:00Z,FR,36247
2024-02-19T03:00Z,FR,37541
2024-02-19T04:00Z,FR,40949
2024-02-19T05:00Z,FR,46799
2024-02-19T06:00Z,FR,51475
2024-02-19T07:00Z,FR,53293
2024-02-19T08:00Z,FR,54004
2024-02-19T09:00Z,FR,54419
2024-02-19T10:00Z,FR,54036
2024-02-19T11:00Z,FR,53447
2024-02-19T12:00Z,FR,52774
2024-02-19T13:00Z,FR,52394
2024-02-19T14:00Z,FR,52383
2024-02-19T15:00Z,FR,53770
2024-02-19T16:00Z,FR,56587
2024-02-19T17:00Z,FR,56259
2024-02-19T18:00Z,FR,54923
2024-02-19T19:00Z,FR,52161
2024-02-19T20:00Z,FR,48899
2024-02-19T21:00Z,FR,45464
2024-02-19T22:00Z,FR,42032
2024-02-19T23:00Z,FR,42873
2024-02-20T00:00Z,FR,41497
2024-02-20T01:00Z,FR,40343
2024-02-20T02:00Z,FR,40924
2024-02-20T03:00Z,FR,41457
2024-02-20T04:00Z,FR,45001
2024-02-20T05:00Z,FR,51454
2024-02-20T06:00Z,FR,56818
2024-02-20T07:00Z,FR,58935
2024-02-20T08:00Z,FR,59869
2024-02-20T09:00Z,FR,59952
2024-02-20T10:00Z,FR,59332
2024-02-20T11:00Z,FR,58500
2024-02-20T12:00Z,FR,58449
2024-02-20T13:00Z,FR,57951
2024-02-20T14:00Z,FR,57568
2024-02-20T15:00Z,FR,58994
2024-02-20T16:00Z,FR,62204
2024-02-20T17:00Z,FR,62452
2024-02-20T18:00Z,FR,60502
2024-02-20T19:00Z,FR,57642
2024-02-20T20:00Z,FR,54641
2024-02-20T21:00Z,FR,50824
2024-02-20T22:00Z,FR,46820
2024-02-20T23:00Z,FR,45236
2024-02-21T00:00Z,FR,43049
2024-02-21T01:00Z,FR,41515
2024-02-21T02:00Z,FR,41248
2024-02-21T03:00Z,FR,42310
2024-02-21T04:00Z,FR,46498
2024-02-21T05:00Z,FR,53488
2024-02-21T06:00Z,FR,59360
2024-02-21T07:00Z,FR,61823
2024-02-21T08:00Z,FR,62141
2024-02-21T09:00Z,FR,61848
2024-02-21T10:00Z,FR,61443
2024-02-21T11:00Z,FR,60357
2024-02-21T12:00Z,FR,59921
2024-02-21T13:00Z,FR,59400
2024-02-21T14:00Z,FR,59801
2024-02-21T15:00Z,FR,61210
2024-02-21T16:00Z,FR,64222
2024-02-21T17:00Z,FR,64731
2024-02-21T18:00Z,FR,63102
2024-02-21T19:00Z,FR,59229
2024-02-21T20:00Z,FR,56293
2024-02-21T21:00Z,FR,52476
2024-02-21T22:00Z,FR,48098
2024-02-21T23:00Z,FR,45748
2024-02-22T00:00Z,FR,43919
2024-02-22T01:00Z,FR,43257
2024-02-22T02:00Z,FR,43648
2024-02-22T03:00Z,FR,44884
2024-02-22T04:00Z,FR,48519
2024-02-22T05:00Z,FR,55505
2024-02-22T06:00Z,FR,61329
2024-02-22T07:00Z,FR,63777
2024-02-22T08:00Z,FR,64541
2024-02-22T09:00Z,FR,64374
2024-02-22T10:00Z,FR,63664
2024-02-22T11:00Z,FR,62880
2024-02-22T12:00Z,FR,62268
2024-02-22T13:00Z,FR,61291
2024-02-22T14:00Z,FR,61107
2024-02-22T15:00Z,FR,62962
2024-02-22T16:00Z,FR,66144
2024-02-22T17:00Z,FR,67046
2024-02-22T18:00Z,FR,64519
2024-02-22T19:00Z,FR,61404
2024-02-22T20:00Z,FR,57718
2024-02-22T21:00Z,FR,53374
2024-02-22T22:00Z,FR,49322
2024-02-22T23:00Z,FR,47698
2024-02-23T00:00Z,FR,45861
2024-02-23T01:00Z,FR,44961
2024-02-23T02:00Z,FR,45033
2024-02-23T03:00Z,FR,45851
2024-02-23T04:00Z,FR,49737
2024-02-23T05:00Z,FR,56585
2024-02-23T06:00Z,FR,62261
2024-02-23T07:00Z,FR,64623
2024-02-23T08:00Z,FR,65492
2024-02-23T09:00Z,FR,65690
2024-02-23T10:00Z,FR,64949
2024-02-23T11:00Z,FR,63780
2024-02-23T12:00Z,FR,63292
2024-02-23T13:00Z,FR,62818
2024-02-23T14:00Z,FR,62350
2024-02-23T15:00Z,FR,63883
2024-02-23T16:00Z,FR,66934
2024-02-23T17:00Z,FR,67571
2024-02-23T18:00Z,FR,65524
2024-02-23T19:00Z,FR,62147
2024-02-23T20:00Z,FR,59234
2024-02-23T21:00Z,FR,55554
2024-02-23T22:00Z,FR,51120
2024-02-23T23:00Z,FR,39954
2024-02-24T00:00Z,FR,38865
2024-02-24T01:00Z,FR,38077
2024-02-24T02:00Z,FR,38024
2024-02-24T03:00Z,FR,38693
2024-02-24T04:00Z,FR,41278
2024-02-24T05:00Z,FR,44585
2024-02-24T06:00Z,FR,47354
2024-02-24T07:00Z,FR,48016
2024-02-24T08:00Z,FR,47901
2024-02-24T09:00Z,FR,47910
2024-02-24T10:00Z,FR,47925
2024-02-24T11:00Z,FR,47961
2024-02-24T12:00Z,FR,47638
2024-02-24T13:00Z,FR,47162
2024-02-24T14:00Z,FR,47139
2024-02-24T15:00Z,FR,47764
2024-02-24T16:00Z,FR,49230
2024-02-24T17:00Z,FR,49467
2024-02-24T18:00Z,FR,48172
2024-02-24T19:00Z,FR,46469
2024-02-24T20:00Z,FR,45211
2024-02-24T21:00Z,FR,43510
2024-02-24T22:00Z,FR,41573
2024-02-24T23:00Z,FR,34929
2024-02-25T00:00Z,FR,34212
2024-02-25T01:00Z,FR,33961
2024-02-25T02:00Z,FR,33843
2024-02-25T03:00Z,FR,34320
2024-02-25T04:00Z,FR,36126
2024-02-25T05:00Z,FR,38968
2024-02-25T06:00Z,FR,41422
2024-02-25T07:00Z,FR,42311
2024-02-25T08:00Z,FR,42360
2024-02-25T09:00Z,FR,42291
2024-02-25T10:00Z,FR,41963
2024-02-25T11:00Z,FR,41410
2024-02-25T12:00Z,FR,41460
2024-02-25T13:00Z,FR,41264
2024-02-25T14:00Z,FR,41165
2024-02-25T15:00Z,FR,41680
2024-02-25T16:00Z,FR,43009
2024-02-25T17:00Z,FR,43263
2024-02-25T18:00Z,FR,42188
2024-02-25T19:00Z,FR,40589
2024-02-25T20:00Z,FR,38885
2024-02-25T21:00Z,FR,37465
2024-02-25T22:00Z,FR,36133
2024-02-25T23:00Z,FR,42645
2024-02-26T00:00Z,FR,41089
2024-02-26T01:00Z,FR,39973
2024-02-26T02:00Z,FR,39815
2024-02-26T03:00Z,FR,40978
2024-02-26T04:00Z,FR,44831
2024-02-26T05:00Z,FR,50499
2024-02-26T06:00Z,FR,55861
2024-02-26T07:00Z,FR,57970
2024-02-26T08:00Z,FR,58745
2024-02-26T09:00Z,FR,58943
2024-02-26T10:00Z,FR,58496
2024-02-26T11:00Z,FR,57698
2024-02-26T12:00Z,FR,56820
2024-02-26T13:00Z,FR,56399
2024-02-26T14:00Z,FR,56450
2024-02-26T15:00Z,FR,58070
2024-02-26T16:00Z,FR,60575
2024-02-26T17:00Z,FR,61317
2024-02-26T18:00Z,FR,59726
2024-02-26T19:00Z,FR,56982
2024-02-26T20:00Z,FR,53669
2024-02-26T21:00Z,FR,49700
2024-02-26T22:00Z,FR,45989
2024-02-26T23:00Z,FR,43273
2024-02-27T00:00Z,FR,41595
2024-02-27T01:00Z,FR,40573
2024-02-27T02:00Z,FR,40600
2024-02-27T03:00Z,FR,41678
2024-02-27T04:00Z,FR,44966
2024-02-27T05:00Z,FR,51319
2024-02-27T06:00Z,FR,56629
2024-02-27T07:00Z,FR,58994
2024-02-27T08:00Z,FR,59339
2024-02-27T09:00Z,FR,59256
2024-02-27T10:00Z,FR,58595
2024-02-27T11:00Z,FR,57354
2024-02-27T12:00Z,FR,56965
2024-02-27T13:00Z,FR,56358
2024-02-27T14:00Z,FR,56224
2024-02-27T15:00Z,FR,57803
2024-02-27T16:00Z,FR,60573
2024-02-27T17:00Z,FR,60621
2024-02-27T18:00Z,FR,58782
2024-02-27T19:00Z,FR,55679
2024-02-27T20:00Z,FR,52775
2024-02-27T21:00Z,FR,48975
2024-02-27T22:00Z,FR,45585
2024-02-27T23:00Z,FR,41809
2024-02-28T00:00Z,FR,39862
2024-02-28T01:00Z,FR,39042
2024-02-28T02:00Z,FR,39155
2024-02-28T03:00Z,FR,40461
2024-02-28T04:00Z,FR,44286
2024-02-28T05:00Z,FR,50590
2024-02-28T06:00Z,FR,55873
2024-02-28T07:00Z,FR,57574
2024-02-28T08:00Z,FR,58521
2024-02-28T09:00Z,FR,59098
2024-02-28T10:00Z,FR,58514
2024-02-28T11:00Z,FR,57874
2024-02-28T12:00Z,FR,57642
2024-02-28T13:00Z,FR,57453
2024-02-28T14:00Z,FR,57785
2024-02-28T15:00Z,FR,58453
2024-02-28T16:00Z,FR,61016
2024-02-28T17:00Z,FR,60887
2024-02-28T18:00Z,FR,59258
2024-02-28T19:00Z,FR,56076
2024-02-28T20:00Z,FR,53362
2024-02-28T21:00Z,FR,49311
2024-02-28T22:00Z,FR,45529
2024-02-28T23:00Z,FR,43449
2024-02-29T00:00Z,FR,41559
2024-02-29T01:00Z,FR,40090
2024-02-29T02:00Z,FR,40172
2024-02-29T03:00Z,FR,40745
2024-02-29T04:00Z,FR,44519
2024-02-29T05:00Z,FR,51120
2024-02-29T06:00Z,FR,56310
2024-02-29T07:00Z,FR,58885
2024-02-29T08:00Z,FR,59918
2024-02-29T09:00Z,FR,60224
2024-02-29T10:00Z,FR,59869
2024-02-29T11:00Z,FR,59277
2024-02-29T12:00Z,FR,58675
2024-02-29T13:00Z,FR,57836
2024-02-29T14:00Z,FR,56863
2024-02-29T15:00Z,FR,57918
2024-02-29T16:00Z,FR,61004
2024-02-29T17:00Z,FR,61735
2024-02-29T18:00Z,FR,59704
2024-02-29T19:00Z,FR,56965
2024-02-29T20:00Z,FR,53674
2024-02-29T21:00Z,FR,49998
2024-02-29T22:00Z,FR,46592
2024-02-29T23:00Z,FR,43632
2024-03-01T00:00Z,FR,41662
2024-03-01T01:00Z,FR,40702
2024-03-01T02:00Z,FR,40652
2024-03-01T03:00Z,FR,41536
2024-03-01T04:00Z,FR,45457
2024-03-01T05:00Z,FR,51232
2024-03-01T06:00Z,FR,56745
2024-03-01T07:00Z,FR,59100
2024-03-01T08:00Z,FR,60047
2024-03-01T09:00Z,FR,60641
2024-03-01T10:00Z,FR,60162
2024-03-01T11:00Z,FR,59209
2024-03-01T12:00Z,FR,58786
2024-03-01T13:00Z,FR,58036
2024-03-01T14:00Z,FR,57704
2024-03-01T15:00Z,FR,59414
2024-03-01T16:00Z,FR,61777
2024-03-01T17:00Z,FR,62072
2024-03-01T18:00Z,FR,59554
2024-03-01T19:00Z,FR,57044
2024-03-01T20:00Z,FR,54216
2024-03-01T21:00Z,FR,50602
2024-03-01T22:00Z,FR,47064
2024-03-01T23:00Z,FR,43931
2024-03-02T00:00Z,FR,42345
2024-03-02T01:00Z,FR,41480
2024-03-02T02:00Z,FR,41493
2024-03-02T03:00Z,FR,42485
2024-03-02T04:00Z,FR,44589
2024-03-02T05:00Z,FR,47803
2024-03-02T06:00Z,FR,50801
2024-03-02T07:00Z,FR,51798
2024-03-02T08:00Z,FR,52094
2024-03-02T09:00Z,FR,52343
2024-03-02T10:00Z,FR,52364
2024-03-02T11:00Z,FR,51795
2024-03-02T12:00Z,FR,51569
2024-03-02T13:00Z,FR,51399
2024-03-02T14:00Z,FR,51921
2024-03-02T15:00Z,FR,52955
2024-03-02T16:00Z,FR,54356
2024-03-02T17:00Z,FR,54695
2024-03-02T18:00Z,FR,53370
2024-03-02T19:00Z,FR,51672
2024-03-02T20:00Z,FR,50232
2024-03-02T21:00Z,FR,48115
2024-03-02T22:00Z,FR,45665
2024-03-02T23:00Z,FR,40386
2024-03-03T00:00Z,FR,39936
2024-03-03T01:00Z,FR,39377
2024-03-03T02:00Z,FR,38945
2024-03-03T03:00Z,FR,39692
2024-03-03T04:00Z,FR,41566
2024-03-03T05:00Z,FR,45071
2024-03-03T06:00Z,FR,47233
2024-03-03T07:00Z,FR,48188
2024-03-03T08:00Z,FR,48659
2024-03-03T09:00Z,FR,48536
2024-03-03T10:00Z,FR,48057
2024-03-03T11:00Z,FR,47660
2024-03-03T12:00Z,FR,47296
2024-03-03T13:00Z,FR,46658
2024-03-03T14:00Z,FR,46353
2024-03-03T15:00Z,FR,47433
2024-03-03T16:00Z,FR,48847
2024-03-03T17:00Z,FR,49137
2024-03-03T18:00Z,FR,48411
2024-03-03T19:00Z,FR,47167
2024-03-03T20:00Z,FR,45714
2024-03-03T21:00Z,FR,43805
2024-03-03T22:00Z,FR,42104
2024-03-03T23:00Z,FR,47729
2024-03-04T00:00Z,FR,45962
2024-03-04T01:00Z,FR,45051
2024-03-04T02:00Z,FR,44779
2024-03-04T03:00Z,FR,45968
2024-03-04T04:00Z,FR,49597
2024-03-04T05:00Z,FR,56243
2024-03-04T06:00Z,FR,62320
2024-03-04T07:00Z,FR,65295
2024-03-04T08:00Z,FR,65863
2024-03-04T09:00Z,FR,65823
2024-03-04T10:00Z,FR,65607
2024-03-04T11:00Z,FR,64792
2024-03-04T12:00Z,FR,64137
2024-03-04T13:00Z,FR,63951
2024-03-04T14:00Z,FR,63693
2024-03-04T15:00Z,FR,64675
2024-03-04T16:00Z,FR,67077
2024-03-04T17:00Z,FR,67157
2024-03-04T18:00Z,FR,64601
2024-03-04T19:00Z,FR,61870
2024-03-04T20:00Z,FR,59040
2024-03-04T21:00Z,FR,55175
2024-03-04T22:00Z,FR,50772
2024-03-04T23:00Z,FR,43842
2024-03-05T00:00Z,FR,42339
2024-03-05T01:00Z,FR,41321
2024-03-05T02:00Z,FR,41242
2024-03-05T03:00Z,FR,42507
2024-03-05T04:00Z,FR,46034
2024-03-05T05:00Z,FR,52386
2024-03-05T06:00Z,FR,57745
2024-03-05T07:00Z,FR,60132
2024-03-05T08:00Z,FR,60741
2024-03-05T09:00Z,FR,61158
2024-03-05T10:00Z,FR,60311
2024-03-05T11:00Z,FR,59730
2024-03-05T12:00Z,FR,58840
2024-03-05T13:00Z,FR,58521
2024-03-05T14:00Z,FR,58918
2024-03-05T15:00Z,FR,59739
2024-03-05T16:00Z,FR,62586
2024-03-05T17:00Z,FR,62790
2024-03-05T18:00Z,FR,61197
2024-03-05T19:00Z,FR,58104
2024-03-05T20:00Z,FR,54947
2024-03-05T21:00Z,FR,51453
2024-03-05T22:00Z,FR,47579
2024-03-05T23:00Z,FR,42115
2024-03-06T00:00Z,FR,40666
2024-03-06T01:00Z,FR,39050
2024-03-06T02:00Z,FR,38542
2024-03-06T03:00Z,FR,39697
2024-03-06T04:00Z,FR,43923
2024-03-06T05:00Z,FR,49837
2024-03-06T06:00Z,FR,54602
2024-03-06T07:00Z,FR,57395
2024-03-06T08:00Z,FR,57829
2024-03-06T09:00Z,FR,58176
2024-03-06T10:00Z,FR,58011
2024-03-06T11:00Z,FR,57183
2024-03-06T12:00Z,FR,56834
2024-03-06T13:00Z,FR,55971
2024-03-06T14:00Z,FR,55663
2024-03-06T15:00Z,FR,56736
2024-03-06T16:00Z,FR,59875
2024-03-06T17:00Z,FR,60063
2024-03-06T18:00Z,FR,58332
2024-03-06T19:00Z,FR,55259
2024-03-06T20:00Z,FR,52183
2024-03-06T21:00Z,FR,48774
2024-03-06T22:00Z,FR,44815
2024-03-06T23:00Z,FR,43587
2024-03-07T00:00Z,FR,42120
2024-03-07T01:00Z,FR,41224
2024-03-07T02:00Z,FR,41232
2024-03-07T03:00Z,FR,42210
2024-03-07T04:00Z,FR,45795
2024-03-07T05:00Z,FR,52221
2024-03-07T06:00Z,FR,57616
2024-03-07T07:00Z,FR,59866
2024-03-07T08:00Z,FR,60710
2024-03-07T09:00Z,FR,60943
2024-03-07T10:00Z,FR,60372
2024-03-07T11:00Z,FR,59415
2024-03-07T12:00Z,FR,59291
2024-03-07T13:00Z,FR,58541
2024-03-07T14:00Z,FR,58222
2024-03-07T15:00Z,FR,59562
2024-03-07T16:00Z,FR,62393
2024-03-07T17:00Z,FR,62547
2024-03-07T18:00Z,FR,60519
2024-03-07T19:00Z,FR,58021
2024-03-07T20:00Z,FR,55189
2024-03-07T21:00Z,FR,51396
2024-03-07T22:00Z,FR,48081
2024-03-07T23:00Z,FR,44890
2024-03-08T00:00Z,FR,42693
2024-03-08T01:00Z,FR,41798
2024-03-08T02:00Z,FR,41840
2024-03-08T03:00Z,FR,43073
2024-03-08T04:00Z,FR,46448
2024-03-08T05:00Z,FR,52697
2024-03-08T06:00Z,FR,58222
2024-03-08T07:00Z,FR,60725
2024-03-08T08:00Z,FR,61913
2024-03-08T09:00Z,FR,62404
2024-03-08T10:00Z,FR,61861
2024-03-08T11:00Z,FR,61456
2024-03-08T12:00Z,FR,60129
2024-03-08T13:00Z,FR,60164
2024-03-08T14:00Z,FR,59824
2024-03-08T15:00Z,FR,61220
2024-03-08T16:00Z,FR,64078
2024-03-08T17:00Z,FR,64028
2024-03-08T18:00Z,FR,61991
2024-03-08T19:00Z,FR,58798
2024-03-08T20:00Z,FR,55362
2024-03-08T21:00Z,FR,51755
2024-03-08T22:00Z,FR,47424
2024-03-08T23:00Z,FR,39347
2024-03-09T00:00Z,FR,38824
2024-03-09T01:00Z,FR,38327
2024-03-09T02:00Z,FR,38174
2024-03-09T03:00Z,FR,38836
2024-03-09T04:00Z,FR,40609
2024-03-09T05:00Z,FR,43534
2024-03-09T06:00Z,FR,46320
2024-03-09T07:00Z,FR,47396
2024-03-09T08:00Z,FR,48140
2024-03-09T09:00Z,FR,48666
2024-03-09T10:00Z,FR,48251
2024-03-09T11:00Z,FR,47637
2024-03-09T12:00Z,FR,47090
2024-03-09T13:00Z,FR,46664
2024-03-09T14:00Z,FR,46624
2024-03-09T15:00Z,FR,47238
2024-03-09T16:00Z,FR,48544
2024-03-09T17:00Z,FR,48167
2024-03-09T18:00Z,FR,47174
2024-03-09T19:00Z,FR,46119
2024-03-09T20:00Z,FR,44660
2024-03-09T21:00Z,FR,42814
2024-03-09T22:00Z,FR,41683
2024-03-09T23:00Z,FR,35467
2024-03-10T00:00Z,FR,35040
2024-03-10T01:00Z,FR,34392
2024-03-10T02:00Z,FR,34396
2024-03-10T03:00Z,FR,34797
2024-03-10T04:00Z,FR,36081
2024-03-10T05:00Z,FR,38812
2024-03-10T06:00Z,FR,41067
2024-03-10T07:00Z,FR,42262
2024-03-10T08:00Z,FR,42984
2024-03-10T09:00Z,FR,43140
2024-03-10T10:00Z,FR,42644
2024-03-10T11:00Z,FR,41950
2024-03-10T12:00Z,FR,41799
2024-03-10T13:00Z,FR,41577
2024-03-10T14:00Z,FR,41272
2024-03-10T15:00Z,FR,42071
2024-03-10T16:00Z,FR,43071
2024-03-10T17:00Z,FR,43074
2024-03-10T18:00Z,FR,41760
2024-03-10T19:00Z,FR,40679
2024-03-10T20:00Z,FR,39096
2024-03-10T21:00Z,FR,37908
2024-03-10T22:00Z,FR,36293
2024-03-10T23:00Z,FR,41958
2024-03-11T00:00Z,FR,39859
2024-03-11T01:00Z,FR,38791
2024-03-11T02:00Z,FR,38799
2024-03-11T03:00Z,FR,39801
2024-03-11T04:00Z,FR,43510
2024-03-11T05:00Z,FR,49356
2024-03-11T06:00Z,FR,54412
2024-03-11T07:00Z,FR,56691
2024-03-11T08:00Z,FR,57582
2024-03-11T09:00Z,FR,58040
2024-03-11T10:00Z,FR,57412
2024-03-11T11:00Z,FR,57093
2024-03-11T12:00Z,FR,56608
2024-03-11T13:00Z,FR,56317
2024-03-11T14:00Z,FR,55871
2024-03-11T15:00Z,FR,56843
2024-03-11T16:00Z,FR,59239
2024-03-11T17:00Z,FR,59955
2024-03-11T18:00Z,FR,58452
2024-03-11T19:00Z,FR,56122
2024-03-11T20:00Z,FR,53485
2024-03-11T21:00Z,FR,50131
2024-03-11T22:00Z,FR,46128
2024-03-11T23:00Z,FR,44235
2024-03-12T00:00Z,FR,42554
2024-03-12T01:00Z,FR,41116
2024-03-12T02:00Z,FR,41017
2024-03-12T03:00Z,FR,41783
2024-03-12T04:00Z,FR,45165
2024-03-12T05:00Z,FR,51508
2024-03-12T06:00Z,FR,56767
2024-03-12T07:00Z,FR,59195
2024-03-12T08:00Z,FR,60496
2024-03-12T09:00Z,FR,60537
2024-03-12T10:00Z,FR,60430
2024-03-12T11:00Z,FR,59960
2024-03-12T12:00Z,FR,59681
2024-03-12T13:00Z,FR,59202
2024-03-12T14:00Z,FR,59375
2024-03-12T15:00Z,FR,60933
2024-03-12T16:00Z,FR,63124
2024-03-12T17:00Z,FR,63046
2024-03-12T18:00Z,FR,60731
2024-03-12T19:00Z,FR,57786
2024-03-12T20:00Z,FR,54463
2024-03-12T21:00Z,FR,51218
2024-03-12T22:00Z,FR,47330
2024-03-12T23:00Z,FR,38524
2024-03-13T00:00Z,FR,36906
2024-03-13T01:00Z,FR,35930
2024-03-13T02:00Z,FR,35620
2024-03-13T03:00Z,FR,36657
2024-03-13T04:00Z,FR,39864
2024-03-13T05:00Z,FR,45485
2024-03-13T06:00Z,FR,50107
2024-03-13T07:00Z,FR,52135
2024-03-13T08:00Z,FR,52567
2024-03-13T09:00Z,FR,53347
2024-03-13T10:00Z,FR,53005
2024-03-13T11:00Z,FR,52081
2024-03-13T12:00Z,FR,51747
2024-03-13T13:00Z,FR,51397
2024-03-13T14:00Z,FR,50870
2024-03-13T15:00Z,FR,51920
2024-03-13T16:00Z,FR,54046
2024-03-13T17:00Z,FR,54159
2024-03-13T18:00Z,FR,52225
2024-03-13T19:00Z,FR,50100
2024-03-13T20:00Z,FR,47804
2024-03-13T21:00Z,FR,44696
2024-03-13T22:00Z,FR,41501
2024-03-13T23:00Z,FR,36583
2024-03-14T00:00Z,FR,34903
2024-03-14T01:00Z,FR,34077
2024-03-14T02:00Z,FR,34020
2024-03-14T03:00Z,FR,34883
2024-03-14T04:00Z,FR,37952
2024-03-14T05:00Z,FR,43150
2024-03-14T06:00Z,FR,47773
2024-03-14T07:00Z,FR,49619
2024-03-14T08:00Z,FR,50546
2024-03-14T09:00Z,FR,50983
2024-03-14T10:00Z,FR,50421
2024-03-14T11:00Z,FR,49752
2024-03-14T12:00Z,FR,49017
2024-03-14T13:00Z,FR,48621
2024-03-14T14:00Z,FR,48993
2024-03-14T15:00Z,FR,50060
2024-03-14T16:00Z,FR,52023
2024-03-14T17:00Z,FR,52021
2024-03-14T18:00Z,FR,50512
2024-03-14T19:00Z,FR,48196
2024-03-14T20:00Z,FR,46062
2024-03-14T21:00Z,FR,43026
2024-03-14T22:00Z,FR,40026
2024-03-14T23:00Z,FR,37316
2024-03-15T00:00Z,FR,35968
2024-03-15T01:00Z,FR,34975
2024-03-15T02:00Z,FR,34842
2024-03-15T03:00Z,FR,36041
2024-03-15T04:00Z,FR,38769
2024-03-15T05:00Z,FR,44234
2024-03-15T06:00Z,FR,48301
2024-03-15T07:00Z,FR,50719
2024-03-15T08:00Z,FR,51197
2024-03-15T09:00Z,FR,51118
2024-03-15T10:00Z,FR,50882
2024-03-15T11:00Z,FR,50515
2024-03-15T12:00Z,FR,49706
2024-03-15T13:00Z,FR,49093
2024-03-15T14:00Z,FR,48940
2024-03-15T15:00Z,FR,50221
2024-03-15T16:00Z,FR,52104
2024-03-15T17:00Z,FR,52293
2024-03-15T18:00Z,FR,50435
2024-03-15T19:00Z,FR,48176
2024-03-15T20:00Z,FR,45870
2024-03-15T21:00Z,FR,42809
2024-03-15T22:00Z,FR,39286
2024-03-15T23:00Z,FR,33806
2024-03-16T00:00Z,FR,33306
2024-03-16T01:00Z,FR,32753
2024-03-16T02:00Z,FR,33551
2024-03-16T03:00Z,FR,33308
2024-03-16T04:00Z,FR,34464
2024-03-16T05:00Z,FR,36646
2024-03-16T06:00Z,FR,38842
2024-03-16T07:00Z,FR,40078
2024-03-16T08:00Z,FR,40520
2024-03-16T09:00Z,FR,40477
2024-03-16T10:00Z,FR,40220
2024-03-16T11:00Z,FR,39905
2024-03-16T12:00Z,FR,39729
2024-03-16T13:00Z,FR,40222
2024-03-16T14:00Z,FR,40004
2024-03-16T15:00Z,FR,40627
2024-03-16T16:00Z,FR,42147
2024-03-16T17:00Z,FR,42591
2024-03-16T18:00Z,FR,41159
2024-03-16T19:00Z,FR,40114
2024-03-16T20:00Z,FR,38892
2024-03-16T21:00Z,FR,37085
2024-03-16T22:00Z,FR,35263
2024-03-16T23:00Z,FR,27581
2024-03-17T00:00Z,FR,26868
2024-03-17T01:00Z,FR,26732
2024-03-17T02:00Z,FR,26915
2024-03-17T03:00Z,FR,27253
2024-03-17T04:00Z,FR,28709
2024-03-17T05:00Z,FR,31052
2024-03-17T06:00Z,FR,32566
2024-03-17T07:00Z,FR,33413
2024-03-17T08:00Z,FR,34332
2024-03-17T09:00Z,FR,34364
2024-03-17T10:00Z,FR,34131
2024-03-17T11:00Z,FR,33621
2024-03-17T12:00Z,FR,33310
2024-03-17T13:00Z,FR,33062
2024-03-17T14:00Z,FR,33043
2024-03-17T15:00Z,FR,33286
2024-03-17T16:00Z,FR,33940
2024-03-17T17:00Z,FR,34268
2024-03-17T18:00Z,FR,33735
2024-03-17T19:00Z,FR,32807
2024-03-17T20:00Z,FR,32259
2024-03-17T21:00Z,FR,30778
2024-03-17T22:00Z,FR,29692
2024-03-17T23:00Z,FR,36565
2024-03-18T00:00Z,FR,35204
2024-03-18T01:00Z,FR,34481
2024-03-18T02:00Z,FR,33910
2024-03-18T03:00Z,FR,34631
2024-03-18T04:00Z,FR,37520
2024-03-18T05:00Z,FR,42385
2024-03-18T06:00Z,FR,46445
2024-03-18T07:00Z,FR,48617
2024-03-18T08:00Z,FR,49878
2024-03-18T09:00Z,FR,49748
2024-03-18T10:00Z,FR,49352
2024-03-18T11:00Z,FR,48609
2024-03-18T12:00Z,FR,47899
2024-03-18T13:00Z,FR,47678
2024-03-18T14:00Z,FR,47808
2024-03-18T15:00Z,FR,49016
2024-03-18T16:00Z,FR,50745
2024-03-18T17:00Z,FR,50532
2024-03-18T18:00Z,FR,48607
2024-03-18T19:00Z,FR,46175
2024-03-18T20:00Z,FR,44042
2024-03-18T21:00Z,FR,41605
2024-03-18T22:00Z,FR,38697
2024-03-18T23:00Z,FR,38944
2024-03-19T00:00Z,FR,37361
2024-03-19T01:00Z,FR,36209
2024-03-19T02:00Z,FR,36270
2024-03-19T03:00Z,FR,36795
2024-03-19T04:00Z,FR,39256
2024-03-19T05:00Z,FR,44501
2024-03-19T06:00Z,FR,49192
2024-03-19T07:00Z,FR,51458
2024-03-19T08:00Z,FR,52546
2024-03-19T09:00Z,FR,53203
2024-03-19T10:00Z,FR,53225
2024-03-19T11:00Z,FR,52814
2024-03-19T12:00Z,FR,52278
2024-03-19T13:00Z,FR,51605
2024-03-19T14:00Z,FR,51589
2024-03-19T15:00Z,FR,52715
2024-03-19T16:00Z,FR,54521
2024-03-19T17:00Z,FR,54625
2024-03-19T18:00Z,FR,53191
2024-03-19T19:00Z,FR,50419
2024-03-19T20:00Z,FR,47936
2024-03-19T21:00Z,FR,45070
2024-03-19T22:00Z,FR,41898
2024-03-19T23:00Z,FR,40464
2024-03-20T00:00Z,FR,38759
2024-03-20T01:00Z,FR,37382
2024-03-20T02:00Z,FR,37590
2024-03-20T03:00Z,FR,38400
2024-03-20T04:00Z,FR,41560
2024-03-20T05:00Z,FR,47127
2024-03-20T06:00Z,FR,52364
2024-03-20T07:00Z,FR,54765
2024-03-20T08:00Z,FR,55486
2024-03-20T09:00Z,FR,55165
2024-03-20T10:00Z,FR,55693
2024-03-20T11:00Z,FR,54387
2024-03-20T12:00Z,FR,53748
2024-03-20T13:00Z,FR,53707
2024-03-20T14:00Z,FR,54156
2024-03-20T15:00Z,FR,54839
2024-03-20T16:00Z,FR,56524
2024-03-20T17:00Z,FR,56160
2024-03-20T18:00Z,FR,54381
2024-03-20T19:00Z,FR,52174
2024-03-20T20:00Z,FR,49666
2024-03-20T21:00Z,FR,46299
2024-03-20T22:00Z,FR,42900
2024-03-20T23:00Z,FR,42860
2024-03-21T00:00Z,FR,40989
2024-03-21T01:00Z,FR,39938
2024-03-21T02:00Z,FR,39797
2024-03-21T03:00Z,FR,40583
2024-03-21T04:00Z,FR,44023
2024-03-21T05:00Z,FR,50430
2024-03-21T06:00Z,FR,55717
2024-03-21T07:00Z,FR,57713
2024-03-21T08:00Z,FR,58610
2024-03-21T09:00Z,FR,59632
2024-03-21T10:00Z,FR,59486
2024-03-21T11:00Z,FR,58382
2024-03-21T12:00Z,FR,58147
2024-03-21T13:00Z,FR,57772
2024-03-21T14:00Z,FR,57615
2024-03-21T15:00Z,FR,58779
2024-03-21T16:00Z,FR,60670
2024-03-21T17:00Z,FR,60769
2024-03-21T18:00Z,FR,58788
2024-03-21T19:00Z,FR,55762
2024-03-21T20:00Z,FR,52885
2024-03-21T21:00Z,FR,49240
2024-03-21T22:00Z,FR,45530
2024-03-21T23:00Z,FR,42541
2024-03-22T00:00Z,FR,41147
2024-03-22T01:00Z,FR,40098
2024-03-22T02:00Z,FR,39988
2024-03-22T03:00Z,FR,40569
2024-03-22T04:00Z,FR,44341
2024-03-22T05:00Z,FR,50163
2024-03-22T06:00Z,FR,55442
2024-03-22T07:00Z,FR,57825
2024-03-22T08:00Z,FR,58748
2024-03-22T09:00Z,FR,58908
2024-03-22T10:00Z,FR,58845
2024-03-22T11:00Z,FR,58277
2024-03-22T12:00Z,FR,58228
2024-03-22T13:00Z,FR,57558
2024-03-22T14:00Z,FR,57571
2024-03-22T15:00Z,FR,58012
2024-03-22T16:00Z,FR,60024
2024-03-22T17:00Z,FR,60027
2024-03-22T18:00Z,FR,58147
2024-03-22T19:00Z,FR,55273
2024-03-22T20:00Z,FR,53276
2024-03-22T21:00Z,FR,50041
2024-03-22T22:00Z,FR,46376
2024-03-22T23:00Z,FR,38737
2024-03-23T00:00Z,FR,37908
2024-03-23T01:00Z,FR,37500
2024-03-23T02:00Z,FR,37631
2024-03-23T03:00Z,FR,38074
2024-03-23T04:00Z,FR,39426
2024-03-23T05:00Z,FR,42021
2024-03-23T06:00Z,FR,44775
2024-03-23T07:00Z,FR,46265
2024-03-23T08:00Z,FR,46815
2024-03-23T09:00Z,FR,47236
2024-03-23T10:00Z,FR,46879
2024-03-23T11:00Z,FR,46317
2024-03-23T12:00Z,FR,46131
2024-03-23T13:00Z,FR,45920
2024-03-23T14:00Z,FR,45897
2024-03-23T15:00Z,FR,46064
2024-03-23T16:00Z,FR,47141
2024-03-23T17:00Z,FR,47581
2024-03-23T18:00Z,FR,46086
2024-03-23T19:00Z,FR,44837
2024-03-23T20:00Z,FR,43899
2024-03-23T21:00Z,FR,42385
2024-03-23T22:00Z,FR,40653
2024-03-23T23:00Z,FR,35207
2024-03-24T00:00Z,FR,34397
2024-03-24T01:00Z,FR,33983
2024-03-24T02:00Z,FR,33877
2024-03-24T03:00Z,FR,34582
2024-03-24T04:00Z,FR,36097
2024-03-24T05:00Z,FR,38434
2024-03-24T06:00Z,FR,40650
2024-03-24T07:00Z,FR,41518
2024-03-24T08:00Z,FR,41839
2024-03-24T09:00Z,FR,41997
2024-03-24T10:00Z,FR,42119
2024-03-24T11:00Z,FR,41639
2024-03-24T12:00Z,FR,41585
2024-03-24T13:00Z,FR,41473
2024-03-24T14:00Z,FR,41888
2024-03-24T15:00Z,FR,41732
2024-03-24T16:00Z,FR,42764
2024-03-24T17:00Z,FR,43035
2024-03-24T18:00Z,FR,41743
2024-03-24T19:00Z,FR,40421
2024-03-24T20:00Z,FR,39422
2024-03-24T21:00Z,FR,37723
2024-03-24T22:00Z,FR,36151
2024-03-24T23:00Z,FR,34343
2024-03-25T00:00Z,FR,32716
2024-03-25T01:00Z,FR,31781
2024-03-25T02:00Z,FR,31764
2024-03-25T03:00Z,FR,32283
2024-03-25T04:00Z,FR,35282
2024-03-25T05:00Z,FR,39638
2024-03-25T06:00Z,FR,43777
2024-03-25T07:00Z,FR,45750
2024-03-25T08:00Z,FR,47022
2024-03-25T09:00Z,FR,47057
2024-03-25T10:00Z,FR,46996
2024-03-25T11:00Z,FR,46547
2024-03-25T12:00Z,FR,46225
2024-03-25T13:00Z,FR,45647
2024-03-25T14:00Z,FR,45339
2024-03-25T15:00Z,FR,45892
2024-03-25T16:00Z,FR,47100
2024-03-25T17:00Z,FR,47721
2024-03-25T18:00Z,FR,45928
2024-03-25T19:00Z,FR,44521
2024-03-25T20:00Z,FR,42249
2024-03-25T21:00Z,FR,39534
2024-03-25T22:00Z,FR,36500
2024-03-25T23:00Z,FR,32194
2024-03-26T00:00Z,FR,30974
2024-03-26T01:00Z,FR,30435
2024-03-26T02:00Z,FR,30263
2024-03-26T03:00Z,FR,30634
2024-03-26T04:00Z,FR,32921
2024-03-26T05:00Z,FR,36987
2024-03-26T06:00Z,FR,41246
2024-03-26T07:00Z,FR,42725
2024-03-26T08:00Z,FR,43329
2024-03-26T09:00Z,FR,44066
2024-03-26T10:00Z,FR,44046
2024-03-26T11:00Z,FR,43672
2024-03-26T12:00Z,FR,43471
2024-03-26T13:00Z,FR,43036
2024-03-26T14:00Z,FR,43002
2024-03-26T15:00Z,FR,43474
2024-03-26T16:00Z,FR,44356
2024-03-26T17:00Z,FR,44766
2024-03-26T18:00Z,FR,43408
2024-03-26T19:00Z,FR,41390
2024-03-26T20:00Z,FR,39326
2024-03-26T21:00Z,FR,37173
2024-03-26T22:00Z,FR,34432
2024-03-26T23:00Z,FR,32743
2024-03-27T00:00Z,FR,31220
2024-03-27T01:00Z,FR,30155
2024-03-27T02:00Z,FR,29526
2024-03-27T03:00Z,FR,30134
2024-03-27T04:00Z,FR,32846
2024-03-27T05:00Z,FR,37593
2024-03-27T06:00Z,FR,41608
2024-03-27T07:00Z,FR,43532
2024-03-27T08:00Z,FR,44566
2024-03-27T09:00Z,FR,45280
2024-03-27T10:00Z,FR,45182
2024-03-27T11:00Z,FR,44360
2024-03-27T12:00Z,FR,44384
2024-03-27T13:00Z,FR,43887
2024-03-27T14:00Z,FR,43448
2024-03-27T15:00Z,FR,43948
2024-03-27T16:00Z,FR,45190
2024-03-27T17:00Z,FR,45357
2024-03-27T18:00Z,FR,44002
2024-03-27T19:00Z,FR,42082
2024-03-27T20:00Z,FR,40350
2024-03-27T21:00Z,FR,37983
2024-03-27T22:00Z,FR,35342
2024-03-27T23:00Z,FR,38524
2024-03-28T00:00Z,FR,37032
2024-03-28T01:00Z,FR,36287
2024-03-28T02:00Z,FR,35810
2024-03-28T03:00Z,FR,36719
2024-03-28T04:00Z,FR,40035
2024-03-28T05:00Z,FR,44797
2024-03-28T06:00Z,FR,49185
2024-03-28T07:00Z,FR,52352
2024-03-28T08:00Z,FR,53474
2024-03-28T09:00Z,FR,53566
2024-03-28T10:00Z,FR,53420
2024-03-28T11:00Z,FR,52629
2024-03-28T12:00Z,FR,52174
2024-03-28T13:00Z,FR,51788
2024-03-28T14:00Z,FR,51617
2024-03-28T15:00Z,FR,52058
2024-03-28T16:00Z,FR,53285
2024-03-28T17:00Z,FR,53647
2024-03-28T18:00Z,FR,51872
2024-03-28T19:00Z,FR,49619
2024-03-28T20:00Z,FR,47210
2024-03-28T21:00Z,FR,43848
2024-03-28T22:00Z,FR,40564
2024-03-28T23:00Z,FR,37345
2024-03-29T00:00Z,FR,36255
2024-03-29T01:00Z,FR,35288
2024-03-29T02:00Z,FR,35004
2024-03-29T03:00Z,FR,36095
2024-03-29T04:00Z,FR,39077
2024-03-29T05:00Z,FR,44168
2024-03-29T06:00Z,FR,48865
2024-03-29T07:00Z,FR,50702
2024-03-29T08:00Z,FR,51798
2024-03-29T09:00Z,FR,52120
2024-03-29T10:00Z,FR,52133
2024-03-29T11:00Z,FR,51261
2024-03-29T12:00Z,FR,51144
2024-03-29T13:00Z,FR,50709
2024-03-29T14:00Z,FR,50898
2024-03-29T15:00Z,FR,51501
2024-03-29T16:00Z,FR,52909
2024-03-29T17:00Z,FR,52792
2024-03-29T18:00Z,FR,51322
2024-03-29T19:00Z,FR,49292
2024-03-29T20:00Z,FR,47359
2024-03-29T21:00Z,FR,43925
2024-03-29T22:00Z,FR,40560
2024-03-29T23:00Z,FR,35971
2024-03-30T00:00Z,FR,35170
2024-03-30T01:00Z,FR,34721
2024-03-30T02:00Z,FR,34402
2024-03-30T03:00Z,FR,34957
2024-03-30T04:00Z,FR,37045
2024-03-30T05:00Z,FR,39890
2024-03-30T06:00Z,FR,42042
2024-03-30T07:00Z,FR,42965
2024-03-30T08:00Z,FR,43522
2024-03-30T09:00Z,FR,43489
2024-03-30T10:00Z,FR,43228
2024-03-30T11:00Z,FR,42966
2024-03-30T12:00Z,FR,42955
2024-03-30T13:00Z,FR,42880
2024-03-30T14:00Z,FR,42685
2024-03-30T15:00Z,FR,43388
2024-03-30T16:00Z,FR,44224
2024-03-30T17:00Z,FR,44193
2024-03-30T18:00Z,FR,42819
2024-03-30T19:00Z,FR,41557
2024-03-30T20:00Z,FR,41070
2024-03-30T21:00Z,FR,39508
2024-03-30T22:00Z,FR,37259
2024-03-30T23:00Z,FR,34720
2024-03-31T00:00Z,FR,34393
2024-03-31T01:00Z,FR,33660
2024-03-31T02:00Z,FR,34400
2024-03-31T03:00Z,FR,36283
2024-03-31T04:00Z,FR,38646
2024-03-31T05:00Z,FR,40741
2024-03-31T06:00Z,FR,41827
2024-03-31T07:00Z,FR,42143
2024-03-31T08:00Z,FR,42022
2024-03-31T09:00Z,FR,41902
2024-03-31T10:00Z,FR,41494
2024-03-31T11:00Z,FR,41203
2024-03-31T12:00Z,FR,41057
2024-03-31T13:00Z,FR,40919
2024-03-31T14:00Z,FR,41394
2024-03-31T15:00Z,FR,41885
2024-03-31T16:00Z,FR,42134
2024-03-31T17:00Z,FR,41404
2024-03-31T18:00Z,FR,41005
2024-03-31T19:00Z,FR,40214
2024-03-31T20:00Z,FR,38116
2024-03-31T21:00Z,FR,35946
2024-03-31T22:00Z,FR,31660
2024-03-31T23:00Z,FR,31280
2024-04-01T00:00Z,FR,30606
2024-04-01T01:00Z,FR,30189
2024-04-01T02:00Z,FR,30577
2024-04-01T03:00Z,FR,31985
2024-04-01T04:00Z,FR,34089
2024-04-01T05:00Z,FR,37020
2024-04-01T06:00Z,FR,37916
2024-04-01T07:00Z,FR,38968
2024-04-01T08:00Z,FR,39101
2024-04-01T09:00Z,FR,39001
2024-04-01T10:00Z,FR,38586
2024-04-01T11:00Z,FR,37813
2024-04-01T12:00Z,FR,37460
2024-04-01T13:00Z,FR,37501
2024-04-01T14:00Z,FR,37716
2024-04-01T15:00Z,FR,38370
2024-04-01T16:00Z,FR,38497
2024-04-01T17:00Z,FR,37745
2024-04-01T18:00Z,FR,36630
2024-04-01T19:00Z,FR,36026
2024-04-01T20:00Z,FR,34324
2024-04-01T21:00Z,FR,33094
2024-04-01T22:00Z,FR,35850
2024-04-01T23:00Z,FR,34823
2024-04-02T00:00Z,FR,33747
2024-04-02T01:00Z,FR,33625
2024-04-02T02:00Z,FR,34290
2024-04-02T03:00Z,FR,37040
2024-04-02T04:00Z,FR,41800
2024-04-02T05:00Z,FR,46090
2024-04-02T06:00Z,FR,48478
2024-04-02T07:00Z,FR,49696
2024-04-02T08:00Z,FR,49604
2024-04-02T09:00Z,FR,49472
2024-04-02T10:00Z,FR,48250
2024-04-02T11:00Z,FR,47672
2024-04-02T12:00Z,FR,47266
2024-04-02T13:00Z,FR,46742
2024-04-02T14:00Z,FR,47371
2024-04-02T15:00Z,FR,49436
2024-04-02T16:00Z,FR,49240
2024-04-02T17:00Z,FR,47900
2024-04-02T18:00Z,FR,46438
2024-04-02T19:00Z,FR,44305
2024-04-02T20:00Z,FR,41524
2024-04-02T21:00Z,FR,38732
2024-04-02T22:00Z,FR,41849
2024-04-02T23:00Z,FR,40375
2024-04-03T00:00Z,FR,38860
2024-04-03T01:00Z,FR,38264
2024-04-03T02:00Z,FR,39118
2024-04-03T03:00Z,FR,41878
2024-04-03T04:00Z,FR,47258
2024-04-03T05:00Z,FR,52130
2024-04-03T06:00Z,FR,54800
2024-04-03T07:00Z,FR,56116
2024-04-03T08:00Z,FR,56680
2024-04-03T09:00Z,FR,56268
2024-04-03T10:00Z,FR,55389
2024-04-03T11:00Z,FR,54905
2024-04-03T12:00Z,FR,55000
2024-04-03T13:00Z,FR,54619
2024-04-03T14:00Z,FR,55586
2024-04-03T15:00Z,FR,57441
2024-04-03T16:00Z,FR,57252
2024-04-03T17:00Z,FR,56053
2024-04-03T18:00Z,FR,53810
2024-04-03T19:00Z,FR,51193
2024-04-03T20:00Z,FR,47826
2024-04-03T21:00Z,FR,43955
2024-04-03T22:00Z,FR,43335
2024-04-03T23:00Z,FR,41523
2024-04-04T00:00Z,FR,40855
2024-04-04T01:00Z,FR,40327
2024-04-04T02:00Z,FR,41597
2024-04-04T03:00Z,FR,45037
2024-04-04T04:00Z,FR,50336
2024-04-04T05:00Z,FR,55959
2024-04-04T06:00Z,FR,58615
2024-04-04T07:00Z,FR,60144
2024-04-04T08:00Z,FR,60631
2024-04-04T09:00Z,FR,60210
2024-04-04T10:00Z,FR,59394
2024-04-04T11:00Z,FR,59103
2024-04-04T12:00Z,FR,58269
2024-04-04T13:00Z,FR,58266
2024-04-04T14:00Z,FR,58621
2024-04-04T15:00Z,FR,60741
2024-04-04T16:00Z,FR,60304
2024-04-04T17:00Z,FR,58889
2024-04-04T18:00Z,FR,56814
2024-04-04T19:00Z,FR,54355
2024-04-04T20:00Z,FR,50885
2024-04-04T21:00Z,FR,46865
2024-04-04T22:00Z,FR,40396
2024-04-04T23:00Z,FR,39178
2024-04-05T00:00Z,FR,37764
2024-04-05T01:00Z,FR,37557
2024-04-05T02:00Z,FR,38385
2024-04-05T03:00Z,FR,41671
2024-04-05T04:00Z,FR,46740
2024-04-05T05:00Z,FR,51704
2024-04-05T06:00Z,FR,54138
2024-04-05T07:00Z,FR,55137
2024-04-05T08:00Z,FR,55409
2024-04-05T09:00Z,FR,55015
2024-04-05T10:00Z,FR,54605
2024-04-05T11:00Z,FR,53889
2024-04-05T12:00Z,FR,53588
2024-04-05T13:00Z,FR,53410
2024-04-05T14:00Z,FR,54184
2024-04-05T15:00Z,FR,55787
2024-04-05T16:00Z,FR,55793
2024-04-05T17:00Z,FR,54304
2024-04-05T18:00Z,FR,51629
2024-04-05T19:00Z,FR,49026
2024-04-05T20:00Z,FR,45580
2024-04-05T21:00Z,FR,42157
2024-04-05T22:00Z,FR,36018
2024-04-05T23:00Z,FR,35110
2024-04-06T00:00Z,FR,34884
2024-04-06T01:00Z,FR,35378
2024-04-06T02:00Z,FR,35640
2024-04-06T03:00Z,FR,37332
2024-04-06T04:00Z,FR,40235
2024-04-06T05:00Z,FR,42405
2024-04-06T06:00Z,FR,43626
2024-04-06T07:00Z,FR,43917
2024-04-06T08:00Z,FR,44285
2024-04-06T09:00Z,FR,44117
2024-04-06T10:00Z,FR,44162
2024-04-06T11:00Z,FR,43958
2024-04-06T12:00Z,FR,43850
2024-04-06T13:00Z,FR,43715
2024-04-06T14:00Z,FR,44087
2024-04-06T15:00Z,FR,44960
2024-04-06T16:00Z,FR,44859
2024-04-06T17:00Z,FR,43995
2024-04-06T18:00Z,FR,43319
2024-04-06T19:00Z,FR,42227
2024-04-06T20:00Z,FR,40672
2024-04-06T21:00Z,FR,38788
2024-04-06T22:00Z,FR,32775
2024-04-06T23:00Z,FR,32269
2024-04-07T00:00Z,FR,31706
2024-04-07T01:00Z,FR,31251
2024-04-07T02:00Z,FR,32062
2024-04-07T03:00Z,FR,33706
2024-04-07T04:00Z,FR,36210
2024-04-07T05:00Z,FR,38276
2024-04-07T06:00Z,FR,39380
2024-04-07T07:00Z,FR,39759
2024-04-07T08:00Z,FR,39946
2024-04-07T09:00Z,FR,40010
2024-04-07T10:00Z,FR,39814
2024-04-07T11:00Z,FR,39600
2024-04-07T12:00Z,FR,39392
2024-04-07T13:00Z,FR,38794
2024-04-07T14:00Z,FR,39458
2024-04-07T15:00Z,FR,39974
2024-04-07T16:00Z,FR,39812
2024-04-07T17:00Z,FR,39136
2024-04-07T18:00Z,FR,38814
2024-04-07T19:00Z,FR,38068
2024-04-07T20:00Z,FR,36295
2024-04-07T21:00Z,FR,34700
2024-04-07T22:00Z,FR,38358
2024-04-07T23:00Z,FR,36950
2024-04-08T00:00Z,FR,36496
2024-04-08T01:00Z,FR,36291
2024-04-08T02:00Z,FR,36725
2024-04-08T03:00Z,FR,39441
2024-04-08T04:00Z,FR,43804
2024-04-08T05:00Z,FR,48605
2024-04-08T06:00Z,FR,51285
2024-04-08T07:00Z,FR,51788
2024-04-08T08:00Z,FR,52125
2024-04-08T09:00Z,FR,52251
2024-04-08T10:00Z,FR,51995
2024-04-08T11:00Z,FR,51523
2024-04-08T12:00Z,FR,51337
2024-04-08T13:00Z,FR,51045
2024-04-08T14:00Z,FR,51792
2024-04-08T15:00Z,FR,52697
2024-04-08T16:00Z,FR,52542
2024-04-08T17:00Z,FR,50856
2024-04-08T18:00Z,FR,49499
2024-04-08T19:00Z,FR,47669
2024-04-08T20:00Z,FR,44716
2024-04-08T21:00Z,FR,41047
2024-04-08T22:00Z,FR,38790
2024-04-08T23:00Z,FR,37360
2024-04-09T00:00Z,FR,36143
2024-04-09T01:00Z,FR,36394
2024-04-09T02:00Z,FR,37351
2024-04-09T03:00Z,FR,39743
2024-04-09T04:00Z,FR,44475
2024-04-09T05:00Z,FR,49182
2024-04-09T06:00Z,FR,51235
2024-04-09T07:00Z,FR,52002
2024-04-09T08:00Z,FR,52224
2024-04-09T09:00Z,FR,52028
2024-04-09T10:00Z,FR,51642
2024-04-09T11:00Z,FR,51620
2024-04-09T12:00Z,FR,50866
2024-04-09T13:00Z,FR,50905
2024-04-09T14:00Z,FR,51284
2024-04-09T15:00Z,FR,52811
2024-04-09T16:00Z,FR,52871
2024-04-09T17:00Z,FR,51420
2024-04-09T18:00Z,FR,49227
2024-04-09T19:00Z,FR,46956
2024-04-09T20:00Z,FR,44066
2024-04-09T21:00Z,FR,40587
2024-04-09T22:00Z,FR,33752
2024-04-09T23:00Z,FR,32858
2024-04-10T00:00Z,FR,32391
2024-04-10T01:00Z,FR,32384
2024-04-10T02:00Z,FR,32694
2024-04-10T03:00Z,FR,35046
2024-04-10T04:00Z,FR,39408
2024-04-10T05:00Z,FR,43277
2024-04-10T06:00Z,FR,45609
2024-04-10T07:00Z,FR,46520
2024-04-10T08:00Z,FR,47185
2024-04-10T09:00Z,FR,47014
2024-04-10T10:00Z,FR,46339
2024-04-10T11:00Z,FR,45722
2024-04-10T12:00Z,FR,45556
2024-04-10T13:00Z,FR,45482
2024-04-10T14:00Z,FR,46052
2024-04-10T15:00Z,FR,47461
2024-04-10T16:00Z,FR,47528
2024-04-10T17:00Z,FR,45933
2024-04-10T18:00Z,FR,44388
2024-04-10T19:00Z,FR,42723
2024-04-10T20:00Z,FR,40075
2024-04-10T21:00Z,FR,37386
2024-04-10T22:00Z,FR,33313
2024-04-10T23:00Z,FR,32008
2024-04-11T00:00Z,FR,31148
2024-04-11T01:00Z,FR,31030
2024-04-11T02:00Z,FR,31337
2024-04-11T03:00Z,FR,33961
2024-04-11T04:00Z,FR,38307
2024-04-11T05:00Z,FR,41957
2024-04-11T06:00Z,FR,43902
2024-04-11T07:00Z,FR,44729
2024-04-11T08:00Z,FR,45217
2024-04-11T09:00Z,FR,45326
2024-04-11T10:00Z,FR,44891
2024-04-11T11:00Z,FR,44040
2024-04-11T12:00Z,FR,43751
2024-04-11T13:00Z,FR,43604
2024-04-11T14:00Z,FR,43889
2024-04-11T15:00Z,FR,45104
2024-04-11T16:00Z,FR,45023
2024-04-11T17:00Z,FR,44284
2024-04-11T18:00Z,FR,42401
2024-04-11T19:00Z,FR,40477
2024-04-11T20:00Z,FR,38643
2024-04-11T21:00Z,FR,35531
2024-04-11T22:00Z,FR,32393
2024-04-11T23:00Z,FR,30706
2024-04-12T00:00Z,FR,29918
2024-04-12T01:00Z,FR,29764
2024-04-12T02:00Z,FR,30314
2024-04-12T03:00Z,FR,32591
2024-04-12T04:00Z,FR,37018
2024-04-12T05:00Z,FR,41261
2024-04-12T06:00Z,FR,43466
2024-04-12T07:00Z,FR,44728
2024-04-12T08:00Z,FR,44956
2024-04-12T09:00Z,FR,44973
2024-04-12T10:00Z,FR,44115
2024-04-12T11:00Z,FR,44019
2024-04-12T12:00Z,FR,43238
2024-04-12T13:00Z,FR,42883
2024-04-12T14:00Z,FR,43082
2024-04-12T15:00Z,FR,44195
2024-04-12T16:00Z,FR,43754
2024-04-12T17:00Z,FR,42459
2024-04-12T18:00Z,FR,40946
2024-04-12T19:00Z,FR,39164
2024-04-12T20:00Z,FR,36765
2024-04-12T21:00Z,FR,34140
2024-04-12T22:00Z,FR,31566
2024-04-12T23:00Z,FR,30742
2024-04-13T00:00Z,FR,30140
2024-04-13T01:00Z,FR,30789
2024-04-13T02:00Z,FR,31081
2024-04-13T03:00Z,FR,32536
2024-04-13T04:00Z,FR,34903
2024-04-13T05:00Z,FR,37070
2024-04-13T06:00Z,FR,37772
2024-04-13T07:00Z,FR,38153
2024-04-13T08:00Z,FR,38173
2024-04-13T09:00Z,FR,38046
2024-04-13T10:00Z,FR,37990
2024-04-13T11:00Z,FR,38215
2024-04-13T12:00Z,FR,37841
2024-04-13T13:00Z,FR,37928
2024-04-13T14:00Z,FR,38222
2024-04-13T15:00Z,FR,38452
2024-04-13T16:00Z,FR,38562
2024-04-13T17:00Z,FR,38140
2024-04-13T18:00Z,FR,37661
2024-04-13T19:00Z,FR,36422
2024-04-13T20:00Z,FR,34904
2024-04-13T21:00Z,FR,32757
2024-04-13T22:00Z,FR,28935
2024-04-13T23:00Z,FR,28340
2024-04-14T00:00Z,FR,27611
2024-04-14T01:00Z,FR,28009
2024-04-14T02:00Z,FR,28399
2024-04-14T03:00Z,FR,29742
2024-04-14T04:00Z,FR,31718
2024-04-14T05:00Z,FR,33091
2024-04-14T06:00Z,FR,33897
2024-04-14T07:00Z,FR,34792
2024-04-14T08:00Z,FR,35170
2024-04-14T09:00Z,FR,35235
2024-04-14T10:00Z,FR,35430
2024-04-14T11:00Z,FR,35165
2024-04-14T12:00Z,FR,34742
2024-04-14T13:00Z,FR,35293
2024-04-14T14:00Z,FR,35890
2024-04-14T15:00Z,FR,35999
2024-04-14T16:00Z,FR,36173
2024-04-14T17:00Z,FR,35340
2024-04-14T18:00Z,FR,34214
2024-04-14T19:00Z,FR,32820
2024-04-14T20:00Z,FR,31028
2024-04-14T21:00Z,FR,30081
2024-04-14T22:00Z,FR,34751
2024-04-14T23:00Z,FR,33799
2024-04-15T00:00Z,FR,33217
2024-04-15T01:00Z,FR,32827
2024-04-15T02:00Z,FR,33613
2024-04-15T03:00Z,FR,35954
2024-04-15T04:00Z,FR,40157
2024-04-15T05:00Z,FR,43920
2024-04-15T06:00Z,FR,46354
2024-04-15T07:00Z,FR,47062
2024-04-15T08:00Z,FR,47558
2024-04-15T09:00Z,FR,47387
2024-04-15T10:00Z,FR,47326
2024-04-15T11:00Z,FR,46837
2024-04-15T12:00Z,FR,46098
2024-04-15T13:00Z,FR,46241
2024-04-15T14:00Z,FR,46634
2024-04-15T15:00Z,FR,47969
2024-04-15T16:00Z,FR,48282
2024-04-15T17:00Z,FR,47025
2024-04-15T18:00Z,FR,45356
2024-04-15T19:00Z,FR,43343
2024-04-15T20:00Z,FR,40493
2024-04-15T21:00Z,FR,37615
2024-04-15T22:00Z,FR,35908
2024-04-15T23:00Z,FR,34704
2024-04-16T00:00Z,FR,33979
2024-04-16T01:00Z,FR,33560
2024-04-16T02:00Z,FR,33957
2024-04-16T03:00Z,FR,36712
2024-04-16T04:00Z,FR,40820
2024-04-16T05:00Z,FR,45265
2024-04-16T06:00Z,FR,47127
2024-04-16T07:00Z,FR,48371
2024-04-16T08:00Z,FR,48608
2024-04-16T09:00Z,FR,48556
2024-04-16T10:00Z,FR,48771
2024-04-16T11:00Z,FR,47832
2024-04-16T12:00Z,FR,47732
2024-04-16T13:00Z,FR,47204
2024-04-16T14:00Z,FR,47503
2024-04-16T15:00Z,FR,48698
2024-04-16T16:00Z,FR,48910
2024-04-16T17:00Z,FR,47804
2024-04-16T18:00Z,FR,46267
2024-04-16T19:00Z,FR,44452
2024-04-16T20:00Z,FR,41632
2024-04-16T21:00Z,FR,38802
2024-04-16T22:00Z,FR,36423
2024-04-16T23:00Z,FR,35324
2024-04-17T00:00Z,FR,34385
2024-04-17T01:00Z,FR,33875
2024-04-17T02:00Z,FR,34249
2024-04-17T03:00Z,FR,36924
2024-04-17T04:00Z,FR,41572
2024-04-17T05:00Z,FR,45601
2024-04-17T06:00Z,FR,47877
2024-04-17T07:00Z,FR,48973
2024-04-17T08:00Z,FR,49544
2024-04-17T09:00Z,FR,49616
2024-04-17T10:00Z,FR,49036
2024-04-17T11:00Z,FR,48951
2024-04-17T12:00Z,FR,48350
2024-04-17T13:00Z,FR,48330
2024-04-17T14:00Z,FR,48992
2024-04-17T15:00Z,FR,50130
2024-04-17T16:00Z,FR,49725
2024-04-17T17:00Z,FR,48857
2024-04-17T18:00Z,FR,47113
2024-04-17T19:00Z,FR,44912
2024-04-17T20:00Z,FR,42483
2024-04-17T21:00Z,FR,38987
2024-04-17T22:00Z,FR,35120
2024-04-17T23:00Z,FR,34279
2024-04-18T00:00Z,FR,33751
2024-04-18T01:00Z,FR,33187
2024-04-18T02:00Z,FR,33119
2024-04-18T03:00Z,FR,35551
2024-04-18T04:00Z,FR,39915
2024-04-18T05:00Z,FR,43728
2024-04-18T06:00Z,FR,46109
2024-04-18T07:00Z,FR,47605
2024-04-18T08:00Z,FR,47863
2024-04-18T09:00Z,FR,47997
2024-04-18T10:00Z,FR,47453
2024-04-18T11:00Z,FR,47338
2024-04-18T12:00Z,FR,46706
2024-04-18T13:00Z,FR,46200
2024-04-18T14:00Z,FR,47069
2024-04-18T15:00Z,FR,47698
2024-04-18T16:00Z,FR,47500
2024-04-18T17:00Z,FR,46108
2024-04-18T18:00Z,FR,44390
2024-04-18T19:00Z,FR,42450
2024-04-18T20:00Z,FR,39698
2024-04-18T21:00Z,FR,36351
2024-04-18T22:00Z,FR,36338
2024-04-18T23:00Z,FR,35232
2024-04-19T00:00Z,FR,34565
2024-04-19T01:00Z,FR,34188
2024-04-19T02:00Z,FR,34987
2024-04-19T03:00Z,FR,37629
2024-04-19T04:00Z,FR,41995
2024-04-19T05:00Z,FR,46208
2024-04-19T06:00Z,FR,48440
2024-04-19T07:00Z,FR,49955
2024-04-19T08:00Z,FR,50414
2024-04-19T09:00Z,FR,50521
2024-04-19T10:00Z,FR,50306
2024-04-19T11:00Z,FR,50107
2024-04-19T12:00Z,FR,49874
2024-04-19T13:00Z,FR,49321
2024-04-19T14:00Z,FR,49248
2024-04-19T15:00Z,FR,50070
2024-04-19T16:00Z,FR,50282
2024-04-19T17:00Z,FR,48889
2024-04-19T18:00Z,FR,47012
2024-04-19T19:00Z,FR,45040
2024-04-19T20:00Z,FR,41978
2024-04-19T21:00Z,FR,38577
2024-04-19T22:00Z,FR,36507
2024-04-19T23:00Z,FR,35922
2024-04-20T00:00Z,FR,35286
2024-04-20T01:00Z,FR,35352
2024-04-20T02:00Z,FR,35395
2024-04-20T03:00Z,FR,37308
2024-04-20T04:00Z,FR,39868
2024-04-20T05:00Z,FR,42212
2024-04-20T06:00Z,FR,43876
2024-04-20T07:00Z,FR,44745
2024-04-20T08:00Z,FR,45316
2024-04-20T09:00Z,FR,45178
2024-04-20T10:00Z,FR,45007
2024-04-20T11:00Z,FR,44779
2024-04-20T12:00Z,FR,45005
2024-04-20T13:00Z,FR,45101
2024-04-20T14:00Z,FR,45173
2024-04-20T15:00Z,FR,45661
2024-04-20T16:00Z,FR,45505
2024-04-20T17:00Z,FR,44824
2024-04-20T18:00Z,FR,44014
2024-04-20T19:00Z,FR,42992
2024-04-20T20:00Z,FR,41617
2024-04-20T21:00Z,FR,39732
2024-04-20T22:00Z,FR,33869
2024-04-20T23:00Z,FR,33213
2024-04-21T00:00Z,FR,32265
2024-04-21T01:00Z,FR,32480
2024-04-21T02:00Z,FR,32757
2024-04-21T03:00Z,FR,33820
2024-04-21T04:00Z,FR,36257
2024-04-21T05:00Z,FR,38344
2024-04-21T06:00Z,FR,39046
2024-04-21T07:00Z,FR,39375
2024-04-21T08:00Z,FR,40053
2024-04-21T09:00Z,FR,39977
2024-04-21T10:00Z,FR,40049
2024-04-21T11:00Z,FR,40162
2024-04-21T12:00Z,FR,40014
2024-04-21T13:00Z,FR,39947
2024-04-21T14:00Z,FR,40438
2024-04-21T15:00Z,FR,41106
2024-04-21T16:00Z,FR,40876
2024-04-21T17:00Z,FR,40248
2024-04-21T18:00Z,FR,39310
2024-04-21T19:00Z,FR,38272
2024-04-21T20:00Z,FR,37179
2024-04-21T21:00Z,FR,35841
2024-04-21T22:00Z,FR,41332
2024-04-21T23:00Z,FR,39437
2024-04-22T00:00Z,FR,38626
2024-04-22T01:00Z,FR,38305
2024-04-22T02:00Z,FR,39308
2024-04-22T03:00Z,FR,42147
2024-04-22T04:00Z,FR,47269
2024-04-22T05:00Z,FR,52004
2024-04-22T06:00Z,FR,54111
2024-04-22T07:00Z,FR,55271
2024-04-22T08:00Z,FR,55737
2024-04-22T09:00Z,FR,56183
2024-04-22T10:00Z,FR,55517
2024-04-22T11:00Z,FR,55209
2024-04-22T12:00Z,FR,55010
2024-04-22T13:00Z,FR,54823
2024-04-22T14:00Z,FR,54670
2024-04-22T15:00Z,FR,56141
2024-04-22T16:00Z,FR,56360
2024-04-22T17:00Z,FR,54532
2024-04-22T18:00Z,FR,52440
2024-04-22T19:00Z,FR,50846
2024-04-22T20:00Z,FR,47658
2024-04-22T21:00Z,FR,44261
2024-04-22T22:00Z,FR,41663
2024-04-22T23:00Z,FR,40005
2024-04-23T00:00Z,FR,38928
2024-04-23T01:00Z,FR,38893
2024-04-23T02:00Z,FR,39501
2024-04-23T03:00Z,FR,42266
2024-04-23T04:00Z,FR,47357
2024-04-23T05:00Z,FR,52176
2024-04-23T06:00Z,FR,54639
2024-04-23T07:00Z,FR,56023
2024-04-23T08:00Z,FR,56740
2024-04-23T09:00Z,FR,56731
2024-04-23T10:00Z,FR,56340
2024-04-23T11:00Z,FR,56044
2024-04-23T12:00Z,FR,55512
2024-04-23T13:00Z,FR,54937
2024-04-23T14:00Z,FR,55162
2024-04-23T15:00Z,FR,55791
2024-04-23T16:00Z,FR,55583
2024-04-23T17:00Z,FR,54195
2024-04-23T18:00Z,FR,52340
2024-04-23T19:00Z,FR,50726
2024-04-23T20:00Z,FR,47512
2024-04-23T21:00Z,FR,43756
2024-04-23T22:00Z,FR,38999
2024-04-23T23:00Z,FR,37528
2024-04-24T00:00Z,FR,36717
2024-04-24T01:00Z,FR,36633
2024-04-24T02:00Z,FR,37471
2024-04-24T03:00Z,FR,40064
2024-04-24T04:00Z,FR,45007
2024-04-24T05:00Z,FR,49532
2024-04-24T06:00Z,FR,51723
2024-04-24T07:00Z,FR,53623
2024-04-24T08:00Z,FR,54072
2024-04-24T09:00Z,FR,54762
2024-04-24T10:00Z,FR,54556
2024-04-24T11:00Z,FR,53564
2024-04-24T12:00Z,FR,53101
2024-04-24T13:00Z,FR,52735
2024-04-24T14:00Z,FR,52656
2024-04-24T15:00Z,FR,53845
2024-04-24T16:00Z,FR,53826
2024-04-24T17:00Z,FR,52199
2024-04-24T18:00Z,FR,50601
2024-04-24T19:00Z,FR,48238
2024-04-24T20:00Z,FR,46050
2024-04-24T21:00Z,FR,42881
2024-04-24T22:00Z,FR,35822
2024-04-24T23:00Z,FR,34321
2024-04-25T00:00Z,FR,33548
2024-04-25T01:00Z,FR,33503
2024-04-25T02:00Z,FR,34108
2024-04-25T03:00Z,FR,36846
2024-04-25T04:00Z,FR,41202
2024-04-25T05:00Z,FR,45210
2024-04-25T06:00Z,FR,47572
2024-04-25T07:00Z,FR,49063
2024-04-25T08:00Z,FR,49520
2024-04-25T09:00Z,FR,49494
2024-04-25T10:00Z,FR,49408
2024-04-25T11:00Z,FR,49222
2024-04-25T12:00Z,FR,48431
2024-04-25T13:00Z,FR,48376
2024-04-25T14:00Z,FR,48753
2024-04-25T15:00Z,FR,49737
2024-04-25T16:00Z,FR,49662
2024-04-25T17:00Z,FR,48428
2024-04-25T18:00Z,FR,46876
2024-04-25T19:00Z,FR,45029
2024-04-25T20:00Z,FR,42394
2024-04-25T21:00Z,FR,39562
2024-04-25T22:00Z,FR,33544
2024-04-25T23:00Z,FR,32045
2024-04-26T00:00Z,FR,31297
2024-04-26T01:00Z,FR,31573
2024-04-26T02:00Z,FR,32215
2024-04-26T03:00Z,FR,34395
2024-04-26T04:00Z,FR,37713
2024-04-26T05:00Z,FR,41592
2024-04-26T06:00Z,FR,43386
2024-04-26T07:00Z,FR,44744
2024-04-26T08:00Z,FR,45431
2024-04-26T09:00Z,FR,45568
2024-04-26T10:00Z,FR,45302
2024-04-26T11:00Z,FR,44576
2024-04-26T12:00Z,FR,44526
2024-04-26T13:00Z,FR,43678
2024-04-26T14:00Z,FR,43693
2024-04-26T15:00Z,FR,44710
2024-04-26T16:00Z,FR,44999
2024-04-26T17:00Z,FR,44113
2024-04-26T18:00Z,FR,42646
2024-04-26T19:00Z,FR,40783
2024-04-26T20:00Z,FR,38630
2024-04-26T21:00Z,FR,36117
2024-04-26T22:00Z,FR,32098
2024-04-26T23:00Z,FR,31251
2024-04-27T00:00Z,FR,31412
2024-04-27T01:00Z,FR,31174
2024-04-27T02:00Z,FR,31442
2024-04-27T03:00Z,FR,32534
2024-04-27T04:00Z,FR,34573
2024-04-27T05:00Z,FR,36601
2024-04-27T06:00Z,FR,37849
2024-04-27T07:00Z,FR,38559
2024-04-27T08:00Z,FR,38654
2024-04-27T09:00Z,FR,38484
2024-04-27T10:00Z,FR,38457
2024-04-27T11:00Z,FR,37825
2024-04-27T12:00Z,FR,37537
2024-04-27T13:00Z,FR,37535
2024-04-27T14:00Z,FR,37808
2024-04-27T15:00Z,FR,38289
2024-04-27T16:00Z,FR,38172
2024-04-27T17:00Z,FR,37614
2024-04-27T18:00Z,FR,36915
2024-04-27T19:00Z,FR,35902
2024-04-27T20:00Z,FR,34724
2024-04-27T21:00Z,FR,33216
2024-04-27T22:00Z,FR,29432
2024-04-27T23:00Z,FR,28978
2024-04-28T00:00Z,FR,28626
2024-04-28T01:00Z,FR,28732
2024-04-28T02:00Z,FR,28570
2024-04-28T03:00Z,FR,29647
2024-04-28T04:00Z,FR,31849
2024-04-28T05:00Z,FR,33667
2024-04-28T06:00Z,FR,34634
2024-04-28T07:00Z,FR,35126
2024-04-28T08:00Z,FR,35528
2024-04-28T09:00Z,FR,35260
2024-04-28T10:00Z,FR,35350
2024-04-28T11:00Z,FR,35182
2024-04-28T12:00Z,FR,34922
2024-04-28T13:00Z,FR,34407
2024-04-28T14:00Z,FR,34661
2024-04-28T15:00Z,FR,35271
2024-04-28T16:00Z,FR,34757
2024-04-28T17:00Z,FR,34473
2024-04-28T18:00Z,FR,33997
2024-04-28T19:00Z,FR,33043
2024-04-28T20:00Z,FR,31929
2024-04-28T21:00Z,FR,30552
2024-04-28T22:00Z,FR,37982
2024-04-28T23:00Z,FR,36513
2024-04-29T00:00Z,FR,35842
2024-04-29T01:00Z,FR,35672
2024-04-29T02:00Z,FR,36414
2024-04-29T03:00Z,FR,39067
2024-04-29T04:00Z,FR,43656
2024-04-29T05:00Z,FR,48112
2024-04-29T06:00Z,FR,50214
2024-04-29T07:00Z,FR,51269
2024-04-29T08:00Z,FR,51970
2024-04-29T09:00Z,FR,52035
2024-04-29T10:00Z,FR,51896
2024-04-29T11:00Z,FR,51689
2024-04-29T12:00Z,FR,50691
2024-04-29T13:00Z,FR,50327
2024-04-29T14:00Z,FR,50802
2024-04-29T15:00Z,FR,51284
2024-04-29T16:00Z,FR,51212
2024-04-29T17:00Z,FR,50308
2024-04-29T18:00Z,FR,48463
2024-04-29T19:00Z,FR,46958
2024-04-29T20:00Z,FR,44204
2024-04-29T21:00Z,FR,40585
2024-04-29T22:00Z,FR,34921
2024-04-29T23:00Z,FR,33833
2024-04-30T00:00Z,FR,32715
2024-04-30T01:00Z,FR,32175
2024-04-30T02:00Z,FR,32495
2024-04-30T03:00Z,FR,35291
2024-04-30T04:00Z,FR,39689
2024-04-30T05:00Z,FR,43493
2024-04-30T06:00Z,FR,46063
2024-04-30T07:00Z,FR,47502
2024-04-30T08:00Z,FR,47992
2024-04-30T09:00Z,FR,47893
2024-04-30T10:00Z,FR,47341
2024-04-30T11:00Z,FR,46545
2024-04-30T12:00Z,FR,45699
2024-04-30T13:00Z,FR,45436
2024-04-30T14:00Z,FR,45529
2024-04-30T15:00Z,FR,46237
2024-04-30T16:00Z,FR,46293
2024-04-30T17:00Z,FR,45396
2024-04-30T18:00Z,FR,43975
2024-04-30T19:00Z,FR,42271
2024-04-30T20:00Z,FR,39914
2024-04-30T21:00Z,FR,37359
2024-04-30T22:00Z,FR,28839
2024-04-30T23:00Z,FR,28817
2024-05-01T00:00Z,FR,28632
2024-05-01T01:00Z,FR,28537
2024-05-01T02:00Z,FR,28625
2024-05-01T03:00Z,FR,29793
2024-05-01T04:00Z,FR,31528
2024-05-01T05:00Z,FR,33035
2024-05-01T06:00Z,FR,33952
2024-05-01T07:00Z,FR,34602
2024-05-01T08:00Z,FR,34758
2024-05-01T09:00Z,FR,34475
2024-05-01T10:00Z,FR,34301
2024-05-01T11:00Z,FR,34573
2024-05-01T12:00Z,FR,34555
2024-05-01T13:00Z,FR,34237
2024-05-01T14:00Z,FR,34489
2024-05-01T15:00Z,FR,34789
2024-05-01T16:00Z,FR,34817
2024-05-01T17:00Z,FR,33734
2024-05-01T18:00Z,FR,33246
2024-05-01T19:00Z,FR,32544
2024-05-01T20:00Z,FR,31164
2024-05-01T21:00Z,FR,29782
2024-05-01T22:00Z,FR,32659
2024-05-01T23:00Z,FR,31844
2024-05-02T00:00Z,FR,31126
2024-05-02T01:00Z,FR,30655
2024-05-02T02:00Z,FR,31531
2024-05-02T03:00Z,FR,33666
2024-05-02T04:00Z,FR,38297
2024-05-02T05:00Z,FR,41634
2024-05-02T06:00Z,FR,43769
2024-05-02T07:00Z,FR,44995
2024-05-02T08:00Z,FR,45647
2024-05-02T09:00Z,FR,46087
2024-05-02T10:00Z,FR,45728
2024-05-02T11:00Z,FR,44950
2024-05-02T12:00Z,FR,44634
2024-05-02T13:00Z,FR,44131
2024-05-02T14:00Z,FR,44150
2024-05-02T15:00Z,FR,44585
2024-05-02T16:00Z,FR,44375
2024-05-02T17:00Z,FR,43591
2024-05-02T18:00Z,FR,41989
2024-05-02T19:00Z,FR,40437
2024-05-02T20:00Z,FR,38047
2024-05-02T21:00Z,FR,35163
2024-05-02T22:00Z,FR,32928
2024-05-02T23:00Z,FR,32153
2024-05-03T00:00Z,FR,31231
2024-05-03T01:00Z,FR,30685
2024-05-03T02:00Z,FR,31217
2024-05-03T03:00Z,FR,33652
2024-05-03T04:00Z,FR,37648
2024-05-03T05:00Z,FR,41671
2024-05-03T06:00Z,FR,43773
2024-05-03T07:00Z,FR,44837
2024-05-03T08:00Z,FR,44926
2024-05-03T09:00Z,FR,44867
2024-05-03T10:00Z,FR,44513
2024-05-03T11:00Z,FR,44312
2024-05-03T12:00Z,FR,44088
2024-05-03T13:00Z,FR,43750
2024-05-03T14:00Z,FR,44168
2024-05-03T15:00Z,FR,44340
2024-05-03T16:00Z,FR,44641
2024-05-03T17:00Z,FR,44077
2024-05-03T18:00Z,FR,42384
2024-05-03T19:00Z,FR,40641
2024-05-03T20:00Z,FR,38409
2024-05-03T21:00Z,FR,35082
2024-05-03T22:00Z,FR,30986
2024-05-03T23:00Z,FR,30654
2024-05-04T00:00Z,FR,30488
2024-05-04T01:00Z,FR,30230
2024-05-04T02:00Z,FR,30387
2024-05-04T03:00Z,FR,31730
2024-05-04T04:00Z,FR,33877
2024-05-04T05:00Z,FR,35905
2024-05-04T06:00Z,FR,36896
2024-05-04T07:00Z,FR,37803
2024-05-04T08:00Z,FR,37845
2024-05-04T09:00Z,FR,38159
2024-05-04T10:00Z,FR,37952
2024-05-04T11:00Z,FR,37570
2024-05-04T12:00Z,FR,37185
2024-05-04T13:00Z,FR,36972
2024-05-04T14:00Z,FR,37178
2024-05-04T15:00Z,FR,37244
2024-05-04T16:00Z,FR,36898
2024-05-04T17:00Z,FR,36363
2024-05-04T18:00Z,FR,35598
2024-05-04T19:00Z,FR,34542
2024-05-04T20:00Z,FR,33015
2024-05-04T21:00Z,FR,31763
2024-05-04T22:00Z,FR,27736
2024-05-04T23:00Z,FR,26954
2024-05-05T00:00Z,FR,27206
2024-05-05T01:00Z,FR,27550
2024-05-05T02:00Z,FR,27695
2024-05-05T03:00Z,FR,28601
2024-05-05T04:00Z,FR,30576
2024-05-05T05:00Z,FR,31899
2024-05-05T06:00Z,FR,33187
2024-05-05T07:00Z,FR,33427
2024-05-05T08:00Z,FR,33782
2024-05-05T09:00Z,FR,33655
2024-05-05T10:00Z,FR,33438
2024-05-05T11:00Z,FR,33072
2024-05-05T12:00Z,FR,33209
2024-05-05T13:00Z,FR,32686
2024-05-05T14:00Z,FR,32860
2024-05-05T15:00Z,FR,33159
2024-05-05T16:00Z,FR,33140
2024-05-05T17:00Z,FR,32581
2024-05-05T18:00Z,FR,31682
2024-05-05T19:00Z,FR,31445
2024-05-05T20:00Z,FR,30551
2024-05-05T21:00Z,FR,29054
2024-05-05T22:00Z,FR,32436
2024-05-05T23:00Z,FR,30789
2024-05-06T00:00Z,FR,30125
2024-05-06T01:00Z,FR,30218
2024-05-06T02:00Z,FR,30465
2024-05-06T03:00Z,FR,32571
2024-05-06T04:00Z,FR,36808
2024-05-06T05:00Z,FR,40854
2024-05-06T06:00Z,FR,43106
2024-05-06T07:00Z,FR,44253
2024-05-06T08:00Z,FR,44362
2024-05-06T09:00Z,FR,44779
2024-05-06T10:00Z,FR,44661
2024-05-06T11:00Z,FR,44562
2024-05-06T12:00Z,FR,44207
2024-05-06T13:00Z,FR,44198
2024-05-06T14:00Z,FR,43805
2024-05-06T15:00Z,FR,43959
2024-05-06T16:00Z,FR,44321
2024-05-06T17:00Z,FR,43262
2024-05-06T18:00Z,FR,41751
2024-05-06T19:00Z,FR,40033
2024-05-06T20:00Z,FR,37553
2024-05-06T21:00Z,FR,34712
2024-05-06T22:00Z,FR,32525
2024-05-06T23:00Z,FR,31631
2024-05-07T00:00Z,FR,30805
2024-05-07T01:00Z,FR,30323
2024-05-07T02:00Z,FR,30621
2024-05-07T03:00Z,FR,33427
2024-05-07T04:00Z,FR,37196
2024-05-07T05:00Z,FR,40736
2024-05-07T06:00Z,FR,43188
2024-05-07T07:00Z,FR,44304
2024-05-07T08:00Z,FR,45476
2024-05-07T09:00Z,FR,45832
2024-05-07T10:00Z,FR,45670
2024-05-07T11:00Z,FR,45107
2024-05-07T12:00Z,FR,44399
2024-05-07T13:00Z,FR,43831
2024-05-07T14:00Z,FR,44152
2024-05-07T15:00Z,FR,44703
2024-05-07T16:00Z,FR,44578
2024-05-07T17:00Z,FR,43554
2024-05-07T18:00Z,FR,41600
2024-05-07T19:00Z,FR,40036
2024-05-07T20:00Z,FR,37683
2024-05-07T21:00Z,FR,34831
2024-05-07T22:00Z,FR,28551
2024-05-07T23:00Z,FR,28033
2024-05-08T00:00Z,FR,27836
2024-05-08T01:00Z,FR,27555
2024-05-08T02:00Z,FR,27929
2024-05-08T03:00Z,FR,28673
2024-05-08T04:00Z,FR,30657
2024-05-08T05:00Z,FR,32639
2024-05-08T06:00Z,FR,33659
2024-05-08T07:00Z,FR,34304
2024-05-08T08:00Z,FR,34690
2024-05-08T09:00Z,FR,34248
2024-05-08T10:00Z,FR,34212
2024-05-08T11:00Z,FR,34335
2024-05-08T12:00Z,FR,34051
2024-05-08T13:00Z,FR,33729
2024-05-08T14:00Z,FR,34028
2024-05-08T15:00Z,FR,34142
2024-05-08T16:00Z,FR,33736
2024-05-08T17:00Z,FR,33051
2024-05-08T18:00Z,FR,32040
2024-05-08T19:00Z,FR,31794
2024-05-08T20:00Z,FR,30826
2024-05-08T21:00Z,FR,29738
2024-05-08T22:00Z,FR,29143
2024-05-08T23:00Z,FR,28410
2024-05-09T00:00Z,FR,27947
2024-05-09T01:00Z,FR,27791
2024-05-09T02:00Z,FR,27506
2024-05-09T03:00Z,FR,28584
2024-05-09T04:00Z,FR,30537
2024-05-09T05:00Z,FR,31815
2024-05-09T06:00Z,FR,33208
2024-05-09T07:00Z,FR,33883
2024-05-09T08:00Z,FR,34109
2024-05-09T09:00Z,FR,34439
2024-05-09T10:00Z,FR,34095
2024-05-09T11:00Z,FR,34082
2024-05-09T12:00Z,FR,33808
2024-05-09T13:00Z,FR,33655
2024-05-09T14:00Z,FR,33717
2024-05-09T15:00Z,FR,34181
2024-05-09T16:00Z,FR,34367
2024-05-09T17:00Z,FR,33728
2024-05-09T18:00Z,FR,33030
2024-05-09T19:00Z,FR,32016
2024-05-09T20:00Z,FR,31141
2024-05-09T21:00Z,FR,29701
2024-05-09T22:00Z,FR,32540
2024-05-09T23:00Z,FR,30917
2024-05-10T00:00Z,FR,30430
2024-05-10T01:00Z,FR,30354
2024-05-10T02:00Z,FR,30808
2024-05-10T03:00Z,FR,33451
2024-05-10T04:00Z,FR,37234
2024-05-10T05:00Z,FR,40821
2024-05-10T06:00Z,FR,42883
2024-05-10T07:00Z,FR,44416
2024-05-10T08:00Z,FR,45167
2024-05-10T09:00Z,FR,45564
2024-05-10T10:00Z,FR,44993
2024-05-10T11:00Z,FR,44527
2024-05-10T12:00Z,FR,44077
2024-05-10T13:00Z,FR,44089
2024-05-10T14:00Z,FR,44160
2024-05-10T15:00Z,FR,44784
2024-05-10T16:00Z,FR,44526
2024-05-10T17:00Z,FR,43340
2024-05-10T18:00Z,FR,41804
2024-05-10T19:00Z,FR,40075
2024-05-10T20:00Z,FR,38215
2024-05-10T21:00Z,FR,35477
2024-05-10T22:00Z,FR,31482
2024-05-10T23:00Z,FR,31351
2024-05-11T00:00Z,FR,30493
2024-05-11T01:00Z,FR,30343
2024-05-11T02:00Z,FR,30505
2024-05-11T03:00Z,FR,31708
2024-05-11T04:00Z,FR,34147
2024-05-11T05:00Z,FR,35978
2024-05-11T06:00Z,FR,37258
2024-05-11T07:00Z,FR,38215
2024-05-11T08:00Z,FR,38740
2024-05-11T09:00Z,FR,38407
2024-05-11T10:00Z,FR,38269
2024-05-11T11:00Z,FR,38241
2024-05-11T12:00Z,FR,37399
2024-05-11T13:00Z,FR,37246
2024-05-11T14:00Z,FR,37134
2024-05-11T15:00Z,FR,37585
2024-05-11T16:00Z,FR,37772
2024-05-11T17:00Z,FR,37768
2024-05-11T18:00Z,FR,36637
2024-05-11T19:00Z,FR,35969
2024-05-11T20:00Z,FR,34554
2024-05-11T21:00Z,FR,33160
2024-05-11T22:00Z,FR,28694
2024-05-11T23:00Z,FR,27830
2024-05-12T00:00Z,FR,27830
2024-05-12T01:00Z,FR,27363
2024-05-12T02:00Z,FR,27819
2024-05-12T03:00Z,FR,28929
2024-05-12T04:00Z,FR,30825
2024-05-12T05:00Z,FR,32554
2024-05-12T06:00Z,FR,33784
2024-05-12T07:00Z,FR,33946
2024-05-12T08:00Z,FR,33916
2024-05-12T09:00Z,FR,34131
2024-05-12T10:00Z,FR,34013
2024-05-12T11:00Z,FR,33936
2024-05-12T12:00Z,FR,33262
2024-05-12T13:00Z,FR,33340
2024-05-12T14:00Z,FR,33543
2024-05-12T15:00Z,FR,33781
2024-05-12T16:00Z,FR,33556
2024-05-12T17:00Z,FR,33040
2024-05-12T18:00Z,FR,32512
2024-05-12T19:00Z,FR,32087
2024-05-12T20:00Z,FR,31341
2024-05-12T21:00Z,FR,30026
2024-05-12T22:00Z,FR,32930
2024-05-12T23:00Z,FR,31748
2024-05-13T00:00Z,FR,30850
2024-05-13T01:00Z,FR,30670
2024-05-13T02:00Z,FR,31104
2024-05-13T03:00Z,FR,33076
2024-05-13T04:00Z,FR,36512
2024-05-13T05:00Z,FR,40123
2024-05-13T06:00Z,FR,42622
2024-05-13T07:00Z,FR,43734
2024-05-13T08:00Z,FR,44714
2024-05-13T09:00Z,FR,44505
2024-05-13T10:00Z,FR,44488
2024-05-13T11:00Z,FR,44354
2024-05-13T12:00Z,FR,44057
2024-05-13T13:00Z,FR,44000
2024-05-13T14:00Z,FR,43370
2024-05-13T15:00Z,FR,43742
2024-05-13T16:00Z,FR,43589
2024-05-13T17:00Z,FR,42213
2024-05-13T18:00Z,FR,41673
2024-05-13T19:00Z,FR,40251
2024-05-13T20:00Z,FR,37868
2024-05-13T21:00Z,FR,34981
2024-05-13T22:00Z,FR,32209
2024-05-13T23:00Z,FR,31045
2024-05-14T00:00Z,FR,30431
2024-05-14T01:00Z,FR,30394
2024-05-14T02:00Z,FR,30753
2024-05-14T03:00Z,FR,33213
2024-05-14T04:00Z,FR,37084
2024-05-14T05:00Z,FR,41233
2024-05-14T06:00Z,FR,43432
2024-05-14T07:00Z,FR,44519
2024-05-14T08:00Z,FR,45348
2024-05-14T09:00Z,FR,45746
2024-05-14T10:00Z,FR,44727
2024-05-14T11:00Z,FR,44524
2024-05-14T12:00Z,FR,44063
2024-05-14T13:00Z,FR,43319
2024-05-14T14:00Z,FR,43296
2024-05-14T15:00Z,FR,43560
2024-05-14T16:00Z,FR,43647
2024-05-14T17:00Z,FR,42238
2024-05-14T18:00Z,FR,41138
2024-05-14T19:00Z,FR,39834
2024-05-14T20:00Z,FR,37949
2024-05-14T21:00Z,FR,34871
2024-05-14T22:00Z,FR,32322
2024-05-14T23:00Z,FR,31234
2024-05-15T00:00Z,FR,30158
2024-05-15T01:00Z,FR,30316
2024-05-15T02:00Z,FR,30975
2024-05-15T03:00Z,FR,32652
2024-05-15T04:00Z,FR,35767
2024-05-15T05:00Z,FR,39911
2024-05-15T06:00Z,FR,41951
2024-05-15T07:00Z,FR,43337
2024-05-15T08:00Z,FR,43537
2024-05-15T09:00Z,FR,44025
2024-05-15T10:00Z,FR,43840
2024-05-15T11:00Z,FR,43688
2024-05-15T12:00Z,FR,43313
2024-05-15T13:00Z,FR,43143
2024-05-15T14:00Z,FR,43161
2024-05-15T15:00Z,FR,43281
2024-05-15T16:00Z,FR,43054
2024-05-15T17:00Z,FR,42266
2024-05-15T18:00Z,FR,41024
2024-05-15T19:00Z,FR,40135
2024-05-15T20:00Z,FR,37603
2024-05-15T21:00Z,FR,34446
2024-05-15T22:00Z,FR,31629
2024-05-15T23:00Z,FR,30400
2024-05-16T00:00Z,FR,29578
2024-05-16T01:00Z,FR,29654
2024-05-16T02:00Z,FR,30019
2024-05-16T03:00Z,FR,32049
2024-05-16T04:00Z,FR,35707
2024-05-16T05:00Z,FR,39572
2024-05-16T06:00Z,FR,41592
2024-05-16T07:00Z,FR,42918
2024-05-16T08:00Z,FR,43510
2024-05-16T09:00Z,FR,43644
2024-05-16T10:00Z,FR,43529
2024-05-16T11:00Z,FR,43274
2024-05-16T12:00Z,FR,42853
2024-05-16T13:00Z,FR,42618
2024-05-16T14:00Z,FR,42677
2024-05-16T15:00Z,FR,42940
2024-05-16T16:00Z,FR,42598
2024-05-16T17:00Z,FR,41416
2024-05-16T18:00Z,FR,40328
2024-05-16T19:00Z,FR,38993
2024-05-16T20:00Z,FR,37151
2024-05-16T21:00Z,FR,34579
2024-05-16T22:00Z,FR,31550
2024-05-16T23:00Z,FR,30462
2024-05-17T00:00Z,FR,29498
2024-05-17T01:00Z,FR,29036
2024-05-17T02:00Z,FR,29668
2024-05-17T03:00Z,FR,31746
2024-05-17T04:00Z,FR,35596
2024-05-17T05:00Z,FR,39781
2024-05-17T06:00Z,FR,42052
2024-05-17T07:00Z,FR,43430
2024-05-17T08:00Z,FR,43704
2024-05-17T09:00Z,FR,44554
2024-05-17T10:00Z,FR,44601
2024-05-17T11:00Z,FR,43492
2024-05-17T12:00Z,FR,43111
2024-05-17T13:00Z,FR,42278
2024-05-17T14:00Z,FR,42410
2024-05-17T15:00Z,FR,42976
2024-05-17T16:00Z,FR,43011
2024-05-17T17:00Z,FR,42317
2024-05-17T18:00Z,FR,40997
2024-05-17T19:00Z,FR,39824
2024-05-17T20:00Z,FR,37918
2024-05-17T21:00Z,FR,35253
2024-05-17T22:00Z,FR,31665
2024-05-17T23:00Z,FR,31117
2024-05-18T00:00Z,FR,30349
2024-05-18T01:00Z,FR,30071
2024-05-18T02:00Z,FR,30408
2024-05-18T03:00Z,FR,31374
2024-05-18T04:00Z,FR,33696
2024-05-18T05:00Z,FR,35676
2024-05-18T06:00Z,FR,36795
2024-05-18T07:00Z,FR,37541
2024-05-18T08:00Z,FR,37915
2024-05-18T09:00Z,FR,37754
2024-05-18T10:00Z,FR,37576
2024-05-18T11:00Z,FR,37243
2024-05-18T12:00Z,FR,37062
2024-05-18T13:00Z,FR,37219
2024-05-18T14:00Z,FR,37065
2024-05-18T15:00Z,FR,37462
2024-05-18T16:00Z,FR,37411
2024-05-18T17:00Z,FR,36470
2024-05-18T18:00Z,FR,35791
2024-05-18T19:00Z,FR,34813
2024-05-18T20:00Z,FR,34130
2024-05-18T21:00Z,FR,32889
2024-05-18T22:00Z,FR,29015
2024-05-18T23:00Z,FR,28224
2024-05-19T00:00Z,FR,27864
2024-05-19T01:00Z,FR,28069
2024-05-19T02:00Z,FR,27926
2024-05-19T03:00Z,FR,28519
2024-05-19T04:00Z,FR,30226
2024-05-19T05:00Z,FR,32105
2024-05-19T06:00Z,FR,33175
2024-05-19T07:00Z,FR,34011
2024-05-19T08:00Z,FR,34244
2024-05-19T09:00Z,FR,34281
2024-05-19T10:00Z,FR,34299
2024-05-19T11:00Z,FR,33953
2024-05-19T12:00Z,FR,33932
2024-05-19T13:00Z,FR,33934
2024-05-19T14:00Z,FR,33766
2024-05-19T15:00Z,FR,34011
2024-05-19T16:00Z,FR,34027
2024-05-19T17:00Z,FR,33492
2024-05-19T18:00Z,FR,33113
2024-05-19T19:00Z,FR,32205
2024-05-19T20:00Z,FR,30924
2024-05-19T21:00Z,FR,29687
2024-05-19T22:00Z,FR,29009
2024-05-19T23:00Z,FR,28472
2024-05-20T00:00Z,FR,28482
2024-05-20T01:00Z,FR,28097
2024-05-20T02:00Z,FR,28044
2024-05-20T03:00Z,FR,29113
2024-05-20T04:00Z,FR,30803
2024-05-20T05:00Z,FR,32413
2024-05-20T06:00Z,FR,32921
2024-05-20T07:00Z,FR,33223
2024-05-20T08:00Z,FR,33532
2024-05-20T09:00Z,FR,33964
2024-05-20T10:00Z,FR,33392
2024-05-20T11:00Z,FR,33487
2024-05-20T12:00Z,FR,33888
2024-05-20T13:00Z,FR,33447
2024-05-20T14:00Z,FR,33378
2024-05-20T15:00Z,FR,34003
2024-05-20T16:00Z,FR,34093
2024-05-20T17:00Z,FR,33649
2024-05-20T18:00Z,FR,32768
2024-05-20T19:00Z,FR,31882
2024-05-20T20:00Z,FR,30833
2024-05-20T21:00Z,FR,29734
2024-05-20T22:00Z,FR,32672
2024-05-20T23:00Z,FR,31650
2024-05-21T00:00Z,FR,30800
2024-05-21T01:00Z,FR,30788
2024-05-21T02:00Z,FR,31197
2024-05-21T03:00Z,FR,32918
2024-05-21T04:00Z,FR,36855
2024-05-21T05:00Z,FR,40174
2024-05-21T06:00Z,FR,42704
2024-05-21T07:00Z,FR,44079
2024-05-21T08:00Z,FR,44807
2024-05-21T09:00Z,FR,44737
2024-05-21T10:00Z,FR,44250
2024-05-21T11:00Z,FR,44052
2024-05-21T12:00Z,FR,43673
2024-05-21T13:00Z,FR,43477
2024-05-21T14:00Z,FR,43512
2024-05-21T15:00Z,FR,43989
2024-05-21T16:00Z,FR,43421
2024-05-21T17:00Z,FR,42510
2024-05-21T18:00Z,FR,41286
2024-05-21T19:00Z,FR,39665
2024-05-21T20:00Z,FR,37714
2024-05-21T21:00Z,FR,35015
2024-05-21T22:00Z,FR,32909
2024-05-21T23:00Z,FR,31702
2024-05-22T00:00Z,FR,30678
2024-05-22T01:00Z,FR,30312
2024-05-22T02:00Z,FR,30852
2024-05-22T03:00Z,FR,33361
2024-05-22T04:00Z,FR,37155
2024-05-22T05:00Z,FR,40747
2024-05-22T06:00Z,FR,43077
2024-05-22T07:00Z,FR,44173
2024-05-22T08:00Z,FR,44454
2024-05-22T09:00Z,FR,44378
2024-05-22T10:00Z,FR,44798
2024-05-22T11:00Z,FR,43666
2024-05-22T12:00Z,FR,42958
2024-05-22T13:00Z,FR,42985
2024-05-22T14:00Z,FR,43072
2024-05-22T15:00Z,FR,43286
2024-05-22T16:00Z,FR,43121
2024-05-22T17:00Z,FR,42808
2024-05-22T18:00Z,FR,41350
2024-05-22T19:00Z,FR,39623
2024-05-22T20:00Z,FR,37718
2024-05-22T21:00Z,FR,34324
2024-05-22T22:00Z,FR,33730
2024-05-22T23:00Z,FR,32494
2024-05-23T00:00Z,FR,31696
2024-05-23T01:00Z,FR,31547
2024-05-23T02:00Z,FR,32085
2024-05-23T03:00Z,FR,34492
2024-05-23T04:00Z,FR,38233
2024-05-23T05:00Z,FR,42452
2024-05-23T06:00Z,FR,45231
2024-05-23T07:00Z,FR,46573
2024-05-23T08:00Z,FR,46847
2024-05-23T09:00Z,FR,46647
2024-05-23T10:00Z,FR,46752
2024-05-23T11:00Z,FR,46173
2024-05-23T12:00Z,FR,45843
2024-05-23T13:00Z,FR,45487
2024-05-23T14:00Z,FR,45191
2024-05-23T15:00Z,FR,45158
2024-05-23T16:00Z,FR,44648
2024-05-23T17:00Z,FR,43809
2024-05-23T18:00Z,FR,42613
2024-05-23T19:00Z,FR,41753
2024-05-23T20:00Z,FR,39309
2024-05-23T21:00Z,FR,36188
2024-05-23T22:00Z,FR,32630
2024-05-23T23:00Z,FR,30739
2024-05-24T00:00Z,FR,30131
2024-05-24T01:00Z,FR,30084
2024-05-24T02:00Z,FR,30562
2024-05-24T03:00Z,FR,33092
2024-05-24T04:00Z,FR,36914
2024-05-24T05:00Z,FR,40511
2024-05-24T06:00Z,FR,42615
2024-05-24T07:00Z,FR,44322
2024-05-24T08:00Z,FR,44693
2024-05-24T09:00Z,FR,45113
2024-05-24T10:00Z,FR,44624
2024-05-24T11:00Z,FR,44441
2024-05-24T12:00Z,FR,44237
2024-05-24T13:00Z,FR,44202
2024-05-24T14:00Z,FR,44198
2024-05-24T15:00Z,FR,44280
2024-05-24T16:00Z,FR,43794
2024-05-24T17:00Z,FR,42627
2024-05-24T18:00Z,FR,41644
2024-05-24T19:00Z,FR,40110
2024-05-24T20:00Z,FR,38151
2024-05-24T21:00Z,FR,35470
2024-05-24T22:00Z,FR,31544
2024-05-24T23:00Z,FR,30834
2024-05-25T00:00Z,FR,30079
2024-05-25T01:00Z,FR,30410
2024-05-25T02:00Z,FR,30987
2024-05-25T03:00Z,FR,32238
2024-05-25T04:00Z,FR,34079
2024-05-25T05:00Z,FR,36288
2024-05-25T06:00Z,FR,36757
2024-05-25T07:00Z,FR,37452
2024-05-25T08:00Z,FR,38172
2024-05-25T09:00Z,FR,37906
2024-05-25T10:00Z,FR,37708
2024-05-25T11:00Z,FR,37518
2024-05-25T12:00Z,FR,37285
2024-05-25T13:00Z,FR,37113
2024-05-25T14:00Z,FR,37317
2024-05-25T15:00Z,FR,37555
2024-05-25T16:00Z,FR,37063
2024-05-25T17:00Z,FR,36597
2024-05-25T18:00Z,FR,36009
2024-05-25T19:00Z,FR,35300
2024-05-25T20:00Z,FR,34194
2024-05-25T21:00Z,FR,32598
2024-05-25T22:00Z,FR,28494
2024-05-25T23:00Z,FR,27661
2024-05-26T00:00Z,FR,27582
2024-05-26T01:00Z,FR,27987
2024-05-26T02:00Z,FR,28331
2024-05-26T03:00Z,FR,29310
2024-05-26T04:00Z,FR,31025
2024-05-26T05:00Z,FR,32729
2024-05-26T06:00Z,FR,34043
2024-05-26T07:00Z,FR,34455
2024-05-26T08:00Z,FR,34878
2024-05-26T09:00Z,FR,34961
2024-05-26T10:00Z,FR,34577
2024-05-26T11:00Z,FR,34218
2024-05-26T12:00Z,FR,34051
2024-05-26T13:00Z,FR,33924
2024-05-26T14:00Z,FR,33749
2024-05-26T15:00Z,FR,34055
2024-05-26T16:00Z,FR,34118
2024-05-26T17:00Z,FR,33338
2024-05-26T18:00Z,FR,33145
2024-05-26T19:00Z,FR,32245
2024-05-26T20:00Z,FR,31015
2024-05-26T21:00Z,FR,29755
2024-05-26T22:00Z,FR,33649
2024-05-26T23:00Z,FR,32601
2024-05-27T00:00Z,FR,31675
2024-05-27T01:00Z,FR,31533
2024-05-27T02:00Z,FR,32121
2024-05-27T03:00Z,FR,33898
2024-05-27T04:00Z,FR,37727
2024-05-27T05:00Z,FR,41447
2024-05-27T06:00Z,FR,43507
2024-05-27T07:00Z,FR,45189
2024-05-27T08:00Z,FR,46072
2024-05-27T09:00Z,FR,45594
2024-05-27T10:00Z,FR,45442
2024-05-27T11:00Z,FR,44965
2024-05-27T12:00Z,FR,45092
2024-05-27T13:00Z,FR,44448
2024-05-27T14:00Z,FR,44553
2024-05-27T15:00Z,FR,44513
2024-05-27T16:00Z,FR,44405
2024-05-27T17:00Z,FR,43283
2024-05-27T18:00Z,FR,42120
2024-05-27T19:00Z,FR,40660
2024-05-27T20:00Z,FR,38937
2024-05-27T21:00Z,FR,36091
2024-05-27T22:00Z,FR,33384
2024-05-27T23:00Z,FR,31964
2024-05-28T00:00Z,FR,31046
2024-05-28T01:00Z,FR,30965
2024-05-28T02:00Z,FR,31787
2024-05-28T03:00Z,FR,33511
2024-05-28T04:00Z,FR,37733
2024-05-28T05:00Z,FR,41992
2024-05-28T06:00Z,FR,44404
2024-05-28T07:00Z,FR,45984
2024-05-28T08:00Z,FR,46769
2024-05-28T09:00Z,FR,46969
2024-05-28T10:00Z,FR,46408
2024-05-28T11:00Z,FR,46012
2024-05-28T12:00Z,FR,45588
2024-05-28T13:00Z,FR,44764
2024-05-28T14:00Z,FR,44565
2024-05-28T15:00Z,FR,44495
2024-05-28T16:00Z,FR,43917
2024-05-28T17:00Z,FR,43206
2024-05-28T18:00Z,FR,42474
2024-05-28T19:00Z,FR,40690
2024-05-28T20:00Z,FR,38462
2024-05-28T21:00Z,FR,35951
2024-05-28T22:00Z,FR,33340
2024-05-28T23:00Z,FR,32090
2024-05-29T00:00Z,FR,31292
2024-05-29T01:00Z,FR,30972
2024-05-29T02:00Z,FR,31290
2024-05-29T03:00Z,FR,32778
2024-05-29T04:00Z,FR,36866
2024-05-29T05:00Z,FR,40699
2024-05-29T06:00Z,FR,42902
2024-05-29T07:00Z,FR,44576
2024-05-29T08:00Z,FR,44965
2024-05-29T09:00Z,FR,45117
2024-05-29T10:00Z,FR,44832
2024-05-29T11:00Z,FR,44516
2024-05-29T12:00Z,FR,44226
2024-05-29T13:00Z,FR,43719
2024-05-29T14:00Z,FR,43566
2024-05-29T15:00Z,FR,44047
2024-05-29T16:00Z,FR,43505
2024-05-29T17:00Z,FR,42706
2024-05-29T18:00Z,FR,41519
2024-05-29T19:00Z,FR,39680
2024-05-29T20:00Z,FR,37387
2024-05-29T21:00Z,FR,34367
2024-05-29T22:00Z,FR,32809
2024-05-29T23:00Z,FR,31302
2024-05-30T00:00Z,FR,30473
2024-05-30T01:00Z,FR,30672
2024-05-30T02:00Z,FR,31335
2024-05-30T03:00Z,FR,33348
2024-05-30T04:00Z,FR,37363
2024-05-30T05:00Z,FR,40842
2024-05-30T06:00Z,FR,43372
2024-05-30T07:00Z,FR,45088
2024-05-30T08:00Z,FR,45633
2024-05-30T09:00Z,FR,45874
2024-05-30T10:00Z,FR,45686
2024-05-30T11:00Z,FR,45108
2024-05-30T12:00Z,FR,44454
2024-05-30T13:00Z,FR,43999
2024-05-30T14:00Z,FR,43669
2024-05-30T15:00Z,FR,43673
2024-05-30T16:00Z,FR,43515
2024-05-30T17:00Z,FR,42710
2024-05-30T18:00Z,FR,41955
2024-05-30T19:00Z,FR,40703
2024-05-30T20:00Z,FR,38853
2024-05-30T21:00Z,FR,35992
2024-05-30T22:00Z,FR,32876
2024-05-30T23:00Z,FR,31434
2024-05-31T00:00Z,FR,30812
2024-05-31T01:00Z,FR,30112
2024-05-31T02:00Z,FR,30729
2024-05-31T03:00Z,FR,32711
2024-05-31T04:00Z,FR,36498
2024-05-31T05:00Z,FR,40255
2024-05-31T06:00Z,FR,42224
2024-05-31T07:00Z,FR,43443
2024-05-31T08:00Z,FR,44484
2024-05-31T09:00Z,FR,44349
2024-05-31T10:00Z,FR,44125
2024-05-31T11:00Z,FR,43918
2024-05-31T12:00Z,FR,43048
2024-05-31T13:00Z,FR,42997
2024-05-31T14:00Z,FR,42576
2024-05-31T15:00Z,FR,42534
2024-05-31T16:00Z,FR,42348
2024-05-31T17:00Z,FR,42177
2024-05-31T18:00Z,FR,41280
2024-05-31T19:00Z,FR,39557
2024-05-31T20:00Z,FR,37410
2024-05-31T21:00Z,FR,34897
2024-05-31T22:00Z,FR,31095
2024-05-31T23:00Z,FR,30514
2024-06-01T00:00Z,FR,30070
2024-06-01T01:00Z,FR,29706
2024-06-01T02:00Z,FR,29580
2024-06-01T03:00Z,FR,30886
2024-06-01T04:00Z,FR,32749
2024-06-01T05:00Z,FR,34469
2024-06-01T06:00Z,FR,35703
2024-06-01T07:00Z,FR,37090
2024-06-01T08:00Z,FR,37428
2024-06-01T09:00Z,FR,37524
2024-06-01T10:00Z,FR,37621
2024-06-01T11:00Z,FR,37213
2024-06-01T12:00Z,FR,37505
2024-06-01T13:00Z,FR,37114
2024-06-01T14:00Z,FR,36979
2024-06-01T15:00Z,FR,36794
2024-06-01T16:00Z,FR,36754
2024-06-01T17:00Z,FR,36497
2024-06-01T18:00Z,FR,35629
2024-06-01T19:00Z,FR,34943
2024-06-01T20:00Z,FR,33747
2024-06-01T21:00Z,FR,32048
2024-06-01T22:00Z,FR,28441
2024-06-01T23:00Z,FR,27693
2024-06-02T00:00Z,FR,27363
2024-06-02T01:00Z,FR,27297
2024-06-02T02:00Z,FR,27546
2024-06-02T03:00Z,FR,28511
2024-06-02T04:00Z,FR,29980
2024-06-02T05:00Z,FR,31637
2024-06-02T06:00Z,FR,32828
2024-06-02T07:00Z,FR,33612
2024-06-02T08:00Z,FR,33832
2024-06-02T09:00Z,FR,33867
2024-06-02T10:00Z,FR,34253
2024-06-02T11:00Z,FR,33654
2024-06-02T12:00Z,FR,33412
2024-06-02T13:00Z,FR,32945
2024-06-02T14:00Z,FR,33014
2024-06-02T15:00Z,FR,32874
2024-06-02T16:00Z,FR,32511
2024-06-02T17:00Z,FR,32331
2024-06-02T18:00Z,FR,31784
2024-06-02T19:00Z,FR,31659
2024-06-02T20:00Z,FR,30229
2024-06-02T21:00Z,FR,28841
2024-06-02T22:00Z,FR,31934
2024-06-02T23:00Z,FR,30963
2024-06-03T00:00Z,FR,29994
2024-06-03T01:00Z,FR,29967
2024-06-03T02:00Z,FR,30391
2024-06-03T03:00Z,FR,32494
2024-06-03T04:00Z,FR,36531
2024-06-03T05:00Z,FR,40111
2024-06-03T06:00Z,FR,42313
2024-06-03T07:00Z,FR,43367
2024-06-03T08:00Z,FR,43969
2024-06-03T09:00Z,FR,44326
2024-06-03T10:00Z,FR,44396
2024-06-03T11:00Z,FR,44362
2024-06-03T12:00Z,FR,43675
2024-06-03T13:00Z,FR,43471
2024-06-03T14:00Z,FR,42915
2024-06-03T15:00Z,FR,43195
2024-06-03T16:00Z,FR,42996
2024-06-03T17:00Z,FR,42133
2024-06-03T18:00Z,FR,41444
2024-06-03T19:00Z,FR,40319
2024-06-03T20:00Z,FR,38290
2024-06-03T21:00Z,FR,35369
2024-06-03T22:00Z,FR,32889
2024-06-03T23:00Z,FR,31741
2024-06-04T00:00Z,FR,30680
2024-06-04T01:00Z,FR,30465
2024-06-04T02:00Z,FR,31065
2024-06-04T03:00Z,FR,33068
2024-06-04T04:00Z,FR,36867
2024-06-04T05:00Z,FR,40422
2024-06-04T06:00Z,FR,42377
2024-06-04T07:00Z,FR,43562
2024-06-04T08:00Z,FR,44207
2024-06-04T09:00Z,FR,44908
2024-06-04T10:00Z,FR,45028
2024-06-04T11:00Z,FR,44487
2024-06-04T12:00Z,FR,44191
2024-06-04T13:00Z,FR,44061
2024-06-04T14:00Z,FR,43404
2024-06-04T15:00Z,FR,43677
2024-06-04T16:00Z,FR,43714
2024-06-04T17:00Z,FR,42583
2024-06-04T18:00Z,FR,41699
2024-06-04T19:00Z,FR,40199
2024-06-04T20:00Z,FR,37944
2024-06-04T21:00Z,FR,35168
2024-06-04T22:00Z,FR,32997
2024-06-04T23:00Z,FR,31516
2024-06-05T00:00Z,FR,30468
2024-06-05T01:00Z,FR,30033
2024-06-05T02:00Z,FR,30634
2024-06-05T03:00Z,FR,32608
2024-06-05T04:00Z,FR,36651
2024-06-05T05:00Z,FR,40485
2024-06-05T06:00Z,FR,42586
2024-06-05T07:00Z,FR,43742
2024-06-05T08:00Z,FR,44740
2024-06-05T09:00Z,FR,45437
2024-06-05T10:00Z,FR,45482
2024-06-05T11:00Z,FR,45436
2024-06-05T12:00Z,FR,44694
2024-06-05T13:00Z,FR,44410
2024-06-05T14:00Z,FR,44145
2024-06-05T15:00Z,FR,44106
2024-06-05T16:00Z,FR,43875
2024-06-05T17:00Z,FR,42921
2024-06-05T18:00Z,FR,41522
2024-06-05T19:00Z,FR,40281
2024-06-05T20:00Z,FR,37742
2024-06-05T21:00Z,FR,34722
2024-06-05T22:00Z,FR,32888
2024-06-05T23:00Z,FR,31916
2024-06-06T00:00Z,FR,31279
2024-06-06T01:00Z,FR,30915
2024-06-06T02:00Z,FR,31069
2024-06-06T03:00Z,FR,33431
2024-06-06T04:00Z,FR,37211
2024-06-06T05:00Z,FR,40878
2024-06-06T06:00Z,FR,43348
2024-06-06T07:00Z,FR,44402
2024-06-06T08:00Z,FR,45165
2024-06-06T09:00Z,FR,45487
2024-06-06T10:00Z,FR,45149
2024-06-06T11:00Z,FR,44612
2024-06-06T12:00Z,FR,43987
2024-06-06T13:00Z,FR,43834
2024-06-06T14:00Z,FR,43610
2024-06-06T15:00Z,FR,43764
2024-06-06T16:00Z,FR,43827
2024-06-06T17:00Z,FR,42559
2024-06-06T18:00Z,FR,41464
2024-06-06T19:00Z,FR,40533
2024-06-06T20:00Z,FR,38025
2024-06-06T21:00Z,FR,35246
2024-06-06T22:00Z,FR,32048
2024-06-06T23:00Z,FR,31418
2024-06-07T00:00Z,FR,30777
2024-06-07T01:00Z,FR,30078
2024-06-07T02:00Z,FR,30509
2024-06-07T03:00Z,FR,32525
2024-06-07T04:00Z,FR,36560
2024-06-07T05:00Z,FR,40096
2024-06-07T06:00Z,FR,42326
2024-06-07T07:00Z,FR,43338
2024-06-07T08:00Z,FR,44094
2024-06-07T09:00Z,FR,44204
2024-06-07T10:00Z,FR,44388
2024-06-07T11:00Z,FR,43804
2024-06-07T12:00Z,FR,43732
2024-06-07T13:00Z,FR,43094
2024-06-07T14:00Z,FR,42681
2024-06-07T15:00Z,FR,42397
2024-06-07T16:00Z,FR,42380
2024-06-07T17:00Z,FR,41516
2024-06-07T18:00Z,FR,40920
2024-06-07T19:00Z,FR,39778
2024-06-07T20:00Z,FR,37423
2024-06-07T21:00Z,FR,34692
2024-06-07T22:00Z,FR,30720
2024-06-07T23:00Z,FR,30128
2024-06-08T00:00Z,FR,29802
2024-06-08T01:00Z,FR,29767
2024-06-08T02:00Z,FR,30179
2024-06-08T03:00Z,FR,30578
2024-06-08T04:00Z,FR,32662
2024-06-08T05:00Z,FR,34522
2024-06-08T06:00Z,FR,35692
2024-06-08T07:00Z,FR,36666
2024-06-08T08:00Z,FR,36819
2024-06-08T09:00Z,FR,37338
2024-06-08T10:00Z,FR,37099
2024-06-08T11:00Z,FR,37012
2024-06-08T12:00Z,FR,36935
2024-06-08T13:00Z,FR,36859
2024-06-08T14:00Z,FR,36324
2024-06-08T15:00Z,FR,36675
2024-06-08T16:00Z,FR,36674
2024-06-08T17:00Z,FR,36429
2024-06-08T18:00Z,FR,35790
2024-06-08T19:00Z,FR,34910
2024-06-08T20:00Z,FR,33777
2024-06-08T21:00Z,FR,32857
2024-06-08T22:00Z,FR,28013
2024-06-08T23:00Z,FR,27125
2024-06-09T00:00Z,FR,26866
2024-06-09T01:00Z,FR,26665
2024-06-09T02:00Z,FR,27056
2024-06-09T03:00Z,FR,28255
2024-06-09T04:00Z,FR,30362
2024-06-09T05:00Z,FR,32252
2024-06-09T06:00Z,FR,33072
2024-06-09T07:00Z,FR,33653
2024-06-09T08:00Z,FR,33945
2024-06-09T09:00Z,FR,33593
2024-06-09T10:00Z,FR,33616
2024-06-09T11:00Z,FR,33464
2024-06-09T12:00Z,FR,33020
2024-06-09T13:00Z,FR,33082
2024-06-09T14:00Z,FR,32924
2024-06-09T15:00Z,FR,33066
2024-06-09T16:00Z,FR,32692
2024-06-09T17:00Z,FR,32498
2024-06-09T18:00Z,FR,32062
2024-06-09T19:00Z,FR,31406
2024-06-09T20:00Z,FR,30133
2024-06-09T21:00Z,FR,28408
2024-06-09T22:00Z,FR,31537
2024-06-09T23:00Z,FR,30514
2024-06-10T00:00Z,FR,29558
2024-06-10T01:00Z,FR,29168
2024-06-10T02:00Z,FR,29888
2024-06-10T03:00Z,FR,31931
2024-06-10T04:00Z,FR,35403
2024-06-10T05:00Z,FR,38878
2024-06-10T06:00Z,FR,41409
2024-06-10T07:00Z,FR,42807
2024-06-10T08:00Z,FR,43663
2024-06-10T09:00Z,FR,44135
2024-06-10T10:00Z,FR,43993
2024-06-10T11:00Z,FR,43586
2024-06-10T12:00Z,FR,43161
2024-06-10T13:00Z,FR,42893
2024-06-10T14:00Z,FR,43339
2024-06-10T15:00Z,FR,43408
2024-06-10T16:00Z,FR,43145
2024-06-10T17:00Z,FR,41974
2024-06-10T18:00Z,FR,40893
2024-06-10T19:00Z,FR,39359
2024-06-10T20:00Z,FR,37405
2024-06-10T21:00Z,FR,34715
2024-06-10T22:00Z,FR,32373
2024-06-10T23:00Z,FR,31213
2024-06-11T00:00Z,FR,30525
2024-06-11T01:00Z,FR,30205
2024-06-11T02:00Z,FR,31023
2024-06-11T03:00Z,FR,33016
2024-06-11T04:00Z,FR,36756
2024-06-11T05:00Z,FR,40324
2024-06-11T06:00Z,FR,42258
2024-06-11T07:00Z,FR,43585
2024-06-11T08:00Z,FR,44071
2024-06-11T09:00Z,FR,44533
2024-06-11T10:00Z,FR,44573
2024-06-11T11:00Z,FR,43928
2024-06-11T12:00Z,FR,43601
2024-06-11T13:00Z,FR,43295
2024-06-11T14:00Z,FR,42847
2024-06-11T15:00Z,FR,42252
2024-06-11T16:00Z,FR,41663
2024-06-11T17:00Z,FR,40671
2024-06-11T18:00Z,FR,39857
2024-06-11T19:00Z,FR,39079
2024-06-11T20:00Z,FR,37341
2024-06-11T21:00Z,FR,34390
2024-06-11T22:00Z,FR,32200
2024-06-11T23:00Z,FR,31053
2024-06-12T00:00Z,FR,30240
2024-06-12T01:00Z,FR,29469
2024-06-12T02:00Z,FR,30289
2024-06-12T03:00Z,FR,32377
2024-06-12T04:00Z,FR,35743
2024-06-12T05:00Z,FR,39309
2024-06-12T06:00Z,FR,41843
2024-06-12T07:00Z,FR,43293
2024-06-12T08:00Z,FR,44234
2024-06-12T09:00Z,FR,44920
2024-06-12T10:00Z,FR,44957
2024-06-12T11:00Z,FR,44182
2024-06-12T12:00Z,FR,44110
2024-06-12T13:00Z,FR,43764
2024-06-12T14:00Z,FR,43425
2024-06-12T15:00Z,FR,43318
2024-06-12T16:00Z,FR,42728
2024-06-12T17:00Z,FR,42129
2024-06-12T18:00Z,FR,41182
2024-06-12T19:00Z,FR,39905
2024-06-12T20:00Z,FR,37735
2024-06-12T21:00Z,FR,34943
2024-06-12T22:00Z,FR,32947
2024-06-12T23:00Z,FR,31688
2024-06-13T00:00Z,FR,30409
2024-06-13T01:00Z,FR,30212
2024-06-13T02:00Z,FR,30585
2024-06-13T03:00Z,FR,32860
2024-06-13T04:00Z,FR,36647
2024-06-13T05:00Z,FR,40423
2024-06-13T06:00Z,FR,43060
2024-06-13T07:00Z,FR,44402
2024-06-13T08:00Z,FR,45383
2024-06-13T09:00Z,FR,45632
2024-06-13T10:00Z,FR,45500
2024-06-13T11:00Z,FR,44831
2024-06-13T12:00Z,FR,44525
2024-06-13T13:00Z,FR,43907
2024-06-13T14:00Z,FR,43996
2024-06-13T15:00Z,FR,43953
2024-06-13T16:00Z,FR,43924
2024-06-13T17:00Z,FR,43047
2024-06-13T18:00Z,FR,41811
2024-06-13T19:00Z,FR,40281
2024-06-13T20:00Z,FR,38193
2024-06-13T21:00Z,FR,35262
2024-06-13T22:00Z,FR,32595
2024-06-13T23:00Z,FR,31226
2024-06-14T00:00Z,FR,30307
2024-06-14T01:00Z,FR,30049
2024-06-14T02:00Z,FR,30743
2024-06-14T03:00Z,FR,32589
2024-06-14T04:00Z,FR,36472
2024-06-14T05:00Z,FR,40542
2024-06-14T06:00Z,FR,42565
2024-06-14T07:00Z,FR,44100
2024-06-14T08:00Z,FR,44950
2024-06-14T09:00Z,FR,45209
2024-06-14T10:00Z,FR,45187
2024-06-14T11:00Z,FR,44874
2024-06-14T12:00Z,FR,44114
2024-06-14T13:00Z,FR,43761
2024-06-14T14:00Z,FR,43498
2024-06-14T15:00Z,FR,43624
2024-06-14T16:00Z,FR,43529
2024-06-14T17:00Z,FR,42180
2024-06-14T18:00Z,FR,40934
2024-06-14T19:00Z,FR,39676
2024-06-14T20:00Z,FR,37621
2024-06-14T21:00Z,FR,34552
2024-06-14T22:00Z,FR,31252
2024-06-14T23:00Z,FR,30360
2024-06-15T00:00Z,FR,29796
2024-06-15T01:00Z,FR,29484
2024-06-15T02:00Z,FR,30123
2024-06-15T03:00Z,FR,31560
2024-06-15T04:00Z,FR,33815
2024-06-15T05:00Z,FR,35844
2024-06-15T06:00Z,FR,36984
2024-06-15T07:00Z,FR,37734
2024-06-15T08:00Z,FR,37787
2024-06-15T09:00Z,FR,37286
2024-06-15T10:00Z,FR,37024
2024-06-15T11:00Z,FR,37016
2024-06-15T12:00Z,FR,37106
2024-06-15T13:00Z,FR,37169
2024-06-15T14:00Z,FR,37162
2024-06-15T15:00Z,FR,36999
2024-06-15T16:00Z,FR,37243
2024-06-15T17:00Z,FR,36666
2024-06-15T18:00Z,FR,35915
2024-06-15T19:00Z,FR,35053
2024-06-15T20:00Z,FR,33688
2024-06-15T21:00Z,FR,32925
2024-06-15T22:00Z,FR,28956
2024-06-15T23:00Z,FR,28121
2024-06-16T00:00Z,FR,27643
2024-06-16T01:00Z,FR,27219
2024-06-16T02:00Z,FR,27515
2024-06-16T03:00Z,FR,28382
2024-06-16T04:00Z,FR,30526
2024-06-16T05:00Z,FR,32206
2024-06-16T06:00Z,FR,33067
2024-06-16T07:00Z,FR,33768
2024-06-16T08:00Z,FR,33747
2024-06-16T09:00Z,FR,34263
2024-06-16T10:00Z,FR,34613
2024-06-16T11:00Z,FR,34242
2024-06-16T12:00Z,FR,34396
2024-06-16T13:00Z,FR,33614
2024-06-16T14:00Z,FR,33313
2024-06-16T15:00Z,FR,33157
2024-06-16T16:00Z,FR,32961
2024-06-16T17:00Z,FR,32792
2024-06-16T18:00Z,FR,32566
2024-06-16T19:00Z,FR,32244
2024-06-16T20:00Z,FR,31184
2024-06-16T21:00Z,FR,29645
2024-06-16T22:00Z,FR,32960
2024-06-16T23:00Z,FR,31626
2024-06-17T00:00Z,FR,30288
2024-06-17T01:00Z,FR,30497
2024-06-17T02:00Z,FR,30914
2024-06-17T03:00Z,FR,32806
2024-06-17T04:00Z,FR,36475
2024-06-17T05:00Z,FR,40497
2024-06-17T06:00Z,FR,42693
2024-06-17T07:00Z,FR,44490
2024-06-17T08:00Z,FR,44980
2024-06-17T09:00Z,FR,45521
2024-06-17T10:00Z,FR,45051
2024-06-17T11:00Z,FR,44599
2024-06-17T12:00Z,FR,44139
2024-06-17T13:00Z,FR,44027
2024-06-17T14:00Z,FR,43318
2024-06-17T15:00Z,FR,43136
2024-06-17T16:00Z,FR,42861
2024-06-17T17:00Z,FR,42286
2024-06-17T18:00Z,FR,41447
2024-06-17T19:00Z,FR,40180
2024-06-17T20:00Z,FR,38014
2024-06-17T21:00Z,FR,35495
2024-06-17T22:00Z,FR,33842
2024-06-17T23:00Z,FR,32653
2024-06-18T00:00Z,FR,31942
2024-06-18T01:00Z,FR,31508
2024-06-18T02:00Z,FR,31624
2024-06-18T03:00Z,FR,33661
2024-06-18T04:00Z,FR,37283
2024-06-18T05:00Z,FR,41708
2024-06-18T06:00Z,FR,44193
2024-06-18T07:00Z,FR,45832
2024-06-18T08:00Z,FR,46572
2024-06-18T09:00Z,FR,46836
2024-06-18T10:00Z,FR,46377
2024-06-18T11:00Z,FR,46058
2024-06-18T12:00Z,FR,45288
2024-06-18T13:00Z,FR,44597
2024-06-18T14:00Z,FR,43919
2024-06-18T15:00Z,FR,43149
2024-06-18T16:00Z,FR,43315
2024-06-18T17:00Z,FR,42173
2024-06-18T18:00Z,FR,41639
2024-06-18T19:00Z,FR,40606
2024-06-18T20:00Z,FR,38488
2024-06-18T21:00Z,FR,36021
2024-06-18T22:00Z,FR,34088
2024-06-18T23:00Z,FR,32492
2024-06-19T00:00Z,FR,31585
2024-06-19T01:00Z,FR,31327
2024-06-19T02:00Z,FR,31488
2024-06-19T03:00Z,FR,33817
2024-06-19T04:00Z,FR,37136
2024-06-19T05:00Z,FR,41015
2024-06-19T06:00Z,FR,44014
2024-06-19T07:00Z,FR,45593
2024-06-19T08:00Z,FR,46073
2024-06-19T09:00Z,FR,46318
2024-06-19T10:00Z,FR,46305
2024-06-19T11:00Z,FR,45773
2024-06-19T12:00Z,FR,45587
2024-06-19T13:00Z,FR,45323
2024-06-19T14:00Z,FR,45249
2024-06-19T15:00Z,FR,44577
2024-06-19T16:00Z,FR,43906
2024-06-19T17:00Z,FR,42958
2024-06-19T18:00Z,FR,42426
2024-06-19T19:00Z,FR,41225
2024-06-19T20:00Z,FR,39652
2024-06-19T21:00Z,FR,36474
2024-06-19T22:00Z,FR,34340
2024-06-19T23:00Z,FR,32863
2024-06-20T00:00Z,FR,31815
2024-06-20T01:00Z,FR,31302
2024-06-20T02:00Z,FR,31660
2024-06-20T03:00Z,FR,33503
2024-06-20T04:00Z,FR,37494
2024-06-20T05:00Z,FR,41101
2024-06-20T06:00Z,FR,43579
2024-06-20T07:00Z,FR,45130
2024-06-20T08:00Z,FR,45835
2024-06-20T09:00Z,FR,46165
2024-06-20T10:00Z,FR,46257
2024-06-20T11:00Z,FR,46185
2024-06-20T12:00Z,FR,45759
2024-06-20T13:00Z,FR,45585
2024-06-20T14:00Z,FR,45180
2024-06-20T15:00Z,FR,44481
2024-06-20T16:00Z,FR,44804
2024-06-20T17:00Z,FR,44012
2024-06-20T18:00Z,FR,42702
2024-06-20T19:00Z,FR,41838
2024-06-20T20:00Z,FR,39456
2024-06-20T21:00Z,FR,36596
2024-06-20T22:00Z,FR,33567
2024-06-20T23:00Z,FR,32293
2024-06-21T00:00Z,FR,31367
2024-06-21T01:00Z,FR,30956
2024-06-21T02:00Z,FR,30988
2024-06-21T03:00Z,FR,33244
2024-06-21T04:00Z,FR,36627
2024-06-21T05:00Z,FR,40771
2024-06-21T06:00Z,FR,43020
2024-06-21T07:00Z,FR,44846
2024-06-21T08:00Z,FR,45544
2024-06-21T09:00Z,FR,46102
2024-06-21T10:00Z,FR,46374
2024-06-21T11:00Z,FR,45847
2024-06-21T12:00Z,FR,45139
2024-06-21T13:00Z,FR,44438
2024-06-21T14:00Z,FR,44137
2024-06-21T15:00Z,FR,44175
2024-06-21T16:00Z,FR,43536
2024-06-21T17:00Z,FR,42854
2024-06-21T18:00Z,FR,41958
2024-06-21T19:00Z,FR,40655
2024-06-21T20:00Z,FR,38489
2024-06-21T21:00Z,FR,35268
2024-06-21T22:00Z,FR,31461
2024-06-21T23:00Z,FR,31016
2024-06-22T00:00Z,FR,30677
2024-06-22T01:00Z,FR,30298
2024-06-22T02:00Z,FR,30661
2024-06-22T03:00Z,FR,31484
2024-06-22T04:00Z,FR,33529
2024-06-22T05:00Z,FR,35740
2024-06-22T06:00Z,FR,37084
2024-06-22T07:00Z,FR,38037
2024-06-22T08:00Z,FR,38634
2024-06-22T09:00Z,FR,38478
2024-06-22T10:00Z,FR,38572
2024-06-22T11:00Z,FR,37916
2024-06-22T12:00Z,FR,37807
2024-06-22T13:00Z,FR,37703
2024-06-22T14:00Z,FR,37475
2024-06-22T15:00Z,FR,37357
2024-06-22T16:00Z,FR,37231
2024-06-22T17:00Z,FR,36613
2024-06-22T18:00Z,FR,36048
2024-06-22T19:00Z,FR,35050
2024-06-22T20:00Z,FR,34113
2024-06-22T21:00Z,FR,32112
2024-06-22T22:00Z,FR,28236
2024-06-22T23:00Z,FR,27527
2024-06-23T00:00Z,FR,27173
2024-06-23T01:00Z,FR,26993
2024-06-23T02:00Z,FR,27368
2024-06-23T03:00Z,FR,28570
2024-06-23T04:00Z,FR,30463
2024-06-23T05:00Z,FR,32272
2024-06-23T06:00Z,FR,33423
2024-06-23T07:00Z,FR,34316
2024-06-23T08:00Z,FR,34462
2024-06-23T09:00Z,FR,34705
2024-06-23T10:00Z,FR,34543
2024-06-23T11:00Z,FR,34586
2024-06-23T12:00Z,FR,33867
2024-06-23T13:00Z,FR,33742
2024-06-23T14:00Z,FR,33761
2024-06-23T15:00Z,FR,33274
2024-06-23T16:00Z,FR,33435
2024-06-23T17:00Z,FR,32866
2024-06-23T18:00Z,FR,32505
2024-06-23T19:00Z,FR,32389
2024-06-23T20:00Z,FR,31351
2024-06-23T21:00Z,FR,30299
2024-06-23T22:00Z,FR,33194
2024-06-23T23:00Z,FR,32036
2024-06-24T00:00Z,FR,31174
2024-06-24T01:00Z,FR,30575
2024-06-24T02:00Z,FR,30985
2024-06-24T03:00Z,FR,32776
2024-06-24T04:00Z,FR,36899
2024-06-24T05:00Z,FR,40385
2024-06-24T06:00Z,FR,42883
2024-06-24T07:00Z,FR,43982
2024-06-24T08:00Z,FR,44930
2024-06-24T09:00Z,FR,45588
2024-06-24T10:00Z,FR,45550
2024-06-24T11:00Z,FR,45330
2024-06-24T12:00Z,FR,44677
2024-06-24T13:00Z,FR,44521
2024-06-24T14:00Z,FR,43675
2024-06-24T15:00Z,FR,43676
2024-06-24T16:00Z,FR,43162
2024-06-24T17:00Z,FR,42111
2024-06-24T18:00Z,FR,41147
2024-06-24T19:00Z,FR,40022
2024-06-24T20:00Z,FR,38275
2024-06-24T21:00Z,FR,35904
2024-06-24T22:00Z,FR,33835
2024-06-24T23:00Z,FR,32405
2024-06-25T00:00Z,FR,31440
2024-06-25T01:00Z,FR,30910
2024-06-25T02:00Z,FR,31118
2024-06-25T03:00Z,FR,33322
2024-06-25T04:00Z,FR,37112
2024-06-25T05:00Z,FR,41117
2024-06-25T06:00Z,FR,43372
2024-06-25T07:00Z,FR,44877
2024-06-25T08:00Z,FR,45867
2024-06-25T09:00Z,FR,45701
2024-06-25T10:00Z,FR,45871
2024-06-25T11:00Z,FR,45606
2024-06-25T12:00Z,FR,45143
2024-06-25T13:00Z,FR,45196
2024-06-25T14:00Z,FR,44637
2024-06-25T15:00Z,FR,44173
2024-06-25T16:00Z,FR,43950
2024-06-25T17:00Z,FR,43259
2024-06-25T18:00Z,FR,41998
2024-06-25T19:00Z,FR,41012
2024-06-25T20:00Z,FR,38766
2024-06-25T21:00Z,FR,35533
2024-06-25T22:00Z,FR,33253
2024-06-25T23:00Z,FR,32270
2024-06-26T00:00Z,FR,31292
2024-06-26T01:00Z,FR,30897
2024-06-26T02:00Z,FR,31538
2024-06-26T03:00Z,FR,33571
2024-06-26T04:00Z,FR,37145
2024-06-26T05:00Z,FR,40941
2024-06-26T06:00Z,FR,43290
2024-06-26T07:00Z,FR,45058
2024-06-26T08:00Z,FR,45707
2024-06-26T09:00Z,FR,45976
2024-06-26T10:00Z,FR,46033
2024-06-26T11:00Z,FR,45527
2024-06-26T12:00Z,FR,45402
2024-06-26T13:00Z,FR,44901
2024-06-26T14:00Z,FR,44401
2024-06-26T15:00Z,FR,43730
2024-06-26T16:00Z,FR,43417
2024-06-26T17:00Z,FR,42569
2024-06-26T18:00Z,FR,41477
2024-06-26T19:00Z,FR,40024
2024-06-26T20:00Z,FR,38285
2024-06-26T21:00Z,FR,35966
2024-06-26T22:00Z,FR,32764
2024-06-26T23:00Z,FR,31453
2024-06-27T00:00Z,FR,30431
2024-06-27T01:00Z,FR,30029
2024-06-27T02:00Z,FR,30570
2024-06-27T03:00Z,FR,32868
2024-06-27T04:00Z,FR,36713
2024-06-27T05:00Z,FR,40097
2024-06-27T06:00Z,FR,42408
2024-06-27T07:00Z,FR,44166
2024-06-27T08:00Z,FR,44964
2024-06-27T09:00Z,FR,45079
2024-06-27T10:00Z,FR,45501
2024-06-27T11:00Z,FR,44824
2024-06-27T12:00Z,FR,44043
2024-06-27T13:00Z,FR,43785
2024-06-27T14:00Z,FR,43288
2024-06-27T15:00Z,FR,43090
2024-06-27T16:00Z,FR,42478
2024-06-27T17:00Z,FR,41667
2024-06-27T18:00Z,FR,41043
2024-06-27T19:00Z,FR,40213
2024-06-27T20:00Z,FR,38346
2024-06-27T21:00Z,FR,35490
2024-06-27T22:00Z,FR,33243
2024-06-27T23:00Z,FR,32203
2024-06-28T00:00Z,FR,31358
2024-06-28T01:00Z,FR,31141
2024-06-28T02:00Z,FR,31188
2024-06-28T03:00Z,FR,33172
2024-06-28T04:00Z,FR,36927
2024-06-28T05:00Z,FR,40589
2024-06-28T06:00Z,FR,43251
2024-06-28T07:00Z,FR,45032
2024-06-28T08:00Z,FR,46015
2024-06-28T09:00Z,FR,46450
2024-06-28T10:00Z,FR,46393
2024-06-28T11:00Z,FR,45715
2024-06-28T12:00Z,FR,44817
2024-06-28T13:00Z,FR,44943
2024-06-28T14:00Z,FR,44489
2024-06-28T15:00Z,FR,44133
2024-06-28T16:00Z,FR,43961
2024-06-28T17:00Z,FR,43364
2024-06-28T18:00Z,FR,42158
2024-06-28T19:00Z,FR,40617
2024-06-28T20:00Z,FR,38570
2024-06-28T21:00Z,FR,36096
2024-06-28T22:00Z,FR,31454
2024-06-28T23:00Z,FR,30701
2024-06-29T00:00Z,FR,30701
2024-06-29T01:00Z,FR,30776
2024-06-29T02:00Z,FR,31138
2024-06-29T03:00Z,FR,32094
2024-06-29T04:00Z,FR,34115
2024-06-29T05:00Z,FR,35649
2024-06-29T06:00Z,FR,37084
2024-06-29T07:00Z,FR,37762
2024-06-29T08:00Z,FR,37617
2024-06-29T09:00Z,FR,37801
2024-06-29T10:00Z,FR,37502
2024-06-29T11:00Z,FR,37156
2024-06-29T12:00Z,FR,37033
2024-06-29T13:00Z,FR,36719
2024-06-29T14:00Z,FR,36730
2024-06-29T15:00Z,FR,36821
2024-06-29T16:00Z,FR,37393
2024-06-29T17:00Z,FR,36665
2024-06-29T18:00Z,FR,35867
2024-06-29T19:00Z,FR,35588
2024-06-29T20:00Z,FR,34131
2024-06-29T21:00Z,FR,32335
2024-06-29T22:00Z,FR,28263
2024-06-29T23:00Z,FR,27562
2024-06-30T00:00Z,FR,27571
2024-06-30T01:00Z,FR,27540
2024-06-30T02:00Z,FR,27904
2024-06-30T03:00Z,FR,28745
2024-06-30T04:00Z,FR,30201
2024-06-30T05:00Z,FR,32034
2024-06-30T06:00Z,FR,33072
2024-06-30T07:00Z,FR,34167
2024-06-30T08:00Z,FR,34588
2024-06-30T09:00Z,FR,34727
2024-06-30T10:00Z,FR,34684
2024-06-30T11:00Z,FR,34591
2024-06-30T12:00Z,FR,34102
2024-06-30T13:00Z,FR,33185
2024-06-30T14:00Z,FR,33216
2024-06-30T15:00Z,FR,32590
2024-06-30T16:00Z,FR,32788
2024-06-30T17:00Z,FR,32506
2024-06-30T18:00Z,FR,32186
2024-06-30T19:00Z,FR,31762
2024-06-30T20:00Z,FR,30541
2024-06-30T21:00Z,FR,29130
2023-12-31T23:00Z,NL,9368
2024-01-01T00:00Z,NL,9190
2024-01-01T01:00Z,NL,9114
2024-01-01T02:00Z,NL,8971
2024-01-01T03:00Z,NL,9288
2024-01-01T04:00Z,NL,9828
2024-01-01T05:00Z,NL,10548
2024-01-01T06:00Z,NL,11094
2024-01-01T07:00Z,NL,11399
2024-01-01T08:00Z,NL,11570
2024-01-01T09:00Z,NL,11647
2024-01-01T10:00Z,NL,11584
2024-01-01T11:00Z,NL,11465
2024-01-01T12:00Z,NL,11300
2024-01-01T13:00Z,NL,11071
2024-01-01T14:00Z,NL,11089
2024-01-01T15:00Z,NL,11343
2024-01-01T16:00Z,NL,11755
2024-01-01T17:00Z,NL,11718
2024-01-01T18:00Z,NL,11510
2024-01-01T19:00Z,NL,11154
2024-01-01T20:00Z,NL,10705
2024-01-01T21:00Z,NL,10212
2024-01-01T22:00Z,NL,9802
2024-01-01T23:00Z,NL,10668
2024-01-02T00:00Z,NL,10186
2024-01-02T01:00Z,NL,9866
2024-01-02T02:00Z,NL,9875
2024-01-02T03:00Z,NL,10205
2024-01-02T04:00Z,NL,11114
2024-01-02T05:00Z,NL,12793
2024-01-02T06:00Z,NL,14171
2024-01-02T07:00Z,NL,14726
2024-01-02T08:00Z,NL,14800
2024-01-02T09:00Z,NL,14789
2024-01-02T10:00Z,NL,14628
2024-01-02T11:00Z,NL,14318
2024-01-02T12:00Z,NL,14280
2024-01-02T13:00Z,NL,14294
2024-01-02T14:00Z,NL,14284
2024-01-02T15:00Z,NL,14656
2024-01-02T16:00Z,NL,15397
2024-01-02T17:00Z,NL,15396
2024-01-02T18:00Z,NL,14812
2024-01-02T19:00Z,NL,14114
2024-01-02T20:00Z,NL,13433
2024-01-02T21:00Z,NL,12432
2024-01-02T22:00Z,NL,11433
2024-01-02T23:00Z,NL,11272
2024-01-03T00:00Z,NL,10763
2024-01-03T01:00Z,NL,10447
2024-01-03T02:00Z,NL,10507
2024-01-03T03:00Z,NL,10639
2024-01-03T04:00Z,NL,11654
2024-01-03T05:00Z,NL,13464
2024-01-03T06:00Z,NL,14829
2024-01-03T07:00Z,NL,15464
2024-01-03T08:00Z,NL,15761
2024-01-03T09:00Z,NL,15699
2024-01-03T10:00Z,NL,15459
2024-01-03T11:00Z,NL,15230
2024-01-03T12:00Z,NL,15070
2024-01-03T13:00Z,NL,14881
2024-01-03T14:00Z,NL,14798
2024-01-03T15:00Z,NL,15196
2024-01-03T16:00Z,NL,16051
2024-01-03T17:00Z,NL,16183
2024-01-03T18:00Z,NL,15580
2024-01-03T19:00Z,NL,14831
2024-01-03T20:00Z,NL,14054
2024-01-03T21:00Z,NL,12974
2024-01-03T22:00Z,NL,11998
2024-01-03T23:00Z,NL,11162
2024-01-04T00:00Z,NL,10799
2024-01-04T01:00Z,NL,10600
2024-01-04T02:00Z,NL,10480
2024-01-04T03:00Z,NL,10786
2024-01-04T04:00Z,NL,11643
2024-01-04T05:00Z,NL,13350
2024-01-04T06:00Z,NL,14808
2024-01-04T07:00Z,NL,15397
2024-01-04T08:00Z,NL,15639
2024-01-04T09:00Z,NL,15427
2024-01-04T10:00Z,NL,15313
2024-01-04T11:00Z,NL,14998
2024-01-04T12:00Z,NL,14948
2024-01-04T13:00Z,NL,14809
2024-01-04T14:00Z,NL,14835
2024-01-04T15:00Z,NL,15373
2024-01-04T16:00Z,NL,16176
2024-01-04T17:00Z,NL,16273
2024-01-04T18:00Z,NL,15718
2024-01-04T19:00Z,NL,14894
2024-01-04T20:00Z,NL,13929
2024-01-04T21:00Z,NL,13024
2024-01-04T22:00Z,NL,12013
2024-01-04T23:00Z,NL,11232
2024-01-05T00:00Z,NL,10886
2024-01-05T01:00Z,NL,10683
2024-01-05T02:00Z,NL,10518
2024-01-05T03:00Z,NL,10720
2024-01-05T04:00Z,NL,11684
2024-01-05T05:00Z,NL,13370
2024-01-05T06:00Z,NL,14665
2024-01-05T07:00Z,NL,15251
2024-01-05T08:00Z,NL,15337
2024-01-05T09:00Z,NL,15334
2024-01-05T10:00Z,NL,15229
2024-01-05T11:00Z,NL,14964
2024-01-05T12:00Z,NL,14833
2024-01-05T13:00Z,NL,14785
2024-01-05T14:00Z,NL,14746
2024-01-05T15:00Z,NL,15249
2024-01-05T16:00Z,NL,16109
2024-01-05T17:00Z,NL,16274
2024-01-05T18:00Z,NL,15739
2024-01-05T19:00Z,NL,14942
2024-01-05T20:00Z,NL,14013
2024-01-05T21:00Z,NL,13083
2024-01-05T22:00Z,NL,11989
2024-01-05T23:00Z,NL,10664
2024-01-06T00:00Z,NL,10345
2024-01-06T01:00Z,NL,10314
2024-01-06T02:00Z,NL,10414
2024-01-06T03:00Z,NL,10609
2024-01-06T04:00Z,NL,11092
2024-01-06T05:00Z,NL,11981
2024-01-06T06:00Z,NL,12703
2024-01-06T07:00Z,NL,12928
2024-01-06T08:00Z,NL,12861
2024-01-06T09:00Z,NL,12977
2024-01-06T10:00Z,NL,12888
2024-01-06T11:00Z,NL,12926
2024-01-06T12:00Z,NL,13012
2024-01-06T13:00Z,NL,12806
2024-01-06T14:00Z,NL,12720
2024-01-06T15:00Z,NL,12955
2024-01-06T16:00Z,NL,13419
2024-01-06T17:00Z,NL,13552
2024-01-06T18:00Z,NL,13091
2024-01-06T19:00Z,NL,12575
2024-01-06T20:00Z,NL,12065
2024-01-06T21:00Z,NL,11467
2024-01-06T22:00Z,NL,10958
2024-01-06T23:00Z,NL,9594
2024-01-07T00:00Z,NL,9464
2024-01-07T01:00Z,NL,9352
2024-01-07T02:00Z,NL,9281
2024-01-07T03:00Z,NL,9396
2024-01-07T04:00Z,NL,9858
2024-01-07T05:00Z,NL,10771
2024-01-07T06:00Z,NL,11389
2024-01-07T07:00Z,NL,11617
2024-01-07T08:00Z,NL,11785
2024-01-07T09:00Z,NL,11801
2024-01-07T10:00Z,NL,11637
2024-01-07T11:00Z,NL,11744
2024-01-07T12:00Z,NL,11590
2024-01-07T13:00Z,NL,11340
2024-01-07T14:00Z,NL,11443
2024-01-07T15:00Z,NL,11733
2024-01-07T16:00Z,NL,12128
2024-01-07T17:00Z,NL,12265
2024-01-07T18:00Z,NL,11840
2024-01-07T19:00Z,NL,11513
2024-01-07T20:00Z,NL,11113
2024-01-07T21:00Z,NL,10633
2024-01-07T22:00Z,NL,10169
2024-01-07T23:00Z,NL,11028
2024-01-08T00:00Z,NL,10540
2024-01-08T01:00Z,NL,10273
2024-01-08T02:00Z,NL,10246
2024-01-08T03:00Z,NL,10457
2024-01-08T04:00Z,NL,11392
2024-01-08T05:00Z,NL,13123
2024-01-08T06:00Z,NL,14574
2024-01-08T07:00Z,NL,15132
2024-01-08T08:00Z,NL,15394
2024-01-08T09:00Z,NL,15379
2024-01-08T10:00Z,NL,15094
2024-01-08T11:00Z,NL,14747
2024-01-08T12:00Z,NL,14622
2024-01-08T13:00Z,NL,14542
2024-01-08T14:00Z,NL,14508
2024-01-08T15:00Z,NL,14867
2024-01-08T16:00Z,NL,15729
2024-01-08T17:00Z,NL,15956
2024-01-08T18:00Z,NL,15399
2024-01-08T19:00Z,NL,14656
2024-01-08T20:00Z,NL,13621
2024-01-08T21:00Z,NL,12678
2024-01-08T22:00Z,NL,11693
2024-01-08T23:00Z,NL,10963
2024-01-09T00:00Z,NL,10517
2024-01-09T01:00Z,NL,10269
2024-01-09T02:00Z,NL,10209
2024-01-09T03:00Z,NL,10422
2024-01-09T04:00Z,NL,11339
2024-01-09T05:00Z,NL,13206
2024-01-09T06:00Z,NL,14528
2024-01-09T07:00Z,NL,15071
2024-01-09T08:00Z,NL,15188
2024-01-09T09:00Z,NL,15117
2024-01-09T10:00Z,NL,15017
2024-01-09T11:00Z,NL,14799
2024-01-09T12:00Z,NL,14637
2024-01-09T13:00Z,NL,14630
2024-01-09T14:00Z,NL,14627
2024-01-09T15:00Z,NL,15037
2024-01-09T16:00Z,NL,15882
2024-01-09T17:00Z,NL,16073
2024-01-09T18:00Z,NL,15587
2024-01-09T19:00Z,NL,14681
2024-01-09T20:00Z,NL,13894
2024-01-09T21:00Z,NL,13008
2024-01-09T22:00Z,NL,12013
2024-01-09T23:00Z,NL,10895
2024-01-10T00:00Z,NL,10494
2024-01-10T01:00Z,NL,10177
2024-01-10T02:00Z,NL,10247
2024-01-10T03:00Z,NL,10634
2024-01-10T04:00Z,NL,11497
2024-01-10T05:00Z,NL,13118
2024-01-10T06:00Z,NL,14392
2024-01-10T07:00Z,NL,14986
2024-01-10T08:00Z,NL,15108
2024-01-10T09:00Z,NL,15093
2024-01-10T10:00Z,NL,14891
2024-01-10T11:00Z,NL,14721
2024-01-10T12:00Z,NL,14660
2024-01-10T13:00Z,NL,14539
2024-01-10T14:00Z,NL,14549
2024-01-10T15:00Z,NL,14983
2024-01-10T16:00Z,NL,15777
2024-01-10T17:00Z,NL,15935
2024-01-10T18:00Z,NL,15380
2024-01-10T19:00Z,NL,14569
2024-01-10T20:00Z,NL,13846
2024-01-10T21:00Z,NL,12789
2024-01-10T22:00Z,NL,11836
2024-01-10T23:00Z,NL,10965
2024-01-11T00:00Z,NL,10452
2024-01-11T01:00Z,NL,10166
2024-01-11T02:00Z,NL,10026
2024-01-11T03:00Z,NL,10256
2024-01-11T04:00Z,NL,11340
2024-01-11T05:00Z,NL,12961
2024-01-11T06:00Z,NL,14289
2024-01-11T07:00Z,NL,14942
2024-01-11T08:00Z,NL,15111
2024-01-11T09:00Z,NL,15112
2024-01-11T10:00Z,NL,15009
2024-01-11T11:00Z,NL,14694
2024-01-11T12:00Z,NL,14531
2024-01-11T13:00Z,NL,14320
2024-01-11T14:00Z,NL,14386
2024-01-11T15:00Z,NL,14679
2024-01-11T16:00Z,NL,15502
2024-01-11T17:00Z,NL,15585
2024-01-11T18:00Z,NL,14940
2024-01-11T19:00Z,NL,14206
2024-01-11T20:00Z,NL,13478
2024-01-11T21:00Z,NL,12420
2024-01-11T22:00Z,NL,11470
2024-01-11T23:00Z,NL,10707
2024-01-12T00:00Z,NL,10215
2024-01-12T01:00Z,NL,9990
2024-01-12T02:00Z,NL,9957
2024-01-12T03:00Z,NL,10246
2024-01-12T04:00Z,NL,11230
2024-01-12T05:00Z,NL,12998
2024-01-12T06:00Z,NL,14370
2024-01-12T07:00Z,NL,14877
2024-01-12T08:00Z,NL,15043
2024-01-12T09:00Z,NL,15103
2024-01-12T10:00Z,NL,14853
2024-01-12T11:00Z,NL,14577
2024-01-12T12:00Z,NL,14496
2024-01-12T13:00Z,NL,14279
2024-01-12T14:00Z,NL,14225
2024-01-12T15:00Z,NL,14795
2024-01-12T16:00Z,NL,15574
2024-01-12T17:00Z,NL,15833
2024-01-12T18:00Z,NL,15184
2024-01-12T19:00Z,NL,14456
2024-01-12T20:00Z,NL,13761
2024-01-12T21:00Z,NL,12757
2024-01-12T22:00Z,NL,11941
2024-01-12T23:00Z,NL,11037
2024-01-13T00:00Z,NL,10653
2024-01-13T01:00Z,NL,10346
2024-01-13T02:00Z,NL,10370
2024-01-13T03:00Z,NL,10548
2024-01-13T04:00Z,NL,11142
2024-01-13T05:00Z,NL,12001
2024-01-13T06:00Z,NL,12872
2024-01-13T07:00Z,NL,13179
2024-01-13T08:00Z,NL,13118
2024-01-13T09:00Z,NL,13102
2024-01-13T10:00Z,NL,13102
2024-01-13T11:00Z,NL,13045
2024-01-13T12:00Z,NL,12902
2024-01-13T13:00Z,NL,12722
2024-01-13T14:00Z,NL,12633
2024-01-13T15:00Z,NL,12944
2024-01-13T16:00Z,NL,13260
2024-01-13T17:00Z,NL,13318
2024-01-13T18:00Z,NL,13049
2024-01-13T19:00Z,NL,12558
2024-01-13T20:00Z,NL,12135
2024-01-13T21:00Z,NL,11594
2024-01-13T22:00Z,NL,11054
2024-01-13T23:00Z,NL,9556
2024-01-14T00:00Z,NL,9429
2024-01-14T01:00Z,NL,9234
2024-01-14T02:00Z,NL,9196
2024-01-14T03:00Z,NL,9345
2024-01-14T04:00Z,NL,9830
2024-01-14T05:00Z,NL,10675
2024-01-14T06:00Z,NL,11414
2024-01-14T07:00Z,NL,11735
2024-01-14T08:00Z,NL,11803
2024-01-14T09:00Z,NL,11783
2024-01-14T10:00Z,NL,11725
2024-01-14T11:00Z,NL,11677
2024-01-14T12:00Z,NL,11526
2024-01-14T13:00Z,NL,11444
2024-01-14T14:00Z,NL,11434
2024-01-14T15:00Z,NL,11592
2024-01-14T16:00Z,NL,12111
2024-01-14T17:00Z,NL,12114
2024-01-14T18:00Z,NL,11941
2024-01-14T19:00Z,NL,11645
2024-01-14T20:00Z,NL,11186
2024-01-14T21:00Z,NL,10666
2024-01-14T22:00Z,NL,10131
2024-01-14T23:00Z,NL,11301
2024-01-15T00:00Z,NL,10878
2024-01-15T01:00Z,NL,10508
2024-01-15T02:00Z,NL,10546
2024-01-15T03:00Z,NL,10761
2024-01-15T04:00Z,NL,11595
2024-01-15T05:00Z,NL,13230
2024-01-15T06:00Z,NL,14649
2024-01-15T07:00Z,NL,15284
2024-01-15T08:00Z,NL,15540
2024-01-15T09:00Z,NL,15594
2024-01-15T10:00Z,NL,15388
2024-01-15T11:00Z,NL,15082
2024-01-15T12:00Z,NL,14912
2024-01-15T13:00Z,NL,14811
2024-01-15T14:00Z,NL,14846
2024-01-15T15:00Z,NL,15213
2024-01-15T16:00Z,NL,16139
2024-01-15T17:00Z,NL,16283
2024-01-15T18:00Z,NL,15731
2024-01-15T19:00Z,NL,14859
2024-01-15T20:00Z,NL,14035
2024-01-15T21:00Z,NL,13094
2024-01-15T22:00Z,NL,12034
2024-01-15T23:00Z,NL,11338
2024-01-16T00:00Z,NL,10910
2024-01-16T01:00Z,NL,10592
2024-01-16T02:00Z,NL,10693
2024-01-16T03:00Z,NL,10981
2024-01-16T04:00Z,NL,11951
2024-01-16T05:00Z,NL,13657
2024-01-16T06:00Z,NL,15161
2024-01-16T07:00Z,NL,15773
2024-01-16T08:00Z,NL,15777
2024-01-16T09:00Z,NL,15796
2024-01-16T10:00Z,NL,15439
2024-01-16T11:00Z,NL,15124
2024-01-16T12:00Z,NL,14910
2024-01-16T13:00Z,NL,14856
2024-01-16T14:00Z,NL,15045
2024-01-16T15:00Z,NL,15475
2024-01-16T16:00Z,NL,16268
2024-01-16T17:00Z,NL,16514
2024-01-16T18:00Z,NL,15976
2024-01-16T19:00Z,NL,15194
2024-01-16T20:00Z,NL,14275
2024-01-16T21:00Z,NL,13272
2024-01-16T22:00Z,NL,12225
2024-01-16T23:00Z,NL,11666
2024-01-17T00:00Z,NL,11145
2024-01-17T01:00Z,NL,10852
2024-01-17T02:00Z,NL,10790
2024-01-17T03:00Z,NL,11053
2024-01-17T04:00Z,NL,12097
2024-01-17T05:00Z,NL,13980
2024-01-17T06:00Z,NL,15419
2024-01-17T07:00Z,NL,16275
2024-01-17T08:00Z,NL,16376
2024-01-17T09:00Z,NL,16189
2024-01-17T10:00Z,NL,16033
2024-01-17T11:00Z,NL,15730
2024-01-17T12:00Z,NL,15603
2024-01-17T13:00Z,NL,15481
2024-01-17T14:00Z,NL,15429
2024-01-17T15:00Z,NL,15962
2024-01-17T16:00Z,NL,16677
2024-01-17T17:00Z,NL,16804
2024-01-17T18:00Z,NL,16199
2024-01-17T19:00Z,NL,15313
2024-01-17T20:00Z,NL,14535
2024-01-17T21:00Z,NL,13592
2024-01-17T22:00Z,NL,12649
2024-01-17T23:00Z,NL,11539
2024-01-18T00:00Z,NL,11061
2024-01-18T01:00Z,NL,10740
2024-01-18T02:00Z,NL,10771
2024-01-18T03:00Z,NL,10923
2024-01-18T04:00Z,NL,12035
2024-01-18T05:00Z,NL,13679
2024-01-18T06:00Z,NL,15168
2024-01-18T07:00Z,NL,15590
2024-01-18T08:00Z,NL,15641
2024-01-18T09:00Z,NL,15570
2024-01-18T10:00Z,NL,15310
2024-01-18T11:00Z,NL,15057
2024-01-18T12:00Z,NL,15003
2024-01-18T13:00Z,NL,14882
2024-01-18T14:00Z,NL,15055
2024-01-18T15:00Z,NL,15388
2024-01-18T16:00Z,NL,16331
2024-01-18T17:00Z,NL,16534
2024-01-18T18:00Z,NL,15952
2024-01-18T19:00Z,NL,15098
2024-01-18T20:00Z,NL,14284
2024-01-18T21:00Z,NL,13256
2024-01-18T22:00Z,NL,12251
2024-01-18T23:00Z,NL,11642
2024-01-19T00:00Z,NL,11195
2024-01-19T01:00Z,NL,10878
2024-01-19T02:00Z,NL,10949
2024-01-19T03:00Z,NL,11163
2024-01-19T04:00Z,NL,12258
2024-01-19T05:00Z,NL,14006
2024-01-19T06:00Z,NL,15397
2024-01-19T07:00Z,NL,16065
2024-01-19T08:00Z,NL,16200
2024-01-19T09:00Z,NL,16153
2024-01-19T10:00Z,NL,16038
2024-01-19T11:00Z,NL,15905
2024-01-19T12:00Z,NL,15566
2024-01-19T13:00Z,NL,15355
2024-01-19T14:00Z,NL,15303
2024-01-19T15:00Z,NL,15797
2024-01-19T16:00Z,NL,16728
2024-01-19T17:00Z,NL,16875
2024-01-19T18:00Z,NL,16219
2024-01-19T19:00Z,NL,15395
2024-01-19T20:00Z,NL,14431
2024-01-19T21:00Z,NL,13424
2024-01-19T22:00Z,NL,12425
2024-01-19T23:00Z,NL,10736
2024-01-20T00:00Z,NL,10554
2024-01-20T01:00Z,NL,10404
2024-01-20T02:00Z,NL,10469
2024-01-20T03:00Z,NL,10641
2024-01-20T04:00Z,NL,11114
2024-01-20T05:00Z,NL,12080
2024-01-20T06:00Z,NL,12833
2024-01-20T07:00Z,NL,13181
2024-01-20T08:00Z,NL,13214
2024-01-20T09:00Z,NL,13258
2024-01-20T10:00Z,NL,13130
2024-01-20T11:00Z,NL,12854
2024-01-20T12:00Z,NL,12767
2024-01-20T13:00Z,NL,12688
2024-01-20T14:00Z,NL,12741
2024-01-20T15:00Z,NL,12931
2024-01-20T16:00Z,NL,13566
2024-01-20T17:00Z,NL,13630
2024-01-20T18:00Z,NL,13265
2024-01-20T19:00Z,NL,12817
2024-01-20T20:00Z,NL,12401
2024-01-20T21:00Z,NL,11824
2024-01-20T22:00Z,NL,11284
2024-01-20T23:00Z,NL,9911
2024-01-21T00:00Z,NL,9772
2024-01-21T01:00Z,NL,9643
2024-01-21T02:00Z,NL,9698
2024-01-21T03:00Z,NL,9817
2024-01-21T04:00Z,NL,10196
2024-01-21T05:00Z,NL,11084
2024-01-21T06:00Z,NL,11884
2024-01-21T07:00Z,NL,12036
2024-01-21T08:00Z,NL,12247
2024-01-21T09:00Z,NL,12099
2024-01-21T10:00Z,NL,12108
2024-01-21T11:00Z,NL,12114
2024-01-21T12:00Z,NL,11983
2024-01-21T13:00Z,NL,11926
2024-01-21T14:00Z,NL,11854
2024-01-21T15:00Z,NL,12043
2024-01-21T16:00Z,NL,12403
2024-01-21T17:00Z,NL,12445
2024-01-21T18:00Z,NL,12220
2024-01-21T19:00Z,NL,11819
2024-01-21T20:00Z,NL,11465
2024-01-21T21:00Z,NL,10964
2024-01-21T22:00Z,NL,10380
2024-01-21T23:00Z,NL,11071
2024-01-22T00:00Z,NL,10560
2024-01-22T01:00Z,NL,10336
2024-01-22T02:00Z,NL,10353
2024-01-22T03:00Z,NL,10567
2024-01-22T04:00Z,NL,11586
2024-01-22T05:00Z,NL,13181
2024-01-22T06:00Z,NL,14641
2024-01-22T07:00Z,NL,15194
2024-01-22T08:00Z,NL,15302
2024-01-22T09:00Z,NL,15307
2024-01-22T10:00Z,NL,15105
2024-01-22T11:00Z,NL,14816
2024-01-22T12:00Z,NL,14740
2024-01-22T13:00Z,NL,14619
2024-01-22T14:00Z,NL,14660
2024-01-22T15:00Z,NL,15041
2024-01-22T16:00Z,NL,15729
2024-01-22T17:00Z,NL,15898
2024-01-22T18:00Z,NL,15345
2024-01-22T19:00Z,NL,14603
2024-01-22T20:00Z,NL,13887
2024-01-22T21:00Z,NL,12963
2024-01-22T22:00Z,NL,11965
2024-01-22T23:00Z,NL,11031
2024-01-23T00:00Z,NL,10586
2024-01-23T01:00Z,NL,10372
2024-01-23T02:00Z,NL,10302
2024-01-23T03:00Z,NL,10596
2024-01-23T04:00Z,NL,11502
2024-01-23T05:00Z,NL,13090
2024-01-23T06:00Z,NL,14389
2024-01-23T07:00Z,NL,15061
2024-01-23T08:00Z,NL,15209
2024-01-23T09:00Z,NL,15148
2024-01-23T10:00Z,NL,15140
2024-01-23T11:00Z,NL,14820
2024-01-23T12:00Z,NL,14714
2024-01-23T13:00Z,NL,14598
2024-01-23T14:00Z,NL,14616
2024-01-23T15:00Z,NL,15106
2024-01-23T16:00Z,NL,15897
2024-01-23T17:00Z,NL,16060
2024-01-23T18:00Z,NL,15430
2024-01-23T19:00Z,NL,14647
2024-01-23T20:00Z,NL,13737
2024-01-23T21:00Z,NL,12766
2024-01-23T22:00Z,NL,11785
2024-01-23T23:00Z,NL,10597
2024-01-24T00:00Z,NL,10286
2024-01-24T01:00Z,NL,10052
2024-01-24T02:00Z,NL,9978
2024-01-24T03:00Z,NL,10223
2024-01-24T04:00Z,NL,11150
2024-01-24T05:00Z,NL,12717
2024-01-24T06:00Z,NL,13992
2024-01-24T07:00Z,NL,14643
2024-01-24T08:00Z,NL,14888
2024-01-24T09:00Z,NL,14928
2024-01-24T10:00Z,NL,14878
2024-01-24T11:00Z,NL,14580
2024-01-24T12:00Z,NL,14347
2024-01-24T13:00Z,NL,14175
2024-01-24T14:00Z,NL,14110
2024-01-24T15:00Z,NL,14491
2024-01-24T16:00Z,NL,15231
2024-01-24T17:00Z,NL,15270
2024-01-24T18:00Z,NL,14831
2024-01-24T19:00Z,NL,14040
2024-01-24T20:00Z,NL,13258
2024-01-24T21:00Z,NL,12328
2024-01-24T22:00Z,NL,11456
2024-01-24T23:00Z,NL,10626
2024-01-25T00:00Z,NL,10224
2024-01-25T01:00Z,NL,9892
2024-01-25T02:00Z,NL,9859
2024-01-25T03:00Z,NL,10172
2024-01-25T04:00Z,NL,11053
2024-01-25T05:00Z,NL,12627
2024-01-25T06:00Z,NL,13861
2024-01-25T07:00Z,NL,14393
2024-01-25T08:00Z,NL,14572
2024-01-25T09:00Z,NL,14443
2024-01-25T10:00Z,NL,14356
2024-01-25T11:00Z,NL,14086
2024-01-25T12:00Z,NL,14118
2024-01-25T13:00Z,NL,13987
2024-01-25T14:00Z,NL,13891
2024-01-25T15:00Z,NL,14345
2024-01-25T16:00Z,NL,14971
2024-01-25T17:00Z,NL,15041
2024-01-25T18:00Z,NL,14657
2024-01-25T19:00Z,NL,13881
2024-01-25T20:00Z,NL,13024
2024-01-25T21:00Z,NL,12043
2024-01-25T22:00Z,NL,11148
2024-01-25T23:00Z,NL,10519
2024-01-26T00:00Z,NL,10172
2024-01-26T01:00Z,NL,9846
2024-01-26T02:00Z,NL,9787
2024-01-26T03:00Z,NL,10067
2024-01-26T04:00Z,NL,10944
2024-01-26T05:00Z,NL,12568
2024-01-26T06:00Z,NL,13916
2024-01-26T07:00Z,NL,14582
2024-01-26T08:00Z,NL,14639
2024-01-26T09:00Z,NL,14595
2024-01-26T10:00Z,NL,14464
2024-01-26T11:00Z,NL,14272
2024-01-26T12:00Z,NL,14107
2024-01-26T13:00Z,NL,14064
2024-01-26T14:00Z,NL,14285
2024-01-26T15:00Z,NL,14649
2024-01-26T16:00Z,NL,15240
2024-01-26T17:00Z,NL,15338
2024-01-26T18:00Z,NL,14802
2024-01-26T19:00Z,NL,13842
2024-01-26T20:00Z,NL,13215
2024-01-26T21:00Z,NL,12209
2024-01-26T22:00Z,NL,11312
2024-01-26T23:00Z,NL,10350
2024-01-27T00:00Z,NL,10133
2024-01-27T01:00Z,NL,9976
2024-01-27T02:00Z,NL,10007
2024-01-27T03:00Z,NL,10205
2024-01-27T04:00Z,NL,10620
2024-01-27T05:00Z,NL,11423
2024-01-27T06:00Z,NL,12304
2024-01-27T07:00Z,NL,12566
2024-01-27T08:00Z,NL,12662
2024-01-27T09:00Z,NL,12649
2024-01-27T10:00Z,NL,12619
2024-01-27T11:00Z,NL,12523
2024-01-27T12:00Z,NL,12487
2024-01-27T13:00Z,NL,12434
2024-01-27T14:00Z,NL,12353
2024-01-27T15:00Z,NL,12375
2024-01-27T16:00Z,NL,12767
2024-01-27T17:00Z,NL,12927
2024-01-27T18:00Z,NL,12619
2024-01-27T19:00Z,NL,12167
2024-01-27T20:00Z,NL,11807
2024-01-27T21:00Z,NL,11209
2024-01-27T22:00Z,NL,10733
2024-01-27T23:00Z,NL,9130
2024-01-28T00:00Z,NL,8913
2024-01-28T01:00Z,NL,8673
2024-01-28T02:00Z,NL,8736
2024-01-28T03:00Z,NL,8924
2024-01-28T04:00Z,NL,9447
2024-01-28T05:00Z,NL,10186
2024-01-28T06:00Z,NL,10910
2024-01-28T07:00Z,NL,11201
2024-01-28T08:00Z,NL,11197
2024-01-28T09:00Z,NL,11277
2024-01-28T10:00Z,NL,11201
2024-01-28T11:00Z,NL,11112
2024-01-28T12:00Z,NL,11205
2024-01-28T13:00Z,NL,11087
2024-01-28T14:00Z,NL,11087
2024-01-28T15:00Z,NL,11405
2024-01-28T16:00Z,NL,11826
2024-01-28T17:00Z,NL,11769
2024-01-28T18:00Z,NL,11628
2024-01-28T19:00Z,NL,11212
2024-01-28T20:00Z,NL,10865
2024-01-28T21:00Z,NL,10404
2024-01-28T22:00Z,NL,9887
2024-01-28T23:00Z,NL,10954
2024-01-29T00:00Z,NL,10636
2024-01-29T01:00Z,NL,10303
2024-01-29T02:00Z,NL,10272
2024-01-29T03:00Z,NL,10534
2024-01-29T04:00Z,NL,11537
2024-01-29T05:00Z,NL,13186
2024-01-29T06:00Z,NL,14563
2024-01-29T07:00Z,NL,15165
2024-01-29T08:00Z,NL,15328
2024-01-29T09:00Z,NL,15333
2024-01-29T10:00Z,NL,15212
2024-01-29T11:00Z,NL,14873
2024-01-29T12:00Z,NL,14767
2024-01-29T13:00Z,NL,14588
2024-01-29T14:00Z,NL,14547
2024-01-29T15:00Z,NL,14957
2024-01-29T16:00Z,NL,15906
2024-01-29T17:00Z,NL,16035
2024-01-29T18:00Z,NL,15501
2024-01-29T19:00Z,NL,14595
2024-01-29T20:00Z,NL,13751
2024-01-29T21:00Z,NL,12773
2024-01-29T22:00Z,NL,11757
2024-01-29T23:00Z,NL,11119
2024-01-30T00:00Z,NL,10725
2024-01-30T01:00Z,NL,10399
2024-01-30T02:00Z,NL,10581
2024-01-30T03:00Z,NL,10737
2024-01-30T04:00Z,NL,11711
2024-01-30T05:00Z,NL,13358
2024-01-30T06:00Z,NL,14809
2024-01-30T07:00Z,NL,15306
2024-01-30T08:00Z,NL,15504
2024-01-30T09:00Z,NL,15519
2024-01-30T10:00Z,NL,15457
2024-01-30T11:00Z,NL,15084
2024-01-30T12:00Z,NL,14920
2024-01-30T13:00Z,NL,14679
2024-01-30T14:00Z,NL,14833
2024-01-30T15:00Z,NL,15263
2024-01-30T16:00Z,NL,16158
2024-01-30T17:00Z,NL,16250
2024-01-30T18:00Z,NL,15505
2024-01-30T19:00Z,NL,14692
2024-01-30T20:00Z,NL,13900
2024-01-30T21:00Z,NL,13033
2024-01-30T22:00Z,NL,12029
2024-01-30T23:00Z,NL,11204
2024-01-31T00:00Z,NL,10784
2024-01-31T01:00Z,NL,10423
2024-01-31T02:00Z,NL,10450
2024-01-31T03:00Z,NL,10893
2024-01-31T04:00Z,NL,11890
2024-01-31T05:00Z,NL,13327
2024-01-31T06:00Z,NL,14764
2024-01-31T07:00Z,NL,15207
2024-01-31T08:00Z,NL,15387
2024-01-31T09:00Z,NL,15353
2024-01-31T10:00Z,NL,15181
2024-01-31T11:00Z,NL,14965
2024-01-31T12:00Z,NL,14894
2024-01-31T13:00Z,NL,14753
2024-01-31T14:00Z,NL,14712
2024-01-31T15:00Z,NL,15160
2024-01-31T16:00Z,NL,15806
2024-01-31T17:00Z,NL,15907
2024-01-31T18:00Z,NL,15475
2024-01-31T19:00Z,NL,14799
2024-01-31T20:00Z,NL,13984
2024-01-31T21:00Z,NL,12924
2024-01-31T22:00Z,NL,12003
2024-01-31T23:00Z,NL,11189
2024-02-01T00:00Z,NL,10820
2024-02-01T01:00Z,NL,10567
2024-02-01T02:00Z,NL,10596
2024-02-01T03:00Z,NL,10830
2024-02-01T04:00Z,NL,11713
2024-02-01T05:00Z,NL,13286
2024-02-01T06:00Z,NL,14738
2024-02-01T07:00Z,NL,15189
2024-02-01T08:00Z,NL,15393
2024-02-01T09:00Z,NL,15363
2024-02-01T10:00Z,NL,15359
2024-02-01T11:00Z,NL,15176
2024-02-01T12:00Z,NL,15010
2024-02-01T13:00Z,NL,14961
2024-02-01T14:00Z,NL,14988
2024-02-01T15:00Z,NL,15452
2024-02-01T16:00Z,NL,16153
2024-02-01T17:00Z,NL,16167
2024-02-01T18:00Z,NL,15484
2024-02-01T19:00Z,NL,14698
2024-02-01T20:00Z,NL,13975
2024-02-01T21:00Z,NL,13096
2024-02-01T22:00Z,NL,12141
2024-02-01T23:00Z,NL,11259
2024-02-02T00:00Z,NL,10794
2024-02-02T01:00Z,NL,10552
2024-02-02T02:00Z,NL,10590
2024-02-02T03:00Z,NL,10823
2024-02-02T04:00Z,NL,11794
2024-02-02T05:00Z,NL,13404
2024-02-02T06:00Z,NL,14784
2024-02-02T07:00Z,NL,15396
2024-02-02T08:00Z,NL,15515
2024-02-02T09:00Z,NL,15473
2024-02-02T10:00Z,NL,15317
2024-02-02T11:00Z,NL,15075
2024-02-02T12:00Z,NL,14813
2024-02-02T13:00Z,NL,14679
2024-02-02T14:00Z,NL,14754
2024-02-02T15:00Z,NL,15083
2024-02-02T16:00Z,NL,15858
2024-02-02T17:00Z,NL,15986
2024-02-02T18:00Z,NL,15482
2024-02-02T19:00Z,NL,14889
2024-02-02T20:00Z,NL,13997
2024-02-02T21:00Z,NL,13025
2024-02-02T22:00Z,NL,12048
2024-02-02T23:00Z,NL,10622
2024-02-03T00:00Z,NL,10414
2024-02-03T01:00Z,NL,10253
2024-02-03T02:00Z,NL,10267
2024-02-03T03:00Z,NL,10491
2024-02-03T04:00Z,NL,11054
2024-02-03T05:00Z,NL,11912
2024-02-03T06:00Z,NL,12637
2024-02-03T07:00Z,NL,12821
2024-02-03T08:00Z,NL,12744
2024-02-03T09:00Z,NL,12872
2024-02-03T10:00Z,NL,12775
2024-02-03T11:00Z,NL,12533
2024-02-03T12:00Z,NL,12475
2024-02-03T13:00Z,NL,12526
2024-02-03T14:00Z,NL,12499
2024-02-03T15:00Z,NL,12736
2024-02-03T16:00Z,NL,13251
2024-02-03T17:00Z,NL,13333
2024-02-03T18:00Z,NL,13033
2024-02-03T19:00Z,NL,12595
2024-02-03T20:00Z,NL,12216
2024-02-03T21:00Z,NL,11752
2024-02-03T22:00Z,NL,11207
2024-02-03T23:00Z,NL,10141
2024-02-04T00:00Z,NL,9877
2024-02-04T01:00Z,NL,9763
2024-02-04T02:00Z,NL,9706
2024-02-04T03:00Z,NL,9805
2024-02-04T04:00Z,NL,10263
2024-02-04T05:00Z,NL,11126
2024-02-04T06:00Z,NL,11900
2024-02-04T07:00Z,NL,12215
2024-02-04T08:00Z,NL,12273
2024-02-04T09:00Z,NL,12205
2024-02-04T10:00Z,NL,12101
2024-02-04T11:00Z,NL,12016
2024-02-04T12:00Z,NL,11989
2024-02-04T13:00Z,NL,11896
2024-02-04T14:00Z,NL,11899
2024-02-04T15:00Z,NL,12270
2024-02-04T16:00Z,NL,12663
2024-02-04T17:00Z,NL,12681
2024-02-04T18:00Z,NL,12500
2024-02-04T19:00Z,NL,12100
2024-02-04T20:00Z,NL,11670
2024-02-04T21:00Z,NL,11118
2024-02-04T22:00Z,NL,10575
2024-02-04T23:00Z,NL,11673
2024-02-05T00:00Z,NL,11197
2024-02-05T01:00Z,NL,10892
2024-02-05T02:00Z,NL,10834
2024-02-05T03:00Z,NL,11127
2024-02-05T04:00Z,NL,12188
2024-02-05T05:00Z,NL,13837
2024-02-05T06:00Z,NL,15326
2024-02-05T07:00Z,NL,16019
2024-02-05T08:00Z,NL,16079
2024-02-05T09:00Z,NL,16058
2024-02-05T10:00Z,NL,15945
2024-02-05T11:00Z,NL,15706
2024-02-05T12:00Z,NL,15625
2024-02-05T13:00Z,NL,15431
2024-02-05T14:00Z,NL,15343
2024-02-05T15:00Z,NL,15765
2024-02-05T16:00Z,NL,16718
2024-02-05T17:00Z,NL,16745
2024-02-05T18:00Z,NL,16249
2024-02-05T19:00Z,NL,15381
2024-02-05T20:00Z,NL,14496
2024-02-05T21:00Z,NL,13539
2024-02-05T22:00Z,NL,12473
2024-02-05T23:00Z,NL,11746
2024-02-06T00:00Z,NL,11207
2024-02-06T01:00Z,NL,10911
2024-02-06T02:00Z,NL,10871
2024-02-06T03:00Z,NL,11146
2024-02-06T04:00Z,NL,12067
2024-02-06T05:00Z,NL,13783
2024-02-06T06:00Z,NL,15260
2024-02-06T07:00Z,NL,15819
2024-02-06T08:00Z,NL,15986
2024-02-06T09:00Z,NL,16081
2024-02-06T10:00Z,NL,16153
2024-02-06T11:00Z,NL,15772
2024-02-06T12:00Z,NL,15715
2024-02-06T13:00Z,NL,15532
2024-02-06T14:00Z,NL,15599
2024-02-06T15:00Z,NL,15961
2024-02-06T16:00Z,NL,16856
2024-02-06T17:00Z,NL,16905
2024-02-06T18:00Z,NL,16319
2024-02-06T19:00Z,NL,15490
2024-02-06T20:00Z,NL,14551
2024-02-06T21:00Z,NL,13614
2024-02-06T22:00Z,NL,12515
2024-02-06T23:00Z,NL,11810
2024-02-07T00:00Z,NL,11200
2024-02-07T01:00Z,NL,10840
2024-02-07T02:00Z,NL,10850
2024-02-07T03:00Z,NL,11165
2024-02-07T04:00Z,NL,12192
2024-02-07T05:00Z,NL,13858
2024-02-07T06:00Z,NL,15218
2024-02-07T07:00Z,NL,16014
2024-02-07T08:00Z,NL,16175
2024-02-07T09:00Z,NL,16250
2024-02-07T10:00Z,NL,16229
2024-02-07T11:00Z,NL,15960
2024-02-07T12:00Z,NL,15760
2024-02-07T13:00Z,NL,15625
2024-02-07T14:00Z,NL,15552
2024-02-07T15:00Z,NL,15887
2024-02-07T16:00Z,NL,16812
2024-02-07T17:00Z,NL,17066
2024-02-07T18:00Z,NL,16387
2024-02-07T19:00Z,NL,15535
2024-02-07T20:00Z,NL,14694
2024-02-07T21:00Z,NL,13604
2024-02-07T22:00Z,NL,12661
2024-02-07T23:00Z,NL,11572
2024-02-08T00:00Z,NL,11072
2024-02-08T01:00Z,NL,10720
2024-02-08T02:00Z,NL,10687
2024-02-08T03:00Z,NL,11017
2024-02-08T04:00Z,NL,12047
2024-02-08T05:00Z,NL,13828
2024-02-08T06:00Z,NL,15220
2024-02-08T07:00Z,NL,15781
2024-02-08T08:00Z,NL,15946
2024-02-08T09:00Z,NL,16036
2024-02-08T10:00Z,NL,15928
2024-02-08T11:00Z,NL,15627
2024-02-08T12:00Z,NL,15529
2024-02-08T13:00Z,NL,15445
2024-02-08T14:00Z,NL,15414
2024-02-08T15:00Z,NL,15820
2024-02-08T16:00Z,NL,16722
2024-02-08T17:00Z,NL,16930
2024-02-08T18:00Z,NL,16335
2024-02-08T19:00Z,NL,15325
2024-02-08T20:00Z,NL,14452
2024-02-08T21:00Z,NL,13514
2024-02-08T22:00Z,NL,12409
2024-02-08T23:00Z,NL,11342
2024-02-09T00:00Z,NL,10906
2024-02-09T01:00Z,NL,10656
2024-02-09T02:00Z,NL,10759
2024-02-09T03:00Z,NL,11043
2024-02-09T04:00Z,NL,11988
2024-02-09T05:00Z,NL,13753
2024-02-09T06:00Z,NL,14980
2024-02-09T07:00Z,NL,15599
2024-02-09T08:00Z,NL,15799
2024-02-09T09:00Z,NL,15754
2024-02-09T10:00Z,NL,15745
2024-02-09T11:00Z,NL,15465
2024-02-09T12:00Z,NL,15331
2024-02-09T13:00Z,NL,15110
2024-02-09T14:00Z,NL,14927
2024-02-09T15:00Z,NL,15294
2024-02-09T16:00Z,NL,16121
2024-02-09T17:00Z,NL,16288
2024-02-09T18:00Z,NL,15738
2024-02-09T19:00Z,NL,14971
2024-02-09T20:00Z,NL,14109
2024-02-09T21:00Z,NL,13088
2024-02-09T22:00Z,NL,12049
2024-02-09T23:00Z,NL,10710
2024-02-10T00:00Z,NL,10541
2024-02-10T01:00Z,NL,10354
2024-02-10T02:00Z,NL,10323
2024-02-10T03:00Z,NL,10534
2024-02-10T04:00Z,NL,11115
2024-02-10T05:00Z,NL,12179
2024-02-10T06:00Z,NL,12872
2024-02-10T07:00Z,NL,13212
2024-02-10T08:00Z,NL,13237
2024-02-10T09:00Z,NL,13188
2024-02-10T10:00Z,NL,13106
2024-02-10T11:00Z,NL,12999
2024-02-10T12:00Z,NL,12989
2024-02-10T13:00Z,NL,12921
2024-02-10T14:00Z,NL,12910
2024-02-10T15:00Z,NL,13033
2024-02-10T16:00Z,NL,13469
2024-02-10T17:00Z,NL,13490
2024-02-10T18:00Z,NL,13128
2024-02-10T19:00Z,NL,12662
2024-02-10T20:00Z,NL,12228
2024-02-10T21:00Z,NL,11758
2024-02-10T22:00Z,NL,11278
2024-02-10T23:00Z,NL,10049
2024-02-11T00:00Z,NL,9946
2024-02-11T01:00Z,NL,9832
2024-02-11T02:00Z,NL,9758
2024-02-11T03:00Z,NL,9972
2024-02-11T04:00Z,NL,10340
2024-02-11T05:00Z,NL,11056
2024-02-11T06:00Z,NL,11689
2024-02-11T07:00Z,NL,12062
2024-02-11T08:00Z,NL,12205
2024-02-11T09:00Z,NL,12261
2024-02-11T10:00Z,NL,12140
2024-02-11T11:00Z,NL,11996
2024-02-11T12:00Z,NL,11895
2024-02-11T13:00Z,NL,11879
2024-02-11T14:00Z,NL,11851
2024-02-11T15:00Z,NL,12050
2024-02-11T16:00Z,NL,12369
2024-02-11T17:00Z,NL,12516
2024-02-11T18:00Z,NL,12330
2024-02-11T19:00Z,NL,11971
2024-02-11T20:00Z,NL,11304
2024-02-11T21:00Z,NL,10865
2024-02-11T22:00Z,NL,10395
2024-02-11T23:00Z,NL,11535
2024-02-12T00:00Z,NL,11040
2024-02-12T01:00Z,NL,10733
2024-02-12T02:00Z,NL,10785
2024-02-12T03:00Z,NL,11065
2024-02-12T04:00Z,NL,12066
2024-02-12T05:00Z,NL,13809
2024-02-12T06:00Z,NL,15130
2024-02-12T07:00Z,NL,15853
2024-02-12T08:00Z,NL,16023
2024-02-12T09:00Z,NL,15967
2024-02-12T10:00Z,NL,15889
2024-02-12T11:00Z,NL,15552
2024-02-12T12:00Z,NL,15350
2024-02-12T13:00Z,NL,15234
2024-02-12T14:00Z,NL,15078
2024-02-12T15:00Z,NL,15619
2024-02-12T16:00Z,NL,16362
2024-02-12T17:00Z,NL,16429
2024-02-12T18:00Z,NL,15802
2024-02-12T19:00Z,NL,14903
2024-02-12T20:00Z,NL,14185
2024-02-12T21:00Z,NL,13265
2024-02-12T22:00Z,NL,12319
2024-02-12T23:00Z,NL,11219
2024-02-13T00:00Z,NL,10830
2024-02-13T01:00Z,NL,10596
2024-02-13T02:00Z,NL,10719
2024-02-13T03:00Z,NL,11087
2024-02-13T04:00Z,NL,11935
2024-02-13T05:00Z,NL,13505
2024-02-13T06:00Z,NL,14772
2024-02-13T07:00Z,NL,15373
2024-02-13T08:00Z,NL,15477
2024-02-13T09:00Z,NL,15382
2024-02-13T10:00Z,NL,15376
2024-02-13T11:00Z,NL,15210
2024-02-13T12:00Z,NL,15055
2024-02-13T13:00Z,NL,14850
2024-02-13T14:00Z,NL,14811
2024-02-13T15:00Z,NL,15184
2024-02-13T16:00Z,NL,16008
2024-02-13T17:00Z,NL,16132
2024-02-13T18:00Z,NL,15450
2024-02-13T19:00Z,NL,14608
2024-02-13T20:00Z,NL,13825
2024-02-13T21:00Z,NL,12900
2024-02-13T22:00Z,NL,12000
2024-02-13T23:00Z,NL,10958
2024-02-14T00:00Z,NL,10545
2024-02-14T01:00Z,NL,10454
2024-02-14T02:00Z,NL,10401
2024-02-14T03:00Z,NL,10625
2024-02-14T04:00Z,NL,11611
2024-02-14T05:00Z,NL,13218
2024-02-14T06:00Z,NL,14561
2024-02-14T07:00Z,NL,15163
2024-02-14T08:00Z,NL,15278
2024-02-14T09:00Z,NL,15199
2024-02-14T10:00Z,NL,14973
2024-02-14T11:00Z,NL,14676
2024-02-14T12:00Z,NL,14541
2024-02-14T13:00Z,NL,14468
2024-02-14T14:00Z,NL,14544
2024-02-14T15:00Z,NL,14867
2024-02-14T16:00Z,NL,15623
2024-02-14T17:00Z,NL,15719
2024-02-14T18:00Z,NL,15239
2024-02-14T19:00Z,NL,14451
2024-02-14T20:00Z,NL,13688
2024-02-14T21:00Z,NL,12679
2024-02-14T22:00Z,NL,11867
2024-02-14T23:00Z,NL,11138
2024-02-15T00:00Z,NL,10712
2024-02-15T01:00Z,NL,10373
2024-02-15T02:00Z,NL,10387
2024-02-15T03:00Z,NL,10721
2024-02-15T04:00Z,NL,11632
2024-02-15T05:00Z,NL,13306
2024-02-15T06:00Z,NL,14730
2024-02-15T07:00Z,NL,15309
2024-02-15T08:00Z,NL,15501
2024-02-15T09:00Z,NL,15568
2024-02-15T10:00Z,NL,15282
2024-02-15T11:00Z,NL,15038
2024-02-15T12:00Z,NL,14914
2024-02-15T13:00Z,NL,14868
2024-02-15T14:00Z,NL,14894
2024-02-15T15:00Z,NL,15206
2024-02-15T16:00Z,NL,16052
2024-02-15T17:00Z,NL,16157
2024-02-15T18:00Z,NL,15617
2024-02-15T19:00Z,NL,14760
2024-02-15T20:00Z,NL,13898
2024-02-15T21:00Z,NL,12991
2024-02-15T22:00Z,NL,12058
2024-02-15T23:00Z,NL,11087
2024-02-16T00:00Z,NL,10723
2024-02-16T01:00Z,NL,10517
2024-02-16T02:00Z,NL,10585
2024-02-16T03:00Z,NL,10786
2024-02-16T04:00Z,NL,11621
2024-02-16T05:00Z,NL,13155
2024-02-16T06:00Z,NL,14645
2024-02-16T07:00Z,NL,15257
2024-02-16T08:00Z,NL,15479
2024-02-16T09:00Z,NL,15492
2024-02-16T10:00Z,NL,15354
2024-02-16T11:00Z,NL,15035
2024-02-16T12:00Z,NL,14856
2024-02-16T13:00Z,NL,14879
2024-02-16T14:00Z,NL,14864
2024-02-16T15:00Z,NL,15260
2024-02-16T16:00Z,NL,15980
2024-02-16T17:00Z,NL,15993
2024-02-16T18:00Z,NL,15460
2024-02-16T19:00Z,NL,14678
2024-02-16T20:00Z,NL,13909
2024-02-16T21:00Z,NL,13028
2024-02-16T22:00Z,NL,11972
2024-02-16T23:00Z,NL,10645
2024-02-17T00:00Z,NL,10513
2024-02-17T01:00Z,NL,10432
2024-02-17T02:00Z,NL,10510
2024-02-17T03:00Z,NL,10589
2024-02-17T04:00Z,NL,10980
2024-02-17T05:00Z,NL,11771
2024-02-17T06:00Z,NL,12441
2024-02-17T07:00Z,NL,12796
2024-02-17T08:00Z,NL,12919
2024-02-17T09:00Z,NL,13030
2024-02-17T10:00Z,NL,12780
2024-02-17T11:00Z,NL,12556
2024-02-17T12:00Z,NL,12561
2024-02-17T13:00Z,NL,12532
2024-02-17T14:00Z,NL,12493
2024-02-17T15:00Z,NL,12773
2024-02-17T16:00Z,NL,13240
2024-02-17T17:00Z,NL,13276
2024-02-17T18:00Z,NL,13097
2024-02-17T19:00Z,NL,12667
2024-02-17T20:00Z,NL,12364
2024-02-17T21:00Z,NL,11899
2024-02-17T22:00Z,NL,11354
2024-02-17T23:00Z,NL,10023
2024-02-18T00:00Z,NL,9693
2024-02-18T01:00Z,NL,9523
2024-02-18T02:00Z,NL,9500
2024-02-18T03:00Z,NL,9537
2024-02-18T04:00Z,NL,10105
2024-02-18T05:00Z,NL,10959
2024-02-18T06:00Z,NL,11573
2024-02-18T07:00Z,NL,11833
2024-02-18T08:00Z,NL,11815
2024-02-18T09:00Z,NL,11800
2024-02-18T10:00Z,NL,11855
2024-02-18T11:00Z,NL,11786
2024-02-18T12:00Z,NL,11626
2024-02-18T13:00Z,NL,11543
2024-02-18T14:00Z,NL,11568
2024-02-18T15:00Z,NL,11910
2024-02-18T16:00Z,NL,12248
2024-02-18T17:00Z,NL,12158
2024-02-18T18:00Z,NL,11856
2024-02-18T19:00Z,NL,11502
2024-02-18T20:00Z,NL,11200
2024-02-18T21:00Z,NL,10767
2024-02-18T22:00Z,NL,10212
2024-02-18T23:00Z,NL,10914
2024-02-19T00:00Z,NL,10551
2024-02-19T01:00Z,NL,10262
2024-02-19T02:00Z,NL,10186
2024-02-19T03:00Z,NL,10529
2024-02-19T04:00Z,NL,11473
2024-02-19T05:00Z,NL,13097
2024-02-19T06:00Z,NL,14435
2024-02-19T07:00Z,NL,14965
2024-02-19T08:00Z,NL,15103
2024-02-19T09:00Z,NL,15183
2024-02-19T10:00Z,NL,15045
2024-02-19T11:00Z,NL,14898
2024-02-19T12:00Z,NL,14674
2024-02-19T13:00Z,NL,14593
2024-02-19T14:00Z,NL,14652
2024-02-19T15:00Z,NL,14902
2024-02-19T16:00Z,NL,15591
2024-02-19T17:00Z,NL,15740
2024-02-19T18:00Z,NL,15187
2024-02-19T19:00Z,NL,14430
2024-02-19T20:00Z,NL,13600
2024-02-19T21:00Z,NL,12546
2024-02-19T22:00Z,NL,11543
2024-02-19T23:00Z,NL,10742
2024-02-20T00:00Z,NL,10382
2024-02-20T01:00Z,NL,10154
2024-02-20T02:00Z,NL,10310
2024-02-20T03:00Z,NL,10665
2024-02-20T04:00Z,NL,11628
2024-02-20T05:00Z,NL,13264
2024-02-20T06:00Z,NL,14521
2024-02-20T07:00Z,NL,15080
2024-02-20T08:00Z,NL,15195
2024-02-20T09:00Z,NL,15198
2024-02-20T10:00Z,NL,15090
2024-02-20T11:00Z,NL,14779
2024-02-20T12:00Z,NL,14703
2024-02-20T13:00Z,NL,14528
2024-02-20T14:00Z,NL,14609
2024-02-20T15:00Z,NL,14888
2024-02-20T16:00Z,NL,15532
2024-02-20T17:00Z,NL,15796
2024-02-20T18:00Z,NL,15325
2024-02-20T19:00Z,NL,14515
2024-02-20T20:00Z,NL,13696
2024-02-20T21:00Z,NL,12712
2024-02-20T22:00Z,NL,11675
2024-02-20T23:00Z,NL,10755
2024-02-21T00:00Z,NL,10429
2024-02-21T01:00Z,NL,10166
2024-02-21T02:00Z,NL,10187
2024-02-21T03:00Z,NL,10325
2024-02-21T04:00Z,NL,11293
2024-02-21T05:00Z,NL,12867
2024-02-21T06:00Z,NL,14147
2024-02-21T07:00Z,NL,14740
2024-02-21T08:00Z,NL,14893
2024-02-21T09:00Z,NL,14982
2024-02-21T10:00Z,NL,14997
2024-02-21T11:00Z,NL,14633
2024-02-21T12:00Z,NL,14526
2024-02-21T13:00Z,NL,14425
2024-02-21T14:00Z,NL,14313
2024-02-21T15:00Z,NL,14720
2024-02-21T16:00Z,NL,15554
2024-02-21T17:00Z,NL,15732
2024-02-21T18:00Z,NL,15232
2024-02-21T19:00Z,NL,14426
2024-02-21T20:00Z,NL,13630
2024-02-21T21:00Z,NL,12660
2024-02-21T22:00Z,NL,11738
2024-02-21T23:00Z,NL,11348
2024-02-22T00:00Z,NL,10941
2024-02-22T01:00Z,NL,10761
2024-02-22T02:00Z,NL,10779
2024-02-22T03:00Z,NL,11019
2024-02-22T04:00Z,NL,11918
2024-02-22T05:00Z,NL,13422
2024-02-22T06:00Z,NL,14787
2024-02-22T07:00Z,NL,15425
2024-02-22T08:00Z,NL,15589
2024-02-22T09:00Z,NL,15680
2024-02-22T10:00Z,NL,15581
2024-02-22T11:00Z,NL,15329
2024-02-22T12:00Z,NL,15239
2024-02-22T13:00Z,NL,15174
2024-02-22T14:00Z,NL,15145
2024-02-22T15:00Z,NL,15544
2024-02-22T16:00Z,NL,16153
2024-02-22T17:00Z,NL,16362
2024-02-22T18:00Z,NL,15761
2024-02-22T19:00Z,NL,14967
2024-02-22T20:00Z,NL,14237
2024-02-22T21:00Z,NL,13312
2024-02-22T22:00Z,NL,12294
2024-02-22T23:00Z,NL,11329
2024-02-23T00:00Z,NL,10931
2024-02-23T01:00Z,NL,10595
2024-02-23T02:00Z,NL,10661
2024-02-23T03:00Z,NL,10932
2024-02-23T04:00Z,NL,11912
2024-02-23T05:00Z,NL,13494
2024-02-23T06:00Z,NL,14974
2024-02-23T07:00Z,NL,15499
2024-02-23T08:00Z,NL,15709
2024-02-23T09:00Z,NL,15761
2024-02-23T10:00Z,NL,15716
2024-02-23T11:00Z,NL,15585
2024-02-23T12:00Z,NL,15503
2024-02-23T13:00Z,NL,15288
2024-02-23T14:00Z,NL,15179
2024-02-23T15:00Z,NL,15458
2024-02-23T16:00Z,NL,16178
2024-02-23T17:00Z,NL,16423
2024-02-23T18:00Z,NL,15887
2024-02-23T19:00Z,NL,15003
2024-02-23T20:00Z,NL,14218
2024-02-23T21:00Z,NL,13277
2024-02-23T22:00Z,NL,12221
2024-02-23T23:00Z,NL,10658
2024-02-24T00:00Z,NL,10360
2024-02-24T01:00Z,NL,10213
2024-02-24T02:00Z,NL,10324
2024-02-24T03:00Z,NL,10555
2024-02-24T04:00Z,NL,10976
2024-02-24T05:00Z,NL,11878
2024-02-24T06:00Z,NL,12590
2024-02-24T07:00Z,NL,12927
2024-02-24T08:00Z,NL,12980
2024-02-24T09:00Z,NL,13088
2024-02-24T10:00Z,NL,13119
2024-02-24T11:00Z,NL,12931
2024-02-24T12:00Z,NL,12829
2024-02-24T13:00Z,NL,12735
2024-02-24T14:00Z,NL,12560
2024-02-24T15:00Z,NL,12909
2024-02-24T16:00Z,NL,13220
2024-02-24T17:00Z,NL,13295
2024-02-24T18:00Z,NL,12909
2024-02-24T19:00Z,NL,12371
2024-02-24T20:00Z,NL,11950
2024-02-24T21:00Z,NL,11454
2024-02-24T22:00Z,NL,11052
2024-02-24T23:00Z,NL,9705
2024-02-25T00:00Z,NL,9504
2024-02-25T01:00Z,NL,9314
2024-02-25T02:00Z,NL,9395
2024-02-25T03:00Z,NL,9412
2024-02-25T04:00Z,NL,9830
2024-02-25T05:00Z,NL,10612
2024-02-25T06:00Z,NL,11405
2024-02-25T07:00Z,NL,11693
2024-02-25T08:00Z,NL,11831
2024-02-25T09:00Z,NL,11761
2024-02-25T10:00Z,NL,11659
2024-02-25T11:00Z,NL,11557
2024-02-25T12:00Z,NL,11630
2024-02-25T13:00Z,NL,11629
2024-02-25T14:00Z,NL,11554
2024-02-25T15:00Z,NL,11751
2024-02-25T16:00Z,NL,12038
2024-02-25T17:00Z,NL,12152
2024-02-25T18:00Z,NL,11748
2024-02-25T19:00Z,NL,11455
2024-02-25T20:00Z,NL,11141
2024-02-25T21:00Z,NL,10649
2024-02-25T22:00Z,NL,10032
2024-02-25T23:00Z,NL,11063
2024-02-26T00:00Z,NL,10640
2024-02-26T01:00Z,NL,10417
2024-02-26T02:00Z,NL,10417
2024-02-26T03:00Z,NL,10622
2024-02-26T04:00Z,NL,11475
2024-02-26T05:00Z,NL,13191
2024-02-26T06:00Z,NL,14560
2024-02-26T07:00Z,NL,15091
2024-02-26T08:00Z,NL,15299
2024-02-26T09:00Z,NL,15358
2024-02-26T10:00Z,NL,15339
2024-02-26T11:00Z,NL,15076
2024-02-26T12:00Z,NL,14917
2024-02-26T13:00Z,NL,14847
2024-02-26T14:00Z,NL,14814
2024-02-26T15:00Z,NL,15284
2024-02-26T16:00Z,NL,15948
2024-02-26T17:00Z,NL,16096
2024-02-26T18:00Z,NL,15549
2024-02-26T19:00Z,NL,14820
2024-02-26T20:00Z,NL,14027
2024-02-26T21:00Z,NL,13064
2024-02-26T22:00Z,NL,12004
2024-02-26T23:00Z,NL,11166
2024-02-27T00:00Z,NL,10697
2024-02-27T01:00Z,NL,10420
2024-02-27T02:00Z,NL,10354
2024-02-27T03:00Z,NL,10599
2024-02-27T04:00Z,NL,11529
2024-02-27T05:00Z,NL,13026
2024-02-27T06:00Z,NL,14454
2024-02-27T07:00Z,NL,15051
2024-02-27T08:00Z,NL,15213
2024-02-27T09:00Z,NL,15256
2024-02-27T10:00Z,NL,15280
2024-02-27T11:00Z,NL,15216
2024-02-27T12:00Z,NL,15071
2024-02-27T13:00Z,NL,14850
2024-02-27T14:00Z,NL,14904
2024-02-27T15:00Z,NL,15214
2024-02-27T16:00Z,NL,15797
2024-02-27T17:00Z,NL,15953
2024-02-27T18:00Z,NL,15421
2024-02-27T19:00Z,NL,14506
2024-02-27T20:00Z,NL,13614
2024-02-27T21:00Z,NL,12707
2024-02-27T22:00Z,NL,11834
2024-02-27T23:00Z,NL,10925
2024-02-28T00:00Z,NL,10561
2024-02-28T01:00Z,NL,10283
2024-02-28T02:00Z,NL,10216
2024-02-28T03:00Z,NL,10533
2024-02-28T04:00Z,NL,11406
2024-02-28T05:00Z,NL,12935
2024-02-28T06:00Z,NL,14244
2024-02-28T07:00Z,NL,14908
2024-02-28T08:00Z,NL,15098
2024-02-28T09:00Z,NL,15262
2024-02-28T10:00Z,NL,15009
2024-02-28T11:00Z,NL,14850
2024-02-28T12:00Z,NL,14674
2024-02-28T13:00Z,NL,14543
2024-02-28T14:00Z,NL,14398
2024-02-28T15:00Z,NL,14806
2024-02-28T16:00Z,NL,15591
2024-02-28T17:00Z,NL,15750
2024-02-28T18:00Z,NL,15215
2024-02-28T19:00Z,NL,14452
2024-02-28T20:00Z,NL,13731
2024-02-28T21:00Z,NL,12812
2024-02-28T22:00Z,NL,11825
2024-02-28T23:00Z,NL,11115
2024-02-29T00:00Z,NL,10656
2024-02-29T01:00Z,NL,10498
2024-02-29T02:00Z,NL,10428
2024-02-29T03:00Z,NL,10701
2024-02-29T04:00Z,NL,11606
2024-02-29T05:00Z,NL,13209
2024-02-29T06:00Z,NL,14629
2024-02-29T07:00Z,NL,15257
2024-02-29T08:00Z,NL,15408
2024-02-29T09:00Z,NL,15439
2024-02-29T10:00Z,NL,15366
2024-02-29T11:00Z,NL,15152
2024-02-29T12:00Z,NL,15088
2024-02-29T13:00Z,NL,14925
2024-02-29T14:00Z,NL,14901
2024-02-29T15:00Z,NL,15256
2024-02-29T16:00Z,NL,15883
2024-02-29T17:00Z,NL,15902
2024-02-29T18:00Z,NL,15334
2024-02-29T19:00Z,NL,14563
2024-02-29T20:00Z,NL,13760
2024-02-29T21:00Z,NL,12753
2024-02-29T22:00Z,NL,11805
2024-02-29T23:00Z,NL,10976
2024-03-01T00:00Z,NL,10563
2024-03-01T01:00Z,NL,10383
2024-03-01T02:00Z,NL,10391
2024-03-01T03:00Z,NL,10593
2024-03-01T04:00Z,NL,11396
2024-03-01T05:00Z,NL,13048
2024-03-01T06:00Z,NL,14334
2024-03-01T07:00Z,NL,14946
2024-03-01T08:00Z,NL,15141
2024-03-01T09:00Z,NL,15232
2024-03-01T10:00Z,NL,15098
2024-03-01T11:00Z,NL,14928
2024-03-01T12:00Z,NL,14885
2024-03-01T13:00Z,NL,14717
2024-03-01T14:00Z,NL,14727
2024-03-01T15:00Z,NL,15062
2024-03-01T16:00Z,NL,15658
2024-03-01T17:00Z,NL,15847
2024-03-01T18:00Z,NL,15393
2024-03-01T19:00Z,NL,14591
2024-03-01T20:00Z,NL,13855
2024-03-01T21:00Z,NL,12994
2024-03-01T22:00Z,NL,11950
2024-03-01T23:00Z,NL,10811
2024-03-02T00:00Z,NL,10577
2024-03-02T01:00Z,NL,10513
2024-03-02T02:00Z,NL,10571
2024-03-02T03:00Z,NL,10753
2024-03-02T04:00Z,NL,11208
2024-03-02T05:00Z,NL,12099
2024-03-02T06:00Z,NL,12837
2024-03-02T07:00Z,NL,13102
2024-03-02T08:00Z,NL,13212
2024-03-02T09:00Z,NL,13079
2024-03-02T10:00Z,NL,12982
2024-03-02T11:00Z,NL,12734
2024-03-02T12:00Z,NL,12735
2024-03-02T13:00Z,NL,12674
2024-03-02T14:00Z,NL,12583
2024-03-02T15:00Z,NL,12743
2024-03-02T16:00Z,NL,13147
2024-03-02T17:00Z,NL,13235
2024-03-02T18:00Z,NL,12920
2024-03-02T19:00Z,NL,12449
2024-03-02T20:00Z,NL,12125
2024-03-02T21:00Z,NL,11567
2024-03-02T22:00Z,NL,11102
2024-03-02T23:00Z,NL,9574
2024-03-03T00:00Z,NL,9425
2024-03-03T01:00Z,NL,9318
2024-03-03T02:00Z,NL,9289
2024-03-03T03:00Z,NL,9426
2024-03-03T04:00Z,NL,9921
2024-03-03T05:00Z,NL,10720
2024-03-03T06:00Z,NL,11310
2024-03-03T07:00Z,NL,11749
2024-03-03T08:00Z,NL,11772
2024-03-03T09:00Z,NL,11779
2024-03-03T10:00Z,NL,11637
2024-03-03T11:00Z,NL,11578
2024-03-03T12:00Z,NL,11525
2024-03-03T13:00Z,NL,11411
2024-03-03T14:00Z,NL,11371
2024-03-03T15:00Z,NL,11454
2024-03-03T16:00Z,NL,11733
2024-03-03T17:00Z,NL,11900
2024-03-03T18:00Z,NL,11551
2024-03-03T19:00Z,NL,11200
2024-03-03T20:00Z,NL,10896
2024-03-03T21:00Z,NL,10408
2024-03-03T22:00Z,NL,9906
2024-03-03T23:00Z,NL,11301
2024-03-04T00:00Z,NL,10895
2024-03-04T01:00Z,NL,10656
2024-03-04T02:00Z,NL,10504
2024-03-04T03:00Z,NL,10776
2024-03-04T04:00Z,NL,11818
2024-03-04T05:00Z,NL,13402
2024-03-04T06:00Z,NL,14804
2024-03-04T07:00Z,NL,15310
2024-03-04T08:00Z,NL,15577
2024-03-04T09:00Z,NL,15754
2024-03-04T10:00Z,NL,15557
2024-03-04T11:00Z,NL,15364
2024-03-04T12:00Z,NL,15193
2024-03-04T13:00Z,NL,14960
2024-03-04T14:00Z,NL,14898
2024-03-04T15:00Z,NL,15208
2024-03-04T16:00Z,NL,15793
2024-03-04T17:00Z,NL,16041
2024-03-04T18:00Z,NL,15641
2024-03-04T19:00Z,NL,14832
2024-03-04T20:00Z,NL,14072
2024-03-04T21:00Z,NL,13149
2024-03-04T22:00Z,NL,12204
2024-03-04T23:00Z,NL,11051
2024-03-05T00:00Z,NL,10576
2024-03-05T01:00Z,NL,10276
2024-03-05T02:00Z,NL,10309
2024-03-05T03:00Z,NL,10489
2024-03-05T04:00Z,NL,11372
2024-03-05T05:00Z,NL,12891
2024-03-05T06:00Z,NL,14379
2024-03-05T07:00Z,NL,14951
2024-03-05T08:00Z,NL,15121
2024-03-05T09:00Z,NL,15103
2024-03-05T10:00Z,NL,15214
2024-03-05T11:00Z,NL,15033
2024-03-05T12:00Z,NL,14914
2024-03-05T13:00Z,NL,14867
2024-03-05T14:00Z,NL,14769
2024-03-05T15:00Z,NL,14894
2024-03-05T16:00Z,NL,15530
2024-03-05T17:00Z,NL,15730
2024-03-05T18:00Z,NL,15323
2024-03-05T19:00Z,NL,14600
2024-03-05T20:00Z,NL,13723
2024-03-05T21:00Z,NL,12769
2024-03-05T22:00Z,NL,11839
2024-03-05T23:00Z,NL,10830
2024-03-06T00:00Z,NL,10421
2024-03-06T01:00Z,NL,10165
2024-03-06T02:00Z,NL,10140
2024-03-06T03:00Z,NL,10508
2024-03-06T04:00Z,NL,11448
2024-03-06T05:00Z,NL,13016
2024-03-06T06:00Z,NL,14339
2024-03-06T07:00Z,NL,14941
2024-03-06T08:00Z,NL,15277
2024-03-06T09:00Z,NL,15348
2024-03-06T10:00Z,NL,15180
2024-03-06T11:00Z,NL,14931
2024-03-06T12:00Z,NL,14778
2024-03-06T13:00Z,NL,14646
2024-03-06T14:00Z,NL,14632
2024-03-06T15:00Z,NL,14825
2024-03-06T16:00Z,NL,15507
2024-03-06T17:00Z,NL,15634
2024-03-06T18:00Z,NL,15174
2024-03-06T19:00Z,NL,14508
2024-03-06T20:00Z,NL,13707
2024-03-06T21:00Z,NL,12782
2024-03-06T22:00Z,NL,11829
2024-03-06T23:00Z,NL,10984
2024-03-07T00:00Z,NL,10462
2024-03-07T01:00Z,NL,10246
2024-03-07T02:00Z,NL,10129
2024-03-07T03:00Z,NL,10387
2024-03-07T04:00Z,NL,11444
2024-03-07T05:00Z,NL,13084
2024-03-07T06:00Z,NL,14397
2024-03-07T07:00Z,NL,15020
2024-03-07T08:00Z,NL,15206
2024-03-07T09:00Z,NL,15197
2024-03-07T10:00Z,NL,15067
2024-03-07T11:00Z,NL,14829
2024-03-07T12:00Z,NL,14671
2024-03-07T13:00Z,NL,14539
2024-03-07T14:00Z,NL,14482
2024-03-07T15:00Z,NL,14843
2024-03-07T16:00Z,NL,15584
2024-03-07T17:00Z,NL,15716
2024-03-07T18:00Z,NL,15219
2024-03-07T19:00Z,NL,14409
2024-03-07T20:00Z,NL,13691
2024-03-07T21:00Z,NL,12768
2024-03-07T22:00Z,NL,11836
2024-03-07T23:00Z,NL,11123
2024-03-08T00:00Z,NL,10695
2024-03-08T01:00Z,NL,10432
2024-03-08T02:00Z,NL,10311
2024-03-08T03:00Z,NL,10541
2024-03-08T04:00Z,NL,11511
2024-03-08T05:00Z,NL,13066
2024-03-08T06:00Z,NL,14448
2024-03-08T07:00Z,NL,15116
2024-03-08T08:00Z,NL,15289
2024-03-08T09:00Z,NL,15315
2024-03-08T10:00Z,NL,15070
2024-03-08T11:00Z,NL,14765
2024-03-08T12:00Z,NL,14732
2024-03-08T13:00Z,NL,14782
2024-03-08T14:00Z,NL,14738
2024-03-08T15:00Z,NL,15041
2024-03-08T16:00Z,NL,15769
2024-03-08T17:00Z,NL,15719
2024-03-08T18:00Z,NL,15277
2024-03-08T19:00Z,NL,14539
2024-03-08T20:00Z,NL,13654
2024-03-08T21:00Z,NL,12767
2024-03-08T22:00Z,NL,11894
2024-03-08T23:00Z,NL,10279
2024-03-09T00:00Z,NL,10046
2024-03-09T01:00Z,NL,9965
2024-03-09T02:00Z,NL,9968
2024-03-09T03:00Z,NL,10086
2024-03-09T04:00Z,NL,10566
2024-03-09T05:00Z,NL,11377
2024-03-09T06:00Z,NL,12059
2024-03-09T07:00Z,NL,12355
2024-03-09T08:00Z,NL,12404
2024-03-09T09:00Z,NL,12508
2024-03-09T10:00Z,NL,12422
2024-03-09T11:00Z,NL,12368
2024-03-09T12:00Z,NL,12251
2024-03-09T13:00Z,NL,12224
2024-03-09T14:00Z,NL,12346
2024-03-09T15:00Z,NL,12460
2024-03-09T16:00Z,NL,12651
2024-03-09T17:00Z,NL,12819
2024-03-09T18:00Z,NL,12485
2024-03-09T19:00Z,NL,12099
2024-03-09T20:00Z,NL,11702
2024-03-09T21:00Z,NL,11216
2024-03-09T22:00Z,NL,10757
2024-03-09T23:00Z,NL,9579
2024-03-10T00:00Z,NL,9381
2024-03-10T01:00Z,NL,9344
2024-03-10T02:00Z,NL,9331
2024-03-10T03:00Z,NL,9454
2024-03-10T04:00Z,NL,9822
2024-03-10T05:00Z,NL,10511
2024-03-10T06:00Z,NL,11303
2024-03-10T07:00Z,NL,11462
2024-03-10T08:00Z,NL,11529
2024-03-10T09:00Z,NL,11509
2024-03-10T10:00Z,NL,11546
2024-03-10T11:00Z,NL,11398
2024-03-10T12:00Z,NL,11322
2024-03-10T13:00Z,NL,11196
2024-03-10T14:00Z,NL,11145
2024-03-10T15:00Z,NL,11236
2024-03-10T16:00Z,NL,11523
2024-03-10T17:00Z,NL,11540
2024-03-10T18:00Z,NL,11326
2024-03-10T19:00Z,NL,10986
2024-03-10T20:00Z,NL,10690
2024-03-10T21:00Z,NL,10284
2024-03-10T22:00Z,NL,9836
2024-03-10T23:00Z,NL,10928
2024-03-11T00:00Z,NL,10543
2024-03-11T01:00Z,NL,10209
2024-03-11T02:00Z,NL,10129
2024-03-11T03:00Z,NL,10427
2024-03-11T04:00Z,NL,11336
2024-03-11T05:00Z,NL,12858
2024-03-11T06:00Z,NL,14246
2024-03-11T07:00Z,NL,14849
2024-03-11T08:00Z,NL,15069
2024-03-11T09:00Z,NL,15170
2024-03-11T10:00Z,NL,15213
2024-03-11T11:00Z,NL,14946
2024-03-11T12:00Z,NL,14864
2024-03-11T13:00Z,NL,14772
2024-03-11T14:00Z,NL,14731
2024-03-11T15:00Z,NL,15018
2024-03-11T16:00Z,NL,15645
2024-03-11T17:00Z,NL,15772
2024-03-11T18:00Z,NL,15290
2024-03-11T19:00Z,NL,14640
2024-03-11T20:00Z,NL,13839
2024-03-11T21:00Z,NL,12913
2024-03-11T22:00Z,NL,11899
2024-03-11T23:00Z,NL,11273
2024-03-12T00:00Z,NL,10901
2024-03-12T01:00Z,NL,10574
2024-03-12T02:00Z,NL,10349
2024-03-12T03:00Z,NL,10720
2024-03-12T04:00Z,NL,11696
2024-03-12T05:00Z,NL,13200
2024-03-12T06:00Z,NL,14509
2024-03-12T07:00Z,NL,15064
2024-03-12T08:00Z,NL,15385
2024-03-12T09:00Z,NL,15416
2024-03-12T10:00Z,NL,15280
2024-03-12T11:00Z,NL,15214
2024-03-12T12:00Z,NL,15066
2024-03-12T13:00Z,NL,14897
2024-03-12T14:00Z,NL,14905
2024-03-12T15:00Z,NL,15159
2024-03-12T16:00Z,NL,15752
2024-03-12T17:00Z,NL,15883
2024-03-12T18:00Z,NL,15358
2024-03-12T19:00Z,NL,14603
2024-03-12T20:00Z,NL,13944
2024-03-12T21:00Z,NL,12989
2024-03-12T22:00Z,NL,12077
2024-03-12T23:00Z,NL,10988
2024-03-13T00:00Z,NL,10507
2024-03-13T01:00Z,NL,10182
2024-03-13T02:00Z,NL,9989
2024-03-13T03:00Z,NL,10347
2024-03-13T04:00Z,NL,11138
2024-03-13T05:00Z,NL,12627
2024-03-13T06:00Z,NL,13909
2024-03-13T07:00Z,NL,14566
2024-03-13T08:00Z,NL,14737
2024-03-13T09:00Z,NL,14830
2024-03-13T10:00Z,NL,14696
2024-03-13T11:00Z,NL,14598
2024-03-13T12:00Z,NL,14580
2024-03-13T13:00Z,NL,14265
2024-03-13T14:00Z,NL,14218
2024-03-13T15:00Z,NL,14552
2024-03-13T16:00Z,NL,15082
2024-03-13T17:00Z,NL,15062
2024-03-13T18:00Z,NL,14705
2024-03-13T19:00Z,NL,14098
2024-03-13T20:00Z,NL,13410
2024-03-13T21:00Z,NL,12707
2024-03-13T22:00Z,NL,11774
2024-03-13T23:00Z,NL,11126
2024-03-14T00:00Z,NL,10720
2024-03-14T01:00Z,NL,10403
2024-03-14T02:00Z,NL,10331
2024-03-14T03:00Z,NL,10454
2024-03-14T04:00Z,NL,11412
2024-03-14T05:00Z,NL,12926
2024-03-14T06:00Z,NL,14226
2024-03-14T07:00Z,NL,14861
2024-03-14T08:00Z,NL,15077
2024-03-14T09:00Z,NL,15278
2024-03-14T10:00Z,NL,15168
2024-03-14T11:00Z,NL,14981
2024-03-14T12:00Z,NL,14744
2024-03-14T13:00Z,NL,14607
2024-03-14T14:00Z,NL,14536
2024-03-14T15:00Z,NL,14838
2024-03-14T16:00Z,NL,15473
2024-03-14T17:00Z,NL,15473
2024-03-14T18:00Z,NL,15161
2024-03-14T19:00Z,NL,14517
2024-03-14T20:00Z,NL,13843
2024-03-14T21:00Z,NL,12848
2024-03-14T22:00Z,NL,11807
2024-03-14T23:00Z,NL,11045
2024-03-15T00:00Z,NL,10620
2024-03-15T01:00Z,NL,10247
2024-03-15T02:00Z,NL,10350
2024-03-15T03:00Z,NL,10595
2024-03-15T04:00Z,NL,11450
2024-03-15T05:00Z,NL,12950
2024-03-15T06:00Z,NL,14272
2024-03-15T07:00Z,NL,14907
2024-03-15T08:00Z,NL,15154
2024-03-15T09:00Z,NL,15180
2024-03-15T10:00Z,NL,14971
2024-03-15T11:00Z,NL,14710
2024-03-15T12:00Z,NL,14620
2024-03-15T13:00Z,NL,14352
2024-03-15T14:00Z,NL,14395
2024-03-15T15:00Z,NL,14769
2024-03-15T16:00Z,NL,15401
2024-03-15T17:00Z,NL,15483
2024-03-15T18:00Z,NL,14991
2024-03-15T19:00Z,NL,14380
2024-03-15T20:00Z,NL,13756
2024-03-15T21:00Z,NL,12822
2024-03-15T22:00Z,NL,11826
2024-03-15T23:00Z,NL,10534
2024-03-16T00:00Z,NL,10333
2024-03-16T01:00Z,NL,10107
2024-03-16T02:00Z,NL,10046
2024-03-16T03:00Z,NL,10076
2024-03-16T04:00Z,NL,10583
2024-03-16T05:00Z,NL,11287
2024-03-16T06:00Z,NL,12106
2024-03-16T07:00Z,NL,12489
2024-03-16T08:00Z,NL,12606
2024-03-16T09:00Z,NL,12653
2024-03-16T10:00Z,NL,12578
2024-03-16T11:00Z,NL,12480
2024-03-16T12:00Z,NL,12379
2024-03-16T13:00Z,NL,12331
2024-03-16T14:00Z,NL,12250
2024-03-16T15:00Z,NL,12524
2024-03-16T16:00Z,NL,12883
2024-03-16T17:00Z,NL,12919
2024-03-16T18:00Z,NL,12579
2024-03-16T19:00Z,NL,12290
2024-03-16T20:00Z,NL,11949
2024-03-16T21:00Z,NL,11526
2024-03-16T22:00Z,NL,11049
2024-03-16T23:00Z,NL,9377
2024-03-17T00:00Z,NL,9144
2024-03-17T01:00Z,NL,9073
2024-03-17T02:00Z,NL,9136
2024-03-17T03:00Z,NL,9237
2024-03-17T04:00Z,NL,9632
2024-03-17T05:00Z,NL,10348
2024-03-17T06:00Z,NL,10928
2024-03-17T07:00Z,NL,11130
2024-03-17T08:00Z,NL,11321
2024-03-17T09:00Z,NL,11388
2024-03-17T10:00Z,NL,11215
2024-03-17T11:00Z,NL,10976
2024-03-17T12:00Z,NL,11004
2024-03-17T13:00Z,NL,10872
2024-03-17T14:00Z,NL,10909
2024-03-17T15:00Z,NL,10984
2024-03-17T16:00Z,NL,11225
2024-03-17T17:00Z,NL,11282
2024-03-17T18:00Z,NL,11095
2024-03-17T19:00Z,NL,10784
2024-03-17T20:00Z,NL,10516
2024-03-17T21:00Z,NL,10017
2024-03-17T22:00Z,NL,9616
2024-03-17T23:00Z,NL,11005
2024-03-18T00:00Z,NL,10652
2024-03-18T01:00Z,NL,10487
2024-03-18T02:00Z,NL,10441
2024-03-18T03:00Z,NL,10645
2024-03-18T04:00Z,NL,11455
2024-03-18T05:00Z,NL,12951
2024-03-18T06:00Z,NL,14260
2024-03-18T07:00Z,NL,14765
2024-03-18T08:00Z,NL,15080
2024-03-18T09:00Z,NL,15131
2024-03-18T10:00Z,NL,15122
2024-03-18T11:00Z,NL,14947
2024-03-18T12:00Z,NL,14757
2024-03-18T13:00Z,NL,14582
2024-03-18T14:00Z,NL,14389
2024-03-18T15:00Z,NL,14750
2024-03-18T16:00Z,NL,15341
2024-03-18T17:00Z,NL,15439
2024-03-18T18:00Z,NL,15017
2024-03-18T19:00Z,NL,14265
2024-03-18T20:00Z,NL,13653
2024-03-18T21:00Z,NL,12839
2024-03-18T22:00Z,NL,11869
2024-03-18T23:00Z,NL,10885
2024-03-19T00:00Z,NL,10632
2024-03-19T01:00Z,NL,10376
2024-03-19T02:00Z,NL,10331
2024-03-19T03:00Z,NL,10581
2024-03-19T04:00Z,NL,11421
2024-03-19T05:00Z,NL,12955
2024-03-19T06:00Z,NL,14220
2024-03-19T07:00Z,NL,14811
2024-03-19T08:00Z,NL,15015
2024-03-19T09:00Z,NL,15080
2024-03-19T10:00Z,NL,15010
2024-03-19T11:00Z,NL,14871
2024-03-19T12:00Z,NL,14715
2024-03-19T13:00Z,NL,14484
2024-03-19T14:00Z,NL,14568
2024-03-19T15:00Z,NL,14886
2024-03-19T16:00Z,NL,15234
2024-03-19T17:00Z,NL,15408
2024-03-19T18:00Z,NL,14929
2024-03-19T19:00Z,NL,14413
2024-03-19T20:00Z,NL,13690
2024-03-19T21:00Z,NL,12891
2024-03-19T22:00Z,NL,11904
2024-03-19T23:00Z,NL,10834
2024-03-20T00:00Z,NL,10393
2024-03-20T01:00Z,NL,10098
2024-03-20T02:00Z,NL,9940
2024-03-20T03:00Z,NL,10147
2024-03-20T04:00Z,NL,10952
2024-03-20T05:00Z,NL,12534
2024-03-20T06:00Z,NL,13787
2024-03-20T07:00Z,NL,14399
2024-03-20T08:00Z,NL,14622
2024-03-20T09:00Z,NL,14830
2024-03-20T10:00Z,NL,14815
2024-03-20T11:00Z,NL,14438
2024-03-20T12:00Z,NL,14320
2024-03-20T13:00Z,NL,14208
2024-03-20T14:00Z,NL,14165
2024-03-20T15:00Z,NL,14284
2024-03-20T16:00Z,NL,14798
2024-03-20T17:00Z,NL,15091
2024-03-20T18:00Z,NL,14733
2024-03-20T19:00Z,NL,14110
2024-03-20T20:00Z,NL,13407
2024-03-20T21:00Z,NL,12623
2024-03-20T22:00Z,NL,11639
2024-03-20T23:00Z,NL,11018
2024-03-21T00:00Z,NL,10532
2024-03-21T01:00Z,NL,10239
2024-03-21T02:00Z,NL,10180
2024-03-21T03:00Z,NL,10350
2024-03-21T04:00Z,NL,11270
2024-03-21T05:00Z,NL,12819
2024-03-21T06:00Z,NL,14051
2024-03-21T07:00Z,NL,14624
2024-03-21T08:00Z,NL,14851
2024-03-21T09:00Z,NL,15117
2024-03-21T10:00Z,NL,15039
2024-03-21T11:00Z,NL,14728
2024-03-21T12:00Z,NL,14555
2024-03-21T13:00Z,NL,14368
2024-03-21T14:00Z,NL,14348
2024-03-21T15:00Z,NL,14417
2024-03-21T16:00Z,NL,15063
2024-03-21T17:00Z,NL,15106
2024-03-21T18:00Z,NL,14710
2024-03-21T19:00Z,NL,14194
2024-03-21T20:00Z,NL,13458
2024-03-21T21:00Z,NL,12507
2024-03-21T22:00Z,NL,11591
2024-03-21T23:00Z,NL,11177
2024-03-22T00:00Z,NL,10655
2024-03-22T01:00Z,NL,10377
2024-03-22T02:00Z,NL,10319
2024-03-22T03:00Z,NL,10660
2024-03-22T04:00Z,NL,11676
2024-03-22T05:00Z,NL,13186
2024-03-22T06:00Z,NL,14509
2024-03-22T07:00Z,NL,15259
2024-03-22T08:00Z,NL,15551
2024-03-22T09:00Z,NL,15575
2024-03-22T10:00Z,NL,15540
2024-03-22T11:00Z,NL,15460
2024-03-22T12:00Z,NL,15316
2024-03-22T13:00Z,NL,15153
2024-03-22T14:00Z,NL,15263
2024-03-22T15:00Z,NL,15466
2024-03-22T16:00Z,NL,16060
2024-03-22T17:00Z,NL,15915
2024-03-22T18:00Z,NL,15531
2024-03-22T19:00Z,NL,14885
2024-03-22T20:00Z,NL,14243
2024-03-22T21:00Z,NL,13279
2024-03-22T22:00Z,NL,12288
2024-03-22T23:00Z,NL,10639
2024-03-23T00:00Z,NL,10423
2024-03-23T01:00Z,NL,10267
2024-03-23T02:00Z,NL,10312
2024-03-23T03:00Z,NL,10396
2024-03-23T04:00Z,NL,10837
2024-03-23T05:00Z,NL,11674
2024-03-23T06:00Z,NL,12324
2024-03-23T07:00Z,NL,12737
2024-03-23T08:00Z,NL,12815
2024-03-23T09:00Z,NL,12846
2024-03-23T10:00Z,NL,12748
2024-03-23T11:00Z,NL,12694
2024-03-23T12:00Z,NL,12603
2024-03-23T13:00Z,NL,12440
2024-03-23T14:00Z,NL,12497
2024-03-23T15:00Z,NL,12665
2024-03-23T16:00Z,NL,12919
2024-03-23T17:00Z,NL,12749
2024-03-23T18:00Z,NL,12558
2024-03-23T19:00Z,NL,12203
2024-03-23T20:00Z,NL,11900
2024-03-23T21:00Z,NL,11310
2024-03-23T22:00Z,NL,10892
2024-03-23T23:00Z,NL,9329
2024-03-24T00:00Z,NL,9189
2024-03-24T01:00Z,NL,9154
2024-03-24T02:00Z,NL,8990
2024-03-24T03:00Z,NL,9208
2024-03-24T04:00Z,NL,9695
2024-03-24T05:00Z,NL,10414
2024-03-24T06:00Z,NL,11016
2024-03-24T07:00Z,NL,11386
2024-03-24T08:00Z,NL,11485
2024-03-24T09:00Z,NL,11547
2024-03-24T10:00Z,NL,11559
2024-03-24T11:00Z,NL,11415
2024-03-24T12:00Z,NL,11335
2024-03-24T13:00Z,NL,11397
2024-03-24T14:00Z,NL,11338
2024-03-24T15:00Z,NL,11570
2024-03-24T16:00Z,NL,11768
2024-03-24T17:00Z,NL,11789
2024-03-24T18:00Z,NL,11467
2024-03-24T19:00Z,NL,11138
2024-03-24T20:00Z,NL,10752
2024-03-24T21:00Z,NL,10344
2024-03-24T22:00Z,NL,9921
2024-03-24T23:00Z,NL,10545
2024-03-25T00:00Z,NL,10160
2024-03-25T01:00Z,NL,9802
2024-03-25T02:00Z,NL,9736
2024-03-25T03:00Z,NL,10014
2024-03-25T04:00Z,NL,10892
2024-03-25T05:00Z,NL,12372
2024-03-25T06:00Z,NL,13624
2024-03-25T07:00Z,NL,14188
2024-03-25T08:00Z,NL,14502
2024-03-25T09:00Z,NL,14490
2024-03-25T10:00Z,NL,14389
2024-03-25T11:00Z,NL,14306
2024-03-25T12:00Z,NL,14058
2024-03-25T13:00Z,NL,13955
2024-03-25T14:00Z,NL,14013
2024-03-25T15:00Z,NL,14176
2024-03-25T16:00Z,NL,14671
2024-03-25T17:00Z,NL,14596
2024-03-25T18:00Z,NL,14161
2024-03-25T19:00Z,NL,13470
2024-03-25T20:00Z,NL,12981
2024-03-25T21:00Z,NL,12171
2024-03-25T22:00Z,NL,11240
2024-03-25T23:00Z,NL,10173
2024-03-26T00:00Z,NL,9780
2024-03-26T01:00Z,NL,9475
2024-03-26T02:00Z,NL,9459
2024-03-26T03:00Z,NL,9758
2024-03-26T04:00Z,NL,10589
2024-03-26T05:00Z,NL,11959
2024-03-26T06:00Z,NL,13077
2024-03-26T07:00Z,NL,13700
2024-03-26T08:00Z,NL,14051
2024-03-26T09:00Z,NL,14114
2024-03-26T10:00Z,NL,13982
2024-03-26T11:00Z,NL,13863
2024-03-26T12:00Z,NL,13780
2024-03-26T13:00Z,NL,13578
2024-03-26T14:00Z,NL,13431
2024-03-26T15:00Z,NL,13578
2024-03-26T16:00Z,NL,14103
2024-03-26T17:00Z,NL,14192
2024-03-26T18:00Z,NL,13739
2024-03-26T19:00Z,NL,13156
2024-03-26T20:00Z,NL,12414
2024-03-26T21:00Z,NL,11614
2024-03-26T22:00Z,NL,10823
2024-03-26T23:00Z,NL,10210
2024-03-27T00:00Z,NL,9965
2024-03-27T01:00Z,NL,9719
2024-03-27T02:00Z,NL,9707
2024-03-27T03:00Z,NL,9925
2024-03-27T04:00Z,NL,10864
2024-03-27T05:00Z,NL,12272
2024-03-27T06:00Z,NL,13371
2024-03-27T07:00Z,NL,13844
2024-03-27T08:00Z,NL,14157
2024-03-27T09:00Z,NL,14336
2024-03-27T10:00Z,NL,14402
2024-03-27T11:00Z,NL,14235
2024-03-27T12:00Z,NL,14144
2024-03-27T13:00Z,NL,14073
2024-03-27T14:00Z,NL,13926
2024-03-27T15:00Z,NL,14091
2024-03-27T16:00Z,NL,14394
2024-03-27T17:00Z,NL,14356
2024-03-27T18:00Z,NL,14006
2024-03-27T19:00Z,NL,13427
2024-03-27T20:00Z,NL,12773
2024-03-27T21:00Z,NL,12039
2024-03-27T22:00Z,NL,11218
2024-03-27T23:00Z,NL,10708
2024-03-28T00:00Z,NL,10310
2024-03-28T01:00Z,NL,9946
2024-03-28T02:00Z,NL,9904
2024-03-28T03:00Z,NL,10099
2024-03-28T04:00Z,NL,11036
2024-03-28T05:00Z,NL,12548
2024-03-28T06:00Z,NL,13861
2024-03-28T07:00Z,NL,14452
2024-03-28T08:00Z,NL,14588
2024-03-28T09:00Z,NL,14766
2024-03-28T10:00Z,NL,14827
2024-03-28T11:00Z,NL,14635
2024-03-28T12:00Z,NL,14406
2024-03-28T13:00Z,NL,14307
2024-03-28T14:00Z,NL,14148
2024-03-28T15:00Z,NL,14442
2024-03-28T16:00Z,NL,14956
2024-03-28T17:00Z,NL,14928
2024-03-28T18:00Z,NL,14528
2024-03-28T19:00Z,NL,13771
2024-03-28T20:00Z,NL,13234
2024-03-28T21:00Z,NL,12349
2024-03-28T22:00Z,NL,11525
2024-03-28T23:00Z,NL,10835
2024-03-29T00:00Z,NL,10354
2024-03-29T01:00Z,NL,10174
2024-03-29T02:00Z,NL,10123
2024-03-29T03:00Z,NL,10419
2024-03-29T04:00Z,NL,11230
2024-03-29T05:00Z,NL,12621
2024-03-29T06:00Z,NL,13854
2024-03-29T07:00Z,NL,14328
2024-03-29T08:00Z,NL,14687
2024-03-29T09:00Z,NL,14865
2024-03-29T10:00Z,NL,14846
2024-03-29T11:00Z,NL,14602
2024-03-29T12:00Z,NL,14408
2024-03-29T13:00Z,NL,14204
2024-03-29T14:00Z,NL,14244
2024-03-29T15:00Z,NL,14396
2024-03-29T16:00Z,NL,14979
2024-03-29T17:00Z,NL,14831
2024-03-29T18:00Z,NL,14366
2024-03-29T19:00Z,NL,13741
2024-03-29T20:00Z,NL,13124
2024-03-29T21:00Z,NL,12332
2024-03-29T22:00Z,NL,11281
2024-03-29T23:00Z,NL,10353
2024-03-30T00:00Z,NL,10115
2024-03-30T01:00Z,NL,10018
2024-03-30T02:00Z,NL,10079
2024-03-30T03:00Z,NL,10246
2024-03-30T04:00Z,NL,10710
2024-03-30T05:00Z,NL,11447
2024-03-30T06:00Z,NL,12020
2024-03-30T07:00Z,NL,12255
2024-03-30T08:00Z,NL,12389
2024-03-30T09:00Z,NL,12402
2024-03-30T10:00Z,NL,12490
2024-03-30T11:00Z,NL,12449
2024-03-30T12:00Z,NL,12418
2024-03-30T13:00Z,NL,12314
2024-03-30T14:00Z,NL,12198
2024-03-30T15:00Z,NL,12431
2024-03-30T16:00Z,NL,12622
2024-03-30T17:00Z,NL,12549
2024-03-30T18:00Z,NL,12415
2024-03-30T19:00Z,NL,12216
2024-03-30T20:00Z,NL,11858
2024-03-30T21:00Z,NL,11388
2024-03-30T22:00Z,NL,10907
2024-03-30T23:00Z,NL,9585
2024-03-31T00:00Z,NL,9419
2024-03-31T01:00Z,NL,9259
2024-03-31T02:00Z,NL,9303
2024-03-31T03:00Z,NL,9727
2024-03-31T04:00Z,NL,10502
2024-03-31T05:00Z,NL,11042
2024-03-31T06:00Z,NL,11448
2024-03-31T07:00Z,NL,11472
2024-03-31T08:00Z,NL,11461
2024-03-31T09:00Z,NL,11383
2024-03-31T10:00Z,NL,11387
2024-03-31T11:00Z,NL,11409
2024-03-31T12:00Z,NL,11313
2024-03-31T13:00Z,NL,11269
2024-03-31T14:00Z,NL,11370
2024-03-31T15:00Z,NL,11631
2024-03-31T16:00Z,NL,11535
2024-03-31T17:00Z,NL,11358
2024-03-31T18:00Z,NL,11006
2024-03-31T19:00Z,NL,10837
2024-03-31T20:00Z,NL,10374
2024-03-31T21:00Z,NL,9887
2024-03-31T22:00Z,NL,9230
2024-03-31T23:00Z,NL,9070
2024-04-01T00:00Z,NL,8895
2024-04-01T01:00Z,NL,8839
2024-04-01T02:00Z,NL,8897
2024-04-01T03:00Z,NL,9230
2024-04-01T04:00Z,NL,10117
2024-04-01T05:00Z,NL,10665
2024-04-01T06:00Z,NL,10996
2024-04-01T07:00Z,NL,11282
2024-04-01T08:00Z,NL,11328
2024-04-01T09:00Z,NL,11336
2024-04-01T10:00Z,NL,11225
2024-04-01T11:00Z,NL,11047
2024-04-01T12:00Z,NL,10965
2024-04-01T13:00Z,NL,10953
2024-04-01T14:00Z,NL,11037
2024-04-01T15:00Z,NL,11255
2024-04-01T16:00Z,NL,11303
2024-04-01T17:00Z,NL,11181
2024-04-01T18:00Z,NL,10822
2024-04-01T19:00Z,NL,10451
2024-04-01T20:00Z,NL,10043
2024-04-01T21:00Z,NL,9603
2024-04-01T22:00Z,NL,10503
2024-04-01T23:00Z,NL,10200
2024-04-02T00:00Z,NL,9975
2024-04-02T01:00Z,NL,9953
2024-04-02T02:00Z,NL,10001
2024-04-02T03:00Z,NL,10772
2024-04-02T04:00Z,NL,12207
2024-04-02T05:00Z,NL,13526
2024-04-02T06:00Z,NL,14147
2024-04-02T07:00Z,NL,14378
2024-04-02T08:00Z,NL,14319
2024-04-02T09:00Z,NL,14415
2024-04-02T10:00Z,NL,14305
2024-04-02T11:00Z,NL,14279
2024-04-02T12:00Z,NL,14202
2024-04-02T13:00Z,NL,14207
2024-04-02T14:00Z,NL,14318
2024-04-02T15:00Z,NL,14798
2024-04-02T16:00Z,NL,14903
2024-04-02T17:00Z,NL,14272
2024-04-02T18:00Z,NL,13584
2024-04-02T19:00Z,NL,12952
2024-04-02T20:00Z,NL,12122
2024-04-02T21:00Z,NL,11225
2024-04-02T22:00Z,NL,10827
2024-04-02T23:00Z,NL,10487
2024-04-03T00:00Z,NL,10172
2024-04-03T01:00Z,NL,10072
2024-04-03T02:00Z,NL,10441
2024-04-03T03:00Z,NL,11266
2024-04-03T04:00Z,NL,12716
2024-04-03T05:00Z,NL,14029
2024-04-03T06:00Z,NL,14686
2024-04-03T07:00Z,NL,14983
2024-04-03T08:00Z,NL,15093
2024-04-03T09:00Z,NL,15074
2024-04-03T10:00Z,NL,14874
2024-04-03T11:00Z,NL,14723
2024-04-03T12:00Z,NL,14537
2024-04-03T13:00Z,NL,14599
2024-04-03T14:00Z,NL,14854
2024-04-03T15:00Z,NL,15312
2024-04-03T16:00Z,NL,15386
2024-04-03T17:00Z,NL,14874
2024-04-03T18:00Z,NL,14281
2024-04-03T19:00Z,NL,13555
2024-04-03T20:00Z,NL,12486
2024-04-03T21:00Z,NL,11665
2024-04-03T22:00Z,NL,10877
2024-04-03T23:00Z,NL,10509
2024-04-04T00:00Z,NL,10242
2024-04-04T01:00Z,NL,10136
2024-04-04T02:00Z,NL,10369
2024-04-04T03:00Z,NL,11210
2024-04-04T04:00Z,NL,12779
2024-04-04T05:00Z,NL,14164
2024-04-04T06:00Z,NL,14805
2024-04-04T07:00Z,NL,15122
2024-04-04T08:00Z,NL,15412
2024-04-04T09:00Z,NL,15273
2024-04-04T10:00Z,NL,14933
2024-04-04T11:00Z,NL,14728
2024-04-04T12:00Z,NL,14637
2024-04-04T13:00Z,NL,14612
2024-04-04T14:00Z,NL,14743
2024-04-04T15:00Z,NL,15260
2024-04-04T16:00Z,NL,15275
2024-04-04T17:00Z,NL,14833
2024-04-04T18:00Z,NL,14196
2024-04-04T19:00Z,NL,13622
2024-04-04T20:00Z,NL,12794
2024-04-04T21:00Z,NL,12000
2024-04-04T22:00Z,NL,11010
2024-04-04T23:00Z,NL,10511
2024-04-05T00:00Z,NL,10355
2024-04-05T01:00Z,NL,10215
2024-04-05T02:00Z,NL,10441
2024-04-05T03:00Z,NL,11225
2024-04-05T04:00Z,NL,12680
2024-04-05T05:00Z,NL,13934
2024-04-05T06:00Z,NL,14563
2024-04-05T07:00Z,NL,14825
2024-04-05T08:00Z,NL,14889
2024-04-05T09:00Z,NL,14772
2024-04-05T10:00Z,NL,14671
2024-04-05T11:00Z,NL,14522
2024-04-05T12:00Z,NL,14449
2024-04-05T13:00Z,NL,14363
2024-04-05T14:00Z,NL,14559
2024-04-05T15:00Z,NL,15033
2024-04-05T16:00Z,NL,15019
2024-04-05T17:00Z,NL,14632
2024-04-05T18:00Z,NL,14134
2024-04-05T19:00Z,NL,13539
2024-04-05T20:00Z,NL,12652
2024-04-05T21:00Z,NL,11579
2024-04-05T22:00Z,NL,10197
2024-04-05T23:00Z,NL,9979
2024-04-06T00:00Z,NL,9878
2024-04-06T01:00Z,NL,9837
2024-04-06T02:00Z,NL,9879
2024-04-06T03:00Z,NL,10260
2024-04-06T04:00Z,NL,11028
2024-04-06T05:00Z,NL,11630
2024-04-06T06:00Z,NL,11850
2024-04-06T07:00Z,NL,12031
2024-04-06T08:00Z,NL,12215
2024-04-06T09:00Z,NL,12240
2024-04-06T10:00Z,NL,12275
2024-04-06T11:00Z,NL,12233
2024-04-06T12:00Z,NL,12206
2024-04-06T13:00Z,NL,12194
2024-04-06T14:00Z,NL,12267
2024-04-06T15:00Z,NL,12484
2024-04-06T16:00Z,NL,12516
2024-04-06T17:00Z,NL,12155
2024-04-06T18:00Z,NL,11908
2024-04-06T19:00Z,NL,11617
2024-04-06T20:00Z,NL,11108
2024-04-06T21:00Z,NL,10556
2024-04-06T22:00Z,NL,9021
2024-04-06T23:00Z,NL,8815
2024-04-07T00:00Z,NL,8688
2024-04-07T01:00Z,NL,8642
2024-04-07T02:00Z,NL,8802
2024-04-07T03:00Z,NL,9159
2024-04-07T04:00Z,NL,9908
2024-04-07T05:00Z,NL,10528
2024-04-07T06:00Z,NL,10820
2024-04-07T07:00Z,NL,11050
2024-04-07T08:00Z,NL,11258
2024-04-07T09:00Z,NL,11324
2024-04-07T10:00Z,NL,11157
2024-04-07T11:00Z,NL,11083
2024-04-07T12:00Z,NL,11033
2024-04-07T13:00Z,NL,11043
2024-04-07T14:00Z,NL,11005
2024-04-07T15:00Z,NL,11092
2024-04-07T16:00Z,NL,11014
2024-04-07T17:00Z,NL,10869
2024-04-07T18:00Z,NL,10632
2024-04-07T19:00Z,NL,10341
2024-04-07T20:00Z,NL,9922
2024-04-07T21:00Z,NL,9581
2024-04-07T22:00Z,NL,10723
2024-04-07T23:00Z,NL,10355
2024-04-08T00:00Z,NL,10092
2024-04-08T01:00Z,NL,10091
2024-04-08T02:00Z,NL,10402
2024-04-08T03:00Z,NL,11173
2024-04-08T04:00Z,NL,12482
2024-04-08T05:00Z,NL,13720
2024-04-08T06:00Z,NL,14347
2024-04-08T07:00Z,NL,14736
2024-04-08T08:00Z,NL,14837
2024-04-08T09:00Z,NL,14704
2024-04-08T10:00Z,NL,14479
2024-04-08T11:00Z,NL,14415
2024-04-08T12:00Z,NL,14366
2024-04-08T13:00Z,NL,14327
2024-04-08T14:00Z,NL,14505
2024-04-08T15:00Z,NL,14975
2024-04-08T16:00Z,NL,15035
2024-04-08T17:00Z,NL,14522
2024-04-08T18:00Z,NL,14032
2024-04-08T19:00Z,NL,13436
2024-04-08T20:00Z,NL,12612
2024-04-08T21:00Z,NL,11728
2024-04-08T22:00Z,NL,10858
2024-04-08T23:00Z,NL,10511
2024-04-09T00:00Z,NL,10225
2024-04-09T01:00Z,NL,10008
2024-04-09T02:00Z,NL,10212
2024-04-09T03:00Z,NL,11072
2024-04-09T04:00Z,NL,12468
2024-04-09T05:00Z,NL,13864
2024-04-09T06:00Z,NL,14430
2024-04-09T07:00Z,NL,14643
2024-04-09T08:00Z,NL,14732
2024-04-09T09:00Z,NL,14676
2024-04-09T10:00Z,NL,14561
2024-04-09T11:00Z,NL,14453
2024-04-09T12:00Z,NL,14297
2024-04-09T13:00Z,NL,14342
2024-04-09T14:00Z,NL,14512
2024-04-09T15:00Z,NL,14827
2024-04-09T16:00Z,NL,14919
2024-04-09T17:00Z,NL,14474
2024-04-09T18:00Z,NL,13924
2024-04-09T19:00Z,NL,13306
2024-04-09T20:00Z,NL,12398
2024-04-09T21:00Z,NL,11584
2024-04-09T22:00Z,NL,10467
2024-04-09T23:00Z,NL,10087
2024-04-10T00:00Z,NL,9724
2024-04-10T01:00Z,NL,9619
2024-04-10T02:00Z,NL,9889
2024-04-10T03:00Z,NL,10697
2024-04-10T04:00Z,NL,12190
2024-04-10T05:00Z,NL,13506
2024-04-10T06:00Z,NL,14085
2024-04-10T07:00Z,NL,14395
2024-04-10T08:00Z,NL,14386
2024-04-10T09:00Z,NL,14324
2024-04-10T10:00Z,NL,14224
2024-04-10T11:00Z,NL,14098
2024-04-10T12:00Z,NL,13988
2024-04-10T13:00Z,NL,13710
2024-04-10T14:00Z,NL,13860
2024-04-10T15:00Z,NL,14231
2024-04-10T16:00Z,NL,14361
2024-04-10T17:00Z,NL,13933
2024-04-10T18:00Z,NL,13454
2024-04-10T19:00Z,NL,12831
2024-04-10T20:00Z,NL,12141
2024-04-10T21:00Z,NL,11310
2024-04-10T22:00Z,NL,10255
2024-04-10T23:00Z,NL,9836
2024-04-11T00:00Z,NL,9658
2024-04-11T01:00Z,NL,9641
2024-04-11T02:00Z,NL,9879
2024-04-11T03:00Z,NL,10594
2024-04-11T04:00Z,NL,11866
2024-04-11T05:00Z,NL,12989
2024-04-11T06:00Z,NL,13539
2024-04-11T07:00Z,NL,13974
2024-04-11T08:00Z,NL,13996
2024-04-11T09:00Z,NL,13947
2024-04-11T10:00Z,NL,13769
2024-04-11T11:00Z,NL,13589
2024-04-11T12:00Z,NL,13502
2024-04-11T13:00Z,NL,13353
2024-04-11T14:00Z,NL,13389
2024-04-11T15:00Z,NL,13765
2024-04-11T16:00Z,NL,13773
2024-04-11T17:00Z,NL,13398
2024-04-11T18:00Z,NL,13041
2024-04-11T19:00Z,NL,12429
2024-04-11T20:00Z,NL,11727
2024-04-11T21:00Z,NL,10801
2024-04-11T22:00Z,NL,9818
2024-04-11T23:00Z,NL,9478
2024-04-12T00:00Z,NL,9265
2024-04-12T01:00Z,NL,9235
2024-04-12T02:00Z,NL,9453
2024-04-12T03:00Z,NL,10240
2024-04-12T04:00Z,NL,11629
2024-04-12T05:00Z,NL,12840
2024-04-12T06:00Z,NL,13438
2024-04-12T07:00Z,NL,13784
2024-04-12T08:00Z,NL,13963
2024-04-12T09:00Z,NL,13859
2024-04-12T10:00Z,NL,13622
2024-04-12T11:00Z,NL,13339
2024-04-12T12:00Z,NL,13405
2024-04-12T13:00Z,NL,13276
2024-04-12T14:00Z,NL,13585
2024-04-12T15:00Z,NL,14001
2024-04-12T16:00Z,NL,13997
2024-04-12T17:00Z,NL,13612
2024-04-12T18:00Z,NL,13008
2024-04-12T19:00Z,NL,12454
2024-04-12T20:00Z,NL,11600
2024-04-12T21:00Z,NL,10723
2024-04-12T22:00Z,NL,9623
2024-04-12T23:00Z,NL,9377
2024-04-13T00:00Z,NL,9342
2024-04-13T01:00Z,NL,9382
2024-04-13T02:00Z,NL,9492
2024-04-13T03:00Z,NL,10061
2024-04-13T04:00Z,NL,10632
2024-04-13T05:00Z,NL,11264
2024-04-13T06:00Z,NL,11667
2024-04-13T07:00Z,NL,11776
2024-04-13T08:00Z,NL,11878
2024-04-13T09:00Z,NL,11820
2024-04-13T10:00Z,NL,11709
2024-04-13T11:00Z,NL,11626
2024-04-13T12:00Z,NL,11631
2024-04-13T13:00Z,NL,11626
2024-04-13T14:00Z,NL,11638
2024-04-13T15:00Z,NL,11798
2024-04-13T16:00Z,NL,11824
2024-04-13T17:00Z,NL,11679
2024-04-13T18:00Z,NL,11371
2024-04-13T19:00Z,NL,11086
2024-04-13T20:00Z,NL,10705
2024-04-13T21:00Z,NL,10207
2024-04-13T22:00Z,NL,9007
2024-04-13T23:00Z,NL,8786
2024-04-14T00:00Z,NL,8729
2024-04-14T01:00Z,NL,8689
2024-04-14T02:00Z,NL,8808
2024-04-14T03:00Z,NL,9151
2024-04-14T04:00Z,NL,9770
2024-04-14T05:00Z,NL,10293
2024-04-14T06:00Z,NL,10560
2024-04-14T07:00Z,NL,10744
2024-04-14T08:00Z,NL,10929
2024-04-14T09:00Z,NL,10932
2024-04-14T10:00Z,NL,10973
2024-04-14T11:00Z,NL,10890
2024-04-14T12:00Z,NL,10760
2024-04-14T13:00Z,NL,10780
2024-04-14T14:00Z,NL,10762
2024-04-14T15:00Z,NL,10866
2024-04-14T16:00Z,NL,10852
2024-04-14T17:00Z,NL,10605
2024-04-14T18:00Z,NL,10527
2024-04-14T19:00Z,NL,10160
2024-04-14T20:00Z,NL,9820
2024-04-14T21:00Z,NL,9313
2024-04-14T22:00Z,NL,10432
2024-04-14T23:00Z,NL,9987
2024-04-15T00:00Z,NL,9732
2024-04-15T01:00Z,NL,9636
2024-04-15T02:00Z,NL,9937
2024-04-15T03:00Z,NL,10664
2024-04-15T04:00Z,NL,11988
2024-04-15T05:00Z,NL,13282
2024-04-15T06:00Z,NL,13955
2024-04-15T07:00Z,NL,14264
2024-04-15T08:00Z,NL,14349
2024-04-15T09:00Z,NL,14406
2024-04-15T10:00Z,NL,14268
2024-04-15T11:00Z,NL,14119
2024-04-15T12:00Z,NL,14061
2024-04-15T13:00Z,NL,13955
2024-04-15T14:00Z,NL,14164
2024-04-15T15:00Z,NL,14386
2024-04-15T16:00Z,NL,14478
2024-04-15T17:00Z,NL,14162
2024-04-15T18:00Z,NL,13537
2024-04-15T19:00Z,NL,12826
2024-04-15T20:00Z,NL,12269
2024-04-15T21:00Z,NL,11348
2024-04-15T22:00Z,NL,10654
2024-04-15T23:00Z,NL,10361
2024-04-16T00:00Z,NL,10041
2024-04-16T01:00Z,NL,9944
2024-04-16T02:00Z,NL,10220
2024-04-16T03:00Z,NL,10910
2024-04-16T04:00Z,NL,12412
2024-04-16T05:00Z,NL,13568
2024-04-16T06:00Z,NL,14197
2024-04-16T07:00Z,NL,14525
2024-04-16T08:00Z,NL,14557
2024-04-16T09:00Z,NL,14667
2024-04-16T10:00Z,NL,14622
2024-04-16T11:00Z,NL,14453
2024-04-16T12:00Z,NL,14477
2024-04-16T13:00Z,NL,14276
2024-04-16T14:00Z,NL,14467
2024-04-16T15:00Z,NL,14562
2024-04-16T16:00Z,NL,14579
2024-04-16T17:00Z,NL,14161
2024-04-16T18:00Z,NL,13670
2024-04-16T19:00Z,NL,13096
2024-04-16T20:00Z,NL,12322
2024-04-16T21:00Z,NL,11470
2024-04-16T22:00Z,NL,10659
2024-04-16T23:00Z,NL,10397
2024-04-17T00:00Z,NL,10187
2024-04-17T01:00Z,NL,9984
2024-04-17T02:00Z,NL,10135
2024-04-17T03:00Z,NL,10855
2024-04-17T04:00Z,NL,12228
2024-04-17T05:00Z,NL,13587
2024-04-17T06:00Z,NL,14226
2024-04-17T07:00Z,NL,14602
2024-04-17T08:00Z,NL,14738
2024-04-17T09:00Z,NL,14898
2024-04-17T10:00Z,NL,14698
2024-04-17T11:00Z,NL,14672
2024-04-17T12:00Z,NL,14608
2024-04-17T13:00Z,NL,14485
2024-04-17T14:00Z,NL,14600
2024-04-17T15:00Z,NL,14804
2024-04-17T16:00Z,NL,14742
2024-04-17T17:00Z,NL,14167
2024-04-17T18:00Z,NL,13583
2024-04-17T19:00Z,NL,13023
2024-04-17T20:00Z,NL,12283
2024-04-17T21:00Z,NL,11318
2024-04-17T22:00Z,NL,10809
2024-04-17T23:00Z,NL,10511
2024-04-18T00:00Z,NL,10350
2024-04-18T01:00Z,NL,10265
2024-04-18T02:00Z,NL,10308
2024-04-18T03:00Z,NL,11128
2024-04-18T04:00Z,NL,12589
2024-04-18T05:00Z,NL,13889
2024-04-18T06:00Z,NL,14478
2024-04-18T07:00Z,NL,14765
2024-04-18T08:00Z,NL,14802
2024-04-18T09:00Z,NL,14838
2024-04-18T10:00Z,NL,14695
2024-04-18T11:00Z,NL,14690
2024-04-18T12:00Z,NL,14659
2024-04-18T13:00Z,NL,14620
2024-04-18T14:00Z,NL,14727
2024-04-18T15:00Z,NL,14994
2024-04-18T16:00Z,NL,14919
2024-04-18T17:00Z,NL,14557
2024-04-18T18:00Z,NL,13962
2024-04-18T19:00Z,NL,13371
2024-04-18T20:00Z,NL,12579
2024-04-18T21:00Z,NL,11817
2024-04-18T22:00Z,NL,11160
2024-04-18T23:00Z,NL,10795
2024-04-19T00:00Z,NL,10468
2024-04-19T01:00Z,NL,10409
2024-04-19T02:00Z,NL,10551
2024-04-19T03:00Z,NL,11283
2024-04-19T04:00Z,NL,12796
2024-04-19T05:00Z,NL,14045
2024-04-19T06:00Z,NL,14662
2024-04-19T07:00Z,NL,15029
2024-04-19T08:00Z,NL,15232
2024-04-19T09:00Z,NL,15127
2024-04-19T10:00Z,NL,15000
2024-04-19T11:00Z,NL,14828
2024-04-19T12:00Z,NL,14648
2024-04-19T13:00Z,NL,14605
2024-04-19T14:00Z,NL,14914
2024-04-19T15:00Z,NL,15304
2024-04-19T16:00Z,NL,15349
2024-04-19T17:00Z,NL,14885
2024-04-19T18:00Z,NL,14405
2024-04-19T19:00Z,NL,13880
2024-04-19T20:00Z,NL,13078
2024-04-19T21:00Z,NL,12033
2024-04-19T22:00Z,NL,10750
2024-04-19T23:00Z,NL,10506
2024-04-20T00:00Z,NL,10394
2024-04-20T01:00Z,NL,10354
2024-04-20T02:00Z,NL,10495
2024-04-20T03:00Z,NL,10826
2024-04-20T04:00Z,NL,11581
2024-04-20T05:00Z,NL,12275
2024-04-20T06:00Z,NL,12646
2024-04-20T07:00Z,NL,12878
2024-04-20T08:00Z,NL,12785
2024-04-20T09:00Z,NL,12908
2024-04-20T10:00Z,NL,12728
2024-04-20T11:00Z,NL,12525
2024-04-20T12:00Z,NL,12554
2024-04-20T13:00Z,NL,12485
2024-04-20T14:00Z,NL,12581
2024-04-20T15:00Z,NL,12814
2024-04-20T16:00Z,NL,12781
2024-04-20T17:00Z,NL,12588
2024-04-20T18:00Z,NL,12423
2024-04-20T19:00Z,NL,12050
2024-04-20T20:00Z,NL,11618
2024-04-20T21:00Z,NL,11086
2024-04-20T22:00Z,NL,9672
2024-04-20T23:00Z,NL,9419
2024-04-21T00:00Z,NL,9322
2024-04-21T01:00Z,NL,9178
2024-04-21T02:00Z,NL,9211
2024-04-21T03:00Z,NL,9590
2024-04-21T04:00Z,NL,10323
2024-04-21T05:00Z,NL,10883
2024-04-21T06:00Z,NL,11190
2024-04-21T07:00Z,NL,11348
2024-04-21T08:00Z,NL,11439
2024-04-21T09:00Z,NL,11379
2024-04-21T10:00Z,NL,11430
2024-04-21T11:00Z,NL,11405
2024-04-21T12:00Z,NL,11386
2024-04-21T13:00Z,NL,11234
2024-04-21T14:00Z,NL,11207
2024-04-21T15:00Z,NL,11328
2024-04-21T16:00Z,NL,11334
2024-04-21T17:00Z,NL,11279
2024-04-21T18:00Z,NL,11028
2024-04-21T19:00Z,NL,10753
2024-04-21T20:00Z,NL,10359
2024-04-21T21:00Z,NL,9840
2024-04-21T22:00Z,NL,10895
2024-04-21T23:00Z,NL,10466
2024-04-22T00:00Z,NL,10411
2024-04-22T01:00Z,NL,10339
2024-04-22T02:00Z,NL,10477
2024-04-22T03:00Z,NL,11311
2024-04-22T04:00Z,NL,12540
2024-04-22T05:00Z,NL,13802
2024-04-22T06:00Z,NL,14448
2024-04-22T07:00Z,NL,14881
2024-04-22T08:00Z,NL,15141
2024-04-22T09:00Z,NL,15118
2024-04-22T10:00Z,NL,15033
2024-04-22T11:00Z,NL,14912
2024-04-22T12:00Z,NL,14758
2024-04-22T13:00Z,NL,14666
2024-04-22T14:00Z,NL,14749
2024-04-22T15:00Z,NL,14928
2024-04-22T16:00Z,NL,14843
2024-04-22T17:00Z,NL,14434
2024-04-22T18:00Z,NL,13931
2024-04-22T19:00Z,NL,13358
2024-04-22T20:00Z,NL,12579
2024-04-22T21:00Z,NL,11680
2024-04-22T22:00Z,NL,10566
2024-04-22T23:00Z,NL,10096
2024-04-23T00:00Z,NL,10054
2024-04-23T01:00Z,NL,9859
2024-04-23T02:00Z,NL,10131
2024-04-23T03:00Z,NL,10832
2024-04-23T04:00Z,NL,12233
2024-04-23T05:00Z,NL,13527
2024-04-23T06:00Z,NL,14136
2024-04-23T07:00Z,NL,14570
2024-04-23T08:00Z,NL,14834
2024-04-23T09:00Z,NL,14787
2024-04-23T10:00Z,NL,14648
2024-04-23T11:00Z,NL,14560
2024-04-23T12:00Z,NL,14424
2024-04-23T13:00Z,NL,14339
2024-04-23T14:00Z,NL,14350
2024-04-23T15:00Z,NL,14605
2024-04-23T16:00Z,NL,14673
2024-04-23T17:00Z,NL,14162
2024-04-23T18:00Z,NL,13619
2024-04-23T19:00Z,NL,13101
2024-04-23T20:00Z,NL,12339
2024-04-23T21:00Z,NL,11473
2024-04-23T22:00Z,NL,10587
2024-04-23T23:00Z,NL,10306
2024-04-24T00:00Z,NL,10092
2024-04-24T01:00Z,NL,10101
2024-04-24T02:00Z,NL,10276
2024-04-24T03:00Z,NL,10928
2024-04-24T04:00Z,NL,12190
2024-04-24T05:00Z,NL,13395
2024-04-24T06:00Z,NL,13997
2024-04-24T07:00Z,NL,14436
2024-04-24T08:00Z,NL,14646
2024-04-24T09:00Z,NL,14713
2024-04-24T10:00Z,NL,14621
2024-04-24T11:00Z,NL,14334
2024-04-24T12:00Z,NL,14292
2024-04-24T13:00Z,NL,14080
2024-04-24T14:00Z,NL,14261
2024-04-24T15:00Z,NL,14600
2024-04-24T16:00Z,NL,14495
2024-04-24T17:00Z,NL,14186
2024-04-24T18:00Z,NL,13744
2024-04-24T19:00Z,NL,13137
2024-04-24T20:00Z,NL,12453
2024-04-24T21:00Z,NL,11561
2024-04-24T22:00Z,NL,10558
2024-04-24T23:00Z,NL,10200
2024-04-25T00:00Z,NL,9947
2024-04-25T01:00Z,NL,9735
2024-04-25T02:00Z,NL,9978
2024-04-25T03:00Z,NL,10652
2024-04-25T04:00Z,NL,11886
2024-04-25T05:00Z,NL,13149
2024-04-25T06:00Z,NL,13888
2024-04-25T07:00Z,NL,14154
2024-04-25T08:00Z,NL,14383
2024-04-25T09:00Z,NL,14297
2024-04-25T10:00Z,NL,14293
2024-04-25T11:00Z,NL,14255
2024-04-25T12:00Z,NL,14029
2024-04-25T13:00Z,NL,13939
2024-04-25T14:00Z,NL,13955
2024-04-25T15:00Z,NL,14230
2024-04-25T16:00Z,NL,14341
2024-04-25T17:00Z,NL,13871
2024-04-25T18:00Z,NL,13322
2024-04-25T19:00Z,NL,12805
2024-04-25T20:00Z,NL,12007
2024-04-25T21:00Z,NL,11148
2024-04-25T22:00Z,NL,10158
2024-04-25T23:00Z,NL,9780
2024-04-26T00:00Z,NL,9517
2024-04-26T01:00Z,NL,9401
2024-04-26T02:00Z,NL,9645
2024-04-26T03:00Z,NL,10378
2024-04-26T04:00Z,NL,11687
2024-04-26T05:00Z,NL,12880
2024-04-26T06:00Z,NL,13512
2024-04-26T07:00Z,NL,13973
2024-04-26T08:00Z,NL,14037
2024-04-26T09:00Z,NL,14083
2024-04-26T10:00Z,NL,14052
2024-04-26T11:00Z,NL,13887
2024-04-26T12:00Z,NL,13917
2024-04-26T13:00Z,NL,13752
2024-04-26T14:00Z,NL,13684
2024-04-26T15:00Z,NL,13895
2024-04-26T16:00Z,NL,13817
2024-04-26T17:00Z,NL,13542
2024-04-26T18:00Z,NL,13153
2024-04-26T19:00Z,NL,12496
2024-04-26T20:00Z,NL,11940
2024-04-26T21:00Z,NL,11056
2024-04-26T22:00Z,NL,9842
2024-04-26T23:00Z,NL,9635
2024-04-27T00:00Z,NL,9572
2024-04-27T01:00Z,NL,9458
2024-04-27T02:00Z,NL,9557
2024-04-27T03:00Z,NL,9995
2024-04-27T04:00Z,NL,10826
2024-04-27T05:00Z,NL,11441
2024-04-27T06:00Z,NL,11733
2024-04-27T07:00Z,NL,11893
2024-04-27T08:00Z,NL,12073
2024-04-27T09:00Z,NL,11951
2024-04-27T10:00Z,NL,11842
2024-04-27T11:00Z,NL,11752
2024-04-27T12:00Z,NL,11787
2024-04-27T13:00Z,NL,11774
2024-04-27T14:00Z,NL,11901
2024-04-27T15:00Z,NL,11941
2024-04-27T16:00Z,NL,12139
2024-04-27T17:00Z,NL,11749
2024-04-27T18:00Z,NL,11387
2024-04-27T19:00Z,NL,11157
2024-04-27T20:00Z,NL,10836
2024-04-27T21:00Z,NL,10280
2024-04-27T22:00Z,NL,8891
2024-04-27T23:00Z,NL,8645
2024-04-28T00:00Z,NL,8712
2024-04-28T01:00Z,NL,8656
2024-04-28T02:00Z,NL,8696
2024-04-28T03:00Z,NL,9037
2024-04-28T04:00Z,NL,9688
2024-04-28T05:00Z,NL,10203
2024-04-28T06:00Z,NL,10547
2024-04-28T07:00Z,NL,10734
2024-04-28T08:00Z,NL,10801
2024-04-28T09:00Z,NL,10872
2024-04-28T10:00Z,NL,10767
2024-04-28T11:00Z,NL,10706
2024-04-28T12:00Z,NL,10705
2024-04-28T13:00Z,NL,10720
2024-04-28T14:00Z,NL,10766
2024-04-28T15:00Z,NL,10879
2024-04-28T16:00Z,NL,10872
2024-04-28T17:00Z,NL,10657
2024-04-28T18:00Z,NL,10373
2024-04-28T19:00Z,NL,10152
2024-04-28T20:00Z,NL,9884
2024-04-28T21:00Z,NL,9334
2024-04-28T22:00Z,NL,10630
2024-04-28T23:00Z,NL,10304
2024-04-29T00:00Z,NL,10053
2024-04-29T01:00Z,NL,9929
2024-04-29T02:00Z,NL,10052
2024-04-29T03:00Z,NL,10930
2024-04-29T04:00Z,NL,12280
2024-04-29T05:00Z,NL,13492
2024-04-29T06:00Z,NL,14093
2024-04-29T07:00Z,NL,14533
2024-04-29T08:00Z,NL,14562
2024-04-29T09:00Z,NL,14753
2024-04-29T10:00Z,NL,14757
2024-04-29T11:00Z,NL,14645
2024-04-29T12:00Z,NL,14452
2024-04-29T13:00Z,NL,14248
2024-04-29T14:00Z,NL,14352
2024-04-29T15:00Z,NL,14688
2024-04-29T16:00Z,NL,14724
2024-04-29T17:00Z,NL,14262
2024-04-29T18:00Z,NL,13698
2024-04-29T19:00Z,NL,13106
2024-04-29T20:00Z,NL,12403
2024-04-29T21:00Z,NL,11415
2024-04-29T22:00Z,NL,10480
2024-04-29T23:00Z,NL,10077
2024-04-30T00:00Z,NL,9783
2024-04-30T01:00Z,NL,9704
2024-04-30T02:00Z,NL,9984
2024-04-30T03:00Z,NL,10629
2024-04-30T04:00Z,NL,11933
2024-04-30T05:00Z,NL,13292
2024-04-30T06:00Z,NL,14002
2024-04-30T07:00Z,NL,14342
2024-04-30T08:00Z,NL,14487
2024-04-30T09:00Z,NL,14617
2024-04-30T10:00Z,NL,14334
2024-04-30T11:00Z,NL,14266
2024-04-30T12:00Z,NL,14223
2024-04-30T13:00Z,NL,14135
2024-04-30T14:00Z,NL,14192
2024-04-30T15:00Z,NL,14457
2024-04-30T16:00Z,NL,14310
2024-04-30T17:00Z,NL,13958
2024-04-30T18:00Z,NL,13396
2024-04-30T19:00Z,NL,12781
2024-04-30T20:00Z,NL,12124
2024-04-30T21:00Z,NL,11179
2024-04-30T22:00Z,NL,10234
2024-04-30T23:00Z,NL,9796
2024-05-01T00:00Z,NL,9461
2024-05-01T01:00Z,NL,9365
2024-05-01T02:00Z,NL,9619
2024-05-01T03:00Z,NL,10394
2024-05-01T04:00Z,NL,11477
2024-05-01T05:00Z,NL,12719
2024-05-01T06:00Z,NL,13383
2024-05-01T07:00Z,NL,13849
2024-05-01T08:00Z,NL,13937
2024-05-01T09:00Z,NL,13961
2024-05-01T10:00Z,NL,13992
2024-05-01T11:00Z,NL,13862
2024-05-01T12:00Z,NL,13661
2024-05-01T13:00Z,NL,13578
2024-05-01T14:00Z,NL,13629
2024-05-01T15:00Z,NL,13691
2024-05-01T16:00Z,NL,13827
2024-05-01T17:00Z,NL,13460
2024-05-01T18:00Z,NL,12992
2024-05-01T19:00Z,NL,12466
2024-05-01T20:00Z,NL,11809
2024-05-01T21:00Z,NL,11033
2024-05-01T22:00Z,NL,10408
2024-05-01T23:00Z,NL,10090
2024-05-02T00:00Z,NL,9752
2024-05-02T01:00Z,NL,9667
2024-05-02T02:00Z,NL,9812
2024-05-02T03:00Z,NL,10570
2024-05-02T04:00Z,NL,11768
2024-05-02T05:00Z,NL,12969
2024-05-02T06:00Z,NL,13642
2024-05-02T07:00Z,NL,14022
2024-05-02T08:00Z,NL,14103
2024-05-02T09:00Z,NL,14248
2024-05-02T10:00Z,NL,14053
2024-05-02T11:00Z,NL,13951
2024-05-02T12:00Z,NL,13928
2024-05-02T13:00Z,NL,13777
2024-05-02T14:00Z,NL,13828
2024-05-02T15:00Z,NL,14054
2024-05-02T16:00Z,NL,13868
2024-05-02T17:00Z,NL,13543
2024-05-02T18:00Z,NL,13164
2024-05-02T19:00Z,NL,12646
2024-05-02T20:00Z,NL,11882
2024-05-02T21:00Z,NL,11037
2024-05-02T22:00Z,NL,10283
2024-05-02T23:00Z,NL,10020
2024-05-03T00:00Z,NL,9815
2024-05-03T01:00Z,NL,9628
2024-05-03T02:00Z,NL,9822
2024-05-03T03:00Z,NL,10516
2024-05-03T04:00Z,NL,11735
2024-05-03T05:00Z,NL,12970
2024-05-03T06:00Z,NL,13676
2024-05-03T07:00Z,NL,14098
2024-05-03T08:00Z,NL,14231
2024-05-03T09:00Z,NL,14251
2024-05-03T10:00Z,NL,14015
2024-05-03T11:00Z,NL,13841
2024-05-03T12:00Z,NL,13695
2024-05-03T13:00Z,NL,13701
2024-05-03T14:00Z,NL,13894
2024-05-03T15:00Z,NL,14092
2024-05-03T16:00Z,NL,14055
2024-05-03T17:00Z,NL,13751
2024-05-03T18:00Z,NL,13272
2024-05-03T19:00Z,NL,12794
2024-05-03T20:00Z,NL,12022
2024-05-03T21:00Z,NL,11142
2024-05-03T22:00Z,NL,9892
2024-05-03T23:00Z,NL,9686
2024-05-04T00:00Z,NL,9561
2024-05-04T01:00Z,NL,9482
2024-05-04T02:00Z,NL,9444
2024-05-04T03:00Z,NL,9750
2024-05-04T04:00Z,NL,10376
2024-05-04T05:00Z,NL,11020
2024-05-04T06:00Z,NL,11456
2024-05-04T07:00Z,NL,11763
2024-05-04T08:00Z,NL,11827
2024-05-04T09:00Z,NL,11880
2024-05-04T10:00Z,NL,11929
2024-05-04T11:00Z,NL,11885
2024-05-04T12:00Z,NL,11850
2024-05-04T13:00Z,NL,11730
2024-05-04T14:00Z,NL,11726
2024-05-04T15:00Z,NL,11848
2024-05-04T16:00Z,NL,11804
2024-05-04T17:00Z,NL,11699
2024-05-04T18:00Z,NL,11364
2024-05-04T19:00Z,NL,11059
2024-05-04T20:00Z,NL,10660
2024-05-04T21:00Z,NL,10241
2024-05-04T22:00Z,NL,9198
2024-05-04T23:00Z,NL,9036
2024-05-05T00:00Z,NL,8988
2024-05-05T01:00Z,NL,8960
2024-05-05T02:00Z,NL,8995
2024-05-05T03:00Z,NL,9356
2024-05-05T04:00Z,NL,9980
2024-05-05T05:00Z,NL,10578
2024-05-05T06:00Z,NL,10889
2024-05-05T07:00Z,NL,10959
2024-05-05T08:00Z,NL,11010
2024-05-05T09:00Z,NL,11091
2024-05-05T10:00Z,NL,11054
2024-05-05T11:00Z,NL,11058
2024-05-05T12:00Z,NL,11005
2024-05-05T13:00Z,NL,10947
2024-05-05T14:00Z,NL,10987
2024-05-05T15:00Z,NL,11079
2024-05-05T16:00Z,NL,10980
2024-05-05T17:00Z,NL,10819
2024-05-05T18:00Z,NL,10520
2024-05-05T19:00Z,NL,10334
2024-05-05T20:00Z,NL,9894
2024-05-05T21:00Z,NL,9473
2024-05-05T22:00Z,NL,10488
2024-05-05T23:00Z,NL,10067
2024-05-06T00:00Z,NL,9796
2024-05-06T01:00Z,NL,9755
2024-05-06T02:00Z,NL,9953
2024-05-06T03:00Z,NL,10763
2024-05-06T04:00Z,NL,12048
2024-05-06T05:00Z,NL,13121
2024-05-06T06:00Z,NL,13818
2024-05-06T07:00Z,NL,14164
2024-05-06T08:00Z,NL,14238
2024-05-06T09:00Z,NL,14351
2024-05-06T10:00Z,NL,14200
2024-05-06T11:00Z,NL,14103
2024-05-06T12:00Z,NL,14054
2024-05-06T13:00Z,NL,13903
2024-05-06T14:00Z,NL,13960
2024-05-06T15:00Z,NL,14288
2024-05-06T16:00Z,NL,14239
2024-05-06T17:00Z,NL,13894
2024-05-06T18:00Z,NL,13491
2024-05-06T19:00Z,NL,12927
2024-05-06T20:00Z,NL,12240
2024-05-06T21:00Z,NL,11332
2024-05-06T22:00Z,NL,10577
2024-05-06T23:00Z,NL,10255
2024-05-07T00:00Z,NL,9851
2024-05-07T01:00Z,NL,9816
2024-05-07T02:00Z,NL,9861
2024-05-07T03:00Z,NL,10640
2024-05-07T04:00Z,NL,11927
2024-05-07T05:00Z,NL,13164
2024-05-07T06:00Z,NL,13951
2024-05-07T07:00Z,NL,14152
2024-05-07T08:00Z,NL,14285
2024-05-07T09:00Z,NL,14448
2024-05-07T10:00Z,NL,14343
2024-05-07T11:00Z,NL,14253
2024-05-07T12:00Z,NL,14118
2024-05-07T13:00Z,NL,14005
2024-05-07T14:00Z,NL,13992
2024-05-07T15:00Z,NL,14098
2024-05-07T16:00Z,NL,14005
2024-05-07T17:00Z,NL,13676
2024-05-07T18:00Z,NL,13333
2024-05-07T19:00Z,NL,12846
2024-05-07T20:00Z,NL,12072
2024-05-07T21:00Z,NL,11187
2024-05-07T22:00Z,NL,10529
2024-05-07T23:00Z,NL,10233
2024-05-08T00:00Z,NL,9879
2024-05-08T01:00Z,NL,9731
2024-05-08T02:00Z,NL,9963
2024-05-08T03:00Z,NL,10547
2024-05-08T04:00Z,NL,11842
2024-05-08T05:00Z,NL,13019
2024-05-08T06:00Z,NL,13757
2024-05-08T07:00Z,NL,14292
2024-05-08T08:00Z,NL,14399
2024-05-08T09:00Z,NL,14456
2024-05-08T10:00Z,NL,14349
2024-05-08T11:00Z,NL,14177
2024-05-08T12:00Z,NL,14135
2024-05-08T13:00Z,NL,14031
2024-05-08T14:00Z,NL,14021
2024-05-08T15:00Z,NL,14255
2024-05-08T16:00Z,NL,14274
2024-05-08T17:00Z,NL,13967
2024-05-08T18:00Z,NL,13590
2024-05-08T19:00Z,NL,13088
2024-05-08T20:00Z,NL,12199
2024-05-08T21:00Z,NL,11283
2024-05-08T22:00Z,NL,9008
2024-05-08T23:00Z,NL,8942
2024-05-09T00:00Z,NL,8840
2024-05-09T01:00Z,NL,8722
2024-05-09T02:00Z,NL,8826
2024-05-09T03:00Z,NL,9232
2024-05-09T04:00Z,NL,9794
2024-05-09T05:00Z,NL,10386
2024-05-09T06:00Z,NL,10666
2024-05-09T07:00Z,NL,10848
2024-05-09T08:00Z,NL,10804
2024-05-09T09:00Z,NL,10810
2024-05-09T10:00Z,NL,10846
2024-05-09T11:00Z,NL,10742
2024-05-09T12:00Z,NL,10739
2024-05-09T13:00Z,NL,10751
2024-05-09T14:00Z,NL,10757
2024-05-09T15:00Z,NL,10786
2024-05-09T16:00Z,NL,10784
2024-05-09T17:00Z,NL,10711
2024-05-09T18:00Z,NL,10386
2024-05-09T19:00Z,NL,9976
2024-05-09T20:00Z,NL,9714
2024-05-09T21:00Z,NL,9387
2024-05-09T22:00Z,NL,10326
2024-05-09T23:00Z,NL,9946
2024-05-10T00:00Z,NL,9617
2024-05-10T01:00Z,NL,9582
2024-05-10T02:00Z,NL,9807
2024-05-10T03:00Z,NL,10562
2024-05-10T04:00Z,NL,11654
2024-05-10T05:00Z,NL,12863
2024-05-10T06:00Z,NL,13708
2024-05-10T07:00Z,NL,14017
2024-05-10T08:00Z,NL,14091
2024-05-10T09:00Z,NL,14160
2024-05-10T10:00Z,NL,14144
2024-05-10T11:00Z,NL,13989
2024-05-10T12:00Z,NL,13905
2024-05-10T13:00Z,NL,13765
2024-05-10T14:00Z,NL,13855
2024-05-10T15:00Z,NL,13999
2024-05-10T16:00Z,NL,13947
2024-05-10T17:00Z,NL,13724
2024-05-10T18:00Z,NL,13187
2024-05-10T19:00Z,NL,12737
2024-05-10T20:00Z,NL,11947
2024-05-10T21:00Z,NL,11017
2024-05-10T22:00Z,NL,9652
2024-05-10T23:00Z,NL,9512
2024-05-11T00:00Z,NL,9354
2024-05-11T01:00Z,NL,9247
2024-05-11T02:00Z,NL,9404
2024-05-11T03:00Z,NL,9686
2024-05-11T04:00Z,NL,10375
2024-05-11T05:00Z,NL,10998
2024-05-11T06:00Z,NL,11385
2024-05-11T07:00Z,NL,11603
2024-05-11T08:00Z,NL,11669
2024-05-11T09:00Z,NL,11724
2024-05-11T10:00Z,NL,11726
2024-05-11T11:00Z,NL,11627
2024-05-11T12:00Z,NL,11555
2024-05-11T13:00Z,NL,11508
2024-05-11T14:00Z,NL,11683
2024-05-11T15:00Z,NL,11810
2024-05-11T16:00Z,NL,11849
2024-05-11T17:00Z,NL,11722
2024-05-11T18:00Z,NL,11488
2024-05-11T19:00Z,NL,11308
2024-05-11T20:00Z,NL,10829
2024-05-11T21:00Z,NL,10388
2024-05-11T22:00Z,NL,9165
2024-05-11T23:00Z,NL,8873
2024-05-12T00:00Z,NL,8714
2024-05-12T01:00Z,NL,8658
2024-05-12T02:00Z,NL,8680
2024-05-12T03:00Z,NL,8938
2024-05-12T04:00Z,NL,9612
2024-05-12T05:00Z,NL,10119
2024-05-12T06:00Z,NL,10494
2024-05-12T07:00Z,NL,10705
2024-05-12T08:00Z,NL,10769
2024-05-12T09:00Z,NL,10808
2024-05-12T10:00Z,NL,10673
2024-05-12T11:00Z,NL,10574
2024-05-12T12:00Z,NL,10510
2024-05-12T13:00Z,NL,10516
2024-05-12T14:00Z,NL,10627
2024-05-12T15:00Z,NL,10768
2024-05-12T16:00Z,NL,10840
2024-05-12T17:00Z,NL,10643
2024-05-12T18:00Z,NL,10485
2024-05-12T19:00Z,NL,10216
2024-05-12T20:00Z,NL,9969
2024-05-12T21:00Z,NL,9454
2024-05-12T22:00Z,NL,10355
2024-05-12T23:00Z,NL,9930
2024-05-13T00:00Z,NL,9665
2024-05-13T01:00Z,NL,9526
2024-05-13T02:00Z,NL,9773
2024-05-13T03:00Z,NL,10454
2024-05-13T04:00Z,NL,11588
2024-05-13T05:00Z,NL,12827
2024-05-13T06:00Z,NL,13619
2024-05-13T07:00Z,NL,13933
2024-05-13T08:00Z,NL,14038
2024-05-13T09:00Z,NL,14216
2024-05-13T10:00Z,NL,14116
2024-05-13T11:00Z,NL,14071
2024-05-13T12:00Z,NL,13933
2024-05-13T13:00Z,NL,13940
2024-05-13T14:00Z,NL,13852
2024-05-13T15:00Z,NL,13916
2024-05-13T16:00Z,NL,13840
2024-05-13T17:00Z,NL,13593
2024-05-13T18:00Z,NL,13221
2024-05-13T19:00Z,NL,12755
2024-05-13T20:00Z,NL,12070
2024-05-13T21:00Z,NL,11168
2024-05-13T22:00Z,NL,10538
2024-05-13T23:00Z,NL,10119
2024-05-14T00:00Z,NL,9855
2024-05-14T01:00Z,NL,9896
2024-05-14T02:00Z,NL,9977
2024-05-14T03:00Z,NL,10639
2024-05-14T04:00Z,NL,11963
2024-05-14T05:00Z,NL,13101
2024-05-14T06:00Z,NL,13856
2024-05-14T07:00Z,NL,14199
2024-05-14T08:00Z,NL,14488
2024-05-14T09:00Z,NL,14533
2024-05-14T10:00Z,NL,14295
2024-05-14T11:00Z,NL,14301
2024-05-14T12:00Z,NL,14163
2024-05-14T13:00Z,NL,14123
2024-05-14T14:00Z,NL,14302
2024-05-14T15:00Z,NL,14295
2024-05-14T16:00Z,NL,14178
2024-05-14T17:00Z,NL,13780
2024-05-14T18:00Z,NL,13518
2024-05-14T19:00Z,NL,13037
2024-05-14T20:00Z,NL,12228
2024-05-14T21:00Z,NL,11300
2024-05-14T22:00Z,NL,10421
2024-05-14T23:00Z,NL,10080
2024-05-15T00:00Z,NL,9741
2024-05-15T01:00Z,NL,9624
2024-05-15T02:00Z,NL,9844
2024-05-15T03:00Z,NL,10589
2024-05-15T04:00Z,NL,11799
2024-05-15T05:00Z,NL,12981
2024-05-15T06:00Z,NL,13789
2024-05-15T07:00Z,NL,14163
2024-05-15T08:00Z,NL,14411
2024-05-15T09:00Z,NL,14418
2024-05-15T10:00Z,NL,14375
2024-05-15T11:00Z,NL,14314
2024-05-15T12:00Z,NL,14085
2024-05-15T13:00Z,NL,13841
2024-05-15T14:00Z,NL,13893
2024-05-15T15:00Z,NL,13999
2024-05-15T16:00Z,NL,14011
2024-05-15T17:00Z,NL,13627
2024-05-15T18:00Z,NL,13137
2024-05-15T19:00Z,NL,12677
2024-05-15T20:00Z,NL,12010
2024-05-15T21:00Z,NL,11142
2024-05-15T22:00Z,NL,10457
2024-05-15T23:00Z,NL,10117
2024-05-16T00:00Z,NL,9807
2024-05-16T01:00Z,NL,9743
2024-05-16T02:00Z,NL,9930
2024-05-16T03:00Z,NL,10748
2024-05-16T04:00Z,NL,11907
2024-05-16T05:00Z,NL,13069
2024-05-16T06:00Z,NL,13747
2024-05-16T07:00Z,NL,14261
2024-05-16T08:00Z,NL,14508
2024-05-16T09:00Z,NL,14471
2024-05-16T10:00Z,NL,14321
2024-05-16T11:00Z,NL,14331
2024-05-16T12:00Z,NL,14127
2024-05-16T13:00Z,NL,13833
2024-05-16T14:00Z,NL,13857
2024-05-16T15:00Z,NL,14173
2024-05-16T16:00Z,NL,14170
2024-05-16T17:00Z,NL,13813
2024-05-16T18:00Z,NL,13505
2024-05-16T19:00Z,NL,13051
2024-05-16T20:00Z,NL,12250
2024-05-16T21:00Z,NL,11321
2024-05-16T22:00Z,NL,10433
2024-05-16T23:00Z,NL,10053
2024-05-17T00:00Z,NL,9892
2024-05-17T01:00Z,NL,9791
2024-05-17T02:00Z,NL,9871
2024-05-17T03:00Z,NL,10528
2024-05-17T04:00Z,NL,11786
2024-05-17T05:00Z,NL,12987
2024-05-17T06:00Z,NL,13663
2024-05-17T07:00Z,NL,14122
2024-05-17T08:00Z,NL,14384
2024-05-17T09:00Z,NL,14461
2024-05-17T10:00Z,NL,14351
2024-05-17T11:00Z,NL,14332
2024-05-17T12:00Z,NL,14037
2024-05-17T13:00Z,NL,13912
2024-05-17T14:00Z,NL,13883
2024-05-17T15:00Z,NL,13986
2024-05-17T16:00Z,NL,13853
2024-05-17T17:00Z,NL,13480
2024-05-17T18:00Z,NL,13160
2024-05-17T19:00Z,NL,12706
2024-05-17T20:00Z,NL,12084
2024-05-17T21:00Z,NL,11145
2024-05-17T22:00Z,NL,10186
2024-05-17T23:00Z,NL,10034
2024-05-18T00:00Z,NL,9862
2024-05-18T01:00Z,NL,9878
2024-05-18T02:00Z,NL,9957
2024-05-18T03:00Z,NL,10333
2024-05-18T04:00Z,NL,11059
2024-05-18T05:00Z,NL,11596
2024-05-18T06:00Z,NL,11964
2024-05-18T07:00Z,NL,12199
2024-05-18T08:00Z,NL,12257
2024-05-18T09:00Z,NL,12301
2024-05-18T10:00Z,NL,12355
2024-05-18T11:00Z,NL,12286
2024-05-18T12:00Z,NL,12251
2024-05-18T13:00Z,NL,12107
2024-05-18T14:00Z,NL,11988
2024-05-18T15:00Z,NL,12090
2024-05-18T16:00Z,NL,12046
2024-05-18T17:00Z,NL,11939
2024-05-18T18:00Z,NL,11698
2024-05-18T19:00Z,NL,11476
2024-05-18T20:00Z,NL,11088
2024-05-18T21:00Z,NL,10551
2024-05-18T22:00Z,NL,9190
2024-05-18T23:00Z,NL,8921
2024-05-19T00:00Z,NL,8779
2024-05-19T01:00Z,NL,8831
2024-05-19T02:00Z,NL,8871
2024-05-19T03:00Z,NL,9345
2024-05-19T04:00Z,NL,9938
2024-05-19T05:00Z,NL,10501
2024-05-19T06:00Z,NL,10810
2024-05-19T07:00Z,NL,11092
2024-05-19T08:00Z,NL,11199
2024-05-19T09:00Z,NL,11173
2024-05-19T10:00Z,NL,11197
2024-05-19T11:00Z,NL,11062
2024-05-19T12:00Z,NL,10907
2024-05-19T13:00Z,NL,10836
2024-05-19T14:00Z,NL,10817
2024-05-19T15:00Z,NL,10777
2024-05-19T16:00Z,NL,10751
2024-05-19T17:00Z,NL,10692
2024-05-19T18:00Z,NL,10605
2024-05-19T19:00Z,NL,10254
2024-05-19T20:00Z,NL,10019
2024-05-19T21:00Z,NL,9476
2024-05-19T22:00Z,NL,8736
2024-05-19T23:00Z,NL,8614
2024-05-20T00:00Z,NL,8452
2024-05-20T01:00Z,NL,8430
2024-05-20T02:00Z,NL,8533
2024-05-20T03:00Z,NL,8978
2024-05-20T04:00Z,NL,9553
2024-05-20T05:00Z,NL,10116
2024-05-20T06:00Z,NL,10550
2024-05-20T07:00Z,NL,10652
2024-05-20T08:00Z,NL,10730
2024-05-20T09:00Z,NL,10771
2024-05-20T10:00Z,NL,10778
2024-05-20T11:00Z,NL,10760
2024-05-20T12:00Z,NL,10722
2024-05-20T13:00Z,NL,10681
2024-05-20T14:00Z,NL,10789
2024-05-20T15:00Z,NL,10715
2024-05-20T16:00Z,NL,10642
2024-05-20T17:00Z,NL,10575
2024-05-20T18:00Z,NL,10382
2024-05-20T19:00Z,NL,10087
2024-05-20T20:00Z,NL,9659
2024-05-20T21:00Z,NL,9146
2024-05-20T22:00Z,NL,10264
2024-05-20T23:00Z,NL,9938
2024-05-21T00:00Z,NL,9778
2024-05-21T01:00Z,NL,9613
2024-05-21T02:00Z,NL,9769
2024-05-21T03:00Z,NL,10527
2024-05-21T04:00Z,NL,11768
2024-05-21T05:00Z,NL,12903
2024-05-21T06:00Z,NL,13736
2024-05-21T07:00Z,NL,14239
2024-05-21T08:00Z,NL,14482
2024-05-21T09:00Z,NL,14519
2024-05-21T10:00Z,NL,14303
2024-05-21T11:00Z,NL,14123
2024-05-21T12:00Z,NL,14060
2024-05-21T13:00Z,NL,13895
2024-05-21T14:00Z,NL,13826
2024-05-21T15:00Z,NL,13846
2024-05-21T16:00Z,NL,13802
2024-05-21T17:00Z,NL,13564
2024-05-21T18:00Z,NL,13153
2024-05-21T19:00Z,NL,12723
2024-05-21T20:00Z,NL,11997
2024-05-21T21:00Z,NL,11014
2024-05-21T22:00Z,NL,10476
2024-05-21T23:00Z,NL,10060
2024-05-22T00:00Z,NL,9763
2024-05-22T01:00Z,NL,9664
2024-05-22T02:00Z,NL,9916
2024-05-22T03:00Z,NL,10683
2024-05-22T04:00Z,NL,11892
2024-05-22T05:00Z,NL,13096
2024-05-22T06:00Z,NL,13811
2024-05-22T07:00Z,NL,14238
2024-05-22T08:00Z,NL,14498
2024-05-22T09:00Z,NL,14532
2024-05-22T10:00Z,NL,14489
2024-05-22T11:00Z,NL,14375
2024-05-22T12:00Z,NL,14284
2024-05-22T13:00Z,NL,14033
2024-05-22T14:00Z,NL,14004
2024-05-22T15:00Z,NL,14088
2024-05-22T16:00Z,NL,14008
2024-05-22T17:00Z,NL,13777
2024-05-22T18:00Z,NL,13372
2024-05-22T19:00Z,NL,12944
2024-05-22T20:00Z,NL,12194
2024-05-22T21:00Z,NL,11263
2024-05-22T22:00Z,NL,10331
2024-05-22T23:00Z,NL,9938
2024-05-23T00:00Z,NL,9723
2024-05-23T01:00Z,NL,9467
2024-05-23T02:00Z,NL,9792
2024-05-23T03:00Z,NL,10462
2024-05-23T04:00Z,NL,11831
2024-05-23T05:00Z,NL,13031
2024-05-23T06:00Z,NL,13682
2024-05-23T07:00Z,NL,14316
2024-05-23T08:00Z,NL,14691
2024-05-23T09:00Z,NL,14685
2024-05-23T10:00Z,NL,14543
2024-05-23T11:00Z,NL,14491
2024-05-23T12:00Z,NL,14358
2024-05-23T13:00Z,NL,14066
2024-05-23T14:00Z,NL,14028
2024-05-23T15:00Z,NL,14009
2024-05-23T16:00Z,NL,13973
2024-05-23T17:00Z,NL,13786
2024-05-23T18:00Z,NL,13461
2024-05-23T19:00Z,NL,12920
2024-05-23T20:00Z,NL,12347
2024-05-23T21:00Z,NL,11371
2024-05-23T22:00Z,NL,10452
2024-05-23T23:00Z,NL,10093
2024-05-24T00:00Z,NL,9859
2024-05-24T01:00Z,NL,9709
2024-05-24T02:00Z,NL,9803
2024-05-24T03:00Z,NL,10460
2024-05-24T04:00Z,NL,11707
2024-05-24T05:00Z,NL,12985
2024-05-24T06:00Z,NL,13686
2024-05-24T07:00Z,NL,14124
2024-05-24T08:00Z,NL,14236
2024-05-24T09:00Z,NL,14338
2024-05-24T10:00Z,NL,14300
2024-05-24T11:00Z,NL,14280
2024-05-24T12:00Z,NL,14273
2024-05-24T13:00Z,NL,14167
2024-05-24T14:00Z,NL,14076
2024-05-24T15:00Z,NL,14170
2024-05-24T16:00Z,NL,14066
2024-05-24T17:00Z,NL,13747
2024-05-24T18:00Z,NL,13431
2024-05-24T19:00Z,NL,13018
2024-05-24T20:00Z,NL,12265
2024-05-24T21:00Z,NL,11283
2024-05-24T22:00Z,NL,9881
2024-05-24T23:00Z,NL,9635
2024-05-25T00:00Z,NL,9359
2024-05-25T01:00Z,NL,9316
2024-05-25T02:00Z,NL,9483
2024-05-25T03:00Z,NL,9808
2024-05-25T04:00Z,NL,10499
2024-05-25T05:00Z,NL,11060
2024-05-25T06:00Z,NL,11383
2024-05-25T07:00Z,NL,11710
2024-05-25T08:00Z,NL,11768
2024-05-25T09:00Z,NL,11921
2024-05-25T10:00Z,NL,11874
2024-05-25T11:00Z,NL,11860
2024-05-25T12:00Z,NL,11767
2024-05-25T13:00Z,NL,11710
2024-05-25T14:00Z,NL,11644
2024-05-25T15:00Z,NL,11851
2024-05-25T16:00Z,NL,11924
2024-05-25T17:00Z,NL,11722
2024-05-25T18:00Z,NL,11414
2024-05-25T19:00Z,NL,11200
2024-05-25T20:00Z,NL,10866
2024-05-25T21:00Z,NL,10217
2024-05-25T22:00Z,NL,8781
2024-05-25T23:00Z,NL,8551
2024-05-26T00:00Z,NL,8308
2024-05-26T01:00Z,NL,8324
2024-05-26T02:00Z,NL,8541
2024-05-26T03:00Z,NL,8944
2024-05-26T04:00Z,NL,9612
2024-05-26T05:00Z,NL,10120
2024-05-26T06:00Z,NL,10485
2024-05-26T07:00Z,NL,10753
2024-05-26T08:00Z,NL,10853
2024-05-26T09:00Z,NL,10923
2024-05-26T10:00Z,NL,10890
2024-05-26T11:00Z,NL,10805
2024-05-26T12:00Z,NL,10806
2024-05-26T13:00Z,NL,10891
2024-05-26T14:00Z,NL,10766
2024-05-26T15:00Z,NL,10792
2024-05-26T16:00Z,NL,10730
2024-05-26T17:00Z,NL,10591
2024-05-26T18:00Z,NL,10305
2024-05-26T19:00Z,NL,10048
2024-05-26T20:00Z,NL,9770
2024-05-26T21:00Z,NL,9382
2024-05-26T22:00Z,NL,10277
2024-05-26T23:00Z,NL,9783
2024-05-27T00:00Z,NL,9525
2024-05-27T01:00Z,NL,9494
2024-05-27T02:00Z,NL,9662
2024-05-27T03:00Z,NL,10356
2024-05-27T04:00Z,NL,11498
2024-05-27T05:00Z,NL,12701
2024-05-27T06:00Z,NL,13273
2024-05-27T07:00Z,NL,13748
2024-05-27T08:00Z,NL,13901
2024-05-27T09:00Z,NL,14025
2024-05-27T10:00Z,NL,14046
2024-05-27T11:00Z,NL,13926
2024-05-27T12:00Z,NL,13791
2024-05-27T13:00Z,NL,13595
2024-05-27T14:00Z,NL,13538
2024-05-27T15:00Z,NL,13733
2024-05-27T16:00Z,NL,13728
2024-05-27T17:00Z,NL,13364
2024-05-27T18:00Z,NL,13199
2024-05-27T19:00Z,NL,12719
2024-05-27T20:00Z,NL,12059
2024-05-27T21:00Z,NL,11158
2024-05-27T22:00Z,NL,10304
2024-05-27T23:00Z,NL,9863
2024-05-28T00:00Z,NL,9745
2024-05-28T01:00Z,NL,9659
2024-05-28T02:00Z,NL,9824
2024-05-28T03:00Z,NL,10488
2024-05-28T04:00Z,NL,11607
2024-05-28T05:00Z,NL,12688
2024-05-28T06:00Z,NL,13313
2024-05-28T07:00Z,NL,13695
2024-05-28T08:00Z,NL,13952
2024-05-28T09:00Z,NL,14067
2024-05-28T10:00Z,NL,14111
2024-05-28T11:00Z,NL,14028
2024-05-28T12:00Z,NL,13922
2024-05-28T13:00Z,NL,13827
2024-05-28T14:00Z,NL,13798
2024-05-28T15:00Z,NL,13792
2024-05-28T16:00Z,NL,13583
2024-05-28T17:00Z,NL,13343
2024-05-28T18:00Z,NL,12915
2024-05-28T19:00Z,NL,12445
2024-05-28T20:00Z,NL,11837
2024-05-28T21:00Z,NL,10903
2024-05-28T22:00Z,NL,10226
2024-05-28T23:00Z,NL,9880
2024-05-29T00:00Z,NL,9612
2024-05-29T01:00Z,NL,9587
2024-05-29T02:00Z,NL,9837
2024-05-29T03:00Z,NL,10646
2024-05-29T04:00Z,NL,11758
2024-05-29T05:00Z,NL,12804
2024-05-29T06:00Z,NL,13400
2024-05-29T07:00Z,NL,13869
2024-05-29T08:00Z,NL,13961
2024-05-29T09:00Z,NL,14067
2024-05-29T10:00Z,NL,14258
2024-05-29T11:00Z,NL,14019
2024-05-29T12:00Z,NL,13847
2024-05-29T13:00Z,NL,13684
2024-05-29T14:00Z,NL,13755
2024-05-29T15:00Z,NL,13737
2024-05-29T16:00Z,NL,13652
2024-05-29T17:00Z,NL,13396
2024-05-29T18:00Z,NL,13173
2024-05-29T19:00Z,NL,12599
2024-05-29T20:00Z,NL,11937
2024-05-29T21:00Z,NL,11078
2024-05-29T22:00Z,NL,10401
2024-05-29T23:00Z,NL,10014
2024-05-30T00:00Z,NL,9665
2024-05-30T01:00Z,NL,9519
2024-05-30T02:00Z,NL,9670
2024-05-30T03:00Z,NL,10290
2024-05-30T04:00Z,NL,11594
2024-05-30T05:00Z,NL,12840
2024-05-30T06:00Z,NL,13533
2024-05-30T07:00Z,NL,13935
2024-05-30T08:00Z,NL,14137
2024-05-30T09:00Z,NL,14171
2024-05-30T10:00Z,NL,14066
2024-05-30T11:00Z,NL,13973
2024-05-30T12:00Z,NL,13920
2024-05-30T13:00Z,NL,13924
2024-05-30T14:00Z,NL,13823
2024-05-30T15:00Z,NL,13858
2024-05-30T16:00Z,NL,13801
2024-05-30T17:00Z,NL,13527
2024-05-30T18:00Z,NL,13247
2024-05-30T19:00Z,NL,12780
2024-05-30T20:00Z,NL,12174
2024-05-30T21:00Z,NL,11292
2024-05-30T22:00Z,NL,10501
2024-05-30T23:00Z,NL,10027
2024-05-31T00:00Z,NL,9753
2024-05-31T01:00Z,NL,9525
2024-05-31T02:00Z,NL,9699
2024-05-31T03:00Z,NL,10469
2024-05-31T04:00Z,NL,11665
2024-05-31T05:00Z,NL,12752
2024-05-31T06:00Z,NL,13538
2024-05-31T07:00Z,NL,14081
2024-05-31T08:00Z,NL,14227
2024-05-31T09:00Z,NL,14239
2024-05-31T10:00Z,NL,14174
2024-05-31T11:00Z,NL,14212
2024-05-31T12:00Z,NL,14138
2024-05-31T13:00Z,NL,13889
2024-05-31T14:00Z,NL,13772
2024-05-31T15:00Z,NL,13883
2024-05-31T16:00Z,NL,13879
2024-05-31T17:00Z,NL,13472
2024-05-31T18:00Z,NL,13213
2024-05-31T19:00Z,NL,12762
2024-05-31T20:00Z,NL,12073
2024-05-31T21:00Z,NL,11129
2024-05-31T22:00Z,NL,9605
2024-05-31T23:00Z,NL,9485
2024-06-01T00:00Z,NL,9479
2024-06-01T01:00Z,NL,9404
2024-06-01T02:00Z,NL,9367
2024-06-01T03:00Z,NL,9720
2024-06-01T04:00Z,NL,10374
2024-06-01T05:00Z,NL,11009
2024-06-01T06:00Z,NL,11326
2024-06-01T07:00Z,NL,11607
2024-06-01T08:00Z,NL,11764
2024-06-01T09:00Z,NL,11757
2024-06-01T10:00Z,NL,11744
2024-06-01T11:00Z,NL,11668
2024-06-01T12:00Z,NL,11558
2024-06-01T13:00Z,NL,11472
2024-06-01T14:00Z,NL,11473
2024-06-01T15:00Z,NL,11467
2024-06-01T16:00Z,NL,11501
2024-06-01T17:00Z,NL,11430
2024-06-01T18:00Z,NL,11236
2024-06-01T19:00Z,NL,11109
2024-06-01T20:00Z,NL,10821
2024-06-01T21:00Z,NL,10246
2024-06-01T22:00Z,NL,8747
2024-06-01T23:00Z,NL,8534
2024-06-02T00:00Z,NL,8416
2024-06-02T01:00Z,NL,8316
2024-06-02T02:00Z,NL,8393
2024-06-02T03:00Z,NL,8903
2024-06-02T04:00Z,NL,9515
2024-06-02T05:00Z,NL,10047
2024-06-02T06:00Z,NL,10329
2024-06-02T07:00Z,NL,10427
2024-06-02T08:00Z,NL,10489
2024-06-02T09:00Z,NL,10528
2024-06-02T10:00Z,NL,10571
2024-06-02T11:00Z,NL,10573
2024-06-02T12:00Z,NL,10451
2024-06-02T13:00Z,NL,10436
2024-06-02T14:00Z,NL,10320
2024-06-02T15:00Z,NL,10364
2024-06-02T16:00Z,NL,10365
2024-06-02T17:00Z,NL,10308
2024-06-02T18:00Z,NL,10037
2024-06-02T19:00Z,NL,9849
2024-06-02T20:00Z,NL,9651
2024-06-02T21:00Z,NL,9284
2024-06-02T22:00Z,NL,10513
2024-06-02T23:00Z,NL,10126
2024-06-03T00:00Z,NL,9809
2024-06-03T01:00Z,NL,9754
2024-06-03T02:00Z,NL,9746
2024-06-03T03:00Z,NL,10366
2024-06-03T04:00Z,NL,11531
2024-06-03T05:00Z,NL,12635
2024-06-03T06:00Z,NL,13313
2024-06-03T07:00Z,NL,13793
2024-06-03T08:00Z,NL,14112
2024-06-03T09:00Z,NL,14183
2024-06-03T10:00Z,NL,14266
2024-06-03T11:00Z,NL,14142
2024-06-03T12:00Z,NL,14065
2024-06-03T13:00Z,NL,13826
2024-06-03T14:00Z,NL,13751
2024-06-03T15:00Z,NL,13825
2024-06-03T16:00Z,NL,13758
2024-06-03T17:00Z,NL,13424
2024-06-03T18:00Z,NL,13174
2024-06-03T19:00Z,NL,12643
2024-06-03T20:00Z,NL,12022
2024-06-03T21:00Z,NL,11089
2024-06-03T22:00Z,NL,10392
2024-06-03T23:00Z,NL,10011
2024-06-04T00:00Z,NL,9792
2024-06-04T01:00Z,NL,9571
2024-06-04T02:00Z,NL,9772
2024-06-04T03:00Z,NL,10384
2024-06-04T04:00Z,NL,11447
2024-06-04T05:00Z,NL,12520
2024-06-04T06:00Z,NL,13377
2024-06-04T07:00Z,NL,13911
2024-06-04T08:00Z,NL,14113
2024-06-04T09:00Z,NL,14226
2024-06-04T10:00Z,NL,14122
2024-06-04T11:00Z,NL,13980
2024-06-04T12:00Z,NL,13906
2024-06-04T13:00Z,NL,13792
2024-06-04T14:00Z,NL,13608
2024-06-04T15:00Z,NL,13524
2024-06-04T16:00Z,NL,13439
2024-06-04T17:00Z,NL,13194
2024-06-04T18:00Z,NL,12838
2024-06-04T19:00Z,NL,12608
2024-06-04T20:00Z,NL,11959
2024-06-04T21:00Z,NL,11024
2024-06-04T22:00Z,NL,10189
2024-06-04T23:00Z,NL,9802
2024-06-05T00:00Z,NL,9597
2024-06-05T01:00Z,NL,9469
2024-06-05T02:00Z,NL,9561
2024-06-05T03:00Z,NL,10320
2024-06-05T04:00Z,NL,11455
2024-06-05T05:00Z,NL,12674
2024-06-05T06:00Z,NL,13515
2024-06-05T07:00Z,NL,13888
2024-06-05T08:00Z,NL,14082
2024-06-05T09:00Z,NL,14134
2024-06-05T10:00Z,NL,14066
2024-06-05T11:00Z,NL,14192
2024-06-05T12:00Z,NL,14023
2024-06-05T13:00Z,NL,13761
2024-06-05T14:00Z,NL,13714
2024-06-05T15:00Z,NL,13752
2024-06-05T16:00Z,NL,13862
2024-06-05T17:00Z,NL,13551
2024-06-05T18:00Z,NL,13149
2024-06-05T19:00Z,NL,12729
2024-06-05T20:00Z,NL,12085
2024-06-05T21:00Z,NL,11038
2024-06-05T22:00Z,NL,10265
2024-06-05T23:00Z,NL,9789
2024-06-06T00:00Z,NL,9538
2024-06-06T01:00Z,NL,9435
2024-06-06T02:00Z,NL,9594
2024-06-06T03:00Z,NL,10306
2024-06-06T04:00Z,NL,11495
2024-06-06T05:00Z,NL,12588
2024-06-06T06:00Z,NL,13377
2024-06-06T07:00Z,NL,13707
2024-06-06T08:00Z,NL,14034
2024-06-06T09:00Z,NL,14078
2024-06-06T10:00Z,NL,14072
2024-06-06T11:00Z,NL,13893
2024-06-06T12:00Z,NL,13659
2024-06-06T13:00Z,NL,13530
2024-06-06T14:00Z,NL,13440
2024-06-06T15:00Z,NL,13464
2024-06-06T16:00Z,NL,13423
2024-06-06T17:00Z,NL,13157
2024-06-06T18:00Z,NL,12997
2024-06-06T19:00Z,NL,12602
2024-06-06T20:00Z,NL,11879
2024-06-06T21:00Z,NL,10970
2024-06-06T22:00Z,NL,10396
2024-06-06T23:00Z,NL,9974
2024-06-07T00:00Z,NL,9815
2024-06-07T01:00Z,NL,9621
2024-06-07T02:00Z,NL,9648
2024-06-07T03:00Z,NL,10332
2024-06-07T04:00Z,NL,11552
2024-06-07T05:00Z,NL,12737
2024-06-07T06:00Z,NL,13557
2024-06-07T07:00Z,NL,14073
2024-06-07T08:00Z,NL,14231
2024-06-07T09:00Z,NL,14473
2024-06-07T10:00Z,NL,14439
2024-06-07T11:00Z,NL,14242
2024-06-07T12:00Z,NL,14167
2024-06-07T13:00Z,NL,13972
2024-06-07T14:00Z,NL,13926
2024-06-07T15:00Z,NL,13912
2024-06-07T16:00Z,NL,13942
2024-06-07T17:00Z,NL,13684
2024-06-07T18:00Z,NL,13482
2024-06-07T19:00Z,NL,12974
2024-06-07T20:00Z,NL,12219
2024-06-07T21:00Z,NL,11252
2024-06-07T22:00Z,NL,9882
2024-06-07T23:00Z,NL,9663
2024-06-08T00:00Z,NL,9437
2024-06-08T01:00Z,NL,9410
2024-06-08T02:00Z,NL,9430
2024-06-08T03:00Z,NL,9786
2024-06-08T04:00Z,NL,10588
2024-06-08T05:00Z,NL,11184
2024-06-08T06:00Z,NL,11588
2024-06-08T07:00Z,NL,11858
2024-06-08T08:00Z,NL,11915
2024-06-08T09:00Z,NL,12084
2024-06-08T10:00Z,NL,12059
2024-06-08T11:00Z,NL,11952
2024-06-08T12:00Z,NL,11984
2024-06-08T13:00Z,NL,11933
2024-06-08T14:00Z,NL,11844
2024-06-08T15:00Z,NL,11728
2024-06-08T16:00Z,NL,11585
2024-06-08T17:00Z,NL,11395
2024-06-08T18:00Z,NL,11232
2024-06-08T19:00Z,NL,10975
2024-06-08T20:00Z,NL,10738
2024-06-08T21:00Z,NL,10230
2024-06-08T22:00Z,NL,9035
2024-06-08T23:00Z,NL,8813
2024-06-09T00:00Z,NL,8795
2024-06-09T01:00Z,NL,8761
2024-06-09T02:00Z,NL,8799
2024-06-09T03:00Z,NL,9056
2024-06-09T04:00Z,NL,9608
2024-06-09T05:00Z,NL,10242
2024-06-09T06:00Z,NL,10611
2024-06-09T07:00Z,NL,10730
2024-06-09T08:00Z,NL,10850
2024-06-09T09:00Z,NL,10837
2024-06-09T10:00Z,NL,10914
2024-06-09T11:00Z,NL,10689
2024-06-09T12:00Z,NL,10660
2024-06-09T13:00Z,NL,10675
2024-06-09T14:00Z,NL,10643
2024-06-09T15:00Z,NL,10694
2024-06-09T16:00Z,NL,10582
2024-06-09T17:00Z,NL,10602
2024-06-09T18:00Z,NL,10351
2024-06-09T19:00Z,NL,10015
2024-06-09T20:00Z,NL,9697
2024-06-09T21:00Z,NL,9233
2024-06-09T22:00Z,NL,10238
2024-06-09T23:00Z,NL,9859
2024-06-10T00:00Z,NL,9728
2024-06-10T01:00Z,NL,9492
2024-06-10T02:00Z,NL,9745
2024-06-10T03:00Z,NL,10601
2024-06-10T04:00Z,NL,11780
2024-06-10T05:00Z,NL,12858
2024-06-10T06:00Z,NL,13597
2024-06-10T07:00Z,NL,14033
2024-06-10T08:00Z,NL,14176
2024-06-10T09:00Z,NL,14155
2024-06-10T10:00Z,NL,14045
2024-06-10T11:00Z,NL,13883
2024-06-10T12:00Z,NL,13749
2024-06-10T13:00Z,NL,13632
2024-06-10T14:00Z,NL,13451
2024-06-10T15:00Z,NL,13505
2024-06-10T16:00Z,NL,13480
2024-06-10T17:00Z,NL,13193
2024-06-10T18:00Z,NL,12804
2024-06-10T19:00Z,NL,12422
2024-06-10T20:00Z,NL,11872
2024-06-10T21:00Z,NL,11022
2024-06-10T22:00Z,NL,10391
2024-06-10T23:00Z,NL,10023
2024-06-11T00:00Z,NL,9826
2024-06-11T01:00Z,NL,9590
2024-06-11T02:00Z,NL,9641
2024-06-11T03:00Z,NL,10317
2024-06-11T04:00Z,NL,11384
2024-06-11T05:00Z,NL,12412
2024-06-11T06:00Z,NL,13289
2024-06-11T07:00Z,NL,13794
2024-06-11T08:00Z,NL,14093
2024-06-11T09:00Z,NL,14301
2024-06-11T10:00Z,NL,14256
2024-06-11T11:00Z,NL,14240
2024-06-11T12:00Z,NL,14057
2024-06-11T13:00Z,NL,14022
2024-06-11T14:00Z,NL,13984
2024-06-11T15:00Z,NL,14056
2024-06-11T16:00Z,NL,13706
2024-06-11T17:00Z,NL,13401
2024-06-11T18:00Z,NL,13162
2024-06-11T19:00Z,NL,12656
2024-06-11T20:00Z,NL,11886
2024-06-11T21:00Z,NL,10945
2024-06-11T22:00Z,NL,10201
2024-06-11T23:00Z,NL,9907
2024-06-12T00:00Z,NL,9746
2024-06-12T01:00Z,NL,9592
2024-06-12T02:00Z,NL,9729
2024-06-12T03:00Z,NL,10459
2024-06-12T04:00Z,NL,11593
2024-06-12T05:00Z,NL,12743
2024-06-12T06:00Z,NL,13509
2024-06-12T07:00Z,NL,13970
2024-06-12T08:00Z,NL,14236
2024-06-12T09:00Z,NL,14196
2024-06-12T10:00Z,NL,14072
2024-06-12T11:00Z,NL,14011
2024-06-12T12:00Z,NL,13907
2024-06-12T13:00Z,NL,13781
2024-06-12T14:00Z,NL,13778
2024-06-12T15:00Z,NL,13623
2024-06-12T16:00Z,NL,13604
2024-06-12T17:00Z,NL,13349
2024-06-12T18:00Z,NL,12990
2024-06-12T19:00Z,NL,12616
2024-06-12T20:00Z,NL,11968
2024-06-12T21:00Z,NL,11054
2024-06-12T22:00Z,NL,10320
2024-06-12T23:00Z,NL,9944
2024-06-13T00:00Z,NL,9666
2024-06-13T01:00Z,NL,9601
2024-06-13T02:00Z,NL,9655
2024-06-13T03:00Z,NL,10295
2024-06-13T04:00Z,NL,11467
2024-06-13T05:00Z,NL,12620
2024-06-13T06:00Z,NL,13293
2024-06-13T07:00Z,NL,13864
2024-06-13T08:00Z,NL,14148
2024-06-13T09:00Z,NL,14229
2024-06-13T10:00Z,NL,14262
2024-06-13T11:00Z,NL,14133
2024-06-13T12:00Z,NL,13961
2024-06-13T13:00Z,NL,13867
2024-06-13T14:00Z,NL,13817
2024-06-13T15:00Z,NL,13761
2024-06-13T16:00Z,NL,13680
2024-06-13T17:00Z,NL,13456
2024-06-13T18:00Z,NL,13127
2024-06-13T19:00Z,NL,12889
2024-06-13T20:00Z,NL,12238
2024-06-13T21:00Z,NL,11330
2024-06-13T22:00Z,NL,10549
2024-06-13T23:00Z,NL,10159
2024-06-14T00:00Z,NL,10026
2024-06-14T01:00Z,NL,9901
2024-06-14T02:00Z,NL,10069
2024-06-14T03:00Z,NL,10672
2024-06-14T04:00Z,NL,11842
2024-06-14T05:00Z,NL,12986
2024-06-14T06:00Z,NL,13725
2024-06-14T07:00Z,NL,14068
2024-06-14T08:00Z,NL,14323
2024-06-14T09:00Z,NL,14371
2024-06-14T10:00Z,NL,14263
2024-06-14T11:00Z,NL,14139
2024-06-14T12:00Z,NL,13989
2024-06-14T13:00Z,NL,13895
2024-06-14T14:00Z,NL,13678
2024-06-14T15:00Z,NL,13613
2024-06-14T16:00Z,NL,13496
2024-06-14T17:00Z,NL,13272
2024-06-14T18:00Z,NL,12940
2024-06-14T19:00Z,NL,12614
2024-06-14T20:00Z,NL,11903
2024-06-14T21:00Z,NL,11149
2024-06-14T22:00Z,NL,9877
2024-06-14T23:00Z,NL,9646
2024-06-15T00:00Z,NL,9315
2024-06-15T01:00Z,NL,9345
2024-06-15T02:00Z,NL,9445
2024-06-15T03:00Z,NL,9789
2024-06-15T04:00Z,NL,10362
2024-06-15T05:00Z,NL,10997
2024-06-15T06:00Z,NL,11434
2024-06-15T07:00Z,NL,11664
2024-06-15T08:00Z,NL,11787
2024-06-15T09:00Z,NL,11736
2024-06-15T10:00Z,NL,11813
2024-06-15T11:00Z,NL,11743
2024-06-15T12:00Z,NL,11692
2024-06-15T13:00Z,NL,11675
2024-06-15T14:00Z,NL,11659
2024-06-15T15:00Z,NL,11580
2024-06-15T16:00Z,NL,11528
2024-06-15T17:00Z,NL,11364
2024-06-15T18:00Z,NL,11182
2024-06-15T19:00Z,NL,11052
2024-06-15T20:00Z,NL,10843
2024-06-15T21:00Z,NL,10392
2024-06-15T22:00Z,NL,8843
2024-06-15T23:00Z,NL,8711
2024-06-16T00:00Z,NL,8603
2024-06-16T01:00Z,NL,8526
2024-06-16T02:00Z,NL,8591
2024-06-16T03:00Z,NL,8891
2024-06-16T04:00Z,NL,9485
2024-06-16T05:00Z,NL,10042
2024-06-16T06:00Z,NL,10540
2024-06-16T07:00Z,NL,10713
2024-06-16T08:00Z,NL,10806
2024-06-16T09:00Z,NL,10822
2024-06-16T10:00Z,NL,10888
2024-06-16T11:00Z,NL,10823
2024-06-16T12:00Z,NL,10842
2024-06-16T13:00Z,NL,10664
2024-06-16T14:00Z,NL,10607
2024-06-16T15:00Z,NL,10538
2024-06-16T16:00Z,NL,10357
2024-06-16T17:00Z,NL,10260
2024-06-16T18:00Z,NL,10113
2024-06-16T19:00Z,NL,9978
2024-06-16T20:00Z,NL,9555
2024-06-16T21:00Z,NL,9161
2024-06-16T22:00Z,NL,10228
2024-06-16T23:00Z,NL,9968
2024-06-17T00:00Z,NL,9707
2024-06-17T01:00Z,NL,9647
2024-06-17T02:00Z,NL,9733
2024-06-17T03:00Z,NL,10470
2024-06-17T04:00Z,NL,11766
2024-06-17T05:00Z,NL,12867
2024-06-17T06:00Z,NL,13697
2024-06-17T07:00Z,NL,14118
2024-06-17T08:00Z,NL,14322
2024-06-17T09:00Z,NL,14479
2024-06-17T10:00Z,NL,14251
2024-06-17T11:00Z,NL,14085
2024-06-17T12:00Z,NL,13968
2024-06-17T13:00Z,NL,13790
2024-06-17T14:00Z,NL,13694
2024-06-17T15:00Z,NL,13468
2024-06-17T16:00Z,NL,13437
2024-06-17T17:00Z,NL,13172
2024-06-17T18:00Z,NL,12896
2024-06-17T19:00Z,NL,12610
2024-06-17T20:00Z,NL,11895
2024-06-17T21:00Z,NL,10986
2024-06-17T22:00Z,NL,10449
2024-06-17T23:00Z,NL,10067
2024-06-18T00:00Z,NL,9747
2024-06-18T01:00Z,NL,9833
2024-06-18T02:00Z,NL,9863
2024-06-18T03:00Z,NL,10484
2024-06-18T04:00Z,NL,11606
2024-06-18T05:00Z,NL,12811
2024-06-18T06:00Z,NL,13473
2024-06-18T07:00Z,NL,13983
2024-06-18T08:00Z,NL,14181
2024-06-18T09:00Z,NL,14460
2024-06-18T10:00Z,NL,14329
2024-06-18T11:00Z,NL,14173
2024-06-18T12:00Z,NL,14081
2024-06-18T13:00Z,NL,13926
2024-06-18T14:00Z,NL,13804
2024-06-18T15:00Z,NL,13803
2024-06-18T16:00Z,NL,13659
2024-06-18T17:00Z,NL,13343
2024-06-18T18:00Z,NL,13004
2024-06-18T19:00Z,NL,12617
2024-06-18T20:00Z,NL,12060
2024-06-18T21:00Z,NL,11171
2024-06-18T22:00Z,NL,10665
2024-06-18T23:00Z,NL,10304
2024-06-19T00:00Z,NL,10148
2024-06-19T01:00Z,NL,9854
2024-06-19T02:00Z,NL,10065
2024-06-19T03:00Z,NL,10691
2024-06-19T04:00Z,NL,11829
2024-06-19T05:00Z,NL,13029
2024-06-19T06:00Z,NL,13856
2024-06-19T07:00Z,NL,14330
2024-06-19T08:00Z,NL,14479
2024-06-19T09:00Z,NL,14629
2024-06-19T10:00Z,NL,14569
2024-06-19T11:00Z,NL,14495
2024-06-19T12:00Z,NL,14343
2024-06-19T13:00Z,NL,14112
2024-06-19T14:00Z,NL,13994
2024-06-19T15:00Z,NL,13886
2024-06-19T16:00Z,NL,13788
2024-06-19T17:00Z,NL,13568
2024-06-19T18:00Z,NL,13378
2024-06-19T19:00Z,NL,12917
2024-06-19T20:00Z,NL,12313
2024-06-19T21:00Z,NL,11334
2024-06-19T22:00Z,NL,10660
2024-06-19T23:00Z,NL,10198
2024-06-20T00:00Z,NL,9806
2024-06-20T01:00Z,NL,9757
2024-06-20T02:00Z,NL,9887
2024-06-20T03:00Z,NL,10598
2024-06-20T04:00Z,NL,11605
2024-06-20T05:00Z,NL,12867
2024-06-20T06:00Z,NL,13752
2024-06-20T07:00Z,NL,14390
2024-06-20T08:00Z,NL,14520
2024-06-20T09:00Z,NL,14600
2024-06-20T10:00Z,NL,14700
2024-06-20T11:00Z,NL,14592
2024-06-20T12:00Z,NL,14512
2024-06-20T13:00Z,NL,14299
2024-06-20T14:00Z,NL,14173
2024-06-20T15:00Z,NL,14068
2024-06-20T16:00Z,NL,13959
2024-06-20T17:00Z,NL,13618
2024-06-20T18:00Z,NL,13394
2024-06-20T19:00Z,NL,13043
2024-06-20T20:00Z,NL,12265
2024-06-20T21:00Z,NL,11361
2024-06-20T22:00Z,NL,10567
2024-06-20T23:00Z,NL,10129
2024-06-21T00:00Z,NL,9809
2024-06-21T01:00Z,NL,9716
2024-06-21T02:00Z,NL,9789
2024-06-21T03:00Z,NL,10360
2024-06-21T04:00Z,NL,11588
2024-06-21T05:00Z,NL,12829
2024-06-21T06:00Z,NL,13567
2024-06-21T07:00Z,NL,14106
2024-06-21T08:00Z,NL,14418
2024-06-21T09:00Z,NL,14659
2024-06-21T10:00Z,NL,14579
2024-06-21T11:00Z,NL,14511
2024-06-21T12:00Z,NL,14304
2024-06-21T13:00Z,NL,14048
2024-06-21T14:00Z,NL,14021
2024-06-21T15:00Z,NL,13893
2024-06-21T16:00Z,NL,13673
2024-06-21T17:00Z,NL,13361
2024-06-21T18:00Z,NL,13180
2024-06-21T19:00Z,NL,12770
2024-06-21T20:00Z,NL,12225
2024-06-21T21:00Z,NL,11215
2024-06-21T22:00Z,NL,9721
2024-06-21T23:00Z,NL,9508
2024-06-22T00:00Z,NL,9459
2024-06-22T01:00Z,NL,9489
2024-06-22T02:00Z,NL,9515
2024-06-22T03:00Z,NL,9782
2024-06-22T04:00Z,NL,10384
2024-06-22T05:00Z,NL,11079
2024-06-22T06:00Z,NL,11431
2024-06-22T07:00Z,NL,11705
2024-06-22T08:00Z,NL,11789
2024-06-22T09:00Z,NL,11748
2024-06-22T10:00Z,NL,11686
2024-06-22T11:00Z,NL,11669
2024-06-22T12:00Z,NL,11677
2024-06-22T13:00Z,NL,11698
2024-06-22T14:00Z,NL,11642
2024-06-22T15:00Z,NL,11490
2024-06-22T16:00Z,NL,11530
2024-06-22T17:00Z,NL,11591
2024-06-22T18:00Z,NL,11349
2024-06-22T19:00Z,NL,11129
2024-06-22T20:00Z,NL,10778
2024-06-22T21:00Z,NL,10403
2024-06-22T22:00Z,NL,8865
2024-06-22T23:00Z,NL,8718
2024-06-23T00:00Z,NL,8551
2024-06-23T01:00Z,NL,8526
2024-06-23T02:00Z,NL,8526
2024-06-23T03:00Z,NL,8744
2024-06-23T04:00Z,NL,9493
2024-06-23T05:00Z,NL,9958
2024-06-23T06:00Z,NL,10359
2024-06-23T07:00Z,NL,10583
2024-06-23T08:00Z,NL,10490
2024-06-23T09:00Z,NL,10566
2024-06-23T10:00Z,NL,10559
2024-06-23T11:00Z,NL,10601
2024-06-23T12:00Z,NL,10688
2024-06-23T13:00Z,NL,10750
2024-06-23T14:00Z,NL,10628
2024-06-23T15:00Z,NL,10566
2024-06-23T16:00Z,NL,10591
2024-06-23T17:00Z,NL,10414
2024-06-23T18:00Z,NL,10258
2024-06-23T19:00Z,NL,10045
2024-06-23T20:00Z,NL,9722
2024-06-23T21:00Z,NL,9244
2024-06-23T22:00Z,NL,10345
2024-06-23T23:00Z,NL,9994
2024-06-24T00:00Z,NL,9773
2024-06-24T01:00Z,NL,9634
2024-06-24T02:00Z,NL,9741
2024-06-24T03:00Z,NL,10497
2024-06-24T04:00Z,NL,11637
2024-06-24T05:00Z,NL,12712
2024-06-24T06:00Z,NL,13275
2024-06-24T07:00Z,NL,13817
2024-06-24T08:00Z,NL,14181
2024-06-24T09:00Z,NL,14318
2024-06-24T10:00Z,NL,14365
2024-06-24T11:00Z,NL,14250
2024-06-24T12:00Z,NL,14166
2024-06-24T13:00Z,NL,13997
2024-06-24T14:00Z,NL,13887
2024-06-24T15:00Z,NL,13752
2024-06-24T16:00Z,NL,13653
2024-06-24T17:00Z,NL,13341
2024-06-24T18:00Z,NL,13014
2024-06-24T19:00Z,NL,12747
2024-06-24T20:00Z,NL,12067
2024-06-24T21:00Z,NL,11242
2024-06-24T22:00Z,NL,10547
2024-06-24T23:00Z,NL,10244
2024-06-25T00:00Z,NL,9907
2024-06-25T01:00Z,NL,9828
2024-06-25T02:00Z,NL,9941
2024-06-25T03:00Z,NL,10557
2024-06-25T04:00Z,NL,11705
2024-06-25T05:00Z,NL,12863
2024-06-25T06:00Z,NL,13661
2024-06-25T07:00Z,NL,14223
2024-06-25T08:00Z,NL,14499
2024-06-25T09:00Z,NL,14427
2024-06-25T10:00Z,NL,14555
2024-06-25T11:00Z,NL,14373
2024-06-25T12:00Z,NL,14231
2024-06-25T13:00Z,NL,14232
2024-06-25T14:00Z,NL,14203
2024-06-25T15:00Z,NL,14143
2024-06-25T16:00Z,NL,14009
2024-06-25T17:00Z,NL,13599
2024-06-25T18:00Z,NL,13331
2024-06-25T19:00Z,NL,12971
2024-06-25T20:00Z,NL,12283
2024-06-25T21:00Z,NL,11389
2024-06-25T22:00Z,NL,10424
2024-06-25T23:00Z,NL,10053
2024-06-26T00:00Z,NL,9886
2024-06-26T01:00Z,NL,9707
2024-06-26T02:00Z,NL,9737
2024-06-26T03:00Z,NL,10292
2024-06-26T04:00Z,NL,11422
2024-06-26T05:00Z,NL,12651
2024-06-26T06:00Z,NL,13460
2024-06-26T07:00Z,NL,14045
2024-06-26T08:00Z,NL,14265
2024-06-26T09:00Z,NL,14448
2024-06-26T10:00Z,NL,14322
2024-06-26T11:00Z,NL,14269
2024-06-26T12:00Z,NL,14203
2024-06-26T13:00Z,NL,14032
2024-06-26T14:00Z,NL,13985
2024-06-26T15:00Z,NL,13877
2024-06-26T16:00Z,NL,13664
2024-06-26T17:00Z,NL,13360
2024-06-26T18:00Z,NL,13122
2024-06-26T19:00Z,NL,12626
2024-06-26T20:00Z,NL,11972
2024-06-26T21:00Z,NL,11071
2024-06-26T22:00Z,NL,10484
2024-06-26T23:00Z,NL,10027
2024-06-27T00:00Z,NL,9703
2024-06-27T01:00Z,NL,9628
2024-06-27T02:00Z,NL,9748
2024-06-27T03:00Z,NL,10429
2024-06-27T04:00Z,NL,11632
2024-06-27T05:00Z,NL,12712
2024-06-27T06:00Z,NL,13535
2024-06-27T07:00Z,NL,14027
2024-06-27T08:00Z,NL,14455
2024-06-27T09:00Z,NL,14421
2024-06-27T10:00Z,NL,14402
2024-06-27T11:00Z,NL,14212
2024-06-27T12:00Z,NL,14077
2024-06-27T13:00Z,NL,14017
2024-06-27T14:00Z,NL,13909
2024-06-27T15:00Z,NL,13836
2024-06-27T16:00Z,NL,13682
2024-06-27T17:00Z,NL,13485
2024-06-27T18:00Z,NL,13204
2024-06-27T19:00Z,NL,12894
2024-06-27T20:00Z,NL,12241
2024-06-27T21:00Z,NL,11454
2024-06-27T22:00Z,NL,10922
2024-06-27T23:00Z,NL,10466
2024-06-28T00:00Z,NL,10168
2024-06-28T01:00Z,NL,10066
2024-06-28T02:00Z,NL,10069
2024-06-28T03:00Z,NL,10728
2024-06-28T04:00Z,NL,12018
2024-06-28T05:00Z,NL,13119
2024-06-28T06:00Z,NL,13930
2024-06-28T07:00Z,NL,14364
2024-06-28T08:00Z,NL,14534
2024-06-28T09:00Z,NL,14531
2024-06-28T10:00Z,NL,14585
2024-06-28T11:00Z,NL,14464
2024-06-28T12:00Z,NL,14428
2024-06-28T13:00Z,NL,14210
2024-06-28T14:00Z,NL,14235
2024-06-28T15:00Z,NL,14095
2024-06-28T16:00Z,NL,13903
2024-06-28T17:00Z,NL,13673
2024-06-28T18:00Z,NL,13444
2024-06-28T19:00Z,NL,12984
2024-06-28T20:00Z,NL,12339
2024-06-28T21:00Z,NL,11417
2024-06-28T22:00Z,NL,10142
2024-06-28T23:00Z,NL,10054
2024-06-29T00:00Z,NL,9808
2024-06-29T01:00Z,NL,9826
2024-06-29T02:00Z,NL,9858
2024-06-29T03:00Z,NL,10221
2024-06-29T04:00Z,NL,10772
2024-06-29T05:00Z,NL,11386
2024-06-29T06:00Z,NL,11803
2024-06-29T07:00Z,NL,12085
2024-06-29T08:00Z,NL,12290
2024-06-29T09:00Z,NL,12485
2024-06-29T10:00Z,NL,12501
2024-06-29T11:00Z,NL,12323
2024-06-29T12:00Z,NL,12237
2024-06-29T13:00Z,NL,12128
2024-06-29T14:00Z,NL,12072
2024-06-29T15:00Z,NL,12015
2024-06-29T16:00Z,NL,11955
2024-06-29T17:00Z,NL,11743
2024-06-29T18:00Z,NL,11645
2024-06-29T19:00Z,NL,11365
2024-06-29T20:00Z,NL,11075
2024-06-29T21:00Z,NL,10632
2024-06-29T22:00Z,NL,9121
2024-06-29T23:00Z,NL,8874
2024-06-30T00:00Z,NL,8770
2024-06-30T01:00Z,NL,8748
2024-06-30T02:00Z,NL,8707
2024-06-30T03:00Z,NL,8979
2024-06-30T04:00Z,NL,9495
2024-06-30T05:00Z,NL,10078
2024-06-30T06:00Z,NL,10485
2024-06-30T07:00Z,NL,10825
2024-06-30T08:00Z,NL,10891
2024-06-30T09:00Z,NL,11023
2024-06-30T10:00Z,NL,10956
2024-06-30T11:00Z,NL,10949
2024-06-30T12:00Z,NL,10859
2024-06-30T13:00Z,NL,10723
2024-06-30T14:00Z,NL,10778
2024-06-30T15:00Z,NL,10738
2024-06-30T16:00Z,NL,10613
2024-06-30T17:00Z,NL,10433
2024-06-30T18:00Z,NL,10390
2024-06-30T19:00Z,NL,10261
2024-06-30T20:00Z,NL,10032
2024-06-30T21:00Z,NL,9489
2023-12-31T23:00Z,BE,6990
2024-01-01T00:00Z,BE,6791
2024-01-01T01:00Z,BE,6583
2024-01-01T02:00Z,BE,6554
2024-01-01T03:00Z,BE,6678
2024-01-01T04:00Z,BE,6988
2024-01-01T05:00Z,BE,7584
2024-01-01T06:00Z,BE,7966
2024-01-01T07:00Z,BE,8257
2024-01-01T08:00Z,BE,8431
2024-01-01T09:00Z,BE,8350
2024-01-01T10:00Z,BE,8282
2024-01-01T11:00Z,BE,8179
2024-01-01T12:00Z,BE,8201
2024-01-01T13:00Z,BE,8187
2024-01-01T14:00Z,BE,8151
2024-01-01T15:00Z,BE,8301
2024-01-01T16:00Z,BE,8531
2024-01-01T17:00Z,BE,8603
2024-01-01T18:00Z,BE,8342
2024-01-01T19:00Z,BE,8002
2024-01-01T20:00Z,BE,7729
2024-01-01T21:00Z,BE,7430
2024-01-01T22:00Z,BE,7130
2024-01-01T23:00Z,BE,7712
2024-01-02T00:00Z,BE,7435
2024-01-02T01:00Z,BE,7262
2024-01-02T02:00Z,BE,7287
2024-01-02T03:00Z,BE,7416
2024-01-02T04:00Z,BE,8117
2024-01-02T05:00Z,BE,9264
2024-01-02T06:00Z,BE,10275
2024-01-02T07:00Z,BE,10724
2024-01-02T08:00Z,BE,10881
2024-01-02T09:00Z,BE,10886
2024-01-02T10:00Z,BE,10756
2024-01-02T11:00Z,BE,10513
2024-01-02T12:00Z,BE,10419
2024-01-02T13:00Z,BE,10370
2024-01-02T14:00Z,BE,10253
2024-01-02T15:00Z,BE,10531
2024-01-02T16:00Z,BE,11151
2024-01-02T17:00Z,BE,11224
2024-01-02T18:00Z,BE,10866
2024-01-02T19:00Z,BE,10170
2024-01-02T20:00Z,BE,9587
2024-01-02T21:00Z,BE,8903
2024-01-02T22:00Z,BE,8316
2024-01-02T23:00Z,BE,8185
2024-01-03T00:00Z,BE,7834
2024-01-03T01:00Z,BE,7675
2024-01-03T02:00Z,BE,7713
2024-01-03T03:00Z,BE,7918
2024-01-03T04:00Z,BE,8679
2024-01-03T05:00Z,BE,9915
2024-01-03T06:00Z,BE,10976
2024-01-03T07:00Z,BE,11433
2024-01-03T08:00Z,BE,11476
2024-01-03T09:00Z,BE,11436
2024-01-03T10:00Z,BE,11315
2024-01-03T11:00Z,BE,11073
2024-01-03T12:00Z,BE,10939
2024-01-03T13:00Z,BE,10931
2024-01-03T14:00Z,BE,10847
2024-01-03T15:00Z,BE,11163
2024-01-03T16:00Z,BE,11821
2024-01-03T17:00Z,BE,11888
2024-01-03T18:00Z,BE,11445
2024-01-03T19:00Z,BE,10832
2024-01-03T20:00Z,BE,10218
2024-01-03T21:00Z,BE,9519
2024-01-03T22:00Z,BE,8789
2024-01-03T23:00Z,BE,8051
2024-01-04T00:00Z,BE,7747
2024-01-04T01:00Z,BE,7554
2024-01-04T02:00Z,BE,7515
2024-01-04T03:00Z,BE,7798
2024-01-04T04:00Z,BE,8527
2024-01-04T05:00Z,BE,9839
2024-01-04T06:00Z,BE,10873
2024-01-04T07:00Z,BE,11251
2024-01-04T08:00Z,BE,11312
2024-01-04T09:00Z,BE,11298
2024-01-04T10:00Z,BE,11215
2024-01-04T11:00Z,BE,10986
2024-01-04T12:00Z,BE,10921
2024-01-04T13:00Z,BE,10930
2024-01-04T14:00Z,BE,10846
2024-01-04T15:00Z,BE,11075
2024-01-04T16:00Z,BE,11699
2024-01-04T17:00Z,BE,11781
2024-01-04T18:00Z,BE,11352
2024-01-04T19:00Z,BE,10769
2024-01-04T20:00Z,BE,10109
2024-01-04T21:00Z,BE,9469
2024-01-04T22:00Z,BE,8783
2024-01-04T23:00Z,BE,8350
2024-01-05T00:00Z,BE,7950
2024-01-05T01:00Z,BE,7693
2024-01-05T02:00Z,BE,7709
2024-01-05T03:00Z,BE,7849
2024-01-05T04:00Z,BE,8554
2024-01-05T05:00Z,BE,9774
2024-01-05T06:00Z,BE,10778
2024-01-05T07:00Z,BE,11160
2024-01-05T08:00Z,BE,11289
2024-01-05T09:00Z,BE,11346
2024-01-05T10:00Z,BE,11302
2024-01-05T11:00Z,BE,11213
2024-01-05T12:00Z,BE,11092
2024-01-05T13:00Z,BE,10929
2024-01-05T14:00Z,BE,10849
2024-01-05T15:00Z,BE,11149
2024-01-05T16:00Z,BE,11761
2024-01-05T17:00Z,BE,11888
2024-01-05T18:00Z,BE,11514
2024-01-05T19:00Z,BE,10860
2024-01-05T20:00Z,BE,10265
2024-01-05T21:00Z,BE,9565
2024-01-05T22:00Z,BE,8833
2024-01-05T23:00Z,BE,7667
2024-01-06T00:00Z,BE,7542
2024-01-06T01:00Z,BE,7479
2024-01-06T02:00Z,BE,7443
2024-01-06T03:00Z,BE,7484
2024-01-06T04:00Z,BE,7870
2024-01-06T05:00Z,BE,8521
2024-01-06T06:00Z,BE,9085
2024-01-06T07:00Z,BE,9339
2024-01-06T08:00Z,BE,9439
2024-01-06T09:00Z,BE,9364
2024-01-06T10:00Z,BE,9327
2024-01-06T11:00Z,BE,9225
2024-01-06T12:00Z,BE,9140
2024-01-06T13:00Z,BE,9168
2024-01-06T14:00Z,BE,9153
2024-01-06T15:00Z,BE,9313
2024-01-06T16:00Z,BE,9780
2024-01-06T17:00Z,BE,9848
2024-01-06T18:00Z,BE,9535
2024-01-06T19:00Z,BE,9068
2024-01-06T20:00Z,BE,8678
2024-01-06T21:00Z,BE,8285
2024-01-06T22:00Z,BE,7945
2024-01-06T23:00Z,BE,6912
2024-01-07T00:00Z,BE,6736
2024-01-07T01:00Z,BE,6716
2024-01-07T02:00Z,BE,6750
2024-01-07T03:00Z,BE,6771
2024-01-07T04:00Z,BE,7086
2024-01-07T05:00Z,BE,7712
2024-01-07T06:00Z,BE,8113
2024-01-07T07:00Z,BE,8354
2024-01-07T08:00Z,BE,8448
2024-01-07T09:00Z,BE,8435
2024-01-07T10:00Z,BE,8325
2024-01-07T11:00Z,BE,8153
2024-01-07T12:00Z,BE,8002
2024-01-07T13:00Z,BE,8002
2024-01-07T14:00Z,BE,8035
2024-01-07T15:00Z,BE,8197
2024-01-07T16:00Z,BE,8456
2024-01-07T17:00Z,BE,8491
2024-01-07T18:00Z,BE,8288
2024-01-07T19:00Z,BE,8052
2024-01-07T20:00Z,BE,7841
2024-01-07T21:00Z,BE,7430
2024-01-07T22:00Z,BE,7025
2024-01-07T23:00Z,BE,7752
2024-01-08T00:00Z,BE,7497
2024-01-08T01:00Z,BE,7282
2024-01-08T02:00Z,BE,7410
2024-01-08T03:00Z,BE,7644
2024-01-08T04:00Z,BE,8282
2024-01-08T05:00Z,BE,9550
2024-01-08T06:00Z,BE,10524
2024-01-08T07:00Z,BE,10873
2024-01-08T08:00Z,BE,10944
2024-01-08T09:00Z,BE,10942
2024-01-08T10:00Z,BE,10891
2024-01-08T11:00Z,BE,10705
2024-01-08T12:00Z,BE,10694
2024-01-08T13:00Z,BE,10634
2024-01-08T14:00Z,BE,10599
2024-01-08T15:00Z,BE,10904
2024-01-08T16:00Z,BE,11470
2024-01-08T17:00Z,BE,11498
2024-01-08T18:00Z,BE,11201
2024-01-08T19:00Z,BE,10506
2024-01-08T20:00Z,BE,9895
2024-01-08T21:00Z,BE,9194
2024-01-08T22:00Z,BE,8397
2024-01-08T23:00Z,BE,7968
2024-01-09T00:00Z,BE,7783
2024-01-09T01:00Z,BE,7629
2024-01-09T02:00Z,BE,7527
2024-01-09T03:00Z,BE,7690
2024-01-09T04:00Z,BE,8417
2024-01-09T05:00Z,BE,9603
2024-01-09T06:00Z,BE,10652
2024-01-09T07:00Z,BE,11054
2024-01-09T08:00Z,BE,11192
2024-01-09T09:00Z,BE,11205
2024-01-09T10:00Z,BE,11136
2024-01-09T11:00Z,BE,10888
2024-01-09T12:00Z,BE,10830
2024-01-09T13:00Z,BE,10791
2024-01-09T14:00Z,BE,10787
2024-01-09T15:00Z,BE,11105
2024-01-09T16:00Z,BE,11719
2024-01-09T17:00Z,BE,11751
2024-01-09T18:00Z,BE,11393
2024-01-09T19:00Z,BE,10774
2024-01-09T20:00Z,BE,10151
2024-01-09T21:00Z,BE,9424
2024-01-09T22:00Z,BE,8796
2024-01-09T23:00Z,BE,8198
2024-01-10T00:00Z,BE,7840
2024-01-10T01:00Z,BE,7670
2024-01-10T02:00Z,BE,7713
2024-01-10T03:00Z,BE,7863
2024-01-10T04:00Z,BE,8515
2024-01-10T05:00Z,BE,9742
2024-01-10T06:00Z,BE,10781
2024-01-10T07:00Z,BE,11170
2024-01-10T08:00Z,BE,11322
2024-01-10T09:00Z,BE,11384
2024-01-10T10:00Z,BE,11215
2024-01-10T11:00Z,BE,11014
2024-01-10T12:00Z,BE,10865
2024-01-10T13:00Z,BE,10690
2024-01-10T14:00Z,BE,10746
2024-01-10T15:00Z,BE,11138
2024-01-10T16:00Z,BE,11822
2024-01-10T17:00Z,BE,11852
2024-01-10T18:00Z,BE,11504
2024-01-10T19:00Z,BE,10765
2024-01-10T20:00Z,BE,10195
2024-01-10T21:00Z,BE,9505
2024-01-10T22:00Z,BE,8838
2024-01-10T23:00Z,BE,8211
2024-01-11T00:00Z,BE,7921
2024-01-11T01:00Z,BE,7595
2024-01-11T02:00Z,BE,7589
2024-01-11T03:00Z,BE,7792
2024-01-11T04:00Z,BE,8457
2024-01-11T05:00Z,BE,9705
2024-01-11T06:00Z,BE,10661
2024-01-11T07:00Z,BE,11055
2024-01-11T08:00Z,BE,11175
2024-01-11T09:00Z,BE,11293
2024-01-11T10:00Z,BE,11247
2024-01-11T11:00Z,BE,11032
2024-01-11T12:00Z,BE,10895
2024-01-11T13:00Z,BE,10724
2024-01-11T14:00Z,BE,10720
2024-01-11T15:00Z,BE,11007
2024-01-11T16:00Z,BE,11531
2024-01-11T17:00Z,BE,11623
2024-01-11T18:00Z,BE,11134
2024-01-11T19:00Z,BE,10651
2024-01-11T20:00Z,BE,10135
2024-01-11T21:00Z,BE,9400
2024-01-11T22:00Z,BE,8701
2024-01-11T23:00Z,BE,8230
2024-01-12T00:00Z,BE,7944
2024-01-12T01:00Z,BE,7741
2024-01-12T02:00Z,BE,7741
2024-01-12T03:00Z,BE,8065
2024-01-12T04:00Z,BE,8787
2024-01-12T05:00Z,BE,10094
2024-01-12T06:00Z,BE,10969
2024-01-12T07:00Z,BE,11374
2024-01-12T08:00Z,BE,11394
2024-01-12T09:00Z,BE,11339
2024-01-12T10:00Z,BE,11185
2024-01-12T11:00Z,BE,11090
2024-01-12T12:00Z,BE,11033
2024-01-12T13:00Z,BE,10864
2024-01-12T14:00Z,BE,10920
2024-01-12T15:00Z,BE,11254
2024-01-12T16:00Z,BE,11877
2024-01-12T17:00Z,BE,11943
2024-01-12T18:00Z,BE,11442
2024-01-12T19:00Z,BE,10889
2024-01-12T20:00Z,BE,10315
2024-01-12T21:00Z,BE,9659
2024-01-12T22:00Z,BE,8954
2024-01-12T23:00Z,BE,8317
2024-01-13T00:00Z,BE,8042
2024-01-13T01:00Z,BE,7961
2024-01-13T02:00Z,BE,7951
2024-01-13T03:00Z,BE,8119
2024-01-13T04:00Z,BE,8539
2024-01-13T05:00Z,BE,9167
2024-01-13T06:00Z,BE,9636
2024-01-13T07:00Z,BE,9860
2024-01-13T08:00Z,BE,9974
2024-01-13T09:00Z,BE,9930
2024-01-13T10:00Z,BE,9951
2024-01-13T11:00Z,BE,9775
2024-01-13T12:00Z,BE,9656
2024-01-13T13:00Z,BE,9623
2024-01-13T14:00Z,BE,9576
2024-01-13T15:00Z,BE,9763
2024-01-13T16:00Z,BE,10116
2024-01-13T17:00Z,BE,10066
2024-01-13T18:00Z,BE,9843
2024-01-13T19:00Z,BE,9532
2024-01-13T20:00Z,BE,9335
2024-01-13T21:00Z,BE,9020
2024-01-13T22:00Z,BE,8597
2024-01-13T23:00Z,BE,7393
2024-01-14T00:00Z,BE,7291
2024-01-14T01:00Z,BE,7187
2024-01-14T02:00Z,BE,7161
2024-01-14T03:00Z,BE,7265
2024-01-14T04:00Z,BE,7544
2024-01-14T05:00Z,BE,8178
2024-01-14T06:00Z,BE,8729
2024-01-14T07:00Z,BE,8973
2024-01-14T08:00Z,BE,8984
2024-01-14T09:00Z,BE,8989
2024-01-14T10:00Z,BE,8842
2024-01-14T11:00Z,BE,8765
2024-01-14T12:00Z,BE,8713
2024-01-14T13:00Z,BE,8681
2024-01-14T14:00Z,BE,8594
2024-01-14T15:00Z,BE,8663
2024-01-14T16:00Z,BE,8933
2024-01-14T17:00Z,BE,9003
2024-01-14T18:00Z,BE,8821
2024-01-14T19:00Z,BE,8558
2024-01-14T20:00Z,BE,8267
2024-01-14T21:00Z,BE,7983
2024-01-14T22:00Z,BE,7566
2024-01-14T23:00Z,BE,8465
2024-01-15T00:00Z,BE,8150
2024-01-15T01:00Z,BE,7938
2024-01-15T02:00Z,BE,7972
2024-01-15T03:00Z,BE,8215
2024-01-15T04:00Z,BE,8868
2024-01-15T05:00Z,BE,10121
2024-01-15T06:00Z,BE,11211
2024-01-15T07:00Z,BE,11631
2024-01-15T08:00Z,BE,11698
2024-01-15T09:00Z,BE,11724
2024-01-15T10:00Z,BE,11638
2024-01-15T11:00Z,BE,11371
2024-01-15T12:00Z,BE,11230
2024-01-15T13:00Z,BE,11116
2024-01-15T14:00Z,BE,11151
2024-01-15T15:00Z,BE,11433
2024-01-15T16:00Z,BE,12012
2024-01-15T17:00Z,BE,12134
2024-01-15T18:00Z,BE,11750
2024-01-15T19:00Z,BE,11115
2024-01-15T20:00Z,BE,10444
2024-01-15T21:00Z,BE,9681
2024-01-15T22:00Z,BE,8940
2024-01-15T23:00Z,BE,8428
2024-01-16T00:00Z,BE,8147
2024-01-16T01:00Z,BE,7915
2024-01-16T02:00Z,BE,7948
2024-01-16T03:00Z,BE,8198
2024-01-16T04:00Z,BE,9021
2024-01-16T05:00Z,BE,10251
2024-01-16T06:00Z,BE,11241
2024-01-16T07:00Z,BE,11775
2024-01-16T08:00Z,BE,11930
2024-01-16T09:00Z,BE,11913
2024-01-16T10:00Z,BE,11888
2024-01-16T11:00Z,BE,11622
2024-01-16T12:00Z,BE,11546
2024-01-16T13:00Z,BE,11361
2024-01-16T14:00Z,BE,11339
2024-01-16T15:00Z,BE,11701
2024-01-16T16:00Z,BE,12277
2024-01-16T17:00Z,BE,12316
2024-01-16T18:00Z,BE,11918
2024-01-16T19:00Z,BE,11237
2024-01-16T20:00Z,BE,10644
2024-01-16T21:00Z,BE,9930
2024-01-16T22:00Z,BE,9134
2024-01-16T23:00Z,BE,8673
2024-01-17T00:00Z,BE,8326
2024-01-17T01:00Z,BE,8067
2024-01-17T02:00Z,BE,8058
2024-01-17T03:00Z,BE,8296
2024-01-17T04:00Z,BE,9071
2024-01-17T05:00Z,BE,10333
2024-01-17T06:00Z,BE,11447
2024-01-17T07:00Z,BE,11808
2024-01-17T08:00Z,BE,11890
2024-01-17T09:00Z,BE,11808
2024-01-17T10:00Z,BE,11766
2024-01-17T11:00Z,BE,11514
2024-01-17T12:00Z,BE,11386
2024-01-17T13:00Z,BE,11254
2024-01-17T14:00Z,BE,11343
2024-01-17T15:00Z,BE,11594
2024-01-17T16:00Z,BE,12272
2024-01-17T17:00Z,BE,12451
2024-01-17T18:00Z,BE,12002
2024-01-17T19:00Z,BE,11349
2024-01-17T20:00Z,BE,10670
2024-01-17T21:00Z,BE,9886
2024-01-17T22:00Z,BE,9119
2024-01-17T23:00Z,BE,8381
2024-01-18T00:00Z,BE,8109
2024-01-18T01:00Z,BE,7921
2024-01-18T02:00Z,BE,7892
2024-01-18T03:00Z,BE,8020
2024-01-18T04:00Z,BE,8777
2024-01-18T05:00Z,BE,10087
2024-01-18T06:00Z,BE,11181
2024-01-18T07:00Z,BE,11568
2024-01-18T08:00Z,BE,11667
2024-01-18T09:00Z,BE,11783
2024-01-18T10:00Z,BE,11734
2024-01-18T11:00Z,BE,11503
2024-01-18T12:00Z,BE,11371
2024-01-18T13:00Z,BE,11269
2024-01-18T14:00Z,BE,11282
2024-01-18T15:00Z,BE,11567
2024-01-18T16:00Z,BE,12194
2024-01-18T17:00Z,BE,12304
2024-01-18T18:00Z,BE,11859
2024-01-18T19:00Z,BE,11232
2024-01-18T20:00Z,BE,10540
2024-01-18T21:00Z,BE,9852
2024-01-18T22:00Z,BE,9065
2024-01-18T23:00Z,BE,8207
2024-01-19T00:00Z,BE,7875
2024-01-19T01:00Z,BE,7760
2024-01-19T02:00Z,BE,7680
2024-01-19T03:00Z,BE,7958
2024-01-19T04:00Z,BE,8682
2024-01-19T05:00Z,BE,9984
2024-01-19T06:00Z,BE,10953
2024-01-19T07:00Z,BE,11460
2024-01-19T08:00Z,BE,11551
2024-01-19T09:00Z,BE,11456
2024-01-19T10:00Z,BE,11376
2024-01-19T11:00Z,BE,11196
2024-01-19T12:00Z,BE,11019
2024-01-19T13:00Z,BE,10922
2024-01-19T14:00Z,BE,10954
2024-01-19T15:00Z,BE,11285
2024-01-19T16:00Z,BE,11975
2024-01-19T17:00Z,BE,11957
2024-01-19T18:00Z,BE,11581
2024-01-19T19:00Z,BE,10967
2024-01-19T20:00Z,BE,10387
2024-01-19T21:00Z,BE,9698
2024-01-19T22:00Z,BE,8965
2024-01-19T23:00Z,BE,7992
2024-01-20T00:00Z,BE,7799
2024-01-20T01:00Z,BE,7696
2024-01-20T02:00Z,BE,7661
2024-01-20T03:00Z,BE,7764
2024-01-20T04:00Z,BE,8226
2024-01-20T05:00Z,BE,8825
2024-01-20T06:00Z,BE,9331
2024-01-20T07:00Z,BE,9630
2024-01-20T08:00Z,BE,9761
2024-01-20T09:00Z,BE,9717
2024-01-20T10:00Z,BE,9705
2024-01-20T11:00Z,BE,9603
2024-01-20T12:00Z,BE,9503
2024-01-20T13:00Z,BE,9431
2024-01-20T14:00Z,BE,9448
2024-01-20T15:00Z,BE,9647
2024-01-20T16:00Z,BE,10092
2024-01-20T17:00Z,BE,10178
2024-01-20T18:00Z,BE,9916
2024-01-20T19:00Z,BE,9563
2024-01-20T20:00Z,BE,9243
2024-01-20T21:00Z,BE,8855
2024-01-20T22:00Z,BE,8431
2024-01-20T23:00Z,BE,7356
2024-01-21T00:00Z,BE,7172
2024-01-21T01:00Z,BE,7063
2024-01-21T02:00Z,BE,7157
2024-01-21T03:00Z,BE,7206
2024-01-21T04:00Z,BE,7538
2024-01-21T05:00Z,BE,8061
2024-01-21T06:00Z,BE,8603
2024-01-21T07:00Z,BE,8837
2024-01-21T08:00Z,BE,8946
2024-01-21T09:00Z,BE,8824
2024-01-21T10:00Z,BE,8752
2024-01-21T11:00Z,BE,8689
2024-01-21T12:00Z,BE,8639
2024-01-21T13:00Z,BE,8598
2024-01-21T14:00Z,BE,8592
2024-01-21T15:00Z,BE,8710
2024-01-21T16:00Z,BE,8986
2024-01-21T17:00Z,BE,8959
2024-01-21T18:00Z,BE,8836
2024-01-21T19:00Z,BE,8507
2024-01-21T20:00Z,BE,8170
2024-01-21T21:00Z,BE,7934
2024-01-21T22:00Z,BE,7668
2024-01-21T23:00Z,BE,8066
2024-01-22T00:00Z,BE,7792
2024-01-22T01:00Z,BE,7546
2024-01-22T02:00Z,BE,7596
2024-01-22T03:00Z,BE,7754
2024-01-22T04:00Z,BE,8489
2024-01-22T05:00Z,BE,9671
2024-01-22T06:00Z,BE,10638
2024-01-22T07:00Z,BE,11002
2024-01-22T08:00Z,BE,11148
2024-01-22T09:00Z,BE,11136
2024-01-22T10:00Z,BE,11025
2024-01-22T11:00Z,BE,10892
2024-01-22T12:00Z,BE,10826
2024-01-22T13:00Z,BE,10735
2024-01-22T14:00Z,BE,10712
2024-01-22T15:00Z,BE,11023
2024-01-22T16:00Z,BE,11587
2024-01-22T17:00Z,BE,11708
2024-01-22T18:00Z,BE,11353
2024-01-22T19:00Z,BE,10743
2024-01-22T20:00Z,BE,10198
2024-01-22T21:00Z,BE,9447
2024-01-22T22:00Z,BE,8788
2024-01-22T23:00Z,BE,8046
2024-01-23T00:00Z,BE,7647
2024-01-23T01:00Z,BE,7355
2024-01-23T02:00Z,BE,7360
2024-01-23T03:00Z,BE,7568
2024-01-23T04:00Z,BE,8230
2024-01-23T05:00Z,BE,9407
2024-01-23T06:00Z,BE,10457
2024-01-23T07:00Z,BE,10844
2024-01-23T08:00Z,BE,10882
2024-01-23T09:00Z,BE,10881
2024-01-23T10:00Z,BE,10794
2024-01-23T11:00Z,BE,10597
2024-01-23T12:00Z,BE,10548
2024-01-23T13:00Z,BE,10427
2024-01-23T14:00Z,BE,10447
2024-01-23T15:00Z,BE,10788
2024-01-23T16:00Z,BE,11316
2024-01-23T17:00Z,BE,11500
2024-01-23T18:00Z,BE,11082
2024-01-23T19:00Z,BE,10501
2024-01-23T20:00Z,BE,9766
2024-01-23T21:00Z,BE,9159
2024-01-23T22:00Z,BE,8487
2024-01-23T23:00Z,BE,7723
2024-01-24T00:00Z,BE,7482
2024-01-24T01:00Z,BE,7300
2024-01-24T02:00Z,BE,7261
2024-01-24T03:00Z,BE,7429
2024-01-24T04:00Z,BE,8162
2024-01-24T05:00Z,BE,9319
2024-01-24T06:00Z,BE,10328
2024-01-24T07:00Z,BE,10715
2024-01-24T08:00Z,BE,10738
2024-01-24T09:00Z,BE,10773
2024-01-24T10:00Z,BE,10710
2024-01-24T11:00Z,BE,10557
2024-01-24T12:00Z,BE,10411
2024-01-24T13:00Z,BE,10258
2024-01-24T14:00Z,BE,10251
2024-01-24T15:00Z,BE,10533
2024-01-24T16:00Z,BE,11100
2024-01-24T17:00Z,BE,11135
2024-01-24T18:00Z,BE,10852
2024-01-24T19:00Z,BE,10312
2024-01-24T20:00Z,BE,9730
2024-01-24T21:00Z,BE,9022
2024-01-24T22:00Z,BE,8411
2024-01-24T23:00Z,BE,7840
2024-01-25T00:00Z,BE,7585
2024-01-25T01:00Z,BE,7317
2024-01-25T02:00Z,BE,7312
2024-01-25T03:00Z,BE,7528
2024-01-25T04:00Z,BE,8111
2024-01-25T05:00Z,BE,9212
2024-01-25T06:00Z,BE,10224
2024-01-25T07:00Z,BE,10544
2024-01-25T08:00Z,BE,10653
2024-01-25T09:00Z,BE,10613
2024-01-25T10:00Z,BE,10491
2024-01-25T11:00Z,BE,10357
2024-01-25T12:00Z,BE,10263
2024-01-25T13:00Z,BE,10240
2024-01-25T14:00Z,BE,10207
2024-01-25T15:00Z,BE,10447
2024-01-25T16:00Z,BE,11071
2024-01-25T17:00Z,BE,11197
2024-01-25T18:00Z,BE,10751
2024-01-25T19:00Z,BE,10251
2024-01-25T20:00Z,BE,9596
2024-01-25T21:00Z,BE,8964
2024-01-25T22:00Z,BE,8334
2024-01-25T23:00Z,BE,7724
2024-01-26T00:00Z,BE,7534
2024-01-26T01:00Z,BE,7332
2024-01-26T02:00Z,BE,7383
2024-01-26T03:00Z,BE,7485
2024-01-26T04:00Z,BE,8198
2024-01-26T05:00Z,BE,9371
2024-01-26T06:00Z,BE,10320
2024-01-26T07:00Z,BE,10556
2024-01-26T08:00Z,BE,10660
2024-01-26T09:00Z,BE,10652
2024-01-26T10:00Z,BE,10524
2024-01-26T11:00Z,BE,10320
2024-01-26T12:00Z,BE,10319
2024-01-26T13:00Z,BE,10202
2024-01-26T14:00Z,BE,10293
2024-01-26T15:00Z,BE,10589
2024-01-26T16:00Z,BE,11132
2024-01-26T17:00Z,BE,11243
2024-01-26T18:00Z,BE,10817
2024-01-26T19:00Z,BE,10203
2024-01-26T20:00Z,BE,9607
2024-01-26T21:00Z,BE,8949
2024-01-26T22:00Z,BE,8284
2024-01-26T23:00Z,BE,7491
2024-01-27T00:00Z,BE,7346
2024-01-27T01:00Z,BE,7209
2024-01-27T02:00Z,BE,7185
2024-01-27T03:00Z,BE,7298
2024-01-27T04:00Z,BE,7689
2024-01-27T05:00Z,BE,8324
2024-01-27T06:00Z,BE,8734
2024-01-27T07:00Z,BE,8929
2024-01-27T08:00Z,BE,9036
2024-01-27T09:00Z,BE,9123
2024-01-27T10:00Z,BE,9068
2024-01-27T11:00Z,BE,8878
2024-01-27T12:00Z,BE,8779
2024-01-27T13:00Z,BE,8774
2024-01-27T14:00Z,BE,8750
2024-01-27T15:00Z,BE,8932
2024-01-27T16:00Z,BE,9277
2024-01-27T17:00Z,BE,9373
2024-01-27T18:00Z,BE,9067
2024-01-27T19:00Z,BE,8805
2024-01-27T20:00Z,BE,8500
2024-01-27T21:00Z,BE,8150
2024-01-27T22:00Z,BE,7815
2024-01-27T23:00Z,BE,6729
2024-01-28T00:00Z,BE,6651
2024-01-28T01:00Z,BE,6537
2024-01-28T02:00Z,BE,6480
2024-01-28T03:00Z,BE,6577
2024-01-28T04:00Z,BE,6922
2024-01-28T05:00Z,BE,7527
2024-01-28T06:00Z,BE,7894
2024-01-28T07:00Z,BE,8116
2024-01-28T08:00Z,BE,8167
2024-01-28T09:00Z,BE,8187
2024-01-28T10:00Z,BE,8203
2024-01-28T11:00Z,BE,8067
2024-01-28T12:00Z,BE,8029
2024-01-28T13:00Z,BE,7966
2024-01-28T14:00Z,BE,8000
2024-01-28T15:00Z,BE,8210
2024-01-28T16:00Z,BE,8484
2024-01-28T17:00Z,BE,8510
2024-01-28T18:00Z,BE,8244
2024-01-28T19:00Z,BE,7976
2024-01-28T20:00Z,BE,7711
2024-01-28T21:00Z,BE,7373
2024-01-28T22:00Z,BE,7029
2024-01-28T23:00Z,BE,7823
2024-01-29T00:00Z,BE,7532
2024-01-29T01:00Z,BE,7274
2024-01-29T02:00Z,BE,7322
2024-01-29T03:00Z,BE,7550
2024-01-29T04:00Z,BE,8216
2024-01-29T05:00Z,BE,9229
2024-01-29T06:00Z,BE,10217
2024-01-29T07:00Z,BE,10687
2024-01-29T08:00Z,BE,10737
2024-01-29T09:00Z,BE,10923
2024-01-29T10:00Z,BE,10941
2024-01-29T11:00Z,BE,10662
2024-01-29T12:00Z,BE,10523
2024-01-29T13:00Z,BE,10398
2024-01-29T14:00Z,BE,10371
2024-01-29T15:00Z,BE,10642
2024-01-29T16:00Z,BE,11178
2024-01-29T17:00Z,BE,11278
2024-01-29T18:00Z,BE,10900
2024-01-29T19:00Z,BE,10210
2024-01-29T20:00Z,BE,9614
2024-01-29T21:00Z,BE,8919
2024-01-29T22:00Z,BE,8255
2024-01-29T23:00Z,BE,7825
2024-01-30T00:00Z,BE,7572
2024-01-30T01:00Z,BE,7404
2024-01-30T02:00Z,BE,7385
2024-01-30T03:00Z,BE,7490
2024-01-30T04:00Z,BE,8211
2024-01-30T05:00Z,BE,9489
2024-01-30T06:00Z,BE,10425
2024-01-30T07:00Z,BE,10869
2024-01-30T08:00Z,BE,11056
2024-01-30T09:00Z,BE,11063
2024-01-30T10:00Z,BE,10938
2024-01-30T11:00Z,BE,10745
2024-01-30T12:00Z,BE,10654
2024-01-30T13:00Z,BE,10604
2024-01-30T14:00Z,BE,10605
2024-01-30T15:00Z,BE,10800
2024-01-30T16:00Z,BE,11419
2024-01-30T17:00Z,BE,11578
2024-01-30T18:00Z,BE,11264
2024-01-30T19:00Z,BE,10634
2024-01-30T20:00Z,BE,10073
2024-01-30T21:00Z,BE,9296
2024-01-30T22:00Z,BE,8551
2024-01-30T23:00Z,BE,8028
2024-01-31T00:00Z,BE,7733
2024-01-31T01:00Z,BE,7525
2024-01-31T02:00Z,BE,7483
2024-01-31T03:00Z,BE,7612
2024-01-31T04:00Z,BE,8313
2024-01-31T05:00Z,BE,9481
2024-01-31T06:00Z,BE,10412
2024-01-31T07:00Z,BE,10924
2024-01-31T08:00Z,BE,10995
2024-01-31T09:00Z,BE,11017
2024-01-31T10:00Z,BE,10920
2024-01-31T11:00Z,BE,10695
2024-01-31T12:00Z,BE,10676
2024-01-31T13:00Z,BE,10639
2024-01-31T14:00Z,BE,10595
2024-01-31T15:00Z,BE,10906
2024-01-31T16:00Z,BE,11569
2024-01-31T17:00Z,BE,11694
2024-01-31T18:00Z,BE,11245
2024-01-31T19:00Z,BE,10574
2024-01-31T20:00Z,BE,10022
2024-01-31T21:00Z,BE,9352
2024-01-31T22:00Z,BE,8701
2024-01-31T23:00Z,BE,8059
2024-02-01T00:00Z,BE,7745
2024-02-01T01:00Z,BE,7598
2024-02-01T02:00Z,BE,7591
2024-02-01T03:00Z,BE,7738
2024-02-01T04:00Z,BE,8484
2024-02-01T05:00Z,BE,9680
2024-02-01T06:00Z,BE,10687
2024-02-01T07:00Z,BE,11110
2024-02-01T08:00Z,BE,11242
2024-02-01T09:00Z,BE,11280
2024-02-01T10:00Z,BE,11218
2024-02-01T11:00Z,BE,11005
2024-02-01T12:00Z,BE,10922
2024-02-01T13:00Z,BE,10817
2024-02-01T14:00Z,BE,10748
2024-02-01T15:00Z,BE,11074
2024-02-01T16:00Z,BE,11651
2024-02-01T17:00Z,BE,11767
2024-02-01T18:00Z,BE,11345
2024-02-01T19:00Z,BE,10743
2024-02-01T20:00Z,BE,10125
2024-02-01T21:00Z,BE,9265
2024-02-01T22:00Z,BE,8499
2024-02-01T23:00Z,BE,7924
2024-02-02T00:00Z,BE,7649
2024-02-02T01:00Z,BE,7501
2024-02-02T02:00Z,BE,7547
2024-02-02T03:00Z,BE,7798
2024-02-02T04:00Z,BE,8493
2024-02-02T05:00Z,BE,9776
2024-02-02T06:00Z,BE,10825
2024-02-02T07:00Z,BE,11273
2024-02-02T08:00Z,BE,11393
2024-02-02T09:00Z,BE,11300
2024-02-02T10:00Z,BE,11253
2024-02-02T11:00Z,BE,11024
2024-02-02T12:00Z,BE,10947
2024-02-02T13:00Z,BE,10762
2024-02-02T14:00Z,BE,10776
2024-02-02T15:00Z,BE,11104
2024-02-02T16:00Z,BE,11743
2024-02-02T17:00Z,BE,11785
2024-02-02T18:00Z,BE,11431
2024-02-02T19:00Z,BE,10776
2024-02-02T20:00Z,BE,10124
2024-02-02T21:00Z,BE,9453
2024-02-02T22:00Z,BE,8787
2024-02-02T23:00Z,BE,7865
2024-02-03T00:00Z,BE,7716
2024-02-03T01:00Z,BE,7531
2024-02-03T02:00Z,BE,7547
2024-02-03T03:00Z,BE,7682
2024-02-03T04:00Z,BE,7954
2024-02-03T05:00Z,BE,8514
2024-02-03T06:00Z,BE,9038
2024-02-03T07:00Z,BE,9330
2024-02-03T08:00Z,BE,9363
2024-02-03T09:00Z,BE,9384
2024-02-03T10:00Z,BE,9306
2024-02-03T11:00Z,BE,9205
2024-02-03T12:00Z,BE,9238
2024-02-03T13:00Z,BE,9198
2024-02-03T14:00Z,BE,9158
2024-02-03T15:00Z,BE,9335
2024-02-03T16:00Z,BE,9594
2024-02-03T17:00Z,BE,9581
2024-02-03T18:00Z,BE,9392
2024-02-03T19:00Z,BE,9165
2024-02-03T20:00Z,BE,8813
2024-02-03T21:00Z,BE,8375
2024-02-03T22:00Z,BE,8040
2024-02-03T23:00Z,BE,7488
2024-02-04T00:00Z,BE,7325
2024-02-04T01:00Z,BE,7259
2024-02-04T02:00Z,BE,7294
2024-02-04T03:00Z,BE,7380
2024-02-04T04:00Z,BE,7708
2024-02-04T05:00Z,BE,8268
2024-02-04T06:00Z,BE,8716
2024-02-04T07:00Z,BE,8926
2024-02-04T08:00Z,BE,9066
2024-02-04T09:00Z,BE,9154
2024-02-04T10:00Z,BE,9013
2024-02-04T11:00Z,BE,8912
2024-02-04T12:00Z,BE,8853
2024-02-04T13:00Z,BE,8824
2024-02-04T14:00Z,BE,8862
2024-02-04T15:00Z,BE,9053
2024-02-04T16:00Z,BE,9237
2024-02-04T17:00Z,BE,9314
2024-02-04T18:00Z,BE,9053
2024-02-04T19:00Z,BE,8824
2024-02-04T20:00Z,BE,8573
2024-02-04T21:00Z,BE,8161
2024-02-04T22:00Z,BE,7822
2024-02-04T23:00Z,BE,8711
2024-02-05T00:00Z,BE,8326
2024-02-05T01:00Z,BE,8197
2024-02-05T02:00Z,BE,8163
2024-02-05T03:00Z,BE,8322
2024-02-05T04:00Z,BE,9072
2024-02-05T05:00Z,BE,10374
2024-02-05T06:00Z,BE,11528
2024-02-05T07:00Z,BE,11936
2024-02-05T08:00Z,BE,12024
2024-02-05T09:00Z,BE,12063
2024-02-05T10:00Z,BE,11952
2024-02-05T11:00Z,BE,11866
2024-02-05T12:00Z,BE,11780
2024-02-05T13:00Z,BE,11626
2024-02-05T14:00Z,BE,11710
2024-02-05T15:00Z,BE,11977
2024-02-05T16:00Z,BE,12590
2024-02-05T17:00Z,BE,12740
2024-02-05T18:00Z,BE,12286
2024-02-05T19:00Z,BE,11614
2024-02-05T20:00Z,BE,10863
2024-02-05T21:00Z,BE,10085
2024-02-05T22:00Z,BE,9294
2024-02-05T23:00Z,BE,8666
2024-02-06T00:00Z,BE,8464
2024-02-06T01:00Z,BE,8232
2024-02-06T02:00Z,BE,8152
2024-02-06T03:00Z,BE,8295
2024-02-06T04:00Z,BE,9008
2024-02-06T05:00Z,BE,10316
2024-02-06T06:00Z,BE,11464
2024-02-06T07:00Z,BE,11856
2024-02-06T08:00Z,BE,12076
2024-02-06T09:00Z,BE,11988
2024-02-06T10:00Z,BE,11934
2024-02-06T11:00Z,BE,11801
2024-02-06T12:00Z,BE,11646
2024-02-06T13:00Z,BE,11621
2024-02-06T14:00Z,BE,11551
2024-02-06T15:00Z,BE,11829
2024-02-06T16:00Z,BE,12529
2024-02-06T17:00Z,BE,12570
2024-02-06T18:00Z,BE,12185
2024-02-06T19:00Z,BE,11628
2024-02-06T20:00Z,BE,10965
2024-02-06T21:00Z,BE,10155
2024-02-06T22:00Z,BE,9446
2024-02-06T23:00Z,BE,8780
2024-02-07T00:00Z,BE,8493
2024-02-07T01:00Z,BE,8182
2024-02-07T02:00Z,BE,8154
2024-02-07T03:00Z,BE,8403
2024-02-07T04:00Z,BE,9202
2024-02-07T05:00Z,BE,10555
2024-02-07T06:00Z,BE,11671
2024-02-07T07:00Z,BE,12063
2024-02-07T08:00Z,BE,12167
2024-02-07T09:00Z,BE,12104
2024-02-07T10:00Z,BE,12032
2024-02-07T11:00Z,BE,11824
2024-02-07T12:00Z,BE,11689
2024-02-07T13:00Z,BE,11604
2024-02-07T14:00Z,BE,11653
2024-02-07T15:00Z,BE,11928
2024-02-07T16:00Z,BE,12529
2024-02-07T17:00Z,BE,12702
2024-02-07T18:00Z,BE,12271
2024-02-07T19:00Z,BE,11669
2024-02-07T20:00Z,BE,10990
2024-02-07T21:00Z,BE,10330
2024-02-07T22:00Z,BE,9524
2024-02-07T23:00Z,BE,8710
2024-02-08T00:00Z,BE,8358
2024-02-08T01:00Z,BE,8120
2024-02-08T02:00Z,BE,8150
2024-02-08T03:00Z,BE,8458
2024-02-08T04:00Z,BE,9224
2024-02-08T05:00Z,BE,10456
2024-02-08T06:00Z,BE,11470
2024-02-08T07:00Z,BE,11903
2024-02-08T08:00Z,BE,11971
2024-02-08T09:00Z,BE,11847
2024-02-08T10:00Z,BE,11688
2024-02-08T11:00Z,BE,11525
2024-02-08T12:00Z,BE,11477
2024-02-08T13:00Z,BE,11476
2024-02-08T14:00Z,BE,11451
2024-02-08T15:00Z,BE,11696
2024-02-08T16:00Z,BE,12354
2024-02-08T17:00Z,BE,12333
2024-02-08T18:00Z,BE,11924
2024-02-08T19:00Z,BE,11258
2024-02-08T20:00Z,BE,10755
2024-02-08T21:00Z,BE,9977
2024-02-08T22:00Z,BE,9291
2024-02-08T23:00Z,BE,8627
2024-02-09T00:00Z,BE,8257
2024-02-09T01:00Z,BE,7981
2024-02-09T02:00Z,BE,7934
2024-02-09T03:00Z,BE,8168
2024-02-09T04:00Z,BE,8836
2024-02-09T05:00Z,BE,10103
2024-02-09T06:00Z,BE,11149
2024-02-09T07:00Z,BE,11638
2024-02-09T08:00Z,BE,11762
2024-02-09T09:00Z,BE,11855
2024-02-09T10:00Z,BE,11810
2024-02-09T11:00Z,BE,11602
2024-02-09T12:00Z,BE,11419
2024-02-09T13:00Z,BE,11424
2024-02-09T14:00Z,BE,11455
2024-02-09T15:00Z,BE,11795
2024-02-09T16:00Z,BE,12292
2024-02-09T17:00Z,BE,12338
2024-02-09T18:00Z,BE,11986
2024-02-09T19:00Z,BE,11386
2024-02-09T20:00Z,BE,10691
2024-02-09T21:00Z,BE,9947
2024-02-09T22:00Z,BE,9205
2024-02-09T23:00Z,BE,8075
2024-02-10T00:00Z,BE,7898
2024-02-10T01:00Z,BE,7822
2024-02-10T02:00Z,BE,7785
2024-02-10T03:00Z,BE,7867
2024-02-10T04:00Z,BE,8236
2024-02-10T05:00Z,BE,8892
2024-02-10T06:00Z,BE,9362
2024-02-10T07:00Z,BE,9603
2024-02-10T08:00Z,BE,9659
2024-02-10T09:00Z,BE,9614
2024-02-10T10:00Z,BE,9499
2024-02-10T11:00Z,BE,9519
2024-02-10T12:00Z,BE,9483
2024-02-10T13:00Z,BE,9442
2024-02-10T14:00Z,BE,9397
2024-02-10T15:00Z,BE,9537
2024-02-10T16:00Z,BE,9859
2024-02-10T17:00Z,BE,9935
2024-02-10T18:00Z,BE,9751
2024-02-10T19:00Z,BE,9478
2024-02-10T20:00Z,BE,9134
2024-02-10T21:00Z,BE,8782
2024-02-10T22:00Z,BE,8363
2024-02-10T23:00Z,BE,7246
2024-02-11T00:00Z,BE,7044
2024-02-11T01:00Z,BE,7011
2024-02-11T02:00Z,BE,7015
2024-02-11T03:00Z,BE,7205
2024-02-11T04:00Z,BE,7551
2024-02-11T05:00Z,BE,8169
2024-02-11T06:00Z,BE,8600
2024-02-11T07:00Z,BE,8823
2024-02-11T08:00Z,BE,8767
2024-02-11T09:00Z,BE,8768
2024-02-11T10:00Z,BE,8687
2024-02-11T11:00Z,BE,8609
2024-02-11T12:00Z,BE,8606
2024-02-11T13:00Z,BE,8582
2024-02-11T14:00Z,BE,8561
2024-02-11T15:00Z,BE,8664
2024-02-11T16:00Z,BE,8935
2024-02-11T17:00Z,BE,8955
2024-02-11T18:00Z,BE,8771
2024-02-11T19:00Z,BE,8530
2024-02-11T20:00Z,BE,8191
2024-02-11T21:00Z,BE,7935
2024-02-11T22:00Z,BE,7613
2024-02-11T23:00Z,BE,8306
2024-02-12T00:00Z,BE,8003
2024-02-12T01:00Z,BE,7728
2024-02-12T02:00Z,BE,7744
2024-02-12T03:00Z,BE,7882
2024-02-12T04:00Z,BE,8637
2024-02-12T05:00Z,BE,9919
2024-02-12T06:00Z,BE,10924
2024-02-12T07:00Z,BE,11216
2024-02-12T08:00Z,BE,11389
2024-02-12T09:00Z,BE,11359
2024-02-12T10:00Z,BE,11265
2024-02-12T11:00Z,BE,11087
2024-02-12T12:00Z,BE,11069
2024-02-12T13:00Z,BE,10902
2024-02-12T14:00Z,BE,10882
2024-02-12T15:00Z,BE,11186
2024-02-12T16:00Z,BE,11771
2024-02-12T17:00Z,BE,11779
2024-02-12T18:00Z,BE,11423
2024-02-12T19:00Z,BE,10800
2024-02-12T20:00Z,BE,10225
2024-02-12T21:00Z,BE,9506
2024-02-12T22:00Z,BE,8762
2024-02-12T23:00Z,BE,8178
2024-02-13T00:00Z,BE,7856
2024-02-13T01:00Z,BE,7724
2024-02-13T02:00Z,BE,7647
2024-02-13T03:00Z,BE,7908
2024-02-13T04:00Z,BE,8634
2024-02-13T05:00Z,BE,9813
2024-02-13T06:00Z,BE,10856
2024-02-13T07:00Z,BE,11287
2024-02-13T08:00Z,BE,11446
2024-02-13T09:00Z,BE,11568
2024-02-13T10:00Z,BE,11436
2024-02-13T11:00Z,BE,11220
2024-02-13T12:00Z,BE,11165
2024-02-13T13:00Z,BE,11099
2024-02-13T14:00Z,BE,11046
2024-02-13T15:00Z,BE,11346
2024-02-13T16:00Z,BE,11930
2024-02-13T17:00Z,BE,12142
2024-02-13T18:00Z,BE,11687
2024-02-13T19:00Z,BE,11058
2024-02-13T20:00Z,BE,10430
2024-02-13T21:00Z,BE,9672
2024-02-13T22:00Z,BE,8975
2024-02-13T23:00Z,BE,8213
2024-02-14T00:00Z,BE,7857
2024-02-14T01:00Z,BE,7720
2024-02-14T02:00Z,BE,7785
2024-02-14T03:00Z,BE,8002
2024-02-14T04:00Z,BE,8649
2024-02-14T05:00Z,BE,9803
2024-02-14T06:00Z,BE,10819
2024-02-14T07:00Z,BE,11244
2024-02-14T08:00Z,BE,11290
2024-02-14T09:00Z,BE,11294
2024-02-14T10:00Z,BE,11225
2024-02-14T11:00Z,BE,10983
2024-02-14T12:00Z,BE,10917
2024-02-14T13:00Z,BE,10889
2024-02-14T14:00Z,BE,10787
2024-02-14T15:00Z,BE,11092
2024-02-14T16:00Z,BE,11639
2024-02-14T17:00Z,BE,11770
2024-02-14T18:00Z,BE,11399
2024-02-14T19:00Z,BE,10785
2024-02-14T20:00Z,BE,10259
2024-02-14T21:00Z,BE,9573
2024-02-14T22:00Z,BE,8812
2024-02-14T23:00Z,BE,8262
2024-02-15T00:00Z,BE,7849
2024-02-15T01:00Z,BE,7713
2024-02-15T02:00Z,BE,7722
2024-02-15T03:00Z,BE,7788
2024-02-15T04:00Z,BE,8534
2024-02-15T05:00Z,BE,9811
2024-02-15T06:00Z,BE,10876
2024-02-15T07:00Z,BE,11299
2024-02-15T08:00Z,BE,11375
2024-02-15T09:00Z,BE,11491
2024-02-15T10:00Z,BE,11471
2024-02-15T11:00Z,BE,11306
2024-02-15T12:00Z,BE,11090
2024-02-15T13:00Z,BE,10930
2024-02-15T14:00Z,BE,10953
2024-02-15T15:00Z,BE,11126
2024-02-15T16:00Z,BE,11709
2024-02-15T17:00Z,BE,11839
2024-02-15T18:00Z,BE,11315
2024-02-15T19:00Z,BE,10864
2024-02-15T20:00Z,BE,10277
2024-02-15T21:00Z,BE,9527
2024-02-15T22:00Z,BE,8815
2024-02-15T23:00Z,BE,8405
2024-02-16T00:00Z,BE,8065
2024-02-16T01:00Z,BE,7882
2024-02-16T02:00Z,BE,7847
2024-02-16T03:00Z,BE,8056
2024-02-16T04:00Z,BE,8729
2024-02-16T05:00Z,BE,9848
2024-02-16T06:00Z,BE,10958
2024-02-16T07:00Z,BE,11335
2024-02-16T08:00Z,BE,11477
2024-02-16T09:00Z,BE,11470
2024-02-16T10:00Z,BE,11361
2024-02-16T11:00Z,BE,11114
2024-02-16T12:00Z,BE,11029
2024-02-16T13:00Z,BE,10992
2024-02-16T14:00Z,BE,10987
2024-02-16T15:00Z,BE,11202
2024-02-16T16:00Z,BE,11748
2024-02-16T17:00Z,BE,11862
2024-02-16T18:00Z,BE,11466
2024-02-16T19:00Z,BE,11018
2024-02-16T20:00Z,BE,10481
2024-02-16T21:00Z,BE,9755
2024-02-16T22:00Z,BE,9007
2024-02-16T23:00Z,BE,8027
2024-02-17T00:00Z,BE,7796
2024-02-17T01:00Z,BE,7607
2024-02-17T02:00Z,BE,7504
2024-02-17T03:00Z,BE,7758
2024-02-17T04:00Z,BE,8043
2024-02-17T05:00Z,BE,8650
2024-02-17T06:00Z,BE,9161
2024-02-17T07:00Z,BE,9454
2024-02-17T08:00Z,BE,9572
2024-02-17T09:00Z,BE,9586
2024-02-17T10:00Z,BE,9523
2024-02-17T11:00Z,BE,9439
2024-02-17T12:00Z,BE,9339
2024-02-17T13:00Z,BE,9231
2024-02-17T14:00Z,BE,9180
2024-02-17T15:00Z,BE,9354
2024-02-17T16:00Z,BE,9606
2024-02-17T17:00Z,BE,9688
2024-02-17T18:00Z,BE,9482
2024-02-17T19:00Z,BE,9207
2024-02-17T20:00Z,BE,8876
2024-02-17T21:00Z,BE,8557
2024-02-17T22:00Z,BE,8286
2024-02-17T23:00Z,BE,7188
2024-02-18T00:00Z,BE,6961
2024-02-18T01:00Z,BE,6896
2024-02-18T02:00Z,BE,6920
2024-02-18T03:00Z,BE,6940
2024-02-18T04:00Z,BE,7305
2024-02-18T05:00Z,BE,7911
2024-02-18T06:00Z,BE,8468
2024-02-18T07:00Z,BE,8670
2024-02-18T08:00Z,BE,8702
2024-02-18T09:00Z,BE,8572
2024-02-18T10:00Z,BE,8562
2024-02-18T11:00Z,BE,8524
2024-02-18T12:00Z,BE,8451
2024-02-18T13:00Z,BE,8431
2024-02-18T14:00Z,BE,8395
2024-02-18T15:00Z,BE,8596
2024-02-18T16:00Z,BE,8866
2024-02-18T17:00Z,BE,9020
2024-02-18T18:00Z,BE,8800
2024-02-18T19:00Z,BE,8503
2024-02-18T20:00Z,BE,8219
2024-02-18T21:00Z,BE,7846
2024-02-18T22:00Z,BE,7492
2024-02-18T23:00Z,BE,7823
2024-02-19T00:00Z,BE,7506
2024-02-19T01:00Z,BE,7276
2024-02-19T02:00Z,BE,7257
2024-02-19T03:00Z,BE,7429
2024-02-19T04:00Z,BE,8130
2024-02-19T05:00Z,BE,9314
2024-02-19T06:00Z,BE,10294
2024-02-19T07:00Z,BE,10627
2024-02-19T08:00Z,BE,10760
2024-02-19T09:00Z,BE,10812
2024-02-19T10:00Z,BE,10699
2024-02-19T11:00Z,BE,10547
2024-02-19T12:00Z,BE,10440
2024-02-19T13:00Z,BE,10312
2024-02-19T14:00Z,BE,10315
2024-02-19T15:00Z,BE,10526
2024-02-19T16:00Z,BE,11114
2024-02-19T17:00Z,BE,11223
2024-02-19T18:00Z,BE,10816
2024-02-19T19:00Z,BE,10205
2024-02-19T20:00Z,BE,9734
2024-02-19T21:00Z,BE,9084
2024-02-19T22:00Z,BE,8366
2024-02-19T23:00Z,BE,8080
2024-02-20T00:00Z,BE,7751
2024-02-20T01:00Z,BE,7579
2024-02-20T02:00Z,BE,7571
2024-02-20T03:00Z,BE,7729
2024-02-20T04:00Z,BE,8423
2024-02-20T05:00Z,BE,9526
2024-02-20T06:00Z,BE,10470
2024-02-20T07:00Z,BE,10824
2024-02-20T08:00Z,BE,11010
2024-02-20T09:00Z,BE,11091
2024-02-20T10:00Z,BE,10987
2024-02-20T11:00Z,BE,10776
2024-02-20T12:00Z,BE,10663
2024-02-20T13:00Z,BE,10591
2024-02-20T14:00Z,BE,10433
2024-02-20T15:00Z,BE,10796
2024-02-20T16:00Z,BE,11249
2024-02-20T17:00Z,BE,11384
2024-02-20T18:00Z,BE,10931
2024-02-20T19:00Z,BE,10368
2024-02-20T20:00Z,BE,9920
2024-02-20T21:00Z,BE,9322
2024-02-20T22:00Z,BE,8681
2024-02-20T23:00Z,BE,8272
2024-02-21T00:00Z,BE,7944
2024-02-21T01:00Z,BE,7691
2024-02-21T02:00Z,BE,7715
2024-02-21T03:00Z,BE,7840
2024-02-21T04:00Z,BE,8556
2024-02-21T05:00Z,BE,9673
2024-02-21T06:00Z,BE,10743
2024-02-21T07:00Z,BE,11125
2024-02-21T08:00Z,BE,11262
2024-02-21T09:00Z,BE,11292
2024-02-21T10:00Z,BE,11294
2024-02-21T11:00Z,BE,11203
2024-02-21T12:00Z,BE,11100
2024-02-21T13:00Z,BE,10940
2024-02-21T14:00Z,BE,10943
2024-02-21T15:00Z,BE,11201
2024-02-21T16:00Z,BE,11734
2024-02-21T17:00Z,BE,11831
2024-02-21T18:00Z,BE,11439
2024-02-21T19:00Z,BE,10863
2024-02-21T20:00Z,BE,10167
2024-02-21T21:00Z,BE,9419
2024-02-21T22:00Z,BE,8761
2024-02-21T23:00Z,BE,8220
2024-02-22T00:00Z,BE,7972
2024-02-22T01:00Z,BE,7880
2024-02-22T02:00Z,BE,7800
2024-02-22T03:00Z,BE,7878
2024-02-22T04:00Z,BE,8513
2024-02-22T05:00Z,BE,9769
2024-02-22T06:00Z,BE,10805
2024-02-22T07:00Z,BE,11294
2024-02-22T08:00Z,BE,11480
2024-02-22T09:00Z,BE,11527
2024-02-22T10:00Z,BE,11414
2024-02-22T11:00Z,BE,11255
2024-02-22T12:00Z,BE,11068
2024-02-22T13:00Z,BE,10847
2024-02-22T14:00Z,BE,10826
2024-02-22T15:00Z,BE,11039
2024-02-22T16:00Z,BE,11662
2024-02-22T17:00Z,BE,11780
2024-02-22T18:00Z,BE,11355
2024-02-22T19:00Z,BE,10788
2024-02-22T20:00Z,BE,10230
2024-02-22T21:00Z,BE,9502
2024-02-22T22:00Z,BE,8808
2024-02-22T23:00Z,BE,8286
2024-02-23T00:00Z,BE,8048
2024-02-23T01:00Z,BE,7815
2024-02-23T02:00Z,BE,7871
2024-02-23T03:00Z,BE,8096
2024-02-23T04:00Z,BE,8724
2024-02-23T05:00Z,BE,9872
2024-02-23T06:00Z,BE,10901
2024-02-23T07:00Z,BE,11346
2024-02-23T08:00Z,BE,11570
2024-02-23T09:00Z,BE,11603
2024-02-23T10:00Z,BE,11474
2024-02-23T11:00Z,BE,11393
2024-02-23T12:00Z,BE,11320
2024-02-23T13:00Z,BE,11129
2024-02-23T14:00Z,BE,11194
2024-02-23T15:00Z,BE,11425
2024-02-23T16:00Z,BE,12024
2024-02-23T17:00Z,BE,12051
2024-02-23T18:00Z,BE,11620
2024-02-23T19:00Z,BE,10956
2024-02-23T20:00Z,BE,10293
2024-02-23T21:00Z,BE,9588
2024-02-23T22:00Z,BE,8978
2024-02-23T23:00Z,BE,7703
2024-02-24T00:00Z,BE,7520
2024-02-24T01:00Z,BE,7498
2024-02-24T02:00Z,BE,7537
2024-02-24T03:00Z,BE,7627
2024-02-24T04:00Z,BE,7899
2024-02-24T05:00Z,BE,8533
2024-02-24T06:00Z,BE,9115
2024-02-24T07:00Z,BE,9310
2024-02-24T08:00Z,BE,9390
2024-02-24T09:00Z,BE,9360
2024-02-24T10:00Z,BE,9373
2024-02-24T11:00Z,BE,9302
2024-02-24T12:00Z,BE,9215
2024-02-24T13:00Z,BE,9174
2024-02-24T14:00Z,BE,9255
2024-02-24T15:00Z,BE,9402
2024-02-24T16:00Z,BE,9622
2024-02-24T17:00Z,BE,9447
2024-02-24T18:00Z,BE,9221
2024-02-24T19:00Z,BE,8955
2024-02-24T20:00Z,BE,8629
2024-02-24T21:00Z,BE,8329
2024-02-24T22:00Z,BE,8013
2024-02-24T23:00Z,BE,7009
2024-02-25T00:00Z,BE,6871
2024-02-25T01:00Z,BE,6806
2024-02-25T02:00Z,BE,6723
2024-02-25T03:00Z,BE,6814
2024-02-25T04:00Z,BE,7182
2024-02-25T05:00Z,BE,7708
2024-02-25T06:00Z,BE,8167
2024-02-25T07:00Z,BE,8388
2024-02-25T08:00Z,BE,8348
2024-02-25T09:00Z,BE,8467
2024-02-25T10:00Z,BE,8361
2024-02-25T11:00Z,BE,8303
2024-02-25T12:00Z,BE,8274
2024-02-25T13:00Z,BE,8227
2024-02-25T14:00Z,BE,8225
2024-02-25T15:00Z,BE,8338
2024-02-25T16:00Z,BE,8616
2024-02-25T17:00Z,BE,8679
2024-02-25T18:00Z,BE,8482
2024-02-25T19:00Z,BE,8202
2024-02-25T20:00Z,BE,7961
2024-02-25T21:00Z,BE,7726
2024-02-25T22:00Z,BE,7411
2024-02-25T23:00Z,BE,8170
2024-02-26T00:00Z,BE,7862
2024-02-26T01:00Z,BE,7664
2024-02-26T02:00Z,BE,7674
2024-02-26T03:00Z,BE,7925
2024-02-26T04:00Z,BE,8594
2024-02-26T05:00Z,BE,9686
2024-02-26T06:00Z,BE,10676
2024-02-26T07:00Z,BE,11147
2024-02-26T08:00Z,BE,11362
2024-02-26T09:00Z,BE,11369
2024-02-26T10:00Z,BE,11294
2024-02-26T11:00Z,BE,11034
2024-02-26T12:00Z,BE,10931
2024-02-26T13:00Z,BE,10777
2024-02-26T14:00Z,BE,10668
2024-02-26T15:00Z,BE,10911
2024-02-26T16:00Z,BE,11425
2024-02-26T17:00Z,BE,11530
2024-02-26T18:00Z,BE,11145
2024-02-26T19:00Z,BE,10659
2024-02-26T20:00Z,BE,10156
2024-02-26T21:00Z,BE,9451
2024-02-26T22:00Z,BE,8797
2024-02-26T23:00Z,BE,8091
2024-02-27T00:00Z,BE,7842
2024-02-27T01:00Z,BE,7688
2024-02-27T02:00Z,BE,7648
2024-02-27T03:00Z,BE,7730
2024-02-27T04:00Z,BE,8457
2024-02-27T05:00Z,BE,9545
2024-02-27T06:00Z,BE,10519
2024-02-27T07:00Z,BE,10988
2024-02-27T08:00Z,BE,11096
2024-02-27T09:00Z,BE,11051
2024-02-27T10:00Z,BE,10974
2024-02-27T11:00Z,BE,10757
2024-02-27T12:00Z,BE,10712
2024-02-27T13:00Z,BE,10612
2024-02-27T14:00Z,BE,10594
2024-02-27T15:00Z,BE,10812
2024-02-27T16:00Z,BE,11416
2024-02-27T17:00Z,BE,11601
2024-02-27T18:00Z,BE,11234
2024-02-27T19:00Z,BE,10671
2024-02-27T20:00Z,BE,10153
2024-02-27T21:00Z,BE,9478
2024-02-27T22:00Z,BE,8736
2024-02-27T23:00Z,BE,8170
2024-02-28T00:00Z,BE,7763
2024-02-28T01:00Z,BE,7580
2024-02-28T02:00Z,BE,7512
2024-02-28T03:00Z,BE,7645
2024-02-28T04:00Z,BE,8285
2024-02-28T05:00Z,BE,9519
2024-02-28T06:00Z,BE,10515
2024-02-28T07:00Z,BE,10963
2024-02-28T08:00Z,BE,11113
2024-02-28T09:00Z,BE,11140
2024-02-28T10:00Z,BE,11063
2024-02-28T11:00Z,BE,10979
2024-02-28T12:00Z,BE,10863
2024-02-28T13:00Z,BE,10767
2024-02-28T14:00Z,BE,10782
2024-02-28T15:00Z,BE,11009
2024-02-28T16:00Z,BE,11598
2024-02-28T17:00Z,BE,11668
2024-02-28T18:00Z,BE,11203
2024-02-28T19:00Z,BE,10652
2024-02-28T20:00Z,BE,10062
2024-02-28T21:00Z,BE,9278
2024-02-28T22:00Z,BE,8544
2024-02-28T23:00Z,BE,8103
2024-02-29T00:00Z,BE,7837
2024-02-29T01:00Z,BE,7612
2024-02-29T02:00Z,BE,7590
2024-02-29T03:00Z,BE,7790
2024-02-29T04:00Z,BE,8431
2024-02-29T05:00Z,BE,9584
2024-02-29T06:00Z,BE,10523
2024-02-29T07:00Z,BE,10994
2024-02-29T08:00Z,BE,11087
2024-02-29T09:00Z,BE,11210
2024-02-29T10:00Z,BE,11143
2024-02-29T11:00Z,BE,10944
2024-02-29T12:00Z,BE,10846
2024-02-29T13:00Z,BE,10797
2024-02-29T14:00Z,BE,10779
2024-02-29T15:00Z,BE,11120
2024-02-29T16:00Z,BE,11481
2024-02-29T17:00Z,BE,11687
2024-02-29T18:00Z,BE,11248
2024-02-29T19:00Z,BE,10674
2024-02-29T20:00Z,BE,10095
2024-02-29T21:00Z,BE,9428
2024-02-29T22:00Z,BE,8791
2024-02-29T23:00Z,BE,8004
2024-03-01T00:00Z,BE,7753
2024-03-01T01:00Z,BE,7568
2024-03-01T02:00Z,BE,7534
2024-03-01T03:00Z,BE,7657
2024-03-01T04:00Z,BE,8337
2024-03-01T05:00Z,BE,9493
2024-03-01T06:00Z,BE,10501
2024-03-01T07:00Z,BE,10986
2024-03-01T08:00Z,BE,11223
2024-03-01T09:00Z,BE,11255
2024-03-01T10:00Z,BE,11227
2024-03-01T11:00Z,BE,10954
2024-03-01T12:00Z,BE,10790
2024-03-01T13:00Z,BE,10698
2024-03-01T14:00Z,BE,10735
2024-03-01T15:00Z,BE,10845
2024-03-01T16:00Z,BE,11430
2024-03-01T17:00Z,BE,11457
2024-03-01T18:00Z,BE,11136
2024-03-01T19:00Z,BE,10522
2024-03-01T20:00Z,BE,9955
2024-03-01T21:00Z,BE,9351
2024-03-01T22:00Z,BE,8602
2024-03-01T23:00Z,BE,7831
2024-03-02T00:00Z,BE,7664
2024-03-02T01:00Z,BE,7610
2024-03-02T02:00Z,BE,7588
2024-03-02T03:00Z,BE,7735
2024-03-02T04:00Z,BE,8110
2024-03-02T05:00Z,BE,8744
2024-03-02T06:00Z,BE,9224
2024-03-02T07:00Z,BE,9417
2024-03-02T08:00Z,BE,9507
2024-03-02T09:00Z,BE,9498
2024-03-02T10:00Z,BE,9413
2024-03-02T11:00Z,BE,9363
2024-03-02T12:00Z,BE,9316
2024-03-02T13:00Z,BE,9297
2024-03-02T14:00Z,BE,9322
2024-03-02T15:00Z,BE,9428
2024-03-02T16:00Z,BE,9636
2024-03-02T17:00Z,BE,9651
2024-03-02T18:00Z,BE,9488
2024-03-02T19:00Z,BE,9235
2024-03-02T20:00Z,BE,8957
2024-03-02T21:00Z,BE,8639
2024-03-02T22:00Z,BE,8328
2024-03-02T23:00Z,BE,7199
2024-03-03T00:00Z,BE,6941
2024-03-03T01:00Z,BE,6819
2024-03-03T02:00Z,BE,6803
2024-03-03T03:00Z,BE,6897
2024-03-03T04:00Z,BE,7209
2024-03-03T05:00Z,BE,7729
2024-03-03T06:00Z,BE,8224
2024-03-03T07:00Z,BE,8416
2024-03-03T08:00Z,BE,8583
2024-03-03T09:00Z,BE,8657
2024-03-03T10:00Z,BE,8559
2024-03-03T11:00Z,BE,8467
2024-03-03T12:00Z,BE,8363
2024-03-03T13:00Z,BE,8288
2024-03-03T14:00Z,BE,8255
2024-03-03T15:00Z,BE,8370
2024-03-03T16:00Z,BE,8627
2024-03-03T17:00Z,BE,8737
2024-03-03T18:00Z,BE,8547
2024-03-03T19:00Z,BE,8178
2024-03-03T20:00Z,BE,7968
2024-03-03T21:00Z,BE,7584
2024-03-03T22:00Z,BE,7235
2024-03-03T23:00Z,BE,8167
2024-03-04T00:00Z,BE,7846
2024-03-04T01:00Z,BE,7692
2024-03-04T02:00Z,BE,7633
2024-03-04T03:00Z,BE,7829
2024-03-04T04:00Z,BE,8580
2024-03-04T05:00Z,BE,9767
2024-03-04T06:00Z,BE,10745
2024-03-04T07:00Z,BE,11192
2024-03-04T08:00Z,BE,11377
2024-03-04T09:00Z,BE,11294
2024-03-04T10:00Z,BE,11306
2024-03-04T11:00Z,BE,11127
2024-03-04T12:00Z,BE,10956
2024-03-04T13:00Z,BE,10832
2024-03-04T14:00Z,BE,10803
2024-03-04T15:00Z,BE,11107
2024-03-04T16:00Z,BE,11616
2024-03-04T17:00Z,BE,11742
2024-03-04T18:00Z,BE,11351
2024-03-04T19:00Z,BE,10931
2024-03-04T20:00Z,BE,10307
2024-03-04T21:00Z,BE,9689
2024-03-04T22:00Z,BE,8851
2024-03-04T23:00Z,BE,8044
2024-03-05T00:00Z,BE,7656
2024-03-05T01:00Z,BE,7471
2024-03-05T02:00Z,BE,7527
2024-03-05T03:00Z,BE,7704
2024-03-05T04:00Z,BE,8319
2024-03-05T05:00Z,BE,9478
2024-03-05T06:00Z,BE,10529
2024-03-05T07:00Z,BE,10921
2024-03-05T08:00Z,BE,11074
2024-03-05T09:00Z,BE,11112
2024-03-05T10:00Z,BE,11108
2024-03-05T11:00Z,BE,10905
2024-03-05T12:00Z,BE,10760
2024-03-05T13:00Z,BE,10678
2024-03-05T14:00Z,BE,10676
2024-03-05T15:00Z,BE,10960
2024-03-05T16:00Z,BE,11503
2024-03-05T17:00Z,BE,11612
2024-03-05T18:00Z,BE,11313
2024-03-05T19:00Z,BE,10716
2024-03-05T20:00Z,BE,10192
2024-03-05T21:00Z,BE,9468
2024-03-05T22:00Z,BE,8723
2024-03-05T23:00Z,BE,7744
2024-03-06T00:00Z,BE,7525
2024-03-06T01:00Z,BE,7336
2024-03-06T02:00Z,BE,7286
2024-03-06T03:00Z,BE,7454
2024-03-06T04:00Z,BE,8132
2024-03-06T05:00Z,BE,9222
2024-03-06T06:00Z,BE,10232
2024-03-06T07:00Z,BE,10652
2024-03-06T08:00Z,BE,10867
2024-03-06T09:00Z,BE,10871
2024-03-06T10:00Z,BE,10818
2024-03-06T11:00Z,BE,10685
2024-03-06T12:00Z,BE,10602
2024-03-06T13:00Z,BE,10369
2024-03-06T14:00Z,BE,10287
2024-03-06T15:00Z,BE,10549
2024-03-06T16:00Z,BE,11063
2024-03-06T17:00Z,BE,11098
2024-03-06T18:00Z,BE,10757
2024-03-06T19:00Z,BE,10158
2024-03-06T20:00Z,BE,9613
2024-03-06T21:00Z,BE,9034
2024-03-06T22:00Z,BE,8363
2024-03-06T23:00Z,BE,7913
2024-03-07T00:00Z,BE,7535
2024-03-07T01:00Z,BE,7357
2024-03-07T02:00Z,BE,7396
2024-03-07T03:00Z,BE,7572
2024-03-07T04:00Z,BE,8280
2024-03-07T05:00Z,BE,9478
2024-03-07T06:00Z,BE,10364
2024-03-07T07:00Z,BE,10842
2024-03-07T08:00Z,BE,10991
2024-03-07T09:00Z,BE,11034
2024-03-07T10:00Z,BE,10891
2024-03-07T11:00Z,BE,10721
2024-03-07T12:00Z,BE,10618
2024-03-07T13:00Z,BE,10558
2024-03-07T14:00Z,BE,10548
2024-03-07T15:00Z,BE,10756
2024-03-07T16:00Z,BE,11255
2024-03-07T17:00Z,BE,11409
2024-03-07T18:00Z,BE,11049
2024-03-07T19:00Z,BE,10492
2024-03-07T20:00Z,BE,9931
2024-03-07T21:00Z,BE,9204
2024-03-07T22:00Z,BE,8577
2024-03-07T23:00Z,BE,7996
2024-03-08T00:00Z,BE,7604
2024-03-08T01:00Z,BE,7407
2024-03-08T02:00Z,BE,7419
2024-03-08T03:00Z,BE,7483
2024-03-08T04:00Z,BE,8055
2024-03-08T05:00Z,BE,9234
2024-03-08T06:00Z,BE,10183
2024-03-08T07:00Z,BE,10551
2024-03-08T08:00Z,BE,10738
2024-03-08T09:00Z,BE,10810
2024-03-08T10:00Z,BE,10800
2024-03-08T11:00Z,BE,10694
2024-03-08T12:00Z,BE,10565
2024-03-08T13:00Z,BE,10502
2024-03-08T14:00Z,BE,10469
2024-03-08T15:00Z,BE,10507
2024-03-08T16:00Z,BE,10948
2024-03-08T17:00Z,BE,11157
2024-03-08T18:00Z,BE,10751
2024-03-08T19:00Z,BE,10319
2024-03-08T20:00Z,BE,9746
2024-03-08T21:00Z,BE,9122
2024-03-08T22:00Z,BE,8460
2024-03-08T23:00Z,BE,7374
2024-03-09T00:00Z,BE,7195
2024-03-09T01:00Z,BE,7121
2024-03-09T02:00Z,BE,7060
2024-03-09T03:00Z,BE,7152
2024-03-09T04:00Z,BE,7432
2024-03-09T05:00Z,BE,7989
2024-03-09T06:00Z,BE,8503
2024-03-09T07:00Z,BE,8775
2024-03-09T08:00Z,BE,8879
2024-03-09T09:00Z,BE,8830
2024-03-09T10:00Z,BE,8838
2024-03-09T11:00Z,BE,8752
2024-03-09T12:00Z,BE,8648
2024-03-09T13:00Z,BE,8579
2024-03-09T14:00Z,BE,8619
2024-03-09T15:00Z,BE,8751
2024-03-09T16:00Z,BE,9061
2024-03-09T17:00Z,BE,9184
2024-03-09T18:00Z,BE,8984
2024-03-09T19:00Z,BE,8742
2024-03-09T20:00Z,BE,8498
2024-03-09T21:00Z,BE,8137
2024-03-09T22:00Z,BE,7770
2024-03-09T23:00Z,BE,6818
2024-03-10T00:00Z,BE,6620
2024-03-10T01:00Z,BE,6533
2024-03-10T02:00Z,BE,6448
2024-03-10T03:00Z,BE,6569
2024-03-10T04:00Z,BE,6954
2024-03-10T05:00Z,BE,7486
2024-03-10T06:00Z,BE,7891
2024-03-10T07:00Z,BE,8186
2024-03-10T08:00Z,BE,8332
2024-03-10T09:00Z,BE,8268
2024-03-10T10:00Z,BE,8236
2024-03-10T11:00Z,BE,8120
2024-03-10T12:00Z,BE,8081
2024-03-10T13:00Z,BE,8022
2024-03-10T14:00Z,BE,8028
2024-03-10T15:00Z,BE,8151
2024-03-10T16:00Z,BE,8403
2024-03-10T17:00Z,BE,8414
2024-03-10T18:00Z,BE,8254
2024-03-10T19:00Z,BE,8046
2024-03-10T20:00Z,BE,7778
2024-03-10T21:00Z,BE,7456
2024-03-10T22:00Z,BE,7099
2024-03-10T23:00Z,BE,7857
2024-03-11T00:00Z,BE,7529
2024-03-11T01:00Z,BE,7336
2024-03-11T02:00Z,BE,7407
2024-03-11T03:00Z,BE,7513
2024-03-11T04:00Z,BE,8216
2024-03-11T05:00Z,BE,9381
2024-03-11T06:00Z,BE,10370
2024-03-11T07:00Z,BE,10804
2024-03-11T08:00Z,BE,10883
2024-03-11T09:00Z,BE,10908
2024-03-11T10:00Z,BE,10982
2024-03-11T11:00Z,BE,10812
2024-03-11T12:00Z,BE,10715
2024-03-11T13:00Z,BE,10548
2024-03-11T14:00Z,BE,10564
2024-03-11T15:00Z,BE,10791
2024-03-11T16:00Z,BE,11359
2024-03-11T17:00Z,BE,11375
2024-03-11T18:00Z,BE,10955
2024-03-11T19:00Z,BE,10523
2024-03-11T20:00Z,BE,10042
2024-03-11T21:00Z,BE,9307
2024-03-11T22:00Z,BE,8651
2024-03-11T23:00Z,BE,8111
2024-03-12T00:00Z,BE,7846
2024-03-12T01:00Z,BE,7615
2024-03-12T02:00Z,BE,7533
2024-03-12T03:00Z,BE,7793
2024-03-12T04:00Z,BE,8435
2024-03-12T05:00Z,BE,9556
2024-03-12T06:00Z,BE,10572
2024-03-12T07:00Z,BE,11020
2024-03-12T08:00Z,BE,11227
2024-03-12T09:00Z,BE,11266
2024-03-12T10:00Z,BE,11169
2024-03-12T11:00Z,BE,10977
2024-03-12T12:00Z,BE,10813
2024-03-12T13:00Z,BE,10635
2024-03-12T14:00Z,BE,10631
2024-03-12T15:00Z,BE,10838
2024-03-12T16:00Z,BE,11279
2024-03-12T17:00Z,BE,11329
2024-03-12T18:00Z,BE,10960
2024-03-12T19:00Z,BE,10433
2024-03-12T20:00Z,BE,9927
2024-03-12T21:00Z,BE,9259
2024-03-12T22:00Z,BE,8513
2024-03-12T23:00Z,BE,7630
2024-03-13T00:00Z,BE,7360
2024-03-13T01:00Z,BE,7231
2024-03-13T02:00Z,BE,7106
2024-03-13T03:00Z,BE,7268
2024-03-13T04:00Z,BE,7862
2024-03-13T05:00Z,BE,9016
2024-03-13T06:00Z,BE,9997
2024-03-13T07:00Z,BE,10449
2024-03-13T08:00Z,BE,10667
2024-03-13T09:00Z,BE,10675
2024-03-13T10:00Z,BE,10735
2024-03-13T11:00Z,BE,10523
2024-03-13T12:00Z,BE,10388
2024-03-13T13:00Z,BE,10436
2024-03-13T14:00Z,BE,10448
2024-03-13T15:00Z,BE,10599
2024-03-13T16:00Z,BE,10968
2024-03-13T17:00Z,BE,11035
2024-03-13T18:00Z,BE,10753
2024-03-13T19:00Z,BE,10257
2024-03-13T20:00Z,BE,9749
2024-03-13T21:00Z,BE,9066
2024-03-13T22:00Z,BE,8429
2024-03-13T23:00Z,BE,7877
2024-03-14T00:00Z,BE,7581
2024-03-14T01:00Z,BE,7370
2024-03-14T02:00Z,BE,7318
2024-03-14T03:00Z,BE,7457
2024-03-14T04:00Z,BE,8064
2024-03-14T05:00Z,BE,9148
2024-03-14T06:00Z,BE,10130
2024-03-14T07:00Z,BE,10583
2024-03-14T08:00Z,BE,10741
2024-03-14T09:00Z,BE,10765
2024-03-14T10:00Z,BE,10727
2024-03-14T11:00Z,BE,10582
2024-03-14T12:00Z,BE,10415
2024-03-14T13:00Z,BE,10384
2024-03-14T14:00Z,BE,10350
2024-03-14T15:00Z,BE,10607
2024-03-14T16:00Z,BE,10985
2024-03-14T17:00Z,BE,10967
2024-03-14T18:00Z,BE,10599
2024-03-14T19:00Z,BE,10135
2024-03-14T20:00Z,BE,9663
2024-03-14T21:00Z,BE,9036
2024-03-14T22:00Z,BE,8361
2024-03-14T23:00Z,BE,7913
2024-03-15T00:00Z,BE,7572
2024-03-15T01:00Z,BE,7362
2024-03-15T02:00Z,BE,7328
2024-03-15T03:00Z,BE,7543
2024-03-15T04:00Z,BE,8094
2024-03-15T05:00Z,BE,9214
2024-03-15T06:00Z,BE,10308
2024-03-15T07:00Z,BE,10749
2024-03-15T08:00Z,BE,10893
2024-03-15T09:00Z,BE,10903
2024-03-15T10:00Z,BE,10821
2024-03-15T11:00Z,BE,10703
2024-03-15T12:00Z,BE,10589
2024-03-15T13:00Z,BE,10550
2024-03-15T14:00Z,BE,10468
2024-03-15T15:00Z,BE,10619
2024-03-15T16:00Z,BE,11056
2024-03-15T17:00Z,BE,11154
2024-03-15T18:00Z,BE,10849
2024-03-15T19:00Z,BE,10323
2024-03-15T20:00Z,BE,9764
2024-03-15T21:00Z,BE,9165
2024-03-15T22:00Z,BE,8487
2024-03-15T23:00Z,BE,7546
2024-03-16T00:00Z,BE,7351
2024-03-16T01:00Z,BE,7214
2024-03-16T02:00Z,BE,7198
2024-03-16T03:00Z,BE,7397
2024-03-16T04:00Z,BE,7704
2024-03-16T05:00Z,BE,8253
2024-03-16T06:00Z,BE,8776
2024-03-16T07:00Z,BE,9118
2024-03-16T08:00Z,BE,9178
2024-03-16T09:00Z,BE,9124
2024-03-16T10:00Z,BE,9052
2024-03-16T11:00Z,BE,8908
2024-03-16T12:00Z,BE,8818
2024-03-16T13:00Z,BE,8776
2024-03-16T14:00Z,BE,8794
2024-03-16T15:00Z,BE,8905
2024-03-16T16:00Z,BE,9204
2024-03-16T17:00Z,BE,9166
2024-03-16T18:00Z,BE,8906
2024-03-16T19:00Z,BE,8685
2024-03-16T20:00Z,BE,8458
2024-03-16T21:00Z,BE,8170
2024-03-16T22:00Z,BE,7822
2024-03-16T23:00Z,BE,6359
2024-03-17T00:00Z,BE,6242
2024-03-17T01:00Z,BE,6141
2024-03-17T02:00Z,BE,6117
2024-03-17T03:00Z,BE,6188
2024-03-17T04:00Z,BE,6656
2024-03-17T05:00Z,BE,7099
2024-03-17T06:00Z,BE,7552
2024-03-17T07:00Z,BE,7701
2024-03-17T08:00Z,BE,7750
2024-03-17T09:00Z,BE,7740
2024-03-17T10:00Z,BE,7627
2024-03-17T11:00Z,BE,7532
2024-03-17T12:00Z,BE,7514
2024-03-17T13:00Z,BE,7494
2024-03-17T14:00Z,BE,7500
2024-03-17T15:00Z,BE,7582
2024-03-17T16:00Z,BE,7762
2024-03-17T17:00Z,BE,7926
2024-03-17T18:00Z,BE,7766
2024-03-17T19:00Z,BE,7508
2024-03-17T20:00Z,BE,7302
2024-03-17T21:00Z,BE,6971
2024-03-17T22:00Z,BE,6705
2024-03-17T23:00Z,BE,7811
2024-03-18T00:00Z,BE,7487
2024-03-18T01:00Z,BE,7277
2024-03-18T02:00Z,BE,7255
2024-03-18T03:00Z,BE,7445
2024-03-18T04:00Z,BE,8065
2024-03-18T05:00Z,BE,9207
2024-03-18T06:00Z,BE,10132
2024-03-18T07:00Z,BE,10522
2024-03-18T08:00Z,BE,10726
2024-03-18T09:00Z,BE,10758
2024-03-18T10:00Z,BE,10646
2024-03-18T11:00Z,BE,10518
2024-03-18T12:00Z,BE,10493
2024-03-18T13:00Z,BE,10369
2024-03-18T14:00Z,BE,10402
2024-03-18T15:00Z,BE,10469
2024-03-18T16:00Z,BE,10861
2024-03-18T17:00Z,BE,10941
2024-03-18T18:00Z,BE,10513
2024-03-18T19:00Z,BE,10048
2024-03-18T20:00Z,BE,9583
2024-03-18T21:00Z,BE,9008
2024-03-18T22:00Z,BE,8361
2024-03-18T23:00Z,BE,7912
2024-03-19T00:00Z,BE,7554
2024-03-19T01:00Z,BE,7460
2024-03-19T02:00Z,BE,7413
2024-03-19T03:00Z,BE,7578
2024-03-19T04:00Z,BE,8208
2024-03-19T05:00Z,BE,9329
2024-03-19T06:00Z,BE,10246
2024-03-19T07:00Z,BE,10783
2024-03-19T08:00Z,BE,10983
2024-03-19T09:00Z,BE,10923
2024-03-19T10:00Z,BE,10933
2024-03-19T11:00Z,BE,10769
2024-03-19T12:00Z,BE,10648
2024-03-19T13:00Z,BE,10566
2024-03-19T14:00Z,BE,10561
2024-03-19T15:00Z,BE,10879
2024-03-19T16:00Z,BE,11333
2024-03-19T17:00Z,BE,11353
2024-03-19T18:00Z,BE,10919
2024-03-19T19:00Z,BE,10479
2024-03-19T20:00Z,BE,9969
2024-03-19T21:00Z,BE,9247
2024-03-19T22:00Z,BE,8587
2024-03-19T23:00Z,BE,7905
2024-03-20T00:00Z,BE,7712
2024-03-20T01:00Z,BE,7481
2024-03-20T02:00Z,BE,7402
2024-03-20T03:00Z,BE,7551
2024-03-20T04:00Z,BE,8214
2024-03-20T05:00Z,BE,9313
2024-03-20T06:00Z,BE,10324
2024-03-20T07:00Z,BE,10731
2024-03-20T08:00Z,BE,10961
2024-03-20T09:00Z,BE,10964
2024-03-20T10:00Z,BE,10860
2024-03-20T11:00Z,BE,10701
2024-03-20T12:00Z,BE,10619
2024-03-20T13:00Z,BE,10634
2024-03-20T14:00Z,BE,10582
2024-03-20T15:00Z,BE,10707
2024-03-20T16:00Z,BE,11108
2024-03-20T17:00Z,BE,11184
2024-03-20T18:00Z,BE,10788
2024-03-20T19:00Z,BE,10369
2024-03-20T20:00Z,BE,9882
2024-03-20T21:00Z,BE,9229
2024-03-20T22:00Z,BE,8540
2024-03-20T23:00Z,BE,8233
2024-03-21T00:00Z,BE,7812
2024-03-21T01:00Z,BE,7646
2024-03-21T02:00Z,BE,7550
2024-03-21T03:00Z,BE,7710
2024-03-21T04:00Z,BE,8251
2024-03-21T05:00Z,BE,9411
2024-03-21T06:00Z,BE,10338
2024-03-21T07:00Z,BE,10797
2024-03-21T08:00Z,BE,10914
2024-03-21T09:00Z,BE,10935
2024-03-21T10:00Z,BE,10946
2024-03-21T11:00Z,BE,10844
2024-03-21T12:00Z,BE,10753
2024-03-21T13:00Z,BE,10695
2024-03-21T14:00Z,BE,10782
2024-03-21T15:00Z,BE,11107
2024-03-21T16:00Z,BE,11512
2024-03-21T17:00Z,BE,11667
2024-03-21T18:00Z,BE,11362
2024-03-21T19:00Z,BE,10794
2024-03-21T20:00Z,BE,10325
2024-03-21T21:00Z,BE,9690
2024-03-21T22:00Z,BE,8925
2024-03-21T23:00Z,BE,8277
2024-03-22T00:00Z,BE,7935
2024-03-22T01:00Z,BE,7646
2024-03-22T02:00Z,BE,7619
2024-03-22T03:00Z,BE,7788
2024-03-22T04:00Z,BE,8407
2024-03-22T05:00Z,BE,9600
2024-03-22T06:00Z,BE,10500
2024-03-22T07:00Z,BE,10929
2024-03-22T08:00Z,BE,11134
2024-03-22T09:00Z,BE,11176
2024-03-22T10:00Z,BE,11098
2024-03-22T11:00Z,BE,10985
2024-03-22T12:00Z,BE,10974
2024-03-22T13:00Z,BE,10800
2024-03-22T14:00Z,BE,10743
2024-03-22T15:00Z,BE,11025
2024-03-22T16:00Z,BE,11429
2024-03-22T17:00Z,BE,11513
2024-03-22T18:00Z,BE,11225
2024-03-22T19:00Z,BE,10718
2024-03-22T20:00Z,BE,10265
2024-03-22T21:00Z,BE,9576
2024-03-22T22:00Z,BE,8800
2024-03-22T23:00Z,BE,7566
2024-03-23T00:00Z,BE,7466
2024-03-23T01:00Z,BE,7338
2024-03-23T02:00Z,BE,7379
2024-03-23T03:00Z,BE,7576
2024-03-23T04:00Z,BE,7853
2024-03-23T05:00Z,BE,8448
2024-03-23T06:00Z,BE,8883
2024-03-23T07:00Z,BE,9070
2024-03-23T08:00Z,BE,9129
2024-03-23T09:00Z,BE,9161
2024-03-23T10:00Z,BE,9118
2024-03-23T11:00Z,BE,9071
2024-03-23T12:00Z,BE,8994
2024-03-23T13:00Z,BE,8879
2024-03-23T14:00Z,BE,8880
2024-03-23T15:00Z,BE,9032
2024-03-23T16:00Z,BE,9175
2024-03-23T17:00Z,BE,9130
2024-03-23T18:00Z,BE,8972
2024-03-23T19:00Z,BE,8781
2024-03-23T20:00Z,BE,8508
2024-03-23T21:00Z,BE,8297
2024-03-23T22:00Z,BE,7900
2024-03-23T23:00Z,BE,6879
2024-03-24T00:00Z,BE,6812
2024-03-24T01:00Z,BE,6647
2024-03-24T02:00Z,BE,6601
2024-03-24T03:00Z,BE,6676
2024-03-24T04:00Z,BE,6950
2024-03-24T05:00Z,BE,7491
2024-03-24T06:00Z,BE,7971
2024-03-24T07:00Z,BE,8254
2024-03-24T08:00Z,BE,8295
2024-03-24T09:00Z,BE,8308
2024-03-24T10:00Z,BE,8317
2024-03-24T11:00Z,BE,8242
2024-03-24T12:00Z,BE,8176
2024-03-24T13:00Z,BE,8145
2024-03-24T14:00Z,BE,8036
2024-03-24T15:00Z,BE,8211
2024-03-24T16:00Z,BE,8294
2024-03-24T17:00Z,BE,8266
2024-03-24T18:00Z,BE,8127
2024-03-24T19:00Z,BE,7906
2024-03-24T20:00Z,BE,7576
2024-03-24T21:00Z,BE,7335
2024-03-24T22:00Z,BE,7057
2024-03-24T23:00Z,BE,7296
2024-03-25T00:00Z,BE,7043
2024-03-25T01:00Z,BE,6958
2024-03-25T02:00Z,BE,6993
2024-03-25T03:00Z,BE,7120
2024-03-25T04:00Z,BE,7580
2024-03-25T05:00Z,BE,8574
2024-03-25T06:00Z,BE,9490
2024-03-25T07:00Z,BE,9934
2024-03-25T08:00Z,BE,10149
2024-03-25T09:00Z,BE,10238
2024-03-25T10:00Z,BE,10211
2024-03-25T11:00Z,BE,9950
2024-03-25T12:00Z,BE,9949
2024-03-25T13:00Z,BE,9910
2024-03-25T14:00Z,BE,9878
2024-03-25T15:00Z,BE,9924
2024-03-25T16:00Z,BE,10217
2024-03-25T17:00Z,BE,10247
2024-03-25T18:00Z,BE,9951
2024-03-25T19:00Z,BE,9620
2024-03-25T20:00Z,BE,9229
2024-03-25T21:00Z,BE,8698
2024-03-25T22:00Z,BE,8029
2024-03-25T23:00Z,BE,7256
2024-03-26T00:00Z,BE,6946
2024-03-26T01:00Z,BE,6730
2024-03-26T02:00Z,BE,6635
2024-03-26T03:00Z,BE,6760
2024-03-26T04:00Z,BE,7331
2024-03-26T05:00Z,BE,8372
2024-03-26T06:00Z,BE,9243
2024-03-26T07:00Z,BE,9624
2024-03-26T08:00Z,BE,9779
2024-03-26T09:00Z,BE,9919
2024-03-26T10:00Z,BE,9751
2024-03-26T11:00Z,BE,9655
2024-03-26T12:00Z,BE,9595
2024-03-26T13:00Z,BE,9525
2024-03-26T14:00Z,BE,9425
2024-03-26T15:00Z,BE,9594
2024-03-26T16:00Z,BE,9967
2024-03-26T17:00Z,BE,10110
2024-03-26T18:00Z,BE,9750
2024-03-26T19:00Z,BE,9314
2024-03-26T20:00Z,BE,8886
2024-03-26T21:00Z,BE,8297
2024-03-26T22:00Z,BE,7622
2024-03-26T23:00Z,BE,7453
2024-03-27T00:00Z,BE,7138
2024-03-27T01:00Z,BE,6957
2024-03-27T02:00Z,BE,6927
2024-03-27T03:00Z,BE,7127
2024-03-27T04:00Z,BE,7572
2024-03-27T05:00Z,BE,8543
2024-03-27T06:00Z,BE,9524
2024-03-27T07:00Z,BE,10013
2024-03-27T08:00Z,BE,10282
2024-03-27T09:00Z,BE,10360
2024-03-27T10:00Z,BE,10398
2024-03-27T11:00Z,BE,10255
2024-03-27T12:00Z,BE,10140
2024-03-27T13:00Z,BE,10067
2024-03-27T14:00Z,BE,10018
2024-03-27T15:00Z,BE,10065
2024-03-27T16:00Z,BE,10458
2024-03-27T17:00Z,BE,10448
2024-03-27T18:00Z,BE,10199
2024-03-27T19:00Z,BE,9769
2024-03-27T20:00Z,BE,9313
2024-03-27T21:00Z,BE,8820
2024-03-27T22:00Z,BE,8181
2024-03-27T23:00Z,BE,8061
2024-03-28T00:00Z,BE,7743
2024-03-28T01:00Z,BE,7584
2024-03-28T02:00Z,BE,7600
2024-03-28T03:00Z,BE,7659
2024-03-28T04:00Z,BE,8221
2024-03-28T05:00Z,BE,9291
2024-03-28T06:00Z,BE,10084
2024-03-28T07:00Z,BE,10484
2024-03-28T08:00Z,BE,10684
2024-03-28T09:00Z,BE,10721
2024-03-28T10:00Z,BE,10614
2024-03-28T11:00Z,BE,10472
2024-03-28T12:00Z,BE,10431
2024-03-28T13:00Z,BE,10400
2024-03-28T14:00Z,BE,10439
2024-03-28T15:00Z,BE,10646
2024-03-28T16:00Z,BE,11007
2024-03-28T17:00Z,BE,11045
2024-03-28T18:00Z,BE,10671
2024-03-28T19:00Z,BE,10202
2024-03-28T20:00Z,BE,9749
2024-03-28T21:00Z,BE,9095
2024-03-28T22:00Z,BE,8468
2024-03-28T23:00Z,BE,7691
2024-03-29T00:00Z,BE,7447
2024-03-29T01:00Z,BE,7149
2024-03-29T02:00Z,BE,7107
2024-03-29T03:00Z,BE,7287
2024-03-29T04:00Z,BE,7891
2024-03-29T05:00Z,BE,8881
2024-03-29T06:00Z,BE,9887
2024-03-29T07:00Z,BE,10350
2024-03-29T08:00Z,BE,10514
2024-03-29T09:00Z,BE,10591
2024-03-29T10:00Z,BE,10546
2024-03-29T11:00Z,BE,10408
2024-03-29T12:00Z,BE,10283
2024-03-29T13:00Z,BE,10213
2024-03-29T14:00Z,BE,10137
2024-03-29T15:00Z,BE,10280
2024-03-29T16:00Z,BE,10655
2024-03-29T17:00Z,BE,10709
2024-03-29T18:00Z,BE,10433
2024-03-29T19:00Z,BE,10081
2024-03-29T20:00Z,BE,9555
2024-03-29T21:00Z,BE,9023
2024-03-29T22:00Z,BE,8361
2024-03-29T23:00Z,BE,7303
2024-03-30T00:00Z,BE,7140
2024-03-30T01:00Z,BE,7003
2024-03-30T02:00Z,BE,6998
2024-03-30T03:00Z,BE,7131
2024-03-30T04:00Z,BE,7452
2024-03-30T05:00Z,BE,7955
2024-03-30T06:00Z,BE,8384
2024-03-30T07:00Z,BE,8614
2024-03-30T08:00Z,BE,8781
2024-03-30T09:00Z,BE,8759
2024-03-30T10:00Z,BE,8749
2024-03-30T11:00Z,BE,8673
2024-03-30T12:00Z,BE,8624
2024-03-30T13:00Z,BE,8536
2024-03-30T14:00Z,BE,8608
2024-03-30T15:00Z,BE,8724
2024-03-30T16:00Z,BE,8922
2024-03-30T17:00Z,BE,8970
2024-03-30T18:00Z,BE,8816
2024-03-30T19:00Z,BE,8543
2024-03-30T20:00Z,BE,8270
2024-03-30T21:00Z,BE,7971
2024-03-30T22:00Z,BE,7686
2024-03-30T23:00Z,BE,6823
2024-03-31T00:00Z,BE,6702
2024-03-31T01:00Z,BE,6683
2024-03-31T02:00Z,BE,6676
2024-03-31T03:00Z,BE,6949
2024-03-31T04:00Z,BE,7442
2024-03-31T05:00Z,BE,7825
2024-03-31T06:00Z,BE,8076
2024-03-31T07:00Z,BE,8203
2024-03-31T08:00Z,BE,8329
2024-03-31T09:00Z,BE,8214
2024-03-31T10:00Z,BE,8093
2024-03-31T11:00Z,BE,8008
2024-03-31T12:00Z,BE,7990
2024-03-31T13:00Z,BE,7952
2024-03-31T14:00Z,BE,8013
2024-03-31T15:00Z,BE,8245
2024-03-31T16:00Z,BE,8152
2024-03-31T17:00Z,BE,8122
2024-03-31T18:00Z,BE,7934
2024-03-31T19:00Z,BE,7692
2024-03-31T20:00Z,BE,7421
2024-03-31T21:00Z,BE,7024
2024-03-31T22:00Z,BE,6683
2024-03-31T23:00Z,BE,6523
2024-04-01T00:00Z,BE,6441
2024-04-01T01:00Z,BE,6367
2024-04-01T02:00Z,BE,6419
2024-04-01T03:00Z,BE,6759
2024-04-01T04:00Z,BE,7320
2024-04-01T05:00Z,BE,7802
2024-04-01T06:00Z,BE,8052
2024-04-01T07:00Z,BE,8070
2024-04-01T08:00Z,BE,8052
2024-04-01T09:00Z,BE,7959
2024-04-01T10:00Z,BE,7873
2024-04-01T11:00Z,BE,7879
2024-04-01T12:00Z,BE,7858
2024-04-01T13:00Z,BE,7820
2024-04-01T14:00Z,BE,7900
2024-04-01T15:00Z,BE,8094
2024-04-01T16:00Z,BE,8118
2024-04-01T17:00Z,BE,8000
2024-04-01T18:00Z,BE,7808
2024-04-01T19:00Z,BE,7612
2024-04-01T20:00Z,BE,7282
2024-04-01T21:00Z,BE,6969
2024-04-01T22:00Z,BE,7881
2024-04-01T23:00Z,BE,7578
2024-04-02T00:00Z,BE,7375
2024-04-02T01:00Z,BE,7244
2024-04-02T02:00Z,BE,7337
2024-04-02T03:00Z,BE,7854
2024-04-02T04:00Z,BE,8949
2024-04-02T05:00Z,BE,9850
2024-04-02T06:00Z,BE,10337
2024-04-02T07:00Z,BE,10652
2024-04-02T08:00Z,BE,10781
2024-04-02T09:00Z,BE,10750
2024-04-02T10:00Z,BE,10551
2024-04-02T11:00Z,BE,10494
2024-04-02T12:00Z,BE,10370
2024-04-02T13:00Z,BE,10315
2024-04-02T14:00Z,BE,10502
2024-04-02T15:00Z,BE,10767
2024-04-02T16:00Z,BE,10750
2024-04-02T17:00Z,BE,10447
2024-04-02T18:00Z,BE,10009
2024-04-02T19:00Z,BE,9557
2024-04-02T20:00Z,BE,8972
2024-04-02T21:00Z,BE,8298
2024-04-02T22:00Z,BE,7990
2024-04-02T23:00Z,BE,7747
2024-04-03T00:00Z,BE,7517
2024-04-03T01:00Z,BE,7488
2024-04-03T02:00Z,BE,7705
2024-04-03T03:00Z,BE,8394
2024-04-03T04:00Z,BE,9443
2024-04-03T05:00Z,BE,10400
2024-04-03T06:00Z,BE,10780
2024-04-03T07:00Z,BE,10959
2024-04-03T08:00Z,BE,11059
2024-04-03T09:00Z,BE,10927
2024-04-03T10:00Z,BE,10752
2024-04-03T11:00Z,BE,10651
2024-04-03T12:00Z,BE,10504
2024-04-03T13:00Z,BE,10458
2024-04-03T14:00Z,BE,10657
2024-04-03T15:00Z,BE,11012
2024-04-03T16:00Z,BE,11123
2024-04-03T17:00Z,BE,10790
2024-04-03T18:00Z,BE,10378
2024-04-03T19:00Z,BE,9840
2024-04-03T20:00Z,BE,9229
2024-04-03T21:00Z,BE,8498
2024-04-03T22:00Z,BE,7777
2024-04-03T23:00Z,BE,7571
2024-04-04T00:00Z,BE,7427
2024-04-04T01:00Z,BE,7390
2024-04-04T02:00Z,BE,7531
2024-04-04T03:00Z,BE,8242
2024-04-04T04:00Z,BE,9367
2024-04-04T05:00Z,BE,10323
2024-04-04T06:00Z,BE,10733
2024-04-04T07:00Z,BE,10917
2024-04-04T08:00Z,BE,11081
2024-04-04T09:00Z,BE,11023
2024-04-04T10:00Z,BE,10905
2024-04-04T11:00Z,BE,10721
2024-04-04T12:00Z,BE,10637
2024-04-04T13:00Z,BE,10581
2024-04-04T14:00Z,BE,10674
2024-04-04T15:00Z,BE,10970
2024-04-04T16:00Z,BE,10945
2024-04-04T17:00Z,BE,10686
2024-04-04T18:00Z,BE,10262
2024-04-04T19:00Z,BE,9728
2024-04-04T20:00Z,BE,9249
2024-04-04T21:00Z,BE,8574
2024-04-04T22:00Z,BE,7900
2024-04-04T23:00Z,BE,7571
2024-04-05T00:00Z,BE,7371
2024-04-05T01:00Z,BE,7312
2024-04-05T02:00Z,BE,7489
2024-04-05T03:00Z,BE,8047
2024-04-05T04:00Z,BE,9142
2024-04-05T05:00Z,BE,9911
2024-04-05T06:00Z,BE,10336
2024-04-05T07:00Z,BE,10574
2024-04-05T08:00Z,BE,10637
2024-04-05T09:00Z,BE,10682
2024-04-05T10:00Z,BE,10573
2024-04-05T11:00Z,BE,10500
2024-04-05T12:00Z,BE,10386
2024-04-05T13:00Z,BE,10335
2024-04-05T14:00Z,BE,10570
2024-04-05T15:00Z,BE,10903
2024-04-05T16:00Z,BE,10856
2024-04-05T17:00Z,BE,10579
2024-04-05T18:00Z,BE,10125
2024-04-05T19:00Z,BE,9648
2024-04-05T20:00Z,BE,9065
2024-04-05T21:00Z,BE,8375
2024-04-05T22:00Z,BE,7391
2024-04-05T23:00Z,BE,7194
2024-04-06T00:00Z,BE,7089
2024-04-06T01:00Z,BE,7035
2024-04-06T02:00Z,BE,7129
2024-04-06T03:00Z,BE,7479
2024-04-06T04:00Z,BE,8061
2024-04-06T05:00Z,BE,8401
2024-04-06T06:00Z,BE,8725
2024-04-06T07:00Z,BE,8844
2024-04-06T08:00Z,BE,8908
2024-04-06T09:00Z,BE,8960
2024-04-06T10:00Z,BE,8943
2024-04-06T11:00Z,BE,8827
2024-04-06T12:00Z,BE,8760
2024-04-06T13:00Z,BE,8711
2024-04-06T14:00Z,BE,8787
2024-04-06T15:00Z,BE,9018
2024-04-06T16:00Z,BE,9016
2024-04-06T17:00Z,BE,8813
2024-04-06T18:00Z,BE,8543
2024-04-06T19:00Z,BE,8331
2024-04-06T20:00Z,BE,8010
2024-04-06T21:00Z,BE,7673
2024-04-06T22:00Z,BE,6491
2024-04-06T23:00Z,BE,6282
2024-04-07T00:00Z,BE,6257
2024-04-07T01:00Z,BE,6232
2024-04-07T02:00Z,BE,6206
2024-04-07T03:00Z,BE,6477
2024-04-07T04:00Z,BE,7010
2024-04-07T05:00Z,BE,7462
2024-04-07T06:00Z,BE,7671
2024-04-07T07:00Z,BE,7778
2024-04-07T08:00Z,BE,7833
2024-04-07T09:00Z,BE,7792
2024-04-07T10:00Z,BE,7711
2024-04-07T11:00Z,BE,7674
2024-04-07T12:00Z,BE,7606
2024-04-07T13:00Z,BE,7619
2024-04-07T14:00Z,BE,7701
2024-04-07T15:00Z,BE,7856
2024-04-07T16:00Z,BE,7823
2024-04-07T17:00Z,BE,7717
2024-04-07T18:00Z,BE,7501
2024-04-07T19:00Z,BE,7230
2024-04-07T20:00Z,BE,6953
2024-04-07T21:00Z,BE,6563
2024-04-07T22:00Z,BE,7349
2024-04-07T23:00Z,BE,7082
2024-04-08T00:00Z,BE,6853
2024-04-08T01:00Z,BE,6954
2024-04-08T02:00Z,BE,7172
2024-04-08T03:00Z,BE,7729
2024-04-08T04:00Z,BE,8805
2024-04-08T05:00Z,BE,9728
2024-04-08T06:00Z,BE,10179
2024-04-08T07:00Z,BE,10337
2024-04-08T08:00Z,BE,10469
2024-04-08T09:00Z,BE,10447
2024-04-08T10:00Z,BE,10376
2024-04-08T11:00Z,BE,10297
2024-04-08T12:00Z,BE,10245
2024-04-08T13:00Z,BE,10182
2024-04-08T14:00Z,BE,10241
2024-04-08T15:00Z,BE,10502
2024-04-08T16:00Z,BE,10535
2024-04-08T17:00Z,BE,10327
2024-04-08T18:00Z,BE,10019
2024-04-08T19:00Z,BE,9596
2024-04-08T20:00Z,BE,9013
2024-04-08T21:00Z,BE,8286
2024-04-08T22:00Z,BE,7856
2024-04-08T23:00Z,BE,7526
2024-04-09T00:00Z,BE,7349
2024-04-09T01:00Z,BE,7285
2024-04-09T02:00Z,BE,7421
2024-04-09T03:00Z,BE,7992
2024-04-09T04:00Z,BE,8988
2024-04-09T05:00Z,BE,9868
2024-04-09T06:00Z,BE,10344
2024-04-09T07:00Z,BE,10506
2024-04-09T08:00Z,BE,10489
2024-04-09T09:00Z,BE,10530
2024-04-09T10:00Z,BE,10379
2024-04-09T11:00Z,BE,10346
2024-04-09T12:00Z,BE,10136
2024-04-09T13:00Z,BE,10144
2024-04-09T14:00Z,BE,10239
2024-04-09T15:00Z,BE,10577
2024-04-09T16:00Z,BE,10609
2024-04-09T17:00Z,BE,10413
2024-04-09T18:00Z,BE,10056
2024-04-09T19:00Z,BE,9574
2024-04-09T20:00Z,BE,9031
2024-04-09T21:00Z,BE,8358
2024-04-09T22:00Z,BE,7493
2024-04-09T23:00Z,BE,7252
2024-04-10T00:00Z,BE,7008
2024-04-10T01:00Z,BE,6963
2024-04-10T02:00Z,BE,7154
2024-04-10T03:00Z,BE,7704
2024-04-10T04:00Z,BE,8600
2024-04-10T05:00Z,BE,9493
2024-04-10T06:00Z,BE,9946
2024-04-10T07:00Z,BE,10139
2024-04-10T08:00Z,BE,10157
2024-04-10T09:00Z,BE,10138
2024-04-10T10:00Z,BE,10031
2024-04-10T11:00Z,BE,9916
2024-04-10T12:00Z,BE,9941
2024-04-10T13:00Z,BE,9908
2024-04-10T14:00Z,BE,10020
2024-04-10T15:00Z,BE,10282
2024-04-10T16:00Z,BE,10145
2024-04-10T17:00Z,BE,9955
2024-04-10T18:00Z,BE,9535
2024-04-10T19:00Z,BE,9168
2024-04-10T20:00Z,BE,8631
2024-04-10T21:00Z,BE,8010
2024-04-10T22:00Z,BE,7261
2024-04-10T23:00Z,BE,6916
2024-04-11T00:00Z,BE,6757
2024-04-11T01:00Z,BE,6704
2024-04-11T02:00Z,BE,6941
2024-04-11T03:00Z,BE,7510
2024-04-11T04:00Z,BE,8450
2024-04-11T05:00Z,BE,9303
2024-04-11T06:00Z,BE,9864
2024-04-11T07:00Z,BE,10043
2024-04-11T08:00Z,BE,10150
2024-04-11T09:00Z,BE,10082
2024-04-11T10:00Z,BE,9956
2024-04-11T11:00Z,BE,9895
2024-04-11T12:00Z,BE,9680
2024-04-11T13:00Z,BE,9750
2024-04-11T14:00Z,BE,9846
2024-04-11T15:00Z,BE,10087
2024-04-11T16:00Z,BE,10190
2024-04-11T17:00Z,BE,9931
2024-04-11T18:00Z,BE,9529
2024-04-11T19:00Z,BE,9121
2024-04-11T20:00Z,BE,8542
2024-04-11T21:00Z,BE,7853
2024-04-11T22:00Z,BE,7264
2024-04-11T23:00Z,BE,6864
2024-04-12T00:00Z,BE,6709
2024-04-12T01:00Z,BE,6747
2024-04-12T02:00Z,BE,6882
2024-04-12T03:00Z,BE,7437
2024-04-12T04:00Z,BE,8401
2024-04-12T05:00Z,BE,9330
2024-04-12T06:00Z,BE,9696
2024-04-12T07:00Z,BE,9956
2024-04-12T08:00Z,BE,9975
2024-04-12T09:00Z,BE,9973
2024-04-12T10:00Z,BE,9932
2024-04-12T11:00Z,BE,9905
2024-04-12T12:00Z,BE,9775
2024-04-12T13:00Z,BE,9704
2024-04-12T14:00Z,BE,9704
2024-04-12T15:00Z,BE,9915
2024-04-12T16:00Z,BE,10017
2024-04-12T17:00Z,BE,9738
2024-04-12T18:00Z,BE,9404
2024-04-12T19:00Z,BE,8970
2024-04-12T20:00Z,BE,8362
2024-04-12T21:00Z,BE,7737
2024-04-12T22:00Z,BE,6991
2024-04-12T23:00Z,BE,6843
2024-04-13T00:00Z,BE,6722
2024-04-13T01:00Z,BE,6656
2024-04-13T02:00Z,BE,6752
2024-04-13T03:00Z,BE,7082
2024-04-13T04:00Z,BE,7644
2024-04-13T05:00Z,BE,8077
2024-04-13T06:00Z,BE,8323
2024-04-13T07:00Z,BE,8433
2024-04-13T08:00Z,BE,8500
2024-04-13T09:00Z,BE,8469
2024-04-13T10:00Z,BE,8388
2024-04-13T11:00Z,BE,8310
2024-04-13T12:00Z,BE,8196
2024-04-13T13:00Z,BE,8139
2024-04-13T14:00Z,BE,8207
2024-04-13T15:00Z,BE,8406
2024-04-13T16:00Z,BE,8468
2024-04-13T17:00Z,BE,8365
2024-04-13T18:00Z,BE,8127
2024-04-13T19:00Z,BE,7905
2024-04-13T20:00Z,BE,7622
2024-04-13T21:00Z,BE,7362
2024-04-13T22:00Z,BE,6542
2024-04-13T23:00Z,BE,6454
2024-04-14T00:00Z,BE,6393
2024-04-14T01:00Z,BE,6344
2024-04-14T02:00Z,BE,6414
2024-04-14T03:00Z,BE,6641
2024-04-14T04:00Z,BE,7073
2024-04-14T05:00Z,BE,7495
2024-04-14T06:00Z,BE,7771
2024-04-14T07:00Z,BE,7799
2024-04-14T08:00Z,BE,7846
2024-04-14T09:00Z,BE,7820
2024-04-14T10:00Z,BE,7833
2024-04-14T11:00Z,BE,7803
2024-04-14T12:00Z,BE,7780
2024-04-14T13:00Z,BE,7805
2024-04-14T14:00Z,BE,7769
2024-04-14T15:00Z,BE,7834
2024-04-14T16:00Z,BE,7871
2024-04-14T17:00Z,BE,7745
2024-04-14T18:00Z,BE,7516
2024-04-14T19:00Z,BE,7311
2024-04-14T20:00Z,BE,7088
2024-04-14T21:00Z,BE,6844
2024-04-14T22:00Z,BE,7776
2024-04-14T23:00Z,BE,7499
2024-04-15T00:00Z,BE,7234
2024-04-15T01:00Z,BE,7116
2024-04-15T02:00Z,BE,7224
2024-04-15T03:00Z,BE,7740
2024-04-15T04:00Z,BE,8762
2024-04-15T05:00Z,BE,9654
2024-04-15T06:00Z,BE,10051
2024-04-15T07:00Z,BE,10385
2024-04-15T08:00Z,BE,10518
2024-04-15T09:00Z,BE,10570
2024-04-15T10:00Z,BE,10459
2024-04-15T11:00Z,BE,10399
2024-04-15T12:00Z,BE,10250
2024-04-15T13:00Z,BE,10158
2024-04-15T14:00Z,BE,10283
2024-04-15T15:00Z,BE,10561
2024-04-15T16:00Z,BE,10573
2024-04-15T17:00Z,BE,10355
2024-04-15T18:00Z,BE,9991
2024-04-15T19:00Z,BE,9593
2024-04-15T20:00Z,BE,9132
2024-04-15T21:00Z,BE,8490
2024-04-15T22:00Z,BE,7859
2024-04-15T23:00Z,BE,7584
2024-04-16T00:00Z,BE,7338
2024-04-16T01:00Z,BE,7327
2024-04-16T02:00Z,BE,7462
2024-04-16T03:00Z,BE,7927
2024-04-16T04:00Z,BE,8963
2024-04-16T05:00Z,BE,9789
2024-04-16T06:00Z,BE,10348
2024-04-16T07:00Z,BE,10582
2024-04-16T08:00Z,BE,10740
2024-04-16T09:00Z,BE,10644
2024-04-16T10:00Z,BE,10519
2024-04-16T11:00Z,BE,10409
2024-04-16T12:00Z,BE,10389
2024-04-16T13:00Z,BE,10234
2024-04-16T14:00Z,BE,10398
2024-04-16T15:00Z,BE,10662
2024-04-16T16:00Z,BE,10708
2024-04-16T17:00Z,BE,10447
2024-04-16T18:00Z,BE,9979
2024-04-16T19:00Z,BE,9575
2024-04-16T20:00Z,BE,8989
2024-04-16T21:00Z,BE,8362
2024-04-16T22:00Z,BE,7729
2024-04-16T23:00Z,BE,7527
2024-04-17T00:00Z,BE,7304
2024-04-17T01:00Z,BE,7317
2024-04-17T02:00Z,BE,7431
2024-04-17T03:00Z,BE,7960
2024-04-17T04:00Z,BE,8936
2024-04-17T05:00Z,BE,9846
2024-04-17T06:00Z,BE,10296
2024-04-17T07:00Z,BE,10542
2024-04-17T08:00Z,BE,10646
2024-04-17T09:00Z,BE,10674
2024-04-17T10:00Z,BE,10531
2024-04-17T11:00Z,BE,10499
2024-04-17T12:00Z,BE,10431
2024-04-17T13:00Z,BE,10343
2024-04-17T14:00Z,BE,10568
2024-04-17T15:00Z,BE,10692
2024-04-17T16:00Z,BE,10724
2024-04-17T17:00Z,BE,10453
2024-04-17T18:00Z,BE,10009
2024-04-17T19:00Z,BE,9571
2024-04-17T20:00Z,BE,9044
2024-04-17T21:00Z,BE,8408
2024-04-17T22:00Z,BE,7914
2024-04-17T23:00Z,BE,7595
2024-04-18T00:00Z,BE,7314
2024-04-18T01:00Z,BE,7307
2024-04-18T02:00Z,BE,7383
2024-04-18T03:00Z,BE,7983
2024-04-18T04:00Z,BE,9003
2024-04-18T05:00Z,BE,9925
2024-04-18T06:00Z,BE,10477
2024-04-18T07:00Z,BE,10772
2024-04-18T08:00Z,BE,10830
2024-04-18T09:00Z,BE,10783
2024-04-18T10:00Z,BE,10755
2024-04-18T11:00Z,BE,10586
2024-04-18T12:00Z,BE,10503
2024-04-18T13:00Z,BE,10489
2024-04-18T14:00Z,BE,10538
2024-04-18T15:00Z,BE,10723
2024-04-18T16:00Z,BE,10643
2024-04-18T17:00Z,BE,10442
2024-04-18T18:00Z,BE,10027
2024-04-18T19:00Z,BE,9673
2024-04-18T20:00Z,BE,9023
2024-04-18T21:00Z,BE,8465
2024-04-18T22:00Z,BE,7923
2024-04-18T23:00Z,BE,7663
2024-04-19T00:00Z,BE,7426
2024-04-19T01:00Z,BE,7452
2024-04-19T02:00Z,BE,7620
2024-04-19T03:00Z,BE,8150
2024-04-19T04:00Z,BE,9192
2024-04-19T05:00Z,BE,10074
2024-04-19T06:00Z,BE,10598
2024-04-19T07:00Z,BE,10819
2024-04-19T08:00Z,BE,11014
2024-04-19T09:00Z,BE,10940
2024-04-19T10:00Z,BE,10824
2024-04-19T11:00Z,BE,10649
2024-04-19T12:00Z,BE,10549
2024-04-19T13:00Z,BE,10596
2024-04-19T14:00Z,BE,10639
2024-04-19T15:00Z,BE,10879
2024-04-19T16:00Z,BE,10949
2024-04-19T17:00Z,BE,10646
2024-04-19T18:00Z,BE,10233
2024-04-19T19:00Z,BE,9788
2024-04-19T20:00Z,BE,9190
2024-04-19T21:00Z,BE,8533
2024-04-19T22:00Z,BE,7653
2024-04-19T23:00Z,BE,7529
2024-04-20T00:00Z,BE,7380
2024-04-20T01:00Z,BE,7275
2024-04-20T02:00Z,BE,7358
2024-04-20T03:00Z,BE,7634
2024-04-20T04:00Z,BE,8156
2024-04-20T05:00Z,BE,8596
2024-04-20T06:00Z,BE,8905
2024-04-20T07:00Z,BE,9064
2024-04-20T08:00Z,BE,9136
2024-04-20T09:00Z,BE,9231
2024-04-20T10:00Z,BE,9139
2024-04-20T11:00Z,BE,9128
2024-04-20T12:00Z,BE,9106
2024-04-20T13:00Z,BE,9010
2024-04-20T14:00Z,BE,9055
2024-04-20T15:00Z,BE,9199
2024-04-20T16:00Z,BE,9160
2024-04-20T17:00Z,BE,8909
2024-04-20T18:00Z,BE,8692
2024-04-20T19:00Z,BE,8467
2024-04-20T20:00Z,BE,8116
2024-04-20T21:00Z,BE,7707
2024-04-20T22:00Z,BE,6710
2024-04-20T23:00Z,BE,6610
2024-04-21T00:00Z,BE,6549
2024-04-21T01:00Z,BE,6485
2024-04-21T02:00Z,BE,6619
2024-04-21T03:00Z,BE,6894
2024-04-21T04:00Z,BE,7399
2024-04-21T05:00Z,BE,7814
2024-04-21T06:00Z,BE,8038
2024-04-21T07:00Z,BE,8144
2024-04-21T08:00Z,BE,8281
2024-04-21T09:00Z,BE,8243
2024-04-21T10:00Z,BE,8164
2024-04-21T11:00Z,BE,8078
2024-04-21T12:00Z,BE,7921
2024-04-21T13:00Z,BE,7832
2024-04-21T14:00Z,BE,7870
2024-04-21T15:00Z,BE,7928
2024-04-21T16:00Z,BE,8008
2024-04-21T17:00Z,BE,7879
2024-04-21T18:00Z,BE,7778
2024-04-21T19:00Z,BE,7603
2024-04-21T20:00Z,BE,7399
2024-04-21T21:00Z,BE,7088
2024-04-21T22:00Z,BE,7994
2024-04-21T23:00Z,BE,7641
2024-04-22T00:00Z,BE,7447
2024-04-22T01:00Z,BE,7449
2024-04-22T02:00Z,BE,7606
2024-04-22T03:00Z,BE,8183
2024-04-22T04:00Z,BE,9188
2024-04-22T05:00Z,BE,10002
2024-04-22T06:00Z,BE,10593
2024-04-22T07:00Z,BE,10866
2024-04-22T08:00Z,BE,11016
2024-04-22T09:00Z,BE,11006
2024-04-22T10:00Z,BE,10864
2024-04-22T11:00Z,BE,10866
2024-04-22T12:00Z,BE,10722
2024-04-22T13:00Z,BE,10600
2024-04-22T14:00Z,BE,10631
2024-04-22T15:00Z,BE,10833
2024-04-22T16:00Z,BE,10709
2024-04-22T17:00Z,BE,10377
2024-04-22T18:00Z,BE,10009
2024-04-22T19:00Z,BE,9596
2024-04-22T20:00Z,BE,9113
2024-04-22T21:00Z,BE,8454
2024-04-22T22:00Z,BE,7796
2024-04-22T23:00Z,BE,7444
2024-04-23T00:00Z,BE,7243
2024-04-23T01:00Z,BE,7281
2024-04-23T02:00Z,BE,7443
2024-04-23T03:00Z,BE,8057
2024-04-23T04:00Z,BE,9048
2024-04-23T05:00Z,BE,10035
2024-04-23T06:00Z,BE,10414
2024-04-23T07:00Z,BE,10673
2024-04-23T08:00Z,BE,10866
2024-04-23T09:00Z,BE,10904
2024-04-23T10:00Z,BE,10729
2024-04-23T11:00Z,BE,10653
2024-04-23T12:00Z,BE,10591
2024-04-23T13:00Z,BE,10579
2024-04-23T14:00Z,BE,10729
2024-04-23T15:00Z,BE,10808
2024-04-23T16:00Z,BE,10764
2024-04-23T17:00Z,BE,10566
2024-04-23T18:00Z,BE,10214
2024-04-23T19:00Z,BE,9833
2024-04-23T20:00Z,BE,9323
2024-04-23T21:00Z,BE,8685
2024-04-23T22:00Z,BE,7785
2024-04-23T23:00Z,BE,7572
2024-04-24T00:00Z,BE,7399
2024-04-24T01:00Z,BE,7282
2024-04-24T02:00Z,BE,7533
2024-04-24T03:00Z,BE,8023
2024-04-24T04:00Z,BE,8945
2024-04-24T05:00Z,BE,9859
2024-04-24T06:00Z,BE,10377
2024-04-24T07:00Z,BE,10672
2024-04-24T08:00Z,BE,10710
2024-04-24T09:00Z,BE,10716
2024-04-24T10:00Z,BE,10554
2024-04-24T11:00Z,BE,10448
2024-04-24T12:00Z,BE,10312
2024-04-24T13:00Z,BE,10288
2024-04-24T14:00Z,BE,10384
2024-04-24T15:00Z,BE,10573
2024-04-24T16:00Z,BE,10572
2024-04-24T17:00Z,BE,10262
2024-04-24T18:00Z,BE,9860
2024-04-24T19:00Z,BE,9553
2024-04-24T20:00Z,BE,8987
2024-04-24T21:00Z,BE,8415
2024-04-24T22:00Z,BE,7523
2024-04-24T23:00Z,BE,7216
2024-04-25T00:00Z,BE,7038
2024-04-25T01:00Z,BE,6994
2024-04-25T02:00Z,BE,7077
2024-04-25T03:00Z,BE,7662
2024-04-25T04:00Z,BE,8589
2024-04-25T05:00Z,BE,9423
2024-04-25T06:00Z,BE,9872
2024-04-25T07:00Z,BE,10175
2024-04-25T08:00Z,BE,10275
2024-04-25T09:00Z,BE,10329
2024-04-25T10:00Z,BE,10266
2024-04-25T11:00Z,BE,10190
2024-04-25T12:00Z,BE,10128
2024-04-25T13:00Z,BE,10066
2024-04-25T14:00Z,BE,10130
2024-04-25T15:00Z,BE,10391
2024-04-25T16:00Z,BE,10307
2024-04-25T17:00Z,BE,10091
2024-04-25T18:00Z,BE,9786
2024-04-25T19:00Z,BE,9354
2024-04-25T20:00Z,BE,8787
2024-04-25T21:00Z,BE,8086
2024-04-25T22:00Z,BE,7282
2024-04-25T23:00Z,BE,6977
2024-04-26T00:00Z,BE,6811
2024-04-26T01:00Z,BE,6755
2024-04-26T02:00Z,BE,6810
2024-04-26T03:00Z,BE,7368
2024-04-26T04:00Z,BE,8333
2024-04-26T05:00Z,BE,9134
2024-04-26T06:00Z,BE,9660
2024-04-26T07:00Z,BE,9837
2024-04-26T08:00Z,BE,9922
2024-04-26T09:00Z,BE,9995
2024-04-26T10:00Z,BE,10041
2024-04-26T11:00Z,BE,9909
2024-04-26T12:00Z,BE,9776
2024-04-26T13:00Z,BE,9691
2024-04-26T14:00Z,BE,9774
2024-04-26T15:00Z,BE,9932
2024-04-26T16:00Z,BE,9946
2024-04-26T17:00Z,BE,9697
2024-04-26T18:00Z,BE,9237
2024-04-26T19:00Z,BE,8865
2024-04-26T20:00Z,BE,8277
2024-04-26T21:00Z,BE,7606
2024-04-26T22:00Z,BE,6866
2024-04-26T23:00Z,BE,6728
2024-04-27T00:00Z,BE,6622
2024-04-27T01:00Z,BE,6637
2024-04-27T02:00Z,BE,6685
2024-04-27T03:00Z,BE,6963
2024-04-27T04:00Z,BE,7487
2024-04-27T05:00Z,BE,7939
2024-04-27T06:00Z,BE,8227
2024-04-27T07:00Z,BE,8362
2024-04-27T08:00Z,BE,8382
2024-04-27T09:00Z,BE,8396
2024-04-27T10:00Z,BE,8339
2024-04-27T11:00Z,BE,8300
2024-04-27T12:00Z,BE,8223
2024-04-27T13:00Z,BE,8222
2024-04-27T14:00Z,BE,8211
2024-04-27T15:00Z,BE,8282
2024-04-27T16:00Z,BE,8263
2024-04-27T17:00Z,BE,8044
2024-04-27T18:00Z,BE,7906
2024-04-27T19:00Z,BE,7716
2024-04-27T20:00Z,BE,7468
2024-04-27T21:00Z,BE,7181
2024-04-27T22:00Z,BE,6344
2024-04-27T23:00Z,BE,6181
2024-04-28T00:00Z,BE,6136
2024-04-28T01:00Z,BE,6130
2024-04-28T02:00Z,BE,6165
2024-04-28T03:00Z,BE,6451
2024-04-28T04:00Z,BE,6858
2024-04-28T05:00Z,BE,7260
2024-04-28T06:00Z,BE,7438
2024-04-28T07:00Z,BE,7546
2024-04-28T08:00Z,BE,7648
2024-04-28T09:00Z,BE,7610
2024-04-28T10:00Z,BE,7592
2024-04-28T11:00Z,BE,7601
2024-04-28T12:00Z,BE,7584
2024-04-28T13:00Z,BE,7495
2024-04-28T14:00Z,BE,7502
2024-04-28T15:00Z,BE,7580
2024-04-28T16:00Z,BE,7553
2024-04-28T17:00Z,BE,7475
2024-04-28T18:00Z,BE,7302
2024-04-28T19:00Z,BE,7036
2024-04-28T20:00Z,BE,6747
2024-04-28T21:00Z,BE,6415
2024-04-28T22:00Z,BE,7287
2024-04-28T23:00Z,BE,7048
2024-04-29T00:00Z,BE,6898
2024-04-29T01:00Z,BE,6818
2024-04-29T02:00Z,BE,6828
2024-04-29T03:00Z,BE,7368
2024-04-29T04:00Z,BE,8398
2024-04-29T05:00Z,BE,9241
2024-04-29T06:00Z,BE,9716
2024-04-29T07:00Z,BE,10042
2024-04-29T08:00Z,BE,10183
2024-04-29T09:00Z,BE,10203
2024-04-29T10:00Z,BE,10188
2024-04-29T11:00Z,BE,10081
2024-04-29T12:00Z,BE,9966
2024-04-29T13:00Z,BE,9952
2024-04-29T14:00Z,BE,9983
2024-04-29T15:00Z,BE,10137
2024-04-29T16:00Z,BE,10088
2024-04-29T17:00Z,BE,9833
2024-04-29T18:00Z,BE,9511
2024-04-29T19:00Z,BE,9099
2024-04-29T20:00Z,BE,8606
2024-04-29T21:00Z,BE,7940
2024-04-29T22:00Z,BE,7371
2024-04-29T23:00Z,BE,7102
2024-04-30T00:00Z,BE,6877
2024-04-30T01:00Z,BE,6784
2024-04-30T02:00Z,BE,6888
2024-04-30T03:00Z,BE,7425
2024-04-30T04:00Z,BE,8341
2024-04-30T05:00Z,BE,9286
2024-04-30T06:00Z,BE,9740
2024-04-30T07:00Z,BE,9999
2024-04-30T08:00Z,BE,10155
2024-04-30T09:00Z,BE,10190
2024-04-30T10:00Z,BE,10015
2024-04-30T11:00Z,BE,9914
2024-04-30T12:00Z,BE,9929
2024-04-30T13:00Z,BE,9924
2024-04-30T14:00Z,BE,9920
2024-04-30T15:00Z,BE,9975
2024-04-30T16:00Z,BE,9959
2024-04-30T17:00Z,BE,9665
2024-04-30T18:00Z,BE,9344
2024-04-30T19:00Z,BE,8992
2024-04-30T20:00Z,BE,8386
2024-04-30T21:00Z,BE,7810
2024-04-30T22:00Z,BE,6236
2024-04-30T23:00Z,BE,6091
2024-05-01T00:00Z,BE,6050
2024-05-01T01:00Z,BE,6048
2024-05-01T02:00Z,BE,6148
2024-05-01T03:00Z,BE,6380
2024-05-01T04:00Z,BE,6801
2024-05-01T05:00Z,BE,7205
2024-05-01T06:00Z,BE,7504
2024-05-01T07:00Z,BE,7655
2024-05-01T08:00Z,BE,7652
2024-05-01T09:00Z,BE,7738
2024-05-01T10:00Z,BE,7605
2024-05-01T11:00Z,BE,7553
2024-05-01T12:00Z,BE,7507
2024-05-01T13:00Z,BE,7501
2024-05-01T14:00Z,BE,7583
2024-05-01T15:00Z,BE,7546
2024-05-01T16:00Z,BE,7596
2024-05-01T17:00Z,BE,7500
2024-05-01T18:00Z,BE,7354
2024-05-01T19:00Z,BE,7191
2024-05-01T20:00Z,BE,6999
2024-05-01T21:00Z,BE,6747
2024-05-01T22:00Z,BE,7543
2024-05-01T23:00Z,BE,7287
2024-05-02T00:00Z,BE,6945
2024-05-02T01:00Z,BE,6931
2024-05-02T02:00Z,BE,6961
2024-05-02T03:00Z,BE,7522
2024-05-02T04:00Z,BE,8414
2024-05-02T05:00Z,BE,9237
2024-05-02T06:00Z,BE,9823
2024-05-02T07:00Z,BE,10080
2024-05-02T08:00Z,BE,10147
2024-05-02T09:00Z,BE,10146
2024-05-02T10:00Z,BE,10011
2024-05-02T11:00Z,BE,9936
2024-05-02T12:00Z,BE,9748
2024-05-02T13:00Z,BE,9677
2024-05-02T14:00Z,BE,9672
2024-05-02T15:00Z,BE,9803
2024-05-02T16:00Z,BE,9819
2024-05-02T17:00Z,BE,9607
2024-05-02T18:00Z,BE,9240
2024-05-02T19:00Z,BE,8822
2024-05-02T20:00Z,BE,8377
2024-05-02T21:00Z,BE,7688
2024-05-02T22:00Z,BE,7222
2024-05-02T23:00Z,BE,6955
2024-05-03T00:00Z,BE,6819
2024-05-03T01:00Z,BE,6723
2024-05-03T02:00Z,BE,6897
2024-05-03T03:00Z,BE,7438
2024-05-03T04:00Z,BE,8316
2024-05-03T05:00Z,BE,9132
2024-05-03T06:00Z,BE,9563
2024-05-03T07:00Z,BE,9867
2024-05-03T08:00Z,BE,9974
2024-05-03T09:00Z,BE,9993
2024-05-03T10:00Z,BE,9976
2024-05-03T11:00Z,BE,9818
2024-05-03T12:00Z,BE,9711
2024-05-03T13:00Z,BE,9711
2024-05-03T14:00Z,BE,9805
2024-05-03T15:00Z,BE,9937
2024-05-03T16:00Z,BE,9943
2024-05-03T17:00Z,BE,9657
2024-05-03T18:00Z,BE,9274
2024-05-03T19:00Z,BE,8923
2024-05-03T20:00Z,BE,8359
2024-05-03T21:00Z,BE,7874
2024-05-03T22:00Z,BE,7109
2024-05-03T23:00Z,BE,6988
2024-05-04T00:00Z,BE,6946
2024-05-04T01:00Z,BE,6907
2024-05-04T02:00Z,BE,7002
2024-05-04T03:00Z,BE,7287
2024-05-04T04:00Z,BE,7755
2024-05-04T05:00Z,BE,8136
2024-05-04T06:00Z,BE,8414
2024-05-04T07:00Z,BE,8554
2024-05-04T08:00Z,BE,8628
2024-05-04T09:00Z,BE,8564
2024-05-04T10:00Z,BE,8593
2024-05-04T11:00Z,BE,8575
2024-05-04T12:00Z,BE,8553
2024-05-04T13:00Z,BE,8521
2024-05-04T14:00Z,BE,8480
2024-05-04T15:00Z,BE,8499
2024-05-04T16:00Z,BE,8451
2024-05-04T17:00Z,BE,8295
2024-05-04T18:00Z,BE,8128
2024-05-04T19:00Z,BE,7870
2024-05-04T20:00Z,BE,7675
2024-05-04T21:00Z,BE,7320
2024-05-04T22:00Z,BE,6179
2024-05-04T23:00Z,BE,6071
2024-05-05T00:00Z,BE,5983
2024-05-05T01:00Z,BE,5973
2024-05-05T02:00Z,BE,5959
2024-05-05T03:00Z,BE,6168
2024-05-05T04:00Z,BE,6573
2024-05-05T05:00Z,BE,7002
2024-05-05T06:00Z,BE,7295
2024-05-05T07:00Z,BE,7472
2024-05-05T08:00Z,BE,7607
2024-05-05T09:00Z,BE,7664
2024-05-05T10:00Z,BE,7602
2024-05-05T11:00Z,BE,7548
2024-05-05T12:00Z,BE,7531
2024-05-05T13:00Z,BE,7503
2024-05-05T14:00Z,BE,7553
2024-05-05T15:00Z,BE,7615
2024-05-05T16:00Z,BE,7562
2024-05-05T17:00Z,BE,7336
2024-05-05T18:00Z,BE,7153
2024-05-05T19:00Z,BE,7111
2024-05-05T20:00Z,BE,6771
2024-05-05T21:00Z,BE,6449
2024-05-05T22:00Z,BE,7089
2024-05-05T23:00Z,BE,6803
2024-05-06T00:00Z,BE,6555
2024-05-06T01:00Z,BE,6562
2024-05-06T02:00Z,BE,6669
2024-05-06T03:00Z,BE,7216
2024-05-06T04:00Z,BE,8115
2024-05-06T05:00Z,BE,8961
2024-05-06T06:00Z,BE,9366
2024-05-06T07:00Z,BE,9667
2024-05-06T08:00Z,BE,9832
2024-05-06T09:00Z,BE,9882
2024-05-06T10:00Z,BE,9780
2024-05-06T11:00Z,BE,9739
2024-05-06T12:00Z,BE,9650
2024-05-06T13:00Z,BE,9669
2024-05-06T14:00Z,BE,9676
2024-05-06T15:00Z,BE,9877
2024-05-06T16:00Z,BE,9831
2024-05-06T17:00Z,BE,9604
2024-05-06T18:00Z,BE,9324
2024-05-06T19:00Z,BE,8965
2024-05-06T20:00Z,BE,8521
2024-05-06T21:00Z,BE,7750
2024-05-06T22:00Z,BE,7244
2024-05-06T23:00Z,BE,6939
2024-05-07T00:00Z,BE,6796
2024-05-07T01:00Z,BE,6692
2024-05-07T02:00Z,BE,6745
2024-05-07T03:00Z,BE,7348
2024-05-07T04:00Z,BE,8263
2024-05-07T05:00Z,BE,9111
2024-05-07T06:00Z,BE,9451
2024-05-07T07:00Z,BE,9809
2024-05-07T08:00Z,BE,9952
2024-05-07T09:00Z,BE,9937
2024-05-07T10:00Z,BE,9898
2024-05-07T11:00Z,BE,9787
2024-05-07T12:00Z,BE,9658
2024-05-07T13:00Z,BE,9581
2024-05-07T14:00Z,BE,9589
2024-05-07T15:00Z,BE,9793
2024-05-07T16:00Z,BE,9782
2024-05-07T17:00Z,BE,9510
2024-05-07T18:00Z,BE,9204
2024-05-07T19:00Z,BE,8877
2024-05-07T20:00Z,BE,8369
2024-05-07T21:00Z,BE,7803
2024-05-07T22:00Z,BE,7424
2024-05-07T23:00Z,BE,7130
2024-05-08T00:00Z,BE,6887
2024-05-08T01:00Z,BE,6800
2024-05-08T02:00Z,BE,6930
2024-05-08T03:00Z,BE,7451
2024-05-08T04:00Z,BE,8341
2024-05-08T05:00Z,BE,9224
2024-05-08T06:00Z,BE,9732
2024-05-08T07:00Z,BE,10023
2024-05-08T08:00Z,BE,10184
2024-05-08T09:00Z,BE,10263
2024-05-08T10:00Z,BE,10181
2024-05-08T11:00Z,BE,10154
2024-05-08T12:00Z,BE,10089
2024-05-08T13:00Z,BE,10089
2024-05-08T14:00Z,BE,10125
2024-05-08T15:00Z,BE,10200
2024-05-08T16:00Z,BE,10132
2024-05-08T17:00Z,BE,9860
2024-05-08T18:00Z,BE,9534
2024-05-08T19:00Z,BE,9162
2024-05-08T20:00Z,BE,8609
2024-05-08T21:00Z,BE,7970
2024-05-08T22:00Z,BE,6394
2024-05-08T23:00Z,BE,6199
2024-05-09T00:00Z,BE,6124
2024-05-09T01:00Z,BE,6035
2024-05-09T02:00Z,BE,6112
2024-05-09T03:00Z,BE,6318
2024-05-09T04:00Z,BE,6781
2024-05-09T05:00Z,BE,7314
2024-05-09T06:00Z,BE,7430
2024-05-09T07:00Z,BE,7643
2024-05-09T08:00Z,BE,7685
2024-05-09T09:00Z,BE,7668
2024-05-09T10:00Z,BE,7608
2024-05-09T11:00Z,BE,7581
2024-05-09T12:00Z,BE,7611
2024-05-09T13:00Z,BE,7580
2024-05-09T14:00Z,BE,7617
2024-05-09T15:00Z,BE,7643
2024-05-09T16:00Z,BE,7597
2024-05-09T17:00Z,BE,7477
2024-05-09T18:00Z,BE,7312
2024-05-09T19:00Z,BE,7094
2024-05-09T20:00Z,BE,6852
2024-05-09T21:00Z,BE,6576
2024-05-09T22:00Z,BE,7316
2024-05-09T23:00Z,BE,7092
2024-05-10T00:00Z,BE,6815
2024-05-10T01:00Z,BE,6832
2024-05-10T02:00Z,BE,6943
2024-05-10T03:00Z,BE,7493
2024-05-10T04:00Z,BE,8257
2024-05-10T05:00Z,BE,9066
2024-05-10T06:00Z,BE,9564
2024-05-10T07:00Z,BE,9823
2024-05-10T08:00Z,BE,9847
2024-05-10T09:00Z,BE,10001
2024-05-10T10:00Z,BE,9983
2024-05-10T11:00Z,BE,9842
2024-05-10T12:00Z,BE,9743
2024-05-10T13:00Z,BE,9719
2024-05-10T14:00Z,BE,9731
2024-05-10T15:00Z,BE,9842
2024-05-10T16:00Z,BE,9833
2024-05-10T17:00Z,BE,9617
2024-05-10T18:00Z,BE,9359
2024-05-10T19:00Z,BE,9066
2024-05-10T20:00Z,BE,8534
2024-05-10T21:00Z,BE,7928
2024-05-10T22:00Z,BE,7187
2024-05-10T23:00Z,BE,6930
2024-05-11T00:00Z,BE,6821
2024-05-11T01:00Z,BE,6762
2024-05-11T02:00Z,BE,6760
2024-05-11T03:00Z,BE,7115
2024-05-11T04:00Z,BE,7627
2024-05-11T05:00Z,BE,8011
2024-05-11T06:00Z,BE,8276
2024-05-11T07:00Z,BE,8390
2024-05-11T08:00Z,BE,8589
2024-05-11T09:00Z,BE,8613
2024-05-11T10:00Z,BE,8550
2024-05-11T11:00Z,BE,8467
2024-05-11T12:00Z,BE,8486
2024-05-11T13:00Z,BE,8501
2024-05-11T14:00Z,BE,8435
2024-05-11T15:00Z,BE,8586
2024-05-11T16:00Z,BE,8561
2024-05-11T17:00Z,BE,8427
2024-05-11T18:00Z,BE,8294
2024-05-11T19:00Z,BE,8089
2024-05-11T20:00Z,BE,7667
2024-05-11T21:00Z,BE,7299
2024-05-11T22:00Z,BE,6325
2024-05-11T23:00Z,BE,6171
2024-05-12T00:00Z,BE,6080
2024-05-12T01:00Z,BE,6106
2024-05-12T02:00Z,BE,6151
2024-05-12T03:00Z,BE,6449
2024-05-12T04:00Z,BE,6923
2024-05-12T05:00Z,BE,7256
2024-05-12T06:00Z,BE,7440
2024-05-12T07:00Z,BE,7615
2024-05-12T08:00Z,BE,7636
2024-05-12T09:00Z,BE,7677
2024-05-12T10:00Z,BE,7605
2024-05-12T11:00Z,BE,7596
2024-05-12T12:00Z,BE,7565
2024-05-12T13:00Z,BE,7435
2024-05-12T14:00Z,BE,7489
2024-05-12T15:00Z,BE,7539
2024-05-12T16:00Z,BE,7441
2024-05-12T17:00Z,BE,7348
2024-05-12T18:00Z,BE,7222
2024-05-12T19:00Z,BE,7096
2024-05-12T20:00Z,BE,6878
2024-05-12T21:00Z,BE,6582
2024-05-12T22:00Z,BE,7154
2024-05-12T23:00Z,BE,6903
2024-05-13T00:00Z,BE,6704
2024-05-13T01:00Z,BE,6739
2024-05-13T02:00Z,BE,6936
2024-05-13T03:00Z,BE,7348
2024-05-13T04:00Z,BE,8220
2024-05-13T05:00Z,BE,9054
2024-05-13T06:00Z,BE,9471
2024-05-13T07:00Z,BE,9812
2024-05-13T08:00Z,BE,9928
2024-05-13T09:00Z,BE,9981
2024-05-13T10:00Z,BE,9909
2024-05-13T11:00Z,BE,9869
2024-05-13T12:00Z,BE,9856
2024-05-13T13:00Z,BE,9838
2024-05-13T14:00Z,BE,9860
2024-05-13T15:00Z,BE,9883
2024-05-13T16:00Z,BE,9850
2024-05-13T17:00Z,BE,9524
2024-05-13T18:00Z,BE,9264
2024-05-13T19:00Z,BE,8906
2024-05-13T20:00Z,BE,8395
2024-05-13T21:00Z,BE,7780
2024-05-13T22:00Z,BE,7432
2024-05-13T23:00Z,BE,7152
2024-05-14T00:00Z,BE,7026
2024-05-14T01:00Z,BE,6824
2024-05-14T02:00Z,BE,6928
2024-05-14T03:00Z,BE,7597
2024-05-14T04:00Z,BE,8466
2024-05-14T05:00Z,BE,9350
2024-05-14T06:00Z,BE,9813
2024-05-14T07:00Z,BE,10076
2024-05-14T08:00Z,BE,10188
2024-05-14T09:00Z,BE,10322
2024-05-14T10:00Z,BE,10209
2024-05-14T11:00Z,BE,10208
2024-05-14T12:00Z,BE,10055
2024-05-14T13:00Z,BE,9866
2024-05-14T14:00Z,BE,9850
2024-05-14T15:00Z,BE,9995
2024-05-14T16:00Z,BE,9881
2024-05-14T17:00Z,BE,9686
2024-05-14T18:00Z,BE,9341
2024-05-14T19:00Z,BE,8984
2024-05-14T20:00Z,BE,8519
2024-05-14T21:00Z,BE,7916
2024-05-14T22:00Z,BE,7349
2024-05-14T23:00Z,BE,7079
2024-05-15T00:00Z,BE,6947
2024-05-15T01:00Z,BE,6911
2024-05-15T02:00Z,BE,7085
2024-05-15T03:00Z,BE,7608
2024-05-15T04:00Z,BE,8466
2024-05-15T05:00Z,BE,9277
2024-05-15T06:00Z,BE,9781
2024-05-15T07:00Z,BE,10027
2024-05-15T08:00Z,BE,10154
2024-05-15T09:00Z,BE,10183
2024-05-15T10:00Z,BE,10242
2024-05-15T11:00Z,BE,10018
2024-05-15T12:00Z,BE,9868
2024-05-15T13:00Z,BE,9871
2024-05-15T14:00Z,BE,9869
2024-05-15T15:00Z,BE,9962
2024-05-15T16:00Z,BE,9925
2024-05-15T17:00Z,BE,9669
2024-05-15T18:00Z,BE,9414
2024-05-15T19:00Z,BE,9131
2024-05-15T20:00Z,BE,8670
2024-05-15T21:00Z,BE,7998
2024-05-15T22:00Z,BE,7448
2024-05-15T23:00Z,BE,7134
2024-05-16T00:00Z,BE,6805
2024-05-16T01:00Z,BE,6604
2024-05-16T02:00Z,BE,6745
2024-05-16T03:00Z,BE,7189
2024-05-16T04:00Z,BE,7996
2024-05-16T05:00Z,BE,8874
2024-05-16T06:00Z,BE,9355
2024-05-16T07:00Z,BE,9670
2024-05-16T08:00Z,BE,9853
2024-05-16T09:00Z,BE,9935
2024-05-16T10:00Z,BE,9940
2024-05-16T11:00Z,BE,9885
2024-05-16T12:00Z,BE,9756
2024-05-16T13:00Z,BE,9743
2024-05-16T14:00Z,BE,9740
2024-05-16T15:00Z,BE,9854
2024-05-16T16:00Z,BE,9947
2024-05-16T17:00Z,BE,9721
2024-05-16T18:00Z,BE,9492
2024-05-16T19:00Z,BE,9175
2024-05-16T20:00Z,BE,8636
2024-05-16T21:00Z,BE,7972
2024-05-16T22:00Z,BE,7490
2024-05-16T23:00Z,BE,7242
2024-05-17T00:00Z,BE,7075
2024-05-17T01:00Z,BE,6979
2024-05-17T02:00Z,BE,7075
2024-05-17T03:00Z,BE,7508
2024-05-17T04:00Z,BE,8316
2024-05-17T05:00Z,BE,9242
2024-05-17T06:00Z,BE,9685
2024-05-17T07:00Z,BE,9935
2024-05-17T08:00Z,BE,10092
2024-05-17T09:00Z,BE,10137
2024-05-17T10:00Z,BE,10169
2024-05-17T11:00Z,BE,9976
2024-05-17T12:00Z,BE,9791
2024-05-17T13:00Z,BE,9643
2024-05-17T14:00Z,BE,9687
2024-05-17T15:00Z,BE,9740
2024-05-17T16:00Z,BE,9725
2024-05-17T17:00Z,BE,9457
2024-05-17T18:00Z,BE,9198
2024-05-17T19:00Z,BE,8859
2024-05-17T20:00Z,BE,8376
2024-05-17T21:00Z,BE,7827
2024-05-17T22:00Z,BE,7355
2024-05-17T23:00Z,BE,7146
2024-05-18T00:00Z,BE,7131
2024-05-18T01:00Z,BE,7108
2024-05-18T02:00Z,BE,7091
2024-05-18T03:00Z,BE,7416
2024-05-18T04:00Z,BE,7898
2024-05-18T05:00Z,BE,8344
2024-05-18T06:00Z,BE,8617
2024-05-18T07:00Z,BE,8789
2024-05-18T08:00Z,BE,8797
2024-05-18T09:00Z,BE,8912
2024-05-18T10:00Z,BE,8905
2024-05-18T11:00Z,BE,8770
2024-05-18T12:00Z,BE,8773
2024-05-18T13:00Z,BE,8706
2024-05-18T14:00Z,BE,8711
2024-05-18T15:00Z,BE,8753
2024-05-18T16:00Z,BE,8711
2024-05-18T17:00Z,BE,8516
2024-05-18T18:00Z,BE,8417
2024-05-18T19:00Z,BE,8318
2024-05-18T20:00Z,BE,7916
2024-05-18T21:00Z,BE,7534
2024-05-18T22:00Z,BE,6665
2024-05-18T23:00Z,BE,6491
2024-05-19T00:00Z,BE,6400
2024-05-19T01:00Z,BE,6396
2024-05-19T02:00Z,BE,6378
2024-05-19T03:00Z,BE,6576
2024-05-19T04:00Z,BE,7068
2024-05-19T05:00Z,BE,7458
2024-05-19T06:00Z,BE,7891
2024-05-19T07:00Z,BE,8008
2024-05-19T08:00Z,BE,8087
2024-05-19T09:00Z,BE,8073
2024-05-19T10:00Z,BE,7983
2024-05-19T11:00Z,BE,7958
2024-05-19T12:00Z,BE,7890
2024-05-19T13:00Z,BE,7944
2024-05-19T14:00Z,BE,7893
2024-05-19T15:00Z,BE,7949
2024-05-19T16:00Z,BE,7941
2024-05-19T17:00Z,BE,7773
2024-05-19T18:00Z,BE,7640
2024-05-19T19:00Z,BE,7509
2024-05-19T20:00Z,BE,7174
2024-05-19T21:00Z,BE,6779
2024-05-19T22:00Z,BE,6291
2024-05-19T23:00Z,BE,6176
2024-05-20T00:00Z,BE,6108
2024-05-20T01:00Z,BE,6010
2024-05-20T02:00Z,BE,6101
2024-05-20T03:00Z,BE,6384
2024-05-20T04:00Z,BE,6811
2024-05-20T05:00Z,BE,7267
2024-05-20T06:00Z,BE,7510
2024-05-20T07:00Z,BE,7569
2024-05-20T08:00Z,BE,7643
2024-05-20T09:00Z,BE,7714
2024-05-20T10:00Z,BE,7734
2024-05-20T11:00Z,BE,7671
2024-05-20T12:00Z,BE,7621
2024-05-20T13:00Z,BE,7678
2024-05-20T14:00Z,BE,7668
2024-05-20T15:00Z,BE,7797
2024-05-20T16:00Z,BE,7743
2024-05-20T17:00Z,BE,7592
2024-05-20T18:00Z,BE,7381
2024-05-20T19:00Z,BE,7246
2024-05-20T20:00Z,BE,6993
2024-05-20T21:00Z,BE,6728
2024-05-20T22:00Z,BE,7497
2024-05-20T23:00Z,BE,7199
2024-05-21T00:00Z,BE,6975
2024-05-21T01:00Z,BE,6891
2024-05-21T02:00Z,BE,6930
2024-05-21T03:00Z,BE,7499
2024-05-21T04:00Z,BE,8423
2024-05-21T05:00Z,BE,9194
2024-05-21T06:00Z,BE,9673
2024-05-21T07:00Z,BE,9999
2024-05-21T08:00Z,BE,10121
2024-05-21T09:00Z,BE,10229
2024-05-21T10:00Z,BE,10231
2024-05-21T11:00Z,BE,10102
2024-05-21T12:00Z,BE,10006
2024-05-21T13:00Z,BE,10051
2024-05-21T14:00Z,BE,10091
2024-05-21T15:00Z,BE,10148
2024-05-21T16:00Z,BE,10177
2024-05-21T17:00Z,BE,9983
2024-05-21T18:00Z,BE,9661
2024-05-21T19:00Z,BE,9242
2024-05-21T20:00Z,BE,8706
2024-05-21T21:00Z,BE,8009
2024-05-21T22:00Z,BE,7628
2024-05-21T23:00Z,BE,7313
2024-05-22T00:00Z,BE,7085
2024-05-22T01:00Z,BE,7029
2024-05-22T02:00Z,BE,7176
2024-05-22T03:00Z,BE,7705
2024-05-22T04:00Z,BE,8585
2024-05-22T05:00Z,BE,9429
2024-05-22T06:00Z,BE,9909
2024-05-22T07:00Z,BE,10251
2024-05-22T08:00Z,BE,10377
2024-05-22T09:00Z,BE,10484
2024-05-22T10:00Z,BE,10431
2024-05-22T11:00Z,BE,10340
2024-05-22T12:00Z,BE,10229
2024-05-22T13:00Z,BE,10095
2024-05-22T14:00Z,BE,10038
2024-05-22T15:00Z,BE,10040
2024-05-22T16:00Z,BE,10047
2024-05-22T17:00Z,BE,9820
2024-05-22T18:00Z,BE,9609
2024-05-22T19:00Z,BE,9308
2024-05-22T20:00Z,BE,8794
2024-05-22T21:00Z,BE,8125
2024-05-22T22:00Z,BE,7463
2024-05-22T23:00Z,BE,7172
2024-05-23T00:00Z,BE,7000
2024-05-23T01:00Z,BE,6876
2024-05-23T02:00Z,BE,6919
2024-05-23T03:00Z,BE,7527
2024-05-23T04:00Z,BE,8407
2024-05-23T05:00Z,BE,9253
2024-05-23T06:00Z,BE,9789
2024-05-23T07:00Z,BE,10087
2024-05-23T08:00Z,BE,10276
2024-05-23T09:00Z,BE,10353
2024-05-23T10:00Z,BE,10363
2024-05-23T11:00Z,BE,10222
2024-05-23T12:00Z,BE,10172
2024-05-23T13:00Z,BE,10139
2024-05-23T14:00Z,BE,10061
2024-05-23T15:00Z,BE,9999
2024-05-23T16:00Z,BE,9957
2024-05-23T17:00Z,BE,9699
2024-05-23T18:00Z,BE,9424
2024-05-23T19:00Z,BE,9158
2024-05-23T20:00Z,BE,8617
2024-05-23T21:00Z,BE,7994
2024-05-23T22:00Z,BE,7379
2024-05-23T23:00Z,BE,7147
2024-05-24T00:00Z,BE,6959
2024-05-24T01:00Z,BE,6846
2024-05-24T02:00Z,BE,6951
2024-05-24T03:00Z,BE,7455
2024-05-24T04:00Z,BE,8282
2024-05-24T05:00Z,BE,9170
2024-05-24T06:00Z,BE,9698
2024-05-24T07:00Z,BE,9960
2024-05-24T08:00Z,BE,10103
2024-05-24T09:00Z,BE,10148
2024-05-24T10:00Z,BE,10182
2024-05-24T11:00Z,BE,10093
2024-05-24T12:00Z,BE,10030
2024-05-24T13:00Z,BE,10021
2024-05-24T14:00Z,BE,10111
2024-05-24T15:00Z,BE,10083
2024-05-24T16:00Z,BE,9961
2024-05-24T17:00Z,BE,9836
2024-05-24T18:00Z,BE,9591
2024-05-24T19:00Z,BE,9255
2024-05-24T20:00Z,BE,8685
2024-05-24T21:00Z,BE,7943
2024-05-24T22:00Z,BE,6781
2024-05-24T23:00Z,BE,6746
2024-05-25T00:00Z,BE,6581
2024-05-25T01:00Z,BE,6520
2024-05-25T02:00Z,BE,6620
2024-05-25T03:00Z,BE,6857
2024-05-25T04:00Z,BE,7292
2024-05-25T05:00Z,BE,7743
2024-05-25T06:00Z,BE,8063
2024-05-25T07:00Z,BE,8302
2024-05-25T08:00Z,BE,8402
2024-05-25T09:00Z,BE,8381
2024-05-25T10:00Z,BE,8374
2024-05-25T11:00Z,BE,8339
2024-05-25T12:00Z,BE,8284
2024-05-25T13:00Z,BE,8182
2024-05-25T14:00Z,BE,8177
2024-05-25T15:00Z,BE,8199
2024-05-25T16:00Z,BE,8211
2024-05-25T17:00Z,BE,8120
2024-05-25T18:00Z,BE,7985
2024-05-25T19:00Z,BE,7795
2024-05-25T20:00Z,BE,7542
2024-05-25T21:00Z,BE,7214
2024-05-25T22:00Z,BE,6181
2024-05-25T23:00Z,BE,6126
2024-05-26T00:00Z,BE,6039
2024-05-26T01:00Z,BE,6004
2024-05-26T02:00Z,BE,6008
2024-05-26T03:00Z,BE,6201
2024-05-26T04:00Z,BE,6599
2024-05-26T05:00Z,BE,7019
2024-05-26T06:00Z,BE,7314
2024-05-26T07:00Z,BE,7433
2024-05-26T08:00Z,BE,7485
2024-05-26T09:00Z,BE,7509
2024-05-26T10:00Z,BE,7454
2024-05-26T11:00Z,BE,7376
2024-05-26T12:00Z,BE,7380
2024-05-26T13:00Z,BE,7235
2024-05-26T14:00Z,BE,7263
2024-05-26T15:00Z,BE,7219
2024-05-26T16:00Z,BE,7129
2024-05-26T17:00Z,BE,7099
2024-05-26T18:00Z,BE,7105
2024-05-26T19:00Z,BE,6963
2024-05-26T20:00Z,BE,6671
2024-05-26T21:00Z,BE,6454
2024-05-26T22:00Z,BE,7130
2024-05-26T23:00Z,BE,6873
2024-05-27T00:00Z,BE,6724
2024-05-27T01:00Z,BE,6637
2024-05-27T02:00Z,BE,6808
2024-05-27T03:00Z,BE,7275
2024-05-27T04:00Z,BE,8081
2024-05-27T05:00Z,BE,8975
2024-05-27T06:00Z,BE,9443
2024-05-27T07:00Z,BE,9788
2024-05-27T08:00Z,BE,9969
2024-05-27T09:00Z,BE,10034
2024-05-27T10:00Z,BE,9971
2024-05-27T11:00Z,BE,9818
2024-05-27T12:00Z,BE,9760
2024-05-27T13:00Z,BE,9623
2024-05-27T14:00Z,BE,9566
2024-05-27T15:00Z,BE,9582
2024-05-27T16:00Z,BE,9532
2024-05-27T17:00Z,BE,9324
2024-05-27T18:00Z,BE,9094
2024-05-27T19:00Z,BE,8869
2024-05-27T20:00Z,BE,8407
2024-05-27T21:00Z,BE,7780
2024-05-27T22:00Z,BE,7223
2024-05-27T23:00Z,BE,6959
2024-05-28T00:00Z,BE,6698
2024-05-28T01:00Z,BE,6612
2024-05-28T02:00Z,BE,6708
2024-05-28T03:00Z,BE,7125
2024-05-28T04:00Z,BE,7965
2024-05-28T05:00Z,BE,8851
2024-05-28T06:00Z,BE,9349
2024-05-28T07:00Z,BE,9631
2024-05-28T08:00Z,BE,9856
2024-05-28T09:00Z,BE,9897
2024-05-28T10:00Z,BE,9924
2024-05-28T11:00Z,BE,9864
2024-05-28T12:00Z,BE,9682
2024-05-28T13:00Z,BE,9630
2024-05-28T14:00Z,BE,9646
2024-05-28T15:00Z,BE,9614
2024-05-28T16:00Z,BE,9575
2024-05-28T17:00Z,BE,9430
2024-05-28T18:00Z,BE,9273
2024-05-28T19:00Z,BE,8882
2024-05-28T20:00Z,BE,8300
2024-05-28T21:00Z,BE,7653
2024-05-28T22:00Z,BE,7167
2024-05-28T23:00Z,BE,6932
2024-05-29T00:00Z,BE,6760
2024-05-29T01:00Z,BE,6778
2024-05-29T02:00Z,BE,6801
2024-05-29T03:00Z,BE,7293
2024-05-29T04:00Z,BE,8206
2024-05-29T05:00Z,BE,8883
2024-05-29T06:00Z,BE,9442
2024-05-29T07:00Z,BE,9724
2024-05-29T08:00Z,BE,9900
2024-05-29T09:00Z,BE,9958
2024-05-29T10:00Z,BE,9807
2024-05-29T11:00Z,BE,9684
2024-05-29T12:00Z,BE,9653
2024-05-29T13:00Z,BE,9656
2024-05-29T14:00Z,BE,9627
2024-05-29T15:00Z,BE,9669
2024-05-29T16:00Z,BE,9595
2024-05-29T17:00Z,BE,9271
2024-05-29T18:00Z,BE,8970
2024-05-29T19:00Z,BE,8617
2024-05-29T20:00Z,BE,8048
2024-05-29T21:00Z,BE,7500
2024-05-29T22:00Z,BE,7156
2024-05-29T23:00Z,BE,6885
2024-05-30T00:00Z,BE,6672
2024-05-30T01:00Z,BE,6543
2024-05-30T02:00Z,BE,6673
2024-05-30T03:00Z,BE,7180
2024-05-30T04:00Z,BE,8079
2024-05-30T05:00Z,BE,8961
2024-05-30T06:00Z,BE,9497
2024-05-30T07:00Z,BE,9865
2024-05-30T08:00Z,BE,10051
2024-05-30T09:00Z,BE,9994
2024-05-30T10:00Z,BE,10100
2024-05-30T11:00Z,BE,10045
2024-05-30T12:00Z,BE,9954
2024-05-30T13:00Z,BE,9772
2024-05-30T14:00Z,BE,9641
2024-05-30T15:00Z,BE,9789
2024-05-30T16:00Z,BE,9729
2024-05-30T17:00Z,BE,9482
2024-05-30T18:00Z,BE,9197
2024-05-30T19:00Z,BE,8886
2024-05-30T20:00Z,BE,8370
2024-05-30T21:00Z,BE,7718
2024-05-30T22:00Z,BE,7313
2024-05-30T23:00Z,BE,7057
2024-05-31T00:00Z,BE,6849
2024-05-31T01:00Z,BE,6709
2024-05-31T02:00Z,BE,6812
2024-05-31T03:00Z,BE,7289
2024-05-31T04:00Z,BE,8223
2024-05-31T05:00Z,BE,9091
2024-05-31T06:00Z,BE,9711
2024-05-31T07:00Z,BE,10028
2024-05-31T08:00Z,BE,10247
2024-05-31T09:00Z,BE,10230
2024-05-31T10:00Z,BE,10168
2024-05-31T11:00Z,BE,10012
2024-05-31T12:00Z,BE,10002
2024-05-31T13:00Z,BE,9949
2024-05-31T14:00Z,BE,9909
2024-05-31T15:00Z,BE,9826
2024-05-31T16:00Z,BE,9659
2024-05-31T17:00Z,BE,9352
2024-05-31T18:00Z,BE,9208
2024-05-31T19:00Z,BE,8901
2024-05-31T20:00Z,BE,8485
2024-05-31T21:00Z,BE,7877
2024-05-31T22:00Z,BE,6851
2024-05-31T23:00Z,BE,6677
2024-06-01T00:00Z,BE,6566
2024-06-01T01:00Z,BE,6597
2024-06-01T02:00Z,BE,6691
2024-06-01T03:00Z,BE,6905
2024-06-01T04:00Z,BE,7340
2024-06-01T05:00Z,BE,7714
2024-06-01T06:00Z,BE,8011
2024-06-01T07:00Z,BE,8074
2024-06-01T08:00Z,BE,8137
2024-06-01T09:00Z,BE,8122
2024-06-01T10:00Z,BE,8081
2024-06-01T11:00Z,BE,8077
2024-06-01T12:00Z,BE,8122
2024-06-01T13:00Z,BE,8041
2024-06-01T14:00Z,BE,8017
2024-06-01T15:00Z,BE,7969
2024-06-01T16:00Z,BE,7945
2024-06-01T17:00Z,BE,7890
2024-06-01T18:00Z,BE,7754
2024-06-01T19:00Z,BE,7671
2024-06-01T20:00Z,BE,7470
2024-06-01T21:00Z,BE,7132
2024-06-01T22:00Z,BE,6256
2024-06-01T23:00Z,BE,6161
2024-06-02T00:00Z,BE,6009
2024-06-02T01:00Z,BE,6049
2024-06-02T02:00Z,BE,6027
2024-06-02T03:00Z,BE,6270
2024-06-02T04:00Z,BE,6717
2024-06-02T05:00Z,BE,7121
2024-06-02T06:00Z,BE,7427
2024-06-02T07:00Z,BE,7548
2024-06-02T08:00Z,BE,7550
2024-06-02T09:00Z,BE,7593
2024-06-02T10:00Z,BE,7550
2024-06-02T11:00Z,BE,7483
2024-06-02T12:00Z,BE,7399
2024-06-02T13:00Z,BE,7353
2024-06-02T14:00Z,BE,7402
2024-06-02T15:00Z,BE,7452
2024-06-02T16:00Z,BE,7409
2024-06-02T17:00Z,BE,7196
2024-06-02T18:00Z,BE,7133
2024-06-02T19:00Z,BE,7031
2024-06-02T20:00Z,BE,6817
2024-06-02T21:00Z,BE,6564
2024-06-02T22:00Z,BE,7169
2024-06-02T23:00Z,BE,6893
2024-06-03T00:00Z,BE,6793
2024-06-03T01:00Z,BE,6724
2024-06-03T02:00Z,BE,6870
2024-06-03T03:00Z,BE,7381
2024-06-03T04:00Z,BE,8162
2024-06-03T05:00Z,BE,9065
2024-06-03T06:00Z,BE,9565
2024-06-03T07:00Z,BE,9900
2024-06-03T08:00Z,BE,9998
2024-06-03T09:00Z,BE,10119
2024-06-03T10:00Z,BE,10016
2024-06-03T11:00Z,BE,9892
2024-06-03T12:00Z,BE,9814
2024-06-03T13:00Z,BE,9698
2024-06-03T14:00Z,BE,9731
2024-06-03T15:00Z,BE,9699
2024-06-03T16:00Z,BE,9666
2024-06-03T17:00Z,BE,9482
2024-06-03T18:00Z,BE,9238
2024-06-03T19:00Z,BE,9007
2024-06-03T20:00Z,BE,8454
2024-06-03T21:00Z,BE,7824
2024-06-03T22:00Z,BE,7480
2024-06-03T23:00Z,BE,7108
2024-06-04T00:00Z,BE,6953
2024-06-04T01:00Z,BE,6854
2024-06-04T02:00Z,BE,6966
2024-06-04T03:00Z,BE,7324
2024-06-04T04:00Z,BE,8263
2024-06-04T05:00Z,BE,9085
2024-06-04T06:00Z,BE,9582
2024-06-04T07:00Z,BE,9905
2024-06-04T08:00Z,BE,10040
2024-06-04T09:00Z,BE,10116
2024-06-04T10:00Z,BE,10103
2024-06-04T11:00Z,BE,9989
2024-06-04T12:00Z,BE,9899
2024-06-04T13:00Z,BE,9858
2024-06-04T14:00Z,BE,9780
2024-06-04T15:00Z,BE,9755
2024-06-04T16:00Z,BE,9627
2024-06-04T17:00Z,BE,9443
2024-06-04T18:00Z,BE,9258
2024-06-04T19:00Z,BE,8979
2024-06-04T20:00Z,BE,8510
2024-06-04T21:00Z,BE,7877
2024-06-04T22:00Z,BE,7409
2024-06-04T23:00Z,BE,7084
2024-06-05T00:00Z,BE,6950
2024-06-05T01:00Z,BE,6820
2024-06-05T02:00Z,BE,6889
2024-06-05T03:00Z,BE,7335
2024-06-05T04:00Z,BE,8196
2024-06-05T05:00Z,BE,9047
2024-06-05T06:00Z,BE,9633
2024-06-05T07:00Z,BE,9962
2024-06-05T08:00Z,BE,10133
2024-06-05T09:00Z,BE,10173
2024-06-05T10:00Z,BE,10164
2024-06-05T11:00Z,BE,10107
2024-06-05T12:00Z,BE,9941
2024-06-05T13:00Z,BE,9808
2024-06-05T14:00Z,BE,9739
2024-06-05T15:00Z,BE,9823
2024-06-05T16:00Z,BE,9794
2024-06-05T17:00Z,BE,9517
2024-06-05T18:00Z,BE,9273
2024-06-05T19:00Z,BE,8981
2024-06-05T20:00Z,BE,8440
2024-06-05T21:00Z,BE,7783
2024-06-05T22:00Z,BE,7206
2024-06-05T23:00Z,BE,6908
2024-06-06T00:00Z,BE,6731
2024-06-06T01:00Z,BE,6654
2024-06-06T02:00Z,BE,6795
2024-06-06T03:00Z,BE,7247
2024-06-06T04:00Z,BE,8114
2024-06-06T05:00Z,BE,8885
2024-06-06T06:00Z,BE,9481
2024-06-06T07:00Z,BE,9773
2024-06-06T08:00Z,BE,9860
2024-06-06T09:00Z,BE,9893
2024-06-06T10:00Z,BE,9884
2024-06-06T11:00Z,BE,9873
2024-06-06T12:00Z,BE,9738
2024-06-06T13:00Z,BE,9772
2024-06-06T14:00Z,BE,9705
2024-06-06T15:00Z,BE,9714
2024-06-06T16:00Z,BE,9596
2024-06-06T17:00Z,BE,9323
2024-06-06T18:00Z,BE,9147
2024-06-06T19:00Z,BE,8870
2024-06-06T20:00Z,BE,8375
2024-06-06T21:00Z,BE,7771
2024-06-06T22:00Z,BE,7233
2024-06-06T23:00Z,BE,6950
2024-06-07T00:00Z,BE,6813
2024-06-07T01:00Z,BE,6743
2024-06-07T02:00Z,BE,6819
2024-06-07T03:00Z,BE,7344
2024-06-07T04:00Z,BE,8190
2024-06-07T05:00Z,BE,9051
2024-06-07T06:00Z,BE,9579
2024-06-07T07:00Z,BE,9870
2024-06-07T08:00Z,BE,10023
2024-06-07T09:00Z,BE,10209
2024-06-07T10:00Z,BE,10138
2024-06-07T11:00Z,BE,9976
2024-06-07T12:00Z,BE,9878
2024-06-07T13:00Z,BE,9815
2024-06-07T14:00Z,BE,9771
2024-06-07T15:00Z,BE,9708
2024-06-07T16:00Z,BE,9637
2024-06-07T17:00Z,BE,9478
2024-06-07T18:00Z,BE,9264
2024-06-07T19:00Z,BE,8997
2024-06-07T20:00Z,BE,8596
2024-06-07T21:00Z,BE,7986
2024-06-07T22:00Z,BE,7024
2024-06-07T23:00Z,BE,6904
2024-06-08T00:00Z,BE,6765
2024-06-08T01:00Z,BE,6758
2024-06-08T02:00Z,BE,6785
2024-06-08T03:00Z,BE,7000
2024-06-08T04:00Z,BE,7383
2024-06-08T05:00Z,BE,7837
2024-06-08T06:00Z,BE,8082
2024-06-08T07:00Z,BE,8274
2024-06-08T08:00Z,BE,8275
2024-06-08T09:00Z,BE,8310
2024-06-08T10:00Z,BE,8291
2024-06-08T11:00Z,BE,8328
2024-06-08T12:00Z,BE,8230
2024-06-08T13:00Z,BE,8166
2024-06-08T14:00Z,BE,8179
2024-06-08T15:00Z,BE,8099
2024-06-08T16:00Z,BE,8019
2024-06-08T17:00Z,BE,7920
2024-06-08T18:00Z,BE,7821
2024-06-08T19:00Z,BE,7656
2024-06-08T20:00Z,BE,7415
2024-06-08T21:00Z,BE,7078
2024-06-08T22:00Z,BE,6161
2024-06-08T23:00Z,BE,6044
2024-06-09T00:00Z,BE,6016
2024-06-09T01:00Z,BE,5961
2024-06-09T02:00Z,BE,5945
2024-06-09T03:00Z,BE,6122
2024-06-09T04:00Z,BE,6485
2024-06-09T05:00Z,BE,6859
2024-06-09T06:00Z,BE,7131
2024-06-09T07:00Z,BE,7322
2024-06-09T08:00Z,BE,7319
2024-06-09T09:00Z,BE,7421
2024-06-09T10:00Z,BE,7397
2024-06-09T11:00Z,BE,7439
2024-06-09T12:00Z,BE,7354
2024-06-09T13:00Z,BE,7313
2024-06-09T14:00Z,BE,7358
2024-06-09T15:00Z,BE,7304
2024-06-09T16:00Z,BE,7273
2024-06-09T17:00Z,BE,7208
2024-06-09T18:00Z,BE,7107
2024-06-09T19:00Z,BE,7031
2024-06-09T20:00Z,BE,6760
2024-06-09T21:00Z,BE,6427
2024-06-09T22:00Z,BE,7295
2024-06-09T23:00Z,BE,7066
2024-06-10T00:00Z,BE,6921
2024-06-10T01:00Z,BE,6813
2024-06-10T02:00Z,BE,6809
2024-06-10T03:00Z,BE,7320
2024-06-10T04:00Z,BE,8211
2024-06-10T05:00Z,BE,9038
2024-06-10T06:00Z,BE,9498
2024-06-10T07:00Z,BE,9829
2024-06-10T08:00Z,BE,9972
2024-06-10T09:00Z,BE,10016
2024-06-10T10:00Z,BE,9966
2024-06-10T11:00Z,BE,9824
2024-06-10T12:00Z,BE,9753
2024-06-10T13:00Z,BE,9584
2024-06-10T14:00Z,BE,9543
2024-06-10T15:00Z,BE,9515
2024-06-10T16:00Z,BE,9410
2024-06-10T17:00Z,BE,9224
2024-06-10T18:00Z,BE,9081
2024-06-10T19:00Z,BE,8819
2024-06-10T20:00Z,BE,8321
2024-06-10T21:00Z,BE,7715
2024-06-10T22:00Z,BE,7294
2024-06-10T23:00Z,BE,6983
2024-06-11T00:00Z,BE,6774
2024-06-11T01:00Z,BE,6674
2024-06-11T02:00Z,BE,6818
2024-06-11T03:00Z,BE,7324
2024-06-11T04:00Z,BE,8164
2024-06-11T05:00Z,BE,9011
2024-06-11T06:00Z,BE,9583
2024-06-11T07:00Z,BE,9891
2024-06-11T08:00Z,BE,10115
2024-06-11T09:00Z,BE,10156
2024-06-11T10:00Z,BE,10056
2024-06-11T11:00Z,BE,10062
2024-06-11T12:00Z,BE,9937
2024-06-11T13:00Z,BE,9789
2024-06-11T14:00Z,BE,9794
2024-06-11T15:00Z,BE,9718
2024-06-11T16:00Z,BE,9688
2024-06-11T17:00Z,BE,9495
2024-06-11T18:00Z,BE,9221
2024-06-11T19:00Z,BE,8903
2024-06-11T20:00Z,BE,8490
2024-06-11T21:00Z,BE,7842
2024-06-11T22:00Z,BE,7175
2024-06-11T23:00Z,BE,6869
2024-06-12T00:00Z,BE,6787
2024-06-12T01:00Z,BE,6751
2024-06-12T02:00Z,BE,6720
2024-06-12T03:00Z,BE,7341
2024-06-12T04:00Z,BE,8103
2024-06-12T05:00Z,BE,8943
2024-06-12T06:00Z,BE,9572
2024-06-12T07:00Z,BE,9820
2024-06-12T08:00Z,BE,9868
2024-06-12T09:00Z,BE,9908
2024-06-12T10:00Z,BE,9885
2024-06-12T11:00Z,BE,9804
2024-06-12T12:00Z,BE,9691
2024-06-12T13:00Z,BE,9629
2024-06-12T14:00Z,BE,9585
2024-06-12T15:00Z,BE,9575
2024-06-12T16:00Z,BE,9458
2024-06-12T17:00Z,BE,9234
2024-06-12T18:00Z,BE,9119
2024-06-12T19:00Z,BE,8820
2024-06-12T20:00Z,BE,8359
2024-06-12T21:00Z,BE,7797
2024-06-12T22:00Z,BE,7235
2024-06-12T23:00Z,BE,6968
2024-06-13T00:00Z,BE,6814
2024-06-13T01:00Z,BE,6700
2024-06-13T02:00Z,BE,6773
2024-06-13T03:00Z,BE,7227
2024-06-13T04:00Z,BE,8006
2024-06-13T05:00Z,BE,8771
2024-06-13T06:00Z,BE,9372
2024-06-13T07:00Z,BE,9736
2024-06-13T08:00Z,BE,9918
2024-06-13T09:00Z,BE,9993
2024-06-13T10:00Z,BE,10004
2024-06-13T11:00Z,BE,9910
2024-06-13T12:00Z,BE,9853
2024-06-13T13:00Z,BE,9808
2024-06-13T14:00Z,BE,9706
2024-06-13T15:00Z,BE,9605
2024-06-13T16:00Z,BE,9562
2024-06-13T17:00Z,BE,9251
2024-06-13T18:00Z,BE,9118
2024-06-13T19:00Z,BE,8879
2024-06-13T20:00Z,BE,8494
2024-06-13T21:00Z,BE,7781
2024-06-13T22:00Z,BE,7216
2024-06-13T23:00Z,BE,6926
2024-06-14T00:00Z,BE,6790
2024-06-14T01:00Z,BE,6680
2024-06-14T02:00Z,BE,6811
2024-06-14T03:00Z,BE,7193
2024-06-14T04:00Z,BE,7973
2024-06-14T05:00Z,BE,8817
2024-06-14T06:00Z,BE,9308
2024-06-14T07:00Z,BE,9652
2024-06-14T08:00Z,BE,9823
2024-06-14T09:00Z,BE,10024
2024-06-14T10:00Z,BE,10016
2024-06-14T11:00Z,BE,9966
2024-06-14T12:00Z,BE,9913
2024-06-14T13:00Z,BE,9814
2024-06-14T14:00Z,BE,9749
2024-06-14T15:00Z,BE,9713
2024-06-14T16:00Z,BE,9582
2024-06-14T17:00Z,BE,9346
2024-06-14T18:00Z,BE,9187
2024-06-14T19:00Z,BE,8846
2024-06-14T20:00Z,BE,8318
2024-06-14T21:00Z,BE,7741
2024-06-14T22:00Z,BE,6722
2024-06-14T23:00Z,BE,6663
2024-06-15T00:00Z,BE,6638
2024-06-15T01:00Z,BE,6597
2024-06-15T02:00Z,BE,6605
2024-06-15T03:00Z,BE,6834
2024-06-15T04:00Z,BE,7279
2024-06-15T05:00Z,BE,7761
2024-06-15T06:00Z,BE,8034
2024-06-15T07:00Z,BE,8178
2024-06-15T08:00Z,BE,8303
2024-06-15T09:00Z,BE,8373
2024-06-15T10:00Z,BE,8289
2024-06-15T11:00Z,BE,8233
2024-06-15T12:00Z,BE,8242
2024-06-15T13:00Z,BE,8179
2024-06-15T14:00Z,BE,8170
2024-06-15T15:00Z,BE,8076
2024-06-15T16:00Z,BE,8012
2024-06-15T17:00Z,BE,7951
2024-06-15T18:00Z,BE,7922
2024-06-15T19:00Z,BE,7709
2024-06-15T20:00Z,BE,7448
2024-06-15T21:00Z,BE,7088
2024-06-15T22:00Z,BE,6325
2024-06-15T23:00Z,BE,6141
2024-06-16T00:00Z,BE,5999
2024-06-16T01:00Z,BE,5910
2024-06-16T02:00Z,BE,5965
2024-06-16T03:00Z,BE,6138
2024-06-16T04:00Z,BE,6557
2024-06-16T05:00Z,BE,7011
2024-06-16T06:00Z,BE,7202
2024-06-16T07:00Z,BE,7434
2024-06-16T08:00Z,BE,7570
2024-06-16T09:00Z,BE,7593
2024-06-16T10:00Z,BE,7664
2024-06-16T11:00Z,BE,7686
2024-06-16T12:00Z,BE,7662
2024-06-16T13:00Z,BE,7589
2024-06-16T14:00Z,BE,7518
2024-06-16T15:00Z,BE,7492
2024-06-16T16:00Z,BE,7403
2024-06-16T17:00Z,BE,7315
2024-06-16T18:00Z,BE,7187
2024-06-16T19:00Z,BE,7071
2024-06-16T20:00Z,BE,6912
2024-06-16T21:00Z,BE,6689
2024-06-16T22:00Z,BE,7433
2024-06-16T23:00Z,BE,7080
2024-06-17T00:00Z,BE,6937
2024-06-17T01:00Z,BE,6884
2024-06-17T02:00Z,BE,6953
2024-06-17T03:00Z,BE,7454
2024-06-17T04:00Z,BE,8225
2024-06-17T05:00Z,BE,9035
2024-06-17T06:00Z,BE,9581
2024-06-17T07:00Z,BE,9847
2024-06-17T08:00Z,BE,10088
2024-06-17T09:00Z,BE,10157
2024-06-17T10:00Z,BE,10150
2024-06-17T11:00Z,BE,10095
2024-06-17T12:00Z,BE,10023
2024-06-17T13:00Z,BE,9926
2024-06-17T14:00Z,BE,9803
2024-06-17T15:00Z,BE,9771
2024-06-17T16:00Z,BE,9643
2024-06-17T17:00Z,BE,9437
2024-06-17T18:00Z,BE,9306
2024-06-17T19:00Z,BE,8974
2024-06-17T20:00Z,BE,8537
2024-06-17T21:00Z,BE,7982
2024-06-17T22:00Z,BE,7443
2024-06-17T23:00Z,BE,7112
2024-06-18T00:00Z,BE,6977
2024-06-18T01:00Z,BE,6855
2024-06-18T02:00Z,BE,6942
2024-06-18T03:00Z,BE,7357
2024-06-18T04:00Z,BE,8102
2024-06-18T05:00Z,BE,8937
2024-06-18T06:00Z,BE,9377
2024-06-18T07:00Z,BE,9632
2024-06-18T08:00Z,BE,9955
2024-06-18T09:00Z,BE,10112
2024-06-18T10:00Z,BE,10060
2024-06-18T11:00Z,BE,9963
2024-06-18T12:00Z,BE,9966
2024-06-18T13:00Z,BE,9880
2024-06-18T14:00Z,BE,9782
2024-06-18T15:00Z,BE,9754
2024-06-18T16:00Z,BE,9739
2024-06-18T17:00Z,BE,9517
2024-06-18T18:00Z,BE,9301
2024-06-18T19:00Z,BE,9048
2024-06-18T20:00Z,BE,8552
2024-06-18T21:00Z,BE,7910
2024-06-18T22:00Z,BE,7274
2024-06-18T23:00Z,BE,7056
2024-06-19T00:00Z,BE,6905
2024-06-19T01:00Z,BE,6860
2024-06-19T02:00Z,BE,6957
2024-06-19T03:00Z,BE,7367
2024-06-19T04:00Z,BE,8098
2024-06-19T05:00Z,BE,8880
2024-06-19T06:00Z,BE,9373
2024-06-19T07:00Z,BE,9727
2024-06-19T08:00Z,BE,9830
2024-06-19T09:00Z,BE,9957
2024-06-19T10:00Z,BE,9940
2024-06-19T11:00Z,BE,9814
2024-06-19T12:00Z,BE,9753
2024-06-19T13:00Z,BE,9703
2024-06-19T14:00Z,BE,9660
2024-06-19T15:00Z,BE,9621
2024-06-19T16:00Z,BE,9630
2024-06-19T17:00Z,BE,9423
2024-06-19T18:00Z,BE,9237
2024-06-19T19:00Z,BE,8936
2024-06-19T20:00Z,BE,8544
2024-06-19T21:00Z,BE,8058
2024-06-19T22:00Z,BE,7446
2024-06-19T23:00Z,BE,7109
2024-06-20T00:00Z,BE,6892
2024-06-20T01:00Z,BE,6792
2024-06-20T02:00Z,BE,6910
2024-06-20T03:00Z,BE,7330
2024-06-20T04:00Z,BE,8206
2024-06-20T05:00Z,BE,9050
2024-06-20T06:00Z,BE,9556
2024-06-20T07:00Z,BE,9934
2024-06-20T08:00Z,BE,10084
2024-06-20T09:00Z,BE,10201
2024-06-20T10:00Z,BE,10196
2024-06-20T11:00Z,BE,10035
2024-06-20T12:00Z,BE,9985
2024-06-20T13:00Z,BE,9850
2024-06-20T14:00Z,BE,9692
2024-06-20T15:00Z,BE,9653
2024-06-20T16:00Z,BE,9595
2024-06-20T17:00Z,BE,9324
2024-06-20T18:00Z,BE,9147
2024-06-20T19:00Z,BE,8837
2024-06-20T20:00Z,BE,8428
2024-06-20T21:00Z,BE,7791
2024-06-20T22:00Z,BE,7351
2024-06-20T23:00Z,BE,7149
2024-06-21T00:00Z,BE,6905
2024-06-21T01:00Z,BE,6848
2024-06-21T02:00Z,BE,6929
2024-06-21T03:00Z,BE,7310
2024-06-21T04:00Z,BE,8152
2024-06-21T05:00Z,BE,8971
2024-06-21T06:00Z,BE,9435
2024-06-21T07:00Z,BE,9833
2024-06-21T08:00Z,BE,10069
2024-06-21T09:00Z,BE,10134
2024-06-21T10:00Z,BE,10132
2024-06-21T11:00Z,BE,10014
2024-06-21T12:00Z,BE,9906
2024-06-21T13:00Z,BE,9848
2024-06-21T14:00Z,BE,9724
2024-06-21T15:00Z,BE,9559
2024-06-21T16:00Z,BE,9420
2024-06-21T17:00Z,BE,9160
2024-06-21T18:00Z,BE,9064
2024-06-21T19:00Z,BE,8767
2024-06-21T20:00Z,BE,8362
2024-06-21T21:00Z,BE,7808
2024-06-21T22:00Z,BE,6824
2024-06-21T23:00Z,BE,6698
2024-06-22T00:00Z,BE,6607
2024-06-22T01:00Z,BE,6547
2024-06-22T02:00Z,BE,6596
2024-06-22T03:00Z,BE,6899
2024-06-22T04:00Z,BE,7384
2024-06-22T05:00Z,BE,7752
2024-06-22T06:00Z,BE,8038
2024-06-22T07:00Z,BE,8238
2024-06-22T08:00Z,BE,8397
2024-06-22T09:00Z,BE,8417
2024-06-22T10:00Z,BE,8406
2024-06-22T11:00Z,BE,8455
2024-06-22T12:00Z,BE,8439
2024-06-22T13:00Z,BE,8366
2024-06-22T14:00Z,BE,8309
2024-06-22T15:00Z,BE,8233
2024-06-22T16:00Z,BE,8216
2024-06-22T17:00Z,BE,8160
2024-06-22T18:00Z,BE,8013
2024-06-22T19:00Z,BE,7848
2024-06-22T20:00Z,BE,7553
2024-06-22T21:00Z,BE,7180
2024-06-22T22:00Z,BE,6237
2024-06-22T23:00Z,BE,6177
2024-06-23T00:00Z,BE,6091
2024-06-23T01:00Z,BE,6041
2024-06-23T02:00Z,BE,6044
2024-06-23T03:00Z,BE,6327
2024-06-23T04:00Z,BE,6723
2024-06-23T05:00Z,BE,7064
2024-06-23T06:00Z,BE,7253
2024-06-23T07:00Z,BE,7414
2024-06-23T08:00Z,BE,7513
2024-06-23T09:00Z,BE,7574
2024-06-23T10:00Z,BE,7713
2024-06-23T11:00Z,BE,7676
2024-06-23T12:00Z,BE,7569
2024-06-23T13:00Z,BE,7414
2024-06-23T14:00Z,BE,7350
2024-06-23T15:00Z,BE,7320
2024-06-23T16:00Z,BE,7360
2024-06-23T17:00Z,BE,7266
2024-06-23T18:00Z,BE,7183
2024-06-23T19:00Z,BE,7013
2024-06-23T20:00Z,BE,6698
2024-06-23T21:00Z,BE,6392
2024-06-23T22:00Z,BE,7233
2024-06-23T23:00Z,BE,6919
2024-06-24T00:00Z,BE,6753
2024-06-24T01:00Z,BE,6623
2024-06-24T02:00Z,BE,6769
2024-06-24T03:00Z,BE,7235
2024-06-24T04:00Z,BE,8012
2024-06-24T05:00Z,BE,8887
2024-06-24T06:00Z,BE,9469
2024-06-24T07:00Z,BE,9800
2024-06-24T08:00Z,BE,9936
2024-06-24T09:00Z,BE,10031
2024-06-24T10:00Z,BE,9920
2024-06-24T11:00Z,BE,9772
2024-06-24T12:00Z,BE,9747
2024-06-24T13:00Z,BE,9781
2024-06-24T14:00Z,BE,9686
2024-06-24T15:00Z,BE,9639
2024-06-24T16:00Z,BE,9576
2024-06-24T17:00Z,BE,9348
2024-06-24T18:00Z,BE,9181
2024-06-24T19:00Z,BE,8957
2024-06-24T20:00Z,BE,8532
2024-06-24T21:00Z,BE,7964
2024-06-24T22:00Z,BE,7391
2024-06-24T23:00Z,BE,7130
2024-06-25T00:00Z,BE,6855
2024-06-25T01:00Z,BE,6848
2024-06-25T02:00Z,BE,6951
2024-06-25T03:00Z,BE,7419
2024-06-25T04:00Z,BE,8237
2024-06-25T05:00Z,BE,9102
2024-06-25T06:00Z,BE,9562
2024-06-25T07:00Z,BE,9866
2024-06-25T08:00Z,BE,9939
2024-06-25T09:00Z,BE,9974
2024-06-25T10:00Z,BE,9953
2024-06-25T11:00Z,BE,9816
2024-06-25T12:00Z,BE,9770
2024-06-25T13:00Z,BE,9741
2024-06-25T14:00Z,BE,9655
2024-06-25T15:00Z,BE,9591
2024-06-25T16:00Z,BE,9496
2024-06-25T17:00Z,BE,9294
2024-06-25T18:00Z,BE,9188
2024-06-25T19:00Z,BE,8873
2024-06-25T20:00Z,BE,8393
2024-06-25T21:00Z,BE,7734
2024-06-25T22:00Z,BE,7153
2024-06-25T23:00Z,BE,6905
2024-06-26T00:00Z,BE,6720
2024-06-26T01:00Z,BE,6688
2024-06-26T02:00Z,BE,6746
2024-06-26T03:00Z,BE,7122
2024-06-26T04:00Z,BE,7916
2024-06-26T05:00Z,BE,8723
2024-06-26T06:00Z,BE,9340
2024-06-26T07:00Z,BE,9650
2024-06-26T08:00Z,BE,9885
2024-06-26T09:00Z,BE,9991
2024-06-26T10:00Z,BE,10003
2024-06-26T11:00Z,BE,9902
2024-06-26T12:00Z,BE,9747
2024-06-26T13:00Z,BE,9711
2024-06-26T14:00Z,BE,9656
2024-06-26T15:00Z,BE,9608
2024-06-26T16:00Z,BE,9505
2024-06-26T17:00Z,BE,9289
2024-06-26T18:00Z,BE,9124
2024-06-26T19:00Z,BE,8810
2024-06-26T20:00Z,BE,8258
2024-06-26T21:00Z,BE,7674
2024-06-26T22:00Z,BE,6980
2024-06-26T23:00Z,BE,6707
2024-06-27T00:00Z,BE,6608
2024-06-27T01:00Z,BE,6560
2024-06-27T02:00Z,BE,6609
2024-06-27T03:00Z,BE,7034
2024-06-27T04:00Z,BE,7931
2024-06-27T05:00Z,BE,8767
2024-06-27T06:00Z,BE,9312
2024-06-27T07:00Z,BE,9714
2024-06-27T08:00Z,BE,9822
2024-06-27T09:00Z,BE,9836
2024-06-27T10:00Z,BE,9837
2024-06-27T11:00Z,BE,9741
2024-06-27T12:00Z,BE,9712
2024-06-27T13:00Z,BE,9558
2024-06-27T14:00Z,BE,9479
2024-06-27T15:00Z,BE,9440
2024-06-27T16:00Z,BE,9408
2024-06-27T17:00Z,BE,9207
2024-06-27T18:00Z,BE,9028
2024-06-27T19:00Z,BE,8740
2024-06-27T20:00Z,BE,8291
2024-06-27T21:00Z,BE,7570
2024-06-27T22:00Z,BE,7209
2024-06-27T23:00Z,BE,6928
2024-06-28T00:00Z,BE,6867
2024-06-28T01:00Z,BE,6776
2024-06-28T02:00Z,BE,6901
2024-06-28T03:00Z,BE,7303
2024-06-28T04:00Z,BE,8056
2024-06-28T05:00Z,BE,8861
2024-06-28T06:00Z,BE,9329
2024-06-28T07:00Z,BE,9683
2024-06-28T08:00Z,BE,9744
2024-06-28T09:00Z,BE,9848
2024-06-28T10:00Z,BE,9856
2024-06-28T11:00Z,BE,9789
2024-06-28T12:00Z,BE,9687
2024-06-28T13:00Z,BE,9576
2024-06-28T14:00Z,BE,9499
2024-06-28T15:00Z,BE,9408
2024-06-28T16:00Z,BE,9342
2024-06-28T17:00Z,BE,9172
2024-06-28T18:00Z,BE,9117
2024-06-28T19:00Z,BE,8876
2024-06-28T20:00Z,BE,8345
2024-06-28T21:00Z,BE,7805
2024-06-28T22:00Z,BE,7061
2024-06-28T23:00Z,BE,6898
2024-06-29T00:00Z,BE,6808
2024-06-29T01:00Z,BE,6732
2024-06-29T02:00Z,BE,6793
2024-06-29T03:00Z,BE,7048
2024-06-29T04:00Z,BE,7469
2024-06-29T05:00Z,BE,7809
2024-06-29T06:00Z,BE,8150
2024-06-29T07:00Z,BE,8328
2024-06-29T08:00Z,BE,8464
2024-06-29T09:00Z,BE,8413
2024-06-29T10:00Z,BE,8386
2024-06-29T11:00Z,BE,8408
2024-06-29T12:00Z,BE,8334
2024-06-29T13:00Z,BE,8263
2024-06-29T14:00Z,BE,8287
2024-06-29T15:00Z,BE,8207
2024-06-29T16:00Z,BE,8161
2024-06-29T17:00Z,BE,8104
2024-06-29T18:00Z,BE,8002
2024-06-29T19:00Z,BE,7871
2024-06-29T20:00Z,BE,7567
2024-06-29T21:00Z,BE,7197
2024-06-29T22:00Z,BE,6217
2024-06-29T23:00Z,BE,6030
2024-06-30T00:00Z,BE,5926
2024-06-30T01:00Z,BE,5894
2024-06-30T02:00Z,BE,5963
2024-06-30T03:00Z,BE,6214
2024-06-30T04:00Z,BE,6586
2024-06-30T05:00Z,BE,6977
2024-06-30T06:00Z,BE,7154
2024-06-30T07:00Z,BE,7302
2024-06-30T08:00Z,BE,7431
2024-06-30T09:00Z,BE,7482
2024-06-30T10:00Z,BE,7608
2024-06-30T11:00Z,BE,7653
2024-06-30T12:00Z,BE,7624
2024-06-30T13:00Z,BE,7541
2024-06-30T14:00Z,BE,7444
2024-06-30T15:00Z,BE,7433
2024-06-30T16:00Z,BE,7358
2024-06-30T17:00Z,BE,7296
2024-06-30T18:00Z,BE,7204
2024-06-30T19:00Z,BE,7013
2024-06-30T20:00Z,BE,6653
2024-06-30T21:00Z,BE,6298
2023-12-31T23:00Z,ES,19899
2024-01-01T00:00Z,ES,19285
2024-01-01T01:00Z,ES,19066
2024-01-01T02:00Z,ES,18931
2024-01-01T03:00Z,ES,19340
2024-01-01T04:00Z,ES,20530
2024-01-01T05:00Z,ES,22304
2024-01-01T06:00Z,ES,23978
2024-01-01T07:00Z,ES,24357
2024-01-01T08:00Z,ES,24454
2024-01-01T09:00Z,ES,24444
2024-01-01T10:00Z,ES,24724
2024-01-01T11:00Z,ES,24486
2024-01-01T12:00Z,ES,23976
2024-01-01T13:00Z,ES,24055
2024-01-01T14:00Z,ES,24040
2024-01-01T15:00Z,ES,24372
2024-01-01T16:00Z,ES,25187
2024-01-01T17:00Z,ES,25428
2024-01-01T18:00Z,ES,24843
2024-01-01T19:00Z,ES,23645
2024-01-01T20:00Z,ES,22875
2024-01-01T21:00Z,ES,21996
2024-01-01T22:00Z,ES,20973
2024-01-01T23:00Z,ES,22140
2024-01-02T00:00Z,ES,21313
2024-01-02T01:00Z,ES,20886
2024-01-02T02:00Z,ES,21007
2024-01-02T03:00Z,ES,21603
2024-01-02T04:00Z,ES,23518
2024-01-02T05:00Z,ES,26997
2024-01-02T06:00Z,ES,29903
2024-01-02T07:00Z,ES,30829
2024-01-02T08:00Z,ES,31052
2024-01-02T09:00Z,ES,30908
2024-01-02T10:00Z,ES,30731
2024-01-02T11:00Z,ES,30488
2024-01-02T12:00Z,ES,30518
2024-01-02T13:00Z,ES,30365
2024-01-02T14:00Z,ES,30178
2024-01-02T15:00Z,ES,30964
2024-01-02T16:00Z,ES,32776
2024-01-02T17:00Z,ES,33015
2024-01-02T18:00Z,ES,31606
2024-01-02T19:00Z,ES,29973
2024-01-02T20:00Z,ES,28519
2024-01-02T21:00Z,ES,26403
2024-01-02T22:00Z,ES,24538
2024-01-02T23:00Z,ES,23526
2024-01-03T00:00Z,ES,22724
2024-01-03T01:00Z,ES,22204
2024-01-03T02:00Z,ES,21818
2024-01-03T03:00Z,ES,22460
2024-01-03T04:00Z,ES,24416
2024-01-03T05:00Z,ES,27862
2024-01-03T06:00Z,ES,30583
2024-01-03T07:00Z,ES,31849
2024-01-03T08:00Z,ES,32068
2024-01-03T09:00Z,ES,32151
2024-01-03T10:00Z,ES,31935
2024-01-03T11:00Z,ES,31142
2024-01-03T12:00Z,ES,30974
2024-01-03T13:00Z,ES,30817
2024-01-03T14:00Z,ES,31016
2024-01-03T15:00Z,ES,32041
2024-01-03T16:00Z,ES,33756
2024-01-03T17:00Z,ES,33952
2024-01-03T18:00Z,ES,32635
2024-01-03T19:00Z,ES,30743
2024-01-03T20:00Z,ES,29062
2024-01-03T21:00Z,ES,26828
2024-01-03T22:00Z,ES,24570
2024-01-03T23:00Z,ES,23106
2024-01-04T00:00Z,ES,22250
2024-01-04T01:00Z,ES,21661
2024-01-04T02:00Z,ES,21477
2024-01-04T03:00Z,ES,22173
2024-01-04T04:00Z,ES,24514
2024-01-04T05:00Z,ES,27983
2024-01-04T06:00Z,ES,31079
2024-01-04T07:00Z,ES,32422
2024-01-04T08:00Z,ES,32651
2024-01-04T09:00Z,ES,32477
2024-01-04T10:00Z,ES,32280
2024-01-04T11:00Z,ES,31834
2024-01-04T12:00Z,ES,31685
2024-01-04T13:00Z,ES,31362
2024-01-04T14:00Z,ES,31061
2024-01-04T15:00Z,ES,32171
2024-01-04T16:00Z,ES,34076
2024-01-04T17:00Z,ES,34181
2024-01-04T18:00Z,ES,32945
2024-01-04T19:00Z,ES,31127
2024-01-04T20:00Z,ES,29693
2024-01-04T21:00Z,ES,27434
2024-01-04T22:00Z,ES,25332
2024-01-04T23:00Z,ES,24173
2024-01-05T00:00Z,ES,22949
2024-01-05T01:00Z,ES,22303
2024-01-05T02:00Z,ES,22659
2024-01-05T03:00Z,ES,23299
2024-01-05T04:00Z,ES,25171
2024-01-05T05:00Z,ES,28927
2024-01-05T06:00Z,ES,32071
2024-01-05T07:00Z,ES,33382
2024-01-05T08:00Z,ES,33421
2024-01-05T09:00Z,ES,33133
2024-01-05T10:00Z,ES,32793
2024-01-05T11:00Z,ES,32183
2024-01-05T12:00Z,ES,31395
2024-01-05T13:00Z,ES,31146
2024-01-05T14:00Z,ES,31392
2024-01-05T15:00Z,ES,31967
2024-01-05T16:00Z,ES,33535
2024-01-05T17:00Z,ES,34079
2024-01-05T18:00Z,ES,32818
2024-01-05T19:00Z,ES,30952
2024-01-05T20:00Z,ES,29082
2024-01-05T21:00Z,ES,26875
2024-01-05T22:00Z,ES,25061
2024-01-05T23:00Z,ES,20112
2024-01-06T00:00Z,ES,19496
2024-01-06T01:00Z,ES,19436
2024-01-06T02:00Z,ES,19257
2024-01-06T03:00Z,ES,19662
2024-01-06T04:00Z,ES,20718
2024-01-06T05:00Z,ES,22696
2024-01-06T06:00Z,ES,24142
2024-01-06T07:00Z,ES,24674
2024-01-06T08:00Z,ES,25019
2024-01-06T09:00Z,ES,24744
2024-01-06T10:00Z,ES,24823
2024-01-06T11:00Z,ES,24495
2024-01-06T12:00Z,ES,24470
2024-01-06T13:00Z,ES,24712
2024-01-06T14:00Z,ES,24602
2024-01-06T15:00Z,ES,24835
2024-01-06T16:00Z,ES,25858
2024-01-06T17:00Z,ES,25984
2024-01-06T18:00Z,ES,25217
2024-01-06T19:00Z,ES,24318
2024-01-06T20:00Z,ES,23211
2024-01-06T21:00Z,ES,22077
2024-01-06T22:00Z,ES,21053
2024-01-06T23:00Z,ES,20134
2024-01-07T00:00Z,ES,19841
2024-01-07T01:00Z,ES,19596
2024-01-07T02:00Z,ES,19409
2024-01-07T03:00Z,ES,19816
2024-01-07T04:00Z,ES,20838
2024-01-07T05:00Z,ES,22316
2024-01-07T06:00Z,ES,23849
2024-01-07T07:00Z,ES,24324
2024-01-07T08:00Z,ES,24674
2024-01-07T09:00Z,ES,24553
2024-01-07T10:00Z,ES,24344
2024-01-07T11:00Z,ES,24033
2024-01-07T12:00Z,ES,23764
2024-01-07T13:00Z,ES,23903
2024-01-07T14:00Z,ES,23729
2024-01-07T15:00Z,ES,24361
2024-01-07T16:00Z,ES,25187
2024-01-07T17:00Z,ES,25050
2024-01-07T18:00Z,ES,24532
2024-01-07T19:00Z,ES,23604
2024-01-07T20:00Z,ES,22601
2024-01-07T21:00Z,ES,21781
2024-01-07T22:00Z,ES,20957
2024-01-07T23:00Z,ES,23260
2024-01-08T00:00Z,ES,22285
2024-01-08T01:00Z,ES,21944
2024-01-08T02:00Z,ES,21814
2024-01-08T03:00Z,ES,22282
2024-01-08T04:00Z,ES,24228
2024-01-08T05:00Z,ES,27925
2024-01-08T06:00Z,ES,30595
2024-01-08T07:00Z,ES,31870
2024-01-08T08:00Z,ES,32398
2024-01-08T09:00Z,ES,32360
2024-01-08T10:00Z,ES,31945
2024-01-08T11:00Z,ES,31776
2024-01-08T12:00Z,ES,31686
2024-01-08T13:00Z,ES,31223
2024-01-08T14:00Z,ES,31117
2024-01-08T15:00Z,ES,31916
2024-01-08T16:00Z,ES,33544
2024-01-08T17:00Z,ES,34064
2024-01-08T18:00Z,ES,32868
2024-01-08T19:00Z,ES,31232
2024-01-08T20:00Z,ES,29376
2024-01-08T21:00Z,ES,27344
2024-01-08T22:00Z,ES,25268
2024-01-08T23:00Z,ES,23521
2024-01-09T00:00Z,ES,22372
2024-01-09T01:00Z,ES,21864
2024-01-09T02:00Z,ES,21956
2024-01-09T03:00Z,ES,22757
2024-01-09T04:00Z,ES,24850
2024-01-09T05:00Z,ES,28525
2024-01-09T06:00Z,ES,31620
2024-01-09T07:00Z,ES,32671
2024-01-09T08:00Z,ES,32532
2024-01-09T09:00Z,ES,32820
2024-01-09T10:00Z,ES,32746
2024-01-09T11:00Z,ES,32211
2024-01-09T12:00Z,ES,32008
2024-01-09T13:00Z,ES,31638
2024-01-09T14:00Z,ES,31729
2024-01-09T15:00Z,ES,32608
2024-01-09T16:00Z,ES,34331
2024-01-09T17:00Z,ES,34462
2024-01-09T18:00Z,ES,33288
2024-01-09T19:00Z,ES,31387
2024-01-09T20:00Z,ES,29574
2024-01-09T21:00Z,ES,27473
2024-01-09T22:00Z,ES,25265
2024-01-09T23:00Z,ES,23148
2024-01-10T00:00Z,ES,22416
2024-01-10T01:00Z,ES,21850
2024-01-10T02:00Z,ES,21776
2024-01-10T03:00Z,ES,22409
2024-01-10T04:00Z,ES,24230
2024-01-10T05:00Z,ES,27787
2024-01-10T06:00Z,ES,30916
2024-01-10T07:00Z,ES,32072
2024-01-10T08:00Z,ES,32421
2024-01-10T09:00Z,ES,32223
2024-01-10T10:00Z,ES,31929
2024-01-10T11:00Z,ES,31538
2024-01-10T12:00Z,ES,31361
2024-01-10T13:00Z,ES,31317
2024-01-10T14:00Z,ES,31130
2024-01-10T15:00Z,ES,31977
2024-01-10T16:00Z,ES,33934
2024-01-10T17:00Z,ES,34382
2024-01-10T18:00Z,ES,32986
2024-01-10T19:00Z,ES,31093
2024-01-10T20:00Z,ES,29327
2024-01-10T21:00Z,ES,27561
2024-01-10T22:00Z,ES,25480
2024-01-10T23:00Z,ES,23885
2024-01-11T00:00Z,ES,22958
2024-01-11T01:00Z,ES,22531
2024-01-11T02:00Z,ES,22340
2024-01-11T03:00Z,ES,22998
2024-01-11T04:00Z,ES,25232
2024-01-11T05:00Z,ES,28936
2024-01-11T06:00Z,ES,31635
2024-01-11T07:00Z,ES,32944
2024-01-11T08:00Z,ES,33276
2024-01-11T09:00Z,ES,32789
2024-01-11T10:00Z,ES,32396
2024-01-11T11:00Z,ES,31913
2024-01-11T12:00Z,ES,31526
2024-01-11T13:00Z,ES,31005
2024-01-11T14:00Z,ES,31293
2024-01-11T15:00Z,ES,32516
2024-01-11T16:00Z,ES,34293
2024-01-11T17:00Z,ES,34695
2024-01-11T18:00Z,ES,33253
2024-01-11T19:00Z,ES,31636
2024-01-11T20:00Z,ES,29693
2024-01-11T21:00Z,ES,27431
2024-01-11T22:00Z,ES,25593
2024-01-11T23:00Z,ES,23826
2024-01-12T00:00Z,ES,22861
2024-01-12T01:00Z,ES,22372
2024-01-12T02:00Z,ES,22480
2024-01-12T03:00Z,ES,22833
2024-01-12T04:00Z,ES,25066
2024-01-12T05:00Z,ES,28395
2024-01-12T06:00Z,ES,31541
2024-01-12T07:00Z,ES,32793
2024-01-12T08:00Z,ES,33181
2024-01-12T09:00Z,ES,33248
2024-01-12T10:00Z,ES,32975
2024-01-12T11:00Z,ES,32499
2024-01-12T12:00Z,ES,32205
2024-01-12T13:00Z,ES,31753
2024-01-12T14:00Z,ES,32031
2024-01-12T15:00Z,ES,32697
2024-01-12T16:00Z,ES,34766
2024-01-12T17:00Z,ES,34594
2024-01-12T18:00Z,ES,33556
2024-01-12T19:00Z,ES,31456
2024-01-12T20:00Z,ES,29530
2024-01-12T21:00Z,ES,27727
2024-01-12T22:00Z,ES,25824
2024-01-12T23:00Z,ES,23138
2024-01-13T00:00Z,ES,22488
2024-01-13T01:00Z,ES,22195
2024-01-13T02:00Z,ES,22170
2024-01-13T03:00Z,ES,22272
2024-01-13T04:00Z,ES,23365
2024-01-13T05:00Z,ES,25349
2024-01-13T06:00Z,ES,26821
2024-01-13T07:00Z,ES,27708
2024-01-13T08:00Z,ES,27714
2024-01-13T09:00Z,ES,27711
2024-01-13T10:00Z,ES,27648
2024-01-13T11:00Z,ES,27562
2024-01-13T12:00Z,ES,27370
2024-01-13T13:00Z,ES,27194
2024-01-13T14:00Z,ES,26996
2024-01-13T15:00Z,ES,27396
2024-01-13T16:00Z,ES,28404
2024-01-13T17:00Z,ES,28736
2024-01-13T18:00Z,ES,28022
2024-01-13T19:00Z,ES,26919
2024-01-13T20:00Z,ES,26128
2024-01-13T21:00Z,ES,24899
2024-01-13T22:00Z,ES,23621
2024-01-13T23:00Z,ES,20293
2024-01-14T00:00Z,ES,19971
2024-01-14T01:00Z,ES,19950
2024-01-14T02:00Z,ES,20010
2024-01-14T03:00Z,ES,20383
2024-01-14T04:00Z,ES,21342
2024-01-14T05:00Z,ES,22862
2024-01-14T06:00Z,ES,24306
2024-01-14T07:00Z,ES,24947
2024-01-14T08:00Z,ES,25142
2024-01-14T09:00Z,ES,25011
2024-01-14T10:00Z,ES,24742
2024-01-14T11:00Z,ES,24487
2024-01-14T12:00Z,ES,24225
2024-01-14T13:00Z,ES,23811
2024-01-14T14:00Z,ES,23704
2024-01-14T15:00Z,ES,24047
2024-01-14T16:00Z,ES,24967
2024-01-14T17:00Z,ES,24927
2024-01-14T18:00Z,ES,24369
2024-01-14T19:00Z,ES,23820
2024-01-14T20:00Z,ES,23354
2024-01-14T21:00Z,ES,22210
2024-01-14T22:00Z,ES,21521
2024-01-14T23:00Z,ES,24467
2024-01-15T00:00Z,ES,23508
2024-01-15T01:00Z,ES,22841
2024-01-15T02:00Z,ES,22947
2024-01-15T03:00Z,ES,23465
2024-01-15T04:00Z,ES,25229
2024-01-15T05:00Z,ES,28806
2024-01-15T06:00Z,ES,31749
2024-01-15T07:00Z,ES,33011
2024-01-15T08:00Z,ES,33340
2024-01-15T09:00Z,ES,33518
2024-01-15T10:00Z,ES,33300
2024-01-15T11:00Z,ES,33000
2024-01-15T12:00Z,ES,32803
2024-01-15T13:00Z,ES,32392
2024-01-15T14:00Z,ES,32432
2024-01-15T15:00Z,ES,33128
2024-01-15T16:00Z,ES,34797
2024-01-15T17:00Z,ES,35222
2024-01-15T18:00Z,ES,33919
2024-01-15T19:00Z,ES,31842
2024-01-15T20:00Z,ES,30371
2024-01-15T21:00Z,ES,28119
2024-01-15T22:00Z,ES,26086
2024-01-15T23:00Z,ES,25277
2024-01-16T00:00Z,ES,24496
2024-01-16T01:00Z,ES,23489
2024-01-16T02:00Z,ES,23513
2024-01-16T03:00Z,ES,23921
2024-01-16T04:00Z,ES,26182
2024-01-16T05:00Z,ES,29933
2024-01-16T06:00Z,ES,33050
2024-01-16T07:00Z,ES,34319
2024-01-16T08:00Z,ES,34569
2024-01-16T09:00Z,ES,34250
2024-01-16T10:00Z,ES,34102
2024-01-16T11:00Z,ES,33739
2024-01-16T12:00Z,ES,33340
2024-01-16T13:00Z,ES,32899
2024-01-16T14:00Z,ES,32994
2024-01-16T15:00Z,ES,34266
2024-01-16T16:00Z,ES,35908
2024-01-16T17:00Z,ES,36410
2024-01-16T18:00Z,ES,35308
2024-01-16T19:00Z,ES,33538
2024-01-16T20:00Z,ES,32023
2024-01-16T21:00Z,ES,29939
2024-01-16T22:00Z,ES,27815
2024-01-16T23:00Z,ES,25866
2024-01-17T00:00Z,ES,24937
2024-01-17T01:00Z,ES,23874
2024-01-17T02:00Z,ES,23896
2024-01-17T03:00Z,ES,24569
2024-01-17T04:00Z,ES,26640
2024-01-17T05:00Z,ES,30264
2024-01-17T06:00Z,ES,33557
2024-01-17T07:00Z,ES,34524
2024-01-17T08:00Z,ES,34851
2024-01-17T09:00Z,ES,34751
2024-01-17T10:00Z,ES,34477
2024-01-17T11:00Z,ES,33780
2024-01-17T12:00Z,ES,33647
2024-01-17T13:00Z,ES,33278
2024-01-17T14:00Z,ES,32993
2024-01-17T15:00Z,ES,33747
2024-01-17T16:00Z,ES,35857
2024-01-17T17:00Z,ES,36217
2024-01-17T18:00Z,ES,35244
2024-01-17T19:00Z,ES,33461
2024-01-17T20:00Z,ES,31464
2024-01-17T21:00Z,ES,29694
2024-01-17T22:00Z,ES,27329
2024-01-17T23:00Z,ES,24375
2024-01-18T00:00Z,ES,23561
2024-01-18T01:00Z,ES,23009
2024-01-18T02:00Z,ES,22664
2024-01-18T03:00Z,ES,23538
2024-01-18T04:00Z,ES,25569
2024-01-18T05:00Z,ES,29067
2024-01-18T06:00Z,ES,31862
2024-01-18T07:00Z,ES,32835
2024-01-18T08:00Z,ES,33295
2024-01-18T09:00Z,ES,33456
2024-01-18T10:00Z,ES,33285
2024-01-18T11:00Z,ES,32400
2024-01-18T12:00Z,ES,31831
2024-01-18T13:00Z,ES,31538
2024-01-18T14:00Z,ES,31552
2024-01-18T15:00Z,ES,32570
2024-01-18T16:00Z,ES,34350
2024-01-18T17:00Z,ES,34692
2024-01-18T18:00Z,ES,33765
2024-01-18T19:00Z,ES,32426
2024-01-18T20:00Z,ES,30705
2024-01-18T21:00Z,ES,28449
2024-01-18T22:00Z,ES,26219
2024-01-18T23:00Z,ES,24120
2024-01-19T00:00Z,ES,23255
2024-01-19T01:00Z,ES,22800
2024-01-19T02:00Z,ES,22969
2024-01-19T03:00Z,ES,23537
2024-01-19T04:00Z,ES,25550
2024-01-19T05:00Z,ES,28960
2024-01-19T06:00Z,ES,31967
2024-01-19T07:00Z,ES,33012
2024-01-19T08:00Z,ES,33425
2024-01-19T09:00Z,ES,33420
2024-01-19T10:00Z,ES,33167
2024-01-19T11:00Z,ES,32386
2024-01-19T12:00Z,ES,32455
2024-01-19T13:00Z,ES,32081
2024-01-19T14:00Z,ES,32377
2024-01-19T15:00Z,ES,33083
2024-01-19T16:00Z,ES,34898
2024-01-19T17:00Z,ES,35274
2024-01-19T18:00Z,ES,33903
2024-01-19T19:00Z,ES,32073
2024-01-19T20:00Z,ES,30496
2024-01-19T21:00Z,ES,28278
2024-01-19T22:00Z,ES,26267
2024-01-19T23:00Z,ES,22987
2024-01-20T00:00Z,ES,22448
2024-01-20T01:00Z,ES,22239
2024-01-20T02:00Z,ES,22149
2024-01-20T03:00Z,ES,22541
2024-01-20T04:00Z,ES,23781
2024-01-20T05:00Z,ES,25521
2024-01-20T06:00Z,ES,27105
2024-01-20T07:00Z,ES,27645
2024-01-20T08:00Z,ES,27614
2024-01-20T09:00Z,ES,27823
2024-01-20T10:00Z,ES,27442
2024-01-20T11:00Z,ES,27395
2024-01-20T12:00Z,ES,27100
2024-01-20T13:00Z,ES,26862
2024-01-20T14:00Z,ES,26746
2024-01-20T15:00Z,ES,26826
2024-01-20T16:00Z,ES,27800
2024-01-20T17:00Z,ES,28099
2024-01-20T18:00Z,ES,27640
2024-01-20T19:00Z,ES,26784
2024-01-20T20:00Z,ES,25772
2024-01-20T21:00Z,ES,24935
2024-01-20T22:00Z,ES,23733
2024-01-20T23:00Z,ES,20288
2024-01-21T00:00Z,ES,19853
2024-01-21T01:00Z,ES,19373
2024-01-21T02:00Z,ES,19257
2024-01-21T03:00Z,ES,19801
2024-01-21T04:00Z,ES,20762
2024-01-21T05:00Z,ES,22309
2024-01-21T06:00Z,ES,23800
2024-01-21T07:00Z,ES,24346
2024-01-21T08:00Z,ES,24460
2024-01-21T09:00Z,ES,24648
2024-01-21T10:00Z,ES,24300
2024-01-21T11:00Z,ES,24104
2024-01-21T12:00Z,ES,23997
2024-01-21T13:00Z,ES,23956
2024-01-21T14:00Z,ES,23950
2024-01-21T15:00Z,ES,24372
2024-01-21T16:00Z,ES,25002
2024-01-21T17:00Z,ES,25364
2024-01-21T18:00Z,ES,24507
2024-01-21T19:00Z,ES,23819
2024-01-21T20:00Z,ES,23015
2024-01-21T21:00Z,ES,21985
2024-01-21T22:00Z,ES,21035
2024-01-21T23:00Z,ES,22761
2024-01-22T00:00Z,ES,21649
2024-01-22T01:00Z,ES,21479
2024-01-22T02:00Z,ES,21657
2024-01-22T03:00Z,ES,22201
2024-01-22T04:00Z,ES,23966
2024-01-22T05:00Z,ES,27254
2024-01-22T06:00Z,ES,30313
2024-01-22T07:00Z,ES,32083
2024-01-22T08:00Z,ES,32276
2024-01-22T09:00Z,ES,32308
2024-01-22T10:00Z,ES,31671
2024-01-22T11:00Z,ES,30890
2024-01-22T12:00Z,ES,30713
2024-01-22T13:00Z,ES,30238
2024-01-22T14:00Z,ES,30086
2024-01-22T15:00Z,ES,30792
2024-01-22T16:00Z,ES,32566
2024-01-22T17:00Z,ES,32720
2024-01-22T18:00Z,ES,31687
2024-01-22T19:00Z,ES,29900
2024-01-22T20:00Z,ES,28262
2024-01-22T21:00Z,ES,26259
2024-01-22T22:00Z,ES,23946
2024-01-22T23:00Z,ES,22390
2024-01-23T00:00Z,ES,21737
2024-01-23T01:00Z,ES,21252
2024-01-23T02:00Z,ES,21152
2024-01-23T03:00Z,ES,21831
2024-01-23T04:00Z,ES,23705
2024-01-23T05:00Z,ES,27200
2024-01-23T06:00Z,ES,30058
2024-01-23T07:00Z,ES,31351
2024-01-23T08:00Z,ES,31682
2024-01-23T09:00Z,ES,31355
2024-01-23T10:00Z,ES,31139
2024-01-23T11:00Z,ES,30730
2024-01-23T12:00Z,ES,30381
2024-01-23T13:00Z,ES,29747
2024-01-23T14:00Z,ES,29597
2024-01-23T15:00Z,ES,30814
2024-01-23T16:00Z,ES,32412
2024-01-23T17:00Z,ES,32592
2024-01-23T18:00Z,ES,31472
2024-01-23T19:00Z,ES,30021
2024-01-23T20:00Z,ES,28605
2024-01-23T21:00Z,ES,26669
2024-01-23T22:00Z,ES,24576
2024-01-23T23:00Z,ES,22331
2024-01-24T00:00Z,ES,21569
2024-01-24T01:00Z,ES,21350
2024-01-24T02:00Z,ES,21232
2024-01-24T03:00Z,ES,21658
2024-01-24T04:00Z,ES,23557
2024-01-24T05:00Z,ES,26692
2024-01-24T06:00Z,ES,29269
2024-01-24T07:00Z,ES,30492
2024-01-24T08:00Z,ES,30909
2024-01-24T09:00Z,ES,30786
2024-01-24T10:00Z,ES,30467
2024-01-24T11:00Z,ES,29965
2024-01-24T12:00Z,ES,29578
2024-01-24T13:00Z,ES,29187
2024-01-24T14:00Z,ES,29287
2024-01-24T15:00Z,ES,30371
2024-01-24T16:00Z,ES,32066
2024-01-24T17:00Z,ES,32353
2024-01-24T18:00Z,ES,31298
2024-01-24T19:00Z,ES,29636
2024-01-24T20:00Z,ES,27666
2024-01-24T21:00Z,ES,25877
2024-01-24T22:00Z,ES,23902
2024-01-24T23:00Z,ES,22194
2024-01-25T00:00Z,ES,21318
2024-01-25T01:00Z,ES,21020
2024-01-25T02:00Z,ES,21172
2024-01-25T03:00Z,ES,21704
2024-01-25T04:00Z,ES,23400
2024-01-25T05:00Z,ES,27113
2024-01-25T06:00Z,ES,29958
2024-01-25T07:00Z,ES,30750
2024-01-25T08:00Z,ES,31500
2024-01-25T09:00Z,ES,31660
2024-01-25T10:00Z,ES,31178
2024-01-25T11:00Z,ES,30410
2024-01-25T12:00Z,ES,30198
2024-01-25T13:00Z,ES,30070
2024-01-25T14:00Z,ES,30286
2024-01-25T15:00Z,ES,30868
2024-01-25T16:00Z,ES,32548
2024-01-25T17:00Z,ES,32935
2024-01-25T18:00Z,ES,31645
2024-01-25T19:00Z,ES,30151
2024-01-25T20:00Z,ES,28234
2024-01-25T21:00Z,ES,26196
2024-01-25T22:00Z,ES,24246
2024-01-25T23:00Z,ES,22952
2024-01-26T00:00Z,ES,21855
2024-01-26T01:00Z,ES,20972
2024-01-26T02:00Z,ES,21011
2024-01-26T03:00Z,ES,21557
2024-01-26T04:00Z,ES,23728
2024-01-26T05:00Z,ES,27399
2024-01-26T06:00Z,ES,30238
2024-01-26T07:00Z,ES,31340
2024-01-26T08:00Z,ES,31640
2024-01-26T09:00Z,ES,31429
2024-01-26T10:00Z,ES,31441
2024-01-26T11:00Z,ES,31012
2024-01-26T12:00Z,ES,30900
2024-01-26T13:00Z,ES,30504
2024-01-26T14:00Z,ES,30652
2024-01-26T15:00Z,ES,31373
2024-01-26T16:00Z,ES,33328
2024-01-26T17:00Z,ES,33859
2024-01-26T18:00Z,ES,32405
2024-01-26T19:00Z,ES,30444
2024-01-26T20:00Z,ES,28625
2024-01-26T21:00Z,ES,26762
2024-01-26T22:00Z,ES,24802
2024-01-26T23:00Z,ES,22183
2024-01-27T00:00Z,ES,21797
2024-01-27T01:00Z,ES,21495
2024-01-27T02:00Z,ES,21495
2024-01-27T03:00Z,ES,21852
2024-01-27T04:00Z,ES,23061
2024-01-27T05:00Z,ES,24662
2024-01-27T06:00Z,ES,26292
2024-01-27T07:00Z,ES,26551
2024-01-27T08:00Z,ES,26998
2024-01-27T09:00Z,ES,26861
2024-01-27T10:00Z,ES,26490
2024-01-27T11:00Z,ES,26161
2024-01-27T12:00Z,ES,26380
2024-01-27T13:00Z,ES,26274
2024-01-27T14:00Z,ES,26052
2024-01-27T15:00Z,ES,26653
2024-01-27T16:00Z,ES,27213
2024-01-27T17:00Z,ES,27307
2024-01-27T18:00Z,ES,26881
2024-01-27T19:00Z,ES,25867
2024-01-27T20:00Z,ES,25089
2024-01-27T21:00Z,ES,23959
2024-01-27T22:00Z,ES,22988
2024-01-27T23:00Z,ES,20060
2024-01-28T00:00Z,ES,19751
2024-01-28T01:00Z,ES,19544
2024-01-28T02:00Z,ES,19407
2024-01-28T03:00Z,ES,19745
2024-01-28T04:00Z,ES,20553
2024-01-28T05:00Z,ES,22497
2024-01-28T06:00Z,ES,24146
2024-01-28T07:00Z,ES,24655
2024-01-28T08:00Z,ES,24788
2024-01-28T09:00Z,ES,25093
2024-01-28T10:00Z,ES,24990
2024-01-28T11:00Z,ES,24709
2024-01-28T12:00Z,ES,24535
2024-01-28T13:00Z,ES,24290
2024-01-28T14:00Z,ES,24124
2024-01-28T15:00Z,ES,24333
2024-01-28T16:00Z,ES,25240
2024-01-28T17:00Z,ES,25493
2024-01-28T18:00Z,ES,25146
2024-01-28T19:00Z,ES,24392
2024-01-28T20:00Z,ES,23537
2024-01-28T21:00Z,ES,22462
2024-01-28T22:00Z,ES,21224
2024-01-28T23:00Z,ES,23104
2024-01-29T00:00Z,ES,22057
2024-01-29T01:00Z,ES,21477
2024-01-29T02:00Z,ES,21398
2024-01-29T03:00Z,ES,21909
2024-01-29T04:00Z,ES,23859
2024-01-29T05:00Z,ES,27381
2024-01-29T06:00Z,ES,30601
2024-01-29T07:00Z,ES,31631
2024-01-29T08:00Z,ES,31870
2024-01-29T09:00Z,ES,31970
2024-01-29T10:00Z,ES,31699
2024-01-29T11:00Z,ES,31268
2024-01-29T12:00Z,ES,31217
2024-01-29T13:00Z,ES,31003
2024-01-29T14:00Z,ES,30879
2024-01-29T15:00Z,ES,31684
2024-01-29T16:00Z,ES,33102
2024-01-29T17:00Z,ES,33397
2024-01-29T18:00Z,ES,32221
2024-01-29T19:00Z,ES,29890
2024-01-29T20:00Z,ES,28211
2024-01-29T21:00Z,ES,26404
2024-01-29T22:00Z,ES,24476
2024-01-29T23:00Z,ES,23654
2024-01-30T00:00Z,ES,22971
2024-01-30T01:00Z,ES,22429
2024-01-30T02:00Z,ES,22548
2024-01-30T03:00Z,ES,23176
2024-01-30T04:00Z,ES,25112
2024-01-30T05:00Z,ES,28615
2024-01-30T06:00Z,ES,31701
2024-01-30T07:00Z,ES,33104
2024-01-30T08:00Z,ES,33098
2024-01-30T09:00Z,ES,33217
2024-01-30T10:00Z,ES,32912
2024-01-30T11:00Z,ES,32363
2024-01-30T12:00Z,ES,32206
2024-01-30T13:00Z,ES,31727
2024-01-30T14:00Z,ES,31755
2024-01-30T15:00Z,ES,32545
2024-01-30T16:00Z,ES,34335
2024-01-30T17:00Z,ES,34842
2024-01-30T18:00Z,ES,33489
2024-01-30T19:00Z,ES,31973
2024-01-30T20:00Z,ES,30105
2024-01-30T21:00Z,ES,27868
2024-01-30T22:00Z,ES,25748
2024-01-30T23:00Z,ES,24322
2024-01-31T00:00Z,ES,23343
2024-01-31T01:00Z,ES,22771
2024-01-31T02:00Z,ES,22623
2024-01-31T03:00Z,ES,23429
2024-01-31T04:00Z,ES,25612
2024-01-31T05:00Z,ES,29163
2024-01-31T06:00Z,ES,32393
2024-01-31T07:00Z,ES,33675
2024-01-31T08:00Z,ES,33988
2024-01-31T09:00Z,ES,34034
2024-01-31T10:00Z,ES,33461
2024-01-31T11:00Z,ES,32673
2024-01-31T12:00Z,ES,32310
2024-01-31T13:00Z,ES,32174
2024-01-31T14:00Z,ES,32156
2024-01-31T15:00Z,ES,32779
2024-01-31T16:00Z,ES,34597
2024-01-31T17:00Z,ES,35008
2024-01-31T18:00Z,ES,33779
2024-01-31T19:00Z,ES,32003
2024-01-31T20:00Z,ES,30291
2024-01-31T21:00Z,ES,28242
2024-01-31T22:00Z,ES,26212
2024-01-31T23:00Z,ES,24429
2024-02-01T00:00Z,ES,23425
2024-02-01T01:00Z,ES,23160
2024-02-01T02:00Z,ES,22941
2024-02-01T03:00Z,ES,23448
2024-02-01T04:00Z,ES,25466
2024-02-01T05:00Z,ES,29355
2024-02-01T06:00Z,ES,32379
2024-02-01T07:00Z,ES,33748
2024-02-01T08:00Z,ES,34085
2024-02-01T09:00Z,ES,34155
2024-02-01T10:00Z,ES,33776
2024-02-01T11:00Z,ES,33240
2024-02-01T12:00Z,ES,32693
2024-02-01T13:00Z,ES,32217
2024-02-01T14:00Z,ES,32112
2024-02-01T15:00Z,ES,32982
2024-02-01T16:00Z,ES,34617
2024-02-01T17:00Z,ES,34853
2024-02-01T18:00Z,ES,33655
2024-02-01T19:00Z,ES,32111
2024-02-01T20:00Z,ES,30281
2024-02-01T21:00Z,ES,28034
2024-02-01T22:00Z,ES,26056
2024-02-01T23:00Z,ES,24608
2024-02-02T00:00Z,ES,23634
2024-02-02T01:00Z,ES,23148
2024-02-02T02:00Z,ES,23210
2024-02-02T03:00Z,ES,23822
2024-02-02T04:00Z,ES,26104
2024-02-02T05:00Z,ES,29691
2024-02-02T06:00Z,ES,32620
2024-02-02T07:00Z,ES,34141
2024-02-02T08:00Z,ES,34182
2024-02-02T09:00Z,ES,34308
2024-02-02T10:00Z,ES,34297
2024-02-02T11:00Z,ES,33761
2024-02-02T12:00Z,ES,33229
2024-02-02T13:00Z,ES,32779
2024-02-02T14:00Z,ES,32561
2024-02-02T15:00Z,ES,33497
2024-02-02T16:00Z,ES,35284
2024-02-02T17:00Z,ES,35560
2024-02-02T18:00Z,ES,34544
2024-02-02T19:00Z,ES,32598
2024-02-02T20:00Z,ES,30463
2024-02-02T21:00Z,ES,28445
2024-02-02T22:00Z,ES,26477
2024-02-02T23:00Z,ES,23251
2024-02-03T00:00Z,ES,22782
2024-02-03T01:00Z,ES,22106
2024-02-03T02:00Z,ES,21942
2024-02-03T03:00Z,ES,22629
2024-02-03T04:00Z,ES,23768
2024-02-03T05:00Z,ES,25696
2024-02-03T06:00Z,ES,27588
2024-02-03T07:00Z,ES,28477
2024-02-03T08:00Z,ES,28635
2024-02-03T09:00Z,ES,28753
2024-02-03T10:00Z,ES,28584
2024-02-03T11:00Z,ES,28144
2024-02-03T12:00Z,ES,28007
2024-02-03T13:00Z,ES,27938
2024-02-03T14:00Z,ES,27857
2024-02-03T15:00Z,ES,27994
2024-02-03T16:00Z,ES,28730
2024-02-03T17:00Z,ES,28856
2024-02-03T18:00Z,ES,28253
2024-02-03T19:00Z,ES,27179
2024-02-03T20:00Z,ES,26308
2024-02-03T21:00Z,ES,25310
2024-02-03T22:00Z,ES,24381
2024-02-03T23:00Z,ES,21074
2024-02-04T00:00Z,ES,20756
2024-02-04T01:00Z,ES,20528
2024-02-04T02:00Z,ES,20507
2024-02-04T03:00Z,ES,20604
2024-02-04T04:00Z,ES,21827
2024-02-04T05:00Z,ES,23142
2024-02-04T06:00Z,ES,24788
2024-02-04T07:00Z,ES,25250
2024-02-04T08:00Z,ES,25312
2024-02-04T09:00Z,ES,25246
2024-02-04T10:00Z,ES,25231
2024-02-04T11:00Z,ES,25017
2024-02-04T12:00Z,ES,24847
2024-02-04T13:00Z,ES,24940
2024-02-04T14:00Z,ES,25186
2024-02-04T15:00Z,ES,25702
2024-02-04T16:00Z,ES,26209
2024-02-04T17:00Z,ES,26561
2024-02-04T18:00Z,ES,25978
2024-02-04T19:00Z,ES,25185
2024-02-04T20:00Z,ES,24208
2024-02-04T21:00Z,ES,23172
2024-02-04T22:00Z,ES,21889
2024-02-04T23:00Z,ES,24478
2024-02-05T00:00Z,ES,23396
2024-02-05T01:00Z,ES,22641
2024-02-05T02:00Z,ES,22405
2024-02-05T03:00Z,ES,23067
2024-02-05T04:00Z,ES,25448
2024-02-05T05:00Z,ES,29118
2024-02-05T06:00Z,ES,32346
2024-02-05T07:00Z,ES,33704
2024-02-05T08:00Z,ES,34269
2024-02-05T09:00Z,ES,34040
2024-02-05T10:00Z,ES,33666
2024-02-05T11:00Z,ES,32898
2024-02-05T12:00Z,ES,32639
2024-02-05T13:00Z,ES,32300
2024-02-05T14:00Z,ES,32261
2024-02-05T15:00Z,ES,33186
2024-02-05T16:00Z,ES,34934
2024-02-05T17:00Z,ES,35378
2024-02-05T18:00Z,ES,33985
2024-02-05T19:00Z,ES,31987
2024-02-05T20:00Z,ES,30147
2024-02-05T21:00Z,ES,27980
2024-02-05T22:00Z,ES,25788
2024-02-05T23:00Z,ES,24345
2024-02-06T00:00Z,ES,23287
2024-02-06T01:00Z,ES,22947
2024-02-06T02:00Z,ES,23034
2024-02-06T03:00Z,ES,23887
2024-02-06T04:00Z,ES,26184
2024-02-06T05:00Z,ES,29851
2024-02-06T06:00Z,ES,32995
2024-02-06T07:00Z,ES,34031
2024-02-06T08:00Z,ES,33902
2024-02-06T09:00Z,ES,34173
2024-02-06T10:00Z,ES,33631
2024-02-06T11:00Z,ES,33002
2024-02-06T12:00Z,ES,32907
2024-02-06T13:00Z,ES,32687
2024-02-06T14:00Z,ES,32388
2024-02-06T15:00Z,ES,32970
2024-02-06T16:00Z,ES,34999
2024-02-06T17:00Z,ES,35460
2024-02-06T18:00Z,ES,34103
2024-02-06T19:00Z,ES,32406
2024-02-06T20:00Z,ES,30338
2024-02-06T21:00Z,ES,28005
2024-02-06T22:00Z,ES,25687
2024-02-06T23:00Z,ES,23864
2024-02-07T00:00Z,ES,23081
2024-02-07T01:00Z,ES,22370
2024-02-07T02:00Z,ES,22303
2024-02-07T03:00Z,ES,22932
2024-02-07T04:00Z,ES,24928
2024-02-07T05:00Z,ES,28670
2024-02-07T06:00Z,ES,31771
2024-02-07T07:00Z,ES,33249
2024-02-07T08:00Z,ES,33793
2024-02-07T09:00Z,ES,34009
2024-02-07T10:00Z,ES,33941
2024-02-07T11:00Z,ES,33340
2024-02-07T12:00Z,ES,32855
2024-02-07T13:00Z,ES,32421
2024-02-07T14:00Z,ES,32456
2024-02-07T15:00Z,ES,33619
2024-02-07T16:00Z,ES,35208
2024-02-07T17:00Z,ES,35492
2024-02-07T18:00Z,ES,34292
2024-02-07T19:00Z,ES,32616
2024-02-07T20:00Z,ES,30761
2024-02-07T21:00Z,ES,28560
2024-02-07T22:00Z,ES,26505
2024-02-07T23:00Z,ES,24109
2024-02-08T00:00Z,ES,23325
2024-02-08T01:00Z,ES,22832
2024-02-08T02:00Z,ES,23047
2024-02-08T03:00Z,ES,23843
2024-02-08T04:00Z,ES,25868
2024-02-08T05:00Z,ES,29283
2024-02-08T06:00Z,ES,32130
2024-02-08T07:00Z,ES,33354
2024-02-08T08:00Z,ES,33647
2024-02-08T09:00Z,ES,33570
2024-02-08T10:00Z,ES,33240
2024-02-08T11:00Z,ES,32891
2024-02-08T12:00Z,ES,32386
2024-02-08T13:00Z,ES,31979
2024-02-08T14:00Z,ES,31892
2024-02-08T15:00Z,ES,32775
2024-02-08T16:00Z,ES,34807
2024-02-08T17:00Z,ES,34955
2024-02-08T18:00Z,ES,33498
2024-02-08T19:00Z,ES,31340
2024-02-08T20:00Z,ES,29671
2024-02-08T21:00Z,ES,27579
2024-02-08T22:00Z,ES,25682
2024-02-08T23:00Z,ES,23746
2024-02-09T00:00Z,ES,22811
2024-02-09T01:00Z,ES,21976
2024-02-09T02:00Z,ES,22000
2024-02-09T03:00Z,ES,22623
2024-02-09T04:00Z,ES,24829
2024-02-09T05:00Z,ES,28466
2024-02-09T06:00Z,ES,31215
2024-02-09T07:00Z,ES,32657
2024-02-09T08:00Z,ES,33076
2024-02-09T09:00Z,ES,33117
2024-02-09T10:00Z,ES,32844
2024-02-09T11:00Z,ES,32310
2024-02-09T12:00Z,ES,32270
2024-02-09T13:00Z,ES,31926
2024-02-09T14:00Z,ES,31913
2024-02-09T15:00Z,ES,32725
2024-02-09T16:00Z,ES,34567
2024-02-09T17:00Z,ES,35004
2024-02-09T18:00Z,ES,34009
2024-02-09T19:00Z,ES,32318
2024-02-09T20:00Z,ES,30410
2024-02-09T21:00Z,ES,28192
2024-02-09T22:00Z,ES,25975
2024-02-09T23:00Z,ES,23061
2024-02-10T00:00Z,ES,22314
2024-02-10T01:00Z,ES,22096
2024-02-10T02:00Z,ES,22009
2024-02-10T03:00Z,ES,22594
2024-02-10T04:00Z,ES,23433
2024-02-10T05:00Z,ES,25131
2024-02-10T06:00Z,ES,26985
2024-02-10T07:00Z,ES,27673
2024-02-10T08:00Z,ES,27817
2024-02-10T09:00Z,ES,28197
2024-02-10T10:00Z,ES,28108
2024-02-10T11:00Z,ES,27602
2024-02-10T12:00Z,ES,27377
2024-02-10T13:00Z,ES,27298
2024-02-10T14:00Z,ES,27507
2024-02-10T15:00Z,ES,27918
2024-02-10T16:00Z,ES,28859
2024-02-10T17:00Z,ES,28704
2024-02-10T18:00Z,ES,27915
2024-02-10T19:00Z,ES,26780
2024-02-10T20:00Z,ES,25811
2024-02-10T21:00Z,ES,24669
2024-02-10T22:00Z,ES,23837
2024-02-10T23:00Z,ES,20840
2024-02-11T00:00Z,ES,20464
2024-02-11T01:00Z,ES,20259
2024-02-11T02:00Z,ES,20296
2024-02-11T03:00Z,ES,20594
2024-02-11T04:00Z,ES,21414
2024-02-11T05:00Z,ES,23124
2024-02-11T06:00Z,ES,24403
2024-02-11T07:00Z,ES,24845
2024-02-11T08:00Z,ES,25023
2024-02-11T09:00Z,ES,24866
2024-02-11T10:00Z,ES,24562
2024-02-11T11:00Z,ES,24250
2024-02-11T12:00Z,ES,24135
2024-02-11T13:00Z,ES,23899
2024-02-11T14:00Z,ES,23900
2024-02-11T15:00Z,ES,24583
2024-02-11T16:00Z,ES,25348
2024-02-11T17:00Z,ES,25619
2024-02-11T18:00Z,ES,25285
2024-02-11T19:00Z,ES,24478
2024-02-11T20:00Z,ES,23627
2024-02-11T21:00Z,ES,22709
2024-02-11T22:00Z,ES,21598
2024-02-11T23:00Z,ES,23655
2024-02-12T00:00Z,ES,22732
2024-02-12T01:00Z,ES,22151
2024-02-12T02:00Z,ES,22219
2024-02-12T03:00Z,ES,22779
2024-02-12T04:00Z,ES,25053
2024-02-12T05:00Z,ES,28664
2024-02-12T06:00Z,ES,31785
2024-02-12T07:00Z,ES,32875
2024-02-12T08:00Z,ES,33186
2024-02-12T09:00Z,ES,33328
2024-02-12T10:00Z,ES,33129
2024-02-12T11:00Z,ES,32655
2024-02-12T12:00Z,ES,32085
2024-02-12T13:00Z,ES,31699
2024-02-12T14:00Z,ES,31611
2024-02-12T15:00Z,ES,32135
2024-02-12T16:00Z,ES,33553
2024-02-12T17:00Z,ES,33745
2024-02-12T18:00Z,ES,32937
2024-02-12T19:00Z,ES,31342
2024-02-12T20:00Z,ES,29733
2024-02-12T21:00Z,ES,27803
2024-02-12T22:00Z,ES,25562
2024-02-12T23:00Z,ES,23303
2024-02-13T00:00Z,ES,22347
2024-02-13T01:00Z,ES,21712
2024-02-13T02:00Z,ES,21898
2024-02-13T03:00Z,ES,22155
2024-02-13T04:00Z,ES,24133
2024-02-13T05:00Z,ES,27704
2024-02-13T06:00Z,ES,30486
2024-02-13T07:00Z,ES,31469
2024-02-13T08:00Z,ES,31781
2024-02-13T09:00Z,ES,31898
2024-02-13T10:00Z,ES,31846
2024-02-13T11:00Z,ES,31383
2024-02-13T12:00Z,ES,31257
2024-02-13T13:00Z,ES,31082
2024-02-13T14:00Z,ES,31058
2024-02-13T15:00Z,ES,31953
2024-02-13T16:00Z,ES,33400
2024-02-13T17:00Z,ES,33724
2024-02-13T18:00Z,ES,32581
2024-02-13T19:00Z,ES,30877
2024-02-13T20:00Z,ES,29511
2024-02-13T21:00Z,ES,27349
2024-02-13T22:00Z,ES,25336
2024-02-13T23:00Z,ES,22852
2024-02-14T00:00Z,ES,22259
2024-02-14T01:00Z,ES,21588
2024-02-14T02:00Z,ES,21486
2024-02-14T03:00Z,ES,21922
2024-02-14T04:00Z,ES,23748
2024-02-14T05:00Z,ES,27059
2024-02-14T06:00Z,ES,29952
2024-02-14T07:00Z,ES,31071
2024-02-14T08:00Z,ES,31221
2024-02-14T09:00Z,ES,31289
2024-02-14T10:00Z,ES,31096
2024-02-14T11:00Z,ES,30503
2024-02-14T12:00Z,ES,30399
2024-02-14T13:00Z,ES,30232
2024-02-14T14:00Z,ES,30064
2024-02-14T15:00Z,ES,30849
2024-02-14T16:00Z,ES,32177
2024-02-14T17:00Z,ES,32247
2024-02-14T18:00Z,ES,31367
2024-02-14T19:00Z,ES,29848
2024-02-14T20:00Z,ES,27795
2024-02-14T21:00Z,ES,25962
2024-02-14T22:00Z,ES,23986
2024-02-14T23:00Z,ES,22781
2024-02-15T00:00Z,ES,21964
2024-02-15T01:00Z,ES,21634
2024-02-15T02:00Z,ES,21474
2024-02-15T03:00Z,ES,21762
2024-02-15T04:00Z,ES,23703
2024-02-15T05:00Z,ES,27297
2024-02-15T06:00Z,ES,30062
2024-02-15T07:00Z,ES,31477
2024-02-15T08:00Z,ES,31733
2024-02-15T09:00Z,ES,31970
2024-02-15T10:00Z,ES,31750
2024-02-15T11:00Z,ES,31238
2024-02-15T12:00Z,ES,30777
2024-02-15T13:00Z,ES,30502
2024-02-15T14:00Z,ES,30669
2024-02-15T15:00Z,ES,31297
2024-02-15T16:00Z,ES,32940
2024-02-15T17:00Z,ES,33151
2024-02-15T18:00Z,ES,32256
2024-02-15T19:00Z,ES,30652
2024-02-15T20:00Z,ES,28852
2024-02-15T21:00Z,ES,26614
2024-02-15T22:00Z,ES,24474
2024-02-15T23:00Z,ES,23168
2024-02-16T00:00Z,ES,22550
2024-02-16T01:00Z,ES,21983
2024-02-16T02:00Z,ES,21942
2024-02-16T03:00Z,ES,22495
2024-02-16T04:00Z,ES,24714
2024-02-16T05:00Z,ES,28066
2024-02-16T06:00Z,ES,30887
2024-02-16T07:00Z,ES,32139
2024-02-16T08:00Z,ES,32622
2024-02-16T09:00Z,ES,32543
2024-02-16T10:00Z,ES,32244
2024-02-16T11:00Z,ES,31778
2024-02-16T12:00Z,ES,31442
2024-02-16T13:00Z,ES,31027
2024-02-16T14:00Z,ES,30958
2024-02-16T15:00Z,ES,31729
2024-02-16T16:00Z,ES,33348
2024-02-16T17:00Z,ES,33676
2024-02-16T18:00Z,ES,32766
2024-02-16T19:00Z,ES,31091
2024-02-16T20:00Z,ES,29388
2024-02-16T21:00Z,ES,27405
2024-02-16T22:00Z,ES,25361
2024-02-16T23:00Z,ES,23565
2024-02-17T00:00Z,ES,22866
2024-02-17T01:00Z,ES,22662
2024-02-17T02:00Z,ES,22723
2024-02-17T03:00Z,ES,23165
2024-02-17T04:00Z,ES,24581
2024-02-17T05:00Z,ES,26287
2024-02-17T06:00Z,ES,27747
2024-02-17T07:00Z,ES,28414
2024-02-17T08:00Z,ES,28523
2024-02-17T09:00Z,ES,28369
2024-02-17T10:00Z,ES,28149
2024-02-17T11:00Z,ES,27810
2024-02-17T12:00Z,ES,27609
2024-02-17T13:00Z,ES,27467
2024-02-17T14:00Z,ES,27421
2024-02-17T15:00Z,ES,27679
2024-02-17T16:00Z,ES,28358
2024-02-17T17:00Z,ES,28729
2024-02-17T18:00Z,ES,28277
2024-02-17T19:00Z,ES,27454
2024-02-17T20:00Z,ES,26550
2024-02-17T21:00Z,ES,25441
2024-02-17T22:00Z,ES,24350
2024-02-17T23:00Z,ES,20705
2024-02-18T00:00Z,ES,20287
2024-02-18T01:00Z,ES,20058
2024-02-18T02:00Z,ES,19841
2024-02-18T03:00Z,ES,20026
2024-02-18T04:00Z,ES,21045
2024-02-18T05:00Z,ES,22634
2024-02-18T06:00Z,ES,23860
2024-02-18T07:00Z,ES,24390
2024-02-18T08:00Z,ES,24625
2024-02-18T09:00Z,ES,24895
2024-02-18T10:00Z,ES,24529
2024-02-18T11:00Z,ES,24044
2024-02-18T12:00Z,ES,24094
2024-02-18T13:00Z,ES,24083
2024-02-18T14:00Z,ES,24068
2024-02-18T15:00Z,ES,24479
2024-02-18T16:00Z,ES,25319
2024-02-18T17:00Z,ES,25703
2024-02-18T18:00Z,ES,25092
2024-02-18T19:00Z,ES,24319
2024-02-18T20:00Z,ES,23674
2024-02-18T21:00Z,ES,22597
2024-02-18T22:00Z,ES,21840
2024-02-18T23:00Z,ES,23469
2024-02-19T00:00Z,ES,22309
2024-02-19T01:00Z,ES,21705
2024-02-19T02:00Z,ES,21591
2024-02-19T03:00Z,ES,22110
2024-02-19T04:00Z,ES,24031
2024-02-19T05:00Z,ES,27523
2024-02-19T06:00Z,ES,30162
2024-02-19T07:00Z,ES,31403
2024-02-19T08:00Z,ES,31795
2024-02-19T09:00Z,ES,31877
2024-02-19T10:00Z,ES,31495
2024-02-19T11:00Z,ES,31036
2024-02-19T12:00Z,ES,30911
2024-02-19T13:00Z,ES,30278
2024-02-19T14:00Z,ES,30237
2024-02-19T15:00Z,ES,31154
2024-02-19T16:00Z,ES,32697
2024-02-19T17:00Z,ES,32908
2024-02-19T18:00Z,ES,31727
2024-02-19T19:00Z,ES,30346
2024-02-19T20:00Z,ES,28692
2024-02-19T21:00Z,ES,26564
2024-02-19T22:00Z,ES,24699
2024-02-19T23:00Z,ES,23559
2024-02-20T00:00Z,ES,22364
2024-02-20T01:00Z,ES,21850
2024-02-20T02:00Z,ES,21627
2024-02-20T03:00Z,ES,22257
2024-02-20T04:00Z,ES,24090
2024-02-20T05:00Z,ES,27489
2024-02-20T06:00Z,ES,30573
2024-02-20T07:00Z,ES,31830
2024-02-20T08:00Z,ES,32247
2024-02-20T09:00Z,ES,32561
2024-02-20T10:00Z,ES,32312
2024-02-20T11:00Z,ES,31726
2024-02-20T12:00Z,ES,31336
2024-02-20T13:00Z,ES,30843
2024-02-20T14:00Z,ES,30791
2024-02-20T15:00Z,ES,31509
2024-02-20T16:00Z,ES,33219
2024-02-20T17:00Z,ES,33539
2024-02-20T18:00Z,ES,32803
2024-02-20T19:00Z,ES,31149
2024-02-20T20:00Z,ES,29369
2024-02-20T21:00Z,ES,27628
2024-02-20T22:00Z,ES,25519
2024-02-20T23:00Z,ES,23533
2024-02-21T00:00Z,ES,22636
2024-02-21T01:00Z,ES,22161
2024-02-21T02:00Z,ES,22274
2024-02-21T03:00Z,ES,22752
2024-02-21T04:00Z,ES,24942
2024-02-21T05:00Z,ES,28445
2024-02-21T06:00Z,ES,31102
2024-02-21T07:00Z,ES,32042
2024-02-21T08:00Z,ES,32448
2024-02-21T09:00Z,ES,32563
2024-02-21T10:00Z,ES,32470
2024-02-21T11:00Z,ES,31994
2024-02-21T12:00Z,ES,31682
2024-02-21T13:00Z,ES,31519
2024-02-21T14:00Z,ES,31656
2024-02-21T15:00Z,ES,32420
2024-02-21T16:00Z,ES,33932
2024-02-21T17:00Z,ES,34077
2024-02-21T18:00Z,ES,33156
2024-02-21T19:00Z,ES,31243
2024-02-21T20:00Z,ES,29728
2024-02-21T21:00Z,ES,27563
2024-02-21T22:00Z,ES,25579
2024-02-21T23:00Z,ES,24106
2024-02-22T00:00Z,ES,23009
2024-02-22T01:00Z,ES,22326
2024-02-22T02:00Z,ES,22135
2024-02-22T03:00Z,ES,22671
2024-02-22T04:00Z,ES,24618
2024-02-22T05:00Z,ES,27827
2024-02-22T06:00Z,ES,30991
2024-02-22T07:00Z,ES,32189
2024-02-22T08:00Z,ES,32578
2024-02-22T09:00Z,ES,32551
2024-02-22T10:00Z,ES,32562
2024-02-22T11:00Z,ES,31909
2024-02-22T12:00Z,ES,31928
2024-02-22T13:00Z,ES,31833
2024-02-22T14:00Z,ES,32180
2024-02-22T15:00Z,ES,32631
2024-02-22T16:00Z,ES,33919
2024-02-22T17:00Z,ES,34156
2024-02-22T18:00Z,ES,32698
2024-02-22T19:00Z,ES,31089
2024-02-22T20:00Z,ES,29534
2024-02-22T21:00Z,ES,27492
2024-02-22T22:00Z,ES,25317
2024-02-22T23:00Z,ES,23683
2024-02-23T00:00Z,ES,22954
2024-02-23T01:00Z,ES,22392
2024-02-23T02:00Z,ES,22369
2024-02-23T03:00Z,ES,22739
2024-02-23T04:00Z,ES,24786
2024-02-23T05:00Z,ES,28277
2024-02-23T06:00Z,ES,31062
2024-02-23T07:00Z,ES,32170
2024-02-23T08:00Z,ES,32727
2024-02-23T09:00Z,ES,32887
2024-02-23T10:00Z,ES,32524
2024-02-23T11:00Z,ES,32155
2024-02-23T12:00Z,ES,31777
2024-02-23T13:00Z,ES,31580
2024-02-23T14:00Z,ES,31551
2024-02-23T15:00Z,ES,32379
2024-02-23T16:00Z,ES,33824
2024-02-23T17:00Z,ES,33983
2024-02-23T18:00Z,ES,32960
2024-02-23T19:00Z,ES,31297
2024-02-23T20:00Z,ES,29262
2024-02-23T21:00Z,ES,27703
2024-02-23T22:00Z,ES,25588
2024-02-23T23:00Z,ES,22881
2024-02-24T00:00Z,ES,22339
2024-02-24T01:00Z,ES,22107
2024-02-24T02:00Z,ES,21859
2024-02-24T03:00Z,ES,22101
2024-02-24T04:00Z,ES,23108
2024-02-24T05:00Z,ES,25098
2024-02-24T06:00Z,ES,26700
2024-02-24T07:00Z,ES,27440
2024-02-24T08:00Z,ES,27466
2024-02-24T09:00Z,ES,27596
2024-02-24T10:00Z,ES,27535
2024-02-24T11:00Z,ES,27537
2024-02-24T12:00Z,ES,27647
2024-02-24T13:00Z,ES,27402
2024-02-24T14:00Z,ES,27042
2024-02-24T15:00Z,ES,27408
2024-02-24T16:00Z,ES,27956
2024-02-24T17:00Z,ES,28147
2024-02-24T18:00Z,ES,27382
2024-02-24T19:00Z,ES,26189
2024-02-24T20:00Z,ES,25439
2024-02-24T21:00Z,ES,24784
2024-02-24T22:00Z,ES,23755
2024-02-24T23:00Z,ES,20924
2024-02-25T00:00Z,ES,20457
2024-02-25T01:00Z,ES,20386
2024-02-25T02:00Z,ES,20422
2024-02-25T03:00Z,ES,20438
2024-02-25T04:00Z,ES,21382
2024-02-25T05:00Z,ES,23301
2024-02-25T06:00Z,ES,24779
2024-02-25T07:00Z,ES,25455
2024-02-25T08:00Z,ES,25535
2024-02-25T09:00Z,ES,25376
2024-02-25T10:00Z,ES,25105
2024-02-25T11:00Z,ES,24890
2024-02-25T12:00Z,ES,24849
2024-02-25T13:00Z,ES,24677
2024-02-25T14:00Z,ES,24691
2024-02-25T15:00Z,ES,24886
2024-02-25T16:00Z,ES,25557
2024-02-25T17:00Z,ES,25878
2024-02-25T18:00Z,ES,25618
2024-02-25T19:00Z,ES,24698
2024-02-25T20:00Z,ES,23729
2024-02-25T21:00Z,ES,23064
2024-02-25T22:00Z,ES,22007
2024-02-25T23:00Z,ES,24155
2024-02-26T00:00Z,ES,23344
2024-02-26T01:00Z,ES,22884
2024-02-26T02:00Z,ES,22516
2024-02-26T03:00Z,ES,23171
2024-02-26T04:00Z,ES,25166
2024-02-26T05:00Z,ES,28608
2024-02-26T06:00Z,ES,31449
2024-02-26T07:00Z,ES,33014
2024-02-26T08:00Z,ES,33293
2024-02-26T09:00Z,ES,33205
2024-02-26T10:00Z,ES,32961
2024-02-26T11:00Z,ES,32557
2024-02-26T12:00Z,ES,32207
2024-02-26T13:00Z,ES,31858
2024-02-26T14:00Z,ES,31630
2024-02-26T15:00Z,ES,32428
2024-02-26T16:00Z,ES,33622
2024-02-26T17:00Z,ES,33768
2024-02-26T18:00Z,ES,32909
2024-02-26T19:00Z,ES,31248
2024-02-26T20:00Z,ES,29501
2024-02-26T21:00Z,ES,27680
2024-02-26T22:00Z,ES,25568
2024-02-26T23:00Z,ES,23968
2024-02-27T00:00Z,ES,22905
2024-02-27T01:00Z,ES,22618
2024-02-27T02:00Z,ES,22635
2024-02-27T03:00Z,ES,22930
2024-02-27T04:00Z,ES,25262
2024-02-27T05:00Z,ES,28531
2024-02-27T06:00Z,ES,31487
2024-02-27T07:00Z,ES,32567
2024-02-27T08:00Z,ES,32831
2024-02-27T09:00Z,ES,33029
2024-02-27T10:00Z,ES,32831
2024-02-27T11:00Z,ES,32384
2024-02-27T12:00Z,ES,31943
2024-02-27T13:00Z,ES,31523
2024-02-27T14:00Z,ES,31586
2024-02-27T15:00Z,ES,32809
2024-02-27T16:00Z,ES,34490
2024-02-27T17:00Z,ES,34889
2024-02-27T18:00Z,ES,33694
2024-02-27T19:00Z,ES,31879
2024-02-27T20:00Z,ES,30225
2024-02-27T21:00Z,ES,27971
2024-02-27T22:00Z,ES,25953
2024-02-27T23:00Z,ES,24130
2024-02-28T00:00Z,ES,23287
2024-02-28T01:00Z,ES,22521
2024-02-28T02:00Z,ES,22202
2024-02-28T03:00Z,ES,22678
2024-02-28T04:00Z,ES,24556
2024-02-28T05:00Z,ES,27814
2024-02-28T06:00Z,ES,30640
2024-02-28T07:00Z,ES,31776
2024-02-28T08:00Z,ES,32331
2024-02-28T09:00Z,ES,32231
2024-02-28T10:00Z,ES,32057
2024-02-28T11:00Z,ES,31789
2024-02-28T12:00Z,ES,31736
2024-02-28T13:00Z,ES,31580
2024-02-28T14:00Z,ES,31710
2024-02-28T15:00Z,ES,32602
2024-02-28T16:00Z,ES,34018
2024-02-28T17:00Z,ES,34017
2024-02-28T18:00Z,ES,33148
2024-02-28T19:00Z,ES,31406
2024-02-28T20:00Z,ES,29831
2024-02-28T21:00Z,ES,27888
2024-02-28T22:00Z,ES,25959
2024-02-28T23:00Z,ES,23631
2024-02-29T00:00Z,ES,22556
2024-02-29T01:00Z,ES,21964
2024-02-29T02:00Z,ES,21997
2024-02-29T03:00Z,ES,22589
2024-02-29T04:00Z,ES,24433
2024-02-29T05:00Z,ES,27723
2024-02-29T06:00Z,ES,30628
2024-02-29T07:00Z,ES,31906
2024-02-29T08:00Z,ES,32365
2024-02-29T09:00Z,ES,32242
2024-02-29T10:00Z,ES,32174
2024-02-29T11:00Z,ES,31615
2024-02-29T12:00Z,ES,31476
2024-02-29T13:00Z,ES,31248
2024-02-29T14:00Z,ES,31254
2024-02-29T15:00Z,ES,32206
2024-02-29T16:00Z,ES,33339
2024-02-29T17:00Z,ES,33749
2024-02-29T18:00Z,ES,32516
2024-02-29T19:00Z,ES,31206
2024-02-29T20:00Z,ES,29431
2024-02-29T21:00Z,ES,27235
2024-02-29T22:00Z,ES,25045
2024-02-29T23:00Z,ES,23128
2024-03-01T00:00Z,ES,22093
2024-03-01T01:00Z,ES,21902
2024-03-01T02:00Z,ES,21831
2024-03-01T03:00Z,ES,22413
2024-03-01T04:00Z,ES,24421
2024-03-01T05:00Z,ES,27815
2024-03-01T06:00Z,ES,30543
2024-03-01T07:00Z,ES,31691
2024-03-01T08:00Z,ES,31899
2024-03-01T09:00Z,ES,32161
2024-03-01T10:00Z,ES,31856
2024-03-01T11:00Z,ES,31485
2024-03-01T12:00Z,ES,31362
2024-03-01T13:00Z,ES,31042
2024-03-01T14:00Z,ES,31137
2024-03-01T15:00Z,ES,31758
2024-03-01T16:00Z,ES,32804
2024-03-01T17:00Z,ES,32871
2024-03-01T18:00Z,ES,31645
2024-03-01T19:00Z,ES,30169
2024-03-01T20:00Z,ES,28659
2024-03-01T21:00Z,ES,26808
2024-03-01T22:00Z,ES,25125
2024-03-01T23:00Z,ES,22435
2024-03-02T00:00Z,ES,21693
2024-03-02T01:00Z,ES,21474
2024-03-02T02:00Z,ES,21179
2024-03-02T03:00Z,ES,21512
2024-03-02T04:00Z,ES,22524
2024-03-02T05:00Z,ES,24325
2024-03-02T06:00Z,ES,25892
2024-03-02T07:00Z,ES,26755
2024-03-02T08:00Z,ES,26769
2024-03-02T09:00Z,ES,26787
2024-03-02T10:00Z,ES,26673
2024-03-02T11:00Z,ES,26395
2024-03-02T12:00Z,ES,26274
2024-03-02T13:00Z,ES,26021
2024-03-02T14:00Z,ES,25876
2024-03-02T15:00Z,ES,26364
2024-03-02T16:00Z,ES,27226
2024-03-02T17:00Z,ES,27363
2024-03-02T18:00Z,ES,26695
2024-03-02T19:00Z,ES,26164
2024-03-02T20:00Z,ES,25243
2024-03-02T21:00Z,ES,24217
2024-03-02T22:00Z,ES,23190
2024-03-02T23:00Z,ES,20511
2024-03-03T00:00Z,ES,20040
2024-03-03T01:00Z,ES,19938
2024-03-03T02:00Z,ES,19911
2024-03-03T03:00Z,ES,20329
2024-03-03T04:00Z,ES,21329
2024-03-03T05:00Z,ES,23109
2024-03-03T06:00Z,ES,24522
2024-03-03T07:00Z,ES,25168
2024-03-03T08:00Z,ES,25207
2024-03-03T09:00Z,ES,25169
2024-03-03T10:00Z,ES,25164
2024-03-03T11:00Z,ES,25066
2024-03-03T12:00Z,ES,24925
2024-03-03T13:00Z,ES,24790
2024-03-03T14:00Z,ES,24597
2024-03-03T15:00Z,ES,24644
2024-03-03T16:00Z,ES,25314
2024-03-03T17:00Z,ES,25462
2024-03-03T18:00Z,ES,25025
2024-03-03T19:00Z,ES,24381
2024-03-03T20:00Z,ES,23143
2024-03-03T21:00Z,ES,22238
2024-03-03T22:00Z,ES,21136
2024-03-03T23:00Z,ES,23449
2024-03-04T00:00Z,ES,22604
2024-03-04T01:00Z,ES,22033
2024-03-04T02:00Z,ES,21975
2024-03-04T03:00Z,ES,22546
2024-03-04T04:00Z,ES,24613
2024-03-04T05:00Z,ES,28165
2024-03-04T06:00Z,ES,31068
2024-03-04T07:00Z,ES,32471
2024-03-04T08:00Z,ES,33016
2024-03-04T09:00Z,ES,32774
2024-03-04T10:00Z,ES,32589
2024-03-04T11:00Z,ES,32359
2024-03-04T12:00Z,ES,31856
2024-03-04T13:00Z,ES,31393
2024-03-04T14:00Z,ES,31587
2024-03-04T15:00Z,ES,32135
2024-03-04T16:00Z,ES,33135
2024-03-04T17:00Z,ES,33504
2024-03-04T18:00Z,ES,32520
2024-03-04T19:00Z,ES,30864
2024-03-04T20:00Z,ES,29246
2024-03-04T21:00Z,ES,27303
2024-03-04T22:00Z,ES,25562
2024-03-04T23:00Z,ES,23055
2024-03-05T00:00Z,ES,22166
2024-03-05T01:00Z,ES,21848
2024-03-05T02:00Z,ES,21801
2024-03-05T03:00Z,ES,22230
2024-03-05T04:00Z,ES,24131
2024-03-05T05:00Z,ES,27615
2024-03-05T06:00Z,ES,30343
2024-03-05T07:00Z,ES,31578
2024-03-05T08:00Z,ES,31835
2024-03-05T09:00Z,ES,31910
2024-03-05T10:00Z,ES,31761
2024-03-05T11:00Z,ES,31300
2024-03-05T12:00Z,ES,31051
2024-03-05T13:00Z,ES,30883
2024-03-05T14:00Z,ES,31074
2024-03-05T15:00Z,ES,32032
2024-03-05T16:00Z,ES,33148
2024-03-05T17:00Z,ES,33268
2024-03-05T18:00Z,ES,32025
2024-03-05T19:00Z,ES,30463
2024-03-05T20:00Z,ES,28840
2024-03-05T21:00Z,ES,26918
2024-03-05T22:00Z,ES,25011
2024-03-05T23:00Z,ES,22883
2024-03-06T00:00Z,ES,21962
2024-03-06T01:00Z,ES,21171
2024-03-06T02:00Z,ES,21131
2024-03-06T03:00Z,ES,21334
2024-03-06T04:00Z,ES,23384
2024-03-06T05:00Z,ES,26664
2024-03-06T06:00Z,ES,29401
2024-03-06T07:00Z,ES,30333
2024-03-06T08:00Z,ES,30942
2024-03-06T09:00Z,ES,31038
2024-03-06T10:00Z,ES,31181
2024-03-06T11:00Z,ES,30719
2024-03-06T12:00Z,ES,30367
2024-03-06T13:00Z,ES,30065
2024-03-06T14:00Z,ES,29862
2024-03-06T15:00Z,ES,30589
2024-03-06T16:00Z,ES,32086
2024-03-06T17:00Z,ES,32381
2024-03-06T18:00Z,ES,31018
2024-03-06T19:00Z,ES,29621
2024-03-06T20:00Z,ES,27981
2024-03-06T21:00Z,ES,26007
2024-03-06T22:00Z,ES,23994
2024-03-06T23:00Z,ES,22601
2024-03-07T00:00Z,ES,21792
2024-03-07T01:00Z,ES,21317
2024-03-07T02:00Z,ES,21124
2024-03-07T03:00Z,ES,21907
2024-03-07T04:00Z,ES,23807
2024-03-07T05:00Z,ES,26945
2024-03-07T06:00Z,ES,29596
2024-03-07T07:00Z,ES,30784
2024-03-07T08:00Z,ES,31000
2024-03-07T09:00Z,ES,31023
2024-03-07T10:00Z,ES,31129
2024-03-07T11:00Z,ES,30555
2024-03-07T12:00Z,ES,30227
2024-03-07T13:00Z,ES,29946
2024-03-07T14:00Z,ES,30082
2024-03-07T15:00Z,ES,30545
2024-03-07T16:00Z,ES,32024
2024-03-07T17:00Z,ES,32369
2024-03-07T18:00Z,ES,31221
2024-03-07T19:00Z,ES,29879
2024-03-07T20:00Z,ES,28389
2024-03-07T21:00Z,ES,26335
2024-03-07T22:00Z,ES,23937
2024-03-07T23:00Z,ES,22264
2024-03-08T00:00Z,ES,21507
2024-03-08T01:00Z,ES,21139
2024-03-08T02:00Z,ES,21302
2024-03-08T03:00Z,ES,22146
2024-03-08T04:00Z,ES,24045
2024-03-08T05:00Z,ES,27336
2024-03-08T06:00Z,ES,30292
2024-03-08T07:00Z,ES,31403
2024-03-08T08:00Z,ES,31684
2024-03-08T09:00Z,ES,31575
2024-03-08T10:00Z,ES,31229
2024-03-08T11:00Z,ES,30727
2024-03-08T12:00Z,ES,30561
2024-03-08T13:00Z,ES,30407
2024-03-08T14:00Z,ES,30494
2024-03-08T15:00Z,ES,31118
2024-03-08T16:00Z,ES,32461
2024-03-08T17:00Z,ES,32417
2024-03-08T18:00Z,ES,31406
2024-03-08T19:00Z,ES,30123
2024-03-08T20:00Z,ES,28671
2024-03-08T21:00Z,ES,26533
2024-03-08T22:00Z,ES,24599
2024-03-08T23:00Z,ES,21213
2024-03-09T00:00Z,ES,20838
2024-03-09T01:00Z,ES,20564
2024-03-09T02:00Z,ES,20883
2024-03-09T03:00Z,ES,21300
2024-03-09T04:00Z,ES,22292
2024-03-09T05:00Z,ES,23706
2024-03-09T06:00Z,ES,24935
2024-03-09T07:00Z,ES,25228
2024-03-09T08:00Z,ES,25473
2024-03-09T09:00Z,ES,25573
2024-03-09T10:00Z,ES,25271
2024-03-09T11:00Z,ES,24955
2024-03-09T12:00Z,ES,25023
2024-03-09T13:00Z,ES,24889
2024-03-09T14:00Z,ES,24843
2024-03-09T15:00Z,ES,25349
2024-03-09T16:00Z,ES,25792
2024-03-09T17:00Z,ES,25822
2024-03-09T18:00Z,ES,25169
2024-03-09T19:00Z,ES,24400
2024-03-09T20:00Z,ES,23434
2024-03-09T21:00Z,ES,22519
2024-03-09T22:00Z,ES,21530
2024-03-09T23:00Z,ES,19273
2024-03-10T00:00Z,ES,18686
2024-03-10T01:00Z,ES,18494
2024-03-10T02:00Z,ES,18632
2024-03-10T03:00Z,ES,18636
2024-03-10T04:00Z,ES,19472
2024-03-10T05:00Z,ES,20976
2024-03-10T06:00Z,ES,22555
2024-03-10T07:00Z,ES,23294
2024-03-10T08:00Z,ES,23436
2024-03-10T09:00Z,ES,23606
2024-03-10T10:00Z,ES,23404
2024-03-10T11:00Z,ES,23262
2024-03-10T12:00Z,ES,23108
2024-03-10T13:00Z,ES,22916
2024-03-10T14:00Z,ES,22970
2024-03-10T15:00Z,ES,23058
2024-03-10T16:00Z,ES,23752
2024-03-10T17:00Z,ES,23944
2024-03-10T18:00Z,ES,23428
2024-03-10T19:00Z,ES,22667
2024-03-10T20:00Z,ES,22054
2024-03-10T21:00Z,ES,21402
2024-03-10T22:00Z,ES,20340
2024-03-10T23:00Z,ES,23432
2024-03-11T00:00Z,ES,22546
2024-03-11T01:00Z,ES,22118
2024-03-11T02:00Z,ES,21873
2024-03-11T03:00Z,ES,22191
2024-03-11T04:00Z,ES,24578
2024-03-11T05:00Z,ES,27951
2024-03-11T06:00Z,ES,30743
2024-03-11T07:00Z,ES,31936
2024-03-11T08:00Z,ES,32293
2024-03-11T09:00Z,ES,32277
2024-03-11T10:00Z,ES,31958
2024-03-11T11:00Z,ES,31578
2024-03-11T12:00Z,ES,31430
2024-03-11T13:00Z,ES,30998
2024-03-11T14:00Z,ES,30785
2024-03-11T15:00Z,ES,31524
2024-03-11T16:00Z,ES,32884
2024-03-11T17:00Z,ES,33142
2024-03-11T18:00Z,ES,31938
2024-03-11T19:00Z,ES,30136
2024-03-11T20:00Z,ES,28792
2024-03-11T21:00Z,ES,26988
2024-03-11T22:00Z,ES,24863
2024-03-11T23:00Z,ES,22288
2024-03-12T00:00Z,ES,21792
2024-03-12T01:00Z,ES,21325
2024-03-12T02:00Z,ES,21305
2024-03-12T03:00Z,ES,22126
2024-03-12T04:00Z,ES,24000
2024-03-12T05:00Z,ES,27056
2024-03-12T06:00Z,ES,29789
2024-03-12T07:00Z,ES,30941
2024-03-12T08:00Z,ES,31361
2024-03-12T09:00Z,ES,31395
2024-03-12T10:00Z,ES,31312
2024-03-12T11:00Z,ES,30654
2024-03-12T12:00Z,ES,30662
2024-03-12T13:00Z,ES,30264
2024-03-12T14:00Z,ES,30257
2024-03-12T15:00Z,ES,30785
2024-03-12T16:00Z,ES,32073
2024-03-12T17:00Z,ES,32081
2024-03-12T18:00Z,ES,30965
2024-03-12T19:00Z,ES,29812
2024-03-12T20:00Z,ES,28078
2024-03-12T21:00Z,ES,26256
2024-03-12T22:00Z,ES,24440
2024-03-12T23:00Z,ES,22728
2024-03-13T00:00Z,ES,22007
2024-03-13T01:00Z,ES,21473
2024-03-13T02:00Z,ES,21417
2024-03-13T03:00Z,ES,21796
2024-03-13T04:00Z,ES,23601
2024-03-13T05:00Z,ES,26715
2024-03-13T06:00Z,ES,29290
2024-03-13T07:00Z,ES,30538
2024-03-13T08:00Z,ES,31100
2024-03-13T09:00Z,ES,31136
2024-03-13T10:00Z,ES,30676
2024-03-13T11:00Z,ES,30428
2024-03-13T12:00Z,ES,30253
2024-03-13T13:00Z,ES,29970
2024-03-13T14:00Z,ES,30069
2024-03-13T15:00Z,ES,30839
2024-03-13T16:00Z,ES,32034
2024-03-13T17:00Z,ES,32210
2024-03-13T18:00Z,ES,31133
2024-03-13T19:00Z,ES,29572
2024-03-13T20:00Z,ES,28106
2024-03-13T21:00Z,ES,26251
2024-03-13T22:00Z,ES,24500
2024-03-13T23:00Z,ES,22243
2024-03-14T00:00Z,ES,21041
2024-03-14T01:00Z,ES,20368
2024-03-14T02:00Z,ES,20401
2024-03-14T03:00Z,ES,20969
2024-03-14T04:00Z,ES,22740
2024-03-14T05:00Z,ES,25787
2024-03-14T06:00Z,ES,28254
2024-03-14T07:00Z,ES,29358
2024-03-14T08:00Z,ES,30193
2024-03-14T09:00Z,ES,30382
2024-03-14T10:00Z,ES,30196
2024-03-14T11:00Z,ES,29743
2024-03-14T12:00Z,ES,29655
2024-03-14T13:00Z,ES,29331
2024-03-14T14:00Z,ES,29300
2024-03-14T15:00Z,ES,29703
2024-03-14T16:00Z,ES,30763
2024-03-14T17:00Z,ES,31045
2024-03-14T18:00Z,ES,30307
2024-03-14T19:00Z,ES,28927
2024-03-14T20:00Z,ES,27619
2024-03-14T21:00Z,ES,26012
2024-03-14T22:00Z,ES,23994
2024-03-14T23:00Z,ES,22529
2024-03-15T00:00Z,ES,21718
2024-03-15T01:00Z,ES,20981
2024-03-15T02:00Z,ES,20965
2024-03-15T03:00Z,ES,21399
2024-03-15T04:00Z,ES,23044
2024-03-15T05:00Z,ES,25715
2024-03-15T06:00Z,ES,28274
2024-03-15T07:00Z,ES,29507
2024-03-15T08:00Z,ES,30017
2024-03-15T09:00Z,ES,29824
2024-03-15T10:00Z,ES,29716
2024-03-15T11:00Z,ES,29312
2024-03-15T12:00Z,ES,29395
2024-03-15T13:00Z,ES,29244
2024-03-15T14:00Z,ES,29065
2024-03-15T15:00Z,ES,29547
2024-03-15T16:00Z,ES,30810
2024-03-15T17:00Z,ES,31089
2024-03-15T18:00Z,ES,29949
2024-03-15T19:00Z,ES,28560
2024-03-15T20:00Z,ES,26942
2024-03-15T21:00Z,ES,25348
2024-03-15T22:00Z,ES,23704
2024-03-15T23:00Z,ES,20833
2024-03-16T00:00Z,ES,20466
2024-03-16T01:00Z,ES,20058
2024-03-16T02:00Z,ES,19946
2024-03-16T03:00Z,ES,20275
2024-03-16T04:00Z,ES,21039
2024-03-16T05:00Z,ES,22715
2024-03-16T06:00Z,ES,24413
2024-03-16T07:00Z,ES,25165
2024-03-16T08:00Z,ES,25281
2024-03-16T09:00Z,ES,25412
2024-03-16T10:00Z,ES,25352
2024-03-16T11:00Z,ES,25021
2024-03-16T12:00Z,ES,25006
2024-03-16T13:00Z,ES,24887
2024-03-16T14:00Z,ES,24628
2024-03-16T15:00Z,ES,25101
2024-03-16T16:00Z,ES,25950
2024-03-16T17:00Z,ES,25928
2024-03-16T18:00Z,ES,25336
2024-03-16T19:00Z,ES,24486
2024-03-16T20:00Z,ES,23824
2024-03-16T21:00Z,ES,22788
2024-03-16T22:00Z,ES,22064
2024-03-16T23:00Z,ES,19243
2024-03-17T00:00Z,ES,18706
2024-03-17T01:00Z,ES,18178
2024-03-17T02:00Z,ES,18135
2024-03-17T03:00Z,ES,18654
2024-03-17T04:00Z,ES,19882
2024-03-17T05:00Z,ES,21285
2024-03-17T06:00Z,ES,22315
2024-03-17T07:00Z,ES,22994
2024-03-17T08:00Z,ES,23280
2024-03-17T09:00Z,ES,23245
2024-03-17T10:00Z,ES,22870
2024-03-17T11:00Z,ES,22678
2024-03-17T12:00Z,ES,22534
2024-03-17T13:00Z,ES,22271
2024-03-17T14:00Z,ES,22581
2024-03-17T15:00Z,ES,22754
2024-03-17T16:00Z,ES,23330
2024-03-17T17:00Z,ES,23478
2024-03-17T18:00Z,ES,23127
2024-03-17T19:00Z,ES,22473
2024-03-17T20:00Z,ES,21524
2024-03-17T21:00Z,ES,20753
2024-03-17T22:00Z,ES,20130
2024-03-17T23:00Z,ES,22833
2024-03-18T00:00Z,ES,22053
2024-03-18T01:00Z,ES,21415
2024-03-18T02:00Z,ES,21408
2024-03-18T03:00Z,ES,21639
2024-03-18T04:00Z,ES,23323
2024-03-18T05:00Z,ES,26610
2024-03-18T06:00Z,ES,29420
2024-03-18T07:00Z,ES,30596
2024-03-18T08:00Z,ES,31135
2024-03-18T09:00Z,ES,31445
2024-03-18T10:00Z,ES,31305
2024-03-18T11:00Z,ES,30828
2024-03-18T12:00Z,ES,30751
2024-03-18T13:00Z,ES,30637
2024-03-18T14:00Z,ES,30216
2024-03-18T15:00Z,ES,30630
2024-03-18T16:00Z,ES,31518
2024-03-18T17:00Z,ES,31725
2024-03-18T18:00Z,ES,30658
2024-03-18T19:00Z,ES,29390
2024-03-18T20:00Z,ES,27997
2024-03-18T21:00Z,ES,26287
2024-03-18T22:00Z,ES,24083
2024-03-18T23:00Z,ES,22637
2024-03-19T00:00Z,ES,21866
2024-03-19T01:00Z,ES,21541
2024-03-19T02:00Z,ES,21333
2024-03-19T03:00Z,ES,21695
2024-03-19T04:00Z,ES,23233
2024-03-19T05:00Z,ES,26300
2024-03-19T06:00Z,ES,29186
2024-03-19T07:00Z,ES,30449
2024-03-19T08:00Z,ES,31269
2024-03-19T09:00Z,ES,31519
2024-03-19T10:00Z,ES,31156
2024-03-19T11:00Z,ES,30603
2024-03-19T12:00Z,ES,30742
2024-03-19T13:00Z,ES,30417
2024-03-19T14:00Z,ES,30404
2024-03-19T15:00Z,ES,30830
2024-03-19T16:00Z,ES,32307
2024-03-19T17:00Z,ES,32262
2024-03-19T18:00Z,ES,31151
2024-03-19T19:00Z,ES,29819
2024-03-19T20:00Z,ES,28203
2024-03-19T21:00Z,ES,26557
2024-03-19T22:00Z,ES,24560
2024-03-19T23:00Z,ES,23096
2024-03-20T00:00Z,ES,22110
2024-03-20T01:00Z,ES,21429
2024-03-20T02:00Z,ES,21233
2024-03-20T03:00Z,ES,21848
2024-03-20T04:00Z,ES,23655
2024-03-20T05:00Z,ES,26557
2024-03-20T06:00Z,ES,29513
2024-03-20T07:00Z,ES,31035
2024-03-20T08:00Z,ES,31800
2024-03-20T09:00Z,ES,31908
2024-03-20T10:00Z,ES,31710
2024-03-20T11:00Z,ES,31131
2024-03-20T12:00Z,ES,31163
2024-03-20T13:00Z,ES,31105
2024-03-20T14:00Z,ES,31002
2024-03-20T15:00Z,ES,31625
2024-03-20T16:00Z,ES,32733
2024-03-20T17:00Z,ES,32680
2024-03-20T18:00Z,ES,31573
2024-03-20T19:00Z,ES,30289
2024-03-20T20:00Z,ES,28633
2024-03-20T21:00Z,ES,26602
2024-03-20T22:00Z,ES,24891
2024-03-20T23:00Z,ES,23199
2024-03-21T00:00Z,ES,22167
2024-03-21T01:00Z,ES,21689
2024-03-21T02:00Z,ES,21745
2024-03-21T03:00Z,ES,22213
2024-03-21T04:00Z,ES,23785
2024-03-21T05:00Z,ES,26923
2024-03-21T06:00Z,ES,29367
2024-03-21T07:00Z,ES,30519
2024-03-21T08:00Z,ES,31310
2024-03-21T09:00Z,ES,31612
2024-03-21T10:00Z,ES,31834
2024-03-21T11:00Z,ES,31350
2024-03-21T12:00Z,ES,31173
2024-03-21T13:00Z,ES,30906
2024-03-21T14:00Z,ES,30844
2024-03-21T15:00Z,ES,30960
2024-03-21T16:00Z,ES,32022
2024-03-21T17:00Z,ES,32333
2024-03-21T18:00Z,ES,31429
2024-03-21T19:00Z,ES,29812
2024-03-21T20:00Z,ES,28274
2024-03-21T21:00Z,ES,26380
2024-03-21T22:00Z,ES,24499
2024-03-21T23:00Z,ES,22616
2024-03-22T00:00Z,ES,21785
2024-03-22T01:00Z,ES,21412
2024-03-22T02:00Z,ES,21343
2024-03-22T03:00Z,ES,21937
2024-03-22T04:00Z,ES,23778
2024-03-22T05:00Z,ES,27043
2024-03-22T06:00Z,ES,29715
2024-03-22T07:00Z,ES,30975
2024-03-22T08:00Z,ES,31482
2024-03-22T09:00Z,ES,31702
2024-03-22T10:00Z,ES,31458
2024-03-22T11:00Z,ES,30716
2024-03-22T12:00Z,ES,30182
2024-03-22T13:00Z,ES,30066
2024-03-22T14:00Z,ES,29914
2024-03-22T15:00Z,ES,30400
2024-03-22T16:00Z,ES,31526
2024-03-22T17:00Z,ES,31502
2024-03-22T18:00Z,ES,30656
2024-03-22T19:00Z,ES,29192
2024-03-22T20:00Z,ES,27884
2024-03-22T21:00Z,ES,26167
2024-03-22T22:00Z,ES,24358
2024-03-22T23:00Z,ES,20896
2024-03-23T00:00Z,ES,20447
2024-03-23T01:00Z,ES,20310
2024-03-23T02:00Z,ES,19972
2024-03-23T03:00Z,ES,20232
2024-03-23T04:00Z,ES,21132
2024-03-23T05:00Z,ES,22815
2024-03-23T06:00Z,ES,24383
2024-03-23T07:00Z,ES,25225
2024-03-23T08:00Z,ES,25423
2024-03-23T09:00Z,ES,25489
2024-03-23T10:00Z,ES,25430
2024-03-23T11:00Z,ES,25228
2024-03-23T12:00Z,ES,25074
2024-03-23T13:00Z,ES,25035
2024-03-23T14:00Z,ES,24957
2024-03-23T15:00Z,ES,25152
2024-03-23T16:00Z,ES,25829
2024-03-23T17:00Z,ES,26163
2024-03-23T18:00Z,ES,25704
2024-03-23T19:00Z,ES,24977
2024-03-23T20:00Z,ES,24118
2024-03-23T21:00Z,ES,23154
2024-03-23T22:00Z,ES,22326
2024-03-23T23:00Z,ES,19703
2024-03-24T00:00Z,ES,18812
2024-03-24T01:00Z,ES,18503
2024-03-24T02:00Z,ES,18634
2024-03-24T03:00Z,ES,18830
2024-03-24T04:00Z,ES,19672
2024-03-24T05:00Z,ES,20964
2024-03-24T06:00Z,ES,22182
2024-03-24T07:00Z,ES,22810
2024-03-24T08:00Z,ES,23054
2024-03-24T09:00Z,ES,23265
2024-03-24T10:00Z,ES,23269
2024-03-24T11:00Z,ES,23314
2024-03-24T12:00Z,ES,22822
2024-03-24T13:00Z,ES,22619
2024-03-24T14:00Z,ES,22825
2024-03-24T15:00Z,ES,23363
2024-03-24T16:00Z,ES,23947
2024-03-24T17:00Z,ES,23931
2024-03-24T18:00Z,ES,23639
2024-03-24T19:00Z,ES,22784
2024-03-24T20:00Z,ES,21896
2024-03-24T21:00Z,ES,20989
2024-03-24T22:00Z,ES,20135
2024-03-24T23:00Z,ES,22089
2024-03-25T00:00Z,ES,21332
2024-03-25T01:00Z,ES,21016
2024-03-25T02:00Z,ES,21020
2024-03-25T03:00Z,ES,21478
2024-03-25T04:00Z,ES,23254
2024-03-25T05:00Z,ES,26340
2024-03-25T06:00Z,ES,29042
2024-03-25T07:00Z,ES,30345
2024-03-25T08:00Z,ES,30676
2024-03-25T09:00Z,ES,30801
2024-03-25T10:00Z,ES,30700
2024-03-25T11:00Z,ES,30453
2024-03-25T12:00Z,ES,30077
2024-03-25T13:00Z,ES,29913
2024-03-25T14:00Z,ES,29794
2024-03-25T15:00Z,ES,30215
2024-03-25T16:00Z,ES,31167
2024-03-25T17:00Z,ES,31054
2024-03-25T18:00Z,ES,30018
2024-03-25T19:00Z,ES,28724
2024-03-25T20:00Z,ES,27208
2024-03-25T21:00Z,ES,25839
2024-03-25T22:00Z,ES,24015
2024-03-25T23:00Z,ES,22018
2024-03-26T00:00Z,ES,20872
2024-03-26T01:00Z,ES,20304
2024-03-26T02:00Z,ES,20175
2024-03-26T03:00Z,ES,20776
2024-03-26T04:00Z,ES,22569
2024-03-26T05:00Z,ES,25668
2024-03-26T06:00Z,ES,28278
2024-03-26T07:00Z,ES,29390
2024-03-26T08:00Z,ES,29854
2024-03-26T09:00Z,ES,30277
2024-03-26T10:00Z,ES,29993
2024-03-26T11:00Z,ES,29806
2024-03-26T12:00Z,ES,29541
2024-03-26T13:00Z,ES,28812
2024-03-26T14:00Z,ES,28609
2024-03-26T15:00Z,ES,29396
2024-03-26T16:00Z,ES,30343
2024-03-26T17:00Z,ES,30379
2024-03-26T18:00Z,ES,29422
2024-03-26T19:00Z,ES,27988
2024-03-26T20:00Z,ES,26568
2024-03-26T21:00Z,ES,24817
2024-03-26T22:00Z,ES,22886
2024-03-26T23:00Z,ES,21584
2024-03-27T00:00Z,ES,21179
2024-03-27T01:00Z,ES,20967
2024-03-27T02:00Z,ES,20496
2024-03-27T03:00Z,ES,21198
2024-03-27T04:00Z,ES,22992
2024-03-27T05:00Z,ES,25833
2024-03-27T06:00Z,ES,28434
2024-03-27T07:00Z,ES,29771
2024-03-27T08:00Z,ES,30408
2024-03-27T09:00Z,ES,30351
2024-03-27T10:00Z,ES,30098
2024-03-27T11:00Z,ES,29760
2024-03-27T12:00Z,ES,29508
2024-03-27T13:00Z,ES,29133
2024-03-27T14:00Z,ES,28921
2024-03-27T15:00Z,ES,29447
2024-03-27T16:00Z,ES,30496
2024-03-27T17:00Z,ES,30433
2024-03-27T18:00Z,ES,29384
2024-03-27T19:00Z,ES,28459
2024-03-27T20:00Z,ES,27043
2024-03-27T21:00Z,ES,25475
2024-03-27T22:00Z,ES,23392
2024-03-27T23:00Z,ES,21565
2024-03-28T00:00Z,ES,20538
2024-03-28T01:00Z,ES,20355
2024-03-28T02:00Z,ES,20166
2024-03-28T03:00Z,ES,20483
2024-03-28T04:00Z,ES,21973
2024-03-28T05:00Z,ES,24984
2024-03-28T06:00Z,ES,27810
2024-03-28T07:00Z,ES,29437
2024-03-28T08:00Z,ES,29981
2024-03-28T09:00Z,ES,29991
2024-03-28T10:00Z,ES,29881
2024-03-28T11:00Z,ES,29451
2024-03-28T12:00Z,ES,29141
2024-03-28T13:00Z,ES,29038
2024-03-28T14:00Z,ES,28938
2024-03-28T15:00Z,ES,29394
2024-03-28T16:00Z,ES,30684
2024-03-28T17:00Z,ES,30700
2024-03-28T18:00Z,ES,29782
2024-03-28T19:00Z,ES,28690
2024-03-28T20:00Z,ES,27238
2024-03-28T21:00Z,ES,25708
2024-03-28T22:00Z,ES,23797
2024-03-28T23:00Z,ES,19085
2024-03-29T00:00Z,ES,18661
2024-03-29T01:00Z,ES,18407
2024-03-29T02:00Z,ES,18357
2024-03-29T03:00Z,ES,18375
2024-03-29T04:00Z,ES,19213
2024-03-29T05:00Z,ES,20516
2024-03-29T06:00Z,ES,21893
2024-03-29T07:00Z,ES,22535
2024-03-29T08:00Z,ES,22684
2024-03-29T09:00Z,ES,22787
2024-03-29T10:00Z,ES,22626
2024-03-29T11:00Z,ES,22474
2024-03-29T12:00Z,ES,22296
2024-03-29T13:00Z,ES,21983
2024-03-29T14:00Z,ES,21934
2024-03-29T15:00Z,ES,22284
2024-03-29T16:00Z,ES,22783
2024-03-29T17:00Z,ES,23010
2024-03-29T18:00Z,ES,22864
2024-03-29T19:00Z,ES,22236
2024-03-29T20:00Z,ES,21398
2024-03-29T21:00Z,ES,20461
2024-03-29T22:00Z,ES,19625
2024-03-29T23:00Z,ES,20604
2024-03-30T00:00Z,ES,20013
2024-03-30T01:00Z,ES,19824
2024-03-30T02:00Z,ES,19648
2024-03-30T03:00Z,ES,19719
2024-03-30T04:00Z,ES,20522
2024-03-30T05:00Z,ES,22278
2024-03-30T06:00Z,ES,23410
2024-03-30T07:00Z,ES,24166
2024-03-30T08:00Z,ES,24475
2024-03-30T09:00Z,ES,24447
2024-03-30T10:00Z,ES,24536
2024-03-30T11:00Z,ES,24251
2024-03-30T12:00Z,ES,23912
2024-03-30T13:00Z,ES,23729
2024-03-30T14:00Z,ES,23943
2024-03-30T15:00Z,ES,24278
2024-03-30T16:00Z,ES,24893
2024-03-30T17:00Z,ES,25160
2024-03-30T18:00Z,ES,24599
2024-03-30T19:00Z,ES,23787
2024-03-30T20:00Z,ES,23194
2024-03-30T21:00Z,ES,22195
2024-03-30T22:00Z,ES,21331
2024-03-30T23:00Z,ES,18680
2024-03-31T00:00Z,ES,18254
2024-03-31T01:00Z,ES,17743
2024-03-31T02:00Z,ES,17874
2024-03-31T03:00Z,ES,18920
2024-03-31T04:00Z,ES,20395
2024-03-31T05:00Z,ES,21731
2024-03-31T06:00Z,ES,22274
2024-03-31T07:00Z,ES,22606
2024-03-31T08:00Z,ES,22756
2024-03-31T09:00Z,ES,22768
2024-03-31T10:00Z,ES,22483
2024-03-31T11:00Z,ES,22572
2024-03-31T12:00Z,ES,22414
2024-03-31T13:00Z,ES,22299
2024-03-31T14:00Z,ES,22516
2024-03-31T15:00Z,ES,23081
2024-03-31T16:00Z,ES,22829
2024-03-31T17:00Z,ES,22445
2024-03-31T18:00Z,ES,22017
2024-03-31T19:00Z,ES,21405
2024-03-31T20:00Z,ES,20413
2024-03-31T21:00Z,ES,19488
2024-03-31T22:00Z,ES,21542
2024-03-31T23:00Z,ES,20637
2024-04-01T00:00Z,ES,20379
2024-04-01T01:00Z,ES,20351
2024-04-01T02:00Z,ES,20866
2024-04-01T03:00Z,ES,22326
2024-04-01T04:00Z,ES,25224
2024-04-01T05:00Z,ES,28076
2024-04-01T06:00Z,ES,29365
2024-04-01T07:00Z,ES,29785
2024-04-01T08:00Z,ES,30263
2024-04-01T09:00Z,ES,30029
2024-04-01T10:00Z,ES,29708
2024-04-01T11:00Z,ES,29599
2024-04-01T12:00Z,ES,29253
2024-04-01T13:00Z,ES,29035
2024-04-01T14:00Z,ES,29499
2024-04-01T15:00Z,ES,30071
2024-04-01T16:00Z,ES,30192
2024-04-01T17:00Z,ES,29316
2024-04-01T18:00Z,ES,28026
2024-04-01T19:00Z,ES,26562
2024-04-01T20:00Z,ES,25088
2024-04-01T21:00Z,ES,23211
2024-04-01T22:00Z,ES,21799
2024-04-01T23:00Z,ES,21014
2024-04-02T00:00Z,ES,20562
2024-04-02T01:00Z,ES,20357
2024-04-02T02:00Z,ES,20826
2024-04-02T03:00Z,ES,22491
2024-04-02T04:00Z,ES,25493
2024-04-02T05:00Z,ES,28077
2024-04-02T06:00Z,ES,28971
2024-04-02T07:00Z,ES,29823
2024-04-02T08:00Z,ES,29920
2024-04-02T09:00Z,ES,29921
2024-04-02T10:00Z,ES,29802
2024-04-02T11:00Z,ES,29718
2024-04-02T12:00Z,ES,29619
2024-04-02T13:00Z,ES,29345
2024-04-02T14:00Z,ES,29598
2024-04-02T15:00Z,ES,30665
2024-04-02T16:00Z,ES,30879
2024-04-02T17:00Z,ES,29960
2024-04-02T18:00Z,ES,28587
2024-04-02T19:00Z,ES,27127
2024-04-02T20:00Z,ES,25623
2024-04-02T21:00Z,ES,23660
2024-04-02T22:00Z,ES,22168
2024-04-02T23:00Z,ES,21190
2024-04-03T00:00Z,ES,20473
2024-04-03T01:00Z,ES,20593
2024-04-03T02:00Z,ES,20949
2024-04-03T03:00Z,ES,22853
2024-04-03T04:00Z,ES,25812
2024-04-03T05:00Z,ES,28439
2024-04-03T06:00Z,ES,29804
2024-04-03T07:00Z,ES,30446
2024-04-03T08:00Z,ES,30419
2024-04-03T09:00Z,ES,30255
2024-04-03T10:00Z,ES,29914
2024-04-03T11:00Z,ES,29697
2024-04-03T12:00Z,ES,29554
2024-04-03T13:00Z,ES,29566
2024-04-03T14:00Z,ES,30145
2024-04-03T15:00Z,ES,31145
2024-04-03T16:00Z,ES,31017
2024-04-03T17:00Z,ES,30220
2024-04-03T18:00Z,ES,28819
2024-04-03T19:00Z,ES,27381
2024-04-03T20:00Z,ES,25765
2024-04-03T21:00Z,ES,23814
2024-04-03T22:00Z,ES,22153
2024-04-03T23:00Z,ES,21329
2024-04-04T00:00Z,ES,20910
2024-04-04T01:00Z,ES,20921
2024-04-04T02:00Z,ES,21471
2024-04-04T03:00Z,ES,23041
2024-04-04T04:00Z,ES,26156
2024-04-04T05:00Z,ES,28786
2024-04-04T06:00Z,ES,30206
2024-04-04T07:00Z,ES,30561
2024-04-04T08:00Z,ES,30726
2024-04-04T09:00Z,ES,30624
2024-04-04T10:00Z,ES,30314
2024-04-04T11:00Z,ES,30085
2024-04-04T12:00Z,ES,29975
2024-04-04T13:00Z,ES,30054
2024-04-04T14:00Z,ES,30478
2024-04-04T15:00Z,ES,31240
2024-04-04T16:00Z,ES,31399
2024-04-04T17:00Z,ES,30309
2024-04-04T18:00Z,ES,29029
2024-04-04T19:00Z,ES,27743
2024-04-04T20:00Z,ES,26090
2024-04-04T21:00Z,ES,24347
2024-04-04T22:00Z,ES,22525
2024-04-04T23:00Z,ES,21706
2024-04-05T00:00Z,ES,21197
2024-04-05T01:00Z,ES,21035
2024-04-05T02:00Z,ES,21026
2024-04-05T03:00Z,ES,22680
2024-04-05T04:00Z,ES,25464
2024-04-05T05:00Z,ES,28023
2024-04-05T06:00Z,ES,29257
2024-04-05T07:00Z,ES,30010
2024-04-05T08:00Z,ES,30211
2024-04-05T09:00Z,ES,30073
2024-04-05T10:00Z,ES,29769
2024-04-05T11:00Z,ES,29731
2024-04-05T12:00Z,ES,29516
2024-04-05T13:00Z,ES,29410
2024-04-05T14:00Z,ES,29822
2024-04-05T15:00Z,ES,31033
2024-04-05T16:00Z,ES,31100
2024-04-05T17:00Z,ES,29996
2024-04-05T18:00Z,ES,28662
2024-04-05T19:00Z,ES,27121
2024-04-05T20:00Z,ES,25320
2024-04-05T21:00Z,ES,23442
2024-04-05T22:00Z,ES,20982
2024-04-05T23:00Z,ES,20802
2024-04-06T00:00Z,ES,20727
2024-04-06T01:00Z,ES,20649
2024-04-06T02:00Z,ES,20789
2024-04-06T03:00Z,ES,21612
2024-04-06T04:00Z,ES,22958
2024-04-06T05:00Z,ES,24258
2024-04-06T06:00Z,ES,25093
2024-04-06T07:00Z,ES,25346
2024-04-06T08:00Z,ES,25626
2024-04-06T09:00Z,ES,25621
2024-04-06T10:00Z,ES,25477
2024-04-06T11:00Z,ES,25148
2024-04-06T12:00Z,ES,24782
2024-04-06T13:00Z,ES,24997
2024-04-06T14:00Z,ES,25332
2024-04-06T15:00Z,ES,25703
2024-04-06T16:00Z,ES,25778
2024-04-06T17:00Z,ES,25430
2024-04-06T18:00Z,ES,24462
2024-04-06T19:00Z,ES,23732
2024-04-06T20:00Z,ES,22813
2024-04-06T21:00Z,ES,22003
2024-04-06T22:00Z,ES,19346
2024-04-06T23:00Z,ES,18732
2024-04-07T00:00Z,ES,18509
2024-04-07T01:00Z,ES,18490
2024-04-07T02:00Z,ES,18747
2024-04-07T03:00Z,ES,19609
2024-04-07T04:00Z,ES,21125
2024-04-07T05:00Z,ES,22240
2024-04-07T06:00Z,ES,22862
2024-04-07T07:00Z,ES,23108
2024-04-07T08:00Z,ES,23184
2024-04-07T09:00Z,ES,23296
2024-04-07T10:00Z,ES,22969
2024-04-07T11:00Z,ES,23039
2024-04-07T12:00Z,ES,23137
2024-04-07T13:00Z,ES,22838
2024-04-07T14:00Z,ES,23140
2024-04-07T15:00Z,ES,23448
2024-04-07T16:00Z,ES,23679
2024-04-07T17:00Z,ES,23258
2024-04-07T18:00Z,ES,22676
2024-04-07T19:00Z,ES,21928
2024-04-07T20:00Z,ES,21191
2024-04-07T21:00Z,ES,20339
2024-04-07T22:00Z,ES,23126
2024-04-07T23:00Z,ES,22504
2024-04-08T00:00Z,ES,22055
2024-04-08T01:00Z,ES,22056
2024-04-08T02:00Z,ES,22295
2024-04-08T03:00Z,ES,23869
2024-04-08T04:00Z,ES,26709
2024-04-08T05:00Z,ES,29532
2024-04-08T06:00Z,ES,30733
2024-04-08T07:00Z,ES,31790
2024-04-08T08:00Z,ES,31868
2024-04-08T09:00Z,ES,31753
2024-04-08T10:00Z,ES,31208
2024-04-08T11:00Z,ES,30903
2024-04-08T12:00Z,ES,30855
2024-04-08T13:00Z,ES,30376
2024-04-08T14:00Z,ES,30774
2024-04-08T15:00Z,ES,31816
2024-04-08T16:00Z,ES,31791
2024-04-08T17:00Z,ES,30844
2024-04-08T18:00Z,ES,29611
2024-04-08T19:00Z,ES,28456
2024-04-08T20:00Z,ES,26878
2024-04-08T21:00Z,ES,24714
2024-04-08T22:00Z,ES,22279
2024-04-08T23:00Z,ES,21707
2024-04-09T00:00Z,ES,21366
2024-04-09T01:00Z,ES,21455
2024-04-09T02:00Z,ES,21834
2024-04-09T03:00Z,ES,23542
2024-04-09T04:00Z,ES,26501
2024-04-09T05:00Z,ES,29063
2024-04-09T06:00Z,ES,30251
2024-04-09T07:00Z,ES,31093
2024-04-09T08:00Z,ES,31237
2024-04-09T09:00Z,ES,31253
2024-04-09T10:00Z,ES,30995
2024-04-09T11:00Z,ES,30769
2024-04-09T12:00Z,ES,30419
2024-04-09T13:00Z,ES,30517
2024-04-09T14:00Z,ES,30692
2024-04-09T15:00Z,ES,31703
2024-04-09T16:00Z,ES,31604
2024-04-09T17:00Z,ES,30535
2024-04-09T18:00Z,ES,29352
2024-04-09T19:00Z,ES,28197
2024-04-09T20:00Z,ES,26419
2024-04-09T21:00Z,ES,24652
2024-04-09T22:00Z,ES,22565
2024-04-09T23:00Z,ES,21704
2024-04-10T00:00Z,ES,21012
2024-04-10T01:00Z,ES,20835
2024-04-10T02:00Z,ES,21176
2024-04-10T03:00Z,ES,22580
2024-04-10T04:00Z,ES,25450
2024-04-10T05:00Z,ES,28208
2024-04-10T06:00Z,ES,29569
2024-04-10T07:00Z,ES,30423
2024-04-10T08:00Z,ES,30775
2024-04-10T09:00Z,ES,30815
2024-04-10T10:00Z,ES,30338
2024-04-10T11:00Z,ES,29982
2024-04-10T12:00Z,ES,29593
2024-04-10T13:00Z,ES,29573
2024-04-10T14:00Z,ES,29668
2024-04-10T15:00Z,ES,30427
2024-04-10T16:00Z,ES,30473
2024-04-10T17:00Z,ES,29582
2024-04-10T18:00Z,ES,28383
2024-04-10T19:00Z,ES,27367
2024-04-10T20:00Z,ES,25738
2024-04-10T21:00Z,ES,23683
2024-04-10T22:00Z,ES,21963
2024-04-10T23:00Z,ES,21197
2024-04-11T00:00Z,ES,20538
2024-04-11T01:00Z,ES,20627
2024-04-11T02:00Z,ES,20869
2024-04-11T03:00Z,ES,22603
2024-04-11T04:00Z,ES,25569
2024-04-11T05:00Z,ES,28205
2024-04-11T06:00Z,ES,29564
2024-04-11T07:00Z,ES,30228
2024-04-11T08:00Z,ES,30398
2024-04-11T09:00Z,ES,30252
2024-04-11T10:00Z,ES,29868
2024-04-11T11:00Z,ES,29447
2024-04-11T12:00Z,ES,29181
2024-04-11T13:00Z,ES,29203
2024-04-11T14:00Z,ES,29680
2024-04-11T15:00Z,ES,30436
2024-04-11T16:00Z,ES,30304
2024-04-11T17:00Z,ES,29889
2024-04-11T18:00Z,ES,28651
2024-04-11T19:00Z,ES,27580
2024-04-11T20:00Z,ES,26079
2024-04-11T21:00Z,ES,24209
2024-04-11T22:00Z,ES,22487
2024-04-11T23:00Z,ES,21473
2024-04-12T00:00Z,ES,21029
2024-04-12T01:00Z,ES,21015
2024-04-12T02:00Z,ES,21143
2024-04-12T03:00Z,ES,22808
2024-04-12T04:00Z,ES,25660
2024-04-12T05:00Z,ES,28357
2024-04-12T06:00Z,ES,29819
2024-04-12T07:00Z,ES,30256
2024-04-12T08:00Z,ES,30436
2024-04-12T09:00Z,ES,30397
2024-04-12T10:00Z,ES,30049
2024-04-12T11:00Z,ES,29602
2024-04-12T12:00Z,ES,29742
2024-04-12T13:00Z,ES,29557
2024-04-12T14:00Z,ES,29523
2024-04-12T15:00Z,ES,30437
2024-04-12T16:00Z,ES,30645
2024-04-12T17:00Z,ES,29753
2024-04-12T18:00Z,ES,28724
2024-04-12T19:00Z,ES,27383
2024-04-12T20:00Z,ES,25678
2024-04-12T21:00Z,ES,23839
2024-04-12T22:00Z,ES,21388
2024-04-12T23:00Z,ES,21147
2024-04-13T00:00Z,ES,20731
2024-04-13T01:00Z,ES,20555
2024-04-13T02:00Z,ES,20532
2024-04-13T03:00Z,ES,21076
2024-04-13T04:00Z,ES,22540
2024-04-13T05:00Z,ES,23826
2024-04-13T06:00Z,ES,24812
2024-04-13T07:00Z,ES,25258
2024-04-13T08:00Z,ES,25483
2024-04-13T09:00Z,ES,25497
2024-04-13T10:00Z,ES,25231
2024-04-13T11:00Z,ES,25212
2024-04-13T12:00Z,ES,25023
2024-04-13T13:00Z,ES,25129
2024-04-13T14:00Z,ES,25205
2024-04-13T15:00Z,ES,25655
2024-04-13T16:00Z,ES,25767
2024-04-13T17:00Z,ES,25440
2024-04-13T18:00Z,ES,24694
2024-04-13T19:00Z,ES,23983
2024-04-13T20:00Z,ES,23295
2024-04-13T21:00Z,ES,22190
2024-04-13T22:00Z,ES,19670
2024-04-13T23:00Z,ES,19334
2024-04-14T00:00Z,ES,18797
2024-04-14T01:00Z,ES,18949
2024-04-14T02:00Z,ES,19251
2024-04-14T03:00Z,ES,19667
2024-04-14T04:00Z,ES,21380
2024-04-14T05:00Z,ES,22867
2024-04-14T06:00Z,ES,23399
2024-04-14T07:00Z,ES,23443
2024-04-14T08:00Z,ES,23735
2024-04-14T09:00Z,ES,23704
2024-04-14T10:00Z,ES,23646
2024-04-14T11:00Z,ES,23601
2024-04-14T12:00Z,ES,23576
2024-04-14T13:00Z,ES,23196
2024-04-14T14:00Z,ES,23383
2024-04-14T15:00Z,ES,23772
2024-04-14T16:00Z,ES,23939
2024-04-14T17:00Z,ES,23345
2024-04-14T18:00Z,ES,22784
2024-04-14T19:00Z,ES,22125
2024-04-14T20:00Z,ES,21259
2024-04-14T21:00Z,ES,20385
2024-04-14T22:00Z,ES,21873
2024-04-14T23:00Z,ES,21012
2024-04-15T00:00Z,ES,20415
2024-04-15T01:00Z,ES,20489
2024-04-15T02:00Z,ES,20841
2024-04-15T03:00Z,ES,22367
2024-04-15T04:00Z,ES,25121
2024-04-15T05:00Z,ES,27786
2024-04-15T06:00Z,ES,29233
2024-04-15T07:00Z,ES,29917
2024-04-15T08:00Z,ES,30290
2024-04-15T09:00Z,ES,30430
2024-04-15T10:00Z,ES,30218
2024-04-15T11:00Z,ES,29946
2024-04-15T12:00Z,ES,29868
2024-04-15T13:00Z,ES,29660
2024-04-15T14:00Z,ES,29777
2024-04-15T15:00Z,ES,30175
2024-04-15T16:00Z,ES,30399
2024-04-15T17:00Z,ES,29332
2024-04-15T18:00Z,ES,28097
2024-04-15T19:00Z,ES,26885
2024-04-15T20:00Z,ES,25248
2024-04-15T21:00Z,ES,23273
2024-04-15T22:00Z,ES,21823
2024-04-15T23:00Z,ES,20947
2024-04-16T00:00Z,ES,20508
2024-04-16T01:00Z,ES,20317
2024-04-16T02:00Z,ES,20786
2024-04-16T03:00Z,ES,22487
2024-04-16T04:00Z,ES,25452
2024-04-16T05:00Z,ES,27971
2024-04-16T06:00Z,ES,28955
2024-04-16T07:00Z,ES,29755
2024-04-16T08:00Z,ES,30112
2024-04-16T09:00Z,ES,29968
2024-04-16T10:00Z,ES,29737
2024-04-16T11:00Z,ES,29263
2024-04-16T12:00Z,ES,29245
2024-04-16T13:00Z,ES,29038
2024-04-16T14:00Z,ES,29308
2024-04-16T15:00Z,ES,29979
2024-04-16T16:00Z,ES,29803
2024-04-16T17:00Z,ES,29231
2024-04-16T18:00Z,ES,28287
2024-04-16T19:00Z,ES,27156
2024-04-16T20:00Z,ES,25560
2024-04-16T21:00Z,ES,23700
2024-04-16T22:00Z,ES,22407
2024-04-16T23:00Z,ES,21428
2024-04-17T00:00Z,ES,20936
2024-04-17T01:00Z,ES,20782
2024-04-17T02:00Z,ES,21041
2024-04-17T03:00Z,ES,22826
2024-04-17T04:00Z,ES,25606
2024-04-17T05:00Z,ES,28261
2024-04-17T06:00Z,ES,29727
2024-04-17T07:00Z,ES,30390
2024-04-17T08:00Z,ES,30774
2024-04-17T09:00Z,ES,30841
2024-04-17T10:00Z,ES,30358
2024-04-17T11:00Z,ES,30097
2024-04-17T12:00Z,ES,29880
2024-04-17T13:00Z,ES,29697
2024-04-17T14:00Z,ES,29740
2024-04-17T15:00Z,ES,30494
2024-04-17T16:00Z,ES,30463
2024-04-17T17:00Z,ES,29474
2024-04-17T18:00Z,ES,28573
2024-04-17T19:00Z,ES,27338
2024-04-17T20:00Z,ES,25564
2024-04-17T21:00Z,ES,23632
2024-04-17T22:00Z,ES,22426
2024-04-17T23:00Z,ES,21452
2024-04-18T00:00Z,ES,20908
2024-04-18T01:00Z,ES,20917
2024-04-18T02:00Z,ES,21220
2024-04-18T03:00Z,ES,22822
2024-04-18T04:00Z,ES,25602
2024-04-18T05:00Z,ES,28385
2024-04-18T06:00Z,ES,29888
2024-04-18T07:00Z,ES,30745
2024-04-18T08:00Z,ES,30779
2024-04-18T09:00Z,ES,30988
2024-04-18T10:00Z,ES,30645
2024-04-18T11:00Z,ES,30578
2024-04-18T12:00Z,ES,30079
2024-04-18T13:00Z,ES,29684
2024-04-18T14:00Z,ES,29956
2024-04-18T15:00Z,ES,30807
2024-04-18T16:00Z,ES,30687
2024-04-18T17:00Z,ES,29957
2024-04-18T18:00Z,ES,28977
2024-04-18T19:00Z,ES,27913
2024-04-18T20:00Z,ES,26242
2024-04-18T21:00Z,ES,24002
2024-04-18T22:00Z,ES,22467
2024-04-18T23:00Z,ES,21728
2024-04-19T00:00Z,ES,20872
2024-04-19T01:00Z,ES,20358
2024-04-19T02:00Z,ES,20883
2024-04-19T03:00Z,ES,22527
2024-04-19T04:00Z,ES,25555
2024-04-19T05:00Z,ES,27979
2024-04-19T06:00Z,ES,29714
2024-04-19T07:00Z,ES,30225
2024-04-19T08:00Z,ES,30468
2024-04-19T09:00Z,ES,30954
2024-04-19T10:00Z,ES,30683
2024-04-19T11:00Z,ES,30183
2024-04-19T12:00Z,ES,29752
2024-04-19T13:00Z,ES,29776
2024-04-19T14:00Z,ES,30073
2024-04-19T15:00Z,ES,30708
2024-04-19T16:00Z,ES,30408
2024-04-19T17:00Z,ES,29375
2024-04-19T18:00Z,ES,28396
2024-04-19T19:00Z,ES,27276
2024-04-19T20:00Z,ES,25676
2024-04-19T21:00Z,ES,23874
2024-04-19T22:00Z,ES,21168
2024-04-19T23:00Z,ES,20969
2024-04-20T00:00Z,ES,20594
2024-04-20T01:00Z,ES,20550
2024-04-20T02:00Z,ES,20894
2024-04-20T03:00Z,ES,21467
2024-04-20T04:00Z,ES,23243
2024-04-20T05:00Z,ES,24433
2024-04-20T06:00Z,ES,24953
2024-04-20T07:00Z,ES,25472
2024-04-20T08:00Z,ES,25780
2024-04-20T09:00Z,ES,25873
2024-04-20T10:00Z,ES,25568
2024-04-20T11:00Z,ES,25214
2024-04-20T12:00Z,ES,25170
2024-04-20T13:00Z,ES,25016
2024-04-20T14:00Z,ES,25150
2024-04-20T15:00Z,ES,25267
2024-04-20T16:00Z,ES,25459
2024-04-20T17:00Z,ES,25217
2024-04-20T18:00Z,ES,24519
2024-04-20T19:00Z,ES,23825
2024-04-20T20:00Z,ES,23146
2024-04-20T21:00Z,ES,22359
2024-04-20T22:00Z,ES,19367
2024-04-20T23:00Z,ES,18979
2024-04-21T00:00Z,ES,18626
2024-04-21T01:00Z,ES,18740
2024-04-21T02:00Z,ES,18876
2024-04-21T03:00Z,ES,19507
2024-04-21T04:00Z,ES,20953
2024-04-21T05:00Z,ES,21879
2024-04-21T06:00Z,ES,22633
2024-04-21T07:00Z,ES,22960
2024-04-21T08:00Z,ES,22977
2024-04-21T09:00Z,ES,23180
2024-04-21T10:00Z,ES,22955
2024-04-21T11:00Z,ES,22589
2024-04-21T12:00Z,ES,22296
2024-04-21T13:00Z,ES,22431
2024-04-21T14:00Z,ES,22644
2024-04-21T15:00Z,ES,22901
2024-04-21T16:00Z,ES,22925
2024-04-21T17:00Z,ES,22630
2024-04-21T18:00Z,ES,22001
2024-04-21T19:00Z,ES,21453
2024-04-21T20:00Z,ES,20626
2024-04-21T21:00Z,ES,19798
2024-04-21T22:00Z,ES,22170
2024-04-21T23:00Z,ES,21331
2024-04-22T00:00Z,ES,20630
2024-04-22T01:00Z,ES,20664
2024-04-22T02:00Z,ES,21280
2024-04-22T03:00Z,ES,22708
2024-04-22T04:00Z,ES,25201
2024-04-22T05:00Z,ES,27548
2024-04-22T06:00Z,ES,28938
2024-04-22T07:00Z,ES,29982
2024-04-22T08:00Z,ES,30545
2024-04-22T09:00Z,ES,30338
2024-04-22T10:00Z,ES,30155
2024-04-22T11:00Z,ES,30051
2024-04-22T12:00Z,ES,29751
2024-04-22T13:00Z,ES,29549
2024-04-22T14:00Z,ES,29376
2024-04-22T15:00Z,ES,30032
2024-04-22T16:00Z,ES,29877
2024-04-22T17:00Z,ES,29353
2024-04-22T18:00Z,ES,28369
2024-04-22T19:00Z,ES,26820
2024-04-22T20:00Z,ES,25328
2024-04-22T21:00Z,ES,23527
2024-04-22T22:00Z,ES,22412
2024-04-22T23:00Z,ES,21639
2024-04-23T00:00Z,ES,21241
2024-04-23T01:00Z,ES,20857
2024-04-23T02:00Z,ES,21377
2024-04-23T03:00Z,ES,22827
2024-04-23T04:00Z,ES,25660
2024-04-23T05:00Z,ES,28313
2024-04-23T06:00Z,ES,29576
2024-04-23T07:00Z,ES,30230
2024-04-23T08:00Z,ES,30388
2024-04-23T09:00Z,ES,30603
2024-04-23T10:00Z,ES,30578
2024-04-23T11:00Z,ES,30194
2024-04-23T12:00Z,ES,30111
2024-04-23T13:00Z,ES,29971
2024-04-23T14:00Z,ES,30188
2024-04-23T15:00Z,ES,30683
2024-04-23T16:00Z,ES,30549
2024-04-23T17:00Z,ES,29565
2024-04-23T18:00Z,ES,28673
2024-04-23T19:00Z,ES,27445
2024-04-23T20:00Z,ES,25691
2024-04-23T21:00Z,ES,23534
2024-04-23T22:00Z,ES,21837
2024-04-23T23:00Z,ES,21379
2024-04-24T00:00Z,ES,21033
2024-04-24T01:00Z,ES,20810
2024-04-24T02:00Z,ES,21209
2024-04-24T03:00Z,ES,22707
2024-04-24T04:00Z,ES,25557
2024-04-24T05:00Z,ES,27877
2024-04-24T06:00Z,ES,29337
2024-04-24T07:00Z,ES,30381
2024-04-24T08:00Z,ES,30969
2024-04-24T09:00Z,ES,30851
2024-04-24T10:00Z,ES,30263
2024-04-24T11:00Z,ES,29810
2024-04-24T12:00Z,ES,29755
2024-04-24T13:00Z,ES,29484
2024-04-24T14:00Z,ES,29930
2024-04-24T15:00Z,ES,30415
2024-04-24T16:00Z,ES,30387
2024-04-24T17:00Z,ES,29367
2024-04-24T18:00Z,ES,28531
2024-04-24T19:00Z,ES,27269
2024-04-24T20:00Z,ES,25716
2024-04-24T21:00Z,ES,23873
2024-04-24T22:00Z,ES,22246
2024-04-24T23:00Z,ES,21499
2024-04-25T00:00Z,ES,20883
2024-04-25T01:00Z,ES,21074
2024-04-25T02:00Z,ES,21442
2024-04-25T03:00Z,ES,23007
2024-04-25T04:00Z,ES,25577
2024-04-25T05:00Z,ES,28094
2024-04-25T06:00Z,ES,29305
2024-04-25T07:00Z,ES,29984
2024-04-25T08:00Z,ES,30167
2024-04-25T09:00Z,ES,30253
2024-04-25T10:00Z,ES,30000
2024-04-25T11:00Z,ES,29343
2024-04-25T12:00Z,ES,29270
2024-04-25T13:00Z,ES,29031
2024-04-25T14:00Z,ES,29228
2024-04-25T15:00Z,ES,29894
2024-04-25T16:00Z,ES,30005
2024-04-25T17:00Z,ES,29592
2024-04-25T18:00Z,ES,28516
2024-04-25T19:00Z,ES,27239
2024-04-25T20:00Z,ES,25378
2024-04-25T21:00Z,ES,23728
2024-04-25T22:00Z,ES,21724
2024-04-25T23:00Z,ES,20957
2024-04-26T00:00Z,ES,20897
2024-04-26T01:00Z,ES,20563
2024-04-26T02:00Z,ES,20846
2024-04-26T03:00Z,ES,22261
2024-04-26T04:00Z,ES,24995
2024-04-26T05:00Z,ES,27649
2024-04-26T06:00Z,ES,29120
2024-04-26T07:00Z,ES,29912
2024-04-26T08:00Z,ES,30353
2024-04-26T09:00Z,ES,30084
2024-04-26T10:00Z,ES,29844
2024-04-26T11:00Z,ES,29305
2024-04-26T12:00Z,ES,28850
2024-04-26T13:00Z,ES,28893
2024-04-26T14:00Z,ES,29062
2024-04-26T15:00Z,ES,29412
2024-04-26T16:00Z,ES,29537
2024-04-26T17:00Z,ES,28868
2024-04-26T18:00Z,ES,27868
2024-04-26T19:00Z,ES,27002
2024-04-26T20:00Z,ES,25531
2024-04-26T21:00Z,ES,23864
2024-04-26T22:00Z,ES,21424
2024-04-26T23:00Z,ES,21044
2024-04-27T00:00Z,ES,20732
2024-04-27T01:00Z,ES,20427
2024-04-27T02:00Z,ES,20795
2024-04-27T03:00Z,ES,21726
2024-04-27T04:00Z,ES,23251
2024-04-27T05:00Z,ES,24452
2024-04-27T06:00Z,ES,25381
2024-04-27T07:00Z,ES,25979
2024-04-27T08:00Z,ES,26260
2024-04-27T09:00Z,ES,26303
2024-04-27T10:00Z,ES,26137
2024-04-27T11:00Z,ES,25846
2024-04-27T12:00Z,ES,25512
2024-04-27T13:00Z,ES,25554
2024-04-27T14:00Z,ES,25470
2024-04-27T15:00Z,ES,26208
2024-04-27T16:00Z,ES,26197
2024-04-27T17:00Z,ES,25605
2024-04-27T18:00Z,ES,24926
2024-04-27T19:00Z,ES,24433
2024-04-27T20:00Z,ES,23663
2024-04-27T21:00Z,ES,22464
2024-04-27T22:00Z,ES,19577
2024-04-27T23:00Z,ES,18965
2024-04-28T00:00Z,ES,18728
2024-04-28T01:00Z,ES,18488
2024-04-28T02:00Z,ES,18895
2024-04-28T03:00Z,ES,19582
2024-04-28T04:00Z,ES,20689
2024-04-28T05:00Z,ES,22292
2024-04-28T06:00Z,ES,22896
2024-04-28T07:00Z,ES,23289
2024-04-28T08:00Z,ES,23248
2024-04-28T09:00Z,ES,23495
2024-04-28T10:00Z,ES,23448
2024-04-28T11:00Z,ES,23183
2024-04-28T12:00Z,ES,23094
2024-04-28T13:00Z,ES,22777
2024-04-28T14:00Z,ES,22899
2024-04-28T15:00Z,ES,23097
2024-04-28T16:00Z,ES,23061
2024-04-28T17:00Z,ES,22683
2024-04-28T18:00Z,ES,22353
2024-04-28T19:00Z,ES,21902
2024-04-28T20:00Z,ES,21202
2024-04-28T21:00Z,ES,20406
2024-04-28T22:00Z,ES,22154
2024-04-28T23:00Z,ES,21339
2024-04-29T00:00Z,ES,20841
2024-04-29T01:00Z,ES,20697
2024-04-29T02:00Z,ES,21078
2024-04-29T03:00Z,ES,22640
2024-04-29T04:00Z,ES,25578
2024-04-29T05:00Z,ES,28172
2024-04-29T06:00Z,ES,29556
2024-04-29T07:00Z,ES,30319
2024-04-29T08:00Z,ES,30791
2024-04-29T09:00Z,ES,30783
2024-04-29T10:00Z,ES,30572
2024-04-29T11:00Z,ES,30450
2024-04-29T12:00Z,ES,30220
2024-04-29T13:00Z,ES,30212
2024-04-29T14:00Z,ES,30294
2024-04-29T15:00Z,ES,30728
2024-04-29T16:00Z,ES,30362
2024-04-29T17:00Z,ES,29738
2024-04-29T18:00Z,ES,28956
2024-04-29T19:00Z,ES,28000
2024-04-29T20:00Z,ES,26187
2024-04-29T21:00Z,ES,24095
2024-04-29T22:00Z,ES,22337
2024-04-29T23:00Z,ES,21545
2024-04-30T00:00Z,ES,20606
2024-04-30T01:00Z,ES,20415
2024-04-30T02:00Z,ES,20816
2024-04-30T03:00Z,ES,22414
2024-04-30T04:00Z,ES,25355
2024-04-30T05:00Z,ES,28154
2024-04-30T06:00Z,ES,29326
2024-04-30T07:00Z,ES,30265
2024-04-30T08:00Z,ES,30535
2024-04-30T09:00Z,ES,30566
2024-04-30T10:00Z,ES,30355
2024-04-30T11:00Z,ES,30045
2024-04-30T12:00Z,ES,29937
2024-04-30T13:00Z,ES,29725
2024-04-30T14:00Z,ES,30075
2024-04-30T15:00Z,ES,30334
2024-04-30T16:00Z,ES,30367
2024-04-30T17:00Z,ES,29573
2024-04-30T18:00Z,ES,28748
2024-04-30T19:00Z,ES,27665
2024-04-30T20:00Z,ES,26126
2024-04-30T21:00Z,ES,24251
2024-04-30T22:00Z,ES,19764
2024-04-30T23:00Z,ES,19120
2024-05-01T00:00Z,ES,18831
2024-05-01T01:00Z,ES,18837
2024-05-01T02:00Z,ES,18979
2024-05-01T03:00Z,ES,19787
2024-05-01T04:00Z,ES,20906
2024-05-01T05:00Z,ES,22518
2024-05-01T06:00Z,ES,23244
2024-05-01T07:00Z,ES,23760
2024-05-01T08:00Z,ES,23828
2024-05-01T09:00Z,ES,23800
2024-05-01T10:00Z,ES,23614
2024-05-01T11:00Z,ES,23380
2024-05-01T12:00Z,ES,23184
2024-05-01T13:00Z,ES,23205
2024-05-01T14:00Z,ES,23381
2024-05-01T15:00Z,ES,23407
2024-05-01T16:00Z,ES,23510
2024-05-01T17:00Z,ES,22951
2024-05-01T18:00Z,ES,22546
2024-05-01T19:00Z,ES,21710
2024-05-01T20:00Z,ES,21134
2024-05-01T21:00Z,ES,20010
2024-05-01T22:00Z,ES,22929
2024-05-01T23:00Z,ES,22099
2024-05-02T00:00Z,ES,21550
2024-05-02T01:00Z,ES,21461
2024-05-02T02:00Z,ES,21830
2024-05-02T03:00Z,ES,23670
2024-05-02T04:00Z,ES,26580
2024-05-02T05:00Z,ES,29325
2024-05-02T06:00Z,ES,30384
2024-05-02T07:00Z,ES,31324
2024-05-02T08:00Z,ES,31865
2024-05-02T09:00Z,ES,32019
2024-05-02T10:00Z,ES,31754
2024-05-02T11:00Z,ES,31473
2024-05-02T12:00Z,ES,31378
2024-05-02T13:00Z,ES,31111
2024-05-02T14:00Z,ES,31236
2024-05-02T15:00Z,ES,31563
2024-05-02T16:00Z,ES,31235
2024-05-02T17:00Z,ES,30774
2024-05-02T18:00Z,ES,29718
2024-05-02T19:00Z,ES,28755
2024-05-02T20:00Z,ES,26838
2024-05-02T21:00Z,ES,24694
2024-05-02T22:00Z,ES,22910
2024-05-02T23:00Z,ES,22057
2024-05-03T00:00Z,ES,21727
2024-05-03T01:00Z,ES,21417
2024-05-03T02:00Z,ES,21473
2024-05-03T03:00Z,ES,23116
2024-05-03T04:00Z,ES,25704
2024-05-03T05:00Z,ES,28595
2024-05-03T06:00Z,ES,30096
2024-05-03T07:00Z,ES,30698
2024-05-03T08:00Z,ES,31040
2024-05-03T09:00Z,ES,31154
2024-05-03T10:00Z,ES,30820
2024-05-03T11:00Z,ES,30698
2024-05-03T12:00Z,ES,30343
2024-05-03T13:00Z,ES,30345
2024-05-03T14:00Z,ES,30354
2024-05-03T15:00Z,ES,30562
2024-05-03T16:00Z,ES,30470
2024-05-03T17:00Z,ES,29940
2024-05-03T18:00Z,ES,29141
2024-05-03T19:00Z,ES,27954
2024-05-03T20:00Z,ES,26642
2024-05-03T21:00Z,ES,24764
2024-05-03T22:00Z,ES,22649
2024-05-03T23:00Z,ES,22486
2024-05-04T00:00Z,ES,22478
2024-05-04T01:00Z,ES,22411
2024-05-04T02:00Z,ES,22488
2024-05-04T03:00Z,ES,23173
2024-05-04T04:00Z,ES,24723
2024-05-04T05:00Z,ES,26146
2024-05-04T06:00Z,ES,26907
2024-05-04T07:00Z,ES,27293
2024-05-04T08:00Z,ES,27516
2024-05-04T09:00Z,ES,27584
2024-05-04T10:00Z,ES,27261
2024-05-04T11:00Z,ES,27039
2024-05-04T12:00Z,ES,26878
2024-05-04T13:00Z,ES,26796
2024-05-04T14:00Z,ES,26864
2024-05-04T15:00Z,ES,27156
2024-05-04T16:00Z,ES,26888
2024-05-04T17:00Z,ES,26781
2024-05-04T18:00Z,ES,26033
2024-05-04T19:00Z,ES,25411
2024-05-04T20:00Z,ES,24666
2024-05-04T21:00Z,ES,23431
2024-05-04T22:00Z,ES,19393
2024-05-04T23:00Z,ES,19222
2024-05-05T00:00Z,ES,19084
2024-05-05T01:00Z,ES,19065
2024-05-05T02:00Z,ES,19238
2024-05-05T03:00Z,ES,19933
2024-05-05T04:00Z,ES,21087
2024-05-05T05:00Z,ES,22261
2024-05-05T06:00Z,ES,22969
2024-05-05T07:00Z,ES,23512
2024-05-05T08:00Z,ES,23597
2024-05-05T09:00Z,ES,23483
2024-05-05T10:00Z,ES,23474
2024-05-05T11:00Z,ES,23292
2024-05-05T12:00Z,ES,23286
2024-05-05T13:00Z,ES,23233
2024-05-05T14:00Z,ES,23411
2024-05-05T15:00Z,ES,23634
2024-05-05T16:00Z,ES,23759
2024-05-05T17:00Z,ES,23222
2024-05-05T18:00Z,ES,22608
2024-05-05T19:00Z,ES,22073
2024-05-05T20:00Z,ES,21205
2024-05-05T21:00Z,ES,20370
2024-05-05T22:00Z,ES,22508
2024-05-05T23:00Z,ES,21672
2024-05-06T00:00Z,ES,21097
2024-05-06T01:00Z,ES,21214
2024-05-06T02:00Z,ES,21259
2024-05-06T03:00Z,ES,23007
2024-05-06T04:00Z,ES,25572
2024-05-06T05:00Z,ES,28093
2024-05-06T06:00Z,ES,29559
2024-05-06T07:00Z,ES,30488
2024-05-06T08:00Z,ES,30805
2024-05-06T09:00Z,ES,30761
2024-05-06T10:00Z,ES,30527
2024-05-06T11:00Z,ES,30636
2024-05-06T12:00Z,ES,30213
2024-05-06T13:00Z,ES,30183
2024-05-06T14:00Z,ES,30361
2024-05-06T15:00Z,ES,30526
2024-05-06T16:00Z,ES,30328
2024-05-06T17:00Z,ES,29338
2024-05-06T18:00Z,ES,28592
2024-05-06T19:00Z,ES,27715
2024-05-06T20:00Z,ES,26071
2024-05-06T21:00Z,ES,24057
2024-05-06T22:00Z,ES,24002
2024-05-06T23:00Z,ES,23034
2024-05-07T00:00Z,ES,22670
2024-05-07T01:00Z,ES,22671
2024-05-07T02:00Z,ES,22965
2024-05-07T03:00Z,ES,24666
2024-05-07T04:00Z,ES,27587
2024-05-07T05:00Z,ES,30210
2024-05-07T06:00Z,ES,31607
2024-05-07T07:00Z,ES,32468
2024-05-07T08:00Z,ES,32624
2024-05-07T09:00Z,ES,33101
2024-05-07T10:00Z,ES,32881
2024-05-07T11:00Z,ES,32626
2024-05-07T12:00Z,ES,32391
2024-05-07T13:00Z,ES,32389
2024-05-07T14:00Z,ES,31947
2024-05-07T15:00Z,ES,32258
2024-05-07T16:00Z,ES,32317
2024-05-07T17:00Z,ES,31743
2024-05-07T18:00Z,ES,30520
2024-05-07T19:00Z,ES,29262
2024-05-07T20:00Z,ES,27892
2024-05-07T21:00Z,ES,25770
2024-05-07T22:00Z,ES,23751
2024-05-07T23:00Z,ES,22951
2024-05-08T00:00Z,ES,22377
2024-05-08T01:00Z,ES,21904
2024-05-08T02:00Z,ES,22203
2024-05-08T03:00Z,ES,23606
2024-05-08T04:00Z,ES,26808
2024-05-08T05:00Z,ES,29368
2024-05-08T06:00Z,ES,31242
2024-05-08T07:00Z,ES,32304
2024-05-08T08:00Z,ES,32806
2024-05-08T09:00Z,ES,32900
2024-05-08T10:00Z,ES,32654
2024-05-08T11:00Z,ES,32568
2024-05-08T12:00Z,ES,32033
2024-05-08T13:00Z,ES,31688
2024-05-08T14:00Z,ES,31797
2024-05-08T15:00Z,ES,32051
2024-05-08T16:00Z,ES,32134
2024-05-08T17:00Z,ES,31307
2024-05-08T18:00Z,ES,30212
2024-05-08T19:00Z,ES,29137
2024-05-08T20:00Z,ES,27840
2024-05-08T21:00Z,ES,25722
2024-05-08T22:00Z,ES,25341
2024-05-08T23:00Z,ES,24502
2024-05-09T00:00Z,ES,23844
2024-05-09T01:00Z,ES,23696
2024-05-09T02:00Z,ES,23789
2024-05-09T03:00Z,ES,25637
2024-05-09T04:00Z,ES,29071
2024-05-09T05:00Z,ES,31912
2024-05-09T06:00Z,ES,33702
2024-05-09T07:00Z,ES,34621
2024-05-09T08:00Z,ES,34893
2024-05-09T09:00Z,ES,35262
2024-05-09T10:00Z,ES,35038
2024-05-09T11:00Z,ES,34713
2024-05-09T12:00Z,ES,34323
2024-05-09T13:00Z,ES,34227
2024-05-09T14:00Z,ES,34240
2024-05-09T15:00Z,ES,34533
2024-05-09T16:00Z,ES,34457
2024-05-09T17:00Z,ES,34119
2024-05-09T18:00Z,ES,32990
2024-05-09T19:00Z,ES,31760
2024-05-09T20:00Z,ES,29882
2024-05-09T21:00Z,ES,27687
2024-05-09T22:00Z,ES,23863
2024-05-09T23:00Z,ES,22943
2024-05-10T00:00Z,ES,22519
2024-05-10T01:00Z,ES,22055
2024-05-10T02:00Z,ES,22335
2024-05-10T03:00Z,ES,24026
2024-05-10T04:00Z,ES,26818
2024-05-10T05:00Z,ES,29330
2024-05-10T06:00Z,ES,30723
2024-05-10T07:00Z,ES,31783
2024-05-10T08:00Z,ES,32344
2024-05-10T09:00Z,ES,32497
2024-05-10T10:00Z,ES,32368
2024-05-10T11:00Z,ES,32084
2024-05-10T12:00Z,ES,31559
2024-05-10T13:00Z,ES,31276
2024-05-10T14:00Z,ES,30955
2024-05-10T15:00Z,ES,31177
2024-05-10T16:00Z,ES,31118
2024-05-10T17:00Z,ES,30473
2024-05-10T18:00Z,ES,29651
2024-05-10T19:00Z,ES,28926
2024-05-10T20:00Z,ES,27283
2024-05-10T21:00Z,ES,24967
2024-05-10T22:00Z,ES,21592
2024-05-10T23:00Z,ES,21091
2024-05-11T00:00Z,ES,20721
2024-05-11T01:00Z,ES,20808
2024-05-11T02:00Z,ES,21248
2024-05-11T03:00Z,ES,22040
2024-05-11T04:00Z,ES,23492
2024-05-11T05:00Z,ES,25202
2024-05-11T06:00Z,ES,25889
2024-05-11T07:00Z,ES,26577
2024-05-11T08:00Z,ES,26798
2024-05-11T09:00Z,ES,26642
2024-05-11T10:00Z,ES,26415
2024-05-11T11:00Z,ES,26156
2024-05-11T12:00Z,ES,25985
2024-05-11T13:00Z,ES,25815
2024-05-11T14:00Z,ES,25626
2024-05-11T15:00Z,ES,25972
2024-05-11T16:00Z,ES,26126
2024-05-11T17:00Z,ES,26009
2024-05-11T18:00Z,ES,25730
2024-05-11T19:00Z,ES,24932
2024-05-11T20:00Z,ES,23870
2024-05-11T21:00Z,ES,22914
2024-05-11T22:00Z,ES,19812
2024-05-11T23:00Z,ES,19464
2024-05-12T00:00Z,ES,19271
2024-05-12T01:00Z,ES,18872
2024-05-12T02:00Z,ES,18895
2024-05-12T03:00Z,ES,19821
2024-05-12T04:00Z,ES,20933
2024-05-12T05:00Z,ES,22289
2024-05-12T06:00Z,ES,23053
2024-05-12T07:00Z,ES,23056
2024-05-12T08:00Z,ES,23235
2024-05-12T09:00Z,ES,23331
2024-05-12T10:00Z,ES,23197
2024-05-12T11:00Z,ES,23140
2024-05-12T12:00Z,ES,22927
2024-05-12T13:00Z,ES,22889
2024-05-12T14:00Z,ES,22699
2024-05-12T15:00Z,ES,22946
2024-05-12T16:00Z,ES,22761
2024-05-12T17:00Z,ES,22612
2024-05-12T18:00Z,ES,22180
2024-05-12T19:00Z,ES,21670
2024-05-12T20:00Z,ES,20835
2024-05-12T21:00Z,ES,19942
2024-05-12T22:00Z,ES,23480
2024-05-12T23:00Z,ES,22474
2024-05-13T00:00Z,ES,21979
2024-05-13T01:00Z,ES,21806
2024-05-13T02:00Z,ES,22021
2024-05-13T03:00Z,ES,23605
2024-05-13T04:00Z,ES,26280
2024-05-13T05:00Z,ES,28882
2024-05-13T06:00Z,ES,30513
2024-05-13T07:00Z,ES,31156
2024-05-13T08:00Z,ES,31208
2024-05-13T09:00Z,ES,31286
2024-05-13T10:00Z,ES,31434
2024-05-13T11:00Z,ES,30875
2024-05-13T12:00Z,ES,30569
2024-05-13T13:00Z,ES,30686
2024-05-13T14:00Z,ES,30777
2024-05-13T15:00Z,ES,31196
2024-05-13T16:00Z,ES,31119
2024-05-13T17:00Z,ES,30268
2024-05-13T18:00Z,ES,29303
2024-05-13T19:00Z,ES,28225
2024-05-13T20:00Z,ES,26762
2024-05-13T21:00Z,ES,25000
2024-05-13T22:00Z,ES,23560
2024-05-13T23:00Z,ES,22662
2024-05-14T00:00Z,ES,22327
2024-05-14T01:00Z,ES,22012
2024-05-14T02:00Z,ES,22344
2024-05-14T03:00Z,ES,23838
2024-05-14T04:00Z,ES,26872
2024-05-14T05:00Z,ES,29355
2024-05-14T06:00Z,ES,31080
2024-05-14T07:00Z,ES,32214
2024-05-14T08:00Z,ES,32694
2024-05-14T09:00Z,ES,32745
2024-05-14T10:00Z,ES,32451
2024-05-14T11:00Z,ES,32127
2024-05-14T12:00Z,ES,32116
2024-05-14T13:00Z,ES,32016
2024-05-14T14:00Z,ES,31905
2024-05-14T15:00Z,ES,31938
2024-05-14T16:00Z,ES,31854
2024-05-14T17:00Z,ES,31053
2024-05-14T18:00Z,ES,29908
2024-05-14T19:00Z,ES,28850
2024-05-14T20:00Z,ES,27362
2024-05-14T21:00Z,ES,25431
2024-05-14T22:00Z,ES,25108
2024-05-14T23:00Z,ES,24301
2024-05-15T00:00Z,ES,23450
2024-05-15T01:00Z,ES,23081
2024-05-15T02:00Z,ES,23547
2024-05-15T03:00Z,ES,25222
2024-05-15T04:00Z,ES,28323
2024-05-15T05:00Z,ES,31611
2024-05-15T06:00Z,ES,33378
2024-05-15T07:00Z,ES,34464
2024-05-15T08:00Z,ES,35075
2024-05-15T09:00Z,ES,35064
2024-05-15T10:00Z,ES,34802
2024-05-15T11:00Z,ES,34268
2024-05-15T12:00Z,ES,33671
2024-05-15T13:00Z,ES,33179
2024-05-15T14:00Z,ES,33251
2024-05-15T15:00Z,ES,33667
2024-05-15T16:00Z,ES,33323
2024-05-15T17:00Z,ES,32531
2024-05-15T18:00Z,ES,31746
2024-05-15T19:00Z,ES,30628
2024-05-15T20:00Z,ES,29010
2024-05-15T21:00Z,ES,26889
2024-05-15T22:00Z,ES,23266
2024-05-15T23:00Z,ES,22240
2024-05-16T00:00Z,ES,21560
2024-05-16T01:00Z,ES,21581
2024-05-16T02:00Z,ES,22027
2024-05-16T03:00Z,ES,23438
2024-05-16T04:00Z,ES,26347
2024-05-16T05:00Z,ES,29076
2024-05-16T06:00Z,ES,30592
2024-05-16T07:00Z,ES,31472
2024-05-16T08:00Z,ES,31937
2024-05-16T09:00Z,ES,32039
2024-05-16T10:00Z,ES,32134
2024-05-16T11:00Z,ES,31613
2024-05-16T12:00Z,ES,31241
2024-05-16T13:00Z,ES,30949
2024-05-16T14:00Z,ES,30883
2024-05-16T15:00Z,ES,31490
2024-05-16T16:00Z,ES,31152
2024-05-16T17:00Z,ES,30550
2024-05-16T18:00Z,ES,29809
2024-05-16T19:00Z,ES,28486
2024-05-16T20:00Z,ES,26798
2024-05-16T21:00Z,ES,24601
2024-05-16T22:00Z,ES,24957
2024-05-16T23:00Z,ES,24231
2024-05-17T00:00Z,ES,23675
2024-05-17T01:00Z,ES,23456
2024-05-17T02:00Z,ES,23908
2024-05-17T03:00Z,ES,25511
2024-05-17T04:00Z,ES,28571
2024-05-17T05:00Z,ES,31249
2024-05-17T06:00Z,ES,32873
2024-05-17T07:00Z,ES,34014
2024-05-17T08:00Z,ES,34519
2024-05-17T09:00Z,ES,34731
2024-05-17T10:00Z,ES,34460
2024-05-17T11:00Z,ES,34136
2024-05-17T12:00Z,ES,33829
2024-05-17T13:00Z,ES,33506
2024-05-17T14:00Z,ES,33498
2024-05-17T15:00Z,ES,33936
2024-05-17T16:00Z,ES,33735
2024-05-17T17:00Z,ES,33153
2024-05-17T18:00Z,ES,32366
2024-05-17T19:00Z,ES,31095
2024-05-17T20:00Z,ES,29451
2024-05-17T21:00Z,ES,26950
2024-05-17T22:00Z,ES,22487
2024-05-17T23:00Z,ES,21921
2024-05-18T00:00Z,ES,21750
2024-05-18T01:00Z,ES,21797
2024-05-18T02:00Z,ES,21881
2024-05-18T03:00Z,ES,22551
2024-05-18T04:00Z,ES,24023
2024-05-18T05:00Z,ES,25462
2024-05-18T06:00Z,ES,26553
2024-05-18T07:00Z,ES,26873
2024-05-18T08:00Z,ES,27012
2024-05-18T09:00Z,ES,27309
2024-05-18T10:00Z,ES,27011
2024-05-18T11:00Z,ES,26891
2024-05-18T12:00Z,ES,26458
2024-05-18T13:00Z,ES,26231
2024-05-18T14:00Z,ES,26393
2024-05-18T15:00Z,ES,26718
2024-05-18T16:00Z,ES,26424
2024-05-18T17:00Z,ES,25994
2024-05-18T18:00Z,ES,25501
2024-05-18T19:00Z,ES,25135
2024-05-18T20:00Z,ES,24226
2024-05-18T21:00Z,ES,22999
2024-05-18T22:00Z,ES,20214
2024-05-18T23:00Z,ES,19820
2024-05-19T00:00Z,ES,19489
2024-05-19T01:00Z,ES,19504
2024-05-19T02:00Z,ES,19890
2024-05-19T03:00Z,ES,20333
2024-05-19T04:00Z,ES,21730
2024-05-19T05:00Z,ES,22921
2024-05-19T06:00Z,ES,23672
2024-05-19T07:00Z,ES,24282
2024-05-19T08:00Z,ES,24401
2024-05-19T09:00Z,ES,24511
2024-05-19T10:00Z,ES,24144
2024-05-19T11:00Z,ES,24089
2024-05-19T12:00Z,ES,23918
2024-05-19T13:00Z,ES,23862
2024-05-19T14:00Z,ES,23670
2024-05-19T15:00Z,ES,23985
2024-05-19T16:00Z,ES,23472
2024-05-19T17:00Z,ES,23198
2024-05-19T18:00Z,ES,23018
2024-05-19T19:00Z,ES,22765
2024-05-19T20:00Z,ES,22000
2024-05-19T21:00Z,ES,20776
2024-05-19T22:00Z,ES,25105
2024-05-19T23:00Z,ES,24270
2024-05-20T00:00Z,ES,23667
2024-05-20T01:00Z,ES,23583
2024-05-20T02:00Z,ES,23689
2024-05-20T03:00Z,ES,25590
2024-05-20T04:00Z,ES,28489
2024-05-20T05:00Z,ES,31229
2024-05-20T06:00Z,ES,32697
2024-05-20T07:00Z,ES,33733
2024-05-20T08:00Z,ES,33986
2024-05-20T09:00Z,ES,33992
2024-05-20T10:00Z,ES,33904
2024-05-20T11:00Z,ES,33714
2024-05-20T12:00Z,ES,33454
2024-05-20T13:00Z,ES,33353
2024-05-20T14:00Z,ES,33394
2024-05-20T15:00Z,ES,33722
2024-05-20T16:00Z,ES,33625
2024-05-20T17:00Z,ES,32871
2024-05-20T18:00Z,ES,32224
2024-05-20T19:00Z,ES,30920
2024-05-20T20:00Z,ES,29255
2024-05-20T21:00Z,ES,26975
2024-05-20T22:00Z,ES,24208
2024-05-20T23:00Z,ES,23241
2024-05-21T00:00Z,ES,22762
2024-05-21T01:00Z,ES,22327
2024-05-21T02:00Z,ES,22813
2024-05-21T03:00Z,ES,24007
2024-05-21T04:00Z,ES,26809
2024-05-21T05:00Z,ES,29967
2024-05-21T06:00Z,ES,31690
2024-05-21T07:00Z,ES,32512
2024-05-21T08:00Z,ES,33080
2024-05-21T09:00Z,ES,33025
2024-05-21T10:00Z,ES,33144
2024-05-21T11:00Z,ES,33002
2024-05-21T12:00Z,ES,32650
2024-05-21T13:00Z,ES,32324
2024-05-21T14:00Z,ES,32238
2024-05-21T15:00Z,ES,32381
2024-05-21T16:00Z,ES,32261
2024-05-21T17:00Z,ES,31570
2024-05-21T18:00Z,ES,30851
2024-05-21T19:00Z,ES,29880
2024-05-21T20:00Z,ES,28046
2024-05-21T21:00Z,ES,26077
2024-05-21T22:00Z,ES,24528
2024-05-21T23:00Z,ES,23456
2024-05-22T00:00Z,ES,22997
2024-05-22T01:00Z,ES,22871
2024-05-22T02:00Z,ES,22843
2024-05-22T03:00Z,ES,24305
2024-05-22T04:00Z,ES,27378
2024-05-22T05:00Z,ES,30176
2024-05-22T06:00Z,ES,31856
2024-05-22T07:00Z,ES,32675
2024-05-22T08:00Z,ES,33110
2024-05-22T09:00Z,ES,33079
2024-05-22T10:00Z,ES,33194
2024-05-22T11:00Z,ES,32815
2024-05-22T12:00Z,ES,32275
2024-05-22T13:00Z,ES,31916
2024-05-22T14:00Z,ES,31863
2024-05-22T15:00Z,ES,32100
2024-05-22T16:00Z,ES,31963
2024-05-22T17:00Z,ES,31051
2024-05-22T18:00Z,ES,30173
2024-05-22T19:00Z,ES,29393
2024-05-22T20:00Z,ES,27861
2024-05-22T21:00Z,ES,25783
2024-05-22T22:00Z,ES,25079
2024-05-22T23:00Z,ES,24149
2024-05-23T00:00Z,ES,23477
2024-05-23T01:00Z,ES,23153
2024-05-23T02:00Z,ES,23627
2024-05-23T03:00Z,ES,25432
2024-05-23T04:00Z,ES,28268
2024-05-23T05:00Z,ES,31238
2024-05-23T06:00Z,ES,32846
2024-05-23T07:00Z,ES,34021
2024-05-23T08:00Z,ES,34507
2024-05-23T09:00Z,ES,34482
2024-05-23T10:00Z,ES,34516
2024-05-23T11:00Z,ES,34283
2024-05-23T12:00Z,ES,34323
2024-05-23T13:00Z,ES,33895
2024-05-23T14:00Z,ES,33706
2024-05-23T15:00Z,ES,33807
2024-05-23T16:00Z,ES,33859
2024-05-23T17:00Z,ES,33251
2024-05-23T18:00Z,ES,32339
2024-05-23T19:00Z,ES,31037
2024-05-23T20:00Z,ES,29059
2024-05-23T21:00Z,ES,26811
2024-05-23T22:00Z,ES,24250
2024-05-23T23:00Z,ES,23469
2024-05-24T00:00Z,ES,23008
2024-05-24T01:00Z,ES,22707
2024-05-24T02:00Z,ES,23202
2024-05-24T03:00Z,ES,24695
2024-05-24T04:00Z,ES,27744
2024-05-24T05:00Z,ES,30364
2024-05-24T06:00Z,ES,31837
2024-05-24T07:00Z,ES,32792
2024-05-24T08:00Z,ES,33099
2024-05-24T09:00Z,ES,33186
2024-05-24T10:00Z,ES,33320
2024-05-24T11:00Z,ES,32734
2024-05-24T12:00Z,ES,32439
2024-05-24T13:00Z,ES,32320
2024-05-24T14:00Z,ES,32288
2024-05-24T15:00Z,ES,32424
2024-05-24T16:00Z,ES,31777
2024-05-24T17:00Z,ES,31075
2024-05-24T18:00Z,ES,30195
2024-05-24T19:00Z,ES,29088
2024-05-24T20:00Z,ES,27576
2024-05-24T21:00Z,ES,25749
2024-05-24T22:00Z,ES,21841
2024-05-24T23:00Z,ES,21676
2024-05-25T00:00Z,ES,21171
2024-05-25T01:00Z,ES,21112
2024-05-25T02:00Z,ES,21102
2024-05-25T03:00Z,ES,21733
2024-05-25T04:00Z,ES,23277
2024-05-25T05:00Z,ES,24737
2024-05-25T06:00Z,ES,25268
2024-05-25T07:00Z,ES,25970
2024-05-25T08:00Z,ES,25980
2024-05-25T09:00Z,ES,26109
2024-05-25T10:00Z,ES,26253
2024-05-25T11:00Z,ES,26162
2024-05-25T12:00Z,ES,26014
2024-05-25T13:00Z,ES,26057
2024-05-25T14:00Z,ES,26131
2024-05-25T15:00Z,ES,25957
2024-05-25T16:00Z,ES,25905
2024-05-25T17:00Z,ES,25608
2024-05-25T18:00Z,ES,25300
2024-05-25T19:00Z,ES,24861
2024-05-25T20:00Z,ES,24020
2024-05-25T21:00Z,ES,22863
2024-05-25T22:00Z,ES,21442
2024-05-25T23:00Z,ES,20713
2024-05-26T00:00Z,ES,20276
2024-05-26T01:00Z,ES,20126
2024-05-26T02:00Z,ES,20222
2024-05-26T03:00Z,ES,21317
2024-05-26T04:00Z,ES,22317
2024-05-26T05:00Z,ES,23498
2024-05-26T06:00Z,ES,24688
2024-05-26T07:00Z,ES,25198
2024-05-26T08:00Z,ES,25618
2024-05-26T09:00Z,ES,25443
2024-05-26T10:00Z,ES,25274
2024-05-26T11:00Z,ES,25117
2024-05-26T12:00Z,ES,24980
2024-05-26T13:00Z,ES,24614
2024-05-26T14:00Z,ES,24761
2024-05-26T15:00Z,ES,25002
2024-05-26T16:00Z,ES,24918
2024-05-26T17:00Z,ES,24579
2024-05-26T18:00Z,ES,24126
2024-05-26T19:00Z,ES,23505
2024-05-26T20:00Z,ES,22731
2024-05-26T21:00Z,ES,22119
2024-05-26T22:00Z,ES,27043
2024-05-26T23:00Z,ES,26276
2024-05-27T00:00Z,ES,25617
2024-05-27T01:00Z,ES,25149
2024-05-27T02:00Z,ES,25836
2024-05-27T03:00Z,ES,27593
2024-05-27T04:00Z,ES,30878
2024-05-27T05:00Z,ES,34233
2024-05-27T06:00Z,ES,35776
2024-05-27T07:00Z,ES,36730
2024-05-27T08:00Z,ES,37287
2024-05-27T09:00Z,ES,37516
2024-05-27T10:00Z,ES,37416
2024-05-27T11:00Z,ES,36876
2024-05-27T12:00Z,ES,36888
2024-05-27T13:00Z,ES,36280
2024-05-27T14:00Z,ES,36096
2024-05-27T15:00Z,ES,36304
2024-05-27T16:00Z,ES,35991
2024-05-27T17:00Z,ES,35588
2024-05-27T18:00Z,ES,34750
2024-05-27T19:00Z,ES,33906
2024-05-27T20:00Z,ES,32076
2024-05-27T21:00Z,ES,29917
2024-05-27T22:00Z,ES,26538
2024-05-27T23:00Z,ES,25571
2024-05-28T00:00Z,ES,25059
2024-05-28T01:00Z,ES,24638
2024-05-28T02:00Z,ES,24913
2024-05-28T03:00Z,ES,26526
2024-05-28T04:00Z,ES,29616
2024-05-28T05:00Z,ES,32388
2024-05-28T06:00Z,ES,34295
2024-05-28T07:00Z,ES,35380
2024-05-28T08:00Z,ES,35874
2024-05-28T09:00Z,ES,36167
2024-05-28T10:00Z,ES,36010
2024-05-28T11:00Z,ES,35653
2024-05-28T12:00Z,ES,35249
2024-05-28T13:00Z,ES,35048
2024-05-28T14:00Z,ES,34587
2024-05-28T15:00Z,ES,34670
2024-05-28T16:00Z,ES,34678
2024-05-28T17:00Z,ES,33968
2024-05-28T18:00Z,ES,33218
2024-05-28T19:00Z,ES,31958
2024-05-28T20:00Z,ES,30037
2024-05-28T21:00Z,ES,27909
2024-05-28T22:00Z,ES,25068
2024-05-28T23:00Z,ES,24398
2024-05-29T00:00Z,ES,23766
2024-05-29T01:00Z,ES,23442
2024-05-29T02:00Z,ES,23641
2024-05-29T03:00Z,ES,25515
2024-05-29T04:00Z,ES,28530
2024-05-29T05:00Z,ES,31313
2024-05-29T06:00Z,ES,33011
2024-05-29T07:00Z,ES,34052
2024-05-29T08:00Z,ES,34406
2024-05-29T09:00Z,ES,34707
2024-05-29T10:00Z,ES,34464
2024-05-29T11:00Z,ES,34160
2024-05-29T12:00Z,ES,33886
2024-05-29T13:00Z,ES,33459
2024-05-29T14:00Z,ES,33234
2024-05-29T15:00Z,ES,33451
2024-05-29T16:00Z,ES,33127
2024-05-29T17:00Z,ES,32152
2024-05-29T18:00Z,ES,31292
2024-05-29T19:00Z,ES,30528
2024-05-29T20:00Z,ES,28999
2024-05-29T21:00Z,ES,26859
2024-05-29T22:00Z,ES,24487
2024-05-29T23:00Z,ES,23787
2024-05-30T00:00Z,ES,23232
2024-05-30T01:00Z,ES,22834
2024-05-30T02:00Z,ES,23271
2024-05-30T03:00Z,ES,24926
2024-05-30T04:00Z,ES,27925
2024-05-30T05:00Z,ES,30787
2024-05-30T06:00Z,ES,32601
2024-05-30T07:00Z,ES,33876
2024-05-30T08:00Z,ES,34016
2024-05-30T09:00Z,ES,34163
2024-05-30T10:00Z,ES,33996
2024-05-30T11:00Z,ES,33536
2024-05-30T12:00Z,ES,33354
2024-05-30T13:00Z,ES,33387
2024-05-30T14:00Z,ES,33242
2024-05-30T15:00Z,ES,33061
2024-05-30T16:00Z,ES,33094
2024-05-30T17:00Z,ES,32384
2024-05-30T18:00Z,ES,31710
2024-05-30T19:00Z,ES,30967
2024-05-30T20:00Z,ES,29121
2024-05-30T21:00Z,ES,26729
2024-05-30T22:00Z,ES,22682
2024-05-30T23:00Z,ES,22075
2024-05-31T00:00Z,ES,21623
2024-05-31T01:00Z,ES,21186
2024-05-31T02:00Z,ES,21360
2024-05-31T03:00Z,ES,23071
2024-05-31T04:00Z,ES,25608
2024-05-31T05:00Z,ES,27986
2024-05-31T06:00Z,ES,29569
2024-05-31T07:00Z,ES,30760
2024-05-31T08:00Z,ES,31369
2024-05-31T09:00Z,ES,31492
2024-05-31T10:00Z,ES,31335
2024-05-31T11:00Z,ES,30974
2024-05-31T12:00Z,ES,30860
2024-05-31T13:00Z,ES,30694
2024-05-31T14:00Z,ES,30621
2024-05-31T15:00Z,ES,30438
2024-05-31T16:00Z,ES,30112
2024-05-31T17:00Z,ES,29598
2024-05-31T18:00Z,ES,28872
2024-05-31T19:00Z,ES,28025
2024-05-31T20:00Z,ES,26676
2024-05-31T21:00Z,ES,24604
2024-05-31T22:00Z,ES,22076
2024-05-31T23:00Z,ES,21516
2024-06-01T00:00Z,ES,21143
2024-06-01T01:00Z,ES,21143
2024-06-01T02:00Z,ES,21310
2024-06-01T03:00Z,ES,22070
2024-06-01T04:00Z,ES,23375
2024-06-01T05:00Z,ES,24558
2024-06-01T06:00Z,ES,25259
2024-06-01T07:00Z,ES,25639
2024-06-01T08:00Z,ES,26029
2024-06-01T09:00Z,ES,26157
2024-06-01T10:00Z,ES,26375
2024-06-01T11:00Z,ES,26340
2024-06-01T12:00Z,ES,26096
2024-06-01T13:00Z,ES,25916
2024-06-01T14:00Z,ES,25913
2024-06-01T15:00Z,ES,26132
2024-06-01T16:00Z,ES,25827
2024-06-01T17:00Z,ES,25540
2024-06-01T18:00Z,ES,25063
2024-06-01T19:00Z,ES,24509
2024-06-01T20:00Z,ES,23637
2024-06-01T21:00Z,ES,22676
2024-06-01T22:00Z,ES,20074
2024-06-01T23:00Z,ES,19633
2024-06-02T00:00Z,ES,19711
2024-06-02T01:00Z,ES,19521
2024-06-02T02:00Z,ES,19554
2024-06-02T03:00Z,ES,20521
2024-06-02T04:00Z,ES,21745
2024-06-02T05:00Z,ES,22888
2024-06-02T06:00Z,ES,23436
2024-06-02T07:00Z,ES,23794
2024-06-02T08:00Z,ES,24017
2024-06-02T09:00Z,ES,24078
2024-06-02T10:00Z,ES,24209
2024-06-02T11:00Z,ES,23973
2024-06-02T12:00Z,ES,24175
2024-06-02T13:00Z,ES,24119
2024-06-02T14:00Z,ES,24074
2024-06-02T15:00Z,ES,24270
2024-06-02T16:00Z,ES,24002
2024-06-02T17:00Z,ES,23568
2024-06-02T18:00Z,ES,23251
2024-06-02T19:00Z,ES,22805
2024-06-02T20:00Z,ES,22255
2024-06-02T21:00Z,ES,20985
2024-06-02T22:00Z,ES,23326
2024-06-02T23:00Z,ES,22343
2024-06-03T00:00Z,ES,21735
2024-06-03T01:00Z,ES,21465
2024-06-03T02:00Z,ES,21884
2024-06-03T03:00Z,ES,23525
2024-06-03T04:00Z,ES,26036
2024-06-03T05:00Z,ES,28772
2024-06-03T06:00Z,ES,30672
2024-06-03T07:00Z,ES,31613
2024-06-03T08:00Z,ES,32039
2024-06-03T09:00Z,ES,32329
2024-06-03T10:00Z,ES,32571
2024-06-03T11:00Z,ES,32140
2024-06-03T12:00Z,ES,31918
2024-06-03T13:00Z,ES,31500
2024-06-03T14:00Z,ES,31261
2024-06-03T15:00Z,ES,31064
2024-06-03T16:00Z,ES,30916
2024-06-03T17:00Z,ES,30335
2024-06-03T18:00Z,ES,29769
2024-06-03T19:00Z,ES,29108
2024-06-03T20:00Z,ES,27688
2024-06-03T21:00Z,ES,25523
2024-06-03T22:00Z,ES,23081
2024-06-03T23:00Z,ES,22412
2024-06-04T00:00Z,ES,21706
2024-06-04T01:00Z,ES,21395
2024-06-04T02:00Z,ES,21806
2024-06-04T03:00Z,ES,23325
2024-06-04T04:00Z,ES,25700
2024-06-04T05:00Z,ES,28060
2024-06-04T06:00Z,ES,29752
2024-06-04T07:00Z,ES,30645
2024-06-04T08:00Z,ES,31522
2024-06-04T09:00Z,ES,31538
2024-06-04T10:00Z,ES,31145
2024-06-04T11:00Z,ES,31056
2024-06-04T12:00Z,ES,30725
2024-06-04T13:00Z,ES,30627
2024-06-04T14:00Z,ES,30243
2024-06-04T15:00Z,ES,30044
2024-06-04T16:00Z,ES,29984
2024-06-04T17:00Z,ES,29184
2024-06-04T18:00Z,ES,28399
2024-06-04T19:00Z,ES,27491
2024-06-04T20:00Z,ES,26145
2024-06-04T21:00Z,ES,24467
2024-06-04T22:00Z,ES,24115
2024-06-04T23:00Z,ES,23321
2024-06-05T00:00Z,ES,22630
2024-06-05T01:00Z,ES,22497
2024-06-05T02:00Z,ES,22894
2024-06-05T03:00Z,ES,24118
2024-06-05T04:00Z,ES,26580
2024-06-05T05:00Z,ES,29453
2024-06-05T06:00Z,ES,30824
2024-06-05T07:00Z,ES,31900
2024-06-05T08:00Z,ES,32587
2024-06-05T09:00Z,ES,32947
2024-06-05T10:00Z,ES,32806
2024-06-05T11:00Z,ES,32662
2024-06-05T12:00Z,ES,32984
2024-06-05T13:00Z,ES,32506
2024-06-05T14:00Z,ES,32296
2024-06-05T15:00Z,ES,32643
2024-06-05T16:00Z,ES,32340
2024-06-05T17:00Z,ES,31388
2024-06-05T18:00Z,ES,30721
2024-06-05T19:00Z,ES,29548
2024-06-05T20:00Z,ES,27742
2024-06-05T21:00Z,ES,25649
2024-06-05T22:00Z,ES,25439
2024-06-05T23:00Z,ES,24655
2024-06-06T00:00Z,ES,24207
2024-06-06T01:00Z,ES,23936
2024-06-06T02:00Z,ES,23750
2024-06-06T03:00Z,ES,25265
2024-06-06T04:00Z,ES,28221
2024-06-06T05:00Z,ES,31155
2024-06-06T06:00Z,ES,33154
2024-06-06T07:00Z,ES,34221
2024-06-06T08:00Z,ES,34804
2024-06-06T09:00Z,ES,34790
2024-06-06T10:00Z,ES,34864
2024-06-06T11:00Z,ES,34637
2024-06-06T12:00Z,ES,34223
2024-06-06T13:00Z,ES,34138
2024-06-06T14:00Z,ES,34260
2024-06-06T15:00Z,ES,34206
2024-06-06T16:00Z,ES,34018
2024-06-06T17:00Z,ES,33326
2024-06-06T18:00Z,ES,32343
2024-06-06T19:00Z,ES,31386
2024-06-06T20:00Z,ES,29775
2024-06-06T21:00Z,ES,27596
2024-06-06T22:00Z,ES,27434
2024-06-06T23:00Z,ES,26638
2024-06-07T00:00Z,ES,26212
2024-06-07T01:00Z,ES,25922
2024-06-07T02:00Z,ES,26438
2024-06-07T03:00Z,ES,28127
2024-06-07T04:00Z,ES,31170
2024-06-07T05:00Z,ES,34080
2024-06-07T06:00Z,ES,36044
2024-06-07T07:00Z,ES,37086
2024-06-07T08:00Z,ES,37482
2024-06-07T09:00Z,ES,37604
2024-06-07T10:00Z,ES,37395
2024-06-07T11:00Z,ES,37059
2024-06-07T12:00Z,ES,36637
2024-06-07T13:00Z,ES,36473
2024-06-07T14:00Z,ES,36050
2024-06-07T15:00Z,ES,36226
2024-06-07T16:00Z,ES,36004
2024-06-07T17:00Z,ES,35358
2024-06-07T18:00Z,ES,34567
2024-06-07T19:00Z,ES,33781
2024-06-07T20:00Z,ES,32077
2024-06-07T21:00Z,ES,29639
2024-06-07T22:00Z,ES,26705
2024-06-07T23:00Z,ES,26176
2024-06-08T00:00Z,ES,25889
2024-06-08T01:00Z,ES,25667
2024-06-08T02:00Z,ES,25786
2024-06-08T03:00Z,ES,26530
2024-06-08T04:00Z,ES,28174
2024-06-08T05:00Z,ES,29549
2024-06-08T06:00Z,ES,30498
2024-06-08T07:00Z,ES,31140
2024-06-08T08:00Z,ES,31542
2024-06-08T09:00Z,ES,31642
2024-06-08T10:00Z,ES,31766
2024-06-08T11:00Z,ES,31627
2024-06-08T12:00Z,ES,31582
2024-06-08T13:00Z,ES,31446
2024-06-08T14:00Z,ES,31277
2024-06-08T15:00Z,ES,31266
2024-06-08T16:00Z,ES,30805
2024-06-08T17:00Z,ES,30743
2024-06-08T18:00Z,ES,30401
2024-06-08T19:00Z,ES,29546
2024-06-08T20:00Z,ES,28775
2024-06-08T21:00Z,ES,27745
2024-06-08T22:00Z,ES,24134
2024-06-08T23:00Z,ES,23385
2024-06-09T00:00Z,ES,23112
2024-06-09T01:00Z,ES,22848
2024-06-09T02:00Z,ES,22963
2024-06-09T03:00Z,ES,23735
2024-06-09T04:00Z,ES,25495
2024-06-09T05:00Z,ES,27034
2024-06-09T06:00Z,ES,27953
2024-06-09T07:00Z,ES,28399
2024-06-09T08:00Z,ES,28518
2024-06-09T09:00Z,ES,28560
2024-06-09T10:00Z,ES,28383
2024-06-09T11:00Z,ES,28171
2024-06-09T12:00Z,ES,28167
2024-06-09T13:00Z,ES,27937
2024-06-09T14:00Z,ES,28005
2024-06-09T15:00Z,ES,27872
2024-06-09T16:00Z,ES,27688
2024-06-09T17:00Z,ES,27377
2024-06-09T18:00Z,ES,26959
2024-06-09T19:00Z,ES,26426
2024-06-09T20:00Z,ES,25680
2024-06-09T21:00Z,ES,24661
2024-06-09T22:00Z,ES,27674
2024-06-09T23:00Z,ES,26726
2024-06-10T00:00Z,ES,25946
2024-06-10T01:00Z,ES,25333
2024-06-10T02:00Z,ES,25751
2024-06-10T03:00Z,ES,27632
2024-06-10T04:00Z,ES,30812
2024-06-10T05:00Z,ES,33908
2024-06-10T06:00Z,ES,36157
2024-06-10T07:00Z,ES,37338
2024-06-10T08:00Z,ES,37879
2024-06-10T09:00Z,ES,38287
2024-06-10T10:00Z,ES,38304
2024-06-10T11:00Z,ES,38108
2024-06-10T12:00Z,ES,37231
2024-06-10T13:00Z,ES,36922
2024-06-10T14:00Z,ES,36696
2024-06-10T15:00Z,ES,36636
2024-06-10T16:00Z,ES,36067
2024-06-10T17:00Z,ES,35439
2024-06-10T18:00Z,ES,34895
2024-06-10T19:00Z,ES,34062
2024-06-10T20:00Z,ES,32240
2024-06-10T21:00Z,ES,29863
2024-06-10T22:00Z,ES,29150
2024-06-10T23:00Z,ES,28168
2024-06-11T00:00Z,ES,27492
2024-06-11T01:00Z,ES,27309
2024-06-11T02:00Z,ES,27566
2024-06-11T03:00Z,ES,29339
2024-06-11T04:00Z,ES,32202
2024-06-11T05:00Z,ES,35629
2024-06-11T06:00Z,ES,37719
2024-06-11T07:00Z,ES,39290
2024-06-11T08:00Z,ES,39639
2024-06-11T09:00Z,ES,39859
2024-06-11T10:00Z,ES,39778
2024-06-11T11:00Z,ES,39664
2024-06-11T12:00Z,ES,39253
2024-06-11T13:00Z,ES,38642
2024-06-11T14:00Z,ES,38251
2024-06-11T15:00Z,ES,38263
2024-06-11T16:00Z,ES,38091
2024-06-11T17:00Z,ES,37280
2024-06-11T18:00Z,ES,36481
2024-06-11T19:00Z,ES,35086
2024-06-11T20:00Z,ES,33408
2024-06-11T21:00Z,ES,30916
2024-06-11T22:00Z,ES,27342
2024-06-11T23:00Z,ES,26244
2024-06-12T00:00Z,ES,25880
2024-06-12T01:00Z,ES,25585
2024-06-12T02:00Z,ES,26075
2024-06-12T03:00Z,ES,27645
2024-06-12T04:00Z,ES,30472
2024-06-12T05:00Z,ES,33506
2024-06-12T06:00Z,ES,35399
2024-06-12T07:00Z,ES,36362
2024-06-12T08:00Z,ES,36919
2024-06-12T09:00Z,ES,37415
2024-06-12T10:00Z,ES,37104
2024-06-12T11:00Z,ES,36770
2024-06-12T12:00Z,ES,36296
2024-06-12T13:00Z,ES,36269
2024-06-12T14:00Z,ES,36117
2024-06-12T15:00Z,ES,36020
2024-06-12T16:00Z,ES,35527
2024-06-12T17:00Z,ES,34794
2024-06-12T18:00Z,ES,34083
2024-06-12T19:00Z,ES,32891
2024-06-12T20:00Z,ES,31118
2024-06-12T21:00Z,ES,29160
2024-06-12T22:00Z,ES,27851
2024-06-12T23:00Z,ES,26953
2024-06-13T00:00Z,ES,26366
2024-06-13T01:00Z,ES,26079
2024-06-13T02:00Z,ES,26448
2024-06-13T03:00Z,ES,28136
2024-06-13T04:00Z,ES,31112
2024-06-13T05:00Z,ES,34219
2024-06-13T06:00Z,ES,36438
2024-06-13T07:00Z,ES,37378
2024-06-13T08:00Z,ES,37641
2024-06-13T09:00Z,ES,37838
2024-06-13T10:00Z,ES,37834
2024-06-13T11:00Z,ES,37729
2024-06-13T12:00Z,ES,37237
2024-06-13T13:00Z,ES,37126
2024-06-13T14:00Z,ES,37033
2024-06-13T15:00Z,ES,36959
2024-06-13T16:00Z,ES,37092
2024-06-13T17:00Z,ES,36257
2024-06-13T18:00Z,ES,35400
2024-06-13T19:00Z,ES,34322
2024-06-13T20:00Z,ES,32509
2024-06-13T21:00Z,ES,30022
2024-06-13T22:00Z,ES,28432
2024-06-13T23:00Z,ES,27493
2024-06-14T00:00Z,ES,26831
2024-06-14T01:00Z,ES,26299
2024-06-14T02:00Z,ES,26662
2024-06-14T03:00Z,ES,28401
2024-06-14T04:00Z,ES,31524
2024-06-14T05:00Z,ES,34524
2024-06-14T06:00Z,ES,36235
2024-06-14T07:00Z,ES,37762
2024-06-14T08:00Z,ES,38400
2024-06-14T09:00Z,ES,38820
2024-06-14T10:00Z,ES,38841
2024-06-14T11:00Z,ES,38302
2024-06-14T12:00Z,ES,37951
2024-06-14T13:00Z,ES,37917
2024-06-14T14:00Z,ES,37646
2024-06-14T15:00Z,ES,37478
2024-06-14T16:00Z,ES,37235
2024-06-14T17:00Z,ES,36623
2024-06-14T18:00Z,ES,36099
2024-06-14T19:00Z,ES,35062
2024-06-14T20:00Z,ES,33259
2024-06-14T21:00Z,ES,30546
2024-06-14T22:00Z,ES,25298
2024-06-14T23:00Z,ES,24709
2024-06-15T00:00Z,ES,24468
2024-06-15T01:00Z,ES,24054
2024-06-15T02:00Z,ES,24296
2024-06-15T03:00Z,ES,25354
2024-06-15T04:00Z,ES,27019
2024-06-15T05:00Z,ES,28686
2024-06-15T06:00Z,ES,29250
2024-06-15T07:00Z,ES,29813
2024-06-15T08:00Z,ES,30138
2024-06-15T09:00Z,ES,30295
2024-06-15T10:00Z,ES,30406
2024-06-15T11:00Z,ES,30270
2024-06-15T12:00Z,ES,30127
2024-06-15T13:00Z,ES,29776
2024-06-15T14:00Z,ES,29876
2024-06-15T15:00Z,ES,29532
2024-06-15T16:00Z,ES,29309
2024-06-15T17:00Z,ES,29010
2024-06-15T18:00Z,ES,28764
2024-06-15T19:00Z,ES,28243
2024-06-15T20:00Z,ES,27378
2024-06-15T21:00Z,ES,26251
2024-06-15T22:00Z,ES,23772
2024-06-15T23:00Z,ES,23145
2024-06-16T00:00Z,ES,22743
2024-06-16T01:00Z,ES,22784
2024-06-16T02:00Z,ES,22896
2024-06-16T03:00Z,ES,23613
2024-06-16T04:00Z,ES,25155
2024-06-16T05:00Z,ES,26720
2024-06-16T06:00Z,ES,27638
2024-06-16T07:00Z,ES,28292
2024-06-16T08:00Z,ES,28537
2024-06-16T09:00Z,ES,28741
2024-06-16T10:00Z,ES,28672
2024-06-16T11:00Z,ES,28587
2024-06-16T12:00Z,ES,28226
2024-06-16T13:00Z,ES,27738
2024-06-16T14:00Z,ES,27431
2024-06-16T15:00Z,ES,27166
2024-06-16T16:00Z,ES,27139
2024-06-16T17:00Z,ES,26844
2024-06-16T18:00Z,ES,26616
2024-06-16T19:00Z,ES,26266
2024-06-16T20:00Z,ES,25459
2024-06-16T21:00Z,ES,24350
2024-06-16T22:00Z,ES,25536
2024-06-16T23:00Z,ES,24639
2024-06-17T00:00Z,ES,24003
2024-06-17T01:00Z,ES,23741
2024-06-17T02:00Z,ES,24079
2024-06-17T03:00Z,ES,25802
2024-06-17T04:00Z,ES,28822
2024-06-17T05:00Z,ES,31537
2024-06-17T06:00Z,ES,33166
2024-06-17T07:00Z,ES,34403
2024-06-17T08:00Z,ES,34688
2024-06-17T09:00Z,ES,34774
2024-06-17T10:00Z,ES,34568
2024-06-17T11:00Z,ES,34185
2024-06-17T12:00Z,ES,33867
2024-06-17T13:00Z,ES,33701
2024-06-17T14:00Z,ES,33384
2024-06-17T15:00Z,ES,33482
2024-06-17T16:00Z,ES,33179
2024-06-17T17:00Z,ES,32567
2024-06-17T18:00Z,ES,31997
2024-06-17T19:00Z,ES,31046
2024-06-17T20:00Z,ES,29500
2024-06-17T21:00Z,ES,27422
2024-06-17T22:00Z,ES,25054
2024-06-17T23:00Z,ES,23785
2024-06-18T00:00Z,ES,23229
2024-06-18T01:00Z,ES,23169
2024-06-18T02:00Z,ES,23625
2024-06-18T03:00Z,ES,25159
2024-06-18T04:00Z,ES,28106
2024-06-18T05:00Z,ES,30733
2024-06-18T06:00Z,ES,32819
2024-06-18T07:00Z,ES,33910
2024-06-18T08:00Z,ES,34453
2024-06-18T09:00Z,ES,34426
2024-06-18T10:00Z,ES,34396
2024-06-18T11:00Z,ES,34158
2024-06-18T12:00Z,ES,33921
2024-06-18T13:00Z,ES,33524
2024-06-18T14:00Z,ES,33064
2024-06-18T15:00Z,ES,33120
2024-06-18T16:00Z,ES,32846
2024-06-18T17:00Z,ES,32161
2024-06-18T18:00Z,ES,31255
2024-06-18T19:00Z,ES,30164
2024-06-18T20:00Z,ES,28850
2024-06-18T21:00Z,ES,26819
2024-06-18T22:00Z,ES,24889
2024-06-18T23:00Z,ES,23835
2024-06-19T00:00Z,ES,22969
2024-06-19T01:00Z,ES,22684
2024-06-19T02:00Z,ES,23287
2024-06-19T03:00Z,ES,24675
2024-06-19T04:00Z,ES,27706
2024-06-19T05:00Z,ES,30528
2024-06-19T06:00Z,ES,32196
2024-06-19T07:00Z,ES,33016
2024-06-19T08:00Z,ES,33735
2024-06-19T09:00Z,ES,33722
2024-06-19T10:00Z,ES,33771
2024-06-19T11:00Z,ES,33477
2024-06-19T12:00Z,ES,33489
2024-06-19T13:00Z,ES,32871
2024-06-19T14:00Z,ES,32783
2024-06-19T15:00Z,ES,32601
2024-06-19T16:00Z,ES,32231
2024-06-19T17:00Z,ES,31669
2024-06-19T18:00Z,ES,30881
2024-06-19T19:00Z,ES,29867
2024-06-19T20:00Z,ES,28127
2024-06-19T21:00Z,ES,26010
2024-06-19T22:00Z,ES,24722
2024-06-19T23:00Z,ES,23318
2024-06-20T00:00Z,ES,22989
2024-06-20T01:00Z,ES,22890
2024-06-20T02:00Z,ES,23624
2024-06-20T03:00Z,ES,25134
2024-06-20T04:00Z,ES,28401
2024-06-20T05:00Z,ES,31053
2024-06-20T06:00Z,ES,33206
2024-06-20T07:00Z,ES,34486
2024-06-20T08:00Z,ES,35310
2024-06-20T09:00Z,ES,35607
2024-06-20T10:00Z,ES,35274
2024-06-20T11:00Z,ES,35086
2024-06-20T12:00Z,ES,34591
2024-06-20T13:00Z,ES,34003
2024-06-20T14:00Z,ES,33935
2024-06-20T15:00Z,ES,33778
2024-06-20T16:00Z,ES,33513
2024-06-20T17:00Z,ES,32805
2024-06-20T18:00Z,ES,31764
2024-06-20T19:00Z,ES,30858
2024-06-20T20:00Z,ES,29151
2024-06-20T21:00Z,ES,26930
2024-06-20T22:00Z,ES,24561
2024-06-20T23:00Z,ES,23512
2024-06-21T00:00Z,ES,22833
2024-06-21T01:00Z,ES,22782
2024-06-21T02:00Z,ES,23085
2024-06-21T03:00Z,ES,24427
2024-06-21T04:00Z,ES,27218
2024-06-21T05:00Z,ES,29875
2024-06-21T06:00Z,ES,31656
2024-06-21T07:00Z,ES,32796
2024-06-21T08:00Z,ES,33951
2024-06-21T09:00Z,ES,34062
2024-06-21T10:00Z,ES,34238
2024-06-21T11:00Z,ES,33914
2024-06-21T12:00Z,ES,33760
2024-06-21T13:00Z,ES,33550
2024-06-21T14:00Z,ES,33138
2024-06-21T15:00Z,ES,33022
2024-06-21T16:00Z,ES,32740
2024-06-21T17:00Z,ES,32285
2024-06-21T18:00Z,ES,31396
2024-06-21T19:00Z,ES,30673
2024-06-21T20:00Z,ES,28984
2024-06-21T21:00Z,ES,26772
2024-06-21T22:00Z,ES,23660
2024-06-21T23:00Z,ES,23281
2024-06-22T00:00Z,ES,22822
2024-06-22T01:00Z,ES,22763
2024-06-22T02:00Z,ES,22907
2024-06-22T03:00Z,ES,23723
2024-06-22T04:00Z,ES,25170
2024-06-22T05:00Z,ES,26333
2024-06-22T06:00Z,ES,27463
2024-06-22T07:00Z,ES,27969
2024-06-22T08:00Z,ES,28127
2024-06-22T09:00Z,ES,28318
2024-06-22T10:00Z,ES,28280
2024-06-22T11:00Z,ES,28354
2024-06-22T12:00Z,ES,28276
2024-06-22T13:00Z,ES,28256
2024-06-22T14:00Z,ES,28163
2024-06-22T15:00Z,ES,27846
2024-06-22T16:00Z,ES,27810
2024-06-22T17:00Z,ES,27328
2024-06-22T18:00Z,ES,26843
2024-06-22T19:00Z,ES,26175
2024-06-22T20:00Z,ES,25598
2024-06-22T21:00Z,ES,24535
2024-06-22T22:00Z,ES,20753
2024-06-22T23:00Z,ES,20534
2024-06-23T00:00Z,ES,20269
2024-06-23T01:00Z,ES,20128
2024-06-23T02:00Z,ES,20310
2024-06-23T03:00Z,ES,20642
2024-06-23T04:00Z,ES,22093
2024-06-23T05:00Z,ES,23279
2024-06-23T06:00Z,ES,23767
2024-06-23T07:00Z,ES,24293
2024-06-23T08:00Z,ES,24590
2024-06-23T09:00Z,ES,24729
2024-06-23T10:00Z,ES,24688
2024-06-23T11:00Z,ES,24341
2024-06-23T12:00Z,ES,24132
2024-06-23T13:00Z,ES,24236
2024-06-23T14:00Z,ES,24227
2024-06-23T15:00Z,ES,24380
2024-06-23T16:00Z,ES,24029
2024-06-23T17:00Z,ES,23726
2024-06-23T18:00Z,ES,23418
2024-06-23T19:00Z,ES,22933
2024-06-23T20:00Z,ES,22227
2024-06-23T21:00Z,ES,21266
2024-06-23T22:00Z,ES,25058
2024-06-23T23:00Z,ES,24258
2024-06-24T00:00Z,ES,23555
2024-06-24T01:00Z,ES,23302
2024-06-24T02:00Z,ES,23862
2024-06-24T03:00Z,ES,25421
2024-06-24T04:00Z,ES,28185
2024-06-24T05:00Z,ES,30856
2024-06-24T06:00Z,ES,32768
2024-06-24T07:00Z,ES,33743
2024-06-24T08:00Z,ES,34487
2024-06-24T09:00Z,ES,35118
2024-06-24T10:00Z,ES,34871
2024-06-24T11:00Z,ES,34459
2024-06-24T12:00Z,ES,34274
2024-06-24T13:00Z,ES,34178
2024-06-24T14:00Z,ES,33829
2024-06-24T15:00Z,ES,33937
2024-06-24T16:00Z,ES,33609
2024-06-24T17:00Z,ES,32948
2024-06-24T18:00Z,ES,32292
2024-06-24T19:00Z,ES,31336
2024-06-24T20:00Z,ES,29356
2024-06-24T21:00Z,ES,26779
2024-06-24T22:00Z,ES,26681
2024-06-24T23:00Z,ES,25844
2024-06-25T00:00Z,ES,24935
2024-06-25T01:00Z,ES,24604
2024-06-25T02:00Z,ES,25010
2024-06-25T03:00Z,ES,26709
2024-06-25T04:00Z,ES,29701
2024-06-25T05:00Z,ES,32394
2024-06-25T06:00Z,ES,34808
2024-06-25T07:00Z,ES,36056
2024-06-25T08:00Z,ES,36738
2024-06-25T09:00Z,ES,36637
2024-06-25T10:00Z,ES,36498
2024-06-25T11:00Z,ES,36238
2024-06-25T12:00Z,ES,36042
2024-06-25T13:00Z,ES,35927
2024-06-25T14:00Z,ES,35600
2024-06-25T15:00Z,ES,35419
2024-06-25T16:00Z,ES,34851
2024-06-25T17:00Z,ES,34392
2024-06-25T18:00Z,ES,33607
2024-06-25T19:00Z,ES,32630
2024-06-25T20:00Z,ES,30887
2024-06-25T21:00Z,ES,28543
2024-06-25T22:00Z,ES,28801
2024-06-25T23:00Z,ES,27756
2024-06-26T00:00Z,ES,27125
2024-06-26T01:00Z,ES,27165
2024-06-26T02:00Z,ES,27517
2024-06-26T03:00Z,ES,29288
2024-06-26T04:00Z,ES,32523
2024-06-26T05:00Z,ES,35369
2024-06-26T06:00Z,ES,37630
2024-06-26T07:00Z,ES,38866
2024-06-26T08:00Z,ES,39881
2024-06-26T09:00Z,ES,40014
2024-06-26T10:00Z,ES,39853
2024-06-26T11:00Z,ES,39395
2024-06-26T12:00Z,ES,39186
2024-06-26T13:00Z,ES,38934
2024-06-26T14:00Z,ES,38818
2024-06-26T15:00Z,ES,38631
2024-06-26T16:00Z,ES,38178
2024-06-26T17:00Z,ES,37405
2024-06-26T18:00Z,ES,36510
2024-06-26T19:00Z,ES,35181
2024-06-26T20:00Z,ES,33549
2024-06-26T21:00Z,ES,31216
2024-06-26T22:00Z,ES,27166
2024-06-26T23:00Z,ES,26032
2024-06-27T00:00Z,ES,25370
2024-06-27T01:00Z,ES,25161
2024-06-27T02:00Z,ES,25219
2024-06-27T03:00Z,ES,27088
2024-06-27T04:00Z,ES,30064
2024-06-27T05:00Z,ES,33071
2024-06-27T06:00Z,ES,34891
2024-06-27T07:00Z,ES,36283
2024-06-27T08:00Z,ES,36850
2024-06-27T09:00Z,ES,37645
2024-06-27T10:00Z,ES,37421
2024-06-27T11:00Z,ES,36975
2024-06-27T12:00Z,ES,36786
2024-06-27T13:00Z,ES,36436
2024-06-27T14:00Z,ES,36489
2024-06-27T15:00Z,ES,35968
2024-06-27T16:00Z,ES,35701
2024-06-27T17:00Z,ES,35085
2024-06-27T18:00Z,ES,34103
2024-06-27T19:00Z,ES,33315
2024-06-27T20:00Z,ES,31808
2024-06-27T21:00Z,ES,29200
2024-06-27T22:00Z,ES,28620
2024-06-27T23:00Z,ES,27423
2024-06-28T00:00Z,ES,26584
2024-06-28T01:00Z,ES,25839
2024-06-28T02:00Z,ES,26258
2024-06-28T03:00Z,ES,28115
2024-06-28T04:00Z,ES,31158
2024-06-28T05:00Z,ES,34276
2024-06-28T06:00Z,ES,36352
2024-06-28T07:00Z,ES,37965
2024-06-28T08:00Z,ES,38404
2024-06-28T09:00Z,ES,38691
2024-06-28T10:00Z,ES,38755
2024-06-28T11:00Z,ES,38539
2024-06-28T12:00Z,ES,38448
2024-06-28T13:00Z,ES,38261
2024-06-28T14:00Z,ES,37830
2024-06-28T15:00Z,ES,37752
2024-06-28T16:00Z,ES,37265
2024-06-28T17:00Z,ES,36235
2024-06-28T18:00Z,ES,35093
2024-06-28T19:00Z,ES,34286
2024-06-28T20:00Z,ES,33192
2024-06-28T21:00Z,ES,30795
2024-06-28T22:00Z,ES,26827
2024-06-28T23:00Z,ES,26144
2024-06-29T00:00Z,ES,25729
2024-06-29T01:00Z,ES,25644
2024-06-29T02:00Z,ES,26024
2024-06-29T03:00Z,ES,26649
2024-06-29T04:00Z,ES,28118
2024-06-29T05:00Z,ES,29766
2024-06-29T06:00Z,ES,30678
2024-06-29T07:00Z,ES,31511
2024-06-29T08:00Z,ES,31819
2024-06-29T09:00Z,ES,31957
2024-06-29T10:00Z,ES,31858
2024-06-29T11:00Z,ES,31537
2024-06-29T12:00Z,ES,31249
2024-06-29T13:00Z,ES,30766
2024-06-29T14:00Z,ES,30731
2024-06-29T15:00Z,ES,30596
2024-06-29T16:00Z,ES,30638
2024-06-29T17:00Z,ES,30412
2024-06-29T18:00Z,ES,30071
2024-06-29T19:00Z,ES,29659
2024-06-29T20:00Z,ES,28648
2024-06-29T21:00Z,ES,27217
2024-06-29T22:00Z,ES,23058
2024-06-29T23:00Z,ES,22535
2024-06-30T00:00Z,ES,22214
2024-06-30T01:00Z,ES,22213
2024-06-30T02:00Z,ES,22584
2024-06-30T03:00Z,ES,23671
2024-06-30T04:00Z,ES,25250
2024-06-30T05:00Z,ES,26864
2024-06-30T06:00Z,ES,27839
2024-06-30T07:00Z,ES,28512
2024-06-30T08:00Z,ES,28716
2024-06-30T09:00Z,ES,29043
2024-06-30T10:00Z,ES,29096
2024-06-30T11:00Z,ES,28546
2024-06-30T12:00Z,ES,28619
2024-06-30T13:00Z,ES,28356
2024-06-30T14:00Z,ES,28242
2024-06-30T15:00Z,ES,27658
2024-06-30T16:00Z,ES,27926
2024-06-30T17:00Z,ES,27463
2024-06-30T18:00Z,ES,27074
2024-06-30T19:00Z,ES,26309
2024-06-30T20:00Z,ES,25627
2024-06-30T21:00Z,ES,24669
2023-12-31T23:00Z,IT_NORD,13862
2024-01-01T00:00Z,IT_NORD,13503
2024-01-01T01:00Z,IT_NORD,13166
2024-01-01T02:00Z,IT_NORD,13032
2024-01-01T03:00Z,IT_NORD,13228
2024-01-01T04:00Z,IT_NORD,13842
2024-01-01T05:00Z,IT_NORD,15078
2024-01-01T06:00Z,IT_NORD,16197
2024-01-01T07:00Z,IT_NORD,16441
2024-01-01T08:00Z,IT_NORD,16467
2024-01-01T09:00Z,IT_NORD,16517
2024-01-01T10:00Z,IT_NORD,16323
2024-01-01T11:00Z,IT_NORD,16299
2024-01-01T12:00Z,IT_NORD,16172
2024-01-01T13:00Z,IT_NORD,15928
2024-01-01T14:00Z,IT_NORD,15940
2024-01-01T15:00Z,IT_NORD,16296
2024-01-01T16:00Z,IT_NORD,16796
2024-01-01T17:00Z,IT_NORD,16883
2024-01-01T18:00Z,IT_NORD,16802
2024-01-01T19:00Z,IT_NORD,16208
2024-01-01T20:00Z,IT_NORD,15697
2024-01-01T21:00Z,IT_NORD,14918
2024-01-01T22:00Z,IT_NORD,14245
2024-01-01T23:00Z,IT_NORD,15435
2024-01-02T00:00Z,IT_NORD,14690
2024-01-02T01:00Z,IT_NORD,14309
2024-01-02T02:00Z,IT_NORD,14445
2024-01-02T03:00Z,IT_NORD,14857
2024-01-02T04:00Z,IT_NORD,16040
2024-01-02T05:00Z,IT_NORD,18486
2024-01-02T06:00Z,IT_NORD,20370
2024-01-02T07:00Z,IT_NORD,21108
2024-01-02T08:00Z,IT_NORD,21539
2024-01-02T09:00Z,IT_NORD,21515
2024-01-02T10:00Z,IT_NORD,21663
2024-01-02T11:00Z,IT_NORD,21074
2024-01-02T12:00Z,IT_NORD,21018
2024-01-02T13:00Z,IT_NORD,20915
2024-01-02T14:00Z,IT_NORD,20748
2024-01-02T15:00Z,IT_NORD,21227
2024-01-02T16:00Z,IT_NORD,22442
2024-01-02T17:00Z,IT_NORD,22622
2024-01-02T18:00Z,IT_NORD,21913
2024-01-02T19:00Z,IT_NORD,20834
2024-01-02T20:00Z,IT_NORD,19797
2024-01-02T21:00Z,IT_NORD,18487
2024-01-02T22:00Z,IT_NORD,16896
2024-01-02T23:00Z,IT_NORD,16104
2024-01-03T00:00Z,IT_NORD,15624
2024-01-03T01:00Z,IT_NORD,15284
2024-01-03T02:00Z,IT_NORD,15230
2024-01-03T03:00Z,IT_NORD,15645
2024-01-03T04:00Z,IT_NORD,16990
2024-01-03T05:00Z,IT_NORD,19442
2024-01-03T06:00Z,IT_NORD,21409
2024-01-03T07:00Z,IT_NORD,22340
2024-01-03T08:00Z,IT_NORD,22406
2024-01-03T09:00Z,IT_NORD,22370
2024-01-03T10:00Z,IT_NORD,22076
2024-01-03T11:00Z,IT_NORD,21502
2024-01-03T12:00Z,IT_NORD,21328
2024-01-03T13:00Z,IT_NORD,20958
2024-01-03T14:00Z,IT_NORD,20938
2024-01-03T15:00Z,IT_NORD,21398
2024-01-03T16:00Z,IT_NORD,22703
2024-01-03T17:00Z,IT_NORD,23080
2024-01-03T18:00Z,IT_NORD,22265
2024-01-03T19:00Z,IT_NORD,21265
2024-01-03T20:00Z,IT_NORD,20235
2024-01-03T21:00Z,IT_NORD,18911
2024-01-03T22:00Z,IT_NORD,17419
2024-01-03T23:00Z,IT_NORD,15965
2024-01-04T00:00Z,IT_NORD,15291
2024-01-04T01:00Z,IT_NORD,14705
2024-01-04T02:00Z,IT_NORD,14734
2024-01-04T03:00Z,IT_NORD,15192
2024-01-04T04:00Z,IT_NORD,16668
2024-01-04T05:00Z,IT_NORD,18960
2024-01-04T06:00Z,IT_NORD,20728
2024-01-04T07:00Z,IT_NORD,21500
2024-01-04T08:00Z,IT_NORD,21760
2024-01-04T09:00Z,IT_NORD,21980
2024-01-04T10:00Z,IT_NORD,21879
2024-01-04T11:00Z,IT_NORD,21351
2024-01-04T12:00Z,IT_NORD,20971
2024-01-04T13:00Z,IT_NORD,20615
2024-01-04T14:00Z,IT_NORD,20744
2024-01-04T15:00Z,IT_NORD,21282
2024-01-04T16:00Z,IT_NORD,22391
2024-01-04T17:00Z,IT_NORD,22355
2024-01-04T18:00Z,IT_NORD,21561
2024-01-04T19:00Z,IT_NORD,20494
2024-01-04T20:00Z,IT_NORD,19147
2024-01-04T21:00Z,IT_NORD,17858
2024-01-04T22:00Z,IT_NORD,16680
2024-01-04T23:00Z,IT_NORD,15880
2024-01-05T00:00Z,IT_NORD,15388
2024-01-05T01:00Z,IT_NORD,14700
2024-01-05T02:00Z,IT_NORD,14663
2024-01-05T03:00Z,IT_NORD,15163
2024-01-05T04:00Z,IT_NORD,16606
2024-01-05T05:00Z,IT_NORD,19356
2024-01-05T06:00Z,IT_NORD,21311
2024-01-05T07:00Z,IT_NORD,22078
2024-01-05T08:00Z,IT_NORD,22189
2024-01-05T09:00Z,IT_NORD,22015
2024-01-05T10:00Z,IT_NORD,21811
2024-01-05T11:00Z,IT_NORD,21360
2024-01-05T12:00Z,IT_NORD,21258
2024-01-05T13:00Z,IT_NORD,20737
2024-01-05T14:00Z,IT_NORD,20680
2024-01-05T15:00Z,IT_NORD,21288
2024-01-05T16:00Z,IT_NORD,22394
2024-01-05T17:00Z,IT_NORD,22725
2024-01-05T18:00Z,IT_NORD,21895
2024-01-05T19:00Z,IT_NORD,20914
2024-01-05T20:00Z,IT_NORD,19721
2024-01-05T21:00Z,IT_NORD,18380
2024-01-05T22:00Z,IT_NORD,17090
2024-01-05T23:00Z,IT_NORD,13826
2024-01-06T00:00Z,IT_NORD,13449
2024-01-06T01:00Z,IT_NORD,13111
2024-01-06T02:00Z,IT_NORD,13236
2024-01-06T03:00Z,IT_NORD,13425
2024-01-06T04:00Z,IT_NORD,14287
2024-01-06T05:00Z,IT_NORD,15279
2024-01-06T06:00Z,IT_NORD,16198
2024-01-06T07:00Z,IT_NORD,16725
2024-01-06T08:00Z,IT_NORD,16881
2024-01-06T09:00Z,IT_NORD,16944
2024-01-06T10:00Z,IT_NORD,16758
2024-01-06T11:00Z,IT_NORD,16435
2024-01-06T12:00Z,IT_NORD,16409
2024-01-06T13:00Z,IT_NORD,16321
2024-01-06T14:00Z,IT_NORD,16341
2024-01-06T15:00Z,IT_NORD,16685
2024-01-06T16:00Z,IT_NORD,17176
2024-01-06T17:00Z,IT_NORD,17316
2024-01-06T18:00Z,IT_NORD,16894
2024-01-06T19:00Z,IT_NORD,16240
2024-01-06T20:00Z,IT_NORD,15519
2024-01-06T21:00Z,IT_NORD,14772
2024-01-06T22:00Z,IT_NORD,14197
2024-01-06T23:00Z,IT_NORD,13488
2024-01-07T00:00Z,IT_NORD,13386
2024-01-07T01:00Z,IT_NORD,13158
2024-01-07T02:00Z,IT_NORD,13124
2024-01-07T03:00Z,IT_NORD,13360
2024-01-07T04:00Z,IT_NORD,14093
2024-01-07T05:00Z,IT_NORD,15244
2024-01-07T06:00Z,IT_NORD,16148
2024-01-07T07:00Z,IT_NORD,16620
2024-01-07T08:00Z,IT_NORD,16587
2024-01-07T09:00Z,IT_NORD,16465
2024-01-07T10:00Z,IT_NORD,16492
2024-01-07T11:00Z,IT_NORD,16319
2024-01-07T12:00Z,IT_NORD,16156
2024-01-07T13:00Z,IT_NORD,15926
2024-01-07T14:00Z,IT_NORD,15986
2024-01-07T15:00Z,IT_NORD,16304
2024-01-07T16:00Z,IT_NORD,17004
2024-01-07T17:00Z,IT_NORD,17241
2024-01-07T18:00Z,IT_NORD,16932
2024-01-07T19:00Z,IT_NORD,16160
2024-01-07T20:00Z,IT_NORD,15559
2024-01-07T21:00Z,IT_NORD,14835
2024-01-07T22:00Z,IT_NORD,14267
2024-01-07T23:00Z,IT_NORD,15225
2024-01-08T00:00Z,IT_NORD,14697
2024-01-08T01:00Z,IT_NORD,14422
2024-01-08T02:00Z,IT_NORD,14529
2024-01-08T03:00Z,IT_NORD,14936
2024-01-08T04:00Z,IT_NORD,16276
2024-01-08T05:00Z,IT_NORD,18759
2024-01-08T06:00Z,IT_NORD,20639
2024-01-08T07:00Z,IT_NORD,21293
2024-01-08T08:00Z,IT_NORD,21423
2024-01-08T09:00Z,IT_NORD,21478
2024-01-08T10:00Z,IT_NORD,21351
2024-01-08T11:00Z,IT_NORD,20863
2024-01-08T12:00Z,IT_NORD,20595
2024-01-08T13:00Z,IT_NORD,20392
2024-01-08T14:00Z,IT_NORD,20523
2024-01-08T15:00Z,IT_NORD,20942
2024-01-08T16:00Z,IT_NORD,22055
2024-01-08T17:00Z,IT_NORD,22315
2024-01-08T18:00Z,IT_NORD,21521
2024-01-08T19:00Z,IT_NORD,20455
2024-01-08T20:00Z,IT_NORD,19233
2024-01-08T21:00Z,IT_NORD,17956
2024-01-08T22:00Z,IT_NORD,16564
2024-01-08T23:00Z,IT_NORD,15473
2024-01-09T00:00Z,IT_NORD,14799
2024-01-09T01:00Z,IT_NORD,14068
2024-01-09T02:00Z,IT_NORD,14143
2024-01-09T03:00Z,IT_NORD,14540
2024-01-09T04:00Z,IT_NORD,16023
2024-01-09T05:00Z,IT_NORD,18450
2024-01-09T06:00Z,IT_NORD,20360
2024-01-09T07:00Z,IT_NORD,21253
2024-01-09T08:00Z,IT_NORD,21513
2024-01-09T09:00Z,IT_NORD,21692
2024-01-09T10:00Z,IT_NORD,21261
2024-01-09T11:00Z,IT_NORD,20881
2024-01-09T12:00Z,IT_NORD,20698
2024-01-09T13:00Z,IT_NORD,20352
2024-01-09T14:00Z,IT_NORD,20427
2024-01-09T15:00Z,IT_NORD,20936
2024-01-09T16:00Z,IT_NORD,22103
2024-01-09T17:00Z,IT_NORD,22233
2024-01-09T18:00Z,IT_NORD,21539
2024-01-09T19:00Z,IT_NORD,20390
2024-01-09T20:00Z,IT_NORD,19042
2024-01-09T21:00Z,IT_NORD,17723
2024-01-09T22:00Z,IT_NORD,16376
2024-01-09T23:00Z,IT_NORD,15058
2024-01-10T00:00Z,IT_NORD,14543
2024-01-10T01:00Z,IT_NORD,14180
2024-01-10T02:00Z,IT_NORD,14032
2024-01-10T03:00Z,IT_NORD,14399
2024-01-10T04:00Z,IT_NORD,15550
2024-01-10T05:00Z,IT_NORD,17867
2024-01-10T06:00Z,IT_NORD,19802
2024-01-10T07:00Z,IT_NORD,20677
2024-01-10T08:00Z,IT_NORD,21007
2024-01-10T09:00Z,IT_NORD,21005
2024-01-10T10:00Z,IT_NORD,20996
2024-01-10T11:00Z,IT_NORD,20714
2024-01-10T12:00Z,IT_NORD,20454
2024-01-10T13:00Z,IT_NORD,20209
2024-01-10T14:00Z,IT_NORD,20088
2024-01-10T15:00Z,IT_NORD,20766
2024-01-10T16:00Z,IT_NORD,21979
2024-01-10T17:00Z,IT_NORD,22158
2024-01-10T18:00Z,IT_NORD,21367
2024-01-10T19:00Z,IT_NORD,20083
2024-01-10T20:00Z,IT_NORD,18912
2024-01-10T21:00Z,IT_NORD,17519
2024-01-10T22:00Z,IT_NORD,16321
2024-01-10T23:00Z,IT_NORD,15537
2024-01-11T00:00Z,IT_NORD,14975
2024-01-11T01:00Z,IT_NORD,14700
2024-01-11T02:00Z,IT_NORD,14619
2024-01-11T03:00Z,IT_NORD,14921
2024-01-11T04:00Z,IT_NORD,16325
2024-01-11T05:00Z,IT_NORD,18493
2024-01-11T06:00Z,IT_NORD,20396
2024-01-11T07:00Z,IT_NORD,21485
2024-01-11T08:00Z,IT_NORD,21708
2024-01-11T09:00Z,IT_NORD,21517
2024-01-11T10:00Z,IT_NORD,21173
2024-01-11T11:00Z,IT_NORD,20859
2024-01-11T12:00Z,IT_NORD,20363
2024-01-11T13:00Z,IT_NORD,20052
2024-01-11T14:00Z,IT_NORD,20089
2024-01-11T15:00Z,IT_NORD,20691
2024-01-11T16:00Z,IT_NORD,21962
2024-01-11T17:00Z,IT_NORD,22203
2024-01-11T18:00Z,IT_NORD,21369
2024-01-11T19:00Z,IT_NORD,20362
2024-01-11T20:00Z,IT_NORD,19202
2024-01-11T21:00Z,IT_NORD,17847
2024-01-11T22:00Z,IT_NORD,16549
2024-01-11T23:00Z,IT_NORD,15767
2024-01-12T00:00Z,IT_NORD,15029
2024-01-12T01:00Z,IT_NORD,14611
2024-01-12T02:00Z,IT_NORD,14579
2024-01-12T03:00Z,IT_NORD,15085
2024-01-12T04:00Z,IT_NORD,16567
2024-01-12T05:00Z,IT_NORD,18975
2024-01-12T06:00Z,IT_NORD,20908
2024-01-12T07:00Z,IT_NORD,21709
2024-01-12T08:00Z,IT_NORD,21891
2024-01-12T09:00Z,IT_NORD,21871
2024-01-12T10:00Z,IT_NORD,21829
2024-01-12T11:00Z,IT_NORD,21202
2024-01-12T12:00Z,IT_NORD,21252
2024-01-12T13:00Z,IT_NORD,20950
2024-01-12T14:00Z,IT_NORD,21103
2024-01-12T15:00Z,IT_NORD,21603
2024-01-12T16:00Z,IT_NORD,22626
2024-01-12T17:00Z,IT_NORD,22806
2024-01-12T18:00Z,IT_NORD,22074
2024-01-12T19:00Z,IT_NORD,20691
2024-01-12T20:00Z,IT_NORD,19490
2024-01-12T21:00Z,IT_NORD,18115
2024-01-12T22:00Z,IT_NORD,16736
2024-01-12T23:00Z,IT_NORD,15157
2024-01-13T00:00Z,IT_NORD,14788
2024-01-13T01:00Z,IT_NORD,14549
2024-01-13T02:00Z,IT_NORD,14588
2024-01-13T03:00Z,IT_NORD,14918
2024-01-13T04:00Z,IT_NORD,15720
2024-01-13T05:00Z,IT_NORD,17128
2024-01-13T06:00Z,IT_NORD,18076
2024-01-13T07:00Z,IT_NORD,18452
2024-01-13T08:00Z,IT_NORD,18675
2024-01-13T09:00Z,IT_NORD,18709
2024-01-13T10:00Z,IT_NORD,18509
2024-01-13T11:00Z,IT_NORD,18281
2024-01-13T12:00Z,IT_NORD,18153
2024-01-13T13:00Z,IT_NORD,18151
2024-01-13T14:00Z,IT_NORD,18117
2024-01-13T15:00Z,IT_NORD,18409
2024-01-13T16:00Z,IT_NORD,19082
2024-01-13T17:00Z,IT_NORD,19234
2024-01-13T18:00Z,IT_NORD,18800
2024-01-13T19:00Z,IT_NORD,18126
2024-01-13T20:00Z,IT_NORD,17481
2024-01-13T21:00Z,IT_NORD,16694
2024-01-13T22:00Z,IT_NORD,15892
2024-01-13T23:00Z,IT_NORD,13443
2024-01-14T00:00Z,IT_NORD,13207
2024-01-14T01:00Z,IT_NORD,12943
2024-01-14T02:00Z,IT_NORD,13073
2024-01-14T03:00Z,IT_NORD,13208
2024-01-14T04:00Z,IT_NORD,13874
2024-01-14T05:00Z,IT_NORD,15060
2024-01-14T06:00Z,IT_NORD,16015
2024-01-14T07:00Z,IT_NORD,16413
2024-01-14T08:00Z,IT_NORD,16587
2024-01-14T09:00Z,IT_NORD,16386
2024-01-14T10:00Z,IT_NORD,16333
2024-01-14T11:00Z,IT_NORD,16236
2024-01-14T12:00Z,IT_NORD,16077
2024-01-14T13:00Z,IT_NORD,16142
2024-01-14T14:00Z,IT_NORD,16088
2024-01-14T15:00Z,IT_NORD,16268
2024-01-14T16:00Z,IT_NORD,16839
2024-01-14T17:00Z,IT_NORD,16900
2024-01-14T18:00Z,IT_NORD,16507
2024-01-14T19:00Z,IT_NORD,15935
2024-01-14T20:00Z,IT_NORD,15403
2024-01-14T21:00Z,IT_NORD,14740
2024-01-14T22:00Z,IT_NORD,14109
2024-01-14T23:00Z,IT_NORD,15635
2024-01-15T00:00Z,IT_NORD,15028
2024-01-15T01:00Z,IT_NORD,14470
2024-01-15T02:00Z,IT_NORD,14591
2024-01-15T03:00Z,IT_NORD,14985
2024-01-15T04:00Z,IT_NORD,16330
2024-01-15T05:00Z,IT_NORD,18705
2024-01-15T06:00Z,IT_NORD,20516
2024-01-15T07:00Z,IT_NORD,21246
2024-01-15T08:00Z,IT_NORD,21434
2024-01-15T09:00Z,IT_NORD,21667
2024-01-15T10:00Z,IT_NORD,21480
2024-01-15T11:00Z,IT_NORD,21179
2024-01-15T12:00Z,IT_NORD,20963
2024-01-15T13:00Z,IT_NORD,20768
2024-01-15T14:00Z,IT_NORD,20911
2024-01-15T15:00Z,IT_NORD,21654
2024-01-15T16:00Z,IT_NORD,22820
2024-01-15T17:00Z,IT_NORD,22899
2024-01-15T18:00Z,IT_NORD,21912
2024-01-15T19:00Z,IT_NORD,20695
2024-01-15T20:00Z,IT_NORD,19640
2024-01-15T21:00Z,IT_NORD,18237
2024-01-15T22:00Z,IT_NORD,16884
2024-01-15T23:00Z,IT_NORD,16135
2024-01-16T00:00Z,IT_NORD,15730
2024-01-16T01:00Z,IT_NORD,15330
2024-01-16T02:00Z,IT_NORD,15409
2024-01-16T03:00Z,IT_NORD,15706
2024-01-16T04:00Z,IT_NORD,17094
2024-01-16T05:00Z,IT_NORD,19464
2024-01-16T06:00Z,IT_NORD,21441
2024-01-16T07:00Z,IT_NORD,22355
2024-01-16T08:00Z,IT_NORD,22569
2024-01-16T09:00Z,IT_NORD,22415
2024-01-16T10:00Z,IT_NORD,22140
2024-01-16T11:00Z,IT_NORD,21898
2024-01-16T12:00Z,IT_NORD,21606
2024-01-16T13:00Z,IT_NORD,21453
2024-01-16T14:00Z,IT_NORD,21241
2024-01-16T15:00Z,IT_NORD,21961
2024-01-16T16:00Z,IT_NORD,23004
2024-01-16T17:00Z,IT_NORD,23357
2024-01-16T18:00Z,IT_NORD,22499
2024-01-16T19:00Z,IT_NORD,21449
2024-01-16T20:00Z,IT_NORD,20250
2024-01-16T21:00Z,IT_NORD,18808
2024-01-16T22:00Z,IT_NORD,17418
2024-01-16T23:00Z,IT_NORD,16053
2024-01-17T00:00Z,IT_NORD,15471
2024-01-17T01:00Z,IT_NORD,14938
2024-01-17T02:00Z,IT_NORD,14947
2024-01-17T03:00Z,IT_NORD,15214
2024-01-17T04:00Z,IT_NORD,16722
2024-01-17T05:00Z,IT_NORD,19161
2024-01-17T06:00Z,IT_NORD,21071
2024-01-17T07:00Z,IT_NORD,21750
2024-01-17T08:00Z,IT_NORD,22136
2024-01-17T09:00Z,IT_NORD,22280
2024-01-17T10:00Z,IT_NORD,22107
2024-01-17T11:00Z,IT_NORD,21837
2024-01-17T12:00Z,IT_NORD,21535
2024-01-17T13:00Z,IT_NORD,21425
2024-01-17T14:00Z,IT_NORD,21534
2024-01-17T15:00Z,IT_NORD,21969
2024-01-17T16:00Z,IT_NORD,23169
2024-01-17T17:00Z,IT_NORD,23573
2024-01-17T18:00Z,IT_NORD,22593
2024-01-17T19:00Z,IT_NORD,21494
2024-01-17T20:00Z,IT_NORD,20302
2024-01-17T21:00Z,IT_NORD,18774
2024-01-17T22:00Z,IT_NORD,17333
2024-01-17T23:00Z,IT_NORD,16409
2024-01-18T00:00Z,IT_NORD,15701
2024-01-18T01:00Z,IT_NORD,15152
2024-01-18T02:00Z,IT_NORD,15251
2024-01-18T03:00Z,IT_NORD,15601
2024-01-18T04:00Z,IT_NORD,17148
2024-01-18T05:00Z,IT_NORD,19624
2024-01-18T06:00Z,IT_NORD,21508
2024-01-18T07:00Z,IT_NORD,22356
2024-01-18T08:00Z,IT_NORD,22584
2024-01-18T09:00Z,IT_NORD,22698
2024-01-18T10:00Z,IT_NORD,22620
2024-01-18T11:00Z,IT_NORD,22153
2024-01-18T12:00Z,IT_NORD,22039
2024-01-18T13:00Z,IT_NORD,21761
2024-01-18T14:00Z,IT_NORD,21779
2024-01-18T15:00Z,IT_NORD,22487
2024-01-18T16:00Z,IT_NORD,23805
2024-01-18T17:00Z,IT_NORD,23984
2024-01-18T18:00Z,IT_NORD,23046
2024-01-18T19:00Z,IT_NORD,21722
2024-01-18T20:00Z,IT_NORD,20313
2024-01-18T21:00Z,IT_NORD,18967
2024-01-18T22:00Z,IT_NORD,17620
2024-01-18T23:00Z,IT_NORD,16091
2024-01-19T00:00Z,IT_NORD,15334
2024-01-19T01:00Z,IT_NORD,14951
2024-01-19T02:00Z,IT_NORD,14964
2024-01-19T03:00Z,IT_NORD,15360
2024-01-19T04:00Z,IT_NORD,16692
2024-01-19T05:00Z,IT_NORD,19268
2024-01-19T06:00Z,IT_NORD,21154
2024-01-19T07:00Z,IT_NORD,21908
2024-01-19T08:00Z,IT_NORD,21905
2024-01-19T09:00Z,IT_NORD,21834
2024-01-19T10:00Z,IT_NORD,21657
2024-01-19T11:00Z,IT_NORD,21278
2024-01-19T12:00Z,IT_NORD,21002
2024-01-19T13:00Z,IT_NORD,21017
2024-01-19T14:00Z,IT_NORD,21214
2024-01-19T15:00Z,IT_NORD,21905
2024-01-19T16:00Z,IT_NORD,23371
2024-01-19T17:00Z,IT_NORD,23527
2024-01-19T18:00Z,IT_NORD,22606
2024-01-19T19:00Z,IT_NORD,21292
2024-01-19T20:00Z,IT_NORD,20181
2024-01-19T21:00Z,IT_NORD,18947
2024-01-19T22:00Z,IT_NORD,17457
2024-01-19T23:00Z,IT_NORD,15202
2024-01-20T00:00Z,IT_NORD,14800
2024-01-20T01:00Z,IT_NORD,14495
2024-01-20T02:00Z,IT_NORD,14457
2024-01-20T03:00Z,IT_NORD,14668
2024-01-20T04:00Z,IT_NORD,15484
2024-01-20T05:00Z,IT_NORD,16795
2024-01-20T06:00Z,IT_NORD,17790
2024-01-20T07:00Z,IT_NORD,18232
2024-01-20T08:00Z,IT_NORD,18267
2024-01-20T09:00Z,IT_NORD,18486
2024-01-20T10:00Z,IT_NORD,18309
2024-01-20T11:00Z,IT_NORD,18019
2024-01-20T12:00Z,IT_NORD,17878
2024-01-20T13:00Z,IT_NORD,17665
2024-01-20T14:00Z,IT_NORD,17489
2024-01-20T15:00Z,IT_NORD,17883
2024-01-20T16:00Z,IT_NORD,18634
2024-01-20T17:00Z,IT_NORD,18692
2024-01-20T18:00Z,IT_NORD,18337
2024-01-20T19:00Z,IT_NORD,17546
2024-01-20T20:00Z,IT_NORD,16858
2024-01-20T21:00Z,IT_NORD,16223
2024-01-20T22:00Z,IT_NORD,15686
2024-01-20T23:00Z,IT_NORD,13793
2024-01-21T00:00Z,IT_NORD,13481
2024-01-21T01:00Z,IT_NORD,13431
2024-01-21T02:00Z,IT_NORD,13463
2024-01-21T03:00Z,IT_NORD,13580
2024-01-21T04:00Z,IT_NORD,14131
2024-01-21T05:00Z,IT_NORD,15195
2024-01-21T06:00Z,IT_NORD,16022
2024-01-21T07:00Z,IT_NORD,16474
2024-01-21T08:00Z,IT_NORD,16419
2024-01-21T09:00Z,IT_NORD,16516
2024-01-21T10:00Z,IT_NORD,16463
2024-01-21T11:00Z,IT_NORD,16263
2024-01-21T12:00Z,IT_NORD,16296
2024-01-21T13:00Z,IT_NORD,16100
2024-01-21T14:00Z,IT_NORD,16035
2024-01-21T15:00Z,IT_NORD,16223
2024-01-21T16:00Z,IT_NORD,16628
2024-01-21T17:00Z,IT_NORD,16755
2024-01-21T18:00Z,IT_NORD,16514
2024-01-21T19:00Z,IT_NORD,15836
2024-01-21T20:00Z,IT_NORD,15362
2024-01-21T21:00Z,IT_NORD,14580
2024-01-21T22:00Z,IT_NORD,14272
2024-01-21T23:00Z,IT_NORD,15335
2024-01-22T00:00Z,IT_NORD,14761
2024-01-22T01:00Z,IT_NORD,14330
2024-01-22T02:00Z,IT_NORD,14345
2024-01-22T03:00Z,IT_NORD,14776
2024-01-22T04:00Z,IT_NORD,16112
2024-01-22T05:00Z,IT_NORD,18565
2024-01-22T06:00Z,IT_NORD,20343
2024-01-22T07:00Z,IT_NORD,21165
2024-01-22T08:00Z,IT_NORD,21271
2024-01-22T09:00Z,IT_NORD,21346
2024-01-22T10:00Z,IT_NORD,21145
2024-01-22T11:00Z,IT_NORD,20747
2024-01-22T12:00Z,IT_NORD,20661
2024-01-22T13:00Z,IT_NORD,20538
2024-01-22T14:00Z,IT_NORD,20575
2024-01-22T15:00Z,IT_NORD,21168
2024-01-22T16:00Z,IT_NORD,22228
2024-01-22T17:00Z,IT_NORD,22316
2024-01-22T18:00Z,IT_NORD,21738
2024-01-22T19:00Z,IT_NORD,20477
2024-01-22T20:00Z,IT_NORD,19255
2024-01-22T21:00Z,IT_NORD,17935
2024-01-22T22:00Z,IT_NORD,16650
2024-01-22T23:00Z,IT_NORD,15503
2024-01-23T00:00Z,IT_NORD,14927
2024-01-23T01:00Z,IT_NORD,14442
2024-01-23T02:00Z,IT_NORD,14413
2024-01-23T03:00Z,IT_NORD,14945
2024-01-23T04:00Z,IT_NORD,16041
2024-01-23T05:00Z,IT_NORD,18218
2024-01-23T06:00Z,IT_NORD,20225
2024-01-23T07:00Z,IT_NORD,20976
2024-01-23T08:00Z,IT_NORD,21153
2024-01-23T09:00Z,IT_NORD,21178
2024-01-23T10:00Z,IT_NORD,20973
2024-01-23T11:00Z,IT_NORD,20606
2024-01-23T12:00Z,IT_NORD,20227
2024-01-23T13:00Z,IT_NORD,20135
2024-01-23T14:00Z,IT_NORD,20249
2024-01-23T15:00Z,IT_NORD,20666
2024-01-23T16:00Z,IT_NORD,21742
2024-01-23T17:00Z,IT_NORD,21994
2024-01-23T18:00Z,IT_NORD,21212
2024-01-23T19:00Z,IT_NORD,19987
2024-01-23T20:00Z,IT_NORD,18901
2024-01-23T21:00Z,IT_NORD,17562
2024-01-23T22:00Z,IT_NORD,16227
2024-01-23T23:00Z,IT_NORD,14533
2024-01-24T00:00Z,IT_NORD,13936
2024-01-24T01:00Z,IT_NORD,13674
2024-01-24T02:00Z,IT_NORD,13639
2024-01-24T03:00Z,IT_NORD,14160
2024-01-24T04:00Z,IT_NORD,15444
2024-01-24T05:00Z,IT_NORD,17865
2024-01-24T06:00Z,IT_NORD,19732
2024-01-24T07:00Z,IT_NORD,20303
2024-01-24T08:00Z,IT_NORD,20341
2024-01-24T09:00Z,IT_NORD,20325
2024-01-24T10:00Z,IT_NORD,20129
2024-01-24T11:00Z,IT_NORD,19837
2024-01-24T12:00Z,IT_NORD,19636
2024-01-24T13:00Z,IT_NORD,19513
2024-01-24T14:00Z,IT_NORD,19627
2024-01-24T15:00Z,IT_NORD,20191
2024-01-24T16:00Z,IT_NORD,21266
2024-01-24T17:00Z,IT_NORD,21286
2024-01-24T18:00Z,IT_NORD,20536
2024-01-24T19:00Z,IT_NORD,19272
2024-01-24T20:00Z,IT_NORD,18246
2024-01-24T21:00Z,IT_NORD,16950
2024-01-24T22:00Z,IT_NORD,15741
2024-01-24T23:00Z,IT_NORD,14492
2024-01-25T00:00Z,IT_NORD,13966
2024-01-25T01:00Z,IT_NORD,13602
2024-01-25T02:00Z,IT_NORD,13797
2024-01-25T03:00Z,IT_NORD,14198
2024-01-25T04:00Z,IT_NORD,15458
2024-01-25T05:00Z,IT_NORD,17633
2024-01-25T06:00Z,IT_NORD,19367
2024-01-25T07:00Z,IT_NORD,20092
2024-01-25T08:00Z,IT_NORD,20270
2024-01-25T09:00Z,IT_NORD,20309
2024-01-25T10:00Z,IT_NORD,20161
2024-01-25T11:00Z,IT_NORD,19668
2024-01-25T12:00Z,IT_NORD,19512
2024-01-25T13:00Z,IT_NORD,19280
2024-01-25T14:00Z,IT_NORD,19449
2024-01-25T15:00Z,IT_NORD,20019
2024-01-25T16:00Z,IT_NORD,21173
2024-01-25T17:00Z,IT_NORD,21114
2024-01-25T18:00Z,IT_NORD,20397
2024-01-25T19:00Z,IT_NORD,19165
2024-01-25T20:00Z,IT_NORD,18027
2024-01-25T21:00Z,IT_NORD,16782
2024-01-25T22:00Z,IT_NORD,15653
2024-01-25T23:00Z,IT_NORD,14638
2024-01-26T00:00Z,IT_NORD,13907
2024-01-26T01:00Z,IT_NORD,13633
2024-01-26T02:00Z,IT_NORD,13550
2024-01-26T03:00Z,IT_NORD,13982
2024-01-26T04:00Z,IT_NORD,15268
2024-01-26T05:00Z,IT_NORD,17432
2024-01-26T06:00Z,IT_NORD,19350
2024-01-26T07:00Z,IT_NORD,20090
2024-01-26T08:00Z,IT_NORD,20224
2024-01-26T09:00Z,IT_NORD,20290
2024-01-26T10:00Z,IT_NORD,20183
2024-01-26T11:00Z,IT_NORD,19745
2024-01-26T12:00Z,IT_NORD,19533
2024-01-26T13:00Z,IT_NORD,19278
2024-01-26T14:00Z,IT_NORD,19230
2024-01-26T15:00Z,IT_NORD,19838
2024-01-26T16:00Z,IT_NORD,21065
2024-01-26T17:00Z,IT_NORD,21363
2024-01-26T18:00Z,IT_NORD,20702
2024-01-26T19:00Z,IT_NORD,19709
2024-01-26T20:00Z,IT_NORD,18657
2024-01-26T21:00Z,IT_NORD,17270
2024-01-26T22:00Z,IT_NORD,15962
2024-01-26T23:00Z,IT_NORD,14349
2024-01-27T00:00Z,IT_NORD,14116
2024-01-27T01:00Z,IT_NORD,14051
2024-01-27T02:00Z,IT_NORD,14040
2024-01-27T03:00Z,IT_NORD,14235
2024-01-27T04:00Z,IT_NORD,14850
2024-01-27T05:00Z,IT_NORD,15949
2024-01-27T06:00Z,IT_NORD,17014
2024-01-27T07:00Z,IT_NORD,17501
2024-01-27T08:00Z,IT_NORD,17478
2024-01-27T09:00Z,IT_NORD,17382
2024-01-27T10:00Z,IT_NORD,17367
2024-01-27T11:00Z,IT_NORD,17156
2024-01-27T12:00Z,IT_NORD,16999
2024-01-27T13:00Z,IT_NORD,16959
2024-01-27T14:00Z,IT_NORD,16843
2024-01-27T15:00Z,IT_NORD,17233
2024-01-27T16:00Z,IT_NORD,17881
2024-01-27T17:00Z,IT_NORD,17951
2024-01-27T18:00Z,IT_NORD,17396
2024-01-27T19:00Z,IT_NORD,16887
2024-01-27T20:00Z,IT_NORD,16471
2024-01-27T21:00Z,IT_NORD,15626
2024-01-27T22:00Z,IT_NORD,14975
2024-01-27T23:00Z,IT_NORD,12843
2024-01-28T00:00Z,IT_NORD,12469
2024-01-28T01:00Z,IT_NORD,12402
2024-01-28T02:00Z,IT_NORD,12302
2024-01-28T03:00Z,IT_NORD,12553
2024-01-28T04:00Z,IT_NORD,13154
2024-01-28T05:00Z,IT_NORD,14248
2024-01-28T06:00Z,IT_NORD,15240
2024-01-28T07:00Z,IT_NORD,15556
2024-01-28T08:00Z,IT_NORD,15743
2024-01-28T09:00Z,IT_NORD,15763
2024-01-28T10:00Z,IT_NORD,15684
2024-01-28T11:00Z,IT_NORD,15321
2024-01-28T12:00Z,IT_NORD,15219
2024-01-28T13:00Z,IT_NORD,15174
2024-01-28T14:00Z,IT_NORD,15268
2024-01-28T15:00Z,IT_NORD,15376
2024-01-28T16:00Z,IT_NORD,15902
2024-01-28T17:00Z,IT_NORD,16045
2024-01-28T18:00Z,IT_NORD,15773
2024-01-28T19:00Z,IT_NORD,15324
2024-01-28T20:00Z,IT_NORD,14709
2024-01-28T21:00Z,IT_NORD,13956
2024-01-28T22:00Z,IT_NORD,13484
2024-01-28T23:00Z,IT_NORD,15158
2024-01-29T00:00Z,IT_NORD,14538
2024-01-29T01:00Z,IT_NORD,14100
2024-01-29T02:00Z,IT_NORD,14184
2024-01-29T03:00Z,IT_NORD,14498
2024-01-29T04:00Z,IT_NORD,15783
2024-01-29T05:00Z,IT_NORD,17997
2024-01-29T06:00Z,IT_NORD,19916
2024-01-29T07:00Z,IT_NORD,20732
2024-01-29T08:00Z,IT_NORD,20999
2024-01-29T09:00Z,IT_NORD,20902
2024-01-29T10:00Z,IT_NORD,20550
2024-01-29T11:00Z,IT_NORD,20157
2024-01-29T12:00Z,IT_NORD,19790
2024-01-29T13:00Z,IT_NORD,19618
2024-01-29T14:00Z,IT_NORD,19549
2024-01-29T15:00Z,IT_NORD,20288
2024-01-29T16:00Z,IT_NORD,21464
2024-01-29T17:00Z,IT_NORD,21767
2024-01-29T18:00Z,IT_NORD,21071
2024-01-29T19:00Z,IT_NORD,20173
2024-01-29T20:00Z,IT_NORD,18873
2024-01-29T21:00Z,IT_NORD,17644
2024-01-29T22:00Z,IT_NORD,16343
2024-01-29T23:00Z,IT_NORD,15381
2024-01-30T00:00Z,IT_NORD,14676
2024-01-30T01:00Z,IT_NORD,14591
2024-01-30T02:00Z,IT_NORD,14624
2024-01-30T03:00Z,IT_NORD,14837
2024-01-30T04:00Z,IT_NORD,16011
2024-01-30T05:00Z,IT_NORD,18223
2024-01-30T06:00Z,IT_NORD,20122
2024-01-30T07:00Z,IT_NORD,20676
2024-01-30T08:00Z,IT_NORD,20926
2024-01-30T09:00Z,IT_NORD,21074
2024-01-30T10:00Z,IT_NORD,20867
2024-01-30T11:00Z,IT_NORD,20535
2024-01-30T12:00Z,IT_NORD,20428
2024-01-30T13:00Z,IT_NORD,20304
2024-01-30T14:00Z,IT_NORD,20342
2024-01-30T15:00Z,IT_NORD,20901
2024-01-30T16:00Z,IT_NORD,21896
2024-01-30T17:00Z,IT_NORD,22011
2024-01-30T18:00Z,IT_NORD,21253
2024-01-30T19:00Z,IT_NORD,20098
2024-01-30T20:00Z,IT_NORD,18976
2024-01-30T21:00Z,IT_NORD,17706
2024-01-30T22:00Z,IT_NORD,16264
2024-01-30T23:00Z,IT_NORD,14783
2024-01-31T00:00Z,IT_NORD,14393
2024-01-31T01:00Z,IT_NORD,13917
2024-01-31T02:00Z,IT_NORD,13952
2024-01-31T03:00Z,IT_NORD,14342
2024-01-31T04:00Z,IT_NORD,15779
2024-01-31T05:00Z,IT_NORD,17876
2024-01-31T06:00Z,IT_NORD,19708
2024-01-31T07:00Z,IT_NORD,20671
2024-01-31T08:00Z,IT_NORD,20901
2024-01-31T09:00Z,IT_NORD,20830
2024-01-31T10:00Z,IT_NORD,20691
2024-01-31T11:00Z,IT_NORD,20279
2024-01-31T12:00Z,IT_NORD,20150
2024-01-31T13:00Z,IT_NORD,19999
2024-01-31T14:00Z,IT_NORD,19923
2024-01-31T15:00Z,IT_NORD,20453
2024-01-31T16:00Z,IT_NORD,21356
2024-01-31T17:00Z,IT_NORD,21581
2024-01-31T18:00Z,IT_NORD,20780
2024-01-31T19:00Z,IT_NORD,19634
2024-01-31T20:00Z,IT_NORD,18606
2024-01-31T21:00Z,IT_NORD,17377
2024-01-31T22:00Z,IT_NORD,16222
2024-01-31T23:00Z,IT_NORD,15683
2024-02-01T00:00Z,IT_NORD,14979
2024-02-01T01:00Z,IT_NORD,14621
2024-02-01T02:00Z,IT_NORD,14737
2024-02-01T03:00Z,IT_NORD,15280
2024-02-01T04:00Z,IT_NORD,16396
2024-02-01T05:00Z,IT_NORD,18662
2024-02-01T06:00Z,IT_NORD,20711
2024-02-01T07:00Z,IT_NORD,21586
2024-02-01T08:00Z,IT_NORD,21806
2024-02-01T09:00Z,IT_NORD,21786
2024-02-01T10:00Z,IT_NORD,21468
2024-02-01T11:00Z,IT_NORD,21117
2024-02-01T12:00Z,IT_NORD,20944
2024-02-01T13:00Z,IT_NORD,20675
2024-02-01T14:00Z,IT_NORD,20492
2024-02-01T15:00Z,IT_NORD,21093
2024-02-01T16:00Z,IT_NORD,21986
2024-02-01T17:00Z,IT_NORD,22180
2024-02-01T18:00Z,IT_NORD,21288
2024-02-01T19:00Z,IT_NORD,20275
2024-02-01T20:00Z,IT_NORD,19172
2024-02-01T21:00Z,IT_NORD,17862
2024-02-01T22:00Z,IT_NORD,16592
2024-02-01T23:00Z,IT_NORD,15768
2024-02-02T00:00Z,IT_NORD,15103
2024-02-02T01:00Z,IT_NORD,14748
2024-02-02T02:00Z,IT_NORD,14703
2024-02-02T03:00Z,IT_NORD,15025
2024-02-02T04:00Z,IT_NORD,16341
2024-02-02T05:00Z,IT_NORD,18533
2024-02-02T06:00Z,IT_NORD,20650
2024-02-02T07:00Z,IT_NORD,21397
2024-02-02T08:00Z,IT_NORD,21495
2024-02-02T09:00Z,IT_NORD,21520
2024-02-02T10:00Z,IT_NORD,21211
2024-02-02T11:00Z,IT_NORD,21009
2024-02-02T12:00Z,IT_NORD,20915
2024-02-02T13:00Z,IT_NORD,20621
2024-02-02T14:00Z,IT_NORD,20763
2024-02-02T15:00Z,IT_NORD,21394
2024-02-02T16:00Z,IT_NORD,22809
2024-02-02T17:00Z,IT_NORD,22981
2024-02-02T18:00Z,IT_NORD,22200
2024-02-02T19:00Z,IT_NORD,20686
2024-02-02T20:00Z,IT_NORD,19471
2024-02-02T21:00Z,IT_NORD,18205
2024-02-02T22:00Z,IT_NORD,16930
2024-02-02T23:00Z,IT_NORD,15049
2024-02-03T00:00Z,IT_NORD,14992
2024-02-03T01:00Z,IT_NORD,14579
2024-02-03T02:00Z,IT_NORD,14670
2024-02-03T03:00Z,IT_NORD,14683
2024-02-03T04:00Z,IT_NORD,15539
2024-02-03T05:00Z,IT_NORD,16891
2024-02-03T06:00Z,IT_NORD,17854
2024-02-03T07:00Z,IT_NORD,18372
2024-02-03T08:00Z,IT_NORD,18310
2024-02-03T09:00Z,IT_NORD,18274
2024-02-03T10:00Z,IT_NORD,18295
2024-02-03T11:00Z,IT_NORD,18133
2024-02-03T12:00Z,IT_NORD,18033
2024-02-03T13:00Z,IT_NORD,17828
2024-02-03T14:00Z,IT_NORD,17842
2024-02-03T15:00Z,IT_NORD,18010
2024-02-03T16:00Z,IT_NORD,18617
2024-02-03T17:00Z,IT_NORD,18663
2024-02-03T18:00Z,IT_NORD,18154
2024-02-03T19:00Z,IT_NORD,17504
2024-02-03T20:00Z,IT_NORD,16933
2024-02-03T21:00Z,IT_NORD,16206
2024-02-03T22:00Z,IT_NORD,15427
2024-02-03T23:00Z,IT_NORD,13742
2024-02-04T00:00Z,IT_NORD,13461
2024-02-04T01:00Z,IT_NORD,13204
2024-02-04T02:00Z,IT_NORD,13313
2024-02-04T03:00Z,IT_NORD,13497
2024-02-04T04:00Z,IT_NORD,14202
2024-02-04T05:00Z,IT_NORD,15287
2024-02-04T06:00Z,IT_NORD,16223
2024-02-04T07:00Z,IT_NORD,16556
2024-02-04T08:00Z,IT_NORD,16761
2024-02-04T09:00Z,IT_NORD,16693
2024-02-04T10:00Z,IT_NORD,16338
2024-02-04T11:00Z,IT_NORD,16226
2024-02-04T12:00Z,IT_NORD,16258
2024-02-04T13:00Z,IT_NORD,16219
2024-02-04T14:00Z,IT_NORD,16446
2024-02-04T15:00Z,IT_NORD,16757
2024-02-04T16:00Z,IT_NORD,17229
2024-02-04T17:00Z,IT_NORD,17459
2024-02-04T18:00Z,IT_NORD,17140
2024-02-04T19:00Z,IT_NORD,16280
2024-02-04T20:00Z,IT_NORD,15671
2024-02-04T21:00Z,IT_NORD,14983
2024-02-04T22:00Z,IT_NORD,14324
2024-02-04T23:00Z,IT_NORD,16120
2024-02-05T00:00Z,IT_NORD,15373
2024-02-05T01:00Z,IT_NORD,15092
2024-02-05T02:00Z,IT_NORD,15215
2024-02-05T03:00Z,IT_NORD,15745
2024-02-05T04:00Z,IT_NORD,17046
2024-02-05T05:00Z,IT_NORD,19417
2024-02-05T06:00Z,IT_NORD,21365
2024-02-05T07:00Z,IT_NORD,22294
2024-02-05T08:00Z,IT_NORD,22362
2024-02-05T09:00Z,IT_NORD,22272
2024-02-05T10:00Z,IT_NORD,22192
2024-02-05T11:00Z,IT_NORD,22008
2024-02-05T12:00Z,IT_NORD,21889
2024-02-05T13:00Z,IT_NORD,21663
2024-02-05T14:00Z,IT_NORD,21597
2024-02-05T15:00Z,IT_NORD,22040
2024-02-05T16:00Z,IT_NORD,23310
2024-02-05T17:00Z,IT_NORD,23431
2024-02-05T18:00Z,IT_NORD,22534
2024-02-05T19:00Z,IT_NORD,21629
2024-02-05T20:00Z,IT_NORD,20415
2024-02-05T21:00Z,IT_NORD,19127
2024-02-05T22:00Z,IT_NORD,17788
2024-02-05T23:00Z,IT_NORD,16577
2024-02-06T00:00Z,IT_NORD,15950
2024-02-06T01:00Z,IT_NORD,15586
2024-02-06T02:00Z,IT_NORD,15706
2024-02-06T03:00Z,IT_NORD,16096
2024-02-06T04:00Z,IT_NORD,17319
2024-02-06T05:00Z,IT_NORD,19781
2024-02-06T06:00Z,IT_NORD,21766
2024-02-06T07:00Z,IT_NORD,22524
2024-02-06T08:00Z,IT_NORD,22708
2024-02-06T09:00Z,IT_NORD,22771
2024-02-06T10:00Z,IT_NORD,22628
2024-02-06T11:00Z,IT_NORD,22040
2024-02-06T12:00Z,IT_NORD,21897
2024-02-06T13:00Z,IT_NORD,21694
2024-02-06T14:00Z,IT_NORD,21725
2024-02-06T15:00Z,IT_NORD,22148
2024-02-06T16:00Z,IT_NORD,23221
2024-02-06T17:00Z,IT_NORD,23589
2024-02-06T18:00Z,IT_NORD,22652
2024-02-06T19:00Z,IT_NORD,21539
2024-02-06T20:00Z,IT_NORD,20400
2024-02-06T21:00Z,IT_NORD,18951
2024-02-06T22:00Z,IT_NORD,17646
2024-02-06T23:00Z,IT_NORD,16568
2024-02-07T00:00Z,IT_NORD,15998
2024-02-07T01:00Z,IT_NORD,15376
2024-02-07T02:00Z,IT_NORD,15488
2024-02-07T03:00Z,IT_NORD,15879
2024-02-07T04:00Z,IT_NORD,17495
2024-02-07T05:00Z,IT_NORD,19826
2024-02-07T06:00Z,IT_NORD,21882
2024-02-07T07:00Z,IT_NORD,22591
2024-02-07T08:00Z,IT_NORD,22744
2024-02-07T09:00Z,IT_NORD,22722
2024-02-07T10:00Z,IT_NORD,22338
2024-02-07T11:00Z,IT_NORD,21879
2024-02-07T12:00Z,IT_NORD,21850
2024-02-07T13:00Z,IT_NORD,21782
2024-02-07T14:00Z,IT_NORD,21655
2024-02-07T15:00Z,IT_NORD,22333
2024-02-07T16:00Z,IT_NORD,23448
2024-02-07T17:00Z,IT_NORD,23674
2024-02-07T18:00Z,IT_NORD,22809
2024-02-07T19:00Z,IT_NORD,21623
2024-02-07T20:00Z,IT_NORD,20490
2024-02-07T21:00Z,IT_NORD,18981
2024-02-07T22:00Z,IT_NORD,17861
2024-02-07T23:00Z,IT_NORD,16574
2024-02-08T00:00Z,IT_NORD,16016
2024-02-08T01:00Z,IT_NORD,15445
2024-02-08T02:00Z,IT_NORD,15430
2024-02-08T03:00Z,IT_NORD,15931
2024-02-08T04:00Z,IT_NORD,17276
2024-02-08T05:00Z,IT_NORD,19888
2024-02-08T06:00Z,IT_NORD,21747
2024-02-08T07:00Z,IT_NORD,22528
2024-02-08T08:00Z,IT_NORD,22696
2024-02-08T09:00Z,IT_NORD,22715
2024-02-08T10:00Z,IT_NORD,22341
2024-02-08T11:00Z,IT_NORD,21943
2024-02-08T12:00Z,IT_NORD,21936
2024-02-08T13:00Z,IT_NORD,21629
2024-02-08T14:00Z,IT_NORD,21625
2024-02-08T15:00Z,IT_NORD,22162
2024-02-08T16:00Z,IT_NORD,23430
2024-02-08T17:00Z,IT_NORD,23793
2024-02-08T18:00Z,IT_NORD,22782
2024-02-08T19:00Z,IT_NORD,21549
2024-02-08T20:00Z,IT_NORD,20442
2024-02-08T21:00Z,IT_NORD,18941
2024-02-08T22:00Z,IT_NORD,17661
2024-02-08T23:00Z,IT_NORD,16462
2024-02-09T00:00Z,IT_NORD,15705
2024-02-09T01:00Z,IT_NORD,15359
2024-02-09T02:00Z,IT_NORD,15302
2024-02-09T03:00Z,IT_NORD,15631
2024-02-09T04:00Z,IT_NORD,17009
2024-02-09T05:00Z,IT_NORD,19382
2024-02-09T06:00Z,IT_NORD,21520
2024-02-09T07:00Z,IT_NORD,22416
2024-02-09T08:00Z,IT_NORD,22734
2024-02-09T09:00Z,IT_NORD,22719
2024-02-09T10:00Z,IT_NORD,22354
2024-02-09T11:00Z,IT_NORD,22122
2024-02-09T12:00Z,IT_NORD,21738
2024-02-09T13:00Z,IT_NORD,21634
2024-02-09T14:00Z,IT_NORD,21561
2024-02-09T15:00Z,IT_NORD,22243
2024-02-09T16:00Z,IT_NORD,23308
2024-02-09T17:00Z,IT_NORD,23453
2024-02-09T18:00Z,IT_NORD,22788
2024-02-09T19:00Z,IT_NORD,21584
2024-02-09T20:00Z,IT_NORD,20162
2024-02-09T21:00Z,IT_NORD,18768
2024-02-09T22:00Z,IT_NORD,17595
2024-02-09T23:00Z,IT_NORD,15777
2024-02-10T00:00Z,IT_NORD,15654
2024-02-10T01:00Z,IT_NORD,15233
2024-02-10T02:00Z,IT_NORD,15128
2024-02-10T03:00Z,IT_NORD,15427
2024-02-10T04:00Z,IT_NORD,16060
2024-02-10T05:00Z,IT_NORD,17232
2024-02-10T06:00Z,IT_NORD,18028
2024-02-10T07:00Z,IT_NORD,18516
2024-02-10T08:00Z,IT_NORD,18582
2024-02-10T09:00Z,IT_NORD,18728
2024-02-10T10:00Z,IT_NORD,18663
2024-02-10T11:00Z,IT_NORD,18656
2024-02-10T12:00Z,IT_NORD,18569
2024-02-10T13:00Z,IT_NORD,18386
2024-02-10T14:00Z,IT_NORD,18308
2024-02-10T15:00Z,IT_NORD,18533
2024-02-10T16:00Z,IT_NORD,19107
2024-02-10T17:00Z,IT_NORD,19358
2024-02-10T18:00Z,IT_NORD,18922
2024-02-10T19:00Z,IT_NORD,18331
2024-02-10T20:00Z,IT_NORD,17623
2024-02-10T21:00Z,IT_NORD,16879
2024-02-10T22:00Z,IT_NORD,16006
2024-02-10T23:00Z,IT_NORD,13928
2024-02-11T00:00Z,IT_NORD,13789
2024-02-11T01:00Z,IT_NORD,13493
2024-02-11T02:00Z,IT_NORD,13464
2024-02-11T03:00Z,IT_NORD,13816
2024-02-11T04:00Z,IT_NORD,14317
2024-02-11T05:00Z,IT_NORD,15401
2024-02-11T06:00Z,IT_NORD,16545
2024-02-11T07:00Z,IT_NORD,16972
2024-02-11T08:00Z,IT_NORD,16934
2024-02-11T09:00Z,IT_NORD,17090
2024-02-11T10:00Z,IT_NORD,17140
2024-02-11T11:00Z,IT_NORD,16814
2024-02-11T12:00Z,IT_NORD,16655
2024-02-11T13:00Z,IT_NORD,16476
2024-02-11T14:00Z,IT_NORD,16507
2024-02-11T15:00Z,IT_NORD,16729
2024-02-11T16:00Z,IT_NORD,17293
2024-02-11T17:00Z,IT_NORD,17579
2024-02-11T18:00Z,IT_NORD,17272
2024-02-11T19:00Z,IT_NORD,16756
2024-02-11T20:00Z,IT_NORD,16218
2024-02-11T21:00Z,IT_NORD,15399
2024-02-11T22:00Z,IT_NORD,14691
2024-02-11T23:00Z,IT_NORD,15775
2024-02-12T00:00Z,IT_NORD,15228
2024-02-12T01:00Z,IT_NORD,15005
2024-02-12T02:00Z,IT_NORD,15012
2024-02-12T03:00Z,IT_NORD,15332
2024-02-12T04:00Z,IT_NORD,16576
2024-02-12T05:00Z,IT_NORD,18929
2024-02-12T06:00Z,IT_NORD,20876
2024-02-12T07:00Z,IT_NORD,21572
2024-02-12T08:00Z,IT_NORD,21592
2024-02-12T09:00Z,IT_NORD,21466
2024-02-12T10:00Z,IT_NORD,21467
2024-02-12T11:00Z,IT_NORD,21122
2024-02-12T12:00Z,IT_NORD,21012
2024-02-12T13:00Z,IT_NORD,20948
2024-02-12T14:00Z,IT_NORD,20998
2024-02-12T15:00Z,IT_NORD,21315
2024-02-12T16:00Z,IT_NORD,22480
2024-02-12T17:00Z,IT_NORD,22650
2024-02-12T18:00Z,IT_NORD,21841
2024-02-12T19:00Z,IT_NORD,20721
2024-02-12T20:00Z,IT_NORD,19747
2024-02-12T21:00Z,IT_NORD,18307
2024-02-12T22:00Z,IT_NORD,16867
2024-02-12T23:00Z,IT_NORD,15445
2024-02-13T00:00Z,IT_NORD,14849
2024-02-13T01:00Z,IT_NORD,14373
2024-02-13T02:00Z,IT_NORD,14309
2024-02-13T03:00Z,IT_NORD,14713
2024-02-13T04:00Z,IT_NORD,16020
2024-02-13T05:00Z,IT_NORD,18408
2024-02-13T06:00Z,IT_NORD,20361
2024-02-13T07:00Z,IT_NORD,21139
2024-02-13T08:00Z,IT_NORD,21307
2024-02-13T09:00Z,IT_NORD,21244
2024-02-13T10:00Z,IT_NORD,21180
2024-02-13T11:00Z,IT_NORD,20807
2024-02-13T12:00Z,IT_NORD,20795
2024-02-13T13:00Z,IT_NORD,20526
2024-02-13T14:00Z,IT_NORD,20702
2024-02-13T15:00Z,IT_NORD,21525
2024-02-13T16:00Z,IT_NORD,22617
2024-02-13T17:00Z,IT_NORD,22681
2024-02-13T18:00Z,IT_NORD,21861
2024-02-13T19:00Z,IT_NORD,20779
2024-02-13T20:00Z,IT_NORD,19589
2024-02-13T21:00Z,IT_NORD,18060
2024-02-13T22:00Z,IT_NORD,16440
2024-02-13T23:00Z,IT_NORD,14838
2024-02-14T00:00Z,IT_NORD,14338
2024-02-14T01:00Z,IT_NORD,13912
2024-02-14T02:00Z,IT_NORD,13934
2024-02-14T03:00Z,IT_NORD,14440
2024-02-14T04:00Z,IT_NORD,15639
2024-02-14T05:00Z,IT_NORD,17823
2024-02-14T06:00Z,IT_NORD,19616
2024-02-14T07:00Z,IT_NORD,20474
2024-02-14T08:00Z,IT_NORD,20865
2024-02-14T09:00Z,IT_NORD,20916
2024-02-14T10:00Z,IT_NORD,20666
2024-02-14T11:00Z,IT_NORD,20415
2024-02-14T12:00Z,IT_NORD,20322
2024-02-14T13:00Z,IT_NORD,20216
2024-02-14T14:00Z,IT_NORD,20410
2024-02-14T15:00Z,IT_NORD,20885
2024-02-14T16:00Z,IT_NORD,21832
2024-02-14T17:00Z,IT_NORD,22218
2024-02-14T18:00Z,IT_NORD,21169
2024-02-14T19:00Z,IT_NORD,19990
2024-02-14T20:00Z,IT_NORD,18867
2024-02-14T21:00Z,IT_NORD,17533
2024-02-14T22:00Z,IT_NORD,16084
2024-02-14T23:00Z,IT_NORD,15023
2024-02-15T00:00Z,IT_NORD,14704
2024-02-15T01:00Z,IT_NORD,14237
2024-02-15T02:00Z,IT_NORD,14194
2024-02-15T03:00Z,IT_NORD,14593
2024-02-15T04:00Z,IT_NORD,16017
2024-02-15T05:00Z,IT_NORD,18292
2024-02-15T06:00Z,IT_NORD,20308
2024-02-15T07:00Z,IT_NORD,21146
2024-02-15T08:00Z,IT_NORD,21204
2024-02-15T09:00Z,IT_NORD,21318
2024-02-15T10:00Z,IT_NORD,21048
2024-02-15T11:00Z,IT_NORD,20859
2024-02-15T12:00Z,IT_NORD,20568
2024-02-15T13:00Z,IT_NORD,20380
2024-02-15T14:00Z,IT_NORD,20293
2024-02-15T15:00Z,IT_NORD,20696
2024-02-15T16:00Z,IT_NORD,21853
2024-02-15T17:00Z,IT_NORD,21799
2024-02-15T18:00Z,IT_NORD,21164
2024-02-15T19:00Z,IT_NORD,20038
2024-02-15T20:00Z,IT_NORD,19322
2024-02-15T21:00Z,IT_NORD,17895
2024-02-15T22:00Z,IT_NORD,16468
2024-02-15T23:00Z,IT_NORD,15565
2024-02-16T00:00Z,IT_NORD,14956
2024-02-16T01:00Z,IT_NORD,14505
2024-02-16T02:00Z,IT_NORD,14518
2024-02-16T03:00Z,IT_NORD,15004
2024-02-16T04:00Z,IT_NORD,16296
2024-02-16T05:00Z,IT_NORD,18503
2024-02-16T06:00Z,IT_NORD,20418
2024-02-16T07:00Z,IT_NORD,21428
2024-02-16T08:00Z,IT_NORD,21488
2024-02-16T09:00Z,IT_NORD,21508
2024-02-16T10:00Z,IT_NORD,21421
2024-02-16T11:00Z,IT_NORD,21163
2024-02-16T12:00Z,IT_NORD,20735
2024-02-16T13:00Z,IT_NORD,20779
2024-02-16T14:00Z,IT_NORD,20993
2024-02-16T15:00Z,IT_NORD,21487
2024-02-16T16:00Z,IT_NORD,22707
2024-02-16T17:00Z,IT_NORD,22809
2024-02-16T18:00Z,IT_NORD,21908
2024-02-16T19:00Z,IT_NORD,20680
2024-02-16T20:00Z,IT_NORD,19535
2024-02-16T21:00Z,IT_NORD,18319
2024-02-16T22:00Z,IT_NORD,16856
2024-02-16T23:00Z,IT_NORD,15129
2024-02-17T00:00Z,IT_NORD,14779
2024-02-17T01:00Z,IT_NORD,14636
2024-02-17T02:00Z,IT_NORD,14523
2024-02-17T03:00Z,IT_NORD,14817
2024-02-17T04:00Z,IT_NORD,15494
2024-02-17T05:00Z,IT_NORD,16792
2024-02-17T06:00Z,IT_NORD,17773
2024-02-17T07:00Z,IT_NORD,18341
2024-02-17T08:00Z,IT_NORD,18432
2024-02-17T09:00Z,IT_NORD,18378
2024-02-17T10:00Z,IT_NORD,18202
2024-02-17T11:00Z,IT_NORD,18083
2024-02-17T12:00Z,IT_NORD,17934
2024-02-17T13:00Z,IT_NORD,17905
2024-02-17T14:00Z,IT_NORD,17923
2024-02-17T15:00Z,IT_NORD,18302
2024-02-17T16:00Z,IT_NORD,18796
2024-02-17T17:00Z,IT_NORD,18837
2024-02-17T18:00Z,IT_NORD,18526
2024-02-17T19:00Z,IT_NORD,17948
2024-02-17T20:00Z,IT_NORD,17346
2024-02-17T21:00Z,IT_NORD,16630
2024-02-17T22:00Z,IT_NORD,15814
2024-02-17T23:00Z,IT_NORD,13912
2024-02-18T00:00Z,IT_NORD,13649
2024-02-18T01:00Z,IT_NORD,13385
2024-02-18T02:00Z,IT_NORD,13368
2024-02-18T03:00Z,IT_NORD,13565
2024-02-18T04:00Z,IT_NORD,14237
2024-02-18T05:00Z,IT_NORD,15272
2024-02-18T06:00Z,IT_NORD,16277
2024-02-18T07:00Z,IT_NORD,16563
2024-02-18T08:00Z,IT_NORD,16904
2024-02-18T09:00Z,IT_NORD,16997
2024-02-18T10:00Z,IT_NORD,16992
2024-02-18T11:00Z,IT_NORD,16854
2024-02-18T12:00Z,IT_NORD,16764
2024-02-18T13:00Z,IT_NORD,16588
2024-02-18T14:00Z,IT_NORD,16588
2024-02-18T15:00Z,IT_NORD,16846
2024-02-18T16:00Z,IT_NORD,17360
2024-02-18T17:00Z,IT_NORD,17405
2024-02-18T18:00Z,IT_NORD,17040
2024-02-18T19:00Z,IT_NORD,16515
2024-02-18T20:00Z,IT_NORD,15975
2024-02-18T21:00Z,IT_NORD,15159
2024-02-18T22:00Z,IT_NORD,14487
2024-02-18T23:00Z,IT_NORD,15752
2024-02-19T00:00Z,IT_NORD,15188
2024-02-19T01:00Z,IT_NORD,14759
2024-02-19T02:00Z,IT_NORD,14814
2024-02-19T03:00Z,IT_NORD,15132
2024-02-19T04:00Z,IT_NORD,16350
2024-02-19T05:00Z,IT_NORD,18749
2024-02-19T06:00Z,IT_NORD,20758
2024-02-19T07:00Z,IT_NORD,21551
2024-02-19T08:00Z,IT_NORD,21806
2024-02-19T09:00Z,IT_NORD,22067
2024-02-19T10:00Z,IT_NORD,21827
2024-02-19T11:00Z,IT_NORD,21318
2024-02-19T12:00Z,IT_NORD,21085
2024-02-19T13:00Z,IT_NORD,20848
2024-02-19T14:00Z,IT_NORD,20778
2024-02-19T15:00Z,IT_NORD,21198
2024-02-19T16:00Z,IT_NORD,22278
2024-02-19T17:00Z,IT_NORD,22717
2024-02-19T18:00Z,IT_NORD,22178
2024-02-19T19:00Z,IT_NORD,21125
2024-02-19T20:00Z,IT_NORD,19855
2024-02-19T21:00Z,IT_NORD,18351
2024-02-19T22:00Z,IT_NORD,16756
2024-02-19T23:00Z,IT_NORD,15085
2024-02-20T00:00Z,IT_NORD,14642
2024-02-20T01:00Z,IT_NORD,14085
2024-02-20T02:00Z,IT_NORD,13950
2024-02-20T03:00Z,IT_NORD,14059
2024-02-20T04:00Z,IT_NORD,15529
2024-02-20T05:00Z,IT_NORD,17936
2024-02-20T06:00Z,IT_NORD,20060
2024-02-20T07:00Z,IT_NORD,20926
2024-02-20T08:00Z,IT_NORD,21152
2024-02-20T09:00Z,IT_NORD,20932
2024-02-20T10:00Z,IT_NORD,20894
2024-02-20T11:00Z,IT_NORD,20679
2024-02-20T12:00Z,IT_NORD,20409
2024-02-20T13:00Z,IT_NORD,20312
2024-02-20T14:00Z,IT_NORD,20321
2024-02-20T15:00Z,IT_NORD,20945
2024-02-20T16:00Z,IT_NORD,22020
2024-02-20T17:00Z,IT_NORD,22147
2024-02-20T18:00Z,IT_NORD,21377
2024-02-20T19:00Z,IT_NORD,20324
2024-02-20T20:00Z,IT_NORD,19188
2024-02-20T21:00Z,IT_NORD,18027
2024-02-20T22:00Z,IT_NORD,16692
2024-02-20T23:00Z,IT_NORD,15760
2024-02-21T00:00Z,IT_NORD,15002
2024-02-21T01:00Z,IT_NORD,14632
2024-02-21T02:00Z,IT_NORD,14707
2024-02-21T03:00Z,IT_NORD,15014
2024-02-21T04:00Z,IT_NORD,16230
2024-02-21T05:00Z,IT_NORD,18311
2024-02-21T06:00Z,IT_NORD,20324
2024-02-21T07:00Z,IT_NORD,21232
2024-02-21T08:00Z,IT_NORD,21534
2024-02-21T09:00Z,IT_NORD,21550
2024-02-21T10:00Z,IT_NORD,21657
2024-02-21T11:00Z,IT_NORD,21182
2024-02-21T12:00Z,IT_NORD,20991
2024-02-21T13:00Z,IT_NORD,20700
2024-02-21T14:00Z,IT_NORD,20814
2024-02-21T15:00Z,IT_NORD,21329
2024-02-21T16:00Z,IT_NORD,22306
2024-02-21T17:00Z,IT_NORD,22484
2024-02-21T18:00Z,IT_NORD,21754
2024-02-21T19:00Z,IT_NORD,20546
2024-02-21T20:00Z,IT_NORD,19574
2024-02-21T21:00Z,IT_NORD,18177
2024-02-21T22:00Z,IT_NORD,16619
2024-02-21T23:00Z,IT_NORD,15272
2024-02-22T00:00Z,IT_NORD,14581
2024-02-22T01:00Z,IT_NORD,14253
2024-02-22T02:00Z,IT_NORD,14100
2024-02-22T03:00Z,IT_NORD,14539
2024-02-22T04:00Z,IT_NORD,15842
2024-02-22T05:00Z,IT_NORD,18200
2024-02-22T06:00Z,IT_NORD,20043
2024-02-22T07:00Z,IT_NORD,20901
2024-02-22T08:00Z,IT_NORD,20991
2024-02-22T09:00Z,IT_NORD,21051
2024-02-22T10:00Z,IT_NORD,21051
2024-02-22T11:00Z,IT_NORD,20676
2024-02-22T12:00Z,IT_NORD,20327
2024-02-22T13:00Z,IT_NORD,20219
2024-02-22T14:00Z,IT_NORD,20271
2024-02-22T15:00Z,IT_NORD,20799
2024-02-22T16:00Z,IT_NORD,21847
2024-02-22T17:00Z,IT_NORD,22009
2024-02-22T18:00Z,IT_NORD,21309
2024-02-22T19:00Z,IT_NORD,20176
2024-02-22T20:00Z,IT_NORD,19293
2024-02-22T21:00Z,IT_NORD,18108
2024-02-22T22:00Z,IT_NORD,16730
2024-02-22T23:00Z,IT_NORD,16054
2024-02-23T00:00Z,IT_NORD,15464
2024-02-23T01:00Z,IT_NORD,14919
2024-02-23T02:00Z,IT_NORD,14865
2024-02-23T03:00Z,IT_NORD,15316
2024-02-23T04:00Z,IT_NORD,16635
2024-02-23T05:00Z,IT_NORD,18907
2024-02-23T06:00Z,IT_NORD,20939
2024-02-23T07:00Z,IT_NORD,21647
2024-02-23T08:00Z,IT_NORD,21825
2024-02-23T09:00Z,IT_NORD,21782
2024-02-23T10:00Z,IT_NORD,21651
2024-02-23T11:00Z,IT_NORD,21307
2024-02-23T12:00Z,IT_NORD,21147
2024-02-23T13:00Z,IT_NORD,20917
2024-02-23T14:00Z,IT_NORD,20739
2024-02-23T15:00Z,IT_NORD,21281
2024-02-23T16:00Z,IT_NORD,22219
2024-02-23T17:00Z,IT_NORD,22411
2024-02-23T18:00Z,IT_NORD,21717
2024-02-23T19:00Z,IT_NORD,20753
2024-02-23T20:00Z,IT_NORD,19727
2024-02-23T21:00Z,IT_NORD,18549
2024-02-23T22:00Z,IT_NORD,17090
2024-02-23T23:00Z,IT_NORD,14744
2024-02-24T00:00Z,IT_NORD,14513
2024-02-24T01:00Z,IT_NORD,14379
2024-02-24T02:00Z,IT_NORD,14326
2024-02-24T03:00Z,IT_NORD,14526
2024-02-24T04:00Z,IT_NORD,15232
2024-02-24T05:00Z,IT_NORD,16556
2024-02-24T06:00Z,IT_NORD,17500
2024-02-24T07:00Z,IT_NORD,17866
2024-02-24T08:00Z,IT_NORD,17974
2024-02-24T09:00Z,IT_NORD,17900
2024-02-24T10:00Z,IT_NORD,17873
2024-02-24T11:00Z,IT_NORD,17697
2024-02-24T12:00Z,IT_NORD,17481
2024-02-24T13:00Z,IT_NORD,17439
2024-02-24T14:00Z,IT_NORD,17590
2024-02-24T15:00Z,IT_NORD,17676
2024-02-24T16:00Z,IT_NORD,18196
2024-02-24T17:00Z,IT_NORD,18431
2024-02-24T18:00Z,IT_NORD,18035
2024-02-24T19:00Z,IT_NORD,17487
2024-02-24T20:00Z,IT_NORD,16870
2024-02-24T21:00Z,IT_NORD,16185
2024-02-24T22:00Z,IT_NORD,15316
2024-02-24T23:00Z,IT_NORD,13527
2024-02-25T00:00Z,IT_NORD,13108
2024-02-25T01:00Z,IT_NORD,13050
2024-02-25T02:00Z,IT_NORD,13083
2024-02-25T03:00Z,IT_NORD,13295
2024-02-25T04:00Z,IT_NORD,13944
2024-02-25T05:00Z,IT_NORD,15107
2024-02-25T06:00Z,IT_NORD,15946
2024-02-25T07:00Z,IT_NORD,16426
2024-02-25T08:00Z,IT_NORD,16563
2024-02-25T09:00Z,IT_NORD,16512
2024-02-25T10:00Z,IT_NORD,16381
2024-02-25T11:00Z,IT_NORD,16181
2024-02-25T12:00Z,IT_NORD,15990
2024-02-25T13:00Z,IT_NORD,15891
2024-02-25T14:00Z,IT_NORD,15917
2024-02-25T15:00Z,IT_NORD,16187
2024-02-25T16:00Z,IT_NORD,16696
2024-02-25T17:00Z,IT_NORD,16756
2024-02-25T18:00Z,IT_NORD,16314
2024-02-25T19:00Z,IT_NORD,15730
2024-02-25T20:00Z,IT_NORD,15153
2024-02-25T21:00Z,IT_NORD,14527
2024-02-25T22:00Z,IT_NORD,13975
2024-02-25T23:00Z,IT_NORD,15552
2024-02-26T00:00Z,IT_NORD,14910
2024-02-26T01:00Z,IT_NORD,14421
2024-02-26T02:00Z,IT_NORD,14433
2024-02-26T03:00Z,IT_NORD,14814
2024-02-26T04:00Z,IT_NORD,16081
2024-02-26T05:00Z,IT_NORD,18336
2024-02-26T06:00Z,IT_NORD,20216
2024-02-26T07:00Z,IT_NORD,20955
2024-02-26T08:00Z,IT_NORD,21101
2024-02-26T09:00Z,IT_NORD,21035
2024-02-26T10:00Z,IT_NORD,21069
2024-02-26T11:00Z,IT_NORD,20701
2024-02-26T12:00Z,IT_NORD,20622
2024-02-26T13:00Z,IT_NORD,20260
2024-02-26T14:00Z,IT_NORD,20068
2024-02-26T15:00Z,IT_NORD,20600
2024-02-26T16:00Z,IT_NORD,21581
2024-02-26T17:00Z,IT_NORD,21872
2024-02-26T18:00Z,IT_NORD,21122
2024-02-26T19:00Z,IT_NORD,20288
2024-02-26T20:00Z,IT_NORD,19157
2024-02-26T21:00Z,IT_NORD,17980
2024-02-26T22:00Z,IT_NORD,16685
2024-02-26T23:00Z,IT_NORD,15582
2024-02-27T00:00Z,IT_NORD,14871
2024-02-27T01:00Z,IT_NORD,14722
2024-02-27T02:00Z,IT_NORD,14589
2024-02-27T03:00Z,IT_NORD,15007
2024-02-27T04:00Z,IT_NORD,16220
2024-02-27T05:00Z,IT_NORD,18398
2024-02-27T06:00Z,IT_NORD,20275
2024-02-27T07:00Z,IT_NORD,21181
2024-02-27T08:00Z,IT_NORD,21413
2024-02-27T09:00Z,IT_NORD,21524
2024-02-27T10:00Z,IT_NORD,21402
2024-02-27T11:00Z,IT_NORD,21011
2024-02-27T12:00Z,IT_NORD,20853
2024-02-27T13:00Z,IT_NORD,20500
2024-02-27T14:00Z,IT_NORD,20486
2024-02-27T15:00Z,IT_NORD,20855
2024-02-27T16:00Z,IT_NORD,21758
2024-02-27T17:00Z,IT_NORD,22152
2024-02-27T18:00Z,IT_NORD,21431
2024-02-27T19:00Z,IT_NORD,20478
2024-02-27T20:00Z,IT_NORD,19254
2024-02-27T21:00Z,IT_NORD,17791
2024-02-27T22:00Z,IT_NORD,16442
2024-02-27T23:00Z,IT_NORD,15209
2024-02-28T00:00Z,IT_NORD,14721
2024-02-28T01:00Z,IT_NORD,14378
2024-02-28T02:00Z,IT_NORD,14204
2024-02-28T03:00Z,IT_NORD,14527
2024-02-28T04:00Z,IT_NORD,15736
2024-02-28T05:00Z,IT_NORD,18036
2024-02-28T06:00Z,IT_NORD,19961
2024-02-28T07:00Z,IT_NORD,20666
2024-02-28T08:00Z,IT_NORD,20838
2024-02-28T09:00Z,IT_NORD,20864
2024-02-28T10:00Z,IT_NORD,20659
2024-02-28T11:00Z,IT_NORD,20279
2024-02-28T12:00Z,IT_NORD,20117
2024-02-28T13:00Z,IT_NORD,20172
2024-02-28T14:00Z,IT_NORD,20391
2024-02-28T15:00Z,IT_NORD,20806
2024-02-28T16:00Z,IT_NORD,21725
2024-02-28T17:00Z,IT_NORD,21965
2024-02-28T18:00Z,IT_NORD,21302
2024-02-28T19:00Z,IT_NORD,20594
2024-02-28T20:00Z,IT_NORD,19575
2024-02-28T21:00Z,IT_NORD,18159
2024-02-28T22:00Z,IT_NORD,16632
2024-02-28T23:00Z,IT_NORD,15594
2024-02-29T00:00Z,IT_NORD,14882
2024-02-29T01:00Z,IT_NORD,14573
2024-02-29T02:00Z,IT_NORD,14535
2024-02-29T03:00Z,IT_NORD,14697
2024-02-29T04:00Z,IT_NORD,15841
2024-02-29T05:00Z,IT_NORD,18180
2024-02-29T06:00Z,IT_NORD,19984
2024-02-29T07:00Z,IT_NORD,20975
2024-02-29T08:00Z,IT_NORD,21373
2024-02-29T09:00Z,IT_NORD,21351
2024-02-29T10:00Z,IT_NORD,21204
2024-02-29T11:00Z,IT_NORD,20925
2024-02-29T12:00Z,IT_NORD,20802
2024-02-29T13:00Z,IT_NORD,20582
2024-02-29T14:00Z,IT_NORD,20500
2024-02-29T15:00Z,IT_NORD,20782
2024-02-29T16:00Z,IT_NORD,21791
2024-02-29T17:00Z,IT_NORD,21809
2024-02-29T18:00Z,IT_NORD,21344
2024-02-29T19:00Z,IT_NORD,20256
2024-02-29T20:00Z,IT_NORD,18995
2024-02-29T21:00Z,IT_NORD,17665
2024-02-29T22:00Z,IT_NORD,16249
2024-02-29T23:00Z,IT_NORD,14727
2024-03-01T00:00Z,IT_NORD,14310
2024-03-01T01:00Z,IT_NORD,13901
2024-03-01T02:00Z,IT_NORD,13813
2024-03-01T03:00Z,IT_NORD,14183
2024-03-01T04:00Z,IT_NORD,15557
2024-03-01T05:00Z,IT_NORD,17758
2024-03-01T06:00Z,IT_NORD,19824
2024-03-01T07:00Z,IT_NORD,20557
2024-03-01T08:00Z,IT_NORD,20814
2024-03-01T09:00Z,IT_NORD,20748
2024-03-01T10:00Z,IT_NORD,20667
2024-03-01T11:00Z,IT_NORD,20497
2024-03-01T12:00Z,IT_NORD,20173
2024-03-01T13:00Z,IT_NORD,19893
2024-03-01T14:00Z,IT_NORD,19805
2024-03-01T15:00Z,IT_NORD,20335
2024-03-01T16:00Z,IT_NORD,21383
2024-03-01T17:00Z,IT_NORD,21544
2024-03-01T18:00Z,IT_NORD,20673
2024-03-01T19:00Z,IT_NORD,19584
2024-03-01T20:00Z,IT_NORD,18605
2024-03-01T21:00Z,IT_NORD,17366
2024-03-01T22:00Z,IT_NORD,15841
2024-03-01T23:00Z,IT_NORD,14378
2024-03-02T00:00Z,IT_NORD,14249
2024-03-02T01:00Z,IT_NORD,13988
2024-03-02T02:00Z,IT_NORD,13916
2024-03-02T03:00Z,IT_NORD,14150
2024-03-02T04:00Z,IT_NORD,14717
2024-03-02T05:00Z,IT_NORD,15877
2024-03-02T06:00Z,IT_NORD,17041
2024-03-02T07:00Z,IT_NORD,17576
2024-03-02T08:00Z,IT_NORD,17717
2024-03-02T09:00Z,IT_NORD,17675
2024-03-02T10:00Z,IT_NORD,17532
2024-03-02T11:00Z,IT_NORD,17428
2024-03-02T12:00Z,IT_NORD,17170
2024-03-02T13:00Z,IT_NORD,17072
2024-03-02T14:00Z,IT_NORD,16949
2024-03-02T15:00Z,IT_NORD,17178
2024-03-02T16:00Z,IT_NORD,17612
2024-03-02T17:00Z,IT_NORD,17863
2024-03-02T18:00Z,IT_NORD,17536
2024-03-02T19:00Z,IT_NORD,17105
2024-03-02T20:00Z,IT_NORD,16621
2024-03-02T21:00Z,IT_NORD,15814
2024-03-02T22:00Z,IT_NORD,15004
2024-03-02T23:00Z,IT_NORD,13010
2024-03-03T00:00Z,IT_NORD,12680
2024-03-03T01:00Z,IT_NORD,12522
2024-03-03T02:00Z,IT_NORD,12423
2024-03-03T03:00Z,IT_NORD,12671
2024-03-03T04:00Z,IT_NORD,13279
2024-03-03T05:00Z,IT_NORD,14213
2024-03-03T06:00Z,IT_NORD,15093
2024-03-03T07:00Z,IT_NORD,15612
2024-03-03T08:00Z,IT_NORD,15818
2024-03-03T09:00Z,IT_NORD,15790
2024-03-03T10:00Z,IT_NORD,15624
2024-03-03T11:00Z,IT_NORD,15425
2024-03-03T12:00Z,IT_NORD,15412
2024-03-03T13:00Z,IT_NORD,15475
2024-03-03T14:00Z,IT_NORD,15519
2024-03-03T15:00Z,IT_NORD,15752
2024-03-03T16:00Z,IT_NORD,16081
2024-03-03T17:00Z,IT_NORD,16187
2024-03-03T18:00Z,IT_NORD,15888
2024-03-03T19:00Z,IT_NORD,15538
2024-03-03T20:00Z,IT_NORD,14988
2024-03-03T21:00Z,IT_NORD,14273
2024-03-03T22:00Z,IT_NORD,13512
2024-03-03T23:00Z,IT_NORD,15486
2024-03-04T00:00Z,IT_NORD,14924
2024-03-04T01:00Z,IT_NORD,14650
2024-03-04T02:00Z,IT_NORD,14555
2024-03-04T03:00Z,IT_NORD,14859
2024-03-04T04:00Z,IT_NORD,16229
2024-03-04T05:00Z,IT_NORD,18461
2024-03-04T06:00Z,IT_NORD,20538
2024-03-04T07:00Z,IT_NORD,21276
2024-03-04T08:00Z,IT_NORD,21379
2024-03-04T09:00Z,IT_NORD,21439
2024-03-04T10:00Z,IT_NORD,21258
2024-03-04T11:00Z,IT_NORD,20952
2024-03-04T12:00Z,IT_NORD,20780
2024-03-04T13:00Z,IT_NORD,20543
2024-03-04T14:00Z,IT_NORD,20412
2024-03-04T15:00Z,IT_NORD,20909
2024-03-04T16:00Z,IT_NORD,21985
2024-03-04T17:00Z,IT_NORD,22050
2024-03-04T18:00Z,IT_NORD,21280
2024-03-04T19:00Z,IT_NORD,20373
2024-03-04T20:00Z,IT_NORD,19386
2024-03-04T21:00Z,IT_NORD,18107
2024-03-04T22:00Z,IT_NORD,16682
2024-03-04T23:00Z,IT_NORD,15884
2024-03-05T00:00Z,IT_NORD,15390
2024-03-05T01:00Z,IT_NORD,15035
2024-03-05T02:00Z,IT_NORD,14983
2024-03-05T03:00Z,IT_NORD,15142
2024-03-05T04:00Z,IT_NORD,16334
2024-03-05T05:00Z,IT_NORD,18619
2024-03-05T06:00Z,IT_NORD,20759
2024-03-05T07:00Z,IT_NORD,21749
2024-03-05T08:00Z,IT_NORD,22142
2024-03-05T09:00Z,IT_NORD,22140
2024-03-05T10:00Z,IT_NORD,22251
2024-03-05T11:00Z,IT_NORD,21878
2024-03-05T12:00Z,IT_NORD,21481
2024-03-05T13:00Z,IT_NORD,21176
2024-03-05T14:00Z,IT_NORD,20993
2024-03-05T15:00Z,IT_NORD,21525
2024-03-05T16:00Z,IT_NORD,22560
2024-03-05T17:00Z,IT_NORD,22607
2024-03-05T18:00Z,IT_NORD,21755
2024-03-05T19:00Z,IT_NORD,20726
2024-03-05T20:00Z,IT_NORD,19547
2024-03-05T21:00Z,IT_NORD,18161
2024-03-05T22:00Z,IT_NORD,16917
2024-03-05T23:00Z,IT_NORD,15646
2024-03-06T00:00Z,IT_NORD,15069
2024-03-06T01:00Z,IT_NORD,14709
2024-03-06T02:00Z,IT_NORD,14796
2024-03-06T03:00Z,IT_NORD,15106
2024-03-06T04:00Z,IT_NORD,16391
2024-03-06T05:00Z,IT_NORD,18775
2024-03-06T06:00Z,IT_NORD,20651
2024-03-06T07:00Z,IT_NORD,21510
2024-03-06T08:00Z,IT_NORD,21712
2024-03-06T09:00Z,IT_NORD,21865
2024-03-06T10:00Z,IT_NORD,21740
2024-03-06T11:00Z,IT_NORD,21203
2024-03-06T12:00Z,IT_NORD,20972
2024-03-06T13:00Z,IT_NORD,20824
2024-03-06T14:00Z,IT_NORD,20687
2024-03-06T15:00Z,IT_NORD,21186
2024-03-06T16:00Z,IT_NORD,22023
2024-03-06T17:00Z,IT_NORD,22158
2024-03-06T18:00Z,IT_NORD,21527
2024-03-06T19:00Z,IT_NORD,20532
2024-03-06T20:00Z,IT_NORD,19537
2024-03-06T21:00Z,IT_NORD,18323
2024-03-06T22:00Z,IT_NORD,16856
2024-03-06T23:00Z,IT_NORD,15568
2024-03-07T00:00Z,IT_NORD,14863
2024-03-07T01:00Z,IT_NORD,14407
2024-03-07T02:00Z,IT_NORD,14480
2024-03-07T03:00Z,IT_NORD,14973
2024-03-07T04:00Z,IT_NORD,16240
2024-03-07T05:00Z,IT_NORD,18207
2024-03-07T06:00Z,IT_NORD,20115
2024-03-07T07:00Z,IT_NORD,21053
2024-03-07T08:00Z,IT_NORD,21440
2024-03-07T09:00Z,IT_NORD,21345
2024-03-07T10:00Z,IT_NORD,21427
2024-03-07T11:00Z,IT_NORD,21156
2024-03-07T12:00Z,IT_NORD,21024
2024-03-07T13:00Z,IT_NORD,20810
2024-03-07T14:00Z,IT_NORD,20741
2024-03-07T15:00Z,IT_NORD,21288
2024-03-07T16:00Z,IT_NORD,21970
2024-03-07T17:00Z,IT_NORD,22284
2024-03-07T18:00Z,IT_NORD,21632
2024-03-07T19:00Z,IT_NORD,20486
2024-03-07T20:00Z,IT_NORD,19622
2024-03-07T21:00Z,IT_NORD,18276
2024-03-07T22:00Z,IT_NORD,16787
2024-03-07T23:00Z,IT_NORD,15584
2024-03-08T00:00Z,IT_NORD,15115
2024-03-08T01:00Z,IT_NORD,14768
2024-03-08T02:00Z,IT_NORD,14632
2024-03-08T03:00Z,IT_NORD,15070
2024-03-08T04:00Z,IT_NORD,16300
2024-03-08T05:00Z,IT_NORD,18430
2024-03-08T06:00Z,IT_NORD,20347
2024-03-08T07:00Z,IT_NORD,21243
2024-03-08T08:00Z,IT_NORD,21729
2024-03-08T09:00Z,IT_NORD,21638
2024-03-08T10:00Z,IT_NORD,21288
2024-03-08T11:00Z,IT_NORD,20787
2024-03-08T12:00Z,IT_NORD,20572
2024-03-08T13:00Z,IT_NORD,20668
2024-03-08T14:00Z,IT_NORD,20657
2024-03-08T15:00Z,IT_NORD,21050
2024-03-08T16:00Z,IT_NORD,22068
2024-03-08T17:00Z,IT_NORD,22218
2024-03-08T18:00Z,IT_NORD,21509
2024-03-08T19:00Z,IT_NORD,20259
2024-03-08T20:00Z,IT_NORD,19254
2024-03-08T21:00Z,IT_NORD,17892
2024-03-08T22:00Z,IT_NORD,16558
2024-03-08T23:00Z,IT_NORD,14486
2024-03-09T00:00Z,IT_NORD,14300
2024-03-09T01:00Z,IT_NORD,14105
2024-03-09T02:00Z,IT_NORD,13884
2024-03-09T03:00Z,IT_NORD,14173
2024-03-09T04:00Z,IT_NORD,14927
2024-03-09T05:00Z,IT_NORD,16009
2024-03-09T06:00Z,IT_NORD,16777
2024-03-09T07:00Z,IT_NORD,17118
2024-03-09T08:00Z,IT_NORD,17392
2024-03-09T09:00Z,IT_NORD,17469
2024-03-09T10:00Z,IT_NORD,17339
2024-03-09T11:00Z,IT_NORD,17264
2024-03-09T12:00Z,IT_NORD,17109
2024-03-09T13:00Z,IT_NORD,16951
2024-03-09T14:00Z,IT_NORD,17025
2024-03-09T15:00Z,IT_NORD,17195
2024-03-09T16:00Z,IT_NORD,17583
2024-03-09T17:00Z,IT_NORD,17726
2024-03-09T18:00Z,IT_NORD,17282
2024-03-09T19:00Z,IT_NORD,17022
2024-03-09T20:00Z,IT_NORD,16497
2024-03-09T21:00Z,IT_NORD,15780
2024-03-09T22:00Z,IT_NORD,15099
2024-03-09T23:00Z,IT_NORD,13621
2024-03-10T00:00Z,IT_NORD,13329
2024-03-10T01:00Z,IT_NORD,13093
2024-03-10T02:00Z,IT_NORD,13090
2024-03-10T03:00Z,IT_NORD,13264
2024-03-10T04:00Z,IT_NORD,13885
2024-03-10T05:00Z,IT_NORD,14896
2024-03-10T06:00Z,IT_NORD,15817
2024-03-10T07:00Z,IT_NORD,16220
2024-03-10T08:00Z,IT_NORD,16383
2024-03-10T09:00Z,IT_NORD,16441
2024-03-10T10:00Z,IT_NORD,16290
2024-03-10T11:00Z,IT_NORD,15910
2024-03-10T12:00Z,IT_NORD,15725
2024-03-10T13:00Z,IT_NORD,15752
2024-03-10T14:00Z,IT_NORD,15869
2024-03-10T15:00Z,IT_NORD,16132
2024-03-10T16:00Z,IT_NORD,16477
2024-03-10T17:00Z,IT_NORD,16535
2024-03-10T18:00Z,IT_NORD,16353
2024-03-10T19:00Z,IT_NORD,15852
2024-03-10T20:00Z,IT_NORD,15460
2024-03-10T21:00Z,IT_NORD,14891
2024-03-10T22:00Z,IT_NORD,14172
2024-03-10T23:00Z,IT_NORD,15124
2024-03-11T00:00Z,IT_NORD,14562
2024-03-11T01:00Z,IT_NORD,14172
2024-03-11T02:00Z,IT_NORD,14250
2024-03-11T03:00Z,IT_NORD,14642
2024-03-11T04:00Z,IT_NORD,15959
2024-03-11T05:00Z,IT_NORD,17978
2024-03-11T06:00Z,IT_NORD,19919
2024-03-11T07:00Z,IT_NORD,20656
2024-03-11T08:00Z,IT_NORD,21148
2024-03-11T09:00Z,IT_NORD,21107
2024-03-11T10:00Z,IT_NORD,21034
2024-03-11T11:00Z,IT_NORD,20726
2024-03-11T12:00Z,IT_NORD,20510
2024-03-11T13:00Z,IT_NORD,20257
2024-03-11T14:00Z,IT_NORD,20243
2024-03-11T15:00Z,IT_NORD,20479
2024-03-11T16:00Z,IT_NORD,21184
2024-03-11T17:00Z,IT_NORD,21424
2024-03-11T18:00Z,IT_NORD,20876
2024-03-11T19:00Z,IT_NORD,19995
2024-03-11T20:00Z,IT_NORD,18946
2024-03-11T21:00Z,IT_NORD,17666
2024-03-11T22:00Z,IT_NORD,16414
2024-03-11T23:00Z,IT_NORD,15295
2024-03-12T00:00Z,IT_NORD,14713
2024-03-12T01:00Z,IT_NORD,14299
2024-03-12T02:00Z,IT_NORD,14525
2024-03-12T03:00Z,IT_NORD,14706
2024-03-12T04:00Z,IT_NORD,15903
2024-03-12T05:00Z,IT_NORD,18174
2024-03-12T06:00Z,IT_NORD,19988
2024-03-12T07:00Z,IT_NORD,20678
2024-03-12T08:00Z,IT_NORD,20989
2024-03-12T09:00Z,IT_NORD,21009
2024-03-12T10:00Z,IT_NORD,20917
2024-03-12T11:00Z,IT_NORD,20609
2024-03-12T12:00Z,IT_NORD,20451
2024-03-12T13:00Z,IT_NORD,20197
2024-03-12T14:00Z,IT_NORD,20296
2024-03-12T15:00Z,IT_NORD,20739
2024-03-12T16:00Z,IT_NORD,21587
2024-03-12T17:00Z,IT_NORD,21608
2024-03-12T18:00Z,IT_NORD,21180
2024-03-12T19:00Z,IT_NORD,20233
2024-03-12T20:00Z,IT_NORD,18968
2024-03-12T21:00Z,IT_NORD,17695
2024-03-12T22:00Z,IT_NORD,16382
2024-03-12T23:00Z,IT_NORD,15093
2024-03-13T00:00Z,IT_NORD,14497
2024-03-13T01:00Z,IT_NORD,13969
2024-03-13T02:00Z,IT_NORD,13888
2024-03-13T03:00Z,IT_NORD,14043
2024-03-13T04:00Z,IT_NORD,15384
2024-03-13T05:00Z,IT_NORD,17160
2024-03-13T06:00Z,IT_NORD,18932
2024-03-13T07:00Z,IT_NORD,19932
2024-03-13T08:00Z,IT_NORD,20343
2024-03-13T09:00Z,IT_NORD,20345
2024-03-13T10:00Z,IT_NORD,20326
2024-03-13T11:00Z,IT_NORD,20162
2024-03-13T12:00Z,IT_NORD,19997
2024-03-13T13:00Z,IT_NORD,19595
2024-03-13T14:00Z,IT_NORD,19581
2024-03-13T15:00Z,IT_NORD,20114
2024-03-13T16:00Z,IT_NORD,21049
2024-03-13T17:00Z,IT_NORD,21086
2024-03-13T18:00Z,IT_NORD,20503
2024-03-13T19:00Z,IT_NORD,19498
2024-03-13T20:00Z,IT_NORD,18582
2024-03-13T21:00Z,IT_NORD,17373
2024-03-13T22:00Z,IT_NORD,15888
2024-03-13T23:00Z,IT_NORD,14897
2024-03-14T00:00Z,IT_NORD,14382
2024-03-14T01:00Z,IT_NORD,13988
2024-03-14T02:00Z,IT_NORD,13894
2024-03-14T03:00Z,IT_NORD,14186
2024-03-14T04:00Z,IT_NORD,15574
2024-03-14T05:00Z,IT_NORD,17525
2024-03-14T06:00Z,IT_NORD,19404
2024-03-14T07:00Z,IT_NORD,20274
2024-03-14T08:00Z,IT_NORD,20564
2024-03-14T09:00Z,IT_NORD,20595
2024-03-14T10:00Z,IT_NORD,20535
2024-03-14T11:00Z,IT_NORD,20098
2024-03-14T12:00Z,IT_NORD,20025
2024-03-14T13:00Z,IT_NORD,19847
2024-03-14T14:00Z,IT_NORD,19815
2024-03-14T15:00Z,IT_NORD,20153
2024-03-14T16:00Z,IT_NORD,20991
2024-03-14T17:00Z,IT_NORD,21083
2024-03-14T18:00Z,IT_NORD,20412
2024-03-14T19:00Z,IT_NORD,19625
2024-03-14T20:00Z,IT_NORD,18593
2024-03-14T21:00Z,IT_NORD,17268
2024-03-14T22:00Z,IT_NORD,16109
2024-03-14T23:00Z,IT_NORD,15451
2024-03-15T00:00Z,IT_NORD,14924
2024-03-15T01:00Z,IT_NORD,14451
2024-03-15T02:00Z,IT_NORD,14403
2024-03-15T03:00Z,IT_NORD,14677
2024-03-15T04:00Z,IT_NORD,15802
2024-03-15T05:00Z,IT_NORD,17654
2024-03-15T06:00Z,IT_NORD,19448
2024-03-15T07:00Z,IT_NORD,20497
2024-03-15T08:00Z,IT_NORD,20971
2024-03-15T09:00Z,IT_NORD,20896
2024-03-15T10:00Z,IT_NORD,20840
2024-03-15T11:00Z,IT_NORD,20487
2024-03-15T12:00Z,IT_NORD,20474
2024-03-15T13:00Z,IT_NORD,20356
2024-03-15T14:00Z,IT_NORD,20366
2024-03-15T15:00Z,IT_NORD,20653
2024-03-15T16:00Z,IT_NORD,21421
2024-03-15T17:00Z,IT_NORD,21594
2024-03-15T18:00Z,IT_NORD,20865
2024-03-15T19:00Z,IT_NORD,19828
2024-03-15T20:00Z,IT_NORD,18861
2024-03-15T21:00Z,IT_NORD,17547
2024-03-15T22:00Z,IT_NORD,16293
2024-03-15T23:00Z,IT_NORD,14085
2024-03-16T00:00Z,IT_NORD,13926
2024-03-16T01:00Z,IT_NORD,13664
2024-03-16T02:00Z,IT_NORD,13691
2024-03-16T03:00Z,IT_NORD,14026
2024-03-16T04:00Z,IT_NORD,14515
2024-03-16T05:00Z,IT_NORD,15733
2024-03-16T06:00Z,IT_NORD,16631
2024-03-16T07:00Z,IT_NORD,17090
2024-03-16T08:00Z,IT_NORD,17231
2024-03-16T09:00Z,IT_NORD,17212
2024-03-16T10:00Z,IT_NORD,17030
2024-03-16T11:00Z,IT_NORD,16984
2024-03-16T12:00Z,IT_NORD,17056
2024-03-16T13:00Z,IT_NORD,16825
2024-03-16T14:00Z,IT_NORD,16861
2024-03-16T15:00Z,IT_NORD,17022
2024-03-16T16:00Z,IT_NORD,17598
2024-03-16T17:00Z,IT_NORD,17688
2024-03-16T18:00Z,IT_NORD,17199
2024-03-16T19:00Z,IT_NORD,16645
2024-03-16T20:00Z,IT_NORD,15775
2024-03-16T21:00Z,IT_NORD,15310
2024-03-16T22:00Z,IT_NORD,14708
2024-03-16T23:00Z,IT_NORD,12716
2024-03-17T00:00Z,IT_NORD,12551
2024-03-17T01:00Z,IT_NORD,12314
2024-03-17T02:00Z,IT_NORD,12492
2024-03-17T03:00Z,IT_NORD,12811
2024-03-17T04:00Z,IT_NORD,13341
2024-03-17T05:00Z,IT_NORD,14255
2024-03-17T06:00Z,IT_NORD,15039
2024-03-17T07:00Z,IT_NORD,15708
2024-03-17T08:00Z,IT_NORD,15784
2024-03-17T09:00Z,IT_NORD,15710
2024-03-17T10:00Z,IT_NORD,15736
2024-03-17T11:00Z,IT_NORD,15583
2024-03-17T12:00Z,IT_NORD,15466
2024-03-17T13:00Z,IT_NORD,15340
2024-03-17T14:00Z,IT_NORD,15362
2024-03-17T15:00Z,IT_NORD,15531
2024-03-17T16:00Z,IT_NORD,15859
2024-03-17T17:00Z,IT_NORD,15878
2024-03-17T18:00Z,IT_NORD,15518
2024-03-17T19:00Z,IT_NORD,14983
2024-03-17T20:00Z,IT_NORD,14633
2024-03-17T21:00Z,IT_NORD,13887
2024-03-17T22:00Z,IT_NORD,13424
2024-03-17T23:00Z,IT_NORD,15122
2024-03-18T00:00Z,IT_NORD,14647
2024-03-18T01:00Z,IT_NORD,14221
2024-03-18T02:00Z,IT_NORD,14137
2024-03-18T03:00Z,IT_NORD,14409
2024-03-18T04:00Z,IT_NORD,15684
2024-03-18T05:00Z,IT_NORD,17867
2024-03-18T06:00Z,IT_NORD,19958
2024-03-18T07:00Z,IT_NORD,20787
2024-03-18T08:00Z,IT_NORD,21134
2024-03-18T09:00Z,IT_NORD,21210
2024-03-18T10:00Z,IT_NORD,21093
2024-03-18T11:00Z,IT_NORD,20928
2024-03-18T12:00Z,IT_NORD,20733
2024-03-18T13:00Z,IT_NORD,20514
2024-03-18T14:00Z,IT_NORD,20353
2024-03-18T15:00Z,IT_NORD,20644
2024-03-18T16:00Z,IT_NORD,21402
2024-03-18T17:00Z,IT_NORD,21485
2024-03-18T18:00Z,IT_NORD,20804
2024-03-18T19:00Z,IT_NORD,19915
2024-03-18T20:00Z,IT_NORD,18898
2024-03-18T21:00Z,IT_NORD,17737
2024-03-18T22:00Z,IT_NORD,16467
2024-03-18T23:00Z,IT_NORD,15049
2024-03-19T00:00Z,IT_NORD,14576
2024-03-19T01:00Z,IT_NORD,14232
2024-03-19T02:00Z,IT_NORD,14213
2024-03-19T03:00Z,IT_NORD,14494
2024-03-19T04:00Z,IT_NORD,15700
2024-03-19T05:00Z,IT_NORD,17820
2024-03-19T06:00Z,IT_NORD,19739
2024-03-19T07:00Z,IT_NORD,20480
2024-03-19T08:00Z,IT_NORD,20929
2024-03-19T09:00Z,IT_NORD,20926
2024-03-19T10:00Z,IT_NORD,20788
2024-03-19T11:00Z,IT_NORD,20351
2024-03-19T12:00Z,IT_NORD,20221
2024-03-19T13:00Z,IT_NORD,20082
2024-03-19T14:00Z,IT_NORD,20195
2024-03-19T15:00Z,IT_NORD,20628
2024-03-19T16:00Z,IT_NORD,21307
2024-03-19T17:00Z,IT_NORD,21382
2024-03-19T18:00Z,IT_NORD,20648
2024-03-19T19:00Z,IT_NORD,19742
2024-03-19T20:00Z,IT_NORD,18825
2024-03-19T21:00Z,IT_NORD,17501
2024-03-19T22:00Z,IT_NORD,16191
2024-03-19T23:00Z,IT_NORD,14875
2024-03-20T00:00Z,IT_NORD,14519
2024-03-20T01:00Z,IT_NORD,14035
2024-03-20T02:00Z,IT_NORD,14052
2024-03-20T03:00Z,IT_NORD,14344
2024-03-20T04:00Z,IT_NORD,15436
2024-03-20T05:00Z,IT_NORD,17519
2024-03-20T06:00Z,IT_NORD,19321
2024-03-20T07:00Z,IT_NORD,20432
2024-03-20T08:00Z,IT_NORD,20841
2024-03-20T09:00Z,IT_NORD,20775
2024-03-20T10:00Z,IT_NORD,20905
2024-03-20T11:00Z,IT_NORD,20645
2024-03-20T12:00Z,IT_NORD,20389
2024-03-20T13:00Z,IT_NORD,20200
2024-03-20T14:00Z,IT_NORD,20039
2024-03-20T15:00Z,IT_NORD,20451
2024-03-20T16:00Z,IT_NORD,21312
2024-03-20T17:00Z,IT_NORD,21364
2024-03-20T18:00Z,IT_NORD,20711
2024-03-20T19:00Z,IT_NORD,19853
2024-03-20T20:00Z,IT_NORD,18812
2024-03-20T21:00Z,IT_NORD,17555
2024-03-20T22:00Z,IT_NORD,16158
2024-03-20T23:00Z,IT_NORD,15002
2024-03-21T00:00Z,IT_NORD,14442
2024-03-21T01:00Z,IT_NORD,14130
2024-03-21T02:00Z,IT_NORD,13963
2024-03-21T03:00Z,IT_NORD,14372
2024-03-21T04:00Z,IT_NORD,15674
2024-03-21T05:00Z,IT_NORD,17719
2024-03-21T06:00Z,IT_NORD,19413
2024-03-21T07:00Z,IT_NORD,20225
2024-03-21T08:00Z,IT_NORD,20655
2024-03-21T09:00Z,IT_NORD,20720
2024-03-21T10:00Z,IT_NORD,20631
2024-03-21T11:00Z,IT_NORD,20467
2024-03-21T12:00Z,IT_NORD,20187
2024-03-21T13:00Z,IT_NORD,19989
2024-03-21T14:00Z,IT_NORD,19992
2024-03-21T15:00Z,IT_NORD,20341
2024-03-21T16:00Z,IT_NORD,20934
2024-03-21T17:00Z,IT_NORD,20911
2024-03-21T18:00Z,IT_NORD,20278
2024-03-21T19:00Z,IT_NORD,19465
2024-03-21T20:00Z,IT_NORD,18401
2024-03-21T21:00Z,IT_NORD,17182
2024-03-21T22:00Z,IT_NORD,15865
2024-03-21T23:00Z,IT_NORD,14852
2024-03-22T00:00Z,IT_NORD,14122
2024-03-22T01:00Z,IT_NORD,13810
2024-03-22T02:00Z,IT_NORD,13760
2024-03-22T03:00Z,IT_NORD,14068
2024-03-22T04:00Z,IT_NORD,15116
2024-03-22T05:00Z,IT_NORD,17238
2024-03-22T06:00Z,IT_NORD,19095
2024-03-22T07:00Z,IT_NORD,20186
2024-03-22T08:00Z,IT_NORD,20623
2024-03-22T09:00Z,IT_NORD,20583
2024-03-22T10:00Z,IT_NORD,20451
2024-03-22T11:00Z,IT_NORD,20286
2024-03-22T12:00Z,IT_NORD,19989
2024-03-22T13:00Z,IT_NORD,19813
2024-03-22T14:00Z,IT_NORD,19842
2024-03-22T15:00Z,IT_NORD,20113
2024-03-22T16:00Z,IT_NORD,20811
2024-03-22T17:00Z,IT_NORD,20991
2024-03-22T18:00Z,IT_NORD,20246
2024-03-22T19:00Z,IT_NORD,19528
2024-03-22T20:00Z,IT_NORD,18676
2024-03-22T21:00Z,IT_NORD,17338
2024-03-22T22:00Z,IT_NORD,16102
2024-03-22T23:00Z,IT_NORD,14271
2024-03-23T00:00Z,IT_NORD,13982
2024-03-23T01:00Z,IT_NORD,13706
2024-03-23T02:00Z,IT_NORD,13821
2024-03-23T03:00Z,IT_NORD,13991
2024-03-23T04:00Z,IT_NORD,14766
2024-03-23T05:00Z,IT_NORD,15890
2024-03-23T06:00Z,IT_NORD,16855
2024-03-23T07:00Z,IT_NORD,17410
2024-03-23T08:00Z,IT_NORD,17473
2024-03-23T09:00Z,IT_NORD,17694
2024-03-23T10:00Z,IT_NORD,17606
2024-03-23T11:00Z,IT_NORD,17662
2024-03-23T12:00Z,IT_NORD,17362
2024-03-23T13:00Z,IT_NORD,17203
2024-03-23T14:00Z,IT_NORD,16805
2024-03-23T15:00Z,IT_NORD,17025
2024-03-23T16:00Z,IT_NORD,17390
2024-03-23T17:00Z,IT_NORD,17594
2024-03-23T18:00Z,IT_NORD,17192
2024-03-23T19:00Z,IT_NORD,16683
2024-03-23T20:00Z,IT_NORD,16136
2024-03-23T21:00Z,IT_NORD,15389
2024-03-23T22:00Z,IT_NORD,14907
2024-03-23T23:00Z,IT_NORD,13102
2024-03-24T00:00Z,IT_NORD,12958
2024-03-24T01:00Z,IT_NORD,12682
2024-03-24T02:00Z,IT_NORD,12597
2024-03-24T03:00Z,IT_NORD,12820
2024-03-24T04:00Z,IT_NORD,13240
2024-03-24T05:00Z,IT_NORD,14226
2024-03-24T06:00Z,IT_NORD,15215
2024-03-24T07:00Z,IT_NORD,15776
2024-03-24T08:00Z,IT_NORD,15941
2024-03-24T09:00Z,IT_NORD,16012
2024-03-24T10:00Z,IT_NORD,16052
2024-03-24T11:00Z,IT_NORD,15852
2024-03-24T12:00Z,IT_NORD,15716
2024-03-24T13:00Z,IT_NORD,15704
2024-03-24T14:00Z,IT_NORD,15890
2024-03-24T15:00Z,IT_NORD,15834
2024-03-24T16:00Z,IT_NORD,16178
2024-03-24T17:00Z,IT_NORD,16154
2024-03-24T18:00Z,IT_NORD,15817
2024-03-24T19:00Z,IT_NORD,15557
2024-03-24T20:00Z,IT_NORD,15042
2024-03-24T21:00Z,IT_NORD,14464
2024-03-24T22:00Z,IT_NORD,13795
2024-03-24T23:00Z,IT_NORD,15058
2024-03-25T00:00Z,IT_NORD,14631
2024-03-25T01:00Z,IT_NORD,14188
2024-03-25T02:00Z,IT_NORD,14116
2024-03-25T03:00Z,IT_NORD,14367
2024-03-25T04:00Z,IT_NORD,15710
2024-03-25T05:00Z,IT_NORD,17570
2024-03-25T06:00Z,IT_NORD,19394
2024-03-25T07:00Z,IT_NORD,19980
2024-03-25T08:00Z,IT_NORD,20205
2024-03-25T09:00Z,IT_NORD,20311
2024-03-25T10:00Z,IT_NORD,20217
2024-03-25T11:00Z,IT_NORD,20115
2024-03-25T12:00Z,IT_NORD,19911
2024-03-25T13:00Z,IT_NORD,19589
2024-03-25T14:00Z,IT_NORD,19654
2024-03-25T15:00Z,IT_NORD,20049
2024-03-25T16:00Z,IT_NORD,20585
2024-03-25T17:00Z,IT_NORD,20748
2024-03-25T18:00Z,IT_NORD,20237
2024-03-25T19:00Z,IT_NORD,19293
2024-03-25T20:00Z,IT_NORD,18486
2024-03-25T21:00Z,IT_NORD,17346
2024-03-25T22:00Z,IT_NORD,16169
2024-03-25T23:00Z,IT_NORD,14261
2024-03-26T00:00Z,IT_NORD,13661
2024-03-26T01:00Z,IT_NORD,13307
2024-03-26T02:00Z,IT_NORD,13240
2024-03-26T03:00Z,IT_NORD,13544
2024-03-26T04:00Z,IT_NORD,14594
2024-03-26T05:00Z,IT_NORD,16590
2024-03-26T06:00Z,IT_NORD,18330
2024-03-26T07:00Z,IT_NORD,19148
2024-03-26T08:00Z,IT_NORD,19583
2024-03-26T09:00Z,IT_NORD,19752
2024-03-26T10:00Z,IT_NORD,19592
2024-03-26T11:00Z,IT_NORD,19461
2024-03-26T12:00Z,IT_NORD,19196
2024-03-26T13:00Z,IT_NORD,18905
2024-03-26T14:00Z,IT_NORD,19094
2024-03-26T15:00Z,IT_NORD,19569
2024-03-26T16:00Z,IT_NORD,20158
2024-03-26T17:00Z,IT_NORD,20076
2024-03-26T18:00Z,IT_NORD,19274
2024-03-26T19:00Z,IT_NORD,18397
2024-03-26T20:00Z,IT_NORD,17539
2024-03-26T21:00Z,IT_NORD,16509
2024-03-26T22:00Z,IT_NORD,15481
2024-03-26T23:00Z,IT_NORD,14525
2024-03-27T00:00Z,IT_NORD,13903
2024-03-27T01:00Z,IT_NORD,13581
2024-03-27T02:00Z,IT_NORD,13544
2024-03-27T03:00Z,IT_NORD,13864
2024-03-27T04:00Z,IT_NORD,14946
2024-03-27T05:00Z,IT_NORD,16943
2024-03-27T06:00Z,IT_NORD,18783
2024-03-27T07:00Z,IT_NORD,19658
2024-03-27T08:00Z,IT_NORD,19975
2024-03-27T09:00Z,IT_NORD,19971
2024-03-27T10:00Z,IT_NORD,19911
2024-03-27T11:00Z,IT_NORD,19598
2024-03-27T12:00Z,IT_NORD,19469
2024-03-27T13:00Z,IT_NORD,19170
2024-03-27T14:00Z,IT_NORD,19155
2024-03-27T15:00Z,IT_NORD,19345
2024-03-27T16:00Z,IT_NORD,20185
2024-03-27T17:00Z,IT_NORD,20319
2024-03-27T18:00Z,IT_NORD,19585
2024-03-27T19:00Z,IT_NORD,18706
2024-03-27T20:00Z,IT_NORD,17921
2024-03-27T21:00Z,IT_NORD,16936
2024-03-27T22:00Z,IT_NORD,15711
2024-03-27T23:00Z,IT_NORD,14865
2024-03-28T00:00Z,IT_NORD,14391
2024-03-28T01:00Z,IT_NORD,13932
2024-03-28T02:00Z,IT_NORD,13960
2024-03-28T03:00Z,IT_NORD,14081
2024-03-28T04:00Z,IT_NORD,15208
2024-03-28T05:00Z,IT_NORD,17205
2024-03-28T06:00Z,IT_NORD,18991
2024-03-28T07:00Z,IT_NORD,19865
2024-03-28T08:00Z,IT_NORD,20232
2024-03-28T09:00Z,IT_NORD,20409
2024-03-28T10:00Z,IT_NORD,20221
2024-03-28T11:00Z,IT_NORD,19982
2024-03-28T12:00Z,IT_NORD,19797
2024-03-28T13:00Z,IT_NORD,19703
2024-03-28T14:00Z,IT_NORD,19652
2024-03-28T15:00Z,IT_NORD,19924
2024-03-28T16:00Z,IT_NORD,20371
2024-03-28T17:00Z,IT_NORD,20439
2024-03-28T18:00Z,IT_NORD,19721
2024-03-28T19:00Z,IT_NORD,18788
2024-03-28T20:00Z,IT_NORD,17900
2024-03-28T21:00Z,IT_NORD,16771
2024-03-28T22:00Z,IT_NORD,15515
2024-03-28T23:00Z,IT_NORD,14361
2024-03-29T00:00Z,IT_NORD,13942
2024-03-29T01:00Z,IT_NORD,13712
2024-03-29T02:00Z,IT_NORD,13661
2024-03-29T03:00Z,IT_NORD,13984
2024-03-29T04:00Z,IT_NORD,15290
2024-03-29T05:00Z,IT_NORD,17502
2024-03-29T06:00Z,IT_NORD,18981
2024-03-29T07:00Z,IT_NORD,19935
2024-03-29T08:00Z,IT_NORD,20131
2024-03-29T09:00Z,IT_NORD,20398
2024-03-29T10:00Z,IT_NORD,20196
2024-03-29T11:00Z,IT_NORD,19830
2024-03-29T12:00Z,IT_NORD,19694
2024-03-29T13:00Z,IT_NORD,19531
2024-03-29T14:00Z,IT_NORD,19473
2024-03-29T15:00Z,IT_NORD,19715
2024-03-29T16:00Z,IT_NORD,20477
2024-03-29T17:00Z,IT_NORD,20402
2024-03-29T18:00Z,IT_NORD,19868
2024-03-29T19:00Z,IT_NORD,18991
2024-03-29T20:00Z,IT_NORD,18390
2024-03-29T21:00Z,IT_NORD,17270
2024-03-29T22:00Z,IT_NORD,16029
2024-03-29T23:00Z,IT_NORD,14279
2024-03-30T00:00Z,IT_NORD,13974
2024-03-30T01:00Z,IT_NORD,13965
2024-03-30T02:00Z,IT_NORD,13852
2024-03-30T03:00Z,IT_NORD,13890
2024-03-30T04:00Z,IT_NORD,14490
2024-03-30T05:00Z,IT_NORD,15552
2024-03-30T06:00Z,IT_NORD,16436
2024-03-30T07:00Z,IT_NORD,16787
2024-03-30T08:00Z,IT_NORD,17020
2024-03-30T09:00Z,IT_NORD,17151
2024-03-30T10:00Z,IT_NORD,17032
2024-03-30T11:00Z,IT_NORD,17021
2024-03-30T12:00Z,IT_NORD,16840
2024-03-30T13:00Z,IT_NORD,16660
2024-03-30T14:00Z,IT_NORD,16453
2024-03-30T15:00Z,IT_NORD,16477
2024-03-30T16:00Z,IT_NORD,16877
2024-03-30T17:00Z,IT_NORD,17131
2024-03-30T18:00Z,IT_NORD,16852
2024-03-30T19:00Z,IT_NORD,16382
2024-03-30T20:00Z,IT_NORD,15885
2024-03-30T21:00Z,IT_NORD,15376
2024-03-30T22:00Z,IT_NORD,14672
2024-03-30T23:00Z,IT_NORD,12571
2024-03-31T00:00Z,IT_NORD,12378
2024-03-31T01:00Z,IT_NORD,12067
2024-03-31T02:00Z,IT_NORD,12278
2024-03-31T03:00Z,IT_NORD,12753
2024-03-31T04:00Z,IT_NORD,13710
2024-03-31T05:00Z,IT_NORD,14534
2024-03-31T06:00Z,IT_NORD,15079
2024-03-31T07:00Z,IT_NORD,15349
2024-03-31T08:00Z,IT_NORD,15301
2024-03-31T09:00Z,IT_NORD,15446
2024-03-31T10:00Z,IT_NORD,15348
2024-03-31T11:00Z,IT_NORD,15039
2024-03-31T12:00Z,IT_NORD,15091
2024-03-31T13:00Z,IT_NORD,15020
2024-03-31T14:00Z,IT_NORD,15046
2024-03-31T15:00Z,IT_NORD,15399
2024-03-31T16:00Z,IT_NORD,15488
2024-03-31T17:00Z,IT_NORD,15026
2024-03-31T18:00Z,IT_NORD,14765
2024-03-31T19:00Z,IT_NORD,14208
2024-03-31T20:00Z,IT_NORD,13709
2024-03-31T21:00Z,IT_NORD,13295
2024-03-31T22:00Z,IT_NORD,12418
2024-03-31T23:00Z,IT_NORD,12042
2024-04-01T00:00Z,IT_NORD,11881
2024-04-01T01:00Z,IT_NORD,11862
2024-04-01T02:00Z,IT_NORD,11958
2024-04-01T03:00Z,IT_NORD,12499
2024-04-01T04:00Z,IT_NORD,13524
2024-04-01T05:00Z,IT_NORD,14481
2024-04-01T06:00Z,IT_NORD,14898
2024-04-01T07:00Z,IT_NORD,15087
2024-04-01T08:00Z,IT_NORD,15176
2024-04-01T09:00Z,IT_NORD,15226
2024-04-01T10:00Z,IT_NORD,14992
2024-04-01T11:00Z,IT_NORD,14761
2024-04-01T12:00Z,IT_NORD,14601
2024-04-01T13:00Z,IT_NORD,14717
2024-04-01T14:00Z,IT_NORD,14953
2024-04-01T15:00Z,IT_NORD,15210
2024-04-01T16:00Z,IT_NORD,15148
2024-04-01T17:00Z,IT_NORD,14937
2024-04-01T18:00Z,IT_NORD,14612
2024-04-01T19:00Z,IT_NORD,14085
2024-04-01T20:00Z,IT_NORD,13376
2024-04-01T21:00Z,IT_NORD,12849
2024-04-01T22:00Z,IT_NORD,14206
2024-04-01T23:00Z,IT_NORD,13662
2024-04-02T00:00Z,IT_NORD,13240
2024-04-02T01:00Z,IT_NORD,13143
2024-04-02T02:00Z,IT_NORD,13487
2024-04-02T03:00Z,IT_NORD,14681
2024-04-02T04:00Z,IT_NORD,16733
2024-04-02T05:00Z,IT_NORD,18292
2024-04-02T06:00Z,IT_NORD,19313
2024-04-02T07:00Z,IT_NORD,19595
2024-04-02T08:00Z,IT_NORD,19768
2024-04-02T09:00Z,IT_NORD,19808
2024-04-02T10:00Z,IT_NORD,19457
2024-04-02T11:00Z,IT_NORD,19272
2024-04-02T12:00Z,IT_NORD,19078
2024-04-02T13:00Z,IT_NORD,18796
2024-04-02T14:00Z,IT_NORD,18962
2024-04-02T15:00Z,IT_NORD,19556
2024-04-02T16:00Z,IT_NORD,19566
2024-04-02T17:00Z,IT_NORD,19107
2024-04-02T18:00Z,IT_NORD,18329
2024-04-02T19:00Z,IT_NORD,17577
2024-04-02T20:00Z,IT_NORD,16384
2024-04-02T21:00Z,IT_NORD,15011
2024-04-02T22:00Z,IT_NORD,13949
2024-04-02T23:00Z,IT_NORD,13592
2024-04-03T00:00Z,IT_NORD,13198
2024-04-03T01:00Z,IT_NORD,12951
2024-04-03T02:00Z,IT_NORD,13191
2024-04-03T03:00Z,IT_NORD,14422
2024-04-03T04:00Z,IT_NORD,16340
2024-04-03T05:00Z,IT_NORD,18228
2024-04-03T06:00Z,IT_NORD,19456
2024-04-03T07:00Z,IT_NORD,19846
2024-04-03T08:00Z,IT_NORD,20065
2024-04-03T09:00Z,IT_NORD,20011
2024-04-03T10:00Z,IT_NORD,19568
2024-04-03T11:00Z,IT_NORD,19488
2024-04-03T12:00Z,IT_NORD,19448
2024-04-03T13:00Z,IT_NORD,19459
2024-04-03T14:00Z,IT_NORD,19780
2024-04-03T15:00Z,IT_NORD,20249
2024-04-03T16:00Z,IT_NORD,20131
2024-04-03T17:00Z,IT_NORD,19669
2024-04-03T18:00Z,IT_NORD,18682
2024-04-03T19:00Z,IT_NORD,17855
2024-04-03T20:00Z,IT_NORD,16712
2024-04-03T21:00Z,IT_NORD,15497
2024-04-03T22:00Z,IT_NORD,14439
2024-04-03T23:00Z,IT_NORD,13919
2024-04-04T00:00Z,IT_NORD,13616
2024-04-04T01:00Z,IT_NORD,13621
2024-04-04T02:00Z,IT_NORD,13797
2024-04-04T03:00Z,IT_NORD,14959
2024-04-04T04:00Z,IT_NORD,16930
2024-04-04T05:00Z,IT_NORD,18690
2024-04-04T06:00Z,IT_NORD,19457
2024-04-04T07:00Z,IT_NORD,19858
2024-04-04T08:00Z,IT_NORD,19932
2024-04-04T09:00Z,IT_NORD,19791
2024-04-04T10:00Z,IT_NORD,19507
2024-04-04T11:00Z,IT_NORD,19237
2024-04-04T12:00Z,IT_NORD,18932
2024-04-04T13:00Z,IT_NORD,19020
2024-04-04T14:00Z,IT_NORD,19266
2024-04-04T15:00Z,IT_NORD,20003
2024-04-04T16:00Z,IT_NORD,19925
2024-04-04T17:00Z,IT_NORD,19423
2024-04-04T18:00Z,IT_NORD,18502
2024-04-04T19:00Z,IT_NORD,17609
2024-04-04T20:00Z,IT_NORD,16396
2024-04-04T21:00Z,IT_NORD,15382
2024-04-04T22:00Z,IT_NORD,14245
2024-04-04T23:00Z,IT_NORD,13753
2024-04-05T00:00Z,IT_NORD,13342
2024-04-05T01:00Z,IT_NORD,13404
2024-04-05T02:00Z,IT_NORD,13505
2024-04-05T03:00Z,IT_NORD,14814
2024-04-05T04:00Z,IT_NORD,16799
2024-04-05T05:00Z,IT_NORD,18594
2024-04-05T06:00Z,IT_NORD,19488
2024-04-05T07:00Z,IT_NORD,19943
2024-04-05T08:00Z,IT_NORD,19971
2024-04-05T09:00Z,IT_NORD,19890
2024-04-05T10:00Z,IT_NORD,19670
2024-04-05T11:00Z,IT_NORD,19550
2024-04-05T12:00Z,IT_NORD,19554
2024-04-05T13:00Z,IT_NORD,19465
2024-04-05T14:00Z,IT_NORD,19806
2024-04-05T15:00Z,IT_NORD,20234
2024-04-05T16:00Z,IT_NORD,20106
2024-04-05T17:00Z,IT_NORD,19613
2024-04-05T18:00Z,IT_NORD,18729
2024-04-05T19:00Z,IT_NORD,17993
2024-04-05T20:00Z,IT_NORD,16742
2024-04-05T21:00Z,IT_NORD,15341
2024-04-05T22:00Z,IT_NORD,13539
2024-04-05T23:00Z,IT_NORD,13274
2024-04-06T00:00Z,IT_NORD,13248
2024-04-06T01:00Z,IT_NORD,13190
2024-04-06T02:00Z,IT_NORD,13297
2024-04-06T03:00Z,IT_NORD,13819
2024-04-06T04:00Z,IT_NORD,14935
2024-04-06T05:00Z,IT_NORD,15947
2024-04-06T06:00Z,IT_NORD,16352
2024-04-06T07:00Z,IT_NORD,16590
2024-04-06T08:00Z,IT_NORD,16768
2024-04-06T09:00Z,IT_NORD,16468
2024-04-06T10:00Z,IT_NORD,16385
2024-04-06T11:00Z,IT_NORD,16203
2024-04-06T12:00Z,IT_NORD,16146
2024-04-06T13:00Z,IT_NORD,16148
2024-04-06T14:00Z,IT_NORD,16379
2024-04-06T15:00Z,IT_NORD,16577
2024-04-06T16:00Z,IT_NORD,16562
2024-04-06T17:00Z,IT_NORD,16323
2024-04-06T18:00Z,IT_NORD,15932
2024-04-06T19:00Z,IT_NORD,15649
2024-04-06T20:00Z,IT_NORD,15156
2024-04-06T21:00Z,IT_NORD,14336
2024-04-06T22:00Z,IT_NORD,12717
2024-04-06T23:00Z,IT_NORD,12433
2024-04-07T00:00Z,IT_NORD,12208
2024-04-07T01:00Z,IT_NORD,12198
2024-04-07T02:00Z,IT_NORD,12301
2024-04-07T03:00Z,IT_NORD,12769
2024-04-07T04:00Z,IT_NORD,13725
2024-04-07T05:00Z,IT_NORD,14648
2024-04-07T06:00Z,IT_NORD,14936
2024-04-07T07:00Z,IT_NORD,15038
2024-04-07T08:00Z,IT_NORD,15101
2024-04-07T09:00Z,IT_NORD,15089
2024-04-07T10:00Z,IT_NORD,15123
2024-04-07T11:00Z,IT_NORD,15063
2024-04-07T12:00Z,IT_NORD,14969
2024-04-07T13:00Z,IT_NORD,14865
2024-04-07T14:00Z,IT_NORD,14986
2024-04-07T15:00Z,IT_NORD,15350
2024-04-07T16:00Z,IT_NORD,15491
2024-04-07T17:00Z,IT_NORD,15221
2024-04-07T18:00Z,IT_NORD,14673
2024-04-07T19:00Z,IT_NORD,14437
2024-04-07T20:00Z,IT_NORD,13871
2024-04-07T21:00Z,IT_NORD,13122
2024-04-07T22:00Z,IT_NORD,14354
2024-04-07T23:00Z,IT_NORD,13721
2024-04-08T00:00Z,IT_NORD,13328
2024-04-08T01:00Z,IT_NORD,13343
2024-04-08T02:00Z,IT_NORD,13612
2024-04-08T03:00Z,IT_NORD,14926
2024-04-08T04:00Z,IT_NORD,16686
2024-04-08T05:00Z,IT_NORD,18565
2024-04-08T06:00Z,IT_NORD,19532
2024-04-08T07:00Z,IT_NORD,20032
2024-04-08T08:00Z,IT_NORD,20010
2024-04-08T09:00Z,IT_NORD,19952
2024-04-08T10:00Z,IT_NORD,19786
2024-04-08T11:00Z,IT_NORD,19546
2024-04-08T12:00Z,IT_NORD,19386
2024-04-08T13:00Z,IT_NORD,19237
2024-04-08T14:00Z,IT_NORD,19466
2024-04-08T15:00Z,IT_NORD,19906
2024-04-08T16:00Z,IT_NORD,19904
2024-04-08T17:00Z,IT_NORD,19313
2024-04-08T18:00Z,IT_NORD,18706
2024-04-08T19:00Z,IT_NORD,17783
2024-04-08T20:00Z,IT_NORD,16695
2024-04-08T21:00Z,IT_NORD,15453
2024-04-08T22:00Z,IT_NORD,14785
2024-04-08T23:00Z,IT_NORD,14374
2024-04-09T00:00Z,IT_NORD,13975
2024-04-09T01:00Z,IT_NORD,13749
2024-04-09T02:00Z,IT_NORD,13930
2024-04-09T03:00Z,IT_NORD,14894
2024-04-09T04:00Z,IT_NORD,16958
2024-04-09T05:00Z,IT_NORD,18582
2024-04-09T06:00Z,IT_NORD,19559
2024-04-09T07:00Z,IT_NORD,19891
2024-04-09T08:00Z,IT_NORD,19882
2024-04-09T09:00Z,IT_NORD,20011
2024-04-09T10:00Z,IT_NORD,19919
2024-04-09T11:00Z,IT_NORD,19608
2024-04-09T12:00Z,IT_NORD,19546
2024-04-09T13:00Z,IT_NORD,19502
2024-04-09T14:00Z,IT_NORD,19803
2024-04-09T15:00Z,IT_NORD,20542
2024-04-09T16:00Z,IT_NORD,20597
2024-04-09T17:00Z,IT_NORD,19982
2024-04-09T18:00Z,IT_NORD,18979
2024-04-09T19:00Z,IT_NORD,17967
2024-04-09T20:00Z,IT_NORD,16798
2024-04-09T21:00Z,IT_NORD,15569
2024-04-09T22:00Z,IT_NORD,14417
2024-04-09T23:00Z,IT_NORD,13726
2024-04-10T00:00Z,IT_NORD,13429
2024-04-10T01:00Z,IT_NORD,13420
2024-04-10T02:00Z,IT_NORD,13640
2024-04-10T03:00Z,IT_NORD,14826
2024-04-10T04:00Z,IT_NORD,16726
2024-04-10T05:00Z,IT_NORD,18436
2024-04-10T06:00Z,IT_NORD,19354
2024-04-10T07:00Z,IT_NORD,19906
2024-04-10T08:00Z,IT_NORD,20108
2024-04-10T09:00Z,IT_NORD,20107
2024-04-10T10:00Z,IT_NORD,20114
2024-04-10T11:00Z,IT_NORD,19898
2024-04-10T12:00Z,IT_NORD,19666
2024-04-10T13:00Z,IT_NORD,19560
2024-04-10T14:00Z,IT_NORD,19612
2024-04-10T15:00Z,IT_NORD,20050
2024-04-10T16:00Z,IT_NORD,20115
2024-04-10T17:00Z,IT_NORD,19547
2024-04-10T18:00Z,IT_NORD,18877
2024-04-10T19:00Z,IT_NORD,18006
2024-04-10T20:00Z,IT_NORD,16887
2024-04-10T21:00Z,IT_NORD,15742
2024-04-10T22:00Z,IT_NORD,14505
2024-04-10T23:00Z,IT_NORD,13910
2024-04-11T00:00Z,IT_NORD,13549
2024-04-11T01:00Z,IT_NORD,13541
2024-04-11T02:00Z,IT_NORD,13465
2024-04-11T03:00Z,IT_NORD,14507
2024-04-11T04:00Z,IT_NORD,16412
2024-04-11T05:00Z,IT_NORD,18254
2024-04-11T06:00Z,IT_NORD,19392
2024-04-11T07:00Z,IT_NORD,19917
2024-04-11T08:00Z,IT_NORD,20035
2024-04-11T09:00Z,IT_NORD,19906
2024-04-11T10:00Z,IT_NORD,19746
2024-04-11T11:00Z,IT_NORD,19553
2024-04-11T12:00Z,IT_NORD,19305
2024-04-11T13:00Z,IT_NORD,19075
2024-04-11T14:00Z,IT_NORD,19267
2024-04-11T15:00Z,IT_NORD,19748
2024-04-11T16:00Z,IT_NORD,19842
2024-04-11T17:00Z,IT_NORD,19144
2024-04-11T18:00Z,IT_NORD,18434
2024-04-11T19:00Z,IT_NORD,17602
2024-04-11T20:00Z,IT_NORD,16548
2024-04-11T21:00Z,IT_NORD,15373
2024-04-11T22:00Z,IT_NORD,14632
2024-04-11T23:00Z,IT_NORD,14179
2024-04-12T00:00Z,IT_NORD,14009
2024-04-12T01:00Z,IT_NORD,13887
2024-04-12T02:00Z,IT_NORD,14215
2024-04-12T03:00Z,IT_NORD,15351
2024-04-12T04:00Z,IT_NORD,17354
2024-04-12T05:00Z,IT_NORD,19132
2024-04-12T06:00Z,IT_NORD,20116
2024-04-12T07:00Z,IT_NORD,20491
2024-04-12T08:00Z,IT_NORD,20650
2024-04-12T09:00Z,IT_NORD,20444
2024-04-12T10:00Z,IT_NORD,20208
2024-04-12T11:00Z,IT_NORD,19940
2024-04-12T12:00Z,IT_NORD,19717
2024-04-12T13:00Z,IT_NORD,19513
2024-04-12T14:00Z,IT_NORD,19682
2024-04-12T15:00Z,IT_NORD,20100
2024-04-12T16:00Z,IT_NORD,20137
2024-04-12T17:00Z,IT_NORD,19631
2024-04-12T18:00Z,IT_NORD,18949
2024-04-12T19:00Z,IT_NORD,17926
2024-04-12T20:00Z,IT_NORD,16893
2024-04-12T21:00Z,IT_NORD,15523
2024-04-12T22:00Z,IT_NORD,13799
2024-04-12T23:00Z,IT_NORD,13559
2024-04-13T00:00Z,IT_NORD,13375
2024-04-13T01:00Z,IT_NORD,13254
2024-04-13T02:00Z,IT_NORD,13520
2024-04-13T03:00Z,IT_NORD,13989
2024-04-13T04:00Z,IT_NORD,14886
2024-04-13T05:00Z,IT_NORD,15777
2024-04-13T06:00Z,IT_NORD,16252
2024-04-13T07:00Z,IT_NORD,16606
2024-04-13T08:00Z,IT_NORD,16660
2024-04-13T09:00Z,IT_NORD,16662
2024-04-13T10:00Z,IT_NORD,16676
2024-04-13T11:00Z,IT_NORD,16560
2024-04-13T12:00Z,IT_NORD,16506
2024-04-13T13:00Z,IT_NORD,16643
2024-04-13T14:00Z,IT_NORD,16686
2024-04-13T15:00Z,IT_NORD,16881
2024-04-13T16:00Z,IT_NORD,16667
2024-04-13T17:00Z,IT_NORD,16364
2024-04-13T18:00Z,IT_NORD,15879
2024-04-13T19:00Z,IT_NORD,15559
2024-04-13T20:00Z,IT_NORD,14970
2024-04-13T21:00Z,IT_NORD,14534
2024-04-13T22:00Z,IT_NORD,12644
2024-04-13T23:00Z,IT_NORD,12404
2024-04-14T00:00Z,IT_NORD,12220
2024-04-14T01:00Z,IT_NORD,12112
2024-04-14T02:00Z,IT_NORD,12308
2024-04-14T03:00Z,IT_NORD,12711
2024-04-14T04:00Z,IT_NORD,13511
2024-04-14T05:00Z,IT_NORD,14334
2024-04-14T06:00Z,IT_NORD,14814
2024-04-14T07:00Z,IT_NORD,15138
2024-04-14T08:00Z,IT_NORD,15245
2024-04-14T09:00Z,IT_NORD,15248
2024-04-14T10:00Z,IT_NORD,15079
2024-04-14T11:00Z,IT_NORD,14973
2024-04-14T12:00Z,IT_NORD,15070
2024-04-14T13:00Z,IT_NORD,14922
2024-04-14T14:00Z,IT_NORD,14933
2024-04-14T15:00Z,IT_NORD,15110
2024-04-14T16:00Z,IT_NORD,15081
2024-04-14T17:00Z,IT_NORD,14902
2024-04-14T18:00Z,IT_NORD,14488
2024-04-14T19:00Z,IT_NORD,14008
2024-04-14T20:00Z,IT_NORD,13641
2024-04-14T21:00Z,IT_NORD,13129
2024-04-14T22:00Z,IT_NORD,14774
2024-04-14T23:00Z,IT_NORD,14152
2024-04-15T00:00Z,IT_NORD,13882
2024-04-15T01:00Z,IT_NORD,13638
2024-04-15T02:00Z,IT_NORD,13865
2024-04-15T03:00Z,IT_NORD,14897
2024-04-15T04:00Z,IT_NORD,17026
2024-04-15T05:00Z,IT_NORD,18567
2024-04-15T06:00Z,IT_NORD,19423
2024-04-15T07:00Z,IT_NORD,19964
2024-04-15T08:00Z,IT_NORD,20232
2024-04-15T09:00Z,IT_NORD,20130
2024-04-15T10:00Z,IT_NORD,20005
2024-04-15T11:00Z,IT_NORD,19862
2024-04-15T12:00Z,IT_NORD,19904
2024-04-15T13:00Z,IT_NORD,19781
2024-04-15T14:00Z,IT_NORD,20110
2024-04-15T15:00Z,IT_NORD,20482
2024-04-15T16:00Z,IT_NORD,20523
2024-04-15T17:00Z,IT_NORD,19858
2024-04-15T18:00Z,IT_NORD,19201
2024-04-15T19:00Z,IT_NORD,18334
2024-04-15T20:00Z,IT_NORD,17088
2024-04-15T21:00Z,IT_NORD,15903
2024-04-15T22:00Z,IT_NORD,14737
2024-04-15T23:00Z,IT_NORD,14222
2024-04-16T00:00Z,IT_NORD,13862
2024-04-16T01:00Z,IT_NORD,13725
2024-04-16T02:00Z,IT_NORD,14042
2024-04-16T03:00Z,IT_NORD,15081
2024-04-16T04:00Z,IT_NORD,17126
2024-04-16T05:00Z,IT_NORD,18758
2024-04-16T06:00Z,IT_NORD,19562
2024-04-16T07:00Z,IT_NORD,20000
2024-04-16T08:00Z,IT_NORD,20127
2024-04-16T09:00Z,IT_NORD,20077
2024-04-16T10:00Z,IT_NORD,19834
2024-04-16T11:00Z,IT_NORD,19714
2024-04-16T12:00Z,IT_NORD,19584
2024-04-16T13:00Z,IT_NORD,19541
2024-04-16T14:00Z,IT_NORD,19649
2024-04-16T15:00Z,IT_NORD,20265
2024-04-16T16:00Z,IT_NORD,20140
2024-04-16T17:00Z,IT_NORD,19546
2024-04-16T18:00Z,IT_NORD,18820
2024-04-16T19:00Z,IT_NORD,17904
2024-04-16T20:00Z,IT_NORD,16905
2024-04-16T21:00Z,IT_NORD,15721
2024-04-16T22:00Z,IT_NORD,14623
2024-04-16T23:00Z,IT_NORD,13968
2024-04-17T00:00Z,IT_NORD,13804
2024-04-17T01:00Z,IT_NORD,13702
2024-04-17T02:00Z,IT_NORD,13931
2024-04-17T03:00Z,IT_NORD,14915
2024-04-17T04:00Z,IT_NORD,16784
2024-04-17T05:00Z,IT_NORD,18573
2024-04-17T06:00Z,IT_NORD,19486
2024-04-17T07:00Z,IT_NORD,20162
2024-04-17T08:00Z,IT_NORD,20408
2024-04-17T09:00Z,IT_NORD,20406
2024-04-17T10:00Z,IT_NORD,20325
2024-04-17T11:00Z,IT_NORD,19977
2024-04-17T12:00Z,IT_NORD,19875
2024-04-17T13:00Z,IT_NORD,19819
2024-04-17T14:00Z,IT_NORD,19947
2024-04-17T15:00Z,IT_NORD,20239
2024-04-17T16:00Z,IT_NORD,20378
2024-04-17T17:00Z,IT_NORD,19636
2024-04-17T18:00Z,IT_NORD,18902
2024-04-17T19:00Z,IT_NORD,18119
2024-04-17T20:00Z,IT_NORD,17035
2024-04-17T21:00Z,IT_NORD,15695
2024-04-17T22:00Z,IT_NORD,14561
2024-04-17T23:00Z,IT_NORD,13974
2024-04-18T00:00Z,IT_NORD,13494
2024-04-18T01:00Z,IT_NORD,13410
2024-04-18T02:00Z,IT_NORD,13671
2024-04-18T03:00Z,IT_NORD,14909
2024-04-18T04:00Z,IT_NORD,16860
2024-04-18T05:00Z,IT_NORD,18492
2024-04-18T06:00Z,IT_NORD,19364
2024-04-18T07:00Z,IT_NORD,19689
2024-04-18T08:00Z,IT_NORD,19777
2024-04-18T09:00Z,IT_NORD,19888
2024-04-18T10:00Z,IT_NORD,19788
2024-04-18T11:00Z,IT_NORD,19448
2024-04-18T12:00Z,IT_NORD,19229
2024-04-18T13:00Z,IT_NORD,19255
2024-04-18T14:00Z,IT_NORD,19401
2024-04-18T15:00Z,IT_NORD,19844
2024-04-18T16:00Z,IT_NORD,19835
2024-04-18T17:00Z,IT_NORD,19294
2024-04-18T18:00Z,IT_NORD,18702
2024-04-18T19:00Z,IT_NORD,17846
2024-04-18T20:00Z,IT_NORD,16774
2024-04-18T21:00Z,IT_NORD,15643
2024-04-18T22:00Z,IT_NORD,14351
2024-04-18T23:00Z,IT_NORD,13635
2024-04-19T00:00Z,IT_NORD,13413
2024-04-19T01:00Z,IT_NORD,13461
2024-04-19T02:00Z,IT_NORD,13527
2024-04-19T03:00Z,IT_NORD,14553
2024-04-19T04:00Z,IT_NORD,16485
2024-04-19T05:00Z,IT_NORD,18316
2024-04-19T06:00Z,IT_NORD,19195
2024-04-19T07:00Z,IT_NORD,19559
2024-04-19T08:00Z,IT_NORD,19652
2024-04-19T09:00Z,IT_NORD,19709
2024-04-19T10:00Z,IT_NORD,19517
2024-04-19T11:00Z,IT_NORD,19311
2024-04-19T12:00Z,IT_NORD,19209
2024-04-19T13:00Z,IT_NORD,19000
2024-04-19T14:00Z,IT_NORD,19205
2024-04-19T15:00Z,IT_NORD,19589
2024-04-19T16:00Z,IT_NORD,19686
2024-04-19T17:00Z,IT_NORD,19227
2024-04-19T18:00Z,IT_NORD,18516
2024-04-19T19:00Z,IT_NORD,17608
2024-04-19T20:00Z,IT_NORD,16669
2024-04-19T21:00Z,IT_NORD,15453
2024-04-19T22:00Z,IT_NORD,14332
2024-04-19T23:00Z,IT_NORD,14016
2024-04-20T00:00Z,IT_NORD,13846
2024-04-20T01:00Z,IT_NORD,13758
2024-04-20T02:00Z,IT_NORD,13902
2024-04-20T03:00Z,IT_NORD,14408
2024-04-20T04:00Z,IT_NORD,15345
2024-04-20T05:00Z,IT_NORD,16251
2024-04-20T06:00Z,IT_NORD,16724
2024-04-20T07:00Z,IT_NORD,16944
2024-04-20T08:00Z,IT_NORD,17046
2024-04-20T09:00Z,IT_NORD,17041
2024-04-20T10:00Z,IT_NORD,16948
2024-04-20T11:00Z,IT_NORD,16707
2024-04-20T12:00Z,IT_NORD,16609
2024-04-20T13:00Z,IT_NORD,16660
2024-04-20T14:00Z,IT_NORD,16879
2024-04-20T15:00Z,IT_NORD,16990
2024-04-20T16:00Z,IT_NORD,17001
2024-04-20T17:00Z,IT_NORD,16727
2024-04-20T18:00Z,IT_NORD,16394
2024-04-20T19:00Z,IT_NORD,15780
2024-04-20T20:00Z,IT_NORD,15193
2024-04-20T21:00Z,IT_NORD,14581
2024-04-20T22:00Z,IT_NORD,12408
2024-04-20T23:00Z,IT_NORD,12164
2024-04-21T00:00Z,IT_NORD,12046
2024-04-21T01:00Z,IT_NORD,11974
2024-04-21T02:00Z,IT_NORD,12196
2024-04-21T03:00Z,IT_NORD,12763
2024-04-21T04:00Z,IT_NORD,13735
2024-04-21T05:00Z,IT_NORD,14520
2024-04-21T06:00Z,IT_NORD,14994
2024-04-21T07:00Z,IT_NORD,15254
2024-04-21T08:00Z,IT_NORD,15328
2024-04-21T09:00Z,IT_NORD,15176
2024-04-21T10:00Z,IT_NORD,15023
2024-04-21T11:00Z,IT_NORD,14958
2024-04-21T12:00Z,IT_NORD,14930
2024-04-21T13:00Z,IT_NORD,14779
2024-04-21T14:00Z,IT_NORD,14810
2024-04-21T15:00Z,IT_NORD,15033
2024-04-21T16:00Z,IT_NORD,15060
2024-04-21T17:00Z,IT_NORD,14914
2024-04-21T18:00Z,IT_NORD,14724
2024-04-21T19:00Z,IT_NORD,14283
2024-04-21T20:00Z,IT_NORD,13810
2024-04-21T21:00Z,IT_NORD,13191
2024-04-21T22:00Z,IT_NORD,14314
2024-04-21T23:00Z,IT_NORD,13759
2024-04-22T00:00Z,IT_NORD,13400
2024-04-22T01:00Z,IT_NORD,13350
2024-04-22T02:00Z,IT_NORD,13779
2024-04-22T03:00Z,IT_NORD,14899
2024-04-22T04:00Z,IT_NORD,16583
2024-04-22T05:00Z,IT_NORD,18280
2024-04-22T06:00Z,IT_NORD,19146
2024-04-22T07:00Z,IT_NORD,19570
2024-04-22T08:00Z,IT_NORD,19818
2024-04-22T09:00Z,IT_NORD,19775
2024-04-22T10:00Z,IT_NORD,19642
2024-04-22T11:00Z,IT_NORD,19472
2024-04-22T12:00Z,IT_NORD,19316
2024-04-22T13:00Z,IT_NORD,19222
2024-04-22T14:00Z,IT_NORD,19269
2024-04-22T15:00Z,IT_NORD,19746
2024-04-22T16:00Z,IT_NORD,19842
2024-04-22T17:00Z,IT_NORD,19189
2024-04-22T18:00Z,IT_NORD,18682
2024-04-22T19:00Z,IT_NORD,18043
2024-04-22T20:00Z,IT_NORD,16948
2024-04-22T21:00Z,IT_NORD,15720
2024-04-22T22:00Z,IT_NORD,14693
2024-04-22T23:00Z,IT_NORD,13924
2024-04-23T00:00Z,IT_NORD,13691
2024-04-23T01:00Z,IT_NORD,13378
2024-04-23T02:00Z,IT_NORD,13618
2024-04-23T03:00Z,IT_NORD,14859
2024-04-23T04:00Z,IT_NORD,16517
2024-04-23T05:00Z,IT_NORD,18271
2024-04-23T06:00Z,IT_NORD,19158
2024-04-23T07:00Z,IT_NORD,19667
2024-04-23T08:00Z,IT_NORD,19712
2024-04-23T09:00Z,IT_NORD,19732
2024-04-23T10:00Z,IT_NORD,19553
2024-04-23T11:00Z,IT_NORD,19279
2024-04-23T12:00Z,IT_NORD,19110
2024-04-23T13:00Z,IT_NORD,19303
2024-04-23T14:00Z,IT_NORD,19546
2024-04-23T15:00Z,IT_NORD,19788
2024-04-23T16:00Z,IT_NORD,19670
2024-04-23T17:00Z,IT_NORD,19186
2024-04-23T18:00Z,IT_NORD,18490
2024-04-23T19:00Z,IT_NORD,17884
2024-04-23T20:00Z,IT_NORD,16805
2024-04-23T21:00Z,IT_NORD,15356
2024-04-23T22:00Z,IT_NORD,14325
2024-04-23T23:00Z,IT_NORD,13888
2024-04-24T00:00Z,IT_NORD,13447
2024-04-24T01:00Z,IT_NORD,13138
2024-04-24T02:00Z,IT_NORD,13249
2024-04-24T03:00Z,IT_NORD,14385
2024-04-24T04:00Z,IT_NORD,16197
2024-04-24T05:00Z,IT_NORD,17733
2024-04-24T06:00Z,IT_NORD,18787
2024-04-24T07:00Z,IT_NORD,19344
2024-04-24T08:00Z,IT_NORD,19602
2024-04-24T09:00Z,IT_NORD,19557
2024-04-24T10:00Z,IT_NORD,19644
2024-04-24T11:00Z,IT_NORD,19607
2024-04-24T12:00Z,IT_NORD,19531
2024-04-24T13:00Z,IT_NORD,19334
2024-04-24T14:00Z,IT_NORD,19604
2024-04-24T15:00Z,IT_NORD,20071
2024-04-24T16:00Z,IT_NORD,19803
2024-04-24T17:00Z,IT_NORD,19210
2024-04-24T18:00Z,IT_NORD,18557
2024-04-24T19:00Z,IT_NORD,17731
2024-04-24T20:00Z,IT_NORD,16736
2024-04-24T21:00Z,IT_NORD,15301
2024-04-24T22:00Z,IT_NORD,12448
2024-04-24T23:00Z,IT_NORD,12032
2024-04-25T00:00Z,IT_NORD,11727
2024-04-25T01:00Z,IT_NORD,11785
2024-04-25T02:00Z,IT_NORD,11886
2024-04-25T03:00Z,IT_NORD,12480
2024-04-25T04:00Z,IT_NORD,13397
2024-04-25T05:00Z,IT_NORD,14116
2024-04-25T06:00Z,IT_NORD,14431
2024-04-25T07:00Z,IT_NORD,14703
2024-04-25T08:00Z,IT_NORD,14993
2024-04-25T09:00Z,IT_NORD,14901
2024-04-25T10:00Z,IT_NORD,14686
2024-04-25T11:00Z,IT_NORD,14873
2024-04-25T12:00Z,IT_NORD,14874
2024-04-25T13:00Z,IT_NORD,14676
2024-04-25T14:00Z,IT_NORD,14839
2024-04-25T15:00Z,IT_NORD,15192
2024-04-25T16:00Z,IT_NORD,15107
2024-04-25T17:00Z,IT_NORD,14896
2024-04-25T18:00Z,IT_NORD,14832
2024-04-25T19:00Z,IT_NORD,14445
2024-04-25T20:00Z,IT_NORD,13844
2024-04-25T21:00Z,IT_NORD,13208
2024-04-25T22:00Z,IT_NORD,14534
2024-04-25T23:00Z,IT_NORD,14077
2024-04-26T00:00Z,IT_NORD,13801
2024-04-26T01:00Z,IT_NORD,13780
2024-04-26T02:00Z,IT_NORD,13984
2024-04-26T03:00Z,IT_NORD,15146
2024-04-26T04:00Z,IT_NORD,16868
2024-04-26T05:00Z,IT_NORD,18407
2024-04-26T06:00Z,IT_NORD,19196
2024-04-26T07:00Z,IT_NORD,19687
2024-04-26T08:00Z,IT_NORD,19946
2024-04-26T09:00Z,IT_NORD,20101
2024-04-26T10:00Z,IT_NORD,19897
2024-04-26T11:00Z,IT_NORD,19763
2024-04-26T12:00Z,IT_NORD,19594
2024-04-26T13:00Z,IT_NORD,19565
2024-04-26T14:00Z,IT_NORD,19626
2024-04-26T15:00Z,IT_NORD,19987
2024-04-26T16:00Z,IT_NORD,20017
2024-04-26T17:00Z,IT_NORD,19424
2024-04-26T18:00Z,IT_NORD,18659
2024-04-26T19:00Z,IT_NORD,17999
2024-04-26T20:00Z,IT_NORD,17020
2024-04-26T21:00Z,IT_NORD,15708
2024-04-26T22:00Z,IT_NORD,14025
2024-04-26T23:00Z,IT_NORD,13721
2024-04-27T00:00Z,IT_NORD,13405
2024-04-27T01:00Z,IT_NORD,13214
2024-04-27T02:00Z,IT_NORD,13227
2024-04-27T03:00Z,IT_NORD,13867
2024-04-27T04:00Z,IT_NORD,14899
2024-04-27T05:00Z,IT_NORD,15884
2024-04-27T06:00Z,IT_NORD,16366
2024-04-27T07:00Z,IT_NORD,16392
2024-04-27T08:00Z,IT_NORD,16500
2024-04-27T09:00Z,IT_NORD,16616
2024-04-27T10:00Z,IT_NORD,16650
2024-04-27T11:00Z,IT_NORD,16564
2024-04-27T12:00Z,IT_NORD,16504
2024-04-27T13:00Z,IT_NORD,16514
2024-04-27T14:00Z,IT_NORD,16463
2024-04-27T15:00Z,IT_NORD,16546
2024-04-27T16:00Z,IT_NORD,16428
2024-04-27T17:00Z,IT_NORD,16194
2024-04-27T18:00Z,IT_NORD,15733
2024-04-27T19:00Z,IT_NORD,15461
2024-04-27T20:00Z,IT_NORD,14999
2024-04-27T21:00Z,IT_NORD,14334
2024-04-27T22:00Z,IT_NORD,12564
2024-04-27T23:00Z,IT_NORD,12246
2024-04-28T00:00Z,IT_NORD,12009
2024-04-28T01:00Z,IT_NORD,12059
2024-04-28T02:00Z,IT_NORD,12273
2024-04-28T03:00Z,IT_NORD,12630
2024-04-28T04:00Z,IT_NORD,13444
2024-04-28T05:00Z,IT_NORD,14119
2024-04-28T06:00Z,IT_NORD,14569
2024-04-28T07:00Z,IT_NORD,14820
2024-04-28T08:00Z,IT_NORD,14859
2024-04-28T09:00Z,IT_NORD,15005
2024-04-28T10:00Z,IT_NORD,14824
2024-04-28T11:00Z,IT_NORD,14827
2024-04-28T12:00Z,IT_NORD,14688
2024-04-28T13:00Z,IT_NORD,14687
2024-04-28T14:00Z,IT_NORD,14629
2024-04-28T15:00Z,IT_NORD,14825
2024-04-28T16:00Z,IT_NORD,14865
2024-04-28T17:00Z,IT_NORD,14598
2024-04-28T18:00Z,IT_NORD,14329
2024-04-28T19:00Z,IT_NORD,13984
2024-04-28T20:00Z,IT_NORD,13372
2024-04-28T21:00Z,IT_NORD,12905
2024-04-28T22:00Z,IT_NORD,14148
2024-04-28T23:00Z,IT_NORD,13666
2024-04-29T00:00Z,IT_NORD,13283
2024-04-29T01:00Z,IT_NORD,13178
2024-04-29T02:00Z,IT_NORD,13601
2024-04-29T03:00Z,IT_NORD,14718
2024-04-29T04:00Z,IT_NORD,16668
2024-04-29T05:00Z,IT_NORD,18355
2024-04-29T06:00Z,IT_NORD,19284
2024-04-29T07:00Z,IT_NORD,19834
2024-04-29T08:00Z,IT_NORD,20028
2024-04-29T09:00Z,IT_NORD,20038
2024-04-29T10:00Z,IT_NORD,19770
2024-04-29T11:00Z,IT_NORD,19487
2024-04-29T12:00Z,IT_NORD,19343
2024-04-29T13:00Z,IT_NORD,19250
2024-04-29T14:00Z,IT_NORD,19331
2024-04-29T15:00Z,IT_NORD,19582
2024-04-29T16:00Z,IT_NORD,19438
2024-04-29T17:00Z,IT_NORD,18929
2024-04-29T18:00Z,IT_NORD,18441
2024-04-29T19:00Z,IT_NORD,17565
2024-04-29T20:00Z,IT_NORD,16672
2024-04-29T21:00Z,IT_NORD,15476
2024-04-29T22:00Z,IT_NORD,14616
2024-04-29T23:00Z,IT_NORD,14036
2024-04-30T00:00Z,IT_NORD,13837
2024-04-30T01:00Z,IT_NORD,13500
2024-04-30T02:00Z,IT_NORD,13678
2024-04-30T03:00Z,IT_NORD,14840
2024-04-30T04:00Z,IT_NORD,16548
2024-04-30T05:00Z,IT_NORD,18436
2024-04-30T06:00Z,IT_NORD,19256
2024-04-30T07:00Z,IT_NORD,19665
2024-04-30T08:00Z,IT_NORD,19833
2024-04-30T09:00Z,IT_NORD,19883
2024-04-30T10:00Z,IT_NORD,19805
2024-04-30T11:00Z,IT_NORD,19557
2024-04-30T12:00Z,IT_NORD,19454
2024-04-30T13:00Z,IT_NORD,19211
2024-04-30T14:00Z,IT_NORD,19346
2024-04-30T15:00Z,IT_NORD,19674
2024-04-30T16:00Z,IT_NORD,19613
2024-04-30T17:00Z,IT_NORD,19251
2024-04-30T18:00Z,IT_NORD,18543
2024-04-30T19:00Z,IT_NORD,17775
2024-04-30T20:00Z,IT_NORD,16814
2024-04-30T21:00Z,IT_NORD,15517
2024-04-30T22:00Z,IT_NORD,12478
2024-04-30T23:00Z,IT_NORD,12092
2024-05-01T00:00Z,IT_NORD,11948
2024-05-01T01:00Z,IT_NORD,11903
2024-05-01T02:00Z,IT_NORD,12296
2024-05-01T03:00Z,IT_NORD,12752
2024-05-01T04:00Z,IT_NORD,13537
2024-05-01T05:00Z,IT_NORD,14426
2024-05-01T06:00Z,IT_NORD,14852
2024-05-01T07:00Z,IT_NORD,15137
2024-05-01T08:00Z,IT_NORD,15226
2024-05-01T09:00Z,IT_NORD,15223
2024-05-01T10:00Z,IT_NORD,15171
2024-05-01T11:00Z,IT_NORD,14895
2024-05-01T12:00Z,IT_NORD,14692
2024-05-01T13:00Z,IT_NORD,14654
2024-05-01T14:00Z,IT_NORD,14612
2024-05-01T15:00Z,IT_NORD,14688
2024-05-01T16:00Z,IT_NORD,14746
2024-05-01T17:00Z,IT_NORD,14433
2024-05-01T18:00Z,IT_NORD,14173
2024-05-01T19:00Z,IT_NORD,13984
2024-05-01T20:00Z,IT_NORD,13516
2024-05-01T21:00Z,IT_NORD,12994
2024-05-01T22:00Z,IT_NORD,14628
2024-05-01T23:00Z,IT_NORD,14083
2024-05-02T00:00Z,IT_NORD,13739
2024-05-02T01:00Z,IT_NORD,13523
2024-05-02T02:00Z,IT_NORD,13614
2024-05-02T03:00Z,IT_NORD,14582
2024-05-02T04:00Z,IT_NORD,16368
2024-05-02T05:00Z,IT_NORD,18229
2024-05-02T06:00Z,IT_NORD,19053
2024-05-02T07:00Z,IT_NORD,19670
2024-05-02T08:00Z,IT_NORD,19849
2024-05-02T09:00Z,IT_NORD,19734
2024-05-02T10:00Z,IT_NORD,19672
2024-05-02T11:00Z,IT_NORD,19501
2024-05-02T12:00Z,IT_NORD,19213
2024-05-02T13:00Z,IT_NORD,19321
2024-05-02T14:00Z,IT_NORD,19225
2024-05-02T15:00Z,IT_NORD,19439
2024-05-02T16:00Z,IT_NORD,19338
2024-05-02T17:00Z,IT_NORD,19108
2024-05-02T18:00Z,IT_NORD,18516
2024-05-02T19:00Z,IT_NORD,17805
2024-05-02T20:00Z,IT_NORD,16841
2024-05-02T21:00Z,IT_NORD,15683
2024-05-02T22:00Z,IT_NORD,14539
2024-05-02T23:00Z,IT_NORD,14023
2024-05-03T00:00Z,IT_NORD,13720
2024-05-03T01:00Z,IT_NORD,13826
2024-05-03T02:00Z,IT_NORD,14247
2024-05-03T03:00Z,IT_NORD,15295
2024-05-03T04:00Z,IT_NORD,17031
2024-05-03T05:00Z,IT_NORD,18410
2024-05-03T06:00Z,IT_NORD,19358
2024-05-03T07:00Z,IT_NORD,19647
2024-05-03T08:00Z,IT_NORD,20034
2024-05-03T09:00Z,IT_NORD,19865
2024-05-03T10:00Z,IT_NORD,19657
2024-05-03T11:00Z,IT_NORD,19391
2024-05-03T12:00Z,IT_NORD,19273
2024-05-03T13:00Z,IT_NORD,19158
2024-05-03T14:00Z,IT_NORD,19151
2024-05-03T15:00Z,IT_NORD,19410
2024-05-03T16:00Z,IT_NORD,19388
2024-05-03T17:00Z,IT_NORD,18890
2024-05-03T18:00Z,IT_NORD,18375
2024-05-03T19:00Z,IT_NORD,17858
2024-05-03T20:00Z,IT_NORD,16794
2024-05-03T21:00Z,IT_NORD,15653
2024-05-03T22:00Z,IT_NORD,13704
2024-05-03T23:00Z,IT_NORD,13501
2024-05-04T00:00Z,IT_NORD,13360
2024-05-04T01:00Z,IT_NORD,13245
2024-05-04T02:00Z,IT_NORD,13419
2024-05-04T03:00Z,IT_NORD,14174
2024-05-04T04:00Z,IT_NORD,14949
2024-05-04T05:00Z,IT_NORD,15674
2024-05-04T06:00Z,IT_NORD,16034
2024-05-04T07:00Z,IT_NORD,16202
2024-05-04T08:00Z,IT_NORD,16341
2024-05-04T09:00Z,IT_NORD,16435
2024-05-04T10:00Z,IT_NORD,16371
2024-05-04T11:00Z,IT_NORD,16354
2024-05-04T12:00Z,IT_NORD,16175
2024-05-04T13:00Z,IT_NORD,16115
2024-05-04T14:00Z,IT_NORD,16193
2024-05-04T15:00Z,IT_NORD,16166
2024-05-04T16:00Z,IT_NORD,16327
2024-05-04T17:00Z,IT_NORD,16397
2024-05-04T18:00Z,IT_NORD,16031
2024-05-04T19:00Z,IT_NORD,15590
2024-05-04T20:00Z,IT_NORD,14902
2024-05-04T21:00Z,IT_NORD,14206
2024-05-04T22:00Z,IT_NORD,12473
2024-05-04T23:00Z,IT_NORD,12383
2024-05-05T00:00Z,IT_NORD,12243
2024-05-05T01:00Z,IT_NORD,12285
2024-05-05T02:00Z,IT_NORD,12271
2024-05-05T03:00Z,IT_NORD,12735
2024-05-05T04:00Z,IT_NORD,13700
2024-05-05T05:00Z,IT_NORD,14410
2024-05-05T06:00Z,IT_NORD,15032
2024-05-05T07:00Z,IT_NORD,15300
2024-05-05T08:00Z,IT_NORD,15166
2024-05-05T09:00Z,IT_NORD,15303
2024-05-05T10:00Z,IT_NORD,15027
2024-05-05T11:00Z,IT_NORD,14948
2024-05-05T12:00Z,IT_NORD,14839
2024-05-05T13:00Z,IT_NORD,14734
2024-05-05T14:00Z,IT_NORD,14649
2024-05-05T15:00Z,IT_NORD,14785
2024-05-05T16:00Z,IT_NORD,14644
2024-05-05T17:00Z,IT_NORD,14500
2024-05-05T18:00Z,IT_NORD,14332
2024-05-05T19:00Z,IT_NORD,14049
2024-05-05T20:00Z,IT_NORD,13482
2024-05-05T21:00Z,IT_NORD,12833
2024-05-05T22:00Z,IT_NORD,14521
2024-05-05T23:00Z,IT_NORD,13682
2024-05-06T00:00Z,IT_NORD,13390
2024-05-06T01:00Z,IT_NORD,13255
2024-05-06T02:00Z,IT_NORD,13678
2024-05-06T03:00Z,IT_NORD,14751
2024-05-06T04:00Z,IT_NORD,16481
2024-05-06T05:00Z,IT_NORD,18063
2024-05-06T06:00Z,IT_NORD,19078
2024-05-06T07:00Z,IT_NORD,19748
2024-05-06T08:00Z,IT_NORD,20008
2024-05-06T09:00Z,IT_NORD,20232
2024-05-06T10:00Z,IT_NORD,19932
2024-05-06T11:00Z,IT_NORD,19746
2024-05-06T12:00Z,IT_NORD,19641
2024-05-06T13:00Z,IT_NORD,19517
2024-05-06T14:00Z,IT_NORD,19663
2024-05-06T15:00Z,IT_NORD,19861
2024-05-06T16:00Z,IT_NORD,19659
2024-05-06T17:00Z,IT_NORD,19228
2024-05-06T18:00Z,IT_NORD,18605
2024-05-06T19:00Z,IT_NORD,17792
2024-05-06T20:00Z,IT_NORD,16880
2024-05-06T21:00Z,IT_NORD,15567
2024-05-06T22:00Z,IT_NORD,14176
2024-05-06T23:00Z,IT_NORD,13689
2024-05-07T00:00Z,IT_NORD,13521
2024-05-07T01:00Z,IT_NORD,13432
2024-05-07T02:00Z,IT_NORD,13628
2024-05-07T03:00Z,IT_NORD,14526
2024-05-07T04:00Z,IT_NORD,16444
2024-05-07T05:00Z,IT_NORD,18140
2024-05-07T06:00Z,IT_NORD,19114
2024-05-07T07:00Z,IT_NORD,19721
2024-05-07T08:00Z,IT_NORD,20073
2024-05-07T09:00Z,IT_NORD,20176
2024-05-07T10:00Z,IT_NORD,20069
2024-05-07T11:00Z,IT_NORD,19797
2024-05-07T12:00Z,IT_NORD,19643
2024-05-07T13:00Z,IT_NORD,19648
2024-05-07T14:00Z,IT_NORD,19509
2024-05-07T15:00Z,IT_NORD,19773
2024-05-07T16:00Z,IT_NORD,19589
2024-05-07T17:00Z,IT_NORD,18968
2024-05-07T18:00Z,IT_NORD,18517
2024-05-07T19:00Z,IT_NORD,17973
2024-05-07T20:00Z,IT_NORD,16834
2024-05-07T21:00Z,IT_NORD,15594
2024-05-07T22:00Z,IT_NORD,14589
2024-05-07T23:00Z,IT_NORD,13996
2024-05-08T00:00Z,IT_NORD,13745
2024-05-08T01:00Z,IT_NORD,13730
2024-05-08T02:00Z,IT_NORD,14021
2024-05-08T03:00Z,IT_NORD,14970
2024-05-08T04:00Z,IT_NORD,16582
2024-05-08T05:00Z,IT_NORD,18228
2024-05-08T06:00Z,IT_NORD,19223
2024-05-08T07:00Z,IT_NORD,19721
2024-05-08T08:00Z,IT_NORD,19973
2024-05-08T09:00Z,IT_NORD,20099
2024-05-08T10:00Z,IT_NORD,19860
2024-05-08T11:00Z,IT_NORD,19679
2024-05-08T12:00Z,IT_NORD,19635
2024-05-08T13:00Z,IT_NORD,19467
2024-05-08T14:00Z,IT_NORD,19469
2024-05-08T15:00Z,IT_NORD,19734
2024-05-08T16:00Z,IT_NORD,19644
2024-05-08T17:00Z,IT_NORD,19259
2024-05-08T18:00Z,IT_NORD,18578
2024-05-08T19:00Z,IT_NORD,17931
2024-05-08T20:00Z,IT_NORD,17004
2024-05-08T21:00Z,IT_NORD,15821
2024-05-08T22:00Z,IT_NORD,14837
2024-05-08T23:00Z,IT_NORD,14173
2024-05-09T00:00Z,IT_NORD,13852
2024-05-09T01:00Z,IT_NORD,13638
2024-05-09T02:00Z,IT_NORD,13691
2024-05-09T03:00Z,IT_NORD,14612
2024-05-09T04:00Z,IT_NORD,16406
2024-05-09T05:00Z,IT_NORD,18012
2024-05-09T06:00Z,IT_NORD,18957
2024-05-09T07:00Z,IT_NORD,19662
2024-05-09T08:00Z,IT_NORD,19863
2024-05-09T09:00Z,IT_NORD,20002
2024-05-09T10:00Z,IT_NORD,20036
2024-05-09T11:00Z,IT_NORD,19863
2024-05-09T12:00Z,IT_NORD,20030
2024-05-09T13:00Z,IT_NORD,19993
2024-05-09T14:00Z,IT_NORD,19965
2024-05-09T15:00Z,IT_NORD,20084
2024-05-09T16:00Z,IT_NORD,20025
2024-05-09T17:00Z,IT_NORD,19535
2024-05-09T18:00Z,IT_NORD,18942
2024-05-09T19:00Z,IT_NORD,18187
2024-05-09T20:00Z,IT_NORD,16994
2024-05-09T21:00Z,IT_NORD,15788
2024-05-09T22:00Z,IT_NORD,14942
2024-05-09T23:00Z,IT_NORD,14407
2024-05-10T00:00Z,IT_NORD,14055
2024-05-10T01:00Z,IT_NORD,13977
2024-05-10T02:00Z,IT_NORD,14203
2024-05-10T03:00Z,IT_NORD,15091
2024-05-10T04:00Z,IT_NORD,16901
2024-05-10T05:00Z,IT_NORD,18623
2024-05-10T06:00Z,IT_NORD,19664
2024-05-10T07:00Z,IT_NORD,20186
2024-05-10T08:00Z,IT_NORD,20437
2024-05-10T09:00Z,IT_NORD,20370
2024-05-10T10:00Z,IT_NORD,20339
2024-05-10T11:00Z,IT_NORD,20260
2024-05-10T12:00Z,IT_NORD,20215
2024-05-10T13:00Z,IT_NORD,20082
2024-05-10T14:00Z,IT_NORD,19910
2024-05-10T15:00Z,IT_NORD,20102
2024-05-10T16:00Z,IT_NORD,20197
2024-05-10T17:00Z,IT_NORD,19718
2024-05-10T18:00Z,IT_NORD,19031
2024-05-10T19:00Z,IT_NORD,18403
2024-05-10T20:00Z,IT_NORD,17548
2024-05-10T21:00Z,IT_NORD,16180
2024-05-10T22:00Z,IT_NORD,13964
2024-05-10T23:00Z,IT_NORD,13801
2024-05-11T00:00Z,IT_NORD,13492
2024-05-11T01:00Z,IT_NORD,13338
2024-05-11T02:00Z,IT_NORD,13520
2024-05-11T03:00Z,IT_NORD,14091
2024-05-11T04:00Z,IT_NORD,15057
2024-05-11T05:00Z,IT_NORD,15721
2024-05-11T06:00Z,IT_NORD,16199
2024-05-11T07:00Z,IT_NORD,16591
2024-05-11T08:00Z,IT_NORD,16755
2024-05-11T09:00Z,IT_NORD,16952
2024-05-11T10:00Z,IT_NORD,16821
2024-05-11T11:00Z,IT_NORD,16832
2024-05-11T12:00Z,IT_NORD,16632
2024-05-11T13:00Z,IT_NORD,16501
2024-05-11T14:00Z,IT_NORD,16390
2024-05-11T15:00Z,IT_NORD,16625
2024-05-11T16:00Z,IT_NORD,16588
2024-05-11T17:00Z,IT_NORD,16441
2024-05-11T18:00Z,IT_NORD,16132
2024-05-11T19:00Z,IT_NORD,15613
2024-05-11T20:00Z,IT_NORD,15200
2024-05-11T21:00Z,IT_NORD,14502
2024-05-11T22:00Z,IT_NORD,12370
2024-05-11T23:00Z,IT_NORD,12128
2024-05-12T00:00Z,IT_NORD,11946
2024-05-12T01:00Z,IT_NORD,11826
2024-05-12T02:00Z,IT_NORD,11948
2024-05-12T03:00Z,IT_NORD,12578
2024-05-12T04:00Z,IT_NORD,13607
2024-05-12T05:00Z,IT_NORD,14358
2024-05-12T06:00Z,IT_NORD,14830
2024-05-12T07:00Z,IT_NORD,15047
2024-05-12T08:00Z,IT_NORD,15242
2024-05-12T09:00Z,IT_NORD,15293
2024-05-12T10:00Z,IT_NORD,15268
2024-05-12T11:00Z,IT_NORD,15127
2024-05-12T12:00Z,IT_NORD,15099
2024-05-12T13:00Z,IT_NORD,15224
2024-05-12T14:00Z,IT_NORD,15301
2024-05-12T15:00Z,IT_NORD,15271
2024-05-12T16:00Z,IT_NORD,15097
2024-05-12T17:00Z,IT_NORD,14795
2024-05-12T18:00Z,IT_NORD,14529
2024-05-12T19:00Z,IT_NORD,14340
2024-05-12T20:00Z,IT_NORD,13917
2024-05-12T21:00Z,IT_NORD,13098
2024-05-12T22:00Z,IT_NORD,14227
2024-05-12T23:00Z,IT_NORD,13667
2024-05-13T00:00Z,IT_NORD,13431
2024-05-13T01:00Z,IT_NORD,13248
2024-05-13T02:00Z,IT_NORD,13374
2024-05-13T03:00Z,IT_NORD,14368
2024-05-13T04:00Z,IT_NORD,16220
2024-05-13T05:00Z,IT_NORD,17879
2024-05-13T06:00Z,IT_NORD,18924
2024-05-13T07:00Z,IT_NORD,19412
2024-05-13T08:00Z,IT_NORD,19787
2024-05-13T09:00Z,IT_NORD,19752
2024-05-13T10:00Z,IT_NORD,19660
2024-05-13T11:00Z,IT_NORD,19318
2024-05-13T12:00Z,IT_NORD,19087
2024-05-13T13:00Z,IT_NORD,18936
2024-05-13T14:00Z,IT_NORD,19006
2024-05-13T15:00Z,IT_NORD,19088
2024-05-13T16:00Z,IT_NORD,18963
2024-05-13T17:00Z,IT_NORD,18472
2024-05-13T18:00Z,IT_NORD,18035
2024-05-13T19:00Z,IT_NORD,17444
2024-05-13T20:00Z,IT_NORD,16356
2024-05-13T21:00Z,IT_NORD,15063
2024-05-13T22:00Z,IT_NORD,14228
2024-05-13T23:00Z,IT_NORD,13674
2024-05-14T00:00Z,IT_NORD,13234
2024-05-14T01:00Z,IT_NORD,13030
2024-05-14T02:00Z,IT_NORD,13160
2024-05-14T03:00Z,IT_NORD,14076
2024-05-14T04:00Z,IT_NORD,15879
2024-05-14T05:00Z,IT_NORD,17461
2024-05-14T06:00Z,IT_NORD,18500
2024-05-14T07:00Z,IT_NORD,19212
2024-05-14T08:00Z,IT_NORD,19572
2024-05-14T09:00Z,IT_NORD,19730
2024-05-14T10:00Z,IT_NORD,19501
2024-05-14T11:00Z,IT_NORD,19124
2024-05-14T12:00Z,IT_NORD,18818
2024-05-14T13:00Z,IT_NORD,18787
2024-05-14T14:00Z,IT_NORD,18760
2024-05-14T15:00Z,IT_NORD,18933
2024-05-14T16:00Z,IT_NORD,18959
2024-05-14T17:00Z,IT_NORD,18827
2024-05-14T18:00Z,IT_NORD,18140
2024-05-14T19:00Z,IT_NORD,17462
2024-05-14T20:00Z,IT_NORD,16465
2024-05-14T21:00Z,IT_NORD,15163
2024-05-14T22:00Z,IT_NORD,14362
2024-05-14T23:00Z,IT_NORD,13825
2024-05-15T00:00Z,IT_NORD,13585
2024-05-15T01:00Z,IT_NORD,13415
2024-05-15T02:00Z,IT_NORD,13654
2024-05-15T03:00Z,IT_NORD,14626
2024-05-15T04:00Z,IT_NORD,16472
2024-05-15T05:00Z,IT_NORD,18039
2024-05-15T06:00Z,IT_NORD,19074
2024-05-15T07:00Z,IT_NORD,19581
2024-05-15T08:00Z,IT_NORD,19742
2024-05-15T09:00Z,IT_NORD,19787
2024-05-15T10:00Z,IT_NORD,19666
2024-05-15T11:00Z,IT_NORD,19446
2024-05-15T12:00Z,IT_NORD,19187
2024-05-15T13:00Z,IT_NORD,19041
2024-05-15T14:00Z,IT_NORD,18965
2024-05-15T15:00Z,IT_NORD,19196
2024-05-15T16:00Z,IT_NORD,18971
2024-05-15T17:00Z,IT_NORD,18607
2024-05-15T18:00Z,IT_NORD,17918
2024-05-15T19:00Z,IT_NORD,17319
2024-05-15T20:00Z,IT_NORD,16300
2024-05-15T21:00Z,IT_NORD,15194
2024-05-15T22:00Z,IT_NORD,14275
2024-05-15T23:00Z,IT_NORD,13901
2024-05-16T00:00Z,IT_NORD,13520
2024-05-16T01:00Z,IT_NORD,13498
2024-05-16T02:00Z,IT_NORD,13557
2024-05-16T03:00Z,IT_NORD,14481
2024-05-16T04:00Z,IT_NORD,16241
2024-05-16T05:00Z,IT_NORD,17722
2024-05-16T06:00Z,IT_NORD,18569
2024-05-16T07:00Z,IT_NORD,19201
2024-05-16T08:00Z,IT_NORD,19403
2024-05-16T09:00Z,IT_NORD,19795
2024-05-16T10:00Z,IT_NORD,19418
2024-05-16T11:00Z,IT_NORD,19139
2024-05-16T12:00Z,IT_NORD,18992
2024-05-16T13:00Z,IT_NORD,18919
2024-05-16T14:00Z,IT_NORD,18954
2024-05-16T15:00Z,IT_NORD,19059
2024-05-16T16:00Z,IT_NORD,19117
2024-05-16T17:00Z,IT_NORD,18717
2024-05-16T18:00Z,IT_NORD,18238
2024-05-16T19:00Z,IT_NORD,17624
2024-05-16T20:00Z,IT_NORD,16793
2024-05-16T21:00Z,IT_NORD,15383
2024-05-16T22:00Z,IT_NORD,14337
2024-05-16T23:00Z,IT_NORD,13983
2024-05-17T00:00Z,IT_NORD,13623
2024-05-17T01:00Z,IT_NORD,13316
2024-05-17T02:00Z,IT_NORD,13520
2024-05-17T03:00Z,IT_NORD,14416
2024-05-17T04:00Z,IT_NORD,16295
2024-05-17T05:00Z,IT_NORD,18012
2024-05-17T06:00Z,IT_NORD,18952
2024-05-17T07:00Z,IT_NORD,19638
2024-05-17T08:00Z,IT_NORD,19926
2024-05-17T09:00Z,IT_NORD,19943
2024-05-17T10:00Z,IT_NORD,19914
2024-05-17T11:00Z,IT_NORD,19577
2024-05-17T12:00Z,IT_NORD,19420
2024-05-17T13:00Z,IT_NORD,19316
2024-05-17T14:00Z,IT_NORD,19421
2024-05-17T15:00Z,IT_NORD,19330
2024-05-17T16:00Z,IT_NORD,19227
2024-05-17T17:00Z,IT_NORD,18981
2024-05-17T18:00Z,IT_NORD,18379
2024-05-17T19:00Z,IT_NORD,17593
2024-05-17T20:00Z,IT_NORD,16618
2024-05-17T21:00Z,IT_NORD,15415
2024-05-17T22:00Z,IT_NORD,13634
2024-05-17T23:00Z,IT_NORD,13498
2024-05-18T00:00Z,IT_NORD,13216
2024-05-18T01:00Z,IT_NORD,13061
2024-05-18T02:00Z,IT_NORD,13204
2024-05-18T03:00Z,IT_NORD,13819
2024-05-18T04:00Z,IT_NORD,14698
2024-05-18T05:00Z,IT_NORD,15531
2024-05-18T06:00Z,IT_NORD,16174
2024-05-18T07:00Z,IT_NORD,16567
2024-05-18T08:00Z,IT_NORD,16770
2024-05-18T09:00Z,IT_NORD,16755
2024-05-18T10:00Z,IT_NORD,16707
2024-05-18T11:00Z,IT_NORD,16596
2024-05-18T12:00Z,IT_NORD,16556
2024-05-18T13:00Z,IT_NORD,16474
2024-05-18T14:00Z,IT_NORD,16417
2024-05-18T15:00Z,IT_NORD,16307
2024-05-18T16:00Z,IT_NORD,16238
2024-05-18T17:00Z,IT_NORD,15829
2024-05-18T18:00Z,IT_NORD,15597
2024-05-18T19:00Z,IT_NORD,15421
2024-05-18T20:00Z,IT_NORD,14987
2024-05-18T21:00Z,IT_NORD,14327
2024-05-18T22:00Z,IT_NORD,12420
2024-05-18T23:00Z,IT_NORD,12281
2024-05-19T00:00Z,IT_NORD,11994
2024-05-19T01:00Z,IT_NORD,11977
2024-05-19T02:00Z,IT_NORD,12035
2024-05-19T03:00Z,IT_NORD,12591
2024-05-19T04:00Z,IT_NORD,13173
2024-05-19T05:00Z,IT_NORD,14031
2024-05-19T06:00Z,IT_NORD,14544
2024-05-19T07:00Z,IT_NORD,14716
2024-05-19T08:00Z,IT_NORD,14790
2024-05-19T09:00Z,IT_NORD,14804
2024-05-19T10:00Z,IT_NORD,14776
2024-05-19T11:00Z,IT_NORD,14934
2024-05-19T12:00Z,IT_NORD,14958
2024-05-19T13:00Z,IT_NORD,15001
2024-05-19T14:00Z,IT_NORD,14929
2024-05-19T15:00Z,IT_NORD,14931
2024-05-19T16:00Z,IT_NORD,14889
2024-05-19T17:00Z,IT_NORD,14722
2024-05-19T18:00Z,IT_NORD,14392
2024-05-19T19:00Z,IT_NORD,13861
2024-05-19T20:00Z,IT_NORD,13373
2024-05-19T21:00Z,IT_NORD,12719
2024-05-19T22:00Z,IT_NORD,14227
2024-05-19T23:00Z,IT_NORD,13765
2024-05-20T00:00Z,IT_NORD,13424
2024-05-20T01:00Z,IT_NORD,13202
2024-05-20T02:00Z,IT_NORD,13447
2024-05-20T03:00Z,IT_NORD,14540
2024-05-20T04:00Z,IT_NORD,16287
2024-05-20T05:00Z,IT_NORD,17891
2024-05-20T06:00Z,IT_NORD,18878
2024-05-20T07:00Z,IT_NORD,19517
2024-05-20T08:00Z,IT_NORD,19581
2024-05-20T09:00Z,IT_NORD,19691
2024-05-20T10:00Z,IT_NORD,19785
2024-05-20T11:00Z,IT_NORD,19532
2024-05-20T12:00Z,IT_NORD,19316
2024-05-20T13:00Z,IT_NORD,19159
2024-05-20T14:00Z,IT_NORD,19060
2024-05-20T15:00Z,IT_NORD,19015
2024-05-20T16:00Z,IT_NORD,18876
2024-05-20T17:00Z,IT_NORD,18482
2024-05-20T18:00Z,IT_NORD,18051
2024-05-20T19:00Z,IT_NORD,17477
2024-05-20T20:00Z,IT_NORD,16358
2024-05-20T21:00Z,IT_NORD,14990
2024-05-20T22:00Z,IT_NORD,14162
2024-05-20T23:00Z,IT_NORD,13620
2024-05-21T00:00Z,IT_NORD,13239
2024-05-21T01:00Z,IT_NORD,13161
2024-05-21T02:00Z,IT_NORD,13440
2024-05-21T03:00Z,IT_NORD,14419
2024-05-21T04:00Z,IT_NORD,16102
2024-05-21T05:00Z,IT_NORD,17632
2024-05-21T06:00Z,IT_NORD,18743
2024-05-21T07:00Z,IT_NORD,19342
2024-05-21T08:00Z,IT_NORD,19550
2024-05-21T09:00Z,IT_NORD,19783
2024-05-21T10:00Z,IT_NORD,19598
2024-05-21T11:00Z,IT_NORD,19464
2024-05-21T12:00Z,IT_NORD,19167
2024-05-21T13:00Z,IT_NORD,19034
2024-05-21T14:00Z,IT_NORD,18877
2024-05-21T15:00Z,IT_NORD,19092
2024-05-21T16:00Z,IT_NORD,19024
2024-05-21T17:00Z,IT_NORD,18700
2024-05-21T18:00Z,IT_NORD,18078
2024-05-21T19:00Z,IT_NORD,17347
2024-05-21T20:00Z,IT_NORD,16507
2024-05-21T21:00Z,IT_NORD,15232
2024-05-21T22:00Z,IT_NORD,14492
2024-05-21T23:00Z,IT_NORD,13776
2024-05-22T00:00Z,IT_NORD,13346
2024-05-22T01:00Z,IT_NORD,12925
2024-05-22T02:00Z,IT_NORD,13260
2024-05-22T03:00Z,IT_NORD,14320
2024-05-22T04:00Z,IT_NORD,16100
2024-05-22T05:00Z,IT_NORD,17658
2024-05-22T06:00Z,IT_NORD,18686
2024-05-22T07:00Z,IT_NORD,19270
2024-05-22T08:00Z,IT_NORD,19475
2024-05-22T09:00Z,IT_NORD,19714
2024-05-22T10:00Z,IT_NORD,19263
2024-05-22T11:00Z,IT_NORD,19101
2024-05-22T12:00Z,IT_NORD,19111
2024-05-22T13:00Z,IT_NORD,19177
2024-05-22T14:00Z,IT_NORD,19042
2024-05-22T15:00Z,IT_NORD,19120
2024-05-22T16:00Z,IT_NORD,19120
2024-05-22T17:00Z,IT_NORD,18517
2024-05-22T18:00Z,IT_NORD,17963
2024-05-22T19:00Z,IT_NORD,17082
2024-05-22T20:00Z,IT_NORD,16155
2024-05-22T21:00Z,IT_NORD,15122
2024-05-22T22:00Z,IT_NORD,14202
2024-05-22T23:00Z,IT_NORD,13799
2024-05-23T00:00Z,IT_NORD,13523
2024-05-23T01:00Z,IT_NORD,13158
2024-05-23T02:00Z,IT_NORD,13506
2024-05-23T03:00Z,IT_NORD,14519
2024-05-23T04:00Z,IT_NORD,16234
2024-05-23T05:00Z,IT_NORD,17913
2024-05-23T06:00Z,IT_NORD,19000
2024-05-23T07:00Z,IT_NORD,19539
2024-05-23T08:00Z,IT_NORD,19824
2024-05-23T09:00Z,IT_NORD,19968
2024-05-23T10:00Z,IT_NORD,19900
2024-05-23T11:00Z,IT_NORD,19597
2024-05-23T12:00Z,IT_NORD,19304
2024-05-23T13:00Z,IT_NORD,18973
2024-05-23T14:00Z,IT_NORD,18868
2024-05-23T15:00Z,IT_NORD,19072
2024-05-23T16:00Z,IT_NORD,19051
2024-05-23T17:00Z,IT_NORD,18774
2024-05-23T18:00Z,IT_NORD,18268
2024-05-23T19:00Z,IT_NORD,17865
2024-05-23T20:00Z,IT_NORD,16749
2024-05-23T21:00Z,IT_NORD,15554
2024-05-23T22:00Z,IT_NORD,14650
2024-05-23T23:00Z,IT_NORD,13991
2024-05-24T00:00Z,IT_NORD,13669
2024-05-24T01:00Z,IT_NORD,13405
2024-05-24T02:00Z,IT_NORD,13541
2024-05-24T03:00Z,IT_NORD,14623
2024-05-24T04:00Z,IT_NORD,16373
2024-05-24T05:00Z,IT_NORD,18091
2024-05-24T06:00Z,IT_NORD,19181
2024-05-24T07:00Z,IT_NORD,19655
2024-05-24T08:00Z,IT_NORD,19942
2024-05-24T09:00Z,IT_NORD,20099
2024-05-24T10:00Z,IT_NORD,19996
2024-05-24T11:00Z,IT_NORD,19878
2024-05-24T12:00Z,IT_NORD,19682
2024-05-24T13:00Z,IT_NORD,19552
2024-05-24T14:00Z,IT_NORD,19503
2024-05-24T15:00Z,IT_NORD,19688
2024-05-24T16:00Z,IT_NORD,19538
2024-05-24T17:00Z,IT_NORD,18814
2024-05-24T18:00Z,IT_NORD,18390
2024-05-24T19:00Z,IT_NORD,17673
2024-05-24T20:00Z,IT_NORD,16754
2024-05-24T21:00Z,IT_NORD,15384
2024-05-24T22:00Z,IT_NORD,13717
2024-05-24T23:00Z,IT_NORD,13493
2024-05-25T00:00Z,IT_NORD,13192
2024-05-25T01:00Z,IT_NORD,13189
2024-05-25T02:00Z,IT_NORD,13158
2024-05-25T03:00Z,IT_NORD,13669
2024-05-25T04:00Z,IT_NORD,14571
2024-05-25T05:00Z,IT_NORD,15427
2024-05-25T06:00Z,IT_NORD,16051
2024-05-25T07:00Z,IT_NORD,16404
2024-05-25T08:00Z,IT_NORD,16626
2024-05-25T09:00Z,IT_NORD,16669
2024-05-25T10:00Z,IT_NORD,16535
2024-05-25T11:00Z,IT_NORD,16406
2024-05-25T12:00Z,IT_NORD,16408
2024-05-25T13:00Z,IT_NORD,16195
2024-05-25T14:00Z,IT_NORD,16112
2024-05-25T15:00Z,IT_NORD,16068
2024-05-25T16:00Z,IT_NORD,16112
2024-05-25T17:00Z,IT_NORD,15709
2024-05-25T18:00Z,IT_NORD,15486
2024-05-25T19:00Z,IT_NORD,15159
2024-05-25T20:00Z,IT_NORD,14761
2024-05-25T21:00Z,IT_NORD,14059
2024-05-25T22:00Z,IT_NORD,12069
2024-05-25T23:00Z,IT_NORD,11930
2024-05-26T00:00Z,IT_NORD,11811
2024-05-26T01:00Z,IT_NORD,11697
2024-05-26T02:00Z,IT_NORD,11803
2024-05-26T03:00Z,IT_NORD,12201
2024-05-26T04:00Z,IT_NORD,12992
2024-05-26T05:00Z,IT_NORD,13685
2024-05-26T06:00Z,IT_NORD,14256
2024-05-26T07:00Z,IT_NORD,14691
2024-05-26T08:00Z,IT_NORD,15024
2024-05-26T09:00Z,IT_NORD,15025
2024-05-26T10:00Z,IT_NORD,14927
2024-05-26T11:00Z,IT_NORD,14812
2024-05-26T12:00Z,IT_NORD,14757
2024-05-26T13:00Z,IT_NORD,14820
2024-05-26T14:00Z,IT_NORD,14691
2024-05-26T15:00Z,IT_NORD,14702
2024-05-26T16:00Z,IT_NORD,14698
2024-05-26T17:00Z,IT_NORD,14591
2024-05-26T18:00Z,IT_NORD,14320
2024-05-26T19:00Z,IT_NORD,14034
2024-05-26T20:00Z,IT_NORD,13509
2024-05-26T21:00Z,IT_NORD,12993
2024-05-26T22:00Z,IT_NORD,14653
2024-05-26T23:00Z,IT_NORD,14021
2024-05-27T00:00Z,IT_NORD,13674
2024-05-27T01:00Z,IT_NORD,13621
2024-05-27T02:00Z,IT_NORD,13730
2024-05-27T03:00Z,IT_NORD,14727
2024-05-27T04:00Z,IT_NORD,16440
2024-05-27T05:00Z,IT_NORD,17917
2024-05-27T06:00Z,IT_NORD,18834
2024-05-27T07:00Z,IT_NORD,19491
2024-05-27T08:00Z,IT_NORD,19998
2024-05-27T09:00Z,IT_NORD,20057
2024-05-27T10:00Z,IT_NORD,20061
2024-05-27T11:00Z,IT_NORD,19841
2024-05-27T12:00Z,IT_NORD,19776
2024-05-27T13:00Z,IT_NORD,19472
2024-05-27T14:00Z,IT_NORD,19256
2024-05-27T15:00Z,IT_NORD,19300
2024-05-27T16:00Z,IT_NORD,19322
2024-05-27T17:00Z,IT_NORD,18891
2024-05-27T18:00Z,IT_NORD,18279
2024-05-27T19:00Z,IT_NORD,17664
2024-05-27T20:00Z,IT_NORD,16844
2024-05-27T21:00Z,IT_NORD,15601
2024-05-27T22:00Z,IT_NORD,15825
2024-05-27T23:00Z,IT_NORD,15377
2024-05-28T00:00Z,IT_NORD,14854
2024-05-28T01:00Z,IT_NORD,14851
2024-05-28T02:00Z,IT_NORD,14889
2024-05-28T03:00Z,IT_NORD,15972
2024-05-28T04:00Z,IT_NORD,17834
2024-05-28T05:00Z,IT_NORD,19484
2024-05-28T06:00Z,IT_NORD,20479
2024-05-28T07:00Z,IT_NORD,21257
2024-05-28T08:00Z,IT_NORD,21524
2024-05-28T09:00Z,IT_NORD,21674
2024-05-28T10:00Z,IT_NORD,21449
2024-05-28T11:00Z,IT_NORD,21033
2024-05-28T12:00Z,IT_NORD,20644
2024-05-28T13:00Z,IT_NORD,20693
2024-05-28T14:00Z,IT_NORD,20700
2024-05-28T15:00Z,IT_NORD,20687
2024-05-28T16:00Z,IT_NORD,20616
2024-05-28T17:00Z,IT_NORD,20262
2024-05-28T18:00Z,IT_NORD,19876
2024-05-28T19:00Z,IT_NORD,19112
2024-05-28T20:00Z,IT_NORD,18032
2024-05-28T21:00Z,IT_NORD,16742
2024-05-28T22:00Z,IT_NORD,15285
2024-05-28T23:00Z,IT_NORD,14851
2024-05-29T00:00Z,IT_NORD,14526
2024-05-29T01:00Z,IT_NORD,14412
2024-05-29T02:00Z,IT_NORD,14479
2024-05-29T03:00Z,IT_NORD,15378
2024-05-29T04:00Z,IT_NORD,17212
2024-05-29T05:00Z,IT_NORD,19067
2024-05-29T06:00Z,IT_NORD,20181
2024-05-29T07:00Z,IT_NORD,20847
2024-05-29T08:00Z,IT_NORD,21099
2024-05-29T09:00Z,IT_NORD,21426
2024-05-29T10:00Z,IT_NORD,21283
2024-05-29T11:00Z,IT_NORD,20915
2024-05-29T12:00Z,IT_NORD,20658
2024-05-29T13:00Z,IT_NORD,20595
2024-05-29T14:00Z,IT_NORD,20544
2024-05-29T15:00Z,IT_NORD,20573
2024-05-29T16:00Z,IT_NORD,20313
2024-05-29T17:00Z,IT_NORD,19883
2024-05-29T18:00Z,IT_NORD,19349
2024-05-29T19:00Z,IT_NORD,18570
2024-05-29T20:00Z,IT_NORD,17546
2024-05-29T21:00Z,IT_NORD,16286
2024-05-29T22:00Z,IT_NORD,14442
2024-05-29T23:00Z,IT_NORD,13848
2024-05-30T00:00Z,IT_NORD,13659
2024-05-30T01:00Z,IT_NORD,13442
2024-05-30T02:00Z,IT_NORD,13769
2024-05-30T03:00Z,IT_NORD,14718
2024-05-30T04:00Z,IT_NORD,16183
2024-05-30T05:00Z,IT_NORD,17698
2024-05-30T06:00Z,IT_NORD,18794
2024-05-30T07:00Z,IT_NORD,19430
2024-05-30T08:00Z,IT_NORD,19745
2024-05-30T09:00Z,IT_NORD,19983
2024-05-30T10:00Z,IT_NORD,19933
2024-05-30T11:00Z,IT_NORD,19614
2024-05-30T12:00Z,IT_NORD,19516
2024-05-30T13:00Z,IT_NORD,19268
2024-05-30T14:00Z,IT_NORD,19134
2024-05-30T15:00Z,IT_NORD,19246
2024-05-30T16:00Z,IT_NORD,19068
2024-05-30T17:00Z,IT_NORD,18713
2024-05-30T18:00Z,IT_NORD,18154
2024-05-30T19:00Z,IT_NORD,17602
2024-05-30T20:00Z,IT_NORD,16766
2024-05-30T21:00Z,IT_NORD,15449
2024-05-30T22:00Z,IT_NORD,14350
2024-05-30T23:00Z,IT_NORD,13910
2024-05-31T00:00Z,IT_NORD,13542
2024-05-31T01:00Z,IT_NORD,13343
2024-05-31T02:00Z,IT_NORD,13415
2024-05-31T03:00Z,IT_NORD,14385
2024-05-31T04:00Z,IT_NORD,16019
2024-05-31T05:00Z,IT_NORD,17602
2024-05-31T06:00Z,IT_NORD,18714
2024-05-31T07:00Z,IT_NORD,19201
2024-05-31T08:00Z,IT_NORD,19426
2024-05-31T09:00Z,IT_NORD,19543
2024-05-31T10:00Z,IT_NORD,19540
2024-05-31T11:00Z,IT_NORD,19560
2024-05-31T12:00Z,IT_NORD,19379
2024-05-31T13:00Z,IT_NORD,19235
2024-05-31T14:00Z,IT_NORD,19055
2024-05-31T15:00Z,IT_NORD,19211
2024-05-31T16:00Z,IT_NORD,18985
2024-05-31T17:00Z,IT_NORD,18552
2024-05-31T18:00Z,IT_NORD,18143
2024-05-31T19:00Z,IT_NORD,17584
2024-05-31T20:00Z,IT_NORD,16602
2024-05-31T21:00Z,IT_NORD,15353
2024-05-31T22:00Z,IT_NORD,13647
2024-05-31T23:00Z,IT_NORD,13400
2024-06-01T00:00Z,IT_NORD,13285
2024-06-01T01:00Z,IT_NORD,13252
2024-06-01T02:00Z,IT_NORD,13348
2024-06-01T03:00Z,IT_NORD,13730
2024-06-01T04:00Z,IT_NORD,14684
2024-06-01T05:00Z,IT_NORD,15646
2024-06-01T06:00Z,IT_NORD,16247
2024-06-01T07:00Z,IT_NORD,16556
2024-06-01T08:00Z,IT_NORD,16654
2024-06-01T09:00Z,IT_NORD,16729
2024-06-01T10:00Z,IT_NORD,16686
2024-06-01T11:00Z,IT_NORD,16434
2024-06-01T12:00Z,IT_NORD,16490
2024-06-01T13:00Z,IT_NORD,16502
2024-06-01T14:00Z,IT_NORD,16276
2024-06-01T15:00Z,IT_NORD,16121
2024-06-01T16:00Z,IT_NORD,16118
2024-06-01T17:00Z,IT_NORD,15826
2024-06-01T18:00Z,IT_NORD,15593
2024-06-01T19:00Z,IT_NORD,15325
2024-06-01T20:00Z,IT_NORD,14847
2024-06-01T21:00Z,IT_NORD,14180
2024-06-01T22:00Z,IT_NORD,13898
2024-06-01T23:00Z,IT_NORD,13620
2024-06-02T00:00Z,IT_NORD,13519
2024-06-02T01:00Z,IT_NORD,13439
2024-06-02T02:00Z,IT_NORD,13510
2024-06-02T03:00Z,IT_NORD,13944
2024-06-02T04:00Z,IT_NORD,14923
2024-06-02T05:00Z,IT_NORD,15870
2024-06-02T06:00Z,IT_NORD,16323
2024-06-02T07:00Z,IT_NORD,16590
2024-06-02T08:00Z,IT_NORD,16796
2024-06-02T09:00Z,IT_NORD,16877
2024-06-02T10:00Z,IT_NORD,16738
2024-06-02T11:00Z,IT_NORD,16657
2024-06-02T12:00Z,IT_NORD,16598
2024-06-02T13:00Z,IT_NORD,16510
2024-06-02T14:00Z,IT_NORD,16359
2024-06-02T15:00Z,IT_NORD,16584
2024-06-02T16:00Z,IT_NORD,16493
2024-06-02T17:00Z,IT_NORD,16083
2024-06-02T18:00Z,IT_NORD,15824
2024-06-02T19:00Z,IT_NORD,15603
2024-06-02T20:00Z,IT_NORD,15100
2024-06-02T21:00Z,IT_NORD,14550
2024-06-02T22:00Z,IT_NORD,14638
2024-06-02T23:00Z,IT_NORD,14125
2024-06-03T00:00Z,IT_NORD,13532
2024-06-03T01:00Z,IT_NORD,13492
2024-06-03T02:00Z,IT_NORD,13829
2024-06-03T03:00Z,IT_NORD,14904
2024-06-03T04:00Z,IT_NORD,16523
2024-06-03T05:00Z,IT_NORD,17937
2024-06-03T06:00Z,IT_NORD,19080
2024-06-03T07:00Z,IT_NORD,19661
2024-06-03T08:00Z,IT_NORD,19830
2024-06-03T09:00Z,IT_NORD,19948
2024-06-03T10:00Z,IT_NORD,19992
2024-06-03T11:00Z,IT_NORD,19757
2024-06-03T12:00Z,IT_NORD,19536
2024-06-03T13:00Z,IT_NORD,19414
2024-06-03T14:00Z,IT_NORD,19368
2024-06-03T15:00Z,IT_NORD,19462
2024-06-03T16:00Z,IT_NORD,19517
2024-06-03T17:00Z,IT_NORD,19008
2024-06-03T18:00Z,IT_NORD,18603
2024-06-03T19:00Z,IT_NORD,18171
2024-06-03T20:00Z,IT_NORD,17186
2024-06-03T21:00Z,IT_NORD,15950
2024-06-03T22:00Z,IT_NORD,14706
2024-06-03T23:00Z,IT_NORD,14013
2024-06-04T00:00Z,IT_NORD,13456
2024-06-04T01:00Z,IT_NORD,13351
2024-06-04T02:00Z,IT_NORD,13556
2024-06-04T03:00Z,IT_NORD,14582
2024-06-04T04:00Z,IT_NORD,16460
2024-06-04T05:00Z,IT_NORD,18222
2024-06-04T06:00Z,IT_NORD,19231
2024-06-04T07:00Z,IT_NORD,19990
2024-06-04T08:00Z,IT_NORD,20330
2024-06-04T09:00Z,IT_NORD,20510
2024-06-04T10:00Z,IT_NORD,20392
2024-06-04T11:00Z,IT_NORD,20126
2024-06-04T12:00Z,IT_NORD,20019
2024-06-04T13:00Z,IT_NORD,20050
2024-06-04T14:00Z,IT_NORD,19942
2024-06-04T15:00Z,IT_NORD,19962
2024-06-04T16:00Z,IT_NORD,19811
2024-06-04T17:00Z,IT_NORD,19203
2024-06-04T18:00Z,IT_NORD,18806
2024-06-04T19:00Z,IT_NORD,18179
2024-06-04T20:00Z,IT_NORD,17099
2024-06-04T21:00Z,IT_NORD,15695
2024-06-04T22:00Z,IT_NORD,14100
2024-06-04T23:00Z,IT_NORD,13309
2024-06-05T00:00Z,IT_NORD,13128
2024-06-05T01:00Z,IT_NORD,12905
2024-06-05T02:00Z,IT_NORD,13122
2024-06-05T03:00Z,IT_NORD,14307
2024-06-05T04:00Z,IT_NORD,15956
2024-06-05T05:00Z,IT_NORD,17582
2024-06-05T06:00Z,IT_NORD,18488
2024-06-05T07:00Z,IT_NORD,19206
2024-06-05T08:00Z,IT_NORD,19426
2024-06-05T09:00Z,IT_NORD,19606
2024-06-05T10:00Z,IT_NORD,19479
2024-06-05T11:00Z,IT_NORD,19416
2024-06-05T12:00Z,IT_NORD,19148
2024-06-05T13:00Z,IT_NORD,18867
2024-06-05T14:00Z,IT_NORD,18845
2024-06-05T15:00Z,IT_NORD,18659
2024-06-05T16:00Z,IT_NORD,18778
2024-06-05T17:00Z,IT_NORD,18562
2024-06-05T18:00Z,IT_NORD,18229
2024-06-05T19:00Z,IT_NORD,17383
2024-06-05T20:00Z,IT_NORD,16353
2024-06-05T21:00Z,IT_NORD,15066
2024-06-05T22:00Z,IT_NORD,14295
2024-06-05T23:00Z,IT_NORD,13869
2024-06-06T00:00Z,IT_NORD,13483
2024-06-06T01:00Z,IT_NORD,13311
2024-06-06T02:00Z,IT_NORD,13526
2024-06-06T03:00Z,IT_NORD,14278
2024-06-06T04:00Z,IT_NORD,16026
2024-06-06T05:00Z,IT_NORD,17530
2024-06-06T06:00Z,IT_NORD,18620
2024-06-06T07:00Z,IT_NORD,19278
2024-06-06T08:00Z,IT_NORD,19709
2024-06-06T09:00Z,IT_NORD,19826
2024-06-06T10:00Z,IT_NORD,19865
2024-06-06T11:00Z,IT_NORD,19725
2024-06-06T12:00Z,IT_NORD,19672
2024-06-06T13:00Z,IT_NORD,19560
2024-06-06T14:00Z,IT_NORD,19635
2024-06-06T15:00Z,IT_NORD,19467
2024-06-06T16:00Z,IT_NORD,19362
2024-06-06T17:00Z,IT_NORD,18839
2024-06-06T18:00Z,IT_NORD,18324
2024-06-06T19:00Z,IT_NORD,17676
2024-06-06T20:00Z,IT_NORD,16756
2024-06-06T21:00Z,IT_NORD,15647
2024-06-06T22:00Z,IT_NORD,15091
2024-06-06T23:00Z,IT_NORD,14517
2024-06-07T00:00Z,IT_NORD,14046
2024-06-07T01:00Z,IT_NORD,13953
2024-06-07T02:00Z,IT_NORD,14339
2024-06-07T03:00Z,IT_NORD,15252
2024-06-07T04:00Z,IT_NORD,17003
2024-06-07T05:00Z,IT_NORD,18786
2024-06-07T06:00Z,IT_NORD,19906
2024-06-07T07:00Z,IT_NORD,20657
2024-06-07T08:00Z,IT_NORD,21070
2024-06-07T09:00Z,IT_NORD,20947
2024-06-07T10:00Z,IT_NORD,20712
2024-06-07T11:00Z,IT_NORD,20442
2024-06-07T12:00Z,IT_NORD,20451
2024-06-07T13:00Z,IT_NORD,20183
2024-06-07T14:00Z,IT_NORD,20206
2024-06-07T15:00Z,IT_NORD,20212
2024-06-07T16:00Z,IT_NORD,20161
2024-06-07T17:00Z,IT_NORD,19828
2024-06-07T18:00Z,IT_NORD,19384
2024-06-07T19:00Z,IT_NORD,18670
2024-06-07T20:00Z,IT_NORD,17766
2024-06-07T21:00Z,IT_NORD,16414
2024-06-07T22:00Z,IT_NORD,13791
2024-06-07T23:00Z,IT_NORD,13359
2024-06-08T00:00Z,IT_NORD,13221
2024-06-08T01:00Z,IT_NORD,13160
2024-06-08T02:00Z,IT_NORD,13203
2024-06-08T03:00Z,IT_NORD,13769
2024-06-08T04:00Z,IT_NORD,14722
2024-06-08T05:00Z,IT_NORD,15412
2024-06-08T06:00Z,IT_NORD,16063
2024-06-08T07:00Z,IT_NORD,16468
2024-06-08T08:00Z,IT_NORD,16659
2024-06-08T09:00Z,IT_NORD,16720
2024-06-08T10:00Z,IT_NORD,16657
2024-06-08T11:00Z,IT_NORD,16658
2024-06-08T12:00Z,IT_NORD,16434
2024-06-08T13:00Z,IT_NORD,16368
2024-06-08T14:00Z,IT_NORD,16339
2024-06-08T15:00Z,IT_NORD,16407
2024-06-08T16:00Z,IT_NORD,16313
2024-06-08T17:00Z,IT_NORD,15998
2024-06-08T18:00Z,IT_NORD,15749
2024-06-08T19:00Z,IT_NORD,15444
2024-06-08T20:00Z,IT_NORD,14857
2024-06-08T21:00Z,IT_NORD,14186
2024-06-08T22:00Z,IT_NORD,12382
2024-06-08T23:00Z,IT_NORD,12034
2024-06-09T00:00Z,IT_NORD,11826
2024-06-09T01:00Z,IT_NORD,11786
2024-06-09T02:00Z,IT_NORD,11903
2024-06-09T03:00Z,IT_NORD,12467
2024-06-09T04:00Z,IT_NORD,13305
2024-06-09T05:00Z,IT_NORD,14120
2024-06-09T06:00Z,IT_NORD,14455
2024-06-09T07:00Z,IT_NORD,14754
2024-06-09T08:00Z,IT_NORD,15219
2024-06-09T09:00Z,IT_NORD,15047
2024-06-09T10:00Z,IT_NORD,15224
2024-06-09T11:00Z,IT_NORD,15134
2024-06-09T12:00Z,IT_NORD,15115
2024-06-09T13:00Z,IT_NORD,15107
2024-06-09T14:00Z,IT_NORD,14952
2024-06-09T15:00Z,IT_NORD,14734
2024-06-09T16:00Z,IT_NORD,14509
2024-06-09T17:00Z,IT_NORD,14477
2024-06-09T18:00Z,IT_NORD,14332
2024-06-09T19:00Z,IT_NORD,14043
2024-06-09T20:00Z,IT_NORD,13561
2024-06-09T21:00Z,IT_NORD,12842
2024-06-09T22:00Z,IT_NORD,14885
2024-06-09T23:00Z,IT_NORD,14240
2024-06-10T00:00Z,IT_NORD,13925
2024-06-10T01:00Z,IT_NORD,13819
2024-06-10T02:00Z,IT_NORD,14080
2024-06-10T03:00Z,IT_NORD,15007
2024-06-10T04:00Z,IT_NORD,16555
2024-06-10T05:00Z,IT_NORD,18289
2024-06-10T06:00Z,IT_NORD,19297
2024-06-10T07:00Z,IT_NORD,19985
2024-06-10T08:00Z,IT_NORD,20478
2024-06-10T09:00Z,IT_NORD,20549
2024-06-10T10:00Z,IT_NORD,20479
2024-06-10T11:00Z,IT_NORD,20321
2024-06-10T12:00Z,IT_NORD,20319
2024-06-10T13:00Z,IT_NORD,19879
2024-06-10T14:00Z,IT_NORD,19910
2024-06-10T15:00Z,IT_NORD,19990
2024-06-10T16:00Z,IT_NORD,19864
2024-06-10T17:00Z,IT_NORD,19336
2024-06-10T18:00Z,IT_NORD,18881
2024-06-10T19:00Z,IT_NORD,18311
2024-06-10T20:00Z,IT_NORD,17402
2024-06-10T21:00Z,IT_NORD,16105
2024-06-10T22:00Z,IT_NORD,17288
2024-06-10T23:00Z,IT_NORD,16671
2024-06-11T00:00Z,IT_NORD,16216
2024-06-11T01:00Z,IT_NORD,15967
2024-06-11T02:00Z,IT_NORD,16300
2024-06-11T03:00Z,IT_NORD,17262
2024-06-11T04:00Z,IT_NORD,19089
2024-06-11T05:00Z,IT_NORD,21073
2024-06-11T06:00Z,IT_NORD,22297
2024-06-11T07:00Z,IT_NORD,23001
2024-06-11T08:00Z,IT_NORD,23069
2024-06-11T09:00Z,IT_NORD,23386
2024-06-11T10:00Z,IT_NORD,23371
2024-06-11T11:00Z,IT_NORD,23363
2024-06-11T12:00Z,IT_NORD,23167
2024-06-11T13:00Z,IT_NORD,23104
2024-06-11T14:00Z,IT_NORD,22917
2024-06-11T15:00Z,IT_NORD,22804
2024-06-11T16:00Z,IT_NORD,22664
2024-06-11T17:00Z,IT_NORD,22003
2024-06-11T18:00Z,IT_NORD,21535
2024-06-11T19:00Z,IT_NORD,20963
2024-06-11T20:00Z,IT_NORD,19944
2024-06-11T21:00Z,IT_NORD,18402
2024-06-11T22:00Z,IT_NORD,16473
2024-06-11T23:00Z,IT_NORD,15763
2024-06-12T00:00Z,IT_NORD,15370
2024-06-12T01:00Z,IT_NORD,15086
2024-06-12T02:00Z,IT_NORD,15196
2024-06-12T03:00Z,IT_NORD,16192
2024-06-12T04:00Z,IT_NORD,17848
2024-06-12T05:00Z,IT_NORD,19803
2024-06-12T06:00Z,IT_NORD,21124
2024-06-12T07:00Z,IT_NORD,22165
2024-06-12T08:00Z,IT_NORD,22376
2024-06-12T09:00Z,IT_NORD,22709
2024-06-12T10:00Z,IT_NORD,22549
2024-06-12T11:00Z,IT_NORD,22388
2024-06-12T12:00Z,IT_NORD,22021
2024-06-12T13:00Z,IT_NORD,21983
2024-06-12T14:00Z,IT_NORD,22032
2024-06-12T15:00Z,IT_NORD,21918
2024-06-12T16:00Z,IT_NORD,21783
2024-06-12T17:00Z,IT_NORD,21382
2024-06-12T18:00Z,IT_NORD,21044
2024-06-12T19:00Z,IT_NORD,20474
2024-06-12T20:00Z,IT_NORD,19372
2024-06-12T21:00Z,IT_NORD,17827
2024-06-12T22:00Z,IT_NORD,17878
2024-06-12T23:00Z,IT_NORD,17213
2024-06-13T00:00Z,IT_NORD,16671
2024-06-13T01:00Z,IT_NORD,16398
2024-06-13T02:00Z,IT_NORD,16595
2024-06-13T03:00Z,IT_NORD,17755
2024-06-13T04:00Z,IT_NORD,19765
2024-06-13T05:00Z,IT_NORD,21814
2024-06-13T06:00Z,IT_NORD,23069
2024-06-13T07:00Z,IT_NORD,23980
2024-06-13T08:00Z,IT_NORD,24522
2024-06-13T09:00Z,IT_NORD,24528
2024-06-13T10:00Z,IT_NORD,24399
2024-06-13T11:00Z,IT_NORD,24159
2024-06-13T12:00Z,IT_NORD,24079
2024-06-13T13:00Z,IT_NORD,23887
2024-06-13T14:00Z,IT_NORD,23983
2024-06-13T15:00Z,IT_NORD,23818
2024-06-13T16:00Z,IT_NORD,23657
2024-06-13T17:00Z,IT_NORD,23228
2024-06-13T18:00Z,IT_NORD,22621
2024-06-13T19:00Z,IT_NORD,21900
2024-06-13T20:00Z,IT_NORD,20785
2024-06-13T21:00Z,IT_NORD,19312
2024-06-13T22:00Z,IT_NORD,17065
2024-06-13T23:00Z,IT_NORD,16334
2024-06-14T00:00Z,IT_NORD,15990
2024-06-14T01:00Z,IT_NORD,15687
2024-06-14T02:00Z,IT_NORD,15821
2024-06-14T03:00Z,IT_NORD,16883
2024-06-14T04:00Z,IT_NORD,18692
2024-06-14T05:00Z,IT_NORD,20724
2024-06-14T06:00Z,IT_NORD,21958
2024-06-14T07:00Z,IT_NORD,22721
2024-06-14T08:00Z,IT_NORD,23417
2024-06-14T09:00Z,IT_NORD,23387
2024-06-14T10:00Z,IT_NORD,23164
2024-06-14T11:00Z,IT_NORD,22981
2024-06-14T12:00Z,IT_NORD,22759
2024-06-14T13:00Z,IT_NORD,22575
2024-06-14T14:00Z,IT_NORD,22464
2024-06-14T15:00Z,IT_NORD,22530
2024-06-14T16:00Z,IT_NORD,22452
2024-06-14T17:00Z,IT_NORD,21812
2024-06-14T18:00Z,IT_NORD,21473
2024-06-14T19:00Z,IT_NORD,20859
2024-06-14T20:00Z,IT_NORD,19898
2024-06-14T21:00Z,IT_NORD,18289
2024-06-14T22:00Z,IT_NORD,16494
2024-06-14T23:00Z,IT_NORD,16028
2024-06-15T00:00Z,IT_NORD,15843
2024-06-15T01:00Z,IT_NORD,15743
2024-06-15T02:00Z,IT_NORD,15721
2024-06-15T03:00Z,IT_NORD,16157
2024-06-15T04:00Z,IT_NORD,17273
2024-06-15T05:00Z,IT_NORD,18113
2024-06-15T06:00Z,IT_NORD,18797
2024-06-15T07:00Z,IT_NORD,19349
2024-06-15T08:00Z,IT_NORD,19565
2024-06-15T09:00Z,IT_NORD,19668
2024-06-15T10:00Z,IT_NORD,19710
2024-06-15T11:00Z,IT_NORD,19572
2024-06-15T12:00Z,IT_NORD,19381
2024-06-15T13:00Z,IT_NORD,19300
2024-06-15T14:00Z,IT_NORD,19146
2024-06-15T15:00Z,IT_NORD,18909
2024-06-15T16:00Z,IT_NORD,19102
2024-06-15T17:00Z,IT_NORD,18890
2024-06-15T18:00Z,IT_NORD,18652
2024-06-15T19:00Z,IT_NORD,18132
2024-06-15T20:00Z,IT_NORD,17630
2024-06-15T21:00Z,IT_NORD,16818
2024-06-15T22:00Z,IT_NORD,14123
2024-06-15T23:00Z,IT_NORD,13694
2024-06-16T00:00Z,IT_NORD,13646
2024-06-16T01:00Z,IT_NORD,13557
2024-06-16T02:00Z,IT_NORD,13530
2024-06-16T03:00Z,IT_NORD,13999
2024-06-16T04:00Z,IT_NORD,14983
2024-06-16T05:00Z,IT_NORD,15860
2024-06-16T06:00Z,IT_NORD,16528
2024-06-16T07:00Z,IT_NORD,17030
2024-06-16T08:00Z,IT_NORD,17366
2024-06-16T09:00Z,IT_NORD,17480
2024-06-16T10:00Z,IT_NORD,17515
2024-06-16T11:00Z,IT_NORD,17256
2024-06-16T12:00Z,IT_NORD,17098
2024-06-16T13:00Z,IT_NORD,16950
2024-06-16T14:00Z,IT_NORD,16854
2024-06-16T15:00Z,IT_NORD,16685
2024-06-16T16:00Z,IT_NORD,16490
2024-06-16T17:00Z,IT_NORD,16277
2024-06-16T18:00Z,IT_NORD,16102
2024-06-16T19:00Z,IT_NORD,15815
2024-06-16T20:00Z,IT_NORD,15387
2024-06-16T21:00Z,IT_NORD,14636
2024-06-16T22:00Z,IT_NORD,16352
2024-06-16T23:00Z,IT_NORD,15804
2024-06-17T00:00Z,IT_NORD,15524
2024-06-17T01:00Z,IT_NORD,15399
2024-06-17T02:00Z,IT_NORD,15521
2024-06-17T03:00Z,IT_NORD,16669
2024-06-17T04:00Z,IT_NORD,18522
2024-06-17T05:00Z,IT_NORD,20365
2024-06-17T06:00Z,IT_NORD,21521
2024-06-17T07:00Z,IT_NORD,22259
2024-06-17T08:00Z,IT_NORD,22571
2024-06-17T09:00Z,IT_NORD,22807
2024-06-17T10:00Z,IT_NORD,22708
2024-06-17T11:00Z,IT_NORD,22436
2024-06-17T12:00Z,IT_NORD,22253
2024-06-17T13:00Z,IT_NORD,22200
2024-06-17T14:00Z,IT_NORD,22019
2024-06-17T15:00Z,IT_NORD,22071
2024-06-17T16:00Z,IT_NORD,21926
2024-06-17T17:00Z,IT_NORD,21374
2024-06-17T18:00Z,IT_NORD,20915
2024-06-17T19:00Z,IT_NORD,20199
2024-06-17T20:00Z,IT_NORD,19195
2024-06-17T21:00Z,IT_NORD,17704
2024-06-17T22:00Z,IT_NORD,16205
2024-06-17T23:00Z,IT_NORD,15662
2024-06-18T00:00Z,IT_NORD,15355
2024-06-18T01:00Z,IT_NORD,15180
2024-06-18T02:00Z,IT_NORD,15416
2024-06-18T03:00Z,IT_NORD,16455
2024-06-18T04:00Z,IT_NORD,18137
2024-06-18T05:00Z,IT_NORD,19981
2024-06-18T06:00Z,IT_NORD,21098
2024-06-18T07:00Z,IT_NORD,21879
2024-06-18T08:00Z,IT_NORD,22250
2024-06-18T09:00Z,IT_NORD,22397
2024-06-18T10:00Z,IT_NORD,22453
2024-06-18T11:00Z,IT_NORD,22370
2024-06-18T12:00Z,IT_NORD,22186
2024-06-18T13:00Z,IT_NORD,22037
2024-06-18T14:00Z,IT_NORD,21767
2024-06-18T15:00Z,IT_NORD,21872
2024-06-18T16:00Z,IT_NORD,21613
2024-06-18T17:00Z,IT_NORD,21194
2024-06-18T18:00Z,IT_NORD,20859
2024-06-18T19:00Z,IT_NORD,20096
2024-06-18T20:00Z,IT_NORD,19194
2024-06-18T21:00Z,IT_NORD,17733
2024-06-18T22:00Z,IT_NORD,15700
2024-06-18T23:00Z,IT_NORD,15305
2024-06-19T00:00Z,IT_NORD,14734
2024-06-19T01:00Z,IT_NORD,14449
2024-06-19T02:00Z,IT_NORD,14715
2024-06-19T03:00Z,IT_NORD,15715
2024-06-19T04:00Z,IT_NORD,17316
2024-06-19T05:00Z,IT_NORD,18943
2024-06-19T06:00Z,IT_NORD,19864
2024-06-19T07:00Z,IT_NORD,20702
2024-06-19T08:00Z,IT_NORD,21074
2024-06-19T09:00Z,IT_NORD,21248
2024-06-19T10:00Z,IT_NORD,21312
2024-06-19T11:00Z,IT_NORD,20919
2024-06-19T12:00Z,IT_NORD,20861
2024-06-19T13:00Z,IT_NORD,20724
2024-06-19T14:00Z,IT_NORD,20709
2024-06-19T15:00Z,IT_NORD,20575
2024-06-19T16:00Z,IT_NORD,20385
2024-06-19T17:00Z,IT_NORD,19794
2024-06-19T18:00Z,IT_NORD,19351
2024-06-19T19:00Z,IT_NORD,18805
2024-06-19T20:00Z,IT_NORD,17740
2024-06-19T21:00Z,IT_NORD,16373
2024-06-19T22:00Z,IT_NORD,14165
2024-06-19T23:00Z,IT_NORD,13566
2024-06-20T00:00Z,IT_NORD,13254
2024-06-20T01:00Z,IT_NORD,13237
2024-06-20T02:00Z,IT_NORD,13576
2024-06-20T03:00Z,IT_NORD,14549
2024-06-20T04:00Z,IT_NORD,16227
2024-06-20T05:00Z,IT_NORD,17721
2024-06-20T06:00Z,IT_NORD,18837
2024-06-20T07:00Z,IT_NORD,19595
2024-06-20T08:00Z,IT_NORD,19791
2024-06-20T09:00Z,IT_NORD,20024
2024-06-20T10:00Z,IT_NORD,20010
2024-06-20T11:00Z,IT_NORD,19737
2024-06-20T12:00Z,IT_NORD,19585
2024-06-20T13:00Z,IT_NORD,19280
2024-06-20T14:00Z,IT_NORD,19230
2024-06-20T15:00Z,IT_NORD,19232
2024-06-20T16:00Z,IT_NORD,19130
2024-06-20T17:00Z,IT_NORD,18776
2024-06-20T18:00Z,IT_NORD,18398
2024-06-20T19:00Z,IT_NORD,17733
2024-06-20T20:00Z,IT_NORD,16935
2024-06-20T21:00Z,IT_NORD,15863
2024-06-20T22:00Z,IT_NORD,14399
2024-06-20T23:00Z,IT_NORD,13971
2024-06-21T00:00Z,IT_NORD,13513
2024-06-21T01:00Z,IT_NORD,13480
2024-06-21T02:00Z,IT_NORD,13851
2024-06-21T03:00Z,IT_NORD,14833
2024-06-21T04:00Z,IT_NORD,16226
2024-06-21T05:00Z,IT_NORD,17885
2024-06-21T06:00Z,IT_NORD,18715
2024-06-21T07:00Z,IT_NORD,19493
2024-06-21T08:00Z,IT_NORD,19947
2024-06-21T09:00Z,IT_NORD,19957
2024-06-21T10:00Z,IT_NORD,20006
2024-06-21T11:00Z,IT_NORD,19566
2024-06-21T12:00Z,IT_NORD,19321
2024-06-21T13:00Z,IT_NORD,19100
2024-06-21T14:00Z,IT_NORD,18890
2024-06-21T15:00Z,IT_NORD,19007
2024-06-21T16:00Z,IT_NORD,18989
2024-06-21T17:00Z,IT_NORD,18678
2024-06-21T18:00Z,IT_NORD,18306
2024-06-21T19:00Z,IT_NORD,17904
2024-06-21T20:00Z,IT_NORD,16879
2024-06-21T21:00Z,IT_NORD,15709
2024-06-21T22:00Z,IT_NORD,14154
2024-06-21T23:00Z,IT_NORD,13931
2024-06-22T00:00Z,IT_NORD,13654
2024-06-22T01:00Z,IT_NORD,13534
2024-06-22T02:00Z,IT_NORD,13548
2024-06-22T03:00Z,IT_NORD,14008
2024-06-22T04:00Z,IT_NORD,14899
2024-06-22T05:00Z,IT_NORD,15787
2024-06-22T06:00Z,IT_NORD,16437
2024-06-22T07:00Z,IT_NORD,16771
2024-06-22T08:00Z,IT_NORD,16934
2024-06-22T09:00Z,IT_NORD,16899
2024-06-22T10:00Z,IT_NORD,16943
2024-06-22T11:00Z,IT_NORD,16913
2024-06-22T12:00Z,IT_NORD,16936
2024-06-22T13:00Z,IT_NORD,16843
2024-06-22T14:00Z,IT_NORD,16785
2024-06-22T15:00Z,IT_NORD,16575
2024-06-22T16:00Z,IT_NORD,16389
2024-06-22T17:00Z,IT_NORD,16223
2024-06-22T18:00Z,IT_NORD,15852
2024-06-22T19:00Z,IT_NORD,15557
2024-06-22T20:00Z,IT_NORD,15036
2024-06-22T21:00Z,IT_NORD,14487
2024-06-22T22:00Z,IT_NORD,12340
2024-06-22T23:00Z,IT_NORD,12115
2024-06-23T00:00Z,IT_NORD,12035
2024-06-23T01:00Z,IT_NORD,12088
2024-06-23T02:00Z,IT_NORD,12065
2024-06-23T03:00Z,IT_NORD,12567
2024-06-23T04:00Z,IT_NORD,13326
2024-06-23T05:00Z,IT_NORD,14128
2024-06-23T06:00Z,IT_NORD,14476
2024-06-23T07:00Z,IT_NORD,14792
2024-06-23T08:00Z,IT_NORD,15014
2024-06-23T09:00Z,IT_NORD,15172
2024-06-23T10:00Z,IT_NORD,15259
2024-06-23T11:00Z,IT_NORD,15034
2024-06-23T12:00Z,IT_NORD,15149
2024-06-23T13:00Z,IT_NORD,15053
2024-06-23T14:00Z,IT_NORD,14941
2024-06-23T15:00Z,IT_NORD,14899
2024-06-23T16:00Z,IT_NORD,14777
2024-06-23T17:00Z,IT_NORD,14716
2024-06-23T18:00Z,IT_NORD,14444
2024-06-23T19:00Z,IT_NORD,14007
2024-06-23T20:00Z,IT_NORD,13579
2024-06-23T21:00Z,IT_NORD,12839
2024-06-23T22:00Z,IT_NORD,14250
2024-06-23T23:00Z,IT_NORD,13749
2024-06-24T00:00Z,IT_NORD,13313
2024-06-24T01:00Z,IT_NORD,13292
2024-06-24T02:00Z,IT_NORD,13350
2024-06-24T03:00Z,IT_NORD,14331
2024-06-24T04:00Z,IT_NORD,15888
2024-06-24T05:00Z,IT_NORD,17662
2024-06-24T06:00Z,IT_NORD,18497
2024-06-24T07:00Z,IT_NORD,19203
2024-06-24T08:00Z,IT_NORD,19582
2024-06-24T09:00Z,IT_NORD,19612
2024-06-24T10:00Z,IT_NORD,19598
2024-06-24T11:00Z,IT_NORD,19242
2024-06-24T12:00Z,IT_NORD,19086
2024-06-24T13:00Z,IT_NORD,19036
2024-06-24T14:00Z,IT_NORD,18895
2024-06-24T15:00Z,IT_NORD,18858
2024-06-24T16:00Z,IT_NORD,18661
2024-06-24T17:00Z,IT_NORD,18407
2024-06-24T18:00Z,IT_NORD,18097
2024-06-24T19:00Z,IT_NORD,17683
2024-06-24T20:00Z,IT_NORD,16624
2024-06-24T21:00Z,IT_NORD,15422
2024-06-24T22:00Z,IT_NORD,15981
2024-06-24T23:00Z,IT_NORD,15487
2024-06-25T00:00Z,IT_NORD,15193
2024-06-25T01:00Z,IT_NORD,14942
2024-06-25T02:00Z,IT_NORD,15238
2024-06-25T03:00Z,IT_NORD,16272
2024-06-25T04:00Z,IT_NORD,18041
2024-06-25T05:00Z,IT_NORD,19655
2024-06-25T06:00Z,IT_NORD,20727
2024-06-25T07:00Z,IT_NORD,21469
2024-06-25T08:00Z,IT_NORD,21756
2024-06-25T09:00Z,IT_NORD,21948
2024-06-25T10:00Z,IT_NORD,22006
2024-06-25T11:00Z,IT_NORD,21817
2024-06-25T12:00Z,IT_NORD,21730
2024-06-25T13:00Z,IT_NORD,21536
2024-06-25T14:00Z,IT_NORD,21418
2024-06-25T15:00Z,IT_NORD,21320
2024-06-25T16:00Z,IT_NORD,21169
2024-06-25T17:00Z,IT_NORD,20904
2024-06-25T18:00Z,IT_NORD,20501
2024-06-25T19:00Z,IT_NORD,19954
2024-06-25T20:00Z,IT_NORD,18868
2024-06-25T21:00Z,IT_NORD,17534
2024-06-25T22:00Z,IT_NORD,16418
2024-06-25T23:00Z,IT_NORD,15849
2024-06-26T00:00Z,IT_NORD,15351
2024-06-26T01:00Z,IT_NORD,15052
2024-06-26T02:00Z,IT_NORD,15307
2024-06-26T03:00Z,IT_NORD,16265
2024-06-26T04:00Z,IT_NORD,18238
2024-06-26T05:00Z,IT_NORD,20004
2024-06-26T06:00Z,IT_NORD,21096
2024-06-26T07:00Z,IT_NORD,21936
2024-06-26T08:00Z,IT_NORD,22394
2024-06-26T09:00Z,IT_NORD,22461
2024-06-26T10:00Z,IT_NORD,22489
2024-06-26T11:00Z,IT_NORD,22388
2024-06-26T12:00Z,IT_NORD,22200
2024-06-26T13:00Z,IT_NORD,22165
2024-06-26T14:00Z,IT_NORD,21993
2024-06-26T15:00Z,IT_NORD,21865
2024-06-26T16:00Z,IT_NORD,21577
2024-06-26T17:00Z,IT_NORD,21146
2024-06-26T18:00Z,IT_NORD,20448
2024-06-26T19:00Z,IT_NORD,19861
2024-06-26T20:00Z,IT_NORD,18671
2024-06-26T21:00Z,IT_NORD,17290
2024-06-26T22:00Z,IT_NORD,16542
2024-06-26T23:00Z,IT_NORD,16102
2024-06-27T00:00Z,IT_NORD,15551
2024-06-27T01:00Z,IT_NORD,15349
2024-06-27T02:00Z,IT_NORD,15705
2024-06-27T03:00Z,IT_NORD,16616
2024-06-27T04:00Z,IT_NORD,18419
2024-06-27T05:00Z,IT_NORD,20337
2024-06-27T06:00Z,IT_NORD,21597
2024-06-27T07:00Z,IT_NORD,22141
2024-06-27T08:00Z,IT_NORD,22565
2024-06-27T09:00Z,IT_NORD,22747
2024-06-27T10:00Z,IT_NORD,22533
2024-06-27T11:00Z,IT_NORD,22299
2024-06-27T12:00Z,IT_NORD,22295
2024-06-27T13:00Z,IT_NORD,22304
2024-06-27T14:00Z,IT_NORD,22231
2024-06-27T15:00Z,IT_NORD,21966
2024-06-27T16:00Z,IT_NORD,21794
2024-06-27T17:00Z,IT_NORD,21341
2024-06-27T18:00Z,IT_NORD,20770
2024-06-27T19:00Z,IT_NORD,20079
2024-06-27T20:00Z,IT_NORD,19125
2024-06-27T21:00Z,IT_NORD,17760
2024-06-27T22:00Z,IT_NORD,16169
2024-06-27T23:00Z,IT_NORD,15659
2024-06-28T00:00Z,IT_NORD,15320
2024-06-28T01:00Z,IT_NORD,15084
2024-06-28T02:00Z,IT_NORD,15213
2024-06-28T03:00Z,IT_NORD,16294
2024-06-28T04:00Z,IT_NORD,18128
2024-06-28T05:00Z,IT_NORD,20104
2024-06-28T06:00Z,IT_NORD,21202
2024-06-28T07:00Z,IT_NORD,22177
2024-06-28T08:00Z,IT_NORD,22455
2024-06-28T09:00Z,IT_NORD,22774
2024-06-28T10:00Z,IT_NORD,22913
2024-06-28T11:00Z,IT_NORD,22724
2024-06-28T12:00Z,IT_NORD,22693
2024-06-28T13:00Z,IT_NORD,22377
2024-06-28T14:00Z,IT_NORD,22054
2024-06-28T15:00Z,IT_NORD,21921
2024-06-28T16:00Z,IT_NORD,21636
2024-06-28T17:00Z,IT_NORD,21115
2024-06-28T18:00Z,IT_NORD,20752
2024-06-28T19:00Z,IT_NORD,20191
2024-06-28T20:00Z,IT_NORD,19201
2024-06-28T21:00Z,IT_NORD,17695
2024-06-28T22:00Z,IT_NORD,14786
2024-06-28T23:00Z,IT_NORD,14333
2024-06-29T00:00Z,IT_NORD,14195
2024-06-29T01:00Z,IT_NORD,14213
2024-06-29T02:00Z,IT_NORD,14386
2024-06-29T03:00Z,IT_NORD,14717
2024-06-29T04:00Z,IT_NORD,15624
2024-06-29T05:00Z,IT_NORD,16467
2024-06-29T06:00Z,IT_NORD,17092
2024-06-29T07:00Z,IT_NORD,17362
2024-06-29T08:00Z,IT_NORD,17610
2024-06-29T09:00Z,IT_NORD,17614
2024-06-29T10:00Z,IT_NORD,17461
2024-06-29T11:00Z,IT_NORD,17327
2024-06-29T12:00Z,IT_NORD,17286
2024-06-29T13:00Z,IT_NORD,17373
2024-06-29T14:00Z,IT_NORD,17252
2024-06-29T15:00Z,IT_NORD,17046
2024-06-29T16:00Z,IT_NORD,17002
2024-06-29T17:00Z,IT_NORD,16882
2024-06-29T18:00Z,IT_NORD,16578
2024-06-29T19:00Z,IT_NORD,16317
2024-06-29T20:00Z,IT_NORD,15917
2024-06-29T21:00Z,IT_NORD,15280
2024-06-29T22:00Z,IT_NORD,13148
2024-06-29T23:00Z,IT_NORD,12856
2024-06-30T00:00Z,IT_NORD,12578
2024-06-30T01:00Z,IT_NORD,12493
2024-06-30T02:00Z,IT_NORD,12332
2024-06-30T03:00Z,IT_NORD,12960
2024-06-30T04:00Z,IT_NORD,13785
2024-06-30T05:00Z,IT_NORD,14638
2024-06-30T06:00Z,IT_NORD,15017
2024-06-30T07:00Z,IT_NORD,15227
2024-06-30T08:00Z,IT_NORD,15528
2024-06-30T09:00Z,IT_NORD,15537
2024-06-30T10:00Z,IT_NORD,15511
2024-06-30T11:00Z,IT_NORD,15552
2024-06-30T12:00Z,IT_NORD,15433
2024-06-30T13:00Z,IT_NORD,15343
2024-06-30T14:00Z,IT_NORD,15227
2024-06-30T15:00Z,IT_NORD,15197
2024-06-30T16:00Z,IT_NORD,15036
2024-06-30T17:00Z,IT_NORD,15180
2024-06-30T18:00Z,IT_NORD,15140
2024-06-30T19:00Z,IT_NORD,14859
2024-06-30T20:00Z,IT_NORD,14307
2024-06-30T21:00Z,IT_NORD,13585
