timestamp_utc,zone,load_mw
2023-12-31T23:00Z,DE_LU,39146
2024-01-01T00:00Z,DE_LU,38291
2024-01-01T01:00Z,DE_LU,37716
2024-01-01T02:00Z,DE_LU,37847
2024-01-01T03:00Z,DE_LU,38437
2024-01-01T04:00Z,DE_LU,40063
2024-01-01T05:00Z,DE_LU,43188
2024-01-01T06:00Z,DE_LU,45910
2024-01-01T07:00Z,DE_LU,47082
2024-01-01T08:00Z,DE_LU,47277
2024-01-01T09:00Z,DE_LU,47253
2024-01-01T10:00Z,DE_LU,47393
2024-01-01T11:00Z,DE_LU,46269
2024-01-01T12:00Z,DE_LU,46060
2024-01-01T13:00Z,DE_LU,46106
2024-01-01T14:00Z,DE_LU,46152
2024-01-01T15:00Z,DE_LU,46837
2024-01-01T16:00Z,DE_LU,48372
2024-01-01T17:00Z,DE_LU,48646
2024-01-01T18:00Z,DE_LU,47722
2024-01-01T19:00Z,DE_LU,45910
2024-01-01T20:00Z,DE_LU,44391
2024-01-01T21:00Z,DE_LU,42533
2024-01-01T22:00Z,DE_LU,40817
2024-01-01T23:00Z,DE_LU,44444
2024-01-02T00:00Z,DE_LU,42804
2024-01-02T01:00Z,DE_LU,41454
2024-01-02T02:00Z,DE_LU,41631
2024-01-02T03:00Z,DE_LU,42838
2024-01-02T04:00Z,DE_LU,46927
2024-01-02T05:00Z,DE_LU,53466
2024-01-02T06:00Z,DE_LU,59125
2024-01-02T07:00Z,DE_LU,61352
2024-01-02T08:00Z,DE_LU,61765
2024-01-02T09:00Z,DE_LU,61497
2024-01-02T10:00Z,DE_LU,60802
2024-01-02T11:00Z,DE_LU,59684
2024-01-02T12:00Z,DE_LU,59331
2024-01-02T13:00Z,DE_LU,58937
2024-01-02T14:00Z,DE_LU,58882
2024-01-02T15:00Z,DE_LU,60559
2024-01-02T16:00Z,DE_LU,63944
2024-01-02T17:00Z,DE_LU,64598
2024-01-02T18:00Z,DE_LU,62169
2024-01-02T19:00Z,DE_LU,58619
2024-01-02T20:00Z,DE_LU,55225
2024-01-02T21:00Z,DE_LU,51296
2024-01-02T22:00Z,DE_LU,47735
2024-01-02T23:00Z,DE_LU,45843
2024-01-03T00:00Z,DE_LU,43937
2024-01-03T01:00Z,DE_LU,43026
2024-01-03T02:00Z,DE_LU,43214
2024-01-03T03:00Z,DE_LU,44427
2024-01-03T04:00Z,DE_LU,48366
2024-01-03T05:00Z,DE_LU,55228
2024-01-03T06:00Z,DE_LU,60933
2024-01-03T07:00Z,DE_LU,63155
2024-01-03T08:00Z,DE_LU,63868
2024-01-03T09:00Z,DE_LU,63686
2024-01-03T10:00Z,DE_LU,63299
2024-01-03T11:00Z,DE_LU,62386
2024-01-03T12:00Z,DE_LU,61628
2024-01-03T13:00Z,DE_LU,61129
2024-01-03T14:00Z,DE_LU,61134
2024-01-03T15:00Z,DE_LU,62647
2024-01-03T16:00Z,DE_LU,66037
2024-01-03T17:00Z,DE_LU,66363
2024-01-03T18:00Z,DE_LU,64102
2024-01-03T19:00Z,DE_LU,60722
2024-01-03T20:00Z,DE_LU,57537
2024-01-03T21:00Z,DE_LU,53749
2024-01-03T22:00Z,DE_LU,49924
2024-01-03T23:00Z,DE_LU,46394
2024-01-04T00:00Z,DE_LU,44607
2024-01-04T01:00Z,DE_LU,43417
2024-01-04T02:00Z,DE_LU,43358
2024-01-04T03:00Z,DE_LU,44693
2024-01-04T04:00Z,DE_LU,48470
2024-01-04T05:00Z,DE_LU,55426
2024-01-04T06:00Z,DE_LU,61132
2024-01-04T07:00Z,DE_LU,63529
2024-01-04T08:00Z,DE_LU,64039
2024-01-04T09:00Z,DE_LU,64178
2024-01-04T10:00Z,DE_LU,63641
2024-01-04T11:00Z,DE_LU,62555
2024-01-04T12:00Z,DE_LU,61935
2024-01-04T13:00Z,DE_LU,61091
2024-01-04T14:00Z,DE_LU,61346
2024-01-04T15:00Z,DE_LU,63042
2024-01-04T16:00Z,DE_LU,66456
2024-01-04T17:00Z,DE_LU,67058
2024-01-04T18:00Z,DE_LU,64459
2024-01-04T19:00Z,DE_LU,60981
2024-01-04T20:00Z,DE_LU,57698
2024-01-04T21:00Z,DE_LU,53833
2024-01-04T22:00Z,DE_LU,49391
2024-01-04T23:00Z,DE_LU,46249
2024-01-05T00:00Z,DE_LU,44580
2024-01-05T01:00Z,DE_LU,43406
2024-01-05T02:00Z,DE_LU,43434
2024-01-05T03:00Z,DE_LU,44594
2024-01-05T04:00Z,DE_LU,48465
2024-01-05T05:00Z,DE_LU,55503
2024-01-05T06:00Z,DE_LU,61090
2024-01-05T07:00Z,DE_LU,63318
2024-01-05T08:00Z,DE_LU,63924
2024-01-05T09:00Z,DE_LU,63882
2024-01-05T10:00Z,DE_LU,63417
2024-01-05T11:00Z,DE_LU,62377
2024-01-05T12:00Z,DE_LU,61817
2024-01-05T13:00Z,DE_LU,61153
2024-01-05T14:00Z,DE_LU,61319
2024-01-05T15:00Z,DE_LU,63105
2024-01-05T16:00Z,DE_LU,66686
2024-01-05T17:00Z,DE_LU,67357
2024-01-05T18:00Z,DE_LU,64887
2024-01-05T19:00Z,DE_LU,61523
2024-01-05T20:00Z,DE_LU,58264
2024-01-05T21:00Z,DE_LU,53922
2024-01-05T22:00Z,DE_LU,49867
2024-01-05T23:00Z,DE_LU,44245
2024-01-06T00:00Z,DE_LU,43362
2024-01-06T01:00Z,DE_LU,42634
2024-01-06T02:00Z,DE_LU,42419
2024-01-06T03:00Z,DE_LU,42978
2024-01-06T04:00Z,DE_LU,45136
2024-01-06T05:00Z,DE_LU,48720
2024-01-06T06:00Z,DE_LU,51681
2024-01-06T07:00Z,DE_LU,52754
2024-01-06T08:00Z,DE_LU,53352
2024-01-06T09:00Z,DE_LU,53496
2024-01-06T10:00Z,DE_LU,53049
2024-01-06T11:00Z,DE_LU,52413
2024-01-06T12:00Z,DE_LU,52080
2024-01-06T13:00Z,DE_LU,51817
2024-01-06T14:00Z,DE_LU,51634
2024-01-06T15:00Z,DE_LU,52734
2024-01-06T16:00Z,DE_LU,54894
2024-01-06T17:00Z,DE_LU,55143
2024-01-06T18:00Z,DE_LU,53645
2024-01-06T19:00Z,DE_LU,51489
2024-01-06T20:00Z,DE_LU,50000
2024-01-06T21:00Z,DE_LU,47763
2024-01-06T22:00Z,DE_LU,45766
2024-01-06T23:00Z,DE_LU,39428
2024-01-07T00:00Z,DE_LU,38670
2024-01-07T01:00Z,DE_LU,38105
2024-01-07T02:00Z,DE_LU,38013
2024-01-07T03:00Z,DE_LU,38506
2024-01-07T04:00Z,DE_LU,40548
2024-01-07T05:00Z,DE_LU,43726
2024-01-07T06:00Z,DE_LU,46365
2024-01-07T07:00Z,DE_LU,47506
2024-01-07T08:00Z,DE_LU,47799
2024-01-07T09:00Z,DE_LU,47845
2024-01-07T10:00Z,DE_LU,47672
2024-01-07T11:00Z,DE_LU,47055
2024-01-07T12:00Z,DE_LU,46843
2024-01-07T13:00Z,DE_LU,46660
2024-01-07T14:00Z,DE_LU,46888
2024-01-07T15:00Z,DE_LU,47886
2024-01-07T16:00Z,DE_LU,49533
2024-01-07T17:00Z,DE_LU,49722
2024-01-07T18:00Z,DE_LU,48683
2024-01-07T19:00Z,DE_LU,46888
2024-01-07T20:00Z,DE_LU,45214
2024-01-07T21:00Z,DE_LU,43386
2024-01-07T22:00Z,DE_LU,41383
2024-01-07T23:00Z,DE_LU,45357
2024-01-08T00:00Z,DE_LU,43671
2024-01-08T01:00Z,DE_LU,42344
2024-01-08T02:00Z,DE_LU,42176
2024-01-08T03:00Z,DE_LU,43418
2024-01-08T04:00Z,DE_LU,47341
2024-01-08T05:00Z,DE_LU,54255
2024-01-08T06:00Z,DE_LU,59708
2024-01-08T07:00Z,DE_LU,61924
2024-01-08T08:00Z,DE_LU,62534
2024-01-08T09:00Z,DE_LU,62339
2024-01-08T10:00Z,DE_LU,61672
2024-01-08T11:00Z,DE_LU,60699
2024-01-08T12:00Z,DE_LU,60205
2024-01-08T13:00Z,DE_LU,59067
2024-01-08T14:00Z,DE_LU,59119
2024-01-08T15:00Z,DE_LU,60877
2024-01-08T16:00Z,DE_LU,64528
2024-01-08T17:00Z,DE_LU,64943
2024-01-08T18:00Z,DE_LU,62864
2024-01-08T19:00Z,DE_LU,59626
2024-01-08T20:00Z,DE_LU,55943
2024-01-08T21:00Z,DE_LU,51820
2024-01-08T22:00Z,DE_LU,48122
2024-01-08T23:00Z,DE_LU,45439
2024-01-09T00:00Z,DE_LU,43815
2024-01-09T01:00Z,DE_LU,42772
2024-01-09T02:00Z,DE_LU,42825
2024-01-09T03:00Z,DE_LU,43916
2024-01-09T04:00Z,DE_LU,47807
2024-01-09T05:00Z,DE_LU,54539
2024-01-09T06:00Z,DE_LU,60196
2024-01-09T07:00Z,DE_LU,62374
2024-01-09T08:00Z,DE_LU,63134
2024-01-09T09:00Z,DE_LU,63389
2024-01-09T10:00Z,DE_LU,62787
2024-01-09T11:00Z,DE_LU,61520
2024-01-09T12:00Z,DE_LU,60777
2024-01-09T13:00Z,DE_LU,60106
2024-01-09T14:00Z,DE_LU,60049
2024-01-09T15:00Z,DE_LU,61846
2024-01-09T16:00Z,DE_LU,65176
2024-01-09T17:00Z,DE_LU,65717
2024-01-09T18:00Z,DE_LU,63590
2024-01-09T19:00Z,DE_LU,60290
2024-01-09T20:00Z,DE_LU,56873
2024-01-09T21:00Z,DE_LU,52993
2024-01-09T22:00Z,DE_LU,48792
2024-01-09T23:00Z,DE_LU,45850
2024-01-10T00:00Z,DE_LU,44326
2024-01-10T01:00Z,DE_LU,43099
2024-01-10T02:00Z,DE_LU,43012
2024-01-10T03:00Z,DE_LU,44242
2024-01-10T04:00Z,DE_LU,48272
2024-01-10T05:00Z,DE_LU,54807
2024-01-10T06:00Z,DE_LU,60347
2024-01-10T07:00Z,DE_LU,62472
2024-01-10T08:00Z,DE_LU,63073
2024-01-10T09:00Z,DE_LU,63174
2024-01-10T10:00Z,DE_LU,62629
2024-01-10T11:00Z,DE_LU,61591
2024-01-10T12:00Z,DE_LU,61251
2024-01-10T13:00Z,DE_LU,60753
2024-01-10T14:00Z,DE_LU,60610
2024-01-10T15:00Z,DE_LU,62429
2024-01-10T16:00Z,DE_LU,65674
2024-01-10T17:00Z,DE_LU,65982
2024-01-10T18:00Z,DE_LU,63830
2024-01-10T19:00Z,DE_LU,60570
2024-01-10T20:00Z,DE_LU,57204
2024-01-10T21:00Z,DE_LU,53389
2024-01-10T22:00Z,DE_LU,49268
2024-01-10T23:00Z,DE_LU,45375
2024-01-11T00:00Z,DE_LU,43832
2024-01-11T01:00Z,DE_LU,42567
2024-01-11T02:00Z,DE_LU,42387
2024-01-11T03:00Z,DE_LU,43596
2024-01-11T04:00Z,DE_LU,47603
2024-01-11T05:00Z,DE_LU,54740
2024-01-11T06:00Z,DE_LU,60455
2024-01-11T07:00Z,DE_LU,62621
2024-01-11T08:00Z,DE_LU,63371
2024-01-11T09:00Z,DE_LU,63158
2024-01-11T10:00Z,DE_LU,62674
2024-01-11T11:00Z,DE_LU,61171
2024-01-11T12:00Z,DE_LU,60468
2024-01-11T13:00Z,DE_LU,59752
2024-01-11T14:00Z,DE_LU,60002
2024-01-11T15:00Z,DE_LU,61674
2024-01-11T16:00Z,DE_LU,65067
2024-01-11T17:00Z,DE_LU,65670
2024-01-11T18:00Z,DE_LU,63235
2024-01-11T19:00Z,DE_LU,60123
2024-01-11T20:00Z,DE_LU,56880
2024-01-11T21:00Z,DE_LU,53176
2024-01-11T22:00Z,DE_LU,49167
2024-01-11T23:00Z,DE_LU,46352
2024-01-12T00:00Z,DE_LU,44506
2024-01-12T01:00Z,DE_LU,43313
2024-01-12T02:00Z,DE_LU,43337
2024-01-12T03:00Z,DE_LU,44569
2024-01-12T04:00Z,DE_LU,48540
2024-01-12T05:00Z,DE_LU,55175
2024-01-12T06:00Z,DE_LU,60869
2024-01-12T07:00Z,DE_LU,63756
2024-01-12T08:00Z,DE_LU,64654
2024-01-12T09:00Z,DE_LU,64323
2024-01-12T10:00Z,DE_LU,63572
2024-01-12T11:00Z,DE_LU,62428
2024-01-12T12:00Z,DE_LU,61717
2024-01-12T13:00Z,DE_LU,61244
2024-01-12T14:00Z,DE_LU,61456
2024-01-12T15:00Z,DE_LU,63227
2024-01-12T16:00Z,DE_LU,66479
2024-01-12T17:00Z,DE_LU,66560
2024-01-12T18:00Z,DE_LU,64190
2024-01-12T19:00Z,DE_LU,61111
2024-01-12T20:00Z,DE_LU,57629
2024-01-12T21:00Z,DE_LU,53687
2024-01-12T22:00Z,DE_LU,49313
2024-01-12T23:00Z,DE_LU,44645
2024-01-13T00:00Z,DE_LU,43903
2024-01-13T01:00Z,DE_LU,43194
2024-01-13T02:00Z,DE_LU,43305
2024-01-13T03:00Z,DE_LU,43670
2024-01-13T04:00Z,DE_LU,45655
2024-01-13T05:00Z,DE_LU,49268
2024-01-13T06:00Z,DE_LU,52296
2024-01-13T07:00Z,DE_LU,53403
2024-01-13T08:00Z,DE_LU,53857
2024-01-13T09:00Z,DE_LU,53922
2024-01-13T10:00Z,DE_LU,53639
2024-01-13T11:00Z,DE_LU,53037
2024-01-13T12:00Z,DE_LU,52706
2024-01-13T13:00Z,DE_LU,52537
2024-01-13T14:00Z,DE_LU,52627
2024-01-13T15:00Z,DE_LU,53766
2024-01-13T16:00Z,DE_LU,55493
2024-01-13T17:00Z,DE_LU,55860
2024-01-13T18:00Z,DE_LU,54586
2024-01-13T19:00Z,DE_LU,52765
2024-01-13T20:00Z,DE_LU,50702
2024-01-13T21:00Z,DE_LU,48535
2024-01-13T22:00Z,DE_LU,46270
2024-01-13T23:00Z,DE_LU,40759
2024-01-14T00:00Z,DE_LU,40044
2024-01-14T01:00Z,DE_LU,39406
2024-01-14T02:00Z,DE_LU,39465
2024-01-14T03:00Z,DE_LU,40080
2024-01-14T04:00Z,DE_LU,42124
2024-01-14T05:00Z,DE_LU,45581
2024-01-14T06:00Z,DE_LU,48528
2024-01-14T07:00Z,DE_LU,49683
2024-01-14T08:00Z,DE_LU,49851
2024-01-14T09:00Z,DE_LU,49551
2024-01-14T10:00Z,DE_LU,49219
2024-01-14T11:00Z,DE_LU,48872
2024-01-14T12:00Z,DE_LU,48469
2024-01-14T13:00Z,DE_LU,48183
2024-01-14T14:00Z,DE_LU,47950
2024-01-14T15:00Z,DE_LU,48658
2024-01-14T16:00Z,DE_LU,50225
2024-01-14T17:00Z,DE_LU,50514
2024-01-14T18:00Z,DE_LU,49615
2024-01-14T19:00Z,DE_LU,48104
2024-01-14T20:00Z,DE_LU,46623
2024-01-14T21:00Z,DE_LU,44827
2024-01-14T22:00Z,DE_LU,42890
2024-01-14T23:00Z,DE_LU,46904
2024-01-15T00:00Z,DE_LU,45034
2024-01-15T01:00Z,DE_LU,44002
2024-01-15T02:00Z,DE_LU,43906
2024-01-15T03:00Z,DE_LU,45059
2024-01-15T04:00Z,DE_LU,49076
2024-01-15T05:00Z,DE_LU,56059
2024-01-15T06:00Z,DE_LU,61866
2024-01-15T07:00Z,DE_LU,64388
2024-01-15T08:00Z,DE_LU,65000
2024-01-15T09:00Z,DE_LU,65354
2024-01-15T10:00Z,DE_LU,64578
2024-01-15T11:00Z,DE_LU,63400
2024-01-15T12:00Z,DE_LU,62988
2024-01-15T13:00Z,DE_LU,62314
2024-01-15T14:00Z,DE_LU,62571
2024-01-15T15:00Z,DE_LU,64277
2024-01-15T16:00Z,DE_LU,67804
2024-01-15T17:00Z,DE_LU,68242
2024-01-15T18:00Z,DE_LU,66035
2024-01-15T19:00Z,DE_LU,62356
2024-01-15T20:00Z,DE_LU,58886
2024-01-15T21:00Z,DE_LU,54605
2024-01-15T22:00Z,DE_LU,50655
2024-01-15T23:00Z,DE_LU,47703
2024-01-16T00:00Z,DE_LU,45788
2024-01-16T01:00Z,DE_LU,44674
2024-01-16T02:00Z,DE_LU,44525
2024-01-16T03:00Z,DE_LU,45503
2024-01-16T04:00Z,DE_LU,49658
2024-01-16T05:00Z,DE_LU,56957
2024-01-16T06:00Z,DE_LU,62776
2024-01-16T07:00Z,DE_LU,65357
2024-01-16T08:00Z,DE_LU,66226
2024-01-16T09:00Z,DE_LU,66025
2024-01-16T10:00Z,DE_LU,65315
2024-01-16T11:00Z,DE_LU,64083
2024-01-16T12:00Z,DE_LU,63879
2024-01-16T13:00Z,DE_LU,63070
2024-01-16T14:00Z,DE_LU,63168
2024-01-16T15:00Z,DE_LU,64823
2024-01-16T16:00Z,DE_LU,68186
2024-01-16T17:00Z,DE_LU,68719
2024-01-16T18:00Z,DE_LU,66630
2024-01-16T19:00Z,DE_LU,63277
2024-01-16T20:00Z,DE_LU,59670
2024-01-16T21:00Z,DE_LU,55336
2024-01-16T22:00Z,DE_LU,51230
2024-01-16T23:00Z,DE_LU,47813
2024-01-17T00:00Z,DE_LU,46070
2024-01-17T01:00Z,DE_LU,44830
2024-01-17T02:00Z,DE_LU,45062
2024-01-17T03:00Z,DE_LU,46298
2024-01-17T04:00Z,DE_LU,50406
2024-01-17T05:00Z,DE_LU,57609
2024-01-17T06:00Z,DE_LU,63340
2024-01-17T07:00Z,DE_LU,65510
2024-01-17T08:00Z,DE_LU,66396
2024-01-17T09:00Z,DE_LU,66284
2024-01-17T10:00Z,DE_LU,65789
2024-01-17T11:00Z,DE_LU,64769
2024-01-17T12:00Z,DE_LU,63956
2024-01-17T13:00Z,DE_LU,63435
2024-01-17T14:00Z,DE_LU,63318
2024-01-17T15:00Z,DE_LU,65109
2024-01-17T16:00Z,DE_LU,68568
2024-01-17T17:00Z,DE_LU,68836
2024-01-17T18:00Z,DE_LU,66542
2024-01-17T19:00Z,DE_LU,62973
2024-01-17T20:00Z,DE_LU,59939
2024-01-17T21:00Z,DE_LU,55504
2024-01-17T22:00Z,DE_LU,51134
2024-01-17T23:00Z,DE_LU,46823
2024-01-18T00:00Z,DE_LU,45196
2024-01-18T01:00Z,DE_LU,44365
2024-01-18T02:00Z,DE_LU,44148
2024-01-18T03:00Z,DE_LU,45392
2024-01-18T04:00Z,DE_LU,49614
2024-01-18T05:00Z,DE_LU,56737
2024-01-18T06:00Z,DE_LU,62375
2024-01-18T07:00Z,DE_LU,64883
2024-01-18T08:00Z,DE_LU,65931
2024-01-18T09:00Z,DE_LU,65451
2024-01-18T10:00Z,DE_LU,65086
2024-01-18T11:00Z,DE_LU,63805
2024-01-18T12:00Z,DE_LU,63566
2024-01-18T13:00Z,DE_LU,62908
2024-01-18T14:00Z,DE_LU,62914
2024-01-18T15:00Z,DE_LU,64439
2024-01-18T16:00Z,DE_LU,67743
2024-01-18T17:00Z,DE_LU,68563
2024-01-18T18:00Z,DE_LU,66330
2024-01-18T19:00Z,DE_LU,62568
2024-01-18T20:00Z,DE_LU,59125
2024-01-18T21:00Z,DE_LU,54951
2024-01-18T22:00Z,DE_LU,50774
2024-01-18T23:00Z,DE_LU,47217
2024-01-19T00:00Z,DE_LU,45543
2024-01-19T01:00Z,DE_LU,44595
2024-01-19T02:00Z,DE_LU,44691
2024-01-19T03:00Z,DE_LU,45901
2024-01-19T04:00Z,DE_LU,50011
2024-01-19T05:00Z,DE_LU,57149
2024-01-19T06:00Z,DE_LU,63059
2024-01-19T07:00Z,DE_LU,65400
2024-01-19T08:00Z,DE_LU,66493
2024-01-19T09:00Z,DE_LU,66343
2024-01-19T10:00Z,DE_LU,65786
2024-01-19T11:00Z,DE_LU,64391
2024-01-19T12:00Z,DE_LU,63886
2024-01-19T13:00Z,DE_LU,63276
2024-01-19T14:00Z,DE_LU,63097
2024-01-19T15:00Z,DE_LU,64752
2024-01-19T16:00Z,DE_LU,68195
2024-01-19T17:00Z,DE_LU,68645
2024-01-19T18:00Z,DE_LU,66287
2024-01-19T19:00Z,DE_LU,62739
2024-01-19T20:00Z,DE_LU,58962
2024-01-19T21:00Z,DE_LU,54711
2024-01-19T22:00Z,DE_LU,50819
2024-01-19T23:00Z,DE_LU,45461
2024-01-20T00:00Z,DE_LU,44643
2024-01-20T01:00Z,DE_LU,43988
2024-01-20T02:00Z,DE_LU,44275
2024-01-20T03:00Z,DE_LU,44959
2024-01-20T04:00Z,DE_LU,47204
2024-01-20T05:00Z,DE_LU,50848
2024-01-20T06:00Z,DE_LU,53986
2024-01-20T07:00Z,DE_LU,54944
2024-01-20T08:00Z,DE_LU,55402
2024-01-20T09:00Z,DE_LU,55482
2024-01-20T10:00Z,DE_LU,55278
2024-01-20T11:00Z,DE_LU,54376
2024-01-20T12:00Z,DE_LU,53720
2024-01-20T13:00Z,DE_LU,53618
2024-01-20T14:00Z,DE_LU,53640
2024-01-20T15:00Z,DE_LU,54587
2024-01-20T16:00Z,DE_LU,56504
2024-01-20T17:00Z,DE_LU,56961
2024-01-20T18:00Z,DE_LU,55495
2024-01-20T19:00Z,DE_LU,53544
2024-01-20T20:00Z,DE_LU,51853
2024-01-20T21:00Z,DE_LU,49934
2024-01-20T22:00Z,DE_LU,47705
2024-01-20T23:00Z,DE_LU,41212
2024-01-21T00:00Z,DE_LU,40497
2024-01-21T01:00Z,DE_LU,39629
2024-01-21T02:00Z,DE_LU,39515
2024-01-21T03:00Z,DE_LU,40267
2024-01-21T04:00Z,DE_LU,42030
2024-01-21T05:00Z,DE_LU,45549
2024-01-21T06:00Z,DE_LU,48210
2024-01-21T07:00Z,DE_LU,49341
2024-01-21T08:00Z,DE_LU,49852
2024-01-21T09:00Z,DE_LU,49836
2024-01-21T10:00Z,DE_LU,49417
2024-01-21T11:00Z,DE_LU,48838
2024-01-21T12:00Z,DE_LU,48643
2024-01-21T13:00Z,DE_LU,48290
2024-01-21T14:00Z,DE_LU,48257
2024-01-21T15:00Z,DE_LU,49093
2024-01-21T16:00Z,DE_LU,50846
2024-01-21T17:00Z,DE_LU,51203
2024-01-21T18:00Z,DE_LU,50119
2024-01-21T19:00Z,DE_LU,48595
2024-01-21T20:00Z,DE_LU,46733
2024-01-21T21:00Z,DE_LU,44684
2024-01-21T22:00Z,DE_LU,42662
2024-01-21T23:00Z,DE_LU,45186
2024-01-22T00:00Z,DE_LU,43362
2024-01-22T01:00Z,DE_LU,42182
2024-01-22T02:00Z,DE_LU,42188
2024-01-22T03:00Z,DE_LU,43396
2024-01-22T04:00Z,DE_LU,47437
2024-01-22T05:00Z,DE_LU,54173
2024-01-22T06:00Z,DE_LU,59760
2024-01-22T07:00Z,DE_LU,61900
2024-01-22T08:00Z,DE_LU,62476
2024-01-22T09:00Z,DE_LU,62592
2024-01-22T10:00Z,DE_LU,62057
2024-01-22T11:00Z,DE_LU,60830
2024-01-22T12:00Z,DE_LU,60097
2024-01-22T13:00Z,DE_LU,59419
2024-01-22T14:00Z,DE_LU,59697
2024-01-22T15:00Z,DE_LU,61265
2024-01-22T16:00Z,DE_LU,64609
2024-01-22T17:00Z,DE_LU,65154
2024-01-22T18:00Z,DE_LU,62680
2024-01-22T19:00Z,DE_LU,59547
2024-01-22T20:00Z,DE_LU,56061
2024-01-22T21:00Z,DE_LU,52227
2024-01-22T22:00Z,DE_LU,48126
2024-01-22T23:00Z,DE_LU,44912
2024-01-23T00:00Z,DE_LU,43349
2024-01-23T01:00Z,DE_LU,42200
2024-01-23T02:00Z,DE_LU,42382
2024-01-23T03:00Z,DE_LU,43390
2024-01-23T04:00Z,DE_LU,47504
2024-01-23T05:00Z,DE_LU,54261
2024-01-23T06:00Z,DE_LU,59762
2024-01-23T07:00Z,DE_LU,62402
2024-01-23T08:00Z,DE_LU,62782
2024-01-23T09:00Z,DE_LU,62866
2024-01-23T10:00Z,DE_LU,62200
2024-01-23T11:00Z,DE_LU,60831
2024-01-23T12:00Z,DE_LU,60214
2024-01-23T13:00Z,DE_LU,59686
2024-01-23T14:00Z,DE_LU,59591
2024-01-23T15:00Z,DE_LU,61163
2024-01-23T16:00Z,DE_LU,64314
2024-01-23T17:00Z,DE_LU,65606
2024-01-23T18:00Z,DE_LU,63367
2024-01-23T19:00Z,DE_LU,60252
2024-01-23T20:00Z,DE_LU,56948
2024-01-23T21:00Z,DE_LU,52564
2024-01-23T22:00Z,DE_LU,48740
2024-01-23T23:00Z,DE_LU,45027
2024-01-24T00:00Z,DE_LU,43254
2024-01-24T01:00Z,DE_LU,41924
2024-01-24T02:00Z,DE_LU,41827
2024-01-24T03:00Z,DE_LU,43131
2024-01-24T04:00Z,DE_LU,47065
2024-01-24T05:00Z,DE_LU,53733
2024-01-24T06:00Z,DE_LU,59166
2024-01-24T07:00Z,DE_LU,60968
2024-01-24T08:00Z,DE_LU,61887
2024-01-24T09:00Z,DE_LU,61994
2024-01-24T10:00Z,DE_LU,61317
2024-01-24T11:00Z,DE_LU,60426
2024-01-24T12:00Z,DE_LU,60205
2024-01-24T13:00Z,DE_LU,59938
2024-01-24T14:00Z,DE_LU,59936
2024-01-24T15:00Z,DE_LU,61492
2024-01-24T16:00Z,DE_LU,64861
2024-01-24T17:00Z,DE_LU,65220
2024-01-24T18:00Z,DE_LU,62836
2024-01-24T19:00Z,DE_LU,59179
2024-01-24T20:00Z,DE_LU,55943
2024-01-24T21:00Z,DE_LU,52077
2024-01-24T22:00Z,DE_LU,48134
2024-01-24T23:00Z,DE_LU,44176
2024-01-25T00:00Z,DE_LU,42655
2024-01-25T01:00Z,DE_LU,41472
2024-01-25T02:00Z,DE_LU,41608
2024-01-25T03:00Z,DE_LU,42633
2024-01-25T04:00Z,DE_LU,46353
2024-01-25T05:00Z,DE_LU,53200
2024-01-25T06:00Z,DE_LU,58680
2024-01-25T07:00Z,DE_LU,60790
2024-01-25T08:00Z,DE_LU,61152
2024-01-25T09:00Z,DE_LU,61637
2024-01-25T10:00Z,DE_LU,60839
2024-01-25T11:00Z,DE_LU,59317
2024-01-25T12:00Z,DE_LU,58844
2024-01-25T13:00Z,DE_LU,58426
2024-01-25T14:00Z,DE_LU,58285
2024-01-25T15:00Z,DE_LU,59742
2024-01-25T16:00Z,DE_LU,63269
2024-01-25T17:00Z,DE_LU,63799
2024-01-25T18:00Z,DE_LU,61396
2024-01-25T19:00Z,DE_LU,58111
2024-01-25T20:00Z,DE_LU,54698
2024-01-25T21:00Z,DE_LU,50840
2024-01-25T22:00Z,DE_LU,47147
2024-01-25T23:00Z,DE_LU,43939
2024-01-26T00:00Z,DE_LU,42491
2024-01-26T01:00Z,DE_LU,41533
2024-01-26T02:00Z,DE_LU,41472
2024-01-26T03:00Z,DE_LU,42578
2024-01-26T04:00Z,DE_LU,46385
2024-01-26T05:00Z,DE_LU,53038
2024-01-26T06:00Z,DE_LU,58516
2024-01-26T07:00Z,DE_LU,60539
2024-01-26T08:00Z,DE_LU,61178
2024-01-26T09:00Z,DE_LU,61241
2024-01-26T10:00Z,DE_LU,60775
2024-01-26T11:00Z,DE_LU,59710
2024-01-26T12:00Z,DE_LU,59288
2024-01-26T13:00Z,DE_LU,58543
2024-01-26T14:00Z,DE_LU,58629
2024-01-26T15:00Z,DE_LU,60300
2024-01-26T16:00Z,DE_LU,63668
2024-01-26T17:00Z,DE_LU,64316
2024-01-26T18:00Z,DE_LU,62471
2024-01-26T19:00Z,DE_LU,58962
2024-01-26T20:00Z,DE_LU,55330
2024-01-26T21:00Z,DE_LU,51202
2024-01-26T22:00Z,DE_LU,47434
2024-01-26T23:00Z,DE_LU,42932
2024-01-27T00:00Z,DE_LU,42084
2024-01-27T01:00Z,DE_LU,41554
2024-01-27T02:00Z,DE_LU,41579
2024-01-27T03:00Z,DE_LU,42311
2024-01-27T04:00Z,DE_LU,44068
2024-01-27T05:00Z,DE_LU,47356
2024-01-27T06:00Z,DE_LU,50280
2024-01-27T07:00Z,DE_LU,51640
2024-01-27T08:00Z,DE_LU,52383
2024-01-27T09:00Z,DE_LU,52305
2024-01-27T10:00Z,DE_LU,51861
2024-01-27T11:00Z,DE_LU,51320
2024-01-27T12:00Z,DE_LU,50830
2024-01-27T13:00Z,DE_LU,50662
2024-01-27T14:00Z,DE_LU,50955
2024-01-27T15:00Z,DE_LU,51795
2024-01-27T16:00Z,DE_LU,53676
2024-01-27T17:00Z,DE_LU,53828
2024-01-27T18:00Z,DE_LU,52502
2024-01-27T19:00Z,DE_LU,50706
2024-01-27T20:00Z,DE_LU,48995
2024-01-27T21:00Z,DE_LU,47234
2024-01-27T22:00Z,DE_LU,44614
2024-01-27T23:00Z,DE_LU,38404
2024-01-28T00:00Z,DE_LU,37674
2024-01-28T01:00Z,DE_LU,37086
2024-01-28T02:00Z,DE_LU,37024
2024-01-28T03:00Z,DE_LU,37506
2024-01-28T04:00Z,DE_LU,39198
2024-01-28T05:00Z,DE_LU,42494
2024-01-28T06:00Z,DE_LU,44974
2024-01-28T07:00Z,DE_LU,46094
2024-01-28T08:00Z,DE_LU,46384
2024-01-28T09:00Z,DE_LU,46651
2024-01-28T10:00Z,DE_LU,46293
2024-01-28T11:00Z,DE_LU,45755
2024-01-28T12:00Z,DE_LU,45561
2024-01-28T13:00Z,DE_LU,45222
2024-01-28T14:00Z,DE_LU,45140
2024-01-28T15:00Z,DE_LU,45936
2024-01-28T16:00Z,DE_LU,47390
2024-01-28T17:00Z,DE_LU,47578
2024-01-28T18:00Z,DE_LU,46575
2024-01-28T19:00Z,DE_LU,45104
2024-01-28T20:00Z,DE_LU,43483
2024-01-28T21:00Z,DE_LU,41784
2024-01-28T22:00Z,DE_LU,39698
2024-01-28T23:00Z,DE_LU,43818
2024-01-29T00:00Z,DE_LU,42128
2024-01-29T01:00Z,DE_LU,41161
2024-01-29T02:00Z,DE_LU,41386
2024-01-29T03:00Z,DE_LU,42359
2024-01-29T04:00Z,DE_LU,46062
2024-01-29T05:00Z,DE_LU,52804
2024-01-29T06:00Z,DE_LU,58207
2024-01-29T07:00Z,DE_LU,60434
2024-01-29T08:00Z,DE_LU,61051
2024-01-29T09:00Z,DE_LU,61105
2024-01-29T10:00Z,DE_LU,60071
2024-01-29T11:00Z,DE_LU,59144
2024-01-29T12:00Z,DE_LU,58742
2024-01-29T13:00Z,DE_LU,58264
2024-01-29T14:00Z,DE_LU,58467
2024-01-29T15:00Z,DE_LU,60362
2024-01-29T16:00Z,DE_LU,63269
2024-01-29T17:00Z,DE_LU,63885
2024-01-29T18:00Z,DE_LU,61684
2024-01-29T19:00Z,DE_LU,58440
2024-01-29T20:00Z,DE_LU,55452
2024-01-29T21:00Z,DE_LU,51535
2024-01-29T22:00Z,DE_LU,47457
2024-01-29T23:00Z,DE_LU,45261
2024-01-30T00:00Z,DE_LU,43747
2024-01-30T01:00Z,DE_LU,42622
2024-01-30T02:00Z,DE_LU,42613
2024-01-30T03:00Z,DE_LU,43847
2024-01-30T04:00Z,DE_LU,48222
2024-01-30T05:00Z,DE_LU,54853
2024-01-30T06:00Z,DE_LU,60567
2024-01-30T07:00Z,DE_LU,62929
2024-01-30T08:00Z,DE_LU,63542
2024-01-30T09:00Z,DE_LU,63331
2024-01-30T10:00Z,DE_LU,62700
2024-01-30T11:00Z,DE_LU,61348
2024-01-30T12:00Z,DE_LU,60819
2024-01-30T13:00Z,DE_LU,60399
2024-01-30T14:00Z,DE_LU,60374
2024-01-30T15:00Z,DE_LU,61698
2024-01-30T16:00Z,DE_LU,65121
2024-01-30T17:00Z,DE_LU,65255
2024-01-30T18:00Z,DE_LU,63083
2024-01-30T19:00Z,DE_LU,59686
2024-01-30T20:00Z,DE_LU,56391
2024-01-30T21:00Z,DE_LU,52289
2024-01-30T22:00Z,DE_LU,48408
2024-01-30T23:00Z,DE_LU,44778
2024-01-31T00:00Z,DE_LU,43264
2024-01-31T01:00Z,DE_LU,42202
2024-01-31T02:00Z,DE_LU,42369
2024-01-31T03:00Z,DE_LU,43321
2024-01-31T04:00Z,DE_LU,46994
2024-01-31T05:00Z,DE_LU,53602
2024-01-31T06:00Z,DE_LU,59057
2024-01-31T07:00Z,DE_LU,61466
2024-01-31T08:00Z,DE_LU,62161
2024-01-31T09:00Z,DE_LU,62527
2024-01-31T10:00Z,DE_LU,62229
2024-01-31T11:00Z,DE_LU,61167
2024-01-31T12:00Z,DE_LU,60290
2024-01-31T13:00Z,DE_LU,59715
2024-01-31T14:00Z,DE_LU,59433
2024-01-31T15:00Z,DE_LU,61014
2024-01-31T16:00Z,DE_LU,64214
2024-01-31T17:00Z,DE_LU,64906
2024-01-31T18:00Z,DE_LU,63034
2024-01-31T19:00Z,DE_LU,59615
2024-01-31T20:00Z,DE_LU,56152
2024-01-31T21:00Z,DE_LU,52169
2024-01-31T22:00Z,DE_LU,48537
2024-01-31T23:00Z,DE_LU,45549
2024-02-01T00:00Z,DE_LU,43599
2024-02-01T01:00Z,DE_LU,42407
2024-02-01T02:00Z,DE_LU,42797
2024-02-01T03:00Z,DE_LU,43703
2024-02-01T04:00Z,DE_LU,47565
2024-02-01T05:00Z,DE_LU,54304
2024-02-01T06:00Z,DE_LU,59735
2024-02-01T07:00Z,DE_LU,62230
2024-02-01T08:00Z,DE_LU,62675
2024-02-01T09:00Z,DE_LU,62844
2024-02-01T10:00Z,DE_LU,62263
2024-02-01T11:00Z,DE_LU,61014
2024-02-01T12:00Z,DE_LU,60440
2024-02-01T13:00Z,DE_LU,59841
2024-02-01T14:00Z,DE_LU,60043
2024-02-01T15:00Z,DE_LU,61506
2024-02-01T16:00Z,DE_LU,64532
2024-02-01T17:00Z,DE_LU,65448
2024-02-01T18:00Z,DE_LU,63228
2024-02-01T19:00Z,DE_LU,59775
2024-02-01T20:00Z,DE_LU,56665
2024-02-01T21:00Z,DE_LU,52628
2024-02-01T22:00Z,DE_LU,48748
2024-02-01T23:00Z,DE_LU,45442
2024-02-02T00:00Z,DE_LU,43784
2024-02-02T01:00Z,DE_LU,42757
2024-02-02T02:00Z,DE_LU,42695
2024-02-02T03:00Z,DE_LU,43869
2024-02-02T04:00Z,DE_LU,48003
2024-02-02T05:00Z,DE_LU,54663
2024-02-02T06:00Z,DE_LU,60394
2024-02-02T07:00Z,DE_LU,62573
2024-02-02T08:00Z,DE_LU,63116
2024-02-02T09:00Z,DE_LU,63302
2024-02-02T10:00Z,DE_LU,62831
2024-02-02T11:00Z,DE_LU,61534
2024-02-02T12:00Z,DE_LU,61041
2024-02-02T13:00Z,DE_LU,60729
2024-02-02T14:00Z,DE_LU,60444
2024-02-02T15:00Z,DE_LU,62091
2024-02-02T16:00Z,DE_LU,65420
2024-02-02T17:00Z,DE_LU,65876
2024-02-02T18:00Z,DE_LU,63990
2024-02-02T19:00Z,DE_LU,60443
2024-02-02T20:00Z,DE_LU,57035
2024-02-02T21:00Z,DE_LU,52987
2024-02-02T22:00Z,DE_LU,48849
2024-02-02T23:00Z,DE_LU,43609
2024-02-03T00:00Z,DE_LU,42650
2024-02-03T01:00Z,DE_LU,41961
2024-02-03T02:00Z,DE_LU,41769
2024-02-03T03:00Z,DE_LU,42244
2024-02-03T04:00Z,DE_LU,44328
2024-02-03T05:00Z,DE_LU,47856
2024-02-03T06:00Z,DE_LU,50853
2024-02-03T07:00Z,DE_LU,52246
2024-02-03T08:00Z,DE_LU,52812
2024-02-03T09:00Z,DE_LU,52900
2024-02-03T10:00Z,DE_LU,52352
2024-02-03T11:00Z,DE_LU,51996
2024-02-03T12:00Z,DE_LU,51719
2024-02-03T13:00Z,DE_LU,51268
2024-02-03T14:00Z,DE_LU,51045
2024-02-03T15:00Z,DE_LU,51927
2024-02-03T16:00Z,DE_LU,53899
2024-02-03T17:00Z,DE_LU,54048
2024-02-03T18:00Z,DE_LU,52820
2024-02-03T19:00Z,DE_LU,50960
2024-02-03T20:00Z,DE_LU,49457
2024-02-03T21:00Z,DE_LU,47407
2024-02-03T22:00Z,DE_LU,45168
2024-02-03T23:00Z,DE_LU,41221
2024-02-04T00:00Z,DE_LU,40513
2024-02-04T01:00Z,DE_LU,39833
2024-02-04T02:00Z,DE_LU,39845
2024-02-04T03:00Z,DE_LU,40370
2024-02-04T04:00Z,DE_LU,42381
2024-02-04T05:00Z,DE_LU,45737
2024-02-04T06:00Z,DE_LU,48200
2024-02-04T07:00Z,DE_LU,49420
2024-02-04T08:00Z,DE_LU,49630
2024-02-04T09:00Z,DE_LU,49641
2024-02-04T10:00Z,DE_LU,49476
2024-02-04T11:00Z,DE_LU,48637
2024-02-04T12:00Z,DE_LU,48684
2024-02-04T13:00Z,DE_LU,48228
2024-02-04T14:00Z,DE_LU,48239
2024-02-04T15:00Z,DE_LU,48977
2024-02-04T16:00Z,DE_LU,50585
2024-02-04T17:00Z,DE_LU,50661
2024-02-04T18:00Z,DE_LU,49705
2024-02-04T19:00Z,DE_LU,48078
2024-02-04T20:00Z,DE_LU,46617
2024-02-04T21:00Z,DE_LU,44891
2024-02-04T22:00Z,DE_LU,42864
2024-02-04T23:00Z,DE_LU,47936
2024-02-05T00:00Z,DE_LU,46150
2024-02-05T01:00Z,DE_LU,44993
2024-02-05T02:00Z,DE_LU,44552
2024-02-05T03:00Z,DE_LU,45572
2024-02-05T04:00Z,DE_LU,49679
2024-02-05T05:00Z,DE_LU,56653
2024-02-05T06:00Z,DE_LU,62971
2024-02-05T07:00Z,DE_LU,65295
2024-02-05T08:00Z,DE_LU,66040
2024-02-05T09:00Z,DE_LU,66292
2024-02-05T10:00Z,DE_LU,65639
2024-02-05T11:00Z,DE_LU,64344
2024-02-05T12:00Z,DE_LU,64029
2024-02-05T13:00Z,DE_LU,63709
2024-02-05T14:00Z,DE_LU,63722
2024-02-05T15:00Z,DE_LU,65072
2024-02-05T16:00Z,DE_LU,68569
2024-02-05T17:00Z,DE_LU,69082
2024-02-05T18:00Z,DE_LU,66623
2024-02-05T19:00Z,DE_LU,63265
2024-02-05T20:00Z,DE_LU,59499
2024-02-05T21:00Z,DE_LU,55611
2024-02-05T22:00Z,DE_LU,51659
2024-02-05T23:00Z,DE_LU,48229
2024-02-06T00:00Z,DE_LU,46664
2024-02-06T01:00Z,DE_LU,45262
2024-02-06T02:00Z,DE_LU,45195
2024-02-06T03:00Z,DE_LU,46428
2024-02-06T04:00Z,DE_LU,50858
2024-02-06T05:00Z,DE_LU,58074
2024-02-06T06:00Z,DE_LU,63865
2024-02-06T07:00Z,DE_LU,65940
2024-02-06T08:00Z,DE_LU,66554
2024-02-06T09:00Z,DE_LU,66608
2024-02-06T10:00Z,DE_LU,65567
2024-02-06T11:00Z,DE_LU,64188
2024-02-06T12:00Z,DE_LU,63307
2024-02-06T13:00Z,DE_LU,63177
2024-02-06T14:00Z,DE_LU,63241
2024-02-06T15:00Z,DE_LU,64713
2024-02-06T16:00Z,DE_LU,68316
2024-02-06T17:00Z,DE_LU,68713
2024-02-06T18:00Z,DE_LU,66597
2024-02-06T19:00Z,DE_LU,63384
2024-02-06T20:00Z,DE_LU,59639
2024-02-06T21:00Z,DE_LU,55817
2024-02-06T22:00Z,DE_LU,51392
2024-02-06T23:00Z,DE_LU,47917
2024-02-07T00:00Z,DE_LU,46262
2024-02-07T01:00Z,DE_LU,45080
2024-02-07T02:00Z,DE_LU,45109
2024-02-07T03:00Z,DE_LU,46187
2024-02-07T04:00Z,DE_LU,50658
2024-02-07T05:00Z,DE_LU,57935
2024-02-07T06:00Z,DE_LU,63420
2024-02-07T07:00Z,DE_LU,66014
2024-02-07T08:00Z,DE_LU,66987
2024-02-07T09:00Z,DE_LU,66863
2024-02-07T10:00Z,DE_LU,66249
2024-02-07T11:00Z,DE_LU,65130
2024-02-07T12:00Z,DE_LU,64518
2024-02-07T13:00Z,DE_LU,63660
2024-02-07T14:00Z,DE_LU,63643
2024-02-07T15:00Z,DE_LU,65293
2024-02-07T16:00Z,DE_LU,68860
2024-02-07T17:00Z,DE_LU,69468
2024-02-07T18:00Z,DE_LU,66942
2024-02-07T19:00Z,DE_LU,63379
2024-02-07T20:00Z,DE_LU,59792
2024-02-07T21:00Z,DE_LU,55728
2024-02-07T22:00Z,DE_LU,51404
2024-02-07T23:00Z,DE_LU,47316
2024-02-08T00:00Z,DE_LU,45644
2024-02-08T01:00Z,DE_LU,44494
2024-02-08T02:00Z,DE_LU,44677
2024-02-08T03:00Z,DE_LU,45821
2024-02-08T04:00Z,DE_LU,50038
2024-02-08T05:00Z,DE_LU,57280
2024-02-08T06:00Z,DE_LU,62634
2024-02-08T07:00Z,DE_LU,64990
2024-02-08T08:00Z,DE_LU,65721
2024-02-08T09:00Z,DE_LU,65404
2024-02-08T10:00Z,DE_LU,64801
2024-02-08T11:00Z,DE_LU,63496
2024-02-08T12:00Z,DE_LU,63255
2024-02-08T13:00Z,DE_LU,62804
2024-02-08T14:00Z,DE_LU,62770
2024-02-08T15:00Z,DE_LU,64527
2024-02-08T16:00Z,DE_LU,68014
2024-02-08T17:00Z,DE_LU,68422
2024-02-08T18:00Z,DE_LU,66201
2024-02-08T19:00Z,DE_LU,63041
2024-02-08T20:00Z,DE_LU,59717
2024-02-08T21:00Z,DE_LU,55425
2024-02-08T22:00Z,DE_LU,51214
2024-02-08T23:00Z,DE_LU,47228
2024-02-09T00:00Z,DE_LU,45492
2024-02-09T01:00Z,DE_LU,44099
2024-02-09T02:00Z,DE_LU,43914
2024-02-09T03:00Z,DE_LU,45283
2024-02-09T04:00Z,DE_LU,49380
2024-02-09T05:00Z,DE_LU,56323
2024-02-09T06:00Z,DE_LU,62050
2024-02-09T07:00Z,DE_LU,64141
2024-02-09T08:00Z,DE_LU,64615
2024-02-09T09:00Z,DE_LU,64695
2024-02-09T10:00Z,DE_LU,64330
2024-02-09T11:00Z,DE_LU,63170
2024-02-09T12:00Z,DE_LU,62807
2024-02-09T13:00Z,DE_LU,62191
2024-02-09T14:00Z,DE_LU,62261
2024-02-09T15:00Z,DE_LU,63694
2024-02-09T16:00Z,DE_LU,66976
2024-02-09T17:00Z,DE_LU,67911
2024-02-09T18:00Z,DE_LU,65610
2024-02-09T19:00Z,DE_LU,62361
2024-02-09T20:00Z,DE_LU,58720
2024-02-09T21:00Z,DE_LU,54327
2024-02-09T22:00Z,DE_LU,50166
2024-02-09T23:00Z,DE_LU,45072
2024-02-10T00:00Z,DE_LU,44291
2024-02-10T01:00Z,DE_LU,43461
2024-02-10T02:00Z,DE_LU,43441
2024-02-10T03:00Z,DE_LU,43975
2024-02-10T04:00Z,DE_LU,46297
2024-02-10T05:00Z,DE_LU,49693
2024-02-10T06:00Z,DE_LU,52769
2024-02-10T07:00Z,DE_LU,54214
2024-02-10T08:00Z,DE_LU,54675
2024-02-10T09:00Z,DE_LU,54515
2024-02-10T10:00Z,DE_LU,54299
2024-02-10T11:00Z,DE_LU,53565
2024-02-10T12:00Z,DE_LU,53238
2024-02-10T13:00Z,DE_LU,53119
2024-02-10T14:00Z,DE_LU,53085
2024-02-10T15:00Z,DE_LU,54402
2024-02-10T16:00Z,DE_LU,56342
2024-02-10T17:00Z,DE_LU,56567
2024-02-10T18:00Z,DE_LU,55441
2024-02-10T19:00Z,DE_LU,53696
2024-02-10T20:00Z,DE_LU,51834
2024-02-10T21:00Z,DE_LU,50013
2024-02-10T22:00Z,DE_LU,47504
2024-02-10T23:00Z,DE_LU,40789
2024-02-11T00:00Z,DE_LU,39848
2024-02-11T01:00Z,DE_LU,39086
2024-02-11T02:00Z,DE_LU,38884
2024-02-11T03:00Z,DE_LU,39342
2024-02-11T04:00Z,DE_LU,41134
2024-02-11T05:00Z,DE_LU,44559
2024-02-11T06:00Z,DE_LU,47460
2024-02-11T07:00Z,DE_LU,48620
2024-02-11T08:00Z,DE_LU,48633
2024-02-11T09:00Z,DE_LU,48722
2024-02-11T10:00Z,DE_LU,48443
2024-02-11T11:00Z,DE_LU,47871
2024-02-11T12:00Z,DE_LU,47626
2024-02-11T13:00Z,DE_LU,47076
2024-02-11T14:00Z,DE_LU,47174
2024-02-11T15:00Z,DE_LU,48205
2024-02-11T16:00Z,DE_LU,49840
2024-02-11T17:00Z,DE_LU,50017
2024-02-11T18:00Z,DE_LU,48858
2024-02-11T19:00Z,DE_LU,47189
2024-02-11T20:00Z,DE_LU,45781
2024-02-11T21:00Z,DE_LU,43784
2024-02-11T22:00Z,DE_LU,41928
2024-02-11T23:00Z,DE_LU,45468
2024-02-12T00:00Z,DE_LU,43825
2024-02-12T01:00Z,DE_LU,42853
2024-02-12T02:00Z,DE_LU,42580
2024-02-12T03:00Z,DE_LU,43578
2024-02-12T04:00Z,DE_LU,47385
2024-02-12T05:00Z,DE_LU,54261
2024-02-12T06:00Z,DE_LU,59615
2024-02-12T07:00Z,DE_LU,61790
2024-02-12T08:00Z,DE_LU,62318
2024-02-12T09:00Z,DE_LU,62944
2024-02-12T10:00Z,DE_LU,61949
2024-02-12T11:00Z,DE_LU,61117
2024-02-12T12:00Z,DE_LU,60786
2024-02-12T13:00Z,DE_LU,60196
2024-02-12T14:00Z,DE_LU,60167
2024-02-12T15:00Z,DE_LU,61666
2024-02-12T16:00Z,DE_LU,64978
2024-02-12T17:00Z,DE_LU,65479
2024-02-12T18:00Z,DE_LU,63140
2024-02-12T19:00Z,DE_LU,59867
2024-02-12T20:00Z,DE_LU,56755
2024-02-12T21:00Z,DE_LU,52593
2024-02-12T22:00Z,DE_LU,48782
2024-02-12T23:00Z,DE_LU,45202
2024-02-13T00:00Z,DE_LU,43669
2024-02-13T01:00Z,DE_LU,42641
2024-02-13T02:00Z,DE_LU,42734
2024-02-13T03:00Z,DE_LU,44020
2024-02-13T04:00Z,DE_LU,48073
2024-02-13T05:00Z,DE_LU,54793
2024-02-13T06:00Z,DE_LU,60018
2024-02-13T07:00Z,DE_LU,62357
2024-02-13T08:00Z,DE_LU,62881
2024-02-13T09:00Z,DE_LU,63038
2024-02-13T10:00Z,DE_LU,62270
2024-02-13T11:00Z,DE_LU,61425
2024-02-13T12:00Z,DE_LU,60647
2024-02-13T13:00Z,DE_LU,60078
2024-02-13T14:00Z,DE_LU,59915
2024-02-13T15:00Z,DE_LU,61364
2024-02-13T16:00Z,DE_LU,64158
2024-02-13T17:00Z,DE_LU,64669
2024-02-13T18:00Z,DE_LU,62575
2024-02-13T19:00Z,DE_LU,59529
2024-02-13T20:00Z,DE_LU,56433
2024-02-13T21:00Z,DE_LU,52648
2024-02-13T22:00Z,DE_LU,48869
2024-02-13T23:00Z,DE_LU,44696
2024-02-14T00:00Z,DE_LU,43000
2024-02-14T01:00Z,DE_LU,41919
2024-02-14T02:00Z,DE_LU,41805
2024-02-14T03:00Z,DE_LU,42801
2024-02-14T04:00Z,DE_LU,46366
2024-02-14T05:00Z,DE_LU,52943
2024-02-14T06:00Z,DE_LU,58586
2024-02-14T07:00Z,DE_LU,60856
2024-02-14T08:00Z,DE_LU,61642
2024-02-14T09:00Z,DE_LU,62047
2024-02-14T10:00Z,DE_LU,61611
2024-02-14T11:00Z,DE_LU,60531
2024-02-14T12:00Z,DE_LU,59640
2024-02-14T13:00Z,DE_LU,59181
2024-02-14T14:00Z,DE_LU,58631
2024-02-14T15:00Z,DE_LU,60244
2024-02-14T16:00Z,DE_LU,63403
2024-02-14T17:00Z,DE_LU,63920
2024-02-14T18:00Z,DE_LU,61763
2024-02-14T19:00Z,DE_LU,58532
2024-02-14T20:00Z,DE_LU,55225
2024-02-14T21:00Z,DE_LU,51431
2024-02-14T22:00Z,DE_LU,47498
2024-02-14T23:00Z,DE_LU,45150
2024-02-15T00:00Z,DE_LU,43485
2024-02-15T01:00Z,DE_LU,42416
2024-02-15T02:00Z,DE_LU,42321
2024-02-15T03:00Z,DE_LU,43406
2024-02-15T04:00Z,DE_LU,47299
2024-02-15T05:00Z,DE_LU,54016
2024-02-15T06:00Z,DE_LU,59843
2024-02-15T07:00Z,DE_LU,62091
2024-02-15T08:00Z,DE_LU,62538
2024-02-15T09:00Z,DE_LU,62560
2024-02-15T10:00Z,DE_LU,61965
2024-02-15T11:00Z,DE_LU,60993
2024-02-15T12:00Z,DE_LU,60125
2024-02-15T13:00Z,DE_LU,59717
2024-02-15T14:00Z,DE_LU,59584
2024-02-15T15:00Z,DE_LU,61308
2024-02-15T16:00Z,DE_LU,64501
2024-02-15T17:00Z,DE_LU,64866
2024-02-15T18:00Z,DE_LU,62974
2024-02-15T19:00Z,DE_LU,59757
2024-02-15T20:00Z,DE_LU,56456
2024-02-15T21:00Z,DE_LU,52528
2024-02-15T22:00Z,DE_LU,48643
2024-02-15T23:00Z,DE_LU,45150
2024-02-16T00:00Z,DE_LU,43535
2024-02-16T01:00Z,DE_LU,42480
2024-02-16T02:00Z,DE_LU,42218
2024-02-16T03:00Z,DE_LU,43478
2024-02-16T04:00Z,DE_LU,47335
2024-02-16T05:00Z,DE_LU,53964
2024-02-16T06:00Z,DE_LU,59373
2024-02-16T07:00Z,DE_LU,61450
2024-02-16T08:00Z,DE_LU,62230
2024-02-16T09:00Z,DE_LU,62185
2024-02-16T10:00Z,DE_LU,61860
2024-02-16T11:00Z,DE_LU,60765
2024-02-16T12:00Z,DE_LU,60191
2024-02-16T13:00Z,DE_LU,59629
2024-02-16T14:00Z,DE_LU,59382
2024-02-16T15:00Z,DE_LU,60788
2024-02-16T16:00Z,DE_LU,64065
2024-02-16T17:00Z,DE_LU,64699
2024-02-16T18:00Z,DE_LU,62725
2024-02-16T19:00Z,DE_LU,59687
2024-02-16T20:00Z,DE_LU,56490
2024-02-16T21:00Z,DE_LU,52424
2024-02-16T22:00Z,DE_LU,48258
2024-02-16T23:00Z,DE_LU,43556
2024-02-17T00:00Z,DE_LU,42718
2024-02-17T01:00Z,DE_LU,41939
2024-02-17T02:00Z,DE_LU,42143
2024-02-17T03:00Z,DE_LU,42669
2024-02-17T04:00Z,DE_LU,44759
2024-02-17T05:00Z,DE_LU,48278
2024-02-17T06:00Z,DE_LU,51135
2024-02-17T07:00Z,DE_LU,52399
2024-02-17T08:00Z,DE_LU,52718
2024-02-17T09:00Z,DE_LU,52901
2024-02-17T10:00Z,DE_LU,52703
2024-02-17T11:00Z,DE_LU,52144
2024-02-17T12:00Z,DE_LU,51736
2024-02-17T13:00Z,DE_LU,51271
2024-02-17T14:00Z,DE_LU,51489
2024-02-17T15:00Z,DE_LU,52455
2024-02-17T16:00Z,DE_LU,54037
2024-02-17T17:00Z,DE_LU,54339
2024-02-17T18:00Z,DE_LU,53127
2024-02-17T19:00Z,DE_LU,51465
2024-02-17T20:00Z,DE_LU,49693
2024-02-17T21:00Z,DE_LU,47722
2024-02-17T22:00Z,DE_LU,45974
2024-02-17T23:00Z,DE_LU,40159
2024-02-18T00:00Z,DE_LU,39332
2024-02-18T01:00Z,DE_LU,38887
2024-02-18T02:00Z,DE_LU,38740
2024-02-18T03:00Z,DE_LU,39253
2024-02-18T04:00Z,DE_LU,41117
2024-02-18T05:00Z,DE_LU,44503
2024-02-18T06:00Z,DE_LU,47015
2024-02-18T07:00Z,DE_LU,47953
2024-02-18T08:00Z,DE_LU,48243
2024-02-18T09:00Z,DE_LU,48505
2024-02-18T10:00Z,DE_LU,48000
2024-02-18T11:00Z,DE_LU,47477
2024-02-18T12:00Z,DE_LU,47518
2024-02-18T13:00Z,DE_LU,47276
2024-02-18T14:00Z,DE_LU,47258
2024-02-18T15:00Z,DE_LU,47843
2024-02-18T16:00Z,DE_LU,49260
2024-02-18T17:00Z,DE_LU,49865
2024-02-18T18:00Z,DE_LU,48826
2024-02-18T19:00Z,DE_LU,47111
2024-02-18T20:00Z,DE_LU,45400
2024-02-18T21:00Z,DE_LU,43712
2024-02-18T22:00Z,DE_LU,41817
2024-02-18T23:00Z,DE_LU,44397
2024-02-19T00:00Z,DE_LU,42483
2024-02-19T01:00Z,DE_LU,41339
2024-02-19T02:00Z,DE_LU,41157
2024-02-19T03:00Z,DE_LU,42445
2024-02-19T04:00Z,DE_LU,46198
2024-02-19T05:00Z,DE_LU,52722
2024-02-19T06:00Z,DE_LU,57945
2024-02-19T07:00Z,DE_LU,60246
2024-02-19T08:00Z,DE_LU,61017
2024-02-19T09:00Z,DE_LU,61029
2024-02-19T10:00Z,DE_LU,60875
2024-02-19T11:00Z,DE_LU,59638
2024-02-19T12:00Z,DE_LU,59235
2024-02-19T13:00Z,DE_LU,58620
2024-02-19T14:00Z,DE_LU,58612
2024-02-19T15:00Z,DE_LU,60131
2024-02-19T16:00Z,DE_LU,62538
2024-02-19T17:00Z,DE_LU,63054
2024-02-19T18:00Z,DE_LU,60696
2024-02-19T19:00Z,DE_LU,57791
2024-02-19T20:00Z,DE_LU,54856
2024-02-19T21:00Z,DE_LU,51095
2024-02-19T22:00Z,DE_LU,47416
2024-02-19T23:00Z,DE_LU,44762
2024-02-20T00:00Z,DE_LU,43017
2024-02-20T01:00Z,DE_LU,41908
2024-02-20T02:00Z,DE_LU,42044
2024-02-20T03:00Z,DE_LU,42940
2024-02-20T04:00Z,DE_LU,46949
2024-02-20T05:00Z,DE_LU,53403
2024-02-20T06:00Z,DE_LU,59028
2024-02-20T07:00Z,DE_LU,61216
2024-02-20T08:00Z,DE_LU,61637
2024-02-20T09:00Z,DE_LU,61735
2024-02-20T10:00Z,DE_LU,61179
2024-02-20T11:00Z,DE_LU,60277
2024-02-20T12:00Z,DE_LU,59863
2024-02-20T13:00Z,DE_LU,59213
2024-02-20T14:00Z,DE_LU,59139
2024-02-20T15:00Z,DE_LU,60306
2024-02-20T16:00Z,DE_LU,63250
2024-02-20T17:00Z,DE_LU,63752
2024-02-20T18:00Z,DE_LU,61343
2024-02-20T19:00Z,DE_LU,58549
2024-02-20T20:00Z,DE_LU,55290
2024-02-20T21:00Z,DE_LU,51610
2024-02-20T22:00Z,DE_LU,47739
2024-02-20T23:00Z,DE_LU,45205
2024-02-21T00:00Z,DE_LU,43427
2024-02-21T01:00Z,DE_LU,42420
2024-02-21T02:00Z,DE_LU,42332
2024-02-21T03:00Z,DE_LU,43282
2024-02-21T04:00Z,DE_LU,47193
2024-02-21T05:00Z,DE_LU,54021
2024-02-21T06:00Z,DE_LU,59409
2024-02-21T07:00Z,DE_LU,61893
2024-02-21T08:00Z,DE_LU,62867
2024-02-21T09:00Z,DE_LU,63152
2024-02-21T10:00Z,DE_LU,62686
2024-02-21T11:00Z,DE_LU,61601
2024-02-21T12:00Z,DE_LU,60874
2024-02-21T13:00Z,DE_LU,60398
2024-02-21T14:00Z,DE_LU,60395
2024-02-21T15:00Z,DE_LU,61963
2024-02-21T16:00Z,DE_LU,65043
2024-02-21T17:00Z,DE_LU,65142
2024-02-21T18:00Z,DE_LU,62931
2024-02-21T19:00Z,DE_LU,59315
2024-02-21T20:00Z,DE_LU,56089
2024-02-21T21:00Z,DE_LU,52076
2024-02-21T22:00Z,DE_LU,48127
2024-02-21T23:00Z,DE_LU,45603
2024-02-22T00:00Z,DE_LU,44100
2024-02-22T01:00Z,DE_LU,42868
2024-02-22T02:00Z,DE_LU,42803
2024-02-22T03:00Z,DE_LU,44354
2024-02-22T04:00Z,DE_LU,48044
2024-02-22T05:00Z,DE_LU,54560
2024-02-22T06:00Z,DE_LU,60653
2024-02-22T07:00Z,DE_LU,63050
2024-02-22T08:00Z,DE_LU,63470
2024-02-22T09:00Z,DE_LU,63534
2024-02-22T10:00Z,DE_LU,63495
2024-02-22T11:00Z,DE_LU,62153
2024-02-22T12:00Z,DE_LU,61607
2024-02-22T13:00Z,DE_LU,61245
2024-02-22T14:00Z,DE_LU,61332
2024-02-22T15:00Z,DE_LU,63019
2024-02-22T16:00Z,DE_LU,66207
2024-02-22T17:00Z,DE_LU,66474
2024-02-22T18:00Z,DE_LU,64171
2024-02-22T19:00Z,DE_LU,60948
2024-02-22T20:00Z,DE_LU,57551
2024-02-22T21:00Z,DE_LU,53464
2024-02-22T22:00Z,DE_LU,49485
2024-02-22T23:00Z,DE_LU,45987
2024-02-23T00:00Z,DE_LU,44546
2024-02-23T01:00Z,DE_LU,43557
2024-02-23T02:00Z,DE_LU,43606
2024-02-23T03:00Z,DE_LU,44385
2024-02-23T04:00Z,DE_LU,47863
2024-02-23T05:00Z,DE_LU,54733
2024-02-23T06:00Z,DE_LU,60832
2024-02-23T07:00Z,DE_LU,63170
2024-02-23T08:00Z,DE_LU,64062
2024-02-23T09:00Z,DE_LU,64178
2024-02-23T10:00Z,DE_LU,63716
2024-02-23T11:00Z,DE_LU,62716
2024-02-23T12:00Z,DE_LU,62005
2024-02-23T13:00Z,DE_LU,61166
2024-02-23T14:00Z,DE_LU,60989
2024-02-23T15:00Z,DE_LU,62512
2024-02-23T16:00Z,DE_LU,65445
2024-02-23T17:00Z,DE_LU,65784
2024-02-23T18:00Z,DE_LU,63434
2024-02-23T19:00Z,DE_LU,60081
2024-02-23T20:00Z,DE_LU,56989
2024-02-23T21:00Z,DE_LU,53267
2024-02-23T22:00Z,DE_LU,49362
2024-02-23T23:00Z,DE_LU,43123
2024-02-24T00:00Z,DE_LU,42369
2024-02-24T01:00Z,DE_LU,41910
2024-02-24T02:00Z,DE_LU,41611
2024-02-24T03:00Z,DE_LU,42113
2024-02-24T04:00Z,DE_LU,44032
2024-02-24T05:00Z,DE_LU,47343
2024-02-24T06:00Z,DE_LU,50352
2024-02-24T07:00Z,DE_LU,51671
2024-02-24T08:00Z,DE_LU,52107
2024-02-24T09:00Z,DE_LU,52203
2024-02-24T10:00Z,DE_LU,52331
2024-02-24T11:00Z,DE_LU,51632
2024-02-24T12:00Z,DE_LU,51573
2024-02-24T13:00Z,DE_LU,51117
2024-02-24T14:00Z,DE_LU,51075
2024-02-24T15:00Z,DE_LU,51842
2024-02-24T16:00Z,DE_LU,53446
2024-02-24T17:00Z,DE_LU,53750
2024-02-24T18:00Z,DE_LU,52473
2024-02-24T19:00Z,DE_LU,50665
2024-02-24T20:00Z,DE_LU,49023
2024-02-24T21:00Z,DE_LU,47216
2024-02-24T22:00Z,DE_LU,45043
2024-02-24T23:00Z,DE_LU,39012
2024-02-25T00:00Z,DE_LU,38091
2024-02-25T01:00Z,DE_LU,37560
2024-02-25T02:00Z,DE_LU,37597
2024-02-25T03:00Z,DE_LU,37919
2024-02-25T04:00Z,DE_LU,39682
2024-02-25T05:00Z,DE_LU,42726
2024-02-25T06:00Z,DE_LU,45464
2024-02-25T07:00Z,DE_LU,46693
2024-02-25T08:00Z,DE_LU,47276
2024-02-25T09:00Z,DE_LU,47174
2024-02-25T10:00Z,DE_LU,46833
2024-02-25T11:00Z,DE_LU,46470
2024-02-25T12:00Z,DE_LU,45980
2024-02-25T13:00Z,DE_LU,45625
2024-02-25T14:00Z,DE_LU,45756
2024-02-25T15:00Z,DE_LU,46130
2024-02-25T16:00Z,DE_LU,47576
2024-02-25T17:00Z,DE_LU,47892
2024-02-25T18:00Z,DE_LU,47068
2024-02-25T19:00Z,DE_LU,45799
2024-02-25T20:00Z,DE_LU,44198
2024-02-25T21:00Z,DE_LU,42588
2024-02-25T22:00Z,DE_LU,40929
2024-02-25T23:00Z,DE_LU,45344
2024-02-26T00:00Z,DE_LU,43561
2024-02-26T01:00Z,DE_LU,42243
2024-02-26T02:00Z,DE_LU,42219
2024-02-26T03:00Z,DE_LU,43432
2024-02-26T04:00Z,DE_LU,47176
2024-02-26T05:00Z,DE_LU,53503
2024-02-26T06:00Z,DE_LU,59000
2024-02-26T07:00Z,DE_LU,61192
2024-02-26T08:00Z,DE_LU,61966
2024-02-26T09:00Z,DE_LU,62027
2024-02-26T10:00Z,DE_LU,62024
2024-02-26T11:00Z,DE_LU,61138
2024-02-26T12:00Z,DE_LU,60603
2024-02-26T13:00Z,DE_LU,60045
2024-02-26T14:00Z,DE_LU,60183
2024-02-26T15:00Z,DE_LU,61478
2024-02-26T16:00Z,DE_LU,64160
2024-02-26T17:00Z,DE_LU,64685
2024-02-26T18:00Z,DE_LU,62575
2024-02-26T19:00Z,DE_LU,59539
2024-02-26T20:00Z,DE_LU,56218
2024-02-26T21:00Z,DE_LU,52109
2024-02-26T22:00Z,DE_LU,48217
2024-02-26T23:00Z,DE_LU,44673
2024-02-27T00:00Z,DE_LU,43073
2024-02-27T01:00Z,DE_LU,41996
2024-02-27T02:00Z,DE_LU,41737
2024-02-27T03:00Z,DE_LU,43110
2024-02-27T04:00Z,DE_LU,46640
2024-02-27T05:00Z,DE_LU,53206
2024-02-27T06:00Z,DE_LU,58497
2024-02-27T07:00Z,DE_LU,60955
2024-02-27T08:00Z,DE_LU,61526
2024-02-27T09:00Z,DE_LU,61761
2024-02-27T10:00Z,DE_LU,61550
2024-02-27T11:00Z,DE_LU,60614
2024-02-27T12:00Z,DE_LU,60370
2024-02-27T13:00Z,DE_LU,59792
2024-02-27T14:00Z,DE_LU,59627
2024-02-27T15:00Z,DE_LU,61105
2024-02-27T16:00Z,DE_LU,63887
2024-02-27T17:00Z,DE_LU,64624
2024-02-27T18:00Z,DE_LU,62121
2024-02-27T19:00Z,DE_LU,59236
2024-02-27T20:00Z,DE_LU,56108
2024-02-27T21:00Z,DE_LU,52338
2024-02-27T22:00Z,DE_LU,48173
2024-02-27T23:00Z,DE_LU,45216
2024-02-28T00:00Z,DE_LU,43521
2024-02-28T01:00Z,DE_LU,42314
2024-02-28T02:00Z,DE_LU,42191
2024-02-28T03:00Z,DE_LU,43245
2024-02-28T04:00Z,DE_LU,47030
2024-02-28T05:00Z,DE_LU,53208
2024-02-28T06:00Z,DE_LU,58958
2024-02-28T07:00Z,DE_LU,61319
2024-02-28T08:00Z,DE_LU,62004
2024-02-28T09:00Z,DE_LU,62005
2024-02-28T10:00Z,DE_LU,61775
2024-02-28T11:00Z,DE_LU,60733
2024-02-28T12:00Z,DE_LU,60055
2024-02-28T13:00Z,DE_LU,59742
2024-02-28T14:00Z,DE_LU,59651
2024-02-28T15:00Z,DE_LU,60808
2024-02-28T16:00Z,DE_LU,63544
2024-02-28T17:00Z,DE_LU,63655
2024-02-28T18:00Z,DE_LU,61603
2024-02-28T19:00Z,DE_LU,58488
2024-02-28T20:00Z,DE_LU,55466
2024-02-28T21:00Z,DE_LU,51647
2024-02-28T22:00Z,DE_LU,47820
2024-02-28T23:00Z,DE_LU,45013
2024-02-29T00:00Z,DE_LU,43298
2024-02-29T01:00Z,DE_LU,42183
2024-02-29T02:00Z,DE_LU,42175
2024-02-29T03:00Z,DE_LU,43348
2024-02-29T04:00Z,DE_LU,47022
2024-02-29T05:00Z,DE_LU,53552
2024-02-29T06:00Z,DE_LU,59052
2024-02-29T07:00Z,DE_LU,61028
2024-02-29T08:00Z,DE_LU,61611
2024-02-29T09:00Z,DE_LU,61597
2024-02-29T10:00Z,DE_LU,61063
2024-02-29T11:00Z,DE_LU,60136
2024-02-29T12:00Z,DE_LU,59571
2024-02-29T13:00Z,DE_LU,59517
2024-02-29T14:00Z,DE_LU,59665
2024-02-29T15:00Z,DE_LU,61298
2024-02-29T16:00Z,DE_LU,64455
2024-02-29T17:00Z,DE_LU,64690
2024-02-29T18:00Z,DE_LU,62422
2024-02-29T19:00Z,DE_LU,59183
2024-02-29T20:00Z,DE_LU,56100
2024-02-29T21:00Z,DE_LU,52401
2024-02-29T22:00Z,DE_LU,48326
2024-02-29T23:00Z,DE_LU,45935
2024-03-01T00:00Z,DE_LU,44245
2024-03-01T01:00Z,DE_LU,43010
2024-03-01T02:00Z,DE_LU,42876
2024-03-01T03:00Z,DE_LU,44034
2024-03-01T04:00Z,DE_LU,47867
2024-03-01T05:00Z,DE_LU,54667
2024-03-01T06:00Z,DE_LU,60222
2024-03-01T07:00Z,DE_LU,62807
2024-03-01T08:00Z,DE_LU,63770
2024-03-01T09:00Z,DE_LU,63432
2024-03-01T10:00Z,DE_LU,62968
2024-03-01T11:00Z,DE_LU,62157
2024-03-01T12:00Z,DE_LU,61580
2024-03-01T13:00Z,DE_LU,61068
2024-03-01T14:00Z,DE_LU,61065
2024-03-01T15:00Z,DE_LU,62637
2024-03-01T16:00Z,DE_LU,64941
2024-03-01T17:00Z,DE_LU,65515
2024-03-01T18:00Z,DE_LU,63434
2024-03-01T19:00Z,DE_LU,59904
2024-03-01T20:00Z,DE_LU,56960
2024-03-01T21:00Z,DE_LU,53353
2024-03-01T22:00Z,DE_LU,49077
2024-03-01T23:00Z,DE_LU,44611
2024-03-02T00:00Z,DE_LU,43974
2024-03-02T01:00Z,DE_LU,43532
2024-03-02T02:00Z,DE_LU,43466
2024-03-02T03:00Z,DE_LU,43990
2024-03-02T04:00Z,DE_LU,46134
2024-03-02T05:00Z,DE_LU,49532
2024-03-02T06:00Z,DE_LU,52443
2024-03-02T07:00Z,DE_LU,53786
2024-03-02T08:00Z,DE_LU,54349
2024-03-02T09:00Z,DE_LU,54635
2024-03-02T10:00Z,DE_LU,54196
2024-03-02T11:00Z,DE_LU,53582
2024-03-02T12:00Z,DE_LU,53109
2024-03-02T13:00Z,DE_LU,52713
2024-03-02T14:00Z,DE_LU,52452
2024-03-02T15:00Z,DE_LU,53391
2024-03-02T16:00Z,DE_LU,55026
2024-03-02T17:00Z,DE_LU,55080
2024-03-02T18:00Z,DE_LU,53975
2024-03-02T19:00Z,DE_LU,52443
2024-03-02T20:00Z,DE_LU,50633
2024-03-02T21:00Z,DE_LU,48749
2024-03-02T22:00Z,DE_LU,46898
2024-03-02T23:00Z,DE_LU,40509
2024-03-03T00:00Z,DE_LU,39499
2024-03-03T01:00Z,DE_LU,38819
2024-03-03T02:00Z,DE_LU,38933
2024-03-03T03:00Z,DE_LU,39320
2024-03-03T04:00Z,DE_LU,41220
2024-03-03T05:00Z,DE_LU,44285
2024-03-03T06:00Z,DE_LU,46934
2024-03-03T07:00Z,DE_LU,48251
2024-03-03T08:00Z,DE_LU,48571
2024-03-03T09:00Z,DE_LU,48834
2024-03-03T10:00Z,DE_LU,48692
2024-03-03T11:00Z,DE_LU,48414
2024-03-03T12:00Z,DE_LU,48181
2024-03-03T13:00Z,DE_LU,47804
2024-03-03T14:00Z,DE_LU,47639
2024-03-03T15:00Z,DE_LU,48351
2024-03-03T16:00Z,DE_LU,49458
2024-03-03T17:00Z,DE_LU,49553
2024-03-03T18:00Z,DE_LU,48406
2024-03-03T19:00Z,DE_LU,47016
2024-03-03T20:00Z,DE_LU,45650
2024-03-03T21:00Z,DE_LU,43934
2024-03-03T22:00Z,DE_LU,42086
2024-03-03T23:00Z,DE_LU,47025
2024-03-04T00:00Z,DE_LU,45167
2024-03-04T01:00Z,DE_LU,43901
2024-03-04T02:00Z,DE_LU,43899
2024-03-04T03:00Z,DE_LU,44902
2024-03-04T04:00Z,DE_LU,49143
2024-03-04T05:00Z,DE_LU,55753
2024-03-04T06:00Z,DE_LU,61292
2024-03-04T07:00Z,DE_LU,63860
2024-03-04T08:00Z,DE_LU,64689
2024-03-04T09:00Z,DE_LU,64801
2024-03-04T10:00Z,DE_LU,64298
2024-03-04T11:00Z,DE_LU,63002
2024-03-04T12:00Z,DE_LU,62355
2024-03-04T13:00Z,DE_LU,61906
2024-03-04T14:00Z,DE_LU,61578
2024-03-04T15:00Z,DE_LU,63016
2024-03-04T16:00Z,DE_LU,66124
2024-03-04T17:00Z,DE_LU,66381
2024-03-04T18:00Z,DE_LU,63998
2024-03-04T19:00Z,DE_LU,60851
2024-03-04T20:00Z,DE_LU,57889
2024-03-04T21:00Z,DE_LU,54238
2024-03-04T22:00Z,DE_LU,50105
2024-03-04T23:00Z,DE_LU,46243
2024-03-05T00:00Z,DE_LU,44536
2024-03-05T01:00Z,DE_LU,43272
2024-03-05T02:00Z,DE_LU,43287
2024-03-05T03:00Z,DE_LU,44354
2024-03-05T04:00Z,DE_LU,48309
2024-03-05T05:00Z,DE_LU,54631
2024-03-05T06:00Z,DE_LU,60019
2024-03-05T07:00Z,DE_LU,62864
2024-03-05T08:00Z,DE_LU,64002
2024-03-05T09:00Z,DE_LU,64352
2024-03-05T10:00Z,DE_LU,64181
2024-03-05T11:00Z,DE_LU,63092
2024-03-05T12:00Z,DE_LU,62496
2024-03-05T13:00Z,DE_LU,61390
2024-03-05T14:00Z,DE_LU,61385
2024-03-05T15:00Z,DE_LU,62778
2024-03-05T16:00Z,DE_LU,65916
2024-03-05T17:00Z,DE_LU,66254
2024-03-05T18:00Z,DE_LU,64071
2024-03-05T19:00Z,DE_LU,61133
2024-03-05T20:00Z,DE_LU,57808
2024-03-05T21:00Z,DE_LU,53816
2024-03-05T22:00Z,DE_LU,49713
2024-03-05T23:00Z,DE_LU,45223
2024-03-06T00:00Z,DE_LU,43606
2024-03-06T01:00Z,DE_LU,42333
2024-03-06T02:00Z,DE_LU,42389
2024-03-06T03:00Z,DE_LU,43326
2024-03-06T04:00Z,DE_LU,47367
2024-03-06T05:00Z,DE_LU,53534
2024-03-06T06:00Z,DE_LU,59037
2024-03-06T07:00Z,DE_LU,61288
2024-03-06T08:00Z,DE_LU,62565
2024-03-06T09:00Z,DE_LU,62786
2024-03-06T10:00Z,DE_LU,62176
2024-03-06T11:00Z,DE_LU,61137
2024-03-06T12:00Z,DE_LU,60674
2024-03-06T13:00Z,DE_LU,60222
2024-03-06T14:00Z,DE_LU,60098
2024-03-06T15:00Z,DE_LU,61465
2024-03-06T16:00Z,DE_LU,64243
2024-03-06T17:00Z,DE_LU,64295
2024-03-06T18:00Z,DE_LU,62356
2024-03-06T19:00Z,DE_LU,59341
2024-03-06T20:00Z,DE_LU,56502
2024-03-06T21:00Z,DE_LU,52558
2024-03-06T22:00Z,DE_LU,48514
2024-03-06T23:00Z,DE_LU,45393
2024-03-07T00:00Z,DE_LU,43918
2024-03-07T01:00Z,DE_LU,42813
2024-03-07T02:00Z,DE_LU,42801
2024-03-07T03:00Z,DE_LU,43700
2024-03-07T04:00Z,DE_LU,47318
2024-03-07T05:00Z,DE_LU,54196
2024-03-07T06:00Z,DE_LU,59751
2024-03-07T07:00Z,DE_LU,62035
2024-03-07T08:00Z,DE_LU,63117
2024-03-07T09:00Z,DE_LU,63427
2024-03-07T10:00Z,DE_LU,62694
2024-03-07T11:00Z,DE_LU,61785
2024-03-07T12:00Z,DE_LU,61119
2024-03-07T13:00Z,DE_LU,60758
2024-03-07T14:00Z,DE_LU,60495
2024-03-07T15:00Z,DE_LU,61464
2024-03-07T16:00Z,DE_LU,64204
2024-03-07T17:00Z,DE_LU,64863
2024-03-07T18:00Z,DE_LU,62443
2024-03-07T19:00Z,DE_LU,59523
2024-03-07T20:00Z,DE_LU,56595
2024-03-07T21:00Z,DE_LU,53171
2024-03-07T22:00Z,DE_LU,49334
2024-03-07T23:00Z,DE_LU,45988
2024-03-08T00:00Z,DE_LU,44399
2024-03-08T01:00Z,DE_LU,43283
2024-03-08T02:00Z,DE_LU,43226
2024-03-08T03:00Z,DE_LU,44231
2024-03-08T04:00Z,DE_LU,47942
2024-03-08T05:00Z,DE_LU,54284
2024-03-08T06:00Z,DE_LU,59611
2024-03-08T07:00Z,DE_LU,62552
2024-03-08T08:00Z,DE_LU,63142
2024-03-08T09:00Z,DE_LU,63393
2024-03-08T10:00Z,DE_LU,63298
2024-03-08T11:00Z,DE_LU,62516
2024-03-08T12:00Z,DE_LU,61561
2024-03-08T13:00Z,DE_LU,60898
2024-03-08T14:00Z,DE_LU,60515
2024-03-08T15:00Z,DE_LU,61809
2024-03-08T16:00Z,DE_LU,64508
2024-03-08T17:00Z,DE_LU,65125
2024-03-08T18:00Z,DE_LU,62927
2024-03-08T19:00Z,DE_LU,60118
2024-03-08T20:00Z,DE_LU,57207
2024-03-08T21:00Z,DE_LU,53328
2024-03-08T22:00Z,DE_LU,49415
2024-03-08T23:00Z,DE_LU,43213
2024-03-09T00:00Z,DE_LU,42308
2024-03-09T01:00Z,DE_LU,41597
2024-03-09T02:00Z,DE_LU,41596
2024-03-09T03:00Z,DE_LU,42066
2024-03-09T04:00Z,DE_LU,44115
2024-03-09T05:00Z,DE_LU,47731
2024-03-09T06:00Z,DE_LU,50771
2024-03-09T07:00Z,DE_LU,51943
2024-03-09T08:00Z,DE_LU,52282
2024-03-09T09:00Z,DE_LU,52492
2024-03-09T10:00Z,DE_LU,52210
2024-03-09T11:00Z,DE_LU,51823
2024-03-09T12:00Z,DE_LU,51596
2024-03-09T13:00Z,DE_LU,51241
2024-03-09T14:00Z,DE_LU,51296
2024-03-09T15:00Z,DE_LU,51635
2024-03-09T16:00Z,DE_LU,52848
2024-03-09T17:00Z,DE_LU,53149
2024-03-09T18:00Z,DE_LU,51961
2024-03-09T19:00Z,DE_LU,50200
2024-03-09T20:00Z,DE_LU,49025
2024-03-09T21:00Z,DE_LU,47096
2024-03-09T22:00Z,DE_LU,45277
2024-03-09T23:00Z,DE_LU,39349
2024-03-10T00:00Z,DE_LU,38646
2024-03-10T01:00Z,DE_LU,38106
2024-03-10T02:00Z,DE_LU,38101
2024-03-10T03:00Z,DE_LU,38517
2024-03-10T04:00Z,DE_LU,39944
2024-03-10T05:00Z,DE_LU,42869
2024-03-10T06:00Z,DE_LU,45398
2024-03-10T07:00Z,DE_LU,46760
2024-03-10T08:00Z,DE_LU,47400
2024-03-10T09:00Z,DE_LU,47507
2024-03-10T10:00Z,DE_LU,47405
2024-03-10T11:00Z,DE_LU,47102
2024-03-10T12:00Z,DE_LU,46685
2024-03-10T13:00Z,DE_LU,46746
2024-03-10T14:00Z,DE_LU,46535
2024-03-10T15:00Z,DE_LU,47264
2024-03-10T16:00Z,DE_LU,48612
2024-03-10T17:00Z,DE_LU,48849
2024-03-10T18:00Z,DE_LU,47479
2024-03-10T19:00Z,DE_LU,46135
2024-03-10T20:00Z,DE_LU,44676
2024-03-10T21:00Z,DE_LU,43081
2024-03-10T22:00Z,DE_LU,41370
2024-03-10T23:00Z,DE_LU,44930
2024-03-11T00:00Z,DE_LU,43229
2024-03-11T01:00Z,DE_LU,41929
2024-03-11T02:00Z,DE_LU,41878
2024-03-11T03:00Z,DE_LU,42795
2024-03-11T04:00Z,DE_LU,46409
2024-03-11T05:00Z,DE_LU,52832
2024-03-11T06:00Z,DE_LU,58474
2024-03-11T07:00Z,DE_LU,60496
2024-03-11T08:00Z,DE_LU,61585
2024-03-11T09:00Z,DE_LU,61611
2024-03-11T10:00Z,DE_LU,61085
2024-03-11T11:00Z,DE_LU,60204
2024-03-11T12:00Z,DE_LU,59750
2024-03-11T13:00Z,DE_LU,59305
2024-03-11T14:00Z,DE_LU,59207
2024-03-11T15:00Z,DE_LU,60374
2024-03-11T16:00Z,DE_LU,63000
2024-03-11T17:00Z,DE_LU,63297
2024-03-11T18:00Z,DE_LU,61394
2024-03-11T19:00Z,DE_LU,58643
2024-03-11T20:00Z,DE_LU,55744
2024-03-11T21:00Z,DE_LU,52301
2024-03-11T22:00Z,DE_LU,48438
2024-03-11T23:00Z,DE_LU,45551
2024-03-12T00:00Z,DE_LU,43718
2024-03-12T01:00Z,DE_LU,42573
2024-03-12T02:00Z,DE_LU,42475
2024-03-12T03:00Z,DE_LU,43291
2024-03-12T04:00Z,DE_LU,47039
2024-03-12T05:00Z,DE_LU,53676
2024-03-12T06:00Z,DE_LU,58912
2024-03-12T07:00Z,DE_LU,61284
2024-03-12T08:00Z,DE_LU,62546
2024-03-12T09:00Z,DE_LU,63016
2024-03-12T10:00Z,DE_LU,62760
2024-03-12T11:00Z,DE_LU,61738
2024-03-12T12:00Z,DE_LU,60985
2024-03-12T13:00Z,DE_LU,60211
2024-03-12T14:00Z,DE_LU,59967
2024-03-12T15:00Z,DE_LU,61057
2024-03-12T16:00Z,DE_LU,63837
2024-03-12T17:00Z,DE_LU,64053
2024-03-12T18:00Z,DE_LU,62358
2024-03-12T19:00Z,DE_LU,59632
2024-03-12T20:00Z,DE_LU,56344
2024-03-12T21:00Z,DE_LU,52629
2024-03-12T22:00Z,DE_LU,48546
2024-03-12T23:00Z,DE_LU,43827
2024-03-13T00:00Z,DE_LU,42447
2024-03-13T01:00Z,DE_LU,41135
2024-03-13T02:00Z,DE_LU,41070
2024-03-13T03:00Z,DE_LU,41889
2024-03-13T04:00Z,DE_LU,45312
2024-03-13T05:00Z,DE_LU,51470
2024-03-13T06:00Z,DE_LU,56532
2024-03-13T07:00Z,DE_LU,59153
2024-03-13T08:00Z,DE_LU,60328
2024-03-13T09:00Z,DE_LU,60920
2024-03-13T10:00Z,DE_LU,60704
2024-03-13T11:00Z,DE_LU,59623
2024-03-13T12:00Z,DE_LU,58847
2024-03-13T13:00Z,DE_LU,58202
2024-03-13T14:00Z,DE_LU,58259
2024-03-13T15:00Z,DE_LU,59271
2024-03-13T16:00Z,DE_LU,61808
2024-03-13T17:00Z,DE_LU,62136
2024-03-13T18:00Z,DE_LU,60260
2024-03-13T19:00Z,DE_LU,57414
2024-03-13T20:00Z,DE_LU,54735
2024-03-13T21:00Z,DE_LU,51150
2024-03-13T22:00Z,DE_LU,47448
2024-03-13T23:00Z,DE_LU,43915
2024-03-14T00:00Z,DE_LU,41918
2024-03-14T01:00Z,DE_LU,41101
2024-03-14T02:00Z,DE_LU,41037
2024-03-14T03:00Z,DE_LU,42067
2024-03-14T04:00Z,DE_LU,45449
2024-03-14T05:00Z,DE_LU,51338
2024-03-14T06:00Z,DE_LU,56597
2024-03-14T07:00Z,DE_LU,59147
2024-03-14T08:00Z,DE_LU,59776
2024-03-14T09:00Z,DE_LU,60202
2024-03-14T10:00Z,DE_LU,60129
2024-03-14T11:00Z,DE_LU,59603
2024-03-14T12:00Z,DE_LU,59097
2024-03-14T13:00Z,DE_LU,58548
2024-03-14T14:00Z,DE_LU,58435
2024-03-14T15:00Z,DE_LU,59391
2024-03-14T16:00Z,DE_LU,61721
2024-03-14T17:00Z,DE_LU,61839
2024-03-14T18:00Z,DE_LU,59878
2024-03-14T19:00Z,DE_LU,57120
2024-03-14T20:00Z,DE_LU,54612
2024-03-14T21:00Z,DE_LU,50914
2024-03-14T22:00Z,DE_LU,47121
2024-03-14T23:00Z,DE_LU,44409
2024-03-15T00:00Z,DE_LU,42437
2024-03-15T01:00Z,DE_LU,41578
2024-03-15T02:00Z,DE_LU,41418
2024-03-15T03:00Z,DE_LU,42287
2024-03-15T04:00Z,DE_LU,45730
2024-03-15T05:00Z,DE_LU,52151
2024-03-15T06:00Z,DE_LU,57533
2024-03-15T07:00Z,DE_LU,60049
2024-03-15T08:00Z,DE_LU,60821
2024-03-15T09:00Z,DE_LU,61283
2024-03-15T10:00Z,DE_LU,60959
2024-03-15T11:00Z,DE_LU,59908
2024-03-15T12:00Z,DE_LU,59423
2024-03-15T13:00Z,DE_LU,58981
2024-03-15T14:00Z,DE_LU,59103
2024-03-15T15:00Z,DE_LU,59959
2024-03-15T16:00Z,DE_LU,62318
2024-03-15T17:00Z,DE_LU,62231
2024-03-15T18:00Z,DE_LU,60247
2024-03-15T19:00Z,DE_LU,57857
2024-03-15T20:00Z,DE_LU,54919
2024-03-15T21:00Z,DE_LU,51360
2024-03-15T22:00Z,DE_LU,47702
2024-03-15T23:00Z,DE_LU,42353
2024-03-16T00:00Z,DE_LU,41658
2024-03-16T01:00Z,DE_LU,40989
2024-03-16T02:00Z,DE_LU,40921
2024-03-16T03:00Z,DE_LU,41405
2024-03-16T04:00Z,DE_LU,43135
2024-03-16T05:00Z,DE_LU,46408
2024-03-16T06:00Z,DE_LU,49152
2024-03-16T07:00Z,DE_LU,50514
2024-03-16T08:00Z,DE_LU,51148
2024-03-16T09:00Z,DE_LU,51081
2024-03-16T10:00Z,DE_LU,50763
2024-03-16T11:00Z,DE_LU,50002
2024-03-16T12:00Z,DE_LU,49669
2024-03-16T13:00Z,DE_LU,49370
2024-03-16T14:00Z,DE_LU,49647
2024-03-16T15:00Z,DE_LU,50110
2024-03-16T16:00Z,DE_LU,51588
2024-03-16T17:00Z,DE_LU,51609
2024-03-16T18:00Z,DE_LU,50844
2024-03-16T19:00Z,DE_LU,49513
2024-03-16T20:00Z,DE_LU,48172
2024-03-16T21:00Z,DE_LU,46131
2024-03-16T22:00Z,DE_LU,44119
2024-03-16T23:00Z,DE_LU,37261
2024-03-17T00:00Z,DE_LU,36415
2024-03-17T01:00Z,DE_LU,35954
2024-03-17T02:00Z,DE_LU,35551
2024-03-17T03:00Z,DE_LU,36199
2024-03-17T04:00Z,DE_LU,37762
2024-03-17T05:00Z,DE_LU,40510
2024-03-17T06:00Z,DE_LU,42880
2024-03-17T07:00Z,DE_LU,43998
2024-03-17T08:00Z,DE_LU,44408
2024-03-17T09:00Z,DE_LU,44467
2024-03-17T10:00Z,DE_LU,44315
2024-03-17T11:00Z,DE_LU,43947
2024-03-17T12:00Z,DE_LU,43617
2024-03-17T13:00Z,DE_LU,43673
2024-03-17T14:00Z,DE_LU,43355
2024-03-17T15:00Z,DE_LU,43820
2024-03-17T16:00Z,DE_LU,44904
2024-03-17T17:00Z,DE_LU,44962
2024-03-17T18:00Z,DE_LU,44149
2024-03-17T19:00Z,DE_LU,43014
2024-03-17T20:00Z,DE_LU,41727
2024-03-17T21:00Z,DE_LU,40025
2024-03-17T22:00Z,DE_LU,38160
2024-03-17T23:00Z,DE_LU,43999
2024-03-18T00:00Z,DE_LU,42427
2024-03-18T01:00Z,DE_LU,41358
2024-03-18T02:00Z,DE_LU,41411
2024-03-18T03:00Z,DE_LU,42065
2024-03-18T04:00Z,DE_LU,45406
2024-03-18T05:00Z,DE_LU,51732
2024-03-18T06:00Z,DE_LU,57179
2024-03-18T07:00Z,DE_LU,59864
2024-03-18T08:00Z,DE_LU,60675
2024-03-18T09:00Z,DE_LU,61102
2024-03-18T10:00Z,DE_LU,60996
2024-03-18T11:00Z,DE_LU,60144
2024-03-18T12:00Z,DE_LU,59349
2024-03-18T13:00Z,DE_LU,58986
2024-03-18T14:00Z,DE_LU,58692
2024-03-18T15:00Z,DE_LU,59840
2024-03-18T16:00Z,DE_LU,61905
2024-03-18T17:00Z,DE_LU,62259
2024-03-18T18:00Z,DE_LU,60064
2024-03-18T19:00Z,DE_LU,57346
2024-03-18T20:00Z,DE_LU,54738
2024-03-18T21:00Z,DE_LU,51552
2024-03-18T22:00Z,DE_LU,47656
2024-03-18T23:00Z,DE_LU,44660
2024-03-19T00:00Z,DE_LU,42842
2024-03-19T01:00Z,DE_LU,41684
2024-03-19T02:00Z,DE_LU,41703
2024-03-19T03:00Z,DE_LU,42283
2024-03-19T04:00Z,DE_LU,45707
2024-03-19T05:00Z,DE_LU,52083
2024-03-19T06:00Z,DE_LU,56857
2024-03-19T07:00Z,DE_LU,59410
2024-03-19T08:00Z,DE_LU,60523
2024-03-19T09:00Z,DE_LU,60953
2024-03-19T10:00Z,DE_LU,61030
2024-03-19T11:00Z,DE_LU,60494
2024-03-19T12:00Z,DE_LU,59971
2024-03-19T13:00Z,DE_LU,59616
2024-03-19T14:00Z,DE_LU,59178
2024-03-19T15:00Z,DE_LU,60457
2024-03-19T16:00Z,DE_LU,62419
2024-03-19T17:00Z,DE_LU,62980
2024-03-19T18:00Z,DE_LU,61067
2024-03-19T19:00Z,DE_LU,58394
2024-03-19T20:00Z,DE_LU,55522
2024-03-19T21:00Z,DE_LU,51964
2024-03-19T22:00Z,DE_LU,48180
2024-03-19T23:00Z,DE_LU,44947
2024-03-20T00:00Z,DE_LU,43132
2024-03-20T01:00Z,DE_LU,42076
2024-03-20T02:00Z,DE_LU,41975
2024-03-20T03:00Z,DE_LU,42996
2024-03-20T04:00Z,DE_LU,46736
2024-03-20T05:00Z,DE_LU,52968
2024-03-20T06:00Z,DE_LU,58228
2024-03-20T07:00Z,DE_LU,60742
2024-03-20T08:00Z,DE_LU,61512
2024-03-20T09:00Z,DE_LU,62053
2024-03-20T10:00Z,DE_LU,61982
2024-03-20T11:00Z,DE_LU,61179
2024-03-20T12:00Z,DE_LU,60569
2024-03-20T13:00Z,DE_LU,60053
2024-03-20T14:00Z,DE_LU,59491
2024-03-20T15:00Z,DE_LU,60795
2024-03-20T16:00Z,DE_LU,63043
2024-03-20T17:00Z,DE_LU,63227
2024-03-20T18:00Z,DE_LU,61436
2024-03-20T19:00Z,DE_LU,58889
2024-03-20T20:00Z,DE_LU,56093
2024-03-20T21:00Z,DE_LU,52310
2024-03-20T22:00Z,DE_LU,48405
2024-03-20T23:00Z,DE_LU,45085
2024-03-21T00:00Z,DE_LU,43442
2024-03-21T01:00Z,DE_LU,42324
2024-03-21T02:00Z,DE_LU,42073
2024-03-21T03:00Z,DE_LU,42821
2024-03-21T04:00Z,DE_LU,46399
2024-03-21T05:00Z,DE_LU,52576
2024-03-21T06:00Z,DE_LU,57952
2024-03-21T07:00Z,DE_LU,60645
2024-03-21T08:00Z,DE_LU,61686
2024-03-21T09:00Z,DE_LU,61965
2024-03-21T10:00Z,DE_LU,61414
2024-03-21T11:00Z,DE_LU,60498
2024-03-21T12:00Z,DE_LU,60149
2024-03-21T13:00Z,DE_LU,59705
2024-03-21T14:00Z,DE_LU,59399
2024-03-21T15:00Z,DE_LU,60510
2024-03-21T16:00Z,DE_LU,62667
2024-03-21T17:00Z,DE_LU,62916
2024-03-21T18:00Z,DE_LU,61194
2024-03-21T19:00Z,DE_LU,58519
2024-03-21T20:00Z,DE_LU,55639
2024-03-21T21:00Z,DE_LU,52052
2024-03-21T22:00Z,DE_LU,48166
2024-03-21T23:00Z,DE_LU,44816
2024-03-22T00:00Z,DE_LU,43215
2024-03-22T01:00Z,DE_LU,42114
2024-03-22T02:00Z,DE_LU,42013
2024-03-22T03:00Z,DE_LU,42998
2024-03-22T04:00Z,DE_LU,46432
2024-03-22T05:00Z,DE_LU,52841
2024-03-22T06:00Z,DE_LU,57975
2024-03-22T07:00Z,DE_LU,60443
2024-03-22T08:00Z,DE_LU,61671
2024-03-22T09:00Z,DE_LU,61788
2024-03-22T10:00Z,DE_LU,61388
2024-03-22T11:00Z,DE_LU,60616
2024-03-22T12:00Z,DE_LU,60380
2024-03-22T13:00Z,DE_LU,60176
2024-03-22T14:00Z,DE_LU,59969
2024-03-22T15:00Z,DE_LU,60886
2024-03-22T16:00Z,DE_LU,62647
2024-03-22T17:00Z,DE_LU,62682
2024-03-22T18:00Z,DE_LU,60818
2024-03-22T19:00Z,DE_LU,58312
2024-03-22T20:00Z,DE_LU,55674
2024-03-22T21:00Z,DE_LU,52228
2024-03-22T22:00Z,DE_LU,48315
2024-03-22T23:00Z,DE_LU,42524
2024-03-23T00:00Z,DE_LU,41743
2024-03-23T01:00Z,DE_LU,41156
2024-03-23T02:00Z,DE_LU,41180
2024-03-23T03:00Z,DE_LU,41630
2024-03-23T04:00Z,DE_LU,43387
2024-03-23T05:00Z,DE_LU,46987
2024-03-23T06:00Z,DE_LU,49838
2024-03-23T07:00Z,DE_LU,51064
2024-03-23T08:00Z,DE_LU,51427
2024-03-23T09:00Z,DE_LU,51532
2024-03-23T10:00Z,DE_LU,51245
2024-03-23T11:00Z,DE_LU,50610
2024-03-23T12:00Z,DE_LU,50429
2024-03-23T13:00Z,DE_LU,50275
2024-03-23T14:00Z,DE_LU,50112
2024-03-23T15:00Z,DE_LU,50572
2024-03-23T16:00Z,DE_LU,51688
2024-03-23T17:00Z,DE_LU,51966
2024-03-23T18:00Z,DE_LU,50890
2024-03-23T19:00Z,DE_LU,49717
2024-03-23T20:00Z,DE_LU,48411
2024-03-23T21:00Z,DE_LU,46632
2024-03-23T22:00Z,DE_LU,44384
2024-03-23T23:00Z,DE_LU,38722
2024-03-24T00:00Z,DE_LU,37964
2024-03-24T01:00Z,DE_LU,37327
2024-03-24T02:00Z,DE_LU,37410
2024-03-24T03:00Z,DE_LU,37817
2024-03-24T04:00Z,DE_LU,39471
2024-03-24T05:00Z,DE_LU,42528
2024-03-24T06:00Z,DE_LU,44986
2024-03-24T07:00Z,DE_LU,46162
2024-03-24T08:00Z,DE_LU,46617
2024-03-24T09:00Z,DE_LU,46854
2024-03-24T10:00Z,DE_LU,46848
2024-03-24T11:00Z,DE_LU,46331
2024-03-24T12:00Z,DE_LU,45949
2024-03-24T13:00Z,DE_LU,45677
2024-03-24T14:00Z,DE_LU,45736
2024-03-24T15:00Z,DE_LU,46026
2024-03-24T16:00Z,DE_LU,47045
2024-03-24T17:00Z,DE_LU,47396
2024-03-24T18:00Z,DE_LU,46359
2024-03-24T19:00Z,DE_LU,45086
2024-03-24T20:00Z,DE_LU,43589
2024-03-24T21:00Z,DE_LU,41980
2024-03-24T22:00Z,DE_LU,40058
2024-03-24T23:00Z,DE_LU,42364
2024-03-25T00:00Z,DE_LU,40758
2024-03-25T01:00Z,DE_LU,39847
2024-03-25T02:00Z,DE_LU,39580
2024-03-25T03:00Z,DE_LU,40720
2024-03-25T04:00Z,DE_LU,43907
2024-03-25T05:00Z,DE_LU,49750
2024-03-25T06:00Z,DE_LU,54746
2024-03-25T07:00Z,DE_LU,57390
2024-03-25T08:00Z,DE_LU,58665
2024-03-25T09:00Z,DE_LU,58931
2024-03-25T10:00Z,DE_LU,58581
2024-03-25T11:00Z,DE_LU,57947
2024-03-25T12:00Z,DE_LU,57369
2024-03-25T13:00Z,DE_LU,56560
2024-03-25T14:00Z,DE_LU,56406
2024-03-25T15:00Z,DE_LU,57468
2024-03-25T16:00Z,DE_LU,59525
2024-03-25T17:00Z,DE_LU,59636
2024-03-25T18:00Z,DE_LU,57858
2024-03-25T19:00Z,DE_LU,55841
2024-03-25T20:00Z,DE_LU,53037
2024-03-25T21:00Z,DE_LU,49718
2024-03-25T22:00Z,DE_LU,45949
2024-03-25T23:00Z,DE_LU,41823
2024-03-26T00:00Z,DE_LU,40236
2024-03-26T01:00Z,DE_LU,39086
2024-03-26T02:00Z,DE_LU,38856
2024-03-26T03:00Z,DE_LU,40006
2024-03-26T04:00Z,DE_LU,43236
2024-03-26T05:00Z,DE_LU,48851
2024-03-26T06:00Z,DE_LU,53697
2024-03-26T07:00Z,DE_LU,56404
2024-03-26T08:00Z,DE_LU,57258
2024-03-26T09:00Z,DE_LU,57256
2024-03-26T10:00Z,DE_LU,57142
2024-03-26T11:00Z,DE_LU,56332
2024-03-26T12:00Z,DE_LU,55958
2024-03-26T13:00Z,DE_LU,55504
2024-03-26T14:00Z,DE_LU,55309
2024-03-26T15:00Z,DE_LU,56189
2024-03-26T16:00Z,DE_LU,58165
2024-03-26T17:00Z,DE_LU,58435
2024-03-26T18:00Z,DE_LU,56614
2024-03-26T19:00Z,DE_LU,54034
2024-03-26T20:00Z,DE_LU,51607
2024-03-26T21:00Z,DE_LU,48174
2024-03-26T22:00Z,DE_LU,44527
2024-03-26T23:00Z,DE_LU,43073
2024-03-27T00:00Z,DE_LU,41402
2024-03-27T01:00Z,DE_LU,40409
2024-03-27T02:00Z,DE_LU,40210
2024-03-27T03:00Z,DE_LU,40972
2024-03-27T04:00Z,DE_LU,44404
2024-03-27T05:00Z,DE_LU,50107
2024-03-27T06:00Z,DE_LU,55192
2024-03-27T07:00Z,DE_LU,57704
2024-03-27T08:00Z,DE_LU,58967
2024-03-27T09:00Z,DE_LU,59679
2024-03-27T10:00Z,DE_LU,59254
2024-03-27T11:00Z,DE_LU,58481
2024-03-27T12:00Z,DE_LU,58069
2024-03-27T13:00Z,DE_LU,57693
2024-03-27T14:00Z,DE_LU,57572
2024-03-27T15:00Z,DE_LU,58457
2024-03-27T16:00Z,DE_LU,59786
2024-03-27T17:00Z,DE_LU,59847
2024-03-27T18:00Z,DE_LU,58074
2024-03-27T19:00Z,DE_LU,55989
2024-03-27T20:00Z,DE_LU,53324
2024-03-27T21:00Z,DE_LU,50259
2024-03-27T22:00Z,DE_LU,46575
2024-03-27T23:00Z,DE_LU,44755
2024-03-28T00:00Z,DE_LU,43123
2024-03-28T01:00Z,DE_LU,41814
2024-03-28T02:00Z,DE_LU,41487
2024-03-28T03:00Z,DE_LU,42160
2024-03-28T04:00Z,DE_LU,45666
2024-03-28T05:00Z,DE_LU,51927
2024-03-28T06:00Z,DE_LU,57001
2024-03-28T07:00Z,DE_LU,59501
2024-03-28T08:00Z,DE_LU,60635
2024-03-28T09:00Z,DE_LU,61136
2024-03-28T10:00Z,DE_LU,61307
2024-03-28T11:00Z,DE_LU,60733
2024-03-28T12:00Z,DE_LU,60236
2024-03-28T13:00Z,DE_LU,59630
2024-03-28T14:00Z,DE_LU,59564
2024-03-28T15:00Z,DE_LU,60351
2024-03-28T16:00Z,DE_LU,62047
2024-03-28T17:00Z,DE_LU,62243
2024-03-28T18:00Z,DE_LU,60238
2024-03-28T19:00Z,DE_LU,57842
2024-03-28T20:00Z,DE_LU,55315
2024-03-28T21:00Z,DE_LU,51601
2024-03-28T22:00Z,DE_LU,47779
2024-03-28T23:00Z,DE_LU,38352
2024-03-29T00:00Z,DE_LU,37530
2024-03-29T01:00Z,DE_LU,36880
2024-03-29T02:00Z,DE_LU,36864
2024-03-29T03:00Z,DE_LU,37334
2024-03-29T04:00Z,DE_LU,38984
2024-03-29T05:00Z,DE_LU,41884
2024-03-29T06:00Z,DE_LU,44523
2024-03-29T07:00Z,DE_LU,46070
2024-03-29T08:00Z,DE_LU,46735
2024-03-29T09:00Z,DE_LU,46920
2024-03-29T10:00Z,DE_LU,46601
2024-03-29T11:00Z,DE_LU,46128
2024-03-29T12:00Z,DE_LU,45679
2024-03-29T13:00Z,DE_LU,45572
2024-03-29T14:00Z,DE_LU,45567
2024-03-29T15:00Z,DE_LU,46032
2024-03-29T16:00Z,DE_LU,47054
2024-03-29T17:00Z,DE_LU,47246
2024-03-29T18:00Z,DE_LU,46189
2024-03-29T19:00Z,DE_LU,45142
2024-03-29T20:00Z,DE_LU,43497
2024-03-29T21:00Z,DE_LU,41603
2024-03-29T22:00Z,DE_LU,39698
2024-03-29T23:00Z,DE_LU,42090
2024-03-30T00:00Z,DE_LU,41350
2024-03-30T01:00Z,DE_LU,40816
2024-03-30T02:00Z,DE_LU,40698
2024-03-30T03:00Z,DE_LU,41159
2024-03-30T04:00Z,DE_LU,43049
2024-03-30T05:00Z,DE_LU,46169
2024-03-30T06:00Z,DE_LU,48953
2024-03-30T07:00Z,DE_LU,50237
2024-03-30T08:00Z,DE_LU,50860
2024-03-30T09:00Z,DE_LU,51064
2024-03-30T10:00Z,DE_LU,50901
2024-03-30T11:00Z,DE_LU,50399
2024-03-30T12:00Z,DE_LU,50147
2024-03-30T13:00Z,DE_LU,49927
2024-03-30T14:00Z,DE_LU,49652
2024-03-30T15:00Z,DE_LU,50152
2024-03-30T16:00Z,DE_LU,51025
2024-03-30T17:00Z,DE_LU,50850
2024-03-30T18:00Z,DE_LU,50279
2024-03-30T19:00Z,DE_LU,48691
2024-03-30T20:00Z,DE_LU,47379
2024-03-30T21:00Z,DE_LU,45693
2024-03-30T22:00Z,DE_LU,43856
2024-03-30T23:00Z,DE_LU,38607
2024-03-31T00:00Z,DE_LU,37981
2024-03-31T01:00Z,DE_LU,37395
2024-03-31T02:00Z,DE_LU,37748
2024-03-31T03:00Z,DE_LU,39272
2024-03-31T04:00Z,DE_LU,42131
2024-03-31T05:00Z,DE_LU,44763
2024-03-31T06:00Z,DE_LU,46148
2024-03-31T07:00Z,DE_LU,46635
2024-03-31T08:00Z,DE_LU,46878
2024-03-31T09:00Z,DE_LU,46877
2024-03-31T10:00Z,DE_LU,46505
2024-03-31T11:00Z,DE_LU,46127
2024-03-31T12:00Z,DE_LU,45851
2024-03-31T13:00Z,DE_LU,45377
2024-03-31T14:00Z,DE_LU,45895
2024-03-31T15:00Z,DE_LU,46902
2024-03-31T16:00Z,DE_LU,47049
2024-03-31T17:00Z,DE_LU,46210
2024-03-31T18:00Z,DE_LU,44786
2024-03-31T19:00Z,DE_LU,43517
2024-03-31T20:00Z,DE_LU,41987
2024-03-31T21:00Z,DE_LU,40003
2024-03-31T22:00Z,DE_LU,38180
2024-03-31T23:00Z,DE_LU,37469
2024-04-01T00:00Z,DE_LU,36961
2024-04-01T01:00Z,DE_LU,36866
2024-04-01T02:00Z,DE_LU,37293
2024-04-01T03:00Z,DE_LU,38993
2024-04-01T04:00Z,DE_LU,41767
2024-04-01T05:00Z,DE_LU,44331
2024-04-01T06:00Z,DE_LU,45636
2024-04-01T07:00Z,DE_LU,45838
2024-04-01T08:00Z,DE_LU,46150
2024-04-01T09:00Z,DE_LU,46057
2024-04-01T10:00Z,DE_LU,45722
2024-04-01T11:00Z,DE_LU,45371
2024-04-01T12:00Z,DE_LU,45102
2024-04-01T13:00Z,DE_LU,45035
2024-04-01T14:00Z,DE_LU,45400
2024-04-01T15:00Z,DE_LU,46352
2024-04-01T16:00Z,DE_LU,46464
2024-04-01T17:00Z,DE_LU,45446
2024-04-01T18:00Z,DE_LU,44125
2024-04-01T19:00Z,DE_LU,42944
2024-04-01T20:00Z,DE_LU,41462
2024-04-01T21:00Z,DE_LU,39681
2024-04-01T22:00Z,DE_LU,43752
2024-04-01T23:00Z,DE_LU,42173
2024-04-02T00:00Z,DE_LU,40967
2024-04-02T01:00Z,DE_LU,40907
2024-04-02T02:00Z,DE_LU,41972
2024-04-02T03:00Z,DE_LU,45142
2024-04-02T04:00Z,DE_LU,50955
2024-04-02T05:00Z,DE_LU,56305
2024-04-02T06:00Z,DE_LU,58736
2024-04-02T07:00Z,DE_LU,59895
2024-04-02T08:00Z,DE_LU,60404
2024-04-02T09:00Z,DE_LU,60202
2024-04-02T10:00Z,DE_LU,59640
2024-04-02T11:00Z,DE_LU,59075
2024-04-02T12:00Z,DE_LU,59067
2024-04-02T13:00Z,DE_LU,58917
2024-04-02T14:00Z,DE_LU,59801
2024-04-02T15:00Z,DE_LU,61269
2024-04-02T16:00Z,DE_LU,61889
2024-04-02T17:00Z,DE_LU,60119
2024-04-02T18:00Z,DE_LU,57704
2024-04-02T19:00Z,DE_LU,55054
2024-04-02T20:00Z,DE_LU,51508
2024-04-02T21:00Z,DE_LU,47585
2024-04-02T22:00Z,DE_LU,45224
2024-04-02T23:00Z,DE_LU,43686
2024-04-03T00:00Z,DE_LU,42369
2024-04-03T01:00Z,DE_LU,42099
2024-04-03T02:00Z,DE_LU,43184
2024-04-03T03:00Z,DE_LU,46612
2024-04-03T04:00Z,DE_LU,52534
2024-04-03T05:00Z,DE_LU,58158
2024-04-03T06:00Z,DE_LU,60808
2024-04-03T07:00Z,DE_LU,61720
2024-04-03T08:00Z,DE_LU,61924
2024-04-03T09:00Z,DE_LU,62129
2024-04-03T10:00Z,DE_LU,61507
2024-04-03T11:00Z,DE_LU,60868
2024-04-03T12:00Z,DE_LU,60263
2024-04-03T13:00Z,DE_LU,60150
2024-04-03T14:00Z,DE_LU,60955
2024-04-03T15:00Z,DE_LU,62483
2024-04-03T16:00Z,DE_LU,62727
2024-04-03T17:00Z,DE_LU,60809
2024-04-03T18:00Z,DE_LU,58682
2024-04-03T19:00Z,DE_LU,56169
2024-04-03T20:00Z,DE_LU,52783
2024-04-03T21:00Z,DE_LU,48849
2024-04-03T22:00Z,DE_LU,45301
2024-04-03T23:00Z,DE_LU,43414
2024-04-04T00:00Z,DE_LU,42479
2024-04-04T01:00Z,DE_LU,42164
2024-04-04T02:00Z,DE_LU,43146
2024-04-04T03:00Z,DE_LU,46316
2024-04-04T04:00Z,DE_LU,52287
2024-04-04T05:00Z,DE_LU,57480
2024-04-04T06:00Z,DE_LU,60169
2024-04-04T07:00Z,DE_LU,61591
2024-04-04T08:00Z,DE_LU,62346
2024-04-04T09:00Z,DE_LU,62030
2024-04-04T10:00Z,DE_LU,61457
2024-04-04T11:00Z,DE_LU,61142
2024-04-04T12:00Z,DE_LU,60598
2024-04-04T13:00Z,DE_LU,60337
2024-04-04T14:00Z,DE_LU,60865
2024-04-04T15:00Z,DE_LU,62795
2024-04-04T16:00Z,DE_LU,63120
2024-04-04T17:00Z,DE_LU,61192
2024-04-04T18:00Z,DE_LU,58769
2024-04-04T19:00Z,DE_LU,55962
2024-04-04T20:00Z,DE_LU,52341
2024-04-04T21:00Z,DE_LU,48462
2024-04-04T22:00Z,DE_LU,44546
2024-04-04T23:00Z,DE_LU,42704
2024-04-05T00:00Z,DE_LU,41793
2024-04-05T01:00Z,DE_LU,41461
2024-04-05T02:00Z,DE_LU,42275
2024-04-05T03:00Z,DE_LU,45525
2024-04-05T04:00Z,DE_LU,51372
2024-04-05T05:00Z,DE_LU,56803
2024-04-05T06:00Z,DE_LU,59708
2024-04-05T07:00Z,DE_LU,60805
2024-04-05T08:00Z,DE_LU,61109
2024-04-05T09:00Z,DE_LU,60896
2024-04-05T10:00Z,DE_LU,60286
2024-04-05T11:00Z,DE_LU,59883
2024-04-05T12:00Z,DE_LU,59290
2024-04-05T13:00Z,DE_LU,59390
2024-04-05T14:00Z,DE_LU,60227
2024-04-05T15:00Z,DE_LU,62361
2024-04-05T16:00Z,DE_LU,62360
2024-04-05T17:00Z,DE_LU,60581
2024-04-05T18:00Z,DE_LU,57937
2024-04-05T19:00Z,DE_LU,55474
2024-04-05T20:00Z,DE_LU,51863
2024-04-05T21:00Z,DE_LU,48080
2024-04-05T22:00Z,DE_LU,42986
2024-04-05T23:00Z,DE_LU,42150
2024-04-06T00:00Z,DE_LU,41819
2024-04-06T01:00Z,DE_LU,41736
2024-04-06T02:00Z,DE_LU,41795
2024-04-06T03:00Z,DE_LU,43861
2024-04-06T04:00Z,DE_LU,47074
2024-04-06T05:00Z,DE_LU,49959
2024-04-06T06:00Z,DE_LU,51104
2024-04-06T07:00Z,DE_LU,51574
2024-04-06T08:00Z,DE_LU,51995
2024-04-06T09:00Z,DE_LU,52340
2024-04-06T10:00Z,DE_LU,52114
2024-04-06T11:00Z,DE_LU,51464
2024-04-06T12:00Z,DE_LU,51309
2024-04-06T13:00Z,DE_LU,51202
2024-04-06T14:00Z,DE_LU,51506
2024-04-06T15:00Z,DE_LU,52359
2024-04-06T16:00Z,DE_LU,52346
2024-04-06T17:00Z,DE_LU,51219
2024-04-06T18:00Z,DE_LU,49751
2024-04-06T19:00Z,DE_LU,48192
2024-04-06T20:00Z,DE_LU,46485
2024-04-06T21:00Z,DE_LU,44568
2024-04-06T22:00Z,DE_LU,37982
2024-04-06T23:00Z,DE_LU,37348
2024-04-07T00:00Z,DE_LU,36799
2024-04-07T01:00Z,DE_LU,36688
2024-04-07T02:00Z,DE_LU,37008
2024-04-07T03:00Z,DE_LU,38637
2024-04-07T04:00Z,DE_LU,41430
2024-04-07T05:00Z,DE_LU,44078
2024-04-07T06:00Z,DE_LU,45582
2024-04-07T07:00Z,DE_LU,46030
2024-04-07T08:00Z,DE_LU,46172
2024-04-07T09:00Z,DE_LU,46208
2024-04-07T10:00Z,DE_LU,45861
2024-04-07T11:00Z,DE_LU,45715
2024-04-07T12:00Z,DE_LU,45261
2024-04-07T13:00Z,DE_LU,45243
2024-04-07T14:00Z,DE_LU,45499
2024-04-07T15:00Z,DE_LU,46340
2024-04-07T16:00Z,DE_LU,46362
2024-04-07T17:00Z,DE_LU,45315
2024-04-07T18:00Z,DE_LU,44296
2024-04-07T19:00Z,DE_LU,43220
2024-04-07T20:00Z,DE_LU,41580
2024-04-07T21:00Z,DE_LU,39879
2024-04-07T22:00Z,DE_LU,44038
2024-04-07T23:00Z,DE_LU,42275
2024-04-08T00:00Z,DE_LU,41081
2024-04-08T01:00Z,DE_LU,40755
2024-04-08T02:00Z,DE_LU,41226
2024-04-08T03:00Z,DE_LU,44528
2024-04-08T04:00Z,DE_LU,50158
2024-04-08T05:00Z,DE_LU,55185
2024-04-08T06:00Z,DE_LU,57768
2024-04-08T07:00Z,DE_LU,58992
2024-04-08T08:00Z,DE_LU,59423
2024-04-08T09:00Z,DE_LU,59534
2024-04-08T10:00Z,DE_LU,58902
2024-04-08T11:00Z,DE_LU,58573
2024-04-08T12:00Z,DE_LU,58060
2024-04-08T13:00Z,DE_LU,57803
2024-04-08T14:00Z,DE_LU,58363
2024-04-08T15:00Z,DE_LU,60021
2024-04-08T16:00Z,DE_LU,60154
2024-04-08T17:00Z,DE_LU,58585
2024-04-08T18:00Z,DE_LU,56364
2024-04-08T19:00Z,DE_LU,53696
2024-04-08T20:00Z,DE_LU,50477
2024-04-08T21:00Z,DE_LU,46558
2024-04-08T22:00Z,DE_LU,43618
2024-04-08T23:00Z,DE_LU,42174
2024-04-09T00:00Z,DE_LU,41016
2024-04-09T01:00Z,DE_LU,40651
2024-04-09T02:00Z,DE_LU,41273
2024-04-09T03:00Z,DE_LU,44394
2024-04-09T04:00Z,DE_LU,50111
2024-04-09T05:00Z,DE_LU,55200
2024-04-09T06:00Z,DE_LU,57878
2024-04-09T07:00Z,DE_LU,59318
2024-04-09T08:00Z,DE_LU,59875
2024-04-09T09:00Z,DE_LU,59922
2024-04-09T10:00Z,DE_LU,59447
2024-04-09T11:00Z,DE_LU,59005
2024-04-09T12:00Z,DE_LU,58117
2024-04-09T13:00Z,DE_LU,57984
2024-04-09T14:00Z,DE_LU,58759
2024-04-09T15:00Z,DE_LU,60489
2024-04-09T16:00Z,DE_LU,60242
2024-04-09T17:00Z,DE_LU,58498
2024-04-09T18:00Z,DE_LU,56117
2024-04-09T19:00Z,DE_LU,53683
2024-04-09T20:00Z,DE_LU,50411
2024-04-09T21:00Z,DE_LU,46750
2024-04-09T22:00Z,DE_LU,42300
2024-04-09T23:00Z,DE_LU,40567
2024-04-10T00:00Z,DE_LU,39681
2024-04-10T01:00Z,DE_LU,39555
2024-04-10T02:00Z,DE_LU,40467
2024-04-10T03:00Z,DE_LU,43513
2024-04-10T04:00Z,DE_LU,49190
2024-04-10T05:00Z,DE_LU,54191
2024-04-10T06:00Z,DE_LU,56526
2024-04-10T07:00Z,DE_LU,58109
2024-04-10T08:00Z,DE_LU,58701
2024-04-10T09:00Z,DE_LU,58683
2024-04-10T10:00Z,DE_LU,58265
2024-04-10T11:00Z,DE_LU,57412
2024-04-10T12:00Z,DE_LU,56619
2024-04-10T13:00Z,DE_LU,56282
2024-04-10T14:00Z,DE_LU,56968
2024-04-10T15:00Z,DE_LU,58563
2024-04-10T16:00Z,DE_LU,58866
2024-04-10T17:00Z,DE_LU,57162
2024-04-10T18:00Z,DE_LU,54970
2024-04-10T19:00Z,DE_LU,52704
2024-04-10T20:00Z,DE_LU,49492
2024-04-10T21:00Z,DE_LU,45784
2024-04-10T22:00Z,DE_LU,41923
2024-04-10T23:00Z,DE_LU,40312
2024-04-11T00:00Z,DE_LU,39318
2024-04-11T01:00Z,DE_LU,39005
2024-04-11T02:00Z,DE_LU,39948
2024-04-11T03:00Z,DE_LU,43199
2024-04-11T04:00Z,DE_LU,48546
2024-04-11T05:00Z,DE_LU,53378
2024-04-11T06:00Z,DE_LU,56023
2024-04-11T07:00Z,DE_LU,57137
2024-04-11T08:00Z,DE_LU,57575
2024-04-11T09:00Z,DE_LU,57630
2024-04-11T10:00Z,DE_LU,56689
2024-04-11T11:00Z,DE_LU,56049
2024-04-11T12:00Z,DE_LU,55474
2024-04-11T13:00Z,DE_LU,55005
2024-04-11T14:00Z,DE_LU,55545
2024-04-11T15:00Z,DE_LU,56843
2024-04-11T16:00Z,DE_LU,56868
2024-04-11T17:00Z,DE_LU,55243
2024-04-11T18:00Z,DE_LU,53364
2024-04-11T19:00Z,DE_LU,51177
2024-04-11T20:00Z,DE_LU,48355
2024-04-11T21:00Z,DE_LU,44564
2024-04-11T22:00Z,DE_LU,41798
2024-04-11T23:00Z,DE_LU,40212
2024-04-12T00:00Z,DE_LU,39538
2024-04-12T01:00Z,DE_LU,39200
2024-04-12T02:00Z,DE_LU,39692
2024-04-12T03:00Z,DE_LU,42784
2024-04-12T04:00Z,DE_LU,48271
2024-04-12T05:00Z,DE_LU,53273
2024-04-12T06:00Z,DE_LU,55945
2024-04-12T07:00Z,DE_LU,57182
2024-04-12T08:00Z,DE_LU,57499
2024-04-12T09:00Z,DE_LU,57746
2024-04-12T10:00Z,DE_LU,57173
2024-04-12T11:00Z,DE_LU,56751
2024-04-12T12:00Z,DE_LU,56314
2024-04-12T13:00Z,DE_LU,55941
2024-04-12T14:00Z,DE_LU,56598
2024-04-12T15:00Z,DE_LU,57866
2024-04-12T16:00Z,DE_LU,57965
2024-04-12T17:00Z,DE_LU,56267
2024-04-12T18:00Z,DE_LU,54108
2024-04-12T19:00Z,DE_LU,51395
2024-04-12T20:00Z,DE_LU,48144
2024-04-12T21:00Z,DE_LU,44656
2024-04-12T22:00Z,DE_LU,40874
2024-04-12T23:00Z,DE_LU,40066
2024-04-13T00:00Z,DE_LU,39704
2024-04-13T01:00Z,DE_LU,39581
2024-04-13T02:00Z,DE_LU,39851
2024-04-13T03:00Z,DE_LU,41484
2024-04-13T04:00Z,DE_LU,44651
2024-04-13T05:00Z,DE_LU,47171
2024-04-13T06:00Z,DE_LU,48419
2024-04-13T07:00Z,DE_LU,48892
2024-04-13T08:00Z,DE_LU,49382
2024-04-13T09:00Z,DE_LU,49436
2024-04-13T10:00Z,DE_LU,49079
2024-04-13T11:00Z,DE_LU,48779
2024-04-13T12:00Z,DE_LU,48397
2024-04-13T13:00Z,DE_LU,48376
2024-04-13T14:00Z,DE_LU,48761
2024-04-13T15:00Z,DE_LU,49187
2024-04-13T16:00Z,DE_LU,49493
2024-04-13T17:00Z,DE_LU,48490
2024-04-13T18:00Z,DE_LU,47275
2024-04-13T19:00Z,DE_LU,45833
2024-04-13T20:00Z,DE_LU,44087
2024-04-13T21:00Z,DE_LU,42425
2024-04-13T22:00Z,DE_LU,36603
2024-04-13T23:00Z,DE_LU,35779
2024-04-14T00:00Z,DE_LU,35404
2024-04-14T01:00Z,DE_LU,35327
2024-04-14T02:00Z,DE_LU,35804
2024-04-14T03:00Z,DE_LU,37351
2024-04-14T04:00Z,DE_LU,40079
2024-04-14T05:00Z,DE_LU,42330
2024-04-14T06:00Z,DE_LU,43595
2024-04-14T07:00Z,DE_LU,44145
2024-04-14T08:00Z,DE_LU,44458
2024-04-14T09:00Z,DE_LU,44345
2024-04-14T10:00Z,DE_LU,44098
2024-04-14T11:00Z,DE_LU,43591
2024-04-14T12:00Z,DE_LU,43178
2024-04-14T13:00Z,DE_LU,43179
2024-04-14T14:00Z,DE_LU,43490
2024-04-14T15:00Z,DE_LU,44166
2024-04-14T16:00Z,DE_LU,44193
2024-04-14T17:00Z,DE_LU,43480
2024-04-14T18:00Z,DE_LU,42428
2024-04-14T19:00Z,DE_LU,41376
2024-04-14T20:00Z,DE_LU,39791
2024-04-14T21:00Z,DE_LU,38106
2024-04-14T22:00Z,DE_LU,43099
2024-04-14T23:00Z,DE_LU,41577
2024-04-15T00:00Z,DE_LU,40498
2024-04-15T01:00Z,DE_LU,40093
2024-04-15T02:00Z,DE_LU,40987
2024-04-15T03:00Z,DE_LU,44165
2024-04-15T04:00Z,DE_LU,49792
2024-04-15T05:00Z,DE_LU,54711
2024-04-15T06:00Z,DE_LU,56975
2024-04-15T07:00Z,DE_LU,58282
2024-04-15T08:00Z,DE_LU,58657
2024-04-15T09:00Z,DE_LU,58768
2024-04-15T10:00Z,DE_LU,58248
2024-04-15T11:00Z,DE_LU,57978
2024-04-15T12:00Z,DE_LU,57567
2024-04-15T13:00Z,DE_LU,57212
2024-04-15T14:00Z,DE_LU,57773
2024-04-15T15:00Z,DE_LU,59063
2024-04-15T16:00Z,DE_LU,58756
2024-04-15T17:00Z,DE_LU,57301
2024-04-15T18:00Z,DE_LU,55243
2024-04-15T19:00Z,DE_LU,53287
2024-04-15T20:00Z,DE_LU,49965
2024-04-15T21:00Z,DE_LU,46024
2024-04-15T22:00Z,DE_LU,42883
2024-04-15T23:00Z,DE_LU,41379
2024-04-16T00:00Z,DE_LU,40325
2024-04-16T01:00Z,DE_LU,40093
2024-04-16T02:00Z,DE_LU,40899
2024-04-16T03:00Z,DE_LU,44174
2024-04-16T04:00Z,DE_LU,49805
2024-04-16T05:00Z,DE_LU,55056
2024-04-16T06:00Z,DE_LU,57598
2024-04-16T07:00Z,DE_LU,59037
2024-04-16T08:00Z,DE_LU,59393
2024-04-16T09:00Z,DE_LU,59371
2024-04-16T10:00Z,DE_LU,58943
2024-04-16T11:00Z,DE_LU,58314
2024-04-16T12:00Z,DE_LU,57561
2024-04-16T13:00Z,DE_LU,57634
2024-04-16T14:00Z,DE_LU,58075
2024-04-16T15:00Z,DE_LU,58950
2024-04-16T16:00Z,DE_LU,58809
2024-04-16T17:00Z,DE_LU,57246
2024-04-16T18:00Z,DE_LU,55130
2024-04-16T19:00Z,DE_LU,52879
2024-04-16T20:00Z,DE_LU,49942
2024-04-16T21:00Z,DE_LU,46084
2024-04-16T22:00Z,DE_LU,43328
2024-04-16T23:00Z,DE_LU,41677
2024-04-17T00:00Z,DE_LU,40737
2024-04-17T01:00Z,DE_LU,40388
2024-04-17T02:00Z,DE_LU,41359
2024-04-17T03:00Z,DE_LU,44496
2024-04-17T04:00Z,DE_LU,50179
2024-04-17T05:00Z,DE_LU,55209
2024-04-17T06:00Z,DE_LU,57893
2024-04-17T07:00Z,DE_LU,59085
2024-04-17T08:00Z,DE_LU,59633
2024-04-17T09:00Z,DE_LU,59516
2024-04-17T10:00Z,DE_LU,59018
2024-04-17T11:00Z,DE_LU,58749
2024-04-17T12:00Z,DE_LU,58154
2024-04-17T13:00Z,DE_LU,57629
2024-04-17T14:00Z,DE_LU,57958
2024-04-17T15:00Z,DE_LU,59018
2024-04-17T16:00Z,DE_LU,59095
2024-04-17T17:00Z,DE_LU,57545
2024-04-17T18:00Z,DE_LU,55734
2024-04-17T19:00Z,DE_LU,53391
2024-04-17T20:00Z,DE_LU,50028
2024-04-17T21:00Z,DE_LU,46570
2024-04-17T22:00Z,DE_LU,43536
2024-04-17T23:00Z,DE_LU,42004
2024-04-18T00:00Z,DE_LU,40894
2024-04-18T01:00Z,DE_LU,40523
2024-04-18T02:00Z,DE_LU,41195
2024-04-18T03:00Z,DE_LU,44419
2024-04-18T04:00Z,DE_LU,50218
2024-04-18T05:00Z,DE_LU,55083
2024-04-18T06:00Z,DE_LU,57937
2024-04-18T07:00Z,DE_LU,59324
2024-04-18T08:00Z,DE_LU,59986
2024-04-18T09:00Z,DE_LU,60065
2024-04-18T10:00Z,DE_LU,59455
2024-04-18T11:00Z,DE_LU,59090
2024-04-18T12:00Z,DE_LU,58592
2024-04-18T13:00Z,DE_LU,58311
2024-04-18T14:00Z,DE_LU,58846
2024-04-18T15:00Z,DE_LU,59799
2024-04-18T16:00Z,DE_LU,59828
2024-04-18T17:00Z,DE_LU,58423
2024-04-18T18:00Z,DE_LU,56184
2024-04-18T19:00Z,DE_LU,54137
2024-04-18T20:00Z,DE_LU,50924
2024-04-18T21:00Z,DE_LU,47115
2024-04-18T22:00Z,DE_LU,44027
2024-04-18T23:00Z,DE_LU,42324
2024-04-19T00:00Z,DE_LU,41126
2024-04-19T01:00Z,DE_LU,40753
2024-04-19T02:00Z,DE_LU,41574
2024-04-19T03:00Z,DE_LU,44815
2024-04-19T04:00Z,DE_LU,50356
2024-04-19T05:00Z,DE_LU,55474
2024-04-19T06:00Z,DE_LU,58392
2024-04-19T07:00Z,DE_LU,59717
2024-04-19T08:00Z,DE_LU,60421
2024-04-19T09:00Z,DE_LU,60255
2024-04-19T10:00Z,DE_LU,59945
2024-04-19T11:00Z,DE_LU,59453
2024-04-19T12:00Z,DE_LU,59293
2024-04-19T13:00Z,DE_LU,58953
2024-04-19T14:00Z,DE_LU,59287
2024-04-19T15:00Z,DE_LU,60442
2024-04-19T16:00Z,DE_LU,60278
2024-04-19T17:00Z,DE_LU,58805
2024-04-19T18:00Z,DE_LU,56766
2024-04-19T19:00Z,DE_LU,54731
2024-04-19T20:00Z,DE_LU,51007
2024-04-19T21:00Z,DE_LU,47154
2024-04-19T22:00Z,DE_LU,42534
2024-04-19T23:00Z,DE_LU,41635
2024-04-20T00:00Z,DE_LU,41264
2024-04-20T01:00Z,DE_LU,41035
2024-04-20T02:00Z,DE_LU,41406
2024-04-20T03:00Z,DE_LU,43010
2024-04-20T04:00Z,DE_LU,46299
2024-04-20T05:00Z,DE_LU,49182
2024-04-20T06:00Z,DE_LU,50548
2024-04-20T07:00Z,DE_LU,51260
2024-04-20T08:00Z,DE_LU,51629
2024-04-20T09:00Z,DE_LU,51783
2024-04-20T10:00Z,DE_LU,51546
2024-04-20T11:00Z,DE_LU,51110
2024-04-20T12:00Z,DE_LU,50680
2024-04-20T13:00Z,DE_LU,50494
2024-04-20T14:00Z,DE_LU,50697
2024-04-20T15:00Z,DE_LU,51334
2024-04-20T16:00Z,DE_LU,51358
2024-04-20T17:00Z,DE_LU,50702
2024-04-20T18:00Z,DE_LU,49700
2024-04-20T19:00Z,DE_LU,48369
2024-04-20T20:00Z,DE_LU,46504
2024-04-20T21:00Z,DE_LU,44335
2024-04-20T22:00Z,DE_LU,38121
2024-04-20T23:00Z,DE_LU,37327
2024-04-21T00:00Z,DE_LU,36828
2024-04-21T01:00Z,DE_LU,36650
2024-04-21T02:00Z,DE_LU,37063
2024-04-21T03:00Z,DE_LU,38467
2024-04-21T04:00Z,DE_LU,41190
2024-04-21T05:00Z,DE_LU,43614
2024-04-21T06:00Z,DE_LU,44953
2024-04-21T07:00Z,DE_LU,45713
2024-04-21T08:00Z,DE_LU,45835
2024-04-21T09:00Z,DE_LU,45990
2024-04-21T10:00Z,DE_LU,45815
2024-04-21T11:00Z,DE_LU,45711
2024-04-21T12:00Z,DE_LU,45551
2024-04-21T13:00Z,DE_LU,45183
2024-04-21T14:00Z,DE_LU,45241
2024-04-21T15:00Z,DE_LU,46102
2024-04-21T16:00Z,DE_LU,46179
2024-04-21T17:00Z,DE_LU,45170
2024-04-21T18:00Z,DE_LU,44190
2024-04-21T19:00Z,DE_LU,43024
2024-04-21T20:00Z,DE_LU,41437
2024-04-21T21:00Z,DE_LU,39778
2024-04-21T22:00Z,DE_LU,44562
2024-04-21T23:00Z,DE_LU,42844
2024-04-22T00:00Z,DE_LU,41744
2024-04-22T01:00Z,DE_LU,41448
2024-04-22T02:00Z,DE_LU,42159
2024-04-22T03:00Z,DE_LU,45356
2024-04-22T04:00Z,DE_LU,51177
2024-04-22T05:00Z,DE_LU,56416
2024-04-22T06:00Z,DE_LU,59152
2024-04-22T07:00Z,DE_LU,60352
2024-04-22T08:00Z,DE_LU,60991
2024-04-22T09:00Z,DE_LU,61091
2024-04-22T10:00Z,DE_LU,60677
2024-04-22T11:00Z,DE_LU,60295
2024-04-22T12:00Z,DE_LU,59734
2024-04-22T13:00Z,DE_LU,59382
2024-04-22T14:00Z,DE_LU,59476
2024-04-22T15:00Z,DE_LU,60729
2024-04-22T16:00Z,DE_LU,60598
2024-04-22T17:00Z,DE_LU,58552
2024-04-22T18:00Z,DE_LU,56613
2024-04-22T19:00Z,DE_LU,54218
2024-04-22T20:00Z,DE_LU,51321
2024-04-22T21:00Z,DE_LU,47656
2024-04-22T22:00Z,DE_LU,43968
2024-04-22T23:00Z,DE_LU,42301
2024-04-23T00:00Z,DE_LU,41276
2024-04-23T01:00Z,DE_LU,40930
2024-04-23T02:00Z,DE_LU,41618
2024-04-23T03:00Z,DE_LU,44658
2024-04-23T04:00Z,DE_LU,50069
2024-04-23T05:00Z,DE_LU,55012
2024-04-23T06:00Z,DE_LU,57402
2024-04-23T07:00Z,DE_LU,59360
2024-04-23T08:00Z,DE_LU,60224
2024-04-23T09:00Z,DE_LU,60161
2024-04-23T10:00Z,DE_LU,60089
2024-04-23T11:00Z,DE_LU,59462
2024-04-23T12:00Z,DE_LU,58812
2024-04-23T13:00Z,DE_LU,58333
2024-04-23T14:00Z,DE_LU,58690
2024-04-23T15:00Z,DE_LU,59489
2024-04-23T16:00Z,DE_LU,59498
2024-04-23T17:00Z,DE_LU,58119
2024-04-23T18:00Z,DE_LU,56502
2024-04-23T19:00Z,DE_LU,54060
2024-04-23T20:00Z,DE_LU,50751
2024-04-23T21:00Z,DE_LU,46902
2024-04-23T22:00Z,DE_LU,43097
2024-04-23T23:00Z,DE_LU,41599
2024-04-24T00:00Z,DE_LU,40638
2024-04-24T01:00Z,DE_LU,40223
2024-04-24T02:00Z,DE_LU,40965
2024-04-24T03:00Z,DE_LU,43935
2024-04-24T04:00Z,DE_LU,49528
2024-04-24T05:00Z,DE_LU,54427
2024-04-24T06:00Z,DE_LU,57130
2024-04-24T07:00Z,DE_LU,58552
2024-04-24T08:00Z,DE_LU,58721
2024-04-24T09:00Z,DE_LU,58908
2024-04-24T10:00Z,DE_LU,58665
2024-04-24T11:00Z,DE_LU,58433
2024-04-24T12:00Z,DE_LU,57590
2024-04-24T13:00Z,DE_LU,57178
2024-04-24T14:00Z,DE_LU,57424
2024-04-24T15:00Z,DE_LU,57964
2024-04-24T16:00Z,DE_LU,58367
2024-04-24T17:00Z,DE_LU,56715
2024-04-24T18:00Z,DE_LU,55145
2024-04-24T19:00Z,DE_LU,53053
2024-04-24T20:00Z,DE_LU,49555
2024-04-24T21:00Z,DE_LU,45992
2024-04-24T22:00Z,DE_LU,42579
2024-04-24T23:00Z,DE_LU,41109
2024-04-25T00:00Z,DE_LU,40162
2024-04-25T01:00Z,DE_LU,39900
2024-04-25T02:00Z,DE_LU,40568
2024-04-25T03:00Z,DE_LU,43570
2024-04-25T04:00Z,DE_LU,48879
2024-04-25T05:00Z,DE_LU,53563
2024-04-25T06:00Z,DE_LU,56251
2024-04-25T07:00Z,DE_LU,57868
2024-04-25T08:00Z,DE_LU,58617
2024-04-25T09:00Z,DE_LU,58529
2024-04-25T10:00Z,DE_LU,57990
2024-04-25T11:00Z,DE_LU,57354
2024-04-25T12:00Z,DE_LU,56823
2024-04-25T13:00Z,DE_LU,56659
2024-04-25T14:00Z,DE_LU,57180
2024-04-25T15:00Z,DE_LU,58082
2024-04-25T16:00Z,DE_LU,58078
2024-04-25T17:00Z,DE_LU,56755
2024-04-25T18:00Z,DE_LU,54840
2024-04-25T19:00Z,DE_LU,52719
2024-04-25T20:00Z,DE_LU,49552
2024-04-25T21:00Z,DE_LU,45791
2024-04-25T22:00Z,DE_LU,41758
2024-04-25T23:00Z,DE_LU,40137
2024-04-26T00:00Z,DE_LU,39039
2024-04-26T01:00Z,DE_LU,38754
2024-04-26T02:00Z,DE_LU,39602
2024-04-26T03:00Z,DE_LU,42670
2024-04-26T04:00Z,DE_LU,47862
2024-04-26T05:00Z,DE_LU,52539
2024-04-26T06:00Z,DE_LU,55275
2024-04-26T07:00Z,DE_LU,56798
2024-04-26T08:00Z,DE_LU,57224
2024-04-26T09:00Z,DE_LU,57414
2024-04-26T10:00Z,DE_LU,56986
2024-04-26T11:00Z,DE_LU,56407
2024-04-26T12:00Z,DE_LU,55895
2024-04-26T13:00Z,DE_LU,55635
2024-04-26T14:00Z,DE_LU,55718
2024-04-26T15:00Z,DE_LU,56786
2024-04-26T16:00Z,DE_LU,56678
2024-04-26T17:00Z,DE_LU,55444
2024-04-26T18:00Z,DE_LU,53640
2024-04-26T19:00Z,DE_LU,51420
2024-04-26T20:00Z,DE_LU,48401
2024-04-26T21:00Z,DE_LU,44850
2024-04-26T22:00Z,DE_LU,40035
2024-04-26T23:00Z,DE_LU,39114
2024-04-27T00:00Z,DE_LU,38658
2024-04-27T01:00Z,DE_LU,38533
2024-04-27T02:00Z,DE_LU,38951
2024-04-27T03:00Z,DE_LU,40501
2024-04-27T04:00Z,DE_LU,43466
2024-04-27T05:00Z,DE_LU,45892
2024-04-27T06:00Z,DE_LU,47184
2024-04-27T07:00Z,DE_LU,47923
2024-04-27T08:00Z,DE_LU,48381
2024-04-27T09:00Z,DE_LU,48276
2024-04-27T10:00Z,DE_LU,47957
2024-04-27T11:00Z,DE_LU,47571
2024-04-27T12:00Z,DE_LU,47341
2024-04-27T13:00Z,DE_LU,47384
2024-04-27T14:00Z,DE_LU,47367
2024-04-27T15:00Z,DE_LU,47955
2024-04-27T16:00Z,DE_LU,47990
2024-04-27T17:00Z,DE_LU,47207
2024-04-27T18:00Z,DE_LU,46113
2024-04-27T19:00Z,DE_LU,45147
2024-04-27T20:00Z,DE_LU,43639
2024-04-27T21:00Z,DE_LU,41554
2024-04-27T22:00Z,DE_LU,35874
2024-04-27T23:00Z,DE_LU,35131
2024-04-28T00:00Z,DE_LU,34612
2024-04-28T01:00Z,DE_LU,34776
2024-04-28T02:00Z,DE_LU,35165
2024-04-28T03:00Z,DE_LU,36706
2024-04-28T04:00Z,DE_LU,39269
2024-04-28T05:00Z,DE_LU,41851
2024-04-28T06:00Z,DE_LU,43139
2024-04-28T07:00Z,DE_LU,43863
2024-04-28T08:00Z,DE_LU,44024
2024-04-28T09:00Z,DE_LU,43812
2024-04-28T10:00Z,DE_LU,43575
2024-04-28T11:00Z,DE_LU,43299
2024-04-28T12:00Z,DE_LU,42773
2024-04-28T13:00Z,DE_LU,42697
2024-04-28T14:00Z,DE_LU,42964
2024-04-28T15:00Z,DE_LU,43283
2024-04-28T16:00Z,DE_LU,43376
2024-04-28T17:00Z,DE_LU,42659
2024-04-28T18:00Z,DE_LU,41776
2024-04-28T19:00Z,DE_LU,40693
2024-04-28T20:00Z,DE_LU,39395
2024-04-28T21:00Z,DE_LU,37689
2024-04-28T22:00Z,DE_LU,42719
2024-04-28T23:00Z,DE_LU,41210
2024-04-29T00:00Z,DE_LU,40050
2024-04-29T01:00Z,DE_LU,39819
2024-04-29T02:00Z,DE_LU,40679
2024-04-29T03:00Z,DE_LU,43729
2024-04-29T04:00Z,DE_LU,49167
2024-04-29T05:00Z,DE_LU,54069
2024-04-29T06:00Z,DE_LU,56822
2024-04-29T07:00Z,DE_LU,58097
2024-04-29T08:00Z,DE_LU,58382
2024-04-29T09:00Z,DE_LU,58605
2024-04-29T10:00Z,DE_LU,58445
2024-04-29T11:00Z,DE_LU,57800
2024-04-29T12:00Z,DE_LU,57326
2024-04-29T13:00Z,DE_LU,57072
2024-04-29T14:00Z,DE_LU,57229
2024-04-29T15:00Z,DE_LU,58086
2024-04-29T16:00Z,DE_LU,57821
2024-04-29T17:00Z,DE_LU,56315
2024-04-29T18:00Z,DE_LU,54421
2024-04-29T19:00Z,DE_LU,52186
2024-04-29T20:00Z,DE_LU,49447
2024-04-29T21:00Z,DE_LU,45653
2024-04-29T22:00Z,DE_LU,42344
2024-04-29T23:00Z,DE_LU,40991
2024-04-30T00:00Z,DE_LU,39894
2024-04-30T01:00Z,DE_LU,39481
2024-04-30T02:00Z,DE_LU,40121
2024-04-30T03:00Z,DE_LU,43230
2024-04-30T04:00Z,DE_LU,48561
2024-04-30T05:00Z,DE_LU,53478
2024-04-30T06:00Z,DE_LU,56355
2024-04-30T07:00Z,DE_LU,57750
2024-04-30T08:00Z,DE_LU,58490
2024-04-30T09:00Z,DE_LU,58704
2024-04-30T10:00Z,DE_LU,58343
2024-04-30T11:00Z,DE_LU,57765
2024-04-30T12:00Z,DE_LU,57487
2024-04-30T13:00Z,DE_LU,57118
2024-04-30T14:00Z,DE_LU,57263
2024-04-30T15:00Z,DE_LU,57805
2024-04-30T16:00Z,DE_LU,57322
2024-04-30T17:00Z,DE_LU,56263
2024-04-30T18:00Z,DE_LU,54747
2024-04-30T19:00Z,DE_LU,52560
2024-04-30T20:00Z,DE_LU,49409
2024-04-30T21:00Z,DE_LU,45726
2024-04-30T22:00Z,DE_LU,36570
2024-04-30T23:00Z,DE_LU,35777
2024-05-01T00:00Z,DE_LU,35182
2024-05-01T01:00Z,DE_LU,35038
2024-05-01T02:00Z,DE_LU,35542
2024-05-01T03:00Z,DE_LU,36936
2024-05-01T04:00Z,DE_LU,39273
2024-05-01T05:00Z,DE_LU,41607
2024-05-01T06:00Z,DE_LU,42836
2024-05-01T07:00Z,DE_LU,43509
2024-05-01T08:00Z,DE_LU,43993
2024-05-01T09:00Z,DE_LU,44043
2024-05-01T10:00Z,DE_LU,43811
2024-05-01T11:00Z,DE_LU,43695
2024-05-01T12:00Z,DE_LU,43460
2024-05-01T13:00Z,DE_LU,43331
2024-05-01T14:00Z,DE_LU,43283
2024-05-01T15:00Z,DE_LU,43620
2024-05-01T16:00Z,DE_LU,43390
2024-05-01T17:00Z,DE_LU,42710
2024-05-01T18:00Z,DE_LU,41962
2024-05-01T19:00Z,DE_LU,40999
2024-05-01T20:00Z,DE_LU,39580
2024-05-01T21:00Z,DE_LU,37939
2024-05-01T22:00Z,DE_LU,42407
2024-05-01T23:00Z,DE_LU,40687
2024-05-02T00:00Z,DE_LU,39819
2024-05-02T01:00Z,DE_LU,39414
2024-05-02T02:00Z,DE_LU,39940
2024-05-02T03:00Z,DE_LU,42949
2024-05-02T04:00Z,DE_LU,48235
2024-05-02T05:00Z,DE_LU,53240
2024-05-02T06:00Z,DE_LU,55799
2024-05-02T07:00Z,DE_LU,57188
2024-05-02T08:00Z,DE_LU,57723
2024-05-02T09:00Z,DE_LU,57731
2024-05-02T10:00Z,DE_LU,57246
2024-05-02T11:00Z,DE_LU,56765
2024-05-02T12:00Z,DE_LU,56140
2024-05-02T13:00Z,DE_LU,55865
2024-05-02T14:00Z,DE_LU,56153
2024-05-02T15:00Z,DE_LU,57045
2024-05-02T16:00Z,DE_LU,56864
2024-05-02T17:00Z,DE_LU,55241
2024-05-02T18:00Z,DE_LU,53619
2024-05-02T19:00Z,DE_LU,51721
2024-05-02T20:00Z,DE_LU,48834
2024-05-02T21:00Z,DE_LU,45539
2024-05-02T22:00Z,DE_LU,42781
2024-05-02T23:00Z,DE_LU,40953
2024-05-03T00:00Z,DE_LU,39961
2024-05-03T01:00Z,DE_LU,39619
2024-05-03T02:00Z,DE_LU,40548
2024-05-03T03:00Z,DE_LU,43628
2024-05-03T04:00Z,DE_LU,48578
2024-05-03T05:00Z,DE_LU,53431
2024-05-03T06:00Z,DE_LU,56141
2024-05-03T07:00Z,DE_LU,57491
2024-05-03T08:00Z,DE_LU,58206
2024-05-03T09:00Z,DE_LU,58051
2024-05-03T10:00Z,DE_LU,57772
2024-05-03T11:00Z,DE_LU,57283
2024-05-03T12:00Z,DE_LU,56680
2024-05-03T13:00Z,DE_LU,56309
2024-05-03T14:00Z,DE_LU,56598
2024-05-03T15:00Z,DE_LU,57296
2024-05-03T16:00Z,DE_LU,57381
2024-05-03T17:00Z,DE_LU,56372
2024-05-03T18:00Z,DE_LU,54410
2024-05-03T19:00Z,DE_LU,52423
2024-05-03T20:00Z,DE_LU,49366
2024-05-03T21:00Z,DE_LU,45590
2024-05-03T22:00Z,DE_LU,40120
2024-05-03T23:00Z,DE_LU,39392
2024-05-04T00:00Z,DE_LU,38833
2024-05-04T01:00Z,DE_LU,38463
2024-05-04T02:00Z,DE_LU,38840
2024-05-04T03:00Z,DE_LU,40459
2024-05-04T04:00Z,DE_LU,43325
2024-05-04T05:00Z,DE_LU,45878
2024-05-04T06:00Z,DE_LU,47170
2024-05-04T07:00Z,DE_LU,48197
2024-05-04T08:00Z,DE_LU,48499
2024-05-04T09:00Z,DE_LU,48512
2024-05-04T10:00Z,DE_LU,48289
2024-05-04T11:00Z,DE_LU,48009
2024-05-04T12:00Z,DE_LU,47622
2024-05-04T13:00Z,DE_LU,47618
2024-05-04T14:00Z,DE_LU,47795
2024-05-04T15:00Z,DE_LU,47963
2024-05-04T16:00Z,DE_LU,47917
2024-05-04T17:00Z,DE_LU,47302
2024-05-04T18:00Z,DE_LU,46423
2024-05-04T19:00Z,DE_LU,45249
2024-05-04T20:00Z,DE_LU,43723
2024-05-04T21:00Z,DE_LU,41885
2024-05-04T22:00Z,DE_LU,36739
2024-05-04T23:00Z,DE_LU,35994
2024-05-05T00:00Z,DE_LU,35518
2024-05-05T01:00Z,DE_LU,35361
2024-05-05T02:00Z,DE_LU,35577
2024-05-05T03:00Z,DE_LU,37010
2024-05-05T04:00Z,DE_LU,39570
2024-05-05T05:00Z,DE_LU,41931
2024-05-05T06:00Z,DE_LU,43130
2024-05-05T07:00Z,DE_LU,44068
2024-05-05T08:00Z,DE_LU,44251
2024-05-05T09:00Z,DE_LU,44072
2024-05-05T10:00Z,DE_LU,43794
2024-05-05T11:00Z,DE_LU,43482
2024-05-05T12:00Z,DE_LU,43333
2024-05-05T13:00Z,DE_LU,43115
2024-05-05T14:00Z,DE_LU,43197
2024-05-05T15:00Z,DE_LU,43591
2024-05-05T16:00Z,DE_LU,43564
2024-05-05T17:00Z,DE_LU,42834
2024-05-05T18:00Z,DE_LU,41936
2024-05-05T19:00Z,DE_LU,40926
2024-05-05T20:00Z,DE_LU,39585
2024-05-05T21:00Z,DE_LU,37814
2024-05-05T22:00Z,DE_LU,41314
2024-05-05T23:00Z,DE_LU,40017
2024-05-06T00:00Z,DE_LU,39018
2024-05-06T01:00Z,DE_LU,38662
2024-05-06T02:00Z,DE_LU,39131
2024-05-06T03:00Z,DE_LU,42090
2024-05-06T04:00Z,DE_LU,47294
2024-05-06T05:00Z,DE_LU,52282
2024-05-06T06:00Z,DE_LU,55079
2024-05-06T07:00Z,DE_LU,56331
2024-05-06T08:00Z,DE_LU,56957
2024-05-06T09:00Z,DE_LU,57381
2024-05-06T10:00Z,DE_LU,57085
2024-05-06T11:00Z,DE_LU,56637
2024-05-06T12:00Z,DE_LU,55887
2024-05-06T13:00Z,DE_LU,55651
2024-05-06T14:00Z,DE_LU,55716
2024-05-06T15:00Z,DE_LU,56242
2024-05-06T16:00Z,DE_LU,56225
2024-05-06T17:00Z,DE_LU,55186
2024-05-06T18:00Z,DE_LU,53507
2024-05-06T19:00Z,DE_LU,51290
2024-05-06T20:00Z,DE_LU,48306
2024-05-06T21:00Z,DE_LU,44820
2024-05-06T22:00Z,DE_LU,41696
2024-05-06T23:00Z,DE_LU,40085
2024-05-07T00:00Z,DE_LU,38914
2024-05-07T01:00Z,DE_LU,38618
2024-05-07T02:00Z,DE_LU,39027
2024-05-07T03:00Z,DE_LU,41994
2024-05-07T04:00Z,DE_LU,47007
2024-05-07T05:00Z,DE_LU,51938
2024-05-07T06:00Z,DE_LU,54594
2024-05-07T07:00Z,DE_LU,56140
2024-05-07T08:00Z,DE_LU,56974
2024-05-07T09:00Z,DE_LU,57374
2024-05-07T10:00Z,DE_LU,56965
2024-05-07T11:00Z,DE_LU,56468
2024-05-07T12:00Z,DE_LU,55855
2024-05-07T13:00Z,DE_LU,55367
2024-05-07T14:00Z,DE_LU,55592
2024-05-07T15:00Z,DE_LU,56213
2024-05-07T16:00Z,DE_LU,56325
2024-05-07T17:00Z,DE_LU,55136
2024-05-07T18:00Z,DE_LU,53645
2024-05-07T19:00Z,DE_LU,51628
2024-05-07T20:00Z,DE_LU,48579
2024-05-07T21:00Z,DE_LU,44972
2024-05-07T22:00Z,DE_LU,42576
2024-05-07T23:00Z,DE_LU,40868
2024-05-08T00:00Z,DE_LU,39886
2024-05-08T01:00Z,DE_LU,39581
2024-05-08T02:00Z,DE_LU,40212
2024-05-08T03:00Z,DE_LU,42933
2024-05-08T04:00Z,DE_LU,48165
2024-05-08T05:00Z,DE_LU,53276
2024-05-08T06:00Z,DE_LU,56274
2024-05-08T07:00Z,DE_LU,57686
2024-05-08T08:00Z,DE_LU,58758
2024-05-08T09:00Z,DE_LU,59057
2024-05-08T10:00Z,DE_LU,58523
2024-05-08T11:00Z,DE_LU,58158
2024-05-08T12:00Z,DE_LU,57603
2024-05-08T13:00Z,DE_LU,57311
2024-05-08T14:00Z,DE_LU,57562
2024-05-08T15:00Z,DE_LU,58053
2024-05-08T16:00Z,DE_LU,57787
2024-05-08T17:00Z,DE_LU,56190
2024-05-08T18:00Z,DE_LU,54464
2024-05-08T19:00Z,DE_LU,52448
2024-05-08T20:00Z,DE_LU,49856
2024-05-08T21:00Z,DE_LU,46219
2024-05-08T22:00Z,DE_LU,36826
2024-05-08T23:00Z,DE_LU,36093
2024-05-09T00:00Z,DE_LU,35613
2024-05-09T01:00Z,DE_LU,35463
2024-05-09T02:00Z,DE_LU,35847
2024-05-09T03:00Z,DE_LU,37257
2024-05-09T04:00Z,DE_LU,39743
2024-05-09T05:00Z,DE_LU,41959
2024-05-09T06:00Z,DE_LU,43357
2024-05-09T07:00Z,DE_LU,44170
2024-05-09T08:00Z,DE_LU,44724
2024-05-09T09:00Z,DE_LU,44427
2024-05-09T10:00Z,DE_LU,44323
2024-05-09T11:00Z,DE_LU,43969
2024-05-09T12:00Z,DE_LU,43621
2024-05-09T13:00Z,DE_LU,43254
2024-05-09T14:00Z,DE_LU,43482
2024-05-09T15:00Z,DE_LU,43769
2024-05-09T16:00Z,DE_LU,43701
2024-05-09T17:00Z,DE_LU,42928
2024-05-09T18:00Z,DE_LU,42088
2024-05-09T19:00Z,DE_LU,40972
2024-05-09T20:00Z,DE_LU,39491
2024-05-09T21:00Z,DE_LU,37812
2024-05-09T22:00Z,DE_LU,41607
2024-05-09T23:00Z,DE_LU,39964
2024-05-10T00:00Z,DE_LU,38924
2024-05-10T01:00Z,DE_LU,38802
2024-05-10T02:00Z,DE_LU,39369
2024-05-10T03:00Z,DE_LU,42063
2024-05-10T04:00Z,DE_LU,47072
2024-05-10T05:00Z,DE_LU,51928
2024-05-10T06:00Z,DE_LU,54665
2024-05-10T07:00Z,DE_LU,56212
2024-05-10T08:00Z,DE_LU,56959
2024-05-10T09:00Z,DE_LU,57170
2024-05-10T10:00Z,DE_LU,56906
2024-05-10T11:00Z,DE_LU,56936
2024-05-10T12:00Z,DE_LU,56276
2024-05-10T13:00Z,DE_LU,56053
2024-05-10T14:00Z,DE_LU,55932
2024-05-10T15:00Z,DE_LU,56310
2024-05-10T16:00Z,DE_LU,56186
2024-05-10T17:00Z,DE_LU,55126
2024-05-10T18:00Z,DE_LU,53252
2024-05-10T19:00Z,DE_LU,51275
2024-05-10T20:00Z,DE_LU,48530
2024-05-10T21:00Z,DE_LU,44830
2024-05-10T22:00Z,DE_LU,39855
2024-05-10T23:00Z,DE_LU,39056
2024-05-11T00:00Z,DE_LU,38591
2024-05-11T01:00Z,DE_LU,38329
2024-05-11T02:00Z,DE_LU,38777
2024-05-11T03:00Z,DE_LU,40248
2024-05-11T04:00Z,DE_LU,42870
2024-05-11T05:00Z,DE_LU,45338
2024-05-11T06:00Z,DE_LU,46824
2024-05-11T07:00Z,DE_LU,47551
2024-05-11T08:00Z,DE_LU,47922
2024-05-11T09:00Z,DE_LU,48314
2024-05-11T10:00Z,DE_LU,48218
2024-05-11T11:00Z,DE_LU,48033
2024-05-11T12:00Z,DE_LU,47603
2024-05-11T13:00Z,DE_LU,47076
2024-05-11T14:00Z,DE_LU,47009
2024-05-11T15:00Z,DE_LU,47147
2024-05-11T16:00Z,DE_LU,47041
2024-05-11T17:00Z,DE_LU,46361
2024-05-11T18:00Z,DE_LU,45423
2024-05-11T19:00Z,DE_LU,44717
2024-05-11T20:00Z,DE_LU,43173
2024-05-11T21:00Z,DE_LU,41300
2024-05-11T22:00Z,DE_LU,36163
2024-05-11T23:00Z,DE_LU,35336
2024-05-12T00:00Z,DE_LU,34815
2024-05-12T01:00Z,DE_LU,34519
2024-05-12T02:00Z,DE_LU,34935
2024-05-12T03:00Z,DE_LU,36135
2024-05-12T04:00Z,DE_LU,38469
2024-05-12T05:00Z,DE_LU,40859
2024-05-12T06:00Z,DE_LU,41932
2024-05-12T07:00Z,DE_LU,42690
2024-05-12T08:00Z,DE_LU,43123
2024-05-12T09:00Z,DE_LU,43679
2024-05-12T10:00Z,DE_LU,43728
2024-05-12T11:00Z,DE_LU,43586
2024-05-12T12:00Z,DE_LU,43119
2024-05-12T13:00Z,DE_LU,42883
2024-05-12T14:00Z,DE_LU,43071
2024-05-12T15:00Z,DE_LU,43105
2024-05-12T16:00Z,DE_LU,42959
2024-05-12T17:00Z,DE_LU,42093
2024-05-12T18:00Z,DE_LU,41304
2024-05-12T19:00Z,DE_LU,40338
2024-05-12T20:00Z,DE_LU,39007
2024-05-12T21:00Z,DE_LU,37386
2024-05-12T22:00Z,DE_LU,41527
2024-05-12T23:00Z,DE_LU,39814
2024-05-13T00:00Z,DE_LU,38886
2024-05-13T01:00Z,DE_LU,38678
2024-05-13T02:00Z,DE_LU,39352
2024-05-13T03:00Z,DE_LU,42234
2024-05-13T04:00Z,DE_LU,47088
2024-05-13T05:00Z,DE_LU,51852
2024-05-13T06:00Z,DE_LU,54580
2024-05-13T07:00Z,DE_LU,56397
2024-05-13T08:00Z,DE_LU,57302
2024-05-13T09:00Z,DE_LU,57598
2024-05-13T10:00Z,DE_LU,57224
2024-05-13T11:00Z,DE_LU,56502
2024-05-13T12:00Z,DE_LU,55751
2024-05-13T13:00Z,DE_LU,55564
2024-05-13T14:00Z,DE_LU,55540
2024-05-13T15:00Z,DE_LU,55642
2024-05-13T16:00Z,DE_LU,55461
2024-05-13T17:00Z,DE_LU,54271
2024-05-13T18:00Z,DE_LU,52775
2024-05-13T19:00Z,DE_LU,50835
2024-05-13T20:00Z,DE_LU,47913
2024-05-13T21:00Z,DE_LU,44554
2024-05-13T22:00Z,DE_LU,42103
2024-05-13T23:00Z,DE_LU,40715
2024-05-14T00:00Z,DE_LU,39668
2024-05-14T01:00Z,DE_LU,39411
2024-05-14T02:00Z,DE_LU,39840
2024-05-14T03:00Z,DE_LU,42970
2024-05-14T04:00Z,DE_LU,47805
2024-05-14T05:00Z,DE_LU,52577
2024-05-14T06:00Z,DE_LU,55604
2024-05-14T07:00Z,DE_LU,57059
2024-05-14T08:00Z,DE_LU,58145
2024-05-14T09:00Z,DE_LU,58197
2024-05-14T10:00Z,DE_LU,57859
2024-05-14T11:00Z,DE_LU,57120
2024-05-14T12:00Z,DE_LU,56640
2024-05-14T13:00Z,DE_LU,56586
2024-05-14T14:00Z,DE_LU,56202
2024-05-14T15:00Z,DE_LU,56602
2024-05-14T16:00Z,DE_LU,56537
2024-05-14T17:00Z,DE_LU,55267
2024-05-14T18:00Z,DE_LU,53384
2024-05-14T19:00Z,DE_LU,51662
2024-05-14T20:00Z,DE_LU,48907
2024-05-14T21:00Z,DE_LU,45415
2024-05-14T22:00Z,DE_LU,41888
2024-05-14T23:00Z,DE_LU,40140
2024-05-15T00:00Z,DE_LU,39131
2024-05-15T01:00Z,DE_LU,38850
2024-05-15T02:00Z,DE_LU,39401
2024-05-15T03:00Z,DE_LU,42394
2024-05-15T04:00Z,DE_LU,47439
2024-05-15T05:00Z,DE_LU,52451
2024-05-15T06:00Z,DE_LU,55289
2024-05-15T07:00Z,DE_LU,56523
2024-05-15T08:00Z,DE_LU,57373
2024-05-15T09:00Z,DE_LU,57566
2024-05-15T10:00Z,DE_LU,57543
2024-05-15T11:00Z,DE_LU,56710
2024-05-15T12:00Z,DE_LU,56315
2024-05-15T13:00Z,DE_LU,55539
2024-05-15T14:00Z,DE_LU,55651
2024-05-15T15:00Z,DE_LU,55828
2024-05-15T16:00Z,DE_LU,55854
2024-05-15T17:00Z,DE_LU,54502
2024-05-15T18:00Z,DE_LU,53157
2024-05-15T19:00Z,DE_LU,51296
2024-05-15T20:00Z,DE_LU,48681
2024-05-15T21:00Z,DE_LU,44970
2024-05-15T22:00Z,DE_LU,41773
2024-05-15T23:00Z,DE_LU,40094
2024-05-16T00:00Z,DE_LU,39136
2024-05-16T01:00Z,DE_LU,38872
2024-05-16T02:00Z,DE_LU,39288
2024-05-16T03:00Z,DE_LU,42275
2024-05-16T04:00Z,DE_LU,47001
2024-05-16T05:00Z,DE_LU,52032
2024-05-16T06:00Z,DE_LU,54498
2024-05-16T07:00Z,DE_LU,56160
2024-05-16T08:00Z,DE_LU,57125
2024-05-16T09:00Z,DE_LU,57431
2024-05-16T10:00Z,DE_LU,56822
2024-05-16T11:00Z,DE_LU,56268
2024-05-16T12:00Z,DE_LU,56053
2024-05-16T13:00Z,DE_LU,55641
2024-05-16T14:00Z,DE_LU,55500
2024-05-16T15:00Z,DE_LU,55895
2024-05-16T16:00Z,DE_LU,55670
2024-05-16T17:00Z,DE_LU,54575
2024-05-16T18:00Z,DE_LU,52939
2024-05-16T19:00Z,DE_LU,51062
2024-05-16T20:00Z,DE_LU,48220
2024-05-16T21:00Z,DE_LU,44708
2024-05-16T22:00Z,DE_LU,41784
2024-05-16T23:00Z,DE_LU,40301
2024-05-17T00:00Z,DE_LU,39086
2024-05-17T01:00Z,DE_LU,38605
2024-05-17T02:00Z,DE_LU,39212
2024-05-17T03:00Z,DE_LU,41943
2024-05-17T04:00Z,DE_LU,47028
2024-05-17T05:00Z,DE_LU,51654
2024-05-17T06:00Z,DE_LU,54772
2024-05-17T07:00Z,DE_LU,56338
2024-05-17T08:00Z,DE_LU,57096
2024-05-17T09:00Z,DE_LU,57159
2024-05-17T10:00Z,DE_LU,57122
2024-05-17T11:00Z,DE_LU,56793
2024-05-17T12:00Z,DE_LU,56180
2024-05-17T13:00Z,DE_LU,55730
2024-05-17T14:00Z,DE_LU,55668
2024-05-17T15:00Z,DE_LU,55952
2024-05-17T16:00Z,DE_LU,55917
2024-05-17T17:00Z,DE_LU,54762
2024-05-17T18:00Z,DE_LU,53279
2024-05-17T19:00Z,DE_LU,51507
2024-05-17T20:00Z,DE_LU,48587
2024-05-17T21:00Z,DE_LU,44862
2024-05-17T22:00Z,DE_LU,41107
2024-05-17T23:00Z,DE_LU,40194
2024-05-18T00:00Z,DE_LU,39621
2024-05-18T01:00Z,DE_LU,39205
2024-05-18T02:00Z,DE_LU,39717
2024-05-18T03:00Z,DE_LU,41321
2024-05-18T04:00Z,DE_LU,44039
2024-05-18T05:00Z,DE_LU,46738
2024-05-18T06:00Z,DE_LU,48486
2024-05-18T07:00Z,DE_LU,49213
2024-05-18T08:00Z,DE_LU,49767
2024-05-18T09:00Z,DE_LU,49565
2024-05-18T10:00Z,DE_LU,49474
2024-05-18T11:00Z,DE_LU,49315
2024-05-18T12:00Z,DE_LU,49043
2024-05-18T13:00Z,DE_LU,48628
2024-05-18T14:00Z,DE_LU,48701
2024-05-18T15:00Z,DE_LU,48782
2024-05-18T16:00Z,DE_LU,48726
2024-05-18T17:00Z,DE_LU,48074
2024-05-18T18:00Z,DE_LU,47268
2024-05-18T19:00Z,DE_LU,46198
2024-05-18T20:00Z,DE_LU,44747
2024-05-18T21:00Z,DE_LU,42764
2024-05-18T22:00Z,DE_LU,37333
2024-05-18T23:00Z,DE_LU,36634
2024-05-19T00:00Z,DE_LU,36322
2024-05-19T01:00Z,DE_LU,36008
2024-05-19T02:00Z,DE_LU,36366
2024-05-19T03:00Z,DE_LU,37562
2024-05-19T04:00Z,DE_LU,40092
2024-05-19T05:00Z,DE_LU,42567
2024-05-19T06:00Z,DE_LU,43956
2024-05-19T07:00Z,DE_LU,44721
2024-05-19T08:00Z,DE_LU,44767
2024-05-19T09:00Z,DE_LU,44759
2024-05-19T10:00Z,DE_LU,44909
2024-05-19T11:00Z,DE_LU,44552
2024-05-19T12:00Z,DE_LU,44337
2024-05-19T13:00Z,DE_LU,44187
2024-05-19T14:00Z,DE_LU,44228
2024-05-19T15:00Z,DE_LU,44361
2024-05-19T16:00Z,DE_LU,44248
2024-05-19T17:00Z,DE_LU,43687
2024-05-19T18:00Z,DE_LU,42987
2024-05-19T19:00Z,DE_LU,42104
2024-05-19T20:00Z,DE_LU,40671
2024-05-19T21:00Z,DE_LU,38860
2024-05-19T22:00Z,DE_LU,36941
2024-05-19T23:00Z,DE_LU,36221
2024-05-20T00:00Z,DE_LU,35709
2024-05-20T01:00Z,DE_LU,35607
2024-05-20T02:00Z,DE_LU,36008
2024-05-20T03:00Z,DE_LU,37375
2024-05-20T04:00Z,DE_LU,39995
2024-05-20T05:00Z,DE_LU,42529
2024-05-20T06:00Z,DE_LU,43697
2024-05-20T07:00Z,DE_LU,44513
2024-05-20T08:00Z,DE_LU,44722
2024-05-20T09:00Z,DE_LU,44709
2024-05-20T10:00Z,DE_LU,44414
2024-05-20T11:00Z,DE_LU,44170
2024-05-20T12:00Z,DE_LU,43893
2024-05-20T13:00Z,DE_LU,43571
2024-05-20T14:00Z,DE_LU,43797
2024-05-20T15:00Z,DE_LU,43952
2024-05-20T16:00Z,DE_LU,43837
2024-05-20T17:00Z,DE_LU,43090
2024-05-20T18:00Z,DE_LU,42405
2024-05-20T19:00Z,DE_LU,41601
2024-05-20T20:00Z,DE_LU,40044
2024-05-20T21:00Z,DE_LU,38322
2024-05-20T22:00Z,DE_LU,42270
2024-05-20T23:00Z,DE_LU,40609
2024-05-21T00:00Z,DE_LU,39472
2024-05-21T01:00Z,DE_LU,39094
2024-05-21T02:00Z,DE_LU,39941
2024-05-21T03:00Z,DE_LU,42962
2024-05-21T04:00Z,DE_LU,47903
2024-05-21T05:00Z,DE_LU,52745
2024-05-21T06:00Z,DE_LU,55863
2024-05-21T07:00Z,DE_LU,57344
2024-05-21T08:00Z,DE_LU,57948
2024-05-21T09:00Z,DE_LU,58395
2024-05-21T10:00Z,DE_LU,57913
2024-05-21T11:00Z,DE_LU,57609
2024-05-21T12:00Z,DE_LU,56950
2024-05-21T13:00Z,DE_LU,56497
2024-05-21T14:00Z,DE_LU,56774
2024-05-21T15:00Z,DE_LU,57095
2024-05-21T16:00Z,DE_LU,56525
2024-05-21T17:00Z,DE_LU,55374
2024-05-21T18:00Z,DE_LU,53959
2024-05-21T19:00Z,DE_LU,52095
2024-05-21T20:00Z,DE_LU,49397
2024-05-21T21:00Z,DE_LU,45651
2024-05-21T22:00Z,DE_LU,43436
2024-05-21T23:00Z,DE_LU,41757
2024-05-22T00:00Z,DE_LU,40741
2024-05-22T01:00Z,DE_LU,40287
2024-05-22T02:00Z,DE_LU,41204
2024-05-22T03:00Z,DE_LU,43950
2024-05-22T04:00Z,DE_LU,49083
2024-05-22T05:00Z,DE_LU,53991
2024-05-22T06:00Z,DE_LU,56487
2024-05-22T07:00Z,DE_LU,58385
2024-05-22T08:00Z,DE_LU,59254
2024-05-22T09:00Z,DE_LU,59392
2024-05-22T10:00Z,DE_LU,59184
2024-05-22T11:00Z,DE_LU,58709
2024-05-22T12:00Z,DE_LU,58410
2024-05-22T13:00Z,DE_LU,57850
2024-05-22T14:00Z,DE_LU,57538
2024-05-22T15:00Z,DE_LU,58009
2024-05-22T16:00Z,DE_LU,57696
2024-05-22T17:00Z,DE_LU,56390
2024-05-22T18:00Z,DE_LU,54884
2024-05-22T19:00Z,DE_LU,52942
2024-05-22T20:00Z,DE_LU,50216
2024-05-22T21:00Z,DE_LU,46550
2024-05-22T22:00Z,DE_LU,43028
2024-05-22T23:00Z,DE_LU,41312
2024-05-23T00:00Z,DE_LU,40311
2024-05-23T01:00Z,DE_LU,39886
2024-05-23T02:00Z,DE_LU,40415
2024-05-23T03:00Z,DE_LU,43438
2024-05-23T04:00Z,DE_LU,48455
2024-05-23T05:00Z,DE_LU,53344
2024-05-23T06:00Z,DE_LU,56334
2024-05-23T07:00Z,DE_LU,58290
2024-05-23T08:00Z,DE_LU,59354
2024-05-23T09:00Z,DE_LU,59481
2024-05-23T10:00Z,DE_LU,59583
2024-05-23T11:00Z,DE_LU,58983
2024-05-23T12:00Z,DE_LU,58390
2024-05-23T13:00Z,DE_LU,57957
2024-05-23T14:00Z,DE_LU,57625
2024-05-23T15:00Z,DE_LU,57800
2024-05-23T16:00Z,DE_LU,57561
2024-05-23T17:00Z,DE_LU,56138
2024-05-23T18:00Z,DE_LU,54730
2024-05-23T19:00Z,DE_LU,52785
2024-05-23T20:00Z,DE_LU,49902
2024-05-23T21:00Z,DE_LU,46115
2024-05-23T22:00Z,DE_LU,42418
2024-05-23T23:00Z,DE_LU,40799
2024-05-24T00:00Z,DE_LU,39962
2024-05-24T01:00Z,DE_LU,39516
2024-05-24T02:00Z,DE_LU,39819
2024-05-24T03:00Z,DE_LU,42737
2024-05-24T04:00Z,DE_LU,47805
2024-05-24T05:00Z,DE_LU,52899
2024-05-24T06:00Z,DE_LU,55545
2024-05-24T07:00Z,DE_LU,57460
2024-05-24T08:00Z,DE_LU,58458
2024-05-24T09:00Z,DE_LU,58681
2024-05-24T10:00Z,DE_LU,58669
2024-05-24T11:00Z,DE_LU,57974
2024-05-24T12:00Z,DE_LU,57586
2024-05-24T13:00Z,DE_LU,57183
2024-05-24T14:00Z,DE_LU,57202
2024-05-24T15:00Z,DE_LU,56981
2024-05-24T16:00Z,DE_LU,56370
2024-05-24T17:00Z,DE_LU,55304
2024-05-24T18:00Z,DE_LU,53773
2024-05-24T19:00Z,DE_LU,51810
2024-05-24T20:00Z,DE_LU,49209
2024-05-24T21:00Z,DE_LU,45498
2024-05-24T22:00Z,DE_LU,39967
2024-05-24T23:00Z,DE_LU,39046
2024-05-25T00:00Z,DE_LU,38590
2024-05-25T01:00Z,DE_LU,38251
2024-05-25T02:00Z,DE_LU,38815
2024-05-25T03:00Z,DE_LU,40054
2024-05-25T04:00Z,DE_LU,42532
2024-05-25T05:00Z,DE_LU,45115
2024-05-25T06:00Z,DE_LU,46505
2024-05-25T07:00Z,DE_LU,47359
2024-05-25T08:00Z,DE_LU,48003
2024-05-25T09:00Z,DE_LU,48097
2024-05-25T10:00Z,DE_LU,48083
2024-05-25T11:00Z,DE_LU,47726
2024-05-25T12:00Z,DE_LU,47416
2024-05-25T13:00Z,DE_LU,47202
2024-05-25T14:00Z,DE_LU,47093
2024-05-25T15:00Z,DE_LU,47442
2024-05-25T16:00Z,DE_LU,47157
2024-05-25T17:00Z,DE_LU,46682
2024-05-25T18:00Z,DE_LU,45843
2024-05-25T19:00Z,DE_LU,44796
2024-05-25T20:00Z,DE_LU,43279
2024-05-25T21:00Z,DE_LU,41443
2024-05-25T22:00Z,DE_LU,36595
2024-05-25T23:00Z,DE_LU,35738
2024-05-26T00:00Z,DE_LU,35213
2024-05-26T01:00Z,DE_LU,34955
2024-05-26T02:00Z,DE_LU,35312
2024-05-26T03:00Z,DE_LU,36723
2024-05-26T04:00Z,DE_LU,39236
2024-05-26T05:00Z,DE_LU,41352
2024-05-26T06:00Z,DE_LU,42733
2024-05-26T07:00Z,DE_LU,43749
2024-05-26T08:00Z,DE_LU,44079
2024-05-26T09:00Z,DE_LU,44155
2024-05-26T10:00Z,DE_LU,44092
2024-05-26T11:00Z,DE_LU,43866
2024-05-26T12:00Z,DE_LU,43756
2024-05-26T13:00Z,DE_LU,43473
2024-05-26T14:00Z,DE_LU,43290
2024-05-26T15:00Z,DE_LU,43308
2024-05-26T16:00Z,DE_LU,43144
2024-05-26T17:00Z,DE_LU,42566
2024-05-26T18:00Z,DE_LU,41778
2024-05-26T19:00Z,DE_LU,40929
2024-05-26T20:00Z,DE_LU,39908
2024-05-26T21:00Z,DE_LU,38107
2024-05-26T22:00Z,DE_LU,42192
2024-05-26T23:00Z,DE_LU,40509
2024-05-27T00:00Z,DE_LU,39485
2024-05-27T01:00Z,DE_LU,39014
2024-05-27T02:00Z,DE_LU,39413
2024-05-27T03:00Z,DE_LU,42275
2024-05-27T04:00Z,DE_LU,47165
2024-05-27T05:00Z,DE_LU,51831
2024-05-27T06:00Z,DE_LU,54928
2024-05-27T07:00Z,DE_LU,56656
2024-05-27T08:00Z,DE_LU,57525
2024-05-27T09:00Z,DE_LU,57944
2024-05-27T10:00Z,DE_LU,57830
2024-05-27T11:00Z,DE_LU,57376
2024-05-27T12:00Z,DE_LU,56777
2024-05-27T13:00Z,DE_LU,56487
2024-05-27T14:00Z,DE_LU,56562
2024-05-27T15:00Z,DE_LU,56764
2024-05-27T16:00Z,DE_LU,56333
2024-05-27T17:00Z,DE_LU,54889
2024-05-27T18:00Z,DE_LU,53265
2024-05-27T19:00Z,DE_LU,51571
2024-05-27T20:00Z,DE_LU,48884
2024-05-27T21:00Z,DE_LU,45098
2024-05-27T22:00Z,DE_LU,42010
2024-05-27T23:00Z,DE_LU,40536
2024-05-28T00:00Z,DE_LU,39271
2024-05-28T01:00Z,DE_LU,39300
2024-05-28T02:00Z,DE_LU,39849
2024-05-28T03:00Z,DE_LU,42485
2024-05-28T04:00Z,DE_LU,47755
2024-05-28T05:00Z,DE_LU,52170
2024-05-28T06:00Z,DE_LU,54958
2024-05-28T07:00Z,DE_LU,56486
2024-05-28T08:00Z,DE_LU,57408
2024-05-28T09:00Z,DE_LU,57814
2024-05-28T10:00Z,DE_LU,57654
2024-05-28T11:00Z,DE_LU,57050
2024-05-28T12:00Z,DE_LU,56225
2024-05-28T13:00Z,DE_LU,55813
2024-05-28T14:00Z,DE_LU,55929
2024-05-28T15:00Z,DE_LU,56207
2024-05-28T16:00Z,DE_LU,55782
2024-05-28T17:00Z,DE_LU,54811
2024-05-28T18:00Z,DE_LU,53384
2024-05-28T19:00Z,DE_LU,51443
2024-05-28T20:00Z,DE_LU,48856
2024-05-28T21:00Z,DE_LU,45500
2024-05-28T22:00Z,DE_LU,42450
2024-05-28T23:00Z,DE_LU,40862
2024-05-29T00:00Z,DE_LU,39820
2024-05-29T01:00Z,DE_LU,39403
2024-05-29T02:00Z,DE_LU,39984
2024-05-29T03:00Z,DE_LU,42819
2024-05-29T04:00Z,DE_LU,47726
2024-05-29T05:00Z,DE_LU,52483
2024-05-29T06:00Z,DE_LU,55444
2024-05-29T07:00Z,DE_LU,56999
2024-05-29T08:00Z,DE_LU,57761
2024-05-29T09:00Z,DE_LU,58081
2024-05-29T10:00Z,DE_LU,57645
2024-05-29T11:00Z,DE_LU,57324
2024-05-29T12:00Z,DE_LU,56582
2024-05-29T13:00Z,DE_LU,56171
2024-05-29T14:00Z,DE_LU,55894
2024-05-29T15:00Z,DE_LU,56008
2024-05-29T16:00Z,DE_LU,55553
2024-05-29T17:00Z,DE_LU,54414
2024-05-29T18:00Z,DE_LU,53478
2024-05-29T19:00Z,DE_LU,51780
2024-05-29T20:00Z,DE_LU,49177
2024-05-29T21:00Z,DE_LU,45412
2024-05-29T22:00Z,DE_LU,42673
2024-05-29T23:00Z,DE_LU,40899
2024-05-30T00:00Z,DE_LU,39946
2024-05-30T01:00Z,DE_LU,39508
2024-05-30T02:00Z,DE_LU,40154
2024-05-30T03:00Z,DE_LU,42796
2024-05-30T04:00Z,DE_LU,47633
2024-05-30T05:00Z,DE_LU,52442
2024-05-30T06:00Z,DE_LU,55241
2024-05-30T07:00Z,DE_LU,56824
2024-05-30T08:00Z,DE_LU,58024
2024-05-30T09:00Z,DE_LU,58648
2024-05-30T10:00Z,DE_LU,58450
2024-05-30T11:00Z,DE_LU,57839
2024-05-30T12:00Z,DE_LU,57630
2024-05-30T13:00Z,DE_LU,57512
2024-05-30T14:00Z,DE_LU,57069
2024-05-30T15:00Z,DE_LU,57146
2024-05-30T16:00Z,DE_LU,56723
2024-05-30T17:00Z,DE_LU,55367
2024-05-30T18:00Z,DE_LU,53779
2024-05-30T19:00Z,DE_LU,52081
2024-05-30T20:00Z,DE_LU,49077
2024-05-30T21:00Z,DE_LU,45539
2024-05-30T22:00Z,DE_LU,43225
2024-05-30T23:00Z,DE_LU,41684
2024-05-31T00:00Z,DE_LU,40445
2024-05-31T01:00Z,DE_LU,40044
2024-05-31T02:00Z,DE_LU,40555
2024-05-31T03:00Z,DE_LU,43232
2024-05-31T04:00Z,DE_LU,48273
2024-05-31T05:00Z,DE_LU,53195
2024-05-31T06:00Z,DE_LU,56217
2024-05-31T07:00Z,DE_LU,57927
2024-05-31T08:00Z,DE_LU,59130
2024-05-31T09:00Z,DE_LU,59390
2024-05-31T10:00Z,DE_LU,59336
2024-05-31T11:00Z,DE_LU,59234
2024-05-31T12:00Z,DE_LU,58668
2024-05-31T13:00Z,DE_LU,58064
2024-05-31T14:00Z,DE_LU,57893
2024-05-31T15:00Z,DE_LU,57853
2024-05-31T16:00Z,DE_LU,57542
2024-05-31T17:00Z,DE_LU,56449
2024-05-31T18:00Z,DE_LU,55067
2024-05-31T19:00Z,DE_LU,53355
2024-05-31T20:00Z,DE_LU,50577
2024-05-31T21:00Z,DE_LU,46525
2024-05-31T22:00Z,DE_LU,39815
2024-05-31T23:00Z,DE_LU,39038
2024-06-01T00:00Z,DE_LU,38214
2024-06-01T01:00Z,DE_LU,37960
2024-06-01T02:00Z,DE_LU,38596
2024-06-01T03:00Z,DE_LU,40155
2024-06-01T04:00Z,DE_LU,42717
2024-06-01T05:00Z,DE_LU,45303
2024-06-01T06:00Z,DE_LU,46650
2024-06-01T07:00Z,DE_LU,47590
2024-06-01T08:00Z,DE_LU,48058
2024-06-01T09:00Z,DE_LU,48197
2024-06-01T10:00Z,DE_LU,48265
2024-06-01T11:00Z,DE_LU,47998
2024-06-01T12:00Z,DE_LU,48114
2024-06-01T13:00Z,DE_LU,48036
2024-06-01T14:00Z,DE_LU,47762
2024-06-01T15:00Z,DE_LU,47755
2024-06-01T16:00Z,DE_LU,47496
2024-06-01T17:00Z,DE_LU,46929
2024-06-01T18:00Z,DE_LU,46332
2024-06-01T19:00Z,DE_LU,45337
2024-06-01T20:00Z,DE_LU,43849
2024-06-01T21:00Z,DE_LU,41942
2024-06-01T22:00Z,DE_LU,36438
2024-06-01T23:00Z,DE_LU,35763
2024-06-02T00:00Z,DE_LU,35070
2024-06-02T01:00Z,DE_LU,34789
2024-06-02T02:00Z,DE_LU,35023
2024-06-02T03:00Z,DE_LU,36299
2024-06-02T04:00Z,DE_LU,38510
2024-06-02T05:00Z,DE_LU,40624
2024-06-02T06:00Z,DE_LU,42088
2024-06-02T07:00Z,DE_LU,42894
2024-06-02T08:00Z,DE_LU,43388
2024-06-02T09:00Z,DE_LU,43656
2024-06-02T10:00Z,DE_LU,43880
2024-06-02T11:00Z,DE_LU,43685
2024-06-02T12:00Z,DE_LU,43288
2024-06-02T13:00Z,DE_LU,43266
2024-06-02T14:00Z,DE_LU,43095
2024-06-02T15:00Z,DE_LU,43060
2024-06-02T16:00Z,DE_LU,42943
2024-06-02T17:00Z,DE_LU,42422
2024-06-02T18:00Z,DE_LU,41469
2024-06-02T19:00Z,DE_LU,40575
2024-06-02T20:00Z,DE_LU,39305
2024-06-02T21:00Z,DE_LU,37613
2024-06-02T22:00Z,DE_LU,41890
2024-06-02T23:00Z,DE_LU,40622
2024-06-03T00:00Z,DE_LU,39542
2024-06-03T01:00Z,DE_LU,39118
2024-06-03T02:00Z,DE_LU,39677
2024-06-03T03:00Z,DE_LU,42444
2024-06-03T04:00Z,DE_LU,47235
2024-06-03T05:00Z,DE_LU,51795
2024-06-03T06:00Z,DE_LU,54903
2024-06-03T07:00Z,DE_LU,56777
2024-06-03T08:00Z,DE_LU,57719
2024-06-03T09:00Z,DE_LU,58265
2024-06-03T10:00Z,DE_LU,58121
2024-06-03T11:00Z,DE_LU,57500
2024-06-03T12:00Z,DE_LU,56833
2024-06-03T13:00Z,DE_LU,55944
2024-06-03T14:00Z,DE_LU,55567
2024-06-03T15:00Z,DE_LU,55703
2024-06-03T16:00Z,DE_LU,55239
2024-06-03T17:00Z,DE_LU,53870
2024-06-03T18:00Z,DE_LU,52567
2024-06-03T19:00Z,DE_LU,50964
2024-06-03T20:00Z,DE_LU,48173
2024-06-03T21:00Z,DE_LU,44674
2024-06-03T22:00Z,DE_LU,41968
2024-06-03T23:00Z,DE_LU,40238
2024-06-04T00:00Z,DE_LU,39282
2024-06-04T01:00Z,DE_LU,38858
2024-06-04T02:00Z,DE_LU,39436
2024-06-04T03:00Z,DE_LU,42255
2024-06-04T04:00Z,DE_LU,47237
2024-06-04T05:00Z,DE_LU,51860
2024-06-04T06:00Z,DE_LU,54555
2024-06-04T07:00Z,DE_LU,56684
2024-06-04T08:00Z,DE_LU,57731
2024-06-04T09:00Z,DE_LU,58198
2024-06-04T10:00Z,DE_LU,57630
2024-06-04T11:00Z,DE_LU,57090
2024-06-04T12:00Z,DE_LU,56626
2024-06-04T13:00Z,DE_LU,56181
2024-06-04T14:00Z,DE_LU,56045
2024-06-04T15:00Z,DE_LU,56312
2024-06-04T16:00Z,DE_LU,55819
2024-06-04T17:00Z,DE_LU,54705
2024-06-04T18:00Z,DE_LU,53297
2024-06-04T19:00Z,DE_LU,51456
2024-06-04T20:00Z,DE_LU,48749
2024-06-04T21:00Z,DE_LU,45075
2024-06-04T22:00Z,DE_LU,41931
2024-06-04T23:00Z,DE_LU,40404
2024-06-05T00:00Z,DE_LU,39361
2024-06-05T01:00Z,DE_LU,38781
2024-06-05T02:00Z,DE_LU,39568
2024-06-05T03:00Z,DE_LU,42324
2024-06-05T04:00Z,DE_LU,47110
2024-06-05T05:00Z,DE_LU,51630
2024-06-05T06:00Z,DE_LU,54855
2024-06-05T07:00Z,DE_LU,56538
2024-06-05T08:00Z,DE_LU,57550
2024-06-05T09:00Z,DE_LU,57753
2024-06-05T10:00Z,DE_LU,57890
2024-06-05T11:00Z,DE_LU,57043
2024-06-05T12:00Z,DE_LU,56283
2024-06-05T13:00Z,DE_LU,55884
2024-06-05T14:00Z,DE_LU,55980
2024-06-05T15:00Z,DE_LU,55693
2024-06-05T16:00Z,DE_LU,55440
2024-06-05T17:00Z,DE_LU,54489
2024-06-05T18:00Z,DE_LU,53192
2024-06-05T19:00Z,DE_LU,51405
2024-06-05T20:00Z,DE_LU,48777
2024-06-05T21:00Z,DE_LU,45397
2024-06-05T22:00Z,DE_LU,42174
2024-06-05T23:00Z,DE_LU,40724
2024-06-06T00:00Z,DE_LU,39642
2024-06-06T01:00Z,DE_LU,39201
2024-06-06T02:00Z,DE_LU,39755
2024-06-06T03:00Z,DE_LU,42560
2024-06-06T04:00Z,DE_LU,47396
2024-06-06T05:00Z,DE_LU,51871
2024-06-06T06:00Z,DE_LU,54694
2024-06-06T07:00Z,DE_LU,56361
2024-06-06T08:00Z,DE_LU,57372
2024-06-06T09:00Z,DE_LU,57749
2024-06-06T10:00Z,DE_LU,57284
2024-06-06T11:00Z,DE_LU,57094
2024-06-06T12:00Z,DE_LU,56655
2024-06-06T13:00Z,DE_LU,56515
2024-06-06T14:00Z,DE_LU,55950
2024-06-06T15:00Z,DE_LU,55806
2024-06-06T16:00Z,DE_LU,55143
2024-06-06T17:00Z,DE_LU,54016
2024-06-06T18:00Z,DE_LU,52809
2024-06-06T19:00Z,DE_LU,50978
2024-06-06T20:00Z,DE_LU,48411
2024-06-06T21:00Z,DE_LU,44748
2024-06-06T22:00Z,DE_LU,41962
2024-06-06T23:00Z,DE_LU,40427
2024-06-07T00:00Z,DE_LU,39270
2024-06-07T01:00Z,DE_LU,38829
2024-06-07T02:00Z,DE_LU,39369
2024-06-07T03:00Z,DE_LU,41963
2024-06-07T04:00Z,DE_LU,46563
2024-06-07T05:00Z,DE_LU,51367
2024-06-07T06:00Z,DE_LU,54336
2024-06-07T07:00Z,DE_LU,56149
2024-06-07T08:00Z,DE_LU,57276
2024-06-07T09:00Z,DE_LU,57522
2024-06-07T10:00Z,DE_LU,57651
2024-06-07T11:00Z,DE_LU,57204
2024-06-07T12:00Z,DE_LU,56965
2024-06-07T13:00Z,DE_LU,56263
2024-06-07T14:00Z,DE_LU,55598
2024-06-07T15:00Z,DE_LU,55677
2024-06-07T16:00Z,DE_LU,55342
2024-06-07T17:00Z,DE_LU,54157
2024-06-07T18:00Z,DE_LU,52671
2024-06-07T19:00Z,DE_LU,51057
2024-06-07T20:00Z,DE_LU,48213
2024-06-07T21:00Z,DE_LU,44789
2024-06-07T22:00Z,DE_LU,39492
2024-06-07T23:00Z,DE_LU,38731
2024-06-08T00:00Z,DE_LU,38430
2024-06-08T01:00Z,DE_LU,38189
2024-06-08T02:00Z,DE_LU,38348
2024-06-08T03:00Z,DE_LU,39716
2024-06-08T04:00Z,DE_LU,42255
2024-06-08T05:00Z,DE_LU,44794
2024-06-08T06:00Z,DE_LU,46149
2024-06-08T07:00Z,DE_LU,47242
2024-06-08T08:00Z,DE_LU,47761
2024-06-08T09:00Z,DE_LU,48018
2024-06-08T10:00Z,DE_LU,48151
2024-06-08T11:00Z,DE_LU,47797
2024-06-08T12:00Z,DE_LU,47552
2024-06-08T13:00Z,DE_LU,47453
2024-06-08T14:00Z,DE_LU,47294
2024-06-08T15:00Z,DE_LU,47172
2024-06-08T16:00Z,DE_LU,47059
2024-06-08T17:00Z,DE_LU,46388
2024-06-08T18:00Z,DE_LU,45777
2024-06-08T19:00Z,DE_LU,44992
2024-06-08T20:00Z,DE_LU,43901
2024-06-08T21:00Z,DE_LU,41926
2024-06-08T22:00Z,DE_LU,36919
2024-06-08T23:00Z,DE_LU,36209
2024-06-09T00:00Z,DE_LU,35464
2024-06-09T01:00Z,DE_LU,35379
2024-06-09T02:00Z,DE_LU,35565
2024-06-09T03:00Z,DE_LU,36849
2024-06-09T04:00Z,DE_LU,39331
2024-06-09T05:00Z,DE_LU,41524
2024-06-09T06:00Z,DE_LU,42767
2024-06-09T07:00Z,DE_LU,43645
2024-06-09T08:00Z,DE_LU,44047
2024-06-09T09:00Z,DE_LU,44224
2024-06-09T10:00Z,DE_LU,44027
2024-06-09T11:00Z,DE_LU,43993
2024-06-09T12:00Z,DE_LU,43617
2024-06-09T13:00Z,DE_LU,43172
2024-06-09T14:00Z,DE_LU,43077
2024-06-09T15:00Z,DE_LU,43133
2024-06-09T16:00Z,DE_LU,42888
2024-06-09T17:00Z,DE_LU,42450
2024-06-09T18:00Z,DE_LU,41961
2024-06-09T19:00Z,DE_LU,41289
2024-06-09T20:00Z,DE_LU,39910
2024-06-09T21:00Z,DE_LU,38184
2024-06-09T22:00Z,DE_LU,41926
2024-06-09T23:00Z,DE_LU,40307
2024-06-10T00:00Z,DE_LU,39260
2024-06-10T01:00Z,DE_LU,38678
2024-06-10T02:00Z,DE_LU,39126
2024-06-10T03:00Z,DE_LU,41905
2024-06-10T04:00Z,DE_LU,46639
2024-06-10T05:00Z,DE_LU,51354
2024-06-10T06:00Z,DE_LU,54338
2024-06-10T07:00Z,DE_LU,56128
2024-06-10T08:00Z,DE_LU,57317
2024-06-10T09:00Z,DE_LU,57685
2024-06-10T10:00Z,DE_LU,57695
2024-06-10T11:00Z,DE_LU,57022
2024-06-10T12:00Z,DE_LU,56267
2024-06-10T13:00Z,DE_LU,56172
2024-06-10T14:00Z,DE_LU,55632
2024-06-10T15:00Z,DE_LU,55466
2024-06-10T16:00Z,DE_LU,55253
2024-06-10T17:00Z,DE_LU,54043
2024-06-10T18:00Z,DE_LU,52721
2024-06-10T19:00Z,DE_LU,51055
2024-06-10T20:00Z,DE_LU,48886
2024-06-10T21:00Z,DE_LU,45225
2024-06-10T22:00Z,DE_LU,42141
2024-06-10T23:00Z,DE_LU,40548
2024-06-11T00:00Z,DE_LU,39531
2024-06-11T01:00Z,DE_LU,38993
2024-06-11T02:00Z,DE_LU,39673
2024-06-11T03:00Z,DE_LU,42106
2024-06-11T04:00Z,DE_LU,47103
2024-06-11T05:00Z,DE_LU,51743
2024-06-11T06:00Z,DE_LU,54541
2024-06-11T07:00Z,DE_LU,56392
2024-06-11T08:00Z,DE_LU,57316
2024-06-11T09:00Z,DE_LU,57540
2024-06-11T10:00Z,DE_LU,57711
2024-06-11T11:00Z,DE_LU,57137
2024-06-11T12:00Z,DE_LU,56521
2024-06-11T13:00Z,DE_LU,56121
2024-06-11T14:00Z,DE_LU,55694
2024-06-11T15:00Z,DE_LU,55246
2024-06-11T16:00Z,DE_LU,55122
2024-06-11T17:00Z,DE_LU,54107
2024-06-11T18:00Z,DE_LU,53115
2024-06-11T19:00Z,DE_LU,51235
2024-06-11T20:00Z,DE_LU,48590
2024-06-11T21:00Z,DE_LU,45063
2024-06-11T22:00Z,DE_LU,41958
2024-06-11T23:00Z,DE_LU,40187
2024-06-12T00:00Z,DE_LU,39299
2024-06-12T01:00Z,DE_LU,38931
2024-06-12T02:00Z,DE_LU,39566
2024-06-12T03:00Z,DE_LU,42044
2024-06-12T04:00Z,DE_LU,46507
2024-06-12T05:00Z,DE_LU,50940
2024-06-12T06:00Z,DE_LU,54025
2024-06-12T07:00Z,DE_LU,55887
2024-06-12T08:00Z,DE_LU,57096
2024-06-12T09:00Z,DE_LU,57431
2024-06-12T10:00Z,DE_LU,57384
2024-06-12T11:00Z,DE_LU,56715
2024-06-12T12:00Z,DE_LU,56724
2024-06-12T13:00Z,DE_LU,55982
2024-06-12T14:00Z,DE_LU,55465
2024-06-12T15:00Z,DE_LU,55237
2024-06-12T16:00Z,DE_LU,54930
2024-06-12T17:00Z,DE_LU,54072
2024-06-12T18:00Z,DE_LU,52726
2024-06-12T19:00Z,DE_LU,51264
2024-06-12T20:00Z,DE_LU,48732
2024-06-12T21:00Z,DE_LU,45194
2024-06-12T22:00Z,DE_LU,41899
2024-06-12T23:00Z,DE_LU,40514
2024-06-13T00:00Z,DE_LU,39409
2024-06-13T01:00Z,DE_LU,39046
2024-06-13T02:00Z,DE_LU,39682
2024-06-13T03:00Z,DE_LU,42429
2024-06-13T04:00Z,DE_LU,46798
2024-06-13T05:00Z,DE_LU,51327
2024-06-13T06:00Z,DE_LU,54384
2024-06-13T07:00Z,DE_LU,56500
2024-06-13T08:00Z,DE_LU,57204
2024-06-13T09:00Z,DE_LU,57716
2024-06-13T10:00Z,DE_LU,57252
2024-06-13T11:00Z,DE_LU,56902
2024-06-13T12:00Z,DE_LU,56653
2024-06-13T13:00Z,DE_LU,56285
2024-06-13T14:00Z,DE_LU,55889
2024-06-13T15:00Z,DE_LU,55951
2024-06-13T16:00Z,DE_LU,55348
2024-06-13T17:00Z,DE_LU,54301
2024-06-13T18:00Z,DE_LU,53093
2024-06-13T19:00Z,DE_LU,51335
2024-06-13T20:00Z,DE_LU,48838
2024-06-13T21:00Z,DE_LU,45334
2024-06-13T22:00Z,DE_LU,42120
2024-06-13T23:00Z,DE_LU,40433
2024-06-14T00:00Z,DE_LU,39551
2024-06-14T01:00Z,DE_LU,38911
2024-06-14T02:00Z,DE_LU,39413
2024-06-14T03:00Z,DE_LU,41882
2024-06-14T04:00Z,DE_LU,46690
2024-06-14T05:00Z,DE_LU,51533
2024-06-14T06:00Z,DE_LU,54429
2024-06-14T07:00Z,DE_LU,56394
2024-06-14T08:00Z,DE_LU,57842
2024-06-14T09:00Z,DE_LU,58097
2024-06-14T10:00Z,DE_LU,57991
2024-06-14T11:00Z,DE_LU,57736
2024-06-14T12:00Z,DE_LU,57163
2024-06-14T13:00Z,DE_LU,56801
2024-06-14T14:00Z,DE_LU,56225
2024-06-14T15:00Z,DE_LU,55922
2024-06-14T16:00Z,DE_LU,55256
2024-06-14T17:00Z,DE_LU,53950
2024-06-14T18:00Z,DE_LU,52719
2024-06-14T19:00Z,DE_LU,50987
2024-06-14T20:00Z,DE_LU,48395
2024-06-14T21:00Z,DE_LU,44920
2024-06-14T22:00Z,DE_LU,39712
2024-06-14T23:00Z,DE_LU,38895
2024-06-15T00:00Z,DE_LU,38420
2024-06-15T01:00Z,DE_LU,38184
2024-06-15T02:00Z,DE_LU,38455
2024-06-15T03:00Z,DE_LU,39900
2024-06-15T04:00Z,DE_LU,42268
2024-06-15T05:00Z,DE_LU,44752
2024-06-15T06:00Z,DE_LU,46256
2024-06-15T07:00Z,DE_LU,47266
2024-06-15T08:00Z,DE_LU,47708
2024-06-15T09:00Z,DE_LU,47978
2024-06-15T10:00Z,DE_LU,48135
2024-06-15T11:00Z,DE_LU,47989
2024-06-15T12:00Z,DE_LU,47996
2024-06-15T13:00Z,DE_LU,47552
2024-06-15T14:00Z,DE_LU,47654
2024-06-15T15:00Z,DE_LU,47323
2024-06-15T16:00Z,DE_LU,47105
2024-06-15T17:00Z,DE_LU,46454
2024-06-15T18:00Z,DE_LU,45445
2024-06-15T19:00Z,DE_LU,44668
2024-06-15T20:00Z,DE_LU,43064
2024-06-15T21:00Z,DE_LU,41210
2024-06-15T22:00Z,DE_LU,35934
2024-06-15T23:00Z,DE_LU,35055
2024-06-16T00:00Z,DE_LU,34680
2024-06-16T01:00Z,DE_LU,34618
2024-06-16T02:00Z,DE_LU,34918
2024-06-16T03:00Z,DE_LU,36196
2024-06-16T04:00Z,DE_LU,38497
2024-06-16T05:00Z,DE_LU,40728
2024-06-16T06:00Z,DE_LU,41975
2024-06-16T07:00Z,DE_LU,43078
2024-06-16T08:00Z,DE_LU,43509
2024-06-16T09:00Z,DE_LU,43765
2024-06-16T10:00Z,DE_LU,43958
2024-06-16T11:00Z,DE_LU,43857
2024-06-16T12:00Z,DE_LU,43434
2024-06-16T13:00Z,DE_LU,42828
2024-06-16T14:00Z,DE_LU,42684
2024-06-16T15:00Z,DE_LU,42582
2024-06-16T16:00Z,DE_LU,42458
2024-06-16T17:00Z,DE_LU,42051
2024-06-16T18:00Z,DE_LU,41472
2024-06-16T19:00Z,DE_LU,40798
2024-06-16T20:00Z,DE_LU,39560
2024-06-16T21:00Z,DE_LU,37728
2024-06-16T22:00Z,DE_LU,41992
2024-06-16T23:00Z,DE_LU,40493
2024-06-17T00:00Z,DE_LU,39464
2024-06-17T01:00Z,DE_LU,38872
2024-06-17T02:00Z,DE_LU,39299
2024-06-17T03:00Z,DE_LU,41763
2024-06-17T04:00Z,DE_LU,46500
2024-06-17T05:00Z,DE_LU,51328
2024-06-17T06:00Z,DE_LU,54181
2024-06-17T07:00Z,DE_LU,56031
2024-06-17T08:00Z,DE_LU,57105
2024-06-17T09:00Z,DE_LU,57764
2024-06-17T10:00Z,DE_LU,57525
2024-06-17T11:00Z,DE_LU,57232
2024-06-17T12:00Z,DE_LU,56650
2024-06-17T13:00Z,DE_LU,56234
2024-06-17T14:00Z,DE_LU,55599
2024-06-17T15:00Z,DE_LU,55495
2024-06-17T16:00Z,DE_LU,54687
2024-06-17T17:00Z,DE_LU,53756
2024-06-17T18:00Z,DE_LU,52594
2024-06-17T19:00Z,DE_LU,50924
2024-06-17T20:00Z,DE_LU,48170
2024-06-17T21:00Z,DE_LU,44837
2024-06-17T22:00Z,DE_LU,41810
2024-06-17T23:00Z,DE_LU,40243
2024-06-18T00:00Z,DE_LU,39150
2024-06-18T01:00Z,DE_LU,38845
2024-06-18T02:00Z,DE_LU,39583
2024-06-18T03:00Z,DE_LU,42156
2024-06-18T04:00Z,DE_LU,46929
2024-06-18T05:00Z,DE_LU,51347
2024-06-18T06:00Z,DE_LU,54237
2024-06-18T07:00Z,DE_LU,56478
2024-06-18T08:00Z,DE_LU,57755
2024-06-18T09:00Z,DE_LU,57952
2024-06-18T10:00Z,DE_LU,57802
2024-06-18T11:00Z,DE_LU,57352
2024-06-18T12:00Z,DE_LU,56843
2024-06-18T13:00Z,DE_LU,56092
2024-06-18T14:00Z,DE_LU,55695
2024-06-18T15:00Z,DE_LU,55451
2024-06-18T16:00Z,DE_LU,55328
2024-06-18T17:00Z,DE_LU,54241
2024-06-18T18:00Z,DE_LU,52901
2024-06-18T19:00Z,DE_LU,51426
2024-06-18T20:00Z,DE_LU,48975
2024-06-18T21:00Z,DE_LU,45208
2024-06-18T22:00Z,DE_LU,42098
2024-06-18T23:00Z,DE_LU,40552
2024-06-19T00:00Z,DE_LU,39443
2024-06-19T01:00Z,DE_LU,38917
2024-06-19T02:00Z,DE_LU,39389
2024-06-19T03:00Z,DE_LU,41956
2024-06-19T04:00Z,DE_LU,46922
2024-06-19T05:00Z,DE_LU,51679
2024-06-19T06:00Z,DE_LU,54851
2024-06-19T07:00Z,DE_LU,56737
2024-06-19T08:00Z,DE_LU,57463
2024-06-19T09:00Z,DE_LU,57737
2024-06-19T10:00Z,DE_LU,57623
2024-06-19T11:00Z,DE_LU,57075
2024-06-19T12:00Z,DE_LU,56770
2024-06-19T13:00Z,DE_LU,56045
2024-06-19T14:00Z,DE_LU,55557
2024-06-19T15:00Z,DE_LU,55115
2024-06-19T16:00Z,DE_LU,54845
2024-06-19T17:00Z,DE_LU,53962
2024-06-19T18:00Z,DE_LU,52679
2024-06-19T19:00Z,DE_LU,51432
2024-06-19T20:00Z,DE_LU,48935
2024-06-19T21:00Z,DE_LU,45315
2024-06-19T22:00Z,DE_LU,42016
2024-06-19T23:00Z,DE_LU,40447
2024-06-20T00:00Z,DE_LU,39488
2024-06-20T01:00Z,DE_LU,39084
2024-06-20T02:00Z,DE_LU,39871
2024-06-20T03:00Z,DE_LU,42355
2024-06-20T04:00Z,DE_LU,46794
2024-06-20T05:00Z,DE_LU,51228
2024-06-20T06:00Z,DE_LU,54321
2024-06-20T07:00Z,DE_LU,56371
2024-06-20T08:00Z,DE_LU,57295
2024-06-20T09:00Z,DE_LU,57716
2024-06-20T10:00Z,DE_LU,57309
2024-06-20T11:00Z,DE_LU,56781
2024-06-20T12:00Z,DE_LU,56172
2024-06-20T13:00Z,DE_LU,55916
2024-06-20T14:00Z,DE_LU,55481
2024-06-20T15:00Z,DE_LU,55246
2024-06-20T16:00Z,DE_LU,55000
2024-06-20T17:00Z,DE_LU,53641
2024-06-20T18:00Z,DE_LU,52869
2024-06-20T19:00Z,DE_LU,51285
2024-06-20T20:00Z,DE_LU,48709
2024-06-20T21:00Z,DE_LU,45159
2024-06-20T22:00Z,DE_LU,42205
2024-06-20T23:00Z,DE_LU,40662
2024-06-21T00:00Z,DE_LU,39697
2024-06-21T01:00Z,DE_LU,38872
2024-06-21T02:00Z,DE_LU,39181
2024-06-21T03:00Z,DE_LU,41675
2024-06-21T04:00Z,DE_LU,46117
2024-06-21T05:00Z,DE_LU,50957
2024-06-21T06:00Z,DE_LU,53930
2024-06-21T07:00Z,DE_LU,56022
2024-06-21T08:00Z,DE_LU,57001
2024-06-21T09:00Z,DE_LU,57648
2024-06-21T10:00Z,DE_LU,57772
2024-06-21T11:00Z,DE_LU,57115
2024-06-21T12:00Z,DE_LU,56729
2024-06-21T13:00Z,DE_LU,56339
2024-06-21T14:00Z,DE_LU,55811
2024-06-21T15:00Z,DE_LU,55275
2024-06-21T16:00Z,DE_LU,54871
2024-06-21T17:00Z,DE_LU,53965
2024-06-21T18:00Z,DE_LU,52685
2024-06-21T19:00Z,DE_LU,50932
2024-06-21T20:00Z,DE_LU,48379
2024-06-21T21:00Z,DE_LU,44798
2024-06-21T22:00Z,DE_LU,39850
2024-06-21T23:00Z,DE_LU,39011
2024-06-22T00:00Z,DE_LU,38455
2024-06-22T01:00Z,DE_LU,38202
2024-06-22T02:00Z,DE_LU,38323
2024-06-22T03:00Z,DE_LU,39712
2024-06-22T04:00Z,DE_LU,42514
2024-06-22T05:00Z,DE_LU,44959
2024-06-22T06:00Z,DE_LU,46708
2024-06-22T07:00Z,DE_LU,47600
2024-06-22T08:00Z,DE_LU,48153
2024-06-22T09:00Z,DE_LU,48513
2024-06-22T10:00Z,DE_LU,48206
2024-06-22T11:00Z,DE_LU,48075
2024-06-22T12:00Z,DE_LU,47701
2024-06-22T13:00Z,DE_LU,47569
2024-06-22T14:00Z,DE_LU,47362
2024-06-22T15:00Z,DE_LU,47292
2024-06-22T16:00Z,DE_LU,46797
2024-06-22T17:00Z,DE_LU,46238
2024-06-22T18:00Z,DE_LU,45506
2024-06-22T19:00Z,DE_LU,44562
2024-06-22T20:00Z,DE_LU,43247
2024-06-22T21:00Z,DE_LU,41401
2024-06-22T22:00Z,DE_LU,36133
2024-06-22T23:00Z,DE_LU,35463
2024-06-23T00:00Z,DE_LU,34937
2024-06-23T01:00Z,DE_LU,34579
2024-06-23T02:00Z,DE_LU,34856
2024-06-23T03:00Z,DE_LU,35837
2024-06-23T04:00Z,DE_LU,38242
2024-06-23T05:00Z,DE_LU,40437
2024-06-23T06:00Z,DE_LU,42001
2024-06-23T07:00Z,DE_LU,42994
2024-06-23T08:00Z,DE_LU,43611
2024-06-23T09:00Z,DE_LU,43876
2024-06-23T10:00Z,DE_LU,43771
2024-06-23T11:00Z,DE_LU,43472
2024-06-23T12:00Z,DE_LU,43172
2024-06-23T13:00Z,DE_LU,43254
2024-06-23T14:00Z,DE_LU,43025
2024-06-23T15:00Z,DE_LU,42840
2024-06-23T16:00Z,DE_LU,42629
2024-06-23T17:00Z,DE_LU,42331
2024-06-23T18:00Z,DE_LU,41861
2024-06-23T19:00Z,DE_LU,41222
2024-06-23T20:00Z,DE_LU,39888
2024-06-23T21:00Z,DE_LU,38096
2024-06-23T22:00Z,DE_LU,42177
2024-06-23T23:00Z,DE_LU,40606
2024-06-24T00:00Z,DE_LU,39441
2024-06-24T01:00Z,DE_LU,39003
2024-06-24T02:00Z,DE_LU,39350
2024-06-24T03:00Z,DE_LU,41852
2024-06-24T04:00Z,DE_LU,46624
2024-06-24T05:00Z,DE_LU,51057
2024-06-24T06:00Z,DE_LU,54010
2024-06-24T07:00Z,DE_LU,56029
2024-06-24T08:00Z,DE_LU,57219
2024-06-24T09:00Z,DE_LU,58182
2024-06-24T10:00Z,DE_LU,58119
2024-06-24T11:00Z,DE_LU,57485
2024-06-24T12:00Z,DE_LU,56984
2024-06-24T13:00Z,DE_LU,56423
2024-06-24T14:00Z,DE_LU,56017
2024-06-24T15:00Z,DE_LU,55656
2024-06-24T16:00Z,DE_LU,55115
2024-06-24T17:00Z,DE_LU,54016
2024-06-24T18:00Z,DE_LU,52904
2024-06-24T19:00Z,DE_LU,51500
2024-06-24T20:00Z,DE_LU,48844
2024-06-24T21:00Z,DE_LU,45396
2024-06-24T22:00Z,DE_LU,42311
2024-06-24T23:00Z,DE_LU,40863
2024-06-25T00:00Z,DE_LU,39659
2024-06-25T01:00Z,DE_LU,39165
2024-06-25T02:00Z,DE_LU,39436
2024-06-25T03:00Z,DE_LU,42140
2024-06-25T04:00Z,DE_LU,46885
2024-06-25T05:00Z,DE_LU,51602
2024-06-25T06:00Z,DE_LU,54602
2024-06-25T07:00Z,DE_LU,56654
2024-06-25T08:00Z,DE_LU,57574
2024-06-25T09:00Z,DE_LU,58101
2024-06-25T10:00Z,DE_LU,58376
2024-06-25T11:00Z,DE_LU,57691
2024-06-25T12:00Z,DE_LU,57162
2024-06-25T13:00Z,DE_LU,56842
2024-06-25T14:00Z,DE_LU,56259
2024-06-25T15:00Z,DE_LU,56129
2024-06-25T16:00Z,DE_LU,55315
2024-06-25T17:00Z,DE_LU,54222
2024-06-25T18:00Z,DE_LU,52900
2024-06-25T19:00Z,DE_LU,51536
2024-06-25T20:00Z,DE_LU,48913
2024-06-25T21:00Z,DE_LU,45360
2024-06-25T22:00Z,DE_LU,42095
2024-06-25T23:00Z,DE_LU,40391
2024-06-26T00:00Z,DE_LU,39460
2024-06-26T01:00Z,DE_LU,38971
2024-06-26T02:00Z,DE_LU,39437
2024-06-26T03:00Z,DE_LU,41882
2024-06-26T04:00Z,DE_LU,46456
2024-06-26T05:00Z,DE_LU,51252
2024-06-26T06:00Z,DE_LU,54261
2024-06-26T07:00Z,DE_LU,56411
2024-06-26T08:00Z,DE_LU,57174
2024-06-26T09:00Z,DE_LU,58102
2024-06-26T10:00Z,DE_LU,58196
2024-06-26T11:00Z,DE_LU,57436
2024-06-26T12:00Z,DE_LU,57010
2024-06-26T13:00Z,DE_LU,56697
2024-06-26T14:00Z,DE_LU,55961
2024-06-26T15:00Z,DE_LU,55666
2024-06-26T16:00Z,DE_LU,55463
2024-06-26T17:00Z,DE_LU,54187
2024-06-26T18:00Z,DE_LU,53125
2024-06-26T19:00Z,DE_LU,51500
2024-06-26T20:00Z,DE_LU,48853
2024-06-26T21:00Z,DE_LU,45229
2024-06-26T22:00Z,DE_LU,42117
2024-06-26T23:00Z,DE_LU,40637
2024-06-27T00:00Z,DE_LU,39361
2024-06-27T01:00Z,DE_LU,39183
2024-06-27T02:00Z,DE_LU,39834
2024-06-27T03:00Z,DE_LU,42232
2024-06-27T04:00Z,DE_LU,46946
2024-06-27T05:00Z,DE_LU,51547
2024-06-27T06:00Z,DE_LU,54529
2024-06-27T07:00Z,DE_LU,56965
2024-06-27T08:00Z,DE_LU,57762
2024-06-27T09:00Z,DE_LU,58031
2024-06-27T10:00Z,DE_LU,57972
2024-06-27T11:00Z,DE_LU,57451
2024-06-27T12:00Z,DE_LU,56784
2024-06-27T13:00Z,DE_LU,56411
2024-06-27T14:00Z,DE_LU,55841
2024-06-27T15:00Z,DE_LU,55556
2024-06-27T16:00Z,DE_LU,54975
2024-06-27T17:00Z,DE_LU,54036
2024-06-27T18:00Z,DE_LU,52683
2024-06-27T19:00Z,DE_LU,51248
2024-06-27T20:00Z,DE_LU,48829
2024-06-27T21:00Z,DE_LU,45378
2024-06-27T22:00Z,DE_LU,42203
2024-06-27T23:00Z,DE_LU,40653
2024-06-28T00:00Z,DE_LU,39578
2024-06-28T01:00Z,DE_LU,38967
2024-06-28T02:00Z,DE_LU,39539
2024-06-28T03:00Z,DE_LU,42258
2024-06-28T04:00Z,DE_LU,46970
2024-06-28T05:00Z,DE_LU,51856
2024-06-28T06:00Z,DE_LU,54554
2024-06-28T07:00Z,DE_LU,56536
2024-06-28T08:00Z,DE_LU,57205
2024-06-28T09:00Z,DE_LU,57652
2024-06-28T10:00Z,DE_LU,57596
2024-06-28T11:00Z,DE_LU,57130
2024-06-28T12:00Z,DE_LU,57044
2024-06-28T13:00Z,DE_LU,56201
2024-06-28T14:00Z,DE_LU,55728
2024-06-28T15:00Z,DE_LU,55603
2024-06-28T16:00Z,DE_LU,55124
2024-06-28T17:00Z,DE_LU,54269
2024-06-28T18:00Z,DE_LU,53064
2024-06-28T19:00Z,DE_LU,51358
2024-06-28T20:00Z,DE_LU,48512
2024-06-28T21:00Z,DE_LU,44874
2024-06-28T22:00Z,DE_LU,39930
2024-06-28T23:00Z,DE_LU,39183
2024-06-29T00:00Z,DE_LU,38687
2024-06-29T01:00Z,DE_LU,38382
2024-06-29T02:00Z,DE_LU,38670
2024-06-29T03:00Z,DE_LU,39793
2024-06-29T04:00Z,DE_LU,42179
2024-06-29T05:00Z,DE_LU,44554
2024-06-29T06:00Z,DE_LU,46407
2024-06-29T07:00Z,DE_LU,47289
2024-06-29T08:00Z,DE_LU,47915
2024-06-29T09:00Z,DE_LU,48107
2024-06-29T10:00Z,DE_LU,47932
2024-06-29T11:00Z,DE_LU,47730
2024-06-29T12:00Z,DE_LU,47405
2024-06-29T13:00Z,DE_LU,47106
2024-06-29T14:00Z,DE_LU,47041
2024-06-29T15:00Z,DE_LU,46871
2024-06-29T16:00Z,DE_LU,46504
2024-06-29T17:00Z,DE_LU,46241
2024-06-29T18:00Z,DE_LU,45944
2024-06-29T19:00Z,DE_LU,45057
2024-06-29T20:00Z,DE_LU,43537
2024-06-29T21:00Z,DE_LU,41687
2024-06-29T22:00Z,DE_LU,36224
2024-06-29T23:00Z,DE_LU,35415
2024-06-30T00:00Z,DE_LU,34815
2024-06-30T01:00Z,DE_LU,34652
2024-06-30T02:00Z,DE_LU,34980
2024-06-30T03:00Z,DE_LU,36297
2024-06-30T04:00Z,DE_LU,38549
2024-06-30T05:00Z,DE_LU,40619
2024-06-30T06:00Z,DE_LU,42004
2024-06-30T07:00Z,DE_LU,43032
2024-06-30T08:00Z,DE_LU,43668
2024-06-30T09:00Z,DE_LU,43846
2024-06-30T10:00Z,DE_LU,43651
2024-06-30T11:00Z,DE_LU,43584
2024-06-30T12:00Z,DE_LU,43181
2024-06-30T13:00Z,DE_LU,42970
2024-06-30T14:00Z,DE_LU,42539
2024-06-30T15:00Z,DE_LU,42444
2024-06-30T16:00Z,DE_LU,42233
2024-06-30T17:00Z,DE_LU,41944
2024-06-30T18:00Z,DE_LU,41407
2024-06-30T19:00Z,DE_LU,40703
2024-06-30T20:00Z,DE_LU,39417
2024-06-30T21:00Z,DE_LU,37533
2023-12-31T23:00Z,FR,37554
2024-01-01T00:00Z,FR,36928
2024-01-01T01:00Z,FR,36345
2024-01-01T02:00Z,FR,36363
2024-01-01T03:00Z,FR,36891
2024-01-01T04:00Z,FR,38603
2024-01-01T05:00Z,FR,41608
2024-01-01T06:00Z,FR,44064
2024-01-01T07:00Z,FR,45238
2024-01-01T08:00Z,FR,45540
2024-01-01T09:00Z,FR,45696
2024-01-01T10:00Z,FR,45262
2024-01-01T11:00Z,FR,44754
2024-01-01T12:00Z,FR,44420
2024-01-01T13:00Z,FR,44107
2024-01-01T14:00Z,FR,44012
2024-01-01T15:00Z,FR,44822
2024-01-01T16:00Z,FR,46219
2024-01-01T17:00Z,FR,46500
2024-01-01T18:00Z,FR,45598
2024-01-01T19:00Z,FR,44180
2024-01-01T20:00Z,FR,42542
2024-01-01T21:00Z,FR,40797
2024-01-01T22:00Z,FR,38978
2024-01-01T23:00Z,FR,39930
2024-01-02T00:00Z,FR,38390
2024-01-02T01:00Z,FR,37716
2024-01-02T02:00Z,FR,37771
2024-01-02T03:00Z,FR,38926
2024-01-02T04:00Z,FR,42545
2024-01-02T05:00Z,FR,48318
2024-01-02T06:00Z,FR,53227
2024-01-02T07:00Z,FR,55020
2024-01-02T08:00Z,FR,55355
2024-01-02T09:00Z,FR,55467
2024-01-02T10:00Z,FR,54839
2024-01-02T11:00Z,FR,54178
2024-01-02T12:00Z,FR,53551
2024-01-02T13:00Z,FR,52995
2024-01-02T14:00Z,FR,53201
2024-01-02T15:00Z,FR,54688
2024-01-02T16:00Z,FR,57859
2024-01-02T17:00Z,FR,58759
2024-01-02T18:00Z,FR,56785
2024-01-02T19:00Z,FR,53604
2024-01-02T20:00Z,FR,50490
2024-01-02T21:00Z,FR,46867
2024-01-02T22:00Z,FR,43204
2024-01-02T23:00Z,FR,45498
2024-01-03T00:00Z,FR,43929
2024-01-03T01:00Z,FR,42837
2024-01-03T02:00Z,FR,42665
2024-01-03T03:00Z,FR,43759
2024-01-03T04:00Z,FR,47809
2024-01-03T05:00Z,FR,54342
2024-01-03T06:00Z,FR,60228
2024-01-03T07:00Z,FR,62308
2024-01-03T08:00Z,FR,63264
2024-01-03T09:00Z,FR,63212
2024-01-03T10:00Z,FR,62666
2024-01-03T11:00Z,FR,61343
2024-01-03T12:00Z,FR,60838
2024-01-03T13:00Z,FR,60028
2024-01-03T14:00Z,FR,60041
2024-01-03T15:00Z,FR,61952
2024-01-03T16:00Z,FR,65253
2024-01-03T17:00Z,FR,65873
2024-01-03T18:00Z,FR,63819
2024-01-03T19:00Z,FR,60416
2024-01-03T20:00Z,FR,56812
2024-01-03T21:00Z,FR,52975
2024-01-03T22:00Z,FR,48920
2024-01-03T23:00Z,FR,46280
2024-01-04T00:00Z,FR,44413
2024-01-04T01:00Z,FR,43240
2024-01-04T02:00Z,FR,42951
2024-01-04T03:00Z,FR,43957
2024-01-04T04:00Z,FR,47830
2024-01-04T05:00Z,FR,54687
2024-01-04T06:00Z,FR,60500
2024-01-04T07:00Z,FR,63138
2024-01-04T08:00Z,FR,63581
2024-01-04T09:00Z,FR,63534
2024-01-04T10:00Z,FR,62606
2024-01-04T11:00Z,FR,61502
2024-01-04T12:00Z,FR,61050
2024-01-04T13:00Z,FR,60549
2024-01-04T14:00Z,FR,60646
2024-01-04T15:00Z,FR,62491
2024-01-04T16:00Z,FR,65881
2024-01-04T17:00Z,FR,66491
2024-01-04T18:00Z,FR,63903
2024-01-04T19:00Z,FR,60489
2024-01-04T20:00Z,FR,57282
2024-01-04T21:00Z,FR,53143
2024-01-04T22:00Z,FR,49090
2024-01-04T23:00Z,FR,47610
2024-01-05T00:00Z,FR,45925
2024-01-05T01:00Z,FR,44754
2024-01-05T02:00Z,FR,44767
2024-01-05T03:00Z,FR,46126
2024-01-05T04:00Z,FR,50304
2024-01-05T05:00Z,FR,57192
2024-01-05T06:00Z,FR,62935
2024-01-05T07:00Z,FR,65405
2024-01-05T08:00Z,FR,66256
2024-01-05T09:00Z,FR,66101
2024-01-05T10:00Z,FR,65592
2024-01-05T11:00Z,FR,64402
2024-01-05T12:00Z,FR,63890
2024-01-05T13:00Z,FR,63270
2024-01-05T14:00Z,FR,63363
2024-01-05T15:00Z,FR,65199
2024-01-05T16:00Z,FR,68869
2024-01-05T17:00Z,FR,69251
2024-01-05T18:00Z,FR,66398
2024-01-05T19:00Z,FR,62937
2024-01-05T20:00Z,FR,59250
2024-01-05T21:00Z,FR,54945
2024-01-05T22:00Z,FR,50709
2024-01-05T23:00Z,FR,43768
2024-01-06T00:00Z,FR,43125
2024-01-06T01:00Z,FR,42572
2024-01-06T02:00Z,FR,42544
2024-01-06T03:00Z,FR,43240
2024-01-06T04:00Z,FR,45305
2024-01-06T05:00Z,FR,49088
2024-01-06T06:00Z,FR,52175
2024-01-06T07:00Z,FR,53418
2024-01-06T08:00Z,FR,53880
2024-01-06T09:00Z,FR,53750
2024-01-06T10:00Z,FR,53638
2024-01-06T11:00Z,FR,53030
2024-01-06T12:00Z,FR,52915
2024-01-06T13:00Z,FR,52501
2024-01-06T14:00Z,FR,52573
2024-01-06T15:00Z,FR,53336
2024-01-06T16:00Z,FR,54949
2024-01-06T17:00Z,FR,55499
2024-01-06T18:00Z,FR,53993
2024-01-06T19:00Z,FR,52088
2024-01-06T20:00Z,FR,50555
2024-01-06T21:00Z,FR,48634
2024-01-06T22:00Z,FR,46335
2024-01-06T23:00Z,FR,38503
2024-01-07T00:00Z,FR,37709
2024-01-07T01:00Z,FR,37483
2024-01-07T02:00Z,FR,37365
2024-01-07T03:00Z,FR,37747
2024-01-07T04:00Z,FR,39508
2024-01-07T05:00Z,FR,42623
2024-01-07T06:00Z,FR,45101
2024-01-07T07:00Z,FR,45989
2024-01-07T08:00Z,FR,46125
2024-01-07T09:00Z,FR,46188
2024-01-07T10:00Z,FR,46178
2024-01-07T11:00Z,FR,45775
2024-01-07T12:00Z,FR,45563
2024-01-07T13:00Z,FR,45171
2024-01-07T14:00Z,FR,45219
2024-01-07T15:00Z,FR,46195
2024-01-07T16:00Z,FR,47741
2024-01-07T17:00Z,FR,47969
2024-01-07T18:00Z,FR,46911
2024-01-07T19:00Z,FR,45258
2024-01-07T20:00Z,FR,43653
2024-01-07T21:00Z,FR,41782
2024-01-07T22:00Z,FR,40055
2024-01-07T23:00Z,FR,43611
2024-01-08T00:00Z,FR,42228
2024-01-08T01:00Z,FR,41099
2024-01-08T02:00Z,FR,40719
2024-01-08T03:00Z,FR,41589
2024-01-08T04:00Z,FR,45744
2024-01-08T05:00Z,FR,52023
2024-01-08T06:00Z,FR,57626
2024-01-08T07:00Z,FR,59801
2024-01-08T08:00Z,FR,60499
2024-01-08T09:00Z,FR,60661
2024-01-08T10:00Z,FR,60315
2024-01-08T11:00Z,FR,59168
2024-01-08T12:00Z,FR,58602
2024-01-08T13:00Z,FR,57774
2024-01-08T14:00Z,FR,57705
2024-01-08T15:00Z,FR,59216
2024-01-08T16:00Z,FR,62381
2024-01-08T17:00Z,FR,62974
2024-01-08T18:00Z,FR,60807
2024-01-08T19:00Z,FR,57741
2024-01-08T20:00Z,FR,54552
2024-01-08T21:00Z,FR,50633
2024-01-08T22:00Z,FR,46782
2024-01-08T23:00Z,FR,46424
2024-01-09T00:00Z,FR,44625
2024-01-09T01:00Z,FR,43534
2024-01-09T02:00Z,FR,43280
2024-01-09T03:00Z,FR,44609
2024-01-09T04:00Z,FR,48579
2024-01-09T05:00Z,FR,55335
2024-01-09T06:00Z,FR,61153
2024-01-09T07:00Z,FR,63645
2024-01-09T08:00Z,FR,64218
2024-01-09T09:00Z,FR,64119
2024-01-09T10:00Z,FR,63565
2024-01-09T11:00Z,FR,62149
2024-01-09T12:00Z,FR,61629
2024-01-09T13:00Z,FR,61066
2024-01-09T14:00Z,FR,61151
2024-01-09T15:00Z,FR,62873
2024-01-09T16:00Z,FR,66389
2024-01-09T17:00Z,FR,66817
2024-01-09T18:00Z,FR,64956
2024-01-09T19:00Z,FR,61475
2024-01-09T20:00Z,FR,57612
2024-01-09T21:00Z,FR,53441
2024-01-09T22:00Z,FR,49653
2024-01-09T23:00Z,FR,45851
2024-01-10T00:00Z,FR,43991
2024-01-10T01:00Z,FR,42797
2024-01-10T02:00Z,FR,42771
2024-01-10T03:00Z,FR,43987
2024-01-10T04:00Z,FR,47897
2024-01-10T05:00Z,FR,54643
2024-01-10T06:00Z,FR,60581
2024-01-10T07:00Z,FR,62638
2024-01-10T08:00Z,FR,62944
2024-01-10T09:00Z,FR,62711
2024-01-10T10:00Z,FR,62474
2024-01-10T11:00Z,FR,61243
2024-01-10T12:00Z,FR,60755
2024-01-10T13:00Z,FR,60507
2024-01-10T14:00Z,FR,60441
2024-01-10T15:00Z,FR,62149
2024-01-10T16:00Z,FR,65459
2024-01-10T17:00Z,FR,65990
2024-01-10T18:00Z,FR,63638
2024-01-10T19:00Z,FR,60056
2024-01-10T20:00Z,FR,56860
2024-01-10T21:00Z,FR,52838
2024-01-10T22:00Z,FR,48730
2024-01-10T23:00Z,FR,44777
2024-01-11T00:00Z,FR,43186
2024-01-11T01:00Z,FR,41927
2024-01-11T02:00Z,FR,41845
2024-01-11T03:00Z,FR,43164
2024-01-11T04:00Z,FR,47036
2024-01-11T05:00Z,FR,53640
2024-01-11T06:00Z,FR,59548
2024-01-11T07:00Z,FR,61868
2024-01-11T08:00Z,FR,62601
2024-01-11T09:00Z,FR,62698
2024-01-11T10:00Z,FR,62319
2024-01-11T11:00Z,FR,60881
2024-01-11T12:00Z,FR,60198
2024-01-11T13:00Z,FR,59670
2024-01-11T14:00Z,FR,59822
2024-01-11T15:00Z,FR,61660
2024-01-11T16:00Z,FR,64758
2024-01-11T17:00Z,FR,65032
2024-01-11T18:00Z,FR,62952
2024-01-11T19:00Z,FR,59875
2024-01-11T20:00Z,FR,56435
2024-01-11T21:00Z,FR,52675
2024-01-11T22:00Z,FR,48517
2024-01-11T23:00Z,FR,47795
2024-01-12T00:00Z,FR,45902
2024-01-12T01:00Z,FR,44587
2024-01-12T02:00Z,FR,44589
2024-01-12T03:00Z,FR,46119
2024-01-12T04:00Z,FR,50387
2024-01-12T05:00Z,FR,57587
2024-01-12T06:00Z,FR,63490
2024-01-12T07:00Z,FR,66135
2024-01-12T08:00Z,FR,66529
2024-01-12T09:00Z,FR,66451
2024-01-12T10:00Z,FR,65478
2024-01-12T11:00Z,FR,64144
2024-01-12T12:00Z,FR,63877
2024-01-12T13:00Z,FR,63283
2024-01-12T14:00Z,FR,63401
2024-01-12T15:00Z,FR,65287
2024-01-12T16:00Z,FR,69003
2024-01-12T17:00Z,FR,69620
2024-01-12T18:00Z,FR,67111
2024-01-12T19:00Z,FR,63381
2024-01-12T20:00Z,FR,59561
2024-01-12T21:00Z,FR,55773
2024-01-12T22:00Z,FR,51581
2024-01-12T23:00Z,FR,48812
2024-01-13T00:00Z,FR,47888
2024-01-13T01:00Z,FR,47277
2024-01-13T02:00Z,FR,47554
2024-01-13T03:00Z,FR,48085
2024-01-13T04:00Z,FR,50284
2024-01-13T05:00Z,FR,54305
2024-01-13T06:00Z,FR,57561
2024-01-13T07:00Z,FR,58977
2024-01-13T08:00Z,FR,59014
2024-01-13T09:00Z,FR,59034
2024-01-13T10:00Z,FR,58607
2024-01-13T11:00Z,FR,57871
2024-01-13T12:00Z,FR,57310
2024-01-13T13:00Z,FR,57314
2024-01-13T14:00Z,FR,57143
2024-01-13T15:00Z,FR,58090
2024-01-13T16:00Z,FR,60275
2024-01-13T17:00Z,FR,60607
2024-01-13T18:00Z,FR,59497
2024-01-13T19:00Z,FR,57426
2024-01-13T20:00Z,FR,55055
2024-01-13T21:00Z,FR,52966
2024-01-13T22:00Z,FR,50665
2024-01-13T23:00Z,FR,42900
2024-01-14T00:00Z,FR,42017
2024-01-14T01:00Z,FR,41401
2024-01-14T02:00Z,FR,41535
2024-01-14T03:00Z,FR,42300
2024-01-14T04:00Z,FR,44488
2024-01-14T05:00Z,FR,47955
2024-01-14T06:00Z,FR,50774
2024-01-14T07:00Z,FR,52101
2024-01-14T08:00Z,FR,52543
2024-01-14T09:00Z,FR,52637
2024-01-14T10:00Z,FR,52188
2024-01-14T11:00Z,FR,51423
2024-01-14T12:00Z,FR,50865
2024-01-14T13:00Z,FR,50470
2024-01-14T14:00Z,FR,50620
2024-01-14T15:00Z,FR,51590
2024-01-14T16:00Z,FR,53185
2024-01-14T17:00Z,FR,53275
2024-01-14T18:00Z,FR,52174
2024-01-14T19:00Z,FR,50569
2024-01-14T20:00Z,FR,48836
2024-01-14T21:00Z,FR,47007
2024-01-14T22:00Z,FR,44793
2024-01-14T23:00Z,FR,52042
2024-01-15T00:00Z,FR,50588
2024-01-15T01:00Z,FR,49144
2024-01-15T02:00Z,FR,49154
2024-01-15T03:00Z,FR,50349
2024-01-15T04:00Z,FR,54819
2024-01-15T05:00Z,FR,62277
2024-01-15T06:00Z,FR,68724
2024-01-15T07:00Z,FR,71439
2024-01-15T08:00Z,FR,72075
2024-01-15T09:00Z,FR,71893
2024-01-15T10:00Z,FR,71267
2024-01-15T11:00Z,FR,69522
2024-01-15T12:00Z,FR,69112
2024-01-15T13:00Z,FR,68414
2024-01-15T14:00Z,FR,68203
2024-01-15T15:00Z,FR,70385
2024-01-15T16:00Z,FR,74288
2024-01-15T17:00Z,FR,74734
2024-01-15T18:00Z,FR,72164
2024-01-15T19:00Z,FR,68428
2024-01-15T20:00Z,FR,64678
2024-01-15T21:00Z,FR,59974
2024-01-15T22:00Z,FR,55655
2024-01-15T23:00Z,FR,53961
2024-01-16T00:00Z,FR,51770
2024-01-16T01:00Z,FR,50221
2024-01-16T02:00Z,FR,50233
2024-01-16T03:00Z,FR,51863
2024-01-16T04:00Z,FR,56686
2024-01-16T05:00Z,FR,65017
2024-01-16T06:00Z,FR,71969
2024-01-16T07:00Z,FR,74466
2024-01-16T08:00Z,FR,75216
2024-01-16T09:00Z,FR,74948
2024-01-16T10:00Z,FR,74306
2024-01-16T11:00Z,FR,72816
2024-01-16T12:00Z,FR,72166
2024-01-16T13:00Z,FR,71237
2024-01-16T14:00Z,FR,71125
2024-01-16T15:00Z,FR,72990
2024-01-16T16:00Z,FR,76977
2024-01-16T17:00Z,FR,77934
2024-01-16T18:00Z,FR,75229
2024-01-16T19:00Z,FR,71398
2024-01-16T20:00Z,FR,67454
2024-01-16T21:00Z,FR,62633
2024-01-16T22:00Z,FR,58145
2024-01-16T23:00Z,FR,55531
2024-01-17T00:00Z,FR,53695
2024-01-17T01:00Z,FR,52113
2024-01-17T02:00Z,FR,52124
2024-01-17T03:00Z,FR,53472
2024-01-17T04:00Z,FR,58003
2024-01-17T05:00Z,FR,66627
2024-01-17T06:00Z,FR,73188
2024-01-17T07:00Z,FR,76060
2024-01-17T08:00Z,FR,76820
2024-01-17T09:00Z,FR,76654
2024-01-17T10:00Z,FR,75840
2024-01-17T11:00Z,FR,74586
2024-01-17T12:00Z,FR,73927
2024-01-17T13:00Z,FR,73494
2024-01-17T14:00Z,FR,73684
2024-01-17T15:00Z,FR,75711
2024-01-17T16:00Z,FR,79794
2024-01-17T17:00Z,FR,80637
2024-01-17T18:00Z,FR,77823
2024-01-17T19:00Z,FR,73816
2024-01-17T20:00Z,FR,69610
2024-01-17T21:00Z,FR,65091
2024-01-17T22:00Z,FR,60227
2024-01-17T23:00Z,FR,52321
2024-01-18T00:00Z,FR,50208
2024-01-18T01:00Z,FR,48987
2024-01-18T02:00Z,FR,48963
2024-01-18T03:00Z,FR,50108
2024-01-18T04:00Z,FR,54618
2024-01-18T05:00Z,FR,62640
2024-01-18T06:00Z,FR,69251
2024-01-18T07:00Z,FR,71980
2024-01-18T08:00Z,FR,72219
2024-01-18T09:00Z,FR,71826
2024-01-18T10:00Z,FR,71443
2024-01-18T11:00Z,FR,69903
2024-01-18T12:00Z,FR,69468
2024-01-18T13:00Z,FR,68521
2024-01-18T14:00Z,FR,68429
2024-01-18T15:00Z,FR,70835
2024-01-18T16:00Z,FR,74853
2024-01-18T17:00Z,FR,74790
2024-01-18T18:00Z,FR,72049
2024-01-18T19:00Z,FR,68159
2024-01-18T20:00Z,FR,64232
2024-01-18T21:00Z,FR,59821
2024-01-18T22:00Z,FR,55244
2024-01-18T23:00Z,FR,50844
2024-01-19T00:00Z,FR,49207
2024-01-19T01:00Z,FR,48030
2024-01-19T02:00Z,FR,48110
2024-01-19T03:00Z,FR,49148
2024-01-19T04:00Z,FR,53890
2024-01-19T05:00Z,FR,61746
2024-01-19T06:00Z,FR,67993
2024-01-19T07:00Z,FR,70015
2024-01-19T08:00Z,FR,70655
2024-01-19T09:00Z,FR,71117
2024-01-19T10:00Z,FR,70629
2024-01-19T11:00Z,FR,69378
2024-01-19T12:00Z,FR,68826
2024-01-19T13:00Z,FR,68335
2024-01-19T14:00Z,FR,68190
2024-01-19T15:00Z,FR,70161
2024-01-19T16:00Z,FR,74304
2024-01-19T17:00Z,FR,74908
2024-01-19T18:00Z,FR,72711
2024-01-19T19:00Z,FR,68782
2024-01-19T20:00Z,FR,64726
2024-01-19T21:00Z,FR,59938
2024-01-19T22:00Z,FR,55580
2024-01-19T23:00Z,FR,49122
2024-01-20T00:00Z,FR,48266
2024-01-20T01:00Z,FR,47490
2024-01-20T02:00Z,FR,47319
2024-01-20T03:00Z,FR,47939
2024-01-20T04:00Z,FR,50174
2024-01-20T05:00Z,FR,54198
2024-01-20T06:00Z,FR,57534
2024-01-20T07:00Z,FR,59049
2024-01-20T08:00Z,FR,59178
2024-01-20T09:00Z,FR,59502
2024-01-20T10:00Z,FR,58985
2024-01-20T11:00Z,FR,58207
2024-01-20T12:00Z,FR,57896
2024-01-20T13:00Z,FR,57491
2024-01-20T14:00Z,FR,57511
2024-01-20T15:00Z,FR,58391
2024-01-20T16:00Z,FR,60564
2024-01-20T17:00Z,FR,61088
2024-01-20T18:00Z,FR,59809
2024-01-20T19:00Z,FR,57276
2024-01-20T20:00Z,FR,55468
2024-01-20T21:00Z,FR,53204
2024-01-20T22:00Z,FR,50900
2024-01-20T23:00Z,FR,43065
2024-01-21T00:00Z,FR,42044
2024-01-21T01:00Z,FR,41851
2024-01-21T02:00Z,FR,41884
2024-01-21T03:00Z,FR,42406
2024-01-21T04:00Z,FR,44454
2024-01-21T05:00Z,FR,47901
2024-01-21T06:00Z,FR,51137
2024-01-21T07:00Z,FR,52179
2024-01-21T08:00Z,FR,52694
2024-01-21T09:00Z,FR,52675
2024-01-21T10:00Z,FR,52285
2024-01-21T11:00Z,FR,51949
2024-01-21T12:00Z,FR,51679
2024-01-21T13:00Z,FR,51122
2024-01-21T14:00Z,FR,51171
2024-01-21T15:00Z,FR,51885
2024-01-21T16:00Z,FR,53671
2024-01-21T17:00Z,FR,54240
2024-01-21T18:00Z,FR,53221
2024-01-21T19:00Z,FR,51454
2024-01-21T20:00Z,FR,49633
2024-01-21T21:00Z,FR,47671
2024-01-21T22:00Z,FR,45408
2024-01-21T23:00Z,FR,43812
2024-01-22T00:00Z,FR,42251
2024-01-22T01:00Z,FR,40850
2024-01-22T02:00Z,FR,41042
2024-01-22T03:00Z,FR,42083
2024-01-22T04:00Z,FR,45766
2024-01-22T05:00Z,FR,52353
2024-01-22T06:00Z,FR,57778
2024-01-22T07:00Z,FR,59929
2024-01-22T08:00Z,FR,60596
2024-01-22T09:00Z,FR,60329
2024-01-22T10:00Z,FR,59936
2024-01-22T11:00Z,FR,58805
2024-01-22T12:00Z,FR,58216
2024-01-22T13:00Z,FR,57376
2024-01-22T14:00Z,FR,57484
2024-01-22T15:00Z,FR,58883
2024-01-22T16:00Z,FR,61992
2024-01-22T17:00Z,FR,62910
2024-01-22T18:00Z,FR,61071
2024-01-22T19:00Z,FR,57946
2024-01-22T20:00Z,FR,54487
2024-01-22T21:00Z,FR,50516
2024-01-22T22:00Z,FR,46578
2024-01-22T23:00Z,FR,42262
2024-01-23T00:00Z,FR,40853
2024-01-23T01:00Z,FR,39863
2024-01-23T02:00Z,FR,39725
2024-01-23T03:00Z,FR,40583
2024-01-23T04:00Z,FR,44112
2024-01-23T05:00Z,FR,50545
2024-01-23T06:00Z,FR,55709
2024-01-23T07:00Z,FR,57996
2024-01-23T08:00Z,FR,58761
2024-01-23T09:00Z,FR,59065
2024-01-23T10:00Z,FR,58097
2024-01-23T11:00Z,FR,56728
2024-01-23T12:00Z,FR,56232
2024-01-23T13:00Z,FR,55490
2024-01-23T14:00Z,FR,55339
2024-01-23T15:00Z,FR,56642
2024-01-23T16:00Z,FR,59817
2024-01-23T17:00Z,FR,60353
2024-01-23T18:00Z,FR,58656
2024-01-23T19:00Z,FR,55458
2024-01-23T20:00Z,FR,52385
2024-01-23T21:00Z,FR,48550
2024-01-23T22:00Z,FR,44961
2024-01-23T23:00Z,FR,38937
2024-01-24T00:00Z,FR,37517
2024-01-24T01:00Z,FR,36729
2024-01-24T02:00Z,FR,36839
2024-01-24T03:00Z,FR,37864
2024-01-24T04:00Z,FR,41594
2024-01-24T05:00Z,FR,47616
2024-01-24T06:00Z,FR,52531
2024-01-24T07:00Z,FR,54359
2024-01-24T08:00Z,FR,55127
2024-01-24T09:00Z,FR,55178
2024-01-24T10:00Z,FR,54398
2024-01-24T11:00Z,FR,53252
2024-01-24T12:00Z,FR,52895
2024-01-24T13:00Z,FR,52110
2024-01-24T14:00Z,FR,52160
2024-01-24T15:00Z,FR,53713
2024-01-24T16:00Z,FR,56263
2024-01-24T17:00Z,FR,56753
2024-01-24T18:00Z,FR,55036
2024-01-24T19:00Z,FR,52153
2024-01-24T20:00Z,FR,49228
2024-01-24T21:00Z,FR,45962
2024-01-24T22:00Z,FR,42569
2024-01-24T23:00Z,FR,39930
2024-01-25T00:00Z,FR,38364
2024-01-25T01:00Z,FR,37350
2024-01-25T02:00Z,FR,37350
2024-01-25T03:00Z,FR,38405
2024-01-25T04:00Z,FR,41725
2024-01-25T05:00Z,FR,47682
2024-01-25T06:00Z,FR,52962
2024-01-25T07:00Z,FR,54634
2024-01-25T08:00Z,FR,54948
2024-01-25T09:00Z,FR,54633
2024-01-25T10:00Z,FR,54004
2024-01-25T11:00Z,FR,53235
2024-01-25T12:00Z,FR,52572
2024-01-25T13:00Z,FR,52194
2024-01-25T14:00Z,FR,52166
2024-01-25T15:00Z,FR,53773
2024-01-25T16:00Z,FR,56664
2024-01-25T17:00Z,FR,56929
2024-01-25T18:00Z,FR,54626
2024-01-25T19:00Z,FR,52092
2024-01-25T20:00Z,FR,49111
2024-01-25T21:00Z,FR,45477
2024-01-25T22:00Z,FR,42189
2024-01-25T23:00Z,FR,37581
2024-01-26T00:00Z,FR,36201
2024-01-26T01:00Z,FR,35332
2024-01-26T02:00Z,FR,35469
2024-01-26T03:00Z,FR,36484
2024-01-26T04:00Z,FR,39568
2024-01-26T05:00Z,FR,45073
2024-01-26T06:00Z,FR,49831
2024-01-26T07:00Z,FR,51852
2024-01-26T08:00Z,FR,52592
2024-01-26T09:00Z,FR,52937
2024-01-26T10:00Z,FR,52278
2024-01-26T11:00Z,FR,51355
2024-01-26T12:00Z,FR,50667
2024-01-26T13:00Z,FR,50250
2024-01-26T14:00Z,FR,50386
2024-01-26T15:00Z,FR,51964
2024-01-26T16:00Z,FR,54891
2024-01-26T17:00Z,FR,55341
2024-01-26T18:00Z,FR,53355
2024-01-26T19:00Z,FR,50644
2024-01-26T20:00Z,FR,47688
2024-01-26T21:00Z,FR,44139
2024-01-26T22:00Z,FR,41017
2024-01-26T23:00Z,FR,40321
2024-01-27T00:00Z,FR,39462
2024-01-27T01:00Z,FR,38945
2024-01-27T02:00Z,FR,38816
2024-01-27T03:00Z,FR,39455
2024-01-27T04:00Z,FR,41205
2024-01-27T05:00Z,FR,44380
2024-01-27T06:00Z,FR,47121
2024-01-27T07:00Z,FR,48197
2024-01-27T08:00Z,FR,48445
2024-01-27T09:00Z,FR,48464
2024-01-27T10:00Z,FR,48268
2024-01-27T11:00Z,FR,47913
2024-01-27T12:00Z,FR,47504
2024-01-27T13:00Z,FR,47366
2024-01-27T14:00Z,FR,47428
2024-01-27T15:00Z,FR,48362
2024-01-27T16:00Z,FR,50056
2024-01-27T17:00Z,FR,50093
2024-01-27T18:00Z,FR,48659
2024-01-27T19:00Z,FR,47208
2024-01-27T20:00Z,FR,45674
2024-01-27T21:00Z,FR,43750
2024-01-27T22:00Z,FR,41842
2024-01-27T23:00Z,FR,35216
2024-01-28T00:00Z,FR,34451
2024-01-28T01:00Z,FR,33899
2024-01-28T02:00Z,FR,33967
2024-01-28T03:00Z,FR,34431
2024-01-28T04:00Z,FR,35975
2024-01-28T05:00Z,FR,38912
2024-01-28T06:00Z,FR,41454
2024-01-28T07:00Z,FR,42315
2024-01-28T08:00Z,FR,42493
2024-01-28T09:00Z,FR,42621
2024-01-28T10:00Z,FR,42327
2024-01-28T11:00Z,FR,41917
2024-01-28T12:00Z,FR,41441
2024-01-28T13:00Z,FR,41280
2024-01-28T14:00Z,FR,41227
2024-01-28T15:00Z,FR,42035
2024-01-28T16:00Z,FR,43427
2024-01-28T17:00Z,FR,43577
2024-01-28T18:00Z,FR,42746
2024-01-28T19:00Z,FR,41608
2024-01-28T20:00Z,FR,40104
2024-01-28T21:00Z,FR,38408
2024-01-28T22:00Z,FR,36558
2024-01-28T23:00Z,FR,41595
2024-01-29T00:00Z,FR,39867
2024-01-29T01:00Z,FR,38875
2024-01-29T02:00Z,FR,38943
2024-01-29T03:00Z,FR,39904
2024-01-29T04:00Z,FR,43831
2024-01-29T05:00Z,FR,50086
2024-01-29T06:00Z,FR,55294
2024-01-29T07:00Z,FR,57282
2024-01-29T08:00Z,FR,57737
2024-01-29T09:00Z,FR,57638
2024-01-29T10:00Z,FR,56977
2024-01-29T11:00Z,FR,56041
2024-01-29T12:00Z,FR,55439
2024-01-29T13:00Z,FR,54939
2024-01-29T14:00Z,FR,54992
2024-01-29T15:00Z,FR,56612
2024-01-29T16:00Z,FR,59872
2024-01-29T17:00Z,FR,60090
2024-01-29T18:00Z,FR,57982
2024-01-29T19:00Z,FR,55095
2024-01-29T20:00Z,FR,51991
2024-01-29T21:00Z,FR,48243
2024-01-29T22:00Z,FR,44497
2024-01-29T23:00Z,FR,47308
2024-01-30T00:00Z,FR,45500
2024-01-30T01:00Z,FR,44254
2024-01-30T02:00Z,FR,44163
2024-01-30T03:00Z,FR,45546
2024-01-30T04:00Z,FR,49935
2024-01-30T05:00Z,FR,57393
2024-01-30T06:00Z,FR,63304
2024-01-30T07:00Z,FR,65944
2024-01-30T08:00Z,FR,66384
2024-01-30T09:00Z,FR,66627
2024-01-30T10:00Z,FR,65809
2024-01-30T11:00Z,FR,64807
2024-01-30T12:00Z,FR,64080
2024-01-30T13:00Z,FR,63007
2024-01-30T14:00Z,FR,62660
2024-01-30T15:00Z,FR,64264
2024-01-30T16:00Z,FR,68050
2024-01-30T17:00Z,FR,68940
2024-01-30T18:00Z,FR,66704
2024-01-30T19:00Z,FR,63029
2024-01-30T20:00Z,FR,59415
2024-01-30T21:00Z,FR,55375
2024-01-30T22:00Z,FR,50866
2024-01-30T23:00Z,FR,46976
2024-01-31T00:00Z,FR,44829
2024-01-31T01:00Z,FR,43931
2024-01-31T02:00Z,FR,43734
2024-01-31T03:00Z,FR,45123
2024-01-31T04:00Z,FR,49429
2024-01-31T05:00Z,FR,56529
2024-01-31T06:00Z,FR,62321
2024-01-31T07:00Z,FR,65039
2024-01-31T08:00Z,FR,65578
2024-01-31T09:00Z,FR,65128
2024-01-31T10:00Z,FR,64381
2024-01-31T11:00Z,FR,63594
2024-01-31T12:00Z,FR,63254
2024-01-31T13:00Z,FR,62732
2024-01-31T14:00Z,FR,62691
2024-01-31T15:00Z,FR,64180
2024-01-31T16:00Z,FR,67554
2024-01-31T17:00Z,FR,67880
2024-01-31T18:00Z,FR,65870
2024-01-31T19:00Z,FR,62380
2024-01-31T20:00Z,FR,58680
2024-01-31T21:00Z,FR,54667
2024-01-31T22:00Z,FR,50649
2024-01-31T23:00Z,FR,46133
2024-02-01T00:00Z,FR,44402
2024-02-01T01:00Z,FR,43217
2024-02-01T02:00Z,FR,43153
2024-02-01T03:00Z,FR,44505
2024-02-01T04:00Z,FR,48562
2024-02-01T05:00Z,FR,55430
2024-02-01T06:00Z,FR,60945
2024-02-01T07:00Z,FR,62951
2024-02-01T08:00Z,FR,63866
2024-02-01T09:00Z,FR,63646
2024-02-01T10:00Z,FR,63516
2024-02-01T11:00Z,FR,62589
2024-02-01T12:00Z,FR,61821
2024-02-01T13:00Z,FR,61463
2024-02-01T14:00Z,FR,61319
2024-02-01T15:00Z,FR,62966
2024-02-01T16:00Z,FR,66448
2024-02-01T17:00Z,FR,66877
2024-02-01T18:00Z,FR,64337
2024-02-01T19:00Z,FR,60892
2024-02-01T20:00Z,FR,57486
2024-02-01T21:00Z,FR,53422
2024-02-01T22:00Z,FR,49726
2024-02-01T23:00Z,FR,46896
2024-02-02T00:00Z,FR,45288
2024-02-02T01:00Z,FR,43761
2024-02-02T02:00Z,FR,43837
2024-02-02T03:00Z,FR,44817
2024-02-02T04:00Z,FR,48746
2024-02-02T05:00Z,FR,55518
2024-02-02T06:00Z,FR,61442
2024-02-02T07:00Z,FR,63471
2024-02-02T08:00Z,FR,64344
2024-02-02T09:00Z,FR,64783
2024-02-02T10:00Z,FR,64416
2024-02-02T11:00Z,FR,63455
2024-02-02T12:00Z,FR,62879
2024-02-02T13:00Z,FR,62287
2024-02-02T14:00Z,FR,62200
2024-02-02T15:00Z,FR,63786
2024-02-02T16:00Z,FR,67121
2024-02-02T17:00Z,FR,67687
2024-02-02T18:00Z,FR,65249
2024-02-02T19:00Z,FR,61828
2024-02-02T20:00Z,FR,58048
2024-02-02T21:00Z,FR,53818
2024-02-02T22:00Z,FR,49855
2024-02-02T23:00Z,FR,42781
2024-02-03T00:00Z,FR,41851
2024-02-03T01:00Z,FR,41197
2024-02-03T02:00Z,FR,41180
2024-02-03T03:00Z,FR,41857
2024-02-03T04:00Z,FR,43895
2024-02-03T05:00Z,FR,47244
2024-02-03T06:00Z,FR,50098
2024-02-03T07:00Z,FR,51305
2024-02-03T08:00Z,FR,51861
2024-02-03T09:00Z,FR,51936
2024-02-03T10:00Z,FR,51603
2024-02-03T11:00Z,FR,50864
2024-02-03T12:00Z,FR,50583
2024-02-03T13:00Z,FR,50602
2024-02-03T14:00Z,FR,50772
2024-02-03T15:00Z,FR,51522
2024-02-03T16:00Z,FR,53174
2024-02-03T17:00Z,FR,53094
2024-02-03T18:00Z,FR,51779
2024-02-03T19:00Z,FR,50222
2024-02-03T20:00Z,FR,48387
2024-02-03T21:00Z,FR,46334
2024-02-03T22:00Z,FR,44222
2024-02-03T23:00Z,FR,45693
2024-02-04T00:00Z,FR,44798
2024-02-04T01:00Z,FR,44209
2024-02-04T02:00Z,FR,44404
2024-02-04T03:00Z,FR,45012
2024-02-04T04:00Z,FR,47085
2024-02-04T05:00Z,FR,50865
2024-02-04T06:00Z,FR,53774
2024-02-04T07:00Z,FR,54922
2024-02-04T08:00Z,FR,55309
2024-02-04T09:00Z,FR,55311
2024-02-04T10:00Z,FR,55015
2024-02-04T11:00Z,FR,54456
2024-02-04T12:00Z,FR,54332
2024-02-04T13:00Z,FR,54123
2024-02-04T14:00Z,FR,54118
2024-02-04T15:00Z,FR,54762
2024-02-04T16:00Z,FR,56670
2024-02-04T17:00Z,FR,56754
2024-02-04T18:00Z,FR,55585
2024-02-04T19:00Z,FR,53718
2024-02-04T20:00Z,FR,51845
2024-02-04T21:00Z,FR,49394
2024-02-04T22:00Z,FR,47424
2024-02-04T23:00Z,FR,53163
2024-02-05T00:00Z,FR,51181
2024-02-05T01:00Z,FR,49689
2024-02-05T02:00Z,FR,49527
2024-02-05T03:00Z,FR,51067
2024-02-05T04:00Z,FR,55622
2024-02-05T05:00Z,FR,63494
2024-02-05T06:00Z,FR,70574
2024-02-05T07:00Z,FR,73250
2024-02-05T08:00Z,FR,74423
2024-02-05T09:00Z,FR,74444
2024-02-05T10:00Z,FR,73960
2024-02-05T11:00Z,FR,73017
2024-02-05T12:00Z,FR,72292
2024-02-05T13:00Z,FR,71594
2024-02-05T14:00Z,FR,71807
2024-02-05T15:00Z,FR,73787
2024-02-05T16:00Z,FR,77886
2024-02-05T17:00Z,FR,77969
2024-02-05T18:00Z,FR,74796
2024-02-05T19:00Z,FR,71420
2024-02-05T20:00Z,FR,67042
2024-02-05T21:00Z,FR,62358
2024-02-05T22:00Z,FR,57886
2024-02-05T23:00Z,FR,54075
2024-02-06T00:00Z,FR,52157
2024-02-06T01:00Z,FR,50507
2024-02-06T02:00Z,FR,50235
2024-02-06T03:00Z,FR,51632
2024-02-06T04:00Z,FR,56261
2024-02-06T05:00Z,FR,64497
2024-02-06T06:00Z,FR,71207
2024-02-06T07:00Z,FR,73900
2024-02-06T08:00Z,FR,74653
2024-02-06T09:00Z,FR,74466
2024-02-06T10:00Z,FR,74110
2024-02-06T11:00Z,FR,72748
2024-02-06T12:00Z,FR,71583
2024-02-06T13:00Z,FR,70944
2024-02-06T14:00Z,FR,71153
2024-02-06T15:00Z,FR,73428
2024-02-06T16:00Z,FR,77161
2024-02-06T17:00Z,FR,77856
2024-02-06T18:00Z,FR,75405
2024-02-06T19:00Z,FR,71611
2024-02-06T20:00Z,FR,67531
2024-02-06T21:00Z,FR,62699
2024-02-06T22:00Z,FR,58101
2024-02-06T23:00Z,FR,52063
2024-02-07T00:00Z,FR,50034
2024-02-07T01:00Z,FR,48439
2024-02-07T02:00Z,FR,48413
2024-02-07T03:00Z,FR,50026
2024-02-07T04:00Z,FR,54347
2024-02-07T05:00Z,FR,62021
2024-02-07T06:00Z,FR,68271
2024-02-07T07:00Z,FR,70517
2024-02-07T08:00Z,FR,71252
2024-02-07T09:00Z,FR,71393
2024-02-07T10:00Z,FR,71141
2024-02-07T11:00Z,FR,69740
2024-02-07T12:00Z,FR,68924
2024-02-07T13:00Z,FR,68157
2024-02-07T14:00Z,FR,68245
2024-02-07T15:00Z,FR,69812
2024-02-07T16:00Z,FR,73555
2024-02-07T17:00Z,FR,74105
2024-02-07T18:00Z,FR,71870
2024-02-07T19:00Z,FR,68100
2024-02-07T20:00Z,FR,64317
2024-02-07T21:00Z,FR,59561
2024-02-07T22:00Z,FR,55452
2024-02-07T23:00Z,FR,49490
2024-02-08T00:00Z,FR,47836
2024-02-08T01:00Z,FR,46731
2024-02-08T02:00Z,FR,46697
2024-02-08T03:00Z,FR,47818
2024-02-08T04:00Z,FR,52164
2024-02-08T05:00Z,FR,59492
2024-02-08T06:00Z,FR,65748
2024-02-08T07:00Z,FR,68505
2024-02-08T08:00Z,FR,69090
2024-02-08T09:00Z,FR,69420
2024-02-08T10:00Z,FR,68927
2024-02-08T11:00Z,FR,67566
2024-02-08T12:00Z,FR,66743
2024-02-08T13:00Z,FR,66041
2024-02-08T14:00Z,FR,65462
2024-02-08T15:00Z,FR,67497
2024-02-08T16:00Z,FR,70654
2024-02-08T17:00Z,FR,71192
2024-02-08T18:00Z,FR,68657
2024-02-08T19:00Z,FR,64552
2024-02-08T20:00Z,FR,60914
2024-02-08T21:00Z,FR,57008
2024-02-08T22:00Z,FR,52822
2024-02-08T23:00Z,FR,48655
2024-02-09T00:00Z,FR,46873
2024-02-09T01:00Z,FR,45670
2024-02-09T02:00Z,FR,45577
2024-02-09T03:00Z,FR,46829
2024-02-09T04:00Z,FR,51168
2024-02-09T05:00Z,FR,58585
2024-02-09T06:00Z,FR,64696
2024-02-09T07:00Z,FR,66975
2024-02-09T08:00Z,FR,67544
2024-02-09T09:00Z,FR,67780
2024-02-09T10:00Z,FR,67615
2024-02-09T11:00Z,FR,66583
2024-02-09T12:00Z,FR,66209
2024-02-09T13:00Z,FR,65401
2024-02-09T14:00Z,FR,65623
2024-02-09T15:00Z,FR,67111
2024-02-09T16:00Z,FR,70141
2024-02-09T17:00Z,FR,70382
2024-02-09T18:00Z,FR,68027
2024-02-09T19:00Z,FR,64395
2024-02-09T20:00Z,FR,61169
2024-02-09T21:00Z,FR,57173
2024-02-09T22:00Z,FR,52928
2024-02-09T23:00Z,FR,47829
2024-02-10T00:00Z,FR,47137
2024-02-10T01:00Z,FR,46544
2024-02-10T02:00Z,FR,46382
2024-02-10T03:00Z,FR,47035
2024-02-10T04:00Z,FR,49025
2024-02-10T05:00Z,FR,52772
2024-02-10T06:00Z,FR,55850
2024-02-10T07:00Z,FR,57246
2024-02-10T08:00Z,FR,57664
2024-02-10T09:00Z,FR,57771
2024-02-10T10:00Z,FR,57722
2024-02-10T11:00Z,FR,57112
2024-02-10T12:00Z,FR,56935
2024-02-10T13:00Z,FR,56532
2024-02-10T14:00Z,FR,56700
2024-02-10T15:00Z,FR,57884
2024-02-10T16:00Z,FR,59607
2024-02-10T17:00Z,FR,59919
2024-02-10T18:00Z,FR,58358
2024-02-10T19:00Z,FR,56570
2024-02-10T20:00Z,FR,54791
2024-02-10T21:00Z,FR,52526
2024-02-10T22:00Z,FR,49960
2024-02-10T23:00Z,FR,41493
2024-02-11T00:00Z,FR,40498
2024-02-11T01:00Z,FR,39872
2024-02-11T02:00Z,FR,39609
2024-02-11T03:00Z,FR,40502
2024-02-11T04:00Z,FR,42332
2024-02-11T05:00Z,FR,45869
2024-02-11T06:00Z,FR,48634
2024-02-11T07:00Z,FR,49633
2024-02-11T08:00Z,FR,49986
2024-02-11T09:00Z,FR,50115
2024-02-11T10:00Z,FR,49649
2024-02-11T11:00Z,FR,48965
2024-02-11T12:00Z,FR,48575
2024-02-11T13:00Z,FR,48061
2024-02-11T14:00Z,FR,48070
2024-02-11T15:00Z,FR,49022
2024-02-11T16:00Z,FR,50702
2024-02-11T17:00Z,FR,51004
2024-02-11T18:00Z,FR,49995
2024-02-11T19:00Z,FR,48381
2024-02-11T20:00Z,FR,46468
2024-02-11T21:00Z,FR,44689
2024-02-11T22:00Z,FR,42931
2024-02-11T23:00Z,FR,47563
2024-02-12T00:00Z,FR,45518
2024-02-12T01:00Z,FR,44487
2024-02-12T02:00Z,FR,44397
2024-02-12T03:00Z,FR,45517
2024-02-12T04:00Z,FR,49571
2024-02-12T05:00Z,FR,56303
2024-02-12T06:00Z,FR,62345
2024-02-12T07:00Z,FR,64940
2024-02-12T08:00Z,FR,66020
2024-02-12T09:00Z,FR,66170
2024-02-12T10:00Z,FR,66001
2024-02-12T11:00Z,FR,64610
2024-02-12T12:00Z,FR,63990
2024-02-12T13:00Z,FR,63304
2024-02-12T14:00Z,FR,63328
2024-02-12T15:00Z,FR,64875
2024-02-12T16:00Z,FR,68195
2024-02-12T17:00Z,FR,69062
2024-02-12T18:00Z,FR,66765
2024-02-12T19:00Z,FR,63448
2024-02-12T20:00Z,FR,60001
2024-02-12T21:00Z,FR,56006
2024-02-12T22:00Z,FR,51890
2024-02-12T23:00Z,FR,48405
2024-02-13T00:00Z,FR,46581
2024-02-13T01:00Z,FR,45347
2024-02-13T02:00Z,FR,45265
2024-02-13T03:00Z,FR,46391
2024-02-13T04:00Z,FR,50466
2024-02-13T05:00Z,FR,57501
2024-02-13T06:00Z,FR,63175
2024-02-13T07:00Z,FR,65762
2024-02-13T08:00Z,FR,66704
2024-02-13T09:00Z,FR,66814
2024-02-13T10:00Z,FR,66691
2024-02-13T11:00Z,FR,65528
2024-02-13T12:00Z,FR,64760
2024-02-13T13:00Z,FR,64155
2024-02-13T14:00Z,FR,64199
2024-02-13T15:00Z,FR,65785
2024-02-13T16:00Z,FR,69044
2024-02-13T17:00Z,FR,69468
2024-02-13T18:00Z,FR,66977
2024-02-13T19:00Z,FR,63696
2024-02-13T20:00Z,FR,60339
2024-02-13T21:00Z,FR,56482
2024-02-13T22:00Z,FR,52464
2024-02-13T23:00Z,FR,46308
2024-02-14T00:00Z,FR,44502
2024-02-14T01:00Z,FR,43258
2024-02-14T02:00Z,FR,43197
2024-02-14T03:00Z,FR,44351
2024-02-14T04:00Z,FR,48165
2024-02-14T05:00Z,FR,54750
2024-02-14T06:00Z,FR,60398
2024-02-14T07:00Z,FR,62738
2024-02-14T08:00Z,FR,63526
2024-02-14T09:00Z,FR,63603
2024-02-14T10:00Z,FR,63252
2024-02-14T11:00Z,FR,62270
2024-02-14T12:00Z,FR,61478
2024-02-14T13:00Z,FR,60860
2024-02-14T14:00Z,FR,60686
2024-02-14T15:00Z,FR,62512
2024-02-14T16:00Z,FR,65906
2024-02-14T17:00Z,FR,66278
2024-02-14T18:00Z,FR,63953
2024-02-14T19:00Z,FR,60515
2024-02-14T20:00Z,FR,57148
2024-02-14T21:00Z,FR,53394
2024-02-14T22:00Z,FR,49680
2024-02-14T23:00Z,FR,46755
2024-02-15T00:00Z,FR,45184
2024-02-15T01:00Z,FR,43996
2024-02-15T02:00Z,FR,43886
2024-02-15T03:00Z,FR,44845
2024-02-15T04:00Z,FR,48913
2024-02-15T05:00Z,FR,55459
2024-02-15T06:00Z,FR,61088
2024-02-15T07:00Z,FR,63513
2024-02-15T08:00Z,FR,64563
2024-02-15T09:00Z,FR,64224
2024-02-15T10:00Z,FR,63777
2024-02-15T11:00Z,FR,62604
2024-02-15T12:00Z,FR,62318
2024-02-15T13:00Z,FR,61477
2024-02-15T14:00Z,FR,61525
2024-02-15T15:00Z,FR,63109
2024-02-15T16:00Z,FR,65786
2024-02-15T17:00Z,FR,66403
2024-02-15T18:00Z,FR,64107
2024-02-15T19:00Z,FR,60945
2024-02-15T20:00Z,FR,57750
2024-02-15T21:00Z,FR,53673
2024-02-15T22:00Z,FR,49580
2024-02-15T23:00Z,FR,44479
2024-02-16T00:00Z,FR,42820
2024-02-16T01:00Z,FR,41707
2024-02-16T02:00Z,FR,41499
2024-02-16T03:00Z,FR,42340
2024-02-16T04:00Z,FR,46342
2024-02-16T05:00Z,FR,52905
2024-02-16T06:00Z,FR,58407
2024-02-16T07:00Z,FR,60699
2024-02-16T08:00Z,FR,61804
2024-02-16T09:00Z,FR,61692
2024-02-16T10:00Z,FR,61006
2024-02-16T11:00Z,FR,59998
2024-02-16T12:00Z,FR,59463
2024-02-16T13:00Z,FR,59118
2024-02-16T14:00Z,FR,59307
2024-02-16T15:00Z,FR,61139
2024-02-16T16:00Z,FR,63909
2024-02-16T17:00Z,FR,64293
2024-02-16T18:00Z,FR,62189
2024-02-16T19:00Z,FR,59320
2024-02-16T20:00Z,FR,55972
2024-02-16T21:00Z,FR,51736
2024-02-16T22:00Z,FR,47963
2024-02-16T23:00Z,FR,45154
2024-02-17T00:00Z,FR,44060
2024-02-17T01:00Z,FR,43373
2024-02-17T02:00Z,FR,43270
2024-02-17T03:00Z,FR,43987
2024-02-17T04:00Z,FR,46170
2024-02-17T05:00Z,FR,49516
2024-02-17T06:00Z,FR,52749
2024-02-17T07:00Z,FR,53921
2024-02-17T08:00Z,FR,54407
2024-02-17T09:00Z,FR,54334
2024-02-17T10:00Z,FR,54097
2024-02-17T11:00Z,FR,53593
2024-02-17T12:00Z,FR,53224
2024-02-17T13:00Z,FR,52857
2024-02-17T14:00Z,FR,53002
2024-02-17T15:00Z,FR,53493
2024-02-17T16:00Z,FR,55006
2024-02-17T17:00Z,FR,55355
2024-02-17T18:00Z,FR,54099
2024-02-17T19:00Z,FR,52499
2024-02-17T20:00Z,FR,50781
2024-02-17T21:00Z,FR,49092
2024-02-17T22:00Z,FR,46833
2024-02-17T23:00Z,FR,39678
2024-02-18T00:00Z,FR,38850
2024-02-18T01:00Z,FR,38453
2024-02-18T02:00Z,FR,38572
2024-02-18T03:00Z,FR,39043
2024-02-18T04:00Z,FR,41000
2024-02-18T05:00Z,FR,44051
2024-02-18T06:00Z,FR,46663
2024-02-18T07:00Z,FR,47774
2024-02-18T08:00Z,FR,48136
2024-02-18T09:00Z,FR,48288
2024-02-18T10:00Z,FR,48067
2024-02-18T11:00Z,FR,47409
2024-02-18T12:00Z,FR,47260
2024-02-18T13:00Z,FR,46995
2024-02-18T14:00Z,FR,46985
2024-02-18T15:00Z,FR,47818
2024-02-18T16:00Z,FR,49247
2024-02-18T17:00Z,FR,49327
2024-02-18T18:00Z,FR,48501
2024-02-18T19:00Z,FR,46899
2024-02-18T20:00Z,FR,45538
2024-02-18T21:00Z,FR,43642
2024-02-18T22:00Z,FR,41765
2024-02-18T23:00Z,FR,40702
2024-02-19T00:00Z,FR,39082
2024-02-19T01:00Z,FR,38226
2024-02-19T02:00Z,FR,37955
2024-02-19T03:00Z,FR,38929
2024-02-19T04:00Z,FR,42409
2024-02-19T05:00Z,FR,48200
2024-02-19T06:00Z,FR,53158
2024-02-19T07:00Z,FR,55109
2024-02-19T08:00Z,FR,55674
2024-02-19T09:00Z,FR,55788
2024-02-19T10:00Z,FR,55572
2024-02-19T11:00Z,FR,54760
2024-02-19T12:00Z,FR,54251
2024-02-19T13:00Z,FR,53673
2024-02-19T14:00Z,FR,53537
2024-02-19T15:00Z,FR,54796
2024-02-19T16:00Z,FR,57275
2024-02-19T17:00Z,FR,57078
2024-02-19T18:00Z,FR,55579
2024-02-19T19:00Z,FR,52842
2024-02-19T20:00Z,FR,49764
2024-02-19T21:00Z,FR,46398
2024-02-19T22:00Z,FR,43075
2024-02-19T23:00Z,FR,43440
2024-02-20T00:00Z,FR,41817
2024-02-20T01:00Z,FR,40828
2024-02-20T02:00Z,FR,40986
2024-02-20T03:00Z,FR,41935
2024-02-20T04:00Z,FR,45608
2024-02-20T05:00Z,FR,51870
2024-02-20T06:00Z,FR,57231
2024-02-20T07:00Z,FR,59396
2024-02-20T08:00Z,FR,60098
2024-02-20T09:00Z,FR,60503
2024-02-20T10:00Z,FR,60326
2024-02-20T11:00Z,FR,59283
2024-02-20T12:00Z,FR,59006
2024-02-20T13:00Z,FR,58315
2024-02-20T14:00Z,FR,58065
2024-02-20T15:00Z,FR,59287
2024-02-20T16:00Z,FR,62431
2024-02-20T17:00Z,FR,62572
2024-02-20T18:00Z,FR,60802
2024-02-20T19:00Z,FR,57897
2024-02-20T20:00Z,FR,54626
2024-02-20T21:00Z,FR,50814
2024-02-20T22:00Z,FR,47180
2024-02-20T23:00Z,FR,45916
2024-02-21T00:00Z,FR,43914
2024-02-21T01:00Z,FR,42948
2024-02-21T02:00Z,FR,42845
2024-02-21T03:00Z,FR,43685
2024-02-21T04:00Z,FR,47746
2024-02-21T05:00Z,FR,54452
2024-02-21T06:00Z,FR,60205
2024-02-21T07:00Z,FR,62398
2024-02-21T08:00Z,FR,63208
2024-02-21T09:00Z,FR,62810
2024-02-21T10:00Z,FR,62427
2024-02-21T11:00Z,FR,61229
2024-02-21T12:00Z,FR,60484
2024-02-21T13:00Z,FR,59816
2024-02-21T14:00Z,FR,59982
2024-02-21T15:00Z,FR,61581
2024-02-21T16:00Z,FR,64663
2024-02-21T17:00Z,FR,65480
2024-02-21T18:00Z,FR,63263
2024-02-21T19:00Z,FR,59908
2024-02-21T20:00Z,FR,56879
2024-02-21T21:00Z,FR,53107
2024-02-21T22:00Z,FR,49181
2024-02-21T23:00Z,FR,46231
2024-02-22T00:00Z,FR,44562
2024-02-22T01:00Z,FR,43548
2024-02-22T02:00Z,FR,43522
2024-02-22T03:00Z,FR,44565
2024-02-22T04:00Z,FR,48522
2024-02-22T05:00Z,FR,55271
2024-02-22T06:00Z,FR,61051
2024-02-22T07:00Z,FR,63554
2024-02-22T08:00Z,FR,64369
2024-02-22T09:00Z,FR,64277
2024-02-22T10:00Z,FR,63651
2024-02-22T11:00Z,FR,62632
2024-02-22T12:00Z,FR,61915
2024-02-22T13:00Z,FR,61155
2024-02-22T14:00Z,FR,61280
2024-02-22T15:00Z,FR,62814
2024-02-22T16:00Z,FR,65978
2024-02-22T17:00Z,FR,66915
2024-02-22T18:00Z,FR,64561
2024-02-22T19:00Z,FR,61193
2024-02-22T20:00Z,FR,57494
2024-02-22T21:00Z,FR,53826
2024-02-22T22:00Z,FR,49773
2024-02-22T23:00Z,FR,48204
2024-02-23T00:00Z,FR,46343
2024-02-23T01:00Z,FR,45161
2024-02-23T02:00Z,FR,45225
2024-02-23T03:00Z,FR,46268
2024-02-23T04:00Z,FR,50443
2024-02-23T05:00Z,FR,57239
2024-02-23T06:00Z,FR,63217
2024-02-23T07:00Z,FR,65804
2024-02-23T08:00Z,FR,66543
2024-02-23T09:00Z,FR,66495
2024-02-23T10:00Z,FR,65917
2024-02-23T11:00Z,FR,64625
2024-02-23T12:00Z,FR,64085
2024-02-23T13:00Z,FR,63636
2024-02-23T14:00Z,FR,63114
2024-02-23T15:00Z,FR,64775
2024-02-23T16:00Z,FR,68133
2024-02-23T17:00Z,FR,68663
2024-02-23T18:00Z,FR,66505
2024-02-23T19:00Z,FR,63105
2024-02-23T20:00Z,FR,60033
2024-02-23T21:00Z,FR,55941
2024-02-23T22:00Z,FR,51842
2024-02-23T23:00Z,FR,40282
2024-02-24T00:00Z,FR,39481
2024-02-24T01:00Z,FR,38779
2024-02-24T02:00Z,FR,38697
2024-02-24T03:00Z,FR,39326
2024-02-24T04:00Z,FR,41346
2024-02-24T05:00Z,FR,44617
2024-02-24T06:00Z,FR,47475
2024-02-24T07:00Z,FR,48255
2024-02-24T08:00Z,FR,48543
2024-02-24T09:00Z,FR,48310
2024-02-24T10:00Z,FR,48210
2024-02-24T11:00Z,FR,47995
2024-02-24T12:00Z,FR,47691
2024-02-24T13:00Z,FR,47414
2024-02-24T14:00Z,FR,47226
2024-02-24T15:00Z,FR,48005
2024-02-24T16:00Z,FR,49406
2024-02-24T17:00Z,FR,49936
2024-02-24T18:00Z,FR,49056
2024-02-24T19:00Z,FR,47437
2024-02-24T20:00Z,FR,45692
2024-02-24T21:00Z,FR,44017
2024-02-24T22:00Z,FR,42023
2024-02-24T23:00Z,FR,35053
2024-02-25T00:00Z,FR,34177
2024-02-25T01:00Z,FR,33680
2024-02-25T02:00Z,FR,33512
2024-02-25T03:00Z,FR,34117
2024-02-25T04:00Z,FR,35660
2024-02-25T05:00Z,FR,38669
2024-02-25T06:00Z,FR,41020
2024-02-25T07:00Z,FR,41930
2024-02-25T08:00Z,FR,42072
2024-02-25T09:00Z,FR,42097
2024-02-25T10:00Z,FR,42030
2024-02-25T11:00Z,FR,41506
2024-02-25T12:00Z,FR,41434
2024-02-25T13:00Z,FR,41194
2024-02-25T14:00Z,FR,41320
2024-02-25T15:00Z,FR,42013
2024-02-25T16:00Z,FR,43200
2024-02-25T17:00Z,FR,43223
2024-02-25T18:00Z,FR,42296
2024-02-25T19:00Z,FR,40850
2024-02-25T20:00Z,FR,39588
2024-02-25T21:00Z,FR,37929
2024-02-25T22:00Z,FR,36359
2024-02-25T23:00Z,FR,43096
2024-02-26T00:00Z,FR,41478
2024-02-26T01:00Z,FR,40114
2024-02-26T02:00Z,FR,40145
2024-02-26T03:00Z,FR,41145
2024-02-26T04:00Z,FR,44822
2024-02-26T05:00Z,FR,50961
2024-02-26T06:00Z,FR,56466
2024-02-26T07:00Z,FR,58614
2024-02-26T08:00Z,FR,59387
2024-02-26T09:00Z,FR,59453
2024-02-26T10:00Z,FR,59192
2024-02-26T11:00Z,FR,58189
2024-02-26T12:00Z,FR,57496
2024-02-26T13:00Z,FR,56728
2024-02-26T14:00Z,FR,56764
2024-02-26T15:00Z,FR,58203
2024-02-26T16:00Z,FR,60832
2024-02-26T17:00Z,FR,61517
2024-02-26T18:00Z,FR,59609
2024-02-26T19:00Z,FR,56749
2024-02-26T20:00Z,FR,53650
2024-02-26T21:00Z,FR,49788
2024-02-26T22:00Z,FR,46002
2024-02-26T23:00Z,FR,42931
2024-02-27T00:00Z,FR,41283
2024-02-27T01:00Z,FR,40432
2024-02-27T02:00Z,FR,40373
2024-02-27T03:00Z,FR,41490
2024-02-27T04:00Z,FR,45018
2024-02-27T05:00Z,FR,51149
2024-02-27T06:00Z,FR,56580
2024-02-27T07:00Z,FR,58811
2024-02-27T08:00Z,FR,59395
2024-02-27T09:00Z,FR,59479
2024-02-27T10:00Z,FR,59020
2024-02-27T11:00Z,FR,58155
2024-02-27T12:00Z,FR,57626
2024-02-27T13:00Z,FR,57179
2024-02-27T14:00Z,FR,56995
2024-02-27T15:00Z,FR,58351
2024-02-27T16:00Z,FR,61015
2024-02-27T17:00Z,FR,61765
2024-02-27T18:00Z,FR,59685
2024-02-27T19:00Z,FR,56722
2024-02-27T20:00Z,FR,53481
2024-02-27T21:00Z,FR,49834
2024-02-27T22:00Z,FR,46157
2024-02-27T23:00Z,FR,42612
2024-02-28T00:00Z,FR,41006
2024-02-28T01:00Z,FR,39955
2024-02-28T02:00Z,FR,39869
2024-02-28T03:00Z,FR,41186
2024-02-28T04:00Z,FR,44788
2024-02-28T05:00Z,FR,51185
2024-02-28T06:00Z,FR,56416
2024-02-28T07:00Z,FR,58446
2024-02-28T08:00Z,FR,59256
2024-02-28T09:00Z,FR,59372
2024-02-28T10:00Z,FR,58758
2024-02-28T11:00Z,FR,57867
2024-02-28T12:00Z,FR,57534
2024-02-28T13:00Z,FR,57035
2024-02-28T14:00Z,FR,57318
2024-02-28T15:00Z,FR,58482
2024-02-28T16:00Z,FR,61028
2024-02-28T17:00Z,FR,61339
2024-02-28T18:00Z,FR,59478
2024-02-28T19:00Z,FR,56340
2024-02-28T20:00Z,FR,53696
2024-02-28T21:00Z,FR,49994
2024-02-28T22:00Z,FR,46152
2024-02-28T23:00Z,FR,43751
2024-02-29T00:00Z,FR,41967
2024-02-29T01:00Z,FR,40639
2024-02-29T02:00Z,FR,40713
2024-02-29T03:00Z,FR,41542
2024-02-29T04:00Z,FR,45320
2024-02-29T05:00Z,FR,51635
2024-02-29T06:00Z,FR,56966
2024-02-29T07:00Z,FR,59436
2024-02-29T08:00Z,FR,60124
2024-02-29T09:00Z,FR,60491
2024-02-29T10:00Z,FR,59838
2024-02-29T11:00Z,FR,59060
2024-02-29T12:00Z,FR,58575
2024-02-29T13:00Z,FR,57803
2024-02-29T14:00Z,FR,57508
2024-02-29T15:00Z,FR,58832
2024-02-29T16:00Z,FR,61838
2024-02-29T17:00Z,FR,62358
2024-02-29T18:00Z,FR,60300
2024-02-29T19:00Z,FR,57488
2024-02-29T20:00Z,FR,54235
2024-02-29T21:00Z,FR,50493
2024-02-29T22:00Z,FR,46804
2024-02-29T23:00Z,FR,43998
2024-03-01T00:00Z,FR,42003
2024-03-01T01:00Z,FR,41057
2024-03-01T02:00Z,FR,41043
2024-03-01T03:00Z,FR,41869
2024-03-01T04:00Z,FR,45706
2024-03-01T05:00Z,FR,51942
2024-03-01T06:00Z,FR,57196
2024-03-01T07:00Z,FR,59505
2024-03-01T08:00Z,FR,60155
2024-03-01T09:00Z,FR,60742
2024-03-01T10:00Z,FR,60314
2024-03-01T11:00Z,FR,59468
2024-03-01T12:00Z,FR,59100
2024-03-01T13:00Z,FR,58409
2024-03-01T14:00Z,FR,58464
2024-03-01T15:00Z,FR,59902
2024-03-01T16:00Z,FR,62244
2024-03-01T17:00Z,FR,62418
2024-03-01T18:00Z,FR,60051
2024-03-01T19:00Z,FR,57514
2024-03-01T20:00Z,FR,54569
2024-03-01T21:00Z,FR,51074
2024-03-01T22:00Z,FR,47341
2024-03-01T23:00Z,FR,44074
2024-03-02T00:00Z,FR,43093
2024-03-02T01:00Z,FR,42544
2024-03-02T02:00Z,FR,42372
2024-03-02T03:00Z,FR,42926
2024-03-02T04:00Z,FR,44721
2024-03-02T05:00Z,FR,48090
2024-03-02T06:00Z,FR,51049
2024-03-02T07:00Z,FR,52269
2024-03-02T08:00Z,FR,52684
2024-03-02T09:00Z,FR,52886
2024-03-02T10:00Z,FR,52923
2024-03-02T11:00Z,FR,52242
2024-03-02T12:00Z,FR,51937
2024-03-02T13:00Z,FR,51760
2024-03-02T14:00Z,FR,51813
2024-03-02T15:00Z,FR,53028
2024-03-02T16:00Z,FR,54449
2024-03-02T17:00Z,FR,54798
2024-03-02T18:00Z,FR,53741
2024-03-02T19:00Z,FR,51762
2024-03-02T20:00Z,FR,49948
2024-03-02T21:00Z,FR,47820
2024-03-02T22:00Z,FR,45641
2024-03-02T23:00Z,FR,40703
2024-03-03T00:00Z,FR,39986
2024-03-03T01:00Z,FR,39183
2024-03-03T02:00Z,FR,39166
2024-03-03T03:00Z,FR,39614
2024-03-03T04:00Z,FR,41657
2024-03-03T05:00Z,FR,44959
2024-03-03T06:00Z,FR,47615
2024-03-03T07:00Z,FR,48589
2024-03-03T08:00Z,FR,49167
2024-03-03T09:00Z,FR,49267
2024-03-03T10:00Z,FR,49038
2024-03-03T11:00Z,FR,48647
2024-03-03T12:00Z,FR,48315
2024-03-03T13:00Z,FR,47796
2024-03-03T14:00Z,FR,47629
2024-03-03T15:00Z,FR,48386
2024-03-03T16:00Z,FR,49759
2024-03-03T17:00Z,FR,50026
2024-03-03T18:00Z,FR,49003
2024-03-03T19:00Z,FR,47589
2024-03-03T20:00Z,FR,45969
2024-03-03T21:00Z,FR,44267
2024-03-03T22:00Z,FR,42442
2024-03-03T23:00Z,FR,47638
2024-03-04T00:00Z,FR,45916
2024-03-04T01:00Z,FR,44924
2024-03-04T02:00Z,FR,44923
2024-03-04T03:00Z,FR,45973
2024-03-04T04:00Z,FR,49752
2024-03-04T05:00Z,FR,56406
2024-03-04T06:00Z,FR,62429
2024-03-04T07:00Z,FR,65339
2024-03-04T08:00Z,FR,65823
2024-03-04T09:00Z,FR,65997
2024-03-04T10:00Z,FR,65469
2024-03-04T11:00Z,FR,64438
2024-03-04T12:00Z,FR,63697
2024-03-04T13:00Z,FR,63428
2024-03-04T14:00Z,FR,63260
2024-03-04T15:00Z,FR,64456
2024-03-04T16:00Z,FR,67305
2024-03-04T17:00Z,FR,67380
2024-03-04T18:00Z,FR,64939
2024-03-04T19:00Z,FR,62141
2024-03-04T20:00Z,FR,59352
2024-03-04T21:00Z,FR,55407
2024-03-04T22:00Z,FR,51146
2024-03-04T23:00Z,FR,44295
2024-03-05T00:00Z,FR,42778
2024-03-05T01:00Z,FR,41709
2024-03-05T02:00Z,FR,41784
2024-03-05T03:00Z,FR,42880
2024-03-05T04:00Z,FR,46466
2024-03-05T05:00Z,FR,52790
2024-03-05T06:00Z,FR,58017
2024-03-05T07:00Z,FR,60301
2024-03-05T08:00Z,FR,61060
2024-03-05T09:00Z,FR,61286
2024-03-05T10:00Z,FR,60682
2024-03-05T11:00Z,FR,59940
2024-03-05T12:00Z,FR,59147
2024-03-05T13:00Z,FR,58696
2024-03-05T14:00Z,FR,58880
2024-03-05T15:00Z,FR,59938
2024-03-05T16:00Z,FR,62761
2024-03-05T17:00Z,FR,63117
2024-03-05T18:00Z,FR,61196
2024-03-05T19:00Z,FR,58033
2024-03-05T20:00Z,FR,54816
2024-03-05T21:00Z,FR,51616
2024-03-05T22:00Z,FR,47815
2024-03-05T23:00Z,FR,42680
2024-03-06T00:00Z,FR,41186
2024-03-06T01:00Z,FR,39969
2024-03-06T02:00Z,FR,39728
2024-03-06T03:00Z,FR,40744
2024-03-06T04:00Z,FR,44660
2024-03-06T05:00Z,FR,50632
2024-03-06T06:00Z,FR,55714
2024-03-06T07:00Z,FR,58345
2024-03-06T08:00Z,FR,58962
2024-03-06T09:00Z,FR,59106
2024-03-06T10:00Z,FR,58916
2024-03-06T11:00Z,FR,57977
2024-03-06T12:00Z,FR,57545
2024-03-06T13:00Z,FR,56931
2024-03-06T14:00Z,FR,56562
2024-03-06T15:00Z,FR,57781
2024-03-06T16:00Z,FR,60735
2024-03-06T17:00Z,FR,60859
2024-03-06T18:00Z,FR,59006
2024-03-06T19:00Z,FR,56025
2024-03-06T20:00Z,FR,53181
2024-03-06T21:00Z,FR,49690
2024-03-06T22:00Z,FR,46151
2024-03-06T23:00Z,FR,44398
2024-03-07T00:00Z,FR,42474
2024-03-07T01:00Z,FR,41324
2024-03-07T02:00Z,FR,40924
2024-03-07T03:00Z,FR,41908
2024-03-07T04:00Z,FR,45630
2024-03-07T05:00Z,FR,51931
2024-03-07T06:00Z,FR,57351
2024-03-07T07:00Z,FR,59773
2024-03-07T08:00Z,FR,60551
2024-03-07T09:00Z,FR,60787
2024-03-07T10:00Z,FR,60404
2024-03-07T11:00Z,FR,59559
2024-03-07T12:00Z,FR,59366
2024-03-07T13:00Z,FR,58812
2024-03-07T14:00Z,FR,58556
2024-03-07T15:00Z,FR,60076
2024-03-07T16:00Z,FR,62688
2024-03-07T17:00Z,FR,63047
2024-03-07T18:00Z,FR,60600
2024-03-07T19:00Z,FR,57779
2024-03-07T20:00Z,FR,54983
2024-03-07T21:00Z,FR,51398
2024-03-07T22:00Z,FR,47653
2024-03-07T23:00Z,FR,44633
2024-03-08T00:00Z,FR,42831
2024-03-08T01:00Z,FR,41606
2024-03-08T02:00Z,FR,41651
2024-03-08T03:00Z,FR,42709
2024-03-08T04:00Z,FR,46308
2024-03-08T05:00Z,FR,52637
2024-03-08T06:00Z,FR,58467
2024-03-08T07:00Z,FR,60843
2024-03-08T08:00Z,FR,61810
2024-03-08T09:00Z,FR,62023
2024-03-08T10:00Z,FR,61785
2024-03-08T11:00Z,FR,61121
2024-03-08T12:00Z,FR,60077
2024-03-08T13:00Z,FR,59575
2024-03-08T14:00Z,FR,59549
2024-03-08T15:00Z,FR,60721
2024-03-08T16:00Z,FR,63054
2024-03-08T17:00Z,FR,63242
2024-03-08T18:00Z,FR,61300
2024-03-08T19:00Z,FR,58526
2024-03-08T20:00Z,FR,55391
2024-03-08T21:00Z,FR,51707
2024-03-08T22:00Z,FR,47603
2024-03-08T23:00Z,FR,39322
2024-03-09T00:00Z,FR,38585
2024-03-09T01:00Z,FR,38022
2024-03-09T02:00Z,FR,37901
2024-03-09T03:00Z,FR,38505
2024-03-09T04:00Z,FR,40407
2024-03-09T05:00Z,FR,43362
2024-03-09T06:00Z,FR,45975
2024-03-09T07:00Z,FR,47348
2024-03-09T08:00Z,FR,47931
2024-03-09T09:00Z,FR,47932
2024-03-09T10:00Z,FR,47651
2024-03-09T11:00Z,FR,47188
2024-03-09T12:00Z,FR,47033
2024-03-09T13:00Z,FR,46701
2024-03-09T14:00Z,FR,46646
2024-03-09T15:00Z,FR,47335
2024-03-09T16:00Z,FR,48455
2024-03-09T17:00Z,FR,48443
2024-03-09T18:00Z,FR,47519
2024-03-09T19:00Z,FR,46035
2024-03-09T20:00Z,FR,44553
2024-03-09T21:00Z,FR,42739
2024-03-09T22:00Z,FR,40966
2024-03-09T23:00Z,FR,34787
2024-03-10T00:00Z,FR,34079
2024-03-10T01:00Z,FR,33483
2024-03-10T02:00Z,FR,33374
2024-03-10T03:00Z,FR,33925
2024-03-10T04:00Z,FR,35637
2024-03-10T05:00Z,FR,38453
2024-03-10T06:00Z,FR,40821
2024-03-10T07:00Z,FR,41845
2024-03-10T08:00Z,FR,42273
2024-03-10T09:00Z,FR,42200
2024-03-10T10:00Z,FR,41878
2024-03-10T11:00Z,FR,41435
2024-03-10T12:00Z,FR,41194
2024-03-10T13:00Z,FR,41210
2024-03-10T14:00Z,FR,41172
2024-03-10T15:00Z,FR,41842
2024-03-10T16:00Z,FR,42998
2024-03-10T17:00Z,FR,43129
2024-03-10T18:00Z,FR,42142
2024-03-10T19:00Z,FR,40846
2024-03-10T20:00Z,FR,39468
2024-03-10T21:00Z,FR,37989
2024-03-10T22:00Z,FR,36182
2024-03-10T23:00Z,FR,41547
2024-03-11T00:00Z,FR,39823
2024-03-11T01:00Z,FR,38681
2024-03-11T02:00Z,FR,38840
2024-03-11T03:00Z,FR,39778
2024-03-11T04:00Z,FR,43412
2024-03-11T05:00Z,FR,49462
2024-03-11T06:00Z,FR,54369
2024-03-11T07:00Z,FR,56357
2024-03-11T08:00Z,FR,56992
2024-03-11T09:00Z,FR,57445
2024-03-11T10:00Z,FR,56929
2024-03-11T11:00Z,FR,56277
2024-03-11T12:00Z,FR,55834
2024-03-11T13:00Z,FR,55597
2024-03-11T14:00Z,FR,55549
2024-03-11T15:00Z,FR,56744
2024-03-11T16:00Z,FR,58912
2024-03-11T17:00Z,FR,59445
2024-03-11T18:00Z,FR,57790
2024-03-11T19:00Z,FR,55221
2024-03-11T20:00Z,FR,52581
2024-03-11T21:00Z,FR,48981
2024-03-11T22:00Z,FR,45143
2024-03-11T23:00Z,FR,43783
2024-03-12T00:00Z,FR,42162
2024-03-12T01:00Z,FR,40966
2024-03-12T02:00Z,FR,40506
2024-03-12T03:00Z,FR,41517
2024-03-12T04:00Z,FR,45051
2024-03-12T05:00Z,FR,51131
2024-03-12T06:00Z,FR,56335
2024-03-12T07:00Z,FR,58656
2024-03-12T08:00Z,FR,59656
2024-03-12T09:00Z,FR,59684
2024-03-12T10:00Z,FR,59332
2024-03-12T11:00Z,FR,58807
2024-03-12T12:00Z,FR,58375
2024-03-12T13:00Z,FR,58016
2024-03-12T14:00Z,FR,58363
2024-03-12T15:00Z,FR,59562
2024-03-12T16:00Z,FR,61928
2024-03-12T17:00Z,FR,62265
2024-03-12T18:00Z,FR,60135
2024-03-12T19:00Z,FR,57318
2024-03-12T20:00Z,FR,54052
2024-03-12T21:00Z,FR,50715
2024-03-12T22:00Z,FR,46906
2024-03-12T23:00Z,FR,38101
2024-03-13T00:00Z,FR,36676
2024-03-13T01:00Z,FR,35681
2024-03-13T02:00Z,FR,35390
2024-03-13T03:00Z,FR,36174
2024-03-13T04:00Z,FR,39115
2024-03-13T05:00Z,FR,44687
2024-03-13T06:00Z,FR,49120
2024-03-13T07:00Z,FR,51142
2024-03-13T08:00Z,FR,51812
2024-03-13T09:00Z,FR,52284
2024-03-13T10:00Z,FR,52174
2024-03-13T11:00Z,FR,51623
2024-03-13T12:00Z,FR,51213
2024-03-13T13:00Z,FR,50470
2024-03-13T14:00Z,FR,50345
2024-03-13T15:00Z,FR,51424
2024-03-13T16:00Z,FR,53629
2024-03-13T17:00Z,FR,53706
2024-03-13T18:00Z,FR,51826
2024-03-13T19:00Z,FR,49548
2024-03-13T20:00Z,FR,47287
2024-03-13T21:00Z,FR,44190
2024-03-13T22:00Z,FR,40906
2024-03-13T23:00Z,FR,36708
2024-03-14T00:00Z,FR,35300
2024-03-14T01:00Z,FR,34443
2024-03-14T02:00Z,FR,34272
2024-03-14T03:00Z,FR,35112
2024-03-14T04:00Z,FR,38228
2024-03-14T05:00Z,FR,43431
2024-03-14T06:00Z,FR,47946
2024-03-14T07:00Z,FR,49942
2024-03-14T08:00Z,FR,50885
2024-03-14T09:00Z,FR,51076
2024-03-14T10:00Z,FR,50693
2024-03-14T11:00Z,FR,49873
2024-03-14T12:00Z,FR,49171
2024-03-14T13:00Z,FR,48880
2024-03-14T14:00Z,FR,48996
2024-03-14T15:00Z,FR,49885
2024-03-14T16:00Z,FR,52013
2024-03-14T17:00Z,FR,52484
2024-03-14T18:00Z,FR,50712
2024-03-14T19:00Z,FR,48139
2024-03-14T20:00Z,FR,45843
2024-03-14T21:00Z,FR,42762
2024-03-14T22:00Z,FR,39458
2024-03-14T23:00Z,FR,37002
2024-03-15T00:00Z,FR,35597
2024-03-15T01:00Z,FR,34783
2024-03-15T02:00Z,FR,34704
2024-03-15T03:00Z,FR,35576
2024-03-15T04:00Z,FR,38531
2024-03-15T05:00Z,FR,43594
2024-03-15T06:00Z,FR,48038
2024-03-15T07:00Z,FR,50366
2024-03-15T08:00Z,FR,51022
2024-03-15T09:00Z,FR,51361
2024-03-15T10:00Z,FR,51014
2024-03-15T11:00Z,FR,50507
2024-03-15T12:00Z,FR,49963
2024-03-15T13:00Z,FR,49473
2024-03-15T14:00Z,FR,49367
2024-03-15T15:00Z,FR,50319
2024-03-15T16:00Z,FR,52282
2024-03-15T17:00Z,FR,52492
2024-03-15T18:00Z,FR,50744
2024-03-15T19:00Z,FR,48580
2024-03-15T20:00Z,FR,46033
2024-03-15T21:00Z,FR,42814
2024-03-15T22:00Z,FR,39695
2024-03-15T23:00Z,FR,34046
2024-03-16T00:00Z,FR,33379
2024-03-16T01:00Z,FR,32854
2024-03-16T02:00Z,FR,32926
2024-03-16T03:00Z,FR,33289
2024-03-16T04:00Z,FR,34695
2024-03-16T05:00Z,FR,37354
2024-03-16T06:00Z,FR,39685
2024-03-16T07:00Z,FR,40674
2024-03-16T08:00Z,FR,41105
2024-03-16T09:00Z,FR,41049
2024-03-16T10:00Z,FR,40925
2024-03-16T11:00Z,FR,40451
2024-03-16T12:00Z,FR,40228
2024-03-16T13:00Z,FR,40176
2024-03-16T14:00Z,FR,40168
2024-03-16T15:00Z,FR,40739
2024-03-16T16:00Z,FR,41703
2024-03-16T17:00Z,FR,42015
2024-03-16T18:00Z,FR,40926
2024-03-16T19:00Z,FR,39818
2024-03-16T20:00Z,FR,38740
2024-03-16T21:00Z,FR,37191
2024-03-16T22:00Z,FR,35399
2024-03-16T23:00Z,FR,28092
2024-03-17T00:00Z,FR,27655
2024-03-17T01:00Z,FR,27294
2024-03-17T02:00Z,FR,27284
2024-03-17T03:00Z,FR,27611
2024-03-17T04:00Z,FR,28881
2024-03-17T05:00Z,FR,31065
2024-03-17T06:00Z,FR,32857
2024-03-17T07:00Z,FR,33717
2024-03-17T08:00Z,FR,34023
2024-03-17T09:00Z,FR,34089
2024-03-17T10:00Z,FR,34013
2024-03-17T11:00Z,FR,33707
2024-03-17T12:00Z,FR,33596
2024-03-17T13:00Z,FR,33401
2024-03-17T14:00Z,FR,33474
2024-03-17T15:00Z,FR,33610
2024-03-17T16:00Z,FR,34232
2024-03-17T17:00Z,FR,34566
2024-03-17T18:00Z,FR,33908
2024-03-17T19:00Z,FR,32985
2024-03-17T20:00Z,FR,32080
2024-03-17T21:00Z,FR,30790
2024-03-17T22:00Z,FR,29706
2024-03-17T23:00Z,FR,36750
2024-03-18T00:00Z,FR,35281
2024-03-18T01:00Z,FR,34575
2024-03-18T02:00Z,FR,34293
2024-03-18T03:00Z,FR,34917
2024-03-18T04:00Z,FR,37930
2024-03-18T05:00Z,FR,42681
2024-03-18T06:00Z,FR,47139
2024-03-18T07:00Z,FR,49098
2024-03-18T08:00Z,FR,50060
2024-03-18T09:00Z,FR,50344
2024-03-18T10:00Z,FR,50089
2024-03-18T11:00Z,FR,49237
2024-03-18T12:00Z,FR,48640
2024-03-18T13:00Z,FR,48295
2024-03-18T14:00Z,FR,48425
2024-03-18T15:00Z,FR,49508
2024-03-18T16:00Z,FR,51269
2024-03-18T17:00Z,FR,51465
2024-03-18T18:00Z,FR,49729
2024-03-18T19:00Z,FR,47194
2024-03-18T20:00Z,FR,44971
2024-03-18T21:00Z,FR,42038
2024-03-18T22:00Z,FR,39104
2024-03-18T23:00Z,FR,38951
2024-03-19T00:00Z,FR,37567
2024-03-19T01:00Z,FR,36704
2024-03-19T02:00Z,FR,36624
2024-03-19T03:00Z,FR,37356
2024-03-19T04:00Z,FR,40333
2024-03-19T05:00Z,FR,45507
2024-03-19T06:00Z,FR,50228
2024-03-19T07:00Z,FR,52456
2024-03-19T08:00Z,FR,53121
2024-03-19T09:00Z,FR,53601
2024-03-19T10:00Z,FR,53116
2024-03-19T11:00Z,FR,52366
2024-03-19T12:00Z,FR,52063
2024-03-19T13:00Z,FR,51723
2024-03-19T14:00Z,FR,51686
2024-03-19T15:00Z,FR,52767
2024-03-19T16:00Z,FR,54800
2024-03-19T17:00Z,FR,54815
2024-03-19T18:00Z,FR,53153
2024-03-19T19:00Z,FR,50585
2024-03-19T20:00Z,FR,48023
2024-03-19T21:00Z,FR,45094
2024-03-19T22:00Z,FR,41643
2024-03-19T23:00Z,FR,40227
2024-03-20T00:00Z,FR,38704
2024-03-20T01:00Z,FR,37616
2024-03-20T02:00Z,FR,37552
2024-03-20T03:00Z,FR,38426
2024-03-20T04:00Z,FR,41671
2024-03-20T05:00Z,FR,47300
2024-03-20T06:00Z,FR,52152
2024-03-20T07:00Z,FR,54508
2024-03-20T08:00Z,FR,55195
2024-03-20T09:00Z,FR,55276
2024-03-20T10:00Z,FR,55104
2024-03-20T11:00Z,FR,54532
2024-03-20T12:00Z,FR,53956
2024-03-20T13:00Z,FR,53769
2024-03-20T14:00Z,FR,53887
2024-03-20T15:00Z,FR,54705
2024-03-20T16:00Z,FR,56365
2024-03-20T17:00Z,FR,56447
2024-03-20T18:00Z,FR,54815
2024-03-20T19:00Z,FR,52524
2024-03-20T20:00Z,FR,50216
2024-03-20T21:00Z,FR,46657
2024-03-20T22:00Z,FR,43190
2024-03-20T23:00Z,FR,42753
2024-03-21T00:00Z,FR,41015
2024-03-21T01:00Z,FR,40074
2024-03-21T02:00Z,FR,39671
2024-03-21T03:00Z,FR,40662
2024-03-21T04:00Z,FR,44172
2024-03-21T05:00Z,FR,50031
2024-03-21T06:00Z,FR,55217
2024-03-21T07:00Z,FR,57447
2024-03-21T08:00Z,FR,58311
2024-03-21T09:00Z,FR,58902
2024-03-21T10:00Z,FR,58434
2024-03-21T11:00Z,FR,57725
2024-03-21T12:00Z,FR,57222
2024-03-21T13:00Z,FR,56961
2024-03-21T14:00Z,FR,56700
2024-03-21T15:00Z,FR,57701
2024-03-21T16:00Z,FR,59766
2024-03-21T17:00Z,FR,60150
2024-03-21T18:00Z,FR,58157
2024-03-21T19:00Z,FR,55358
2024-03-21T20:00Z,FR,52540
2024-03-21T21:00Z,FR,49219
2024-03-21T22:00Z,FR,45425
2024-03-21T23:00Z,FR,42419
2024-03-22T00:00Z,FR,40934
2024-03-22T01:00Z,FR,39928
2024-03-22T02:00Z,FR,39785
2024-03-22T03:00Z,FR,40779
2024-03-22T04:00Z,FR,44072
2024-03-22T05:00Z,FR,49947
2024-03-22T06:00Z,FR,55077
2024-03-22T07:00Z,FR,57439
2024-03-22T08:00Z,FR,58371
2024-03-22T09:00Z,FR,58680
2024-03-22T10:00Z,FR,58677
2024-03-22T11:00Z,FR,57894
2024-03-22T12:00Z,FR,57650
2024-03-22T13:00Z,FR,57046
2024-03-22T14:00Z,FR,57002
2024-03-22T15:00Z,FR,57784
2024-03-22T16:00Z,FR,59835
2024-03-22T17:00Z,FR,59783
2024-03-22T18:00Z,FR,58110
2024-03-22T19:00Z,FR,55397
2024-03-22T20:00Z,FR,52960
2024-03-22T21:00Z,FR,49844
2024-03-22T22:00Z,FR,46164
2024-03-22T23:00Z,FR,38353
2024-03-23T00:00Z,FR,37545
2024-03-23T01:00Z,FR,37061
2024-03-23T02:00Z,FR,37118
2024-03-23T03:00Z,FR,37440
2024-03-23T04:00Z,FR,39006
2024-03-23T05:00Z,FR,41816
2024-03-23T06:00Z,FR,44428
2024-03-23T07:00Z,FR,45636
2024-03-23T08:00Z,FR,45958
2024-03-23T09:00Z,FR,46355
2024-03-23T10:00Z,FR,46038
2024-03-23T11:00Z,FR,45786
2024-03-23T12:00Z,FR,45530
2024-03-23T13:00Z,FR,45314
2024-03-23T14:00Z,FR,45203
2024-03-23T15:00Z,FR,45550
2024-03-23T16:00Z,FR,46571
2024-03-23T17:00Z,FR,46642
2024-03-23T18:00Z,FR,45362
2024-03-23T19:00Z,FR,44156
2024-03-23T20:00Z,FR,43100
2024-03-23T21:00Z,FR,41428
2024-03-23T22:00Z,FR,39586
2024-03-23T23:00Z,FR,34331
2024-03-24T00:00Z,FR,33654
2024-03-24T01:00Z,FR,33205
2024-03-24T02:00Z,FR,33131
2024-03-24T03:00Z,FR,33523
2024-03-24T04:00Z,FR,35211
2024-03-24T05:00Z,FR,37606
2024-03-24T06:00Z,FR,40003
2024-03-24T07:00Z,FR,41111
2024-03-24T08:00Z,FR,41498
2024-03-24T09:00Z,FR,41769
2024-03-24T10:00Z,FR,41641
2024-03-24T11:00Z,FR,41309
2024-03-24T12:00Z,FR,41138
2024-03-24T13:00Z,FR,40985
2024-03-24T14:00Z,FR,40956
2024-03-24T15:00Z,FR,41068
2024-03-24T16:00Z,FR,42090
2024-03-24T17:00Z,FR,42304
2024-03-24T18:00Z,FR,41295
2024-03-24T19:00Z,FR,39946
2024-03-24T20:00Z,FR,38743
2024-03-24T21:00Z,FR,37279
2024-03-24T22:00Z,FR,35901
2024-03-24T23:00Z,FR,34240
2024-03-25T00:00Z,FR,32993
2024-03-25T01:00Z,FR,32192
2024-03-25T02:00Z,FR,32162
2024-03-25T03:00Z,FR,32700
2024-03-25T04:00Z,FR,35401
2024-03-25T05:00Z,FR,39936
2024-03-25T06:00Z,FR,44104
2024-03-25T07:00Z,FR,45899
2024-03-25T08:00Z,FR,47082
2024-03-25T09:00Z,FR,47330
2024-03-25T10:00Z,FR,47160
2024-03-25T11:00Z,FR,46554
2024-03-25T12:00Z,FR,46210
2024-03-25T13:00Z,FR,45797
2024-03-25T14:00Z,FR,45370
2024-03-25T15:00Z,FR,46010
2024-03-25T16:00Z,FR,47582
2024-03-25T17:00Z,FR,47935
2024-03-25T18:00Z,FR,46227
2024-03-25T19:00Z,FR,44622
2024-03-25T20:00Z,FR,42376
2024-03-25T21:00Z,FR,39521
2024-03-25T22:00Z,FR,36571
2024-03-25T23:00Z,FR,32162
2024-03-26T00:00Z,FR,31044
2024-03-26T01:00Z,FR,30383
2024-03-26T02:00Z,FR,30230
2024-03-26T03:00Z,FR,30756
2024-03-26T04:00Z,FR,33206
2024-03-26T05:00Z,FR,37542
2024-03-26T06:00Z,FR,41637
2024-03-26T07:00Z,FR,43383
2024-03-26T08:00Z,FR,44148
2024-03-26T09:00Z,FR,44504
2024-03-26T10:00Z,FR,44404
2024-03-26T11:00Z,FR,43796
2024-03-26T12:00Z,FR,43496
2024-03-26T13:00Z,FR,43033
2024-03-26T14:00Z,FR,42948
2024-03-26T15:00Z,FR,43563
2024-03-26T16:00Z,FR,44966
2024-03-26T17:00Z,FR,45384
2024-03-26T18:00Z,FR,43984
2024-03-26T19:00Z,FR,41986
2024-03-26T20:00Z,FR,40209
2024-03-26T21:00Z,FR,37746
2024-03-26T22:00Z,FR,34917
2024-03-26T23:00Z,FR,33598
2024-03-27T00:00Z,FR,32300
2024-03-27T01:00Z,FR,31468
2024-03-27T02:00Z,FR,31348
2024-03-27T03:00Z,FR,31912
2024-03-27T04:00Z,FR,34436
2024-03-27T05:00Z,FR,38920
2024-03-27T06:00Z,FR,42859
2024-03-27T07:00Z,FR,44796
2024-03-27T08:00Z,FR,45318
2024-03-27T09:00Z,FR,45605
2024-03-27T10:00Z,FR,45610
2024-03-27T11:00Z,FR,44968
2024-03-27T12:00Z,FR,44700
2024-03-27T13:00Z,FR,44264
2024-03-27T14:00Z,FR,43972
2024-03-27T15:00Z,FR,44596
2024-03-27T16:00Z,FR,45896
2024-03-27T17:00Z,FR,46037
2024-03-27T18:00Z,FR,44901
2024-03-27T19:00Z,FR,42954
2024-03-27T20:00Z,FR,40984
2024-03-27T21:00Z,FR,38443
2024-03-27T22:00Z,FR,35697
2024-03-27T23:00Z,FR,39235
2024-03-28T00:00Z,FR,37704
2024-03-28T01:00Z,FR,36674
2024-03-28T02:00Z,FR,36670
2024-03-28T03:00Z,FR,37396
2024-03-28T04:00Z,FR,40477
2024-03-28T05:00Z,FR,45714
2024-03-28T06:00Z,FR,50368
2024-03-28T07:00Z,FR,52982
2024-03-28T08:00Z,FR,53816
2024-03-28T09:00Z,FR,54196
2024-03-28T10:00Z,FR,53762
2024-03-28T11:00Z,FR,53148
2024-03-28T12:00Z,FR,52348
2024-03-28T13:00Z,FR,51883
2024-03-28T14:00Z,FR,51805
2024-03-28T15:00Z,FR,52431
2024-03-28T16:00Z,FR,53941
2024-03-28T17:00Z,FR,54474
2024-03-28T18:00Z,FR,52750
2024-03-28T19:00Z,FR,50746
2024-03-28T20:00Z,FR,48253
2024-03-28T21:00Z,FR,44977
2024-03-28T22:00Z,FR,41744
2024-03-28T23:00Z,FR,37489
2024-03-29T00:00Z,FR,36107
2024-03-29T01:00Z,FR,35017
2024-03-29T02:00Z,FR,34788
2024-03-29T03:00Z,FR,35783
2024-03-29T04:00Z,FR,38820
2024-03-29T05:00Z,FR,44059
2024-03-29T06:00Z,FR,48517
2024-03-29T07:00Z,FR,50667
2024-03-29T08:00Z,FR,51683
2024-03-29T09:00Z,FR,52240
2024-03-29T10:00Z,FR,52201
2024-03-29T11:00Z,FR,51285
2024-03-29T12:00Z,FR,50789
2024-03-29T13:00Z,FR,50310
2024-03-29T14:00Z,FR,50389
2024-03-29T15:00Z,FR,50854
2024-03-29T16:00Z,FR,52399
2024-03-29T17:00Z,FR,52104
2024-03-29T18:00Z,FR,50551
2024-03-29T19:00Z,FR,48406
2024-03-29T20:00Z,FR,46395
2024-03-29T21:00Z,FR,43380
2024-03-29T22:00Z,FR,40066
2024-03-29T23:00Z,FR,35492
2024-03-30T00:00Z,FR,34773
2024-03-30T01:00Z,FR,34182
2024-03-30T02:00Z,FR,34001
2024-03-30T03:00Z,FR,34506
2024-03-30T04:00Z,FR,36223
2024-03-30T05:00Z,FR,38821
2024-03-30T06:00Z,FR,41159
2024-03-30T07:00Z,FR,42278
2024-03-30T08:00Z,FR,42710
2024-03-30T09:00Z,FR,42692
2024-03-30T10:00Z,FR,42731
2024-03-30T11:00Z,FR,42347
2024-03-30T12:00Z,FR,42379
2024-03-30T13:00Z,FR,42202
2024-03-30T14:00Z,FR,42045
2024-03-30T15:00Z,FR,42699
2024-03-30T16:00Z,FR,43538
2024-03-30T17:00Z,FR,43517
2024-03-30T18:00Z,FR,42313
2024-03-30T19:00Z,FR,41257
2024-03-30T20:00Z,FR,40318
2024-03-30T21:00Z,FR,38913
2024-03-30T22:00Z,FR,37068
2024-03-30T23:00Z,FR,34557
2024-03-31T00:00Z,FR,34052
2024-03-31T01:00Z,FR,33446
2024-03-31T02:00Z,FR,33853
2024-03-31T03:00Z,FR,35425
2024-03-31T04:00Z,FR,37918
2024-03-31T05:00Z,FR,40119
2024-03-31T06:00Z,FR,41230
2024-03-31T07:00Z,FR,41547
2024-03-31T08:00Z,FR,41638
2024-03-31T09:00Z,FR,41674
2024-03-31T10:00Z,FR,41198
2024-03-31T11:00Z,FR,40975
2024-03-31T12:00Z,FR,40903
2024-03-31T13:00Z,FR,40933
2024-03-31T14:00Z,FR,41331
2024-03-31T15:00Z,FR,42277
2024-03-31T16:00Z,FR,42341
2024-03-31T17:00Z,FR,41554
2024-03-31T18:00Z,FR,40511
2024-03-31T19:00Z,FR,39390
2024-03-31T20:00Z,FR,37766
2024-03-31T21:00Z,FR,36166
2024-03-31T22:00Z,FR,31874
2024-03-31T23:00Z,FR,31220
2024-04-01T00:00Z,FR,30629
2024-04-01T01:00Z,FR,30433
2024-04-01T02:00Z,FR,30789
2024-04-01T03:00Z,FR,32216
2024-04-01T04:00Z,FR,34597
2024-04-01T05:00Z,FR,36837
2024-04-01T06:00Z,FR,37824
2024-04-01T07:00Z,FR,38472
2024-04-01T08:00Z,FR,38724
2024-04-01T09:00Z,FR,38596
2024-04-01T10:00Z,FR,38268
2024-04-01T11:00Z,FR,37897
2024-04-01T12:00Z,FR,37559
2024-04-01T13:00Z,FR,37415
2024-04-01T14:00Z,FR,37698
2024-04-01T15:00Z,FR,38517
2024-04-01T16:00Z,FR,38671
2024-04-01T17:00Z,FR,38011
2024-04-01T18:00Z,FR,36940
2024-04-01T19:00Z,FR,35863
2024-04-01T20:00Z,FR,34433
2024-04-01T21:00Z,FR,33094
2024-04-01T22:00Z,FR,35812
2024-04-01T23:00Z,FR,34582
2024-04-02T00:00Z,FR,33627
2024-04-02T01:00Z,FR,33484
2024-04-02T02:00Z,FR,34202
2024-04-02T03:00Z,FR,36919
2024-04-02T04:00Z,FR,41625
2024-04-02T05:00Z,FR,45782
2024-04-02T06:00Z,FR,47923
2024-04-02T07:00Z,FR,48851
2024-04-02T08:00Z,FR,49136
2024-04-02T09:00Z,FR,49206
2024-04-02T10:00Z,FR,48739
2024-04-02T11:00Z,FR,48457
2024-04-02T12:00Z,FR,47748
2024-04-02T13:00Z,FR,47487
2024-04-02T14:00Z,FR,48226
2024-04-02T15:00Z,FR,49694
2024-04-02T16:00Z,FR,49771
2024-04-02T17:00Z,FR,48538
2024-04-02T18:00Z,FR,46721
2024-04-02T19:00Z,FR,44353
2024-04-02T20:00Z,FR,41534
2024-04-02T21:00Z,FR,38614
2024-04-02T22:00Z,FR,41246
2024-04-02T23:00Z,FR,39493
2024-04-03T00:00Z,FR,38293
2024-04-03T01:00Z,FR,38025
2024-04-03T02:00Z,FR,39025
2024-04-03T03:00Z,FR,41883
2024-04-03T04:00Z,FR,47510
2024-04-03T05:00Z,FR,51941
2024-04-03T06:00Z,FR,54629
2024-04-03T07:00Z,FR,55888
2024-04-03T08:00Z,FR,56453
2024-04-03T09:00Z,FR,56452
2024-04-03T10:00Z,FR,55658
2024-04-03T11:00Z,FR,54895
2024-04-03T12:00Z,FR,54546
2024-04-03T13:00Z,FR,54436
2024-04-03T14:00Z,FR,55059
2024-04-03T15:00Z,FR,56999
2024-04-03T16:00Z,FR,56848
2024-04-03T17:00Z,FR,55298
2024-04-03T18:00Z,FR,53124
2024-04-03T19:00Z,FR,50670
2024-04-03T20:00Z,FR,47732
2024-04-03T21:00Z,FR,44047
2024-04-03T22:00Z,FR,43072
2024-04-03T23:00Z,FR,41139
2024-04-04T00:00Z,FR,40250
2024-04-04T01:00Z,FR,40153
2024-04-04T02:00Z,FR,41063
2024-04-04T03:00Z,FR,44477
2024-04-04T04:00Z,FR,49852
2024-04-04T05:00Z,FR,55217
2024-04-04T06:00Z,FR,57668
2024-04-04T07:00Z,FR,59132
2024-04-04T08:00Z,FR,59717
2024-04-04T09:00Z,FR,59592
2024-04-04T10:00Z,FR,59179
2024-04-04T11:00Z,FR,58770
2024-04-04T12:00Z,FR,58068
2024-04-04T13:00Z,FR,57905
2024-04-04T14:00Z,FR,58425
2024-04-04T15:00Z,FR,60186
2024-04-04T16:00Z,FR,59988
2024-04-04T17:00Z,FR,58471
2024-04-04T18:00Z,FR,56037
2024-04-04T19:00Z,FR,53387
2024-04-04T20:00Z,FR,50016
2024-04-04T21:00Z,FR,46137
2024-04-04T22:00Z,FR,40192
2024-04-04T23:00Z,FR,38687
2024-04-05T00:00Z,FR,37621
2024-04-05T01:00Z,FR,37472
2024-04-05T02:00Z,FR,38462
2024-04-05T03:00Z,FR,41457
2024-04-05T04:00Z,FR,46734
2024-04-05T05:00Z,FR,51605
2024-04-05T06:00Z,FR,53836
2024-04-05T07:00Z,FR,55081
2024-04-05T08:00Z,FR,55650
2024-04-05T09:00Z,FR,55393
2024-04-05T10:00Z,FR,54698
2024-04-05T11:00Z,FR,54158
2024-04-05T12:00Z,FR,53839
2024-04-05T13:00Z,FR,53560
2024-04-05T14:00Z,FR,53980
2024-04-05T15:00Z,FR,55662
2024-04-05T16:00Z,FR,55683
2024-04-05T17:00Z,FR,54213
2024-04-05T18:00Z,FR,51928
2024-04-05T19:00Z,FR,49608
2024-04-05T20:00Z,FR,46448
2024-04-05T21:00Z,FR,42933
2024-04-05T22:00Z,FR,36928
2024-04-05T23:00Z,FR,36380
2024-04-06T00:00Z,FR,35813
2024-04-06T01:00Z,FR,35973
2024-04-06T02:00Z,FR,36392
2024-04-06T03:00Z,FR,38142
2024-04-06T04:00Z,FR,40819
2024-04-06T05:00Z,FR,43024
2024-04-06T06:00Z,FR,44220
2024-04-06T07:00Z,FR,44598
2024-04-06T08:00Z,FR,44998
2024-04-06T09:00Z,FR,44851
2024-04-06T10:00Z,FR,44643
2024-04-06T11:00Z,FR,44347
2024-04-06T12:00Z,FR,44183
2024-04-06T13:00Z,FR,44105
2024-04-06T14:00Z,FR,44205
2024-04-06T15:00Z,FR,44847
2024-04-06T16:00Z,FR,44864
2024-04-06T17:00Z,FR,44116
2024-04-06T18:00Z,FR,43199
2024-04-06T19:00Z,FR,42046
2024-04-06T20:00Z,FR,40498
2024-04-06T21:00Z,FR,38952
2024-04-06T22:00Z,FR,33476
2024-04-06T23:00Z,FR,32791
2024-04-07T00:00Z,FR,32299
2024-04-07T01:00Z,FR,32109
2024-04-07T02:00Z,FR,32391
2024-04-07T03:00Z,FR,33711
2024-04-07T04:00Z,FR,36196
2024-04-07T05:00Z,FR,38540
2024-04-07T06:00Z,FR,39626
2024-04-07T07:00Z,FR,40229
2024-04-07T08:00Z,FR,40184
2024-04-07T09:00Z,FR,40411
2024-04-07T10:00Z,FR,40289
2024-04-07T11:00Z,FR,40043
2024-04-07T12:00Z,FR,39951
2024-04-07T13:00Z,FR,39879
2024-04-07T14:00Z,FR,40255
2024-04-07T15:00Z,FR,40845
2024-04-07T16:00Z,FR,40797
2024-04-07T17:00Z,FR,40031
2024-04-07T18:00Z,FR,39192
2024-04-07T19:00Z,FR,38098
2024-04-07T20:00Z,FR,36713
2024-04-07T21:00Z,FR,35072
2024-04-07T22:00Z,FR,38201
2024-04-07T23:00Z,FR,36711
2024-04-08T00:00Z,FR,35737
2024-04-08T01:00Z,FR,35603
2024-04-08T02:00Z,FR,36223
2024-04-08T03:00Z,FR,39236
2024-04-08T04:00Z,FR,44257
2024-04-08T05:00Z,FR,48922
2024-04-08T06:00Z,FR,51360
2024-04-08T07:00Z,FR,52327
2024-04-08T08:00Z,FR,52274
2024-04-08T09:00Z,FR,52151
2024-04-08T10:00Z,FR,52011
2024-04-08T11:00Z,FR,51495
2024-04-08T12:00Z,FR,51233
2024-04-08T13:00Z,FR,50946
2024-04-08T14:00Z,FR,51756
2024-04-08T15:00Z,FR,53040
2024-04-08T16:00Z,FR,52933
2024-04-08T17:00Z,FR,51249
2024-04-08T18:00Z,FR,49418
2024-04-08T19:00Z,FR,47339
2024-04-08T20:00Z,FR,44439
2024-04-08T21:00Z,FR,40960
2024-04-08T22:00Z,FR,38363
2024-04-08T23:00Z,FR,36881
2024-04-09T00:00Z,FR,36154
2024-04-09T01:00Z,FR,35922
2024-04-09T02:00Z,FR,36482
2024-04-09T03:00Z,FR,39250
2024-04-09T04:00Z,FR,44054
2024-04-09T05:00Z,FR,48622
2024-04-09T06:00Z,FR,50975
2024-04-09T07:00Z,FR,52114
2024-04-09T08:00Z,FR,52467
2024-04-09T09:00Z,FR,52481
2024-04-09T10:00Z,FR,51843
2024-04-09T11:00Z,FR,51649
2024-04-09T12:00Z,FR,51041
2024-04-09T13:00Z,FR,50752
2024-04-09T14:00Z,FR,51353
2024-04-09T15:00Z,FR,52727
2024-04-09T16:00Z,FR,52768
2024-04-09T17:00Z,FR,51472
2024-04-09T18:00Z,FR,49429
2024-04-09T19:00Z,FR,47092
2024-04-09T20:00Z,FR,44072
2024-04-09T21:00Z,FR,40722
2024-04-09T22:00Z,FR,33830
2024-04-09T23:00Z,FR,32633
2024-04-10T00:00Z,FR,31702
2024-04-10T01:00Z,FR,31699
2024-04-10T02:00Z,FR,32217
2024-04-10T03:00Z,FR,34659
2024-04-10T04:00Z,FR,39247
2024-04-10T05:00Z,FR,43414
2024-04-10T06:00Z,FR,45529
2024-04-10T07:00Z,FR,46488
2024-04-10T08:00Z,FR,46898
2024-04-10T09:00Z,FR,46687
2024-04-10T10:00Z,FR,46184
2024-04-10T11:00Z,FR,45708
2024-04-10T12:00Z,FR,45252
2024-04-10T13:00Z,FR,45108
2024-04-10T14:00Z,FR,45755
2024-04-10T15:00Z,FR,47030
2024-04-10T16:00Z,FR,47066
2024-04-10T17:00Z,FR,45782
2024-04-10T18:00Z,FR,44054
2024-04-10T19:00Z,FR,42015
2024-04-10T20:00Z,FR,39484
2024-04-10T21:00Z,FR,36686
2024-04-10T22:00Z,FR,32451
2024-04-10T23:00Z,FR,31177
2024-04-11T00:00Z,FR,30401
2024-04-11T01:00Z,FR,30199
2024-04-11T02:00Z,FR,30790
2024-04-11T03:00Z,FR,33214
2024-04-11T04:00Z,FR,37524
2024-04-11T05:00Z,FR,41355
2024-04-11T06:00Z,FR,43146
2024-04-11T07:00Z,FR,44169
2024-04-11T08:00Z,FR,44361
2024-04-11T09:00Z,FR,44410
2024-04-11T10:00Z,FR,43974
2024-04-11T11:00Z,FR,43484
2024-04-11T12:00Z,FR,43301
2024-04-11T13:00Z,FR,42903
2024-04-11T14:00Z,FR,43453
2024-04-11T15:00Z,FR,44749
2024-04-11T16:00Z,FR,44711
2024-04-11T17:00Z,FR,43396
2024-04-11T18:00Z,FR,41673
2024-04-11T19:00Z,FR,39803
2024-04-11T20:00Z,FR,37413
2024-04-11T21:00Z,FR,34600
2024-04-11T22:00Z,FR,32225
2024-04-11T23:00Z,FR,30943
2024-04-12T00:00Z,FR,30210
2024-04-12T01:00Z,FR,29999
2024-04-12T02:00Z,FR,30471
2024-04-12T03:00Z,FR,32764
2024-04-12T04:00Z,FR,37121
2024-04-12T05:00Z,FR,41003
2024-04-12T06:00Z,FR,43165
2024-04-12T07:00Z,FR,44226
2024-04-12T08:00Z,FR,44393
2024-04-12T09:00Z,FR,44500
2024-04-12T10:00Z,FR,43967
2024-04-12T11:00Z,FR,43787
2024-04-12T12:00Z,FR,43225
2024-04-12T13:00Z,FR,43080
2024-04-12T14:00Z,FR,43352
2024-04-12T15:00Z,FR,44414
2024-04-12T16:00Z,FR,44380
2024-04-12T17:00Z,FR,43099
2024-04-12T18:00Z,FR,41609
2024-04-12T19:00Z,FR,39758
2024-04-12T20:00Z,FR,37292
2024-04-12T21:00Z,FR,34677
2024-04-12T22:00Z,FR,30835
2024-04-12T23:00Z,FR,30243
2024-04-13T00:00Z,FR,29812
2024-04-13T01:00Z,FR,29901
2024-04-13T02:00Z,FR,30117
2024-04-13T03:00Z,FR,31241
2024-04-13T04:00Z,FR,33392
2024-04-13T05:00Z,FR,35496
2024-04-13T06:00Z,FR,36488
2024-04-13T07:00Z,FR,37101
2024-04-13T08:00Z,FR,37388
2024-04-13T09:00Z,FR,37324
2024-04-13T10:00Z,FR,37012
2024-04-13T11:00Z,FR,36978
2024-04-13T12:00Z,FR,36814
2024-04-13T13:00Z,FR,36909
2024-04-13T14:00Z,FR,36876
2024-04-13T15:00Z,FR,37257
2024-04-13T16:00Z,FR,37312
2024-04-13T17:00Z,FR,36682
2024-04-13T18:00Z,FR,35977
2024-04-13T19:00Z,FR,34999
2024-04-13T20:00Z,FR,33597
2024-04-13T21:00Z,FR,32038
2024-04-13T22:00Z,FR,27985
2024-04-13T23:00Z,FR,27514
2024-04-14T00:00Z,FR,27152
2024-04-14T01:00Z,FR,27239
2024-04-14T02:00Z,FR,27496
2024-04-14T03:00Z,FR,28707
2024-04-14T04:00Z,FR,30688
2024-04-14T05:00Z,FR,32449
2024-04-14T06:00Z,FR,33445
2024-04-14T07:00Z,FR,34008
2024-04-14T08:00Z,FR,34100
2024-04-14T09:00Z,FR,34061
2024-04-14T10:00Z,FR,34024
2024-04-14T11:00Z,FR,34099
2024-04-14T12:00Z,FR,33802
2024-04-14T13:00Z,FR,33843
2024-04-14T14:00Z,FR,33993
2024-04-14T15:00Z,FR,34602
2024-04-14T16:00Z,FR,34423
2024-04-14T17:00Z,FR,33730
2024-04-14T18:00Z,FR,32844
2024-04-14T19:00Z,FR,31837
2024-04-14T20:00Z,FR,30674
2024-04-14T21:00Z,FR,29335
2024-04-14T22:00Z,FR,33564
2024-04-14T23:00Z,FR,32208
2024-04-15T00:00Z,FR,31446
2024-04-15T01:00Z,FR,31193
2024-04-15T02:00Z,FR,31854
2024-04-15T03:00Z,FR,34308
2024-04-15T04:00Z,FR,38624
2024-04-15T05:00Z,FR,42615
2024-04-15T06:00Z,FR,45162
2024-04-15T07:00Z,FR,46045
2024-04-15T08:00Z,FR,46451
2024-04-15T09:00Z,FR,46401
2024-04-15T10:00Z,FR,46140
2024-04-15T11:00Z,FR,45787
2024-04-15T12:00Z,FR,45380
2024-04-15T13:00Z,FR,45205
2024-04-15T14:00Z,FR,45434
2024-04-15T15:00Z,FR,46503
2024-04-15T16:00Z,FR,46557
2024-04-15T17:00Z,FR,45093
2024-04-15T18:00Z,FR,43281
2024-04-15T19:00Z,FR,41345
2024-04-15T20:00Z,FR,38729
2024-04-15T21:00Z,FR,35851
2024-04-15T22:00Z,FR,35162
2024-04-15T23:00Z,FR,33855
2024-04-16T00:00Z,FR,33099
2024-04-16T01:00Z,FR,32945
2024-04-16T02:00Z,FR,33665
2024-04-16T03:00Z,FR,36286
2024-04-16T04:00Z,FR,40749
2024-04-16T05:00Z,FR,45024
2024-04-16T06:00Z,FR,47019
2024-04-16T07:00Z,FR,48196
2024-04-16T08:00Z,FR,48580
2024-04-16T09:00Z,FR,48424
2024-04-16T10:00Z,FR,48365
2024-04-16T11:00Z,FR,47673
2024-04-16T12:00Z,FR,47201
2024-04-16T13:00Z,FR,46798
2024-04-16T14:00Z,FR,47058
2024-04-16T15:00Z,FR,48362
2024-04-16T16:00Z,FR,48369
2024-04-16T17:00Z,FR,47289
2024-04-16T18:00Z,FR,45597
2024-04-16T19:00Z,FR,43694
2024-04-16T20:00Z,FR,41045
2024-04-16T21:00Z,FR,37954
2024-04-16T22:00Z,FR,35686
2024-04-16T23:00Z,FR,34466
2024-04-17T00:00Z,FR,33547
2024-04-17T01:00Z,FR,33178
2024-04-17T02:00Z,FR,33749
2024-04-17T03:00Z,FR,36491
2024-04-17T04:00Z,FR,41048
2024-04-17T05:00Z,FR,45345
2024-04-17T06:00Z,FR,47513
2024-04-17T07:00Z,FR,48654
2024-04-17T08:00Z,FR,49158
2024-04-17T09:00Z,FR,49205
2024-04-17T10:00Z,FR,48494
2024-04-17T11:00Z,FR,48220
2024-04-17T12:00Z,FR,47754
2024-04-17T13:00Z,FR,47505
2024-04-17T14:00Z,FR,48012
2024-04-17T15:00Z,FR,48935
2024-04-17T16:00Z,FR,48879
2024-04-17T17:00Z,FR,47706
2024-04-17T18:00Z,FR,45983
2024-04-17T19:00Z,FR,44174
2024-04-17T20:00Z,FR,41624
2024-04-17T21:00Z,FR,38358
2024-04-17T22:00Z,FR,34944
2024-04-17T23:00Z,FR,33686
2024-04-18T00:00Z,FR,32855
2024-04-18T01:00Z,FR,32292
2024-04-18T02:00Z,FR,32704
2024-04-18T03:00Z,FR,35325
2024-04-18T04:00Z,FR,39749
2024-04-18T05:00Z,FR,43925
2024-04-18T06:00Z,FR,45920
2024-04-18T07:00Z,FR,46984
2024-04-18T08:00Z,FR,47454
2024-04-18T09:00Z,FR,47586
2024-04-18T10:00Z,FR,47065
2024-04-18T11:00Z,FR,46742
2024-04-18T12:00Z,FR,46493
2024-04-18T13:00Z,FR,46213
2024-04-18T14:00Z,FR,46783
2024-04-18T15:00Z,FR,47723
2024-04-18T16:00Z,FR,47672
2024-04-18T17:00Z,FR,46210
2024-04-18T18:00Z,FR,44590
2024-04-18T19:00Z,FR,42550
2024-04-18T20:00Z,FR,39791
2024-04-18T21:00Z,FR,36761
2024-04-18T22:00Z,FR,35930
2024-04-18T23:00Z,FR,34770
2024-04-19T00:00Z,FR,33722
2024-04-19T01:00Z,FR,33374
2024-04-19T02:00Z,FR,33983
2024-04-19T03:00Z,FR,36678
2024-04-19T04:00Z,FR,41358
2024-04-19T05:00Z,FR,45372
2024-04-19T06:00Z,FR,47756
2024-04-19T07:00Z,FR,49128
2024-04-19T08:00Z,FR,49484
2024-04-19T09:00Z,FR,49462
2024-04-19T10:00Z,FR,49172
2024-04-19T11:00Z,FR,49017
2024-04-19T12:00Z,FR,48640
2024-04-19T13:00Z,FR,48247
2024-04-19T14:00Z,FR,48404
2024-04-19T15:00Z,FR,49423
2024-04-19T16:00Z,FR,49278
2024-04-19T17:00Z,FR,47956
2024-04-19T18:00Z,FR,46102
2024-04-19T19:00Z,FR,44121
2024-04-19T20:00Z,FR,41112
2024-04-19T21:00Z,FR,38066
2024-04-19T22:00Z,FR,36488
2024-04-19T23:00Z,FR,35955
2024-04-20T00:00Z,FR,35412
2024-04-20T01:00Z,FR,35377
2024-04-20T02:00Z,FR,35783
2024-04-20T03:00Z,FR,37337
2024-04-20T04:00Z,FR,39896
2024-04-20T05:00Z,FR,42193
2024-04-20T06:00Z,FR,43762
2024-04-20T07:00Z,FR,44552
2024-04-20T08:00Z,FR,44870
2024-04-20T09:00Z,FR,44921
2024-04-20T10:00Z,FR,44756
2024-04-20T11:00Z,FR,44458
2024-04-20T12:00Z,FR,44459
2024-04-20T13:00Z,FR,44113
2024-04-20T14:00Z,FR,44273
2024-04-20T15:00Z,FR,44658
2024-04-20T16:00Z,FR,44528
2024-04-20T17:00Z,FR,43861
2024-04-20T18:00Z,FR,43035
2024-04-20T19:00Z,FR,42042
2024-04-20T20:00Z,FR,40455
2024-04-20T21:00Z,FR,38416
2024-04-20T22:00Z,FR,32624
2024-04-20T23:00Z,FR,32045
2024-04-21T00:00Z,FR,31660
2024-04-21T01:00Z,FR,31710
2024-04-21T02:00Z,FR,32170
2024-04-21T03:00Z,FR,33523
2024-04-21T04:00Z,FR,35978
2024-04-21T05:00Z,FR,38013
2024-04-21T06:00Z,FR,39101
2024-04-21T07:00Z,FR,39845
2024-04-21T08:00Z,FR,40170
2024-04-21T09:00Z,FR,40195
2024-04-21T10:00Z,FR,39798
2024-04-21T11:00Z,FR,39850
2024-04-21T12:00Z,FR,39549
2024-04-21T13:00Z,FR,39459
2024-04-21T14:00Z,FR,39532
2024-04-21T15:00Z,FR,39866
2024-04-21T16:00Z,FR,39986
2024-04-21T17:00Z,FR,39359
2024-04-21T18:00Z,FR,38486
2024-04-21T19:00Z,FR,37436
2024-04-21T20:00Z,FR,36043
2024-04-21T21:00Z,FR,34554
2024-04-21T22:00Z,FR,40369
2024-04-21T23:00Z,FR,38927
2024-04-22T00:00Z,FR,38008
2024-04-22T01:00Z,FR,37420
2024-04-22T02:00Z,FR,38319
2024-04-22T03:00Z,FR,41367
2024-04-22T04:00Z,FR,46487
2024-04-22T05:00Z,FR,51132
2024-04-22T06:00Z,FR,53265
2024-04-22T07:00Z,FR,54508
2024-04-22T08:00Z,FR,54984
2024-04-22T09:00Z,FR,55145
2024-04-22T10:00Z,FR,54864
2024-04-22T11:00Z,FR,54485
2024-04-22T12:00Z,FR,53935
2024-04-22T13:00Z,FR,53766
2024-04-22T14:00Z,FR,53913
2024-04-22T15:00Z,FR,54959
2024-04-22T16:00Z,FR,54871
2024-04-22T17:00Z,FR,53374
2024-04-22T18:00Z,FR,51690
2024-04-22T19:00Z,FR,49746
2024-04-22T20:00Z,FR,46659
2024-04-22T21:00Z,FR,43408
2024-04-22T22:00Z,FR,41133
2024-04-22T23:00Z,FR,39568
2024-04-23T00:00Z,FR,38485
2024-04-23T01:00Z,FR,38304
2024-04-23T02:00Z,FR,38932
2024-04-23T03:00Z,FR,41910
2024-04-23T04:00Z,FR,46968
2024-04-23T05:00Z,FR,51697
2024-04-23T06:00Z,FR,54181
2024-04-23T07:00Z,FR,55569
2024-04-23T08:00Z,FR,56174
2024-04-23T09:00Z,FR,56138
2024-04-23T10:00Z,FR,55664
2024-04-23T11:00Z,FR,55350
2024-04-23T12:00Z,FR,54844
2024-04-23T13:00Z,FR,54421
2024-04-23T14:00Z,FR,54943
2024-04-23T15:00Z,FR,55908
2024-04-23T16:00Z,FR,55777
2024-04-23T17:00Z,FR,54300
2024-04-23T18:00Z,FR,52494
2024-04-23T19:00Z,FR,50483
2024-04-23T20:00Z,FR,47284
2024-04-23T21:00Z,FR,43729
2024-04-23T22:00Z,FR,38906
2024-04-23T23:00Z,FR,37411
2024-04-24T00:00Z,FR,36516
2024-04-24T01:00Z,FR,36278
2024-04-24T02:00Z,FR,37170
2024-04-24T03:00Z,FR,40208
2024-04-24T04:00Z,FR,45003
2024-04-24T05:00Z,FR,49598
2024-04-24T06:00Z,FR,51941
2024-04-24T07:00Z,FR,53429
2024-04-24T08:00Z,FR,53740
2024-04-24T09:00Z,FR,54119
2024-04-24T10:00Z,FR,53747
2024-04-24T11:00Z,FR,53078
2024-04-24T12:00Z,FR,52633
2024-04-24T13:00Z,FR,52345
2024-04-24T14:00Z,FR,52365
2024-04-24T15:00Z,FR,53583
2024-04-24T16:00Z,FR,53257
2024-04-24T17:00Z,FR,51958
2024-04-24T18:00Z,FR,50160
2024-04-24T19:00Z,FR,48300
2024-04-24T20:00Z,FR,45593
2024-04-24T21:00Z,FR,42208
2024-04-24T22:00Z,FR,34719
2024-04-24T23:00Z,FR,33422
2024-04-25T00:00Z,FR,32466
2024-04-25T01:00Z,FR,32350
2024-04-25T02:00Z,FR,32845
2024-04-25T03:00Z,FR,35349
2024-04-25T04:00Z,FR,39762
2024-04-25T05:00Z,FR,43743
2024-04-25T06:00Z,FR,46091
2024-04-25T07:00Z,FR,47353
2024-04-25T08:00Z,FR,47828
2024-04-25T09:00Z,FR,47740
2024-04-25T10:00Z,FR,47487
2024-04-25T11:00Z,FR,46993
2024-04-25T12:00Z,FR,46764
2024-04-25T13:00Z,FR,46631
2024-04-25T14:00Z,FR,47068
2024-04-25T15:00Z,FR,47967
2024-04-25T16:00Z,FR,48101
2024-04-25T17:00Z,FR,46794
2024-04-25T18:00Z,FR,45036
2024-04-25T19:00Z,FR,43254
2024-04-25T20:00Z,FR,40688
2024-04-25T21:00Z,FR,37798
2024-04-25T22:00Z,FR,32622
2024-04-25T23:00Z,FR,31202
2024-04-26T00:00Z,FR,30437
2024-04-26T01:00Z,FR,30421
2024-04-26T02:00Z,FR,31055
2024-04-26T03:00Z,FR,33227
2024-04-26T04:00Z,FR,37311
2024-04-26T05:00Z,FR,41125
2024-04-26T06:00Z,FR,43055
2024-04-26T07:00Z,FR,44377
2024-04-26T08:00Z,FR,44924
2024-04-26T09:00Z,FR,44970
2024-04-26T10:00Z,FR,44703
2024-04-26T11:00Z,FR,43953
2024-04-26T12:00Z,FR,43705
2024-04-26T13:00Z,FR,43102
2024-04-26T14:00Z,FR,43323
2024-04-26T15:00Z,FR,43981
2024-04-26T16:00Z,FR,44044
2024-04-26T17:00Z,FR,43213
2024-04-26T18:00Z,FR,41724
2024-04-26T19:00Z,FR,39939
2024-04-26T20:00Z,FR,37791
2024-04-26T21:00Z,FR,34984
2024-04-26T22:00Z,FR,31180
2024-04-26T23:00Z,FR,30477
2024-04-27T00:00Z,FR,30078
2024-04-27T01:00Z,FR,29958
2024-04-27T02:00Z,FR,30151
2024-04-27T03:00Z,FR,31446
2024-04-27T04:00Z,FR,33494
2024-04-27T05:00Z,FR,35428
2024-04-27T06:00Z,FR,36721
2024-04-27T07:00Z,FR,37406
2024-04-27T08:00Z,FR,37655
2024-04-27T09:00Z,FR,37533
2024-04-27T10:00Z,FR,37550
2024-04-27T11:00Z,FR,37257
2024-04-27T12:00Z,FR,36905
2024-04-27T13:00Z,FR,36901
2024-04-27T14:00Z,FR,37213
2024-04-27T15:00Z,FR,37550
2024-04-27T16:00Z,FR,37338
2024-04-27T17:00Z,FR,36887
2024-04-27T18:00Z,FR,36080
2024-04-27T19:00Z,FR,35119
2024-04-27T20:00Z,FR,33921
2024-04-27T21:00Z,FR,32373
2024-04-27T22:00Z,FR,28382
2024-04-27T23:00Z,FR,27766
2024-04-28T00:00Z,FR,27466
2024-04-28T01:00Z,FR,27302
2024-04-28T02:00Z,FR,27475
2024-04-28T03:00Z,FR,28576
2024-04-28T04:00Z,FR,30497
2024-04-28T05:00Z,FR,32161
2024-04-28T06:00Z,FR,33257
2024-04-28T07:00Z,FR,33856
2024-04-28T08:00Z,FR,34158
2024-04-28T09:00Z,FR,33935
2024-04-28T10:00Z,FR,33808
2024-04-28T11:00Z,FR,33641
2024-04-28T12:00Z,FR,33401
2024-04-28T13:00Z,FR,33240
2024-04-28T14:00Z,FR,33386
2024-04-28T15:00Z,FR,33774
2024-04-28T16:00Z,FR,33817
2024-04-28T17:00Z,FR,33293
2024-04-28T18:00Z,FR,32600
2024-04-28T19:00Z,FR,31818
2024-04-28T20:00Z,FR,30772
2024-04-28T21:00Z,FR,29388
2024-04-28T22:00Z,FR,37114
2024-04-28T23:00Z,FR,35733
2024-04-29T00:00Z,FR,34815
2024-04-29T01:00Z,FR,34502
2024-04-29T02:00Z,FR,35263
2024-04-29T03:00Z,FR,38018
2024-04-29T04:00Z,FR,42586
2024-04-29T05:00Z,FR,46892
2024-04-29T06:00Z,FR,49026
2024-04-29T07:00Z,FR,50386
2024-04-29T08:00Z,FR,50919
2024-04-29T09:00Z,FR,51177
2024-04-29T10:00Z,FR,50938
2024-04-29T11:00Z,FR,50773
2024-04-29T12:00Z,FR,50078
2024-04-29T13:00Z,FR,49747
2024-04-29T14:00Z,FR,50269
2024-04-29T15:00Z,FR,50968
2024-04-29T16:00Z,FR,50818
2024-04-29T17:00Z,FR,49728
2024-04-29T18:00Z,FR,47994
2024-04-29T19:00Z,FR,46138
2024-04-29T20:00Z,FR,43347
2024-04-29T21:00Z,FR,39928
2024-04-29T22:00Z,FR,33978
2024-04-29T23:00Z,FR,32630
2024-04-30T00:00Z,FR,31615
2024-04-30T01:00Z,FR,31669
2024-04-30T02:00Z,FR,32309
2024-04-30T03:00Z,FR,34696
2024-04-30T04:00Z,FR,39055
2024-04-30T05:00Z,FR,42815
2024-04-30T06:00Z,FR,45109
2024-04-30T07:00Z,FR,46346
2024-04-30T08:00Z,FR,47018
2024-04-30T09:00Z,FR,47073
2024-04-30T10:00Z,FR,46601
2024-04-30T11:00Z,FR,46164
2024-04-30T12:00Z,FR,45673
2024-04-30T13:00Z,FR,45436
2024-04-30T14:00Z,FR,45587
2024-04-30T15:00Z,FR,46126
2024-04-30T16:00Z,FR,46071
2024-04-30T17:00Z,FR,44909
2024-04-30T18:00Z,FR,43245
2024-04-30T19:00Z,FR,41557
2024-04-30T20:00Z,FR,39067
2024-04-30T21:00Z,FR,36247
2024-04-30T22:00Z,FR,28129
2024-04-30T23:00Z,FR,27555
2024-05-01T00:00Z,FR,27298
2024-05-01T01:00Z,FR,27291
2024-05-01T02:00Z,FR,27455
2024-05-01T03:00Z,FR,28627
2024-05-01T04:00Z,FR,30497
2024-05-01T05:00Z,FR,32270
2024-05-01T06:00Z,FR,33340
2024-05-01T07:00Z,FR,34162
2024-05-01T08:00Z,FR,34373
2024-05-01T09:00Z,FR,34381
2024-05-01T10:00Z,FR,34086
2024-05-01T11:00Z,FR,33685
2024-05-01T12:00Z,FR,33621
2024-05-01T13:00Z,FR,33473
2024-05-01T14:00Z,FR,33707
2024-05-01T15:00Z,FR,33860
2024-05-01T16:00Z,FR,33803
2024-05-01T17:00Z,FR,33312
2024-05-01T18:00Z,FR,32586
2024-05-01T19:00Z,FR,31874
2024-05-01T20:00Z,FR,30797
2024-05-01T21:00Z,FR,29612
2024-05-01T22:00Z,FR,32668
2024-05-01T23:00Z,FR,31600
2024-05-02T00:00Z,FR,30789
2024-05-02T01:00Z,FR,30433
2024-05-02T02:00Z,FR,30882
2024-05-02T03:00Z,FR,33240
2024-05-02T04:00Z,FR,37492
2024-05-02T05:00Z,FR,41107
2024-05-02T06:00Z,FR,43271
2024-05-02T07:00Z,FR,44525
2024-05-02T08:00Z,FR,44869
2024-05-02T09:00Z,FR,45115
2024-05-02T10:00Z,FR,44778
2024-05-02T11:00Z,FR,44368
2024-05-02T12:00Z,FR,44043
2024-05-02T13:00Z,FR,43619
2024-05-02T14:00Z,FR,43635
2024-05-02T15:00Z,FR,44360
2024-05-02T16:00Z,FR,44165
2024-05-02T17:00Z,FR,42995
2024-05-02T18:00Z,FR,41764
2024-05-02T19:00Z,FR,40269
2024-05-02T20:00Z,FR,37941
2024-05-02T21:00Z,FR,35160
2024-05-02T22:00Z,FR,32660
2024-05-02T23:00Z,FR,31681
2024-05-03T00:00Z,FR,30795
2024-05-03T01:00Z,FR,30468
2024-05-03T02:00Z,FR,30954
2024-05-03T03:00Z,FR,33215
2024-05-03T04:00Z,FR,37248
2024-05-03T05:00Z,FR,40915
2024-05-03T06:00Z,FR,43167
2024-05-03T07:00Z,FR,44334
2024-05-03T08:00Z,FR,44700
2024-05-03T09:00Z,FR,44800
2024-05-03T10:00Z,FR,44328
2024-05-03T11:00Z,FR,44207
2024-05-03T12:00Z,FR,43656
2024-05-03T13:00Z,FR,43332
2024-05-03T14:00Z,FR,43598
2024-05-03T15:00Z,FR,44092
2024-05-03T16:00Z,FR,43820
2024-05-03T17:00Z,FR,42848
2024-05-03T18:00Z,FR,41203
2024-05-03T19:00Z,FR,39780
2024-05-03T20:00Z,FR,37575
2024-05-03T21:00Z,FR,34793
2024-05-03T22:00Z,FR,30878
2024-05-03T23:00Z,FR,30273
2024-05-04T00:00Z,FR,29867
2024-05-04T01:00Z,FR,29800
2024-05-04T02:00Z,FR,29981
2024-05-04T03:00Z,FR,31266
2024-05-04T04:00Z,FR,33499
2024-05-04T05:00Z,FR,35478
2024-05-04T06:00Z,FR,36617
2024-05-04T07:00Z,FR,37177
2024-05-04T08:00Z,FR,37465
2024-05-04T09:00Z,FR,37581
2024-05-04T10:00Z,FR,37390
2024-05-04T11:00Z,FR,37304
2024-05-04T12:00Z,FR,36935
2024-05-04T13:00Z,FR,36804
2024-05-04T14:00Z,FR,36958
2024-05-04T15:00Z,FR,37236
2024-05-04T16:00Z,FR,37188
2024-05-04T17:00Z,FR,36665
2024-05-04T18:00Z,FR,35917
2024-05-04T19:00Z,FR,34792
2024-05-04T20:00Z,FR,33673
2024-05-04T21:00Z,FR,32359
2024-05-04T22:00Z,FR,28407
2024-05-04T23:00Z,FR,27707
2024-05-05T00:00Z,FR,27397
2024-05-05T01:00Z,FR,27235
2024-05-05T02:00Z,FR,27454
2024-05-05T03:00Z,FR,28547
2024-05-05T04:00Z,FR,30508
2024-05-05T05:00Z,FR,32253
2024-05-05T06:00Z,FR,33190
2024-05-05T07:00Z,FR,33733
2024-05-05T08:00Z,FR,34005
2024-05-05T09:00Z,FR,34123
2024-05-05T10:00Z,FR,33971
2024-05-05T11:00Z,FR,33642
2024-05-05T12:00Z,FR,33640
2024-05-05T13:00Z,FR,33406
2024-05-05T14:00Z,FR,33592
2024-05-05T15:00Z,FR,33757
2024-05-05T16:00Z,FR,33536
2024-05-05T17:00Z,FR,33040
2024-05-05T18:00Z,FR,32389
2024-05-05T19:00Z,FR,31745
2024-05-05T20:00Z,FR,30651
2024-05-05T21:00Z,FR,29299
2024-05-05T22:00Z,FR,32350
2024-05-05T23:00Z,FR,31215
2024-05-06T00:00Z,FR,30594
2024-05-06T01:00Z,FR,30245
2024-05-06T02:00Z,FR,30657
2024-05-06T03:00Z,FR,32986
2024-05-06T04:00Z,FR,37049
2024-05-06T05:00Z,FR,40736
2024-05-06T06:00Z,FR,42561
2024-05-06T07:00Z,FR,43908
2024-05-06T08:00Z,FR,44465
2024-05-06T09:00Z,FR,44854
2024-05-06T10:00Z,FR,44750
2024-05-06T11:00Z,FR,44312
2024-05-06T12:00Z,FR,43847
2024-05-06T13:00Z,FR,43716
2024-05-06T14:00Z,FR,43686
2024-05-06T15:00Z,FR,43998
2024-05-06T16:00Z,FR,43872
2024-05-06T17:00Z,FR,42723
2024-05-06T18:00Z,FR,41221
2024-05-06T19:00Z,FR,39576
2024-05-06T20:00Z,FR,37592
2024-05-06T21:00Z,FR,34854
2024-05-06T22:00Z,FR,32548
2024-05-06T23:00Z,FR,31225
2024-05-07T00:00Z,FR,30363
2024-05-07T01:00Z,FR,30260
2024-05-07T02:00Z,FR,30714
2024-05-07T03:00Z,FR,33089
2024-05-07T04:00Z,FR,37080
2024-05-07T05:00Z,FR,40813
2024-05-07T06:00Z,FR,43042
2024-05-07T07:00Z,FR,44105
2024-05-07T08:00Z,FR,44897
2024-05-07T09:00Z,FR,45181
2024-05-07T10:00Z,FR,44861
2024-05-07T11:00Z,FR,44303
2024-05-07T12:00Z,FR,43675
2024-05-07T13:00Z,FR,43359
2024-05-07T14:00Z,FR,43640
2024-05-07T15:00Z,FR,44334
2024-05-07T16:00Z,FR,44077
2024-05-07T17:00Z,FR,42970
2024-05-07T18:00Z,FR,41475
2024-05-07T19:00Z,FR,40133
2024-05-07T20:00Z,FR,37926
2024-05-07T21:00Z,FR,35010
2024-05-07T22:00Z,FR,28239
2024-05-07T23:00Z,FR,27557
2024-05-08T00:00Z,FR,27230
2024-05-08T01:00Z,FR,27100
2024-05-08T02:00Z,FR,27312
2024-05-08T03:00Z,FR,28274
2024-05-08T04:00Z,FR,30253
2024-05-08T05:00Z,FR,32083
2024-05-08T06:00Z,FR,33132
2024-05-08T07:00Z,FR,33765
2024-05-08T08:00Z,FR,34044
2024-05-08T09:00Z,FR,34080
2024-05-08T10:00Z,FR,34004
2024-05-08T11:00Z,FR,33963
2024-05-08T12:00Z,FR,33800
2024-05-08T13:00Z,FR,33703
2024-05-08T14:00Z,FR,33648
2024-05-08T15:00Z,FR,33941
2024-05-08T16:00Z,FR,33790
2024-05-08T17:00Z,FR,33166
2024-05-08T18:00Z,FR,32496
2024-05-08T19:00Z,FR,31996
2024-05-08T20:00Z,FR,30939
2024-05-08T21:00Z,FR,29372
2024-05-08T22:00Z,FR,28244
2024-05-08T23:00Z,FR,27604
2024-05-09T00:00Z,FR,27346
2024-05-09T01:00Z,FR,27216
2024-05-09T02:00Z,FR,27349
2024-05-09T03:00Z,FR,28399
2024-05-09T04:00Z,FR,30312
2024-05-09T05:00Z,FR,31978
2024-05-09T06:00Z,FR,33071
2024-05-09T07:00Z,FR,33736
2024-05-09T08:00Z,FR,33954
2024-05-09T09:00Z,FR,34030
2024-05-09T10:00Z,FR,33836
2024-05-09T11:00Z,FR,33722
2024-05-09T12:00Z,FR,33565
2024-05-09T13:00Z,FR,33573
2024-05-09T14:00Z,FR,33511
2024-05-09T15:00Z,FR,33707
2024-05-09T16:00Z,FR,33762
2024-05-09T17:00Z,FR,33255
2024-05-09T18:00Z,FR,32603
2024-05-09T19:00Z,FR,31837
2024-05-09T20:00Z,FR,30880
2024-05-09T21:00Z,FR,29587
2024-05-09T22:00Z,FR,32587
2024-05-09T23:00Z,FR,31364
2024-05-10T00:00Z,FR,30660
2024-05-10T01:00Z,FR,30368
2024-05-10T02:00Z,FR,30878
2024-05-10T03:00Z,FR,33124
2024-05-10T04:00Z,FR,37006
2024-05-10T05:00Z,FR,40822
2024-05-10T06:00Z,FR,42761
2024-05-10T07:00Z,FR,44124
2024-05-10T08:00Z,FR,44527
2024-05-10T09:00Z,FR,44846
2024-05-10T10:00Z,FR,44397
2024-05-10T11:00Z,FR,43827
2024-05-10T12:00Z,FR,43288
2024-05-10T13:00Z,FR,43231
2024-05-10T14:00Z,FR,43425
2024-05-10T15:00Z,FR,43979
2024-05-10T16:00Z,FR,43658
2024-05-10T17:00Z,FR,42719
2024-05-10T18:00Z,FR,41500
2024-05-10T19:00Z,FR,40144
2024-05-10T20:00Z,FR,37896
2024-05-10T21:00Z,FR,35209
2024-05-10T22:00Z,FR,31113
2024-05-10T23:00Z,FR,30405
2024-05-11T00:00Z,FR,29875
2024-05-11T01:00Z,FR,29710
2024-05-11T02:00Z,FR,30224
2024-05-11T03:00Z,FR,31362
2024-05-11T04:00Z,FR,33508
2024-05-11T05:00Z,FR,35442
2024-05-11T06:00Z,FR,36418
2024-05-11T07:00Z,FR,37216
2024-05-11T08:00Z,FR,37591
2024-05-11T09:00Z,FR,37688
2024-05-11T10:00Z,FR,37646
2024-05-11T11:00Z,FR,37482
2024-05-11T12:00Z,FR,36946
2024-05-11T13:00Z,FR,36903
2024-05-11T14:00Z,FR,37020
2024-05-11T15:00Z,FR,37256
2024-05-11T16:00Z,FR,37227
2024-05-11T17:00Z,FR,36793
2024-05-11T18:00Z,FR,36086
2024-05-11T19:00Z,FR,35296
2024-05-11T20:00Z,FR,34134
2024-05-11T21:00Z,FR,32665
2024-05-11T22:00Z,FR,28547
2024-05-11T23:00Z,FR,27943
2024-05-12T00:00Z,FR,27645
2024-05-12T01:00Z,FR,27374
2024-05-12T02:00Z,FR,27663
2024-05-12T03:00Z,FR,28783
2024-05-12T04:00Z,FR,30642
2024-05-12T05:00Z,FR,32262
2024-05-12T06:00Z,FR,33282
2024-05-12T07:00Z,FR,33716
2024-05-12T08:00Z,FR,34302
2024-05-12T09:00Z,FR,34398
2024-05-12T10:00Z,FR,34283
2024-05-12T11:00Z,FR,33937
2024-05-12T12:00Z,FR,33839
2024-05-12T13:00Z,FR,33687
2024-05-12T14:00Z,FR,33786
2024-05-12T15:00Z,FR,33839
2024-05-12T16:00Z,FR,33765
2024-05-12T17:00Z,FR,33146
2024-05-12T18:00Z,FR,32564
2024-05-12T19:00Z,FR,31870
2024-05-12T20:00Z,FR,30744
2024-05-12T21:00Z,FR,29466
2024-05-12T22:00Z,FR,32438
2024-05-12T23:00Z,FR,31307
2024-05-13T00:00Z,FR,30574
2024-05-13T01:00Z,FR,30252
2024-05-13T02:00Z,FR,30724
2024-05-13T03:00Z,FR,32813
2024-05-13T04:00Z,FR,36779
2024-05-13T05:00Z,FR,40523
2024-05-13T06:00Z,FR,42744
2024-05-13T07:00Z,FR,43963
2024-05-13T08:00Z,FR,44868
2024-05-13T09:00Z,FR,44680
2024-05-13T10:00Z,FR,44372
2024-05-13T11:00Z,FR,44093
2024-05-13T12:00Z,FR,43831
2024-05-13T13:00Z,FR,43551
2024-05-13T14:00Z,FR,43434
2024-05-13T15:00Z,FR,43796
2024-05-13T16:00Z,FR,43729
2024-05-13T17:00Z,FR,42701
2024-05-13T18:00Z,FR,41594
2024-05-13T19:00Z,FR,39990
2024-05-13T20:00Z,FR,37799
2024-05-13T21:00Z,FR,34797
2024-05-13T22:00Z,FR,32382
2024-05-13T23:00Z,FR,31267
2024-05-14T00:00Z,FR,30602
2024-05-14T01:00Z,FR,30333
2024-05-14T02:00Z,FR,30912
2024-05-14T03:00Z,FR,33227
2024-05-14T04:00Z,FR,37153
2024-05-14T05:00Z,FR,41080
2024-05-14T06:00Z,FR,43219
2024-05-14T07:00Z,FR,44663
2024-05-14T08:00Z,FR,45219
2024-05-14T09:00Z,FR,45419
2024-05-14T10:00Z,FR,45063
2024-05-14T11:00Z,FR,44704
2024-05-14T12:00Z,FR,44212
2024-05-14T13:00Z,FR,43678
2024-05-14T14:00Z,FR,43646
2024-05-14T15:00Z,FR,43999
2024-05-14T16:00Z,FR,43644
2024-05-14T17:00Z,FR,42344
2024-05-14T18:00Z,FR,41235
2024-05-14T19:00Z,FR,39883
2024-05-14T20:00Z,FR,37781
2024-05-14T21:00Z,FR,34925
2024-05-14T22:00Z,FR,32568
2024-05-14T23:00Z,FR,31549
2024-05-15T00:00Z,FR,30614
2024-05-15T01:00Z,FR,30591
2024-05-15T02:00Z,FR,31196
2024-05-15T03:00Z,FR,33176
2024-05-15T04:00Z,FR,36833
2024-05-15T05:00Z,FR,40591
2024-05-15T06:00Z,FR,42737
2024-05-15T07:00Z,FR,43948
2024-05-15T08:00Z,FR,44430
2024-05-15T09:00Z,FR,44847
2024-05-15T10:00Z,FR,44565
2024-05-15T11:00Z,FR,44088
2024-05-15T12:00Z,FR,43725
2024-05-15T13:00Z,FR,43406
2024-05-15T14:00Z,FR,43559
2024-05-15T15:00Z,FR,43867
2024-05-15T16:00Z,FR,43539
2024-05-15T17:00Z,FR,42588
2024-05-15T18:00Z,FR,41291
2024-05-15T19:00Z,FR,39943
2024-05-15T20:00Z,FR,37959
2024-05-15T21:00Z,FR,35056
2024-05-15T22:00Z,FR,32433
2024-05-15T23:00Z,FR,31455
2024-05-16T00:00Z,FR,30604
2024-05-16T01:00Z,FR,30354
2024-05-16T02:00Z,FR,30852
2024-05-16T03:00Z,FR,32840
2024-05-16T04:00Z,FR,36535
2024-05-16T05:00Z,FR,40208
2024-05-16T06:00Z,FR,42479
2024-05-16T07:00Z,FR,43821
2024-05-16T08:00Z,FR,44404
2024-05-16T09:00Z,FR,44662
2024-05-16T10:00Z,FR,44661
2024-05-16T11:00Z,FR,44170
2024-05-16T12:00Z,FR,43689
2024-05-16T13:00Z,FR,43316
2024-05-16T14:00Z,FR,43541
2024-05-16T15:00Z,FR,43814
2024-05-16T16:00Z,FR,43402
2024-05-16T17:00Z,FR,42252
2024-05-16T18:00Z,FR,40937
2024-05-16T19:00Z,FR,39424
2024-05-16T20:00Z,FR,37443
2024-05-16T21:00Z,FR,34889
2024-05-16T22:00Z,FR,32403
2024-05-16T23:00Z,FR,31241
2024-05-17T00:00Z,FR,30540
2024-05-17T01:00Z,FR,30222
2024-05-17T02:00Z,FR,30696
2024-05-17T03:00Z,FR,33004
2024-05-17T04:00Z,FR,36828
2024-05-17T05:00Z,FR,40610
2024-05-17T06:00Z,FR,42868
2024-05-17T07:00Z,FR,44220
2024-05-17T08:00Z,FR,44603
2024-05-17T09:00Z,FR,45073
2024-05-17T10:00Z,FR,44933
2024-05-17T11:00Z,FR,44521
2024-05-17T12:00Z,FR,44270
2024-05-17T13:00Z,FR,43778
2024-05-17T14:00Z,FR,43649
2024-05-17T15:00Z,FR,43942
2024-05-17T16:00Z,FR,43899
2024-05-17T17:00Z,FR,42918
2024-05-17T18:00Z,FR,41497
2024-05-17T19:00Z,FR,40313
2024-05-17T20:00Z,FR,38104
2024-05-17T21:00Z,FR,35226
2024-05-17T22:00Z,FR,31168
2024-05-17T23:00Z,FR,30500
2024-05-18T00:00Z,FR,30080
2024-05-18T01:00Z,FR,29867
2024-05-18T02:00Z,FR,30161
2024-05-18T03:00Z,FR,31324
2024-05-18T04:00Z,FR,33409
2024-05-18T05:00Z,FR,35224
2024-05-18T06:00Z,FR,36642
2024-05-18T07:00Z,FR,37410
2024-05-18T08:00Z,FR,37603
2024-05-18T09:00Z,FR,37650
2024-05-18T10:00Z,FR,37857
2024-05-18T11:00Z,FR,37783
2024-05-18T12:00Z,FR,37652
2024-05-18T13:00Z,FR,37346
2024-05-18T14:00Z,FR,37249
2024-05-18T15:00Z,FR,37449
2024-05-18T16:00Z,FR,37265
2024-05-18T17:00Z,FR,36614
2024-05-18T18:00Z,FR,35966
2024-05-18T19:00Z,FR,35270
2024-05-18T20:00Z,FR,34172
2024-05-18T21:00Z,FR,32733
2024-05-18T22:00Z,FR,28568
2024-05-18T23:00Z,FR,28012
2024-05-19T00:00Z,FR,27662
2024-05-19T01:00Z,FR,27393
2024-05-19T02:00Z,FR,27516
2024-05-19T03:00Z,FR,28542
2024-05-19T04:00Z,FR,30375
2024-05-19T05:00Z,FR,31967
2024-05-19T06:00Z,FR,32922
2024-05-19T07:00Z,FR,33703
2024-05-19T08:00Z,FR,34073
2024-05-19T09:00Z,FR,34297
2024-05-19T10:00Z,FR,34188
2024-05-19T11:00Z,FR,33907
2024-05-19T12:00Z,FR,33847
2024-05-19T13:00Z,FR,33828
2024-05-19T14:00Z,FR,33953
2024-05-19T15:00Z,FR,33967
2024-05-19T16:00Z,FR,33912
2024-05-19T17:00Z,FR,33225
2024-05-19T18:00Z,FR,32732
2024-05-19T19:00Z,FR,31841
2024-05-19T20:00Z,FR,30688
2024-05-19T21:00Z,FR,29270
2024-05-19T22:00Z,FR,28172
2024-05-19T23:00Z,FR,27774
2024-05-20T00:00Z,FR,27451
2024-05-20T01:00Z,FR,27440
2024-05-20T02:00Z,FR,27587
2024-05-20T03:00Z,FR,28535
2024-05-20T04:00Z,FR,30192
2024-05-20T05:00Z,FR,31875
2024-05-20T06:00Z,FR,32753
2024-05-20T07:00Z,FR,33464
2024-05-20T08:00Z,FR,33715
2024-05-20T09:00Z,FR,34028
2024-05-20T10:00Z,FR,33904
2024-05-20T11:00Z,FR,33791
2024-05-20T12:00Z,FR,33891
2024-05-20T13:00Z,FR,33661
2024-05-20T14:00Z,FR,33605
2024-05-20T15:00Z,FR,33926
2024-05-20T16:00Z,FR,33744
2024-05-20T17:00Z,FR,33263
2024-05-20T18:00Z,FR,32623
2024-05-20T19:00Z,FR,31813
2024-05-20T20:00Z,FR,30752
2024-05-20T21:00Z,FR,29461
2024-05-20T22:00Z,FR,32667
2024-05-20T23:00Z,FR,31535
2024-05-21T00:00Z,FR,30587
2024-05-21T01:00Z,FR,30334
2024-05-21T02:00Z,FR,30843
2024-05-21T03:00Z,FR,32925
2024-05-21T04:00Z,FR,36895
2024-05-21T05:00Z,FR,40470
2024-05-21T06:00Z,FR,42611
2024-05-21T07:00Z,FR,44182
2024-05-21T08:00Z,FR,44700
2024-05-21T09:00Z,FR,44842
2024-05-21T10:00Z,FR,44705
2024-05-21T11:00Z,FR,44434
2024-05-21T12:00Z,FR,44029
2024-05-21T13:00Z,FR,43679
2024-05-21T14:00Z,FR,43737
2024-05-21T15:00Z,FR,43823
2024-05-21T16:00Z,FR,43630
2024-05-21T17:00Z,FR,42685
2024-05-21T18:00Z,FR,41310
2024-05-21T19:00Z,FR,39645
2024-05-21T20:00Z,FR,37540
2024-05-21T21:00Z,FR,34814
2024-05-21T22:00Z,FR,32408
2024-05-21T23:00Z,FR,31256
2024-05-22T00:00Z,FR,30548
2024-05-22T01:00Z,FR,30118
2024-05-22T02:00Z,FR,30604
2024-05-22T03:00Z,FR,32836
2024-05-22T04:00Z,FR,36767
2024-05-22T05:00Z,FR,40541
2024-05-22T06:00Z,FR,42735
2024-05-22T07:00Z,FR,43839
2024-05-22T08:00Z,FR,44406
2024-05-22T09:00Z,FR,44747
2024-05-22T10:00Z,FR,44836
2024-05-22T11:00Z,FR,44157
2024-05-22T12:00Z,FR,43773
2024-05-22T13:00Z,FR,43461
2024-05-22T14:00Z,FR,43498
2024-05-22T15:00Z,FR,43663
2024-05-22T16:00Z,FR,43607
2024-05-22T17:00Z,FR,42813
2024-05-22T18:00Z,FR,41643
2024-05-22T19:00Z,FR,39976
2024-05-22T20:00Z,FR,37933
2024-05-22T21:00Z,FR,35034
2024-05-22T22:00Z,FR,34332
2024-05-22T23:00Z,FR,33196
2024-05-23T00:00Z,FR,32332
2024-05-23T01:00Z,FR,31931
2024-05-23T02:00Z,FR,32515
2024-05-23T03:00Z,FR,34851
2024-05-23T04:00Z,FR,38725
2024-05-23T05:00Z,FR,42642
2024-05-23T06:00Z,FR,45030
2024-05-23T07:00Z,FR,46559
2024-05-23T08:00Z,FR,47284
2024-05-23T09:00Z,FR,47324
2024-05-23T10:00Z,FR,47210
2024-05-23T11:00Z,FR,46615
2024-05-23T12:00Z,FR,46121
2024-05-23T13:00Z,FR,45688
2024-05-23T14:00Z,FR,45662
2024-05-23T15:00Z,FR,45901
2024-05-23T16:00Z,FR,45568
2024-05-23T17:00Z,FR,44821
2024-05-23T18:00Z,FR,43684
2024-05-23T19:00Z,FR,42217
2024-05-23T20:00Z,FR,39634
2024-05-23T21:00Z,FR,36649
2024-05-23T22:00Z,FR,32459
2024-05-23T23:00Z,FR,31167
2024-05-24T00:00Z,FR,30475
2024-05-24T01:00Z,FR,30262
2024-05-24T02:00Z,FR,30549
2024-05-24T03:00Z,FR,32960
2024-05-24T04:00Z,FR,36740
2024-05-24T05:00Z,FR,40341
2024-05-24T06:00Z,FR,42505
2024-05-24T07:00Z,FR,43759
2024-05-24T08:00Z,FR,44444
2024-05-24T09:00Z,FR,44800
2024-05-24T10:00Z,FR,44433
2024-05-24T11:00Z,FR,44263
2024-05-24T12:00Z,FR,43936
2024-05-24T13:00Z,FR,43794
2024-05-24T14:00Z,FR,43633
2024-05-24T15:00Z,FR,43906
2024-05-24T16:00Z,FR,43630
2024-05-24T17:00Z,FR,42582
2024-05-24T18:00Z,FR,41504
2024-05-24T19:00Z,FR,39906
2024-05-24T20:00Z,FR,37979
2024-05-24T21:00Z,FR,35111
2024-05-24T22:00Z,FR,31168
2024-05-24T23:00Z,FR,30618
2024-05-25T00:00Z,FR,30059
2024-05-25T01:00Z,FR,29901
2024-05-25T02:00Z,FR,30210
2024-05-25T03:00Z,FR,31524
2024-05-25T04:00Z,FR,33395
2024-05-25T05:00Z,FR,35528
2024-05-25T06:00Z,FR,36476
2024-05-25T07:00Z,FR,37165
2024-05-25T08:00Z,FR,37605
2024-05-25T09:00Z,FR,37668
2024-05-25T10:00Z,FR,37553
2024-05-25T11:00Z,FR,37267
2024-05-25T12:00Z,FR,37019
2024-05-25T13:00Z,FR,36678
2024-05-25T14:00Z,FR,36794
2024-05-25T15:00Z,FR,36902
2024-05-25T16:00Z,FR,36715
2024-05-25T17:00Z,FR,36182
2024-05-25T18:00Z,FR,35699
2024-05-25T19:00Z,FR,35028
2024-05-25T20:00Z,FR,34003
2024-05-25T21:00Z,FR,32506
2024-05-25T22:00Z,FR,28487
2024-05-25T23:00Z,FR,27771
2024-05-26T00:00Z,FR,27394
2024-05-26T01:00Z,FR,27355
2024-05-26T02:00Z,FR,27725
2024-05-26T03:00Z,FR,28664
2024-05-26T04:00Z,FR,30594
2024-05-26T05:00Z,FR,32511
2024-05-26T06:00Z,FR,33565
2024-05-26T07:00Z,FR,34217
2024-05-26T08:00Z,FR,34422
2024-05-26T09:00Z,FR,34320
2024-05-26T10:00Z,FR,34317
2024-05-26T11:00Z,FR,34111
2024-05-26T12:00Z,FR,33843
2024-05-26T13:00Z,FR,33683
2024-05-26T14:00Z,FR,33628
2024-05-26T15:00Z,FR,33653
2024-05-26T16:00Z,FR,33578
2024-05-26T17:00Z,FR,33085
2024-05-26T18:00Z,FR,32730
2024-05-26T19:00Z,FR,32036
2024-05-26T20:00Z,FR,30910
2024-05-26T21:00Z,FR,29573
2024-05-26T22:00Z,FR,32881
2024-05-26T23:00Z,FR,31853
2024-05-27T00:00Z,FR,30995
2024-05-27T01:00Z,FR,30654
2024-05-27T02:00Z,FR,31140
2024-05-27T03:00Z,FR,33120
2024-05-27T04:00Z,FR,36958
2024-05-27T05:00Z,FR,40542
2024-05-27T06:00Z,FR,42870
2024-05-27T07:00Z,FR,44292
2024-05-27T08:00Z,FR,45202
2024-05-27T09:00Z,FR,45364
2024-05-27T10:00Z,FR,45102
2024-05-27T11:00Z,FR,44462
2024-05-27T12:00Z,FR,44195
2024-05-27T13:00Z,FR,43828
2024-05-27T14:00Z,FR,43868
2024-05-27T15:00Z,FR,43821
2024-05-27T16:00Z,FR,43543
2024-05-27T17:00Z,FR,42462
2024-05-27T18:00Z,FR,41286
2024-05-27T19:00Z,FR,39903
2024-05-27T20:00Z,FR,37902
2024-05-27T21:00Z,FR,35108
2024-05-27T22:00Z,FR,32474
2024-05-27T23:00Z,FR,31286
2024-05-28T00:00Z,FR,30511
2024-05-28T01:00Z,FR,30336
2024-05-28T02:00Z,FR,30806
2024-05-28T03:00Z,FR,32862
2024-05-28T04:00Z,FR,36556
2024-05-28T05:00Z,FR,40526
2024-05-28T06:00Z,FR,42707
2024-05-28T07:00Z,FR,44298
2024-05-28T08:00Z,FR,45063
2024-05-28T09:00Z,FR,45248
2024-05-28T10:00Z,FR,45090
2024-05-28T11:00Z,FR,44798
2024-05-28T12:00Z,FR,44428
2024-05-28T13:00Z,FR,44048
2024-05-28T14:00Z,FR,44010
2024-05-28T15:00Z,FR,44165
2024-05-28T16:00Z,FR,43973
2024-05-28T17:00Z,FR,42894
2024-05-28T18:00Z,FR,41647
2024-05-28T19:00Z,FR,40231
2024-05-28T20:00Z,FR,37883
2024-05-28T21:00Z,FR,35149
2024-05-28T22:00Z,FR,32827
2024-05-28T23:00Z,FR,31585
2024-05-29T00:00Z,FR,30806
2024-05-29T01:00Z,FR,30399
2024-05-29T02:00Z,FR,30958
2024-05-29T03:00Z,FR,33168
2024-05-29T04:00Z,FR,36956
2024-05-29T05:00Z,FR,40676
2024-05-29T06:00Z,FR,43007
2024-05-29T07:00Z,FR,44584
2024-05-29T08:00Z,FR,45194
2024-05-29T09:00Z,FR,45386
2024-05-29T10:00Z,FR,45057
2024-05-29T11:00Z,FR,44667
2024-05-29T12:00Z,FR,44326
2024-05-29T13:00Z,FR,43898
2024-05-29T14:00Z,FR,43579
2024-05-29T15:00Z,FR,43812
2024-05-29T16:00Z,FR,43438
2024-05-29T17:00Z,FR,42408
2024-05-29T18:00Z,FR,41356
2024-05-29T19:00Z,FR,39943
2024-05-29T20:00Z,FR,37820
2024-05-29T21:00Z,FR,34997
2024-05-29T22:00Z,FR,33038
2024-05-29T23:00Z,FR,31787
2024-05-30T00:00Z,FR,31042
2024-05-30T01:00Z,FR,30671
2024-05-30T02:00Z,FR,31244
2024-05-30T03:00Z,FR,33376
2024-05-30T04:00Z,FR,37207
2024-05-30T05:00Z,FR,40633
2024-05-30T06:00Z,FR,43044
2024-05-30T07:00Z,FR,44617
2024-05-30T08:00Z,FR,45301
2024-05-30T09:00Z,FR,45780
2024-05-30T10:00Z,FR,45357
2024-05-30T11:00Z,FR,44973
2024-05-30T12:00Z,FR,44570
2024-05-30T13:00Z,FR,44110
2024-05-30T14:00Z,FR,43799
2024-05-30T15:00Z,FR,44006
2024-05-30T16:00Z,FR,43741
2024-05-30T17:00Z,FR,42993
2024-05-30T18:00Z,FR,41944
2024-05-30T19:00Z,FR,40504
2024-05-30T20:00Z,FR,38339
2024-05-30T21:00Z,FR,35515
2024-05-30T22:00Z,FR,32802
2024-05-30T23:00Z,FR,31653
2024-05-31T00:00Z,FR,30809
2024-05-31T01:00Z,FR,30513
2024-05-31T02:00Z,FR,30872
2024-05-31T03:00Z,FR,32925
2024-05-31T04:00Z,FR,36710
2024-05-31T05:00Z,FR,40478
2024-05-31T06:00Z,FR,42767
2024-05-31T07:00Z,FR,43880
2024-05-31T08:00Z,FR,44815
2024-05-31T09:00Z,FR,45035
2024-05-31T10:00Z,FR,44792
2024-05-31T11:00Z,FR,44395
2024-05-31T12:00Z,FR,43951
2024-05-31T13:00Z,FR,43719
2024-05-31T14:00Z,FR,43649
2024-05-31T15:00Z,FR,43598
2024-05-31T16:00Z,FR,43421
2024-05-31T17:00Z,FR,42712
2024-05-31T18:00Z,FR,41701
2024-05-31T19:00Z,FR,40262
2024-05-31T20:00Z,FR,37942
2024-05-31T21:00Z,FR,35239
2024-05-31T22:00Z,FR,31427
2024-05-31T23:00Z,FR,30788
2024-06-01T00:00Z,FR,30271
2024-06-01T01:00Z,FR,30129
2024-06-01T02:00Z,FR,30183
2024-06-01T03:00Z,FR,31171
2024-06-01T04:00Z,FR,33171
2024-06-01T05:00Z,FR,35083
2024-06-01T06:00Z,FR,36202
2024-06-01T07:00Z,FR,37230
2024-06-01T08:00Z,FR,37582
2024-06-01T09:00Z,FR,37713
2024-06-01T10:00Z,FR,37688
2024-06-01T11:00Z,FR,37264
2024-06-01T12:00Z,FR,37200
2024-06-01T13:00Z,FR,36905
2024-06-01T14:00Z,FR,36630
2024-06-01T15:00Z,FR,36741
2024-06-01T16:00Z,FR,36725
2024-06-01T17:00Z,FR,36380
2024-06-01T18:00Z,FR,35782
2024-06-01T19:00Z,FR,35092
2024-06-01T20:00Z,FR,34010
2024-06-01T21:00Z,FR,32493
2024-06-01T22:00Z,FR,28412
2024-06-01T23:00Z,FR,27872
2024-06-02T00:00Z,FR,27479
2024-06-02T01:00Z,FR,27187
2024-06-02T02:00Z,FR,27475
2024-06-02T03:00Z,FR,28508
2024-06-02T04:00Z,FR,30285
2024-06-02T05:00Z,FR,32127
2024-06-02T06:00Z,FR,33115
2024-06-02T07:00Z,FR,33842
2024-06-02T08:00Z,FR,34136
2024-06-02T09:00Z,FR,34230
2024-06-02T10:00Z,FR,34298
2024-06-02T11:00Z,FR,34134
2024-06-02T12:00Z,FR,33955
2024-06-02T13:00Z,FR,33748
2024-06-02T14:00Z,FR,33363
2024-06-02T15:00Z,FR,33408
2024-06-02T16:00Z,FR,33199
2024-06-02T17:00Z,FR,32766
2024-06-02T18:00Z,FR,32305
2024-06-02T19:00Z,FR,31929
2024-06-02T20:00Z,FR,30715
2024-06-02T21:00Z,FR,29278
2024-06-02T22:00Z,FR,32425
2024-06-02T23:00Z,FR,31271
2024-06-03T00:00Z,FR,30446
2024-06-03T01:00Z,FR,30072
2024-06-03T02:00Z,FR,30463
2024-06-03T03:00Z,FR,32633
2024-06-03T04:00Z,FR,36472
2024-06-03T05:00Z,FR,40102
2024-06-03T06:00Z,FR,42077
2024-06-03T07:00Z,FR,43687
2024-06-03T08:00Z,FR,44323
2024-06-03T09:00Z,FR,44827
2024-06-03T10:00Z,FR,44870
2024-06-03T11:00Z,FR,44620
2024-06-03T12:00Z,FR,44132
2024-06-03T13:00Z,FR,43712
2024-06-03T14:00Z,FR,43460
2024-06-03T15:00Z,FR,43344
2024-06-03T16:00Z,FR,43183
2024-06-03T17:00Z,FR,42313
2024-06-03T18:00Z,FR,41423
2024-06-03T19:00Z,FR,40087
2024-06-03T20:00Z,FR,38351
2024-06-03T21:00Z,FR,35439
2024-06-03T22:00Z,FR,33015
2024-06-03T23:00Z,FR,31803
2024-06-04T00:00Z,FR,30815
2024-06-04T01:00Z,FR,30525
2024-06-04T02:00Z,FR,30994
2024-06-04T03:00Z,FR,33133
2024-06-04T04:00Z,FR,36918
2024-06-04T05:00Z,FR,40624
2024-06-04T06:00Z,FR,42747
2024-06-04T07:00Z,FR,44046
2024-06-04T08:00Z,FR,44762
2024-06-04T09:00Z,FR,44940
2024-06-04T10:00Z,FR,44869
2024-06-04T11:00Z,FR,44506
2024-06-04T12:00Z,FR,44102
2024-06-04T13:00Z,FR,43891
2024-06-04T14:00Z,FR,43647
2024-06-04T15:00Z,FR,43637
2024-06-04T16:00Z,FR,43324
2024-06-04T17:00Z,FR,42356
2024-06-04T18:00Z,FR,41247
2024-06-04T19:00Z,FR,39908
2024-06-04T20:00Z,FR,37809
2024-06-04T21:00Z,FR,34841
2024-06-04T22:00Z,FR,32484
2024-06-04T23:00Z,FR,31153
2024-06-05T00:00Z,FR,30487
2024-06-05T01:00Z,FR,30249
2024-06-05T02:00Z,FR,30742
2024-06-05T03:00Z,FR,32765
2024-06-05T04:00Z,FR,36562
2024-06-05T05:00Z,FR,40374
2024-06-05T06:00Z,FR,42513
2024-06-05T07:00Z,FR,43968
2024-06-05T08:00Z,FR,44787
2024-06-05T09:00Z,FR,45209
2024-06-05T10:00Z,FR,45259
2024-06-05T11:00Z,FR,44962
2024-06-05T12:00Z,FR,44413
2024-06-05T13:00Z,FR,44171
2024-06-05T14:00Z,FR,43941
2024-06-05T15:00Z,FR,44005
2024-06-05T16:00Z,FR,43493
2024-06-05T17:00Z,FR,42458
2024-06-05T18:00Z,FR,41248
2024-06-05T19:00Z,FR,40025
2024-06-05T20:00Z,FR,37789
2024-06-05T21:00Z,FR,35022
2024-06-05T22:00Z,FR,32628
2024-06-05T23:00Z,FR,31346
2024-06-06T00:00Z,FR,30559
2024-06-06T01:00Z,FR,30294
2024-06-06T02:00Z,FR,30724
2024-06-06T03:00Z,FR,32832
2024-06-06T04:00Z,FR,36564
2024-06-06T05:00Z,FR,40273
2024-06-06T06:00Z,FR,42855
2024-06-06T07:00Z,FR,44080
2024-06-06T08:00Z,FR,44870
2024-06-06T09:00Z,FR,45274
2024-06-06T10:00Z,FR,44895
2024-06-06T11:00Z,FR,44520
2024-06-06T12:00Z,FR,44108
2024-06-06T13:00Z,FR,43973
2024-06-06T14:00Z,FR,43778
2024-06-06T15:00Z,FR,43797
2024-06-06T16:00Z,FR,43468
2024-06-06T17:00Z,FR,42395
2024-06-06T18:00Z,FR,41372
2024-06-06T19:00Z,FR,40215
2024-06-06T20:00Z,FR,38221
2024-06-06T21:00Z,FR,35198
2024-06-06T22:00Z,FR,33148
2024-06-06T23:00Z,FR,31948
2024-06-07T00:00Z,FR,31053
2024-06-07T01:00Z,FR,30669
2024-06-07T02:00Z,FR,31163
2024-06-07T03:00Z,FR,33351
2024-06-07T04:00Z,FR,37066
2024-06-07T05:00Z,FR,40542
2024-06-07T06:00Z,FR,42992
2024-06-07T07:00Z,FR,44320
2024-06-07T08:00Z,FR,45180
2024-06-07T09:00Z,FR,45393
2024-06-07T10:00Z,FR,45440
2024-06-07T11:00Z,FR,44903
2024-06-07T12:00Z,FR,44541
2024-06-07T13:00Z,FR,44025
2024-06-07T14:00Z,FR,43847
2024-06-07T15:00Z,FR,43799
2024-06-07T16:00Z,FR,43277
2024-06-07T17:00Z,FR,42298
2024-06-07T18:00Z,FR,41332
2024-06-07T19:00Z,FR,40097
2024-06-07T20:00Z,FR,37888
2024-06-07T21:00Z,FR,35237
2024-06-07T22:00Z,FR,31076
2024-06-07T23:00Z,FR,30485
2024-06-08T00:00Z,FR,29969
2024-06-08T01:00Z,FR,29845
2024-06-08T02:00Z,FR,30116
2024-06-08T03:00Z,FR,31022
2024-06-08T04:00Z,FR,32967
2024-06-08T05:00Z,FR,35049
2024-06-08T06:00Z,FR,36276
2024-06-08T07:00Z,FR,37058
2024-06-08T08:00Z,FR,37212
2024-06-08T09:00Z,FR,37479
2024-06-08T10:00Z,FR,37486
2024-06-08T11:00Z,FR,37287
2024-06-08T12:00Z,FR,37282
2024-06-08T13:00Z,FR,37041
2024-06-08T14:00Z,FR,36936
2024-06-08T15:00Z,FR,36910
2024-06-08T16:00Z,FR,36749
2024-06-08T17:00Z,FR,36443
2024-06-08T18:00Z,FR,35857
2024-06-08T19:00Z,FR,35169
2024-06-08T20:00Z,FR,34140
2024-06-08T21:00Z,FR,32774
2024-06-08T22:00Z,FR,28440
2024-06-08T23:00Z,FR,27715
2024-06-09T00:00Z,FR,27285
2024-06-09T01:00Z,FR,27092
2024-06-09T02:00Z,FR,27206
2024-06-09T03:00Z,FR,28317
2024-06-09T04:00Z,FR,30120
2024-06-09T05:00Z,FR,31981
2024-06-09T06:00Z,FR,33009
2024-06-09T07:00Z,FR,33619
2024-06-09T08:00Z,FR,33914
2024-06-09T09:00Z,FR,34178
2024-06-09T10:00Z,FR,34154
2024-06-09T11:00Z,FR,34043
2024-06-09T12:00Z,FR,33864
2024-06-09T13:00Z,FR,33683
2024-06-09T14:00Z,FR,33609
2024-06-09T15:00Z,FR,33648
2024-06-09T16:00Z,FR,33454
2024-06-09T17:00Z,FR,32809
2024-06-09T18:00Z,FR,32260
2024-06-09T19:00Z,FR,31782
2024-06-09T20:00Z,FR,30822
2024-06-09T21:00Z,FR,29406
2024-06-09T22:00Z,FR,32762
2024-06-09T23:00Z,FR,31609
2024-06-10T00:00Z,FR,30664
2024-06-10T01:00Z,FR,30278
2024-06-10T02:00Z,FR,30674
2024-06-10T03:00Z,FR,32818
2024-06-10T04:00Z,FR,36492
2024-06-10T05:00Z,FR,40005
2024-06-10T06:00Z,FR,42530
2024-06-10T07:00Z,FR,43979
2024-06-10T08:00Z,FR,44767
2024-06-10T09:00Z,FR,45176
2024-06-10T10:00Z,FR,45177
2024-06-10T11:00Z,FR,44516
2024-06-10T12:00Z,FR,44141
2024-06-10T13:00Z,FR,43677
2024-06-10T14:00Z,FR,43500
2024-06-10T15:00Z,FR,43480
2024-06-10T16:00Z,FR,43319
2024-06-10T17:00Z,FR,42286
2024-06-10T18:00Z,FR,41175
2024-06-10T19:00Z,FR,39767
2024-06-10T20:00Z,FR,37564
2024-06-10T21:00Z,FR,34871
2024-06-10T22:00Z,FR,32655
2024-06-10T23:00Z,FR,31573
2024-06-11T00:00Z,FR,30711
2024-06-11T01:00Z,FR,30399
2024-06-11T02:00Z,FR,30883
2024-06-11T03:00Z,FR,32943
2024-06-11T04:00Z,FR,36904
2024-06-11T05:00Z,FR,40611
2024-06-11T06:00Z,FR,42785
2024-06-11T07:00Z,FR,44225
2024-06-11T08:00Z,FR,45083
2024-06-11T09:00Z,FR,45263
2024-06-11T10:00Z,FR,45266
2024-06-11T11:00Z,FR,44878
2024-06-11T12:00Z,FR,44384
2024-06-11T13:00Z,FR,44092
2024-06-11T14:00Z,FR,43739
2024-06-11T15:00Z,FR,43561
2024-06-11T16:00Z,FR,43164
2024-06-11T17:00Z,FR,42174
2024-06-11T18:00Z,FR,41493
2024-06-11T19:00Z,FR,40518
2024-06-11T20:00Z,FR,38532
2024-06-11T21:00Z,FR,35525
2024-06-11T22:00Z,FR,32903
2024-06-11T23:00Z,FR,31851
2024-06-12T00:00Z,FR,30969
2024-06-12T01:00Z,FR,30684
2024-06-12T02:00Z,FR,31106
2024-06-12T03:00Z,FR,33127
2024-06-12T04:00Z,FR,36658
2024-06-12T05:00Z,FR,40191
2024-06-12T06:00Z,FR,42592
2024-06-12T07:00Z,FR,43954
2024-06-12T08:00Z,FR,44738
2024-06-12T09:00Z,FR,45168
2024-06-12T10:00Z,FR,45020
2024-06-12T11:00Z,FR,44715
2024-06-12T12:00Z,FR,44504
2024-06-12T13:00Z,FR,44138
2024-06-12T14:00Z,FR,43950
2024-06-12T15:00Z,FR,44020
2024-06-12T16:00Z,FR,43538
2024-06-12T17:00Z,FR,42639
2024-06-12T18:00Z,FR,41599
2024-06-12T19:00Z,FR,40315
2024-06-12T20:00Z,FR,38180
2024-06-12T21:00Z,FR,35398
2024-06-12T22:00Z,FR,33161
2024-06-12T23:00Z,FR,31827
2024-06-13T00:00Z,FR,31028
2024-06-13T01:00Z,FR,30715
2024-06-13T02:00Z,FR,31207
2024-06-13T03:00Z,FR,33340
2024-06-13T04:00Z,FR,37130
2024-06-13T05:00Z,FR,40919
2024-06-13T06:00Z,FR,43288
2024-06-13T07:00Z,FR,44824
2024-06-13T08:00Z,FR,45547
2024-06-13T09:00Z,FR,45760
2024-06-13T10:00Z,FR,45705
2024-06-13T11:00Z,FR,45304
2024-06-13T12:00Z,FR,44695
2024-06-13T13:00Z,FR,44135
2024-06-13T14:00Z,FR,43881
2024-06-13T15:00Z,FR,43770
2024-06-13T16:00Z,FR,43616
2024-06-13T17:00Z,FR,42706
2024-06-13T18:00Z,FR,41743
2024-06-13T19:00Z,FR,40370
2024-06-13T20:00Z,FR,38205
2024-06-13T21:00Z,FR,35413
2024-06-13T22:00Z,FR,33100
2024-06-13T23:00Z,FR,31763
2024-06-14T00:00Z,FR,30841
2024-06-14T01:00Z,FR,30698
2024-06-14T02:00Z,FR,31170
2024-06-14T03:00Z,FR,33241
2024-06-14T04:00Z,FR,37039
2024-06-14T05:00Z,FR,40837
2024-06-14T06:00Z,FR,43206
2024-06-14T07:00Z,FR,44643
2024-06-14T08:00Z,FR,45586
2024-06-14T09:00Z,FR,45777
2024-06-14T10:00Z,FR,45676
2024-06-14T11:00Z,FR,45350
2024-06-14T12:00Z,FR,44834
2024-06-14T13:00Z,FR,44492
2024-06-14T14:00Z,FR,44224
2024-06-14T15:00Z,FR,44151
2024-06-14T16:00Z,FR,43940
2024-06-14T17:00Z,FR,42782
2024-06-14T18:00Z,FR,41606
2024-06-14T19:00Z,FR,40328
2024-06-14T20:00Z,FR,38319
2024-06-14T21:00Z,FR,35488
2024-06-14T22:00Z,FR,31167
2024-06-14T23:00Z,FR,30360
2024-06-15T00:00Z,FR,29939
2024-06-15T01:00Z,FR,29793
2024-06-15T02:00Z,FR,30096
2024-06-15T03:00Z,FR,31236
2024-06-15T04:00Z,FR,33151
2024-06-15T05:00Z,FR,34944
2024-06-15T06:00Z,FR,36241
2024-06-15T07:00Z,FR,37286
2024-06-15T08:00Z,FR,37480
2024-06-15T09:00Z,FR,37590
2024-06-15T10:00Z,FR,37565
2024-06-15T11:00Z,FR,37419
2024-06-15T12:00Z,FR,37319
2024-06-15T13:00Z,FR,37295
2024-06-15T14:00Z,FR,37302
2024-06-15T15:00Z,FR,37022
2024-06-15T16:00Z,FR,36923
2024-06-15T17:00Z,FR,36328
2024-06-15T18:00Z,FR,35851
2024-06-15T19:00Z,FR,35133
2024-06-15T20:00Z,FR,34013
2024-06-15T21:00Z,FR,32763
2024-06-15T22:00Z,FR,28633
2024-06-15T23:00Z,FR,27915
2024-06-16T00:00Z,FR,27344
2024-06-16T01:00Z,FR,27237
2024-06-16T02:00Z,FR,27493
2024-06-16T03:00Z,FR,28472
2024-06-16T04:00Z,FR,30183
2024-06-16T05:00Z,FR,31951
2024-06-16T06:00Z,FR,33057
2024-06-16T07:00Z,FR,33910
2024-06-16T08:00Z,FR,34051
2024-06-16T09:00Z,FR,34221
2024-06-16T10:00Z,FR,34164
2024-06-16T11:00Z,FR,34081
2024-06-16T12:00Z,FR,33864
2024-06-16T13:00Z,FR,33669
2024-06-16T14:00Z,FR,33469
2024-06-16T15:00Z,FR,33366
2024-06-16T16:00Z,FR,33254
2024-06-16T17:00Z,FR,32914
2024-06-16T18:00Z,FR,32543
2024-06-16T19:00Z,FR,31993
2024-06-16T20:00Z,FR,31038
2024-06-16T21:00Z,FR,29696
2024-06-16T22:00Z,FR,33133
2024-06-16T23:00Z,FR,31860
2024-06-17T00:00Z,FR,31039
2024-06-17T01:00Z,FR,30691
2024-06-17T02:00Z,FR,30879
2024-06-17T03:00Z,FR,33099
2024-06-17T04:00Z,FR,36808
2024-06-17T05:00Z,FR,40615
2024-06-17T06:00Z,FR,43016
2024-06-17T07:00Z,FR,44699
2024-06-17T08:00Z,FR,45358
2024-06-17T09:00Z,FR,45655
2024-06-17T10:00Z,FR,45608
2024-06-17T11:00Z,FR,45088
2024-06-17T12:00Z,FR,44510
2024-06-17T13:00Z,FR,44167
2024-06-17T14:00Z,FR,43881
2024-06-17T15:00Z,FR,43624
2024-06-17T16:00Z,FR,43167
2024-06-17T17:00Z,FR,42226
2024-06-17T18:00Z,FR,41429
2024-06-17T19:00Z,FR,40213
2024-06-17T20:00Z,FR,38070
2024-06-17T21:00Z,FR,35329
2024-06-17T22:00Z,FR,33116
2024-06-17T23:00Z,FR,31776
2024-06-18T00:00Z,FR,30911
2024-06-18T01:00Z,FR,30461
2024-06-18T02:00Z,FR,30875
2024-06-18T03:00Z,FR,32921
2024-06-18T04:00Z,FR,36672
2024-06-18T05:00Z,FR,40409
2024-06-18T06:00Z,FR,42925
2024-06-18T07:00Z,FR,44377
2024-06-18T08:00Z,FR,45201
2024-06-18T09:00Z,FR,45295
2024-06-18T10:00Z,FR,45054
2024-06-18T11:00Z,FR,44525
2024-06-18T12:00Z,FR,44180
2024-06-18T13:00Z,FR,43927
2024-06-18T14:00Z,FR,43567
2024-06-18T15:00Z,FR,42976
2024-06-18T16:00Z,FR,42659
2024-06-18T17:00Z,FR,41803
2024-06-18T18:00Z,FR,41030
2024-06-18T19:00Z,FR,39839
2024-06-18T20:00Z,FR,37739
2024-06-18T21:00Z,FR,34958
2024-06-18T22:00Z,FR,32748
2024-06-18T23:00Z,FR,31484
2024-06-19T00:00Z,FR,30722
2024-06-19T01:00Z,FR,30471
2024-06-19T02:00Z,FR,30827
2024-06-19T03:00Z,FR,33033
2024-06-19T04:00Z,FR,36585
2024-06-19T05:00Z,FR,40338
2024-06-19T06:00Z,FR,42930
2024-06-19T07:00Z,FR,44408
2024-06-19T08:00Z,FR,45036
2024-06-19T09:00Z,FR,45580
2024-06-19T10:00Z,FR,45526
2024-06-19T11:00Z,FR,45076
2024-06-19T12:00Z,FR,44848
2024-06-19T13:00Z,FR,44582
2024-06-19T14:00Z,FR,44166
2024-06-19T15:00Z,FR,43807
2024-06-19T16:00Z,FR,43439
2024-06-19T17:00Z,FR,42473
2024-06-19T18:00Z,FR,41670
2024-06-19T19:00Z,FR,40550
2024-06-19T20:00Z,FR,38789
2024-06-19T21:00Z,FR,35747
2024-06-19T22:00Z,FR,33352
2024-06-19T23:00Z,FR,32112
2024-06-20T00:00Z,FR,31242
2024-06-20T01:00Z,FR,30664
2024-06-20T02:00Z,FR,31149
2024-06-20T03:00Z,FR,33259
2024-06-20T04:00Z,FR,37037
2024-06-20T05:00Z,FR,40657
2024-06-20T06:00Z,FR,42964
2024-06-20T07:00Z,FR,44610
2024-06-20T08:00Z,FR,45228
2024-06-20T09:00Z,FR,45429
2024-06-20T10:00Z,FR,45540
2024-06-20T11:00Z,FR,45184
2024-06-20T12:00Z,FR,44801
2024-06-20T13:00Z,FR,44412
2024-06-20T14:00Z,FR,44264
2024-06-20T15:00Z,FR,43784
2024-06-20T16:00Z,FR,43627
2024-06-20T17:00Z,FR,42784
2024-06-20T18:00Z,FR,41837
2024-06-20T19:00Z,FR,40841
2024-06-20T20:00Z,FR,38820
2024-06-20T21:00Z,FR,35958
2024-06-20T22:00Z,FR,33236
2024-06-20T23:00Z,FR,32001
2024-06-21T00:00Z,FR,31122
2024-06-21T01:00Z,FR,30696
2024-06-21T02:00Z,FR,30963
2024-06-21T03:00Z,FR,33055
2024-06-21T04:00Z,FR,36678
2024-06-21T05:00Z,FR,40267
2024-06-21T06:00Z,FR,42879
2024-06-21T07:00Z,FR,44421
2024-06-21T08:00Z,FR,45269
2024-06-21T09:00Z,FR,45356
2024-06-21T10:00Z,FR,45171
2024-06-21T11:00Z,FR,44853
2024-06-21T12:00Z,FR,44349
2024-06-21T13:00Z,FR,44023
2024-06-21T14:00Z,FR,43715
2024-06-21T15:00Z,FR,43264
2024-06-21T16:00Z,FR,42913
2024-06-21T17:00Z,FR,42235
2024-06-21T18:00Z,FR,41326
2024-06-21T19:00Z,FR,40135
2024-06-21T20:00Z,FR,38018
2024-06-21T21:00Z,FR,35188
2024-06-21T22:00Z,FR,31369
2024-06-21T23:00Z,FR,30760
2024-06-22T00:00Z,FR,30376
2024-06-22T01:00Z,FR,30211
2024-06-22T02:00Z,FR,30455
2024-06-22T03:00Z,FR,31450
2024-06-22T04:00Z,FR,33446
2024-06-22T05:00Z,FR,35366
2024-06-22T06:00Z,FR,36536
2024-06-22T07:00Z,FR,37445
2024-06-22T08:00Z,FR,37818
2024-06-22T09:00Z,FR,37750
2024-06-22T10:00Z,FR,37630
2024-06-22T11:00Z,FR,37565
2024-06-22T12:00Z,FR,37548
2024-06-22T13:00Z,FR,37166
2024-06-22T14:00Z,FR,36845
2024-06-22T15:00Z,FR,36791
2024-06-22T16:00Z,FR,36629
2024-06-22T17:00Z,FR,36264
2024-06-22T18:00Z,FR,35838
2024-06-22T19:00Z,FR,35153
2024-06-22T20:00Z,FR,34046
2024-06-22T21:00Z,FR,32458
2024-06-22T22:00Z,FR,28310
2024-06-22T23:00Z,FR,27591
2024-06-23T00:00Z,FR,27204
2024-06-23T01:00Z,FR,27078
2024-06-23T02:00Z,FR,27398
2024-06-23T03:00Z,FR,28424
2024-06-23T04:00Z,FR,30225
2024-06-23T05:00Z,FR,31938
2024-06-23T06:00Z,FR,33101
2024-06-23T07:00Z,FR,33881
2024-06-23T08:00Z,FR,34124
2024-06-23T09:00Z,FR,34397
2024-06-23T10:00Z,FR,34312
2024-06-23T11:00Z,FR,34280
2024-06-23T12:00Z,FR,33960
2024-06-23T13:00Z,FR,33592
2024-06-23T14:00Z,FR,33459
2024-06-23T15:00Z,FR,33257
2024-06-23T16:00Z,FR,33199
2024-06-23T17:00Z,FR,32702
2024-06-23T18:00Z,FR,32299
2024-06-23T19:00Z,FR,31883
2024-06-23T20:00Z,FR,30858
2024-06-23T21:00Z,FR,29650
2024-06-23T22:00Z,FR,32832
2024-06-23T23:00Z,FR,31597
2024-06-24T00:00Z,FR,30670
2024-06-24T01:00Z,FR,30246
2024-06-24T02:00Z,FR,30717
2024-06-24T03:00Z,FR,32857
2024-06-24T04:00Z,FR,36471
2024-06-24T05:00Z,FR,39993
2024-06-24T06:00Z,FR,42481
2024-06-24T07:00Z,FR,44003
2024-06-24T08:00Z,FR,44847
2024-06-24T09:00Z,FR,45427
2024-06-24T10:00Z,FR,45560
2024-06-24T11:00Z,FR,45284
2024-06-24T12:00Z,FR,44748
2024-06-24T13:00Z,FR,44160
2024-06-24T14:00Z,FR,43513
2024-06-24T15:00Z,FR,43524
2024-06-24T16:00Z,FR,42863
2024-06-24T17:00Z,FR,41995
2024-06-24T18:00Z,FR,41097
2024-06-24T19:00Z,FR,39768
2024-06-24T20:00Z,FR,37972
2024-06-24T21:00Z,FR,35243
2024-06-24T22:00Z,FR,33012
2024-06-24T23:00Z,FR,31903
2024-06-25T00:00Z,FR,31091
2024-06-25T01:00Z,FR,30479
2024-06-25T02:00Z,FR,30849
2024-06-25T03:00Z,FR,32912
2024-06-25T04:00Z,FR,36547
2024-06-25T05:00Z,FR,40317
2024-06-25T06:00Z,FR,42673
2024-06-25T07:00Z,FR,44014
2024-06-25T08:00Z,FR,44891
2024-06-25T09:00Z,FR,45149
2024-06-25T10:00Z,FR,45097
2024-06-25T11:00Z,FR,44819
2024-06-25T12:00Z,FR,44203
2024-06-25T13:00Z,FR,43811
2024-06-25T14:00Z,FR,43645
2024-06-25T15:00Z,FR,43389
2024-06-25T16:00Z,FR,43139
2024-06-25T17:00Z,FR,42427
2024-06-25T18:00Z,FR,41484
2024-06-25T19:00Z,FR,40271
2024-06-25T20:00Z,FR,38253
2024-06-25T21:00Z,FR,35401
2024-06-25T22:00Z,FR,33383
2024-06-25T23:00Z,FR,32158
2024-06-26T00:00Z,FR,31470
2024-06-26T01:00Z,FR,31112
2024-06-26T02:00Z,FR,31505
2024-06-26T03:00Z,FR,33519
2024-06-26T04:00Z,FR,37194
2024-06-26T05:00Z,FR,40810
2024-06-26T06:00Z,FR,43194
2024-06-26T07:00Z,FR,44827
2024-06-26T08:00Z,FR,45810
2024-06-26T09:00Z,FR,45895
2024-06-26T10:00Z,FR,45849
2024-06-26T11:00Z,FR,45150
2024-06-26T12:00Z,FR,44920
2024-06-26T13:00Z,FR,44609
2024-06-26T14:00Z,FR,44393
2024-06-26T15:00Z,FR,43906
2024-06-26T16:00Z,FR,43815
2024-06-26T17:00Z,FR,43213
2024-06-26T18:00Z,FR,42470
2024-06-26T19:00Z,FR,40959
2024-06-26T20:00Z,FR,38699
2024-06-26T21:00Z,FR,35924
2024-06-26T22:00Z,FR,33138
2024-06-26T23:00Z,FR,31908
2024-06-27T00:00Z,FR,31160
2024-06-27T01:00Z,FR,30703
2024-06-27T02:00Z,FR,31102
2024-06-27T03:00Z,FR,32972
2024-06-27T04:00Z,FR,36682
2024-06-27T05:00Z,FR,40183
2024-06-27T06:00Z,FR,42411
2024-06-27T07:00Z,FR,44157
2024-06-27T08:00Z,FR,44949
2024-06-27T09:00Z,FR,45168
2024-06-27T10:00Z,FR,45523
2024-06-27T11:00Z,FR,44955
2024-06-27T12:00Z,FR,44398
2024-06-27T13:00Z,FR,44208
2024-06-27T14:00Z,FR,43946
2024-06-27T15:00Z,FR,43699
2024-06-27T16:00Z,FR,42993
2024-06-27T17:00Z,FR,42306
2024-06-27T18:00Z,FR,41405
2024-06-27T19:00Z,FR,40221
2024-06-27T20:00Z,FR,38460
2024-06-27T21:00Z,FR,35691
2024-06-27T22:00Z,FR,33299
2024-06-27T23:00Z,FR,32103
2024-06-28T00:00Z,FR,31227
2024-06-28T01:00Z,FR,30797
2024-06-28T02:00Z,FR,31188
2024-06-28T03:00Z,FR,33296
2024-06-28T04:00Z,FR,36910
2024-06-28T05:00Z,FR,40464
2024-06-28T06:00Z,FR,43099
2024-06-28T07:00Z,FR,44891
2024-06-28T08:00Z,FR,45702
2024-06-28T09:00Z,FR,45983
2024-06-28T10:00Z,FR,46026
2024-06-28T11:00Z,FR,45453
2024-06-28T12:00Z,FR,44671
2024-06-28T13:00Z,FR,44535
2024-06-28T14:00Z,FR,44062
2024-06-28T15:00Z,FR,43847
2024-06-28T16:00Z,FR,43531
2024-06-28T17:00Z,FR,42972
2024-06-28T18:00Z,FR,42000
2024-06-28T19:00Z,FR,40737
2024-06-28T20:00Z,FR,38454
2024-06-28T21:00Z,FR,35871
2024-06-28T22:00Z,FR,31476
2024-06-28T23:00Z,FR,30754
2024-06-29T00:00Z,FR,30369
2024-06-29T01:00Z,FR,30203
2024-06-29T02:00Z,FR,30547
2024-06-29T03:00Z,FR,31703
2024-06-29T04:00Z,FR,33580
2024-06-29T05:00Z,FR,35428
2024-06-29T06:00Z,FR,36832
2024-06-29T07:00Z,FR,37688
2024-06-29T08:00Z,FR,37788
2024-06-29T09:00Z,FR,37975
2024-06-29T10:00Z,FR,38053
2024-06-29T11:00Z,FR,37712
2024-06-29T12:00Z,FR,37429
2024-06-29T13:00Z,FR,37160
2024-06-29T14:00Z,FR,36814
2024-06-29T15:00Z,FR,36630
2024-06-29T16:00Z,FR,36606
2024-06-29T17:00Z,FR,36133
2024-06-29T18:00Z,FR,35658
2024-06-29T19:00Z,FR,35187
2024-06-29T20:00Z,FR,33989
2024-06-29T21:00Z,FR,32434
2024-06-29T22:00Z,FR,28507
2024-06-29T23:00Z,FR,27879
2024-06-30T00:00Z,FR,27466
2024-06-30T01:00Z,FR,27356
2024-06-30T02:00Z,FR,27507
2024-06-30T03:00Z,FR,28498
2024-06-30T04:00Z,FR,30230
2024-06-30T05:00Z,FR,32209
2024-06-30T06:00Z,FR,33371
2024-06-30T07:00Z,FR,34033
2024-06-30T08:00Z,FR,34351
2024-06-30T09:00Z,FR,34519
2024-06-30T10:00Z,FR,34590
2024-06-30T11:00Z,FR,34459
2024-06-30T12:00Z,FR,34176
2024-06-30T13:00Z,FR,33828
2024-06-30T14:00Z,FR,33748
2024-06-30T15:00Z,FR,33495
2024-06-30T16:00Z,FR,33301
2024-06-30T17:00Z,FR,32999
2024-06-30T18:00Z,FR,32651
2024-06-30T19:00Z,FR,32122
2024-06-30T20:00Z,FR,31000
2024-06-30T21:00Z,FR,29752
2023-12-31T23:00Z,NL,9585
2024-01-01T00:00Z,NL,9375
2024-01-01T01:00Z,NL,9257
2024-01-01T02:00Z,NL,9254
2024-01-01T03:00Z,NL,9408
2024-01-01T04:00Z,NL,9854
2024-01-01T05:00Z,NL,10602
2024-01-01T06:00Z,NL,11260
2024-01-01T07:00Z,NL,11542
2024-01-01T08:00Z,NL,11624
2024-01-01T09:00Z,NL,11612
2024-01-01T10:00Z,NL,11561
2024-01-01T11:00Z,NL,11456
2024-01-01T12:00Z,NL,11376
2024-01-01T13:00Z,NL,11226
2024-01-01T14:00Z,NL,11247
2024-01-01T15:00Z,NL,11465
2024-01-01T16:00Z,NL,11876
2024-01-01T17:00Z,NL,11861
2024-01-01T18:00Z,NL,11624
2024-01-01T19:00Z,NL,11246
2024-01-01T20:00Z,NL,10898
2024-01-01T21:00Z,NL,10403
2024-01-01T22:00Z,NL,9985
2024-01-01T23:00Z,NL,10819
2024-01-02T00:00Z,NL,10369
2024-01-02T01:00Z,NL,10093
2024-01-02T02:00Z,NL,10105
2024-01-02T03:00Z,NL,10379
2024-01-02T04:00Z,NL,11287
2024-01-02T05:00Z,NL,12876
2024-01-02T06:00Z,NL,14169
2024-01-02T07:00Z,NL,14723
2024-01-02T08:00Z,NL,14868
2024-01-02T09:00Z,NL,14837
2024-01-02T10:00Z,NL,14734
2024-01-02T11:00Z,NL,14482
2024-01-02T12:00Z,NL,14352
2024-01-02T13:00Z,NL,14275
2024-01-02T14:00Z,NL,14289
2024-01-02T15:00Z,NL,14664
2024-01-02T16:00Z,NL,15433
2024-01-02T17:00Z,NL,15498
2024-01-02T18:00Z,NL,14926
2024-01-02T19:00Z,NL,14223
2024-01-02T20:00Z,NL,13420
2024-01-02T21:00Z,NL,12479
2024-01-02T22:00Z,NL,11461
2024-01-02T23:00Z,NL,11129
2024-01-03T00:00Z,NL,10706
2024-01-03T01:00Z,NL,10421
2024-01-03T02:00Z,NL,10369
2024-01-03T03:00Z,NL,10649
2024-01-03T04:00Z,NL,11631
2024-01-03T05:00Z,NL,13332
2024-01-03T06:00Z,NL,14771
2024-01-03T07:00Z,NL,15428
2024-01-03T08:00Z,NL,15664
2024-01-03T09:00Z,NL,15604
2024-01-03T10:00Z,NL,15424
2024-01-03T11:00Z,NL,15176
2024-01-03T12:00Z,NL,15038
2024-01-03T13:00Z,NL,14795
2024-01-03T14:00Z,NL,14764
2024-01-03T15:00Z,NL,15168
2024-01-03T16:00Z,NL,16041
2024-01-03T17:00Z,NL,16153
2024-01-03T18:00Z,NL,15559
2024-01-03T19:00Z,NL,14762
2024-01-03T20:00Z,NL,13939
2024-01-03T21:00Z,NL,12931
2024-01-03T22:00Z,NL,11926
2024-01-03T23:00Z,NL,11063
2024-01-04T00:00Z,NL,10668
2024-01-04T01:00Z,NL,10437
2024-01-04T02:00Z,NL,10432
2024-01-04T03:00Z,NL,10751
2024-01-04T04:00Z,NL,11737
2024-01-04T05:00Z,NL,13407
2024-01-04T06:00Z,NL,14871
2024-01-04T07:00Z,NL,15472
2024-01-04T08:00Z,NL,15688
2024-01-04T09:00Z,NL,15568
2024-01-04T10:00Z,NL,15406
2024-01-04T11:00Z,NL,15116
2024-01-04T12:00Z,NL,14952
2024-01-04T13:00Z,NL,14800
2024-01-04T14:00Z,NL,14827
2024-01-04T15:00Z,NL,15273
2024-01-04T16:00Z,NL,16059
2024-01-04T17:00Z,NL,16218
2024-01-04T18:00Z,NL,15706
2024-01-04T19:00Z,NL,14938
2024-01-04T20:00Z,NL,13974
2024-01-04T21:00Z,NL,12985
2024-01-04T22:00Z,NL,11987
2024-01-04T23:00Z,NL,11245
2024-01-05T00:00Z,NL,10785
2024-01-05T01:00Z,NL,10545
2024-01-05T02:00Z,NL,10479
2024-01-05T03:00Z,NL,10757
2024-01-05T04:00Z,NL,11777
2024-01-05T05:00Z,NL,13474
2024-01-05T06:00Z,NL,14797
2024-01-05T07:00Z,NL,15379
2024-01-05T08:00Z,NL,15544
2024-01-05T09:00Z,NL,15535
2024-01-05T10:00Z,NL,15400
2024-01-05T11:00Z,NL,15124
2024-01-05T12:00Z,NL,15005
2024-01-05T13:00Z,NL,14918
2024-01-05T14:00Z,NL,14928
2024-01-05T15:00Z,NL,15452
2024-01-05T16:00Z,NL,16199
2024-01-05T17:00Z,NL,16391
2024-01-05T18:00Z,NL,15805
2024-01-05T19:00Z,NL,14926
2024-01-05T20:00Z,NL,14104
2024-01-05T21:00Z,NL,13171
2024-01-05T22:00Z,NL,12135
2024-01-05T23:00Z,NL,10816
2024-01-06T00:00Z,NL,10548
2024-01-06T01:00Z,NL,10361
2024-01-06T02:00Z,NL,10406
2024-01-06T03:00Z,NL,10552
2024-01-06T04:00Z,NL,11083
2024-01-06T05:00Z,NL,12003
2024-01-06T06:00Z,NL,12755
2024-01-06T07:00Z,NL,13051
2024-01-06T08:00Z,NL,13084
2024-01-06T09:00Z,NL,13072
2024-01-06T10:00Z,NL,13008
2024-01-06T11:00Z,NL,12888
2024-01-06T12:00Z,NL,12895
2024-01-06T13:00Z,NL,12718
2024-01-06T14:00Z,NL,12730
2024-01-06T15:00Z,NL,12969
2024-01-06T16:00Z,NL,13407
2024-01-06T17:00Z,NL,13530
2024-01-06T18:00Z,NL,13092
2024-01-06T19:00Z,NL,12605
2024-01-06T20:00Z,NL,12121
2024-01-06T21:00Z,NL,11602
2024-01-06T22:00Z,NL,11150
2024-01-06T23:00Z,NL,9780
2024-01-07T00:00Z,NL,9591
2024-01-07T01:00Z,NL,9476
2024-01-07T02:00Z,NL,9462
2024-01-07T03:00Z,NL,9579
2024-01-07T04:00Z,NL,10056
2024-01-07T05:00Z,NL,10886
2024-01-07T06:00Z,NL,11500
2024-01-07T07:00Z,NL,11744
2024-01-07T08:00Z,NL,11831
2024-01-07T09:00Z,NL,11863
2024-01-07T10:00Z,NL,11767
2024-01-07T11:00Z,NL,11726
2024-01-07T12:00Z,NL,11675
2024-01-07T13:00Z,NL,11600
2024-01-07T14:00Z,NL,11598
2024-01-07T15:00Z,NL,11861
2024-01-07T16:00Z,NL,12208
2024-01-07T17:00Z,NL,12303
2024-01-07T18:00Z,NL,11981
2024-01-07T19:00Z,NL,11600
2024-01-07T20:00Z,NL,11170
2024-01-07T21:00Z,NL,10675
2024-01-07T22:00Z,NL,10168
2024-01-07T23:00Z,NL,11122
2024-01-08T00:00Z,NL,10640
2024-01-08T01:00Z,NL,10355
2024-01-08T02:00Z,NL,10368
2024-01-08T03:00Z,NL,10617
2024-01-08T04:00Z,NL,11556
2024-01-08T05:00Z,NL,13273
2024-01-08T06:00Z,NL,14662
2024-01-08T07:00Z,NL,15242
2024-01-08T08:00Z,NL,15409
2024-01-08T09:00Z,NL,15415
2024-01-08T10:00Z,NL,15236
2024-01-08T11:00Z,NL,14917
2024-01-08T12:00Z,NL,14822
2024-01-08T13:00Z,NL,14665
2024-01-08T14:00Z,NL,14722
2024-01-08T15:00Z,NL,15115
2024-01-08T16:00Z,NL,16021
2024-01-08T17:00Z,NL,16120
2024-01-08T18:00Z,NL,15612
2024-01-08T19:00Z,NL,14842
2024-01-08T20:00Z,NL,13903
2024-01-08T21:00Z,NL,12920
2024-01-08T22:00Z,NL,11979
2024-01-08T23:00Z,NL,11208
2024-01-09T00:00Z,NL,10749
2024-01-09T01:00Z,NL,10498
2024-01-09T02:00Z,NL,10460
2024-01-09T03:00Z,NL,10711
2024-01-09T04:00Z,NL,11685
2024-01-09T05:00Z,NL,13443
2024-01-09T06:00Z,NL,14854
2024-01-09T07:00Z,NL,15372
2024-01-09T08:00Z,NL,15476
2024-01-09T09:00Z,NL,15451
2024-01-09T10:00Z,NL,15313
2024-01-09T11:00Z,NL,15044
2024-01-09T12:00Z,NL,14873
2024-01-09T13:00Z,NL,14779
2024-01-09T14:00Z,NL,14761
2024-01-09T15:00Z,NL,15215
2024-01-09T16:00Z,NL,16041
2024-01-09T17:00Z,NL,16217
2024-01-09T18:00Z,NL,15670
2024-01-09T19:00Z,NL,14767
2024-01-09T20:00Z,NL,14003
2024-01-09T21:00Z,NL,13061
2024-01-09T22:00Z,NL,12056
2024-01-09T23:00Z,NL,11171
2024-01-10T00:00Z,NL,10753
2024-01-10T01:00Z,NL,10499
2024-01-10T02:00Z,NL,10553
2024-01-10T03:00Z,NL,10844
2024-01-10T04:00Z,NL,11841
2024-01-10T05:00Z,NL,13391
2024-01-10T06:00Z,NL,14757
2024-01-10T07:00Z,NL,15399
2024-01-10T08:00Z,NL,15529
2024-01-10T09:00Z,NL,15461
2024-01-10T10:00Z,NL,15314
2024-01-10T11:00Z,NL,15049
2024-01-10T12:00Z,NL,14918
2024-01-10T13:00Z,NL,14868
2024-01-10T14:00Z,NL,14863
2024-01-10T15:00Z,NL,15301
2024-01-10T16:00Z,NL,16089
2024-01-10T17:00Z,NL,16232
2024-01-10T18:00Z,NL,15718
2024-01-10T19:00Z,NL,14883
2024-01-10T20:00Z,NL,14151
2024-01-10T21:00Z,NL,13180
2024-01-10T22:00Z,NL,12138
2024-01-10T23:00Z,NL,11157
2024-01-11T00:00Z,NL,10666
2024-01-11T01:00Z,NL,10375
2024-01-11T02:00Z,NL,10357
2024-01-11T03:00Z,NL,10633
2024-01-11T04:00Z,NL,11612
2024-01-11T05:00Z,NL,13303
2024-01-11T06:00Z,NL,14708
2024-01-11T07:00Z,NL,15264
2024-01-11T08:00Z,NL,15358
2024-01-11T09:00Z,NL,15325
2024-01-11T10:00Z,NL,15220
2024-01-11T11:00Z,NL,14881
2024-01-11T12:00Z,NL,14788
2024-01-11T13:00Z,NL,14704
2024-01-11T14:00Z,NL,14731
2024-01-11T15:00Z,NL,15047
2024-01-11T16:00Z,NL,15841
2024-01-11T17:00Z,NL,15962
2024-01-11T18:00Z,NL,15370
2024-01-11T19:00Z,NL,14626
2024-01-11T20:00Z,NL,13795
2024-01-11T21:00Z,NL,12807
2024-01-11T22:00Z,NL,11820
2024-01-11T23:00Z,NL,11103
2024-01-12T00:00Z,NL,10709
2024-01-12T01:00Z,NL,10430
2024-01-12T02:00Z,NL,10451
2024-01-12T03:00Z,NL,10723
2024-01-12T04:00Z,NL,11683
2024-01-12T05:00Z,NL,13362
2024-01-12T06:00Z,NL,14787
2024-01-12T07:00Z,NL,15277
2024-01-12T08:00Z,NL,15468
2024-01-12T09:00Z,NL,15510
2024-01-12T10:00Z,NL,15315
2024-01-12T11:00Z,NL,15008
2024-01-12T12:00Z,NL,14850
2024-01-12T13:00Z,NL,14671
2024-01-12T14:00Z,NL,14660
2024-01-12T15:00Z,NL,15169
2024-01-12T16:00Z,NL,15910
2024-01-12T17:00Z,NL,16108
2024-01-12T18:00Z,NL,15514
2024-01-12T19:00Z,NL,14717
2024-01-12T20:00Z,NL,13897
2024-01-12T21:00Z,NL,12946
2024-01-12T22:00Z,NL,12072
2024-01-12T23:00Z,NL,11040
2024-01-13T00:00Z,NL,10798
2024-01-13T01:00Z,NL,10556
2024-01-13T02:00Z,NL,10627
2024-01-13T03:00Z,NL,10777
2024-01-13T04:00Z,NL,11314
2024-01-13T05:00Z,NL,12197
2024-01-13T06:00Z,NL,13026
2024-01-13T07:00Z,NL,13311
2024-01-13T08:00Z,NL,13317
2024-01-13T09:00Z,NL,13309
2024-01-13T10:00Z,NL,13225
2024-01-13T11:00Z,NL,13075
2024-01-13T12:00Z,NL,12983
2024-01-13T13:00Z,NL,12856
2024-01-13T14:00Z,NL,12903
2024-01-13T15:00Z,NL,13108
2024-01-13T16:00Z,NL,13496
2024-01-13T17:00Z,NL,13584
2024-01-13T18:00Z,NL,13299
2024-01-13T19:00Z,NL,12763
2024-01-13T20:00Z,NL,12289
2024-01-13T21:00Z,NL,11804
2024-01-13T22:00Z,NL,11318
2024-01-13T23:00Z,NL,9745
2024-01-14T00:00Z,NL,9573
2024-01-14T01:00Z,NL,9484
2024-01-14T02:00Z,NL,9460
2024-01-14T03:00Z,NL,9572
2024-01-14T04:00Z,NL,10100
2024-01-14T05:00Z,NL,10906
2024-01-14T06:00Z,NL,11577
2024-01-14T07:00Z,NL,11867
2024-01-14T08:00Z,NL,12002
2024-01-14T09:00Z,NL,11935
2024-01-14T10:00Z,NL,11887
2024-01-14T11:00Z,NL,11719
2024-01-14T12:00Z,NL,11669
2024-01-14T13:00Z,NL,11580
2024-01-14T14:00Z,NL,11532
2024-01-14T15:00Z,NL,11676
2024-01-14T16:00Z,NL,12167
2024-01-14T17:00Z,NL,12178
2024-01-14T18:00Z,NL,11969
2024-01-14T19:00Z,NL,11589
2024-01-14T20:00Z,NL,11122
2024-01-14T21:00Z,NL,10654
2024-01-14T22:00Z,NL,10213
2024-01-14T23:00Z,NL,11242
2024-01-15T00:00Z,NL,10820
2024-01-15T01:00Z,NL,10523
2024-01-15T02:00Z,NL,10547
2024-01-15T03:00Z,NL,10817
2024-01-15T04:00Z,NL,11794
2024-01-15T05:00Z,NL,13390
2024-01-15T06:00Z,NL,14763
2024-01-15T07:00Z,NL,15292
2024-01-15T08:00Z,NL,15504
2024-01-15T09:00Z,NL,15533
2024-01-15T10:00Z,NL,15408
2024-01-15T11:00Z,NL,15105
2024-01-15T12:00Z,NL,14972
2024-01-15T13:00Z,NL,14841
2024-01-15T14:00Z,NL,14890
2024-01-15T15:00Z,NL,15232
2024-01-15T16:00Z,NL,16119
2024-01-15T17:00Z,NL,16250
2024-01-15T18:00Z,NL,15750
2024-01-15T19:00Z,NL,14892
2024-01-15T20:00Z,NL,14066
2024-01-15T21:00Z,NL,13108
2024-01-15T22:00Z,NL,12120
2024-01-15T23:00Z,NL,11527
2024-01-16T00:00Z,NL,11084
2024-01-16T01:00Z,NL,10745
2024-01-16T02:00Z,NL,10751
2024-01-16T03:00Z,NL,11015
2024-01-16T04:00Z,NL,12042
2024-01-16T05:00Z,NL,13804
2024-01-16T06:00Z,NL,15262
2024-01-16T07:00Z,NL,15808
2024-01-16T08:00Z,NL,15949
2024-01-16T09:00Z,NL,15884
2024-01-16T10:00Z,NL,15683
2024-01-16T11:00Z,NL,15413
2024-01-16T12:00Z,NL,15247
2024-01-16T13:00Z,NL,15113
2024-01-16T14:00Z,NL,15158
2024-01-16T15:00Z,NL,15644
2024-01-16T16:00Z,NL,16519
2024-01-16T17:00Z,NL,16699
2024-01-16T18:00Z,NL,16130
2024-01-16T19:00Z,NL,15342
2024-01-16T20:00Z,NL,14458
2024-01-16T21:00Z,NL,13452
2024-01-16T22:00Z,NL,12400
2024-01-16T23:00Z,NL,11694
2024-01-17T00:00Z,NL,11260
2024-01-17T01:00Z,NL,10947
2024-01-17T02:00Z,NL,10943
2024-01-17T03:00Z,NL,11207
2024-01-17T04:00Z,NL,12266
2024-01-17T05:00Z,NL,13989
2024-01-17T06:00Z,NL,15475
2024-01-17T07:00Z,NL,16154
2024-01-17T08:00Z,NL,16305
2024-01-17T09:00Z,NL,16245
2024-01-17T10:00Z,NL,16075
2024-01-17T11:00Z,NL,15813
2024-01-17T12:00Z,NL,15668
2024-01-17T13:00Z,NL,15480
2024-01-17T14:00Z,NL,15453
2024-01-17T15:00Z,NL,15991
2024-01-17T16:00Z,NL,16785
2024-01-17T17:00Z,NL,16929
2024-01-17T18:00Z,NL,16342
2024-01-17T19:00Z,NL,15393
2024-01-17T20:00Z,NL,14550
2024-01-17T21:00Z,NL,13582
2024-01-17T22:00Z,NL,12592
2024-01-17T23:00Z,NL,11561
2024-01-18T00:00Z,NL,11162
2024-01-18T01:00Z,NL,10815
2024-01-18T02:00Z,NL,10804
2024-01-18T03:00Z,NL,11095
2024-01-18T04:00Z,NL,12154
2024-01-18T05:00Z,NL,13850
2024-01-18T06:00Z,NL,15299
2024-01-18T07:00Z,NL,15874
2024-01-18T08:00Z,NL,15983
2024-01-18T09:00Z,NL,15871
2024-01-18T10:00Z,NL,15702
2024-01-18T11:00Z,NL,15412
2024-01-18T12:00Z,NL,15376
2024-01-18T13:00Z,NL,15269
2024-01-18T14:00Z,NL,15348
2024-01-18T15:00Z,NL,15728
2024-01-18T16:00Z,NL,16613
2024-01-18T17:00Z,NL,16845
2024-01-18T18:00Z,NL,16270
2024-01-18T19:00Z,NL,15357
2024-01-18T20:00Z,NL,14444
2024-01-18T21:00Z,NL,13442
2024-01-18T22:00Z,NL,12380
2024-01-18T23:00Z,NL,11505
2024-01-19T00:00Z,NL,11082
2024-01-19T01:00Z,NL,10835
2024-01-19T02:00Z,NL,10848
2024-01-19T03:00Z,NL,11154
2024-01-19T04:00Z,NL,12186
2024-01-19T05:00Z,NL,13929
2024-01-19T06:00Z,NL,15330
2024-01-19T07:00Z,NL,15877
2024-01-19T08:00Z,NL,16020
2024-01-19T09:00Z,NL,16012
2024-01-19T10:00Z,NL,15912
2024-01-19T11:00Z,NL,15712
2024-01-19T12:00Z,NL,15464
2024-01-19T13:00Z,NL,15210
2024-01-19T14:00Z,NL,15193
2024-01-19T15:00Z,NL,15689
2024-01-19T16:00Z,NL,16564
2024-01-19T17:00Z,NL,16658
2024-01-19T18:00Z,NL,16050
2024-01-19T19:00Z,NL,15149
2024-01-19T20:00Z,NL,14265
2024-01-19T21:00Z,NL,13252
2024-01-19T22:00Z,NL,12337
2024-01-19T23:00Z,NL,10859
2024-01-20T00:00Z,NL,10689
2024-01-20T01:00Z,NL,10589
2024-01-20T02:00Z,NL,10544
2024-01-20T03:00Z,NL,10717
2024-01-20T04:00Z,NL,11210
2024-01-20T05:00Z,NL,12132
2024-01-20T06:00Z,NL,12933
2024-01-20T07:00Z,NL,13263
2024-01-20T08:00Z,NL,13349
2024-01-20T09:00Z,NL,13306
2024-01-20T10:00Z,NL,13197
2024-01-20T11:00Z,NL,12952
2024-01-20T12:00Z,NL,12930
2024-01-20T13:00Z,NL,12927
2024-01-20T14:00Z,NL,12886
2024-01-20T15:00Z,NL,13059
2024-01-20T16:00Z,NL,13654
2024-01-20T17:00Z,NL,13650
2024-01-20T18:00Z,NL,13293
2024-01-20T19:00Z,NL,12878
2024-01-20T20:00Z,NL,12412
2024-01-20T21:00Z,NL,11858
2024-01-20T22:00Z,NL,11336
2024-01-20T23:00Z,NL,9864
2024-01-21T00:00Z,NL,9695
2024-01-21T01:00Z,NL,9510
2024-01-21T02:00Z,NL,9516
2024-01-21T03:00Z,NL,9678
2024-01-21T04:00Z,NL,10173
2024-01-21T05:00Z,NL,11036
2024-01-21T06:00Z,NL,11789
2024-01-21T07:00Z,NL,12074
2024-01-21T08:00Z,NL,12149
2024-01-21T09:00Z,NL,12099
2024-01-21T10:00Z,NL,12062
2024-01-21T11:00Z,NL,11931
2024-01-21T12:00Z,NL,11860
2024-01-21T13:00Z,NL,11789
2024-01-21T14:00Z,NL,11796
2024-01-21T15:00Z,NL,11938
2024-01-21T16:00Z,NL,12289
2024-01-21T17:00Z,NL,12316
2024-01-21T18:00Z,NL,12014
2024-01-21T19:00Z,NL,11636
2024-01-21T20:00Z,NL,11229
2024-01-21T21:00Z,NL,10755
2024-01-21T22:00Z,NL,10287
2024-01-21T23:00Z,NL,10946
2024-01-22T00:00Z,NL,10506
2024-01-22T01:00Z,NL,10230
2024-01-22T02:00Z,NL,10297
2024-01-22T03:00Z,NL,10497
2024-01-22T04:00Z,NL,11514
2024-01-22T05:00Z,NL,13140
2024-01-22T06:00Z,NL,14604
2024-01-22T07:00Z,NL,15183
2024-01-22T08:00Z,NL,15319
2024-01-22T09:00Z,NL,15285
2024-01-22T10:00Z,NL,15128
2024-01-22T11:00Z,NL,14846
2024-01-22T12:00Z,NL,14713
2024-01-22T13:00Z,NL,14579
2024-01-22T14:00Z,NL,14572
2024-01-22T15:00Z,NL,14933
2024-01-22T16:00Z,NL,15686
2024-01-22T17:00Z,NL,15787
2024-01-22T18:00Z,NL,15237
2024-01-22T19:00Z,NL,14432
2024-01-22T20:00Z,NL,13663
2024-01-22T21:00Z,NL,12711
2024-01-22T22:00Z,NL,11745
2024-01-22T23:00Z,NL,10926
2024-01-23T00:00Z,NL,10508
2024-01-23T01:00Z,NL,10274
2024-01-23T02:00Z,NL,10294
2024-01-23T03:00Z,NL,10581
2024-01-23T04:00Z,NL,11559
2024-01-23T05:00Z,NL,13215
2024-01-23T06:00Z,NL,14543
2024-01-23T07:00Z,NL,15081
2024-01-23T08:00Z,NL,15184
2024-01-23T09:00Z,NL,15231
2024-01-23T10:00Z,NL,15217
2024-01-23T11:00Z,NL,14912
2024-01-23T12:00Z,NL,14742
2024-01-23T13:00Z,NL,14553
2024-01-23T14:00Z,NL,14564
2024-01-23T15:00Z,NL,15031
2024-01-23T16:00Z,NL,15861
2024-01-23T17:00Z,NL,15974
2024-01-23T18:00Z,NL,15345
2024-01-23T19:00Z,NL,14496
2024-01-23T20:00Z,NL,13618
2024-01-23T21:00Z,NL,12715
2024-01-23T22:00Z,NL,11739
2024-01-23T23:00Z,NL,10613
2024-01-24T00:00Z,NL,10275
2024-01-24T01:00Z,NL,9947
2024-01-24T02:00Z,NL,9938
2024-01-24T03:00Z,NL,10223
2024-01-24T04:00Z,NL,11149
2024-01-24T05:00Z,NL,12724
2024-01-24T06:00Z,NL,14049
2024-01-24T07:00Z,NL,14675
2024-01-24T08:00Z,NL,14844
2024-01-24T09:00Z,NL,14834
2024-01-24T10:00Z,NL,14760
2024-01-24T11:00Z,NL,14528
2024-01-24T12:00Z,NL,14349
2024-01-24T13:00Z,NL,14215
2024-01-24T14:00Z,NL,14181
2024-01-24T15:00Z,NL,14601
2024-01-24T16:00Z,NL,15355
2024-01-24T17:00Z,NL,15450
2024-01-24T18:00Z,NL,15002
2024-01-24T19:00Z,NL,14151
2024-01-24T20:00Z,NL,13371
2024-01-24T21:00Z,NL,12371
2024-01-24T22:00Z,NL,11425
2024-01-24T23:00Z,NL,10510
2024-01-25T00:00Z,NL,10114
2024-01-25T01:00Z,NL,9859
2024-01-25T02:00Z,NL,9905
2024-01-25T03:00Z,NL,10189
2024-01-25T04:00Z,NL,11115
2024-01-25T05:00Z,NL,12674
2024-01-25T06:00Z,NL,14004
2024-01-25T07:00Z,NL,14515
2024-01-25T08:00Z,NL,14654
2024-01-25T09:00Z,NL,14653
2024-01-25T10:00Z,NL,14537
2024-01-25T11:00Z,NL,14301
2024-01-25T12:00Z,NL,14229
2024-01-25T13:00Z,NL,14121
2024-01-25T14:00Z,NL,14076
2024-01-25T15:00Z,NL,14505
2024-01-25T16:00Z,NL,15207
2024-01-25T17:00Z,NL,15331
2024-01-25T18:00Z,NL,14758
2024-01-25T19:00Z,NL,14011
2024-01-25T20:00Z,NL,13184
2024-01-25T21:00Z,NL,12241
2024-01-25T22:00Z,NL,11272
2024-01-25T23:00Z,NL,10563
2024-01-26T00:00Z,NL,10151
2024-01-26T01:00Z,NL,9901
2024-01-26T02:00Z,NL,9896
2024-01-26T03:00Z,NL,10202
2024-01-26T04:00Z,NL,11120
2024-01-26T05:00Z,NL,12750
2024-01-26T06:00Z,NL,14120
2024-01-26T07:00Z,NL,14667
2024-01-26T08:00Z,NL,14726
2024-01-26T09:00Z,NL,14678
2024-01-26T10:00Z,NL,14561
2024-01-26T11:00Z,NL,14318
2024-01-26T12:00Z,NL,14172
2024-01-26T13:00Z,NL,14094
2024-01-26T14:00Z,NL,14200
2024-01-26T15:00Z,NL,14545
2024-01-26T16:00Z,NL,15220
2024-01-26T17:00Z,NL,15351
2024-01-26T18:00Z,NL,14870
2024-01-26T19:00Z,NL,13995
2024-01-26T20:00Z,NL,13255
2024-01-26T21:00Z,NL,12334
2024-01-26T22:00Z,NL,11441
2024-01-26T23:00Z,NL,10515
2024-01-27T00:00Z,NL,10278
2024-01-27T01:00Z,NL,10190
2024-01-27T02:00Z,NL,10167
2024-01-27T03:00Z,NL,10301
2024-01-27T04:00Z,NL,10757
2024-01-27T05:00Z,NL,11563
2024-01-27T06:00Z,NL,12323
2024-01-27T07:00Z,NL,12585
2024-01-27T08:00Z,NL,12681
2024-01-27T09:00Z,NL,12702
2024-01-27T10:00Z,NL,12664
2024-01-27T11:00Z,NL,12543
2024-01-27T12:00Z,NL,12469
2024-01-27T13:00Z,NL,12440
2024-01-27T14:00Z,NL,12424
2024-01-27T15:00Z,NL,12576
2024-01-27T16:00Z,NL,13003
2024-01-27T17:00Z,NL,13067
2024-01-27T18:00Z,NL,12747
2024-01-27T19:00Z,NL,12354
2024-01-27T20:00Z,NL,11927
2024-01-27T21:00Z,NL,11474
2024-01-27T22:00Z,NL,10925
2024-01-27T23:00Z,NL,9474
2024-01-28T00:00Z,NL,9304
2024-01-28T01:00Z,NL,9161
2024-01-28T02:00Z,NL,9113
2024-01-28T03:00Z,NL,9261
2024-01-28T04:00Z,NL,9736
2024-01-28T05:00Z,NL,10509
2024-01-28T06:00Z,NL,11183
2024-01-28T07:00Z,NL,11471
2024-01-28T08:00Z,NL,11531
2024-01-28T09:00Z,NL,11603
2024-01-28T10:00Z,NL,11525
2024-01-28T11:00Z,NL,11354
2024-01-28T12:00Z,NL,11320
2024-01-28T13:00Z,NL,11264
2024-01-28T14:00Z,NL,11196
2024-01-28T15:00Z,NL,11427
2024-01-28T16:00Z,NL,11763
2024-01-28T17:00Z,NL,11799
2024-01-28T18:00Z,NL,11612
2024-01-28T19:00Z,NL,11207
2024-01-28T20:00Z,NL,10799
2024-01-28T21:00Z,NL,10366
2024-01-28T22:00Z,NL,9922
2024-01-28T23:00Z,NL,11024
2024-01-29T00:00Z,NL,10698
2024-01-29T01:00Z,NL,10402
2024-01-29T02:00Z,NL,10381
2024-01-29T03:00Z,NL,10620
2024-01-29T04:00Z,NL,11555
2024-01-29T05:00Z,NL,13173
2024-01-29T06:00Z,NL,14539
2024-01-29T07:00Z,NL,15160
2024-01-29T08:00Z,NL,15315
2024-01-29T09:00Z,NL,15302
2024-01-29T10:00Z,NL,15195
2024-01-29T11:00Z,NL,14865
2024-01-29T12:00Z,NL,14767
2024-01-29T13:00Z,NL,14634
2024-01-29T14:00Z,NL,14612
2024-01-29T15:00Z,NL,15092
2024-01-29T16:00Z,NL,15957
2024-01-29T17:00Z,NL,16138
2024-01-29T18:00Z,NL,15509
2024-01-29T19:00Z,NL,14713
2024-01-29T20:00Z,NL,13859
2024-01-29T21:00Z,NL,12879
2024-01-29T22:00Z,NL,11864
2024-01-29T23:00Z,NL,11167
2024-01-30T00:00Z,NL,10740
2024-01-30T01:00Z,NL,10475
2024-01-30T02:00Z,NL,10565
2024-01-30T03:00Z,NL,10820
2024-01-30T04:00Z,NL,11780
2024-01-30T05:00Z,NL,13472
2024-01-30T06:00Z,NL,14901
2024-01-30T07:00Z,NL,15428
2024-01-30T08:00Z,NL,15618
2024-01-30T09:00Z,NL,15516
2024-01-30T10:00Z,NL,15481
2024-01-30T11:00Z,NL,15122
2024-01-30T12:00Z,NL,14930
2024-01-30T13:00Z,NL,14805
2024-01-30T14:00Z,NL,14890
2024-01-30T15:00Z,NL,15305
2024-01-30T16:00Z,NL,16137
2024-01-30T17:00Z,NL,16269
2024-01-30T18:00Z,NL,15599
2024-01-30T19:00Z,NL,14783
2024-01-30T20:00Z,NL,13885
2024-01-30T21:00Z,NL,12961
2024-01-30T22:00Z,NL,12034
2024-01-30T23:00Z,NL,11095
2024-01-31T00:00Z,NL,10696
2024-01-31T01:00Z,NL,10368
2024-01-31T02:00Z,NL,10376
2024-01-31T03:00Z,NL,10705
2024-01-31T04:00Z,NL,11671
2024-01-31T05:00Z,NL,13218
2024-01-31T06:00Z,NL,14619
2024-01-31T07:00Z,NL,15160
2024-01-31T08:00Z,NL,15225
2024-01-31T09:00Z,NL,15167
2024-01-31T10:00Z,NL,15013
2024-01-31T11:00Z,NL,14736
2024-01-31T12:00Z,NL,14677
2024-01-31T13:00Z,NL,14547
2024-01-31T14:00Z,NL,14517
2024-01-31T15:00Z,NL,14951
2024-01-31T16:00Z,NL,15727
2024-01-31T17:00Z,NL,15837
2024-01-31T18:00Z,NL,15460
2024-01-31T19:00Z,NL,14686
2024-01-31T20:00Z,NL,13922
2024-01-31T21:00Z,NL,12915
2024-01-31T22:00Z,NL,11944
2024-01-31T23:00Z,NL,11054
2024-02-01T00:00Z,NL,10641
2024-02-01T01:00Z,NL,10359
2024-02-01T02:00Z,NL,10407
2024-02-01T03:00Z,NL,10681
2024-02-01T04:00Z,NL,11663
2024-02-01T05:00Z,NL,13296
2024-02-01T06:00Z,NL,14692
2024-02-01T07:00Z,NL,15195
2024-02-01T08:00Z,NL,15291
2024-02-01T09:00Z,NL,15256
2024-02-01T10:00Z,NL,15080
2024-02-01T11:00Z,NL,14843
2024-02-01T12:00Z,NL,14724
2024-02-01T13:00Z,NL,14640
2024-02-01T14:00Z,NL,14691
2024-02-01T15:00Z,NL,15104
2024-02-01T16:00Z,NL,15850
2024-02-01T17:00Z,NL,15955
2024-02-01T18:00Z,NL,15382
2024-02-01T19:00Z,NL,14548
2024-02-01T20:00Z,NL,13722
2024-02-01T21:00Z,NL,12833
2024-02-01T22:00Z,NL,11922
2024-02-01T23:00Z,NL,11045
2024-02-02T00:00Z,NL,10627
2024-02-02T01:00Z,NL,10337
2024-02-02T02:00Z,NL,10352
2024-02-02T03:00Z,NL,10578
2024-02-02T04:00Z,NL,11535
2024-02-02T05:00Z,NL,13160
2024-02-02T06:00Z,NL,14580
2024-02-02T07:00Z,NL,15155
2024-02-02T08:00Z,NL,15314
2024-02-02T09:00Z,NL,15254
2024-02-02T10:00Z,NL,15145
2024-02-02T11:00Z,NL,14884
2024-02-02T12:00Z,NL,14658
2024-02-02T13:00Z,NL,14560
2024-02-02T14:00Z,NL,14581
2024-02-02T15:00Z,NL,14917
2024-02-02T16:00Z,NL,15726
2024-02-02T17:00Z,NL,15876
2024-02-02T18:00Z,NL,15365
2024-02-02T19:00Z,NL,14653
2024-02-02T20:00Z,NL,13778
2024-02-02T21:00Z,NL,12817
2024-02-02T22:00Z,NL,11819
2024-02-02T23:00Z,NL,10436
2024-02-03T00:00Z,NL,10278
2024-02-03T01:00Z,NL,10118
2024-02-03T02:00Z,NL,10151
2024-02-03T03:00Z,NL,10320
2024-02-03T04:00Z,NL,10842
2024-02-03T05:00Z,NL,11670
2024-02-03T06:00Z,NL,12422
2024-02-03T07:00Z,NL,12687
2024-02-03T08:00Z,NL,12684
2024-02-03T09:00Z,NL,12729
2024-02-03T10:00Z,NL,12680
2024-02-03T11:00Z,NL,12506
2024-02-03T12:00Z,NL,12464
2024-02-03T13:00Z,NL,12400
2024-02-03T14:00Z,NL,12430
2024-02-03T15:00Z,NL,12610
2024-02-03T16:00Z,NL,13057
2024-02-03T17:00Z,NL,13093
2024-02-03T18:00Z,NL,12862
2024-02-03T19:00Z,NL,12441
2024-02-03T20:00Z,NL,12017
2024-02-03T21:00Z,NL,11491
2024-02-03T22:00Z,NL,10991
2024-02-03T23:00Z,NL,9988
2024-02-04T00:00Z,NL,9762
2024-02-04T01:00Z,NL,9624
2024-02-04T02:00Z,NL,9630
2024-02-04T03:00Z,NL,9758
2024-02-04T04:00Z,NL,10227
2024-02-04T05:00Z,NL,11047
2024-02-04T06:00Z,NL,11772
2024-02-04T07:00Z,NL,12027
2024-02-04T08:00Z,NL,12053
2024-02-04T09:00Z,NL,12070
2024-02-04T10:00Z,NL,12010
2024-02-04T11:00Z,NL,11870
2024-02-04T12:00Z,NL,11823
2024-02-04T13:00Z,NL,11753
2024-02-04T14:00Z,NL,11763
2024-02-04T15:00Z,NL,12020
2024-02-04T16:00Z,NL,12388
2024-02-04T17:00Z,NL,12438
2024-02-04T18:00Z,NL,12223
2024-02-04T19:00Z,NL,11816
2024-02-04T20:00Z,NL,11431
2024-02-04T21:00Z,NL,10875
2024-02-04T22:00Z,NL,10409
2024-02-04T23:00Z,NL,11560
2024-02-05T00:00Z,NL,11158
2024-02-05T01:00Z,NL,10899
2024-02-05T02:00Z,NL,10929
2024-02-05T03:00Z,NL,11192
2024-02-05T04:00Z,NL,12264
2024-02-05T05:00Z,NL,13971
2024-02-05T06:00Z,NL,15363
2024-02-05T07:00Z,NL,16018
2024-02-05T08:00Z,NL,16030
2024-02-05T09:00Z,NL,15967
2024-02-05T10:00Z,NL,15881
2024-02-05T11:00Z,NL,15636
2024-02-05T12:00Z,NL,15529
2024-02-05T13:00Z,NL,15360
2024-02-05T14:00Z,NL,15342
2024-02-05T15:00Z,NL,15776
2024-02-05T16:00Z,NL,16631
2024-02-05T17:00Z,NL,16754
2024-02-05T18:00Z,NL,16203
2024-02-05T19:00Z,NL,15278
2024-02-05T20:00Z,NL,14395
2024-02-05T21:00Z,NL,13448
2024-02-05T22:00Z,NL,12428
2024-02-05T23:00Z,NL,11635
2024-02-06T00:00Z,NL,11168
2024-02-06T01:00Z,NL,10876
2024-02-06T02:00Z,NL,10852
2024-02-06T03:00Z,NL,11160
2024-02-06T04:00Z,NL,12183
2024-02-06T05:00Z,NL,13880
2024-02-06T06:00Z,NL,15359
2024-02-06T07:00Z,NL,15979
2024-02-06T08:00Z,NL,16198
2024-02-06T09:00Z,NL,16269
2024-02-06T10:00Z,NL,16233
2024-02-06T11:00Z,NL,15925
2024-02-06T12:00Z,NL,15778
2024-02-06T13:00Z,NL,15644
2024-02-06T14:00Z,NL,15623
2024-02-06T15:00Z,NL,16026
2024-02-06T16:00Z,NL,16830
2024-02-06T17:00Z,NL,16883
2024-02-06T18:00Z,NL,16307
2024-02-06T19:00Z,NL,15491
2024-02-06T20:00Z,NL,14609
2024-02-06T21:00Z,NL,13655
2024-02-06T22:00Z,NL,12588
2024-02-06T23:00Z,NL,11804
2024-02-07T00:00Z,NL,11285
2024-02-07T01:00Z,NL,10981
2024-02-07T02:00Z,NL,10970
2024-02-07T03:00Z,NL,11240
2024-02-07T04:00Z,NL,12290
2024-02-07T05:00Z,NL,13980
2024-02-07T06:00Z,NL,15386
2024-02-07T07:00Z,NL,16086
2024-02-07T08:00Z,NL,16265
2024-02-07T09:00Z,NL,16264
2024-02-07T10:00Z,NL,16206
2024-02-07T11:00Z,NL,15894
2024-02-07T12:00Z,NL,15780
2024-02-07T13:00Z,NL,15666
2024-02-07T14:00Z,NL,15655
2024-02-07T15:00Z,NL,16043
2024-02-07T16:00Z,NL,16975
2024-02-07T17:00Z,NL,17142
2024-02-07T18:00Z,NL,16529
2024-02-07T19:00Z,NL,15610
2024-02-07T20:00Z,NL,14810
2024-02-07T21:00Z,NL,13743
2024-02-07T22:00Z,NL,12650
2024-02-07T23:00Z,NL,11608
2024-02-08T00:00Z,NL,11098
2024-02-08T01:00Z,NL,10763
2024-02-08T02:00Z,NL,10722
2024-02-08T03:00Z,NL,10994
2024-02-08T04:00Z,NL,12047
2024-02-08T05:00Z,NL,13833
2024-02-08T06:00Z,NL,15326
2024-02-08T07:00Z,NL,15916
2024-02-08T08:00Z,NL,16112
2024-02-08T09:00Z,NL,16146
2024-02-08T10:00Z,NL,16012
2024-02-08T11:00Z,NL,15811
2024-02-08T12:00Z,NL,15623
2024-02-08T13:00Z,NL,15485
2024-02-08T14:00Z,NL,15512
2024-02-08T15:00Z,NL,15864
2024-02-08T16:00Z,NL,16715
2024-02-08T17:00Z,NL,16839
2024-02-08T18:00Z,NL,16241
2024-02-08T19:00Z,NL,15327
2024-02-08T20:00Z,NL,14481
2024-02-08T21:00Z,NL,13544
2024-02-08T22:00Z,NL,12549
2024-02-08T23:00Z,NL,11441
2024-02-09T00:00Z,NL,10965
2024-02-09T01:00Z,NL,10725
2024-02-09T02:00Z,NL,10781
2024-02-09T03:00Z,NL,11057
2024-02-09T04:00Z,NL,12064
2024-02-09T05:00Z,NL,13792
2024-02-09T06:00Z,NL,15204
2024-02-09T07:00Z,NL,15789
2024-02-09T08:00Z,NL,15957
2024-02-09T09:00Z,NL,15912
2024-02-09T10:00Z,NL,15826
2024-02-09T11:00Z,NL,15474
2024-02-09T12:00Z,NL,15270
2024-02-09T13:00Z,NL,15142
2024-02-09T14:00Z,NL,15068
2024-02-09T15:00Z,NL,15502
2024-02-09T16:00Z,NL,16347
2024-02-09T17:00Z,NL,16582
2024-02-09T18:00Z,NL,15992
2024-02-09T19:00Z,NL,15191
2024-02-09T20:00Z,NL,14315
2024-02-09T21:00Z,NL,13307
2024-02-09T22:00Z,NL,12313
2024-02-09T23:00Z,NL,10935
2024-02-10T00:00Z,NL,10745
2024-02-10T01:00Z,NL,10591
2024-02-10T02:00Z,NL,10612
2024-02-10T03:00Z,NL,10767
2024-02-10T04:00Z,NL,11306
2024-02-10T05:00Z,NL,12254
2024-02-10T06:00Z,NL,12956
2024-02-10T07:00Z,NL,13246
2024-02-10T08:00Z,NL,13313
2024-02-10T09:00Z,NL,13249
2024-02-10T10:00Z,NL,13185
2024-02-10T11:00Z,NL,13058
2024-02-10T12:00Z,NL,13009
2024-02-10T13:00Z,NL,12980
2024-02-10T14:00Z,NL,12960
2024-02-10T15:00Z,NL,13111
2024-02-10T16:00Z,NL,13595
2024-02-10T17:00Z,NL,13650
2024-02-10T18:00Z,NL,13325
2024-02-10T19:00Z,NL,12854
2024-02-10T20:00Z,NL,12388
2024-02-10T21:00Z,NL,11882
2024-02-10T22:00Z,NL,11376
2024-02-10T23:00Z,NL,9838
2024-02-11T00:00Z,NL,9693
2024-02-11T01:00Z,NL,9504
2024-02-11T02:00Z,NL,9523
2024-02-11T03:00Z,NL,9667
2024-02-11T04:00Z,NL,10085
2024-02-11T05:00Z,NL,10912
2024-02-11T06:00Z,NL,11602
2024-02-11T07:00Z,NL,11921
2024-02-11T08:00Z,NL,12015
2024-02-11T09:00Z,NL,12030
2024-02-11T10:00Z,NL,11905
2024-02-11T11:00Z,NL,11789
2024-02-11T12:00Z,NL,11721
2024-02-11T13:00Z,NL,11666
2024-02-11T14:00Z,NL,11649
2024-02-11T15:00Z,NL,11822
2024-02-11T16:00Z,NL,12152
2024-02-11T17:00Z,NL,12260
2024-02-11T18:00Z,NL,11961
2024-02-11T19:00Z,NL,11609
2024-02-11T20:00Z,NL,11117
2024-02-11T21:00Z,NL,10731
2024-02-11T22:00Z,NL,10303
2024-02-11T23:00Z,NL,11256
2024-02-12T00:00Z,NL,10830
2024-02-12T01:00Z,NL,10570
2024-02-12T02:00Z,NL,10512
2024-02-12T03:00Z,NL,10755
2024-02-12T04:00Z,NL,11709
2024-02-12T05:00Z,NL,13424
2024-02-12T06:00Z,NL,14759
2024-02-12T07:00Z,NL,15392
2024-02-12T08:00Z,NL,15535
2024-02-12T09:00Z,NL,15532
2024-02-12T10:00Z,NL,15431
2024-02-12T11:00Z,NL,15169
2024-02-12T12:00Z,NL,14954
2024-02-12T13:00Z,NL,14857
2024-02-12T14:00Z,NL,14813
2024-02-12T15:00Z,NL,15307
2024-02-12T16:00Z,NL,16054
2024-02-12T17:00Z,NL,16144
2024-02-12T18:00Z,NL,15627
2024-02-12T19:00Z,NL,14735
2024-02-12T20:00Z,NL,13970
2024-02-12T21:00Z,NL,12968
2024-02-12T22:00Z,NL,11965
2024-02-12T23:00Z,NL,11020
2024-02-13T00:00Z,NL,10627
2024-02-13T01:00Z,NL,10358
2024-02-13T02:00Z,NL,10403
2024-02-13T03:00Z,NL,10715
2024-02-13T04:00Z,NL,11630
2024-02-13T05:00Z,NL,13282
2024-02-13T06:00Z,NL,14511
2024-02-13T07:00Z,NL,15072
2024-02-13T08:00Z,NL,15183
2024-02-13T09:00Z,NL,15192
2024-02-13T10:00Z,NL,15152
2024-02-13T11:00Z,NL,14975
2024-02-13T12:00Z,NL,14788
2024-02-13T13:00Z,NL,14664
2024-02-13T14:00Z,NL,14643
2024-02-13T15:00Z,NL,15039
2024-02-13T16:00Z,NL,15851
2024-02-13T17:00Z,NL,15960
2024-02-13T18:00Z,NL,15322
2024-02-13T19:00Z,NL,14504
2024-02-13T20:00Z,NL,13680
2024-02-13T21:00Z,NL,12724
2024-02-13T22:00Z,NL,11719
2024-02-13T23:00Z,NL,10830
2024-02-14T00:00Z,NL,10477
2024-02-14T01:00Z,NL,10226
2024-02-14T02:00Z,NL,10205
2024-02-14T03:00Z,NL,10483
2024-02-14T04:00Z,NL,11445
2024-02-14T05:00Z,NL,13022
2024-02-14T06:00Z,NL,14310
2024-02-14T07:00Z,NL,14771
2024-02-14T08:00Z,NL,14975
2024-02-14T09:00Z,NL,15040
2024-02-14T10:00Z,NL,14857
2024-02-14T11:00Z,NL,14632
2024-02-14T12:00Z,NL,14547
2024-02-14T13:00Z,NL,14421
2024-02-14T14:00Z,NL,14383
2024-02-14T15:00Z,NL,14690
2024-02-14T16:00Z,NL,15504
2024-02-14T17:00Z,NL,15626
2024-02-14T18:00Z,NL,15141
2024-02-14T19:00Z,NL,14388
2024-02-14T20:00Z,NL,13632
2024-02-14T21:00Z,NL,12655
2024-02-14T22:00Z,NL,11718
2024-02-14T23:00Z,NL,11228
2024-02-15T00:00Z,NL,10857
2024-02-15T01:00Z,NL,10575
2024-02-15T02:00Z,NL,10588
2024-02-15T03:00Z,NL,10887
2024-02-15T04:00Z,NL,11843
2024-02-15T05:00Z,NL,13478
2024-02-15T06:00Z,NL,14935
2024-02-15T07:00Z,NL,15470
2024-02-15T08:00Z,NL,15631
2024-02-15T09:00Z,NL,15622
2024-02-15T10:00Z,NL,15429
2024-02-15T11:00Z,NL,15112
2024-02-15T12:00Z,NL,14964
2024-02-15T13:00Z,NL,14869
2024-02-15T14:00Z,NL,14861
2024-02-15T15:00Z,NL,15281
2024-02-15T16:00Z,NL,16055
2024-02-15T17:00Z,NL,16178
2024-02-15T18:00Z,NL,15661
2024-02-15T19:00Z,NL,14798
2024-02-15T20:00Z,NL,13901
2024-02-15T21:00Z,NL,12928
2024-02-15T22:00Z,NL,11967
2024-02-15T23:00Z,NL,11160
2024-02-16T00:00Z,NL,10751
2024-02-16T01:00Z,NL,10491
2024-02-16T02:00Z,NL,10508
2024-02-16T03:00Z,NL,10784
2024-02-16T04:00Z,NL,11707
2024-02-16T05:00Z,NL,13271
2024-02-16T06:00Z,NL,14689
2024-02-16T07:00Z,NL,15325
2024-02-16T08:00Z,NL,15536
2024-02-16T09:00Z,NL,15591
2024-02-16T10:00Z,NL,15456
2024-02-16T11:00Z,NL,15148
2024-02-16T12:00Z,NL,14982
2024-02-16T13:00Z,NL,14861
2024-02-16T14:00Z,NL,14875
2024-02-16T15:00Z,NL,15295
2024-02-16T16:00Z,NL,16070
2024-02-16T17:00Z,NL,16142
2024-02-16T18:00Z,NL,15569
2024-02-16T19:00Z,NL,14750
2024-02-16T20:00Z,NL,13942
2024-02-16T21:00Z,NL,13043
2024-02-16T22:00Z,NL,12023
2024-02-16T23:00Z,NL,10754
2024-02-17T00:00Z,NL,10596
2024-02-17T01:00Z,NL,10467
2024-02-17T02:00Z,NL,10445
2024-02-17T03:00Z,NL,10594
2024-02-17T04:00Z,NL,11093
2024-02-17T05:00Z,NL,11937
2024-02-17T06:00Z,NL,12680
2024-02-17T07:00Z,NL,13020
2024-02-17T08:00Z,NL,13082
2024-02-17T09:00Z,NL,13130
2024-02-17T10:00Z,NL,13055
2024-02-17T11:00Z,NL,12857
2024-02-17T12:00Z,NL,12833
2024-02-17T13:00Z,NL,12765
2024-02-17T14:00Z,NL,12742
2024-02-17T15:00Z,NL,13026
2024-02-17T16:00Z,NL,13430
2024-02-17T17:00Z,NL,13474
2024-02-17T18:00Z,NL,13186
2024-02-17T19:00Z,NL,12805
2024-02-17T20:00Z,NL,12382
2024-02-17T21:00Z,NL,11861
2024-02-17T22:00Z,NL,11318
2024-02-17T23:00Z,NL,9871
2024-02-18T00:00Z,NL,9642
2024-02-18T01:00Z,NL,9485
2024-02-18T02:00Z,NL,9527
2024-02-18T03:00Z,NL,9584
2024-02-18T04:00Z,NL,10065
2024-02-18T05:00Z,NL,10898
2024-02-18T06:00Z,NL,11543
2024-02-18T07:00Z,NL,11824
2024-02-18T08:00Z,NL,11855
2024-02-18T09:00Z,NL,11862
2024-02-18T10:00Z,NL,11861
2024-02-18T11:00Z,NL,11689
2024-02-18T12:00Z,NL,11590
2024-02-18T13:00Z,NL,11559
2024-02-18T14:00Z,NL,11638
2024-02-18T15:00Z,NL,11818
2024-02-18T16:00Z,NL,12167
2024-02-18T17:00Z,NL,12176
2024-02-18T18:00Z,NL,11897
2024-02-18T19:00Z,NL,11581
2024-02-18T20:00Z,NL,11184
2024-02-18T21:00Z,NL,10704
2024-02-18T22:00Z,NL,10240
2024-02-18T23:00Z,NL,10922
2024-02-19T00:00Z,NL,10475
2024-02-19T01:00Z,NL,10167
2024-02-19T02:00Z,NL,10168
2024-02-19T03:00Z,NL,10387
2024-02-19T04:00Z,NL,11362
2024-02-19T05:00Z,NL,12902
2024-02-19T06:00Z,NL,14280
2024-02-19T07:00Z,NL,14879
2024-02-19T08:00Z,NL,15037
2024-02-19T09:00Z,NL,15089
2024-02-19T10:00Z,NL,14963
2024-02-19T11:00Z,NL,14776
2024-02-19T12:00Z,NL,14569
2024-02-19T13:00Z,NL,14453
2024-02-19T14:00Z,NL,14479
2024-02-19T15:00Z,NL,14857
2024-02-19T16:00Z,NL,15592
2024-02-19T17:00Z,NL,15719
2024-02-19T18:00Z,NL,15182
2024-02-19T19:00Z,NL,14429
2024-02-19T20:00Z,NL,13659
2024-02-19T21:00Z,NL,12713
2024-02-19T22:00Z,NL,11698
2024-02-19T23:00Z,NL,11054
2024-02-20T00:00Z,NL,10647
2024-02-20T01:00Z,NL,10381
2024-02-20T02:00Z,NL,10374
2024-02-20T03:00Z,NL,10675
2024-02-20T04:00Z,NL,11671
2024-02-20T05:00Z,NL,13295
2024-02-20T06:00Z,NL,14622
2024-02-20T07:00Z,NL,15190
2024-02-20T08:00Z,NL,15386
2024-02-20T09:00Z,NL,15417
2024-02-20T10:00Z,NL,15261
2024-02-20T11:00Z,NL,15025
2024-02-20T12:00Z,NL,14853
2024-02-20T13:00Z,NL,14668
2024-02-20T14:00Z,NL,14740
2024-02-20T15:00Z,NL,15106
2024-02-20T16:00Z,NL,15798
2024-02-20T17:00Z,NL,15929
2024-02-20T18:00Z,NL,15439
2024-02-20T19:00Z,NL,14660
2024-02-20T20:00Z,NL,13875
2024-02-20T21:00Z,NL,12940
2024-02-20T22:00Z,NL,11926
2024-02-20T23:00Z,NL,11033
2024-02-21T00:00Z,NL,10588
2024-02-21T01:00Z,NL,10317
2024-02-21T02:00Z,NL,10297
2024-02-21T03:00Z,NL,10533
2024-02-21T04:00Z,NL,11536
2024-02-21T05:00Z,NL,13058
2024-02-21T06:00Z,NL,14355
2024-02-21T07:00Z,NL,14961
2024-02-21T08:00Z,NL,15085
2024-02-21T09:00Z,NL,15094
2024-02-21T10:00Z,NL,15155
2024-02-21T11:00Z,NL,14896
2024-02-21T12:00Z,NL,14792
2024-02-21T13:00Z,NL,14618
2024-02-21T14:00Z,NL,14548
2024-02-21T15:00Z,NL,14870
2024-02-21T16:00Z,NL,15632
2024-02-21T17:00Z,NL,15820
2024-02-21T18:00Z,NL,15296
2024-02-21T19:00Z,NL,14545
2024-02-21T20:00Z,NL,13738
2024-02-21T21:00Z,NL,12792
2024-02-21T22:00Z,NL,11793
2024-02-21T23:00Z,NL,11233
2024-02-22T00:00Z,NL,10778
2024-02-22T01:00Z,NL,10539
2024-02-22T02:00Z,NL,10540
2024-02-22T03:00Z,NL,10759
2024-02-22T04:00Z,NL,11685
2024-02-22T05:00Z,NL,13328
2024-02-22T06:00Z,NL,14647
2024-02-22T07:00Z,NL,15254
2024-02-22T08:00Z,NL,15474
2024-02-22T09:00Z,NL,15522
2024-02-22T10:00Z,NL,15448
2024-02-22T11:00Z,NL,15270
2024-02-22T12:00Z,NL,15163
2024-02-22T13:00Z,NL,15043
2024-02-22T14:00Z,NL,15008
2024-02-22T15:00Z,NL,15425
2024-02-22T16:00Z,NL,16047
2024-02-22T17:00Z,NL,16190
2024-02-22T18:00Z,NL,15659
2024-02-22T19:00Z,NL,14852
2024-02-22T20:00Z,NL,14056
2024-02-22T21:00Z,NL,13117
2024-02-22T22:00Z,NL,12141
2024-02-22T23:00Z,NL,11324
2024-02-23T00:00Z,NL,10878
2024-02-23T01:00Z,NL,10586
2024-02-23T02:00Z,NL,10580
2024-02-23T03:00Z,NL,10824
2024-02-23T04:00Z,NL,11778
2024-02-23T05:00Z,NL,13390
2024-02-23T06:00Z,NL,14806
2024-02-23T07:00Z,NL,15420
2024-02-23T08:00Z,NL,15617
2024-02-23T09:00Z,NL,15670
2024-02-23T10:00Z,NL,15561
2024-02-23T11:00Z,NL,15404
2024-02-23T12:00Z,NL,15244
2024-02-23T13:00Z,NL,15096
2024-02-23T14:00Z,NL,15087
2024-02-23T15:00Z,NL,15431
2024-02-23T16:00Z,NL,16185
2024-02-23T17:00Z,NL,16366
2024-02-23T18:00Z,NL,15798
2024-02-23T19:00Z,NL,14926
2024-02-23T20:00Z,NL,14085
2024-02-23T21:00Z,NL,13197
2024-02-23T22:00Z,NL,12174
2024-02-23T23:00Z,NL,10605
2024-02-24T00:00Z,NL,10384
2024-02-24T01:00Z,NL,10257
2024-02-24T02:00Z,NL,10316
2024-02-24T03:00Z,NL,10463
2024-02-24T04:00Z,NL,10907
2024-02-24T05:00Z,NL,11800
2024-02-24T06:00Z,NL,12471
2024-02-24T07:00Z,NL,12752
2024-02-24T08:00Z,NL,12853
2024-02-24T09:00Z,NL,12894
2024-02-24T10:00Z,NL,12844
2024-02-24T11:00Z,NL,12669
2024-02-24T12:00Z,NL,12616
2024-02-24T13:00Z,NL,12480
2024-02-24T14:00Z,NL,12444
2024-02-24T15:00Z,NL,12700
2024-02-24T16:00Z,NL,13059
2024-02-24T17:00Z,NL,13122
2024-02-24T18:00Z,NL,12830
2024-02-24T19:00Z,NL,12384
2024-02-24T20:00Z,NL,11993
2024-02-24T21:00Z,NL,11525
2024-02-24T22:00Z,NL,11011
2024-02-24T23:00Z,NL,9645
2024-02-25T00:00Z,NL,9455
2024-02-25T01:00Z,NL,9322
2024-02-25T02:00Z,NL,9327
2024-02-25T03:00Z,NL,9439
2024-02-25T04:00Z,NL,9887
2024-02-25T05:00Z,NL,10648
2024-02-25T06:00Z,NL,11353
2024-02-25T07:00Z,NL,11612
2024-02-25T08:00Z,NL,11708
2024-02-25T09:00Z,NL,11694
2024-02-25T10:00Z,NL,11596
2024-02-25T11:00Z,NL,11500
2024-02-25T12:00Z,NL,11432
2024-02-25T13:00Z,NL,11400
2024-02-25T14:00Z,NL,11399
2024-02-25T15:00Z,NL,11643
2024-02-25T16:00Z,NL,11959
2024-02-25T17:00Z,NL,12081
2024-02-25T18:00Z,NL,11689
2024-02-25T19:00Z,NL,11368
2024-02-25T20:00Z,NL,11008
2024-02-25T21:00Z,NL,10513
2024-02-25T22:00Z,NL,10036
2024-02-25T23:00Z,NL,11065
2024-02-26T00:00Z,NL,10650
2024-02-26T01:00Z,NL,10404
2024-02-26T02:00Z,NL,10400
2024-02-26T03:00Z,NL,10672
2024-02-26T04:00Z,NL,11543
2024-02-26T05:00Z,NL,13143
2024-02-26T06:00Z,NL,14506
2024-02-26T07:00Z,NL,15101
2024-02-26T08:00Z,NL,15325
2024-02-26T09:00Z,NL,15285
2024-02-26T10:00Z,NL,15202
2024-02-26T11:00Z,NL,14982
2024-02-26T12:00Z,NL,14806
2024-02-26T13:00Z,NL,14706
2024-02-26T14:00Z,NL,14747
2024-02-26T15:00Z,NL,15195
2024-02-26T16:00Z,NL,15915
2024-02-26T17:00Z,NL,15891
2024-02-26T18:00Z,NL,15379
2024-02-26T19:00Z,NL,14645
2024-02-26T20:00Z,NL,13812
2024-02-26T21:00Z,NL,12897
2024-02-26T22:00Z,NL,11932
2024-02-26T23:00Z,NL,11042
2024-02-27T00:00Z,NL,10663
2024-02-27T01:00Z,NL,10351
2024-02-27T02:00Z,NL,10333
2024-02-27T03:00Z,NL,10602
2024-02-27T04:00Z,NL,11544
2024-02-27T05:00Z,NL,13049
2024-02-27T06:00Z,NL,14407
2024-02-27T07:00Z,NL,14952
2024-02-27T08:00Z,NL,15176
2024-02-27T09:00Z,NL,15191
2024-02-27T10:00Z,NL,15122
2024-02-27T11:00Z,NL,14932
2024-02-27T12:00Z,NL,14835
2024-02-27T13:00Z,NL,14636
2024-02-27T14:00Z,NL,14671
2024-02-27T15:00Z,NL,15031
2024-02-27T16:00Z,NL,15680
2024-02-27T17:00Z,NL,15787
2024-02-27T18:00Z,NL,15263
2024-02-27T19:00Z,NL,14454
2024-02-27T20:00Z,NL,13642
2024-02-27T21:00Z,NL,12733
2024-02-27T22:00Z,NL,11797
2024-02-27T23:00Z,NL,10931
2024-02-28T00:00Z,NL,10568
2024-02-28T01:00Z,NL,10310
2024-02-28T02:00Z,NL,10265
2024-02-28T03:00Z,NL,10522
2024-02-28T04:00Z,NL,11413
2024-02-28T05:00Z,NL,12993
2024-02-28T06:00Z,NL,14319
2024-02-28T07:00Z,NL,14964
2024-02-28T08:00Z,NL,15176
2024-02-28T09:00Z,NL,15314
2024-02-28T10:00Z,NL,15114
2024-02-28T11:00Z,NL,14907
2024-02-28T12:00Z,NL,14766
2024-02-28T13:00Z,NL,14577
2024-02-28T14:00Z,NL,14515
2024-02-28T15:00Z,NL,14829
2024-02-28T16:00Z,NL,15509
2024-02-28T17:00Z,NL,15618
2024-02-28T18:00Z,NL,15136
2024-02-28T19:00Z,NL,14437
2024-02-28T20:00Z,NL,13680
2024-02-28T21:00Z,NL,12699
2024-02-28T22:00Z,NL,11711
2024-02-28T23:00Z,NL,10943
2024-02-29T00:00Z,NL,10462
2024-02-29T01:00Z,NL,10217
2024-02-29T02:00Z,NL,10191
2024-02-29T03:00Z,NL,10451
2024-02-29T04:00Z,NL,11325
2024-02-29T05:00Z,NL,12945
2024-02-29T06:00Z,NL,14283
2024-02-29T07:00Z,NL,14875
2024-02-29T08:00Z,NL,15119
2024-02-29T09:00Z,NL,15173
2024-02-29T10:00Z,NL,15086
2024-02-29T11:00Z,NL,14829
2024-02-29T12:00Z,NL,14709
2024-02-29T13:00Z,NL,14538
2024-02-29T14:00Z,NL,14456
2024-02-29T15:00Z,NL,14820
2024-02-29T16:00Z,NL,15514
2024-02-29T17:00Z,NL,15576
2024-02-29T18:00Z,NL,15102
2024-02-29T19:00Z,NL,14356
2024-02-29T20:00Z,NL,13606
2024-02-29T21:00Z,NL,12732
2024-02-29T22:00Z,NL,11818
2024-02-29T23:00Z,NL,10958
2024-03-01T00:00Z,NL,10580
2024-03-01T01:00Z,NL,10354
2024-03-01T02:00Z,NL,10296
2024-03-01T03:00Z,NL,10569
2024-03-01T04:00Z,NL,11439
2024-03-01T05:00Z,NL,13078
2024-03-01T06:00Z,NL,14386
2024-03-01T07:00Z,NL,14897
2024-03-01T08:00Z,NL,15122
2024-03-01T09:00Z,NL,15209
2024-03-01T10:00Z,NL,15075
2024-03-01T11:00Z,NL,14873
2024-03-01T12:00Z,NL,14792
2024-03-01T13:00Z,NL,14632
2024-03-01T14:00Z,NL,14624
2024-03-01T15:00Z,NL,14933
2024-03-01T16:00Z,NL,15623
2024-03-01T17:00Z,NL,15795
2024-03-01T18:00Z,NL,15321
2024-03-01T19:00Z,NL,14503
2024-03-01T20:00Z,NL,13768
2024-03-01T21:00Z,NL,12797
2024-03-01T22:00Z,NL,11848
2024-03-01T23:00Z,NL,10720
2024-03-02T00:00Z,NL,10428
2024-03-02T01:00Z,NL,10339
2024-03-02T02:00Z,NL,10344
2024-03-02T03:00Z,NL,10471
2024-03-02T04:00Z,NL,10952
2024-03-02T05:00Z,NL,11825
2024-03-02T06:00Z,NL,12560
2024-03-02T07:00Z,NL,12888
2024-03-02T08:00Z,NL,13029
2024-03-02T09:00Z,NL,13026
2024-03-02T10:00Z,NL,12912
2024-03-02T11:00Z,NL,12769
2024-03-02T12:00Z,NL,12698
2024-03-02T13:00Z,NL,12653
2024-03-02T14:00Z,NL,12608
2024-03-02T15:00Z,NL,12765
2024-03-02T16:00Z,NL,13143
2024-03-02T17:00Z,NL,13172
2024-03-02T18:00Z,NL,12913
2024-03-02T19:00Z,NL,12489
2024-03-02T20:00Z,NL,12089
2024-03-02T21:00Z,NL,11519
2024-03-02T22:00Z,NL,11034
2024-03-02T23:00Z,NL,9595
2024-03-03T00:00Z,NL,9401
2024-03-03T01:00Z,NL,9308
2024-03-03T02:00Z,NL,9296
2024-03-03T03:00Z,NL,9465
2024-03-03T04:00Z,NL,9906
2024-03-03T05:00Z,NL,10744
2024-03-03T06:00Z,NL,11379
2024-03-03T07:00Z,NL,11731
2024-03-03T08:00Z,NL,11764
2024-03-03T09:00Z,NL,11776
2024-03-03T10:00Z,NL,11664
2024-03-03T11:00Z,NL,11540
2024-03-03T12:00Z,NL,11477
2024-03-03T13:00Z,NL,11387
2024-03-03T14:00Z,NL,11346
2024-03-03T15:00Z,NL,11537
2024-03-03T16:00Z,NL,11844
2024-03-03T17:00Z,NL,11877
2024-03-03T18:00Z,NL,11586
2024-03-03T19:00Z,NL,11264
2024-03-03T20:00Z,NL,10903
2024-03-03T21:00Z,NL,10395
2024-03-03T22:00Z,NL,9913
2024-03-03T23:00Z,NL,11188
2024-03-04T00:00Z,NL,10747
2024-03-04T01:00Z,NL,10524
2024-03-04T02:00Z,NL,10501
2024-03-04T03:00Z,NL,10759
2024-03-04T04:00Z,NL,11693
2024-03-04T05:00Z,NL,13279
2024-03-04T06:00Z,NL,14666
2024-03-04T07:00Z,NL,15181
2024-03-04T08:00Z,NL,15416
2024-03-04T09:00Z,NL,15522
2024-03-04T10:00Z,NL,15435
2024-03-04T11:00Z,NL,15231
2024-03-04T12:00Z,NL,15061
2024-03-04T13:00Z,NL,14937
2024-03-04T14:00Z,NL,14859
2024-03-04T15:00Z,NL,15144
2024-03-04T16:00Z,NL,15777
2024-03-04T17:00Z,NL,15968
2024-03-04T18:00Z,NL,15531
2024-03-04T19:00Z,NL,14748
2024-03-04T20:00Z,NL,13952
2024-03-04T21:00Z,NL,12990
2024-03-04T22:00Z,NL,12044
2024-03-04T23:00Z,NL,11030
2024-03-05T00:00Z,NL,10577
2024-03-05T01:00Z,NL,10273
2024-03-05T02:00Z,NL,10289
2024-03-05T03:00Z,NL,10496
2024-03-05T04:00Z,NL,11399
2024-03-05T05:00Z,NL,12997
2024-03-05T06:00Z,NL,14402
2024-03-05T07:00Z,NL,14981
2024-03-05T08:00Z,NL,15157
2024-03-05T09:00Z,NL,15206
2024-03-05T10:00Z,NL,15244
2024-03-05T11:00Z,NL,15061
2024-03-05T12:00Z,NL,14930
2024-03-05T13:00Z,NL,14817
2024-03-05T14:00Z,NL,14816
2024-03-05T15:00Z,NL,15114
2024-03-05T16:00Z,NL,15757
2024-03-05T17:00Z,NL,15868
2024-03-05T18:00Z,NL,15357
2024-03-05T19:00Z,NL,14643
2024-03-05T20:00Z,NL,13785
2024-03-05T21:00Z,NL,12867
2024-03-05T22:00Z,NL,11904
2024-03-05T23:00Z,NL,10976
2024-03-06T00:00Z,NL,10548
2024-03-06T01:00Z,NL,10271
2024-03-06T02:00Z,NL,10245
2024-03-06T03:00Z,NL,10504
2024-03-06T04:00Z,NL,11369
2024-03-06T05:00Z,NL,12957
2024-03-06T06:00Z,NL,14268
2024-03-06T07:00Z,NL,14785
2024-03-06T08:00Z,NL,15049
2024-03-06T09:00Z,NL,15057
2024-03-06T10:00Z,NL,14993
2024-03-06T11:00Z,NL,14808
2024-03-06T12:00Z,NL,14627
2024-03-06T13:00Z,NL,14541
2024-03-06T14:00Z,NL,14500
2024-03-06T15:00Z,NL,14772
2024-03-06T16:00Z,NL,15446
2024-03-06T17:00Z,NL,15545
2024-03-06T18:00Z,NL,15058
2024-03-06T19:00Z,NL,14344
2024-03-06T20:00Z,NL,13631
2024-03-06T21:00Z,NL,12738
2024-03-06T22:00Z,NL,11772
2024-03-06T23:00Z,NL,11053
2024-03-07T00:00Z,NL,10592
2024-03-07T01:00Z,NL,10361
2024-03-07T02:00Z,NL,10345
2024-03-07T03:00Z,NL,10568
2024-03-07T04:00Z,NL,11546
2024-03-07T05:00Z,NL,13099
2024-03-07T06:00Z,NL,14443
2024-03-07T07:00Z,NL,15048
2024-03-07T08:00Z,NL,15222
2024-03-07T09:00Z,NL,15237
2024-03-07T10:00Z,NL,15184
2024-03-07T11:00Z,NL,14959
2024-03-07T12:00Z,NL,14826
2024-03-07T13:00Z,NL,14708
2024-03-07T14:00Z,NL,14699
2024-03-07T15:00Z,NL,15032
2024-03-07T16:00Z,NL,15682
2024-03-07T17:00Z,NL,15712
2024-03-07T18:00Z,NL,15224
2024-03-07T19:00Z,NL,14508
2024-03-07T20:00Z,NL,13769
2024-03-07T21:00Z,NL,12851
2024-03-07T22:00Z,NL,11868
2024-03-07T23:00Z,NL,11053
2024-03-08T00:00Z,NL,10632
2024-03-08T01:00Z,NL,10327
2024-03-08T02:00Z,NL,10306
2024-03-08T03:00Z,NL,10562
2024-03-08T04:00Z,NL,11470
2024-03-08T05:00Z,NL,13006
2024-03-08T06:00Z,NL,14382
2024-03-08T07:00Z,NL,15015
2024-03-08T08:00Z,NL,15247
2024-03-08T09:00Z,NL,15331
2024-03-08T10:00Z,NL,15197
2024-03-08T11:00Z,NL,14981
2024-03-08T12:00Z,NL,14911
2024-03-08T13:00Z,NL,14791
2024-03-08T14:00Z,NL,14723
2024-03-08T15:00Z,NL,15039
2024-03-08T16:00Z,NL,15707
2024-03-08T17:00Z,NL,15732
2024-03-08T18:00Z,NL,15265
2024-03-08T19:00Z,NL,14474
2024-03-08T20:00Z,NL,13728
2024-03-08T21:00Z,NL,12804
2024-03-08T22:00Z,NL,11889
2024-03-08T23:00Z,NL,10424
2024-03-09T00:00Z,NL,10200
2024-03-09T01:00Z,NL,10079
2024-03-09T02:00Z,NL,10069
2024-03-09T03:00Z,NL,10188
2024-03-09T04:00Z,NL,10648
2024-03-09T05:00Z,NL,11427
2024-03-09T06:00Z,NL,12152
2024-03-09T07:00Z,NL,12399
2024-03-09T08:00Z,NL,12514
2024-03-09T09:00Z,NL,12597
2024-03-09T10:00Z,NL,12564
2024-03-09T11:00Z,NL,12492
2024-03-09T12:00Z,NL,12376
2024-03-09T13:00Z,NL,12337
2024-03-09T14:00Z,NL,12355
2024-03-09T15:00Z,NL,12460
2024-03-09T16:00Z,NL,12734
2024-03-09T17:00Z,NL,12787
2024-03-09T18:00Z,NL,12492
2024-03-09T19:00Z,NL,12116
2024-03-09T20:00Z,NL,11792
2024-03-09T21:00Z,NL,11339
2024-03-09T22:00Z,NL,10835
2024-03-09T23:00Z,NL,9501
2024-03-10T00:00Z,NL,9281
2024-03-10T01:00Z,NL,9192
2024-03-10T02:00Z,NL,9219
2024-03-10T03:00Z,NL,9287
2024-03-10T04:00Z,NL,9726
2024-03-10T05:00Z,NL,10430
2024-03-10T06:00Z,NL,11101
2024-03-10T07:00Z,NL,11377
2024-03-10T08:00Z,NL,11516
2024-03-10T09:00Z,NL,11580
2024-03-10T10:00Z,NL,11543
2024-03-10T11:00Z,NL,11460
2024-03-10T12:00Z,NL,11487
2024-03-10T13:00Z,NL,11394
2024-03-10T14:00Z,NL,11355
2024-03-10T15:00Z,NL,11481
2024-03-10T16:00Z,NL,11764
2024-03-10T17:00Z,NL,11803
2024-03-10T18:00Z,NL,11554
2024-03-10T19:00Z,NL,11244
2024-03-10T20:00Z,NL,10893
2024-03-10T21:00Z,NL,10477
2024-03-10T22:00Z,NL,10005
2024-03-10T23:00Z,NL,11050
2024-03-11T00:00Z,NL,10613
2024-03-11T01:00Z,NL,10264
2024-03-11T02:00Z,NL,10199
2024-03-11T03:00Z,NL,10481
2024-03-11T04:00Z,NL,11325
2024-03-11T05:00Z,NL,12889
2024-03-11T06:00Z,NL,14242
2024-03-11T07:00Z,NL,14851
2024-03-11T08:00Z,NL,15068
2024-03-11T09:00Z,NL,15182
2024-03-11T10:00Z,NL,15161
2024-03-11T11:00Z,NL,14956
2024-03-11T12:00Z,NL,14796
2024-03-11T13:00Z,NL,14650
2024-03-11T14:00Z,NL,14604
2024-03-11T15:00Z,NL,14866
2024-03-11T16:00Z,NL,15513
2024-03-11T17:00Z,NL,15670
2024-03-11T18:00Z,NL,15119
2024-03-11T19:00Z,NL,14488
2024-03-11T20:00Z,NL,13682
2024-03-11T21:00Z,NL,12834
2024-03-11T22:00Z,NL,11890
2024-03-11T23:00Z,NL,11231
2024-03-12T00:00Z,NL,10793
2024-03-12T01:00Z,NL,10470
2024-03-12T02:00Z,NL,10387
2024-03-12T03:00Z,NL,10679
2024-03-12T04:00Z,NL,11592
2024-03-12T05:00Z,NL,13139
2024-03-12T06:00Z,NL,14421
2024-03-12T07:00Z,NL,15064
2024-03-12T08:00Z,NL,15336
2024-03-12T09:00Z,NL,15345
2024-03-12T10:00Z,NL,15260
2024-03-12T11:00Z,NL,15165
2024-03-12T12:00Z,NL,15034
2024-03-12T13:00Z,NL,14869
2024-03-12T14:00Z,NL,14858
2024-03-12T15:00Z,NL,15155
2024-03-12T16:00Z,NL,15791
2024-03-12T17:00Z,NL,15825
2024-03-12T18:00Z,NL,15330
2024-03-12T19:00Z,NL,14596
2024-03-12T20:00Z,NL,13881
2024-03-12T21:00Z,NL,12932
2024-03-12T22:00Z,NL,11986
2024-03-12T23:00Z,NL,10754
2024-03-13T00:00Z,NL,10351
2024-03-13T01:00Z,NL,10021
2024-03-13T02:00Z,NL,9994
2024-03-13T03:00Z,NL,10240
2024-03-13T04:00Z,NL,11111
2024-03-13T05:00Z,NL,12563
2024-03-13T06:00Z,NL,13909
2024-03-13T07:00Z,NL,14494
2024-03-13T08:00Z,NL,14677
2024-03-13T09:00Z,NL,14773
2024-03-13T10:00Z,NL,14717
2024-03-13T11:00Z,NL,14543
2024-03-13T12:00Z,NL,14474
2024-03-13T13:00Z,NL,14324
2024-03-13T14:00Z,NL,14236
2024-03-13T15:00Z,NL,14538
2024-03-13T16:00Z,NL,15111
2024-03-13T17:00Z,NL,15120
2024-03-13T18:00Z,NL,14629
2024-03-13T19:00Z,NL,13964
2024-03-13T20:00Z,NL,13254
2024-03-13T21:00Z,NL,12435
2024-03-13T22:00Z,NL,11539
2024-03-13T23:00Z,NL,10802
2024-03-14T00:00Z,NL,10401
2024-03-14T01:00Z,NL,10133
2024-03-14T02:00Z,NL,10110
2024-03-14T03:00Z,NL,10338
2024-03-14T04:00Z,NL,11189
2024-03-14T05:00Z,NL,12666
2024-03-14T06:00Z,NL,13956
2024-03-14T07:00Z,NL,14587
2024-03-14T08:00Z,NL,14830
2024-03-14T09:00Z,NL,14994
2024-03-14T10:00Z,NL,14854
2024-03-14T11:00Z,NL,14699
2024-03-14T12:00Z,NL,14630
2024-03-14T13:00Z,NL,14452
2024-03-14T14:00Z,NL,14432
2024-03-14T15:00Z,NL,14669
2024-03-14T16:00Z,NL,15239
2024-03-14T17:00Z,NL,15267
2024-03-14T18:00Z,NL,14810
2024-03-14T19:00Z,NL,14204
2024-03-14T20:00Z,NL,13581
2024-03-14T21:00Z,NL,12669
2024-03-14T22:00Z,NL,11665
2024-03-14T23:00Z,NL,10900
2024-03-15T00:00Z,NL,10464
2024-03-15T01:00Z,NL,10159
2024-03-15T02:00Z,NL,10151
2024-03-15T03:00Z,NL,10435
2024-03-15T04:00Z,NL,11263
2024-03-15T05:00Z,NL,12812
2024-03-15T06:00Z,NL,14142
2024-03-15T07:00Z,NL,14754
2024-03-15T08:00Z,NL,15060
2024-03-15T09:00Z,NL,15048
2024-03-15T10:00Z,NL,14950
2024-03-15T11:00Z,NL,14688
2024-03-15T12:00Z,NL,14568
2024-03-15T13:00Z,NL,14359
2024-03-15T14:00Z,NL,14308
2024-03-15T15:00Z,NL,14694
2024-03-15T16:00Z,NL,15246
2024-03-15T17:00Z,NL,15344
2024-03-15T18:00Z,NL,14832
2024-03-15T19:00Z,NL,14229
2024-03-15T20:00Z,NL,13527
2024-03-15T21:00Z,NL,12626
2024-03-15T22:00Z,NL,11634
2024-03-15T23:00Z,NL,10354
2024-03-16T00:00Z,NL,10213
2024-03-16T01:00Z,NL,10082
2024-03-16T02:00Z,NL,10045
2024-03-16T03:00Z,NL,10184
2024-03-16T04:00Z,NL,10633
2024-03-16T05:00Z,NL,11407
2024-03-16T06:00Z,NL,12105
2024-03-16T07:00Z,NL,12399
2024-03-16T08:00Z,NL,12574
2024-03-16T09:00Z,NL,12573
2024-03-16T10:00Z,NL,12579
2024-03-16T11:00Z,NL,12436
2024-03-16T12:00Z,NL,12358
2024-03-16T13:00Z,NL,12269
2024-03-16T14:00Z,NL,12157
2024-03-16T15:00Z,NL,12359
2024-03-16T16:00Z,NL,12633
2024-03-16T17:00Z,NL,12708
2024-03-16T18:00Z,NL,12444
2024-03-16T19:00Z,NL,12187
2024-03-16T20:00Z,NL,11796
2024-03-16T21:00Z,NL,11337
2024-03-16T22:00Z,NL,10841
2024-03-16T23:00Z,NL,9108
2024-03-17T00:00Z,NL,8900
2024-03-17T01:00Z,NL,8781
2024-03-17T02:00Z,NL,8769
2024-03-17T03:00Z,NL,8882
2024-03-17T04:00Z,NL,9289
2024-03-17T05:00Z,NL,10005
2024-03-17T06:00Z,NL,10609
2024-03-17T07:00Z,NL,10855
2024-03-17T08:00Z,NL,10987
2024-03-17T09:00Z,NL,11033
2024-03-17T10:00Z,NL,10985
2024-03-17T11:00Z,NL,10827
2024-03-17T12:00Z,NL,10782
2024-03-17T13:00Z,NL,10731
2024-03-17T14:00Z,NL,10746
2024-03-17T15:00Z,NL,10827
2024-03-17T16:00Z,NL,11090
2024-03-17T17:00Z,NL,11104
2024-03-17T18:00Z,NL,10864
2024-03-17T19:00Z,NL,10591
2024-03-17T20:00Z,NL,10342
2024-03-17T21:00Z,NL,9864
2024-03-17T22:00Z,NL,9417
2024-03-17T23:00Z,NL,10801
2024-03-18T00:00Z,NL,10366
2024-03-18T01:00Z,NL,10128
2024-03-18T02:00Z,NL,10107
2024-03-18T03:00Z,NL,10354
2024-03-18T04:00Z,NL,11211
2024-03-18T05:00Z,NL,12673
2024-03-18T06:00Z,NL,13970
2024-03-18T07:00Z,NL,14455
2024-03-18T08:00Z,NL,14725
2024-03-18T09:00Z,NL,14833
2024-03-18T10:00Z,NL,14849
2024-03-18T11:00Z,NL,14617
2024-03-18T12:00Z,NL,14468
2024-03-18T13:00Z,NL,14366
2024-03-18T14:00Z,NL,14263
2024-03-18T15:00Z,NL,14579
2024-03-18T16:00Z,NL,15148
2024-03-18T17:00Z,NL,15233
2024-03-18T18:00Z,NL,14751
2024-03-18T19:00Z,NL,14005
2024-03-18T20:00Z,NL,13358
2024-03-18T21:00Z,NL,12490
2024-03-18T22:00Z,NL,11571
2024-03-18T23:00Z,NL,10761
2024-03-19T00:00Z,NL,10425
2024-03-19T01:00Z,NL,10255
2024-03-19T02:00Z,NL,10231
2024-03-19T03:00Z,NL,10433
2024-03-19T04:00Z,NL,11267
2024-03-19T05:00Z,NL,12829
2024-03-19T06:00Z,NL,14115
2024-03-19T07:00Z,NL,14720
2024-03-19T08:00Z,NL,14907
2024-03-19T09:00Z,NL,14900
2024-03-19T10:00Z,NL,14873
2024-03-19T11:00Z,NL,14686
2024-03-19T12:00Z,NL,14574
2024-03-19T13:00Z,NL,14349
2024-03-19T14:00Z,NL,14433
2024-03-19T15:00Z,NL,14719
2024-03-19T16:00Z,NL,15239
2024-03-19T17:00Z,NL,15266
2024-03-19T18:00Z,NL,14860
2024-03-19T19:00Z,NL,14292
2024-03-19T20:00Z,NL,13522
2024-03-19T21:00Z,NL,12643
2024-03-19T22:00Z,NL,11693
2024-03-19T23:00Z,NL,10760
2024-03-20T00:00Z,NL,10293
2024-03-20T01:00Z,NL,10021
2024-03-20T02:00Z,NL,9921
2024-03-20T03:00Z,NL,10141
2024-03-20T04:00Z,NL,10962
2024-03-20T05:00Z,NL,12426
2024-03-20T06:00Z,NL,13787
2024-03-20T07:00Z,NL,14409
2024-03-20T08:00Z,NL,14687
2024-03-20T09:00Z,NL,14813
2024-03-20T10:00Z,NL,14741
2024-03-20T11:00Z,NL,14521
2024-03-20T12:00Z,NL,14351
2024-03-20T13:00Z,NL,14261
2024-03-20T14:00Z,NL,14237
2024-03-20T15:00Z,NL,14504
2024-03-20T16:00Z,NL,15046
2024-03-20T17:00Z,NL,15159
2024-03-20T18:00Z,NL,14695
2024-03-20T19:00Z,NL,14044
2024-03-20T20:00Z,NL,13327
2024-03-20T21:00Z,NL,12514
2024-03-20T22:00Z,NL,11576
2024-03-20T23:00Z,NL,10892
2024-03-21T00:00Z,NL,10513
2024-03-21T01:00Z,NL,10244
2024-03-21T02:00Z,NL,10213
2024-03-21T03:00Z,NL,10398
2024-03-21T04:00Z,NL,11240
2024-03-21T05:00Z,NL,12712
2024-03-21T06:00Z,NL,14065
2024-03-21T07:00Z,NL,14690
2024-03-21T08:00Z,NL,14945
2024-03-21T09:00Z,NL,15062
2024-03-21T10:00Z,NL,15007
2024-03-21T11:00Z,NL,14762
2024-03-21T12:00Z,NL,14555
2024-03-21T13:00Z,NL,14429
2024-03-21T14:00Z,NL,14354
2024-03-21T15:00Z,NL,14554
2024-03-21T16:00Z,NL,15110
2024-03-21T17:00Z,NL,15200
2024-03-21T18:00Z,NL,14772
2024-03-21T19:00Z,NL,14121
2024-03-21T20:00Z,NL,13411
2024-03-21T21:00Z,NL,12539
2024-03-21T22:00Z,NL,11588
2024-03-21T23:00Z,NL,10968
2024-03-22T00:00Z,NL,10496
2024-03-22T01:00Z,NL,10241
2024-03-22T02:00Z,NL,10227
2024-03-22T03:00Z,NL,10476
2024-03-22T04:00Z,NL,11410
2024-03-22T05:00Z,NL,12960
2024-03-22T06:00Z,NL,14342
2024-03-22T07:00Z,NL,14987
2024-03-22T08:00Z,NL,15280
2024-03-22T09:00Z,NL,15325
2024-03-22T10:00Z,NL,15252
2024-03-22T11:00Z,NL,15075
2024-03-22T12:00Z,NL,14947
2024-03-22T13:00Z,NL,14712
2024-03-22T14:00Z,NL,14816
2024-03-22T15:00Z,NL,15048
2024-03-22T16:00Z,NL,15554
2024-03-22T17:00Z,NL,15628
2024-03-22T18:00Z,NL,15188
2024-03-22T19:00Z,NL,14526
2024-03-22T20:00Z,NL,13869
2024-03-22T21:00Z,NL,12957
2024-03-22T22:00Z,NL,11989
2024-03-22T23:00Z,NL,10377
2024-03-23T00:00Z,NL,10136
2024-03-23T01:00Z,NL,10001
2024-03-23T02:00Z,NL,10020
2024-03-23T03:00Z,NL,10112
2024-03-23T04:00Z,NL,10516
2024-03-23T05:00Z,NL,11268
2024-03-23T06:00Z,NL,11947
2024-03-23T07:00Z,NL,12279
2024-03-23T08:00Z,NL,12378
2024-03-23T09:00Z,NL,12457
2024-03-23T10:00Z,NL,12459
2024-03-23T11:00Z,NL,12412
2024-03-23T12:00Z,NL,12309
2024-03-23T13:00Z,NL,12205
2024-03-23T14:00Z,NL,12205
2024-03-23T15:00Z,NL,12342
2024-03-23T16:00Z,NL,12638
2024-03-23T17:00Z,NL,12654
2024-03-23T18:00Z,NL,12373
2024-03-23T19:00Z,NL,12036
2024-03-23T20:00Z,NL,11640
2024-03-23T21:00Z,NL,11226
2024-03-23T22:00Z,NL,10762
2024-03-23T23:00Z,NL,9381
2024-03-24T00:00Z,NL,9244
2024-03-24T01:00Z,NL,9117
2024-03-24T02:00Z,NL,9054
2024-03-24T03:00Z,NL,9225
2024-03-24T04:00Z,NL,9598
2024-03-24T05:00Z,NL,10320
2024-03-24T06:00Z,NL,10926
2024-03-24T07:00Z,NL,11226
2024-03-24T08:00Z,NL,11378
2024-03-24T09:00Z,NL,11396
2024-03-24T10:00Z,NL,11384
2024-03-24T11:00Z,NL,11302
2024-03-24T12:00Z,NL,11203
2024-03-24T13:00Z,NL,11145
2024-03-24T14:00Z,NL,11102
2024-03-24T15:00Z,NL,11206
2024-03-24T16:00Z,NL,11418
2024-03-24T17:00Z,NL,11454
2024-03-24T18:00Z,NL,11193
2024-03-24T19:00Z,NL,10893
2024-03-24T20:00Z,NL,10586
2024-03-24T21:00Z,NL,10144
2024-03-24T22:00Z,NL,9776
2024-03-24T23:00Z,NL,10385
2024-03-25T00:00Z,NL,9983
2024-03-25T01:00Z,NL,9738
2024-03-25T02:00Z,NL,9714
2024-03-25T03:00Z,NL,9924
2024-03-25T04:00Z,NL,10723
2024-03-25T05:00Z,NL,12135
2024-03-25T06:00Z,NL,13385
2024-03-25T07:00Z,NL,13953
2024-03-25T08:00Z,NL,14306
2024-03-25T09:00Z,NL,14355
2024-03-25T10:00Z,NL,14279
2024-03-25T11:00Z,NL,14159
2024-03-25T12:00Z,NL,13980
2024-03-25T13:00Z,NL,13840
2024-03-25T14:00Z,NL,13837
2024-03-25T15:00Z,NL,14088
2024-03-25T16:00Z,NL,14530
2024-03-25T17:00Z,NL,14521
2024-03-25T18:00Z,NL,14142
2024-03-25T19:00Z,NL,13454
2024-03-25T20:00Z,NL,12835
2024-03-25T21:00Z,NL,12064
2024-03-25T22:00Z,NL,11136
2024-03-25T23:00Z,NL,10173
2024-03-26T00:00Z,NL,9797
2024-03-26T01:00Z,NL,9501
2024-03-26T02:00Z,NL,9457
2024-03-26T03:00Z,NL,9699
2024-03-26T04:00Z,NL,10520
2024-03-26T05:00Z,NL,11921
2024-03-26T06:00Z,NL,13107
2024-03-26T07:00Z,NL,13715
2024-03-26T08:00Z,NL,13976
2024-03-26T09:00Z,NL,14047
2024-03-26T10:00Z,NL,14011
2024-03-26T11:00Z,NL,13881
2024-03-26T12:00Z,NL,13744
2024-03-26T13:00Z,NL,13587
2024-03-26T14:00Z,NL,13546
2024-03-26T15:00Z,NL,13763
2024-03-26T16:00Z,NL,14194
2024-03-26T17:00Z,NL,14251
2024-03-26T18:00Z,NL,13860
2024-03-26T19:00Z,NL,13296
2024-03-26T20:00Z,NL,12570
2024-03-26T21:00Z,NL,11773
2024-03-26T22:00Z,NL,10887
2024-03-26T23:00Z,NL,10357
2024-03-27T00:00Z,NL,10026
2024-03-27T01:00Z,NL,9781
2024-03-27T02:00Z,NL,9751
2024-03-27T03:00Z,NL,9973
2024-03-27T04:00Z,NL,10786
2024-03-27T05:00Z,NL,12165
2024-03-27T06:00Z,NL,13366
2024-03-27T07:00Z,NL,13993
2024-03-27T08:00Z,NL,14219
2024-03-27T09:00Z,NL,14384
2024-03-27T10:00Z,NL,14359
2024-03-27T11:00Z,NL,14172
2024-03-27T12:00Z,NL,14032
2024-03-27T13:00Z,NL,13970
2024-03-27T14:00Z,NL,13880
2024-03-27T15:00Z,NL,14057
2024-03-27T16:00Z,NL,14508
2024-03-27T17:00Z,NL,14576
2024-03-27T18:00Z,NL,14170
2024-03-27T19:00Z,NL,13585
2024-03-27T20:00Z,NL,12965
2024-03-27T21:00Z,NL,12164
2024-03-27T22:00Z,NL,11262
2024-03-27T23:00Z,NL,10781
2024-03-28T00:00Z,NL,10345
2024-03-28T01:00Z,NL,10099
2024-03-28T02:00Z,NL,10125
2024-03-28T03:00Z,NL,10356
2024-03-28T04:00Z,NL,11201
2024-03-28T05:00Z,NL,12662
2024-03-28T06:00Z,NL,13939
2024-03-28T07:00Z,NL,14537
2024-03-28T08:00Z,NL,14790
2024-03-28T09:00Z,NL,14933
2024-03-28T10:00Z,NL,14906
2024-03-28T11:00Z,NL,14756
2024-03-28T12:00Z,NL,14528
2024-03-28T13:00Z,NL,14379
2024-03-28T14:00Z,NL,14269
2024-03-28T15:00Z,NL,14476
2024-03-28T16:00Z,NL,15006
2024-03-28T17:00Z,NL,15037
2024-03-28T18:00Z,NL,14632
2024-03-28T19:00Z,NL,13987
2024-03-28T20:00Z,NL,13407
2024-03-28T21:00Z,NL,12605
2024-03-28T22:00Z,NL,11722
2024-03-28T23:00Z,NL,10793
2024-03-29T00:00Z,NL,10386
2024-03-29T01:00Z,NL,10120
2024-03-29T02:00Z,NL,10068
2024-03-29T03:00Z,NL,10278
2024-03-29T04:00Z,NL,11148
2024-03-29T05:00Z,NL,12645
2024-03-29T06:00Z,NL,13889
2024-03-29T07:00Z,NL,14449
2024-03-29T08:00Z,NL,14702
2024-03-29T09:00Z,NL,14776
2024-03-29T10:00Z,NL,14776
2024-03-29T11:00Z,NL,14550
2024-03-29T12:00Z,NL,14357
2024-03-29T13:00Z,NL,14165
2024-03-29T14:00Z,NL,14229
2024-03-29T15:00Z,NL,14469
2024-03-29T16:00Z,NL,15022
2024-03-29T17:00Z,NL,15009
2024-03-29T18:00Z,NL,14581
2024-03-29T19:00Z,NL,13955
2024-03-29T20:00Z,NL,13257
2024-03-29T21:00Z,NL,12436
2024-03-29T22:00Z,NL,11467
2024-03-29T23:00Z,NL,10352
2024-03-30T00:00Z,NL,10098
2024-03-30T01:00Z,NL,9969
2024-03-30T02:00Z,NL,10001
2024-03-30T03:00Z,NL,10131
2024-03-30T04:00Z,NL,10576
2024-03-30T05:00Z,NL,11372
2024-03-30T06:00Z,NL,12046
2024-03-30T07:00Z,NL,12331
2024-03-30T08:00Z,NL,12464
2024-03-30T09:00Z,NL,12488
2024-03-30T10:00Z,NL,12490
2024-03-30T11:00Z,NL,12341
2024-03-30T12:00Z,NL,12242
2024-03-30T13:00Z,NL,12252
2024-03-30T14:00Z,NL,12204
2024-03-30T15:00Z,NL,12251
2024-03-30T16:00Z,NL,12460
2024-03-30T17:00Z,NL,12428
2024-03-30T18:00Z,NL,12174
2024-03-30T19:00Z,NL,11933
2024-03-30T20:00Z,NL,11582
2024-03-30T21:00Z,NL,11162
2024-03-30T22:00Z,NL,10659
2024-03-30T23:00Z,NL,9389
2024-03-31T00:00Z,NL,9254
2024-03-31T01:00Z,NL,9111
2024-03-31T02:00Z,NL,9225
2024-03-31T03:00Z,NL,9651
2024-03-31T04:00Z,NL,10406
2024-03-31T05:00Z,NL,10998
2024-03-31T06:00Z,NL,11325
2024-03-31T07:00Z,NL,11431
2024-03-31T08:00Z,NL,11464
2024-03-31T09:00Z,NL,11428
2024-03-31T10:00Z,NL,11405
2024-03-31T11:00Z,NL,11371
2024-03-31T12:00Z,NL,11285
2024-03-31T13:00Z,NL,11304
2024-03-31T14:00Z,NL,11367
2024-03-31T15:00Z,NL,11577
2024-03-31T16:00Z,NL,11587
2024-03-31T17:00Z,NL,11390
2024-03-31T18:00Z,NL,11035
2024-03-31T19:00Z,NL,10727
2024-03-31T20:00Z,NL,10332
2024-03-31T21:00Z,NL,9839
2024-03-31T22:00Z,NL,9336
2024-03-31T23:00Z,NL,9112
2024-04-01T00:00Z,NL,9012
2024-04-01T01:00Z,NL,9017
2024-04-01T02:00Z,NL,9119
2024-04-01T03:00Z,NL,9482
2024-04-01T04:00Z,NL,10200
2024-04-01T05:00Z,NL,10861
2024-04-01T06:00Z,NL,11155
2024-04-01T07:00Z,NL,11265
2024-04-01T08:00Z,NL,11333
2024-04-01T09:00Z,NL,11329
2024-04-01T10:00Z,NL,11214
2024-04-01T11:00Z,NL,11070
2024-04-01T12:00Z,NL,10976
2024-04-01T13:00Z,NL,10959
2024-04-01T14:00Z,NL,11110
2024-04-01T15:00Z,NL,11323
2024-04-01T16:00Z,NL,11342
2024-04-01T17:00Z,NL,11185
2024-04-01T18:00Z,NL,10910
2024-04-01T19:00Z,NL,10548
2024-04-01T20:00Z,NL,10114
2024-04-01T21:00Z,NL,9642
2024-04-01T22:00Z,NL,10658
2024-04-01T23:00Z,NL,10285
2024-04-02T00:00Z,NL,10018
2024-04-02T01:00Z,NL,9983
2024-04-02T02:00Z,NL,10137
2024-04-02T03:00Z,NL,10980
2024-04-02T04:00Z,NL,12444
2024-04-02T05:00Z,NL,13731
2024-04-02T06:00Z,NL,14383
2024-04-02T07:00Z,NL,14678
2024-04-02T08:00Z,NL,14744
2024-04-02T09:00Z,NL,14798
2024-04-02T10:00Z,NL,14655
2024-04-02T11:00Z,NL,14510
2024-04-02T12:00Z,NL,14375
2024-04-02T13:00Z,NL,14405
2024-04-02T14:00Z,NL,14571
2024-04-02T15:00Z,NL,14983
2024-04-02T16:00Z,NL,15043
2024-04-02T17:00Z,NL,14519
2024-04-02T18:00Z,NL,13865
2024-04-02T19:00Z,NL,13203
2024-04-02T20:00Z,NL,12418
2024-04-02T21:00Z,NL,11502
2024-04-02T22:00Z,NL,10999
2024-04-02T23:00Z,NL,10655
2024-04-03T00:00Z,NL,10380
2024-04-03T01:00Z,NL,10334
2024-04-03T02:00Z,NL,10547
2024-04-03T03:00Z,NL,11406
2024-04-03T04:00Z,NL,12882
2024-04-03T05:00Z,NL,14168
2024-04-03T06:00Z,NL,14762
2024-04-03T07:00Z,NL,15083
2024-04-03T08:00Z,NL,15168
2024-04-03T09:00Z,NL,15164
2024-04-03T10:00Z,NL,14963
2024-04-03T11:00Z,NL,14848
2024-04-03T12:00Z,NL,14652
2024-04-03T13:00Z,NL,14661
2024-04-03T14:00Z,NL,14854
2024-04-03T15:00Z,NL,15306
2024-04-03T16:00Z,NL,15349
2024-04-03T17:00Z,NL,14883
2024-04-03T18:00Z,NL,14335
2024-04-03T19:00Z,NL,13671
2024-04-03T20:00Z,NL,12772
2024-04-03T21:00Z,NL,11830
2024-04-03T22:00Z,NL,10924
2024-04-03T23:00Z,NL,10545
2024-04-04T00:00Z,NL,10288
2024-04-04T01:00Z,NL,10249
2024-04-04T02:00Z,NL,10491
2024-04-04T03:00Z,NL,11341
2024-04-04T04:00Z,NL,12777
2024-04-04T05:00Z,NL,14153
2024-04-04T06:00Z,NL,14748
2024-04-04T07:00Z,NL,15035
2024-04-04T08:00Z,NL,15216
2024-04-04T09:00Z,NL,15107
2024-04-04T10:00Z,NL,14921
2024-04-04T11:00Z,NL,14756
2024-04-04T12:00Z,NL,14640
2024-04-04T13:00Z,NL,14617
2024-04-04T14:00Z,NL,14722
2024-04-04T15:00Z,NL,15193
2024-04-04T16:00Z,NL,15218
2024-04-04T17:00Z,NL,14739
2024-04-04T18:00Z,NL,14134
2024-04-04T19:00Z,NL,13536
2024-04-04T20:00Z,NL,12676
2024-04-04T21:00Z,NL,11752
2024-04-04T22:00Z,NL,10829
2024-04-04T23:00Z,NL,10408
2024-04-05T00:00Z,NL,10170
2024-04-05T01:00Z,NL,10073
2024-04-05T02:00Z,NL,10308
2024-04-05T03:00Z,NL,11089
2024-04-05T04:00Z,NL,12531
2024-04-05T05:00Z,NL,13814
2024-04-05T06:00Z,NL,14437
2024-04-05T07:00Z,NL,14676
2024-04-05T08:00Z,NL,14819
2024-04-05T09:00Z,NL,14818
2024-04-05T10:00Z,NL,14692
2024-04-05T11:00Z,NL,14578
2024-04-05T12:00Z,NL,14464
2024-04-05T13:00Z,NL,14421
2024-04-05T14:00Z,NL,14550
2024-04-05T15:00Z,NL,14950
2024-04-05T16:00Z,NL,14990
2024-04-05T17:00Z,NL,14608
2024-04-05T18:00Z,NL,14065
2024-04-05T19:00Z,NL,13380
2024-04-05T20:00Z,NL,12465
2024-04-05T21:00Z,NL,11553
2024-04-05T22:00Z,NL,10262
2024-04-05T23:00Z,NL,10102
2024-04-06T00:00Z,NL,9978
2024-04-06T01:00Z,NL,9917
2024-04-06T02:00Z,NL,10038
2024-04-06T03:00Z,NL,10458
2024-04-06T04:00Z,NL,11248
2024-04-06T05:00Z,NL,11910
2024-04-06T06:00Z,NL,12158
2024-04-06T07:00Z,NL,12316
2024-04-06T08:00Z,NL,12413
2024-04-06T09:00Z,NL,12441
2024-04-06T10:00Z,NL,12454
2024-04-06T11:00Z,NL,12413
2024-04-06T12:00Z,NL,12258
2024-04-06T13:00Z,NL,12234
2024-04-06T14:00Z,NL,12334
2024-04-06T15:00Z,NL,12548
2024-04-06T16:00Z,NL,12514
2024-04-06T17:00Z,NL,12306
2024-04-06T18:00Z,NL,11938
2024-04-06T19:00Z,NL,11678
2024-04-06T20:00Z,NL,11226
2024-04-06T21:00Z,NL,10761
2024-04-06T22:00Z,NL,9340
2024-04-06T23:00Z,NL,9165
2024-04-07T00:00Z,NL,9016
2024-04-07T01:00Z,NL,8986
2024-04-07T02:00Z,NL,9083
2024-04-07T03:00Z,NL,9448
2024-04-07T04:00Z,NL,10162
2024-04-07T05:00Z,NL,10828
2024-04-07T06:00Z,NL,11100
2024-04-07T07:00Z,NL,11204
2024-04-07T08:00Z,NL,11410
2024-04-07T09:00Z,NL,11421
2024-04-07T10:00Z,NL,11346
2024-04-07T11:00Z,NL,11220
2024-04-07T12:00Z,NL,11113
2024-04-07T13:00Z,NL,11062
2024-04-07T14:00Z,NL,11056
2024-04-07T15:00Z,NL,11255
2024-04-07T16:00Z,NL,11292
2024-04-07T17:00Z,NL,11074
2024-04-07T18:00Z,NL,10828
2024-04-07T19:00Z,NL,10555
2024-04-07T20:00Z,NL,10102
2024-04-07T21:00Z,NL,9699
2024-04-07T22:00Z,NL,10741
2024-04-07T23:00Z,NL,10321
2024-04-08T00:00Z,NL,10078
2024-04-08T01:00Z,NL,10064
2024-04-08T02:00Z,NL,10286
2024-04-08T03:00Z,NL,11127
2024-04-08T04:00Z,NL,12489
2024-04-08T05:00Z,NL,13785
2024-04-08T06:00Z,NL,14353
2024-04-08T07:00Z,NL,14704
2024-04-08T08:00Z,NL,14873
2024-04-08T09:00Z,NL,14799
2024-04-08T10:00Z,NL,14749
2024-04-08T11:00Z,NL,14617
2024-04-08T12:00Z,NL,14458
2024-04-08T13:00Z,NL,14358
2024-04-08T14:00Z,NL,14442
2024-04-08T15:00Z,NL,14837
2024-04-08T16:00Z,NL,14894
2024-04-08T17:00Z,NL,14474
2024-04-08T18:00Z,NL,13946
2024-04-08T19:00Z,NL,13309
2024-04-08T20:00Z,NL,12488
2024-04-08T21:00Z,NL,11575
2024-04-08T22:00Z,NL,10709
2024-04-08T23:00Z,NL,10330
2024-04-09T00:00Z,NL,10088
2024-04-09T01:00Z,NL,9981
2024-04-09T02:00Z,NL,10213
2024-04-09T03:00Z,NL,11049
2024-04-09T04:00Z,NL,12422
2024-04-09T05:00Z,NL,13703
2024-04-09T06:00Z,NL,14321
2024-04-09T07:00Z,NL,14622
2024-04-09T08:00Z,NL,14798
2024-04-09T09:00Z,NL,14749
2024-04-09T10:00Z,NL,14621
2024-04-09T11:00Z,NL,14484
2024-04-09T12:00Z,NL,14350
2024-04-09T13:00Z,NL,14366
2024-04-09T14:00Z,NL,14487
2024-04-09T15:00Z,NL,14883
2024-04-09T16:00Z,NL,14900
2024-04-09T17:00Z,NL,14462
2024-04-09T18:00Z,NL,13905
2024-04-09T19:00Z,NL,13306
2024-04-09T20:00Z,NL,12419
2024-04-09T21:00Z,NL,11555
2024-04-09T22:00Z,NL,10464
2024-04-09T23:00Z,NL,10114
2024-04-10T00:00Z,NL,9865
2024-04-10T01:00Z,NL,9791
2024-04-10T02:00Z,NL,9967
2024-04-10T03:00Z,NL,10747
2024-04-10T04:00Z,NL,12126
2024-04-10T05:00Z,NL,13411
2024-04-10T06:00Z,NL,13968
2024-04-10T07:00Z,NL,14272
2024-04-10T08:00Z,NL,14412
2024-04-10T09:00Z,NL,14367
2024-04-10T10:00Z,NL,14216
2024-04-10T11:00Z,NL,14126
2024-04-10T12:00Z,NL,13971
2024-04-10T13:00Z,NL,13864
2024-04-10T14:00Z,NL,14053
2024-04-10T15:00Z,NL,14412
2024-04-10T16:00Z,NL,14398
2024-04-10T17:00Z,NL,14051
2024-04-10T18:00Z,NL,13596
2024-04-10T19:00Z,NL,12925
2024-04-10T20:00Z,NL,12135
2024-04-10T21:00Z,NL,11283
2024-04-10T22:00Z,NL,10263
2024-04-10T23:00Z,NL,9836
2024-04-11T00:00Z,NL,9638
2024-04-11T01:00Z,NL,9592
2024-04-11T02:00Z,NL,9746
2024-04-11T03:00Z,NL,10488
2024-04-11T04:00Z,NL,11803
2024-04-11T05:00Z,NL,13064
2024-04-11T06:00Z,NL,13652
2024-04-11T07:00Z,NL,13976
2024-04-11T08:00Z,NL,14040
2024-04-11T09:00Z,NL,14044
2024-04-11T10:00Z,NL,13944
2024-04-11T11:00Z,NL,13790
2024-04-11T12:00Z,NL,13684
2024-04-11T13:00Z,NL,13596
2024-04-11T14:00Z,NL,13675
2024-04-11T15:00Z,NL,14013
2024-04-11T16:00Z,NL,14051
2024-04-11T17:00Z,NL,13669
2024-04-11T18:00Z,NL,13193
2024-04-11T19:00Z,NL,12652
2024-04-11T20:00Z,NL,11912
2024-04-11T21:00Z,NL,11029
2024-04-11T22:00Z,NL,10267
2024-04-11T23:00Z,NL,9874
2024-04-12T00:00Z,NL,9642
2024-04-12T01:00Z,NL,9558
2024-04-12T02:00Z,NL,9723
2024-04-12T03:00Z,NL,10532
2024-04-12T04:00Z,NL,11878
2024-04-12T05:00Z,NL,13048
2024-04-12T06:00Z,NL,13656
2024-04-12T07:00Z,NL,13995
2024-04-12T08:00Z,NL,14120
2024-04-12T09:00Z,NL,14159
2024-04-12T10:00Z,NL,13913
2024-04-12T11:00Z,NL,13703
2024-04-12T12:00Z,NL,13634
2024-04-12T13:00Z,NL,13505
2024-04-12T14:00Z,NL,13691
2024-04-12T15:00Z,NL,14090
2024-04-12T16:00Z,NL,14135
2024-04-12T17:00Z,NL,13757
2024-04-12T18:00Z,NL,13185
2024-04-12T19:00Z,NL,12621
2024-04-12T20:00Z,NL,11877
2024-04-12T21:00Z,NL,10981
2024-04-12T22:00Z,NL,9894
2024-04-12T23:00Z,NL,9709
2024-04-13T00:00Z,NL,9582
2024-04-13T01:00Z,NL,9572
2024-04-13T02:00Z,NL,9666
2024-04-13T03:00Z,NL,10056
2024-04-13T04:00Z,NL,10713
2024-04-13T05:00Z,NL,11398
2024-04-13T06:00Z,NL,11774
2024-04-13T07:00Z,NL,11939
2024-04-13T08:00Z,NL,11994
2024-04-13T09:00Z,NL,11971
2024-04-13T10:00Z,NL,11892
2024-04-13T11:00Z,NL,11746
2024-04-13T12:00Z,NL,11713
2024-04-13T13:00Z,NL,11692
2024-04-13T14:00Z,NL,11759
2024-04-13T15:00Z,NL,11915
2024-04-13T16:00Z,NL,11906
2024-04-13T17:00Z,NL,11789
2024-04-13T18:00Z,NL,11493
2024-04-13T19:00Z,NL,11244
2024-04-13T20:00Z,NL,10827
2024-04-13T21:00Z,NL,10351
2024-04-13T22:00Z,NL,8995
2024-04-13T23:00Z,NL,8772
2024-04-14T00:00Z,NL,8683
2024-04-14T01:00Z,NL,8664
2024-04-14T02:00Z,NL,8750
2024-04-14T03:00Z,NL,9103
2024-04-14T04:00Z,NL,9724
2024-04-14T05:00Z,NL,10279
2024-04-14T06:00Z,NL,10650
2024-04-14T07:00Z,NL,10802
2024-04-14T08:00Z,NL,10918
2024-04-14T09:00Z,NL,10901
2024-04-14T10:00Z,NL,10854
2024-04-14T11:00Z,NL,10854
2024-04-14T12:00Z,NL,10701
2024-04-14T13:00Z,NL,10721
2024-04-14T14:00Z,NL,10751
2024-04-14T15:00Z,NL,10894
2024-04-14T16:00Z,NL,10894
2024-04-14T17:00Z,NL,10735
2024-04-14T18:00Z,NL,10529
2024-04-14T19:00Z,NL,10181
2024-04-14T20:00Z,NL,9810
2024-04-14T21:00Z,NL,9376
2024-04-14T22:00Z,NL,10516
2024-04-14T23:00Z,NL,10085
2024-04-15T00:00Z,NL,9877
2024-04-15T01:00Z,NL,9713
2024-04-15T02:00Z,NL,9917
2024-04-15T03:00Z,NL,10714
2024-04-15T04:00Z,NL,12082
2024-04-15T05:00Z,NL,13316
2024-04-15T06:00Z,NL,13991
2024-04-15T07:00Z,NL,14287
2024-04-15T08:00Z,NL,14398
2024-04-15T09:00Z,NL,14423
2024-04-15T10:00Z,NL,14313
2024-04-15T11:00Z,NL,14196
2024-04-15T12:00Z,NL,14085
2024-04-15T13:00Z,NL,14045
2024-04-15T14:00Z,NL,14191
2024-04-15T15:00Z,NL,14490
2024-04-15T16:00Z,NL,14467
2024-04-15T17:00Z,NL,14090
2024-04-15T18:00Z,NL,13588
2024-04-15T19:00Z,NL,12997
2024-04-15T20:00Z,NL,12247
2024-04-15T21:00Z,NL,11325
2024-04-15T22:00Z,NL,10586
2024-04-15T23:00Z,NL,10207
2024-04-16T00:00Z,NL,9901
2024-04-16T01:00Z,NL,9800
2024-04-16T02:00Z,NL,10029
2024-04-16T03:00Z,NL,10855
2024-04-16T04:00Z,NL,12291
2024-04-16T05:00Z,NL,13471
2024-04-16T06:00Z,NL,14053
2024-04-16T07:00Z,NL,14413
2024-04-16T08:00Z,NL,14471
2024-04-16T09:00Z,NL,14472
2024-04-16T10:00Z,NL,14399
2024-04-16T11:00Z,NL,14254
2024-04-16T12:00Z,NL,14216
2024-04-16T13:00Z,NL,14126
2024-04-16T14:00Z,NL,14248
2024-04-16T15:00Z,NL,14464
2024-04-16T16:00Z,NL,14442
2024-04-16T17:00Z,NL,14077
2024-04-16T18:00Z,NL,13615
2024-04-16T19:00Z,NL,13075
2024-04-16T20:00Z,NL,12276
2024-04-16T21:00Z,NL,11376
2024-04-16T22:00Z,NL,10594
2024-04-16T23:00Z,NL,10176
2024-04-17T00:00Z,NL,9926
2024-04-17T01:00Z,NL,9886
2024-04-17T02:00Z,NL,10094
2024-04-17T03:00Z,NL,10885
2024-04-17T04:00Z,NL,12227
2024-04-17T05:00Z,NL,13497
2024-04-17T06:00Z,NL,14112
2024-04-17T07:00Z,NL,14364
2024-04-17T08:00Z,NL,14539
2024-04-17T09:00Z,NL,14557
2024-04-17T10:00Z,NL,14348
2024-04-17T11:00Z,NL,14271
2024-04-17T12:00Z,NL,14180
2024-04-17T13:00Z,NL,14179
2024-04-17T14:00Z,NL,14337
2024-04-17T15:00Z,NL,14634
2024-04-17T16:00Z,NL,14610
2024-04-17T17:00Z,NL,14172
2024-04-17T18:00Z,NL,13602
2024-04-17T19:00Z,NL,12991
2024-04-17T20:00Z,NL,12216
2024-04-17T21:00Z,NL,11269
2024-04-17T22:00Z,NL,10708
2024-04-17T23:00Z,NL,10323
2024-04-18T00:00Z,NL,10045
2024-04-18T01:00Z,NL,9983
2024-04-18T02:00Z,NL,10167
2024-04-18T03:00Z,NL,10981
2024-04-18T04:00Z,NL,12379
2024-04-18T05:00Z,NL,13677
2024-04-18T06:00Z,NL,14364
2024-04-18T07:00Z,NL,14660
2024-04-18T08:00Z,NL,14791
2024-04-18T09:00Z,NL,14798
2024-04-18T10:00Z,NL,14695
2024-04-18T11:00Z,NL,14586
2024-04-18T12:00Z,NL,14479
2024-04-18T13:00Z,NL,14393
2024-04-18T14:00Z,NL,14531
2024-04-18T15:00Z,NL,14830
2024-04-18T16:00Z,NL,14833
2024-04-18T17:00Z,NL,14409
2024-04-18T18:00Z,NL,13851
2024-04-18T19:00Z,NL,13265
2024-04-18T20:00Z,NL,12547
2024-04-18T21:00Z,NL,11708
2024-04-18T22:00Z,NL,10967
2024-04-18T23:00Z,NL,10542
2024-04-19T00:00Z,NL,10231
2024-04-19T01:00Z,NL,10158
2024-04-19T02:00Z,NL,10312
2024-04-19T03:00Z,NL,11075
2024-04-19T04:00Z,NL,12555
2024-04-19T05:00Z,NL,13857
2024-04-19T06:00Z,NL,14539
2024-04-19T07:00Z,NL,14881
2024-04-19T08:00Z,NL,15042
2024-04-19T09:00Z,NL,14956
2024-04-19T10:00Z,NL,14896
2024-04-19T11:00Z,NL,14726
2024-04-19T12:00Z,NL,14585
2024-04-19T13:00Z,NL,14503
2024-04-19T14:00Z,NL,14676
2024-04-19T15:00Z,NL,15042
2024-04-19T16:00Z,NL,14992
2024-04-19T17:00Z,NL,14593
2024-04-19T18:00Z,NL,14110
2024-04-19T19:00Z,NL,13499
2024-04-19T20:00Z,NL,12715
2024-04-19T21:00Z,NL,11746
2024-04-19T22:00Z,NL,10495
2024-04-19T23:00Z,NL,10276
2024-04-20T00:00Z,NL,10145
2024-04-20T01:00Z,NL,10111
2024-04-20T02:00Z,NL,10239
2024-04-20T03:00Z,NL,10683
2024-04-20T04:00Z,NL,11424
2024-04-20T05:00Z,NL,12097
2024-04-20T06:00Z,NL,12497
2024-04-20T07:00Z,NL,12662
2024-04-20T08:00Z,NL,12597
2024-04-20T09:00Z,NL,12729
2024-04-20T10:00Z,NL,12643
2024-04-20T11:00Z,NL,12560
2024-04-20T12:00Z,NL,12539
2024-04-20T13:00Z,NL,12525
2024-04-20T14:00Z,NL,12611
2024-04-20T15:00Z,NL,12751
2024-04-20T16:00Z,NL,12738
2024-04-20T17:00Z,NL,12520
2024-04-20T18:00Z,NL,12265
2024-04-20T19:00Z,NL,11938
2024-04-20T20:00Z,NL,11506
2024-04-20T21:00Z,NL,11021
2024-04-20T22:00Z,NL,9518
2024-04-20T23:00Z,NL,9272
2024-04-21T00:00Z,NL,9141
2024-04-21T01:00Z,NL,9027
2024-04-21T02:00Z,NL,9118
2024-04-21T03:00Z,NL,9460
2024-04-21T04:00Z,NL,10124
2024-04-21T05:00Z,NL,10699
2024-04-21T06:00Z,NL,11066
2024-04-21T07:00Z,NL,11232
2024-04-21T08:00Z,NL,11370
2024-04-21T09:00Z,NL,11362
2024-04-21T10:00Z,NL,11298
2024-04-21T11:00Z,NL,11290
2024-04-21T12:00Z,NL,11266
2024-04-21T13:00Z,NL,11187
2024-04-21T14:00Z,NL,11244
2024-04-21T15:00Z,NL,11308
2024-04-21T16:00Z,NL,11291
2024-04-21T17:00Z,NL,11122
2024-04-21T18:00Z,NL,10841
2024-04-21T19:00Z,NL,10601
2024-04-21T20:00Z,NL,10227
2024-04-21T21:00Z,NL,9765
2024-04-21T22:00Z,NL,10871
2024-04-21T23:00Z,NL,10470
2024-04-22T00:00Z,NL,10233
2024-04-22T01:00Z,NL,10207
2024-04-22T02:00Z,NL,10400
2024-04-22T03:00Z,NL,11174
2024-04-22T04:00Z,NL,12511
2024-04-22T05:00Z,NL,13756
2024-04-22T06:00Z,NL,14431
2024-04-22T07:00Z,NL,14843
2024-04-22T08:00Z,NL,15016
2024-04-22T09:00Z,NL,15006
2024-04-22T10:00Z,NL,14892
2024-04-22T11:00Z,NL,14760
2024-04-22T12:00Z,NL,14573
2024-04-22T13:00Z,NL,14486
2024-04-22T14:00Z,NL,14588
2024-04-22T15:00Z,NL,14855
2024-04-22T16:00Z,NL,14815
2024-04-22T17:00Z,NL,14463
2024-04-22T18:00Z,NL,13969
2024-04-22T19:00Z,NL,13392
2024-04-22T20:00Z,NL,12651
2024-04-22T21:00Z,NL,11758
2024-04-22T22:00Z,NL,10745
2024-04-22T23:00Z,NL,10355
2024-04-23T00:00Z,NL,10162
2024-04-23T01:00Z,NL,10066
2024-04-23T02:00Z,NL,10246
2024-04-23T03:00Z,NL,10986
2024-04-23T04:00Z,NL,12370
2024-04-23T05:00Z,NL,13643
2024-04-23T06:00Z,NL,14346
2024-04-23T07:00Z,NL,14682
2024-04-23T08:00Z,NL,14875
2024-04-23T09:00Z,NL,14846
2024-04-23T10:00Z,NL,14729
2024-04-23T11:00Z,NL,14590
2024-04-23T12:00Z,NL,14440
2024-04-23T13:00Z,NL,14424
2024-04-23T14:00Z,NL,14478
2024-04-23T15:00Z,NL,14701
2024-04-23T16:00Z,NL,14710
2024-04-23T17:00Z,NL,14263
2024-04-23T18:00Z,NL,13716
2024-04-23T19:00Z,NL,13169
2024-04-23T20:00Z,NL,12331
2024-04-23T21:00Z,NL,11442
2024-04-23T22:00Z,NL,10499
2024-04-23T23:00Z,NL,10120
2024-04-24T00:00Z,NL,9938
2024-04-24T01:00Z,NL,9855
2024-04-24T02:00Z,NL,10055
2024-04-24T03:00Z,NL,10928
2024-04-24T04:00Z,NL,12254
2024-04-24T05:00Z,NL,13457
2024-04-24T06:00Z,NL,14085
2024-04-24T07:00Z,NL,14432
2024-04-24T08:00Z,NL,14606
2024-04-24T09:00Z,NL,14607
2024-04-24T10:00Z,NL,14530
2024-04-24T11:00Z,NL,14329
2024-04-24T12:00Z,NL,14238
2024-04-24T13:00Z,NL,14173
2024-04-24T14:00Z,NL,14309
2024-04-24T15:00Z,NL,14530
2024-04-24T16:00Z,NL,14462
2024-04-24T17:00Z,NL,14136
2024-04-24T18:00Z,NL,13651
2024-04-24T19:00Z,NL,13074
2024-04-24T20:00Z,NL,12325
2024-04-24T21:00Z,NL,11378
2024-04-24T22:00Z,NL,10438
2024-04-24T23:00Z,NL,10020
2024-04-25T00:00Z,NL,9817
2024-04-25T01:00Z,NL,9736
2024-04-25T02:00Z,NL,9963
2024-04-25T03:00Z,NL,10640
2024-04-25T04:00Z,NL,11920
2024-04-25T05:00Z,NL,13173
2024-04-25T06:00Z,NL,13835
2024-04-25T07:00Z,NL,14170
2024-04-25T08:00Z,NL,14328
2024-04-25T09:00Z,NL,14370
2024-04-25T10:00Z,NL,14275
2024-04-25T11:00Z,NL,14172
2024-04-25T12:00Z,NL,14079
2024-04-25T13:00Z,NL,13995
2024-04-25T14:00Z,NL,14046
2024-04-25T15:00Z,NL,14298
2024-04-25T16:00Z,NL,14323
2024-04-25T17:00Z,NL,13902
2024-04-25T18:00Z,NL,13415
2024-04-25T19:00Z,NL,12852
2024-04-25T20:00Z,NL,12073
2024-04-25T21:00Z,NL,11205
2024-04-25T22:00Z,NL,10277
2024-04-25T23:00Z,NL,9916
2024-04-26T00:00Z,NL,9676
2024-04-26T01:00Z,NL,9567
2024-04-26T02:00Z,NL,9762
2024-04-26T03:00Z,NL,10496
2024-04-26T04:00Z,NL,11786
2024-04-26T05:00Z,NL,12948
2024-04-26T06:00Z,NL,13549
2024-04-26T07:00Z,NL,13985
2024-04-26T08:00Z,NL,14163
2024-04-26T09:00Z,NL,14192
2024-04-26T10:00Z,NL,14100
2024-04-26T11:00Z,NL,13960
2024-04-26T12:00Z,NL,13883
2024-04-26T13:00Z,NL,13782
2024-04-26T14:00Z,NL,13765
2024-04-26T15:00Z,NL,14011
2024-04-26T16:00Z,NL,14024
2024-04-26T17:00Z,NL,13683
2024-04-26T18:00Z,NL,13245
2024-04-26T19:00Z,NL,12686
2024-04-26T20:00Z,NL,11997
2024-04-26T21:00Z,NL,11068
2024-04-26T22:00Z,NL,9877
2024-04-26T23:00Z,NL,9652
2024-04-27T00:00Z,NL,9510
2024-04-27T01:00Z,NL,9442
2024-04-27T02:00Z,NL,9541
2024-04-27T03:00Z,NL,9909
2024-04-27T04:00Z,NL,10617
2024-04-27T05:00Z,NL,11282
2024-04-27T06:00Z,NL,11633
2024-04-27T07:00Z,NL,11846
2024-04-27T08:00Z,NL,11968
2024-04-27T09:00Z,NL,11904
2024-04-27T10:00Z,NL,11885
2024-04-27T11:00Z,NL,11853
2024-04-27T12:00Z,NL,11770
2024-04-27T13:00Z,NL,11733
2024-04-27T14:00Z,NL,11731
2024-04-27T15:00Z,NL,11882
2024-04-27T16:00Z,NL,11904
2024-04-27T17:00Z,NL,11691
2024-04-27T18:00Z,NL,11435
2024-04-27T19:00Z,NL,11220
2024-04-27T20:00Z,NL,10845
2024-04-27T21:00Z,NL,10313
2024-04-27T22:00Z,NL,8993
2024-04-27T23:00Z,NL,8795
2024-04-28T00:00Z,NL,8707
2024-04-28T01:00Z,NL,8621
2024-04-28T02:00Z,NL,8718
2024-04-28T03:00Z,NL,9011
2024-04-28T04:00Z,NL,9609
2024-04-28T05:00Z,NL,10234
2024-04-28T06:00Z,NL,10520
2024-04-28T07:00Z,NL,10738
2024-04-28T08:00Z,NL,10788
2024-04-28T09:00Z,NL,10845
2024-04-28T10:00Z,NL,10816
2024-04-28T11:00Z,NL,10792
2024-04-28T12:00Z,NL,10733
2024-04-28T13:00Z,NL,10701
2024-04-28T14:00Z,NL,10715
2024-04-28T15:00Z,NL,10811
2024-04-28T16:00Z,NL,10803
2024-04-28T17:00Z,NL,10576
2024-04-28T18:00Z,NL,10343
2024-04-28T19:00Z,NL,10110
2024-04-28T20:00Z,NL,9787
2024-04-28T21:00Z,NL,9295
2024-04-28T22:00Z,NL,10602
2024-04-28T23:00Z,NL,10224
2024-04-29T00:00Z,NL,9992
2024-04-29T01:00Z,NL,9865
2024-04-29T02:00Z,NL,10083
2024-04-29T03:00Z,NL,10850
2024-04-29T04:00Z,NL,12230
2024-04-29T05:00Z,NL,13503
2024-04-29T06:00Z,NL,14194
2024-04-29T07:00Z,NL,14568
2024-04-29T08:00Z,NL,14608
2024-04-29T09:00Z,NL,14707
2024-04-29T10:00Z,NL,14664
2024-04-29T11:00Z,NL,14537
2024-04-29T12:00Z,NL,14374
2024-04-29T13:00Z,NL,14229
2024-04-29T14:00Z,NL,14302
2024-04-29T15:00Z,NL,14603
2024-04-29T16:00Z,NL,14588
2024-04-29T17:00Z,NL,14155
2024-04-29T18:00Z,NL,13622
2024-04-29T19:00Z,NL,13121
2024-04-29T20:00Z,NL,12394
2024-04-29T21:00Z,NL,11580
2024-04-29T22:00Z,NL,10705
2024-04-29T23:00Z,NL,10261
2024-04-30T00:00Z,NL,9988
2024-04-30T01:00Z,NL,9898
2024-04-30T02:00Z,NL,10069
2024-04-30T03:00Z,NL,10852
2024-04-30T04:00Z,NL,12145
2024-04-30T05:00Z,NL,13414
2024-04-30T06:00Z,NL,14110
2024-04-30T07:00Z,NL,14498
2024-04-30T08:00Z,NL,14653
2024-04-30T09:00Z,NL,14724
2024-04-30T10:00Z,NL,14567
2024-04-30T11:00Z,NL,14471
2024-04-30T12:00Z,NL,14289
2024-04-30T13:00Z,NL,14186
2024-04-30T14:00Z,NL,14276
2024-04-30T15:00Z,NL,14491
2024-04-30T16:00Z,NL,14432
2024-04-30T17:00Z,NL,14085
2024-04-30T18:00Z,NL,13545
2024-04-30T19:00Z,NL,12991
2024-04-30T20:00Z,NL,12275
2024-04-30T21:00Z,NL,11377
2024-04-30T22:00Z,NL,10372
2024-04-30T23:00Z,NL,10021
2024-05-01T00:00Z,NL,9737
2024-05-01T01:00Z,NL,9602
2024-05-01T02:00Z,NL,9791
2024-05-01T03:00Z,NL,10558
2024-05-01T04:00Z,NL,11856
2024-05-01T05:00Z,NL,13096
2024-05-01T06:00Z,NL,13678
2024-05-01T07:00Z,NL,14137
2024-05-01T08:00Z,NL,14249
2024-05-01T09:00Z,NL,14226
2024-05-01T10:00Z,NL,14127
2024-05-01T11:00Z,NL,13999
2024-05-01T12:00Z,NL,13896
2024-05-01T13:00Z,NL,13820
2024-05-01T14:00Z,NL,13826
2024-05-01T15:00Z,NL,14020
2024-05-01T16:00Z,NL,14027
2024-05-01T17:00Z,NL,13677
2024-05-01T18:00Z,NL,13194
2024-05-01T19:00Z,NL,12683
2024-05-01T20:00Z,NL,11950
2024-05-01T21:00Z,NL,11089
2024-05-01T22:00Z,NL,10344
2024-05-01T23:00Z,NL,9959
2024-05-02T00:00Z,NL,9742
2024-05-02T01:00Z,NL,9606
2024-05-02T02:00Z,NL,9791
2024-05-02T03:00Z,NL,10531
2024-05-02T04:00Z,NL,11730
2024-05-02T05:00Z,NL,12974
2024-05-02T06:00Z,NL,13688
2024-05-02T07:00Z,NL,14076
2024-05-02T08:00Z,NL,14210
2024-05-02T09:00Z,NL,14314
2024-05-02T10:00Z,NL,14218
2024-05-02T11:00Z,NL,14046
2024-05-02T12:00Z,NL,13951
2024-05-02T13:00Z,NL,13816
2024-05-02T14:00Z,NL,13891
2024-05-02T15:00Z,NL,14077
2024-05-02T16:00Z,NL,14034
2024-05-02T17:00Z,NL,13690
2024-05-02T18:00Z,NL,13239
2024-05-02T19:00Z,NL,12721
2024-05-02T20:00Z,NL,12005
2024-05-02T21:00Z,NL,11128
2024-05-02T22:00Z,NL,10374
2024-05-02T23:00Z,NL,9983
2024-05-03T00:00Z,NL,9768
2024-05-03T01:00Z,NL,9638
2024-05-03T02:00Z,NL,9819
2024-05-03T03:00Z,NL,10586
2024-05-03T04:00Z,NL,11839
2024-05-03T05:00Z,NL,12997
2024-05-03T06:00Z,NL,13708
2024-05-03T07:00Z,NL,14152
2024-05-03T08:00Z,NL,14314
2024-05-03T09:00Z,NL,14351
2024-05-03T10:00Z,NL,14237
2024-05-03T11:00Z,NL,13985
2024-05-03T12:00Z,NL,13826
2024-05-03T13:00Z,NL,13820
2024-05-03T14:00Z,NL,13927
2024-05-03T15:00Z,NL,14081
2024-05-03T16:00Z,NL,13997
2024-05-03T17:00Z,NL,13619
2024-05-03T18:00Z,NL,13177
2024-05-03T19:00Z,NL,12740
2024-05-03T20:00Z,NL,12052
2024-05-03T21:00Z,NL,11165
2024-05-03T22:00Z,NL,9836
2024-05-03T23:00Z,NL,9610
2024-05-04T00:00Z,NL,9477
2024-05-04T01:00Z,NL,9445
2024-05-04T02:00Z,NL,9518
2024-05-04T03:00Z,NL,9866
2024-05-04T04:00Z,NL,10529
2024-05-04T05:00Z,NL,11172
2024-05-04T06:00Z,NL,11496
2024-05-04T07:00Z,NL,11719
2024-05-04T08:00Z,NL,11837
2024-05-04T09:00Z,NL,11869
2024-05-04T10:00Z,NL,11858
2024-05-04T11:00Z,NL,11846
2024-05-04T12:00Z,NL,11789
2024-05-04T13:00Z,NL,11748
2024-05-04T14:00Z,NL,11750
2024-05-04T15:00Z,NL,11840
2024-05-04T16:00Z,NL,11835
2024-05-04T17:00Z,NL,11645
2024-05-04T18:00Z,NL,11390
2024-05-04T19:00Z,NL,11100
2024-05-04T20:00Z,NL,10698
2024-05-04T21:00Z,NL,10225
2024-05-04T22:00Z,NL,8937
2024-05-04T23:00Z,NL,8818
2024-05-05T00:00Z,NL,8701
2024-05-05T01:00Z,NL,8687
2024-05-05T02:00Z,NL,8762
2024-05-05T03:00Z,NL,9117
2024-05-05T04:00Z,NL,9716
2024-05-05T05:00Z,NL,10297
2024-05-05T06:00Z,NL,10640
2024-05-05T07:00Z,NL,10786
2024-05-05T08:00Z,NL,10872
2024-05-05T09:00Z,NL,10855
2024-05-05T10:00Z,NL,10831
2024-05-05T11:00Z,NL,10788
2024-05-05T12:00Z,NL,10788
2024-05-05T13:00Z,NL,10739
2024-05-05T14:00Z,NL,10753
2024-05-05T15:00Z,NL,10814
2024-05-05T16:00Z,NL,10836
2024-05-05T17:00Z,NL,10694
2024-05-05T18:00Z,NL,10463
2024-05-05T19:00Z,NL,10207
2024-05-05T20:00Z,NL,9832
2024-05-05T21:00Z,NL,9384
2024-05-05T22:00Z,NL,10376
2024-05-05T23:00Z,NL,9939
2024-05-06T00:00Z,NL,9701
2024-05-06T01:00Z,NL,9596
2024-05-06T02:00Z,NL,9790
2024-05-06T03:00Z,NL,10538
2024-05-06T04:00Z,NL,11748
2024-05-06T05:00Z,NL,12905
2024-05-06T06:00Z,NL,13591
2024-05-06T07:00Z,NL,13972
2024-05-06T08:00Z,NL,14144
2024-05-06T09:00Z,NL,14208
2024-05-06T10:00Z,NL,14127
2024-05-06T11:00Z,NL,13965
2024-05-06T12:00Z,NL,13847
2024-05-06T13:00Z,NL,13703
2024-05-06T14:00Z,NL,13759
2024-05-06T15:00Z,NL,14004
2024-05-06T16:00Z,NL,13979
2024-05-06T17:00Z,NL,13701
2024-05-06T18:00Z,NL,13284
2024-05-06T19:00Z,NL,12724
2024-05-06T20:00Z,NL,11983
2024-05-06T21:00Z,NL,11082
2024-05-06T22:00Z,NL,10355
2024-05-06T23:00Z,NL,9964
2024-05-07T00:00Z,NL,9700
2024-05-07T01:00Z,NL,9580
2024-05-07T02:00Z,NL,9735
2024-05-07T03:00Z,NL,10429
2024-05-07T04:00Z,NL,11703
2024-05-07T05:00Z,NL,12954
2024-05-07T06:00Z,NL,13704
2024-05-07T07:00Z,NL,14047
2024-05-07T08:00Z,NL,14155
2024-05-07T09:00Z,NL,14323
2024-05-07T10:00Z,NL,14215
2024-05-07T11:00Z,NL,14060
2024-05-07T12:00Z,NL,13963
2024-05-07T13:00Z,NL,13833
2024-05-07T14:00Z,NL,13893
2024-05-07T15:00Z,NL,14080
2024-05-07T16:00Z,NL,13976
2024-05-07T17:00Z,NL,13634
2024-05-07T18:00Z,NL,13208
2024-05-07T19:00Z,NL,12718
2024-05-07T20:00Z,NL,12029
2024-05-07T21:00Z,NL,11088
2024-05-07T22:00Z,NL,10555
2024-05-07T23:00Z,NL,10179
2024-05-08T00:00Z,NL,9873
2024-05-08T01:00Z,NL,9764
2024-05-08T02:00Z,NL,9984
2024-05-08T03:00Z,NL,10662
2024-05-08T04:00Z,NL,11927
2024-05-08T05:00Z,NL,13104
2024-05-08T06:00Z,NL,13833
2024-05-08T07:00Z,NL,14300
2024-05-08T08:00Z,NL,14473
2024-05-08T09:00Z,NL,14492
2024-05-08T10:00Z,NL,14409
2024-05-08T11:00Z,NL,14276
2024-05-08T12:00Z,NL,14193
2024-05-08T13:00Z,NL,14148
2024-05-08T14:00Z,NL,14159
2024-05-08T15:00Z,NL,14359
2024-05-08T16:00Z,NL,14292
2024-05-08T17:00Z,NL,13946
2024-05-08T18:00Z,NL,13477
2024-05-08T19:00Z,NL,13057
2024-05-08T20:00Z,NL,12236
2024-05-08T21:00Z,NL,11283
2024-05-08T22:00Z,NL,9028
2024-05-08T23:00Z,NL,8902
2024-05-09T00:00Z,NL,8783
2024-05-09T01:00Z,NL,8768
2024-05-09T02:00Z,NL,8884
2024-05-09T03:00Z,NL,9237
2024-05-09T04:00Z,NL,9820
2024-05-09T05:00Z,NL,10360
2024-05-09T06:00Z,NL,10627
2024-05-09T07:00Z,NL,10792
2024-05-09T08:00Z,NL,10857
2024-05-09T09:00Z,NL,10907
2024-05-09T10:00Z,NL,10884
2024-05-09T11:00Z,NL,10824
2024-05-09T12:00Z,NL,10746
2024-05-09T13:00Z,NL,10717
2024-05-09T14:00Z,NL,10721
2024-05-09T15:00Z,NL,10835
2024-05-09T16:00Z,NL,10794
2024-05-09T17:00Z,NL,10676
2024-05-09T18:00Z,NL,10476
2024-05-09T19:00Z,NL,10205
2024-05-09T20:00Z,NL,9819
2024-05-09T21:00Z,NL,9460
2024-05-09T22:00Z,NL,10313
2024-05-09T23:00Z,NL,9949
2024-05-10T00:00Z,NL,9703
2024-05-10T01:00Z,NL,9580
2024-05-10T02:00Z,NL,9725
2024-05-10T03:00Z,NL,10477
2024-05-10T04:00Z,NL,11622
2024-05-10T05:00Z,NL,12762
2024-05-10T06:00Z,NL,13464
2024-05-10T07:00Z,NL,13845
2024-05-10T08:00Z,NL,13979
2024-05-10T09:00Z,NL,14043
2024-05-10T10:00Z,NL,14033
2024-05-10T11:00Z,NL,13922
2024-05-10T12:00Z,NL,13779
2024-05-10T13:00Z,NL,13709
2024-05-10T14:00Z,NL,13735
2024-05-10T15:00Z,NL,13880
2024-05-10T16:00Z,NL,13843
2024-05-10T17:00Z,NL,13540
2024-05-10T18:00Z,NL,13094
2024-05-10T19:00Z,NL,12600
2024-05-10T20:00Z,NL,11887
2024-05-10T21:00Z,NL,11039
2024-05-10T22:00Z,NL,9795
2024-05-10T23:00Z,NL,9608
2024-05-11T00:00Z,NL,9472
2024-05-11T01:00Z,NL,9412
2024-05-11T02:00Z,NL,9517
2024-05-11T03:00Z,NL,9855
2024-05-11T04:00Z,NL,10490
2024-05-11T05:00Z,NL,11139
2024-05-11T06:00Z,NL,11528
2024-05-11T07:00Z,NL,11713
2024-05-11T08:00Z,NL,11790
2024-05-11T09:00Z,NL,11832
2024-05-11T10:00Z,NL,11819
2024-05-11T11:00Z,NL,11789
2024-05-11T12:00Z,NL,11750
2024-05-11T13:00Z,NL,11677
2024-05-11T14:00Z,NL,11709
2024-05-11T15:00Z,NL,11816
2024-05-11T16:00Z,NL,11796
2024-05-11T17:00Z,NL,11645
2024-05-11T18:00Z,NL,11429
2024-05-11T19:00Z,NL,11211
2024-05-11T20:00Z,NL,10809
2024-05-11T21:00Z,NL,10325
2024-05-11T22:00Z,NL,9070
2024-05-11T23:00Z,NL,8820
2024-05-12T00:00Z,NL,8666
2024-05-12T01:00Z,NL,8619
2024-05-12T02:00Z,NL,8667
2024-05-12T03:00Z,NL,8989
2024-05-12T04:00Z,NL,9593
2024-05-12T05:00Z,NL,10185
2024-05-12T06:00Z,NL,10517
2024-05-12T07:00Z,NL,10720
2024-05-12T08:00Z,NL,10800
2024-05-12T09:00Z,NL,10877
2024-05-12T10:00Z,NL,10758
2024-05-12T11:00Z,NL,10724
2024-05-12T12:00Z,NL,10641
2024-05-12T13:00Z,NL,10540
2024-05-12T14:00Z,NL,10555
2024-05-12T15:00Z,NL,10592
2024-05-12T16:00Z,NL,10587
2024-05-12T17:00Z,NL,10438
2024-05-12T18:00Z,NL,10290
2024-05-12T19:00Z,NL,9990
2024-05-12T20:00Z,NL,9696
2024-05-12T21:00Z,NL,9275
2024-05-12T22:00Z,NL,10241
2024-05-12T23:00Z,NL,9796
2024-05-13T00:00Z,NL,9540
2024-05-13T01:00Z,NL,9485
2024-05-13T02:00Z,NL,9710
2024-05-13T03:00Z,NL,10381
2024-05-13T04:00Z,NL,11573
2024-05-13T05:00Z,NL,12777
2024-05-13T06:00Z,NL,13498
2024-05-13T07:00Z,NL,13961
2024-05-13T08:00Z,NL,14125
2024-05-13T09:00Z,NL,14227
2024-05-13T10:00Z,NL,14200
2024-05-13T11:00Z,NL,14090
2024-05-13T12:00Z,NL,13945
2024-05-13T13:00Z,NL,13877
2024-05-13T14:00Z,NL,13883
2024-05-13T15:00Z,NL,13983
2024-05-13T16:00Z,NL,13931
2024-05-13T17:00Z,NL,13585
2024-05-13T18:00Z,NL,13205
2024-05-13T19:00Z,NL,12767
2024-05-13T20:00Z,NL,12012
2024-05-13T21:00Z,NL,11099
2024-05-13T22:00Z,NL,10464
2024-05-13T23:00Z,NL,10071
2024-05-14T00:00Z,NL,9809
2024-05-14T01:00Z,NL,9791
2024-05-14T02:00Z,NL,9865
2024-05-14T03:00Z,NL,10581
2024-05-14T04:00Z,NL,11896
2024-05-14T05:00Z,NL,13044
2024-05-14T06:00Z,NL,13730
2024-05-14T07:00Z,NL,14137
2024-05-14T08:00Z,NL,14304
2024-05-14T09:00Z,NL,14415
2024-05-14T10:00Z,NL,14264
2024-05-14T11:00Z,NL,14251
2024-05-14T12:00Z,NL,14079
2024-05-14T13:00Z,NL,13977
2024-05-14T14:00Z,NL,14050
2024-05-14T15:00Z,NL,14130
2024-05-14T16:00Z,NL,14087
2024-05-14T17:00Z,NL,13796
2024-05-14T18:00Z,NL,13458
2024-05-14T19:00Z,NL,12943
2024-05-14T20:00Z,NL,12205
2024-05-14T21:00Z,NL,11312
2024-05-14T22:00Z,NL,10386
2024-05-14T23:00Z,NL,10015
2024-05-15T00:00Z,NL,9758
2024-05-15T01:00Z,NL,9651
2024-05-15T02:00Z,NL,9798
2024-05-15T03:00Z,NL,10472
2024-05-15T04:00Z,NL,11673
2024-05-15T05:00Z,NL,12860
2024-05-15T06:00Z,NL,13553
2024-05-15T07:00Z,NL,13905
2024-05-15T08:00Z,NL,14157
2024-05-15T09:00Z,NL,14292
2024-05-15T10:00Z,NL,14215
2024-05-15T11:00Z,NL,14068
2024-05-15T12:00Z,NL,13896
2024-05-15T13:00Z,NL,13785
2024-05-15T14:00Z,NL,13738
2024-05-15T15:00Z,NL,13861
2024-05-15T16:00Z,NL,13840
2024-05-15T17:00Z,NL,13469
2024-05-15T18:00Z,NL,13066
2024-05-15T19:00Z,NL,12614
2024-05-15T20:00Z,NL,11947
2024-05-15T21:00Z,NL,11090
2024-05-15T22:00Z,NL,10378
2024-05-15T23:00Z,NL,9998
2024-05-16T00:00Z,NL,9697
2024-05-16T01:00Z,NL,9645
2024-05-16T02:00Z,NL,9759
2024-05-16T03:00Z,NL,10478
2024-05-16T04:00Z,NL,11719
2024-05-16T05:00Z,NL,12908
2024-05-16T06:00Z,NL,13574
2024-05-16T07:00Z,NL,14050
2024-05-16T08:00Z,NL,14304
2024-05-16T09:00Z,NL,14304
2024-05-16T10:00Z,NL,14190
2024-05-16T11:00Z,NL,14138
2024-05-16T12:00Z,NL,13978
2024-05-16T13:00Z,NL,13827
2024-05-16T14:00Z,NL,13813
2024-05-16T15:00Z,NL,14016
2024-05-16T16:00Z,NL,13928
2024-05-16T17:00Z,NL,13587
2024-05-16T18:00Z,NL,13213
2024-05-16T19:00Z,NL,12745
2024-05-16T20:00Z,NL,12062
2024-05-16T21:00Z,NL,11147
2024-05-16T22:00Z,NL,10495
2024-05-16T23:00Z,NL,10109
2024-05-17T00:00Z,NL,9875
2024-05-17T01:00Z,NL,9812
2024-05-17T02:00Z,NL,9926
2024-05-17T03:00Z,NL,10591
2024-05-17T04:00Z,NL,11768
2024-05-17T05:00Z,NL,13061
2024-05-17T06:00Z,NL,13733
2024-05-17T07:00Z,NL,14171
2024-05-17T08:00Z,NL,14392
2024-05-17T09:00Z,NL,14509
2024-05-17T10:00Z,NL,14393
2024-05-17T11:00Z,NL,14255
2024-05-17T12:00Z,NL,14060
2024-05-17T13:00Z,NL,13904
2024-05-17T14:00Z,NL,13885
2024-05-17T15:00Z,NL,13998
2024-05-17T16:00Z,NL,13974
2024-05-17T17:00Z,NL,13675
2024-05-17T18:00Z,NL,13305
2024-05-17T19:00Z,NL,12833
2024-05-17T20:00Z,NL,12186
2024-05-17T21:00Z,NL,11319
2024-05-17T22:00Z,NL,10304
2024-05-17T23:00Z,NL,10089
2024-05-18T00:00Z,NL,9932
2024-05-18T01:00Z,NL,9901
2024-05-18T02:00Z,NL,9964
2024-05-18T03:00Z,NL,10317
2024-05-18T04:00Z,NL,11016
2024-05-18T05:00Z,NL,11631
2024-05-18T06:00Z,NL,12043
2024-05-18T07:00Z,NL,12314
2024-05-18T08:00Z,NL,12359
2024-05-18T09:00Z,NL,12404
2024-05-18T10:00Z,NL,12390
2024-05-18T11:00Z,NL,12324
2024-05-18T12:00Z,NL,12264
2024-05-18T13:00Z,NL,12210
2024-05-18T14:00Z,NL,12253
2024-05-18T15:00Z,NL,12297
2024-05-18T16:00Z,NL,12237
2024-05-18T17:00Z,NL,12100
2024-05-18T18:00Z,NL,11905
2024-05-18T19:00Z,NL,11640
2024-05-18T20:00Z,NL,11312
2024-05-18T21:00Z,NL,10791
2024-05-18T22:00Z,NL,9278
2024-05-18T23:00Z,NL,9044
2024-05-19T00:00Z,NL,8914
2024-05-19T01:00Z,NL,8868
2024-05-19T02:00Z,NL,8936
2024-05-19T03:00Z,NL,9274
2024-05-19T04:00Z,NL,9867
2024-05-19T05:00Z,NL,10387
2024-05-19T06:00Z,NL,10717
2024-05-19T07:00Z,NL,10893
2024-05-19T08:00Z,NL,11034
2024-05-19T09:00Z,NL,11007
2024-05-19T10:00Z,NL,10937
2024-05-19T11:00Z,NL,10869
2024-05-19T12:00Z,NL,10871
2024-05-19T13:00Z,NL,10858
2024-05-19T14:00Z,NL,10874
2024-05-19T15:00Z,NL,10925
2024-05-19T16:00Z,NL,10941
2024-05-19T17:00Z,NL,10796
2024-05-19T18:00Z,NL,10655
2024-05-19T19:00Z,NL,10386
2024-05-19T20:00Z,NL,10072
2024-05-19T21:00Z,NL,9630
2024-05-19T22:00Z,NL,9012
2024-05-19T23:00Z,NL,8826
2024-05-20T00:00Z,NL,8696
2024-05-20T01:00Z,NL,8675
2024-05-20T02:00Z,NL,8731
2024-05-20T03:00Z,NL,9075
2024-05-20T04:00Z,NL,9699
2024-05-20T05:00Z,NL,10249
2024-05-20T06:00Z,NL,10595
2024-05-20T07:00Z,NL,10771
2024-05-20T08:00Z,NL,10775
2024-05-20T09:00Z,NL,10851
2024-05-20T10:00Z,NL,10797
2024-05-20T11:00Z,NL,10742
2024-05-20T12:00Z,NL,10694
2024-05-20T13:00Z,NL,10628
2024-05-20T14:00Z,NL,10642
2024-05-20T15:00Z,NL,10652
2024-05-20T16:00Z,NL,10612
2024-05-20T17:00Z,NL,10460
2024-05-20T18:00Z,NL,10278
2024-05-20T19:00Z,NL,10101
2024-05-20T20:00Z,NL,9762
2024-05-20T21:00Z,NL,9267
2024-05-20T22:00Z,NL,10330
2024-05-20T23:00Z,NL,10012
2024-05-21T00:00Z,NL,9804
2024-05-21T01:00Z,NL,9671
2024-05-21T02:00Z,NL,9848
2024-05-21T03:00Z,NL,10558
2024-05-21T04:00Z,NL,11766
2024-05-21T05:00Z,NL,12923
2024-05-21T06:00Z,NL,13736
2024-05-21T07:00Z,NL,14218
2024-05-21T08:00Z,NL,14381
2024-05-21T09:00Z,NL,14480
2024-05-21T10:00Z,NL,14442
2024-05-21T11:00Z,NL,14207
2024-05-21T12:00Z,NL,14107
2024-05-21T13:00Z,NL,14011
2024-05-21T14:00Z,NL,13943
2024-05-21T15:00Z,NL,13985
2024-05-21T16:00Z,NL,13857
2024-05-21T17:00Z,NL,13507
2024-05-21T18:00Z,NL,13108
2024-05-21T19:00Z,NL,12654
2024-05-21T20:00Z,NL,11946
2024-05-21T21:00Z,NL,11022
2024-05-21T22:00Z,NL,10536
2024-05-21T23:00Z,NL,10100
2024-05-22T00:00Z,NL,9870
2024-05-22T01:00Z,NL,9767
2024-05-22T02:00Z,NL,9988
2024-05-22T03:00Z,NL,10710
2024-05-22T04:00Z,NL,11969
2024-05-22T05:00Z,NL,13191
2024-05-22T06:00Z,NL,13884
2024-05-22T07:00Z,NL,14337
2024-05-22T08:00Z,NL,14513
2024-05-22T09:00Z,NL,14638
2024-05-22T10:00Z,NL,14603
2024-05-22T11:00Z,NL,14423
2024-05-22T12:00Z,NL,14248
2024-05-22T13:00Z,NL,14115
2024-05-22T14:00Z,NL,14041
2024-05-22T15:00Z,NL,14143
2024-05-22T16:00Z,NL,14086
2024-05-22T17:00Z,NL,13867
2024-05-22T18:00Z,NL,13465
2024-05-22T19:00Z,NL,12984
2024-05-22T20:00Z,NL,12246
2024-05-22T21:00Z,NL,11295
2024-05-22T22:00Z,NL,10569
2024-05-22T23:00Z,NL,10218
2024-05-23T00:00Z,NL,9942
2024-05-23T01:00Z,NL,9820
2024-05-23T02:00Z,NL,10018
2024-05-23T03:00Z,NL,10725
2024-05-23T04:00Z,NL,12009
2024-05-23T05:00Z,NL,13179
2024-05-23T06:00Z,NL,13923
2024-05-23T07:00Z,NL,14486
2024-05-23T08:00Z,NL,14751
2024-05-23T09:00Z,NL,14844
2024-05-23T10:00Z,NL,14811
2024-05-23T11:00Z,NL,14760
2024-05-23T12:00Z,NL,14602
2024-05-23T13:00Z,NL,14384
2024-05-23T14:00Z,NL,14337
2024-05-23T15:00Z,NL,14349
2024-05-23T16:00Z,NL,14232
2024-05-23T17:00Z,NL,13988
2024-05-23T18:00Z,NL,13595
2024-05-23T19:00Z,NL,13106
2024-05-23T20:00Z,NL,12426
2024-05-23T21:00Z,NL,11491
2024-05-23T22:00Z,NL,10528
2024-05-23T23:00Z,NL,10196
2024-05-24T00:00Z,NL,9966
2024-05-24T01:00Z,NL,9781
2024-05-24T02:00Z,NL,9879
2024-05-24T03:00Z,NL,10582
2024-05-24T04:00Z,NL,11874
2024-05-24T05:00Z,NL,13129
2024-05-24T06:00Z,NL,13841
2024-05-24T07:00Z,NL,14301
2024-05-24T08:00Z,NL,14462
2024-05-24T09:00Z,NL,14567
2024-05-24T10:00Z,NL,14471
2024-05-24T11:00Z,NL,14428
2024-05-24T12:00Z,NL,14316
2024-05-24T13:00Z,NL,14232
2024-05-24T14:00Z,NL,14155
2024-05-24T15:00Z,NL,14193
2024-05-24T16:00Z,NL,14095
2024-05-24T17:00Z,NL,13777
2024-05-24T18:00Z,NL,13437
2024-05-24T19:00Z,NL,12938
2024-05-24T20:00Z,NL,12241
2024-05-24T21:00Z,NL,11339
2024-05-24T22:00Z,NL,9916
2024-05-24T23:00Z,NL,9669
2024-05-25T00:00Z,NL,9528
2024-05-25T01:00Z,NL,9488
2024-05-25T02:00Z,NL,9585
2024-05-25T03:00Z,NL,9946
2024-05-25T04:00Z,NL,10634
2024-05-25T05:00Z,NL,11260
2024-05-25T06:00Z,NL,11595
2024-05-25T07:00Z,NL,11856
2024-05-25T08:00Z,NL,11897
2024-05-25T09:00Z,NL,11985
2024-05-25T10:00Z,NL,11959
2024-05-25T11:00Z,NL,11929
2024-05-25T12:00Z,NL,11856
2024-05-25T13:00Z,NL,11779
2024-05-25T14:00Z,NL,11737
2024-05-25T15:00Z,NL,11849
2024-05-25T16:00Z,NL,11823
2024-05-25T17:00Z,NL,11685
2024-05-25T18:00Z,NL,11501
2024-05-25T19:00Z,NL,11267
2024-05-25T20:00Z,NL,10919
2024-05-25T21:00Z,NL,10415
2024-05-25T22:00Z,NL,9124
2024-05-25T23:00Z,NL,8942
2024-05-26T00:00Z,NL,8774
2024-05-26T01:00Z,NL,8744
2024-05-26T02:00Z,NL,8841
2024-05-26T03:00Z,NL,9167
2024-05-26T04:00Z,NL,9715
2024-05-26T05:00Z,NL,10209
2024-05-26T06:00Z,NL,10569
2024-05-26T07:00Z,NL,10803
2024-05-26T08:00Z,NL,10892
2024-05-26T09:00Z,NL,10948
2024-05-26T10:00Z,NL,10965
2024-05-26T11:00Z,NL,10883
2024-05-26T12:00Z,NL,10836
2024-05-26T13:00Z,NL,10854
2024-05-26T14:00Z,NL,10811
2024-05-26T15:00Z,NL,10811
2024-05-26T16:00Z,NL,10745
2024-05-26T17:00Z,NL,10558
2024-05-26T18:00Z,NL,10379
2024-05-26T19:00Z,NL,10164
2024-05-26T20:00Z,NL,9797
2024-05-26T21:00Z,NL,9407
2024-05-26T22:00Z,NL,10329
2024-05-26T23:00Z,NL,9986
2024-05-27T00:00Z,NL,9770
2024-05-27T01:00Z,NL,9703
2024-05-27T02:00Z,NL,9884
2024-05-27T03:00Z,NL,10549
2024-05-27T04:00Z,NL,11707
2024-05-27T05:00Z,NL,12886
2024-05-27T06:00Z,NL,13536
2024-05-27T07:00Z,NL,13922
2024-05-27T08:00Z,NL,14092
2024-05-27T09:00Z,NL,14246
2024-05-27T10:00Z,NL,14169
2024-05-27T11:00Z,NL,14098
2024-05-27T12:00Z,NL,13993
2024-05-27T13:00Z,NL,13787
2024-05-27T14:00Z,NL,13733
2024-05-27T15:00Z,NL,13796
2024-05-27T16:00Z,NL,13751
2024-05-27T17:00Z,NL,13418
2024-05-27T18:00Z,NL,13151
2024-05-27T19:00Z,NL,12670
2024-05-27T20:00Z,NL,11981
2024-05-27T21:00Z,NL,11095
2024-05-27T22:00Z,NL,10370
2024-05-27T23:00Z,NL,9946
2024-05-28T00:00Z,NL,9774
2024-05-28T01:00Z,NL,9694
2024-05-28T02:00Z,NL,9825
2024-05-28T03:00Z,NL,10505
2024-05-28T04:00Z,NL,11700
2024-05-28T05:00Z,NL,12827
2024-05-28T06:00Z,NL,13556
2024-05-28T07:00Z,NL,13950
2024-05-28T08:00Z,NL,14167
2024-05-28T09:00Z,NL,14232
2024-05-28T10:00Z,NL,14193
2024-05-28T11:00Z,NL,14091
2024-05-28T12:00Z,NL,13934
2024-05-28T13:00Z,NL,13860
2024-05-28T14:00Z,NL,13849
2024-05-28T15:00Z,NL,13806
2024-05-28T16:00Z,NL,13623
2024-05-28T17:00Z,NL,13349
2024-05-28T18:00Z,NL,13064
2024-05-28T19:00Z,NL,12601
2024-05-28T20:00Z,NL,11988
2024-05-28T21:00Z,NL,11097
2024-05-28T22:00Z,NL,10369
2024-05-28T23:00Z,NL,10065
2024-05-29T00:00Z,NL,9797
2024-05-29T01:00Z,NL,9743
2024-05-29T02:00Z,NL,9923
2024-05-29T03:00Z,NL,10682
2024-05-29T04:00Z,NL,11858
2024-05-29T05:00Z,NL,12952
2024-05-29T06:00Z,NL,13625
2024-05-29T07:00Z,NL,14054
2024-05-29T08:00Z,NL,14179
2024-05-29T09:00Z,NL,14197
2024-05-29T10:00Z,NL,14237
2024-05-29T11:00Z,NL,14082
2024-05-29T12:00Z,NL,14035
2024-05-29T13:00Z,NL,13954
2024-05-29T14:00Z,NL,13960
2024-05-29T15:00Z,NL,14022
2024-05-29T16:00Z,NL,13926
2024-05-29T17:00Z,NL,13640
2024-05-29T18:00Z,NL,13359
2024-05-29T19:00Z,NL,12869
2024-05-29T20:00Z,NL,12188
2024-05-29T21:00Z,NL,11300
2024-05-29T22:00Z,NL,10617
2024-05-29T23:00Z,NL,10229
2024-05-30T00:00Z,NL,9974
2024-05-30T01:00Z,NL,9854
2024-05-30T02:00Z,NL,10045
2024-05-30T03:00Z,NL,10708
2024-05-30T04:00Z,NL,11941
2024-05-30T05:00Z,NL,13107
2024-05-30T06:00Z,NL,13857
2024-05-30T07:00Z,NL,14290
2024-05-30T08:00Z,NL,14523
2024-05-30T09:00Z,NL,14570
2024-05-30T10:00Z,NL,14460
2024-05-30T11:00Z,NL,14380
2024-05-30T12:00Z,NL,14194
2024-05-30T13:00Z,NL,14214
2024-05-30T14:00Z,NL,14119
2024-05-30T15:00Z,NL,14102
2024-05-30T16:00Z,NL,14014
2024-05-30T17:00Z,NL,13797
2024-05-30T18:00Z,NL,13510
2024-05-30T19:00Z,NL,13061
2024-05-30T20:00Z,NL,12368
2024-05-30T21:00Z,NL,11494
2024-05-30T22:00Z,NL,10683
2024-05-30T23:00Z,NL,10267
2024-05-31T00:00Z,NL,9987
2024-05-31T01:00Z,NL,9842
2024-05-31T02:00Z,NL,9956
2024-05-31T03:00Z,NL,10669
2024-05-31T04:00Z,NL,11889
2024-05-31T05:00Z,NL,13039
2024-05-31T06:00Z,NL,13784
2024-05-31T07:00Z,NL,14266
2024-05-31T08:00Z,NL,14451
2024-05-31T09:00Z,NL,14490
2024-05-31T10:00Z,NL,14498
2024-05-31T11:00Z,NL,14420
2024-05-31T12:00Z,NL,14306
2024-05-31T13:00Z,NL,14133
2024-05-31T14:00Z,NL,14083
2024-05-31T15:00Z,NL,14058
2024-05-31T16:00Z,NL,14004
2024-05-31T17:00Z,NL,13662
2024-05-31T18:00Z,NL,13407
2024-05-31T19:00Z,NL,13001
2024-05-31T20:00Z,NL,12307
2024-05-31T21:00Z,NL,11372
2024-05-31T22:00Z,NL,9794
2024-05-31T23:00Z,NL,9610
2024-06-01T00:00Z,NL,9490
2024-06-01T01:00Z,NL,9446
2024-06-01T02:00Z,NL,9442
2024-06-01T03:00Z,NL,9775
2024-06-01T04:00Z,NL,10447
2024-06-01T05:00Z,NL,11107
2024-06-01T06:00Z,NL,11457
2024-06-01T07:00Z,NL,11743
2024-06-01T08:00Z,NL,11885
2024-06-01T09:00Z,NL,11947
2024-06-01T10:00Z,NL,11931
2024-06-01T11:00Z,NL,11837
2024-06-01T12:00Z,NL,11792
2024-06-01T13:00Z,NL,11702
2024-06-01T14:00Z,NL,11693
2024-06-01T15:00Z,NL,11658
2024-06-01T16:00Z,NL,11608
2024-06-01T17:00Z,NL,11477
2024-06-01T18:00Z,NL,11236
2024-06-01T19:00Z,NL,11037
2024-06-01T20:00Z,NL,10716
2024-06-01T21:00Z,NL,10285
2024-06-01T22:00Z,NL,9013
2024-06-01T23:00Z,NL,8840
2024-06-02T00:00Z,NL,8683
2024-06-02T01:00Z,NL,8627
2024-06-02T02:00Z,NL,8711
2024-06-02T03:00Z,NL,9009
2024-06-02T04:00Z,NL,9640
2024-06-02T05:00Z,NL,10152
2024-06-02T06:00Z,NL,10505
2024-06-02T07:00Z,NL,10674
2024-06-02T08:00Z,NL,10796
2024-06-02T09:00Z,NL,10841
2024-06-02T10:00Z,NL,10843
2024-06-02T11:00Z,NL,10763
2024-06-02T12:00Z,NL,10721
2024-06-02T13:00Z,NL,10692
2024-06-02T14:00Z,NL,10576
2024-06-02T15:00Z,NL,10610
2024-06-02T16:00Z,NL,10553
2024-06-02T17:00Z,NL,10445
2024-06-02T18:00Z,NL,10258
2024-06-02T19:00Z,NL,10062
2024-06-02T20:00Z,NL,9743
2024-06-02T21:00Z,NL,9333
2024-06-02T22:00Z,NL,10382
2024-06-02T23:00Z,NL,9986
2024-06-03T00:00Z,NL,9724
2024-06-03T01:00Z,NL,9606
2024-06-03T02:00Z,NL,9747
2024-06-03T03:00Z,NL,10404
2024-06-03T04:00Z,NL,11616
2024-06-03T05:00Z,NL,12740
2024-06-03T06:00Z,NL,13404
2024-06-03T07:00Z,NL,13889
2024-06-03T08:00Z,NL,14220
2024-06-03T09:00Z,NL,14284
2024-06-03T10:00Z,NL,14328
2024-06-03T11:00Z,NL,14176
2024-06-03T12:00Z,NL,14073
2024-06-03T13:00Z,NL,13895
2024-06-03T14:00Z,NL,13803
2024-06-03T15:00Z,NL,13830
2024-06-03T16:00Z,NL,13715
2024-06-03T17:00Z,NL,13402
2024-06-03T18:00Z,NL,13117
2024-06-03T19:00Z,NL,12655
2024-06-03T20:00Z,NL,11975
2024-06-03T21:00Z,NL,11065
2024-06-03T22:00Z,NL,10312
2024-06-03T23:00Z,NL,9969
2024-06-04T00:00Z,NL,9733
2024-06-04T01:00Z,NL,9574
2024-06-04T02:00Z,NL,9775
2024-06-04T03:00Z,NL,10456
2024-06-04T04:00Z,NL,11635
2024-06-04T05:00Z,NL,12781
2024-06-04T06:00Z,NL,13476
2024-06-04T07:00Z,NL,13943
2024-06-04T08:00Z,NL,14136
2024-06-04T09:00Z,NL,14300
2024-06-04T10:00Z,NL,14295
2024-06-04T11:00Z,NL,14088
2024-06-04T12:00Z,NL,13976
2024-06-04T13:00Z,NL,13853
2024-06-04T14:00Z,NL,13797
2024-06-04T15:00Z,NL,13749
2024-06-04T16:00Z,NL,13574
2024-06-04T17:00Z,NL,13297
2024-06-04T18:00Z,NL,12984
2024-06-04T19:00Z,NL,12647
2024-06-04T20:00Z,NL,11978
2024-06-04T21:00Z,NL,11070
2024-06-04T22:00Z,NL,10360
2024-06-04T23:00Z,NL,9954
2024-06-05T00:00Z,NL,9723
2024-06-05T01:00Z,NL,9588
2024-06-05T02:00Z,NL,9715
2024-06-05T03:00Z,NL,10366
2024-06-05T04:00Z,NL,11511
2024-06-05T05:00Z,NL,12769
2024-06-05T06:00Z,NL,13524
2024-06-05T07:00Z,NL,13902
2024-06-05T08:00Z,NL,14083
2024-06-05T09:00Z,NL,14225
2024-06-05T10:00Z,NL,14205
2024-06-05T11:00Z,NL,14195
2024-06-05T12:00Z,NL,14018
2024-06-05T13:00Z,NL,13837
2024-06-05T14:00Z,NL,13783
2024-06-05T15:00Z,NL,13811
2024-06-05T16:00Z,NL,13767
2024-06-05T17:00Z,NL,13489
2024-06-05T18:00Z,NL,13151
2024-06-05T19:00Z,NL,12770
2024-06-05T20:00Z,NL,12099
2024-06-05T21:00Z,NL,11147
2024-06-05T22:00Z,NL,10436
2024-06-05T23:00Z,NL,10038
2024-06-06T00:00Z,NL,9768
2024-06-06T01:00Z,NL,9641
2024-06-06T02:00Z,NL,9797
2024-06-06T03:00Z,NL,10482
2024-06-06T04:00Z,NL,11679
2024-06-06T05:00Z,NL,12820
2024-06-06T06:00Z,NL,13547
2024-06-06T07:00Z,NL,13967
2024-06-06T08:00Z,NL,14203
2024-06-06T09:00Z,NL,14303
2024-06-06T10:00Z,NL,14283
2024-06-06T11:00Z,NL,14162
2024-06-06T12:00Z,NL,13951
2024-06-06T13:00Z,NL,13837
2024-06-06T14:00Z,NL,13765
2024-06-06T15:00Z,NL,13802
2024-06-06T16:00Z,NL,13688
2024-06-06T17:00Z,NL,13386
2024-06-06T18:00Z,NL,13155
2024-06-06T19:00Z,NL,12659
2024-06-06T20:00Z,NL,12005
2024-06-06T21:00Z,NL,11012
2024-06-06T22:00Z,NL,10196
2024-06-06T23:00Z,NL,9864
2024-06-07T00:00Z,NL,9671
2024-06-07T01:00Z,NL,9570
2024-06-07T02:00Z,NL,9708
2024-06-07T03:00Z,NL,10333
2024-06-07T04:00Z,NL,11535
2024-06-07T05:00Z,NL,12704
2024-06-07T06:00Z,NL,13487
2024-06-07T07:00Z,NL,13967
2024-06-07T08:00Z,NL,14180
2024-06-07T09:00Z,NL,14327
2024-06-07T10:00Z,NL,14252
2024-06-07T11:00Z,NL,14080
2024-06-07T12:00Z,NL,13996
2024-06-07T13:00Z,NL,13901
2024-06-07T14:00Z,NL,13802
2024-06-07T15:00Z,NL,13743
2024-06-07T16:00Z,NL,13677
2024-06-07T17:00Z,NL,13436
2024-06-07T18:00Z,NL,13206
2024-06-07T19:00Z,NL,12817
2024-06-07T20:00Z,NL,12113
2024-06-07T21:00Z,NL,11194
2024-06-07T22:00Z,NL,9953
2024-06-07T23:00Z,NL,9720
2024-06-08T00:00Z,NL,9551
2024-06-08T01:00Z,NL,9472
2024-06-08T02:00Z,NL,9573
2024-06-08T03:00Z,NL,9898
2024-06-08T04:00Z,NL,10587
2024-06-08T05:00Z,NL,11150
2024-06-08T06:00Z,NL,11523
2024-06-08T07:00Z,NL,11763
2024-06-08T08:00Z,NL,11861
2024-06-08T09:00Z,NL,12034
2024-06-08T10:00Z,NL,12002
2024-06-08T11:00Z,NL,11890
2024-06-08T12:00Z,NL,11873
2024-06-08T13:00Z,NL,11794
2024-06-08T14:00Z,NL,11751
2024-06-08T15:00Z,NL,11694
2024-06-08T16:00Z,NL,11630
2024-06-08T17:00Z,NL,11459
2024-06-08T18:00Z,NL,11345
2024-06-08T19:00Z,NL,11128
2024-06-08T20:00Z,NL,10808
2024-06-08T21:00Z,NL,10340
2024-06-08T22:00Z,NL,9102
2024-06-08T23:00Z,NL,8901
2024-06-09T00:00Z,NL,8809
2024-06-09T01:00Z,NL,8728
2024-06-09T02:00Z,NL,8810
2024-06-09T03:00Z,NL,9104
2024-06-09T04:00Z,NL,9672
2024-06-09T05:00Z,NL,10241
2024-06-09T06:00Z,NL,10625
2024-06-09T07:00Z,NL,10768
2024-06-09T08:00Z,NL,10887
2024-06-09T09:00Z,NL,10917
2024-06-09T10:00Z,NL,10913
2024-06-09T11:00Z,NL,10784
2024-06-09T12:00Z,NL,10702
2024-06-09T13:00Z,NL,10711
2024-06-09T14:00Z,NL,10659
2024-06-09T15:00Z,NL,10669
2024-06-09T16:00Z,NL,10661
2024-06-09T17:00Z,NL,10624
2024-06-09T18:00Z,NL,10457
2024-06-09T19:00Z,NL,10162
2024-06-09T20:00Z,NL,9859
2024-06-09T21:00Z,NL,9369
2024-06-09T22:00Z,NL,10329
2024-06-09T23:00Z,NL,9931
2024-06-10T00:00Z,NL,9740
2024-06-10T01:00Z,NL,9613
2024-06-10T02:00Z,NL,9729
2024-06-10T03:00Z,NL,10422
2024-06-10T04:00Z,NL,11571
2024-06-10T05:00Z,NL,12655
2024-06-10T06:00Z,NL,13399
2024-06-10T07:00Z,NL,13891
2024-06-10T08:00Z,NL,14113
2024-06-10T09:00Z,NL,14176
2024-06-10T10:00Z,NL,14151
2024-06-10T11:00Z,NL,14026
2024-06-10T12:00Z,NL,13889
2024-06-10T13:00Z,NL,13748
2024-06-10T14:00Z,NL,13666
2024-06-10T15:00Z,NL,13746
2024-06-10T16:00Z,NL,13682
2024-06-10T17:00Z,NL,13339
2024-06-10T18:00Z,NL,12958
2024-06-10T19:00Z,NL,12600
2024-06-10T20:00Z,NL,11992
2024-06-10T21:00Z,NL,11107
2024-06-10T22:00Z,NL,10408
2024-06-10T23:00Z,NL,10035
2024-06-11T00:00Z,NL,9757
2024-06-11T01:00Z,NL,9567
2024-06-11T02:00Z,NL,9694
2024-06-11T03:00Z,NL,10336
2024-06-11T04:00Z,NL,11474
2024-06-11T05:00Z,NL,12647
2024-06-11T06:00Z,NL,13394
2024-06-11T07:00Z,NL,13803
2024-06-11T08:00Z,NL,14055
2024-06-11T09:00Z,NL,14225
2024-06-11T10:00Z,NL,14179
2024-06-11T11:00Z,NL,14108
2024-06-11T12:00Z,NL,13971
2024-06-11T13:00Z,NL,13919
2024-06-11T14:00Z,NL,13854
2024-06-11T15:00Z,NL,13841
2024-06-11T16:00Z,NL,13611
2024-06-11T17:00Z,NL,13303
2024-06-11T18:00Z,NL,13032
2024-06-11T19:00Z,NL,12629
2024-06-11T20:00Z,NL,11977
2024-06-11T21:00Z,NL,11085
2024-06-11T22:00Z,NL,10410
2024-06-11T23:00Z,NL,10009
2024-06-12T00:00Z,NL,9764
2024-06-12T01:00Z,NL,9648
2024-06-12T02:00Z,NL,9759
2024-06-12T03:00Z,NL,10466
2024-06-12T04:00Z,NL,11632
2024-06-12T05:00Z,NL,12851
2024-06-12T06:00Z,NL,13578
2024-06-12T07:00Z,NL,14057
2024-06-12T08:00Z,NL,14323
2024-06-12T09:00Z,NL,14393
2024-06-12T10:00Z,NL,14282
2024-06-12T11:00Z,NL,14157
2024-06-12T12:00Z,NL,14045
2024-06-12T13:00Z,NL,13914
2024-06-12T14:00Z,NL,13852
2024-06-12T15:00Z,NL,13765
2024-06-12T16:00Z,NL,13689
2024-06-12T17:00Z,NL,13404
2024-06-12T18:00Z,NL,13068
2024-06-12T19:00Z,NL,12635
2024-06-12T20:00Z,NL,11989
2024-06-12T21:00Z,NL,11066
2024-06-12T22:00Z,NL,10366
2024-06-12T23:00Z,NL,9973
2024-06-13T00:00Z,NL,9708
2024-06-13T01:00Z,NL,9567
2024-06-13T02:00Z,NL,9713
2024-06-13T03:00Z,NL,10362
2024-06-13T04:00Z,NL,11586
2024-06-13T05:00Z,NL,12750
2024-06-13T06:00Z,NL,13448
2024-06-13T07:00Z,NL,13921
2024-06-13T08:00Z,NL,14225
2024-06-13T09:00Z,NL,14333
2024-06-13T10:00Z,NL,14318
2024-06-13T11:00Z,NL,14152
2024-06-13T12:00Z,NL,13987
2024-06-13T13:00Z,NL,13913
2024-06-13T14:00Z,NL,13829
2024-06-13T15:00Z,NL,13782
2024-06-13T16:00Z,NL,13635
2024-06-13T17:00Z,NL,13395
2024-06-13T18:00Z,NL,13063
2024-06-13T19:00Z,NL,12747
2024-06-13T20:00Z,NL,12059
2024-06-13T21:00Z,NL,11194
2024-06-13T22:00Z,NL,10424
2024-06-13T23:00Z,NL,10030
2024-06-14T00:00Z,NL,9793
2024-06-14T01:00Z,NL,9643
2024-06-14T02:00Z,NL,9770
2024-06-14T03:00Z,NL,10415
2024-06-14T04:00Z,NL,11642
2024-06-14T05:00Z,NL,12779
2024-06-14T06:00Z,NL,13551
2024-06-14T07:00Z,NL,13979
2024-06-14T08:00Z,NL,14241
2024-06-14T09:00Z,NL,14308
2024-06-14T10:00Z,NL,14242
2024-06-14T11:00Z,NL,14104
2024-06-14T12:00Z,NL,13957
2024-06-14T13:00Z,NL,13851
2024-06-14T14:00Z,NL,13697
2024-06-14T15:00Z,NL,13660
2024-06-14T16:00Z,NL,13504
2024-06-14T17:00Z,NL,13300
2024-06-14T18:00Z,NL,12985
2024-06-14T19:00Z,NL,12598
2024-06-14T20:00Z,NL,11892
2024-06-14T21:00Z,NL,11035
2024-06-14T22:00Z,NL,9793
2024-06-14T23:00Z,NL,9566
2024-06-15T00:00Z,NL,9463
2024-06-15T01:00Z,NL,9426
2024-06-15T02:00Z,NL,9515
2024-06-15T03:00Z,NL,9860
2024-06-15T04:00Z,NL,10485
2024-06-15T05:00Z,NL,11114
2024-06-15T06:00Z,NL,11454
2024-06-15T07:00Z,NL,11723
2024-06-15T08:00Z,NL,11897
2024-06-15T09:00Z,NL,11935
2024-06-15T10:00Z,NL,11917
2024-06-15T11:00Z,NL,11820
2024-06-15T12:00Z,NL,11794
2024-06-15T13:00Z,NL,11757
2024-06-15T14:00Z,NL,11740
2024-06-15T15:00Z,NL,11671
2024-06-15T16:00Z,NL,11611
2024-06-15T17:00Z,NL,11506
2024-06-15T18:00Z,NL,11359
2024-06-15T19:00Z,NL,11133
2024-06-15T20:00Z,NL,10830
2024-06-15T21:00Z,NL,10355
2024-06-15T22:00Z,NL,9021
2024-06-15T23:00Z,NL,8815
2024-06-16T00:00Z,NL,8686
2024-06-16T01:00Z,NL,8648
2024-06-16T02:00Z,NL,8691
2024-06-16T03:00Z,NL,9036
2024-06-16T04:00Z,NL,9619
2024-06-16T05:00Z,NL,10156
2024-06-16T06:00Z,NL,10540
2024-06-16T07:00Z,NL,10740
2024-06-16T08:00Z,NL,10843
2024-06-16T09:00Z,NL,10908
2024-06-16T10:00Z,NL,10846
2024-06-16T11:00Z,NL,10786
2024-06-16T12:00Z,NL,10774
2024-06-16T13:00Z,NL,10677
2024-06-16T14:00Z,NL,10637
2024-06-16T15:00Z,NL,10633
2024-06-16T16:00Z,NL,10571
2024-06-16T17:00Z,NL,10396
2024-06-16T18:00Z,NL,10257
2024-06-16T19:00Z,NL,10073
2024-06-16T20:00Z,NL,9732
2024-06-16T21:00Z,NL,9339
2024-06-16T22:00Z,NL,10413
2024-06-16T23:00Z,NL,10063
2024-06-17T00:00Z,NL,9806
2024-06-17T01:00Z,NL,9684
2024-06-17T02:00Z,NL,9764
2024-06-17T03:00Z,NL,10453
2024-06-17T04:00Z,NL,11677
2024-06-17T05:00Z,NL,12794
2024-06-17T06:00Z,NL,13608
2024-06-17T07:00Z,NL,14054
2024-06-17T08:00Z,NL,14261
2024-06-17T09:00Z,NL,14367
2024-06-17T10:00Z,NL,14272
2024-06-17T11:00Z,NL,14185
2024-06-17T12:00Z,NL,14123
2024-06-17T13:00Z,NL,13986
2024-06-17T14:00Z,NL,13866
2024-06-17T15:00Z,NL,13774
2024-06-17T16:00Z,NL,13659
2024-06-17T17:00Z,NL,13401
2024-06-17T18:00Z,NL,13109
2024-06-17T19:00Z,NL,12670
2024-06-17T20:00Z,NL,11991
2024-06-17T21:00Z,NL,11124
2024-06-17T22:00Z,NL,10412
2024-06-17T23:00Z,NL,10008
2024-06-18T00:00Z,NL,9701
2024-06-18T01:00Z,NL,9550
2024-06-18T02:00Z,NL,9667
2024-06-18T03:00Z,NL,10322
2024-06-18T04:00Z,NL,11487
2024-06-18T05:00Z,NL,12681
2024-06-18T06:00Z,NL,13417
2024-06-18T07:00Z,NL,13922
2024-06-18T08:00Z,NL,14174
2024-06-18T09:00Z,NL,14319
2024-06-18T10:00Z,NL,14217
2024-06-18T11:00Z,NL,14064
2024-06-18T12:00Z,NL,13922
2024-06-18T13:00Z,NL,13813
2024-06-18T14:00Z,NL,13750
2024-06-18T15:00Z,NL,13705
2024-06-18T16:00Z,NL,13561
2024-06-18T17:00Z,NL,13309
2024-06-18T18:00Z,NL,13024
2024-06-18T19:00Z,NL,12636
2024-06-18T20:00Z,NL,12016
2024-06-18T21:00Z,NL,11125
2024-06-18T22:00Z,NL,10406
2024-06-18T23:00Z,NL,10018
2024-06-19T00:00Z,NL,9818
2024-06-19T01:00Z,NL,9652
2024-06-19T02:00Z,NL,9795
2024-06-19T03:00Z,NL,10405
2024-06-19T04:00Z,NL,11578
2024-06-19T05:00Z,NL,12804
2024-06-19T06:00Z,NL,13615
2024-06-19T07:00Z,NL,14083
2024-06-19T08:00Z,NL,14306
2024-06-19T09:00Z,NL,14375
2024-06-19T10:00Z,NL,14360
2024-06-19T11:00Z,NL,14292
2024-06-19T12:00Z,NL,14182
2024-06-19T13:00Z,NL,13973
2024-06-19T14:00Z,NL,13804
2024-06-19T15:00Z,NL,13702
2024-06-19T16:00Z,NL,13609
2024-06-19T17:00Z,NL,13357
2024-06-19T18:00Z,NL,13135
2024-06-19T19:00Z,NL,12673
2024-06-19T20:00Z,NL,12070
2024-06-19T21:00Z,NL,11177
2024-06-19T22:00Z,NL,10329
2024-06-19T23:00Z,NL,9912
2024-06-20T00:00Z,NL,9629
2024-06-20T01:00Z,NL,9537
2024-06-20T02:00Z,NL,9648
2024-06-20T03:00Z,NL,10348
2024-06-20T04:00Z,NL,11432
2024-06-20T05:00Z,NL,12636
2024-06-20T06:00Z,NL,13418
2024-06-20T07:00Z,NL,13930
2024-06-20T08:00Z,NL,14143
2024-06-20T09:00Z,NL,14310
2024-06-20T10:00Z,NL,14351
2024-06-20T11:00Z,NL,14238
2024-06-20T12:00Z,NL,14168
2024-06-20T13:00Z,NL,14069
2024-06-20T14:00Z,NL,13939
2024-06-20T15:00Z,NL,13776
2024-06-20T16:00Z,NL,13693
2024-06-20T17:00Z,NL,13362
2024-06-20T18:00Z,NL,13093
2024-06-20T19:00Z,NL,12701
2024-06-20T20:00Z,NL,12003
2024-06-20T21:00Z,NL,11127
2024-06-20T22:00Z,NL,10385
2024-06-20T23:00Z,NL,10000
2024-06-21T00:00Z,NL,9782
2024-06-21T01:00Z,NL,9704
2024-06-21T02:00Z,NL,9812
2024-06-21T03:00Z,NL,10415
2024-06-21T04:00Z,NL,11566
2024-06-21T05:00Z,NL,12731
2024-06-21T06:00Z,NL,13424
2024-06-21T07:00Z,NL,13927
2024-06-21T08:00Z,NL,14180
2024-06-21T09:00Z,NL,14293
2024-06-21T10:00Z,NL,14257
2024-06-21T11:00Z,NL,14131
2024-06-21T12:00Z,NL,13970
2024-06-21T13:00Z,NL,13792
2024-06-21T14:00Z,NL,13717
2024-06-21T15:00Z,NL,13632
2024-06-21T16:00Z,NL,13552
2024-06-21T17:00Z,NL,13262
2024-06-21T18:00Z,NL,12998
2024-06-21T19:00Z,NL,12620
2024-06-21T20:00Z,NL,11989
2024-06-21T21:00Z,NL,11119
2024-06-21T22:00Z,NL,9827
2024-06-21T23:00Z,NL,9658
2024-06-22T00:00Z,NL,9543
2024-06-22T01:00Z,NL,9477
2024-06-22T02:00Z,NL,9481
2024-06-22T03:00Z,NL,9809
2024-06-22T04:00Z,NL,10378
2024-06-22T05:00Z,NL,11044
2024-06-22T06:00Z,NL,11408
2024-06-22T07:00Z,NL,11620
2024-06-22T08:00Z,NL,11815
2024-06-22T09:00Z,NL,11810
2024-06-22T10:00Z,NL,11788
2024-06-22T11:00Z,NL,11717
2024-06-22T12:00Z,NL,11640
2024-06-22T13:00Z,NL,11636
2024-06-22T14:00Z,NL,11630
2024-06-22T15:00Z,NL,11533
2024-06-22T16:00Z,NL,11475
2024-06-22T17:00Z,NL,11395
2024-06-22T18:00Z,NL,11208
2024-06-22T19:00Z,NL,11092
2024-06-22T20:00Z,NL,10765
2024-06-22T21:00Z,NL,10281
2024-06-22T22:00Z,NL,8966
2024-06-22T23:00Z,NL,8816
2024-06-23T00:00Z,NL,8705
2024-06-23T01:00Z,NL,8655
2024-06-23T02:00Z,NL,8702
2024-06-23T03:00Z,NL,8998
2024-06-23T04:00Z,NL,9583
2024-06-23T05:00Z,NL,10115
2024-06-23T06:00Z,NL,10514
2024-06-23T07:00Z,NL,10748
2024-06-23T08:00Z,NL,10808
2024-06-23T09:00Z,NL,10907
2024-06-23T10:00Z,NL,10903
2024-06-23T11:00Z,NL,10856
2024-06-23T12:00Z,NL,10799
2024-06-23T13:00Z,NL,10769
2024-06-23T14:00Z,NL,10704
2024-06-23T15:00Z,NL,10617
2024-06-23T16:00Z,NL,10561
2024-06-23T17:00Z,NL,10473
2024-06-23T18:00Z,NL,10329
2024-06-23T19:00Z,NL,10176
2024-06-23T20:00Z,NL,9836
2024-06-23T21:00Z,NL,9390
2024-06-23T22:00Z,NL,10410
2024-06-23T23:00Z,NL,10016
2024-06-24T00:00Z,NL,9761
2024-06-24T01:00Z,NL,9619
2024-06-24T02:00Z,NL,9740
2024-06-24T03:00Z,NL,10380
2024-06-24T04:00Z,NL,11569
2024-06-24T05:00Z,NL,12664
2024-06-24T06:00Z,NL,13358
2024-06-24T07:00Z,NL,13834
2024-06-24T08:00Z,NL,14061
2024-06-24T09:00Z,NL,14223
2024-06-24T10:00Z,NL,14266
2024-06-24T11:00Z,NL,14154
2024-06-24T12:00Z,NL,14053
2024-06-24T13:00Z,NL,13880
2024-06-24T14:00Z,NL,13828
2024-06-24T15:00Z,NL,13734
2024-06-24T16:00Z,NL,13622
2024-06-24T17:00Z,NL,13355
2024-06-24T18:00Z,NL,13033
2024-06-24T19:00Z,NL,12681
2024-06-24T20:00Z,NL,12040
2024-06-24T21:00Z,NL,11185
2024-06-24T22:00Z,NL,10429
2024-06-24T23:00Z,NL,10048
2024-06-25T00:00Z,NL,9764
2024-06-25T01:00Z,NL,9637
2024-06-25T02:00Z,NL,9771
2024-06-25T03:00Z,NL,10407
2024-06-25T04:00Z,NL,11568
2024-06-25T05:00Z,NL,12736
2024-06-25T06:00Z,NL,13501
2024-06-25T07:00Z,NL,14031
2024-06-25T08:00Z,NL,14322
2024-06-25T09:00Z,NL,14426
2024-06-25T10:00Z,NL,14481
2024-06-25T11:00Z,NL,14322
2024-06-25T12:00Z,NL,14138
2024-06-25T13:00Z,NL,14058
2024-06-25T14:00Z,NL,13993
2024-06-25T15:00Z,NL,13935
2024-06-25T16:00Z,NL,13791
2024-06-25T17:00Z,NL,13457
2024-06-25T18:00Z,NL,13158
2024-06-25T19:00Z,NL,12774
2024-06-25T20:00Z,NL,12076
2024-06-25T21:00Z,NL,11177
2024-06-25T22:00Z,NL,10427
2024-06-25T23:00Z,NL,10040
2024-06-26T00:00Z,NL,9843
2024-06-26T01:00Z,NL,9711
2024-06-26T02:00Z,NL,9825
2024-06-26T03:00Z,NL,10406
2024-06-26T04:00Z,NL,11562
2024-06-26T05:00Z,NL,12705
2024-06-26T06:00Z,NL,13471
2024-06-26T07:00Z,NL,13950
2024-06-26T08:00Z,NL,14278
2024-06-26T09:00Z,NL,14474
2024-06-26T10:00Z,NL,14366
2024-06-26T11:00Z,NL,14272
2024-06-26T12:00Z,NL,14128
2024-06-26T13:00Z,NL,13966
2024-06-26T14:00Z,NL,13837
2024-06-26T15:00Z,NL,13802
2024-06-26T16:00Z,NL,13619
2024-06-26T17:00Z,NL,13403
2024-06-26T18:00Z,NL,13122
2024-06-26T19:00Z,NL,12680
2024-06-26T20:00Z,NL,12041
2024-06-26T21:00Z,NL,11122
2024-06-26T22:00Z,NL,10338
2024-06-26T23:00Z,NL,9962
2024-06-27T00:00Z,NL,9732
2024-06-27T01:00Z,NL,9583
2024-06-27T02:00Z,NL,9722
2024-06-27T03:00Z,NL,10372
2024-06-27T04:00Z,NL,11514
2024-06-27T05:00Z,NL,12682
2024-06-27T06:00Z,NL,13386
2024-06-27T07:00Z,NL,13942
2024-06-27T08:00Z,NL,14198
2024-06-27T09:00Z,NL,14211
2024-06-27T10:00Z,NL,14236
2024-06-27T11:00Z,NL,14077
2024-06-27T12:00Z,NL,13930
2024-06-27T13:00Z,NL,13779
2024-06-27T14:00Z,NL,13736
2024-06-27T15:00Z,NL,13647
2024-06-27T16:00Z,NL,13461
2024-06-27T17:00Z,NL,13249
2024-06-27T18:00Z,NL,13017
2024-06-27T19:00Z,NL,12632
2024-06-27T20:00Z,NL,11964
2024-06-27T21:00Z,NL,11117
2024-06-27T22:00Z,NL,10333
2024-06-27T23:00Z,NL,9949
2024-06-28T00:00Z,NL,9741
2024-06-28T01:00Z,NL,9615
2024-06-28T02:00Z,NL,9720
2024-06-28T03:00Z,NL,10390
2024-06-28T04:00Z,NL,11572
2024-06-28T05:00Z,NL,12753
2024-06-28T06:00Z,NL,13532
2024-06-28T07:00Z,NL,14013
2024-06-28T08:00Z,NL,14206
2024-06-28T09:00Z,NL,14274
2024-06-28T10:00Z,NL,14237
2024-06-28T11:00Z,NL,14195
2024-06-28T12:00Z,NL,14156
2024-06-28T13:00Z,NL,14031
2024-06-28T14:00Z,NL,13927
2024-06-28T15:00Z,NL,13716
2024-06-28T16:00Z,NL,13590
2024-06-28T17:00Z,NL,13380
2024-06-28T18:00Z,NL,13059
2024-06-28T19:00Z,NL,12633
2024-06-28T20:00Z,NL,11974
2024-06-28T21:00Z,NL,11109
2024-06-28T22:00Z,NL,9862
2024-06-28T23:00Z,NL,9698
2024-06-29T00:00Z,NL,9517
2024-06-29T01:00Z,NL,9502
2024-06-29T02:00Z,NL,9550
2024-06-29T03:00Z,NL,9901
2024-06-29T04:00Z,NL,10494
2024-06-29T05:00Z,NL,11095
2024-06-29T06:00Z,NL,11537
2024-06-29T07:00Z,NL,11742
2024-06-29T08:00Z,NL,11899
2024-06-29T09:00Z,NL,11984
2024-06-29T10:00Z,NL,11995
2024-06-29T11:00Z,NL,11929
2024-06-29T12:00Z,NL,11867
2024-06-29T13:00Z,NL,11810
2024-06-29T14:00Z,NL,11807
2024-06-29T15:00Z,NL,11718
2024-06-29T16:00Z,NL,11570
2024-06-29T17:00Z,NL,11440
2024-06-29T18:00Z,NL,11271
2024-06-29T19:00Z,NL,11064
2024-06-29T20:00Z,NL,10774
2024-06-29T21:00Z,NL,10326
2024-06-29T22:00Z,NL,9051
2024-06-29T23:00Z,NL,8834
2024-06-30T00:00Z,NL,8677
2024-06-30T01:00Z,NL,8605
2024-06-30T02:00Z,NL,8647
2024-06-30T03:00Z,NL,8964
2024-06-30T04:00Z,NL,9525
2024-06-30T05:00Z,NL,10045
2024-06-30T06:00Z,NL,10409
2024-06-30T07:00Z,NL,10650
2024-06-30T08:00Z,NL,10733
2024-06-30T09:00Z,NL,10834
2024-06-30T10:00Z,NL,10814
2024-06-30T11:00Z,NL,10780
2024-06-30T12:00Z,NL,10679
2024-06-30T13:00Z,NL,10616
2024-06-30T14:00Z,NL,10588
2024-06-30T15:00Z,NL,10578
2024-06-30T16:00Z,NL,10466
2024-06-30T17:00Z,NL,10300
2024-06-30T18:00Z,NL,10231
2024-06-30T19:00Z,NL,10050
2024-06-30T20:00Z,NL,9773
2024-06-30T21:00Z,NL,9343
2023-12-31T23:00Z,BE,6788
2024-01-01T00:00Z,BE,6691
2024-01-01T01:00Z,BE,6584
2024-01-01T02:00Z,BE,6585
2024-01-01T03:00Z,BE,6646
2024-01-01T04:00Z,BE,6968
2024-01-01T05:00Z,BE,7518
2024-01-01T06:00Z,BE,7955
2024-01-01T07:00Z,BE,8145
2024-01-01T08:00Z,BE,8271
2024-01-01T09:00Z,BE,8259
2024-01-01T10:00Z,BE,8188
2024-01-01T11:00Z,BE,8125
2024-01-01T12:00Z,BE,8100
2024-01-01T13:00Z,BE,8040
2024-01-01T14:00Z,BE,8027
2024-01-01T15:00Z,BE,8164
2024-01-01T16:00Z,BE,8430
2024-01-01T17:00Z,BE,8491
2024-01-01T18:00Z,BE,8260
2024-01-01T19:00Z,BE,7975
2024-01-01T20:00Z,BE,7709
2024-01-01T21:00Z,BE,7379
2024-01-01T22:00Z,BE,7075
2024-01-01T23:00Z,BE,7645
2024-01-02T00:00Z,BE,7348
2024-01-02T01:00Z,BE,7166
2024-01-02T02:00Z,BE,7197
2024-01-02T03:00Z,BE,7413
2024-01-02T04:00Z,BE,8099
2024-01-02T05:00Z,BE,9231
2024-01-02T06:00Z,BE,10210
2024-01-02T07:00Z,BE,10640
2024-01-02T08:00Z,BE,10811
2024-01-02T09:00Z,BE,10837
2024-01-02T10:00Z,BE,10735
2024-01-02T11:00Z,BE,10525
2024-01-02T12:00Z,BE,10408
2024-01-02T13:00Z,BE,10271
2024-01-02T14:00Z,BE,10226
2024-01-02T15:00Z,BE,10478
2024-01-02T16:00Z,BE,11032
2024-01-02T17:00Z,BE,11157
2024-01-02T18:00Z,BE,10765
2024-01-02T19:00Z,BE,10185
2024-01-02T20:00Z,BE,9615
2024-01-02T21:00Z,BE,8923
2024-01-02T22:00Z,BE,8221
2024-01-02T23:00Z,BE,8118
2024-01-03T00:00Z,BE,7809
2024-01-03T01:00Z,BE,7620
2024-01-03T02:00Z,BE,7627
2024-01-03T03:00Z,BE,7860
2024-01-03T04:00Z,BE,8589
2024-01-03T05:00Z,BE,9809
2024-01-03T06:00Z,BE,10814
2024-01-03T07:00Z,BE,11234
2024-01-03T08:00Z,BE,11352
2024-01-03T09:00Z,BE,11273
2024-01-03T10:00Z,BE,11218
2024-01-03T11:00Z,BE,11008
2024-01-03T12:00Z,BE,10863
2024-01-03T13:00Z,BE,10834
2024-01-03T14:00Z,BE,10869
2024-01-03T15:00Z,BE,11166
2024-01-03T16:00Z,BE,11789
2024-01-03T17:00Z,BE,11905
2024-01-03T18:00Z,BE,11454
2024-01-03T19:00Z,BE,10836
2024-01-03T20:00Z,BE,10191
2024-01-03T21:00Z,BE,9443
2024-01-03T22:00Z,BE,8702
2024-01-03T23:00Z,BE,8062
2024-01-04T00:00Z,BE,7734
2024-01-04T01:00Z,BE,7518
2024-01-04T02:00Z,BE,7531
2024-01-04T03:00Z,BE,7748
2024-01-04T04:00Z,BE,8468
2024-01-04T05:00Z,BE,9733
2024-01-04T06:00Z,BE,10786
2024-01-04T07:00Z,BE,11191
2024-01-04T08:00Z,BE,11259
2024-01-04T09:00Z,BE,11232
2024-01-04T10:00Z,BE,11173
2024-01-04T11:00Z,BE,10963
2024-01-04T12:00Z,BE,10891
2024-01-04T13:00Z,BE,10849
2024-01-04T14:00Z,BE,10832
2024-01-04T15:00Z,BE,11080
2024-01-04T16:00Z,BE,11659
2024-01-04T17:00Z,BE,11772
2024-01-04T18:00Z,BE,11390
2024-01-04T19:00Z,BE,10807
2024-01-04T20:00Z,BE,10125
2024-01-04T21:00Z,BE,9460
2024-01-04T22:00Z,BE,8747
2024-01-04T23:00Z,BE,8346
2024-01-05T00:00Z,BE,7978
2024-01-05T01:00Z,BE,7759
2024-01-05T02:00Z,BE,7754
2024-01-05T03:00Z,BE,7940
2024-01-05T04:00Z,BE,8631
2024-01-05T05:00Z,BE,9880
2024-01-05T06:00Z,BE,10909
2024-01-05T07:00Z,BE,11308
2024-01-05T08:00Z,BE,11388
2024-01-05T09:00Z,BE,11427
2024-01-05T10:00Z,BE,11372
2024-01-05T11:00Z,BE,11173
2024-01-05T12:00Z,BE,11061
2024-01-05T13:00Z,BE,10924
2024-01-05T14:00Z,BE,10880
2024-01-05T15:00Z,BE,11207
2024-01-05T16:00Z,BE,11794
2024-01-05T17:00Z,BE,11951
2024-01-05T18:00Z,BE,11528
2024-01-05T19:00Z,BE,10872
2024-01-05T20:00Z,BE,10260
2024-01-05T21:00Z,BE,9560
2024-01-05T22:00Z,BE,8851
2024-01-05T23:00Z,BE,7710
2024-01-06T00:00Z,BE,7560
2024-01-06T01:00Z,BE,7507
2024-01-06T02:00Z,BE,7499
2024-01-06T03:00Z,BE,7566
2024-01-06T04:00Z,BE,7965
2024-01-06T05:00Z,BE,8630
2024-01-06T06:00Z,BE,9207
2024-01-06T07:00Z,BE,9385
2024-01-06T08:00Z,BE,9426
2024-01-06T09:00Z,BE,9353
2024-01-06T10:00Z,BE,9357
2024-01-06T11:00Z,BE,9233
2024-01-06T12:00Z,BE,9172
2024-01-06T13:00Z,BE,9147
2024-01-06T14:00Z,BE,9128
2024-01-06T15:00Z,BE,9314
2024-01-06T16:00Z,BE,9699
2024-01-06T17:00Z,BE,9709
2024-01-06T18:00Z,BE,9499
2024-01-06T19:00Z,BE,9127
2024-01-06T20:00Z,BE,8795
2024-01-06T21:00Z,BE,8404
2024-01-06T22:00Z,BE,8036
2024-01-06T23:00Z,BE,6925
2024-01-07T00:00Z,BE,6774
2024-01-07T01:00Z,BE,6680
2024-01-07T02:00Z,BE,6712
2024-01-07T03:00Z,BE,6799
2024-01-07T04:00Z,BE,7158
2024-01-07T05:00Z,BE,7747
2024-01-07T06:00Z,BE,8244
2024-01-07T07:00Z,BE,8407
2024-01-07T08:00Z,BE,8451
2024-01-07T09:00Z,BE,8423
2024-01-07T10:00Z,BE,8348
2024-01-07T11:00Z,BE,8257
2024-01-07T12:00Z,BE,8171
2024-01-07T13:00Z,BE,8143
2024-01-07T14:00Z,BE,8149
2024-01-07T15:00Z,BE,8290
2024-01-07T16:00Z,BE,8574
2024-01-07T17:00Z,BE,8580
2024-01-07T18:00Z,BE,8376
2024-01-07T19:00Z,BE,8123
2024-01-07T20:00Z,BE,7831
2024-01-07T21:00Z,BE,7493
2024-01-07T22:00Z,BE,7164
2024-01-07T23:00Z,BE,7981
2024-01-08T00:00Z,BE,7671
2024-01-08T01:00Z,BE,7456
2024-01-08T02:00Z,BE,7483
2024-01-08T03:00Z,BE,7698
2024-01-08T04:00Z,BE,8403
2024-01-08T05:00Z,BE,9686
2024-01-08T06:00Z,BE,10696
2024-01-08T07:00Z,BE,11061
2024-01-08T08:00Z,BE,11154
2024-01-08T09:00Z,BE,11108
2024-01-08T10:00Z,BE,11032
2024-01-08T11:00Z,BE,10883
2024-01-08T12:00Z,BE,10792
2024-01-08T13:00Z,BE,10730
2024-01-08T14:00Z,BE,10707
2024-01-08T15:00Z,BE,10957
2024-01-08T16:00Z,BE,11550
2024-01-08T17:00Z,BE,11596
2024-01-08T18:00Z,BE,11210
2024-01-08T19:00Z,BE,10593
2024-01-08T20:00Z,BE,9957
2024-01-08T21:00Z,BE,9308
2024-01-08T22:00Z,BE,8583
2024-01-08T23:00Z,BE,7991
2024-01-09T00:00Z,BE,7746
2024-01-09T01:00Z,BE,7586
2024-01-09T02:00Z,BE,7582
2024-01-09T03:00Z,BE,7765
2024-01-09T04:00Z,BE,8452
2024-01-09T05:00Z,BE,9652
2024-01-09T06:00Z,BE,10705
2024-01-09T07:00Z,BE,11087
2024-01-09T08:00Z,BE,11180
2024-01-09T09:00Z,BE,11161
2024-01-09T10:00Z,BE,11063
2024-01-09T11:00Z,BE,10868
2024-01-09T12:00Z,BE,10764
2024-01-09T13:00Z,BE,10681
2024-01-09T14:00Z,BE,10710
2024-01-09T15:00Z,BE,11001
2024-01-09T16:00Z,BE,11613
2024-01-09T17:00Z,BE,11697
2024-01-09T18:00Z,BE,11306
2024-01-09T19:00Z,BE,10678
2024-01-09T20:00Z,BE,10095
2024-01-09T21:00Z,BE,9369
2024-01-09T22:00Z,BE,8714
2024-01-09T23:00Z,BE,8161
2024-01-10T00:00Z,BE,7830
2024-01-10T01:00Z,BE,7588
2024-01-10T02:00Z,BE,7586
2024-01-10T03:00Z,BE,7806
2024-01-10T04:00Z,BE,8516
2024-01-10T05:00Z,BE,9729
2024-01-10T06:00Z,BE,10766
2024-01-10T07:00Z,BE,11168
2024-01-10T08:00Z,BE,11320
2024-01-10T09:00Z,BE,11356
2024-01-10T10:00Z,BE,11232
2024-01-10T11:00Z,BE,11060
2024-01-10T12:00Z,BE,10944
2024-01-10T13:00Z,BE,10817
2024-01-10T14:00Z,BE,10833
2024-01-10T15:00Z,BE,11154
2024-01-10T16:00Z,BE,11783
2024-01-10T17:00Z,BE,11850
2024-01-10T18:00Z,BE,11412
2024-01-10T19:00Z,BE,10761
2024-01-10T20:00Z,BE,10181
2024-01-10T21:00Z,BE,9469
2024-01-10T22:00Z,BE,8745
2024-01-10T23:00Z,BE,8140
2024-01-11T00:00Z,BE,7834
2024-01-11T01:00Z,BE,7648
2024-01-11T02:00Z,BE,7636
2024-01-11T03:00Z,BE,7798
2024-01-11T04:00Z,BE,8473
2024-01-11T05:00Z,BE,9709
2024-01-11T06:00Z,BE,10734
2024-01-11T07:00Z,BE,11082
2024-01-11T08:00Z,BE,11149
2024-01-11T09:00Z,BE,11216
2024-01-11T10:00Z,BE,11103
2024-01-11T11:00Z,BE,10907
2024-01-11T12:00Z,BE,10784
2024-01-11T13:00Z,BE,10692
2024-01-11T14:00Z,BE,10732
2024-01-11T15:00Z,BE,11005
2024-01-11T16:00Z,BE,11645
2024-01-11T17:00Z,BE,11713
2024-01-11T18:00Z,BE,11237
2024-01-11T19:00Z,BE,10680
2024-01-11T20:00Z,BE,10103
2024-01-11T21:00Z,BE,9411
2024-01-11T22:00Z,BE,8683
2024-01-11T23:00Z,BE,8094
2024-01-12T00:00Z,BE,7802
2024-01-12T01:00Z,BE,7598
2024-01-12T02:00Z,BE,7622
2024-01-12T03:00Z,BE,7842
2024-01-12T04:00Z,BE,8579
2024-01-12T05:00Z,BE,9843
2024-01-12T06:00Z,BE,10777
2024-01-12T07:00Z,BE,11132
2024-01-12T08:00Z,BE,11225
2024-01-12T09:00Z,BE,11214
2024-01-12T10:00Z,BE,11141
2024-01-12T11:00Z,BE,10970
2024-01-12T12:00Z,BE,10867
2024-01-12T13:00Z,BE,10752
2024-01-12T14:00Z,BE,10807
2024-01-12T15:00Z,BE,11058
2024-01-12T16:00Z,BE,11642
2024-01-12T17:00Z,BE,11738
2024-01-12T18:00Z,BE,11279
2024-01-12T19:00Z,BE,10695
2024-01-12T20:00Z,BE,10147
2024-01-12T21:00Z,BE,9464
2024-01-12T22:00Z,BE,8776
2024-01-12T23:00Z,BE,7940
2024-01-13T00:00Z,BE,7762
2024-01-13T01:00Z,BE,7658
2024-01-13T02:00Z,BE,7641
2024-01-13T03:00Z,BE,7747
2024-01-13T04:00Z,BE,8123
2024-01-13T05:00Z,BE,8795
2024-01-13T06:00Z,BE,9365
2024-01-13T07:00Z,BE,9586
2024-01-13T08:00Z,BE,9647
2024-01-13T09:00Z,BE,9642
2024-01-13T10:00Z,BE,9591
2024-01-13T11:00Z,BE,9484
2024-01-13T12:00Z,BE,9395
2024-01-13T13:00Z,BE,9359
2024-01-13T14:00Z,BE,9325
2024-01-13T15:00Z,BE,9523
2024-01-13T16:00Z,BE,9840
2024-01-13T17:00Z,BE,9837
2024-01-13T18:00Z,BE,9616
2024-01-13T19:00Z,BE,9316
2024-01-13T20:00Z,BE,9053
2024-01-13T21:00Z,BE,8688
2024-01-13T22:00Z,BE,8308
2024-01-13T23:00Z,BE,7193
2024-01-14T00:00Z,BE,7015
2024-01-14T01:00Z,BE,6935
2024-01-14T02:00Z,BE,6942
2024-01-14T03:00Z,BE,7040
2024-01-14T04:00Z,BE,7363
2024-01-14T05:00Z,BE,7970
2024-01-14T06:00Z,BE,8475
2024-01-14T07:00Z,BE,8689
2024-01-14T08:00Z,BE,8711
2024-01-14T09:00Z,BE,8713
2024-01-14T10:00Z,BE,8671
2024-01-14T11:00Z,BE,8554
2024-01-14T12:00Z,BE,8481
2024-01-14T13:00Z,BE,8457
2024-01-14T14:00Z,BE,8409
2024-01-14T15:00Z,BE,8581
2024-01-14T16:00Z,BE,8840
2024-01-14T17:00Z,BE,8886
2024-01-14T18:00Z,BE,8720
2024-01-14T19:00Z,BE,8415
2024-01-14T20:00Z,BE,8104
2024-01-14T21:00Z,BE,7780
2024-01-14T22:00Z,BE,7408
2024-01-14T23:00Z,BE,8285
2024-01-15T00:00Z,BE,7987
2024-01-15T01:00Z,BE,7787
2024-01-15T02:00Z,BE,7838
2024-01-15T03:00Z,BE,8037
2024-01-15T04:00Z,BE,8747
2024-01-15T05:00Z,BE,9979
2024-01-15T06:00Z,BE,11037
2024-01-15T07:00Z,BE,11486
2024-01-15T08:00Z,BE,11573
2024-01-15T09:00Z,BE,11604
2024-01-15T10:00Z,BE,11462
2024-01-15T11:00Z,BE,11244
2024-01-15T12:00Z,BE,11175
2024-01-15T13:00Z,BE,11013
2024-01-15T14:00Z,BE,11082
2024-01-15T15:00Z,BE,11412
2024-01-15T16:00Z,BE,12025
2024-01-15T17:00Z,BE,12135
2024-01-15T18:00Z,BE,11735
2024-01-15T19:00Z,BE,11096
2024-01-15T20:00Z,BE,10466
2024-01-15T21:00Z,BE,9710
2024-01-15T22:00Z,BE,8960
2024-01-15T23:00Z,BE,8462
2024-01-16T00:00Z,BE,8160
2024-01-16T01:00Z,BE,7920
2024-01-16T02:00Z,BE,7923
2024-01-16T03:00Z,BE,8147
2024-01-16T04:00Z,BE,8934
2024-01-16T05:00Z,BE,10205
2024-01-16T06:00Z,BE,11225
2024-01-16T07:00Z,BE,11706
2024-01-16T08:00Z,BE,11829
2024-01-16T09:00Z,BE,11754
2024-01-16T10:00Z,BE,11721
2024-01-16T11:00Z,BE,11505
2024-01-16T12:00Z,BE,11401
2024-01-16T13:00Z,BE,11258
2024-01-16T14:00Z,BE,11253
2024-01-16T15:00Z,BE,11560
2024-01-16T16:00Z,BE,12162
2024-01-16T17:00Z,BE,12253
2024-01-16T18:00Z,BE,11860
2024-01-16T19:00Z,BE,11188
2024-01-16T20:00Z,BE,10586
2024-01-16T21:00Z,BE,9878
2024-01-16T22:00Z,BE,9094
2024-01-16T23:00Z,BE,8664
2024-01-17T00:00Z,BE,8333
2024-01-17T01:00Z,BE,8086
2024-01-17T02:00Z,BE,8109
2024-01-17T03:00Z,BE,8349
2024-01-17T04:00Z,BE,9124
2024-01-17T05:00Z,BE,10432
2024-01-17T06:00Z,BE,11533
2024-01-17T07:00Z,BE,11868
2024-01-17T08:00Z,BE,11965
2024-01-17T09:00Z,BE,11950
2024-01-17T10:00Z,BE,11895
2024-01-17T11:00Z,BE,11651
2024-01-17T12:00Z,BE,11519
2024-01-17T13:00Z,BE,11417
2024-01-17T14:00Z,BE,11474
2024-01-17T15:00Z,BE,11749
2024-01-17T16:00Z,BE,12414
2024-01-17T17:00Z,BE,12515
2024-01-17T18:00Z,BE,12072
2024-01-17T19:00Z,BE,11438
2024-01-17T20:00Z,BE,10776
2024-01-17T21:00Z,BE,10000
2024-01-17T22:00Z,BE,9247
2024-01-17T23:00Z,BE,8584
2024-01-18T00:00Z,BE,8250
2024-01-18T01:00Z,BE,8047
2024-01-18T02:00Z,BE,8036
2024-01-18T03:00Z,BE,8248
2024-01-18T04:00Z,BE,9017
2024-01-18T05:00Z,BE,10294
2024-01-18T06:00Z,BE,11320
2024-01-18T07:00Z,BE,11710
2024-01-18T08:00Z,BE,11865
2024-01-18T09:00Z,BE,11862
2024-01-18T10:00Z,BE,11842
2024-01-18T11:00Z,BE,11609
2024-01-18T12:00Z,BE,11509
2024-01-18T13:00Z,BE,11453
2024-01-18T14:00Z,BE,11416
2024-01-18T15:00Z,BE,11708
2024-01-18T16:00Z,BE,12341
2024-01-18T17:00Z,BE,12479
2024-01-18T18:00Z,BE,12064
2024-01-18T19:00Z,BE,11435
2024-01-18T20:00Z,BE,10736
2024-01-18T21:00Z,BE,10037
2024-01-18T22:00Z,BE,9293
2024-01-18T23:00Z,BE,8597
2024-01-19T00:00Z,BE,8255
2024-01-19T01:00Z,BE,8030
2024-01-19T02:00Z,BE,8007
2024-01-19T03:00Z,BE,8272
2024-01-19T04:00Z,BE,9020
2024-01-19T05:00Z,BE,10263
2024-01-19T06:00Z,BE,11329
2024-01-19T07:00Z,BE,11816
2024-01-19T08:00Z,BE,11885
2024-01-19T09:00Z,BE,11896
2024-01-19T10:00Z,BE,11805
2024-01-19T11:00Z,BE,11575
2024-01-19T12:00Z,BE,11425
2024-01-19T13:00Z,BE,11334
2024-01-19T14:00Z,BE,11350
2024-01-19T15:00Z,BE,11653
2024-01-19T16:00Z,BE,12323
2024-01-19T17:00Z,BE,12335
2024-01-19T18:00Z,BE,11904
2024-01-19T19:00Z,BE,11268
2024-01-19T20:00Z,BE,10659
2024-01-19T21:00Z,BE,9974
2024-01-19T22:00Z,BE,9259
2024-01-19T23:00Z,BE,8245
2024-01-20T00:00Z,BE,8096
2024-01-20T01:00Z,BE,7969
2024-01-20T02:00Z,BE,7931
2024-01-20T03:00Z,BE,8039
2024-01-20T04:00Z,BE,8435
2024-01-20T05:00Z,BE,9109
2024-01-20T06:00Z,BE,9681
2024-01-20T07:00Z,BE,9908
2024-01-20T08:00Z,BE,9962
2024-01-20T09:00Z,BE,9904
2024-01-20T10:00Z,BE,9850
2024-01-20T11:00Z,BE,9770
2024-01-20T12:00Z,BE,9721
2024-01-20T13:00Z,BE,9643
2024-01-20T14:00Z,BE,9661
2024-01-20T15:00Z,BE,9862
2024-01-20T16:00Z,BE,10200
2024-01-20T17:00Z,BE,10276
2024-01-20T18:00Z,BE,10039
2024-01-20T19:00Z,BE,9712
2024-01-20T20:00Z,BE,9387
2024-01-20T21:00Z,BE,8962
2024-01-20T22:00Z,BE,8543
2024-01-20T23:00Z,BE,7407
2024-01-21T00:00Z,BE,7279
2024-01-21T01:00Z,BE,7157
2024-01-21T02:00Z,BE,7171
2024-01-21T03:00Z,BE,7248
2024-01-21T04:00Z,BE,7590
2024-01-21T05:00Z,BE,8203
2024-01-21T06:00Z,BE,8737
2024-01-21T07:00Z,BE,8960
2024-01-21T08:00Z,BE,9019
2024-01-21T09:00Z,BE,8974
2024-01-21T10:00Z,BE,8939
2024-01-21T11:00Z,BE,8838
2024-01-21T12:00Z,BE,8789
2024-01-21T13:00Z,BE,8748
2024-01-21T14:00Z,BE,8750
2024-01-21T15:00Z,BE,8889
2024-01-21T16:00Z,BE,9141
2024-01-21T17:00Z,BE,9174
2024-01-21T18:00Z,BE,9009
2024-01-21T19:00Z,BE,8687
2024-01-21T20:00Z,BE,8411
2024-01-21T21:00Z,BE,8069
2024-01-21T22:00Z,BE,7756
2024-01-21T23:00Z,BE,8155
2024-01-22T00:00Z,BE,7859
2024-01-22T01:00Z,BE,7636
2024-01-22T02:00Z,BE,7631
2024-01-22T03:00Z,BE,7811
2024-01-22T04:00Z,BE,8501
2024-01-22T05:00Z,BE,9724
2024-01-22T06:00Z,BE,10719
2024-01-22T07:00Z,BE,11126
2024-01-22T08:00Z,BE,11264
2024-01-22T09:00Z,BE,11275
2024-01-22T10:00Z,BE,11177
2024-01-22T11:00Z,BE,11015
2024-01-22T12:00Z,BE,10926
2024-01-22T13:00Z,BE,10812
2024-01-22T14:00Z,BE,10809
2024-01-22T15:00Z,BE,11140
2024-01-22T16:00Z,BE,11706
2024-01-22T17:00Z,BE,11818
2024-01-22T18:00Z,BE,11345
2024-01-22T19:00Z,BE,10744
2024-01-22T20:00Z,BE,10180
2024-01-22T21:00Z,BE,9434
2024-01-22T22:00Z,BE,8718
2024-01-22T23:00Z,BE,8024
2024-01-23T00:00Z,BE,7728
2024-01-23T01:00Z,BE,7508
2024-01-23T02:00Z,BE,7486
2024-01-23T03:00Z,BE,7707
2024-01-23T04:00Z,BE,8438
2024-01-23T05:00Z,BE,9613
2024-01-23T06:00Z,BE,10658
2024-01-23T07:00Z,BE,11045
2024-01-23T08:00Z,BE,11152
2024-01-23T09:00Z,BE,11135
2024-01-23T10:00Z,BE,11052
2024-01-23T11:00Z,BE,10875
2024-01-23T12:00Z,BE,10754
2024-01-23T13:00Z,BE,10637
2024-01-23T14:00Z,BE,10606
2024-01-23T15:00Z,BE,10921
2024-01-23T16:00Z,BE,11520
2024-01-23T17:00Z,BE,11665
2024-01-23T18:00Z,BE,11293
2024-01-23T19:00Z,BE,10662
2024-01-23T20:00Z,BE,10028
2024-01-23T21:00Z,BE,9367
2024-01-23T22:00Z,BE,8671
2024-01-23T23:00Z,BE,7768
2024-01-24T00:00Z,BE,7475
2024-01-24T01:00Z,BE,7300
2024-01-24T02:00Z,BE,7329
2024-01-24T03:00Z,BE,7519
2024-01-24T04:00Z,BE,8172
2024-01-24T05:00Z,BE,9386
2024-01-24T06:00Z,BE,10391
2024-01-24T07:00Z,BE,10778
2024-01-24T08:00Z,BE,10822
2024-01-24T09:00Z,BE,10838
2024-01-24T10:00Z,BE,10792
2024-01-24T11:00Z,BE,10643
2024-01-24T12:00Z,BE,10502
2024-01-24T13:00Z,BE,10385
2024-01-24T14:00Z,BE,10403
2024-01-24T15:00Z,BE,10652
2024-01-24T16:00Z,BE,11211
2024-01-24T17:00Z,BE,11288
2024-01-24T18:00Z,BE,10939
2024-01-24T19:00Z,BE,10365
2024-01-24T20:00Z,BE,9747
2024-01-24T21:00Z,BE,9079
2024-01-24T22:00Z,BE,8436
2024-01-24T23:00Z,BE,7713
2024-01-25T00:00Z,BE,7427
2024-01-25T01:00Z,BE,7219
2024-01-25T02:00Z,BE,7237
2024-01-25T03:00Z,BE,7417
2024-01-25T04:00Z,BE,8016
2024-01-25T05:00Z,BE,9171
2024-01-25T06:00Z,BE,10186
2024-01-25T07:00Z,BE,10559
2024-01-25T08:00Z,BE,10685
2024-01-25T09:00Z,BE,10657
2024-01-25T10:00Z,BE,10580
2024-01-25T11:00Z,BE,10395
2024-01-25T12:00Z,BE,10294
2024-01-25T13:00Z,BE,10230
2024-01-25T14:00Z,BE,10203
2024-01-25T15:00Z,BE,10416
2024-01-25T16:00Z,BE,11036
2024-01-25T17:00Z,BE,11163
2024-01-25T18:00Z,BE,10741
2024-01-25T19:00Z,BE,10206
2024-01-25T20:00Z,BE,9589
2024-01-25T21:00Z,BE,8941
2024-01-25T22:00Z,BE,8305
2024-01-25T23:00Z,BE,7595
2024-01-26T00:00Z,BE,7306
2024-01-26T01:00Z,BE,7115
2024-01-26T02:00Z,BE,7118
2024-01-26T03:00Z,BE,7273
2024-01-26T04:00Z,BE,7951
2024-01-26T05:00Z,BE,9130
2024-01-26T06:00Z,BE,10092
2024-01-26T07:00Z,BE,10452
2024-01-26T08:00Z,BE,10539
2024-01-26T09:00Z,BE,10590
2024-01-26T10:00Z,BE,10437
2024-01-26T11:00Z,BE,10220
2024-01-26T12:00Z,BE,10116
2024-01-26T13:00Z,BE,10038
2024-01-26T14:00Z,BE,10076
2024-01-26T15:00Z,BE,10338
2024-01-26T16:00Z,BE,10884
2024-01-26T17:00Z,BE,11030
2024-01-26T18:00Z,BE,10625
2024-01-26T19:00Z,BE,10029
2024-01-26T20:00Z,BE,9426
2024-01-26T21:00Z,BE,8777
2024-01-26T22:00Z,BE,8070
2024-01-26T23:00Z,BE,7327
2024-01-27T00:00Z,BE,7172
2024-01-27T01:00Z,BE,7056
2024-01-27T02:00Z,BE,7081
2024-01-27T03:00Z,BE,7184
2024-01-27T04:00Z,BE,7536
2024-01-27T05:00Z,BE,8193
2024-01-27T06:00Z,BE,8697
2024-01-27T07:00Z,BE,8862
2024-01-27T08:00Z,BE,8976
2024-01-27T09:00Z,BE,8979
2024-01-27T10:00Z,BE,8882
2024-01-27T11:00Z,BE,8747
2024-01-27T12:00Z,BE,8715
2024-01-27T13:00Z,BE,8685
2024-01-27T14:00Z,BE,8705
2024-01-27T15:00Z,BE,8860
2024-01-27T16:00Z,BE,9153
2024-01-27T17:00Z,BE,9197
2024-01-27T18:00Z,BE,8974
2024-01-27T19:00Z,BE,8672
2024-01-27T20:00Z,BE,8377
2024-01-27T21:00Z,BE,8046
2024-01-27T22:00Z,BE,7686
2024-01-27T23:00Z,BE,6687
2024-01-28T00:00Z,BE,6566
2024-01-28T01:00Z,BE,6490
2024-01-28T02:00Z,BE,6496
2024-01-28T03:00Z,BE,6567
2024-01-28T04:00Z,BE,6920
2024-01-28T05:00Z,BE,7469
2024-01-28T06:00Z,BE,7920
2024-01-28T07:00Z,BE,8085
2024-01-28T08:00Z,BE,8136
2024-01-28T09:00Z,BE,8111
2024-01-28T10:00Z,BE,8091
2024-01-28T11:00Z,BE,7999
2024-01-28T12:00Z,BE,7933
2024-01-28T13:00Z,BE,7941
2024-01-28T14:00Z,BE,7934
2024-01-28T15:00Z,BE,8088
2024-01-28T16:00Z,BE,8358
2024-01-28T17:00Z,BE,8373
2024-01-28T18:00Z,BE,8169
2024-01-28T19:00Z,BE,7887
2024-01-28T20:00Z,BE,7650
2024-01-28T21:00Z,BE,7317
2024-01-28T22:00Z,BE,6972
2024-01-28T23:00Z,BE,7753
2024-01-29T00:00Z,BE,7476
2024-01-29T01:00Z,BE,7241
2024-01-29T02:00Z,BE,7263
2024-01-29T03:00Z,BE,7480
2024-01-29T04:00Z,BE,8183
2024-01-29T05:00Z,BE,9321
2024-01-29T06:00Z,BE,10269
2024-01-29T07:00Z,BE,10743
2024-01-29T08:00Z,BE,10830
2024-01-29T09:00Z,BE,10889
2024-01-29T10:00Z,BE,10786
2024-01-29T11:00Z,BE,10502
2024-01-29T12:00Z,BE,10372
2024-01-29T13:00Z,BE,10299
2024-01-29T14:00Z,BE,10334
2024-01-29T15:00Z,BE,10598
2024-01-29T16:00Z,BE,11171
2024-01-29T17:00Z,BE,11276
2024-01-29T18:00Z,BE,10895
2024-01-29T19:00Z,BE,10235
2024-01-29T20:00Z,BE,9667
2024-01-29T21:00Z,BE,9026
2024-01-29T22:00Z,BE,8344
2024-01-29T23:00Z,BE,7968
2024-01-30T00:00Z,BE,7641
2024-01-30T01:00Z,BE,7440
2024-01-30T02:00Z,BE,7443
2024-01-30T03:00Z,BE,7607
2024-01-30T04:00Z,BE,8311
2024-01-30T05:00Z,BE,9499
2024-01-30T06:00Z,BE,10477
2024-01-30T07:00Z,BE,10912
2024-01-30T08:00Z,BE,11074
2024-01-30T09:00Z,BE,11077
2024-01-30T10:00Z,BE,10945
2024-01-30T11:00Z,BE,10798
2024-01-30T12:00Z,BE,10700
2024-01-30T13:00Z,BE,10605
2024-01-30T14:00Z,BE,10585
2024-01-30T15:00Z,BE,10864
2024-01-30T16:00Z,BE,11441
2024-01-30T17:00Z,BE,11591
2024-01-30T18:00Z,BE,11185
2024-01-30T19:00Z,BE,10615
2024-01-30T20:00Z,BE,9995
2024-01-30T21:00Z,BE,9264
2024-01-30T22:00Z,BE,8545
2024-01-30T23:00Z,BE,7945
2024-01-31T00:00Z,BE,7669
2024-01-31T01:00Z,BE,7493
2024-01-31T02:00Z,BE,7463
2024-01-31T03:00Z,BE,7646
2024-01-31T04:00Z,BE,8311
2024-01-31T05:00Z,BE,9457
2024-01-31T06:00Z,BE,10417
2024-01-31T07:00Z,BE,10858
2024-01-31T08:00Z,BE,10949
2024-01-31T09:00Z,BE,10986
2024-01-31T10:00Z,BE,10895
2024-01-31T11:00Z,BE,10696
2024-01-31T12:00Z,BE,10620
2024-01-31T13:00Z,BE,10516
2024-01-31T14:00Z,BE,10526
2024-01-31T15:00Z,BE,10801
2024-01-31T16:00Z,BE,11436
2024-01-31T17:00Z,BE,11520
2024-01-31T18:00Z,BE,11130
2024-01-31T19:00Z,BE,10523
2024-01-31T20:00Z,BE,9947
2024-01-31T21:00Z,BE,9257
2024-01-31T22:00Z,BE,8579
2024-01-31T23:00Z,BE,8033
2024-02-01T00:00Z,BE,7743
2024-02-01T01:00Z,BE,7569
2024-02-01T02:00Z,BE,7554
2024-02-01T03:00Z,BE,7710
2024-02-01T04:00Z,BE,8410
2024-02-01T05:00Z,BE,9548
2024-02-01T06:00Z,BE,10542
2024-02-01T07:00Z,BE,10986
2024-02-01T08:00Z,BE,11122
2024-02-01T09:00Z,BE,11118
2024-02-01T10:00Z,BE,11023
2024-02-01T11:00Z,BE,10826
2024-02-01T12:00Z,BE,10746
2024-02-01T13:00Z,BE,10648
2024-02-01T14:00Z,BE,10696
2024-02-01T15:00Z,BE,10987
2024-02-01T16:00Z,BE,11632
2024-02-01T17:00Z,BE,11711
2024-02-01T18:00Z,BE,11309
2024-02-01T19:00Z,BE,10671
2024-02-01T20:00Z,BE,10096
2024-02-01T21:00Z,BE,9307
2024-02-01T22:00Z,BE,8587
2024-02-01T23:00Z,BE,8032
2024-02-02T00:00Z,BE,7739
2024-02-02T01:00Z,BE,7586
2024-02-02T02:00Z,BE,7538
2024-02-02T03:00Z,BE,7783
2024-02-02T04:00Z,BE,8490
2024-02-02T05:00Z,BE,9721
2024-02-02T06:00Z,BE,10751
2024-02-02T07:00Z,BE,11170
2024-02-02T08:00Z,BE,11248
2024-02-02T09:00Z,BE,11193
2024-02-02T10:00Z,BE,11134
2024-02-02T11:00Z,BE,10934
2024-02-02T12:00Z,BE,10846
2024-02-02T13:00Z,BE,10719
2024-02-02T14:00Z,BE,10700
2024-02-02T15:00Z,BE,10968
2024-02-02T16:00Z,BE,11566
2024-02-02T17:00Z,BE,11650
2024-02-02T18:00Z,BE,11311
2024-02-02T19:00Z,BE,10694
2024-02-02T20:00Z,BE,10042
2024-02-02T21:00Z,BE,9337
2024-02-02T22:00Z,BE,8653
2024-02-02T23:00Z,BE,7703
2024-02-03T00:00Z,BE,7540
2024-02-03T01:00Z,BE,7419
2024-02-03T02:00Z,BE,7451
2024-02-03T03:00Z,BE,7567
2024-02-03T04:00Z,BE,7953
2024-02-03T05:00Z,BE,8536
2024-02-03T06:00Z,BE,9061
2024-02-03T07:00Z,BE,9254
2024-02-03T08:00Z,BE,9347
2024-02-03T09:00Z,BE,9362
2024-02-03T10:00Z,BE,9270
2024-02-03T11:00Z,BE,9151
2024-02-03T12:00Z,BE,9145
2024-02-03T13:00Z,BE,9088
2024-02-03T14:00Z,BE,9083
2024-02-03T15:00Z,BE,9255
2024-02-03T16:00Z,BE,9522
2024-02-03T17:00Z,BE,9578
2024-02-03T18:00Z,BE,9388
2024-02-03T19:00Z,BE,9069
2024-02-03T20:00Z,BE,8755
2024-02-03T21:00Z,BE,8407
2024-02-03T22:00Z,BE,8038
2024-02-03T23:00Z,BE,7445
2024-02-04T00:00Z,BE,7292
2024-02-04T01:00Z,BE,7187
2024-02-04T02:00Z,BE,7194
2024-02-04T03:00Z,BE,7303
2024-02-04T04:00Z,BE,7661
2024-02-04T05:00Z,BE,8241
2024-02-04T06:00Z,BE,8711
2024-02-04T07:00Z,BE,8963
2024-02-04T08:00Z,BE,9036
2024-02-04T09:00Z,BE,9053
2024-02-04T10:00Z,BE,8984
2024-02-04T11:00Z,BE,8837
2024-02-04T12:00Z,BE,8756
2024-02-04T13:00Z,BE,8734
2024-02-04T14:00Z,BE,8757
2024-02-04T15:00Z,BE,8916
2024-02-04T16:00Z,BE,9155
2024-02-04T17:00Z,BE,9211
2024-02-04T18:00Z,BE,9019
2024-02-04T19:00Z,BE,8744
2024-02-04T20:00Z,BE,8492
2024-02-04T21:00Z,BE,8109
2024-02-04T22:00Z,BE,7755
2024-02-04T23:00Z,BE,8741
2024-02-05T00:00Z,BE,8360
2024-02-05T01:00Z,BE,8166
2024-02-05T02:00Z,BE,8137
2024-02-05T03:00Z,BE,8347
2024-02-05T04:00Z,BE,9090
2024-02-05T05:00Z,BE,10378
2024-02-05T06:00Z,BE,11496
2024-02-05T07:00Z,BE,11937
2024-02-05T08:00Z,BE,12054
2024-02-05T09:00Z,BE,12078
2024-02-05T10:00Z,BE,11988
2024-02-05T11:00Z,BE,11815
2024-02-05T12:00Z,BE,11703
2024-02-05T13:00Z,BE,11600
2024-02-05T14:00Z,BE,11648
2024-02-05T15:00Z,BE,11947
2024-02-05T16:00Z,BE,12531
2024-02-05T17:00Z,BE,12699
2024-02-05T18:00Z,BE,12263
2024-02-05T19:00Z,BE,11600
2024-02-05T20:00Z,BE,10919
2024-02-05T21:00Z,BE,10135
2024-02-05T22:00Z,BE,9381
2024-02-05T23:00Z,BE,8768
2024-02-06T00:00Z,BE,8476
2024-02-06T01:00Z,BE,8208
2024-02-06T02:00Z,BE,8210
2024-02-06T03:00Z,BE,8410
2024-02-06T04:00Z,BE,9122
2024-02-06T05:00Z,BE,10361
2024-02-06T06:00Z,BE,11409
2024-02-06T07:00Z,BE,11869
2024-02-06T08:00Z,BE,12033
2024-02-06T09:00Z,BE,11974
2024-02-06T10:00Z,BE,11904
2024-02-06T11:00Z,BE,11750
2024-02-06T12:00Z,BE,11598
2024-02-06T13:00Z,BE,11538
2024-02-06T14:00Z,BE,11502
2024-02-06T15:00Z,BE,11800
2024-02-06T16:00Z,BE,12450
2024-02-06T17:00Z,BE,12546
2024-02-06T18:00Z,BE,12117
2024-02-06T19:00Z,BE,11501
2024-02-06T20:00Z,BE,10856
2024-02-06T21:00Z,BE,10139
2024-02-06T22:00Z,BE,9430
2024-02-06T23:00Z,BE,8825
2024-02-07T00:00Z,BE,8507
2024-02-07T01:00Z,BE,8279
2024-02-07T02:00Z,BE,8326
2024-02-07T03:00Z,BE,8514
2024-02-07T04:00Z,BE,9277
2024-02-07T05:00Z,BE,10607
2024-02-07T06:00Z,BE,11708
2024-02-07T07:00Z,BE,12134
2024-02-07T08:00Z,BE,12220
2024-02-07T09:00Z,BE,12241
2024-02-07T10:00Z,BE,12103
2024-02-07T11:00Z,BE,11948
2024-02-07T12:00Z,BE,11811
2024-02-07T13:00Z,BE,11737
2024-02-07T14:00Z,BE,11755
2024-02-07T15:00Z,BE,12055
2024-02-07T16:00Z,BE,12654
2024-02-07T17:00Z,BE,12812
2024-02-07T18:00Z,BE,12370
2024-02-07T19:00Z,BE,11708
2024-02-07T20:00Z,BE,11076
2024-02-07T21:00Z,BE,10321
2024-02-07T22:00Z,BE,9508
2024-02-07T23:00Z,BE,8674
2024-02-08T00:00Z,BE,8352
2024-02-08T01:00Z,BE,8113
2024-02-08T02:00Z,BE,8106
2024-02-08T03:00Z,BE,8363
2024-02-08T04:00Z,BE,9133
2024-02-08T05:00Z,BE,10392
2024-02-08T06:00Z,BE,11416
2024-02-08T07:00Z,BE,11840
2024-02-08T08:00Z,BE,11914
2024-02-08T09:00Z,BE,11906
2024-02-08T10:00Z,BE,11768
2024-02-08T11:00Z,BE,11555
2024-02-08T12:00Z,BE,11485
2024-02-08T13:00Z,BE,11444
2024-02-08T14:00Z,BE,11437
2024-02-08T15:00Z,BE,11722
2024-02-08T16:00Z,BE,12349
2024-02-08T17:00Z,BE,12381
2024-02-08T18:00Z,BE,11992
2024-02-08T19:00Z,BE,11349
2024-02-08T20:00Z,BE,10759
2024-02-08T21:00Z,BE,10048
2024-02-08T22:00Z,BE,9313
2024-02-08T23:00Z,BE,8576
2024-02-09T00:00Z,BE,8231
2024-02-09T01:00Z,BE,8004
2024-02-09T02:00Z,BE,7971
2024-02-09T03:00Z,BE,8210
2024-02-09T04:00Z,BE,8903
2024-02-09T05:00Z,BE,10182
2024-02-09T06:00Z,BE,11217
2024-02-09T07:00Z,BE,11671
2024-02-09T08:00Z,BE,11797
2024-02-09T09:00Z,BE,11851
2024-02-09T10:00Z,BE,11704
2024-02-09T11:00Z,BE,11505
2024-02-09T12:00Z,BE,11372
2024-02-09T13:00Z,BE,11334
2024-02-09T14:00Z,BE,11377
2024-02-09T15:00Z,BE,11642
2024-02-09T16:00Z,BE,12179
2024-02-09T17:00Z,BE,12275
2024-02-09T18:00Z,BE,11886
2024-02-09T19:00Z,BE,11317
2024-02-09T20:00Z,BE,10661
2024-02-09T21:00Z,BE,9898
2024-02-09T22:00Z,BE,9131
2024-02-09T23:00Z,BE,8056
2024-02-10T00:00Z,BE,7891
2024-02-10T01:00Z,BE,7785
2024-02-10T02:00Z,BE,7752
2024-02-10T03:00Z,BE,7853
2024-02-10T04:00Z,BE,8253
2024-02-10T05:00Z,BE,8941
2024-02-10T06:00Z,BE,9512
2024-02-10T07:00Z,BE,9739
2024-02-10T08:00Z,BE,9770
2024-02-10T09:00Z,BE,9729
2024-02-10T10:00Z,BE,9697
2024-02-10T11:00Z,BE,9610
2024-02-10T12:00Z,BE,9585
2024-02-10T13:00Z,BE,9484
2024-02-10T14:00Z,BE,9462
2024-02-10T15:00Z,BE,9666
2024-02-10T16:00Z,BE,10018
2024-02-10T17:00Z,BE,10032
2024-02-10T18:00Z,BE,9850
2024-02-10T19:00Z,BE,9548
2024-02-10T20:00Z,BE,9205
2024-02-10T21:00Z,BE,8852
2024-02-10T22:00Z,BE,8433
2024-02-10T23:00Z,BE,7272
2024-02-11T00:00Z,BE,7070
2024-02-11T01:00Z,BE,6959
2024-02-11T02:00Z,BE,6973
2024-02-11T03:00Z,BE,7118
2024-02-11T04:00Z,BE,7436
2024-02-11T05:00Z,BE,8001
2024-02-11T06:00Z,BE,8469
2024-02-11T07:00Z,BE,8677
2024-02-11T08:00Z,BE,8714
2024-02-11T09:00Z,BE,8729
2024-02-11T10:00Z,BE,8715
2024-02-11T11:00Z,BE,8627
2024-02-11T12:00Z,BE,8619
2024-02-11T13:00Z,BE,8547
2024-02-11T14:00Z,BE,8489
2024-02-11T15:00Z,BE,8640
2024-02-11T16:00Z,BE,8916
2024-02-11T17:00Z,BE,8996
2024-02-11T18:00Z,BE,8792
2024-02-11T19:00Z,BE,8564
2024-02-11T20:00Z,BE,8225
2024-02-11T21:00Z,BE,7896
2024-02-11T22:00Z,BE,7525
2024-02-11T23:00Z,BE,8245
2024-02-12T00:00Z,BE,7953
2024-02-12T01:00Z,BE,7736
2024-02-12T02:00Z,BE,7737
2024-02-12T03:00Z,BE,7870
2024-02-12T04:00Z,BE,8603
2024-02-12T05:00Z,BE,9805
2024-02-12T06:00Z,BE,10829
2024-02-12T07:00Z,BE,11224
2024-02-12T08:00Z,BE,11336
2024-02-12T09:00Z,BE,11298
2024-02-12T10:00Z,BE,11207
2024-02-12T11:00Z,BE,11037
2024-02-12T12:00Z,BE,11008
2024-02-12T13:00Z,BE,10884
2024-02-12T14:00Z,BE,10867
2024-02-12T15:00Z,BE,11190
2024-02-12T16:00Z,BE,11770
2024-02-12T17:00Z,BE,11872
2024-02-12T18:00Z,BE,11493
2024-02-12T19:00Z,BE,10846
2024-02-12T20:00Z,BE,10234
2024-02-12T21:00Z,BE,9525
2024-02-12T22:00Z,BE,8812
2024-02-12T23:00Z,BE,8236
2024-02-13T00:00Z,BE,7931
2024-02-13T01:00Z,BE,7702
2024-02-13T02:00Z,BE,7695
2024-02-13T03:00Z,BE,7907
2024-02-13T04:00Z,BE,8604
2024-02-13T05:00Z,BE,9811
2024-02-13T06:00Z,BE,10826
2024-02-13T07:00Z,BE,11254
2024-02-13T08:00Z,BE,11354
2024-02-13T09:00Z,BE,11443
2024-02-13T10:00Z,BE,11342
2024-02-13T11:00Z,BE,11145
2024-02-13T12:00Z,BE,11031
2024-02-13T13:00Z,BE,10969
2024-02-13T14:00Z,BE,10969
2024-02-13T15:00Z,BE,11258
2024-02-13T16:00Z,BE,11853
2024-02-13T17:00Z,BE,12012
2024-02-13T18:00Z,BE,11591
2024-02-13T19:00Z,BE,11019
2024-02-13T20:00Z,BE,10421
2024-02-13T21:00Z,BE,9683
2024-02-13T22:00Z,BE,8938
2024-02-13T23:00Z,BE,8170
2024-02-14T00:00Z,BE,7865
2024-02-14T01:00Z,BE,7653
2024-02-14T02:00Z,BE,7659
2024-02-14T03:00Z,BE,7845
2024-02-14T04:00Z,BE,8558
2024-02-14T05:00Z,BE,9722
2024-02-14T06:00Z,BE,10691
2024-02-14T07:00Z,BE,11092
2024-02-14T08:00Z,BE,11178
2024-02-14T09:00Z,BE,
2024-02-14T10:00Z,BE,
2024-02-14T11:00Z,BE,10939
2024-02-14T12:00Z,BE,10868
2024-02-14T13:00Z,BE,10789
2024-02-14T14:00Z,BE,10719
2024-02-14T15:00Z,BE,11059
2024-02-14T16:00Z,BE,11598
2024-02-14T17:00Z,BE,11681
2024-02-14T18:00Z,BE,11286
2024-02-14T19:00Z,BE,10739
2024-02-14T20:00Z,BE,10199
2024-02-14T21:00Z,BE,9479
2024-02-14T22:00Z,BE,8731
2024-02-14T23:00Z,BE,8318
2024-02-15T00:00Z,BE,7956
2024-02-15T01:00Z,BE,7802
2024-02-15T02:00Z,BE,7809
2024-02-15T03:00Z,BE,7960
2024-02-15T04:00Z,BE,8657
2024-02-15T05:00Z,BE,9917
2024-02-15T06:00Z,BE,10957
2024-02-15T07:00Z,BE,11411
2024-02-15T08:00Z,BE,11511
2024-02-15T09:00Z,BE,11563
2024-02-15T10:00Z,BE,11535
2024-02-15T11:00Z,BE,11346
2024-02-15T12:00Z,BE,11205
2024-02-15T13:00Z,BE,11088
2024-02-15T14:00Z,BE,11028
2024-02-15T15:00Z,BE,11229
2024-02-15T16:00Z,BE,11789
2024-02-15T17:00Z,BE,11892
2024-02-15T18:00Z,BE,11433
2024-02-15T19:00Z,BE,10851
2024-02-15T20:00Z,BE,10231
2024-02-15T21:00Z,BE,9494
2024-02-15T22:00Z,BE,8814
2024-02-15T23:00Z,BE,8252
2024-02-16T00:00Z,BE,7947
2024-02-16T01:00Z,BE,7766
2024-02-16T02:00Z,BE,7744
2024-02-16T03:00Z,BE,7904
2024-02-16T04:00Z,BE,8617
2024-02-16T05:00Z,BE,9836
2024-02-16T06:00Z,BE,10924
2024-02-16T07:00Z,BE,11312
2024-02-16T08:00Z,BE,11418
2024-02-16T09:00Z,BE,11389
2024-02-16T10:00Z,BE,11327
2024-02-16T11:00Z,BE,11055
2024-02-16T12:00Z,BE,10986
2024-02-16T13:00Z,BE,10938
2024-02-16T14:00Z,BE,10945
2024-02-16T15:00Z,BE,11225
2024-02-16T16:00Z,BE,11786
2024-02-16T17:00Z,BE,11888
2024-02-16T18:00Z,BE,11475
2024-02-16T19:00Z,BE,10953
2024-02-16T20:00Z,BE,10416
2024-02-16T21:00Z,BE,9732
2024-02-16T22:00Z,BE,8973
2024-02-16T23:00Z,BE,7935
2024-02-17T00:00Z,BE,7783
2024-02-17T01:00Z,BE,7629
2024-02-17T02:00Z,BE,7595
2024-02-17T03:00Z,BE,7743
2024-02-17T04:00Z,BE,8105
2024-02-17T05:00Z,BE,8713
2024-02-17T06:00Z,BE,9220
2024-02-17T07:00Z,BE,9488
2024-02-17T08:00Z,BE,9549
2024-02-17T09:00Z,BE,9584
2024-02-17T10:00Z,BE,9527
2024-02-17T11:00Z,BE,9409
2024-02-17T12:00Z,BE,9312
2024-02-17T13:00Z,BE,9277
2024-02-17T14:00Z,BE,9242
2024-02-17T15:00Z,BE,9412
2024-02-17T16:00Z,BE,9660
2024-02-17T17:00Z,BE,9714
2024-02-17T18:00Z,BE,9509
2024-02-17T19:00Z,BE,9188
2024-02-17T20:00Z,BE,8878
2024-02-17T21:00Z,BE,8595
2024-02-17T22:00Z,BE,8234
2024-02-17T23:00Z,BE,7211
2024-02-18T00:00Z,BE,7071
2024-02-18T01:00Z,BE,6952
2024-02-18T02:00Z,BE,6943
2024-02-18T03:00Z,BE,7044
2024-02-18T04:00Z,BE,7364
2024-02-18T05:00Z,BE,7963
2024-02-18T06:00Z,BE,8470
2024-02-18T07:00Z,BE,8656
2024-02-18T08:00Z,BE,8753
2024-02-18T09:00Z,BE,8723
2024-02-18T10:00Z,BE,8670
2024-02-18T11:00Z,BE,8571
2024-02-18T12:00Z,BE,8514
2024-02-18T13:00Z,BE,8476
2024-02-18T14:00Z,BE,8427
2024-02-18T15:00Z,BE,8586
2024-02-18T16:00Z,BE,8845
2024-02-18T17:00Z,BE,8914
2024-02-18T18:00Z,BE,8733
2024-02-18T19:00Z,BE,8423
2024-02-18T20:00Z,BE,8168
2024-02-18T21:00Z,BE,7808
2024-02-18T22:00Z,BE,7501
2024-02-18T23:00Z,BE,7769
2024-02-19T00:00Z,BE,7471
2024-02-19T01:00Z,BE,7280
2024-02-19T02:00Z,BE,7268
2024-02-19T03:00Z,BE,7462
2024-02-19T04:00Z,BE,8122
2024-02-19T05:00Z,BE,9270
2024-02-19T06:00Z,BE,10261
2024-02-19T07:00Z,BE,10663
2024-02-19T08:00Z,BE,10808
2024-02-19T09:00Z,BE,10830
2024-02-19T10:00Z,BE,10723
2024-02-19T11:00Z,BE,10528
2024-02-19T12:00Z,BE,10411
2024-02-19T13:00Z,BE,10288
2024-02-19T14:00Z,BE,10309
2024-02-19T15:00Z,BE,10583
2024-02-19T16:00Z,BE,11093
2024-02-19T17:00Z,BE,11196
2024-02-19T18:00Z,BE,10829
2024-02-19T19:00Z,BE,10258
2024-02-19T20:00Z,BE,9677
2024-02-19T21:00Z,BE,9001
2024-02-19T22:00Z,BE,8332
2024-02-19T23:00Z,BE,8005
2024-02-20T00:00Z,BE,7677
2024-02-20T01:00Z,BE,7486
2024-02-20T02:00Z,BE,7464
2024-02-20T03:00Z,BE,7703
2024-02-20T04:00Z,BE,8360
2024-02-20T05:00Z,BE,9512
2024-02-20T06:00Z,BE,10500
2024-02-20T07:00Z,BE,10901
2024-02-20T08:00Z,BE,11083
2024-02-20T09:00Z,BE,11172
2024-02-20T10:00Z,BE,11081
2024-02-20T11:00Z,BE,10873
2024-02-20T12:00Z,BE,10720
2024-02-20T13:00Z,BE,10625
2024-02-20T14:00Z,BE,10564
2024-02-20T15:00Z,BE,10862
2024-02-20T16:00Z,BE,11386
2024-02-20T17:00Z,BE,11502
2024-02-20T18:00Z,BE,11062
2024-02-20T19:00Z,BE,10483
2024-02-20T20:00Z,BE,9937
2024-02-20T21:00Z,BE,9300
2024-02-20T22:00Z,BE,8582
2024-02-20T23:00Z,BE,8154
2024-02-21T00:00Z,BE,7853
2024-02-21T01:00Z,BE,7629
2024-02-21T02:00Z,BE,7630
2024-02-21T03:00Z,BE,7819
2024-02-21T04:00Z,BE,8513
2024-02-21T05:00Z,BE,9701
2024-02-21T06:00Z,BE,10743
2024-02-21T07:00Z,BE,11134
2024-02-21T08:00Z,BE,11246
2024-02-21T09:00Z,BE,11276
2024-02-21T10:00Z,BE,11165
2024-02-21T11:00Z,BE,11007
2024-02-21T12:00Z,BE,10918
2024-02-21T13:00Z,BE,10818
2024-02-21T14:00Z,BE,10801
2024-02-21T15:00Z,BE,11064
2024-02-21T16:00Z,BE,11667
2024-02-21T17:00Z,BE,11703
2024-02-21T18:00Z,BE,11333
2024-02-21T19:00Z,BE,10826
2024-02-21T20:00Z,BE,10213
2024-02-21T21:00Z,BE,9514
2024-02-21T22:00Z,BE,8785
2024-02-21T23:00Z,BE,8152
2024-02-22T00:00Z,BE,7862
2024-02-22T01:00Z,BE,7683
2024-02-22T02:00Z,BE,7676
2024-02-22T03:00Z,BE,7874
2024-02-22T04:00Z,BE,8539
2024-02-22T05:00Z,BE,9733
2024-02-22T06:00Z,BE,10754
2024-02-22T07:00Z,BE,11209
2024-02-22T08:00Z,BE,11381
2024-02-22T09:00Z,BE,11354
2024-02-22T10:00Z,BE,11298
2024-02-22T11:00Z,BE,11111
2024-02-22T12:00Z,BE,11019
2024-02-22T13:00Z,BE,10868
2024-02-22T14:00Z,BE,10838
2024-02-22T15:00Z,BE,11086
2024-02-22T16:00Z,BE,11649
2024-02-22T17:00Z,BE,11776
2024-02-22T18:00Z,BE,11355
2024-02-22T19:00Z,BE,10787
2024-02-22T20:00Z,BE,10217
2024-02-22T21:00Z,BE,9489
2024-02-22T22:00Z,BE,8784
2024-02-22T23:00Z,BE,8240
2024-02-23T00:00Z,BE,7930
2024-02-23T01:00Z,BE,7697
2024-02-23T02:00Z,BE,7698
2024-02-23T03:00Z,BE,7886
2024-02-23T04:00Z,BE,8548
2024-02-23T05:00Z,BE,9720
2024-02-23T06:00Z,BE,10812
2024-02-23T07:00Z,BE,11275
2024-02-23T08:00Z,BE,11400
2024-02-23T09:00Z,BE,11452
2024-02-23T10:00Z,BE,11378
2024-02-23T11:00Z,BE,11246
2024-02-23T12:00Z,BE,11165
2024-02-23T13:00Z,BE,11034
2024-02-23T14:00Z,BE,11007
2024-02-23T15:00Z,BE,11240
2024-02-23T16:00Z,BE,11837
2024-02-23T17:00Z,BE,11896
2024-02-23T18:00Z,BE,11457
2024-02-23T19:00Z,BE,10838
2024-02-23T20:00Z,BE,10228
2024-02-23T21:00Z,BE,9522
2024-02-23T22:00Z,BE,8821
2024-02-23T23:00Z,BE,7569
2024-02-24T00:00Z,BE,7375
2024-02-24T01:00Z,BE,7258
2024-02-24T02:00Z,BE,7281
2024-02-24T03:00Z,BE,7398
2024-02-24T04:00Z,BE,7747
2024-02-24T05:00Z,BE,8360
2024-02-24T06:00Z,BE,8907
2024-02-24T07:00Z,BE,9129
2024-02-24T08:00Z,BE,9220
2024-02-24T09:00Z,BE,9230
2024-02-24T10:00Z,BE,9161
2024-02-24T11:00Z,BE,9110
2024-02-24T12:00Z,BE,9007
2024-02-24T13:00Z,BE,8968
2024-02-24T14:00Z,BE,8958
2024-02-24T15:00Z,BE,9077
2024-02-24T16:00Z,BE,9318
2024-02-24T17:00Z,BE,9319
2024-02-24T18:00Z,BE,9134
2024-02-24T19:00Z,BE,8879
2024-02-24T20:00Z,BE,8579
2024-02-24T21:00Z,BE,8278
2024-02-24T22:00Z,BE,7918
2024-02-24T23:00Z,BE,6801
2024-02-25T00:00Z,BE,6665
2024-02-25T01:00Z,BE,6537
2024-02-25T02:00Z,BE,6535
2024-02-25T03:00Z,BE,6603
2024-02-25T04:00Z,BE,6947
2024-02-25T05:00Z,BE,7501
2024-02-25T06:00Z,BE,7989
2024-02-25T07:00Z,BE,8165
2024-02-25T08:00Z,BE,8187
2024-02-25T09:00Z,BE,8238
2024-02-25T10:00Z,BE,8189
2024-02-25T11:00Z,BE,8132
2024-02-25T12:00Z,BE,8113
2024-02-25T13:00Z,BE,8064
2024-02-25T14:00Z,BE,8040
2024-02-25T15:00Z,BE,8145
2024-02-25T16:00Z,BE,8400
2024-02-25T17:00Z,BE,8434
2024-02-25T18:00Z,BE,8275
2024-02-25T19:00Z,BE,8024
2024-02-25T20:00Z,BE,7754
2024-02-25T21:00Z,BE,7427
2024-02-25T22:00Z,BE,7099
2024-02-25T23:00Z,BE,7959
2024-02-26T00:00Z,BE,7652
2024-02-26T01:00Z,BE,7465
2024-02-26T02:00Z,BE,7462
2024-02-26T03:00Z,BE,7663
2024-02-26T04:00Z,BE,8361
2024-02-26T05:00Z,BE,9486
2024-02-26T06:00Z,BE,10461
2024-02-26T07:00Z,BE,10915
2024-02-26T08:00Z,BE,11143
2024-02-26T09:00Z,BE,11198
2024-02-26T10:00Z,BE,11091
2024-02-26T11:00Z,BE,10867
2024-02-26T12:00Z,BE,10762
2024-02-26T13:00Z,BE,10650
2024-02-26T14:00Z,BE,10612
2024-02-26T15:00Z,BE,10858
2024-02-26T16:00Z,BE,11341
2024-02-26T17:00Z,BE,11435
2024-02-26T18:00Z,BE,11026
2024-02-26T19:00Z,BE,10478
2024-02-26T20:00Z,BE,9931
2024-02-26T21:00Z,BE,9297
2024-02-26T22:00Z,BE,8556
2024-02-26T23:00Z,BE,7967
2024-02-27T00:00Z,BE,7674
2024-02-27T01:00Z,BE,7510
2024-02-27T02:00Z,BE,7527
2024-02-27T03:00Z,BE,7678
2024-02-27T04:00Z,BE,8331
2024-02-27T05:00Z,BE,9447
2024-02-27T06:00Z,BE,10420
2024-02-27T07:00Z,BE,10860
2024-02-27T08:00Z,BE,10981
2024-02-27T09:00Z,BE,11037
2024-02-27T10:00Z,BE,10972
2024-02-27T11:00Z,BE,10755
2024-02-27T12:00Z,BE,10713
2024-02-27T13:00Z,BE,10629
2024-02-27T14:00Z,BE,10577
2024-02-27T15:00Z,BE,10808
2024-02-27T16:00Z,BE,11329
2024-02-27T17:00Z,BE,11409
2024-02-27T18:00Z,BE,11065
2024-02-27T19:00Z,BE,10529
2024-02-27T20:00Z,BE,9983
2024-02-27T21:00Z,BE,9278
2024-02-27T22:00Z,BE,8608
2024-02-27T23:00Z,BE,8128
2024-02-28T00:00Z,BE,7794
2024-02-28T01:00Z,BE,7604
2024-02-28T02:00Z,BE,7555
2024-02-28T03:00Z,BE,7704
2024-02-28T04:00Z,BE,8321
2024-02-28T05:00Z,BE,9500
2024-02-28T06:00Z,BE,10478
2024-02-28T07:00Z,BE,10959
2024-02-28T08:00Z,BE,11110
2024-02-28T09:00Z,BE,11151
2024-02-28T10:00Z,BE,11056
2024-02-28T11:00Z,BE,10915
2024-02-28T12:00Z,BE,10782
2024-02-28T13:00Z,BE,10709
2024-02-28T14:00Z,BE,10680
2024-02-28T15:00Z,BE,10934
2024-02-28T16:00Z,BE,11443
2024-02-28T17:00Z,BE,11511
2024-02-28T18:00Z,BE,11109
2024-02-28T19:00Z,BE,10569
2024-02-28T20:00Z,BE,10011
2024-02-28T21:00Z,BE,9357
2024-02-28T22:00Z,BE,8618
2024-02-28T23:00Z,BE,8084
2024-02-29T00:00Z,BE,7795
2024-02-29T01:00Z,BE,7612
2024-02-29T02:00Z,BE,7580
2024-02-29T03:00Z,BE,7779
2024-02-29T04:00Z,BE,8454
2024-02-29T05:00Z,BE,9613
2024-02-29T06:00Z,BE,10612
2024-02-29T07:00Z,BE,11083
2024-02-29T08:00Z,BE,11202
2024-02-29T09:00Z,BE,11230
2024-02-29T10:00Z,BE,11177
2024-02-29T11:00Z,BE,10971
2024-02-29T12:00Z,BE,10888
2024-02-29T13:00Z,BE,10770
2024-02-29T14:00Z,BE,10770
2024-02-29T15:00Z,BE,11022
2024-02-29T16:00Z,BE,11455
2024-02-29T17:00Z,BE,11590
2024-02-29T18:00Z,BE,11207
2024-02-29T19:00Z,BE,10640
2024-02-29T20:00Z,BE,10045
2024-02-29T21:00Z,BE,9368
2024-02-29T22:00Z,BE,8713
2024-02-29T23:00Z,BE,8095
2024-03-01T00:00Z,BE,7805
2024-03-01T01:00Z,BE,7598
2024-03-01T02:00Z,BE,7577
2024-03-01T03:00Z,BE,7795
2024-03-01T04:00Z,BE,8473
2024-03-01T05:00Z,BE,9649
2024-03-01T06:00Z,BE,10648
2024-03-01T07:00Z,BE,11093
2024-03-01T08:00Z,BE,11244
2024-03-01T09:00Z,BE,11218
2024-03-01T10:00Z,BE,11171
2024-03-01T11:00Z,BE,10970
2024-03-01T12:00Z,BE,10822
2024-03-01T13:00Z,BE,10781
2024-03-01T14:00Z,BE,10798
2024-03-01T15:00Z,BE,11032
2024-03-01T16:00Z,BE,11545
2024-03-01T17:00Z,BE,11655
2024-03-01T18:00Z,BE,11252
2024-03-01T19:00Z,BE,10662
2024-03-01T20:00Z,BE,10089
2024-03-01T21:00Z,BE,9462
2024-03-01T22:00Z,BE,8704
2024-03-01T23:00Z,BE,7846
2024-03-02T00:00Z,BE,7675
2024-03-02T01:00Z,BE,7591
2024-03-02T02:00Z,BE,7613
2024-03-02T03:00Z,BE,7706
2024-03-02T04:00Z,BE,8092
2024-03-02T05:00Z,BE,8733
2024-03-02T06:00Z,BE,9261
2024-03-02T07:00Z,BE,9482
2024-03-02T08:00Z,BE,9549
2024-03-02T09:00Z,BE,9538
2024-03-02T10:00Z,BE,9467
2024-03-02T11:00Z,BE,9384
2024-03-02T12:00Z,BE,9313
2024-03-02T13:00Z,BE,9294
2024-03-02T14:00Z,BE,9299
2024-03-02T15:00Z,BE,9417
2024-03-02T16:00Z,BE,9680
2024-03-02T17:00Z,BE,9698
2024-03-02T18:00Z,BE,9488
2024-03-02T19:00Z,BE,9193
2024-03-02T20:00Z,BE,8882
2024-03-02T21:00Z,BE,8550
2024-03-02T22:00Z,BE,8185
2024-03-02T23:00Z,BE,7085
2024-03-03T00:00Z,BE,6915
2024-03-03T01:00Z,BE,6833
2024-03-03T02:00Z,BE,6861
2024-03-03T03:00Z,BE,6950
2024-03-03T04:00Z,BE,7278
2024-03-03T05:00Z,BE,7815
2024-03-03T06:00Z,BE,8310
2024-03-03T07:00Z,BE,8517
2024-03-03T08:00Z,BE,8570
2024-03-03T09:00Z,BE,8587
2024-03-03T10:00Z,BE,8520
2024-03-03T11:00Z,BE,8461
2024-03-03T12:00Z,BE,8397
2024-03-03T13:00Z,BE,8361
2024-03-03T14:00Z,BE,8361
2024-03-03T15:00Z,BE,8439
2024-03-03T16:00Z,BE,8678
2024-03-03T17:00Z,BE,8737
2024-03-03T18:00Z,BE,8568
2024-03-03T19:00Z,BE,8311
2024-03-03T20:00Z,BE,8047
2024-03-03T21:00Z,BE,7714
2024-03-03T22:00Z,BE,7392
2024-03-03T23:00Z,BE,8227
2024-03-04T00:00Z,BE,7909
2024-03-04T01:00Z,BE,7661
2024-03-04T02:00Z,BE,7657
2024-03-04T03:00Z,BE,7866
2024-03-04T04:00Z,BE,8591
2024-03-04T05:00Z,BE,9771
2024-03-04T06:00Z,BE,10808
2024-03-04T07:00Z,BE,11291
2024-03-04T08:00Z,BE,11444
2024-03-04T09:00Z,BE,11409
2024-03-04T10:00Z,BE,11292
2024-03-04T11:00Z,BE,11112
2024-03-04T12:00Z,BE,10984
2024-03-04T13:00Z,BE,10933
2024-03-04T14:00Z,BE,10917
2024-03-04T15:00Z,BE,11189
2024-03-04T16:00Z,BE,11751
2024-03-04T17:00Z,BE,11894
2024-03-04T18:00Z,BE,11486
2024-03-04T19:00Z,BE,10914
2024-03-04T20:00Z,BE,10330
2024-03-04T21:00Z,BE,9651
2024-03-04T22:00Z,BE,8885
2024-03-04T23:00Z,BE,8177
2024-03-05T00:00Z,BE,7841
2024-03-05T01:00Z,BE,7627
2024-03-05T02:00Z,BE,7602
2024-03-05T03:00Z,BE,7793
2024-03-05T04:00Z,BE,8419
2024-03-05T05:00Z,BE,
2024-03-05T06:00Z,BE,
2024-03-05T07:00Z,BE,
2024-03-05T08:00Z,BE,
2024-03-05T09:00Z,BE,
2024-03-05T10:00Z,BE,
2024-03-05T11:00Z,BE,
2024-03-05T12:00Z,BE,10917
2024-03-05T13:00Z,BE,10786
2024-03-05T14:00Z,BE,10772
2024-03-05T15:00Z,BE,11045
2024-03-05T16:00Z,BE,11523
2024-03-05T17:00Z,BE,11596
2024-03-05T18:00Z,BE,11291
2024-03-05T19:00Z,BE,10749
2024-03-05T20:00Z,BE,10190
2024-03-05T21:00Z,BE,9489
2024-03-05T22:00Z,BE,8739
2024-03-05T23:00Z,BE,7897
2024-03-06T00:00Z,BE,7598
2024-03-06T01:00Z,BE,7382
2024-03-06T02:00Z,BE,7364
2024-03-06T03:00Z,BE,7533
2024-03-06T04:00Z,BE,8170
2024-03-06T05:00Z,BE,9308
2024-03-06T06:00Z,BE,10257
2024-03-06T07:00Z,BE,10707
2024-03-06T08:00Z,BE,10878
2024-03-06T09:00Z,BE,10879
2024-03-06T10:00Z,BE,10862
2024-03-06T11:00Z,BE,10716
2024-03-06T12:00Z,BE,10625
2024-03-06T13:00Z,BE,10457
2024-03-06T14:00Z,BE,10407
2024-03-06T15:00Z,BE,10672
2024-03-06T16:00Z,BE,11164
2024-03-06T17:00Z,BE,11182
2024-03-06T18:00Z,BE,10842
2024-03-06T19:00Z,BE,10277
2024-03-06T20:00Z,BE,9737
2024-03-06T21:00Z,BE,9120
2024-03-06T22:00Z,BE,8430
2024-03-06T23:00Z,BE,7966
2024-03-07T00:00Z,BE,7650
2024-03-07T01:00Z,BE,7430
2024-03-07T02:00Z,BE,7454
2024-03-07T03:00Z,BE,7639
2024-03-07T04:00Z,BE,8298
2024-03-07T05:00Z,BE,9466
2024-03-07T06:00Z,BE,10430
2024-03-07T07:00Z,BE,10903
2024-03-07T08:00Z,BE,11047
2024-03-07T09:00Z,BE,11116
2024-03-07T10:00Z,BE,11009
2024-03-07T11:00Z,BE,10817
2024-03-07T12:00Z,BE,10716
2024-03-07T13:00Z,BE,10637
2024-03-07T14:00Z,BE,10633
2024-03-07T15:00Z,BE,10847
2024-03-07T16:00Z,BE,11334
2024-03-07T17:00Z,BE,11461
2024-03-07T18:00Z,BE,11074
2024-03-07T19:00Z,BE,10548
2024-03-07T20:00Z,BE,9981
2024-03-07T21:00Z,BE,9294
2024-03-07T22:00Z,BE,8612
2024-03-07T23:00Z,BE,8054
2024-03-08T00:00Z,BE,7729
2024-03-08T01:00Z,BE,7521
2024-03-08T02:00Z,BE,7528
2024-03-08T03:00Z,BE,7670
2024-03-08T04:00Z,BE,8267
2024-03-08T05:00Z,BE,9409
2024-03-08T06:00Z,BE,10386
2024-03-08T07:00Z,BE,10821
2024-03-08T08:00Z,BE,10971
2024-03-08T09:00Z,BE,11039
2024-03-08T10:00Z,BE,11005
2024-03-08T11:00Z,BE,10807
2024-03-08T12:00Z,BE,10745
2024-03-08T13:00Z,BE,10647
2024-03-08T14:00Z,BE,10628
2024-03-08T15:00Z,BE,10737
2024-03-08T16:00Z,BE,11201
2024-03-08T17:00Z,BE,11293
2024-03-08T18:00Z,BE,10983
2024-03-08T19:00Z,BE,10514
2024-03-08T20:00Z,BE,9967
2024-03-08T21:00Z,BE,9280
2024-03-08T22:00Z,BE,8624
2024-03-08T23:00Z,BE,7566
2024-03-09T00:00Z,BE,7407
2024-03-09T01:00Z,BE,7294
2024-03-09T02:00Z,BE,7267
2024-03-09T03:00Z,BE,7355
2024-03-09T04:00Z,BE,7631
2024-03-09T05:00Z,BE,8225
2024-03-09T06:00Z,BE,8709
2024-03-09T07:00Z,BE,8940
2024-03-09T08:00Z,BE,9077
2024-03-09T09:00Z,BE,9065
2024-03-09T10:00Z,BE,9039
2024-03-09T11:00Z,BE,8934
2024-03-09T12:00Z,BE,8862
2024-03-09T13:00Z,BE,8817
2024-03-09T14:00Z,BE,8828
2024-03-09T15:00Z,BE,8949
2024-03-09T16:00Z,BE,9215
2024-03-09T17:00Z,BE,9300
2024-03-09T18:00Z,BE,9079
2024-03-09T19:00Z,BE,8756
2024-03-09T20:00Z,BE,8516
2024-03-09T21:00Z,BE,8171
2024-03-09T22:00Z,BE,7769
2024-03-09T23:00Z,BE,6821
2024-03-10T00:00Z,BE,6686
2024-03-10T01:00Z,BE,6590
2024-03-10T02:00Z,BE,6587
2024-03-10T03:00Z,BE,6728
2024-03-10T04:00Z,BE,7056
2024-03-10T05:00Z,BE,7588
2024-03-10T06:00Z,BE,8025
2024-03-10T07:00Z,BE,8255
2024-03-10T08:00Z,BE,8344
2024-03-10T09:00Z,BE,8334
2024-03-10T10:00Z,BE,8276
2024-03-10T11:00Z,BE,8202
2024-03-10T12:00Z,BE,8141
2024-03-10T13:00Z,BE,8155
2024-03-10T14:00Z,BE,8141
2024-03-10T15:00Z,BE,8257
2024-03-10T16:00Z,BE,8494
2024-03-10T17:00Z,BE,8511
2024-03-10T18:00Z,BE,8310
2024-03-10T19:00Z,BE,8078
2024-03-10T20:00Z,BE,7802
2024-03-10T21:00Z,BE,7512
2024-03-10T22:00Z,BE,7149
2024-03-10T23:00Z,BE,7976
2024-03-11T00:00Z,BE,7650
2024-03-11T01:00Z,BE,7505
2024-03-11T02:00Z,BE,7518
2024-03-11T03:00Z,BE,7668
2024-03-11T04:00Z,BE,8313
2024-03-11T05:00Z,BE,9449
2024-03-11T06:00Z,BE,10441
2024-03-11T07:00Z,BE,10866
2024-03-11T08:00Z,BE,11008
2024-03-11T09:00Z,BE,11054
2024-03-11T10:00Z,BE,11011
2024-03-11T11:00Z,BE,10847
2024-03-11T12:00Z,BE,10785
2024-03-11T13:00Z,BE,10651
2024-03-11T14:00Z,BE,10626
2024-03-11T15:00Z,BE,10807
2024-03-11T16:00Z,BE,11354
2024-03-11T17:00Z,BE,11460
2024-03-11T18:00Z,BE,11043
2024-03-11T19:00Z,BE,10587
2024-03-11T20:00Z,BE,10038
2024-03-11T21:00Z,BE,9342
2024-03-11T22:00Z,BE,8645
2024-03-11T23:00Z,BE,8056
2024-03-12T00:00Z,BE,7754
2024-03-12T01:00Z,BE,7558
2024-03-12T02:00Z,BE,7517
2024-03-12T03:00Z,BE,7681
2024-03-12T04:00Z,BE,8321
2024-03-12T05:00Z,BE,9501
2024-03-12T06:00Z,BE,10517
2024-03-12T07:00Z,BE,10941
2024-03-12T08:00Z,BE,11107
2024-03-12T09:00Z,BE,11165
2024-03-12T10:00Z,BE,11071
2024-03-12T11:00Z,BE,10913
2024-03-12T12:00Z,BE,10794
2024-03-12T13:00Z,BE,10637
2024-03-12T14:00Z,BE,10658
2024-03-12T15:00Z,BE,10898
2024-03-12T16:00Z,BE,11354
2024-03-12T17:00Z,BE,11370
2024-03-12T18:00Z,BE,10986
2024-03-12T19:00Z,BE,10493
2024-03-12T20:00Z,BE,9967
2024-03-12T21:00Z,BE,9308
2024-03-12T22:00Z,BE,8632
2024-03-12T23:00Z,BE,7688
2024-03-13T00:00Z,BE,7410
2024-03-13T01:00Z,BE,7230
2024-03-13T02:00Z,BE,7200
2024-03-13T03:00Z,BE,7370
2024-03-13T04:00Z,BE,7966
2024-03-13T05:00Z,BE,9073
2024-03-13T06:00Z,BE,9997
2024-03-13T07:00Z,BE,10413
2024-03-13T08:00Z,BE,10542
2024-03-13T09:00Z,BE,10563
2024-03-13T10:00Z,BE,10562
2024-03-13T11:00Z,BE,10368
2024-03-13T12:00Z,BE,10314
2024-03-13T13:00Z,BE,10285
2024-03-13T14:00Z,BE,10304
2024-03-13T15:00Z,BE,10499
2024-03-13T16:00Z,BE,10919
2024-03-13T17:00Z,BE,10902
2024-03-13T18:00Z,BE,10593
2024-03-13T19:00Z,BE,10075
2024-03-13T20:00Z,BE,9599
2024-03-13T21:00Z,BE,8992
2024-03-13T22:00Z,BE,8344
2024-03-13T23:00Z,BE,7837
2024-03-14T00:00Z,BE,7535
2024-03-14T01:00Z,BE,7292
2024-03-14T02:00Z,BE,7234
2024-03-14T03:00Z,BE,7445
2024-03-14T04:00Z,BE,8056
2024-03-14T05:00Z,BE,9146
2024-03-14T06:00Z,BE,10125
2024-03-14T07:00Z,BE,10594
2024-03-14T08:00Z,BE,10764
2024-03-14T09:00Z,BE,10819
2024-03-14T10:00Z,BE,10754
2024-03-14T11:00Z,BE,10582
2024-03-14T12:00Z,BE,10463
2024-03-14T13:00Z,BE,10386
2024-03-14T14:00Z,BE,10326
2024-03-14T15:00Z,BE,10533
2024-03-14T16:00Z,BE,10973
2024-03-14T17:00Z,BE,10993
2024-03-14T18:00Z,BE,10605
2024-03-14T19:00Z,BE,10115
2024-03-14T20:00Z,BE,9644
2024-03-14T21:00Z,BE,9046
2024-03-14T22:00Z,BE,8346
2024-03-14T23:00Z,BE,7833
2024-03-15T00:00Z,BE,7532
2024-03-15T01:00Z,BE,7346
2024-03-15T02:00Z,BE,7315
2024-03-15T03:00Z,BE,7480
2024-03-15T04:00Z,BE,8105
2024-03-15T05:00Z,BE,9191
2024-03-15T06:00Z,BE,10142
2024-03-15T07:00Z,BE,10603
2024-03-15T08:00Z,BE,10726
2024-03-15T09:00Z,BE,10760
2024-03-15T10:00Z,BE,10745
2024-03-15T11:00Z,BE,10573
2024-03-15T12:00Z,BE,10453
2024-03-15T13:00Z,BE,10345
2024-03-15T14:00Z,BE,10268
2024-03-15T15:00Z,BE,10458
2024-03-15T16:00Z,BE,10895
2024-03-15T17:00Z,BE,10991
2024-03-15T18:00Z,BE,10653
2024-03-15T19:00Z,BE,10172
2024-03-15T20:00Z,BE,9681
2024-03-15T21:00Z,BE,9044
2024-03-15T22:00Z,BE,8383
2024-03-15T23:00Z,BE,7374
2024-03-16T00:00Z,BE,7213
2024-03-16T01:00Z,BE,7131
2024-03-16T02:00Z,BE,7101
2024-03-16T03:00Z,BE,7234
2024-03-16T04:00Z,BE,7565
2024-03-16T05:00Z,BE,8105
2024-03-16T06:00Z,BE,8617
2024-03-16T07:00Z,BE,8865
2024-03-16T08:00Z,BE,8960
2024-03-16T09:00Z,BE,8984
2024-03-16T10:00Z,BE,8964
2024-03-16T11:00Z,BE,8881
2024-03-16T12:00Z,BE,8781
2024-03-16T13:00Z,BE,8758
2024-03-16T14:00Z,BE,8712
2024-03-16T15:00Z,BE,8814
2024-03-16T16:00Z,BE,9068
2024-03-16T17:00Z,BE,9089
2024-03-16T18:00Z,BE,8883
2024-03-16T19:00Z,BE,8634
2024-03-16T20:00Z,BE,8393
2024-03-16T21:00Z,BE,8073
2024-03-16T22:00Z,BE,7720
2024-03-16T23:00Z,BE,6387
2024-03-17T00:00Z,BE,6257
2024-03-17T01:00Z,BE,6182
2024-03-17T02:00Z,BE,6175
2024-03-17T03:00Z,BE,6260
2024-03-17T04:00Z,BE,6542
2024-03-17T05:00Z,BE,7021
2024-03-17T06:00Z,BE,7437
2024-03-17T07:00Z,BE,7611
2024-03-17T08:00Z,BE,7702
2024-03-17T09:00Z,BE,7725
2024-03-17T10:00Z,BE,7686
2024-03-17T11:00Z,BE,7627
2024-03-17T12:00Z,BE,7592
2024-03-17T13:00Z,BE,7550
2024-03-17T14:00Z,BE,7486
2024-03-17T15:00Z,BE,7581
2024-03-17T16:00Z,BE,7796
2024-03-17T17:00Z,BE,7851
2024-03-17T18:00Z,BE,7695
2024-03-17T19:00Z,BE,7491
2024-03-17T20:00Z,BE,7234
2024-03-17T21:00Z,BE,6927
2024-03-17T22:00Z,BE,6654
2024-03-17T23:00Z,BE,7725
2024-03-18T00:00Z,BE,7442
2024-03-18T01:00Z,BE,7256
2024-03-18T02:00Z,BE,7206
2024-03-18T03:00Z,BE,7413
2024-03-18T04:00Z,BE,8048
2024-03-18T05:00Z,BE,9100
2024-03-18T06:00Z,BE,10053
2024-03-18T07:00Z,BE,10468
2024-03-18T08:00Z,BE,10665
2024-03-18T09:00Z,BE,10722
2024-03-18T10:00Z,BE,10609
2024-03-18T11:00Z,BE,10424
2024-03-18T12:00Z,BE,10394
2024-03-18T13:00Z,BE,10277
2024-03-18T14:00Z,BE,10259
2024-03-18T15:00Z,BE,10423
2024-03-18T16:00Z,BE,10823
2024-03-18T17:00Z,BE,10851
2024-03-18T18:00Z,BE,10469
2024-03-18T19:00Z,BE,9988
2024-03-18T20:00Z,BE,9487
2024-03-18T21:00Z,BE,8908
2024-03-18T22:00Z,BE,8280
2024-03-18T23:00Z,BE,7940
2024-03-19T00:00Z,BE,7654
2024-03-19T01:00Z,BE,7447
2024-03-19T02:00Z,BE,7439
2024-03-19T03:00Z,BE,7579
2024-03-19T04:00Z,BE,8200
2024-03-19T05:00Z,BE,9326
2024-03-19T06:00Z,BE,10276
2024-03-19T07:00Z,BE,10732
2024-03-19T08:00Z,BE,10977
2024-03-19T09:00Z,BE,10936
2024-03-19T10:00Z,BE,10885
2024-03-19T11:00Z,BE,10752
2024-03-19T12:00Z,BE,10632
2024-03-19T13:00Z,BE,10529
2024-03-19T14:00Z,BE,10501
2024-03-19T15:00Z,BE,10794
2024-03-19T16:00Z,BE,11231
2024-03-19T17:00Z,BE,11265
2024-03-19T18:00Z,BE,10888
2024-03-19T19:00Z,BE,10436
2024-03-19T20:00Z,BE,9942
2024-03-19T21:00Z,BE,9273
2024-03-19T22:00Z,BE,8573
2024-03-19T23:00Z,BE,7923
2024-03-20T00:00Z,BE,7640
2024-03-20T01:00Z,BE,7432
2024-03-20T02:00Z,BE,7403
2024-03-20T03:00Z,BE,7555
2024-03-20T04:00Z,BE,8193
2024-03-20T05:00Z,BE,9297
2024-03-20T06:00Z,BE,10287
2024-03-20T07:00Z,BE,10769
2024-03-20T08:00Z,BE,10969
2024-03-20T09:00Z,BE,11016
2024-03-20T10:00Z,BE,10922
2024-03-20T11:00Z,BE,10792
2024-03-20T12:00Z,BE,10681
2024-03-20T13:00Z,BE,10607
2024-03-20T14:00Z,BE,10536
2024-03-20T15:00Z,BE,10685
2024-03-20T16:00Z,BE,11089
2024-03-20T17:00Z,BE,11141
2024-03-20T18:00Z,BE,10783
2024-03-20T19:00Z,BE,10279
2024-03-20T20:00Z,BE,9763
2024-03-20T21:00Z,BE,9154
2024-03-20T22:00Z,BE,8476
2024-03-20T23:00Z,BE,7938
2024-03-21T00:00Z,BE,7596
2024-03-21T01:00Z,BE,7402
2024-03-21T02:00Z,BE,7358
2024-03-21T03:00Z,BE,7531
2024-03-21T04:00Z,BE,8201
2024-03-21T05:00Z,BE,9332
2024-03-21T06:00Z,BE,10256
2024-03-21T07:00Z,BE,10699
2024-03-21T08:00Z,BE,10851
2024-03-21T09:00Z,BE,10892
2024-03-21T10:00Z,BE,10882
2024-03-21T11:00Z,BE,10699
2024-03-21T12:00Z,BE,10622
2024-03-21T13:00Z,BE,10534
2024-03-21T14:00Z,BE,10574
2024-03-21T15:00Z,BE,10802
2024-03-21T16:00Z,BE,11221
2024-03-21T17:00Z,BE,11312
2024-03-21T18:00Z,BE,10987
2024-03-21T19:00Z,BE,10477
2024-03-21T20:00Z,BE,9955
2024-03-21T21:00Z,BE,9325
2024-03-21T22:00Z,BE,8615
2024-03-21T23:00Z,BE,8083
2024-03-22T00:00Z,BE,7767
2024-03-22T01:00Z,BE,7516
2024-03-22T02:00Z,BE,7478
2024-03-22T03:00Z,BE,7677
2024-03-22T04:00Z,BE,8300
2024-03-22T05:00Z,BE,9425
2024-03-22T06:00Z,BE,10391
2024-03-22T07:00Z,BE,10850
2024-03-22T08:00Z,BE,11063
2024-03-22T09:00Z,BE,11119
2024-03-22T10:00Z,BE,11076
2024-03-22T11:00Z,BE,10947
2024-03-22T12:00Z,BE,10879
2024-03-22T13:00Z,BE,10737
2024-03-22T14:00Z,BE,10728
2024-03-22T15:00Z,BE,10984
2024-03-22T16:00Z,BE,11404
2024-03-22T17:00Z,BE,11413
2024-03-22T18:00Z,BE,11054
2024-03-22T19:00Z,BE,10550
2024-03-22T20:00Z,BE,10056
2024-03-22T21:00Z,BE,9419
2024-03-22T22:00Z,BE,8669
2024-03-22T23:00Z,BE,7507
2024-03-23T00:00Z,BE,7385
2024-03-23T01:00Z,BE,7296
2024-03-23T02:00Z,BE,7266
2024-03-23T03:00Z,BE,7380
2024-03-23T04:00Z,BE,7665
2024-03-23T05:00Z,BE,8275
2024-03-23T06:00Z,BE,8771
2024-03-23T07:00Z,BE,9010
2024-03-23T08:00Z,BE,9112
2024-03-23T09:00Z,BE,9163
2024-03-23T10:00Z,BE,9106
2024-03-23T11:00Z,BE,9059
2024-03-23T12:00Z,BE,8976
2024-03-23T13:00Z,BE,8914
2024-03-23T14:00Z,BE,8908
2024-03-23T15:00Z,BE,9015
2024-03-23T16:00Z,BE,9198
2024-03-23T17:00Z,BE,9168
2024-03-23T18:00Z,BE,9000
2024-03-23T19:00Z,BE,8775
2024-03-23T20:00Z,BE,8521
2024-03-23T21:00Z,BE,8244
2024-03-23T22:00Z,BE,7855
2024-03-23T23:00Z,BE,6832
2024-03-24T00:00Z,BE,6698
2024-03-24T01:00Z,BE,6597
2024-03-24T02:00Z,BE,6557
2024-03-24T03:00Z,BE,6623
2024-03-24T04:00Z,BE,6895
2024-03-24T05:00Z,BE,7424
2024-03-24T06:00Z,BE,7889
2024-03-24T07:00Z,BE,8113
2024-03-24T08:00Z,BE,8176
2024-03-24T09:00Z,BE,8222
2024-03-24T10:00Z,BE,8185
2024-03-24T11:00Z,BE,8088
2024-03-24T12:00Z,BE,8031
2024-03-24T13:00Z,BE,7992
2024-03-24T14:00Z,BE,7958
2024-03-24T15:00Z,BE,8062
2024-03-24T16:00Z,BE,8219
2024-03-24T17:00Z,BE,8219
2024-03-24T18:00Z,BE,8102
2024-03-24T19:00Z,BE,7879
2024-03-24T20:00Z,BE,7620
2024-03-24T21:00Z,BE,7339
2024-03-24T22:00Z,BE,7017
2024-03-24T23:00Z,BE,7309
2024-03-25T00:00Z,BE,7040
2024-03-25T01:00Z,BE,6908
2024-03-25T02:00Z,BE,6894
2024-03-25T03:00Z,BE,7026
2024-03-25T04:00Z,BE,7595
2024-03-25T05:00Z,BE,8639
2024-03-25T06:00Z,BE,9549
2024-03-25T07:00Z,BE,9945
2024-03-25T08:00Z,BE,10151
2024-03-25T09:00Z,BE,10184
2024-03-25T10:00Z,BE,10201
2024-03-25T11:00Z,BE,10034
2024-03-25T12:00Z,BE,10003
2024-03-25T13:00Z,BE,9917
2024-03-25T14:00Z,BE,9875
2024-03-25T15:00Z,BE,9990
2024-03-25T16:00Z,BE,10314
2024-03-25T17:00Z,BE,10311
2024-03-25T18:00Z,BE,9987
2024-03-25T19:00Z,BE,9616
2024-03-25T20:00Z,BE,9153
2024-03-25T21:00Z,BE,8539
2024-03-25T22:00Z,BE,7876
2024-03-25T23:00Z,BE,7122
2024-03-26T00:00Z,BE,6877
2024-03-26T01:00Z,BE,6683
2024-03-26T02:00Z,BE,6673
2024-03-26T03:00Z,BE,6824
2024-03-26T04:00Z,BE,7405
2024-03-26T05:00Z,BE,8372
2024-03-26T06:00Z,BE,9261
2024-03-26T07:00Z,BE,9678
2024-03-26T08:00Z,BE,9845
2024-03-26T09:00Z,BE,9927
2024-03-26T10:00Z,BE,9855
2024-03-26T11:00Z,BE,9725
2024-03-26T12:00Z,BE,9679
2024-03-26T13:00Z,BE,9594
2024-03-26T14:00Z,BE,9565
2024-03-26T15:00Z,BE,9663
2024-03-26T16:00Z,BE,10019
2024-03-26T17:00Z,BE,10061
2024-03-26T18:00Z,BE,9765
2024-03-26T19:00Z,BE,9382
2024-03-26T20:00Z,BE,8939
2024-03-26T21:00Z,BE,8346
2024-03-26T22:00Z,BE,7688
2024-03-26T23:00Z,BE,7370
2024-03-27T00:00Z,BE,7083
2024-03-27T01:00Z,BE,6917
2024-03-27T02:00Z,BE,6902
2024-03-27T03:00Z,BE,7076
2024-03-27T04:00Z,BE,7651
2024-03-27T05:00Z,BE,8649
2024-03-27T06:00Z,BE,9567
2024-03-27T07:00Z,BE,10026
2024-03-27T08:00Z,BE,10196
2024-03-27T09:00Z,BE,10254
2024-03-27T10:00Z,BE,10201
2024-03-27T11:00Z,BE,10056
2024-03-27T12:00Z,BE,9957
2024-03-27T13:00Z,BE,9868
2024-03-27T14:00Z,BE,9855
2024-03-27T15:00Z,BE,10007
2024-03-27T16:00Z,BE,10381
2024-03-27T17:00Z,BE,10401
2024-03-27T18:00Z,BE,10084
2024-03-27T19:00Z,BE,9657
2024-03-27T20:00Z,BE,9195
2024-03-27T21:00Z,BE,8664
2024-03-27T22:00Z,BE,7994
2024-03-27T23:00Z,BE,7823
2024-03-28T00:00Z,BE,7513
2024-03-28T01:00Z,BE,7341
2024-03-28T02:00Z,BE,7297
2024-03-28T03:00Z,BE,7447
2024-03-28T04:00Z,BE,8050
2024-03-28T05:00Z,BE,9106
2024-03-28T06:00Z,BE,10004
2024-03-28T07:00Z,BE,10462
2024-03-28T08:00Z,BE,10592
2024-03-28T09:00Z,BE,10650
2024-03-28T10:00Z,BE,10623
2024-03-28T11:00Z,BE,10500
2024-03-28T12:00Z,BE,10431
2024-03-28T13:00Z,BE,10361
2024-03-28T14:00Z,BE,10355
2024-03-28T15:00Z,BE,10507
2024-03-28T16:00Z,BE,10861
2024-03-28T17:00Z,BE,10844
2024-03-28T18:00Z,BE,10533
2024-03-28T19:00Z,BE,10115
2024-03-28T20:00Z,BE,9667
2024-03-28T21:00Z,BE,9083
2024-03-28T22:00Z,BE,8436
2024-03-28T23:00Z,BE,7727
2024-03-29T00:00Z,BE,7410
2024-03-29T01:00Z,BE,7205
2024-03-29T02:00Z,BE,7151
2024-03-29T03:00Z,BE,7321
2024-03-29T04:00Z,BE,7916
2024-03-29T05:00Z,BE,8979
2024-03-29T06:00Z,BE,9927
2024-03-29T07:00Z,BE,10359
2024-03-29T08:00Z,BE,10522
2024-03-29T09:00Z,BE,10533
2024-03-29T10:00Z,BE,10532
2024-03-29T11:00Z,BE,10376
2024-03-29T12:00Z,BE,10277
2024-03-29T13:00Z,BE,10204
2024-03-29T14:00Z,BE,10115
2024-03-29T15:00Z,BE,10299
2024-03-29T16:00Z,BE,10645
2024-03-29T17:00Z,BE,10663
2024-03-29T18:00Z,BE,10371
2024-03-29T19:00Z,BE,9975
2024-03-29T20:00Z,BE,9481
2024-03-29T21:00Z,BE,8906
2024-03-29T22:00Z,BE,8247
2024-03-29T23:00Z,BE,7299
2024-03-30T00:00Z,BE,7158
2024-03-30T01:00Z,BE,7030
2024-03-30T02:00Z,BE,7019
2024-03-30T03:00Z,BE,7115
2024-03-30T04:00Z,BE,7395
2024-03-30T05:00Z,BE,7907
2024-03-30T06:00Z,BE,8366
2024-03-30T07:00Z,BE,8583
2024-03-30T08:00Z,BE,8722
2024-03-30T09:00Z,BE,8714
2024-03-30T10:00Z,BE,8719
2024-03-30T11:00Z,BE,8616
2024-03-30T12:00Z,BE,8627
2024-03-30T13:00Z,BE,8555
2024-03-30T14:00Z,BE,8553
2024-03-30T15:00Z,BE,8627
2024-03-30T16:00Z,BE,8822
2024-03-30T17:00Z,BE,8893
2024-03-30T18:00Z,BE,8713
2024-03-30T19:00Z,BE,8473
2024-03-30T20:00Z,BE,8231
2024-03-30T21:00Z,BE,7884
2024-03-30T22:00Z,BE,7534
2024-03-30T23:00Z,BE,6721
2024-03-31T00:00Z,BE,6575
2024-03-31T01:00Z,BE,6507
2024-03-31T02:00Z,BE,6583
2024-03-31T03:00Z,BE,6845
2024-03-31T04:00Z,BE,7397
2024-03-31T05:00Z,BE,7799
2024-03-31T06:00Z,BE,8051
2024-03-31T07:00Z,BE,8134
2024-03-31T08:00Z,BE,8223
2024-03-31T09:00Z,BE,8188
2024-03-31T10:00Z,BE,8119
2024-03-31T11:00Z,BE,8048
2024-03-31T12:00Z,BE,8052
2024-03-31T13:00Z,BE,7995
2024-03-31T14:00Z,BE,8064
2024-03-31T15:00Z,BE,8260
2024-03-31T16:00Z,BE,8220
2024-03-31T17:00Z,BE,8105
2024-03-31T18:00Z,BE,7953
2024-03-31T19:00Z,BE,7718
2024-03-31T20:00Z,BE,7416
2024-03-31T21:00Z,BE,7062
2024-03-31T22:00Z,BE,6674
2024-03-31T23:00Z,BE,6512
2024-04-01T00:00Z,BE,6402
2024-04-01T01:00Z,BE,6386
2024-04-01T02:00Z,BE,6444
2024-04-01T03:00Z,BE,6709
2024-04-01T04:00Z,BE,7221
2024-04-01T05:00Z,BE,7680
2024-04-01T06:00Z,BE,7906
2024-04-01T07:00Z,BE,8020
2024-04-01T08:00Z,BE,8043
2024-04-01T09:00Z,BE,8022
2024-04-01T10:00Z,BE,8006
2024-04-01T11:00Z,BE,7963
2024-04-01T12:00Z,BE,7910
2024-04-01T13:00Z,BE,7903
2024-04-01T14:00Z,BE,7976
2024-04-01T15:00Z,BE,8128
2024-04-01T16:00Z,BE,8135
2024-04-01T17:00Z,BE,7999
2024-04-01T18:00Z,BE,7809
2024-04-01T19:00Z,BE,7600
2024-04-01T20:00Z,BE,7266
2024-04-01T21:00Z,BE,6961
2024-04-01T22:00Z,BE,7767
2024-04-01T23:00Z,BE,7467
2024-04-02T00:00Z,BE,7261
2024-04-02T01:00Z,BE,7193
2024-04-02T02:00Z,BE,7342
2024-04-02T03:00Z,BE,7936
2024-04-02T04:00Z,BE,9004
2024-04-02T05:00Z,BE,9889
2024-04-02T06:00Z,BE,10349
2024-04-02T07:00Z,BE,10597
2024-04-02T08:00Z,BE,10694
2024-04-02T09:00Z,BE,10658
2024-04-02T10:00Z,BE,10497
2024-04-02T11:00Z,BE,10412
2024-04-02T12:00Z,BE,10332
2024-04-02T13:00Z,BE,10257
2024-04-02T14:00Z,BE,10385
2024-04-02T15:00Z,BE,10710
2024-04-02T16:00Z,BE,10710
2024-04-02T17:00Z,BE,10412
2024-04-02T18:00Z,BE,10002
2024-04-02T19:00Z,BE,9502
2024-04-02T20:00Z,BE,8949
2024-04-02T21:00Z,BE,8269
2024-04-02T22:00Z,BE,7989
2024-04-02T23:00Z,BE,7713
2024-04-03T00:00Z,BE,7508
2024-04-03T01:00Z,BE,7497
2024-04-03T02:00Z,BE,7663
2024-04-03T03:00Z,BE,8273
2024-04-03T04:00Z,BE,9356
2024-04-03T05:00Z,BE,10314
2024-04-03T06:00Z,BE,10694
2024-04-03T07:00Z,BE,10929
2024-04-03T08:00Z,BE,10971
2024-04-03T09:00Z,BE,10953
2024-04-03T10:00Z,BE,10817
2024-04-03T11:00Z,BE,10739
2024-04-03T12:00Z,BE,10622
2024-04-03T13:00Z,BE,10634
2024-04-03T14:00Z,BE,10768
2024-04-03T15:00Z,BE,11125
2024-04-03T16:00Z,BE,11147
2024-04-03T17:00Z,BE,10792
2024-04-03T18:00Z,BE,10385
2024-04-03T19:00Z,BE,9879
2024-04-03T20:00Z,BE,9268
2024-04-03T21:00Z,BE,8575
2024-04-03T22:00Z,BE,7928
2024-04-03T23:00Z,BE,7660
2024-04-04T00:00Z,BE,7454
2024-04-04T01:00Z,BE,7447
2024-04-04T02:00Z,BE,7577
2024-04-04T03:00Z,BE,8225
2024-04-04T04:00Z,BE,9288
2024-04-04T05:00Z,BE,10263
2024-04-04T06:00Z,BE,10699
2024-04-04T07:00Z,BE,10857
2024-04-04T08:00Z,BE,10978
2024-04-04T09:00Z,BE,10958
2024-04-04T10:00Z,BE,10864
2024-04-04T11:00Z,BE,10769
2024-04-04T12:00Z,BE,10707
2024-04-04T13:00Z,BE,10673
2024-04-04T14:00Z,BE,10761
2024-04-04T15:00Z,BE,11062
2024-04-04T16:00Z,BE,11039
2024-04-04T17:00Z,BE,10689
2024-04-04T18:00Z,BE,10242
2024-04-04T19:00Z,BE,9782
2024-04-04T20:00Z,BE,9211
2024-04-04T21:00Z,BE,8542
2024-04-04T22:00Z,BE,7714
2024-04-04T23:00Z,BE,7431
2024-04-05T00:00Z,BE,7276
2024-04-05T01:00Z,BE,7218
2024-04-05T02:00Z,BE,7380
2024-04-05T03:00Z,BE,7944
2024-04-05T04:00Z,BE,8964
2024-04-05T05:00Z,BE,9856
2024-04-05T06:00Z,BE,10349
2024-04-05T07:00Z,BE,10603
2024-04-05T08:00Z,BE,10672
2024-04-05T09:00Z,BE,10637
2024-04-05T10:00Z,BE,10541
2024-04-05T11:00Z,BE,10435
2024-04-05T12:00Z,BE,10354
2024-04-05T13:00Z,BE,10272
2024-04-05T14:00Z,BE,10422
2024-04-05T15:00Z,BE,10773
2024-04-05T16:00Z,BE,10809
2024-04-05T17:00Z,BE,10536
2024-04-05T18:00Z,BE,10106
2024-04-05T19:00Z,BE,9665
2024-04-05T20:00Z,BE,9083
2024-04-05T21:00Z,BE,8357
2024-04-05T22:00Z,BE,7364
2024-04-05T23:00Z,BE,7196
2024-04-06T00:00Z,BE,7073
2024-04-06T01:00Z,BE,7059
2024-04-06T02:00Z,BE,7176
2024-04-06T03:00Z,BE,7499
2024-04-06T04:00Z,BE,8060
2024-04-06T05:00Z,BE,8521
2024-04-06T06:00Z,BE,8796
2024-04-06T07:00Z,BE,8890
2024-04-06T08:00Z,BE,8912
2024-04-06T09:00Z,BE,8948
2024-04-06T10:00Z,BE,8902
2024-04-06T11:00Z,BE,8846
2024-04-06T12:00Z,BE,8772
2024-04-06T13:00Z,BE,8739
2024-04-06T14:00Z,BE,8833
2024-04-06T15:00Z,BE,8983
2024-04-06T16:00Z,BE,8958
2024-04-06T17:00Z,BE,8780
2024-04-06T18:00Z,BE,8510
2024-04-06T19:00Z,BE,8259
2024-04-06T20:00Z,BE,7968
2024-04-06T21:00Z,BE,7595
2024-04-06T22:00Z,BE,6503
2024-04-06T23:00Z,BE,6347
2024-04-07T00:00Z,BE,6279
2024-04-07T01:00Z,BE,6249
2024-04-07T02:00Z,BE,6331
2024-04-07T03:00Z,BE,6578
2024-04-07T04:00Z,BE,7075
2024-04-07T05:00Z,BE,7510
2024-04-07T06:00Z,BE,7768
2024-04-07T07:00Z,BE,7862
2024-04-07T08:00Z,BE,7903
2024-04-07T09:00Z,BE,7861
2024-04-07T10:00Z,BE,7811
2024-04-07T11:00Z,BE,7774
2024-04-07T12:00Z,BE,7719
2024-04-07T13:00Z,BE,7718
2024-04-07T14:00Z,BE,7789
2024-04-07T15:00Z,BE,7909
2024-04-07T16:00Z,BE,7948
2024-04-07T17:00Z,BE,7865
2024-04-07T18:00Z,BE,7644
2024-04-07T19:00Z,BE,7412
2024-04-07T20:00Z,BE,7102
2024-04-07T21:00Z,BE,6789
2024-04-07T22:00Z,BE,7552
2024-04-07T23:00Z,BE,7277
2024-04-08T00:00Z,BE,7065
2024-04-08T01:00Z,BE,7060
2024-04-08T02:00Z,BE,7241
2024-04-08T03:00Z,BE,7789
2024-04-08T04:00Z,BE,8798
2024-04-08T05:00Z,BE,9733
2024-04-08T06:00Z,BE,10199
2024-04-08T07:00Z,BE,10437
2024-04-08T08:00Z,BE,10512
2024-04-08T09:00Z,BE,10459
2024-04-08T10:00Z,BE,10353
2024-04-08T11:00Z,BE,10286
2024-04-08T12:00Z,BE,10226
2024-04-08T13:00Z,BE,10157
2024-04-08T14:00Z,BE,10274
2024-04-08T15:00Z,BE,10569
2024-04-08T16:00Z,BE,10591
2024-04-08T17:00Z,BE,10338
2024-04-08T18:00Z,BE,9896
2024-04-08T19:00Z,BE,9452
2024-04-08T20:00Z,BE,8873
2024-04-08T21:00Z,BE,8200
2024-04-08T22:00Z,BE,7732
2024-04-08T23:00Z,BE,7443
2024-04-09T00:00Z,BE,7277
2024-04-09T01:00Z,BE,7200
2024-04-09T02:00Z,BE,7351
2024-04-09T03:00Z,BE,7925
2024-04-09T04:00Z,BE,8940
2024-04-09T05:00Z,BE,9874
2024-04-09T06:00Z,BE,10341
2024-04-09T07:00Z,BE,10566
2024-04-09T08:00Z,BE,10660
2024-04-09T09:00Z,BE,10647
2024-04-09T10:00Z,BE,10516
2024-04-09T11:00Z,BE,10508
2024-04-09T12:00Z,BE,10351
2024-04-09T13:00Z,BE,10330
2024-04-09T14:00Z,BE,10386
2024-04-09T15:00Z,BE,10672
2024-04-09T16:00Z,BE,10693
2024-04-09T17:00Z,BE,10418
2024-04-09T18:00Z,BE,10001
2024-04-09T19:00Z,BE,9580
2024-04-09T20:00Z,BE,8994
2024-04-09T21:00Z,BE,8307
2024-04-09T22:00Z,BE,7393
2024-04-09T23:00Z,BE,7116
2024-04-10T00:00Z,BE,6895
2024-04-10T01:00Z,BE,6845
2024-04-10T02:00Z,BE,7005
2024-04-10T03:00Z,BE,7568
2024-04-10T04:00Z,BE,8524
2024-04-10T05:00Z,BE,9436
2024-04-10T06:00Z,BE,9850
2024-04-10T07:00Z,BE,10006
2024-04-10T08:00Z,BE,10064
2024-04-10T09:00Z,BE,10128
2024-04-10T10:00Z,BE,10069
2024-04-10T11:00Z,BE,9939
2024-04-10T12:00Z,BE,9840
2024-04-10T13:00Z,BE,9811
2024-04-10T14:00Z,BE,9950
2024-04-10T15:00Z,BE,10202
2024-04-10T16:00Z,BE,10152
2024-04-10T17:00Z,BE,9936
2024-04-10T18:00Z,BE,9509
2024-04-10T19:00Z,BE,9111
2024-04-10T20:00Z,BE,8556
2024-04-10T21:00Z,BE,7911
2024-04-10T22:00Z,BE,7178
2024-04-10T23:00Z,BE,6904
2024-04-11T00:00Z,BE,6746
2024-04-11T01:00Z,BE,6706
2024-04-11T02:00Z,BE,6881
2024-04-11T03:00Z,BE,7405
2024-04-11T04:00Z,BE,8377
2024-04-11T05:00Z,BE,9198
2024-04-11T06:00Z,BE,9691
2024-04-11T07:00Z,BE,9936
2024-04-11T08:00Z,BE,9996
2024-04-11T09:00Z,BE,9952
2024-04-11T10:00Z,BE,9853
2024-04-11T11:00Z,BE,9775
2024-04-11T12:00Z,BE,9645
2024-04-11T13:00Z,BE,9622
2024-04-11T14:00Z,BE,9744
2024-04-11T15:00Z,BE,9985
2024-04-11T16:00Z,BE,9992
2024-04-11T17:00Z,BE,9754
2024-04-11T18:00Z,BE,9423
2024-04-11T19:00Z,BE,8977
2024-04-11T20:00Z,BE,8401
2024-04-11T21:00Z,BE,7772
2024-04-11T22:00Z,BE,7271
2024-04-11T23:00Z,BE,6965
2024-04-12T00:00Z,BE,6798
2024-04-12T01:00Z,BE,6780
2024-04-12T02:00Z,BE,6909
2024-04-12T03:00Z,BE,7446
2024-04-12T04:00Z,BE,8400
2024-04-12T05:00Z,BE,9250
2024-04-12T06:00Z,BE,9649
2024-04-12T07:00Z,BE,9864
2024-04-12T08:00Z,BE,9957
2024-04-12T09:00Z,BE,9937
2024-04-12T10:00Z,BE,9889
2024-04-12T11:00Z,BE,9784
2024-04-12T12:00Z,BE,9671
2024-04-12T13:00Z,BE,9589
2024-04-12T14:00Z,BE,9648
2024-04-12T15:00Z,BE,9864
2024-04-12T16:00Z,BE,9912
2024-04-12T17:00Z,BE,9652
2024-04-12T18:00Z,BE,9336
2024-04-12T19:00Z,BE,8913
2024-04-12T20:00Z,BE,8325
2024-04-12T21:00Z,BE,7721
2024-04-12T22:00Z,BE,6961
2024-04-12T23:00Z,BE,6843
2024-04-13T00:00Z,BE,6733
2024-04-13T01:00Z,BE,6697
2024-04-13T02:00Z,BE,6763
2024-04-13T03:00Z,BE,7055
2024-04-13T04:00Z,BE,7604
2024-04-13T05:00Z,BE,8069
2024-04-13T06:00Z,BE,8317
2024-04-13T07:00Z,BE,8454
2024-04-13T08:00Z,BE,8550
2024-04-13T09:00Z,BE,8540
2024-04-13T10:00Z,BE,8513
2024-04-13T11:00Z,BE,8438
2024-04-13T12:00Z,BE,8363
2024-04-13T13:00Z,BE,8349
2024-04-13T14:00Z,BE,8393
2024-04-13T15:00Z,BE,8495
2024-04-13T16:00Z,BE,8495
2024-04-13T17:00Z,BE,8360
2024-04-13T18:00Z,BE,8198
2024-04-13T19:00Z,BE,7956
2024-04-13T20:00Z,BE,7652
2024-04-13T21:00Z,BE,7300
2024-04-13T22:00Z,BE,6396
2024-04-13T23:00Z,BE,6303
2024-04-14T00:00Z,BE,6217
2024-04-14T01:00Z,BE,6194
2024-04-14T02:00Z,BE,6254
2024-04-14T03:00Z,BE,6495
2024-04-14T04:00Z,BE,6907
2024-04-14T05:00Z,BE,7317
2024-04-14T06:00Z,BE,7545
2024-04-14T07:00Z,BE,7644
2024-04-14T08:00Z,BE,7684
2024-04-14T09:00Z,BE,7680
2024-04-14T10:00Z,BE,7667
2024-04-14T11:00Z,BE,7640
2024-04-14T12:00Z,BE,7645
2024-04-14T13:00Z,BE,7672
2024-04-14T14:00Z,BE,7687
2024-04-14T15:00Z,BE,7772
2024-04-14T16:00Z,BE,7804
2024-04-14T17:00Z,BE,7689
2024-04-14T18:00Z,BE,7507
2024-04-14T19:00Z,BE,7313
2024-04-14T20:00Z,BE,7018
2024-04-14T21:00Z,BE,6707
2024-04-14T22:00Z,BE,7643
2024-04-14T23:00Z,BE,7345
2024-04-15T00:00Z,BE,7108
2024-04-15T01:00Z,BE,7028
2024-04-15T02:00Z,BE,7170
2024-04-15T03:00Z,BE,7737
2024-04-15T04:00Z,BE,8744
2024-04-15T05:00Z,BE,9677
2024-04-15T06:00Z,BE,10094
2024-04-15T07:00Z,BE,10355
2024-04-15T08:00Z,BE,10443
2024-04-15T09:00Z,BE,10483
2024-04-15T10:00Z,BE,10392
2024-04-15T11:00Z,BE,10323
2024-04-15T12:00Z,BE,10190
2024-04-15T13:00Z,BE,10124
2024-04-15T14:00Z,BE,10205
2024-04-15T15:00Z,BE,10497
2024-04-15T16:00Z,BE,10489
2024-04-15T17:00Z,BE,10230
2024-04-15T18:00Z,BE,9849
2024-04-15T19:00Z,BE,9417
2024-04-15T20:00Z,BE,8865
2024-04-15T21:00Z,BE,8222
2024-04-15T22:00Z,BE,7773
2024-04-15T23:00Z,BE,7505
2024-04-16T00:00Z,BE,7284
2024-04-16T01:00Z,BE,7253
2024-04-16T02:00Z,BE,7415
2024-04-16T03:00Z,BE,7952
2024-04-16T04:00Z,BE,8956
2024-04-16T05:00Z,BE,9789
2024-04-16T06:00Z,BE,10322
2024-04-16T07:00Z,BE,10515
2024-04-16T08:00Z,BE,10633
2024-04-16T09:00Z,BE,10598
2024-04-16T10:00Z,BE,10527
2024-04-16T11:00Z,BE,10401
2024-04-16T12:00Z,BE,10318
2024-04-16T13:00Z,BE,10244
2024-04-16T14:00Z,BE,10374
2024-04-16T15:00Z,BE,10636
2024-04-16T16:00Z,BE,10703
2024-04-16T17:00Z,BE,10394
2024-04-16T18:00Z,BE,9960
2024-04-16T19:00Z,BE,9539
2024-04-16T20:00Z,BE,8922
2024-04-16T21:00Z,BE,8270
2024-04-16T22:00Z,BE,7688
2024-04-16T23:00Z,BE,7442
2024-04-17T00:00Z,BE,7255
2024-04-17T01:00Z,BE,7237
2024-04-17T02:00Z,BE,7405
2024-04-17T03:00Z,BE,7994
2024-04-17T04:00Z,BE,9021
2024-04-17T05:00Z,BE,9906
2024-04-17T06:00Z,BE,10379
2024-04-17T07:00Z,BE,10642
2024-04-17T08:00Z,BE,10731
2024-04-17T09:00Z,BE,10684
2024-04-17T10:00Z,BE,10562
2024-04-17T11:00Z,BE,10488
2024-04-17T12:00Z,BE,10429
2024-04-17T13:00Z,BE,10349
2024-04-17T14:00Z,BE,10506
2024-04-17T15:00Z,BE,10683
2024-04-17T16:00Z,BE,10759
2024-04-17T17:00Z,BE,10466
2024-04-17T18:00Z,BE,10076
2024-04-17T19:00Z,BE,9667
2024-04-17T20:00Z,BE,9081
2024-04-17T21:00Z,BE,8402
2024-04-17T22:00Z,BE,7866
2024-04-17T23:00Z,BE,7583
2024-04-18T00:00Z,BE,7376
2024-04-18T01:00Z,BE,7307
2024-04-18T02:00Z,BE,7430
2024-04-18T03:00Z,BE,8009
2024-04-18T04:00Z,BE,9030
2024-04-18T05:00Z,BE,9940
2024-04-18T06:00Z,BE,10464
2024-04-18T07:00Z,BE,10726
2024-04-18T08:00Z,BE,10801
2024-04-18T09:00Z,BE,10776
2024-04-18T10:00Z,BE,10714
2024-04-18T11:00Z,BE,10581
2024-04-18T12:00Z,BE,10458
2024-04-18T13:00Z,BE,10394
2024-04-18T14:00Z,BE,10459
2024-04-18T15:00Z,BE,10719
2024-04-18T16:00Z,BE,10702
2024-04-18T17:00Z,BE,10433
2024-04-18T18:00Z,BE,10068
2024-04-18T19:00Z,BE,9651
2024-04-18T20:00Z,BE,9068
2024-04-18T21:00Z,BE,8405
2024-04-18T22:00Z,BE,7828
2024-04-18T23:00Z,BE,7550
2024-04-19T00:00Z,BE,7382
2024-04-19T01:00Z,BE,7344
2024-04-19T02:00Z,BE,7483
2024-04-19T03:00Z,BE,8080
2024-04-19T04:00Z,BE,9071
2024-04-19T05:00Z,BE,9975
2024-04-19T06:00Z,BE,10484
2024-04-19T07:00Z,BE,10772
2024-04-19T08:00Z,BE,10921
2024-04-19T09:00Z,BE,10856
2024-04-19T10:00Z,BE,10761
2024-04-19T11:00Z,BE,10641
2024-04-19T12:00Z,BE,10565
2024-04-19T13:00Z,BE,10532
2024-04-19T14:00Z,BE,10601
2024-04-19T15:00Z,BE,10857
2024-04-19T16:00Z,BE,10912
2024-04-19T17:00Z,BE,10552
2024-04-19T18:00Z,BE,10101
2024-04-19T19:00Z,BE,9672
2024-04-19T20:00Z,BE,9114
2024-04-19T21:00Z,BE,8469
2024-04-19T22:00Z,BE,7541
2024-04-19T23:00Z,BE,7364
2024-04-20T00:00Z,BE,7262
2024-04-20T01:00Z,BE,7221
2024-04-20T02:00Z,BE,7292
2024-04-20T03:00Z,BE,7584
2024-04-20T04:00Z,BE,8095
2024-04-20T05:00Z,BE,8556
2024-04-20T06:00Z,BE,8811
2024-04-20T07:00Z,BE,8993
2024-04-20T08:00Z,BE,9002
2024-04-20T09:00Z,BE,9041
2024-04-20T10:00Z,BE,9005
2024-04-20T11:00Z,BE,8983
2024-04-20T12:00Z,BE,8967
2024-04-20T13:00Z,BE,8930
2024-04-20T14:00Z,BE,8943
2024-04-20T15:00Z,BE,9106
2024-04-20T16:00Z,BE,9110
2024-04-20T17:00Z,BE,8932
2024-04-20T18:00Z,BE,8749
2024-04-20T19:00Z,BE,8504
2024-04-20T20:00Z,BE,8144
2024-04-20T21:00Z,BE,7772
2024-04-20T22:00Z,BE,6702
2024-04-20T23:00Z,BE,6564
2024-04-21T00:00Z,BE,6496
2024-04-21T01:00Z,BE,6462
2024-04-21T02:00Z,BE,6520
2024-04-21T03:00Z,BE,6775
2024-04-21T04:00Z,BE,7217
2024-04-21T05:00Z,BE,7662
2024-04-21T06:00Z,BE,7911
2024-04-21T07:00Z,BE,8010
2024-04-21T08:00Z,BE,8091
2024-04-21T09:00Z,BE,8057
2024-04-21T10:00Z,BE,8015
2024-04-21T11:00Z,BE,7984
2024-04-21T12:00Z,BE,7905
2024-04-21T13:00Z,BE,7885
2024-04-21T14:00Z,BE,7938
2024-04-21T15:00Z,BE,8015
2024-04-21T16:00Z,BE,8077
2024-04-21T17:00Z,BE,7913
2024-04-21T18:00Z,BE,7720
2024-04-21T19:00Z,BE,7548
2024-04-21T20:00Z,BE,7270
2024-04-21T21:00Z,BE,6966
2024-04-21T22:00Z,BE,7907
2024-04-21T23:00Z,BE,7559
2024-04-22T00:00Z,BE,7337
2024-04-22T01:00Z,BE,7284
2024-04-22T02:00Z,BE,7464
2024-04-22T03:00Z,BE,8043
2024-04-22T04:00Z,BE,9055
2024-04-22T05:00Z,BE,9941
2024-04-22T06:00Z,BE,10489
2024-04-22T07:00Z,BE,10755
2024-04-22T08:00Z,BE,10893
2024-04-22T09:00Z,BE,10910
2024-04-22T10:00Z,BE,10766
2024-04-22T11:00Z,BE,10745
2024-04-22T12:00Z,BE,10640
2024-04-22T13:00Z,BE,10530
2024-04-22T14:00Z,BE,10610
2024-04-22T15:00Z,BE,10833
2024-04-22T16:00Z,BE,10780
2024-04-22T17:00Z,BE,10495
2024-04-22T18:00Z,BE,10168
2024-04-22T19:00Z,BE,9755
2024-04-22T20:00Z,BE,9160
2024-04-22T21:00Z,BE,8477
2024-04-22T22:00Z,BE,7957
2024-04-22T23:00Z,BE,7651
2024-04-23T00:00Z,BE,7418
2024-04-23T01:00Z,BE,7369
2024-04-23T02:00Z,BE,7508
2024-04-23T03:00Z,BE,8097
2024-04-23T04:00Z,BE,9107
2024-04-23T05:00Z,BE,10069
2024-04-23T06:00Z,BE,10525
2024-04-23T07:00Z,BE,10781
2024-04-23T08:00Z,BE,10885
2024-04-23T09:00Z,BE,10918
2024-04-23T10:00Z,BE,10846
2024-04-23T11:00Z,BE,10769
2024-04-23T12:00Z,BE,10713
2024-04-23T13:00Z,BE,10625
2024-04-23T14:00Z,BE,10703
2024-04-23T15:00Z,BE,10833
2024-04-23T16:00Z,BE,10812
2024-04-23T17:00Z,BE,10607
2024-04-23T18:00Z,BE,10265
2024-04-23T19:00Z,BE,9876
2024-04-23T20:00Z,BE,9319
2024-04-23T21:00Z,BE,8638
2024-04-23T22:00Z,BE,7866
2024-04-23T23:00Z,BE,7610
2024-04-24T00:00Z,BE,7450
2024-04-24T01:00Z,BE,7338
2024-04-24T02:00Z,BE,7466
2024-04-24T03:00Z,BE,8044
2024-04-24T04:00Z,BE,9025
2024-04-24T05:00Z,BE,9897
2024-04-24T06:00Z,BE,10406
2024-04-24T07:00Z,BE,10685
2024-04-24T08:00Z,BE,10734
2024-04-24T09:00Z,BE,10735
2024-04-24T10:00Z,BE,10625
2024-04-24T11:00Z,BE,10577
2024-04-24T12:00Z,BE,10426
2024-04-24T13:00Z,BE,10430
2024-04-24T14:00Z,BE,10498
2024-04-24T15:00Z,BE,10705
2024-04-24T16:00Z,BE,10689
2024-04-24T17:00Z,BE,10406
2024-04-24T18:00Z,BE,10018
2024-04-24T19:00Z,BE,9668
2024-04-24T20:00Z,BE,9131
2024-04-24T21:00Z,BE,8484
2024-04-24T22:00Z,BE,7573
2024-04-24T23:00Z,BE,7282
2024-04-25T00:00Z,BE,7122
2024-04-25T01:00Z,BE,7082
2024-04-25T02:00Z,BE,7192
2024-04-25T03:00Z,BE,7755
2024-04-25T04:00Z,BE,8673
2024-04-25T05:00Z,BE,9519
2024-04-25T06:00Z,BE,9984
2024-04-25T07:00Z,BE,10249
2024-04-25T08:00Z,BE,10409
2024-04-25T09:00Z,BE,10387
2024-04-25T10:00Z,BE,10313
2024-04-25T11:00Z,BE,10209
2024-04-25T12:00Z,BE,10129
2024-04-25T13:00Z,BE,10058
2024-04-25T14:00Z,BE,10128
2024-04-25T15:00Z,BE,10359
2024-04-25T16:00Z,BE,10316
2024-04-25T17:00Z,BE,10028
2024-04-25T18:00Z,BE,9692
2024-04-25T19:00Z,BE,9286
2024-04-25T20:00Z,BE,8720
2024-04-25T21:00Z,BE,8070
2024-04-25T22:00Z,BE,7326
2024-04-25T23:00Z,BE,7064
2024-04-26T00:00Z,BE,6874
2024-04-26T01:00Z,BE,6821
2024-04-26T02:00Z,BE,6908
2024-04-26T03:00Z,BE,7444
2024-04-26T04:00Z,BE,8361
2024-04-26T05:00Z,BE,9200
2024-04-26T06:00Z,BE,9701
2024-04-26T07:00Z,BE,9902
2024-04-26T08:00Z,BE,9987
2024-04-26T09:00Z,BE,10052
2024-04-26T10:00Z,BE,10049
2024-04-26T11:00Z,BE,9936
2024-04-26T12:00Z,BE,9843
2024-04-26T13:00Z,BE,9788
2024-04-26T14:00Z,BE,9855
2024-04-26T15:00Z,BE,10034
2024-04-26T16:00Z,BE,10000
2024-04-26T17:00Z,BE,9772
2024-04-26T18:00Z,BE,9396
2024-04-26T19:00Z,BE,9011
2024-04-26T20:00Z,BE,8407
2024-04-26T21:00Z,BE,7735
2024-04-26T22:00Z,BE,6828
2024-04-26T23:00Z,BE,6709
2024-04-27T00:00Z,BE,6636
2024-04-27T01:00Z,BE,6633
2024-04-27T02:00Z,BE,6706
2024-04-27T03:00Z,BE,7002
2024-04-27T04:00Z,BE,7518
2024-04-27T05:00Z,BE,7923
2024-04-27T06:00Z,BE,8153
2024-04-27T07:00Z,BE,8292
2024-04-27T08:00Z,BE,8298
2024-04-27T09:00Z,BE,8315
2024-04-27T10:00Z,BE,8288
2024-04-27T11:00Z,BE,8285
2024-04-27T12:00Z,BE,8251
2024-04-27T13:00Z,BE,8232
2024-04-27T14:00Z,BE,8255
2024-04-27T15:00Z,BE,8350
2024-04-27T16:00Z,BE,8291
2024-04-27T17:00Z,BE,8149
2024-04-27T18:00Z,BE,7971
2024-04-27T19:00Z,BE,7792
2024-04-27T20:00Z,BE,7518
2024-04-27T21:00Z,BE,7199
2024-04-27T22:00Z,BE,6335
2024-04-27T23:00Z,BE,6219
2024-04-28T00:00Z,BE,6098
2024-04-28T01:00Z,BE,6042
2024-04-28T02:00Z,BE,6086
2024-04-28T03:00Z,BE,6330
2024-04-28T04:00Z,BE,6757
2024-04-28T05:00Z,BE,7165
2024-04-28T06:00Z,BE,7413
2024-04-28T07:00Z,BE,7532
2024-04-28T08:00Z,BE,7626
2024-04-28T09:00Z,BE,7599
2024-04-28T10:00Z,BE,7555
2024-04-28T11:00Z,BE,7528
2024-04-28T12:00Z,BE,7474
2024-04-28T13:00Z,BE,7413
2024-04-28T14:00Z,BE,7463
2024-04-28T15:00Z,BE,7534
2024-04-28T16:00Z,BE,7529
2024-04-28T17:00Z,BE,7408
2024-04-28T18:00Z,BE,7261
2024-04-28T19:00Z,BE,7079
2024-04-28T20:00Z,BE,6824
2024-04-28T21:00Z,BE,6532
2024-04-28T22:00Z,BE,7464
2024-04-28T23:00Z,BE,7169
2024-04-29T00:00Z,BE,6994
2024-04-29T01:00Z,BE,6943
2024-04-29T02:00Z,BE,7040
2024-04-29T03:00Z,BE,7564
2024-04-29T04:00Z,BE,8529
2024-04-29T05:00Z,BE,9379
2024-04-29T06:00Z,BE,9845
2024-04-29T07:00Z,BE,10112
2024-04-29T08:00Z,BE,10272
2024-04-29T09:00Z,BE,10344
2024-04-29T10:00Z,BE,10277
2024-04-29T11:00Z,BE,10124
2024-04-29T12:00Z,BE,10055
2024-04-29T13:00Z,BE,9994
2024-04-29T14:00Z,BE,10037
2024-04-29T15:00Z,BE,10197
2024-04-29T16:00Z,BE,10138
2024-04-29T17:00Z,BE,9869
2024-04-29T18:00Z,BE,9508
2024-04-29T19:00Z,BE,9125
2024-04-29T20:00Z,BE,8629
2024-04-29T21:00Z,BE,8012
2024-04-29T22:00Z,BE,7339
2024-04-29T23:00Z,BE,7079
2024-04-30T00:00Z,BE,6880
2024-04-30T01:00Z,BE,6805
2024-04-30T02:00Z,BE,6923
2024-04-30T03:00Z,BE,7481
2024-04-30T04:00Z,BE,8412
2024-04-30T05:00Z,BE,9315
2024-04-30T06:00Z,BE,9762
2024-04-30T07:00Z,BE,10064
2024-04-30T08:00Z,BE,10116
2024-04-30T09:00Z,BE,10155
2024-04-30T10:00Z,BE,10080
2024-04-30T11:00Z,BE,9986
2024-04-30T12:00Z,BE,9905
2024-04-30T13:00Z,BE,9855
2024-04-30T14:00Z,BE,9854
2024-04-30T15:00Z,BE,9943
2024-04-30T16:00Z,BE,9953
2024-04-30T17:00Z,BE,9723
2024-04-30T18:00Z,BE,9405
2024-04-30T19:00Z,BE,9007
2024-04-30T20:00Z,BE,8482
2024-04-30T21:00Z,BE,7872
2024-04-30T22:00Z,BE,6264
2024-04-30T23:00Z,BE,6120
2024-05-01T00:00Z,BE,6059
2024-05-01T01:00Z,BE,6021
2024-05-01T02:00Z,BE,6068
2024-05-01T03:00Z,BE,6297
2024-05-01T04:00Z,BE,6745
2024-05-01T05:00Z,BE,7169
2024-05-01T06:00Z,BE,7393
2024-05-01T07:00Z,BE,7533
2024-05-01T08:00Z,BE,7578
2024-05-01T09:00Z,BE,7605
2024-05-01T10:00Z,BE,7555
2024-05-01T11:00Z,BE,7479
2024-05-01T12:00Z,BE,7443
2024-05-01T13:00Z,BE,7427
2024-05-01T14:00Z,BE,7491
2024-05-01T15:00Z,BE,7518
2024-05-01T16:00Z,BE,7521
2024-05-01T17:00Z,BE,7398
2024-05-01T18:00Z,BE,7245
2024-05-01T19:00Z,BE,7058
2024-05-01T20:00Z,BE,6806
2024-05-01T21:00Z,BE,6573
2024-05-01T22:00Z,BE,7288
2024-05-01T23:00Z,BE,7059
2024-05-02T00:00Z,BE,6849
2024-05-02T01:00Z,BE,6809
2024-05-02T02:00Z,BE,6881
2024-05-02T03:00Z,BE,7427
2024-05-02T04:00Z,BE,8309
2024-05-02T05:00Z,BE,9123
2024-05-02T06:00Z,BE,9619
2024-05-02T07:00Z,BE,9894
2024-05-02T08:00Z,BE,9988
2024-05-02T09:00Z,BE,10070
2024-05-02T10:00Z,BE,9952
2024-05-02T11:00Z,BE,9859
2024-05-02T12:00Z,BE,9745
2024-05-02T13:00Z,BE,9669
2024-05-02T14:00Z,BE,9696
2024-05-02T15:00Z,BE,9830
2024-05-02T16:00Z,BE,9788
2024-05-02T17:00Z,BE,9550
2024-05-02T18:00Z,BE,9246
2024-05-02T19:00Z,BE,8856
2024-05-02T20:00Z,BE,8354
2024-05-02T21:00Z,BE,7695
2024-05-02T22:00Z,BE,7211
2024-05-02T23:00Z,BE,6921
2024-05-03T00:00Z,BE,6761
2024-05-03T01:00Z,BE,6704
2024-05-03T02:00Z,BE,6835
2024-05-03T03:00Z,BE,7361
2024-05-03T04:00Z,BE,8271
2024-05-03T05:00Z,BE,9115
2024-05-03T06:00Z,BE,9574
2024-05-03T07:00Z,BE,9866
2024-05-03T08:00Z,BE,9945
2024-05-03T09:00Z,BE,9964
2024-05-03T10:00Z,BE,9931
2024-05-03T11:00Z,BE,9814
2024-05-03T12:00Z,BE,9709
2024-05-03T13:00Z,BE,9642
2024-05-03T14:00Z,BE,9687
2024-05-03T15:00Z,BE,9851
2024-05-03T16:00Z,BE,9853
2024-05-03T17:00Z,BE,9617
2024-05-03T18:00Z,BE,9240
2024-05-03T19:00Z,BE,8868
2024-05-03T20:00Z,BE,8359
2024-05-03T21:00Z,BE,7760
2024-05-03T22:00Z,BE,6901
2024-05-03T23:00Z,BE,6756
2024-05-04T00:00Z,BE,6679
2024-05-04T01:00Z,BE,6686
2024-05-04T02:00Z,BE,6801
2024-05-04T03:00Z,BE,7065
2024-05-04T04:00Z,BE,7526
2024-05-04T05:00Z,BE,7953
2024-05-04T06:00Z,BE,8200
2024-05-04T07:00Z,BE,8307
2024-05-04T08:00Z,BE,8364
2024-05-04T09:00Z,BE,8347
2024-05-04T10:00Z,BE,8350
2024-05-04T11:00Z,BE,8356
2024-05-04T12:00Z,BE,8320
2024-05-04T13:00Z,BE,8293
2024-05-04T14:00Z,BE,8287
2024-05-04T15:00Z,BE,8335
2024-05-04T16:00Z,BE,8323
2024-05-04T17:00Z,BE,8184
2024-05-04T18:00Z,BE,8048
2024-05-04T19:00Z,BE,7851
2024-05-04T20:00Z,BE,7582
2024-05-04T21:00Z,BE,7223
2024-05-04T22:00Z,BE,6288
2024-05-04T23:00Z,BE,6166
2024-05-05T00:00Z,BE,6043
2024-05-05T01:00Z,BE,6010
2024-05-05T02:00Z,BE,6055
2024-05-05T03:00Z,BE,6309
2024-05-05T04:00Z,BE,6754
2024-05-05T05:00Z,BE,7130
2024-05-05T06:00Z,BE,7418
2024-05-05T07:00Z,BE,7571
2024-05-05T08:00Z,BE,7641
2024-05-05T09:00Z,BE,7625
2024-05-05T10:00Z,BE,7576
2024-05-05T11:00Z,BE,7540
2024-05-05T12:00Z,BE,7485
2024-05-05T13:00Z,BE,7481
2024-05-05T14:00Z,BE,7485
2024-05-05T15:00Z,BE,7523
2024-05-05T16:00Z,BE,7514
2024-05-05T17:00Z,BE,7359
2024-05-05T18:00Z,BE,7194
2024-05-05T19:00Z,BE,7040
2024-05-05T20:00Z,BE,6781
2024-05-05T21:00Z,BE,6475
2024-05-05T22:00Z,BE,7142
2024-05-05T23:00Z,BE,6895
2024-05-06T00:00Z,BE,6733
2024-05-06T01:00Z,BE,6656
2024-05-06T02:00Z,BE,6779
2024-05-06T03:00Z,BE,7301
2024-05-06T04:00Z,BE,8208
2024-05-06T05:00Z,BE,9079
2024-05-06T06:00Z,BE,9486
2024-05-06T07:00Z,BE,9764
2024-05-06T08:00Z,BE,9920
2024-05-06T09:00Z,BE,9976
2024-05-06T10:00Z,BE,9873
2024-05-06T11:00Z,BE,9776
2024-05-06T12:00Z,BE,9751
2024-05-06T13:00Z,BE,9711
2024-05-06T14:00Z,BE,9765
2024-05-06T15:00Z,BE,9893
2024-05-06T16:00Z,BE,9889
2024-05-06T17:00Z,BE,9644
2024-05-06T18:00Z,BE,9388
2024-05-06T19:00Z,BE,9047
2024-05-06T20:00Z,BE,8547
2024-05-06T21:00Z,BE,7870
2024-05-06T22:00Z,BE,7339
2024-05-06T23:00Z,BE,7032
2024-05-07T00:00Z,BE,6825
2024-05-07T01:00Z,BE,6780
2024-05-07T02:00Z,BE,6902
2024-05-07T03:00Z,BE,7412
2024-05-07T04:00Z,BE,8278
2024-05-07T05:00Z,BE,9072
2024-05-07T06:00Z,BE,9546
2024-05-07T07:00Z,BE,9835
2024-05-07T08:00Z,BE,9962
2024-05-07T09:00Z,BE,9952
2024-05-07T10:00Z,BE,9896
2024-05-07T11:00Z,BE,9777
2024-05-07T12:00Z,BE,9711
2024-05-07T13:00Z,BE,9629
2024-05-07T14:00Z,BE,9676
2024-05-07T15:00Z,BE,9840
2024-05-07T16:00Z,BE,9790
2024-05-07T17:00Z,BE,9549
2024-05-07T18:00Z,BE,9304
2024-05-07T19:00Z,BE,8963
2024-05-07T20:00Z,BE,8468
2024-05-07T21:00Z,BE,7825
2024-05-07T22:00Z,BE,7459
2024-05-07T23:00Z,BE,7172
2024-05-08T00:00Z,BE,6997
2024-05-08T01:00Z,BE,6923
2024-05-08T02:00Z,BE,7053
2024-05-08T03:00Z,BE,7554
2024-05-08T04:00Z,BE,8442
2024-05-08T05:00Z,BE,9257
2024-05-08T06:00Z,BE,9780
2024-05-08T07:00Z,BE,10039
2024-05-08T08:00Z,BE,10152
2024-05-08T09:00Z,BE,10204
2024-05-08T10:00Z,BE,10125
2024-05-08T11:00Z,BE,10098
2024-05-08T12:00Z,BE,10020
2024-05-08T13:00Z,BE,10014
2024-05-08T14:00Z,BE,10065
2024-05-08T15:00Z,BE,10147
2024-05-08T16:00Z,BE,10066
2024-05-08T17:00Z,BE,9791
2024-05-08T18:00Z,BE,9492
2024-05-08T19:00Z,BE,9099
2024-05-08T20:00Z,BE,8587
2024-05-08T21:00Z,BE,7910
2024-05-08T22:00Z,BE,6289
2024-05-08T23:00Z,BE,6166
2024-05-09T00:00Z,BE,6082
2024-05-09T01:00Z,BE,6048
2024-05-09T02:00Z,BE,6117
2024-05-09T03:00Z,BE,6382
2024-05-09T04:00Z,BE,6774
2024-05-09T05:00Z,BE,7211
2024-05-09T06:00Z,BE,7397
2024-05-09T07:00Z,BE,7531
2024-05-09T08:00Z,BE,7587
2024-05-09T09:00Z,BE,7612
2024-05-09T10:00Z,BE,7577
2024-05-09T11:00Z,BE,7508
2024-05-09T12:00Z,BE,7482
2024-05-09T13:00Z,BE,7442
2024-05-09T14:00Z,BE,7485
2024-05-09T15:00Z,BE,7499
2024-05-09T16:00Z,BE,7473
2024-05-09T17:00Z,BE,7349
2024-05-09T18:00Z,BE,7227
2024-05-09T19:00Z,BE,7067
2024-05-09T20:00Z,BE,6865
2024-05-09T21:00Z,BE,6579
2024-05-09T22:00Z,BE,7251
2024-05-09T23:00Z,BE,6987
2024-05-10T00:00Z,BE,6789
2024-05-10T01:00Z,BE,6740
2024-05-10T02:00Z,BE,6840
2024-05-10T03:00Z,BE,7365
2024-05-10T04:00Z,BE,8191
2024-05-10T05:00Z,BE,9023
2024-05-10T06:00Z,BE,9502
2024-05-10T07:00Z,BE,9781
2024-05-10T08:00Z,BE,9877
2024-05-10T09:00Z,BE,9953
2024-05-10T10:00Z,BE,9924
2024-05-10T11:00Z,BE,9806
2024-05-10T12:00Z,BE,9752
2024-05-10T13:00Z,BE,9706
2024-05-10T14:00Z,BE,9735
2024-05-10T15:00Z,BE,9773
2024-05-10T16:00Z,BE,9734
2024-05-10T17:00Z,BE,9562
2024-05-10T18:00Z,BE,9252
2024-05-10T19:00Z,BE,8957
2024-05-10T20:00Z,BE,8482
2024-05-10T21:00Z,BE,7846
2024-05-10T22:00Z,BE,6975
2024-05-10T23:00Z,BE,6821
2024-05-11T00:00Z,BE,6728
2024-05-11T01:00Z,BE,6676
2024-05-11T02:00Z,BE,6704
2024-05-11T03:00Z,BE,6982
2024-05-11T04:00Z,BE,7435
2024-05-11T05:00Z,BE,7874
2024-05-11T06:00Z,BE,8133
2024-05-11T07:00Z,BE,8249
2024-05-11T08:00Z,BE,8385
2024-05-11T09:00Z,BE,8426
2024-05-11T10:00Z,BE,8394
2024-05-11T11:00Z,BE,8293
2024-05-11T12:00Z,BE,8259
2024-05-11T13:00Z,BE,8219
2024-05-11T14:00Z,BE,8210
2024-05-11T15:00Z,BE,8281
2024-05-11T16:00Z,BE,8245
2024-05-11T17:00Z,BE,8112
2024-05-11T18:00Z,BE,7938
2024-05-11T19:00Z,BE,7776
2024-05-11T20:00Z,BE,7450
2024-05-11T21:00Z,BE,7150
2024-05-11T22:00Z,BE,6261
2024-05-11T23:00Z,BE,6161
2024-05-12T00:00Z,BE,6106
2024-05-12T01:00Z,BE,6048
2024-05-12T02:00Z,BE,6120
2024-05-12T03:00Z,BE,6400
2024-05-12T04:00Z,BE,6858
2024-05-12T05:00Z,BE,7265
2024-05-12T06:00Z,BE,7471
2024-05-12T07:00Z,BE,7616
2024-05-12T08:00Z,BE,7660
2024-05-12T09:00Z,BE,7705
2024-05-12T10:00Z,BE,7665
2024-05-12T11:00Z,BE,7617
2024-05-12T12:00Z,BE,7547
2024-05-12T13:00Z,BE,7466
2024-05-12T14:00Z,BE,7466
2024-05-12T15:00Z,BE,7530
2024-05-12T16:00Z,BE,7496
2024-05-12T17:00Z,BE,7390
2024-05-12T18:00Z,BE,7219
2024-05-12T19:00Z,BE,7049
2024-05-12T20:00Z,BE,6821
2024-05-12T21:00Z,BE,6502
2024-05-12T22:00Z,BE,7153
2024-05-12T23:00Z,BE,6930
2024-05-13T00:00Z,BE,6746
2024-05-13T01:00Z,BE,6669
2024-05-13T02:00Z,BE,6806
2024-05-13T03:00Z,BE,7294
2024-05-13T04:00Z,BE,8185
2024-05-13T05:00Z,BE,8995
2024-05-13T06:00Z,BE,9500
2024-05-13T07:00Z,BE,9799
2024-05-13T08:00Z,BE,9886
2024-05-13T09:00Z,BE,9920
2024-05-13T10:00Z,BE,9916
2024-05-13T11:00Z,BE,9844
2024-05-13T12:00Z,BE,9807
2024-05-13T13:00Z,BE,9742
2024-05-13T14:00Z,BE,9756
2024-05-13T15:00Z,BE,9851
2024-05-13T16:00Z,BE,9780
2024-05-13T17:00Z,BE,9503
2024-05-13T18:00Z,BE,9238
2024-05-13T19:00Z,BE,8895
2024-05-13T20:00Z,BE,8370
2024-05-13T21:00Z,BE,7752
2024-05-13T22:00Z,BE,7369
2024-05-13T23:00Z,BE,7069
2024-05-14T00:00Z,BE,6887
2024-05-14T01:00Z,BE,6806
2024-05-14T02:00Z,BE,6917
2024-05-14T03:00Z,BE,7493
2024-05-14T04:00Z,BE,8358
2024-05-14T05:00Z,BE,9252
2024-05-14T06:00Z,BE,9723
2024-05-14T07:00Z,BE,9976
2024-05-14T08:00Z,BE,10104
2024-05-14T09:00Z,BE,10188
2024-05-14T10:00Z,BE,10106
2024-05-14T11:00Z,BE,10000
2024-05-14T12:00Z,BE,9899
2024-05-14T13:00Z,BE,9806
2024-05-14T14:00Z,BE,9801
2024-05-14T15:00Z,BE,9931
2024-05-14T16:00Z,BE,9898
2024-05-14T17:00Z,BE,9681
2024-05-14T18:00Z,BE,9399
2024-05-14T19:00Z,BE,9038
2024-05-14T20:00Z,BE,8514
2024-05-14T21:00Z,BE,7874
2024-05-14T22:00Z,BE,7253
2024-05-14T23:00Z,BE,7030
2024-05-15T00:00Z,BE,6847
2024-05-15T01:00Z,BE,6772
2024-05-15T02:00Z,BE,6886
2024-05-15T03:00Z,BE,7358
2024-05-15T04:00Z,BE,8222
2024-05-15T05:00Z,BE,9050
2024-05-15T06:00Z,BE,9548
2024-05-15T07:00Z,BE,9862
2024-05-15T08:00Z,BE,10017
2024-05-15T09:00Z,BE,10032
2024-05-15T10:00Z,BE,9992
2024-05-15T11:00Z,BE,9833
2024-05-15T12:00Z,BE,9714
2024-05-15T13:00Z,BE,9675
2024-05-15T14:00Z,BE,9635
2024-05-15T15:00Z,BE,9716
2024-05-15T16:00Z,BE,9678
2024-05-15T17:00Z,BE,9456
2024-05-15T18:00Z,BE,9223
2024-05-15T19:00Z,BE,8925
2024-05-15T20:00Z,BE,8440
2024-05-15T21:00Z,BE,7810
2024-05-15T22:00Z,BE,7278
2024-05-15T23:00Z,BE,7015
2024-05-16T00:00Z,BE,6774
2024-05-16T01:00Z,BE,6685
2024-05-16T02:00Z,BE,6805
2024-05-16T03:00Z,BE,7277
2024-05-16T04:00Z,BE,8169
2024-05-16T05:00Z,BE,9021
2024-05-16T06:00Z,BE,9508
2024-05-16T07:00Z,BE,9787
2024-05-16T08:00Z,BE,9966
2024-05-16T09:00Z,BE,10029
2024-05-16T10:00Z,BE,9948
2024-05-16T11:00Z,BE,9893
2024-05-16T12:00Z,BE,9781
2024-05-16T13:00Z,BE,9760
2024-05-16T14:00Z,BE,9713
2024-05-16T15:00Z,BE,9780
2024-05-16T16:00Z,BE,9787
2024-05-16T17:00Z,BE,9580
2024-05-16T18:00Z,BE,9362
2024-05-16T19:00Z,BE,9024
2024-05-16T20:00Z,BE,8495
2024-05-16T21:00Z,BE,7841
2024-05-16T22:00Z,BE,7301
2024-05-16T23:00Z,BE,7072
2024-05-17T00:00Z,BE,6819
2024-05-17T01:00Z,BE,6750
2024-05-17T02:00Z,BE,6849
2024-05-17T03:00Z,BE,7358
2024-05-17T04:00Z,BE,8216
2024-05-17T05:00Z,BE,9071
2024-05-17T06:00Z,BE,9617
2024-05-17T07:00Z,BE,9848
2024-05-17T08:00Z,BE,10014
2024-05-17T09:00Z,BE,10085
2024-05-17T10:00Z,BE,10077
2024-05-17T11:00Z,BE,9944
2024-05-17T12:00Z,BE,9822
2024-05-17T13:00Z,BE,9732
2024-05-17T14:00Z,BE,9768
2024-05-17T15:00Z,BE,9802
2024-05-17T16:00Z,BE,9754
2024-05-17T17:00Z,BE,9518
2024-05-17T18:00Z,BE,9240
2024-05-17T19:00Z,BE,8918
2024-05-17T20:00Z,BE,8437
2024-05-17T21:00Z,BE,7792
2024-05-17T22:00Z,BE,7325
2024-05-17T23:00Z,BE,7200
2024-05-18T00:00Z,BE,7106
2024-05-18T01:00Z,BE,7080
2024-05-18T02:00Z,BE,7126
2024-05-18T03:00Z,BE,7406
2024-05-18T04:00Z,BE,7891
2024-05-18T05:00Z,BE,8359
2024-05-18T06:00Z,BE,8656
2024-05-18T07:00Z,BE,8808
2024-05-18T08:00Z,BE,8836
2024-05-18T09:00Z,BE,8891
2024-05-18T10:00Z,BE,8916
2024-05-18T11:00Z,BE,8841
2024-05-18T12:00Z,BE,8824
2024-05-18T13:00Z,BE,8811
2024-05-18T14:00Z,BE,8797
2024-05-18T15:00Z,BE,8803
2024-05-18T16:00Z,BE,8763
2024-05-18T17:00Z,BE,8606
2024-05-18T18:00Z,BE,8460
2024-05-18T19:00Z,BE,8267
2024-05-18T20:00Z,BE,7974
2024-05-18T21:00Z,BE,7596
2024-05-18T22:00Z,BE,6595
2024-05-18T23:00Z,BE,6442
2024-05-19T00:00Z,BE,6382
2024-05-19T01:00Z,BE,6333
2024-05-19T02:00Z,BE,6399
2024-05-19T03:00Z,BE,6609
2024-05-19T04:00Z,BE,7081
2024-05-19T05:00Z,BE,7438
2024-05-19T06:00Z,BE,7719
2024-05-19T07:00Z,BE,7874
2024-05-19T08:00Z,BE,7909
2024-05-19T09:00Z,BE,7925
2024-05-19T10:00Z,BE,7890
2024-05-19T11:00Z,BE,7883
2024-05-19T12:00Z,BE,7856
2024-05-19T13:00Z,BE,7895
2024-05-19T14:00Z,BE,7898
2024-05-19T15:00Z,BE,7948
2024-05-19T16:00Z,BE,7921
2024-05-19T17:00Z,BE,7792
2024-05-19T18:00Z,BE,7641
2024-05-19T19:00Z,BE,7520
2024-05-19T20:00Z,BE,7254
2024-05-19T21:00Z,BE,6897
2024-05-19T22:00Z,BE,6471
2024-05-19T23:00Z,BE,6350
2024-05-20T00:00Z,BE,6256
2024-05-20T01:00Z,BE,6212
2024-05-20T02:00Z,BE,6259
2024-05-20T03:00Z,BE,6512
2024-05-20T04:00Z,BE,6950
2024-05-20T05:00Z,BE,7394
2024-05-20T06:00Z,BE,7629
2024-05-20T07:00Z,BE,7739
2024-05-20T08:00Z,BE,7780
2024-05-20T09:00Z,BE,7799
2024-05-20T10:00Z,BE,7788
2024-05-20T11:00Z,BE,7724
2024-05-20T12:00Z,BE,7692
2024-05-20T13:00Z,BE,7685
2024-05-20T14:00Z,BE,7697
2024-05-20T15:00Z,BE,7773
2024-05-20T16:00Z,BE,7672
2024-05-20T17:00Z,BE,7561
2024-05-20T18:00Z,BE,7461
2024-05-20T19:00Z,BE,7306
2024-05-20T20:00Z,BE,7061
2024-05-20T21:00Z,BE,6749
2024-05-20T22:00Z,BE,7470
2024-05-20T23:00Z,BE,7185
2024-05-21T00:00Z,BE,6978
2024-05-21T01:00Z,BE,6922
2024-05-21T02:00Z,BE,7027
2024-05-21T03:00Z,BE,7511
2024-05-21T04:00Z,BE,8428
2024-05-21T05:00Z,BE,9204
2024-05-21T06:00Z,BE,9705
2024-05-21T07:00Z,BE,10039
2024-05-21T08:00Z,BE,10150
2024-05-21T09:00Z,BE,10225
2024-05-21T10:00Z,BE,10205
2024-05-21T11:00Z,BE,10113
2024-05-21T12:00Z,BE,10013
2024-05-21T13:00Z,BE,10000
2024-05-21T14:00Z,BE,9989
2024-05-21T15:00Z,BE,10033
2024-05-21T16:00Z,BE,10023
2024-05-21T17:00Z,BE,9801
2024-05-21T18:00Z,BE,9572
2024-05-21T19:00Z,BE,9198
2024-05-21T20:00Z,BE,8674
2024-05-21T21:00Z,BE,8013
2024-05-21T22:00Z,BE,7621
2024-05-21T23:00Z,BE,7355
2024-05-22T00:00Z,BE,7163
2024-05-22T01:00Z,BE,7112
2024-05-22T02:00Z,BE,7236
2024-05-22T03:00Z,BE,7727
2024-05-22T04:00Z,BE,8617
2024-05-22T05:00Z,BE,9481
2024-05-22T06:00Z,BE,9982
2024-05-22T07:00Z,BE,10267
2024-05-22T08:00Z,BE,10389
2024-05-22T09:00Z,BE,10528
2024-05-22T10:00Z,BE,10438
2024-05-22T11:00Z,BE,10335
2024-05-22T12:00Z,BE,10219
2024-05-22T13:00Z,BE,10161
2024-05-22T14:00Z,BE,10131
2024-05-22T15:00Z,BE,10137
2024-05-22T16:00Z,BE,10081
2024-05-22T17:00Z,BE,9863
2024-05-22T18:00Z,BE,9602
2024-05-22T19:00Z,BE,9309
2024-05-22T20:00Z,BE,8789
2024-05-22T21:00Z,BE,8162
2024-05-22T22:00Z,BE,7517
2024-05-22T23:00Z,BE,7253
2024-05-23T00:00Z,BE,7081
2024-05-23T01:00Z,BE,7002
2024-05-23T02:00Z,BE,7066
2024-05-23T03:00Z,BE,7582
2024-05-23T04:00Z,BE,8491
2024-05-23T05:00Z,BE,9349
2024-05-23T06:00Z,BE,9914
2024-05-23T07:00Z,BE,10206
2024-05-23T08:00Z,BE,10411
2024-05-23T09:00Z,BE,10447
2024-05-23T10:00Z,BE,10433
2024-05-23T11:00Z,BE,10283
2024-05-23T12:00Z,BE,10168
2024-05-23T13:00Z,BE,10161
2024-05-23T14:00Z,BE,10092
2024-05-23T15:00Z,BE,10125
2024-05-23T16:00Z,BE,10006
2024-05-23T17:00Z,BE,9818
2024-05-23T18:00Z,BE,9545
2024-05-23T19:00Z,BE,9202
2024-05-23T20:00Z,BE,8720
2024-05-23T21:00Z,BE,8072
2024-05-23T22:00Z,BE,7573
2024-05-23T23:00Z,BE,7309
2024-05-24T00:00Z,BE,7140
2024-05-24T01:00Z,BE,7062
2024-05-24T02:00Z,BE,7135
2024-05-24T03:00Z,BE,7638
2024-05-24T04:00Z,BE,8506
2024-05-24T05:00Z,BE,9357
2024-05-24T06:00Z,BE,9866
2024-05-24T07:00Z,BE,10192
2024-05-24T08:00Z,BE,10306
2024-05-24T09:00Z,BE,10342
2024-05-24T10:00Z,BE,10352
2024-05-24T11:00Z,BE,10270
2024-05-24T12:00Z,BE,10174
2024-05-24T13:00Z,BE,10101
2024-05-24T14:00Z,BE,10099
2024-05-24T15:00Z,BE,10145
2024-05-24T16:00Z,BE,10046
2024-05-24T17:00Z,BE,9895
2024-05-24T18:00Z,BE,9670
2024-05-24T19:00Z,BE,9339
2024-05-24T20:00Z,BE,8792
2024-05-24T21:00Z,BE,8077
2024-05-24T22:00Z,BE,6986
2024-05-24T23:00Z,BE,6878
2024-05-25T00:00Z,BE,6772
2024-05-25T01:00Z,BE,6754
2024-05-25T02:00Z,BE,6811
2024-05-25T03:00Z,BE,7021
2024-05-25T04:00Z,BE,7498
2024-05-25T05:00Z,BE,7923
2024-05-25T06:00Z,BE,8187
2024-05-25T07:00Z,BE,8342
2024-05-25T08:00Z,BE,8415
2024-05-25T09:00Z,BE,8474
2024-05-25T10:00Z,BE,8467
2024-05-25T11:00Z,BE,8454
2024-05-25T12:00Z,BE,8425
2024-05-25T13:00Z,BE,8381
2024-05-25T14:00Z,BE,8330
2024-05-25T15:00Z,BE,8371
2024-05-25T16:00Z,BE,8346
2024-05-25T17:00Z,BE,8203
2024-05-25T18:00Z,BE,8061
2024-05-25T19:00Z,BE,7880
2024-05-25T20:00Z,BE,7631
2024-05-25T21:00Z,BE,7316
2024-05-25T22:00Z,BE,6374
2024-05-25T23:00Z,BE,6256
2024-05-26T00:00Z,BE,6174
2024-05-26T01:00Z,BE,6124
2024-05-26T02:00Z,BE,6155
2024-05-26T03:00Z,BE,6390
2024-05-26T04:00Z,BE,6817
2024-05-26T05:00Z,BE,7230
2024-05-26T06:00Z,BE,7478
2024-05-26T07:00Z,BE,7626
2024-05-26T08:00Z,BE,7713
2024-05-26T09:00Z,BE,7775
2024-05-26T10:00Z,BE,7768
2024-05-26T11:00Z,BE,7711
2024-05-26T12:00Z,BE,7665
2024-05-26T13:00Z,BE,7587
2024-05-26T14:00Z,BE,7571
2024-05-26T15:00Z,BE,7521
2024-05-26T16:00Z,BE,7447
2024-05-26T17:00Z,BE,7346
2024-05-26T18:00Z,BE,7295
2024-05-26T19:00Z,BE,7100
2024-05-26T20:00Z,BE,6859
2024-05-26T21:00Z,BE,6610
2024-05-26T22:00Z,BE,7240
2024-05-26T23:00Z,BE,6983
2024-05-27T00:00Z,BE,6834
2024-05-27T01:00Z,BE,6762
2024-05-27T02:00Z,BE,6899
2024-05-27T03:00Z,BE,7352
2024-05-27T04:00Z,BE,8210
2024-05-27T05:00Z,BE,9097
2024-05-27T06:00Z,BE,9584
2024-05-27T07:00Z,BE,9886
2024-05-27T08:00Z,BE,10071
2024-05-27T09:00Z,BE,10112
2024-05-27T10:00Z,BE,10014
2024-05-27T11:00Z,BE,9916
2024-05-27T12:00Z,BE,9871
2024-05-27T13:00Z,BE,9778
2024-05-27T14:00Z,BE,9736
2024-05-27T15:00Z,BE,9755
2024-05-27T16:00Z,BE,9692
2024-05-27T17:00Z,BE,9467
2024-05-27T18:00Z,BE,9231
2024-05-27T19:00Z,BE,8913
2024-05-27T20:00Z,BE,8438
2024-05-27T21:00Z,BE,7800
2024-05-27T22:00Z,BE,7308
2024-05-27T23:00Z,BE,7058
2024-05-28T00:00Z,BE,6882
2024-05-28T01:00Z,BE,6805
2024-05-28T02:00Z,BE,6890
2024-05-28T03:00Z,BE,7361
2024-05-28T04:00Z,BE,8220
2024-05-28T05:00Z,BE,9034
2024-05-28T06:00Z,BE,9550
2024-05-28T07:00Z,BE,9872
2024-05-28T08:00Z,BE,10054
2024-05-28T09:00Z,BE,10101
2024-05-28T10:00Z,BE,10081
2024-05-28T11:00Z,BE,10019
2024-05-28T12:00Z,BE,9910
2024-05-28T13:00Z,BE,9885
2024-05-28T14:00Z,BE,9818
2024-05-28T15:00Z,BE,9835
2024-05-28T16:00Z,BE,9795
2024-05-28T17:00Z,BE,9582
2024-05-28T18:00Z,BE,9362
2024-05-28T19:00Z,BE,8991
2024-05-28T20:00Z,BE,8445
2024-05-28T21:00Z,BE,7816
2024-05-28T22:00Z,BE,7312
2024-05-28T23:00Z,BE,7070
2024-05-29T00:00Z,BE,6900
2024-05-29T01:00Z,BE,6800
2024-05-29T02:00Z,BE,6899
2024-05-29T03:00Z,BE,7359
2024-05-29T04:00Z,BE,8238
2024-05-29T05:00Z,BE,9003
2024-05-29T06:00Z,BE,9507
2024-05-29T07:00Z,BE,9839
2024-05-29T08:00Z,BE,9956
2024-05-29T09:00Z,BE,10019
2024-05-29T10:00Z,BE,9998
2024-05-29T11:00Z,BE,9901
2024-05-29T12:00Z,BE,9817
2024-05-29T13:00Z,BE,9802
2024-05-29T14:00Z,BE,9785
2024-05-29T15:00Z,BE,9791
2024-05-29T16:00Z,BE,9757
2024-05-29T17:00Z,BE,9523
2024-05-29T18:00Z,BE,9272
2024-05-29T19:00Z,BE,8931
2024-05-29T20:00Z,BE,8445
2024-05-29T21:00Z,BE,7833
2024-05-29T22:00Z,BE,7435
2024-05-29T23:00Z,BE,7153
2024-05-30T00:00Z,BE,6944
2024-05-30T01:00Z,BE,6844
2024-05-30T02:00Z,BE,6919
2024-05-30T03:00Z,BE,7409
2024-05-30T04:00Z,BE,8291
2024-05-30T05:00Z,BE,9166
2024-05-30T06:00Z,BE,9728
2024-05-30T07:00Z,BE,10059
2024-05-30T08:00Z,BE,10193
2024-05-30T09:00Z,BE,10169
2024-05-30T10:00Z,BE,10196
2024-05-30T11:00Z,BE,10087
2024-05-30T12:00Z,BE,10029
2024-05-30T13:00Z,BE,9921
2024-05-30T14:00Z,BE,9825
2024-05-30T15:00Z,BE,9903
2024-05-30T16:00Z,BE,9858
2024-05-30T17:00Z,BE,9615
2024-05-30T18:00Z,BE,9406
2024-05-30T19:00Z,BE,9111
2024-05-30T20:00Z,BE,8632
2024-05-30T21:00Z,BE,7967
2024-05-30T22:00Z,BE,7489
2024-05-30T23:00Z,BE,7165
2024-05-31T00:00Z,BE,7023
2024-05-31T01:00Z,BE,6907
2024-05-31T02:00Z,BE,7010
2024-05-31T03:00Z,BE,7490
2024-05-31T04:00Z,BE,8387
2024-05-31T05:00Z,BE,9247
2024-05-31T06:00Z,BE,9825
2024-05-31T07:00Z,BE,10120
2024-05-31T08:00Z,BE,10275
2024-05-31T09:00Z,BE,10343
2024-05-31T10:00Z,BE,10324
2024-05-31T11:00Z,BE,10216
2024-05-31T12:00Z,BE,10118
2024-05-31T13:00Z,BE,10055
2024-05-31T14:00Z,BE,9985
2024-05-31T15:00Z,BE,9920
2024-05-31T16:00Z,BE,9839
2024-05-31T17:00Z,BE,9596
2024-05-31T18:00Z,BE,9421
2024-05-31T19:00Z,BE,9125
2024-05-31T20:00Z,BE,8680
2024-05-31T21:00Z,BE,8048
2024-05-31T22:00Z,BE,7050
2024-05-31T23:00Z,BE,6895
2024-06-01T00:00Z,BE,6805
2024-06-01T01:00Z,BE,6779
2024-06-01T02:00Z,BE,6823
2024-06-01T03:00Z,BE,7077
2024-06-01T04:00Z,BE,7522
2024-06-01T05:00Z,BE,7932
2024-06-01T06:00Z,BE,8232
2024-06-01T07:00Z,BE,8376
2024-06-01T08:00Z,BE,8440
2024-06-01T09:00Z,BE,8451
2024-06-01T10:00Z,BE,8450
2024-06-01T11:00Z,BE,8379
2024-06-01T12:00Z,BE,8317
2024-06-01T13:00Z,BE,8280
2024-06-01T14:00Z,BE,8284
2024-06-01T15:00Z,BE,8268
2024-06-01T16:00Z,BE,8236
2024-06-01T17:00Z,BE,8190
2024-06-01T18:00Z,BE,8081
2024-06-01T19:00Z,BE,7917
2024-06-01T20:00Z,BE,7694
2024-06-01T21:00Z,BE,7371
2024-06-01T22:00Z,BE,6456
2024-06-01T23:00Z,BE,6304
2024-06-02T00:00Z,BE,6209
2024-06-02T01:00Z,BE,6204
2024-06-02T02:00Z,BE,6211
2024-06-02T03:00Z,BE,6445
2024-06-02T04:00Z,BE,6844
2024-06-02T05:00Z,BE,7233
2024-06-02T06:00Z,BE,7508
2024-06-02T07:00Z,BE,7662
2024-06-02T08:00Z,BE,7741
2024-06-02T09:00Z,BE,7732
2024-06-02T10:00Z,BE,7766
2024-06-02T11:00Z,BE,7709
2024-06-02T12:00Z,BE,7683
2024-06-02T13:00Z,BE,7628
2024-06-02T14:00Z,BE,7613
2024-06-02T15:00Z,BE,7628
2024-06-02T16:00Z,BE,7581
2024-06-02T17:00Z,BE,7425
2024-06-02T18:00Z,BE,7307
2024-06-02T19:00Z,BE,7149
2024-06-02T20:00Z,BE,6952
2024-06-02T21:00Z,BE,6657
2024-06-02T22:00Z,BE,7336
2024-06-02T23:00Z,BE,7088
2024-06-03T00:00Z,BE,6931
2024-06-03T01:00Z,BE,6859
2024-06-03T02:00Z,BE,6939
2024-06-03T03:00Z,BE,7441
2024-06-03T04:00Z,BE,8264
2024-06-03T05:00Z,BE,9139
2024-06-03T06:00Z,BE,9659
2024-06-03T07:00Z,BE,9983
2024-06-03T08:00Z,BE,10093
2024-06-03T09:00Z,BE,10185
2024-06-03T10:00Z,BE,10138
2024-06-03T11:00Z,BE,10050
2024-06-03T12:00Z,BE,9989
2024-06-03T13:00Z,BE,9872
2024-06-03T14:00Z,BE,9874
2024-06-03T15:00Z,BE,9889
2024-06-03T16:00Z,BE,9788
2024-06-03T17:00Z,BE,9590
2024-06-03T18:00Z,BE,9336
2024-06-03T19:00Z,BE,9032
2024-06-03T20:00Z,BE,8531
2024-06-03T21:00Z,BE,7902
2024-06-03T22:00Z,BE,7499
2024-06-03T23:00Z,BE,7201
2024-06-04T00:00Z,BE,7035
2024-06-04T01:00Z,BE,6947
2024-06-04T02:00Z,BE,7056
2024-06-04T03:00Z,BE,7501
2024-06-04T04:00Z,BE,8372
2024-06-04T05:00Z,BE,9189
2024-06-04T06:00Z,BE,9690
2024-06-04T07:00Z,BE,10039
2024-06-04T08:00Z,BE,10189
2024-06-04T09:00Z,BE,10248
2024-06-04T10:00Z,BE,10224
2024-06-04T11:00Z,BE,10173
2024-06-04T12:00Z,BE,10085
2024-06-04T13:00Z,BE,9971
2024-06-04T14:00Z,BE,9905
2024-06-04T15:00Z,BE,9879
2024-06-04T16:00Z,BE,9791
2024-06-04T17:00Z,BE,9606
2024-06-04T18:00Z,BE,9393
2024-06-04T19:00Z,BE,9123
2024-06-04T20:00Z,BE,8644
2024-06-04T21:00Z,BE,7992
2024-06-04T22:00Z,BE,7440
2024-06-04T23:00Z,BE,7168
2024-06-05T00:00Z,BE,6960
2024-06-05T01:00Z,BE,6884
2024-06-05T02:00Z,BE,7002
2024-06-05T03:00Z,BE,7453
2024-06-05T04:00Z,BE,8307
2024-06-05T05:00Z,BE,9138
2024-06-05T06:00Z,BE,9673
2024-06-05T07:00Z,BE,10016
2024-06-05T08:00Z,BE,10190
2024-06-05T09:00Z,BE,10206
2024-06-05T10:00Z,BE,10202
2024-06-05T11:00Z,BE,10163
2024-06-05T12:00Z,BE,10039
2024-06-05T13:00Z,BE,9971
2024-06-05T14:00Z,BE,9932
2024-06-05T15:00Z,BE,9948
2024-06-05T16:00Z,BE,9888
2024-06-05T17:00Z,BE,9643
2024-06-05T18:00Z,BE,9389
2024-06-05T19:00Z,BE,9063
2024-06-05T20:00Z,BE,8585
2024-06-05T21:00Z,BE,7983
2024-06-05T22:00Z,BE,7285
2024-06-05T23:00Z,BE,7001
2024-06-06T00:00Z,BE,6842
2024-06-06T01:00Z,BE,6753
2024-06-06T02:00Z,BE,6834
2024-06-06T03:00Z,BE,7291
2024-06-06T04:00Z,BE,8112
2024-06-06T05:00Z,BE,8934
2024-06-06T06:00Z,BE,9477
2024-06-06T07:00Z,BE,9752
2024-06-06T08:00Z,BE,9879
2024-06-06T09:00Z,BE,9964
2024-06-06T10:00Z,BE,9939
2024-06-06T11:00Z,BE,9850
2024-06-06T12:00Z,BE,9801
2024-06-06T13:00Z,BE,9770
2024-06-06T14:00Z,BE,9702
2024-06-06T15:00Z,BE,9693
2024-06-06T16:00Z,BE,9607
2024-06-06T17:00Z,BE,9416
2024-06-06T18:00Z,BE,9206
2024-06-06T19:00Z,BE,8906
2024-06-06T20:00Z,BE,8453
2024-06-06T21:00Z,BE,7856
2024-06-06T22:00Z,BE,7333
2024-06-06T23:00Z,BE,7002
2024-06-07T00:00Z,BE,6857
2024-06-07T01:00Z,BE,6775
2024-06-07T02:00Z,BE,6853
2024-06-07T03:00Z,BE,7321
2024-06-07T04:00Z,BE,8158
2024-06-07T05:00Z,BE,8996
2024-06-07T06:00Z,BE,9540
2024-06-07T07:00Z,BE,9879
2024-06-07T08:00Z,BE,10014
2024-06-07T09:00Z,BE,10095
2024-06-07T10:00Z,BE,10106
2024-06-07T11:00Z,BE,9951
2024-06-07T12:00Z,BE,9909
2024-06-07T13:00Z,BE,9830
2024-06-07T14:00Z,BE,9810
2024-06-07T15:00Z,BE,9727
2024-06-07T16:00Z,BE,9660
2024-06-07T17:00Z,BE,9474
2024-06-07T18:00Z,BE,9242
2024-06-07T19:00Z,BE,8937
2024-06-07T20:00Z,BE,8485
2024-06-07T21:00Z,BE,7851
2024-06-07T22:00Z,BE,6950
2024-06-07T23:00Z,BE,6785
2024-06-08T00:00Z,BE,6698
2024-06-08T01:00Z,BE,6680
2024-06-08T02:00Z,BE,6727
2024-06-08T03:00Z,BE,6996
2024-06-08T04:00Z,BE,7398
2024-06-08T05:00Z,BE,7840
2024-06-08T06:00Z,BE,8109
2024-06-08T07:00Z,BE,8304
2024-06-08T08:00Z,BE,8366
2024-06-08T09:00Z,BE,8403
2024-06-08T10:00Z,BE,8400
2024-06-08T11:00Z,BE,8391
2024-06-08T12:00Z,BE,8290
2024-06-08T13:00Z,BE,8273
2024-06-08T14:00Z,BE,8254
2024-06-08T15:00Z,BE,8254
2024-06-08T16:00Z,BE,8166
2024-06-08T17:00Z,BE,8078
2024-06-08T18:00Z,BE,7946
2024-06-08T19:00Z,BE,7803
2024-06-08T20:00Z,BE,7536
2024-06-08T21:00Z,BE,7191
2024-06-08T22:00Z,BE,6300
2024-06-08T23:00Z,BE,6192
2024-06-09T00:00Z,BE,6115
2024-06-09T01:00Z,BE,6076
2024-06-09T02:00Z,BE,6110
2024-06-09T03:00Z,BE,6340
2024-06-09T04:00Z,BE,6742
2024-06-09T05:00Z,BE,7143
2024-06-09T06:00Z,BE,7360
2024-06-09T07:00Z,BE,7504
2024-06-09T08:00Z,BE,7570
2024-06-09T09:00Z,BE,7608
2024-06-09T10:00Z,BE,7580
2024-06-09T11:00Z,BE,7561
2024-06-09T12:00Z,BE,7522
2024-06-09T13:00Z,BE,7485
2024-06-09T14:00Z,BE,7507
2024-06-09T15:00Z,BE,7491
2024-06-09T16:00Z,BE,7441
2024-06-09T17:00Z,BE,7340
2024-06-09T18:00Z,BE,7196
2024-06-09T19:00Z,BE,7075
2024-06-09T20:00Z,BE,6870
2024-06-09T21:00Z,BE,6555
2024-06-09T22:00Z,BE,7296
2024-06-09T23:00Z,BE,6986
2024-06-10T00:00Z,BE,6796
2024-06-10T01:00Z,BE,6733
2024-06-10T02:00Z,BE,6797
2024-06-10T03:00Z,BE,7281
2024-06-10T04:00Z,BE,8128
2024-06-10T05:00Z,BE,8988
2024-06-10T06:00Z,BE,9505
2024-06-10T07:00Z,BE,9848
2024-06-10T08:00Z,BE,9941
2024-06-10T09:00Z,BE,10031
2024-06-10T10:00Z,BE,9979
2024-06-10T11:00Z,BE,9866
2024-06-10T12:00Z,BE,9757
2024-06-10T13:00Z,BE,9620
2024-06-10T14:00Z,BE,9553
2024-06-10T15:00Z,BE,9586
2024-06-10T16:00Z,BE,9524
2024-06-10T17:00Z,BE,9335
2024-06-10T18:00Z,BE,9172
2024-06-10T19:00Z,BE,8894
2024-06-10T20:00Z,BE,8429
2024-06-10T21:00Z,BE,7828
2024-06-10T22:00Z,BE,7316
2024-06-10T23:00Z,BE,7016
2024-06-11T00:00Z,BE,6830
2024-06-11T01:00Z,BE,6765
2024-06-11T02:00Z,BE,6849
2024-06-11T03:00Z,BE,7342
2024-06-11T04:00Z,BE,8184
2024-06-11T05:00Z,BE,8984
2024-06-11T06:00Z,BE,9496
2024-06-11T07:00Z,BE,9828
2024-06-11T08:00Z,BE,10010
2024-06-11T09:00Z,BE,10041
2024-06-11T10:00Z,BE,9954
2024-06-11T11:00Z,BE,9881
2024-06-11T12:00Z,BE,9787
2024-06-11T13:00Z,BE,9661
2024-06-11T14:00Z,BE,9617
2024-06-11T15:00Z,BE,9573
2024-06-11T16:00Z,BE,9548
2024-06-11T17:00Z,BE,9376
2024-06-11T18:00Z,BE,9161
2024-06-11T19:00Z,BE,8903
2024-06-11T20:00Z,BE,8484
2024-06-11T21:00Z,BE,7855
2024-06-11T22:00Z,BE,7293
2024-06-11T23:00Z,BE,7022
2024-06-12T00:00Z,BE,6847
2024-06-12T01:00Z,BE,6766
2024-06-12T02:00Z,BE,6867
2024-06-12T03:00Z,BE,7370
2024-06-12T04:00Z,BE,8194
2024-06-12T05:00Z,BE,8991
2024-06-12T06:00Z,BE,9543
2024-06-12T07:00Z,BE,9876
2024-06-12T08:00Z,BE,9976
2024-06-12T09:00Z,BE,10074
2024-06-12T10:00Z,BE,10058
2024-06-12T11:00Z,BE,9945
2024-06-12T12:00Z,BE,9847
2024-06-12T13:00Z,BE,9770
2024-06-12T14:00Z,BE,9754
2024-06-12T15:00Z,BE,9763
2024-06-12T16:00Z,BE,9669
2024-06-12T17:00Z,BE,9463
2024-06-12T18:00Z,BE,9233
2024-06-12T19:00Z,BE,8967
2024-06-12T20:00Z,BE,8447
2024-06-12T21:00Z,BE,7836
2024-06-12T22:00Z,BE,7312
2024-06-12T23:00Z,BE,7044
2024-06-13T00:00Z,BE,6855
2024-06-13T01:00Z,BE,6781
2024-06-13T02:00Z,BE,6889
2024-06-13T03:00Z,BE,7348
2024-06-13T04:00Z,BE,8160
2024-06-13T05:00Z,BE,8975
2024-06-13T06:00Z,BE,9534
2024-06-13T07:00Z,BE,9855
2024-06-13T08:00Z,BE,10014
2024-06-13T09:00Z,BE,10096
2024-06-13T10:00Z,BE,10077
2024-06-13T11:00Z,BE,9969
2024-06-13T12:00Z,BE,9901
2024-06-13T13:00Z,BE,9825
2024-06-13T14:00Z,BE,9757
2024-06-13T15:00Z,BE,9715
2024-06-13T16:00Z,BE,9678
2024-06-13T17:00Z,BE,9455
2024-06-13T18:00Z,BE,9226
2024-06-13T19:00Z,BE,8981
2024-06-13T20:00Z,BE,8558
2024-06-13T21:00Z,BE,7908
2024-06-13T22:00Z,BE,7333
2024-06-13T23:00Z,BE,7080
2024-06-14T00:00Z,BE,6874
2024-06-14T01:00Z,BE,6797
2024-06-14T02:00Z,BE,6874
2024-06-14T03:00Z,BE,7329
2024-06-14T04:00Z,BE,8179
2024-06-14T05:00Z,BE,9022
2024-06-14T06:00Z,BE,9557
2024-06-14T07:00Z,BE,9865
2024-06-14T08:00Z,BE,10028
2024-06-14T09:00Z,BE,10122
2024-06-14T10:00Z,BE,10129
2024-06-14T11:00Z,BE,10054
2024-06-14T12:00Z,BE,9971
2024-06-14T13:00Z,BE,9884
2024-06-14T14:00Z,BE,9796
2024-06-14T15:00Z,BE,9736
2024-06-14T16:00Z,BE,9661
2024-06-14T17:00Z,BE,9464
2024-06-14T18:00Z,BE,9269
2024-06-14T19:00Z,BE,8979
2024-06-14T20:00Z,BE,8457
2024-06-14T21:00Z,BE,7819
2024-06-14T22:00Z,BE,6905
2024-06-14T23:00Z,BE,6778
2024-06-15T00:00Z,BE,6724
2024-06-15T01:00Z,BE,6665
2024-06-15T02:00Z,BE,6693
2024-06-15T03:00Z,BE,6986
2024-06-15T04:00Z,BE,7468
2024-06-15T05:00Z,BE,7871
2024-06-15T06:00Z,BE,8133
2024-06-15T07:00Z,BE,8300
2024-06-15T08:00Z,BE,8372
2024-06-15T09:00Z,BE,8439
2024-06-15T10:00Z,BE,8378
2024-06-15T11:00Z,BE,8313
2024-06-15T12:00Z,BE,8278
2024-06-15T13:00Z,BE,8243
2024-06-15T14:00Z,BE,8179
2024-06-15T15:00Z,BE,8143
2024-06-15T16:00Z,BE,8089
2024-06-15T17:00Z,BE,8021
2024-06-15T18:00Z,BE,7980
2024-06-15T19:00Z,BE,7802
2024-06-15T20:00Z,BE,7554
2024-06-15T21:00Z,BE,7253
2024-06-15T22:00Z,BE,6343
2024-06-15T23:00Z,BE,6204
2024-06-16T00:00Z,BE,6095
2024-06-16T01:00Z,BE,6058
2024-06-16T02:00Z,BE,6098
2024-06-16T03:00Z,BE,6317
2024-06-16T04:00Z,BE,6708
2024-06-16T05:00Z,BE,7092
2024-06-16T06:00Z,BE,7317
2024-06-16T07:00Z,BE,7482
2024-06-16T08:00Z,BE,7611
2024-06-16T09:00Z,BE,7666
2024-06-16T10:00Z,BE,7609
2024-06-16T11:00Z,BE,7564
2024-06-16T12:00Z,BE,7494
2024-06-16T13:00Z,BE,7520
2024-06-16T14:00Z,BE,7476
2024-06-16T15:00Z,BE,7452
2024-06-16T16:00Z,BE,7370
2024-06-16T17:00Z,BE,7277
2024-06-16T18:00Z,BE,7184
2024-06-16T19:00Z,BE,7056
2024-06-16T20:00Z,BE,6871
2024-06-16T21:00Z,BE,6586
2024-06-16T22:00Z,BE,7309
2024-06-16T23:00Z,BE,7036
2024-06-17T00:00Z,BE,6892
2024-06-17T01:00Z,BE,6827
2024-06-17T02:00Z,BE,6908
2024-06-17T03:00Z,BE,7374
2024-06-17T04:00Z,BE,8199
2024-06-17T05:00Z,BE,8988
2024-06-17T06:00Z,BE,9502
2024-06-17T07:00Z,BE,9841
2024-06-17T08:00Z,BE,10050
2024-06-17T09:00Z,BE,10120
2024-06-17T10:00Z,BE,10096
2024-06-17T11:00Z,BE,10044
2024-06-17T12:00Z,BE,9961
2024-06-17T13:00Z,BE,9848
2024-06-17T14:00Z,BE,9794
2024-06-17T15:00Z,BE,9777
2024-06-17T16:00Z,BE,9651
2024-06-17T17:00Z,BE,9459
2024-06-17T18:00Z,BE,9251
2024-06-17T19:00Z,BE,8964
2024-06-17T20:00Z,BE,8507
2024-06-17T21:00Z,BE,7892
2024-06-17T22:00Z,BE,7369
2024-06-17T23:00Z,BE,7074
2024-06-18T00:00Z,BE,6889
2024-06-18T01:00Z,BE,6796
2024-06-18T02:00Z,BE,6876
2024-06-18T03:00Z,BE,7305
2024-06-18T04:00Z,BE,8105
2024-06-18T05:00Z,BE,8909
2024-06-18T06:00Z,BE,9418
2024-06-18T07:00Z,BE,9780
2024-06-18T08:00Z,BE,10000
2024-06-18T09:00Z,BE,10091
2024-06-18T10:00Z,BE,10048
2024-06-18T11:00Z,BE,9926
2024-06-18T12:00Z,BE,9852
2024-06-18T13:00Z,BE,9793
2024-06-18T14:00Z,BE,9731
2024-06-18T15:00Z,BE,9692
2024-06-18T16:00Z,BE,9653
2024-06-18T17:00Z,BE,9474
2024-06-18T18:00Z,BE,9239
2024-06-18T19:00Z,BE,8988
2024-06-18T20:00Z,BE,8490
2024-06-18T21:00Z,BE,7849
2024-06-18T22:00Z,BE,7344
2024-06-18T23:00Z,BE,7080
2024-06-19T00:00Z,BE,6893
2024-06-19T01:00Z,BE,6806
2024-06-19T02:00Z,BE,6865
2024-06-19T03:00Z,BE,7287
2024-06-19T04:00Z,BE,8072
2024-06-19T05:00Z,BE,8892
2024-06-19T06:00Z,BE,9407
2024-06-19T07:00Z,BE,9729
2024-06-19T08:00Z,BE,9879
2024-06-19T09:00Z,BE,10019
2024-06-19T10:00Z,BE,9977
2024-06-19T11:00Z,BE,9877
2024-06-19T12:00Z,BE,9825
2024-06-19T13:00Z,BE,9750
2024-06-19T14:00Z,BE,9636
2024-06-19T15:00Z,BE,9587
2024-06-19T16:00Z,BE,9552
2024-06-19T17:00Z,BE,9376
2024-06-19T18:00Z,BE,9174
2024-06-19T19:00Z,BE,8866
2024-06-19T20:00Z,BE,8446
2024-06-19T21:00Z,BE,7877
2024-06-19T22:00Z,BE,7349
2024-06-19T23:00Z,BE,7086
2024-06-20T00:00Z,BE,6905
2024-06-20T01:00Z,BE,6801
2024-06-20T02:00Z,BE,6886
2024-06-20T03:00Z,BE,7340
2024-06-20T04:00Z,BE,8200
2024-06-20T05:00Z,BE,8990
2024-06-20T06:00Z,BE,9530
2024-06-20T07:00Z,BE,9910
2024-06-20T08:00Z,BE,10065
2024-06-20T09:00Z,BE,10199
2024-06-20T10:00Z,BE,10180
2024-06-20T11:00Z,BE,10065
2024-06-20T12:00Z,BE,9957
2024-06-20T13:00Z,BE,9855
2024-06-20T14:00Z,BE,9760
2024-06-20T15:00Z,BE,9716
2024-06-20T16:00Z,BE,9641
2024-06-20T17:00Z,BE,9396
2024-06-20T18:00Z,BE,9213
2024-06-20T19:00Z,BE,8925
2024-06-20T20:00Z,BE,8443
2024-06-20T21:00Z,BE,7832
2024-06-20T22:00Z,BE,7315
2024-06-20T23:00Z,BE,7046
2024-06-21T00:00Z,BE,6825
2024-06-21T01:00Z,BE,6778
2024-06-21T02:00Z,BE,6891
2024-06-21T03:00Z,BE,7377
2024-06-21T04:00Z,BE,8181
2024-06-21T05:00Z,BE,8992
2024-06-21T06:00Z,BE,9462
2024-06-21T07:00Z,BE,9805
2024-06-21T08:00Z,BE,10020
2024-06-21T09:00Z,BE,10108
2024-06-21T10:00Z,BE,10159
2024-06-21T11:00Z,BE,10095
2024-06-21T12:00Z,BE,9949
2024-06-21T13:00Z,BE,9859
2024-06-21T14:00Z,BE,9760
2024-06-21T15:00Z,BE,9621
2024-06-21T16:00Z,BE,9525
2024-06-21T17:00Z,BE,9294
2024-06-21T18:00Z,BE,9109
2024-06-21T19:00Z,BE,8858
2024-06-21T20:00Z,BE,8423
2024-06-21T21:00Z,BE,7859
2024-06-21T22:00Z,BE,6963
2024-06-21T23:00Z,BE,6814
2024-06-22T00:00Z,BE,6708
2024-06-22T01:00Z,BE,6653
2024-06-22T02:00Z,BE,6683
2024-06-22T03:00Z,BE,6954
2024-06-22T04:00Z,BE,7433
2024-06-22T05:00Z,BE,7824
2024-06-22T06:00Z,BE,8156
2024-06-22T07:00Z,BE,8316
2024-06-22T08:00Z,BE,8407
2024-06-22T09:00Z,BE,8454
2024-06-22T10:00Z,BE,8406
2024-06-22T11:00Z,BE,8409
2024-06-22T12:00Z,BE,8366
2024-06-22T13:00Z,BE,8339
2024-06-22T14:00Z,BE,8302
2024-06-22T15:00Z,BE,8233
2024-06-22T16:00Z,BE,8183
2024-06-22T17:00Z,BE,8089
2024-06-22T18:00Z,BE,7956
2024-06-22T19:00Z,BE,7830
2024-06-22T20:00Z,BE,7587
2024-06-22T21:00Z,BE,7209
2024-06-22T22:00Z,BE,6302
2024-06-22T23:00Z,BE,6197
2024-06-23T00:00Z,BE,6094
2024-06-23T01:00Z,BE,6081
2024-06-23T02:00Z,BE,6165
2024-06-23T03:00Z,BE,6374
2024-06-23T04:00Z,BE,6763
2024-06-23T05:00Z,BE,7131
2024-06-23T06:00Z,BE,7368
2024-06-23T07:00Z,BE,7553
2024-06-23T08:00Z,BE,7614
2024-06-23T09:00Z,BE,7669
2024-06-23T10:00Z,BE,7682
2024-06-23T11:00Z,BE,7679
2024-06-23T12:00Z,BE,7560
2024-06-23T13:00Z,BE,7505
2024-06-23T14:00Z,BE,7450
2024-06-23T15:00Z,BE,7424
2024-06-23T16:00Z,BE,7441
2024-06-23T17:00Z,BE,7373
2024-06-23T18:00Z,BE,7282
2024-06-23T19:00Z,BE,7135
2024-06-23T20:00Z,BE,6882
2024-06-23T21:00Z,BE,6566
2024-06-23T22:00Z,BE,7313
2024-06-23T23:00Z,BE,7029
2024-06-24T00:00Z,BE,6842
2024-06-24T01:00Z,BE,6720
2024-06-24T02:00Z,BE,6825
2024-06-24T03:00Z,BE,7269
2024-06-24T04:00Z,BE,8089
2024-06-24T05:00Z,BE,8941
2024-06-24T06:00Z,BE,9492
2024-06-24T07:00Z,BE,9799
2024-06-24T08:00Z,BE,9972
2024-06-24T09:00Z,BE,10091
2024-06-24T10:00Z,BE,10036
2024-06-24T11:00Z,BE,9953
2024-06-24T12:00Z,BE,9910
2024-06-24T13:00Z,BE,9830
2024-06-24T14:00Z,BE,9751
2024-06-24T15:00Z,BE,9690
2024-06-24T16:00Z,BE,9630
2024-06-24T17:00Z,BE,9410
2024-06-24T18:00Z,BE,9228
2024-06-24T19:00Z,BE,8953
2024-06-24T20:00Z,BE,8496
2024-06-24T21:00Z,BE,7924
2024-06-24T22:00Z,BE,7370
2024-06-24T23:00Z,BE,7079
2024-06-25T00:00Z,BE,6851
2024-06-25T01:00Z,BE,6779
2024-06-25T02:00Z,BE,6856
2024-06-25T03:00Z,BE,7320
2024-06-25T04:00Z,BE,8102
2024-06-25T05:00Z,BE,8916
2024-06-25T06:00Z,BE,9425
2024-06-25T07:00Z,BE,9785
2024-06-25T08:00Z,BE,9915
2024-06-25T09:00Z,BE,10005
2024-06-25T10:00Z,BE,10039
2024-06-25T11:00Z,BE,9937
2024-06-25T12:00Z,BE,9872
2024-06-25T13:00Z,BE,9799
2024-06-25T14:00Z,BE,9722
2024-06-25T15:00Z,BE,9689
2024-06-25T16:00Z,BE,9565
2024-06-25T17:00Z,BE,9342
2024-06-25T18:00Z,BE,9188
2024-06-25T19:00Z,BE,8882
2024-06-25T20:00Z,BE,8461
2024-06-25T21:00Z,BE,7855
2024-06-25T22:00Z,BE,7300
2024-06-25T23:00Z,BE,7024
2024-06-26T00:00Z,BE,6843
2024-06-26T01:00Z,BE,6766
2024-06-26T02:00Z,BE,6878
2024-06-26T03:00Z,BE,7280
2024-06-26T04:00Z,BE,8101
2024-06-26T05:00Z,BE,8917
2024-06-26T06:00Z,BE,9492
2024-06-26T07:00Z,BE,9868
2024-06-26T08:00Z,BE,10043
2024-06-26T09:00Z,BE,10128
2024-06-26T10:00Z,BE,10122
2024-06-26T11:00Z,BE,9998
2024-06-26T12:00Z,BE,9872
2024-06-26T13:00Z,BE,9817
2024-06-26T14:00Z,BE,9729
2024-06-26T15:00Z,BE,9662
2024-06-26T16:00Z,BE,9559
2024-06-26T17:00Z,BE,9363
2024-06-26T18:00Z,BE,9153
2024-06-26T19:00Z,BE,8887
2024-06-26T20:00Z,BE,8394
2024-06-26T21:00Z,BE,7810
2024-06-26T22:00Z,BE,7295
2024-06-26T23:00Z,BE,7013
2024-06-27T00:00Z,BE,6834
2024-06-27T01:00Z,BE,6794
2024-06-27T02:00Z,BE,6868
2024-06-27T03:00Z,BE,7303
2024-06-27T04:00Z,BE,8167
2024-06-27T05:00Z,BE,9016
2024-06-27T06:00Z,BE,9533
2024-06-27T07:00Z,BE,9894
2024-06-27T08:00Z,BE,10048
2024-06-27T09:00Z,BE,10129
2024-06-27T10:00Z,BE,10121
2024-06-27T11:00Z,BE,10039
2024-06-27T12:00Z,BE,9945
2024-06-27T13:00Z,BE,9887
2024-06-27T14:00Z,BE,9787
2024-06-27T15:00Z,BE,9702
2024-06-27T16:00Z,BE,9678
2024-06-27T17:00Z,BE,9502
2024-06-27T18:00Z,BE,9301
2024-06-27T19:00Z,BE,8982
2024-06-27T20:00Z,BE,8484
2024-06-27T21:00Z,BE,7822
2024-06-27T22:00Z,BE,7306
2024-06-27T23:00Z,BE,7018
2024-06-28T00:00Z,BE,6861
2024-06-28T01:00Z,BE,6801
2024-06-28T02:00Z,BE,6918
2024-06-28T03:00Z,BE,7346
2024-06-28T04:00Z,BE,8111
2024-06-28T05:00Z,BE,8960
2024-06-28T06:00Z,BE,9436
2024-06-28T07:00Z,BE,9792
2024-06-28T08:00Z,BE,9917
2024-06-28T09:00Z,BE,10032
2024-06-28T10:00Z,BE,9994
2024-06-28T11:00Z,BE,9966
2024-06-28T12:00Z,BE,9883
2024-06-28T13:00Z,BE,9815
2024-06-28T14:00Z,BE,9751
2024-06-28T15:00Z,BE,9669
2024-06-28T16:00Z,BE,9565
2024-06-28T17:00Z,BE,9353
2024-06-28T18:00Z,BE,9157
2024-06-28T19:00Z,BE,8905
2024-06-28T20:00Z,BE,8421
2024-06-28T21:00Z,BE,7807
2024-06-28T22:00Z,BE,6947
2024-06-28T23:00Z,BE,6783
2024-06-29T00:00Z,BE,6718
2024-06-29T01:00Z,BE,6689
2024-06-29T02:00Z,BE,6747
2024-06-29T03:00Z,BE,7003
2024-06-29T04:00Z,BE,7426
2024-06-29T05:00Z,BE,7824
2024-06-29T06:00Z,BE,8138
2024-06-29T07:00Z,BE,8357
2024-06-29T08:00Z,BE,8431
2024-06-29T09:00Z,BE,8423
2024-06-29T10:00Z,BE,8425
2024-06-29T11:00Z,BE,8377
2024-06-29T12:00Z,BE,8328
2024-06-29T13:00Z,BE,8282
2024-06-29T14:00Z,BE,8252
2024-06-29T15:00Z,BE,8202
2024-06-29T16:00Z,BE,8146
2024-06-29T17:00Z,BE,8062
2024-06-29T18:00Z,BE,7955
2024-06-29T19:00Z,BE,7808
2024-06-29T20:00Z,BE,7546
2024-06-29T21:00Z,BE,7173
2024-06-29T22:00Z,BE,6246
2024-06-29T23:00Z,BE,6132
2024-06-30T00:00Z,BE,6033
2024-06-30T01:00Z,BE,6006
2024-06-30T02:00Z,BE,6075
2024-06-30T03:00Z,BE,6269
2024-06-30T04:00Z,BE,6626
2024-06-30T05:00Z,BE,6989
2024-06-30T06:00Z,BE,7228
2024-06-30T07:00Z,BE,7399
2024-06-30T08:00Z,BE,7528
2024-06-30T09:00Z,BE,7579
2024-06-30T10:00Z,BE,7636
2024-06-30T11:00Z,BE,7592
2024-06-30T12:00Z,BE,7574
2024-06-30T13:00Z,BE,7538
2024-06-30T14:00Z,BE,7469
2024-06-30T15:00Z,BE,7474
2024-06-30T16:00Z,BE,7414
2024-06-30T17:00Z,BE,7294
2024-06-30T18:00Z,BE,7192
2024-06-30T19:00Z,BE,7005
2024-06-30T20:00Z,BE,6801
2024-06-30T21:00Z,BE,6511
2023-12-31T23:00Z,ES,20243
2024-01-01T00:00Z,ES,19832
2024-01-01T01:00Z,ES,19460
2024-01-01T02:00Z,ES,19414
2024-01-01T03:00Z,ES,19757
2024-01-01T04:00Z,ES,20772
2024-01-01T05:00Z,ES,22359
2024-01-01T06:00Z,ES,23852
2024-01-01T07:00Z,ES,24464
2024-01-01T08:00Z,ES,24541
2024-01-01T09:00Z,ES,24513
2024-01-01T10:00Z,ES,24698
2024-01-01T11:00Z,ES,24338
2024-01-01T12:00Z,ES,24159
2024-01-01T13:00Z,ES,24041
2024-01-01T14:00Z,ES,23975
2024-01-01T15:00Z,ES,24386
2024-01-01T16:00Z,ES,25255
2024-01-01T17:00Z,ES,25457
2024-01-01T18:00Z,ES,24863
2024-01-01T19:00Z,ES,23942
2024-01-01T20:00Z,ES,23122
2024-01-01T21:00Z,ES,22302
2024-01-01T22:00Z,ES,21326
2024-01-01T23:00Z,ES,22580
2024-01-02T00:00Z,ES,21711
2024-01-02T01:00Z,ES,21193
2024-01-02T02:00Z,ES,21266
2024-01-02T03:00Z,ES,21765
2024-01-02T04:00Z,ES,23675
2024-01-02T05:00Z,ES,26988
2024-01-02T06:00Z,ES,29817
2024-01-02T07:00Z,ES,30805
2024-01-02T08:00Z,ES,31256
2024-01-02T09:00Z,ES,31120
2024-01-02T10:00Z,ES,30744
2024-01-02T11:00Z,ES,30328
2024-01-02T12:00Z,ES,30199
2024-01-02T13:00Z,ES,29995
2024-01-02T14:00Z,ES,29881
2024-01-02T15:00Z,ES,30690
2024-01-02T16:00Z,ES,32499
2024-01-02T17:00Z,ES,32761
2024-01-02T18:00Z,ES,31477
2024-01-02T19:00Z,ES,29793
2024-01-02T20:00Z,ES,28234
2024-01-02T21:00Z,ES,26012
2024-01-02T22:00Z,ES,24095
2024-01-02T23:00Z,ES,23199
2024-01-03T00:00Z,ES,22343
2024-01-03T01:00Z,ES,21810
2024-01-03T02:00Z,ES,21732
2024-01-03T03:00Z,ES,22418
2024-01-03T04:00Z,ES,24404
2024-01-03T05:00Z,ES,27908
2024-01-03T06:00Z,ES,30830
2024-01-03T07:00Z,ES,32085
2024-01-03T08:00Z,ES,32355
2024-01-03T09:00Z,ES,32306
2024-01-03T10:00Z,ES,31984
2024-01-03T11:00Z,ES,31406
2024-01-03T12:00Z,ES,31165
2024-01-03T13:00Z,ES,31088
2024-01-03T14:00Z,ES,31287
2024-01-03T15:00Z,ES,31960
2024-01-03T16:00Z,ES,33798
2024-01-03T17:00Z,ES,34026
2024-01-03T18:00Z,ES,32679
2024-01-03T19:00Z,ES,30825
2024-01-03T20:00Z,ES,29140
2024-01-03T21:00Z,ES,27017
2024-01-03T22:00Z,ES,24943
2024-01-03T23:00Z,ES,23388
2024-01-04T00:00Z,ES,22536
2024-01-04T01:00Z,ES,21840
2024-01-04T02:00Z,ES,21860
2024-01-04T03:00Z,ES,22584
2024-01-04T04:00Z,ES,24653
2024-01-04T05:00Z,ES,28249
2024-01-04T06:00Z,ES,31191
2024-01-04T07:00Z,ES,32482
2024-01-04T08:00Z,ES,32845
2024-01-04T09:00Z,ES,32552
2024-01-04T10:00Z,ES,32214
2024-01-04T11:00Z,ES,31715
2024-01-04T12:00Z,ES,31398
2024-01-04T13:00Z,ES,31160
2024-01-04T14:00Z,ES,31123
2024-01-04T15:00Z,ES,31996
2024-01-04T16:00Z,ES,33869
2024-01-04T17:00Z,ES,34175
2024-01-04T18:00Z,ES,32809
2024-01-04T19:00Z,ES,31188
2024-01-04T20:00Z,ES,29539
2024-01-04T21:00Z,ES,27338
2024-01-04T22:00Z,ES,25334
2024-01-04T23:00Z,ES,24000
2024-01-05T00:00Z,ES,23054
2024-01-05T01:00Z,ES,22490
2024-01-05T02:00Z,ES,22573
2024-01-05T03:00Z,ES,23165
2024-01-05T04:00Z,ES,25203
2024-01-05T05:00Z,ES,28819
2024-01-05T06:00Z,ES,31812
2024-01-05T07:00Z,ES,32919
2024-01-05T08:00Z,ES,33075
2024-01-05T09:00Z,ES,33007
2024-01-05T10:00Z,ES,32744
2024-01-05T11:00Z,ES,32095
2024-01-05T12:00Z,ES,31732
2024-01-05T13:00Z,ES,31454
2024-01-05T14:00Z,ES,31458
2024-01-05T15:00Z,ES,32259
2024-01-05T16:00Z,ES,34069
2024-01-05T17:00Z,ES,34514
2024-01-05T18:00Z,ES,33309
2024-01-05T19:00Z,ES,31618
2024-01-05T20:00Z,ES,29738
2024-01-05T21:00Z,ES,27608
2024-01-05T22:00Z,ES,25715
2024-01-05T23:00Z,ES,20620
2024-01-06T00:00Z,ES,20167
2024-01-06T01:00Z,ES,19944
2024-01-06T02:00Z,ES,19846
2024-01-06T03:00Z,ES,20209
2024-01-06T04:00Z,ES,21211
2024-01-06T05:00Z,ES,23022
2024-01-06T06:00Z,ES,24405
2024-01-06T07:00Z,ES,24930
2024-01-06T08:00Z,ES,25064
2024-01-06T09:00Z,ES,24902
2024-01-06T10:00Z,ES,24754
2024-01-06T11:00Z,ES,24515
2024-01-06T12:00Z,ES,24436
2024-01-06T13:00Z,ES,24397
2024-01-06T14:00Z,ES,24442
2024-01-06T15:00Z,ES,24774
2024-01-06T16:00Z,ES,25696
2024-01-06T17:00Z,ES,25691
2024-01-06T18:00Z,ES,25097
2024-01-06T19:00Z,ES,24296
2024-01-06T20:00Z,ES,23360
2024-01-06T21:00Z,ES,22337
2024-01-06T22:00Z,ES,21436
2024-01-06T23:00Z,ES,20564
2024-01-07T00:00Z,ES,20208
2024-01-07T01:00Z,ES,19866
2024-01-07T02:00Z,ES,19818
2024-01-07T03:00Z,ES,20086
2024-01-07T04:00Z,ES,21175
2024-01-07T05:00Z,ES,22817
2024-01-07T06:00Z,ES,24204
2024-01-07T07:00Z,ES,24899
2024-01-07T08:00Z,ES,25108
2024-01-07T09:00Z,ES,25020
2024-01-07T10:00Z,ES,24849
2024-01-07T11:00Z,ES,24636
2024-01-07T12:00Z,ES,24404
2024-01-07T13:00Z,ES,24389
2024-01-07T14:00Z,ES,24408
2024-01-07T15:00Z,ES,24758
2024-01-07T16:00Z,ES,25591
2024-01-07T17:00Z,ES,25649
2024-01-07T18:00Z,ES,25088
2024-01-07T19:00Z,ES,24127
2024-01-07T20:00Z,ES,23291
2024-01-07T21:00Z,ES,22308
2024-01-07T22:00Z,ES,21463
2024-01-07T23:00Z,ES,23292
2024-01-08T00:00Z,ES,22412
2024-01-08T01:00Z,ES,21954
2024-01-08T02:00Z,ES,21910
2024-01-08T03:00Z,ES,22432
2024-01-08T04:00Z,ES,24415
2024-01-08T05:00Z,ES,27859
2024-01-08T06:00Z,ES,30689
2024-01-08T07:00Z,ES,32094
2024-01-08T08:00Z,ES,32402
2024-01-08T09:00Z,ES,32334
2024-01-08T10:00Z,ES,32154
2024-01-08T11:00Z,ES,31744
2024-01-08T12:00Z,ES,31573
2024-01-08T13:00Z,ES,31110
2024-01-08T14:00Z,ES,30999
2024-01-08T15:00Z,ES,31838
2024-01-08T16:00Z,ES,33539
2024-01-08T17:00Z,ES,34039
2024-01-08T18:00Z,ES,32832
2024-01-08T19:00Z,ES,31196
2024-01-08T20:00Z,ES,29340
2024-01-08T21:00Z,ES,27280
2024-01-08T22:00Z,ES,25191
2024-01-08T23:00Z,ES,23855
2024-01-09T00:00Z,ES,22795
2024-01-09T01:00Z,ES,22322
2024-01-09T02:00Z,ES,22266
2024-01-09T03:00Z,ES,22916
2024-01-09T04:00Z,ES,25066
2024-01-09T05:00Z,ES,28559
2024-01-09T06:00Z,ES,31611
2024-01-09T07:00Z,ES,32790
2024-01-09T08:00Z,ES,32947
2024-01-09T09:00Z,ES,32948
2024-01-09T10:00Z,ES,32564
2024-01-09T11:00Z,ES,31920
2024-01-09T12:00Z,ES,31808
2024-01-09T13:00Z,ES,31472
2024-01-09T14:00Z,ES,31646
2024-01-09T15:00Z,ES,32581
2024-01-09T16:00Z,ES,34345
2024-01-09T17:00Z,ES,34322
2024-01-09T18:00Z,ES,33119
2024-01-09T19:00Z,ES,31338
2024-01-09T20:00Z,ES,29635
2024-01-09T21:00Z,ES,27637
2024-01-09T22:00Z,ES,25602
2024-01-09T23:00Z,ES,23560
2024-01-10T00:00Z,ES,22663
2024-01-10T01:00Z,ES,22054
2024-01-10T02:00Z,ES,22057
2024-01-10T03:00Z,ES,22625
2024-01-10T04:00Z,ES,24495
2024-01-10T05:00Z,ES,27913
2024-01-10T06:00Z,ES,30888
2024-01-10T07:00Z,ES,32096
2024-01-10T08:00Z,ES,32534
2024-01-10T09:00Z,ES,32469
2024-01-10T10:00Z,ES,32179
2024-01-10T11:00Z,ES,31778
2024-01-10T12:00Z,ES,31368
2024-01-10T13:00Z,ES,31202
2024-01-10T14:00Z,ES,31186
2024-01-10T15:00Z,ES,32133
2024-01-10T16:00Z,ES,33940
2024-01-10T17:00Z,ES,34400
2024-01-10T18:00Z,ES,33079
2024-01-10T19:00Z,ES,31425
2024-01-10T20:00Z,ES,29520
2024-01-10T21:00Z,ES,27427
2024-01-10T22:00Z,ES,25347
2024-01-10T23:00Z,ES,23759
2024-01-11T00:00Z,ES,22905
2024-01-11T01:00Z,ES,22235
2024-01-11T02:00Z,ES,22213
2024-01-11T03:00Z,ES,22882
2024-01-11T04:00Z,ES,24978
2024-01-11T05:00Z,ES,28460
2024-01-11T06:00Z,ES,31279
2024-01-11T07:00Z,ES,32639
2024-01-11T08:00Z,ES,32880
2024-01-11T09:00Z,ES,32757
2024-01-11T10:00Z,ES,32399
2024-01-11T11:00Z,ES,31818
2024-01-11T12:00Z,ES,31445
2024-01-11T13:00Z,ES,31023
2024-01-11T14:00Z,ES,31172
2024-01-11T15:00Z,ES,32213
2024-01-11T16:00Z,ES,34137
2024-01-11T17:00Z,ES,34499
2024-01-11T18:00Z,ES,33375
2024-01-11T19:00Z,ES,31628
2024-01-11T20:00Z,ES,29746
2024-01-11T21:00Z,ES,27638
2024-01-11T22:00Z,ES,25527
2024-01-11T23:00Z,ES,23975
2024-01-12T00:00Z,ES,23013
2024-01-12T01:00Z,ES,22407
2024-01-12T02:00Z,ES,22398
2024-01-12T03:00Z,ES,23009
2024-01-12T04:00Z,ES,25110
2024-01-12T05:00Z,ES,28565
2024-01-12T06:00Z,ES,31589
2024-01-12T07:00Z,ES,32957
2024-01-12T08:00Z,ES,33165
2024-01-12T09:00Z,ES,33193
2024-01-12T10:00Z,ES,32914
2024-01-12T11:00Z,ES,32510
2024-01-12T12:00Z,ES,31958
2024-01-12T13:00Z,ES,31565
2024-01-12T14:00Z,ES,31705
2024-01-12T15:00Z,ES,32560
2024-01-12T16:00Z,ES,34343
2024-01-12T17:00Z,ES,34396
2024-01-12T18:00Z,ES,33390
2024-01-12T19:00Z,ES,31505
2024-01-12T20:00Z,ES,29682
2024-01-12T21:00Z,ES,27763
2024-01-12T22:00Z,ES,25741
2024-01-12T23:00Z,ES,23294
2024-01-13T00:00Z,ES,22655
2024-01-13T01:00Z,ES,22389
2024-01-13T02:00Z,ES,22489
2024-01-13T03:00Z,ES,22835
2024-01-13T04:00Z,ES,23985
2024-01-13T05:00Z,ES,25918
2024-01-13T06:00Z,ES,27486
2024-01-13T07:00Z,ES,28107
2024-01-13T08:00Z,ES,28144
2024-01-13T09:00Z,ES,28088
2024-01-13T10:00Z,ES,28019
2024-01-13T11:00Z,ES,27811
2024-01-13T12:00Z,ES,27808
2024-01-13T13:00Z,ES,27658
2024-01-13T14:00Z,ES,27573
2024-01-13T15:00Z,ES,27980
2024-01-13T16:00Z,ES,28979
2024-01-13T17:00Z,ES,29081
2024-01-13T18:00Z,ES,28532
2024-01-13T19:00Z,ES,27417
2024-01-13T20:00Z,ES,26491
2024-01-13T21:00Z,ES,25472
2024-01-13T22:00Z,ES,24327
2024-01-13T23:00Z,ES,20505
2024-01-14T00:00Z,ES,20128
2024-01-14T01:00Z,ES,19906
2024-01-14T02:00Z,ES,19959
2024-01-14T03:00Z,ES,20216
2024-01-14T04:00Z,ES,21188
2024-01-14T05:00Z,ES,22857
2024-01-14T06:00Z,ES,24384
2024-01-14T07:00Z,ES,24983
2024-01-14T08:00Z,ES,25115
2024-01-14T09:00Z,ES,24983
2024-01-14T10:00Z,ES,24837
2024-01-14T11:00Z,ES,24635
2024-01-14T12:00Z,ES,24445
2024-01-14T13:00Z,ES,24263
2024-01-14T14:00Z,ES,24255
2024-01-14T15:00Z,ES,24640
2024-01-14T16:00Z,ES,25389
2024-01-14T17:00Z,ES,25385
2024-01-14T18:00Z,ES,24855
2024-01-14T19:00Z,ES,24082
2024-01-14T20:00Z,ES,23387
2024-01-14T21:00Z,ES,22339
2024-01-14T22:00Z,ES,21333
2024-01-14T23:00Z,ES,24172
2024-01-15T00:00Z,ES,23317
2024-01-15T01:00Z,ES,22698
2024-01-15T02:00Z,ES,22685
2024-01-15T03:00Z,ES,23337
2024-01-15T04:00Z,ES,25416
2024-01-15T05:00Z,ES,28983
2024-01-15T06:00Z,ES,32077
2024-01-15T07:00Z,ES,33169
2024-01-15T08:00Z,ES,33447
2024-01-15T09:00Z,ES,33496
2024-01-15T10:00Z,ES,33238
2024-01-15T11:00Z,ES,32834
2024-01-15T12:00Z,ES,32662
2024-01-15T13:00Z,ES,32139
2024-01-15T14:00Z,ES,32161
2024-01-15T15:00Z,ES,32930
2024-01-15T16:00Z,ES,34652
2024-01-15T17:00Z,ES,34906
2024-01-15T18:00Z,ES,33798
2024-01-15T19:00Z,ES,31909
2024-01-15T20:00Z,ES,30313
2024-01-15T21:00Z,ES,28102
2024-01-15T22:00Z,ES,26040
2024-01-15T23:00Z,ES,24710
2024-01-16T00:00Z,ES,23851
2024-01-16T01:00Z,ES,23060
2024-01-16T02:00Z,ES,23106
2024-01-16T03:00Z,ES,23708
2024-01-16T04:00Z,ES,25812
2024-01-16T05:00Z,ES,29576
2024-01-16T06:00Z,ES,32580
2024-01-16T07:00Z,ES,33706
2024-01-16T08:00Z,ES,33939
2024-01-16T09:00Z,ES,33901
2024-01-16T10:00Z,ES,33697
2024-01-16T11:00Z,ES,33246
2024-01-16T12:00Z,ES,32868
2024-01-16T13:00Z,ES,32539
2024-01-16T14:00Z,ES,32742
2024-01-16T15:00Z,ES,33646
2024-01-16T16:00Z,ES,35431
2024-01-16T17:00Z,ES,35637
2024-01-16T18:00Z,ES,34546
2024-01-16T19:00Z,ES,32744
2024-01-16T20:00Z,ES,30900
2024-01-16T21:00Z,ES,28760
2024-01-16T22:00Z,ES,26589
2024-01-16T23:00Z,ES,24843
2024-01-17T00:00Z,ES,23942
2024-01-17T01:00Z,ES,23192
2024-01-17T02:00Z,ES,23305
2024-01-17T03:00Z,ES,23886
2024-01-17T04:00Z,ES,26136
2024-01-17T05:00Z,ES,29915
2024-01-17T06:00Z,ES,33024
2024-01-17T07:00Z,ES,34051
2024-01-17T08:00Z,ES,34225
2024-01-17T09:00Z,ES,34167
2024-01-17T10:00Z,ES,33845
2024-01-17T11:00Z,ES,33109
2024-01-17T12:00Z,ES,32893
2024-01-17T13:00Z,ES,32527
2024-01-17T14:00Z,ES,32503
2024-01-17T15:00Z,ES,33353
2024-01-17T16:00Z,ES,35399
2024-01-17T17:00Z,ES,35765
2024-01-17T18:00Z,ES,34563
2024-01-17T19:00Z,ES,32752
2024-01-17T20:00Z,ES,30929
2024-01-17T21:00Z,ES,28998
2024-01-17T22:00Z,ES,26723
2024-01-17T23:00Z,ES,24061
2024-01-18T00:00Z,ES,23179
2024-01-18T01:00Z,ES,22537
2024-01-18T02:00Z,ES,22504
2024-01-18T03:00Z,ES,23223
2024-01-18T04:00Z,ES,25280
2024-01-18T05:00Z,ES,28837
2024-01-18T06:00Z,ES,31741
2024-01-18T07:00Z,ES,32791
2024-01-18T08:00Z,ES,32998
2024-01-18T09:00Z,ES,33107
2024-01-18T10:00Z,ES,32887
2024-01-18T11:00Z,ES,32200
2024-01-18T12:00Z,ES,31941
2024-01-18T13:00Z,ES,31521
2024-01-18T14:00Z,ES,31556
2024-01-18T15:00Z,ES,32448
2024-01-18T16:00Z,ES,34350
2024-01-18T17:00Z,ES,34702
2024-01-18T18:00Z,ES,33690
2024-01-18T19:00Z,ES,32103
2024-01-18T20:00Z,ES,30232
2024-01-18T21:00Z,ES,28149
2024-01-18T22:00Z,ES,25913
2024-01-18T23:00Z,ES,23876
2024-01-19T00:00Z,ES,23059
2024-01-19T01:00Z,ES,22605
2024-01-19T02:00Z,ES,22490
2024-01-19T03:00Z,ES,23021
2024-01-19T04:00Z,ES,25063
2024-01-19T05:00Z,ES,28628
2024-01-19T06:00Z,ES,31637
2024-01-19T07:00Z,ES,32635
2024-01-19T08:00Z,ES,33227
2024-01-19T09:00Z,ES,33286
2024-01-19T10:00Z,ES,33066
2024-01-19T11:00Z,ES,32482
2024-01-19T12:00Z,ES,32265
2024-01-19T13:00Z,ES,31877
2024-01-19T14:00Z,ES,31978
2024-01-19T15:00Z,ES,32689
2024-01-19T16:00Z,ES,34513
2024-01-19T17:00Z,ES,34679
2024-01-19T18:00Z,ES,33557
2024-01-19T19:00Z,ES,31774
2024-01-19T20:00Z,ES,29879
2024-01-19T21:00Z,ES,27651
2024-01-19T22:00Z,ES,25684
2024-01-19T23:00Z,ES,22868
2024-01-20T00:00Z,ES,22291
2024-01-20T01:00Z,ES,22032
2024-01-20T02:00Z,ES,22133
2024-01-20T03:00Z,ES,22513
2024-01-20T04:00Z,ES,23730
2024-01-20T05:00Z,ES,25577
2024-01-20T06:00Z,ES,27177
2024-01-20T07:00Z,ES,27750
2024-01-20T08:00Z,ES,27854
2024-01-20T09:00Z,ES,27898
2024-01-20T10:00Z,ES,27613
2024-01-20T11:00Z,ES,27354
2024-01-20T12:00Z,ES,27224
2024-01-20T13:00Z,ES,27015
2024-01-20T14:00Z,ES,26962
2024-01-20T15:00Z,ES,27331
2024-01-20T16:00Z,ES,28276
2024-01-20T17:00Z,ES,28458
2024-01-20T18:00Z,ES,27807
2024-01-20T19:00Z,ES,26846
2024-01-20T20:00Z,ES,25992
2024-01-20T21:00Z,ES,25048
2024-01-20T22:00Z,ES,23880
2024-01-20T23:00Z,ES,20307
2024-01-21T00:00Z,ES,19889
2024-01-21T01:00Z,ES,19623
2024-01-21T02:00Z,ES,19606
2024-01-21T03:00Z,ES,19882
2024-01-21T04:00Z,ES,20843
2024-01-21T05:00Z,ES,22504
2024-01-21T06:00Z,ES,24089
2024-01-21T07:00Z,ES,24665
2024-01-21T08:00Z,ES,24645
2024-01-21T09:00Z,ES,24697
2024-01-21T10:00Z,ES,24577
2024-01-21T11:00Z,ES,24353
2024-01-21T12:00Z,ES,24195
2024-01-21T13:00Z,ES,24075
2024-01-21T14:00Z,ES,24145
2024-01-21T15:00Z,ES,24513
2024-01-21T16:00Z,ES,25215
2024-01-21T17:00Z,ES,25358
2024-01-21T18:00Z,ES,24836
2024-01-21T19:00Z,ES,24142
2024-01-21T20:00Z,ES,23322
2024-01-21T21:00Z,ES,22315
2024-01-21T22:00Z,ES,21269
2024-01-21T23:00Z,ES,22687
2024-01-22T00:00Z,ES,21759
2024-01-22T01:00Z,ES,21269
2024-01-22T02:00Z,ES,21359
2024-01-22T03:00Z,ES,21897
2024-01-22T04:00Z,ES,23858
2024-01-22T05:00Z,ES,27298
2024-01-22T06:00Z,ES,30372
2024-01-22T07:00Z,ES,31837
2024-01-22T08:00Z,ES,31996
2024-01-22T09:00Z,ES,32045
2024-01-22T10:00Z,ES,31556
2024-01-22T11:00Z,ES,31012
2024-01-22T12:00Z,ES,30719
2024-01-22T13:00Z,ES,30337
2024-01-22T14:00Z,ES,30344
2024-01-22T15:00Z,ES,31167
2024-01-22T16:00Z,ES,32945
2024-01-22T17:00Z,ES,33181
2024-01-22T18:00Z,ES,32088
2024-01-22T19:00Z,ES,30250
2024-01-22T20:00Z,ES,28503
2024-01-22T21:00Z,ES,26582
2024-01-22T22:00Z,ES,24421
2024-01-22T23:00Z,ES,22791
2024-01-23T00:00Z,ES,22040
2024-01-23T01:00Z,ES,21508
2024-01-23T02:00Z,ES,21471
2024-01-23T03:00Z,ES,22022
2024-01-23T04:00Z,ES,24060
2024-01-23T05:00Z,ES,27390
2024-01-23T06:00Z,ES,30312
2024-01-23T07:00Z,ES,31498
2024-01-23T08:00Z,ES,31705
2024-01-23T09:00Z,ES,31573
2024-01-23T10:00Z,ES,31294
2024-01-23T11:00Z,ES,30907
2024-01-23T12:00Z,ES,30591
2024-01-23T13:00Z,ES,30251
2024-01-23T14:00Z,ES,30119
2024-01-23T15:00Z,ES,30988
2024-01-23T16:00Z,ES,32632
2024-01-23T17:00Z,ES,32877
2024-01-23T18:00Z,ES,31698
2024-01-23T19:00Z,ES,30126
2024-01-23T20:00Z,ES,28546
2024-01-23T21:00Z,ES,26534
2024-01-23T22:00Z,ES,24607
2024-01-23T23:00Z,ES,22679
2024-01-24T00:00Z,ES,21838
2024-01-24T01:00Z,ES,21262
2024-01-24T02:00Z,ES,21226
2024-01-24T03:00Z,ES,21748
2024-01-24T04:00Z,ES,23660
2024-01-24T05:00Z,ES,27082
2024-01-24T06:00Z,ES,29877
2024-01-24T07:00Z,ES,31030
2024-01-24T08:00Z,ES,31315
2024-01-24T09:00Z,ES,31259
2024-01-24T10:00Z,ES,31005
2024-01-24T11:00Z,ES,30411
2024-01-24T12:00Z,ES,30165
2024-01-24T13:00Z,ES,29787
2024-01-24T14:00Z,ES,29902
2024-01-24T15:00Z,ES,30856
2024-01-24T16:00Z,ES,32466
2024-01-24T17:00Z,ES,32852
2024-01-24T18:00Z,ES,31628
2024-01-24T19:00Z,ES,29952
2024-01-24T20:00Z,ES,28206
2024-01-24T21:00Z,ES,26331
2024-01-24T22:00Z,ES,24278
2024-01-24T23:00Z,ES,22807
2024-01-25T00:00Z,ES,21860
2024-01-25T01:00Z,ES,21369
2024-01-25T02:00Z,ES,21311
2024-01-25T03:00Z,ES,21967
2024-01-25T04:00Z,ES,23936
2024-01-25T05:00Z,ES,27509
2024-01-25T06:00Z,ES,30192
2024-01-25T07:00Z,ES,31235
2024-01-25T08:00Z,ES,31763
2024-01-25T09:00Z,ES,31896
2024-01-25T10:00Z,ES,31462
2024-01-25T11:00Z,ES,30724
2024-01-25T12:00Z,ES,30461
2024-01-25T13:00Z,ES,30238
2024-01-25T14:00Z,ES,30463
2024-01-25T15:00Z,ES,31186
2024-01-25T16:00Z,ES,32963
2024-01-25T17:00Z,ES,33242
2024-01-25T18:00Z,ES,31928
2024-01-25T19:00Z,ES,30332
2024-01-25T20:00Z,ES,28631
2024-01-25T21:00Z,ES,26586
2024-01-25T22:00Z,ES,24563
2024-01-25T23:00Z,ES,23275
2024-01-26T00:00Z,ES,22353
2024-01-26T01:00Z,ES,21718
2024-01-26T02:00Z,ES,21795
2024-01-26T03:00Z,ES,22298
2024-01-26T04:00Z,ES,24468
2024-01-26T05:00Z,ES,28008
2024-01-26T06:00Z,ES,30915
2024-01-26T07:00Z,ES,31995
2024-01-26T08:00Z,ES,32125
2024-01-26T09:00Z,ES,32010
2024-01-26T10:00Z,ES,31869
2024-01-26T11:00Z,ES,31383
2024-01-26T12:00Z,ES,31016
2024-01-26T13:00Z,ES,30708
2024-01-26T14:00Z,ES,30773
2024-01-26T15:00Z,ES,31510
2024-01-26T16:00Z,ES,33321
2024-01-26T17:00Z,ES,33826
2024-01-26T18:00Z,ES,32623
2024-01-26T19:00Z,ES,30817
2024-01-26T20:00Z,ES,28944
2024-01-26T21:00Z,ES,26934
2024-01-26T22:00Z,ES,24926
2024-01-26T23:00Z,ES,22740
2024-01-27T00:00Z,ES,22255
2024-01-27T01:00Z,ES,21963
2024-01-27T02:00Z,ES,21983
2024-01-27T03:00Z,ES,22355
2024-01-27T04:00Z,ES,23475
2024-01-27T05:00Z,ES,25307
2024-01-27T06:00Z,ES,26729
2024-01-27T07:00Z,ES,27287
2024-01-27T08:00Z,ES,27618
2024-01-27T09:00Z,ES,27629
2024-01-27T10:00Z,ES,27247
2024-01-27T11:00Z,ES,26941
2024-01-27T12:00Z,ES,26805
2024-01-27T13:00Z,ES,26723
2024-01-27T14:00Z,ES,26569
2024-01-27T15:00Z,ES,27066
2024-01-27T16:00Z,ES,28042
2024-01-27T17:00Z,ES,28254
2024-01-27T18:00Z,ES,27750
2024-01-27T19:00Z,ES,26729
2024-01-27T20:00Z,ES,25740
2024-01-27T21:00Z,ES,24720
2024-01-27T22:00Z,ES,23714
2024-01-27T23:00Z,ES,20495
2024-01-28T00:00Z,ES,20115
2024-01-28T01:00Z,ES,19765
2024-01-28T02:00Z,ES,19785
2024-01-28T03:00Z,ES,20026
2024-01-28T04:00Z,ES,21036
2024-01-28T05:00Z,ES,22846
2024-01-28T06:00Z,ES,24354
2024-01-28T07:00Z,ES,24778
2024-01-28T08:00Z,ES,24874
2024-01-28T09:00Z,ES,25063
2024-01-28T10:00Z,ES,24963
2024-01-28T11:00Z,ES,24713
2024-01-28T12:00Z,ES,24601
2024-01-28T13:00Z,ES,24465
2024-01-28T14:00Z,ES,24373
2024-01-28T15:00Z,ES,24699
2024-01-28T16:00Z,ES,25504
2024-01-28T17:00Z,ES,25828
2024-01-28T18:00Z,ES,25190
2024-01-28T19:00Z,ES,24393
2024-01-28T20:00Z,ES,23471
2024-01-28T21:00Z,ES,22501
2024-01-28T22:00Z,ES,21518
2024-01-28T23:00Z,ES,23260
2024-01-29T00:00Z,ES,22278
2024-01-29T01:00Z,ES,21729
2024-01-29T02:00Z,ES,21717
2024-01-29T03:00Z,ES,22285
2024-01-29T04:00Z,ES,24274
2024-01-29T05:00Z,ES,27690
2024-01-29T06:00Z,ES,30740
2024-01-29T07:00Z,ES,31878
2024-01-29T08:00Z,ES,32141
2024-01-29T09:00Z,ES,32222
2024-01-29T10:00Z,ES,31942
2024-01-29T11:00Z,ES,31477
2024-01-29T12:00Z,ES,31338
2024-01-29T13:00Z,ES,31022
2024-01-29T14:00Z,ES,31003
2024-01-29T15:00Z,ES,31768
2024-01-29T16:00Z,ES,33350
2024-01-29T17:00Z,ES,33641
2024-01-29T18:00Z,ES,32488
2024-01-29T19:00Z,ES,30508
2024-01-29T20:00Z,ES,28706
2024-01-29T21:00Z,ES,26845
2024-01-29T22:00Z,ES,24905
2024-01-29T23:00Z,ES,24158
2024-01-30T00:00Z,ES,23386
2024-01-30T01:00Z,ES,22844
2024-01-30T02:00Z,ES,22887
2024-01-30T03:00Z,ES,23374
2024-01-30T04:00Z,ES,25346
2024-01-30T05:00Z,ES,28847
2024-01-30T06:00Z,ES,31793
2024-01-30T07:00Z,ES,32997
2024-01-30T08:00Z,ES,33116
2024-01-30T09:00Z,ES,33129
2024-01-30T10:00Z,ES,32874
2024-01-30T11:00Z,ES,32331
2024-01-30T12:00Z,ES,32199
2024-01-30T13:00Z,ES,31935
2024-01-30T14:00Z,ES,32050
2024-01-30T15:00Z,ES,32852
2024-01-30T16:00Z,ES,34524
2024-01-30T17:00Z,ES,34849
2024-01-30T18:00Z,ES,33543
2024-01-30T19:00Z,ES,31948
2024-01-30T20:00Z,ES,30162
2024-01-30T21:00Z,ES,28062
2024-01-30T22:00Z,ES,26010
2024-01-30T23:00Z,ES,23883
2024-01-31T00:00Z,ES,22993
2024-01-31T01:00Z,ES,22498
2024-01-31T02:00Z,ES,22276
2024-01-31T03:00Z,ES,23042
2024-01-31T04:00Z,ES,25110
2024-01-31T05:00Z,ES,28765
2024-01-31T06:00Z,ES,31858
2024-01-31T07:00Z,ES,33160
2024-01-31T08:00Z,ES,33545
2024-01-31T09:00Z,ES,33458
2024-01-31T10:00Z,ES,33069
2024-01-31T11:00Z,ES,32436
2024-01-31T12:00Z,ES,32122
2024-01-31T13:00Z,ES,31863
2024-01-31T14:00Z,ES,31780
2024-01-31T15:00Z,ES,32508
2024-01-31T16:00Z,ES,34383
2024-01-31T17:00Z,ES,34684
2024-01-31T18:00Z,ES,33513
2024-01-31T19:00Z,ES,31712
2024-01-31T20:00Z,ES,29895
2024-01-31T21:00Z,ES,27718
2024-01-31T22:00Z,ES,25651
2024-01-31T23:00Z,ES,24372
2024-02-01T00:00Z,ES,23550
2024-02-01T01:00Z,ES,23093
2024-02-01T02:00Z,ES,22983
2024-02-01T03:00Z,ES,23584
2024-02-01T04:00Z,ES,25755
2024-02-01T05:00Z,ES,29389
2024-02-01T06:00Z,ES,32388
2024-02-01T07:00Z,ES,33622
2024-02-01T08:00Z,ES,34101
2024-02-01T09:00Z,ES,34231
2024-02-01T10:00Z,ES,33864
2024-02-01T11:00Z,ES,33201
2024-02-01T12:00Z,ES,32906
2024-02-01T13:00Z,ES,32460
2024-02-01T14:00Z,ES,32494
2024-02-01T15:00Z,ES,33320
2024-02-01T16:00Z,ES,35138
2024-02-01T17:00Z,ES,35353
2024-02-01T18:00Z,ES,34221
2024-02-01T19:00Z,ES,32471
2024-02-01T20:00Z,ES,30668
2024-02-01T21:00Z,ES,28435
2024-02-01T22:00Z,ES,26394
2024-02-01T23:00Z,ES,24893
2024-02-02T00:00Z,ES,23934
2024-02-02T01:00Z,ES,23347
2024-02-02T02:00Z,ES,23409
2024-02-02T03:00Z,ES,23975
2024-02-02T04:00Z,ES,26211
2024-02-02T05:00Z,ES,29857
2024-02-02T06:00Z,ES,32903
2024-02-02T07:00Z,ES,34345
2024-02-02T08:00Z,ES,34520
2024-02-02T09:00Z,ES,34537
2024-02-02T10:00Z,ES,34298
2024-02-02T11:00Z,ES,33729
2024-02-02T12:00Z,ES,33285
2024-02-02T13:00Z,ES,33024
2024-02-02T14:00Z,ES,32992
2024-02-02T15:00Z,ES,34058
2024-02-02T16:00Z,ES,35776
2024-02-02T17:00Z,ES,35903
2024-02-02T18:00Z,ES,34725
2024-02-02T19:00Z,ES,32867
2024-02-02T20:00Z,ES,31078
2024-02-02T21:00Z,ES,28942
2024-02-02T22:00Z,ES,26814
2024-02-02T23:00Z,ES,23747
2024-02-03T00:00Z,ES,23212
2024-02-03T01:00Z,ES,22906
2024-02-03T02:00Z,ES,22858
2024-02-03T03:00Z,ES,23174
2024-02-03T04:00Z,ES,24313
2024-02-03T05:00Z,ES,26200
2024-02-03T06:00Z,ES,27967
2024-02-03T07:00Z,ES,28682
2024-02-03T08:00Z,ES,29006
2024-02-03T09:00Z,ES,28965
2024-02-03T10:00Z,ES,28758
2024-02-03T11:00Z,ES,28401
2024-02-03T12:00Z,ES,28130
2024-02-03T13:00Z,ES,28015
2024-02-03T14:00Z,ES,27982
2024-02-03T15:00Z,ES,28471
2024-02-03T16:00Z,ES,29362
2024-02-03T17:00Z,ES,29515
2024-02-03T18:00Z,ES,28734
2024-02-03T19:00Z,ES,27779
2024-02-03T20:00Z,ES,26811
2024-02-03T21:00Z,ES,25671
2024-02-03T22:00Z,ES,24587
2024-02-03T23:00Z,ES,21545
2024-02-04T00:00Z,ES,21134
2024-02-04T01:00Z,ES,20728
2024-02-04T02:00Z,ES,20675
2024-02-04T03:00Z,ES,20939
2024-02-04T04:00Z,ES,22022
2024-02-04T05:00Z,ES,23834
2024-02-04T06:00Z,ES,25317
2024-02-04T07:00Z,ES,25960
2024-02-04T08:00Z,ES,26186
2024-02-04T09:00Z,ES,26144
2024-02-04T10:00Z,ES,26026
2024-02-04T11:00Z,ES,25691
2024-02-04T12:00Z,ES,25576
2024-02-04T13:00Z,ES,25567
2024-02-04T14:00Z,ES,25657
2024-02-04T15:00Z,ES,26100
2024-02-04T16:00Z,ES,26907
2024-02-04T17:00Z,ES,26998
2024-02-04T18:00Z,ES,26514
2024-02-04T19:00Z,ES,25608
2024-02-04T20:00Z,ES,24689
2024-02-04T21:00Z,ES,23603
2024-02-04T22:00Z,ES,22566
2024-02-04T23:00Z,ES,24793
2024-02-05T00:00Z,ES,23838
2024-02-05T01:00Z,ES,23130
2024-02-05T02:00Z,ES,23127
2024-02-05T03:00Z,ES,23847
2024-02-05T04:00Z,ES,25972
2024-02-05T05:00Z,ES,29675
2024-02-05T06:00Z,ES,32686
2024-02-05T07:00Z,ES,34023
2024-02-05T08:00Z,ES,34408
2024-02-05T09:00Z,ES,34337
2024-02-05T10:00Z,ES,34007
2024-02-05T11:00Z,ES,33448
2024-02-05T12:00Z,ES,33086
2024-02-05T13:00Z,ES,32837
2024-02-05T14:00Z,ES,32862
2024-02-05T15:00Z,ES,33786
2024-02-05T16:00Z,ES,35550
2024-02-05T17:00Z,ES,35764
2024-02-05T18:00Z,ES,34584
2024-02-05T19:00Z,ES,32713
2024-02-05T20:00Z,ES,30910
2024-02-05T21:00Z,ES,28768
2024-02-05T22:00Z,ES,26593
2024-02-05T23:00Z,ES,24489
2024-02-06T00:00Z,ES,23611
2024-02-06T01:00Z,ES,23096
2024-02-06T02:00Z,ES,23120
2024-02-06T03:00Z,ES,23936
2024-02-06T04:00Z,ES,26063
2024-02-06T05:00Z,ES,29794
2024-02-06T06:00Z,ES,32787
2024-02-06T07:00Z,ES,33932
2024-02-06T08:00Z,ES,34221
2024-02-06T09:00Z,ES,34304
2024-02-06T10:00Z,ES,34083
2024-02-06T11:00Z,ES,33409
2024-02-06T12:00Z,ES,33204
2024-02-06T13:00Z,ES,32745
2024-02-06T14:00Z,ES,32509
2024-02-06T15:00Z,ES,33347
2024-02-06T16:00Z,ES,35342
2024-02-06T17:00Z,ES,35688
2024-02-06T18:00Z,ES,34373
2024-02-06T19:00Z,ES,32556
2024-02-06T20:00Z,ES,30504
2024-02-06T21:00Z,ES,28547
2024-02-06T22:00Z,ES,26378
2024-02-06T23:00Z,ES,24403
2024-02-07T00:00Z,ES,23540
2024-02-07T01:00Z,ES,22856
2024-02-07T02:00Z,ES,22938
2024-02-07T03:00Z,ES,23555
2024-02-07T04:00Z,ES,25644
2024-02-07T05:00Z,ES,29379
2024-02-07T06:00Z,ES,32436
2024-02-07T07:00Z,ES,33682
2024-02-07T08:00Z,ES,34198
2024-02-07T09:00Z,ES,34240
2024-02-07T10:00Z,ES,33961
2024-02-07T11:00Z,ES,33209
2024-02-07T12:00Z,ES,32924
2024-02-07T13:00Z,ES,32623
2024-02-07T14:00Z,ES,32630
2024-02-07T15:00Z,ES,33630
2024-02-07T16:00Z,ES,35234
2024-02-07T17:00Z,ES,35654
2024-02-07T18:00Z,ES,34408
2024-02-07T19:00Z,ES,32668
2024-02-07T20:00Z,ES,30831
2024-02-07T21:00Z,ES,28671
2024-02-07T22:00Z,ES,26479
2024-02-07T23:00Z,ES,24227
2024-02-08T00:00Z,ES,23420
2024-02-08T01:00Z,ES,22885
2024-02-08T02:00Z,ES,22925
2024-02-08T03:00Z,ES,23618
2024-02-08T04:00Z,ES,25661
2024-02-08T05:00Z,ES,29293
2024-02-08T06:00Z,ES,32273
2024-02-08T07:00Z,ES,33300
2024-02-08T08:00Z,ES,33699
2024-02-08T09:00Z,ES,33904
2024-02-08T10:00Z,ES,33491
2024-02-08T11:00Z,ES,33016
2024-02-08T12:00Z,ES,32527
2024-02-08T13:00Z,ES,32138
2024-02-08T14:00Z,ES,32132
2024-02-08T15:00Z,ES,32803
2024-02-08T16:00Z,ES,34707
2024-02-08T17:00Z,ES,34931
2024-02-08T18:00Z,ES,33690
2024-02-08T19:00Z,ES,31659
2024-02-08T20:00Z,ES,30078
2024-02-08T21:00Z,ES,27998
2024-02-08T22:00Z,ES,25992
2024-02-08T23:00Z,ES,24153
2024-02-09T00:00Z,ES,23166
2024-02-09T01:00Z,ES,22590
2024-02-09T02:00Z,ES,22496
2024-02-09T03:00Z,ES,23187
2024-02-09T04:00Z,ES,25269
2024-02-09T05:00Z,ES,28866
2024-02-09T06:00Z,ES,31792
2024-02-09T07:00Z,ES,33081
2024-02-09T08:00Z,ES,33466
2024-02-09T09:00Z,ES,33453
2024-02-09T10:00Z,ES,33174
2024-02-09T11:00Z,ES,32580
2024-02-09T12:00Z,ES,32250
2024-02-09T13:00Z,ES,31878
2024-02-09T14:00Z,ES,31916
2024-02-09T15:00Z,ES,32804
2024-02-09T16:00Z,ES,34424
2024-02-09T17:00Z,ES,34894
2024-02-09T18:00Z,ES,33686
2024-02-09T19:00Z,ES,32022
2024-02-09T20:00Z,ES,30294
2024-02-09T21:00Z,ES,28161
2024-02-09T22:00Z,ES,25883
2024-02-09T23:00Z,ES,22807
2024-02-10T00:00Z,ES,22235
2024-02-10T01:00Z,ES,22013
2024-02-10T02:00Z,ES,22004
2024-02-10T03:00Z,ES,22429
2024-02-10T04:00Z,ES,23401
2024-02-10T05:00Z,ES,25289
2024-02-10T06:00Z,ES,26793
2024-02-10T07:00Z,ES,27500
2024-02-10T08:00Z,ES,27584
2024-02-10T09:00Z,ES,27657
2024-02-10T10:00Z,ES,27533
2024-02-10T11:00Z,ES,27178
2024-02-10T12:00Z,ES,27115
2024-02-10T13:00Z,ES,27050
2024-02-10T14:00Z,ES,27026
2024-02-10T15:00Z,ES,27532
2024-02-10T16:00Z,ES,28464
2024-02-10T17:00Z,ES,28484
2024-02-10T18:00Z,ES,27739
2024-02-10T19:00Z,ES,26864
2024-02-10T20:00Z,ES,26028
2024-02-10T21:00Z,ES,24925
2024-02-10T22:00Z,ES,23948
2024-02-10T23:00Z,ES,20922
2024-02-11T00:00Z,ES,20449
2024-02-11T01:00Z,ES,20114
2024-02-11T02:00Z,ES,20068
2024-02-11T03:00Z,ES,20335
2024-02-11T04:00Z,ES,21275
2024-02-11T05:00Z,ES,23011
2024-02-11T06:00Z,ES,24316
2024-02-11T07:00Z,ES,24928
2024-02-11T08:00Z,ES,25158
2024-02-11T09:00Z,ES,25051
2024-02-11T10:00Z,ES,24899
2024-02-11T11:00Z,ES,24558
2024-02-11T12:00Z,ES,24411
2024-02-11T13:00Z,ES,24260
2024-02-11T14:00Z,ES,24234
2024-02-11T15:00Z,ES,24811
2024-02-11T16:00Z,ES,25673
2024-02-11T17:00Z,ES,25943
2024-02-11T18:00Z,ES,25366
2024-02-11T19:00Z,ES,24537
2024-02-11T20:00Z,ES,23692
2024-02-11T21:00Z,ES,22660
2024-02-11T22:00Z,ES,21630
2024-02-11T23:00Z,ES,23627
2024-02-12T00:00Z,ES,22805
2024-02-12T01:00Z,ES,22203
2024-02-12T02:00Z,ES,22153
2024-02-12T03:00Z,ES,22729
2024-02-12T04:00Z,ES,24856
2024-02-12T05:00Z,ES,28478
2024-02-12T06:00Z,ES,31479
2024-02-12T07:00Z,ES,32538
2024-02-12T08:00Z,ES,32912
2024-02-12T09:00Z,ES,33065
2024-02-12T10:00Z,ES,32860
2024-02-12T11:00Z,ES,32281
2024-02-12T12:00Z,ES,31900
2024-02-12T13:00Z,ES,31533
2024-02-12T14:00Z,ES,31484
2024-02-12T15:00Z,ES,32155
2024-02-12T16:00Z,ES,33717
2024-02-12T17:00Z,ES,33905
2024-02-12T18:00Z,ES,32883
2024-02-12T19:00Z,ES,31162
2024-02-12T20:00Z,ES,29499
2024-02-12T21:00Z,ES,27544
2024-02-12T22:00Z,ES,25385
2024-02-12T23:00Z,ES,22989
2024-02-13T00:00Z,ES,22032
2024-02-13T01:00Z,ES,21431
2024-02-13T02:00Z,ES,21482
2024-02-13T03:00Z,ES,21967
2024-02-13T04:00Z,ES,23850
2024-02-13T05:00Z,ES,27360
2024-02-13T06:00Z,ES,30196
2024-02-13T07:00Z,ES,31315
2024-02-13T08:00Z,ES,31571
2024-02-13T09:00Z,ES,31758
2024-02-13T10:00Z,ES,31534
2024-02-13T11:00Z,ES,30919
2024-02-13T12:00Z,ES,30661
2024-02-13T13:00Z,ES,30327
2024-02-13T14:00Z,ES,30387
2024-02-13T15:00Z,ES,31240
2024-02-13T16:00Z,ES,32787
2024-02-13T17:00Z,ES,32983
2024-02-13T18:00Z,ES,31809
2024-02-13T19:00Z,ES,30234
2024-02-13T20:00Z,ES,28751
2024-02-13T21:00Z,ES,26788
2024-02-13T22:00Z,ES,24770
2024-02-13T23:00Z,ES,22458
2024-02-14T00:00Z,ES,21674
2024-02-14T01:00Z,ES,21094
2024-02-14T02:00Z,ES,21102
2024-02-14T03:00Z,ES,21544
2024-02-14T04:00Z,ES,23459
2024-02-14T05:00Z,ES,26660
2024-02-14T06:00Z,ES,29543
2024-02-14T07:00Z,ES,30799
2024-02-14T08:00Z,ES,31153
2024-02-14T09:00Z,ES,31121
2024-02-14T10:00Z,ES,30882
2024-02-14T11:00Z,ES,30381
2024-02-14T12:00Z,ES,30227
2024-02-14T13:00Z,ES,30072
2024-02-14T14:00Z,ES,29969
2024-02-14T15:00Z,ES,30680
2024-02-14T16:00Z,ES,32049
2024-02-14T17:00Z,ES,32328
2024-02-14T18:00Z,ES,31207
2024-02-14T19:00Z,ES,29676
2024-02-14T20:00Z,ES,27829
2024-02-14T21:00Z,ES,25998
2024-02-14T22:00Z,ES,23923
2024-02-14T23:00Z,ES,22897
2024-02-15T00:00Z,ES,22072
2024-02-15T01:00Z,ES,21581
2024-02-15T02:00Z,ES,21547
2024-02-15T03:00Z,ES,21892
2024-02-15T04:00Z,ES,23905
2024-02-15T05:00Z,ES,27268
2024-02-15T06:00Z,ES,30137
2024-02-15T07:00Z,ES,31249
2024-02-15T08:00Z,ES,31534
2024-02-15T09:00Z,ES,31762
2024-02-15T10:00Z,ES,31503
2024-02-15T11:00Z,ES,31013
2024-02-15T12:00Z,ES,30620
2024-02-15T13:00Z,ES,30444
2024-02-15T14:00Z,ES,30487
2024-02-15T15:00Z,ES,31522
2024-02-15T16:00Z,ES,33042
2024-02-15T17:00Z,ES,33124
2024-02-15T18:00Z,ES,32095
2024-02-15T19:00Z,ES,30555
2024-02-15T20:00Z,ES,28799
2024-02-15T21:00Z,ES,26735
2024-02-15T22:00Z,ES,24650
2024-02-15T23:00Z,ES,23143
2024-02-16T00:00Z,ES,22268
2024-02-16T01:00Z,ES,21731
2024-02-16T02:00Z,ES,21623
2024-02-16T03:00Z,ES,22222
2024-02-16T04:00Z,ES,24260
2024-02-16T05:00Z,ES,27703
2024-02-16T06:00Z,ES,30414
2024-02-16T07:00Z,ES,31700
2024-02-16T08:00Z,ES,32034
2024-02-16T09:00Z,ES,32107
2024-02-16T10:00Z,ES,31775
2024-02-16T11:00Z,ES,31349
2024-02-16T12:00Z,ES,31096
2024-02-16T13:00Z,ES,30760
2024-02-16T14:00Z,ES,30713
2024-02-16T15:00Z,ES,31327
2024-02-16T16:00Z,ES,32917
2024-02-16T17:00Z,ES,33174
2024-02-16T18:00Z,ES,32120
2024-02-16T19:00Z,ES,30374
2024-02-16T20:00Z,ES,28661
2024-02-16T21:00Z,ES,26853
2024-02-16T22:00Z,ES,24848
2024-02-16T23:00Z,ES,22921
2024-02-17T00:00Z,ES,22354
2024-02-17T01:00Z,ES,22196
2024-02-17T02:00Z,ES,22211
2024-02-17T03:00Z,ES,22524
2024-02-17T04:00Z,ES,23715
2024-02-17T05:00Z,ES,25539
2024-02-17T06:00Z,ES,27137
2024-02-17T07:00Z,ES,27871
2024-02-17T08:00Z,ES,27927
2024-02-17T09:00Z,ES,27880
2024-02-17T10:00Z,ES,27741
2024-02-17T11:00Z,ES,27459
2024-02-17T12:00Z,ES,27242
2024-02-17T13:00Z,ES,27098
2024-02-17T14:00Z,ES,27090
2024-02-17T15:00Z,ES,27436
2024-02-17T16:00Z,ES,28343
2024-02-17T17:00Z,ES,28420
2024-02-17T18:00Z,ES,27864
2024-02-17T19:00Z,ES,26980
2024-02-17T20:00Z,ES,26047
2024-02-17T21:00Z,ES,24926
2024-02-17T22:00Z,ES,23704
2024-02-17T23:00Z,ES,20273
2024-02-18T00:00Z,ES,19903
2024-02-18T01:00Z,ES,19719
2024-02-18T02:00Z,ES,19747
2024-02-18T03:00Z,ES,20027
2024-02-18T04:00Z,ES,20963
2024-02-18T05:00Z,ES,22538
2024-02-18T06:00Z,ES,23847
2024-02-18T07:00Z,ES,24325
2024-02-18T08:00Z,ES,24542
2024-02-18T09:00Z,ES,24667
2024-02-18T10:00Z,ES,24646
2024-02-18T11:00Z,ES,24308
2024-02-18T12:00Z,ES,24198
2024-02-18T13:00Z,ES,24014
2024-02-18T14:00Z,ES,24066
2024-02-18T15:00Z,ES,24403
2024-02-18T16:00Z,ES,25222
2024-02-18T17:00Z,ES,25325
2024-02-18T18:00Z,ES,24785
2024-02-18T19:00Z,ES,23918
2024-02-18T20:00Z,ES,23208
2024-02-18T21:00Z,ES,22245
2024-02-18T22:00Z,ES,21392
2024-02-18T23:00Z,ES,23105
2024-02-19T00:00Z,ES,22192
2024-02-19T01:00Z,ES,21537
2024-02-19T02:00Z,ES,21519
2024-02-19T03:00Z,ES,21972
2024-02-19T04:00Z,ES,23894
2024-02-19T05:00Z,ES,27307
2024-02-19T06:00Z,ES,30025
2024-02-19T07:00Z,ES,31348
2024-02-19T08:00Z,ES,31752
2024-02-19T09:00Z,ES,31806
2024-02-19T10:00Z,ES,31567
2024-02-19T11:00Z,ES,31217
2024-02-19T12:00Z,ES,31019
2024-02-19T13:00Z,ES,30552
2024-02-19T14:00Z,ES,30401
2024-02-19T15:00Z,ES,31103
2024-02-19T16:00Z,ES,32636
2024-02-19T17:00Z,ES,32989
2024-02-19T18:00Z,ES,31781
2024-02-19T19:00Z,ES,30245
2024-02-19T20:00Z,ES,28720
2024-02-19T21:00Z,ES,26656
2024-02-19T22:00Z,ES,24860
2024-02-19T23:00Z,ES,23686
2024-02-20T00:00Z,ES,22689
2024-02-20T01:00Z,ES,22130
2024-02-20T02:00Z,ES,22120
2024-02-20T03:00Z,ES,22720
2024-02-20T04:00Z,ES,24695
2024-02-20T05:00Z,ES,28107
2024-02-20T06:00Z,ES,31140
2024-02-20T07:00Z,ES,32354
2024-02-20T08:00Z,ES,32792
2024-02-20T09:00Z,ES,32823
2024-02-20T10:00Z,ES,32654
2024-02-20T11:00Z,ES,32144
2024-02-20T12:00Z,ES,31779
2024-02-20T13:00Z,ES,31457
2024-02-20T14:00Z,ES,31437
2024-02-20T15:00Z,ES,32183
2024-02-20T16:00Z,ES,33762
2024-02-20T17:00Z,ES,33960
2024-02-20T18:00Z,ES,32921
2024-02-20T19:00Z,ES,31352
2024-02-20T20:00Z,ES,29484
2024-02-20T21:00Z,ES,27655
2024-02-20T22:00Z,ES,25589
2024-02-20T23:00Z,ES,23544
2024-02-21T00:00Z,ES,22584
2024-02-21T01:00Z,ES,22073
2024-02-21T02:00Z,ES,21950
2024-02-21T03:00Z,ES,22525
2024-02-21T04:00Z,ES,24513
2024-02-21T05:00Z,ES,28056
2024-02-21T06:00Z,ES,30908
2024-02-21T07:00Z,ES,32174
2024-02-21T08:00Z,ES,32560
2024-02-21T09:00Z,ES,32678
2024-02-21T10:00Z,ES,32361
2024-02-21T11:00Z,ES,31966
2024-02-21T12:00Z,ES,31614
2024-02-21T13:00Z,ES,31290
2024-02-21T14:00Z,ES,31342
2024-02-21T15:00Z,ES,32077
2024-02-21T16:00Z,ES,33699
2024-02-21T17:00Z,ES,33950
2024-02-21T18:00Z,ES,32863
2024-02-21T19:00Z,ES,31127
2024-02-21T20:00Z,ES,29494
2024-02-21T21:00Z,ES,27477
2024-02-21T22:00Z,ES,25380
2024-02-21T23:00Z,ES,24047
2024-02-22T00:00Z,ES,23035
2024-02-22T01:00Z,ES,22410
2024-02-22T02:00Z,ES,22391
2024-02-22T03:00Z,ES,22946
2024-02-22T04:00Z,ES,24901
2024-02-22T05:00Z,ES,28200
2024-02-22T06:00Z,ES,31089
2024-02-22T07:00Z,ES,32336
2024-02-22T08:00Z,ES,32837
2024-02-22T09:00Z,ES,32890
2024-02-22T10:00Z,ES,32815
2024-02-22T11:00Z,ES,32470
2024-02-22T12:00Z,ES,32014
2024-02-22T13:00Z,ES,31745
2024-02-22T14:00Z,ES,31957
2024-02-22T15:00Z,ES,32744
2024-02-22T16:00Z,ES,34154
2024-02-22T17:00Z,ES,34226
2024-02-22T18:00Z,ES,33058
2024-02-22T19:00Z,ES,31456
2024-02-22T20:00Z,ES,29812
2024-02-22T21:00Z,ES,27937
2024-02-22T22:00Z,ES,25897
2024-02-22T23:00Z,ES,23866
2024-02-23T00:00Z,ES,22873
2024-02-23T01:00Z,ES,22361
2024-02-23T02:00Z,ES,22379
2024-02-23T03:00Z,ES,22860
2024-02-23T04:00Z,ES,24784
2024-02-23T05:00Z,ES,28242
2024-02-23T06:00Z,ES,31007
2024-02-23T07:00Z,ES,32167
2024-02-23T08:00Z,ES,32623
2024-02-23T09:00Z,ES,32742
2024-02-23T10:00Z,ES,32437
2024-02-23T11:00Z,ES,31970
2024-02-23T12:00Z,ES,31705
2024-02-23T13:00Z,ES,31600
2024-02-23T14:00Z,ES,31629
2024-02-23T15:00Z,ES,32279
2024-02-23T16:00Z,ES,33675
2024-02-23T17:00Z,ES,33832
2024-02-23T18:00Z,ES,32721
2024-02-23T19:00Z,ES,30958
2024-02-23T20:00Z,ES,29162
2024-02-23T21:00Z,ES,27429
2024-02-23T22:00Z,ES,25336
2024-02-23T23:00Z,ES,22575
2024-02-24T00:00Z,ES,22082
2024-02-24T01:00Z,ES,21734
2024-02-24T02:00Z,ES,21625
2024-02-24T03:00Z,ES,21984
2024-02-24T04:00Z,ES,23019
2024-02-24T05:00Z,ES,24867
2024-02-24T06:00Z,ES,26485
2024-02-24T07:00Z,ES,27139
2024-02-24T08:00Z,ES,27234
2024-02-24T09:00Z,ES,27286
2024-02-24T10:00Z,ES,27229
2024-02-24T11:00Z,ES,26944
2024-02-24T12:00Z,ES,26871
2024-02-24T13:00Z,ES,26676
2024-02-24T14:00Z,ES,26631
2024-02-24T15:00Z,ES,27023
2024-02-24T16:00Z,ES,27822
2024-02-24T17:00Z,ES,27942
2024-02-24T18:00Z,ES,27324
2024-02-24T19:00Z,ES,26431
2024-02-24T20:00Z,ES,25453
2024-02-24T21:00Z,ES,24425
2024-02-24T22:00Z,ES,23419
2024-02-24T23:00Z,ES,20051
2024-02-25T00:00Z,ES,19583
2024-02-25T01:00Z,ES,19449
2024-02-25T02:00Z,ES,19382
2024-02-25T03:00Z,ES,19553
2024-02-25T04:00Z,ES,20478
2024-02-25T05:00Z,ES,22256
2024-02-25T06:00Z,ES,23762
2024-02-25T07:00Z,ES,24308
2024-02-25T08:00Z,ES,24488
2024-02-25T09:00Z,ES,24434
2024-02-25T10:00Z,ES,24309
2024-02-25T11:00Z,ES,24182
2024-02-25T12:00Z,ES,24108
2024-02-25T13:00Z,ES,23867
2024-02-25T14:00Z,ES,23761
2024-02-25T15:00Z,ES,24229
2024-02-25T16:00Z,ES,24820
2024-02-25T17:00Z,ES,25004
2024-02-25T18:00Z,ES,24665
2024-02-25T19:00Z,ES,23867
2024-02-25T20:00Z,ES,22905
2024-02-25T21:00Z,ES,22079
2024-02-25T22:00Z,ES,21053
2024-02-25T23:00Z,ES,23461
2024-02-26T00:00Z,ES,22484
2024-02-26T01:00Z,ES,21910
2024-02-26T02:00Z,ES,21868
2024-02-26T03:00Z,ES,22395
2024-02-26T04:00Z,ES,24369
2024-02-26T05:00Z,ES,27789
2024-02-26T06:00Z,ES,30659
2024-02-26T07:00Z,ES,32065
2024-02-26T08:00Z,ES,32468
2024-02-26T09:00Z,ES,32456
2024-02-26T10:00Z,ES,32220
2024-02-26T11:00Z,ES,31983
2024-02-26T12:00Z,ES,31520
2024-02-26T13:00Z,ES,31187
2024-02-26T14:00Z,ES,31121
2024-02-26T15:00Z,ES,31864
2024-02-26T16:00Z,ES,33265
2024-02-26T17:00Z,ES,33496
2024-02-26T18:00Z,ES,32408
2024-02-26T19:00Z,ES,30675
2024-02-26T20:00Z,ES,29071
2024-02-26T21:00Z,ES,27049
2024-02-26T22:00Z,ES,24894
2024-02-26T23:00Z,ES,23481
2024-02-27T00:00Z,ES,22518
2024-02-27T01:00Z,ES,22121
2024-02-27T02:00Z,ES,22053
2024-02-27T03:00Z,ES,22602
2024-02-27T04:00Z,ES,24661
2024-02-27T05:00Z,ES,28033
2024-02-27T06:00Z,ES,30949
2024-02-27T07:00Z,ES,32185
2024-02-27T08:00Z,ES,32585
2024-02-27T09:00Z,ES,32656
2024-02-27T10:00Z,ES,32539
2024-02-27T11:00Z,ES,32086
2024-02-27T12:00Z,ES,31670
2024-02-27T13:00Z,ES,31334
2024-02-27T14:00Z,ES,31275
2024-02-27T15:00Z,ES,32202
2024-02-27T16:00Z,ES,33834
2024-02-27T17:00Z,ES,34140
2024-02-27T18:00Z,ES,32922
2024-02-27T19:00Z,ES,31175
2024-02-27T20:00Z,ES,29562
2024-02-27T21:00Z,ES,27540
2024-02-27T22:00Z,ES,25458
2024-02-27T23:00Z,ES,23561
2024-02-28T00:00Z,ES,22563
2024-02-28T01:00Z,ES,21960
2024-02-28T02:00Z,ES,21896
2024-02-28T03:00Z,ES,22325
2024-02-28T04:00Z,ES,24373
2024-02-28T05:00Z,ES,27672
2024-02-28T06:00Z,ES,30469
2024-02-28T07:00Z,ES,31906
2024-02-28T08:00Z,ES,32297
2024-02-28T09:00Z,ES,32295
2024-02-28T10:00Z,ES,32072
2024-02-28T11:00Z,ES,31713
2024-02-28T12:00Z,ES,31553
2024-02-28T13:00Z,ES,31316
2024-02-28T14:00Z,ES,31098
2024-02-28T15:00Z,ES,31786
2024-02-28T16:00Z,ES,33279
2024-02-28T17:00Z,ES,33573
2024-02-28T18:00Z,ES,32481
2024-02-28T19:00Z,ES,30673
2024-02-28T20:00Z,ES,29050
2024-02-28T21:00Z,ES,27236
2024-02-28T22:00Z,ES,25302
2024-02-28T23:00Z,ES,23363
2024-02-29T00:00Z,ES,22412
2024-02-29T01:00Z,ES,21936
2024-02-29T02:00Z,ES,21882
2024-02-29T03:00Z,ES,22413
2024-02-29T04:00Z,ES,24438
2024-02-29T05:00Z,ES,27787
2024-02-29T06:00Z,ES,30685
2024-02-29T07:00Z,ES,31889
2024-02-29T08:00Z,ES,32303
2024-02-29T09:00Z,ES,32266
2024-02-29T10:00Z,ES,32137
2024-02-29T11:00Z,ES,31621
2024-02-29T12:00Z,ES,31331
2024-02-29T13:00Z,ES,31076
2024-02-29T14:00Z,ES,30956
2024-02-29T15:00Z,ES,31984
2024-02-29T16:00Z,ES,33246
2024-02-29T17:00Z,ES,33537
2024-02-29T18:00Z,ES,32356
2024-02-29T19:00Z,ES,30895
2024-02-29T20:00Z,ES,29172
2024-02-29T21:00Z,ES,27051
2024-02-29T22:00Z,ES,25064
2024-02-29T23:00Z,ES,22908
2024-03-01T00:00Z,ES,22057
2024-03-01T01:00Z,ES,21580
2024-03-01T02:00Z,ES,21540
2024-03-01T03:00Z,ES,22046
2024-03-01T04:00Z,ES,24010
2024-03-01T05:00Z,ES,27318
2024-03-01T06:00Z,ES,30165
2024-03-01T07:00Z,ES,31468
2024-03-01T08:00Z,ES,31803
2024-03-01T09:00Z,ES,32026
2024-03-01T10:00Z,ES,31787
2024-03-01T11:00Z,ES,31300
2024-03-01T12:00Z,ES,31066
2024-03-01T13:00Z,ES,30741
2024-03-01T14:00Z,ES,30657
2024-03-01T15:00Z,ES,31308
2024-03-01T16:00Z,ES,32528
2024-03-01T17:00Z,ES,32574
2024-03-01T18:00Z,ES,31489
2024-03-01T19:00Z,ES,29975
2024-03-01T20:00Z,ES,28416
2024-03-01T21:00Z,ES,26496
2024-03-01T22:00Z,ES,24550
2024-03-01T23:00Z,ES,22003
2024-03-02T00:00Z,ES,21375
2024-03-02T01:00Z,ES,21064
2024-03-02T02:00Z,ES,21074
2024-03-02T03:00Z,ES,21542
2024-03-02T04:00Z,ES,22547
2024-03-02T05:00Z,ES,24312
2024-03-02T06:00Z,ES,25839
2024-03-02T07:00Z,ES,26666
2024-03-02T08:00Z,ES,26862
2024-03-02T09:00Z,ES,26765
2024-03-02T10:00Z,ES,26683
2024-03-02T11:00Z,ES,26437
2024-03-02T12:00Z,ES,26258
2024-03-02T13:00Z,ES,26046
2024-03-02T14:00Z,ES,26113
2024-03-02T15:00Z,ES,26448
2024-03-02T16:00Z,ES,27172
2024-03-02T17:00Z,ES,27363
2024-03-02T18:00Z,ES,26660
2024-03-02T19:00Z,ES,26037
2024-03-02T20:00Z,ES,25153
2024-03-02T21:00Z,ES,24062
2024-03-02T22:00Z,ES,23034
2024-03-02T23:00Z,ES,20448
2024-03-03T00:00Z,ES,19974
2024-03-03T01:00Z,ES,19804
2024-03-03T02:00Z,ES,19823
2024-03-03T03:00Z,ES,20147
2024-03-03T04:00Z,ES,21129
2024-03-03T05:00Z,ES,22764
2024-03-03T06:00Z,ES,24045
2024-03-03T07:00Z,ES,24701
2024-03-03T08:00Z,ES,24878
2024-03-03T09:00Z,ES,24912
2024-03-03T10:00Z,ES,24844
2024-03-03T11:00Z,ES,24627
2024-03-03T12:00Z,ES,24381
2024-03-03T13:00Z,ES,24180
2024-03-03T14:00Z,ES,24107
2024-03-03T15:00Z,ES,24406
2024-03-03T16:00Z,ES,24923
2024-03-03T17:00Z,ES,25102
2024-03-03T18:00Z,ES,24717
2024-03-03T19:00Z,ES,24091
2024-03-03T20:00Z,ES,23231
2024-03-03T21:00Z,ES,22216
2024-03-03T22:00Z,ES,21219
2024-03-03T23:00Z,ES,23483
2024-03-04T00:00Z,ES,22612
2024-03-04T01:00Z,ES,22031
2024-03-04T02:00Z,ES,21942
2024-03-04T03:00Z,ES,22500
2024-03-04T04:00Z,ES,24529
2024-03-04T05:00Z,ES,27878
2024-03-04T06:00Z,ES,30948
2024-03-04T07:00Z,ES,32250
2024-03-04T08:00Z,ES,32683
2024-03-04T09:00Z,ES,32607
2024-03-04T10:00Z,ES,32519
2024-03-04T11:00Z,ES,32142
2024-03-04T12:00Z,ES,31721
2024-03-04T13:00Z,ES,31286
2024-03-04T14:00Z,ES,31292
2024-03-04T15:00Z,ES,31993
2024-03-04T16:00Z,ES,33386
2024-03-04T17:00Z,ES,33563
2024-03-04T18:00Z,ES,32523
2024-03-04T19:00Z,ES,30885
2024-03-04T20:00Z,ES,29268
2024-03-04T21:00Z,ES,27294
2024-03-04T22:00Z,ES,25368
2024-03-04T23:00Z,ES,23096
2024-03-05T00:00Z,ES,22202
2024-03-05T01:00Z,ES,21694
2024-03-05T02:00Z,ES,21670
2024-03-05T03:00Z,ES,22182
2024-03-05T04:00Z,ES,24156
2024-03-05T05:00Z,ES,27580
2024-03-05T06:00Z,ES,30289
2024-03-05T07:00Z,ES,31504
2024-03-05T08:00Z,ES,31848
2024-03-05T09:00Z,ES,31987
2024-03-05T10:00Z,ES,31854
2024-03-05T11:00Z,ES,31335
2024-03-05T12:00Z,ES,31123
2024-03-05T13:00Z,ES,30852
2024-03-05T14:00Z,ES,30862
2024-03-05T15:00Z,ES,31519
2024-03-05T16:00Z,ES,32833
2024-03-05T17:00Z,ES,33048
2024-03-05T18:00Z,ES,31842
2024-03-05T19:00Z,ES,30265
2024-03-05T20:00Z,ES,28756
2024-03-05T21:00Z,ES,26775
2024-03-05T22:00Z,ES,24851
2024-03-05T23:00Z,ES,22721
2024-03-06T00:00Z,ES,21806
2024-03-06T01:00Z,ES,21319
2024-03-06T02:00Z,ES,21132
2024-03-06T03:00Z,ES,21668
2024-03-06T04:00Z,ES,23574
2024-03-06T05:00Z,ES,26870
2024-03-06T06:00Z,ES,29503
2024-03-06T07:00Z,ES,30681
2024-03-06T08:00Z,ES,31222
2024-03-06T09:00Z,ES,31230
2024-03-06T10:00Z,ES,31146
2024-03-06T11:00Z,ES,30761
2024-03-06T12:00Z,ES,30518
2024-03-06T13:00Z,ES,30390
2024-03-06T14:00Z,ES,30192
2024-03-06T15:00Z,ES,30791
2024-03-06T16:00Z,ES,32237
2024-03-06T17:00Z,ES,32348
2024-03-06T18:00Z,ES,31296
2024-03-06T19:00Z,ES,29907
2024-03-06T20:00Z,ES,28253
2024-03-06T21:00Z,ES,26350
2024-03-06T22:00Z,ES,24243
2024-03-06T23:00Z,ES,22608
2024-03-07T00:00Z,ES,21775
2024-03-07T01:00Z,ES,21223
2024-03-07T02:00Z,ES,21159
2024-03-07T03:00Z,ES,21774
2024-03-07T04:00Z,ES,23721
2024-03-07T05:00Z,ES,26945
2024-03-07T06:00Z,ES,29686
2024-03-07T07:00Z,ES,30947
2024-03-07T08:00Z,ES,31262
2024-03-07T09:00Z,ES,31297
2024-03-07T10:00Z,ES,31313
2024-03-07T11:00Z,ES,30861
2024-03-07T12:00Z,ES,30467
2024-03-07T13:00Z,ES,30227
2024-03-07T14:00Z,ES,30125
2024-03-07T15:00Z,ES,30758
2024-03-07T16:00Z,ES,32163
2024-03-07T17:00Z,ES,32408
2024-03-07T18:00Z,ES,31193
2024-03-07T19:00Z,ES,29884
2024-03-07T20:00Z,ES,28438
2024-03-07T21:00Z,ES,26494
2024-03-07T22:00Z,ES,24275
2024-03-07T23:00Z,ES,22836
2024-03-08T00:00Z,ES,21908
2024-03-08T01:00Z,ES,21470
2024-03-08T02:00Z,ES,21448
2024-03-08T03:00Z,ES,22067
2024-03-08T04:00Z,ES,23981
2024-03-08T05:00Z,ES,27270
2024-03-08T06:00Z,ES,30108
2024-03-08T07:00Z,ES,31277
2024-03-08T08:00Z,ES,31624
2024-03-08T09:00Z,ES,31684
2024-03-08T10:00Z,ES,31355
2024-03-08T11:00Z,ES,31006
2024-03-08T12:00Z,ES,30791
2024-03-08T13:00Z,ES,30474
2024-03-08T14:00Z,ES,30353
2024-03-08T15:00Z,ES,30914
2024-03-08T16:00Z,ES,32260
2024-03-08T17:00Z,ES,32458
2024-03-08T18:00Z,ES,31446
2024-03-08T19:00Z,ES,30018
2024-03-08T20:00Z,ES,28497
2024-03-08T21:00Z,ES,26545
2024-03-08T22:00Z,ES,24622
2024-03-08T23:00Z,ES,21339
2024-03-09T00:00Z,ES,20881
2024-03-09T01:00Z,ES,20599
2024-03-09T02:00Z,ES,20696
2024-03-09T03:00Z,ES,21031
2024-03-09T04:00Z,ES,21999
2024-03-09T05:00Z,ES,23626
2024-03-09T06:00Z,ES,24942
2024-03-09T07:00Z,ES,25417
2024-03-09T08:00Z,ES,25618
2024-03-09T09:00Z,ES,25626
2024-03-09T10:00Z,ES,25513
2024-03-09T11:00Z,ES,25294
2024-03-09T12:00Z,ES,25312
2024-03-09T13:00Z,ES,25120
2024-03-09T14:00Z,ES,25096
2024-03-09T15:00Z,ES,25511
2024-03-09T16:00Z,ES,26101
2024-03-09T17:00Z,ES,26106
2024-03-09T18:00Z,ES,25396
2024-03-09T19:00Z,ES,24710
2024-03-09T20:00Z,ES,23911
2024-03-09T21:00Z,ES,23003
2024-03-09T22:00Z,ES,21938
2024-03-09T23:00Z,ES,19310
2024-03-10T00:00Z,ES,18901
2024-03-10T01:00Z,ES,18689
2024-03-10T02:00Z,ES,18704
2024-03-10T03:00Z,ES,18884
2024-03-10T04:00Z,ES,19735
2024-03-10T05:00Z,ES,21278
2024-03-10T06:00Z,ES,22569
2024-03-10T07:00Z,ES,23236
2024-03-10T08:00Z,ES,23456
2024-03-10T09:00Z,ES,23508
2024-03-10T10:00Z,ES,23415
2024-03-10T11:00Z,ES,23182
2024-03-10T12:00Z,ES,23135
2024-03-10T13:00Z,ES,23001
2024-03-10T14:00Z,ES,22923
2024-03-10T15:00Z,ES,23147
2024-03-10T16:00Z,ES,23693
2024-03-10T17:00Z,ES,23823
2024-03-10T18:00Z,ES,23295
2024-03-10T19:00Z,ES,22664
2024-03-10T20:00Z,ES,22011
2024-03-10T21:00Z,ES,21229
2024-03-10T22:00Z,ES,20240
2024-03-10T23:00Z,ES,23704
2024-03-11T00:00Z,ES,22802
2024-03-11T01:00Z,ES,22254
2024-03-11T02:00Z,ES,22114
2024-03-11T03:00Z,ES,22608
2024-03-11T04:00Z,ES,24596
2024-03-11T05:00Z,ES,28013
2024-03-11T06:00Z,ES,30842
2024-03-11T07:00Z,ES,32109
2024-03-11T08:00Z,ES,32529
2024-03-11T09:00Z,ES,32485
2024-03-11T10:00Z,ES,32203
2024-03-11T11:00Z,ES,31746
2024-03-11T12:00Z,ES,31591
2024-03-11T13:00Z,ES,31414
2024-03-11T14:00Z,ES,31355
2024-03-11T15:00Z,ES,32030
2024-03-11T16:00Z,ES,33323
2024-03-11T17:00Z,ES,33498
2024-03-11T18:00Z,ES,32381
2024-03-11T19:00Z,ES,30707
2024-03-11T20:00Z,ES,29258
2024-03-11T21:00Z,ES,27400
2024-03-11T22:00Z,ES,25276
2024-03-11T23:00Z,ES,22642
2024-03-12T00:00Z,ES,21808
2024-03-12T01:00Z,ES,21186
2024-03-12T02:00Z,ES,21172
2024-03-12T03:00Z,ES,21833
2024-03-12T04:00Z,ES,23711
2024-03-12T05:00Z,ES,26903
2024-03-12T06:00Z,ES,29730
2024-03-12T07:00Z,ES,30996
2024-03-12T08:00Z,ES,31456
2024-03-12T09:00Z,ES,31617
2024-03-12T10:00Z,ES,31590
2024-03-12T11:00Z,ES,31019
2024-03-12T12:00Z,ES,30854
2024-03-12T13:00Z,ES,30484
2024-03-12T14:00Z,ES,30388
2024-03-12T15:00Z,ES,31024
2024-03-12T16:00Z,ES,32219
2024-03-12T17:00Z,ES,32332
2024-03-12T18:00Z,ES,31232
2024-03-12T19:00Z,ES,29894
2024-03-12T20:00Z,ES,28294
2024-03-12T21:00Z,ES,26424
2024-03-12T22:00Z,ES,24560
2024-03-12T23:00Z,ES,22743
2024-03-13T00:00Z,ES,21881
2024-03-13T01:00Z,ES,21323
2024-03-13T02:00Z,ES,21210
2024-03-13T03:00Z,ES,21659
2024-03-13T04:00Z,ES,23545
2024-03-13T05:00Z,ES,26866
2024-03-13T06:00Z,ES,29586
2024-03-13T07:00Z,ES,30918
2024-03-13T08:00Z,ES,31371
2024-03-13T09:00Z,ES,31393
2024-03-13T10:00Z,ES,31042
2024-03-13T11:00Z,ES,30723
2024-03-13T12:00Z,ES,30539
2024-03-13T13:00Z,ES,30246
2024-03-13T14:00Z,ES,30226
2024-03-13T15:00Z,ES,30787
2024-03-13T16:00Z,ES,32030
2024-03-13T17:00Z,ES,32186
2024-03-13T18:00Z,ES,31007
2024-03-13T19:00Z,ES,29656
2024-03-13T20:00Z,ES,28126
2024-03-13T21:00Z,ES,26190
2024-03-13T22:00Z,ES,24274
2024-03-13T23:00Z,ES,22093
2024-03-14T00:00Z,ES,21253
2024-03-14T01:00Z,ES,20648
2024-03-14T02:00Z,ES,20576
2024-03-14T03:00Z,ES,21088
2024-03-14T04:00Z,ES,22775
2024-03-14T05:00Z,ES,25779
2024-03-14T06:00Z,ES,28421
2024-03-14T07:00Z,ES,29635
2024-03-14T08:00Z,ES,30284
2024-03-14T09:00Z,ES,30471
2024-03-14T10:00Z,ES,30388
2024-03-14T11:00Z,ES,29884
2024-03-14T12:00Z,ES,29740
2024-03-14T13:00Z,ES,29395
2024-03-14T14:00Z,ES,29503
2024-03-14T15:00Z,ES,30026
2024-03-14T16:00Z,ES,31108
2024-03-14T17:00Z,ES,31370
2024-03-14T18:00Z,ES,30454
2024-03-14T19:00Z,ES,29117
2024-03-14T20:00Z,ES,27605
2024-03-14T21:00Z,ES,25818
2024-03-14T22:00Z,ES,23774
2024-03-14T23:00Z,ES,22212
2024-03-15T00:00Z,ES,21390
2024-03-15T01:00Z,ES,20767
2024-03-15T02:00Z,ES,20710
2024-03-15T03:00Z,ES,21152
2024-03-15T04:00Z,ES,22933
2024-03-15T05:00Z,ES,25940
2024-03-15T06:00Z,ES,28578
2024-03-15T07:00Z,ES,29746
2024-03-15T08:00Z,ES,30103
2024-03-15T09:00Z,ES,30220
2024-03-15T10:00Z,ES,30088
2024-03-15T11:00Z,ES,29556
2024-03-15T12:00Z,ES,29543
2024-03-15T13:00Z,ES,29223
2024-03-15T14:00Z,ES,29006
2024-03-15T15:00Z,ES,29646
2024-03-15T16:00Z,ES,30696
2024-03-15T17:00Z,ES,30801
2024-03-15T18:00Z,ES,29870
2024-03-15T19:00Z,ES,28620
2024-03-15T20:00Z,ES,27248
2024-03-15T21:00Z,ES,25533
2024-03-15T22:00Z,ES,23722
2024-03-15T23:00Z,ES,20927
2024-03-16T00:00Z,ES,20567
2024-03-16T01:00Z,ES,20267
2024-03-16T02:00Z,ES,20207
2024-03-16T03:00Z,ES,20394
2024-03-16T04:00Z,ES,21400
2024-03-16T05:00Z,ES,23124
2024-03-16T06:00Z,ES,24545
2024-03-16T07:00Z,ES,25312
2024-03-16T08:00Z,ES,25493
2024-03-16T09:00Z,ES,25570
2024-03-16T10:00Z,ES,25499
2024-03-16T11:00Z,ES,25311
2024-03-16T12:00Z,ES,25143
2024-03-16T13:00Z,ES,25006
2024-03-16T14:00Z,ES,24823
2024-03-16T15:00Z,ES,25307
2024-03-16T16:00Z,ES,25922
2024-03-16T17:00Z,ES,26030
2024-03-16T18:00Z,ES,25416
2024-03-16T19:00Z,ES,24640
2024-03-16T20:00Z,ES,23988
2024-03-16T21:00Z,ES,23028
2024-03-16T22:00Z,ES,22012
2024-03-16T23:00Z,ES,19096
2024-03-17T00:00Z,ES,18824
2024-03-17T01:00Z,ES,18542
2024-03-17T02:00Z,ES,18443
2024-03-17T03:00Z,ES,18633
2024-03-17T04:00Z,ES,19571
2024-03-17T05:00Z,ES,20994
2024-03-17T06:00Z,ES,22296
2024-03-17T07:00Z,ES,22907
2024-03-17T08:00Z,ES,23242
2024-03-17T09:00Z,ES,23376
2024-03-17T10:00Z,ES,23100
2024-03-17T11:00Z,ES,22914
2024-03-17T12:00Z,ES,22826
2024-03-17T13:00Z,ES,22651
2024-03-17T14:00Z,ES,22703
2024-03-17T15:00Z,ES,22869
2024-03-17T16:00Z,ES,23383
2024-03-17T17:00Z,ES,23555
2024-03-17T18:00Z,ES,23063
2024-03-17T19:00Z,ES,22411
2024-03-17T20:00Z,ES,21713
2024-03-17T21:00Z,ES,20898
2024-03-17T22:00Z,ES,20007
2024-03-17T23:00Z,ES,22820
2024-03-18T00:00Z,ES,22026
2024-03-18T01:00Z,ES,21487
2024-03-18T02:00Z,ES,21390
2024-03-18T03:00Z,ES,21865
2024-03-18T04:00Z,ES,23721
2024-03-18T05:00Z,ES,26814
2024-03-18T06:00Z,ES,29580
2024-03-18T07:00Z,ES,30901
2024-03-18T08:00Z,ES,31386
2024-03-18T09:00Z,ES,31450
2024-03-18T10:00Z,ES,31344
2024-03-18T11:00Z,ES,30873
2024-03-18T12:00Z,ES,30669
2024-03-18T13:00Z,ES,30337
2024-03-18T14:00Z,ES,30294
2024-03-18T15:00Z,ES,30746
2024-03-18T16:00Z,ES,31918
2024-03-18T17:00Z,ES,32090
2024-03-18T18:00Z,ES,31058
2024-03-18T19:00Z,ES,29747
2024-03-18T20:00Z,ES,28299
2024-03-18T21:00Z,ES,26522
2024-03-18T22:00Z,ES,24533
2024-03-18T23:00Z,ES,23373
2024-03-19T00:00Z,ES,22538
2024-03-19T01:00Z,ES,21949
2024-03-19T02:00Z,ES,21767
2024-03-19T03:00Z,ES,22278
2024-03-19T04:00Z,ES,23925
2024-03-19T05:00Z,ES,27186
2024-03-19T06:00Z,ES,29911
2024-03-19T07:00Z,ES,31180
2024-03-19T08:00Z,ES,31820
2024-03-19T09:00Z,ES,32031
2024-03-19T10:00Z,ES,31860
2024-03-19T11:00Z,ES,31316
2024-03-19T12:00Z,ES,31254
2024-03-19T13:00Z,ES,30889
2024-03-19T14:00Z,ES,30870
2024-03-19T15:00Z,ES,31473
2024-03-19T16:00Z,ES,32694
2024-03-19T17:00Z,ES,32798
2024-03-19T18:00Z,ES,31739
2024-03-19T19:00Z,ES,30249
2024-03-19T20:00Z,ES,28683
2024-03-19T21:00Z,ES,26874
2024-03-19T22:00Z,ES,24815
2024-03-19T23:00Z,ES,23155
2024-03-20T00:00Z,ES,22237
2024-03-20T01:00Z,ES,21681
2024-03-20T02:00Z,ES,21662
2024-03-20T03:00Z,ES,22214
2024-03-20T04:00Z,ES,24149
2024-03-20T05:00Z,ES,27229
2024-03-20T06:00Z,ES,30073
2024-03-20T07:00Z,ES,31458
2024-03-20T08:00Z,ES,32125
2024-03-20T09:00Z,ES,32242
2024-03-20T10:00Z,ES,32028
2024-03-20T11:00Z,ES,31553
2024-03-20T12:00Z,ES,31291
2024-03-20T13:00Z,ES,31211
2024-03-20T14:00Z,ES,31115
2024-03-20T15:00Z,ES,31605
2024-03-20T16:00Z,ES,32645
2024-03-20T17:00Z,ES,32809
2024-03-20T18:00Z,ES,31812
2024-03-20T19:00Z,ES,30506
2024-03-20T20:00Z,ES,28877
2024-03-20T21:00Z,ES,27012
2024-03-20T22:00Z,ES,25095
2024-03-20T23:00Z,ES,23159
2024-03-21T00:00Z,ES,22139
2024-03-21T01:00Z,ES,21510
2024-03-21T02:00Z,ES,21428
2024-03-21T03:00Z,ES,21944
2024-03-21T04:00Z,ES,23658
2024-03-21T05:00Z,ES,26843
2024-03-21T06:00Z,ES,29528
2024-03-21T07:00Z,ES,30823
2024-03-21T08:00Z,ES,31395
2024-03-21T09:00Z,ES,31527
2024-03-21T10:00Z,ES,31689
2024-03-21T11:00Z,ES,31295
2024-03-21T12:00Z,ES,31098
2024-03-21T13:00Z,ES,30886
2024-03-21T14:00Z,ES,30948
2024-03-21T15:00Z,ES,31409
2024-03-21T16:00Z,ES,32555
2024-03-21T17:00Z,ES,32655
2024-03-21T18:00Z,ES,31571
2024-03-21T19:00Z,ES,30067
2024-03-21T20:00Z,ES,28555
2024-03-21T21:00Z,ES,26694
2024-03-21T22:00Z,ES,24661
2024-03-21T23:00Z,ES,22587
2024-03-22T00:00Z,ES,21833
2024-03-22T01:00Z,ES,21255
2024-03-22T02:00Z,ES,21227
2024-03-22T03:00Z,ES,21769
2024-03-22T04:00Z,ES,23649
2024-03-22T05:00Z,ES,26726
2024-03-22T06:00Z,ES,29427
2024-03-22T07:00Z,ES,30743
2024-03-22T08:00Z,ES,31267
2024-03-22T09:00Z,ES,31458
2024-03-22T10:00Z,ES,31316
2024-03-22T11:00Z,ES,30673
2024-03-22T12:00Z,ES,30243
2024-03-22T13:00Z,ES,29986
2024-03-22T14:00Z,ES,29919
2024-03-22T15:00Z,ES,30479
2024-03-22T16:00Z,ES,31585
2024-03-22T17:00Z,ES,31674
2024-03-22T18:00Z,ES,30686
2024-03-22T19:00Z,ES,29300
2024-03-22T20:00Z,ES,27901
2024-03-22T21:00Z,ES,26144
2024-03-22T22:00Z,ES,24187
2024-03-22T23:00Z,ES,21104
2024-03-23T00:00Z,ES,20615
2024-03-23T01:00Z,ES,20469
2024-03-23T02:00Z,ES,20360
2024-03-23T03:00Z,ES,20588
2024-03-23T04:00Z,ES,21409
2024-03-23T05:00Z,ES,23133
2024-03-23T06:00Z,ES,24640
2024-03-23T07:00Z,ES,25316
2024-03-23T08:00Z,ES,25570
2024-03-23T09:00Z,ES,25616
2024-03-23T10:00Z,ES,25678
2024-03-23T11:00Z,ES,25433
2024-03-23T12:00Z,ES,25266
2024-03-23T13:00Z,ES,25196
2024-03-23T14:00Z,ES,25294
2024-03-23T15:00Z,ES,25448
2024-03-23T16:00Z,ES,26058
2024-03-23T17:00Z,ES,26115
2024-03-23T18:00Z,ES,25532
2024-03-23T19:00Z,ES,24875
2024-03-23T20:00Z,ES,24110
2024-03-23T21:00Z,ES,23156
2024-03-23T22:00Z,ES,22238
2024-03-23T23:00Z,ES,19812
2024-03-24T00:00Z,ES,19319
2024-03-24T01:00Z,ES,19113
2024-03-24T02:00Z,ES,19131
2024-03-24T03:00Z,ES,19418
2024-03-24T04:00Z,ES,20271
2024-03-24T05:00Z,ES,21776
2024-03-24T06:00Z,ES,22987
2024-03-24T07:00Z,ES,23565
2024-03-24T08:00Z,ES,23952
2024-03-24T09:00Z,ES,24091
2024-03-24T10:00Z,ES,23966
2024-03-24T11:00Z,ES,23806
2024-03-24T12:00Z,ES,23522
2024-03-24T13:00Z,ES,23393
2024-03-24T14:00Z,ES,23479
2024-03-24T15:00Z,ES,23721
2024-03-24T16:00Z,ES,24134
2024-03-24T17:00Z,ES,24217
2024-03-24T18:00Z,ES,23905
2024-03-24T19:00Z,ES,23255
2024-03-24T20:00Z,ES,22363
2024-03-24T21:00Z,ES,21436
2024-03-24T22:00Z,ES,20486
2024-03-24T23:00Z,ES,22203
2024-03-25T00:00Z,ES,21445
2024-03-25T01:00Z,ES,20794
2024-03-25T02:00Z,ES,20754
2024-03-25T03:00Z,ES,21347
2024-03-25T04:00Z,ES,23142
2024-03-25T05:00Z,ES,26254
2024-03-25T06:00Z,ES,28788
2024-03-25T07:00Z,ES,30230
2024-03-25T08:00Z,ES,30754
2024-03-25T09:00Z,ES,30746
2024-03-25T10:00Z,ES,30640
2024-03-25T11:00Z,ES,30365
2024-03-25T12:00Z,ES,30088
2024-03-25T13:00Z,ES,29890
2024-03-25T14:00Z,ES,29764
2024-03-25T15:00Z,ES,30214
2024-03-25T16:00Z,ES,31132
2024-03-25T17:00Z,ES,31205
2024-03-25T18:00Z,ES,30180
2024-03-25T19:00Z,ES,28951
2024-03-25T20:00Z,ES,27513
2024-03-25T21:00Z,ES,25989
2024-03-25T22:00Z,ES,24096
2024-03-25T23:00Z,ES,22143
2024-03-26T00:00Z,ES,21199
2024-03-26T01:00Z,ES,20730
2024-03-26T02:00Z,ES,20643
2024-03-26T03:00Z,ES,21135
2024-03-26T04:00Z,ES,22785
2024-03-26T05:00Z,ES,25773
2024-03-26T06:00Z,ES,28425
2024-03-26T07:00Z,ES,29603
2024-03-26T08:00Z,ES,30159
2024-03-26T09:00Z,ES,30451
2024-03-26T10:00Z,ES,30367
2024-03-26T11:00Z,ES,29984
2024-03-26T12:00Z,ES,29699
2024-03-26T13:00Z,ES,29256
2024-03-26T14:00Z,ES,29188
2024-03-26T15:00Z,ES,29688
2024-03-26T16:00Z,ES,30721
2024-03-26T17:00Z,ES,30724
2024-03-26T18:00Z,ES,29780
2024-03-26T19:00Z,ES,28268
2024-03-26T20:00Z,ES,26949
2024-03-26T21:00Z,ES,25200
2024-03-26T22:00Z,ES,23404
2024-03-26T23:00Z,ES,21841
2024-03-27T00:00Z,ES,21137
2024-03-27T01:00Z,ES,20701
2024-03-27T02:00Z,ES,20564
2024-03-27T03:00Z,ES,21147
2024-03-27T04:00Z,ES,22818
2024-03-27T05:00Z,ES,25723
2024-03-27T06:00Z,ES,28366
2024-03-27T07:00Z,ES,29643
2024-03-27T08:00Z,ES,30347
2024-03-27T09:00Z,ES,30434
2024-03-27T10:00Z,ES,30234
2024-03-27T11:00Z,ES,29936
2024-03-27T12:00Z,ES,29796
2024-03-27T13:00Z,ES,29681
2024-03-27T14:00Z,ES,29395
2024-03-27T15:00Z,ES,29905
2024-03-27T16:00Z,ES,30815
2024-03-27T17:00Z,ES,30833
2024-03-27T18:00Z,ES,29938
2024-03-27T19:00Z,ES,28874
2024-03-27T20:00Z,ES,27495
2024-03-27T21:00Z,ES,25789
2024-03-27T22:00Z,ES,23816
2024-03-27T23:00Z,ES,22262
2024-03-28T00:00Z,ES,21441
2024-03-28T01:00Z,ES,20880
2024-03-28T02:00Z,ES,20643
2024-03-28T03:00Z,ES,20981
2024-03-28T04:00Z,ES,22655
2024-03-28T05:00Z,ES,25678
2024-03-28T06:00Z,ES,28342
2024-03-28T07:00Z,ES,29755
2024-03-28T08:00Z,ES,30306
2024-03-28T09:00Z,ES,30428
2024-03-28T10:00Z,ES,30176
2024-03-28T11:00Z,ES,29964
2024-03-28T12:00Z,ES,29740
2024-03-28T13:00Z,ES,29510
2024-03-28T14:00Z,ES,29346
2024-03-28T15:00Z,ES,29805
2024-03-28T16:00Z,ES,30945
2024-03-28T17:00Z,ES,30977
2024-03-28T18:00Z,ES,30172
2024-03-28T19:00Z,ES,28955
2024-03-28T20:00Z,ES,27639
2024-03-28T21:00Z,ES,25954
2024-03-28T22:00Z,ES,23896
2024-03-28T23:00Z,ES,19276
2024-03-29T00:00Z,ES,18965
2024-03-29T01:00Z,ES,18607
2024-03-29T02:00Z,ES,18579
2024-03-29T03:00Z,ES,18769
2024-03-29T04:00Z,ES,19579
2024-03-29T05:00Z,ES,21034
2024-03-29T06:00Z,ES,22256
2024-03-29T07:00Z,ES,22826
2024-03-29T08:00Z,ES,23121
2024-03-29T09:00Z,ES,23218
2024-03-29T10:00Z,ES,23151
2024-03-29T11:00Z,ES,22950
2024-03-29T12:00Z,ES,22749
2024-03-29T13:00Z,ES,22548
2024-03-29T14:00Z,ES,22415
2024-03-29T15:00Z,ES,22759
2024-03-29T16:00Z,ES,23246
2024-03-29T17:00Z,ES,23355
2024-03-29T18:00Z,ES,23025
2024-03-29T19:00Z,ES,22524
2024-03-29T20:00Z,ES,21771
2024-03-29T21:00Z,ES,20941
2024-03-29T22:00Z,ES,20038
2024-03-29T23:00Z,ES,21086
2024-03-30T00:00Z,ES,20645
2024-03-30T01:00Z,ES,20487
2024-03-30T02:00Z,ES,20396
2024-03-30T03:00Z,ES,20582
2024-03-30T04:00Z,ES,21488
2024-03-30T05:00Z,ES,23068
2024-03-30T06:00Z,ES,24299
2024-03-30T07:00Z,ES,25063
2024-03-30T08:00Z,ES,25515
2024-03-30T09:00Z,ES,25573
2024-03-30T10:00Z,ES,25644
2024-03-30T11:00Z,ES,25401
2024-03-30T12:00Z,ES,25304
2024-03-30T13:00Z,ES,25052
2024-03-30T14:00Z,ES,25036
2024-03-30T15:00Z,ES,25320
2024-03-30T16:00Z,ES,25856
2024-03-30T17:00Z,ES,25963
2024-03-30T18:00Z,ES,25278
2024-03-30T19:00Z,ES,24601
2024-03-30T20:00Z,ES,23906
2024-03-30T21:00Z,ES,22946
2024-03-30T22:00Z,ES,21987
2024-03-30T23:00Z,ES,19245
2024-03-31T00:00Z,ES,18894
2024-03-31T01:00Z,ES,18499
2024-03-31T02:00Z,ES,18757
2024-03-31T03:00Z,ES,19639
2024-03-31T04:00Z,ES,21011
2024-03-31T05:00Z,ES,22393
2024-03-31T06:00Z,ES,22946
2024-03-31T07:00Z,ES,23273
2024-03-31T08:00Z,ES,23255
2024-03-31T09:00Z,ES,23276
2024-03-31T10:00Z,ES,23077
2024-03-31T11:00Z,ES,23000
2024-03-31T12:00Z,ES,22824
2024-03-31T13:00Z,ES,22825
2024-03-31T14:00Z,ES,23003
2024-03-31T15:00Z,ES,23443
2024-03-31T16:00Z,ES,23399
2024-03-31T17:00Z,ES,23000
2024-03-31T18:00Z,ES,22434
2024-03-31T19:00Z,ES,21778
2024-03-31T20:00Z,ES,20881
2024-03-31T21:00Z,ES,19956
2024-03-31T22:00Z,ES,22037
2024-03-31T23:00Z,ES,21206
2024-04-01T00:00Z,ES,20773
2024-04-01T01:00Z,ES,20572
2024-04-01T02:00Z,ES,21015
2024-04-01T03:00Z,ES,22726
2024-04-01T04:00Z,ES,25567
2024-04-01T05:00Z,ES,28185
2024-04-01T06:00Z,ES,29555
2024-04-01T07:00Z,ES,30094
2024-04-01T08:00Z,ES,30385
2024-04-01T09:00Z,ES,30318
2024-04-01T10:00Z,ES,30016
2024-04-01T11:00Z,ES,29767
2024-04-01T12:00Z,ES,29545
2024-04-01T13:00Z,ES,29347
2024-04-01T14:00Z,ES,29864
2024-04-01T15:00Z,ES,30787
2024-04-01T16:00Z,ES,31010
2024-04-01T17:00Z,ES,30025
2024-04-01T18:00Z,ES,28781
2024-04-01T19:00Z,ES,27336
2024-04-01T20:00Z,ES,25705
2024-04-01T21:00Z,ES,23806
2024-04-01T22:00Z,ES,22047
2024-04-01T23:00Z,ES,21273
2024-04-02T00:00Z,ES,20812
2024-04-02T01:00Z,ES,20640
2024-04-02T02:00Z,ES,21082
2024-04-02T03:00Z,ES,22760
2024-04-02T04:00Z,ES,25751
2024-04-02T05:00Z,ES,28374
2024-04-02T06:00Z,ES,29410
2024-04-02T07:00Z,ES,30034
2024-04-02T08:00Z,ES,30185
2024-04-02T09:00Z,ES,30231
2024-04-02T10:00Z,ES,30016
2024-04-02T11:00Z,ES,29785
2024-04-02T12:00Z,ES,29525
2024-04-02T13:00Z,ES,29446
2024-04-02T14:00Z,ES,29747
2024-04-02T15:00Z,ES,30874
2024-04-02T16:00Z,ES,30927
2024-04-02T17:00Z,ES,29968
2024-04-02T18:00Z,ES,28859
2024-04-02T19:00Z,ES,27499
2024-04-02T20:00Z,ES,25815
2024-04-02T21:00Z,ES,23891
2024-04-02T22:00Z,ES,22454
2024-04-02T23:00Z,ES,21598
2024-04-03T00:00Z,ES,21022
2024-04-03T01:00Z,ES,20925
2024-04-03T02:00Z,ES,21323
2024-04-03T03:00Z,ES,23014
2024-04-03T04:00Z,ES,25973
2024-04-03T05:00Z,ES,28655
2024-04-03T06:00Z,ES,29983
2024-04-03T07:00Z,ES,30617
2024-04-03T08:00Z,ES,30798
2024-04-03T09:00Z,ES,30693
2024-04-03T10:00Z,ES,30287
2024-04-03T11:00Z,ES,30119
2024-04-03T12:00Z,ES,29852
2024-04-03T13:00Z,ES,29748
2024-04-03T14:00Z,ES,30198
2024-04-03T15:00Z,ES,31069
2024-04-03T16:00Z,ES,31106
2024-04-03T17:00Z,ES,30208
2024-04-03T18:00Z,ES,29002
2024-04-03T19:00Z,ES,27774
2024-04-03T20:00Z,ES,26062
2024-04-03T21:00Z,ES,24058
2024-04-03T22:00Z,ES,22188
2024-04-03T23:00Z,ES,21418
2024-04-04T00:00Z,ES,20983
2024-04-04T01:00Z,ES,20859
2024-04-04T02:00Z,ES,21207
2024-04-04T03:00Z,ES,22840
2024-04-04T04:00Z,ES,25924
2024-04-04T05:00Z,ES,28612
2024-04-04T06:00Z,ES,29996
2024-04-04T07:00Z,ES,30476
2024-04-04T08:00Z,ES,30666
2024-04-04T09:00Z,ES,30588
2024-04-04T10:00Z,ES,30270
2024-04-04T11:00Z,ES,29910
2024-04-04T12:00Z,ES,29696
2024-04-04T13:00Z,ES,29639
2024-04-04T14:00Z,ES,30131
2024-04-04T15:00Z,ES,30918
2024-04-04T16:00Z,ES,31207
2024-04-04T17:00Z,ES,30249
2024-04-04T18:00Z,ES,29056
2024-04-04T19:00Z,ES,27700
2024-04-04T20:00Z,ES,25885
2024-04-04T21:00Z,ES,23972
2024-04-04T22:00Z,ES,22261
2024-04-04T23:00Z,ES,21412
2024-04-05T00:00Z,ES,21011
2024-04-05T01:00Z,ES,20821
2024-04-05T02:00Z,ES,21127
2024-04-05T03:00Z,ES,22913
2024-04-05T04:00Z,ES,25741
2024-04-05T05:00Z,ES,28313
2024-04-05T06:00Z,ES,29594
2024-04-05T07:00Z,ES,30153
2024-04-05T08:00Z,ES,30293
2024-04-05T09:00Z,ES,30261
2024-04-05T10:00Z,ES,30070
2024-04-05T11:00Z,ES,29919
2024-04-05T12:00Z,ES,29671
2024-04-05T13:00Z,ES,29578
2024-04-05T14:00Z,ES,29943
2024-04-05T15:00Z,ES,30888
2024-04-05T16:00Z,ES,31042
2024-04-05T17:00Z,ES,30064
2024-04-05T18:00Z,ES,28805
2024-04-05T19:00Z,ES,27504
2024-04-05T20:00Z,ES,25732
2024-04-05T21:00Z,ES,23872
2024-04-05T22:00Z,ES,21273
2024-04-05T23:00Z,ES,20877
2024-04-06T00:00Z,ES,20652
2024-04-06T01:00Z,ES,20634
2024-04-06T02:00Z,ES,20837
2024-04-06T03:00Z,ES,21769
2024-04-06T04:00Z,ES,23224
2024-04-06T05:00Z,ES,24608
2024-04-06T06:00Z,ES,25337
2024-04-06T07:00Z,ES,25673
2024-04-06T08:00Z,ES,25801
2024-04-06T09:00Z,ES,25765
2024-04-06T10:00Z,ES,25608
2024-04-06T11:00Z,ES,25364
2024-04-06T12:00Z,ES,25084
2024-04-06T13:00Z,ES,25138
2024-04-06T14:00Z,ES,25383
2024-04-06T15:00Z,ES,25768
2024-04-06T16:00Z,ES,25785
2024-04-06T17:00Z,ES,25320
2024-04-06T18:00Z,ES,24701
2024-04-06T19:00Z,ES,24044
2024-04-06T20:00Z,ES,23051
2024-04-06T21:00Z,ES,22081
2024-04-06T22:00Z,ES,19225
2024-04-06T23:00Z,ES,18795
2024-04-07T00:00Z,ES,18497
2024-04-07T01:00Z,ES,18500
2024-04-07T02:00Z,ES,18728
2024-04-07T03:00Z,ES,19510
2024-04-07T04:00Z,ES,20846
2024-04-07T05:00Z,ES,22132
2024-04-07T06:00Z,ES,22822
2024-04-07T07:00Z,ES,23133
2024-04-07T08:00Z,ES,23256
2024-04-07T09:00Z,ES,23234
2024-04-07T10:00Z,ES,23005
2024-04-07T11:00Z,ES,22919
2024-04-07T12:00Z,ES,22867
2024-04-07T13:00Z,ES,22801
2024-04-07T14:00Z,ES,22997
2024-04-07T15:00Z,ES,23336
2024-04-07T16:00Z,ES,23435
2024-04-07T17:00Z,ES,22953
2024-04-07T18:00Z,ES,22444
2024-04-07T19:00Z,ES,21800
2024-04-07T20:00Z,ES,21030
2024-04-07T21:00Z,ES,20093
2024-04-07T22:00Z,ES,22679
2024-04-07T23:00Z,ES,21881
2024-04-08T00:00Z,ES,21323
2024-04-08T01:00Z,ES,21201
2024-04-08T02:00Z,ES,21708
2024-04-08T03:00Z,ES,23396
2024-04-08T04:00Z,ES,26306
2024-04-08T05:00Z,ES,29099
2024-04-08T06:00Z,ES,30298
2024-04-08T07:00Z,ES,31054
2024-04-08T08:00Z,ES,31333
2024-04-08T09:00Z,ES,31228
2024-04-08T10:00Z,ES,30716
2024-04-08T11:00Z,ES,30397
2024-04-08T12:00Z,ES,30290
2024-04-08T13:00Z,ES,30038
2024-04-08T14:00Z,ES,30356
2024-04-08T15:00Z,ES,31396
2024-04-08T16:00Z,ES,31391
2024-04-08T17:00Z,ES,30737
2024-04-08T18:00Z,ES,29388
2024-04-08T19:00Z,ES,28119
2024-04-08T20:00Z,ES,26416
2024-04-08T21:00Z,ES,24313
2024-04-08T22:00Z,ES,22206
2024-04-08T23:00Z,ES,21528
2024-04-09T00:00Z,ES,21036
2024-04-09T01:00Z,ES,20988
2024-04-09T02:00Z,ES,21413
2024-04-09T03:00Z,ES,23145
2024-04-09T04:00Z,ES,26129
2024-04-09T05:00Z,ES,28713
2024-04-09T06:00Z,ES,30078
2024-04-09T07:00Z,ES,30768
2024-04-09T08:00Z,ES,30931
2024-04-09T09:00Z,ES,30894
2024-04-09T10:00Z,ES,30610
2024-04-09T11:00Z,ES,30342
2024-04-09T12:00Z,ES,30022
2024-04-09T13:00Z,ES,30024
2024-04-09T14:00Z,ES,30221
2024-04-09T15:00Z,ES,31173
2024-04-09T16:00Z,ES,31136
2024-04-09T17:00Z,ES,30243
2024-04-09T18:00Z,ES,28894
2024-04-09T19:00Z,ES,27818
2024-04-09T20:00Z,ES,26066
2024-04-09T21:00Z,ES,24131
2024-04-09T22:00Z,ES,22225
2024-04-09T23:00Z,ES,21394
2024-04-10T00:00Z,ES,20785
2024-04-10T01:00Z,ES,20575
2024-04-10T02:00Z,ES,20944
2024-04-10T03:00Z,ES,22513
2024-04-10T04:00Z,ES,25484
2024-04-10T05:00Z,ES,28260
2024-04-10T06:00Z,ES,29505
2024-04-10T07:00Z,ES,30162
2024-04-10T08:00Z,ES,30327
2024-04-10T09:00Z,ES,30397
2024-04-10T10:00Z,ES,30001
2024-04-10T11:00Z,ES,29767
2024-04-10T12:00Z,ES,29413
2024-04-10T13:00Z,ES,29242
2024-04-10T14:00Z,ES,29477
2024-04-10T15:00Z,ES,30089
2024-04-10T16:00Z,ES,30223
2024-04-10T17:00Z,ES,29370
2024-04-10T18:00Z,ES,28343
2024-04-10T19:00Z,ES,27090
2024-04-10T20:00Z,ES,25519
2024-04-10T21:00Z,ES,23472
2024-04-10T22:00Z,ES,21882
2024-04-10T23:00Z,ES,21053
2024-04-11T00:00Z,ES,20627
2024-04-11T01:00Z,ES,20506
2024-04-11T02:00Z,ES,20901
2024-04-11T03:00Z,ES,22551
2024-04-11T04:00Z,ES,25497
2024-04-11T05:00Z,ES,27986
2024-04-11T06:00Z,ES,29469
2024-04-11T07:00Z,ES,30092
2024-04-11T08:00Z,ES,30410
2024-04-11T09:00Z,ES,30261
2024-04-11T10:00Z,ES,29874
2024-04-11T11:00Z,ES,29590
2024-04-11T12:00Z,ES,29311
2024-04-11T13:00Z,ES,29196
2024-04-11T14:00Z,ES,29569
2024-04-11T15:00Z,ES,30192
2024-04-11T16:00Z,ES,30255
2024-04-11T17:00Z,ES,29530
2024-04-11T18:00Z,ES,28374
2024-04-11T19:00Z,ES,27149
2024-04-11T20:00Z,ES,25513
2024-04-11T21:00Z,ES,23691
2024-04-11T22:00Z,ES,22087
2024-04-11T23:00Z,ES,21314
2024-04-12T00:00Z,ES,20853
2024-04-12T01:00Z,ES,20700
2024-04-12T02:00Z,ES,21082
2024-04-12T03:00Z,ES,22826
2024-04-12T04:00Z,ES,25663
2024-04-12T05:00Z,ES,28371
2024-04-12T06:00Z,ES,29736
2024-04-12T07:00Z,ES,30331
2024-04-12T08:00Z,ES,30515
2024-04-12T09:00Z,ES,30421
2024-04-12T10:00Z,ES,30175
2024-04-12T11:00Z,ES,29779
2024-04-12T12:00Z,ES,29606
2024-04-12T13:00Z,ES,29497
2024-04-12T14:00Z,ES,29660
2024-04-12T15:00Z,ES,30557
2024-04-12T16:00Z,ES,30568
2024-04-12T17:00Z,ES,29704
2024-04-12T18:00Z,ES,28528
2024-04-12T19:00Z,ES,27250
2024-04-12T20:00Z,ES,25490
2024-04-12T21:00Z,ES,23525
2024-04-12T22:00Z,ES,21176
2024-04-12T23:00Z,ES,20714
2024-04-13T00:00Z,ES,20509
2024-04-13T01:00Z,ES,20416
2024-04-13T02:00Z,ES,20542
2024-04-13T03:00Z,ES,21222
2024-04-13T04:00Z,ES,22784
2024-04-13T05:00Z,ES,24156
2024-04-13T06:00Z,ES,24946
2024-04-13T07:00Z,ES,25346
2024-04-13T08:00Z,ES,25529
2024-04-13T09:00Z,ES,25588
2024-04-13T10:00Z,ES,25222
2024-04-13T11:00Z,ES,25136
2024-04-13T12:00Z,ES,25034
2024-04-13T13:00Z,ES,25055
2024-04-13T14:00Z,ES,25152
2024-04-13T15:00Z,ES,25503
2024-04-13T16:00Z,ES,25561
2024-04-13T17:00Z,ES,25159
2024-04-13T18:00Z,ES,24639
2024-04-13T19:00Z,ES,23955
2024-04-13T20:00Z,ES,23099
2024-04-13T21:00Z,ES,22076
2024-04-13T22:00Z,ES,19628
2024-04-13T23:00Z,ES,19194
2024-04-14T00:00Z,ES,18892
2024-04-14T01:00Z,ES,18825
2024-04-14T02:00Z,ES,19138
2024-04-14T03:00Z,ES,19917
2024-04-14T04:00Z,ES,21391
2024-04-14T05:00Z,ES,22696
2024-04-14T06:00Z,ES,23177
2024-04-14T07:00Z,ES,23407
2024-04-14T08:00Z,ES,23504
2024-04-14T09:00Z,ES,23493
2024-04-14T10:00Z,ES,23383
2024-04-14T11:00Z,ES,23309
2024-04-14T12:00Z,ES,23273
2024-04-14T13:00Z,ES,23087
2024-04-14T14:00Z,ES,23244
2024-04-14T15:00Z,ES,23588
2024-04-14T16:00Z,ES,23684
2024-04-14T17:00Z,ES,23326
2024-04-14T18:00Z,ES,22787
2024-04-14T19:00Z,ES,22153
2024-04-14T20:00Z,ES,21301
2024-04-14T21:00Z,ES,20352
2024-04-14T22:00Z,ES,22154
2024-04-14T23:00Z,ES,21336
2024-04-15T00:00Z,ES,20736
2024-04-15T01:00Z,ES,20671
2024-04-15T02:00Z,ES,21028
2024-04-15T03:00Z,ES,22669
2024-04-15T04:00Z,ES,25544
2024-04-15T05:00Z,ES,28171
2024-04-15T06:00Z,ES,29711
2024-04-15T07:00Z,ES,30370
2024-04-15T08:00Z,ES,30727
2024-04-15T09:00Z,ES,30744
2024-04-15T10:00Z,ES,30372
2024-04-15T11:00Z,ES,29934
2024-04-15T12:00Z,ES,29625
2024-04-15T13:00Z,ES,29492
2024-04-15T14:00Z,ES,29817
2024-04-15T15:00Z,ES,30257
2024-04-15T16:00Z,ES,30357
2024-04-15T17:00Z,ES,29580
2024-04-15T18:00Z,ES,28446
2024-04-15T19:00Z,ES,27187
2024-04-15T20:00Z,ES,25685
2024-04-15T21:00Z,ES,23645
2024-04-15T22:00Z,ES,21976
2024-04-15T23:00Z,ES,21259
2024-04-16T00:00Z,ES,20722
2024-04-16T01:00Z,ES,20568
2024-04-16T02:00Z,ES,21025
2024-04-16T03:00Z,ES,22746
2024-04-16T04:00Z,ES,25737
2024-04-16T05:00Z,ES,28396
2024-04-16T06:00Z,ES,29559
2024-04-16T07:00Z,ES,30358
2024-04-16T08:00Z,ES,30607
2024-04-16T09:00Z,ES,30566
2024-04-16T10:00Z,ES,30266
2024-04-16T11:00Z,ES,29938
2024-04-16T12:00Z,ES,29741
2024-04-16T13:00Z,ES,29520
2024-04-16T14:00Z,ES,29696
2024-04-16T15:00Z,ES,30344
2024-04-16T16:00Z,ES,30237
2024-04-16T17:00Z,ES,29594
2024-04-16T18:00Z,ES,28485
2024-04-16T19:00Z,ES,27341
2024-04-16T20:00Z,ES,25714
2024-04-16T21:00Z,ES,23777
2024-04-16T22:00Z,ES,22065
2024-04-16T23:00Z,ES,21274
2024-04-17T00:00Z,ES,20736
2024-04-17T01:00Z,ES,20596
2024-04-17T02:00Z,ES,20949
2024-04-17T03:00Z,ES,22631
2024-04-17T04:00Z,ES,25390
2024-04-17T05:00Z,ES,27958
2024-04-17T06:00Z,ES,29314
2024-04-17T07:00Z,ES,30146
2024-04-17T08:00Z,ES,30386
2024-04-17T09:00Z,ES,30526
2024-04-17T10:00Z,ES,30086
2024-04-17T11:00Z,ES,29751
2024-04-17T12:00Z,ES,29536
2024-04-17T13:00Z,ES,29430
2024-04-17T14:00Z,ES,29672
2024-04-17T15:00Z,ES,30379
2024-04-17T16:00Z,ES,30317
2024-04-17T17:00Z,ES,29509
2024-04-17T18:00Z,ES,28611
2024-04-17T19:00Z,ES,27341
2024-04-17T20:00Z,ES,25610
2024-04-17T21:00Z,ES,23672
2024-04-17T22:00Z,ES,22034
2024-04-17T23:00Z,ES,21145
2024-04-18T00:00Z,ES,20566
2024-04-18T01:00Z,ES,20476
2024-04-18T02:00Z,ES,20943
2024-04-18T03:00Z,ES,22653
2024-04-18T04:00Z,ES,25557
2024-04-18T05:00Z,ES,28170
2024-04-18T06:00Z,ES,29519
2024-04-18T07:00Z,ES,30290
2024-04-18T08:00Z,ES,30559
2024-04-18T09:00Z,ES,30750
2024-04-18T10:00Z,ES,30432
2024-04-18T11:00Z,ES,30276
2024-04-18T12:00Z,ES,30055
2024-04-18T13:00Z,ES,29876
2024-04-18T14:00Z,ES,30161
2024-04-18T15:00Z,ES,30652
2024-04-18T16:00Z,ES,30544
2024-04-18T17:00Z,ES,29681
2024-04-18T18:00Z,ES,28528
2024-04-18T19:00Z,ES,27344
2024-04-18T20:00Z,ES,25690
2024-04-18T21:00Z,ES,23677
2024-04-18T22:00Z,ES,22101
2024-04-18T23:00Z,ES,21283
2024-04-19T00:00Z,ES,20716
2024-04-19T01:00Z,ES,20498
2024-04-19T02:00Z,ES,20900
2024-04-19T03:00Z,ES,22556
2024-04-19T04:00Z,ES,25575
2024-04-19T05:00Z,ES,28188
2024-04-19T06:00Z,ES,29757
2024-04-19T07:00Z,ES,30357
2024-04-19T08:00Z,ES,30540
2024-04-19T09:00Z,ES,30720
2024-04-19T10:00Z,ES,30436
2024-04-19T11:00Z,ES,29996
2024-04-19T12:00Z,ES,29707
2024-04-19T13:00Z,ES,29637
2024-04-19T14:00Z,ES,29899
2024-04-19T15:00Z,ES,30487
2024-04-19T16:00Z,ES,30388
2024-04-19T17:00Z,ES,29395
2024-04-19T18:00Z,ES,28280
2024-04-19T19:00Z,ES,27173
2024-04-19T20:00Z,ES,25532
2024-04-19T21:00Z,ES,23623
2024-04-19T22:00Z,ES,21039
2024-04-19T23:00Z,ES,20753
2024-04-20T00:00Z,ES,20501
2024-04-20T01:00Z,ES,20315
2024-04-20T02:00Z,ES,20622
2024-04-20T03:00Z,ES,21447
2024-04-20T04:00Z,ES,22998
2024-04-20T05:00Z,ES,24399
2024-04-20T06:00Z,ES,25050
2024-04-20T07:00Z,ES,25461
2024-04-20T08:00Z,ES,25598
2024-04-20T09:00Z,ES,25559
2024-04-20T10:00Z,ES,25398
2024-04-20T11:00Z,ES,25145
2024-04-20T12:00Z,ES,24999
2024-04-20T13:00Z,ES,25005
2024-04-20T14:00Z,ES,25178
2024-04-20T15:00Z,ES,25441
2024-04-20T16:00Z,ES,25538
2024-04-20T17:00Z,ES,25255
2024-04-20T18:00Z,ES,24618
2024-04-20T19:00Z,ES,23891
2024-04-20T20:00Z,ES,23082
2024-04-20T21:00Z,ES,22091
2024-04-20T22:00Z,ES,19397
2024-04-20T23:00Z,ES,18995
2024-04-21T00:00Z,ES,18671
2024-04-21T01:00Z,ES,18626
2024-04-21T02:00Z,ES,18661
2024-04-21T03:00Z,ES,19405
2024-04-21T04:00Z,ES,20867
2024-04-21T05:00Z,ES,22042
2024-04-21T06:00Z,ES,22751
2024-04-21T07:00Z,ES,23081
2024-04-21T08:00Z,ES,23230
2024-04-21T09:00Z,ES,23245
2024-04-21T10:00Z,ES,23096
2024-04-21T11:00Z,ES,22910
2024-04-21T12:00Z,ES,22837
2024-04-21T13:00Z,ES,22851
2024-04-21T14:00Z,ES,23098
2024-04-21T15:00Z,ES,23308
2024-04-21T16:00Z,ES,23390
2024-04-21T17:00Z,ES,22992
2024-04-21T18:00Z,ES,22433
2024-04-21T19:00Z,ES,21797
2024-04-21T20:00Z,ES,20989
2024-04-21T21:00Z,ES,20053
2024-04-21T22:00Z,ES,22257
2024-04-21T23:00Z,ES,21382
2024-04-22T00:00Z,ES,20750
2024-04-22T01:00Z,ES,20694
2024-04-22T02:00Z,ES,21065
2024-04-22T03:00Z,ES,22693
2024-04-22T04:00Z,ES,25382
2024-04-22T05:00Z,ES,27906
2024-04-22T06:00Z,ES,29380
2024-04-22T07:00Z,ES,30208
2024-04-22T08:00Z,ES,30501
2024-04-22T09:00Z,ES,30559
2024-04-22T10:00Z,ES,30431
2024-04-22T11:00Z,ES,30294
2024-04-22T12:00Z,ES,30025
2024-04-22T13:00Z,ES,29877
2024-04-22T14:00Z,ES,29774
2024-04-22T15:00Z,ES,30358
2024-04-22T16:00Z,ES,30464
2024-04-22T17:00Z,ES,29598
2024-04-22T18:00Z,ES,28605
2024-04-22T19:00Z,ES,27402
2024-04-22T20:00Z,ES,25645
2024-04-22T21:00Z,ES,23766
2024-04-22T22:00Z,ES,22162
2024-04-22T23:00Z,ES,21411
2024-04-23T00:00Z,ES,20851
2024-04-23T01:00Z,ES,20603
2024-04-23T02:00Z,ES,21058
2024-04-23T03:00Z,ES,22705
2024-04-23T04:00Z,ES,25565
2024-04-23T05:00Z,ES,28072
2024-04-23T06:00Z,ES,29454
2024-04-23T07:00Z,ES,30152
2024-04-23T08:00Z,ES,30429
2024-04-23T09:00Z,ES,30583
2024-04-23T10:00Z,ES,30437
2024-04-23T11:00Z,ES,30187
2024-04-23T12:00Z,ES,30021
2024-04-23T13:00Z,ES,29754
2024-04-23T14:00Z,ES,29902
2024-04-23T15:00Z,ES,30490
2024-04-23T16:00Z,ES,30298
2024-04-23T17:00Z,ES,29362
2024-04-23T18:00Z,ES,28389
2024-04-23T19:00Z,ES,27380
2024-04-23T20:00Z,ES,25643
2024-04-23T21:00Z,ES,23608
2024-04-23T22:00Z,ES,22075
2024-04-23T23:00Z,ES,21377
2024-04-24T00:00Z,ES,20918
2024-04-24T01:00Z,ES,20763
2024-04-24T02:00Z,ES,21032
2024-04-24T03:00Z,ES,22518
2024-04-24T04:00Z,ES,25255
2024-04-24T05:00Z,ES,27692
2024-04-24T06:00Z,ES,29153
2024-04-24T07:00Z,ES,30017
2024-04-24T08:00Z,ES,30426
2024-04-24T09:00Z,ES,30580
2024-04-24T10:00Z,ES,30179
2024-04-24T11:00Z,ES,29891
2024-04-24T12:00Z,ES,29794
2024-04-24T13:00Z,ES,29642
2024-04-24T14:00Z,ES,29876
2024-04-24T15:00Z,ES,30323
2024-04-24T16:00Z,ES,30256
2024-04-24T17:00Z,ES,29475
2024-04-24T18:00Z,ES,28543
2024-04-24T19:00Z,ES,27266
2024-04-24T20:00Z,ES,25677
2024-04-24T21:00Z,ES,23807
2024-04-24T22:00Z,ES,22274
2024-04-24T23:00Z,ES,21490
2024-04-25T00:00Z,ES,20969
2024-04-25T01:00Z,ES,20811
2024-04-25T02:00Z,ES,21103
2024-04-25T03:00Z,ES,22778
2024-04-25T04:00Z,ES,25476
2024-04-25T05:00Z,ES,28066
2024-04-25T06:00Z,ES,29310
2024-04-25T07:00Z,ES,30121
2024-04-25T08:00Z,ES,30342
2024-04-25T09:00Z,ES,30262
2024-04-25T10:00Z,ES,30194
2024-04-25T11:00Z,ES,29763
2024-04-25T12:00Z,ES,29427
2024-04-25T13:00Z,ES,29252
2024-04-25T14:00Z,ES,29571
2024-04-25T15:00Z,ES,30137
2024-04-25T16:00Z,ES,30158
2024-04-25T17:00Z,ES,29613
2024-04-25T18:00Z,ES,28506
2024-04-25T19:00Z,ES,27386
2024-04-25T20:00Z,ES,25587
2024-04-25T21:00Z,ES,23739
2024-04-25T22:00Z,ES,22070
2024-04-25T23:00Z,ES,21257
2024-04-26T00:00Z,ES,20817
2024-04-26T01:00Z,ES,20640
2024-04-26T02:00Z,ES,20986
2024-04-26T03:00Z,ES,22582
2024-04-26T04:00Z,ES,25286
2024-04-26T05:00Z,ES,27843
2024-04-26T06:00Z,ES,29273
2024-04-26T07:00Z,ES,30103
2024-04-26T08:00Z,ES,30476
2024-04-26T09:00Z,ES,30345
2024-04-26T10:00Z,ES,30090
2024-04-26T11:00Z,ES,29974
2024-04-26T12:00Z,ES,29647
2024-04-26T13:00Z,ES,29461
2024-04-26T14:00Z,ES,29760
2024-04-26T15:00Z,ES,30201
2024-04-26T16:00Z,ES,30207
2024-04-26T17:00Z,ES,29406
2024-04-26T18:00Z,ES,28462
2024-04-26T19:00Z,ES,27353
2024-04-26T20:00Z,ES,25728
2024-04-26T21:00Z,ES,23769
2024-04-26T22:00Z,ES,21152
2024-04-26T23:00Z,ES,20741
2024-04-27T00:00Z,ES,20428
2024-04-27T01:00Z,ES,20343
2024-04-27T02:00Z,ES,20480
2024-04-27T03:00Z,ES,21326
2024-04-27T04:00Z,ES,22844
2024-04-27T05:00Z,ES,24130
2024-04-27T06:00Z,ES,24894
2024-04-27T07:00Z,ES,25452
2024-04-27T08:00Z,ES,25779
2024-04-27T09:00Z,ES,25766
2024-04-27T10:00Z,ES,25669
2024-04-27T11:00Z,ES,25445
2024-04-27T12:00Z,ES,25275
2024-04-27T13:00Z,ES,25142
2024-04-27T14:00Z,ES,25215
2024-04-27T15:00Z,ES,25650
2024-04-27T16:00Z,ES,25656
2024-04-27T17:00Z,ES,25173
2024-04-27T18:00Z,ES,24571
2024-04-27T19:00Z,ES,23991
2024-04-27T20:00Z,ES,23095
2024-04-27T21:00Z,ES,22050
2024-04-27T22:00Z,ES,19314
2024-04-27T23:00Z,ES,18850
2024-04-28T00:00Z,ES,18631
2024-04-28T01:00Z,ES,18525
2024-04-28T02:00Z,ES,18690
2024-04-28T03:00Z,ES,19412
2024-04-28T04:00Z,ES,20739
2024-04-28T05:00Z,ES,21948
2024-04-28T06:00Z,ES,22612
2024-04-28T07:00Z,ES,23052
2024-04-28T08:00Z,ES,23239
2024-04-28T09:00Z,ES,23245
2024-04-28T10:00Z,ES,23205
2024-04-28T11:00Z,ES,23000
2024-04-28T12:00Z,ES,22884
2024-04-28T13:00Z,ES,22768
2024-04-28T14:00Z,ES,22944
2024-04-28T15:00Z,ES,23312
2024-04-28T16:00Z,ES,23178
2024-04-28T17:00Z,ES,22759
2024-04-28T18:00Z,ES,22339
2024-04-28T19:00Z,ES,21791
2024-04-28T20:00Z,ES,21107
2024-04-28T21:00Z,ES,20155
2024-04-28T22:00Z,ES,22182
2024-04-28T23:00Z,ES,21402
2024-04-29T00:00Z,ES,20929
2024-04-29T01:00Z,ES,20708
2024-04-29T02:00Z,ES,21048
2024-04-29T03:00Z,ES,22601
2024-04-29T04:00Z,ES,25301
2024-04-29T05:00Z,ES,27890
2024-04-29T06:00Z,ES,29332
2024-04-29T07:00Z,ES,30117
2024-04-29T08:00Z,ES,30502
2024-04-29T09:00Z,ES,30590
2024-04-29T10:00Z,ES,30501
2024-04-29T11:00Z,ES,30220
2024-04-29T12:00Z,ES,29929
2024-04-29T13:00Z,ES,29759
2024-04-29T14:00Z,ES,29832
2024-04-29T15:00Z,ES,30229
2024-04-29T16:00Z,ES,30213
2024-04-29T17:00Z,ES,29547
2024-04-29T18:00Z,ES,28547
2024-04-29T19:00Z,ES,27443
2024-04-29T20:00Z,ES,25775
2024-04-29T21:00Z,ES,23841
2024-04-29T22:00Z,ES,22259
2024-04-29T23:00Z,ES,21457
2024-04-30T00:00Z,ES,20907
2024-04-30T01:00Z,ES,20712
2024-04-30T02:00Z,ES,21083
2024-04-30T03:00Z,ES,22675
2024-04-30T04:00Z,ES,25538
2024-04-30T05:00Z,ES,28161
2024-04-30T06:00Z,ES,29432
2024-04-30T07:00Z,ES,30215
2024-04-30T08:00Z,ES,30534
2024-04-30T09:00Z,ES,30473
2024-04-30T10:00Z,ES,30226
2024-04-30T11:00Z,ES,30141
2024-04-30T12:00Z,ES,29968
2024-04-30T13:00Z,ES,29610
2024-04-30T14:00Z,ES,29736
2024-04-30T15:00Z,ES,30180
2024-04-30T16:00Z,ES,30232
2024-04-30T17:00Z,ES,29497
2024-04-30T18:00Z,ES,28597
2024-04-30T19:00Z,ES,27396
2024-04-30T20:00Z,ES,25848
2024-04-30T21:00Z,ES,23922
2024-04-30T22:00Z,ES,19357
2024-04-30T23:00Z,ES,18859
2024-05-01T00:00Z,ES,18750
2024-05-01T01:00Z,ES,18602
2024-05-01T02:00Z,ES,18792
2024-05-01T03:00Z,ES,19622
2024-05-01T04:00Z,ES,20883
2024-05-01T05:00Z,ES,22230
2024-05-01T06:00Z,ES,22888
2024-05-01T07:00Z,ES,23405
2024-05-01T08:00Z,ES,23455
2024-05-01T09:00Z,ES,23407
2024-05-01T10:00Z,ES,23267
2024-05-01T11:00Z,ES,22966
2024-05-01T12:00Z,ES,22865
2024-05-01T13:00Z,ES,22853
2024-05-01T14:00Z,ES,22963
2024-05-01T15:00Z,ES,23258
2024-05-01T16:00Z,ES,23282
2024-05-01T17:00Z,ES,22773
2024-05-01T18:00Z,ES,22347
2024-05-01T19:00Z,ES,21741
2024-05-01T20:00Z,ES,20939
2024-05-01T21:00Z,ES,19991
2024-05-01T22:00Z,ES,22745
2024-05-01T23:00Z,ES,21912
2024-05-02T00:00Z,ES,21312
2024-05-02T01:00Z,ES,21165
2024-05-02T02:00Z,ES,21641
2024-05-02T03:00Z,ES,23212
2024-05-02T04:00Z,ES,25960
2024-05-02T05:00Z,ES,28700
2024-05-02T06:00Z,ES,30161
2024-05-02T07:00Z,ES,30904
2024-05-02T08:00Z,ES,31362
2024-05-02T09:00Z,ES,31425
2024-05-02T10:00Z,ES,31131
2024-05-02T11:00Z,ES,30868
2024-05-02T12:00Z,ES,30791
2024-05-02T13:00Z,ES,30738
2024-05-02T14:00Z,ES,30875
2024-05-02T15:00Z,ES,31201
2024-05-02T16:00Z,ES,30911
2024-05-02T17:00Z,ES,30329
2024-05-02T18:00Z,ES,29393
2024-05-02T19:00Z,ES,28317
2024-05-02T20:00Z,ES,26669
2024-05-02T21:00Z,ES,24740
2024-05-02T22:00Z,ES,22561
2024-05-02T23:00Z,ES,21663
2024-05-03T00:00Z,ES,21151
2024-05-03T01:00Z,ES,20851
2024-05-03T02:00Z,ES,21247
2024-05-03T03:00Z,ES,22908
2024-05-03T04:00Z,ES,25595
2024-05-03T05:00Z,ES,28243
2024-05-03T06:00Z,ES,29743
2024-05-03T07:00Z,ES,30375
2024-05-03T08:00Z,ES,30758
2024-05-03T09:00Z,ES,30979
2024-05-03T10:00Z,ES,30716
2024-05-03T11:00Z,ES,30524
2024-05-03T12:00Z,ES,30350
2024-05-03T13:00Z,ES,30067
2024-05-03T14:00Z,ES,30171
2024-05-03T15:00Z,ES,30582
2024-05-03T16:00Z,ES,30440
2024-05-03T17:00Z,ES,29728
2024-05-03T18:00Z,ES,28818
2024-05-03T19:00Z,ES,27701
2024-05-03T20:00Z,ES,26178
2024-05-03T21:00Z,ES,24286
2024-05-03T22:00Z,ES,22528
2024-05-03T23:00Z,ES,22095
2024-05-04T00:00Z,ES,21736
2024-05-04T01:00Z,ES,21713
2024-05-04T02:00Z,ES,21847
2024-05-04T03:00Z,ES,22690
2024-05-04T04:00Z,ES,24290
2024-05-04T05:00Z,ES,25684
2024-05-04T06:00Z,ES,26408
2024-05-04T07:00Z,ES,26851
2024-05-04T08:00Z,ES,27077
2024-05-04T09:00Z,ES,27207
2024-05-04T10:00Z,ES,27142
2024-05-04T11:00Z,ES,26866
2024-05-04T12:00Z,ES,26709
2024-05-04T13:00Z,ES,26629
2024-05-04T14:00Z,ES,26688
2024-05-04T15:00Z,ES,26928
2024-05-04T16:00Z,ES,26770
2024-05-04T17:00Z,ES,26498
2024-05-04T18:00Z,ES,25858
2024-05-04T19:00Z,ES,25190
2024-05-04T20:00Z,ES,24303
2024-05-04T21:00Z,ES,23193
2024-05-04T22:00Z,ES,19527
2024-05-04T23:00Z,ES,19225
2024-05-05T00:00Z,ES,19034
2024-05-05T01:00Z,ES,18940
2024-05-05T02:00Z,ES,19199
2024-05-05T03:00Z,ES,19842
2024-05-05T04:00Z,ES,21028
2024-05-05T05:00Z,ES,22277
2024-05-05T06:00Z,ES,22943
2024-05-05T07:00Z,ES,23279
2024-05-05T08:00Z,ES,23456
2024-05-05T09:00Z,ES,23496
2024-05-05T10:00Z,ES,23365
2024-05-05T11:00Z,ES,23396
2024-05-05T12:00Z,ES,23212
2024-05-05T13:00Z,ES,23240
2024-05-05T14:00Z,ES,23316
2024-05-05T15:00Z,ES,23494
2024-05-05T16:00Z,ES,23480
2024-05-05T17:00Z,ES,23126
2024-05-05T18:00Z,ES,22599
2024-05-05T19:00Z,ES,22075
2024-05-05T20:00Z,ES,21322
2024-05-05T21:00Z,ES,20473
2024-05-05T22:00Z,ES,22249
2024-05-05T23:00Z,ES,21464
2024-05-06T00:00Z,ES,20984
2024-05-06T01:00Z,ES,20882
2024-05-06T02:00Z,ES,21193
2024-05-06T03:00Z,ES,22769
2024-05-06T04:00Z,ES,25495
2024-05-06T05:00Z,ES,28072
2024-05-06T06:00Z,ES,29451
2024-05-06T07:00Z,ES,30319
2024-05-06T08:00Z,ES,30677
2024-05-06T09:00Z,ES,30653
2024-05-06T10:00Z,ES,30513
2024-05-06T11:00Z,ES,30314
2024-05-06T12:00Z,ES,29828
2024-05-06T13:00Z,ES,29708
2024-05-06T14:00Z,ES,29898
2024-05-06T15:00Z,ES,30146
2024-05-06T16:00Z,ES,30027
2024-05-06T17:00Z,ES,29215
2024-05-06T18:00Z,ES,28276
2024-05-06T19:00Z,ES,27331
2024-05-06T20:00Z,ES,25782
2024-05-06T21:00Z,ES,23841
2024-05-06T22:00Z,ES,23951
2024-05-06T23:00Z,ES,23007
2024-05-07T00:00Z,ES,22513
2024-05-07T01:00Z,ES,22250
2024-05-07T02:00Z,ES,22663
2024-05-07T03:00Z,ES,24372
2024-05-07T04:00Z,ES,27229
2024-05-07T05:00Z,ES,29879
2024-05-07T06:00Z,ES,31452
2024-05-07T07:00Z,ES,32362
2024-05-07T08:00Z,ES,32686
2024-05-07T09:00Z,ES,32919
2024-05-07T10:00Z,ES,32711
2024-05-07T11:00Z,ES,32531
2024-05-07T12:00Z,ES,32199
2024-05-07T13:00Z,ES,31979
2024-05-07T14:00Z,ES,31989
2024-05-07T15:00Z,ES,32334
2024-05-07T16:00Z,ES,32245
2024-05-07T17:00Z,ES,31466
2024-05-07T18:00Z,ES,30579
2024-05-07T19:00Z,ES,29260
2024-05-07T20:00Z,ES,27772
2024-05-07T21:00Z,ES,25598
2024-05-07T22:00Z,ES,23814
2024-05-07T23:00Z,ES,22932
2024-05-08T00:00Z,ES,22344
2024-05-08T01:00Z,ES,22061
2024-05-08T02:00Z,ES,22378
2024-05-08T03:00Z,ES,23873
2024-05-08T04:00Z,ES,26966
2024-05-08T05:00Z,ES,29749
2024-05-08T06:00Z,ES,31278
2024-05-08T07:00Z,ES,32170
2024-05-08T08:00Z,ES,32557
2024-05-08T09:00Z,ES,32680
2024-05-08T10:00Z,ES,32652
2024-05-08T11:00Z,ES,32401
2024-05-08T12:00Z,ES,32046
2024-05-08T13:00Z,ES,31693
2024-05-08T14:00Z,ES,31932
2024-05-08T15:00Z,ES,32260
2024-05-08T16:00Z,ES,32202
2024-05-08T17:00Z,ES,31438
2024-05-08T18:00Z,ES,30325
2024-05-08T19:00Z,ES,29195
2024-05-08T20:00Z,ES,27685
2024-05-08T21:00Z,ES,25584
2024-05-08T22:00Z,ES,25187
2024-05-08T23:00Z,ES,24353
2024-05-09T00:00Z,ES,23781
2024-05-09T01:00Z,ES,23590
2024-05-09T02:00Z,ES,23868
2024-05-09T03:00Z,ES,25632
2024-05-09T04:00Z,ES,28782
2024-05-09T05:00Z,ES,31736
2024-05-09T06:00Z,ES,33349
2024-05-09T07:00Z,ES,34401
2024-05-09T08:00Z,ES,34786
2024-05-09T09:00Z,ES,35169
2024-05-09T10:00Z,ES,34754
2024-05-09T11:00Z,ES,34461
2024-05-09T12:00Z,ES,34095
2024-05-09T13:00Z,ES,34045
2024-05-09T14:00Z,ES,34055
2024-05-09T15:00Z,ES,34454
2024-05-09T16:00Z,ES,34267
2024-05-09T17:00Z,ES,33626
2024-05-09T18:00Z,ES,32514
2024-05-09T19:00Z,ES,31413
2024-05-09T20:00Z,ES,29571
2024-05-09T21:00Z,ES,27451
2024-05-09T22:00Z,ES,23605
2024-05-09T23:00Z,ES,22779
2024-05-10T00:00Z,ES,22168
2024-05-10T01:00Z,ES,21904
2024-05-10T02:00Z,ES,22303
2024-05-10T03:00Z,ES,24016
2024-05-10T04:00Z,ES,26848
2024-05-10T05:00Z,ES,29214
2024-05-10T06:00Z,ES,30850
2024-05-10T07:00Z,ES,31780
2024-05-10T08:00Z,ES,32253
2024-05-10T09:00Z,ES,32224
2024-05-10T10:00Z,ES,31963
2024-05-10T11:00Z,ES,31819
2024-05-10T12:00Z,ES,31322
2024-05-10T13:00Z,ES,31208
2024-05-10T14:00Z,ES,31078
2024-05-10T15:00Z,ES,31377
2024-05-10T16:00Z,ES,31196
2024-05-10T17:00Z,ES,30490
2024-05-10T18:00Z,ES,29636
2024-05-10T19:00Z,ES,28722
2024-05-10T20:00Z,ES,27135
2024-05-10T21:00Z,ES,25086
2024-05-10T22:00Z,ES,21925
2024-05-10T23:00Z,ES,21363
2024-05-11T00:00Z,ES,21146
2024-05-11T01:00Z,ES,21212
2024-05-11T02:00Z,ES,21390
2024-05-11T03:00Z,ES,22211
2024-05-11T04:00Z,ES,23701
2024-05-11T05:00Z,ES,25232
2024-05-11T06:00Z,ES,25980
2024-05-11T07:00Z,ES,26500
2024-05-11T08:00Z,ES,26724
2024-05-11T09:00Z,ES,26711
2024-05-11T10:00Z,ES,26516
2024-05-11T11:00Z,ES,26286
2024-05-11T12:00Z,ES,26065
2024-05-11T13:00Z,ES,26011
2024-05-11T14:00Z,ES,26059
2024-05-11T15:00Z,ES,26292
2024-05-11T16:00Z,ES,26337
2024-05-11T17:00Z,ES,25980
2024-05-11T18:00Z,ES,25429
2024-05-11T19:00Z,ES,24884
2024-05-11T20:00Z,ES,24026
2024-05-11T21:00Z,ES,23021
2024-05-11T22:00Z,ES,19433
2024-05-11T23:00Z,ES,19007
2024-05-12T00:00Z,ES,18781
2024-05-12T01:00Z,ES,18610
2024-05-12T02:00Z,ES,18832
2024-05-12T03:00Z,ES,19593
2024-05-12T04:00Z,ES,20829
2024-05-12T05:00Z,ES,21999
2024-05-12T06:00Z,ES,22660
2024-05-12T07:00Z,ES,22973
2024-05-12T08:00Z,ES,23173
2024-05-12T09:00Z,ES,23388
2024-05-12T10:00Z,ES,23293
2024-05-12T11:00Z,ES,23149
2024-05-12T12:00Z,ES,23040
2024-05-12T13:00Z,ES,23027
2024-05-12T14:00Z,ES,22999
2024-05-12T15:00Z,ES,23226
2024-05-12T16:00Z,ES,23149
2024-05-12T17:00Z,ES,22787
2024-05-12T18:00Z,ES,22293
2024-05-12T19:00Z,ES,21815
2024-05-12T20:00Z,ES,20962
2024-05-12T21:00Z,ES,20160
2024-05-12T22:00Z,ES,23465
2024-05-12T23:00Z,ES,22459
2024-05-13T00:00Z,ES,21944
2024-05-13T01:00Z,ES,21666
2024-05-13T02:00Z,ES,21993
2024-05-13T03:00Z,ES,23523
2024-05-13T04:00Z,ES,26207
2024-05-13T05:00Z,ES,28878
2024-05-13T06:00Z,ES,30534
2024-05-13T07:00Z,ES,31302
2024-05-13T08:00Z,ES,31683
2024-05-13T09:00Z,ES,31817
2024-05-13T10:00Z,ES,31685
2024-05-13T11:00Z,ES,31255
2024-05-13T12:00Z,ES,30972
2024-05-13T13:00Z,ES,30762
2024-05-13T14:00Z,ES,30883
2024-05-13T15:00Z,ES,31293
2024-05-13T16:00Z,ES,31258
2024-05-13T17:00Z,ES,30549
2024-05-13T18:00Z,ES,29498
2024-05-13T19:00Z,ES,28370
2024-05-13T20:00Z,ES,26776
2024-05-13T21:00Z,ES,24892
2024-05-13T22:00Z,ES,24093
2024-05-13T23:00Z,ES,23089
2024-05-14T00:00Z,ES,22579
2024-05-14T01:00Z,ES,22410
2024-05-14T02:00Z,ES,22574
2024-05-14T03:00Z,ES,24197
2024-05-14T04:00Z,ES,27113
2024-05-14T05:00Z,ES,29749
2024-05-14T06:00Z,ES,31420
2024-05-14T07:00Z,ES,32535
2024-05-14T08:00Z,ES,33017
2024-05-14T09:00Z,ES,33145
2024-05-14T10:00Z,ES,32918
2024-05-14T11:00Z,ES,32767
2024-05-14T12:00Z,ES,32685
2024-05-14T13:00Z,ES,32531
2024-05-14T14:00Z,ES,32535
2024-05-14T15:00Z,ES,32563
2024-05-14T16:00Z,ES,32410
2024-05-14T17:00Z,ES,31618
2024-05-14T18:00Z,ES,30650
2024-05-14T19:00Z,ES,29493
2024-05-14T20:00Z,ES,28001
2024-05-14T21:00Z,ES,26022
2024-05-14T22:00Z,ES,25414
2024-05-14T23:00Z,ES,24538
2024-05-15T00:00Z,ES,23782
2024-05-15T01:00Z,ES,23580
2024-05-15T02:00Z,ES,23954
2024-05-15T03:00Z,ES,25586
2024-05-15T04:00Z,ES,28658
2024-05-15T05:00Z,ES,31655
2024-05-15T06:00Z,ES,33327
2024-05-15T07:00Z,ES,34379
2024-05-15T08:00Z,ES,34961
2024-05-15T09:00Z,ES,35054
2024-05-15T10:00Z,ES,34937
2024-05-15T11:00Z,ES,34556
2024-05-15T12:00Z,ES,34260
2024-05-15T13:00Z,ES,33877
2024-05-15T14:00Z,ES,33814
2024-05-15T15:00Z,ES,34098
2024-05-15T16:00Z,ES,33791
2024-05-15T17:00Z,ES,32849
2024-05-15T18:00Z,ES,31944
2024-05-15T19:00Z,ES,30748
2024-05-15T20:00Z,ES,29122
2024-05-15T21:00Z,ES,27167
2024-05-15T22:00Z,ES,23501
2024-05-15T23:00Z,ES,22540
2024-05-16T00:00Z,ES,21908
2024-05-16T01:00Z,ES,21736
2024-05-16T02:00Z,ES,22166
2024-05-16T03:00Z,ES,23751
2024-05-16T04:00Z,ES,26452
2024-05-16T05:00Z,ES,29028
2024-05-16T06:00Z,ES,30807
2024-05-16T07:00Z,ES,31782
2024-05-16T08:00Z,ES,32221
2024-05-16T09:00Z,ES,32388
2024-05-16T10:00Z,ES,32375
2024-05-16T11:00Z,ES,32015
2024-05-16T12:00Z,ES,31777
2024-05-16T13:00Z,ES,31510
2024-05-16T14:00Z,ES,31546
2024-05-16T15:00Z,ES,31942
2024-05-16T16:00Z,ES,31734
2024-05-16T17:00Z,ES,30955
2024-05-16T18:00Z,ES,30027
2024-05-16T19:00Z,ES,28845
2024-05-16T20:00Z,ES,27064
2024-05-16T21:00Z,ES,25035
2024-05-16T22:00Z,ES,25261
2024-05-16T23:00Z,ES,24357
2024-05-17T00:00Z,ES,23779
2024-05-17T01:00Z,ES,23504
2024-05-17T02:00Z,ES,23928
2024-05-17T03:00Z,ES,25650
2024-05-17T04:00Z,ES,28749
2024-05-17T05:00Z,ES,31533
2024-05-17T06:00Z,ES,33190
2024-05-17T07:00Z,ES,34325
2024-05-17T08:00Z,ES,34813
2024-05-17T09:00Z,ES,34997
2024-05-17T10:00Z,ES,34743
2024-05-17T11:00Z,ES,34465
2024-05-17T12:00Z,ES,34085
2024-05-17T13:00Z,ES,33836
2024-05-17T14:00Z,ES,33771
2024-05-17T15:00Z,ES,34061
2024-05-17T16:00Z,ES,33873
2024-05-17T17:00Z,ES,33205
2024-05-17T18:00Z,ES,32263
2024-05-17T19:00Z,ES,31122
2024-05-17T20:00Z,ES,29381
2024-05-17T21:00Z,ES,27077
2024-05-17T22:00Z,ES,22480
2024-05-17T23:00Z,ES,22170
2024-05-18T00:00Z,ES,21834
2024-05-18T01:00Z,ES,21743
2024-05-18T02:00Z,ES,21771
2024-05-18T03:00Z,ES,22607
2024-05-18T04:00Z,ES,24115
2024-05-18T05:00Z,ES,25473
2024-05-18T06:00Z,ES,26532
2024-05-18T07:00Z,ES,27023
2024-05-18T08:00Z,ES,27125
2024-05-18T09:00Z,ES,27190
2024-05-18T10:00Z,ES,27031
2024-05-18T11:00Z,ES,26792
2024-05-18T12:00Z,ES,26520
2024-05-18T13:00Z,ES,26504
2024-05-18T14:00Z,ES,26642
2024-05-18T15:00Z,ES,26759
2024-05-18T16:00Z,ES,26709
2024-05-18T17:00Z,ES,26397
2024-05-18T18:00Z,ES,25940
2024-05-18T19:00Z,ES,25383
2024-05-18T20:00Z,ES,24624
2024-05-18T21:00Z,ES,23608
2024-05-18T22:00Z,ES,20527
2024-05-18T23:00Z,ES,20092
2024-05-19T00:00Z,ES,19795
2024-05-19T01:00Z,ES,19647
2024-05-19T02:00Z,ES,19840
2024-05-19T03:00Z,ES,20547
2024-05-19T04:00Z,ES,21713
2024-05-19T05:00Z,ES,22970
2024-05-19T06:00Z,ES,23749
2024-05-19T07:00Z,ES,24244
2024-05-19T08:00Z,ES,24509
2024-05-19T09:00Z,ES,24507
2024-05-19T10:00Z,ES,24396
2024-05-19T11:00Z,ES,24220
2024-05-19T12:00Z,ES,24067
2024-05-19T13:00Z,ES,24048
2024-05-19T14:00Z,ES,23932
2024-05-19T15:00Z,ES,24058
2024-05-19T16:00Z,ES,24001
2024-05-19T17:00Z,ES,23625
2024-05-19T18:00Z,ES,23281
2024-05-19T19:00Z,ES,22872
2024-05-19T20:00Z,ES,22027
2024-05-19T21:00Z,ES,21038
2024-05-19T22:00Z,ES,24859
2024-05-19T23:00Z,ES,23935
2024-05-20T00:00Z,ES,23214
2024-05-20T01:00Z,ES,23128
2024-05-20T02:00Z,ES,23382
2024-05-20T03:00Z,ES,25114
2024-05-20T04:00Z,ES,27953
2024-05-20T05:00Z,ES,30854
2024-05-20T06:00Z,ES,32599
2024-05-20T07:00Z,ES,33686
2024-05-20T08:00Z,ES,33979
2024-05-20T09:00Z,ES,34031
2024-05-20T10:00Z,ES,33955
2024-05-20T11:00Z,ES,33669
2024-05-20T12:00Z,ES,33343
2024-05-20T13:00Z,ES,33185
2024-05-20T14:00Z,ES,33126
2024-05-20T15:00Z,ES,33369
2024-05-20T16:00Z,ES,33280
2024-05-20T17:00Z,ES,32548
2024-05-20T18:00Z,ES,31904
2024-05-20T19:00Z,ES,30634
2024-05-20T20:00Z,ES,28992
2024-05-20T21:00Z,ES,26839
2024-05-20T22:00Z,ES,24199
2024-05-20T23:00Z,ES,23165
2024-05-21T00:00Z,ES,22676
2024-05-21T01:00Z,ES,22387
2024-05-21T02:00Z,ES,22706
2024-05-21T03:00Z,ES,24210
2024-05-21T04:00Z,ES,27178
2024-05-21T05:00Z,ES,30145
2024-05-21T06:00Z,ES,31732
2024-05-21T07:00Z,ES,32585
2024-05-21T08:00Z,ES,33084
2024-05-21T09:00Z,ES,33119
2024-05-21T10:00Z,ES,33020
2024-05-21T11:00Z,ES,32940
2024-05-21T12:00Z,ES,32559
2024-05-21T13:00Z,ES,32327
2024-05-21T14:00Z,ES,32090
2024-05-21T15:00Z,ES,32255
2024-05-21T16:00Z,ES,32100
2024-05-21T17:00Z,ES,31385
2024-05-21T18:00Z,ES,30601
2024-05-21T19:00Z,ES,29636
2024-05-21T20:00Z,ES,27914
2024-05-21T21:00Z,ES,25832
2024-05-21T22:00Z,ES,24144
2024-05-21T23:00Z,ES,23323
2024-05-22T00:00Z,ES,22764
2024-05-22T01:00Z,ES,22578
2024-05-22T02:00Z,ES,22798
2024-05-22T03:00Z,ES,24245
2024-05-22T04:00Z,ES,27290
2024-05-22T05:00Z,ES,30046
2024-05-22T06:00Z,ES,31626
2024-05-22T07:00Z,ES,32666
2024-05-22T08:00Z,ES,33077
2024-05-22T09:00Z,ES,33071
2024-05-22T10:00Z,ES,33059
2024-05-22T11:00Z,ES,32694
2024-05-22T12:00Z,ES,32226
2024-05-22T13:00Z,ES,31932
2024-05-22T14:00Z,ES,31795
2024-05-22T15:00Z,ES,31975
2024-05-22T16:00Z,ES,31951
2024-05-22T17:00Z,ES,31083
2024-05-22T18:00Z,ES,30186
2024-05-22T19:00Z,ES,29167
2024-05-22T20:00Z,ES,27664
2024-05-22T21:00Z,ES,25683
2024-05-22T22:00Z,ES,24830
2024-05-22T23:00Z,ES,23886
2024-05-23T00:00Z,ES,23236
2024-05-23T01:00Z,ES,22959
2024-05-23T02:00Z,ES,23366
2024-05-23T03:00Z,ES,24999
2024-05-23T04:00Z,ES,27823
2024-05-23T05:00Z,ES,30731
2024-05-23T06:00Z,ES,32473
2024-05-23T07:00Z,ES,33598
2024-05-23T08:00Z,ES,34108
2024-05-23T09:00Z,ES,34156
2024-05-23T10:00Z,ES,34041
2024-05-23T11:00Z,ES,33758
2024-05-23T12:00Z,ES,33510
2024-05-23T13:00Z,ES,33306
2024-05-23T14:00Z,ES,33210
2024-05-23T15:00Z,ES,33389
2024-05-23T16:00Z,ES,33261
2024-05-23T17:00Z,ES,32497
2024-05-23T18:00Z,ES,31635
2024-05-23T19:00Z,ES,30524
2024-05-23T20:00Z,ES,28708
2024-05-23T21:00Z,ES,26545
2024-05-23T22:00Z,ES,23684
2024-05-23T23:00Z,ES,22690
2024-05-24T00:00Z,ES,22245
2024-05-24T01:00Z,ES,21995
2024-05-24T02:00Z,ES,22428
2024-05-24T03:00Z,ES,24133
2024-05-24T04:00Z,ES,27011
2024-05-24T05:00Z,ES,29709
2024-05-24T06:00Z,ES,31379
2024-05-24T07:00Z,ES,32405
2024-05-24T08:00Z,ES,32779
2024-05-24T09:00Z,ES,33003
2024-05-24T10:00Z,ES,32923
2024-05-24T11:00Z,ES,32566
2024-05-24T12:00Z,ES,32242
2024-05-24T13:00Z,ES,31939
2024-05-24T14:00Z,ES,31968
2024-05-24T15:00Z,ES,31978
2024-05-24T16:00Z,ES,31548
2024-05-24T17:00Z,ES,30844
2024-05-24T18:00Z,ES,29955
2024-05-24T19:00Z,ES,28908
2024-05-24T20:00Z,ES,27366
2024-05-24T21:00Z,ES,25466
2024-05-24T22:00Z,ES,21558
2024-05-24T23:00Z,ES,21135
2024-05-25T00:00Z,ES,20907
2024-05-25T01:00Z,ES,20848
2024-05-25T02:00Z,ES,21028
2024-05-25T03:00Z,ES,21809
2024-05-25T04:00Z,ES,23329
2024-05-25T05:00Z,ES,24764
2024-05-25T06:00Z,ES,25460
2024-05-25T07:00Z,ES,26010
2024-05-25T08:00Z,ES,26187
2024-05-25T09:00Z,ES,26215
2024-05-25T10:00Z,ES,26189
2024-05-25T11:00Z,ES,26124
2024-05-25T12:00Z,ES,25965
2024-05-25T13:00Z,ES,25886
2024-05-25T14:00Z,ES,25834
2024-05-25T15:00Z,ES,25927
2024-05-25T16:00Z,ES,25820
2024-05-25T17:00Z,ES,25448
2024-05-25T18:00Z,ES,24927
2024-05-25T19:00Z,ES,24387
2024-05-25T20:00Z,ES,23610
2024-05-25T21:00Z,ES,22593
2024-05-25T22:00Z,ES,21023
2024-05-25T23:00Z,ES,20545
2024-05-26T00:00Z,ES,20228
2024-05-26T01:00Z,ES,20090
2024-05-26T02:00Z,ES,20306
2024-05-26T03:00Z,ES,21116
2024-05-26T04:00Z,ES,22355
2024-05-26T05:00Z,ES,23630
2024-05-26T06:00Z,ES,24584
2024-05-26T07:00Z,ES,25059
2024-05-26T08:00Z,ES,25244
2024-05-26T09:00Z,ES,25287
2024-05-26T10:00Z,ES,25249
2024-05-26T11:00Z,ES,25073
2024-05-26T12:00Z,ES,24952
2024-05-26T13:00Z,ES,24867
2024-05-26T14:00Z,ES,24920
2024-05-26T15:00Z,ES,25031
2024-05-26T16:00Z,ES,24886
2024-05-26T17:00Z,ES,24568
2024-05-26T18:00Z,ES,24054
2024-05-26T19:00Z,ES,23516
2024-05-26T20:00Z,ES,22783
2024-05-26T21:00Z,ES,21887
2024-05-26T22:00Z,ES,26963
2024-05-26T23:00Z,ES,25957
2024-05-27T00:00Z,ES,25266
2024-05-27T01:00Z,ES,24934
2024-05-27T02:00Z,ES,25372
2024-05-27T03:00Z,ES,27225
2024-05-27T04:00Z,ES,30339
2024-05-27T05:00Z,ES,33562
2024-05-27T06:00Z,ES,35217
2024-05-27T07:00Z,ES,36366
2024-05-27T08:00Z,ES,37019
2024-05-27T09:00Z,ES,37367
2024-05-27T10:00Z,ES,37348
2024-05-27T11:00Z,ES,36896
2024-05-27T12:00Z,ES,36710
2024-05-27T13:00Z,ES,36245
2024-05-27T14:00Z,ES,36014
2024-05-27T15:00Z,ES,36100
2024-05-27T16:00Z,ES,35764
2024-05-27T17:00Z,ES,35205
2024-05-27T18:00Z,ES,34209
2024-05-27T19:00Z,ES,33369
2024-05-27T20:00Z,ES,31500
2024-05-27T21:00Z,ES,29189
2024-05-27T22:00Z,ES,25877
2024-05-27T23:00Z,ES,24944
2024-05-28T00:00Z,ES,24342
2024-05-28T01:00Z,ES,24036
2024-05-28T02:00Z,ES,24428
2024-05-28T03:00Z,ES,26100
2024-05-28T04:00Z,ES,29200
2024-05-28T05:00Z,ES,32101
2024-05-28T06:00Z,ES,33825
2024-05-28T07:00Z,ES,34995
2024-05-28T08:00Z,ES,35433
2024-05-28T09:00Z,ES,35602
2024-05-28T10:00Z,ES,35543
2024-05-28T11:00Z,ES,35316
2024-05-28T12:00Z,ES,34958
2024-05-28T13:00Z,ES,34716
2024-05-28T14:00Z,ES,34396
2024-05-28T15:00Z,ES,34463
2024-05-28T16:00Z,ES,34314
2024-05-28T17:00Z,ES,33547
2024-05-28T18:00Z,ES,32818
2024-05-28T19:00Z,ES,31659
2024-05-28T20:00Z,ES,29959
2024-05-28T21:00Z,ES,27686
2024-05-28T22:00Z,ES,24929
2024-05-28T23:00Z,ES,24031
2024-05-29T00:00Z,ES,23489
2024-05-29T01:00Z,ES,23319
2024-05-29T02:00Z,ES,23681
2024-05-29T03:00Z,ES,25318
2024-05-29T04:00Z,ES,28341
2024-05-29T05:00Z,ES,31127
2024-05-29T06:00Z,ES,32816
2024-05-29T07:00Z,ES,33837
2024-05-29T08:00Z,ES,34246
2024-05-29T09:00Z,ES,34574
2024-05-29T10:00Z,ES,34182
2024-05-29T11:00Z,ES,33919
2024-05-29T12:00Z,ES,33663
2024-05-29T13:00Z,ES,33290
2024-05-29T14:00Z,ES,33217
2024-05-29T15:00Z,ES,33333
2024-05-29T16:00Z,ES,33022
2024-05-29T17:00Z,ES,32271
2024-05-29T18:00Z,ES,31365
2024-05-29T19:00Z,ES,30415
2024-05-29T20:00Z,ES,28826
2024-05-29T21:00Z,ES,26704
2024-05-29T22:00Z,ES,24202
2024-05-29T23:00Z,ES,23284
2024-05-30T00:00Z,ES,22856
2024-05-30T01:00Z,ES,22582
2024-05-30T02:00Z,ES,22960
2024-05-30T03:00Z,ES,24601
2024-05-30T04:00Z,ES,27525
2024-05-30T05:00Z,ES,30350
2024-05-30T06:00Z,ES,32137
2024-05-30T07:00Z,ES,33309
2024-05-30T08:00Z,ES,33581
2024-05-30T09:00Z,ES,33833
2024-05-30T10:00Z,ES,33658
2024-05-30T11:00Z,ES,33230
2024-05-30T12:00Z,ES,32933
2024-05-30T13:00Z,ES,32740
2024-05-30T14:00Z,ES,32571
2024-05-30T15:00Z,ES,32478
2024-05-30T16:00Z,ES,32321
2024-05-30T17:00Z,ES,31745
2024-05-30T18:00Z,ES,30846
2024-05-30T19:00Z,ES,29893
2024-05-30T20:00Z,ES,28224
2024-05-30T21:00Z,ES,26107
2024-05-30T22:00Z,ES,22252
2024-05-30T23:00Z,ES,21514
2024-05-31T00:00Z,ES,20952
2024-05-31T01:00Z,ES,20695
2024-05-31T02:00Z,ES,20940
2024-05-31T03:00Z,ES,22500
2024-05-31T04:00Z,ES,25091
2024-05-31T05:00Z,ES,27640
2024-05-31T06:00Z,ES,29182
2024-05-31T07:00Z,ES,30241
2024-05-31T08:00Z,ES,30746
2024-05-31T09:00Z,ES,30917
2024-05-31T10:00Z,ES,30782
2024-05-31T11:00Z,ES,30492
2024-05-31T12:00Z,ES,30144
2024-05-31T13:00Z,ES,29917
2024-05-31T14:00Z,ES,29804
2024-05-31T15:00Z,ES,29671
2024-05-31T16:00Z,ES,29471
2024-05-31T17:00Z,ES,28941
2024-05-31T18:00Z,ES,28265
2024-05-31T19:00Z,ES,27349
2024-05-31T20:00Z,ES,25889
2024-05-31T21:00Z,ES,24007
2024-05-31T22:00Z,ES,21416
2024-05-31T23:00Z,ES,20907
2024-06-01T00:00Z,ES,20602
2024-06-01T01:00Z,ES,20385
2024-06-01T02:00Z,ES,20619
2024-06-01T03:00Z,ES,21312
2024-06-01T04:00Z,ES,22781
2024-06-01T05:00Z,ES,24088
2024-06-01T06:00Z,ES,25079
2024-06-01T07:00Z,ES,25510
2024-06-01T08:00Z,ES,25717
2024-06-01T09:00Z,ES,25903
2024-06-01T10:00Z,ES,25911
2024-06-01T11:00Z,ES,25839
2024-06-01T12:00Z,ES,25536
2024-06-01T13:00Z,ES,25363
2024-06-01T14:00Z,ES,25272
2024-06-01T15:00Z,ES,25277
2024-06-01T16:00Z,ES,25146
2024-06-01T17:00Z,ES,24789
2024-06-01T18:00Z,ES,24437
2024-06-01T19:00Z,ES,23980
2024-06-01T20:00Z,ES,23338
2024-06-01T21:00Z,ES,22284
2024-06-01T22:00Z,ES,19686
2024-06-01T23:00Z,ES,19302
2024-06-02T00:00Z,ES,19039
2024-06-02T01:00Z,ES,18908
2024-06-02T02:00Z,ES,19039
2024-06-02T03:00Z,ES,19837
2024-06-02T04:00Z,ES,21062
2024-06-02T05:00Z,ES,22195
2024-06-02T06:00Z,ES,22908
2024-06-02T07:00Z,ES,23260
2024-06-02T08:00Z,ES,23517
2024-06-02T09:00Z,ES,23619
2024-06-02T10:00Z,ES,23675
2024-06-02T11:00Z,ES,23564
2024-06-02T12:00Z,ES,23493
2024-06-02T13:00Z,ES,23461
2024-06-02T14:00Z,ES,23333
2024-06-02T15:00Z,ES,23346
2024-06-02T16:00Z,ES,23183
2024-06-02T17:00Z,ES,22832
2024-06-02T18:00Z,ES,22503
2024-06-02T19:00Z,ES,22025
2024-06-02T20:00Z,ES,21320
2024-06-02T21:00Z,ES,20387
2024-06-02T22:00Z,ES,22821
2024-06-02T23:00Z,ES,21979
2024-06-03T00:00Z,ES,21364
2024-06-03T01:00Z,ES,21090
2024-06-03T02:00Z,ES,21521
2024-06-03T03:00Z,ES,23086
2024-06-03T04:00Z,ES,25553
2024-06-03T05:00Z,ES,28236
2024-06-03T06:00Z,ES,30061
2024-06-03T07:00Z,ES,31088
2024-06-03T08:00Z,ES,31656
2024-06-03T09:00Z,ES,31820
2024-06-03T10:00Z,ES,31726
2024-06-03T11:00Z,ES,31279
2024-06-03T12:00Z,ES,31135
2024-06-03T13:00Z,ES,30745
2024-06-03T14:00Z,ES,30504
2024-06-03T15:00Z,ES,30365
2024-06-03T16:00Z,ES,30146
2024-06-03T17:00Z,ES,29587
2024-06-03T18:00Z,ES,28970
2024-06-03T19:00Z,ES,28174
2024-06-03T20:00Z,ES,26632
2024-06-03T21:00Z,ES,24652
2024-06-03T22:00Z,ES,22567
2024-06-03T23:00Z,ES,21737
2024-06-04T00:00Z,ES,21110
2024-06-04T01:00Z,ES,20933
2024-06-04T02:00Z,ES,21337
2024-06-04T03:00Z,ES,22711
2024-06-04T04:00Z,ES,25254
2024-06-04T05:00Z,ES,27696
2024-06-04T06:00Z,ES,29370
2024-06-04T07:00Z,ES,30338
2024-06-04T08:00Z,ES,30929
2024-06-04T09:00Z,ES,31129
2024-06-04T10:00Z,ES,31047
2024-06-04T11:00Z,ES,30800
2024-06-04T12:00Z,ES,30330
2024-06-04T13:00Z,ES,30120
2024-06-04T14:00Z,ES,29824
2024-06-04T15:00Z,ES,29860
2024-06-04T16:00Z,ES,29685
2024-06-04T17:00Z,ES,29019
2024-06-04T18:00Z,ES,28281
2024-06-04T19:00Z,ES,27580
2024-06-04T20:00Z,ES,26200
2024-06-04T21:00Z,ES,24201
2024-06-04T22:00Z,ES,24074
2024-06-04T23:00Z,ES,23199
2024-06-05T00:00Z,ES,22592
2024-06-05T01:00Z,ES,22292
2024-06-05T02:00Z,ES,22618
2024-06-05T03:00Z,ES,24148
2024-06-05T04:00Z,ES,26685
2024-06-05T05:00Z,ES,29495
2024-06-05T06:00Z,ES,30996
2024-06-05T07:00Z,ES,31984
2024-06-05T08:00Z,ES,32512
2024-06-05T09:00Z,ES,32886
2024-06-05T10:00Z,ES,32903
2024-06-05T11:00Z,ES,32651
2024-06-05T12:00Z,ES,32608
2024-06-05T13:00Z,ES,32208
2024-06-05T14:00Z,ES,32011
2024-06-05T15:00Z,ES,32136
2024-06-05T16:00Z,ES,31981
2024-06-05T17:00Z,ES,31235
2024-06-05T18:00Z,ES,30587
2024-06-05T19:00Z,ES,29720
2024-06-05T20:00Z,ES,28124
2024-06-05T21:00Z,ES,26022
2024-06-05T22:00Z,ES,25569
2024-06-05T23:00Z,ES,24584
2024-06-06T00:00Z,ES,24039
2024-06-06T01:00Z,ES,23622
2024-06-06T02:00Z,ES,23751
2024-06-06T03:00Z,ES,25436
2024-06-06T04:00Z,ES,28423
2024-06-06T05:00Z,ES,31305
2024-06-06T06:00Z,ES,33172
2024-06-06T07:00Z,ES,34259
2024-06-06T08:00Z,ES,34709
2024-06-06T09:00Z,ES,34808
2024-06-06T10:00Z,ES,34659
2024-06-06T11:00Z,ES,34287
2024-06-06T12:00Z,ES,34039
2024-06-06T13:00Z,ES,33782
2024-06-06T14:00Z,ES,33726
2024-06-06T15:00Z,ES,33852
2024-06-06T16:00Z,ES,33540
2024-06-06T17:00Z,ES,32966
2024-06-06T18:00Z,ES,32143
2024-06-06T19:00Z,ES,31064
2024-06-06T20:00Z,ES,29351
2024-06-06T21:00Z,ES,27206
2024-06-06T22:00Z,ES,26878
2024-06-06T23:00Z,ES,25846
2024-06-07T00:00Z,ES,25200
2024-06-07T01:00Z,ES,24932
2024-06-07T02:00Z,ES,25339
2024-06-07T03:00Z,ES,27111
2024-06-07T04:00Z,ES,30357
2024-06-07T05:00Z,ES,33101
2024-06-07T06:00Z,ES,35007
2024-06-07T07:00Z,ES,36240
2024-06-07T08:00Z,ES,36717
2024-06-07T09:00Z,ES,36974
2024-06-07T10:00Z,ES,36899
2024-06-07T11:00Z,ES,36508
2024-06-07T12:00Z,ES,36136
2024-06-07T13:00Z,ES,35896
2024-06-07T14:00Z,ES,35548
2024-06-07T15:00Z,ES,35541
2024-06-07T16:00Z,ES,35318
2024-06-07T17:00Z,ES,34627
2024-06-07T18:00Z,ES,33883
2024-06-07T19:00Z,ES,32923
2024-06-07T20:00Z,ES,31056
2024-06-07T21:00Z,ES,28861
2024-06-07T22:00Z,ES,25546
2024-06-07T23:00Z,ES,24968
2024-06-08T00:00Z,ES,24660
2024-06-08T01:00Z,ES,24508
2024-06-08T02:00Z,ES,24740
2024-06-08T03:00Z,ES,25650
2024-06-08T04:00Z,ES,27171
2024-06-08T05:00Z,ES,28553
2024-06-08T06:00Z,ES,29581
2024-06-08T07:00Z,ES,30135
2024-06-08T08:00Z,ES,30620
2024-06-08T09:00Z,ES,30761
2024-06-08T10:00Z,ES,30821
2024-06-08T11:00Z,ES,30852
2024-06-08T12:00Z,ES,30663
2024-06-08T13:00Z,ES,30617
2024-06-08T14:00Z,ES,30484
2024-06-08T15:00Z,ES,30443
2024-06-08T16:00Z,ES,30200
2024-06-08T17:00Z,ES,29759
2024-06-08T18:00Z,ES,29338
2024-06-08T19:00Z,ES,28587
2024-06-08T20:00Z,ES,27828
2024-06-08T21:00Z,ES,26710
2024-06-08T22:00Z,ES,23670
2024-06-08T23:00Z,ES,23108
2024-06-09T00:00Z,ES,22741
2024-06-09T01:00Z,ES,22562
2024-06-09T02:00Z,ES,22707
2024-06-09T03:00Z,ES,23504
2024-06-09T04:00Z,ES,25080
2024-06-09T05:00Z,ES,26522
2024-06-09T06:00Z,ES,27422
2024-06-09T07:00Z,ES,27915
2024-06-09T08:00Z,ES,28115
2024-06-09T09:00Z,ES,28378
2024-06-09T10:00Z,ES,28277
2024-06-09T11:00Z,ES,28036
2024-06-09T12:00Z,ES,27935
2024-06-09T13:00Z,ES,27867
2024-06-09T14:00Z,ES,27766
2024-06-09T15:00Z,ES,27721
2024-06-09T16:00Z,ES,27585
2024-06-09T17:00Z,ES,27280
2024-06-09T18:00Z,ES,26912
2024-06-09T19:00Z,ES,26366
2024-06-09T20:00Z,ES,25533
2024-06-09T21:00Z,ES,24430
2024-06-09T22:00Z,ES,27523
2024-06-09T23:00Z,ES,26487
2024-06-10T00:00Z,ES,25797
2024-06-10T01:00Z,ES,25467
2024-06-10T02:00Z,ES,25830
2024-06-10T03:00Z,ES,27621
2024-06-10T04:00Z,ES,30772
2024-06-10T05:00Z,ES,33941
2024-06-10T06:00Z,ES,35895
2024-06-10T07:00Z,ES,37019
2024-06-10T08:00Z,ES,37731
2024-06-10T09:00Z,ES,38121
2024-06-10T10:00Z,ES,38033
2024-06-10T11:00Z,ES,37674
2024-06-10T12:00Z,ES,37175
2024-06-10T13:00Z,ES,36784
2024-06-10T14:00Z,ES,36363
2024-06-10T15:00Z,ES,36227
2024-06-10T16:00Z,ES,35905
2024-06-10T17:00Z,ES,35050
2024-06-10T18:00Z,ES,34474
2024-06-10T19:00Z,ES,33684
2024-06-10T20:00Z,ES,31943
2024-06-10T21:00Z,ES,29565
2024-06-10T22:00Z,ES,28696
2024-06-10T23:00Z,ES,27651
2024-06-11T00:00Z,ES,26888
2024-06-11T01:00Z,ES,26618
2024-06-11T02:00Z,ES,26996
2024-06-11T03:00Z,ES,28846
2024-06-11T04:00Z,ES,32034
2024-06-11T05:00Z,ES,35283
2024-06-11T06:00Z,ES,37345
2024-06-11T07:00Z,ES,38902
2024-06-11T08:00Z,ES,39313
2024-06-11T09:00Z,ES,39459
2024-06-11T10:00Z,ES,39522
2024-06-11T11:00Z,ES,39379
2024-06-11T12:00Z,ES,38930
2024-06-11T13:00Z,ES,38556
2024-06-11T14:00Z,ES,38173
2024-06-11T15:00Z,ES,38035
2024-06-11T16:00Z,ES,37767
2024-06-11T17:00Z,ES,36984
2024-06-11T18:00Z,ES,36233
2024-06-11T19:00Z,ES,35113
2024-06-11T20:00Z,ES,33379
2024-06-11T21:00Z,ES,30791
2024-06-11T22:00Z,ES,27082
2024-06-11T23:00Z,ES,26000
2024-06-12T00:00Z,ES,25410
2024-06-12T01:00Z,ES,25162
2024-06-12T02:00Z,ES,25483
2024-06-12T03:00Z,ES,27059
2024-06-12T04:00Z,ES,29989
2024-06-12T05:00Z,ES,32978
2024-06-12T06:00Z,ES,34860
2024-06-12T07:00Z,ES,36140
2024-06-12T08:00Z,ES,36723
2024-06-12T09:00Z,ES,37166
2024-06-12T10:00Z,ES,36965
2024-06-12T11:00Z,ES,36783
2024-06-12T12:00Z,ES,36258
2024-06-12T13:00Z,ES,35997
2024-06-12T14:00Z,ES,35787
2024-06-12T15:00Z,ES,35766
2024-06-12T16:00Z,ES,35374
2024-06-12T17:00Z,ES,34662
2024-06-12T18:00Z,ES,33944
2024-06-12T19:00Z,ES,32676
2024-06-12T20:00Z,ES,30974
2024-06-12T21:00Z,ES,28929
2024-06-12T22:00Z,ES,27636
2024-06-12T23:00Z,ES,26657
2024-06-13T00:00Z,ES,25920
2024-06-13T01:00Z,ES,25629
2024-06-13T02:00Z,ES,26012
2024-06-13T03:00Z,ES,27763
2024-06-13T04:00Z,ES,30822
2024-06-13T05:00Z,ES,33740
2024-06-13T06:00Z,ES,35780
2024-06-13T07:00Z,ES,36874
2024-06-13T08:00Z,ES,37451
2024-06-13T09:00Z,ES,37806
2024-06-13T10:00Z,ES,37882
2024-06-13T11:00Z,ES,37687
2024-06-13T12:00Z,ES,37343
2024-06-13T13:00Z,ES,37229
2024-06-13T14:00Z,ES,37049
2024-06-13T15:00Z,ES,36867
2024-06-13T16:00Z,ES,36755
2024-06-13T17:00Z,ES,35935
2024-06-13T18:00Z,ES,35104
2024-06-13T19:00Z,ES,34081
2024-06-13T20:00Z,ES,32210
2024-06-13T21:00Z,ES,29762
2024-06-13T22:00Z,ES,28000
2024-06-13T23:00Z,ES,26974
2024-06-14T00:00Z,ES,26453
2024-06-14T01:00Z,ES,25935
2024-06-14T02:00Z,ES,26188
2024-06-14T03:00Z,ES,28004
2024-06-14T04:00Z,ES,31102
2024-06-14T05:00Z,ES,34143
2024-06-14T06:00Z,ES,35978
2024-06-14T07:00Z,ES,37584
2024-06-14T08:00Z,ES,38152
2024-06-14T09:00Z,ES,38535
2024-06-14T10:00Z,ES,38326
2024-06-14T11:00Z,ES,37877
2024-06-14T12:00Z,ES,37527
2024-06-14T13:00Z,ES,37343
2024-06-14T14:00Z,ES,37179
2024-06-14T15:00Z,ES,36978
2024-06-14T16:00Z,ES,36815
2024-06-14T17:00Z,ES,36207
2024-06-14T18:00Z,ES,35616
2024-06-14T19:00Z,ES,34508
2024-06-14T20:00Z,ES,32575
2024-06-14T21:00Z,ES,29942
2024-06-14T22:00Z,ES,25142
2024-06-14T23:00Z,ES,24640
2024-06-15T00:00Z,ES,24427
2024-06-15T01:00Z,ES,24231
2024-06-15T02:00Z,ES,24370
2024-06-15T03:00Z,ES,25217
2024-06-15T04:00Z,ES,26780
2024-06-15T05:00Z,ES,28368
2024-06-15T06:00Z,ES,29324
2024-06-15T07:00Z,ES,29953
2024-06-15T08:00Z,ES,30090
2024-06-15T09:00Z,ES,30132
2024-06-15T10:00Z,ES,30069
2024-06-15T11:00Z,ES,29874
2024-06-15T12:00Z,ES,29618
2024-06-15T13:00Z,ES,29248
2024-06-15T14:00Z,ES,29226
2024-06-15T15:00Z,ES,29328
2024-06-15T16:00Z,ES,29280
2024-06-15T17:00Z,ES,28799
2024-06-15T18:00Z,ES,28615
2024-06-15T19:00Z,ES,28125
2024-06-15T20:00Z,ES,27295
2024-06-15T21:00Z,ES,26191
2024-06-15T22:00Z,ES,23757
2024-06-15T23:00Z,ES,23210
2024-06-16T00:00Z,ES,22856
2024-06-16T01:00Z,ES,22652
2024-06-16T02:00Z,ES,22770
2024-06-16T03:00Z,ES,23538
2024-06-16T04:00Z,ES,25074
2024-06-16T05:00Z,ES,26447
2024-06-16T06:00Z,ES,27320
2024-06-16T07:00Z,ES,27979
2024-06-16T08:00Z,ES,28243
2024-06-16T09:00Z,ES,28528
2024-06-16T10:00Z,ES,28474
2024-06-16T11:00Z,ES,28326
2024-06-16T12:00Z,ES,27891
2024-06-16T13:00Z,ES,27689
2024-06-16T14:00Z,ES,27548
2024-06-16T15:00Z,ES,27621
2024-06-16T16:00Z,ES,27512
2024-06-16T17:00Z,ES,27184
2024-06-16T18:00Z,ES,26831
2024-06-16T19:00Z,ES,26482
2024-06-16T20:00Z,ES,25621
2024-06-16T21:00Z,ES,24558
2024-06-16T22:00Z,ES,25694
2024-06-16T23:00Z,ES,24822
2024-06-17T00:00Z,ES,24086
2024-06-17T01:00Z,ES,23796
2024-06-17T02:00Z,ES,24220
2024-06-17T03:00Z,ES,25909
2024-06-17T04:00Z,ES,28671
2024-06-17T05:00Z,ES,31421
2024-06-17T06:00Z,ES,33281
2024-06-17T07:00Z,ES,34602
2024-06-17T08:00Z,ES,35128
2024-06-17T09:00Z,ES,35330
2024-06-17T10:00Z,ES,35161
2024-06-17T11:00Z,ES,34661
2024-06-17T12:00Z,ES,34338
2024-06-17T13:00Z,ES,34157
2024-06-17T14:00Z,ES,33846
2024-06-17T15:00Z,ES,33840
2024-06-17T16:00Z,ES,33506
2024-06-17T17:00Z,ES,32866
2024-06-17T18:00Z,ES,32182
2024-06-17T19:00Z,ES,31268
2024-06-17T20:00Z,ES,29692
2024-06-17T21:00Z,ES,27543
2024-06-17T22:00Z,ES,25315
2024-06-17T23:00Z,ES,24278
2024-06-18T00:00Z,ES,23685
2024-06-18T01:00Z,ES,23347
2024-06-18T02:00Z,ES,23678
2024-06-18T03:00Z,ES,25156
2024-06-18T04:00Z,ES,27979
2024-06-18T05:00Z,ES,30764
2024-06-18T06:00Z,ES,32701
2024-06-18T07:00Z,ES,33971
2024-06-18T08:00Z,ES,34478
2024-06-18T09:00Z,ES,34652
2024-06-18T10:00Z,ES,34519
2024-06-18T11:00Z,ES,34282
2024-06-18T12:00Z,ES,34016
2024-06-18T13:00Z,ES,33779
2024-06-18T14:00Z,ES,33492
2024-06-18T15:00Z,ES,33547
2024-06-18T16:00Z,ES,33257
2024-06-18T17:00Z,ES,32548
2024-06-18T18:00Z,ES,31834
2024-06-18T19:00Z,ES,30845
2024-06-18T20:00Z,ES,29178
2024-06-18T21:00Z,ES,27010
2024-06-18T22:00Z,ES,24824
2024-06-18T23:00Z,ES,23961
2024-06-19T00:00Z,ES,23162
2024-06-19T01:00Z,ES,23031
2024-06-19T02:00Z,ES,23444
2024-06-19T03:00Z,ES,25038
2024-06-19T04:00Z,ES,27869
2024-06-19T05:00Z,ES,30604
2024-06-19T06:00Z,ES,32302
2024-06-19T07:00Z,ES,33303
2024-06-19T08:00Z,ES,33900
2024-06-19T09:00Z,ES,34147
2024-06-19T10:00Z,ES,34236
2024-06-19T11:00Z,ES,33842
2024-06-19T12:00Z,ES,33702
2024-06-19T13:00Z,ES,33291
2024-06-19T14:00Z,ES,33087
2024-06-19T15:00Z,ES,32993
2024-06-19T16:00Z,ES,32751
2024-06-19T17:00Z,ES,31885
2024-06-19T18:00Z,ES,31313
2024-06-19T19:00Z,ES,30305
2024-06-19T20:00Z,ES,28779
2024-06-19T21:00Z,ES,26716
2024-06-19T22:00Z,ES,25824
2024-06-19T23:00Z,ES,24663
2024-06-20T00:00Z,ES,24109
2024-06-20T01:00Z,ES,23857
2024-06-20T02:00Z,ES,24294
2024-06-20T03:00Z,ES,25908
2024-06-20T04:00Z,ES,28950
2024-06-20T05:00Z,ES,31765
2024-06-20T06:00Z,ES,33933
2024-06-20T07:00Z,ES,35160
2024-06-20T08:00Z,ES,35800
2024-06-20T09:00Z,ES,35933
2024-06-20T10:00Z,ES,35796
2024-06-20T11:00Z,ES,35532
2024-06-20T12:00Z,ES,35105
2024-06-20T13:00Z,ES,34584
2024-06-20T14:00Z,ES,34292
2024-06-20T15:00Z,ES,34225
2024-06-20T16:00Z,ES,33883
2024-06-20T17:00Z,ES,33293
2024-06-20T18:00Z,ES,32389
2024-06-20T19:00Z,ES,31435
2024-06-20T20:00Z,ES,29676
2024-06-20T21:00Z,ES,27470
2024-06-20T22:00Z,ES,24694
2024-06-20T23:00Z,ES,23729
2024-06-21T00:00Z,ES,23039
2024-06-21T01:00Z,ES,22911
2024-06-21T02:00Z,ES,23249
2024-06-21T03:00Z,ES,24739
2024-06-21T04:00Z,ES,27416
2024-06-21T05:00Z,ES,30051
2024-06-21T06:00Z,ES,31833
2024-06-21T07:00Z,ES,33010
2024-06-21T08:00Z,ES,33905
2024-06-21T09:00Z,ES,34256
2024-06-21T10:00Z,ES,34497
2024-06-21T11:00Z,ES,34243
2024-06-21T12:00Z,ES,34015
2024-06-21T13:00Z,ES,33720
2024-06-21T14:00Z,ES,33362
2024-06-21T15:00Z,ES,33011
2024-06-21T16:00Z,ES,32614
2024-06-21T17:00Z,ES,32091
2024-06-21T18:00Z,ES,31270
2024-06-21T19:00Z,ES,30440
2024-06-21T20:00Z,ES,28790
2024-06-21T21:00Z,ES,26614
2024-06-21T22:00Z,ES,23530
2024-06-21T23:00Z,ES,23119
2024-06-22T00:00Z,ES,22764
2024-06-22T01:00Z,ES,22588
2024-06-22T02:00Z,ES,22828
2024-06-22T03:00Z,ES,23552
2024-06-22T04:00Z,ES,25094
2024-06-22T05:00Z,ES,26531
2024-06-22T06:00Z,ES,27551
2024-06-22T07:00Z,ES,27974
2024-06-22T08:00Z,ES,28355
2024-06-22T09:00Z,ES,28400
2024-06-22T10:00Z,ES,28413
2024-06-22T11:00Z,ES,28350
2024-06-22T12:00Z,ES,28255
2024-06-22T13:00Z,ES,28193
2024-06-22T14:00Z,ES,27998
2024-06-22T15:00Z,ES,27815
2024-06-22T16:00Z,ES,27701
2024-06-22T17:00Z,ES,27360
2024-06-22T18:00Z,ES,26943
2024-06-22T19:00Z,ES,26369
2024-06-22T20:00Z,ES,25665
2024-06-22T21:00Z,ES,24552
2024-06-22T22:00Z,ES,20803
2024-06-22T23:00Z,ES,20313
2024-06-23T00:00Z,ES,20057
2024-06-23T01:00Z,ES,19933
2024-06-23T02:00Z,ES,20054
2024-06-23T03:00Z,ES,20729
2024-06-23T04:00Z,ES,22127
2024-06-23T05:00Z,ES,23230
2024-06-23T06:00Z,ES,23883
2024-06-23T07:00Z,ES,24448
2024-06-23T08:00Z,ES,24702
2024-06-23T09:00Z,ES,24839
2024-06-23T10:00Z,ES,24857
2024-06-23T11:00Z,ES,24773
2024-06-23T12:00Z,ES,24657
2024-06-23T13:00Z,ES,24701
2024-06-23T14:00Z,ES,24662
2024-06-23T15:00Z,ES,24668
2024-06-23T16:00Z,ES,24491
2024-06-23T17:00Z,ES,24213
2024-06-23T18:00Z,ES,23833
2024-06-23T19:00Z,ES,23252
2024-06-23T20:00Z,ES,22499
2024-06-23T21:00Z,ES,21572
2024-06-23T22:00Z,ES,25667
2024-06-23T23:00Z,ES,24722
2024-06-24T00:00Z,ES,24017
2024-06-24T01:00Z,ES,23697
2024-06-24T02:00Z,ES,24072
2024-06-24T03:00Z,ES,25742
2024-06-24T04:00Z,ES,28675
2024-06-24T05:00Z,ES,31301
2024-06-24T06:00Z,ES,33168
2024-06-24T07:00Z,ES,34319
2024-06-24T08:00Z,ES,34935
2024-06-24T09:00Z,ES,35352
2024-06-24T10:00Z,ES,35219
2024-06-24T11:00Z,ES,34709
2024-06-24T12:00Z,ES,34422
2024-06-24T13:00Z,ES,34075
2024-06-24T14:00Z,ES,33802
2024-06-24T15:00Z,ES,33828
2024-06-24T16:00Z,ES,33502
2024-06-24T17:00Z,ES,32952
2024-06-24T18:00Z,ES,32399
2024-06-24T19:00Z,ES,31594
2024-06-24T20:00Z,ES,29863
2024-06-24T21:00Z,ES,27515
2024-06-24T22:00Z,ES,26541
2024-06-24T23:00Z,ES,25559
2024-06-25T00:00Z,ES,24944
2024-06-25T01:00Z,ES,24471
2024-06-25T02:00Z,ES,24870
2024-06-25T03:00Z,ES,26674
2024-06-25T04:00Z,ES,29548
2024-06-25T05:00Z,ES,32489
2024-06-25T06:00Z,ES,34673
2024-06-25T07:00Z,ES,35913
2024-06-25T08:00Z,ES,36627
2024-06-25T09:00Z,ES,36607
2024-06-25T10:00Z,ES,36498
2024-06-25T11:00Z,ES,36069
2024-06-25T12:00Z,ES,35801
2024-06-25T13:00Z,ES,35476
2024-06-25T14:00Z,ES,35208
2024-06-25T15:00Z,ES,34939
2024-06-25T16:00Z,ES,34556
2024-06-25T17:00Z,ES,33933
2024-06-25T18:00Z,ES,33373
2024-06-25T19:00Z,ES,32447
2024-06-25T20:00Z,ES,30679
2024-06-25T21:00Z,ES,28313
2024-06-25T22:00Z,ES,28687
2024-06-25T23:00Z,ES,27673
2024-06-26T00:00Z,ES,26899
2024-06-26T01:00Z,ES,26702
2024-06-26T02:00Z,ES,27092
2024-06-26T03:00Z,ES,28921
2024-06-26T04:00Z,ES,32168
2024-06-26T05:00Z,ES,35324
2024-06-26T06:00Z,ES,37318
2024-06-26T07:00Z,ES,38712
2024-06-26T08:00Z,ES,39514
2024-06-26T09:00Z,ES,39673
2024-06-26T10:00Z,ES,39628
2024-06-26T11:00Z,ES,39255
2024-06-26T12:00Z,ES,38812
2024-06-26T13:00Z,ES,38524
2024-06-26T14:00Z,ES,38341
2024-06-26T15:00Z,ES,38129
2024-06-26T16:00Z,ES,37688
2024-06-26T17:00Z,ES,36955
2024-06-26T18:00Z,ES,36155
2024-06-26T19:00Z,ES,35007
2024-06-26T20:00Z,ES,33433
2024-06-26T21:00Z,ES,31080
2024-06-26T22:00Z,ES,26843
2024-06-26T23:00Z,ES,25905
2024-06-27T00:00Z,ES,25214
2024-06-27T01:00Z,ES,24887
2024-06-27T02:00Z,ES,25166
2024-06-27T03:00Z,ES,26756
2024-06-27T04:00Z,ES,29740
2024-06-27T05:00Z,ES,32582
2024-06-27T06:00Z,ES,34474
2024-06-27T07:00Z,ES,35634
2024-06-27T08:00Z,ES,36380
2024-06-27T09:00Z,ES,37026
2024-06-27T10:00Z,ES,36954
2024-06-27T11:00Z,ES,36523
2024-06-27T12:00Z,ES,36014
2024-06-27T13:00Z,ES,35757
2024-06-27T14:00Z,ES,35887
2024-06-27T15:00Z,ES,35383
2024-06-27T16:00Z,ES,34974
2024-06-27T17:00Z,ES,34325
2024-06-27T18:00Z,ES,33574
2024-06-27T19:00Z,ES,32698
2024-06-27T20:00Z,ES,31130
2024-06-27T21:00Z,ES,28888
2024-06-27T22:00Z,ES,27897
2024-06-27T23:00Z,ES,26851
2024-06-28T00:00Z,ES,26017
2024-06-28T01:00Z,ES,25529
2024-06-28T02:00Z,ES,25937
2024-06-28T03:00Z,ES,27887
2024-06-28T04:00Z,ES,31091
2024-06-28T05:00Z,ES,34117
2024-06-28T06:00Z,ES,36136
2024-06-28T07:00Z,ES,37513
2024-06-28T08:00Z,ES,38031
2024-06-28T09:00Z,ES,38480
2024-06-28T10:00Z,ES,38539
2024-06-28T11:00Z,ES,38234
2024-06-28T12:00Z,ES,38013
2024-06-28T13:00Z,ES,37731
2024-06-28T14:00Z,ES,37324
2024-06-28T15:00Z,ES,37126
2024-06-28T16:00Z,ES,36833
2024-06-28T17:00Z,ES,35953
2024-06-28T18:00Z,ES,34991
2024-06-28T19:00Z,ES,33969
2024-06-28T20:00Z,ES,32365
2024-06-28T21:00Z,ES,30003
2024-06-28T22:00Z,ES,26178
2024-06-28T23:00Z,ES,25595
2024-06-29T00:00Z,ES,25304
2024-06-29T01:00Z,ES,25186
2024-06-29T02:00Z,ES,25458
2024-06-29T03:00Z,ES,26251
2024-06-29T04:00Z,ES,27799
2024-06-29T05:00Z,ES,29345
2024-06-29T06:00Z,ES,30362
2024-06-29T07:00Z,ES,31153
2024-06-29T08:00Z,ES,31427
2024-06-29T09:00Z,ES,31524
2024-06-29T10:00Z,ES,31569
2024-06-29T11:00Z,ES,31308
2024-06-29T12:00Z,ES,31071
2024-06-29T13:00Z,ES,30825
2024-06-29T14:00Z,ES,30729
2024-06-29T15:00Z,ES,30470
2024-06-29T16:00Z,ES,30430
2024-06-29T17:00Z,ES,30128
2024-06-29T18:00Z,ES,29683
2024-06-29T19:00Z,ES,29172
2024-06-29T20:00Z,ES,28307
2024-06-29T21:00Z,ES,27069
2024-06-29T22:00Z,ES,23453
2024-06-29T23:00Z,ES,22945
2024-06-30T00:00Z,ES,22598
2024-06-30T01:00Z,ES,22448
2024-06-30T02:00Z,ES,22650
2024-06-30T03:00Z,ES,23548
2024-06-30T04:00Z,ES,25021
2024-06-30T05:00Z,ES,26439
2024-06-30T06:00Z,ES,27395
2024-06-30T07:00Z,ES,28074
2024-06-30T08:00Z,ES,28382
2024-06-30T09:00Z,ES,28649
2024-06-30T10:00Z,ES,28652
2024-06-30T11:00Z,ES,28358
2024-06-30T12:00Z,ES,28229
2024-06-30T13:00Z,ES,28015
2024-06-30T14:00Z,ES,27943
2024-06-30T15:00Z,ES,27639
2024-06-30T16:00Z,ES,27606
2024-06-30T17:00Z,ES,27248
2024-06-30T18:00Z,ES,26895
2024-06-30T19:00Z,ES,26180
2024-06-30T20:00Z,ES,25454
2024-06-30T21:00Z,ES,24514
2023-12-31T23:00Z,IT_NORD,13655
2024-01-01T00:00Z,IT_NORD,13364
2024-01-01T01:00Z,IT_NORD,13189
2024-01-01T02:00Z,IT_NORD,13145
2024-01-01T03:00Z,IT_NORD,13312
2024-01-01T04:00Z,IT_NORD,13897
2024-01-01T05:00Z,IT_NORD,15019
2024-01-01T06:00Z,IT_NORD,16035
2024-01-01T07:00Z,IT_NORD,16419
2024-01-01T08:00Z,IT_NORD,16518
2024-01-01T09:00Z,IT_NORD,16481
2024-01-01T10:00Z,IT_NORD,16396
2024-01-01T11:00Z,IT_NORD,16238
2024-01-01T12:00Z,IT_NORD,16106
2024-01-01T13:00Z,IT_NORD,16047
2024-01-01T14:00Z,IT_NORD,15963
2024-01-01T15:00Z,IT_NORD,16284
2024-01-01T16:00Z,IT_NORD,16808
2024-01-01T17:00Z,IT_NORD,16884
2024-01-01T18:00Z,IT_NORD,16622
2024-01-01T19:00Z,IT_NORD,16039
2024-01-01T20:00Z,IT_NORD,15567
2024-01-01T21:00Z,IT_NORD,14876
2024-01-01T22:00Z,IT_NORD,14193
2024-01-01T23:00Z,IT_NORD,15427
2024-01-02T00:00Z,IT_NORD,14839
2024-01-02T01:00Z,IT_NORD,14444
2024-01-02T02:00Z,IT_NORD,14464
2024-01-02T03:00Z,IT_NORD,14782
2024-01-02T04:00Z,IT_NORD,16082
2024-01-02T05:00Z,IT_NORD,18379
2024-01-02T06:00Z,IT_NORD,20286
2024-01-02T07:00Z,IT_NORD,21089
2024-01-02T08:00Z,IT_NORD,21358
2024-01-02T09:00Z,IT_NORD,21399
2024-01-02T10:00Z,IT_NORD,21307
2024-01-02T11:00Z,IT_NORD,20896
2024-01-02T12:00Z,IT_NORD,20664
2024-01-02T13:00Z,IT_NORD,20462
2024-01-02T14:00Z,IT_NORD,20362
2024-01-02T15:00Z,IT_NORD,20923
2024-01-02T16:00Z,IT_NORD,22196
2024-01-02T17:00Z,IT_NORD,22298
2024-01-02T18:00Z,IT_NORD,21594
2024-01-02T19:00Z,IT_NORD,20456
2024-01-02T20:00Z,IT_NORD,19296
2024-01-02T21:00Z,IT_NORD,17942
2024-01-02T22:00Z,IT_NORD,16580
2024-01-02T23:00Z,IT_NORD,15774
2024-01-03T00:00Z,IT_NORD,15279
2024-01-03T01:00Z,IT_NORD,14942
2024-01-03T02:00Z,IT_NORD,14940
2024-01-03T03:00Z,IT_NORD,15311
2024-01-03T04:00Z,IT_NORD,16740
2024-01-03T05:00Z,IT_NORD,19102
2024-01-03T06:00Z,IT_NORD,21089
2024-01-03T07:00Z,IT_NORD,21907
2024-01-03T08:00Z,IT_NORD,22106
2024-01-03T09:00Z,IT_NORD,22063
2024-01-03T10:00Z,IT_NORD,21903
2024-01-03T11:00Z,IT_NORD,21445
2024-01-03T12:00Z,IT_NORD,21222
2024-01-03T13:00Z,IT_NORD,20989
2024-01-03T14:00Z,IT_NORD,21015
2024-01-03T15:00Z,IT_NORD,21543
2024-01-03T16:00Z,IT_NORD,22766
2024-01-03T17:00Z,IT_NORD,22920
2024-01-03T18:00Z,IT_NORD,22179
2024-01-03T19:00Z,IT_NORD,21016
2024-01-03T20:00Z,IT_NORD,19901
2024-01-03T21:00Z,IT_NORD,18562
2024-01-03T22:00Z,IT_NORD,17227
2024-01-03T23:00Z,IT_NORD,15780
2024-01-04T00:00Z,IT_NORD,15156
2024-01-04T01:00Z,IT_NORD,14793
2024-01-04T02:00Z,IT_NORD,14733
2024-01-04T03:00Z,IT_NORD,15105
2024-01-04T04:00Z,IT_NORD,16527
2024-01-04T05:00Z,IT_NORD,18967
2024-01-04T06:00Z,IT_NORD,20821
2024-01-04T07:00Z,IT_NORD,21595
2024-01-04T08:00Z,IT_NORD,21737
2024-01-04T09:00Z,IT_NORD,21854
2024-01-04T10:00Z,IT_NORD,21667
2024-01-04T11:00Z,IT_NORD,21215
2024-01-04T12:00Z,IT_NORD,20869
2024-01-04T13:00Z,IT_NORD,20601
2024-01-04T14:00Z,IT_NORD,20613
2024-01-04T15:00Z,IT_NORD,21157
2024-01-04T16:00Z,IT_NORD,22308
2024-01-04T17:00Z,IT_NORD,22410
2024-01-04T18:00Z,IT_NORD,21605
2024-01-04T19:00Z,IT_NORD,20522
2024-01-04T20:00Z,IT_NORD,19286
2024-01-04T21:00Z,IT_NORD,17946
2024-01-04T22:00Z,IT_NORD,16700
2024-01-04T23:00Z,IT_NORD,15778
2024-01-05T00:00Z,IT_NORD,15191
2024-01-05T01:00Z,IT_NORD,14794
2024-01-05T02:00Z,IT_NORD,14806
2024-01-05T03:00Z,IT_NORD,15202
2024-01-05T04:00Z,IT_NORD,16592
2024-01-05T05:00Z,IT_NORD,19098
2024-01-05T06:00Z,IT_NORD,21071
2024-01-05T07:00Z,IT_NORD,21873
2024-01-05T08:00Z,IT_NORD,21976
2024-01-05T09:00Z,IT_NORD,21961
2024-01-05T10:00Z,IT_NORD,21799
2024-01-05T11:00Z,IT_NORD,21369
2024-01-05T12:00Z,IT_NORD,21262
2024-01-05T13:00Z,IT_NORD,20910
2024-01-05T14:00Z,IT_NORD,20904
2024-01-05T15:00Z,IT_NORD,21473
2024-01-05T16:00Z,IT_NORD,22550
2024-01-05T17:00Z,IT_NORD,22799
2024-01-05T18:00Z,IT_NORD,21980
2024-01-05T19:00Z,IT_NORD,20885
2024-01-05T20:00Z,IT_NORD,19726
2024-01-05T21:00Z,IT_NORD,18344
2024-01-05T22:00Z,IT_NORD,16969
2024-01-05T23:00Z,IT_NORD,13950
2024-01-06T00:00Z,IT_NORD,13663
2024-01-06T01:00Z,IT_NORD,13438
2024-01-06T02:00Z,IT_NORD,13484
2024-01-06T03:00Z,IT_NORD,13652
2024-01-06T04:00Z,IT_NORD,14368
2024-01-06T05:00Z,IT_NORD,15482
2024-01-06T06:00Z,IT_NORD,16463
2024-01-06T07:00Z,IT_NORD,16878
2024-01-06T08:00Z,IT_NORD,17011
2024-01-06T09:00Z,IT_NORD,17065
2024-01-06T10:00Z,IT_NORD,16969
2024-01-06T11:00Z,IT_NORD,16726
2024-01-06T12:00Z,IT_NORD,16637
2024-01-06T13:00Z,IT_NORD,16492
2024-01-06T14:00Z,IT_NORD,16511
2024-01-06T15:00Z,IT_NORD,16737
2024-01-06T16:00Z,IT_NORD,17195
2024-01-06T17:00Z,IT_NORD,17368
2024-01-06T18:00Z,IT_NORD,16953
2024-01-06T19:00Z,IT_NORD,16346
2024-01-06T20:00Z,IT_NORD,15707
2024-01-06T21:00Z,IT_NORD,14988
2024-01-06T22:00Z,IT_NORD,14336
2024-01-06T23:00Z,IT_NORD,13558
2024-01-07T00:00Z,IT_NORD,13337
2024-01-07T01:00Z,IT_NORD,13135
2024-01-07T02:00Z,IT_NORD,13207
2024-01-07T03:00Z,IT_NORD,13364
2024-01-07T04:00Z,IT_NORD,14071
2024-01-07T05:00Z,IT_NORD,15217
2024-01-07T06:00Z,IT_NORD,16131
2024-01-07T07:00Z,IT_NORD,16496
2024-01-07T08:00Z,IT_NORD,16548
2024-01-07T09:00Z,IT_NORD,16546
2024-01-07T10:00Z,IT_NORD,16543
2024-01-07T11:00Z,IT_NORD,16389
2024-01-07T12:00Z,IT_NORD,16326
2024-01-07T13:00Z,IT_NORD,16245
2024-01-07T14:00Z,IT_NORD,16256
2024-01-07T15:00Z,IT_NORD,16602
2024-01-07T16:00Z,IT_NORD,17203
2024-01-07T17:00Z,IT_NORD,17205
2024-01-07T18:00Z,IT_NORD,16831
2024-01-07T19:00Z,IT_NORD,16243
2024-01-07T20:00Z,IT_NORD,15620
2024-01-07T21:00Z,IT_NORD,14913
2024-01-07T22:00Z,IT_NORD,14286
2024-01-07T23:00Z,IT_NORD,15315
2024-01-08T00:00Z,IT_NORD,14762
2024-01-08T01:00Z,IT_NORD,14398
2024-01-08T02:00Z,IT_NORD,14418
2024-01-08T03:00Z,IT_NORD,14810
2024-01-08T04:00Z,IT_NORD,16118
2024-01-08T05:00Z,IT_NORD,18474
2024-01-08T06:00Z,IT_NORD,20427
2024-01-08T07:00Z,IT_NORD,21187
2024-01-08T08:00Z,IT_NORD,21320
2024-01-08T09:00Z,IT_NORD,21376
2024-01-08T10:00Z,IT_NORD,21250
2024-01-08T11:00Z,IT_NORD,20848
2024-01-08T12:00Z,IT_NORD,20578
2024-01-08T13:00Z,IT_NORD,20352
2024-01-08T14:00Z,IT_NORD,20481
2024-01-08T15:00Z,IT_NORD,21007
2024-01-08T16:00Z,IT_NORD,22209
2024-01-08T17:00Z,IT_NORD,22400
2024-01-08T18:00Z,IT_NORD,21537
2024-01-08T19:00Z,IT_NORD,20382
2024-01-08T20:00Z,IT_NORD,19181
2024-01-08T21:00Z,IT_NORD,17905
2024-01-08T22:00Z,IT_NORD,16559
2024-01-08T23:00Z,IT_NORD,15393
2024-01-09T00:00Z,IT_NORD,14771
2024-01-09T01:00Z,IT_NORD,14374
2024-01-09T02:00Z,IT_NORD,14389
2024-01-09T03:00Z,IT_NORD,14666
2024-01-09T04:00Z,IT_NORD,16018
2024-01-09T05:00Z,IT_NORD,18326
2024-01-09T06:00Z,IT_NORD,20237
2024-01-09T07:00Z,IT_NORD,21065
2024-01-09T08:00Z,IT_NORD,21278
2024-01-09T09:00Z,IT_NORD,21322
2024-01-09T10:00Z,IT_NORD,21065
2024-01-09T11:00Z,IT_NORD,20693
2024-01-09T12:00Z,IT_NORD,20453
2024-01-09T13:00Z,IT_NORD,20177
2024-01-09T14:00Z,IT_NORD,20249
2024-01-09T15:00Z,IT_NORD,20670
2024-01-09T16:00Z,IT_NORD,21882
2024-01-09T17:00Z,IT_NORD,22075
2024-01-09T18:00Z,IT_NORD,21359
2024-01-09T19:00Z,IT_NORD,20228
2024-01-09T20:00Z,IT_NORD,19008
2024-01-09T21:00Z,IT_NORD,17691
2024-01-09T22:00Z,IT_NORD,16347
2024-01-09T23:00Z,IT_NORD,15271
2024-01-10T00:00Z,IT_NORD,14686
2024-01-10T01:00Z,IT_NORD,14269
2024-01-10T02:00Z,IT_NORD,14240
2024-01-10T03:00Z,IT_NORD,14632
2024-01-10T04:00Z,IT_NORD,15937
2024-01-10T05:00Z,IT_NORD,18244
2024-01-10T06:00Z,IT_NORD,20098
2024-01-10T07:00Z,IT_NORD,20983
2024-01-10T08:00Z,IT_NORD,21199
2024-01-10T09:00Z,IT_NORD,21167
2024-01-10T10:00Z,IT_NORD,21060
2024-01-10T11:00Z,IT_NORD,20704
2024-01-10T12:00Z,IT_NORD,20510
2024-01-10T13:00Z,IT_NORD,20271
2024-01-10T14:00Z,IT_NORD,20160
2024-01-10T15:00Z,IT_NORD,20788
2024-01-10T16:00Z,IT_NORD,22027
2024-01-10T17:00Z,IT_NORD,22180
2024-01-10T18:00Z,IT_NORD,21506
2024-01-10T19:00Z,IT_NORD,20257
2024-01-10T20:00Z,IT_NORD,19133
2024-01-10T21:00Z,IT_NORD,17765
2024-01-10T22:00Z,IT_NORD,16391
2024-01-10T23:00Z,IT_NORD,15511
2024-01-11T00:00Z,IT_NORD,14929
2024-01-11T01:00Z,IT_NORD,14528
2024-01-11T02:00Z,IT_NORD,14478
2024-01-11T03:00Z,IT_NORD,14905
2024-01-11T04:00Z,IT_NORD,16378
2024-01-11T05:00Z,IT_NORD,18659
2024-01-11T06:00Z,IT_NORD,20555
2024-01-11T07:00Z,IT_NORD,21460
2024-01-11T08:00Z,IT_NORD,21663
2024-01-11T09:00Z,IT_NORD,21570
2024-01-11T10:00Z,IT_NORD,21231
2024-01-11T11:00Z,IT_NORD,20859
2024-01-11T12:00Z,IT_NORD,20574
2024-01-11T13:00Z,IT_NORD,20366
2024-01-11T14:00Z,IT_NORD,20440
2024-01-11T15:00Z,IT_NORD,21084
2024-01-11T16:00Z,IT_NORD,22250
2024-01-11T17:00Z,IT_NORD,22415
2024-01-11T18:00Z,IT_NORD,21610
2024-01-11T19:00Z,IT_NORD,20541
2024-01-11T20:00Z,IT_NORD,19343
2024-01-11T21:00Z,IT_NORD,18023
2024-01-11T22:00Z,IT_NORD,16689
2024-01-11T23:00Z,IT_NORD,15749
2024-01-12T00:00Z,IT_NORD,15121
2024-01-12T01:00Z,IT_NORD,14672
2024-01-12T02:00Z,IT_NORD,14658
2024-01-12T03:00Z,IT_NORD,15134
2024-01-12T04:00Z,IT_NORD,16568
2024-01-12T05:00Z,IT_NORD,19033
2024-01-12T06:00Z,IT_NORD,20890
2024-01-12T07:00Z,IT_NORD,21729
2024-01-12T08:00Z,IT_NORD,21876
2024-01-12T09:00Z,IT_NORD,21829
2024-01-12T10:00Z,IT_NORD,21668
2024-01-12T11:00Z,IT_NORD,21205
2024-01-12T12:00Z,IT_NORD,21154
2024-01-12T13:00Z,IT_NORD,20980
2024-01-12T14:00Z,IT_NORD,20989
2024-01-12T15:00Z,IT_NORD,21476
2024-01-12T16:00Z,IT_NORD,22570
2024-01-12T17:00Z,IT_NORD,22863
2024-01-12T18:00Z,IT_NORD,22159
2024-01-12T19:00Z,IT_NORD,20927
2024-01-12T20:00Z,IT_NORD,19792
2024-01-12T21:00Z,IT_NORD,18443
2024-01-12T22:00Z,IT_NORD,17042
2024-01-12T23:00Z,IT_NORD,15484
2024-01-13T00:00Z,IT_NORD,15154
2024-01-13T01:00Z,IT_NORD,14826
2024-01-13T02:00Z,IT_NORD,14795
2024-01-13T03:00Z,IT_NORD,15013
2024-01-13T04:00Z,IT_NORD,15775
2024-01-13T05:00Z,IT_NORD,17070
2024-01-13T06:00Z,IT_NORD,18037
2024-01-13T07:00Z,IT_NORD,18409
2024-01-13T08:00Z,IT_NORD,18600
2024-01-13T09:00Z,IT_NORD,18578
2024-01-13T10:00Z,IT_NORD,18523
2024-01-13T11:00Z,IT_NORD,18414
2024-01-13T12:00Z,IT_NORD,18232
2024-01-13T13:00Z,IT_NORD,18186
2024-01-13T14:00Z,IT_NORD,18067
2024-01-13T15:00Z,IT_NORD,18362
2024-01-13T16:00Z,IT_NORD,18981
2024-01-13T17:00Z,IT_NORD,19079
2024-01-13T18:00Z,IT_NORD,18658
2024-01-13T19:00Z,IT_NORD,18079
2024-01-13T20:00Z,IT_NORD,17538
2024-01-13T21:00Z,IT_NORD,16828
2024-01-13T22:00Z,IT_NORD,16082
2024-01-13T23:00Z,IT_NORD,13693
2024-01-14T00:00Z,IT_NORD,13415
2024-01-14T01:00Z,IT_NORD,13157
2024-01-14T02:00Z,IT_NORD,13183
2024-01-14T03:00Z,IT_NORD,13318
2024-01-14T04:00Z,IT_NORD,14001
2024-01-14T05:00Z,IT_NORD,15119
2024-01-14T06:00Z,IT_NORD,16131
2024-01-14T07:00Z,IT_NORD,16496
2024-01-14T08:00Z,IT_NORD,16641
2024-01-14T09:00Z,IT_NORD,16490
2024-01-14T10:00Z,IT_NORD,16402
2024-01-14T11:00Z,IT_NORD,16214
2024-01-14T12:00Z,IT_NORD,16111
2024-01-14T13:00Z,IT_NORD,16024
2024-01-14T14:00Z,IT_NORD,16041
2024-01-14T15:00Z,IT_NORD,16283
2024-01-14T16:00Z,IT_NORD,16926
2024-01-14T17:00Z,IT_NORD,16962
2024-01-14T18:00Z,IT_NORD,16617
2024-01-14T19:00Z,IT_NORD,16051
2024-01-14T20:00Z,IT_NORD,15530
2024-01-14T21:00Z,IT_NORD,14896
2024-01-14T22:00Z,IT_NORD,14249
2024-01-14T23:00Z,IT_NORD,15831
2024-01-15T00:00Z,IT_NORD,15229
2024-01-15T01:00Z,IT_NORD,14792
2024-01-15T02:00Z,IT_NORD,14802
2024-01-15T03:00Z,IT_NORD,15222
2024-01-15T04:00Z,IT_NORD,16603
2024-01-15T05:00Z,IT_NORD,18951
2024-01-15T06:00Z,IT_NORD,20839
2024-01-15T07:00Z,IT_NORD,21675
2024-01-15T08:00Z,IT_NORD,21783
2024-01-15T09:00Z,IT_NORD,21819
2024-01-15T10:00Z,IT_NORD,21634
2024-01-15T11:00Z,IT_NORD,21255
2024-01-15T12:00Z,IT_NORD,21103
2024-01-15T13:00Z,IT_NORD,20903
2024-01-15T14:00Z,IT_NORD,20903
2024-01-15T15:00Z,IT_NORD,21580
2024-01-15T16:00Z,IT_NORD,22769
2024-01-15T17:00Z,IT_NORD,22934
2024-01-15T18:00Z,IT_NORD,22040
2024-01-15T19:00Z,IT_NORD,20769
2024-01-15T20:00Z,IT_NORD,19612
2024-01-15T21:00Z,IT_NORD,18218
2024-01-15T22:00Z,IT_NORD,16924
2024-01-15T23:00Z,IT_NORD,15927
2024-01-16T00:00Z,IT_NORD,15293
2024-01-16T01:00Z,IT_NORD,14976
2024-01-16T02:00Z,IT_NORD,15009
2024-01-16T03:00Z,IT_NORD,15355
2024-01-16T04:00Z,IT_NORD,16672
2024-01-16T05:00Z,IT_NORD,19073
2024-01-16T06:00Z,IT_NORD,21093
2024-01-16T07:00Z,IT_NORD,22003
2024-01-16T08:00Z,IT_NORD,22255
2024-01-16T09:00Z,IT_NORD,22197
2024-01-16T10:00Z,IT_NORD,21918
2024-01-16T11:00Z,IT_NORD,21573
2024-01-16T12:00Z,IT_NORD,21305
2024-01-16T13:00Z,IT_NORD,21128
2024-01-16T14:00Z,IT_NORD,21047
2024-01-16T15:00Z,IT_NORD,21565
2024-01-16T16:00Z,IT_NORD,22690
2024-01-16T17:00Z,IT_NORD,22959
2024-01-16T18:00Z,IT_NORD,22265
2024-01-16T19:00Z,IT_NORD,21126
2024-01-16T20:00Z,IT_NORD,20008
2024-01-16T21:00Z,IT_NORD,18574
2024-01-16T22:00Z,IT_NORD,17224
2024-01-16T23:00Z,IT_NORD,16081
2024-01-17T00:00Z,IT_NORD,15518
2024-01-17T01:00Z,IT_NORD,15082
2024-01-17T02:00Z,IT_NORD,15109
2024-01-17T03:00Z,IT_NORD,15547
2024-01-17T04:00Z,IT_NORD,16841
2024-01-17T05:00Z,IT_NORD,19244
2024-01-17T06:00Z,IT_NORD,21204
2024-01-17T07:00Z,IT_NORD,21945
2024-01-17T08:00Z,IT_NORD,22217
2024-01-17T09:00Z,IT_NORD,22182
2024-01-17T10:00Z,IT_NORD,22034
2024-01-17T11:00Z,IT_NORD,21633
2024-01-17T12:00Z,IT_NORD,21399
2024-01-17T13:00Z,IT_NORD,21232
2024-01-17T14:00Z,IT_NORD,21262
2024-01-17T15:00Z,IT_NORD,21750
2024-01-17T16:00Z,IT_NORD,22973
2024-01-17T17:00Z,IT_NORD,23295
2024-01-17T18:00Z,IT_NORD,22494
2024-01-17T19:00Z,IT_NORD,21366
2024-01-17T20:00Z,IT_NORD,20235
2024-01-17T21:00Z,IT_NORD,18799
2024-01-17T22:00Z,IT_NORD,17351
2024-01-17T23:00Z,IT_NORD,16179
2024-01-18T00:00Z,IT_NORD,15539
2024-01-18T01:00Z,IT_NORD,15079
2024-01-18T02:00Z,IT_NORD,15143
2024-01-18T03:00Z,IT_NORD,15501
2024-01-18T04:00Z,IT_NORD,16961
2024-01-18T05:00Z,IT_NORD,19425
2024-01-18T06:00Z,IT_NORD,21400
2024-01-18T07:00Z,IT_NORD,22188
2024-01-18T08:00Z,IT_NORD,22399
2024-01-18T09:00Z,IT_NORD,22325
2024-01-18T10:00Z,IT_NORD,22071
2024-01-18T11:00Z,IT_NORD,21622
2024-01-18T12:00Z,IT_NORD,21554
2024-01-18T13:00Z,IT_NORD,21333
2024-01-18T14:00Z,IT_NORD,21338
2024-01-18T15:00Z,IT_NORD,22000
2024-01-18T16:00Z,IT_NORD,23267
2024-01-18T17:00Z,IT_NORD,23423
2024-01-18T18:00Z,IT_NORD,22616
2024-01-18T19:00Z,IT_NORD,21364
2024-01-18T20:00Z,IT_NORD,20080
2024-01-18T21:00Z,IT_NORD,18722
2024-01-18T22:00Z,IT_NORD,17366
2024-01-18T23:00Z,IT_NORD,15857
2024-01-19T00:00Z,IT_NORD,15248
2024-01-19T01:00Z,IT_NORD,14871
2024-01-19T02:00Z,IT_NORD,14871
2024-01-19T03:00Z,IT_NORD,15265
2024-01-19T04:00Z,IT_NORD,16605
2024-01-19T05:00Z,IT_NORD,19015
2024-01-19T06:00Z,IT_NORD,20899
2024-01-19T07:00Z,IT_NORD,21652
2024-01-19T08:00Z,IT_NORD,21879
2024-01-19T09:00Z,IT_NORD,21968
2024-01-19T10:00Z,IT_NORD,21791
2024-01-19T11:00Z,IT_NORD,21278
2024-01-19T12:00Z,IT_NORD,21038
2024-01-19T13:00Z,IT_NORD,20935
2024-01-19T14:00Z,IT_NORD,21044
2024-01-19T15:00Z,IT_NORD,21729
2024-01-19T16:00Z,IT_NORD,23048
2024-01-19T17:00Z,IT_NORD,23220
2024-01-19T18:00Z,IT_NORD,22339
2024-01-19T19:00Z,IT_NORD,21080
2024-01-19T20:00Z,IT_NORD,19907
2024-01-19T21:00Z,IT_NORD,18627
2024-01-19T22:00Z,IT_NORD,17169
2024-01-19T23:00Z,IT_NORD,15286
2024-01-20T00:00Z,IT_NORD,14969
2024-01-20T01:00Z,IT_NORD,14700
2024-01-20T02:00Z,IT_NORD,14764
2024-01-20T03:00Z,IT_NORD,14979
2024-01-20T04:00Z,IT_NORD,15727
2024-01-20T05:00Z,IT_NORD,16945
2024-01-20T06:00Z,IT_NORD,17975
2024-01-20T07:00Z,IT_NORD,18476
2024-01-20T08:00Z,IT_NORD,18595
2024-01-20T09:00Z,IT_NORD,18610
2024-01-20T10:00Z,IT_NORD,18506
2024-01-20T11:00Z,IT_NORD,18219
2024-01-20T12:00Z,IT_NORD,18133
2024-01-20T13:00Z,IT_NORD,17990
2024-01-20T14:00Z,IT_NORD,17832
2024-01-20T15:00Z,IT_NORD,18166
2024-01-20T16:00Z,IT_NORD,18799
2024-01-20T17:00Z,IT_NORD,18929
2024-01-20T18:00Z,IT_NORD,18510
2024-01-20T19:00Z,IT_NORD,17884
2024-01-20T20:00Z,IT_NORD,17259
2024-01-20T21:00Z,IT_NORD,16546
2024-01-20T22:00Z,IT_NORD,15858
2024-01-20T23:00Z,IT_NORD,13735
2024-01-21T00:00Z,IT_NORD,13409
2024-01-21T01:00Z,IT_NORD,13318
2024-01-21T02:00Z,IT_NORD,13208
2024-01-21T03:00Z,IT_NORD,13343
2024-01-21T04:00Z,IT_NORD,14014
2024-01-21T05:00Z,IT_NORD,15132
2024-01-21T06:00Z,IT_NORD,16073
2024-01-21T07:00Z,IT_NORD,16514
2024-01-21T08:00Z,IT_NORD,16570
2024-01-21T09:00Z,IT_NORD,16567
2024-01-21T10:00Z,IT_NORD,16431
2024-01-21T11:00Z,IT_NORD,16360
2024-01-21T12:00Z,IT_NORD,16345
2024-01-21T13:00Z,IT_NORD,16237
2024-01-21T14:00Z,IT_NORD,16185
2024-01-21T15:00Z,IT_NORD,16447
2024-01-21T16:00Z,IT_NORD,16932
2024-01-21T17:00Z,IT_NORD,17055
2024-01-21T18:00Z,IT_NORD,16775
2024-01-21T19:00Z,IT_NORD,16146
2024-01-21T20:00Z,IT_NORD,15605
2024-01-21T21:00Z,IT_NORD,14840
2024-01-21T22:00Z,IT_NORD,14200
2024-01-21T23:00Z,IT_NORD,15275
2024-01-22T00:00Z,IT_NORD,14761
2024-01-22T01:00Z,IT_NORD,14368
2024-01-22T02:00Z,IT_NORD,14424
2024-01-22T03:00Z,IT_NORD,14771
2024-01-22T04:00Z,IT_NORD,16066
2024-01-22T05:00Z,IT_NORD,18362
2024-01-22T06:00Z,IT_NORD,20206
2024-01-22T07:00Z,IT_NORD,20952
2024-01-22T08:00Z,IT_NORD,21161
2024-01-22T09:00Z,IT_NORD,21230
2024-01-22T10:00Z,IT_NORD,21041
2024-01-22T11:00Z,IT_NORD,20689
2024-01-22T12:00Z,IT_NORD,20514
2024-01-22T13:00Z,IT_NORD,20316
2024-01-22T14:00Z,IT_NORD,20408
2024-01-22T15:00Z,IT_NORD,20959
2024-01-22T16:00Z,IT_NORD,22161
2024-01-22T17:00Z,IT_NORD,22261
2024-01-22T18:00Z,IT_NORD,21591
2024-01-22T19:00Z,IT_NORD,20428
2024-01-22T20:00Z,IT_NORD,19127
2024-01-22T21:00Z,IT_NORD,17805
2024-01-22T22:00Z,IT_NORD,16526
2024-01-22T23:00Z,IT_NORD,15314
2024-01-23T00:00Z,IT_NORD,14790
2024-01-23T01:00Z,IT_NORD,14415
2024-01-23T02:00Z,IT_NORD,14396
2024-01-23T03:00Z,IT_NORD,14772
2024-01-23T04:00Z,IT_NORD,16054
2024-01-23T05:00Z,IT_NORD,18266
2024-01-23T06:00Z,IT_NORD,20317
2024-01-23T07:00Z,IT_NORD,21065
2024-01-23T08:00Z,IT_NORD,21219
2024-01-23T09:00Z,IT_NORD,21318
2024-01-23T10:00Z,IT_NORD,21045
2024-01-23T11:00Z,IT_NORD,20664
2024-01-23T12:00Z,IT_NORD,20423
2024-01-23T13:00Z,IT_NORD,20277
2024-01-23T14:00Z,IT_NORD,20379
2024-01-23T15:00Z,IT_NORD,20826
2024-01-23T16:00Z,IT_NORD,21866
2024-01-23T17:00Z,IT_NORD,22029
2024-01-23T18:00Z,IT_NORD,21220
2024-01-23T19:00Z,IT_NORD,20031
2024-01-23T20:00Z,IT_NORD,18994
2024-01-23T21:00Z,IT_NORD,17656
2024-01-23T22:00Z,IT_NORD,16355
2024-01-23T23:00Z,IT_NORD,14565
2024-01-24T00:00Z,IT_NORD,14004
2024-01-24T01:00Z,IT_NORD,13659
2024-01-24T02:00Z,IT_NORD,13640
2024-01-24T03:00Z,IT_NORD,14028
2024-01-24T04:00Z,IT_NORD,15327
2024-01-24T05:00Z,IT_NORD,17603
2024-01-24T06:00Z,IT_NORD,19460
2024-01-24T07:00Z,IT_NORD,20040
2024-01-24T08:00Z,IT_NORD,20206
2024-01-24T09:00Z,IT_NORD,20095
2024-01-24T10:00Z,IT_NORD,19931
2024-01-24T11:00Z,IT_NORD,19707
2024-01-24T12:00Z,IT_NORD,19499
2024-01-24T13:00Z,IT_NORD,19370
2024-01-24T14:00Z,IT_NORD,19454
2024-01-24T15:00Z,IT_NORD,19987
2024-01-24T16:00Z,IT_NORD,21072
2024-01-24T17:00Z,IT_NORD,21318
2024-01-24T18:00Z,IT_NORD,20568
2024-01-24T19:00Z,IT_NORD,19397
2024-01-24T20:00Z,IT_NORD,18370
2024-01-24T21:00Z,IT_NORD,17005
2024-01-24T22:00Z,IT_NORD,15803
2024-01-24T23:00Z,IT_NORD,14543
2024-01-25T00:00Z,IT_NORD,14001
2024-01-25T01:00Z,IT_NORD,13612
2024-01-25T02:00Z,IT_NORD,13654
2024-01-25T03:00Z,IT_NORD,14106
2024-01-25T04:00Z,IT_NORD,15328
2024-01-25T05:00Z,IT_NORD,17444
2024-01-25T06:00Z,IT_NORD,19257
2024-01-25T07:00Z,IT_NORD,20009
2024-01-25T08:00Z,IT_NORD,20265
2024-01-25T09:00Z,IT_NORD,20238
2024-01-25T10:00Z,IT_NORD,20047
2024-01-25T11:00Z,IT_NORD,19612
2024-01-25T12:00Z,IT_NORD,19441
2024-01-25T13:00Z,IT_NORD,19211
2024-01-25T14:00Z,IT_NORD,19219
2024-01-25T15:00Z,IT_NORD,19787
2024-01-25T16:00Z,IT_NORD,20927
2024-01-25T17:00Z,IT_NORD,21025
2024-01-25T18:00Z,IT_NORD,20339
2024-01-25T19:00Z,IT_NORD,19270
2024-01-25T20:00Z,IT_NORD,18238
2024-01-25T21:00Z,IT_NORD,16864
2024-01-25T22:00Z,IT_NORD,15670
2024-01-25T23:00Z,IT_NORD,14697
2024-01-26T00:00Z,IT_NORD,14071
2024-01-26T01:00Z,IT_NORD,13746
2024-01-26T02:00Z,IT_NORD,13756
2024-01-26T03:00Z,IT_NORD,14138
2024-01-26T04:00Z,IT_NORD,15418
2024-01-26T05:00Z,IT_NORD,17696
2024-01-26T06:00Z,IT_NORD,19517
2024-01-26T07:00Z,IT_NORD,20242
2024-01-26T08:00Z,IT_NORD,20347
2024-01-26T09:00Z,IT_NORD,20470
2024-01-26T10:00Z,IT_NORD,20243
2024-01-26T11:00Z,IT_NORD,19877
2024-01-26T12:00Z,IT_NORD,19602
2024-01-26T13:00Z,IT_NORD,19357
2024-01-26T14:00Z,IT_NORD,19335
2024-01-26T15:00Z,IT_NORD,19966
2024-01-26T16:00Z,IT_NORD,21102
2024-01-26T17:00Z,IT_NORD,21304
2024-01-26T18:00Z,IT_NORD,20656
2024-01-26T19:00Z,IT_NORD,19590
2024-01-26T20:00Z,IT_NORD,18543
2024-01-26T21:00Z,IT_NORD,17192
2024-01-26T22:00Z,IT_NORD,15877
2024-01-26T23:00Z,IT_NORD,14519
2024-01-27T00:00Z,IT_NORD,14255
2024-01-27T01:00Z,IT_NORD,14070
2024-01-27T02:00Z,IT_NORD,14115
2024-01-27T03:00Z,IT_NORD,14309
2024-01-27T04:00Z,IT_NORD,14922
2024-01-27T05:00Z,IT_NORD,16059
2024-01-27T06:00Z,IT_NORD,17059
2024-01-27T07:00Z,IT_NORD,17422
2024-01-27T08:00Z,IT_NORD,17471
2024-01-27T09:00Z,IT_NORD,17424
2024-01-27T10:00Z,IT_NORD,17378
2024-01-27T11:00Z,IT_NORD,17220
2024-01-27T12:00Z,IT_NORD,17147
2024-01-27T13:00Z,IT_NORD,17046
2024-01-27T14:00Z,IT_NORD,16989
2024-01-27T15:00Z,IT_NORD,17203
2024-01-27T16:00Z,IT_NORD,17803
2024-01-27T17:00Z,IT_NORD,17882
2024-01-27T18:00Z,IT_NORD,17544
2024-01-27T19:00Z,IT_NORD,16977
2024-01-27T20:00Z,IT_NORD,16424
2024-01-27T21:00Z,IT_NORD,15683
2024-01-27T22:00Z,IT_NORD,15003
2024-01-27T23:00Z,IT_NORD,12860
2024-01-28T00:00Z,IT_NORD,12545
2024-01-28T01:00Z,IT_NORD,12406
2024-01-28T02:00Z,IT_NORD,12367
2024-01-28T03:00Z,IT_NORD,12573
2024-01-28T04:00Z,IT_NORD,13197
2024-01-28T05:00Z,IT_NORD,14294
2024-01-28T06:00Z,IT_NORD,15198
2024-01-28T07:00Z,IT_NORD,15546
2024-01-28T08:00Z,IT_NORD,15683
2024-01-28T09:00Z,IT_NORD,15686
2024-01-28T10:00Z,IT_NORD,15533
2024-01-28T11:00Z,IT_NORD,15402
2024-01-28T12:00Z,IT_NORD,15223
2024-01-28T13:00Z,IT_NORD,15147
2024-01-28T14:00Z,IT_NORD,15165
2024-01-28T15:00Z,IT_NORD,15430
2024-01-28T16:00Z,IT_NORD,15890
2024-01-28T17:00Z,IT_NORD,15918
2024-01-28T18:00Z,IT_NORD,15624
2024-01-28T19:00Z,IT_NORD,15097
2024-01-28T20:00Z,IT_NORD,14659
2024-01-28T21:00Z,IT_NORD,14023
2024-01-28T22:00Z,IT_NORD,13415
2024-01-28T23:00Z,IT_NORD,15064
2024-01-29T00:00Z,IT_NORD,14514
2024-01-29T01:00Z,IT_NORD,14149
2024-01-29T02:00Z,IT_NORD,14176
2024-01-29T03:00Z,IT_NORD,14479
2024-01-29T04:00Z,IT_NORD,15865
2024-01-29T05:00Z,IT_NORD,18062
2024-01-29T06:00Z,IT_NORD,19976
2024-01-29T07:00Z,IT_NORD,20590
2024-01-29T08:00Z,IT_NORD,20884
2024-01-29T09:00Z,IT_NORD,20923
2024-01-29T10:00Z,IT_NORD,20640
2024-01-29T11:00Z,IT_NORD,20276
2024-01-29T12:00Z,IT_NORD,20013
2024-01-29T13:00Z,IT_NORD,19862
2024-01-29T14:00Z,IT_NORD,19763
2024-01-29T15:00Z,IT_NORD,20413
2024-01-29T16:00Z,IT_NORD,21499
2024-01-29T17:00Z,IT_NORD,21770
2024-01-29T18:00Z,IT_NORD,21096
2024-01-29T19:00Z,IT_NORD,20014
2024-01-29T20:00Z,IT_NORD,18838
2024-01-29T21:00Z,IT_NORD,17489
2024-01-29T22:00Z,IT_NORD,16209
2024-01-29T23:00Z,IT_NORD,15192
2024-01-30T00:00Z,IT_NORD,14610
2024-01-30T01:00Z,IT_NORD,14297
2024-01-30T02:00Z,IT_NORD,14285
2024-01-30T03:00Z,IT_NORD,14659
2024-01-30T04:00Z,IT_NORD,15935
2024-01-30T05:00Z,IT_NORD,18178
2024-01-30T06:00Z,IT_NORD,20049
2024-01-30T07:00Z,IT_NORD,20750
2024-01-30T08:00Z,IT_NORD,20987
2024-01-30T09:00Z,IT_NORD,21046
2024-01-30T10:00Z,IT_NORD,20853
2024-01-30T11:00Z,IT_NORD,20608
2024-01-30T12:00Z,IT_NORD,20480
2024-01-30T13:00Z,IT_NORD,20290
2024-01-30T14:00Z,IT_NORD,20256
2024-01-30T15:00Z,IT_NORD,20909
2024-01-30T16:00Z,IT_NORD,21997
2024-01-30T17:00Z,IT_NORD,22176
2024-01-30T18:00Z,IT_NORD,21361
2024-01-30T19:00Z,IT_NORD,20180
2024-01-30T20:00Z,IT_NORD,19064
2024-01-30T21:00Z,IT_NORD,17737
2024-01-30T22:00Z,IT_NORD,16367
2024-01-30T23:00Z,IT_NORD,14941
2024-01-31T00:00Z,IT_NORD,14371
2024-01-31T01:00Z,IT_NORD,13995
2024-01-31T02:00Z,IT_NORD,13925
2024-01-31T03:00Z,IT_NORD,14286
2024-01-31T04:00Z,IT_NORD,15676
2024-01-31T05:00Z,IT_NORD,17876
2024-01-31T06:00Z,IT_NORD,19700
2024-01-31T07:00Z,IT_NORD,20565
2024-01-31T08:00Z,IT_NORD,20836
2024-01-31T09:00Z,IT_NORD,20812
2024-01-31T10:00Z,IT_NORD,20664
2024-01-31T11:00Z,IT_NORD,20249
2024-01-31T12:00Z,IT_NORD,20040
2024-01-31T13:00Z,IT_NORD,19846
2024-01-31T14:00Z,IT_NORD,19898
2024-01-31T15:00Z,IT_NORD,20495
2024-01-31T16:00Z,IT_NORD,21502
2024-01-31T17:00Z,IT_NORD,21752
2024-01-31T18:00Z,IT_NORD,20988
2024-01-31T19:00Z,IT_NORD,19895
2024-01-31T20:00Z,IT_NORD,18784
2024-01-31T21:00Z,IT_NORD,17507
2024-01-31T22:00Z,IT_NORD,16212
2024-01-31T23:00Z,IT_NORD,15633
2024-02-01T00:00Z,IT_NORD,15028
2024-02-01T01:00Z,IT_NORD,14600
2024-02-01T02:00Z,IT_NORD,14637
2024-02-01T03:00Z,IT_NORD,15092
2024-02-01T04:00Z,IT_NORD,16362
2024-02-01T05:00Z,IT_NORD,18670
2024-02-01T06:00Z,IT_NORD,20627
2024-02-01T07:00Z,IT_NORD,21448
2024-02-01T08:00Z,IT_NORD,21605
2024-02-01T09:00Z,IT_NORD,21651
2024-02-01T10:00Z,IT_NORD,21415
2024-02-01T11:00Z,IT_NORD,21094
2024-02-01T12:00Z,IT_NORD,20872
2024-02-01T13:00Z,IT_NORD,20607
2024-02-01T14:00Z,IT_NORD,20506
2024-02-01T15:00Z,IT_NORD,21103
2024-02-01T16:00Z,IT_NORD,22164
2024-02-01T17:00Z,IT_NORD,22311
2024-02-01T18:00Z,IT_NORD,21477
2024-02-01T19:00Z,IT_NORD,20387
2024-02-01T20:00Z,IT_NORD,19217
2024-02-01T21:00Z,IT_NORD,17862
2024-02-01T22:00Z,IT_NORD,16572
2024-02-01T23:00Z,IT_NORD,15636
2024-02-02T00:00Z,IT_NORD,15105
2024-02-02T01:00Z,IT_NORD,14648
2024-02-02T02:00Z,IT_NORD,14694
2024-02-02T03:00Z,IT_NORD,15077
2024-02-02T04:00Z,IT_NORD,16440
2024-02-02T05:00Z,IT_NORD,18711
2024-02-02T06:00Z,IT_NORD,20711
2024-02-02T07:00Z,IT_NORD,21470
2024-02-02T08:00Z,IT_NORD,21677
2024-02-02T09:00Z,IT_NORD,21670
2024-02-02T10:00Z,IT_NORD,21378
2024-02-02T11:00Z,IT_NORD,21118
2024-02-02T12:00Z,IT_NORD,20917
2024-02-02T13:00Z,IT_NORD,20734
2024-02-02T14:00Z,IT_NORD,20776
2024-02-02T15:00Z,IT_NORD,21434
2024-02-02T16:00Z,IT_NORD,22669
2024-02-02T17:00Z,IT_NORD,22790
2024-02-02T18:00Z,IT_NORD,22051
2024-02-02T19:00Z,IT_NORD,20744
2024-02-02T20:00Z,IT_NORD,19514
2024-02-02T21:00Z,IT_NORD,18278
2024-02-02T22:00Z,IT_NORD,16959
2024-02-02T23:00Z,IT_NORD,15073
2024-02-03T00:00Z,IT_NORD,14759
2024-02-03T01:00Z,IT_NORD,14484
2024-02-03T02:00Z,IT_NORD,14539
2024-02-03T03:00Z,IT_NORD,14725
2024-02-03T04:00Z,IT_NORD,15409
2024-02-03T05:00Z,IT_NORD,16663
2024-02-03T06:00Z,IT_NORD,17735
2024-02-03T07:00Z,IT_NORD,18238
2024-02-03T08:00Z,IT_NORD,18335
2024-02-03T09:00Z,IT_NORD,18392
2024-02-03T10:00Z,IT_NORD,18350
2024-02-03T11:00Z,IT_NORD,18136
2024-02-03T12:00Z,IT_NORD,18040
2024-02-03T13:00Z,IT_NORD,17877
2024-02-03T14:00Z,IT_NORD,17914
2024-02-03T15:00Z,IT_NORD,18109
2024-02-03T16:00Z,IT_NORD,18714
2024-02-03T17:00Z,IT_NORD,18857
2024-02-03T18:00Z,IT_NORD,18436
2024-02-03T19:00Z,IT_NORD,17791
2024-02-03T20:00Z,IT_NORD,17258
2024-02-03T21:00Z,IT_NORD,16520
2024-02-03T22:00Z,IT_NORD,15738
2024-02-03T23:00Z,IT_NORD,13916
2024-02-04T00:00Z,IT_NORD,13641
2024-02-04T01:00Z,IT_NORD,13431
2024-02-04T02:00Z,IT_NORD,13434
2024-02-04T03:00Z,IT_NORD,13607
2024-02-04T04:00Z,IT_NORD,14283
2024-02-04T05:00Z,IT_NORD,15409
2024-02-04T06:00Z,IT_NORD,16334
2024-02-04T07:00Z,IT_NORD,16696
2024-02-04T08:00Z,IT_NORD,16777
2024-02-04T09:00Z,IT_NORD,16814
2024-02-04T10:00Z,IT_NORD,16737
2024-02-04T11:00Z,IT_NORD,16611
2024-02-04T12:00Z,IT_NORD,16543
2024-02-04T13:00Z,IT_NORD,16460
2024-02-04T14:00Z,IT_NORD,16427
2024-02-04T15:00Z,IT_NORD,16704
2024-02-04T16:00Z,IT_NORD,17213
2024-02-04T17:00Z,IT_NORD,17342
2024-02-04T18:00Z,IT_NORD,16981
2024-02-04T19:00Z,IT_NORD,16378
2024-02-04T20:00Z,IT_NORD,15803
2024-02-04T21:00Z,IT_NORD,15223
2024-02-04T22:00Z,IT_NORD,14518
2024-02-04T23:00Z,IT_NORD,16214
2024-02-05T00:00Z,IT_NORD,15534
2024-02-05T01:00Z,IT_NORD,15142
2024-02-05T02:00Z,IT_NORD,15190
2024-02-05T03:00Z,IT_NORD,15609
2024-02-05T04:00Z,IT_NORD,16972
2024-02-05T05:00Z,IT_NORD,19381
2024-02-05T06:00Z,IT_NORD,21315
2024-02-05T07:00Z,IT_NORD,22291
2024-02-05T08:00Z,IT_NORD,22447
2024-02-05T09:00Z,IT_NORD,22465
2024-02-05T10:00Z,IT_NORD,22254
2024-02-05T11:00Z,IT_NORD,21893
2024-02-05T12:00Z,IT_NORD,21845
2024-02-05T13:00Z,IT_NORD,21626
2024-02-05T14:00Z,IT_NORD,21492
2024-02-05T15:00Z,IT_NORD,22016
2024-02-05T16:00Z,IT_NORD,23200
2024-02-05T17:00Z,IT_NORD,23451
2024-02-05T18:00Z,IT_NORD,22530
2024-02-05T19:00Z,IT_NORD,21510
2024-02-05T20:00Z,IT_NORD,20275
2024-02-05T21:00Z,IT_NORD,18928
2024-02-05T22:00Z,IT_NORD,17475
2024-02-05T23:00Z,IT_NORD,16156
2024-02-06T00:00Z,IT_NORD,15566
2024-02-06T01:00Z,IT_NORD,15155
2024-02-06T02:00Z,IT_NORD,15120
2024-02-06T03:00Z,IT_NORD,15434
2024-02-06T04:00Z,IT_NORD,16840
2024-02-06T05:00Z,IT_NORD,19302
2024-02-06T06:00Z,IT_NORD,21246
2024-02-06T07:00Z,IT_NORD,22066
2024-02-06T08:00Z,IT_NORD,22228
2024-02-06T09:00Z,IT_NORD,22226
2024-02-06T10:00Z,IT_NORD,22169
2024-02-06T11:00Z,IT_NORD,21690
2024-02-06T12:00Z,IT_NORD,21732
2024-02-06T13:00Z,IT_NORD,21541
2024-02-06T14:00Z,IT_NORD,21540
2024-02-06T15:00Z,IT_NORD,21977
2024-02-06T16:00Z,IT_NORD,22980
2024-02-06T17:00Z,IT_NORD,23236
2024-02-06T18:00Z,IT_NORD,22402
2024-02-06T19:00Z,IT_NORD,21276
2024-02-06T20:00Z,IT_NORD,20078
2024-02-06T21:00Z,IT_NORD,18651
2024-02-06T22:00Z,IT_NORD,17359
2024-02-06T23:00Z,IT_NORD,16343
2024-02-07T00:00Z,IT_NORD,15683
2024-02-07T01:00Z,IT_NORD,15218
2024-02-07T02:00Z,IT_NORD,15225
2024-02-07T03:00Z,IT_NORD,15636
2024-02-07T04:00Z,IT_NORD,17006
2024-02-07T05:00Z,IT_NORD,19365
2024-02-07T06:00Z,IT_NORD,21447
2024-02-07T07:00Z,IT_NORD,22184
2024-02-07T08:00Z,IT_NORD,22410
2024-02-07T09:00Z,IT_NORD,22475
2024-02-07T10:00Z,IT_NORD,22180
2024-02-07T11:00Z,IT_NORD,21800
2024-02-07T12:00Z,IT_NORD,21689
2024-02-07T13:00Z,IT_NORD,21551
2024-02-07T14:00Z,IT_NORD,21510
2024-02-07T15:00Z,IT_NORD,22047
2024-02-07T16:00Z,IT_NORD,23235
2024-02-07T17:00Z,IT_NORD,23468
2024-02-07T18:00Z,IT_NORD,22693
2024-02-07T19:00Z,IT_NORD,21522
2024-02-07T20:00Z,IT_NORD,20318
2024-02-07T21:00Z,IT_NORD,18818
2024-02-07T22:00Z,IT_NORD,17509
2024-02-07T23:00Z,IT_NORD,16264
2024-02-08T00:00Z,IT_NORD,15640
2024-02-08T01:00Z,IT_NORD,15172
2024-02-08T02:00Z,IT_NORD,15218
2024-02-08T03:00Z,IT_NORD,15659
2024-02-08T04:00Z,IT_NORD,17028
2024-02-08T05:00Z,IT_NORD,19510
2024-02-08T06:00Z,IT_NORD,21500
2024-02-08T07:00Z,IT_NORD,22314
2024-02-08T08:00Z,IT_NORD,22475
2024-02-08T09:00Z,IT_NORD,22443
2024-02-08T10:00Z,IT_NORD,22259
2024-02-08T11:00Z,IT_NORD,21889
2024-02-08T12:00Z,IT_NORD,21734
2024-02-08T13:00Z,IT_NORD,21511
2024-02-08T14:00Z,IT_NORD,21545
2024-02-08T15:00Z,IT_NORD,22084
2024-02-08T16:00Z,IT_NORD,23228
2024-02-08T17:00Z,IT_NORD,23502
2024-02-08T18:00Z,IT_NORD,22645
2024-02-08T19:00Z,IT_NORD,21473
2024-02-08T20:00Z,IT_NORD,20281
2024-02-08T21:00Z,IT_NORD,18833
2024-02-08T22:00Z,IT_NORD,17456
2024-02-08T23:00Z,IT_NORD,16216
2024-02-09T00:00Z,IT_NORD,15576
2024-02-09T01:00Z,IT_NORD,15300
2024-02-09T02:00Z,IT_NORD,15282
2024-02-09T03:00Z,IT_NORD,15644
2024-02-09T04:00Z,IT_NORD,17016
2024-02-09T05:00Z,IT_NORD,19470
2024-02-09T06:00Z,IT_NORD,21425
2024-02-09T07:00Z,IT_NORD,22224
2024-02-09T08:00Z,IT_NORD,22519
2024-02-09T09:00Z,IT_NORD,22459
2024-02-09T10:00Z,IT_NORD,22208
2024-02-09T11:00Z,IT_NORD,21933
2024-02-09T12:00Z,IT_NORD,21601
2024-02-09T13:00Z,IT_NORD,21376
2024-02-09T14:00Z,IT_NORD,21338
2024-02-09T15:00Z,IT_NORD,21997
2024-02-09T16:00Z,IT_NORD,23085
2024-02-09T17:00Z,IT_NORD,23305
2024-02-09T18:00Z,IT_NORD,22517
2024-02-09T19:00Z,IT_NORD,21384
2024-02-09T20:00Z,IT_NORD,20201
2024-02-09T21:00Z,IT_NORD,18891
2024-02-09T22:00Z,IT_NORD,17482
2024-02-09T23:00Z,IT_NORD,15403
2024-02-10T00:00Z,IT_NORD,15159
2024-02-10T01:00Z,IT_NORD,14812
2024-02-10T02:00Z,IT_NORD,14704
2024-02-10T03:00Z,IT_NORD,15066
2024-02-10T04:00Z,IT_NORD,15724
2024-02-10T05:00Z,IT_NORD,16924
2024-02-10T06:00Z,IT_NORD,17877
2024-02-10T07:00Z,IT_NORD,18310
2024-02-10T08:00Z,IT_NORD,18456
2024-02-10T09:00Z,IT_NORD,18477
2024-02-10T10:00Z,IT_NORD,18424
2024-02-10T11:00Z,IT_NORD,18351
2024-02-10T12:00Z,IT_NORD,18284
2024-02-10T13:00Z,IT_NORD,18152
2024-02-10T14:00Z,IT_NORD,18220
2024-02-10T15:00Z,IT_NORD,18523
2024-02-10T16:00Z,IT_NORD,19085
2024-02-10T17:00Z,IT_NORD,19175
2024-02-10T18:00Z,IT_NORD,18789
2024-02-10T19:00Z,IT_NORD,18109
2024-02-10T20:00Z,IT_NORD,17497
2024-02-10T21:00Z,IT_NORD,16768
2024-02-10T22:00Z,IT_NORD,15962
2024-02-10T23:00Z,IT_NORD,13800
2024-02-11T00:00Z,IT_NORD,13550
2024-02-11T01:00Z,IT_NORD,13336
2024-02-11T02:00Z,IT_NORD,13268
2024-02-11T03:00Z,IT_NORD,13527
2024-02-11T04:00Z,IT_NORD,14258
2024-02-11T05:00Z,IT_NORD,15352
2024-02-11T06:00Z,IT_NORD,16345
2024-02-11T07:00Z,IT_NORD,16702
2024-02-11T08:00Z,IT_NORD,16743
2024-02-11T09:00Z,IT_NORD,16732
2024-02-11T10:00Z,IT_NORD,16698
2024-02-11T11:00Z,IT_NORD,16479
2024-02-11T12:00Z,IT_NORD,16342
2024-02-11T13:00Z,IT_NORD,16271
2024-02-11T14:00Z,IT_NORD,16263
2024-02-11T15:00Z,IT_NORD,16518
2024-02-11T16:00Z,IT_NORD,17080
2024-02-11T17:00Z,IT_NORD,17286
2024-02-11T18:00Z,IT_NORD,16897
2024-02-11T19:00Z,IT_NORD,16351
2024-02-11T20:00Z,IT_NORD,15783
2024-02-11T21:00Z,IT_NORD,15137
2024-02-11T22:00Z,IT_NORD,14427
2024-02-11T23:00Z,IT_NORD,15619
2024-02-12T00:00Z,IT_NORD,15013
2024-02-12T01:00Z,IT_NORD,14700
2024-02-12T02:00Z,IT_NORD,14629
2024-02-12T03:00Z,IT_NORD,15030
2024-02-12T04:00Z,IT_NORD,16380
2024-02-12T05:00Z,IT_NORD,18659
2024-02-12T06:00Z,IT_NORD,20628
2024-02-12T07:00Z,IT_NORD,21439
2024-02-12T08:00Z,IT_NORD,21613
2024-02-12T09:00Z,IT_NORD,21563
2024-02-12T10:00Z,IT_NORD,21537
2024-02-12T11:00Z,IT_NORD,21248
2024-02-12T12:00Z,IT_NORD,21002
2024-02-12T13:00Z,IT_NORD,20814
2024-02-12T14:00Z,IT_NORD,20765
2024-02-12T15:00Z,IT_NORD,21250
2024-02-12T16:00Z,IT_NORD,22346
2024-02-12T17:00Z,IT_NORD,22516
2024-02-12T18:00Z,IT_NORD,21711
2024-02-12T19:00Z,IT_NORD,20621
2024-02-12T20:00Z,IT_NORD,19523
2024-02-12T21:00Z,IT_NORD,18124
2024-02-12T22:00Z,IT_NORD,16725
2024-02-12T23:00Z,IT_NORD,15485
2024-02-13T00:00Z,IT_NORD,14909
2024-02-13T01:00Z,IT_NORD,14544
2024-02-13T02:00Z,IT_NORD,14497
2024-02-13T03:00Z,IT_NORD,14810
2024-02-13T04:00Z,IT_NORD,16188
2024-02-13T05:00Z,IT_NORD,18497
2024-02-13T06:00Z,IT_NORD,20434
2024-02-13T07:00Z,IT_NORD,21229
2024-02-13T08:00Z,IT_NORD,21435
2024-02-13T09:00Z,IT_NORD,21391
2024-02-13T10:00Z,IT_NORD,21177
2024-02-13T11:00Z,IT_NORD,20784
2024-02-13T12:00Z,IT_NORD,20682
2024-02-13T13:00Z,IT_NORD,20417
2024-02-13T14:00Z,IT_NORD,20432
2024-02-13T15:00Z,IT_NORD,21049
2024-02-13T16:00Z,IT_NORD,22206
2024-02-13T17:00Z,IT_NORD,22328
2024-02-13T18:00Z,IT_NORD,21537
2024-02-13T19:00Z,IT_NORD,20574
2024-02-13T20:00Z,IT_NORD,19392
2024-02-13T21:00Z,IT_NORD,17929
2024-02-13T22:00Z,IT_NORD,16582
2024-02-13T23:00Z,IT_NORD,15170
2024-02-14T00:00Z,IT_NORD,14542
2024-02-14T01:00Z,IT_NORD,14184
2024-02-14T02:00Z,IT_NORD,14148
2024-02-14T03:00Z,IT_NORD,14581
2024-02-14T04:00Z,IT_NORD,15876
2024-02-14T05:00Z,IT_NORD,18106
2024-02-14T06:00Z,IT_NORD,19960
2024-02-14T07:00Z,IT_NORD,20715
2024-02-14T08:00Z,IT_NORD,21032
2024-02-14T09:00Z,IT_NORD,21009
2024-02-14T10:00Z,IT_NORD,20758
2024-02-14T11:00Z,IT_NORD,20512
2024-02-14T12:00Z,IT_NORD,20389
2024-02-14T13:00Z,IT_NORD,20307
2024-02-14T14:00Z,IT_NORD,20317
2024-02-14T15:00Z,IT_NORD,20904
2024-02-14T16:00Z,IT_NORD,21906
2024-02-14T17:00Z,IT_NORD,22125
2024-02-14T18:00Z,IT_NORD,21308
2024-02-14T19:00Z,IT_NORD,20244
2024-02-14T20:00Z,IT_NORD,19118
2024-02-14T21:00Z,IT_NORD,17656
2024-02-14T22:00Z,IT_NORD,16358
2024-02-14T23:00Z,IT_NORD,15259
2024-02-15T00:00Z,IT_NORD,14716
2024-02-15T01:00Z,IT_NORD,14376
2024-02-15T02:00Z,IT_NORD,14380
2024-02-15T03:00Z,IT_NORD,14757
2024-02-15T04:00Z,IT_NORD,16061
2024-02-15T05:00Z,IT_NORD,18314
2024-02-15T06:00Z,IT_NORD,20256
2024-02-15T07:00Z,IT_NORD,21059
2024-02-15T08:00Z,IT_NORD,21234
2024-02-15T09:00Z,IT_NORD,21312
2024-02-15T10:00Z,IT_NORD,21002
2024-02-15T11:00Z,IT_NORD,20721
2024-02-15T12:00Z,IT_NORD,20553
2024-02-15T13:00Z,IT_NORD,20315
2024-02-15T14:00Z,IT_NORD,20236
2024-02-15T15:00Z,IT_NORD,20801
2024-02-15T16:00Z,IT_NORD,21900
2024-02-15T17:00Z,IT_NORD,21947
2024-02-15T18:00Z,IT_NORD,21256
2024-02-15T19:00Z,IT_NORD,20122
2024-02-15T20:00Z,IT_NORD,19259
2024-02-15T21:00Z,IT_NORD,17859
2024-02-15T22:00Z,IT_NORD,16480
2024-02-15T23:00Z,IT_NORD,15487
2024-02-16T00:00Z,IT_NORD,14916
2024-02-16T01:00Z,IT_NORD,14517
2024-02-16T02:00Z,IT_NORD,14547
2024-02-16T03:00Z,IT_NORD,14956
2024-02-16T04:00Z,IT_NORD,16328
2024-02-16T05:00Z,IT_NORD,18596
2024-02-16T06:00Z,IT_NORD,20475
2024-02-16T07:00Z,IT_NORD,21336
2024-02-16T08:00Z,IT_NORD,21546
2024-02-16T09:00Z,IT_NORD,21635
2024-02-16T10:00Z,IT_NORD,21503
2024-02-16T11:00Z,IT_NORD,21127
2024-02-16T12:00Z,IT_NORD,20741
2024-02-16T13:00Z,IT_NORD,20711
2024-02-16T14:00Z,IT_NORD,20712
2024-02-16T15:00Z,IT_NORD,21262
2024-02-16T16:00Z,IT_NORD,22339
2024-02-16T17:00Z,IT_NORD,22433
2024-02-16T18:00Z,IT_NORD,21660
2024-02-16T19:00Z,IT_NORD,20446
2024-02-16T20:00Z,IT_NORD,19379
2024-02-16T21:00Z,IT_NORD,18138
2024-02-16T22:00Z,IT_NORD,16697
2024-02-16T23:00Z,IT_NORD,15097
2024-02-17T00:00Z,IT_NORD,14790
2024-02-17T01:00Z,IT_NORD,14598
2024-02-17T02:00Z,IT_NORD,14615
2024-02-17T03:00Z,IT_NORD,14872
2024-02-17T04:00Z,IT_NORD,15615
2024-02-17T05:00Z,IT_NORD,16865
2024-02-17T06:00Z,IT_NORD,17852
2024-02-17T07:00Z,IT_NORD,18256
2024-02-17T08:00Z,IT_NORD,18336
2024-02-17T09:00Z,IT_NORD,18371
2024-02-17T10:00Z,IT_NORD,18287
2024-02-17T11:00Z,IT_NORD,18092
2024-02-17T12:00Z,IT_NORD,17929
2024-02-17T13:00Z,IT_NORD,17985
2024-02-17T14:00Z,IT_NORD,17879
2024-02-17T15:00Z,IT_NORD,18138
2024-02-17T16:00Z,IT_NORD,18688
2024-02-17T17:00Z,IT_NORD,18838
2024-02-17T18:00Z,IT_NORD,18477
2024-02-17T19:00Z,IT_NORD,17929
2024-02-17T20:00Z,IT_NORD,17279
2024-02-17T21:00Z,IT_NORD,16568
2024-02-17T22:00Z,IT_NORD,15822
2024-02-17T23:00Z,IT_NORD,13948
2024-02-18T00:00Z,IT_NORD,13639
2024-02-18T01:00Z,IT_NORD,13420
2024-02-18T02:00Z,IT_NORD,13413
2024-02-18T03:00Z,IT_NORD,13604
2024-02-18T04:00Z,IT_NORD,14265
2024-02-18T05:00Z,IT_NORD,15287
2024-02-18T06:00Z,IT_NORD,16267
2024-02-18T07:00Z,IT_NORD,16558
2024-02-18T08:00Z,IT_NORD,16727
2024-02-18T09:00Z,IT_NORD,16778
2024-02-18T10:00Z,IT_NORD,16701
2024-02-18T11:00Z,IT_NORD,16649
2024-02-18T12:00Z,IT_NORD,16552
2024-02-18T13:00Z,IT_NORD,16428
2024-02-18T14:00Z,IT_NORD,16384
2024-02-18T15:00Z,IT_NORD,16586
2024-02-18T16:00Z,IT_NORD,17141
2024-02-18T17:00Z,IT_NORD,17233
2024-02-18T18:00Z,IT_NORD,16868
2024-02-18T19:00Z,IT_NORD,16318
2024-02-18T20:00Z,IT_NORD,15811
2024-02-18T21:00Z,IT_NORD,15047
2024-02-18T22:00Z,IT_NORD,14324
2024-02-18T23:00Z,IT_NORD,15787
2024-02-19T00:00Z,IT_NORD,15230
2024-02-19T01:00Z,IT_NORD,14822
2024-02-19T02:00Z,IT_NORD,14748
2024-02-19T03:00Z,IT_NORD,15129
2024-02-19T04:00Z,IT_NORD,16495
2024-02-19T05:00Z,IT_NORD,18858
2024-02-19T06:00Z,IT_NORD,20831
2024-02-19T07:00Z,IT_NORD,21675
2024-02-19T08:00Z,IT_NORD,22027
2024-02-19T09:00Z,IT_NORD,22080
2024-02-19T10:00Z,IT_NORD,21858
2024-02-19T11:00Z,IT_NORD,21471
2024-02-19T12:00Z,IT_NORD,21194
2024-02-19T13:00Z,IT_NORD,20919
2024-02-19T14:00Z,IT_NORD,20938
2024-02-19T15:00Z,IT_NORD,21401
2024-02-19T16:00Z,IT_NORD,22458
2024-02-19T17:00Z,IT_NORD,22650
2024-02-19T18:00Z,IT_NORD,22094
2024-02-19T19:00Z,IT_NORD,21082
2024-02-19T20:00Z,IT_NORD,19887
2024-02-19T21:00Z,IT_NORD,18405
2024-02-19T22:00Z,IT_NORD,16935
2024-02-19T23:00Z,IT_NORD,15452
2024-02-20T00:00Z,IT_NORD,14893
2024-02-20T01:00Z,IT_NORD,14495
2024-02-20T02:00Z,IT_NORD,14468
2024-02-20T03:00Z,IT_NORD,14806
2024-02-20T04:00Z,IT_NORD,16243
2024-02-20T05:00Z,IT_NORD,18557
2024-02-20T06:00Z,IT_NORD,20515
2024-02-20T07:00Z,IT_NORD,21295
2024-02-20T08:00Z,IT_NORD,21509
2024-02-20T09:00Z,IT_NORD,21439
2024-02-20T10:00Z,IT_NORD,21346
2024-02-20T11:00Z,IT_NORD,21049
2024-02-20T12:00Z,IT_NORD,20846
2024-02-20T13:00Z,IT_NORD,20679
2024-02-20T14:00Z,IT_NORD,20631
2024-02-20T15:00Z,IT_NORD,21197
2024-02-20T16:00Z,IT_NORD,22242
2024-02-20T17:00Z,IT_NORD,22331
2024-02-20T18:00Z,IT_NORD,21600
2024-02-20T19:00Z,IT_NORD,20515
2024-02-20T20:00Z,IT_NORD,19415
2024-02-20T21:00Z,IT_NORD,18098
2024-02-20T22:00Z,IT_NORD,16724
2024-02-20T23:00Z,IT_NORD,15668
2024-02-21T00:00Z,IT_NORD,15060
2024-02-21T01:00Z,IT_NORD,14682
2024-02-21T02:00Z,IT_NORD,14670
2024-02-21T03:00Z,IT_NORD,15008
2024-02-21T04:00Z,IT_NORD,16360
2024-02-21T05:00Z,IT_NORD,18598
2024-02-21T06:00Z,IT_NORD,20700
2024-02-21T07:00Z,IT_NORD,21486
2024-02-21T08:00Z,IT_NORD,21787
2024-02-21T09:00Z,IT_NORD,21774
2024-02-21T10:00Z,IT_NORD,21688
2024-02-21T11:00Z,IT_NORD,21213
2024-02-21T12:00Z,IT_NORD,21088
2024-02-21T13:00Z,IT_NORD,20750
2024-02-21T14:00Z,IT_NORD,20711
2024-02-21T15:00Z,IT_NORD,21249
2024-02-21T16:00Z,IT_NORD,22304
2024-02-21T17:00Z,IT_NORD,22455
2024-02-21T18:00Z,IT_NORD,21761
2024-02-21T19:00Z,IT_NORD,20598
2024-02-21T20:00Z,IT_NORD,19571
2024-02-21T21:00Z,IT_NORD,18213
2024-02-21T22:00Z,IT_NORD,16825
2024-02-21T23:00Z,IT_NORD,15587
2024-02-22T00:00Z,IT_NORD,14904
2024-02-22T01:00Z,IT_NORD,14598
2024-02-22T02:00Z,IT_NORD,14558
2024-02-22T03:00Z,IT_NORD,14918
2024-02-22T04:00Z,IT_NORD,16209
2024-02-22T05:00Z,IT_NORD,18467
2024-02-22T06:00Z,IT_NORD,20375
2024-02-22T07:00Z,IT_NORD,21135
2024-02-22T08:00Z,IT_NORD,21317
2024-02-22T09:00Z,IT_NORD,21356
2024-02-22T10:00Z,IT_NORD,21250
2024-02-22T11:00Z,IT_NORD,20967
2024-02-22T12:00Z,IT_NORD,20720
2024-02-22T13:00Z,IT_NORD,20574
2024-02-22T14:00Z,IT_NORD,20697
2024-02-22T15:00Z,IT_NORD,21205
2024-02-22T16:00Z,IT_NORD,22287
2024-02-22T17:00Z,IT_NORD,22399
2024-02-22T18:00Z,IT_NORD,21613
2024-02-22T19:00Z,IT_NORD,20554
2024-02-22T20:00Z,IT_NORD,19533
2024-02-22T21:00Z,IT_NORD,18147
2024-02-22T22:00Z,IT_NORD,16715
2024-02-22T23:00Z,IT_NORD,15823
2024-02-23T00:00Z,IT_NORD,15252
2024-02-23T01:00Z,IT_NORD,14775
2024-02-23T02:00Z,IT_NORD,14711
2024-02-23T03:00Z,IT_NORD,15071
2024-02-23T04:00Z,IT_NORD,16409
2024-02-23T05:00Z,IT_NORD,18707
2024-02-23T06:00Z,IT_NORD,20687
2024-02-23T07:00Z,IT_NORD,21519
2024-02-23T08:00Z,IT_NORD,21774
2024-02-23T09:00Z,IT_NORD,21807
2024-02-23T10:00Z,IT_NORD,21651
2024-02-23T11:00Z,IT_NORD,21383
2024-02-23T12:00Z,IT_NORD,21165
2024-02-23T13:00Z,IT_NORD,21009
2024-02-23T14:00Z,IT_NORD,20845
2024-02-23T15:00Z,IT_NORD,21369
2024-02-23T16:00Z,IT_NORD,22374
2024-02-23T17:00Z,IT_NORD,22549
2024-02-23T18:00Z,IT_NORD,21764
2024-02-23T19:00Z,IT_NORD,20772
2024-02-23T20:00Z,IT_NORD,19664
2024-02-23T21:00Z,IT_NORD,18406
2024-02-23T22:00Z,IT_NORD,16963
2024-02-23T23:00Z,IT_NORD,14839
2024-02-24T00:00Z,IT_NORD,14485
2024-02-24T01:00Z,IT_NORD,14343
2024-02-24T02:00Z,IT_NORD,14346
2024-02-24T03:00Z,IT_NORD,14571
2024-02-24T04:00Z,IT_NORD,15190
2024-02-24T05:00Z,IT_NORD,16419
2024-02-24T06:00Z,IT_NORD,17398
2024-02-24T07:00Z,IT_NORD,17829
2024-02-24T08:00Z,IT_NORD,17936
2024-02-24T09:00Z,IT_NORD,17987
2024-02-24T10:00Z,IT_NORD,17932
2024-02-24T11:00Z,IT_NORD,17808
2024-02-24T12:00Z,IT_NORD,17693
2024-02-24T13:00Z,IT_NORD,17610
2024-02-24T14:00Z,IT_NORD,17696
2024-02-24T15:00Z,IT_NORD,17853
2024-02-24T16:00Z,IT_NORD,18366
2024-02-24T17:00Z,IT_NORD,18458
2024-02-24T18:00Z,IT_NORD,18134
2024-02-24T19:00Z,IT_NORD,17592
2024-02-24T20:00Z,IT_NORD,17012
2024-02-24T21:00Z,IT_NORD,16301
2024-02-24T22:00Z,IT_NORD,15595
2024-02-24T23:00Z,IT_NORD,13727
2024-02-25T00:00Z,IT_NORD,13423
2024-02-25T01:00Z,IT_NORD,13213
2024-02-25T02:00Z,IT_NORD,13259
2024-02-25T03:00Z,IT_NORD,13410
2024-02-25T04:00Z,IT_NORD,14043
2024-02-25T05:00Z,IT_NORD,15160
2024-02-25T06:00Z,IT_NORD,16056
2024-02-25T07:00Z,IT_NORD,16493
2024-02-25T08:00Z,IT_NORD,16606
2024-02-25T09:00Z,IT_NORD,16611
2024-02-25T10:00Z,IT_NORD,16550
2024-02-25T11:00Z,IT_NORD,16382
2024-02-25T12:00Z,IT_NORD,16290
2024-02-25T13:00Z,IT_NORD,16189
2024-02-25T14:00Z,IT_NORD,16111
2024-02-25T15:00Z,IT_NORD,16295
2024-02-25T16:00Z,IT_NORD,16719
2024-02-25T17:00Z,IT_NORD,16837
2024-02-25T18:00Z,IT_NORD,16503
2024-02-25T19:00Z,IT_NORD,15884
2024-02-25T20:00Z,IT_NORD,15295
2024-02-25T21:00Z,IT_NORD,14656
2024-02-25T22:00Z,IT_NORD,14117
2024-02-25T23:00Z,IT_NORD,15417
2024-02-26T00:00Z,IT_NORD,14821
2024-02-26T01:00Z,IT_NORD,14405
2024-02-26T02:00Z,IT_NORD,14431
2024-02-26T03:00Z,IT_NORD,14733
2024-02-26T04:00Z,IT_NORD,16055
2024-02-26T05:00Z,IT_NORD,18407
2024-02-26T06:00Z,IT_NORD,20310
2024-02-26T07:00Z,IT_NORD,21112
2024-02-26T08:00Z,IT_NORD,21397
2024-02-26T09:00Z,IT_NORD,21313
2024-02-26T10:00Z,IT_NORD,21243
2024-02-26T11:00Z,IT_NORD,20863
2024-02-26T12:00Z,IT_NORD,20676
2024-02-26T13:00Z,IT_NORD,20518
2024-02-26T14:00Z,IT_NORD,20436
2024-02-26T15:00Z,IT_NORD,20966
2024-02-26T16:00Z,IT_NORD,21934
2024-02-26T17:00Z,IT_NORD,22126
2024-02-26T18:00Z,IT_NORD,21336
2024-02-26T19:00Z,IT_NORD,20396
2024-02-26T20:00Z,IT_NORD,19255
2024-02-26T21:00Z,IT_NORD,17993
2024-02-26T22:00Z,IT_NORD,16686
2024-02-26T23:00Z,IT_NORD,15563
2024-02-27T00:00Z,IT_NORD,14861
2024-02-27T01:00Z,IT_NORD,14551
2024-02-27T02:00Z,IT_NORD,14504
2024-02-27T03:00Z,IT_NORD,14901
2024-02-27T04:00Z,IT_NORD,16162
2024-02-27T05:00Z,IT_NORD,18372
2024-02-27T06:00Z,IT_NORD,20243
2024-02-27T07:00Z,IT_NORD,21145
2024-02-27T08:00Z,IT_NORD,21546
2024-02-27T09:00Z,IT_NORD,21625
2024-02-27T10:00Z,IT_NORD,21445
2024-02-27T11:00Z,IT_NORD,21012
2024-02-27T12:00Z,IT_NORD,20869
2024-02-27T13:00Z,IT_NORD,20616
2024-02-27T14:00Z,IT_NORD,20567
2024-02-27T15:00Z,IT_NORD,20941
2024-02-27T16:00Z,IT_NORD,21929
2024-02-27T17:00Z,IT_NORD,22113
2024-02-27T18:00Z,IT_NORD,21361
2024-02-27T19:00Z,IT_NORD,20326
2024-02-27T20:00Z,IT_NORD,19259
2024-02-27T21:00Z,IT_NORD,17889
2024-02-27T22:00Z,IT_NORD,16538
2024-02-27T23:00Z,IT_NORD,15267
2024-02-28T00:00Z,IT_NORD,14751
2024-02-28T01:00Z,IT_NORD,14386
2024-02-28T02:00Z,IT_NORD,14300
2024-02-28T03:00Z,IT_NORD,14637
2024-02-28T04:00Z,IT_NORD,15897
2024-02-28T05:00Z,IT_NORD,18144
2024-02-28T06:00Z,IT_NORD,20017
2024-02-28T07:00Z,IT_NORD,20810
2024-02-28T08:00Z,IT_NORD,21018
2024-02-28T09:00Z,IT_NORD,21165
2024-02-28T10:00Z,IT_NORD,21049
2024-02-28T11:00Z,IT_NORD,20737
2024-02-28T12:00Z,IT_NORD,20565
2024-02-28T13:00Z,IT_NORD,20340
2024-02-28T14:00Z,IT_NORD,20309
2024-02-28T15:00Z,IT_NORD,20733
2024-02-28T16:00Z,IT_NORD,21681
2024-02-28T17:00Z,IT_NORD,21861
2024-02-28T18:00Z,IT_NORD,21159
2024-02-28T19:00Z,IT_NORD,20273
2024-02-28T20:00Z,IT_NORD,19178
2024-02-28T21:00Z,IT_NORD,17853
2024-02-28T22:00Z,IT_NORD,16529
2024-02-28T23:00Z,IT_NORD,15470
2024-02-29T00:00Z,IT_NORD,14967
2024-02-29T01:00Z,IT_NORD,14563
2024-02-29T02:00Z,IT_NORD,14542
2024-02-29T03:00Z,IT_NORD,14812
2024-02-29T04:00Z,IT_NORD,16046
2024-02-29T05:00Z,IT_NORD,18312
2024-02-29T06:00Z,IT_NORD,20161
2024-02-29T07:00Z,IT_NORD,21055
2024-02-29T08:00Z,IT_NORD,21333
2024-02-29T09:00Z,IT_NORD,21372
2024-02-29T10:00Z,IT_NORD,21316
2024-02-29T11:00Z,IT_NORD,20973
2024-02-29T12:00Z,IT_NORD,20781
2024-02-29T13:00Z,IT_NORD,20503
2024-02-29T14:00Z,IT_NORD,20534
2024-02-29T15:00Z,IT_NORD,20940
2024-02-29T16:00Z,IT_NORD,21938
2024-02-29T17:00Z,IT_NORD,21956
2024-02-29T18:00Z,IT_NORD,21389
2024-02-29T19:00Z,IT_NORD,20261
2024-02-29T20:00Z,IT_NORD,19158
2024-02-29T21:00Z,IT_NORD,17958
2024-02-29T22:00Z,IT_NORD,16505
2024-02-29T23:00Z,IT_NORD,14979
2024-03-01T00:00Z,IT_NORD,14457
2024-03-01T01:00Z,IT_NORD,14075
2024-03-01T02:00Z,IT_NORD,14066
2024-03-01T03:00Z,IT_NORD,14414
2024-03-01T04:00Z,IT_NORD,15679
2024-03-01T05:00Z,IT_NORD,17935
2024-03-01T06:00Z,IT_NORD,19896
2024-03-01T07:00Z,IT_NORD,20622
2024-03-01T08:00Z,IT_NORD,20868
2024-03-01T09:00Z,IT_NORD,20892
2024-03-01T10:00Z,IT_NORD,20780
2024-03-01T11:00Z,IT_NORD,20519
2024-03-01T12:00Z,IT_NORD,20194
2024-03-01T13:00Z,IT_NORD,20047
2024-03-01T14:00Z,IT_NORD,20008
2024-03-01T15:00Z,IT_NORD,20500
2024-03-01T16:00Z,IT_NORD,21509
2024-03-01T17:00Z,IT_NORD,21670
2024-03-01T18:00Z,IT_NORD,20849
2024-03-01T19:00Z,IT_NORD,19733
2024-03-01T20:00Z,IT_NORD,18731
2024-03-01T21:00Z,IT_NORD,17535
2024-03-01T22:00Z,IT_NORD,16172
2024-03-01T23:00Z,IT_NORD,14747
2024-03-02T00:00Z,IT_NORD,14433
2024-03-02T01:00Z,IT_NORD,14189
2024-03-02T02:00Z,IT_NORD,14117
2024-03-02T03:00Z,IT_NORD,14265
2024-03-02T04:00Z,IT_NORD,14920
2024-03-02T05:00Z,IT_NORD,16055
2024-03-02T06:00Z,IT_NORD,17046
2024-03-02T07:00Z,IT_NORD,17480
2024-03-02T08:00Z,IT_NORD,17688
2024-03-02T09:00Z,IT_NORD,17720
2024-03-02T10:00Z,IT_NORD,17661
2024-03-02T11:00Z,IT_NORD,17573
2024-03-02T12:00Z,IT_NORD,17352
2024-03-02T13:00Z,IT_NORD,17281
2024-03-02T14:00Z,IT_NORD,17295
2024-03-02T15:00Z,IT_NORD,17500
2024-03-02T16:00Z,IT_NORD,17970
2024-03-02T17:00Z,IT_NORD,18113
2024-03-02T18:00Z,IT_NORD,17784
2024-03-02T19:00Z,IT_NORD,17347
2024-03-02T20:00Z,IT_NORD,16791
2024-03-02T21:00Z,IT_NORD,16015
2024-03-02T22:00Z,IT_NORD,15293
2024-03-02T23:00Z,IT_NORD,13238
2024-03-03T00:00Z,IT_NORD,13009
2024-03-03T01:00Z,IT_NORD,12806
2024-03-03T02:00Z,IT_NORD,12760
2024-03-03T03:00Z,IT_NORD,12984
2024-03-03T04:00Z,IT_NORD,13596
2024-03-03T05:00Z,IT_NORD,14556
2024-03-03T06:00Z,IT_NORD,15420
2024-03-03T07:00Z,IT_NORD,15830
2024-03-03T08:00Z,IT_NORD,15965
2024-03-03T09:00Z,IT_NORD,16058
2024-03-03T10:00Z,IT_NORD,15966
2024-03-03T11:00Z,IT_NORD,15829
2024-03-03T12:00Z,IT_NORD,15753
2024-03-03T13:00Z,IT_NORD,15676
2024-03-03T14:00Z,IT_NORD,15638
2024-03-03T15:00Z,IT_NORD,15834
2024-03-03T16:00Z,IT_NORD,16176
2024-03-03T17:00Z,IT_NORD,16354
2024-03-03T18:00Z,IT_NORD,15969
2024-03-03T19:00Z,IT_NORD,15584
2024-03-03T20:00Z,IT_NORD,15137
2024-03-03T21:00Z,IT_NORD,14501
2024-03-03T22:00Z,IT_NORD,13802
2024-03-03T23:00Z,IT_NORD,15453
2024-03-04T00:00Z,IT_NORD,14812
2024-03-04T01:00Z,IT_NORD,14463
2024-03-04T02:00Z,IT_NORD,14403
2024-03-04T03:00Z,IT_NORD,14795
2024-03-04T04:00Z,IT_NORD,16122
2024-03-04T05:00Z,IT_NORD,18450
2024-03-04T06:00Z,IT_NORD,20464
2024-03-04T07:00Z,IT_NORD,21281
2024-03-04T08:00Z,IT_NORD,21481
2024-03-04T09:00Z,IT_NORD,21474
2024-03-04T10:00Z,IT_NORD,21315
2024-03-04T11:00Z,IT_NORD,20949
2024-03-04T12:00Z,IT_NORD,20803
2024-03-04T13:00Z,IT_NORD,20575
2024-03-04T14:00Z,IT_NORD,20501
2024-03-04T15:00Z,IT_NORD,20975
2024-03-04T16:00Z,IT_NORD,21858
2024-03-04T17:00Z,IT_NORD,22006
2024-03-04T18:00Z,IT_NORD,21330
2024-03-04T19:00Z,IT_NORD,20293
2024-03-04T20:00Z,IT_NORD,19255
2024-03-04T21:00Z,IT_NORD,18029
2024-03-04T22:00Z,IT_NORD,16615
2024-03-04T23:00Z,IT_NORD,15704
2024-03-05T00:00Z,IT_NORD,15187
2024-03-05T01:00Z,IT_NORD,14791
2024-03-05T02:00Z,IT_NORD,14816
2024-03-05T03:00Z,IT_NORD,15142
2024-03-05T04:00Z,IT_NORD,16397
2024-03-05T05:00Z,IT_NORD,18672
2024-03-05T06:00Z,IT_NORD,20623
2024-03-05T07:00Z,IT_NORD,21531
2024-03-05T08:00Z,IT_NORD,21839
2024-03-05T09:00Z,IT_NORD,21866
2024-03-05T10:00Z,IT_NORD,21840
2024-03-05T11:00Z,IT_NORD,21563
2024-03-05T12:00Z,IT_NORD,21239
2024-03-05T13:00Z,IT_NORD,21038
2024-03-05T14:00Z,IT_NORD,20975
2024-03-05T15:00Z,IT_NORD,21389
2024-03-05T16:00Z,IT_NORD,22360
2024-03-05T17:00Z,IT_NORD,22394
2024-03-05T18:00Z,IT_NORD,21674
2024-03-05T19:00Z,IT_NORD,20611
2024-03-05T20:00Z,IT_NORD,19533
2024-03-05T21:00Z,IT_NORD,18265
2024-03-05T22:00Z,IT_NORD,16870
2024-03-05T23:00Z,IT_NORD,15715
2024-03-06T00:00Z,IT_NORD,15206
2024-03-06T01:00Z,IT_NORD,14842
2024-03-06T02:00Z,IT_NORD,14835
2024-03-06T03:00Z,IT_NORD,15135
2024-03-06T04:00Z,IT_NORD,16427
2024-03-06T05:00Z,IT_NORD,18706
2024-03-06T06:00Z,IT_NORD,20613
2024-03-06T07:00Z,IT_NORD,21557
2024-03-06T08:00Z,IT_NORD,21772
2024-03-06T09:00Z,IT_NORD,21839
2024-03-06T10:00Z,IT_NORD,21750
2024-03-06T11:00Z,IT_NORD,21380
2024-03-06T12:00Z,IT_NORD,21210
2024-03-06T13:00Z,IT_NORD,20958
2024-03-06T14:00Z,IT_NORD,20937
2024-03-06T15:00Z,IT_NORD,21511
2024-03-06T16:00Z,IT_NORD,22459
2024-03-06T17:00Z,IT_NORD,22584
2024-03-06T18:00Z,IT_NORD,21860
2024-03-06T19:00Z,IT_NORD,20834
2024-03-06T20:00Z,IT_NORD,19800
2024-03-06T21:00Z,IT_NORD,18520
2024-03-06T22:00Z,IT_NORD,17126
2024-03-06T23:00Z,IT_NORD,15879
2024-03-07T00:00Z,IT_NORD,15225
2024-03-07T01:00Z,IT_NORD,14792
2024-03-07T02:00Z,IT_NORD,14799
2024-03-07T03:00Z,IT_NORD,15215
2024-03-07T04:00Z,IT_NORD,16477
2024-03-07T05:00Z,IT_NORD,18653
2024-03-07T06:00Z,IT_NORD,20618
2024-03-07T07:00Z,IT_NORD,21458
2024-03-07T08:00Z,IT_NORD,21784
2024-03-07T09:00Z,IT_NORD,21739
2024-03-07T10:00Z,IT_NORD,21800
2024-03-07T11:00Z,IT_NORD,21429
2024-03-07T12:00Z,IT_NORD,21212
2024-03-07T13:00Z,IT_NORD,21019
2024-03-07T14:00Z,IT_NORD,20958
2024-03-07T15:00Z,IT_NORD,21444
2024-03-07T16:00Z,IT_NORD,22287
2024-03-07T17:00Z,IT_NORD,22489
2024-03-07T18:00Z,IT_NORD,21814
2024-03-07T19:00Z,IT_NORD,20669
2024-03-07T20:00Z,IT_NORD,19621
2024-03-07T21:00Z,IT_NORD,18341
2024-03-07T22:00Z,IT_NORD,16903
2024-03-07T23:00Z,IT_NORD,15601
2024-03-08T00:00Z,IT_NORD,15097
2024-03-08T01:00Z,IT_NORD,14700
2024-03-08T02:00Z,IT_NORD,14653
2024-03-08T03:00Z,IT_NORD,15001
2024-03-08T04:00Z,IT_NORD,16305
2024-03-08T05:00Z,IT_NORD,18545
2024-03-08T06:00Z,IT_NORD,20441
2024-03-08T07:00Z,IT_NORD,21228
2024-03-08T08:00Z,IT_NORD,21676
2024-03-08T09:00Z,IT_NORD,21685
2024-03-08T10:00Z,IT_NORD,21457
2024-03-08T11:00Z,IT_NORD,21008
2024-03-08T12:00Z,IT_NORD,20810
2024-03-08T13:00Z,IT_NORD,20685
2024-03-08T14:00Z,IT_NORD,20713
2024-03-08T15:00Z,IT_NORD,21082
2024-03-08T16:00Z,IT_NORD,21957
2024-03-08T17:00Z,IT_NORD,22141
2024-03-08T18:00Z,IT_NORD,21518
2024-03-08T19:00Z,IT_NORD,20507
2024-03-08T20:00Z,IT_NORD,19587
2024-03-08T21:00Z,IT_NORD,18238
2024-03-08T22:00Z,IT_NORD,16876
2024-03-08T23:00Z,IT_NORD,14765
2024-03-09T00:00Z,IT_NORD,14463
2024-03-09T01:00Z,IT_NORD,14289
2024-03-09T02:00Z,IT_NORD,14188
2024-03-09T03:00Z,IT_NORD,14395
2024-03-09T04:00Z,IT_NORD,15057
2024-03-09T05:00Z,IT_NORD,16180
2024-03-09T06:00Z,IT_NORD,17133
2024-03-09T07:00Z,IT_NORD,17490
2024-03-09T08:00Z,IT_NORD,17696
2024-03-09T09:00Z,IT_NORD,17748
2024-03-09T10:00Z,IT_NORD,17769
2024-03-09T11:00Z,IT_NORD,17657
2024-03-09T12:00Z,IT_NORD,17531
2024-03-09T13:00Z,IT_NORD,17381
2024-03-09T14:00Z,IT_NORD,17315
2024-03-09T15:00Z,IT_NORD,17586
2024-03-09T16:00Z,IT_NORD,18001
2024-03-09T17:00Z,IT_NORD,18070
2024-03-09T18:00Z,IT_NORD,17640
2024-03-09T19:00Z,IT_NORD,17325
2024-03-09T20:00Z,IT_NORD,16740
2024-03-09T21:00Z,IT_NORD,16042
2024-03-09T22:00Z,IT_NORD,15333
2024-03-09T23:00Z,IT_NORD,13537
2024-03-10T00:00Z,IT_NORD,13313
2024-03-10T01:00Z,IT_NORD,13142
2024-03-10T02:00Z,IT_NORD,13103
2024-03-10T03:00Z,IT_NORD,13226
2024-03-10T04:00Z,IT_NORD,13740
2024-03-10T05:00Z,IT_NORD,14901
2024-03-10T06:00Z,IT_NORD,15866
2024-03-10T07:00Z,IT_NORD,16282
2024-03-10T08:00Z,IT_NORD,16349
2024-03-10T09:00Z,IT_NORD,16332
2024-03-10T10:00Z,IT_NORD,16313
2024-03-10T11:00Z,IT_NORD,16114
2024-03-10T12:00Z,IT_NORD,15979
2024-03-10T13:00Z,IT_NORD,15909
2024-03-10T14:00Z,IT_NORD,15957
2024-03-10T15:00Z,IT_NORD,16163
2024-03-10T16:00Z,IT_NORD,16537
2024-03-10T17:00Z,IT_NORD,16639
2024-03-10T18:00Z,IT_NORD,16387
2024-03-10T19:00Z,IT_NORD,15893
2024-03-10T20:00Z,IT_NORD,15375
2024-03-10T21:00Z,IT_NORD,14813
2024-03-10T22:00Z,IT_NORD,14113
2024-03-10T23:00Z,IT_NORD,15285
2024-03-11T00:00Z,IT_NORD,14699
2024-03-11T01:00Z,IT_NORD,14289
2024-03-11T02:00Z,IT_NORD,14207
2024-03-11T03:00Z,IT_NORD,14552
2024-03-11T04:00Z,IT_NORD,15844
2024-03-11T05:00Z,IT_NORD,17910
2024-03-11T06:00Z,IT_NORD,19759
2024-03-11T07:00Z,IT_NORD,20571
2024-03-11T08:00Z,IT_NORD,20933
2024-03-11T09:00Z,IT_NORD,21057
2024-03-11T10:00Z,IT_NORD,20990
2024-03-11T11:00Z,IT_NORD,20622
2024-03-11T12:00Z,IT_NORD,20439
2024-03-11T13:00Z,IT_NORD,20228
2024-03-11T14:00Z,IT_NORD,20181
2024-03-11T15:00Z,IT_NORD,20563
2024-03-11T16:00Z,IT_NORD,21415
2024-03-11T17:00Z,IT_NORD,21606
2024-03-11T18:00Z,IT_NORD,20991
2024-03-11T19:00Z,IT_NORD,20022
2024-03-11T20:00Z,IT_NORD,18952
2024-03-11T21:00Z,IT_NORD,17661
2024-03-11T22:00Z,IT_NORD,16359
2024-03-11T23:00Z,IT_NORD,15183
2024-03-12T00:00Z,IT_NORD,14587
2024-03-12T01:00Z,IT_NORD,14229
2024-03-12T02:00Z,IT_NORD,14249
2024-03-12T03:00Z,IT_NORD,14593
2024-03-12T04:00Z,IT_NORD,15847
2024-03-12T05:00Z,IT_NORD,18030
2024-03-12T06:00Z,IT_NORD,19866
2024-03-12T07:00Z,IT_NORD,20610
2024-03-12T08:00Z,IT_NORD,20912
2024-03-12T09:00Z,IT_NORD,20971
2024-03-12T10:00Z,IT_NORD,20841
2024-03-12T11:00Z,IT_NORD,20526
2024-03-12T12:00Z,IT_NORD,20357
2024-03-12T13:00Z,IT_NORD,20173
2024-03-12T14:00Z,IT_NORD,20145
2024-03-12T15:00Z,IT_NORD,20635
2024-03-12T16:00Z,IT_NORD,21346
2024-03-12T17:00Z,IT_NORD,21395
2024-03-12T18:00Z,IT_NORD,20784
2024-03-12T19:00Z,IT_NORD,19851
2024-03-12T20:00Z,IT_NORD,18789
2024-03-12T21:00Z,IT_NORD,17530
2024-03-12T22:00Z,IT_NORD,16267
2024-03-12T23:00Z,IT_NORD,14806
2024-03-13T00:00Z,IT_NORD,14307
2024-03-13T01:00Z,IT_NORD,13890
2024-03-13T02:00Z,IT_NORD,13767
2024-03-13T03:00Z,IT_NORD,13996
2024-03-13T04:00Z,IT_NORD,15215
2024-03-13T05:00Z,IT_NORD,17234
2024-03-13T06:00Z,IT_NORD,19130
2024-03-13T07:00Z,IT_NORD,20011
2024-03-13T08:00Z,IT_NORD,20325
2024-03-13T09:00Z,IT_NORD,20303
2024-03-13T10:00Z,IT_NORD,20268
2024-03-13T11:00Z,IT_NORD,20062
2024-03-13T12:00Z,IT_NORD,19898
2024-03-13T13:00Z,IT_NORD,19680
2024-03-13T14:00Z,IT_NORD,19611
2024-03-13T15:00Z,IT_NORD,20067
2024-03-13T16:00Z,IT_NORD,20945
2024-03-13T17:00Z,IT_NORD,20978
2024-03-13T18:00Z,IT_NORD,20365
2024-03-13T19:00Z,IT_NORD,19378
2024-03-13T20:00Z,IT_NORD,18372
2024-03-13T21:00Z,IT_NORD,17193
2024-03-13T22:00Z,IT_NORD,15882
2024-03-13T23:00Z,IT_NORD,14765
2024-03-14T00:00Z,IT_NORD,14334
2024-03-14T01:00Z,IT_NORD,13956
2024-03-14T02:00Z,IT_NORD,13886
2024-03-14T03:00Z,IT_NORD,14244
2024-03-14T04:00Z,IT_NORD,15536
2024-03-14T05:00Z,IT_NORD,17616
2024-03-14T06:00Z,IT_NORD,19392
2024-03-14T07:00Z,IT_NORD,20288
2024-03-14T08:00Z,IT_NORD,20495
2024-03-14T09:00Z,IT_NORD,20590
2024-03-14T10:00Z,IT_NORD,20512
2024-03-14T11:00Z,IT_NORD,20183
2024-03-14T12:00Z,IT_NORD,19993
2024-03-14T13:00Z,IT_NORD,19837
2024-03-14T14:00Z,IT_NORD,19865
2024-03-14T15:00Z,IT_NORD,20219
2024-03-14T16:00Z,IT_NORD,21054
2024-03-14T17:00Z,IT_NORD,21175
2024-03-14T18:00Z,IT_NORD,20417
2024-03-14T19:00Z,IT_NORD,19504
2024-03-14T20:00Z,IT_NORD,18410
2024-03-14T21:00Z,IT_NORD,17201
2024-03-14T22:00Z,IT_NORD,15951
2024-03-14T23:00Z,IT_NORD,15085
2024-03-15T00:00Z,IT_NORD,14535
2024-03-15T01:00Z,IT_NORD,14166
2024-03-15T02:00Z,IT_NORD,14102
2024-03-15T03:00Z,IT_NORD,14357
2024-03-15T04:00Z,IT_NORD,15532
2024-03-15T05:00Z,IT_NORD,17651
2024-03-15T06:00Z,IT_NORD,19523
2024-03-15T07:00Z,IT_NORD,20358
2024-03-15T08:00Z,IT_NORD,20707
2024-03-15T09:00Z,IT_NORD,20750
2024-03-15T10:00Z,IT_NORD,20597
2024-03-15T11:00Z,IT_NORD,20294
2024-03-15T12:00Z,IT_NORD,20124
2024-03-15T13:00Z,IT_NORD,20033
2024-03-15T14:00Z,IT_NORD,19978
2024-03-15T15:00Z,IT_NORD,20362
2024-03-15T16:00Z,IT_NORD,21137
2024-03-15T17:00Z,IT_NORD,21228
2024-03-15T18:00Z,IT_NORD,20544
2024-03-15T19:00Z,IT_NORD,19650
2024-03-15T20:00Z,IT_NORD,18679
2024-03-15T21:00Z,IT_NORD,17427
2024-03-15T22:00Z,IT_NORD,16132
2024-03-15T23:00Z,IT_NORD,14217
2024-03-16T00:00Z,IT_NORD,13965
2024-03-16T01:00Z,IT_NORD,13819
2024-03-16T02:00Z,IT_NORD,13812
2024-03-16T03:00Z,IT_NORD,13995
2024-03-16T04:00Z,IT_NORD,14568
2024-03-16T05:00Z,IT_NORD,15705
2024-03-16T06:00Z,IT_NORD,16690
2024-03-16T07:00Z,IT_NORD,17122
2024-03-16T08:00Z,IT_NORD,17261
2024-03-16T09:00Z,IT_NORD,17340
2024-03-16T10:00Z,IT_NORD,17225
2024-03-16T11:00Z,IT_NORD,17071
2024-03-16T12:00Z,IT_NORD,17040
2024-03-16T13:00Z,IT_NORD,16968
2024-03-16T14:00Z,IT_NORD,16950
2024-03-16T15:00Z,IT_NORD,17104
2024-03-16T16:00Z,IT_NORD,17561
2024-03-16T17:00Z,IT_NORD,17706
2024-03-16T18:00Z,IT_NORD,17293
2024-03-16T19:00Z,IT_NORD,16846
2024-03-16T20:00Z,IT_NORD,16241
2024-03-16T21:00Z,IT_NORD,15645
2024-03-16T22:00Z,IT_NORD,14984
2024-03-16T23:00Z,IT_NORD,12996
2024-03-17T00:00Z,IT_NORD,12733
2024-03-17T01:00Z,IT_NORD,12545
2024-03-17T02:00Z,IT_NORD,12559
2024-03-17T03:00Z,IT_NORD,12704
2024-03-17T04:00Z,IT_NORD,13313
2024-03-17T05:00Z,IT_NORD,14244
2024-03-17T06:00Z,IT_NORD,15085
2024-03-17T07:00Z,IT_NORD,15529
2024-03-17T08:00Z,IT_NORD,15698
2024-03-17T09:00Z,IT_NORD,15704
2024-03-17T10:00Z,IT_NORD,15613
2024-03-17T11:00Z,IT_NORD,15471
2024-03-17T12:00Z,IT_NORD,15365
2024-03-17T13:00Z,IT_NORD,15221
2024-03-17T14:00Z,IT_NORD,15257
2024-03-17T15:00Z,IT_NORD,15454
2024-03-17T16:00Z,IT_NORD,15843
2024-03-17T17:00Z,IT_NORD,15878
2024-03-17T18:00Z,IT_NORD,15623
2024-03-17T19:00Z,IT_NORD,15158
2024-03-17T20:00Z,IT_NORD,14715
2024-03-17T21:00Z,IT_NORD,14111
2024-03-17T22:00Z,IT_NORD,13570
2024-03-17T23:00Z,IT_NORD,15215
2024-03-18T00:00Z,IT_NORD,14646
2024-03-18T01:00Z,IT_NORD,14267
2024-03-18T02:00Z,IT_NORD,14211
2024-03-18T03:00Z,IT_NORD,14564
2024-03-18T04:00Z,IT_NORD,15752
2024-03-18T05:00Z,IT_NORD,17911
2024-03-18T06:00Z,IT_NORD,19794
2024-03-18T07:00Z,IT_NORD,20731
2024-03-18T08:00Z,IT_NORD,21001
2024-03-18T09:00Z,IT_NORD,21129
2024-03-18T10:00Z,IT_NORD,21056
2024-03-18T11:00Z,IT_NORD,20861
2024-03-18T12:00Z,IT_NORD,20581
2024-03-18T13:00Z,IT_NORD,20407
2024-03-18T14:00Z,IT_NORD,20376
2024-03-18T15:00Z,IT_NORD,20717
2024-03-18T16:00Z,IT_NORD,21463
2024-03-18T17:00Z,IT_NORD,21542
2024-03-18T18:00Z,IT_NORD,20877
2024-03-18T19:00Z,IT_NORD,19932
2024-03-18T20:00Z,IT_NORD,18983
2024-03-18T21:00Z,IT_NORD,17760
2024-03-18T22:00Z,IT_NORD,16406
2024-03-18T23:00Z,IT_NORD,15102
2024-03-19T00:00Z,IT_NORD,14612
2024-03-19T01:00Z,IT_NORD,14208
2024-03-19T02:00Z,IT_NORD,14215
2024-03-19T03:00Z,IT_NORD,14488
2024-03-19T04:00Z,IT_NORD,15754
2024-03-19T05:00Z,IT_NORD,17758
2024-03-19T06:00Z,IT_NORD,19657
2024-03-19T07:00Z,IT_NORD,20436
2024-03-19T08:00Z,IT_NORD,20878
2024-03-19T09:00Z,IT_NORD,20945
2024-03-19T10:00Z,IT_NORD,20833
2024-03-19T11:00Z,IT_NORD,20605
2024-03-19T12:00Z,IT_NORD,20514
2024-03-19T13:00Z,IT_NORD,20315
2024-03-19T14:00Z,IT_NORD,20279
2024-03-19T15:00Z,IT_NORD,20630
2024-03-19T16:00Z,IT_NORD,21347
2024-03-19T17:00Z,IT_NORD,21415
2024-03-19T18:00Z,IT_NORD,20751
2024-03-19T19:00Z,IT_NORD,19890
2024-03-19T20:00Z,IT_NORD,18964
2024-03-19T21:00Z,IT_NORD,17670
2024-03-19T22:00Z,IT_NORD,16368
2024-03-19T23:00Z,IT_NORD,15192
2024-03-20T00:00Z,IT_NORD,14669
2024-03-20T01:00Z,IT_NORD,14214
2024-03-20T02:00Z,IT_NORD,14243
2024-03-20T03:00Z,IT_NORD,14510
2024-03-20T04:00Z,IT_NORD,15685
2024-03-20T05:00Z,IT_NORD,17798
2024-03-20T06:00Z,IT_NORD,19609
2024-03-20T07:00Z,IT_NORD,20546
2024-03-20T08:00Z,IT_NORD,20937
2024-03-20T09:00Z,IT_NORD,20949
2024-03-20T10:00Z,IT_NORD,20927
2024-03-20T11:00Z,IT_NORD,20688
2024-03-20T12:00Z,IT_NORD,20494
2024-03-20T13:00Z,IT_NORD,20288
2024-03-20T14:00Z,IT_NORD,20211
2024-03-20T15:00Z,IT_NORD,20578
2024-03-20T16:00Z,IT_NORD,21336
2024-03-20T17:00Z,IT_NORD,21312
2024-03-20T18:00Z,IT_NORD,20722
2024-03-20T19:00Z,IT_NORD,19767
2024-03-20T20:00Z,IT_NORD,18773
2024-03-20T21:00Z,IT_NORD,17584
2024-03-20T22:00Z,IT_NORD,16305
2024-03-20T23:00Z,IT_NORD,15298
2024-03-21T00:00Z,IT_NORD,14762
2024-03-21T01:00Z,IT_NORD,14337
2024-03-21T02:00Z,IT_NORD,14262
2024-03-21T03:00Z,IT_NORD,14689
2024-03-21T04:00Z,IT_NORD,15916
2024-03-21T05:00Z,IT_NORD,18071
2024-03-21T06:00Z,IT_NORD,19915
2024-03-21T07:00Z,IT_NORD,20649
2024-03-21T08:00Z,IT_NORD,20994
2024-03-21T09:00Z,IT_NORD,21039
2024-03-21T10:00Z,IT_NORD,20863
2024-03-21T11:00Z,IT_NORD,20653
2024-03-21T12:00Z,IT_NORD,20509
2024-03-21T13:00Z,IT_NORD,20283
2024-03-21T14:00Z,IT_NORD,20309
2024-03-21T15:00Z,IT_NORD,20681
2024-03-21T16:00Z,IT_NORD,21423
2024-03-21T17:00Z,IT_NORD,21442
2024-03-21T18:00Z,IT_NORD,20847
2024-03-21T19:00Z,IT_NORD,19918
2024-03-21T20:00Z,IT_NORD,18960
2024-03-21T21:00Z,IT_NORD,17718
2024-03-21T22:00Z,IT_NORD,16444
2024-03-21T23:00Z,IT_NORD,15272
2024-03-22T00:00Z,IT_NORD,14622
2024-03-22T01:00Z,IT_NORD,14184
2024-03-22T02:00Z,IT_NORD,14129
2024-03-22T03:00Z,IT_NORD,14428
2024-03-22T04:00Z,IT_NORD,15653
2024-03-22T05:00Z,IT_NORD,17767
2024-03-22T06:00Z,IT_NORD,19551
2024-03-22T07:00Z,IT_NORD,20506
2024-03-22T08:00Z,IT_NORD,20840
2024-03-22T09:00Z,IT_NORD,20929
2024-03-22T10:00Z,IT_NORD,20875
2024-03-22T11:00Z,IT_NORD,20588
2024-03-22T12:00Z,IT_NORD,20366
2024-03-22T13:00Z,IT_NORD,20145
2024-03-22T14:00Z,IT_NORD,20141
2024-03-22T15:00Z,IT_NORD,20499
2024-03-22T16:00Z,IT_NORD,21261
2024-03-22T17:00Z,IT_NORD,21335
2024-03-22T18:00Z,IT_NORD,20754
2024-03-22T19:00Z,IT_NORD,19837
2024-03-22T20:00Z,IT_NORD,18886
2024-03-22T21:00Z,IT_NORD,17647
2024-03-22T22:00Z,IT_NORD,16321
2024-03-22T23:00Z,IT_NORD,14435
2024-03-23T00:00Z,IT_NORD,14133
2024-03-23T01:00Z,IT_NORD,13959
2024-03-23T02:00Z,IT_NORD,13972
2024-03-23T03:00Z,IT_NORD,14174
2024-03-23T04:00Z,IT_NORD,14811
2024-03-23T05:00Z,IT_NORD,15894
2024-03-23T06:00Z,IT_NORD,16788
2024-03-23T07:00Z,IT_NORD,17264
2024-03-23T08:00Z,IT_NORD,17429
2024-03-23T09:00Z,IT_NORD,17568
2024-03-23T10:00Z,IT_NORD,17471
2024-03-23T11:00Z,IT_NORD,17459
2024-03-23T12:00Z,IT_NORD,17270
2024-03-23T13:00Z,IT_NORD,17238
2024-03-23T14:00Z,IT_NORD,17050
2024-03-23T15:00Z,IT_NORD,17179
2024-03-23T16:00Z,IT_NORD,17520
2024-03-23T17:00Z,IT_NORD,17629
2024-03-23T18:00Z,IT_NORD,17282
2024-03-23T19:00Z,IT_NORD,16801
2024-03-23T20:00Z,IT_NORD,16286
2024-03-23T21:00Z,IT_NORD,15633
2024-03-23T22:00Z,IT_NORD,15025
2024-03-23T23:00Z,IT_NORD,13163
2024-03-24T00:00Z,IT_NORD,12908
2024-03-24T01:00Z,IT_NORD,12642
2024-03-24T02:00Z,IT_NORD,12643
2024-03-24T03:00Z,IT_NORD,12771
2024-03-24T04:00Z,IT_NORD,13337
2024-03-24T05:00Z,IT_NORD,14355
2024-03-24T06:00Z,IT_NORD,15336
2024-03-24T07:00Z,IT_NORD,15755
2024-03-24T08:00Z,IT_NORD,15900
2024-03-24T09:00Z,IT_NORD,15936
2024-03-24T10:00Z,IT_NORD,15951
2024-03-24T11:00Z,IT_NORD,15829
2024-03-24T12:00Z,IT_NORD,15648
2024-03-24T13:00Z,IT_NORD,15607
2024-03-24T14:00Z,IT_NORD,15551
2024-03-24T15:00Z,IT_NORD,15701
2024-03-24T16:00Z,IT_NORD,15969
2024-03-24T17:00Z,IT_NORD,15961
2024-03-24T18:00Z,IT_NORD,15643
2024-03-24T19:00Z,IT_NORD,15262
2024-03-24T20:00Z,IT_NORD,14865
2024-03-24T21:00Z,IT_NORD,14302
2024-03-24T22:00Z,IT_NORD,13695
2024-03-24T23:00Z,IT_NORD,14842
2024-03-25T00:00Z,IT_NORD,14288
2024-03-25T01:00Z,IT_NORD,13875
2024-03-25T02:00Z,IT_NORD,13825
2024-03-25T03:00Z,IT_NORD,14168
2024-03-25T04:00Z,IT_NORD,15308
2024-03-25T05:00Z,IT_NORD,17331
2024-03-25T06:00Z,IT_NORD,19141
2024-03-25T07:00Z,IT_NORD,19929
2024-03-25T08:00Z,IT_NORD,20217
2024-03-25T09:00Z,IT_NORD,20429
2024-03-25T10:00Z,IT_NORD,20268
2024-03-25T11:00Z,IT_NORD,20064
2024-03-25T12:00Z,IT_NORD,19863
2024-03-25T13:00Z,IT_NORD,19657
2024-03-25T14:00Z,IT_NORD,19660
2024-03-25T15:00Z,IT_NORD,19997
2024-03-25T16:00Z,IT_NORD,20667
2024-03-25T17:00Z,IT_NORD,20716
2024-03-25T18:00Z,IT_NORD,20155
2024-03-25T19:00Z,IT_NORD,19328
2024-03-25T20:00Z,IT_NORD,18432
2024-03-25T21:00Z,IT_NORD,17265
2024-03-25T22:00Z,IT_NORD,16051
2024-03-25T23:00Z,IT_NORD,14339
2024-03-26T00:00Z,IT_NORD,13800
2024-03-26T01:00Z,IT_NORD,13450
2024-03-26T02:00Z,IT_NORD,13346
2024-03-26T03:00Z,IT_NORD,13625
2024-03-26T04:00Z,IT_NORD,14746
2024-03-26T05:00Z,IT_NORD,16729
2024-03-26T06:00Z,IT_NORD,18493
2024-03-26T07:00Z,IT_NORD,19362
2024-03-26T08:00Z,IT_NORD,19687
2024-03-26T09:00Z,IT_NORD,19863
2024-03-26T10:00Z,IT_NORD,19801
2024-03-26T11:00Z,IT_NORD,19636
2024-03-26T12:00Z,IT_NORD,19356
2024-03-26T13:00Z,IT_NORD,19045
2024-03-26T14:00Z,IT_NORD,19089
2024-03-26T15:00Z,IT_NORD,19503
2024-03-26T16:00Z,IT_NORD,20111
2024-03-26T17:00Z,IT_NORD,20110
2024-03-26T18:00Z,IT_NORD,19416
2024-03-26T19:00Z,IT_NORD,18639
2024-03-26T20:00Z,IT_NORD,17678
2024-03-26T21:00Z,IT_NORD,16548
2024-03-26T22:00Z,IT_NORD,15337
2024-03-26T23:00Z,IT_NORD,14443
2024-03-27T00:00Z,IT_NORD,13912
2024-03-27T01:00Z,IT_NORD,13538
2024-03-27T02:00Z,IT_NORD,13431
2024-03-27T03:00Z,IT_NORD,13711
2024-03-27T04:00Z,IT_NORD,14829
2024-03-27T05:00Z,IT_NORD,16785
2024-03-27T06:00Z,IT_NORD,18609
2024-03-27T07:00Z,IT_NORD,19510
2024-03-27T08:00Z,IT_NORD,19826
2024-03-27T09:00Z,IT_NORD,19921
2024-03-27T10:00Z,IT_NORD,19845
2024-03-27T11:00Z,IT_NORD,19509
2024-03-27T12:00Z,IT_NORD,19417
2024-03-27T13:00Z,IT_NORD,19251
2024-03-27T14:00Z,IT_NORD,19140
2024-03-27T15:00Z,IT_NORD,19374
2024-03-27T16:00Z,IT_NORD,20104
2024-03-27T17:00Z,IT_NORD,20119
2024-03-27T18:00Z,IT_NORD,19494
2024-03-27T19:00Z,IT_NORD,18589
2024-03-27T20:00Z,IT_NORD,17815
2024-03-27T21:00Z,IT_NORD,16682
2024-03-27T22:00Z,IT_NORD,15470
2024-03-27T23:00Z,IT_NORD,14698
2024-03-28T00:00Z,IT_NORD,14187
2024-03-28T01:00Z,IT_NORD,13749
2024-03-28T02:00Z,IT_NORD,13685
2024-03-28T03:00Z,IT_NORD,13997
2024-03-28T04:00Z,IT_NORD,15105
2024-03-28T05:00Z,IT_NORD,17113
2024-03-28T06:00Z,IT_NORD,18920
2024-03-28T07:00Z,IT_NORD,19777
2024-03-28T08:00Z,IT_NORD,20104
2024-03-28T09:00Z,IT_NORD,20327
2024-03-28T10:00Z,IT_NORD,20243
2024-03-28T11:00Z,IT_NORD,20043
2024-03-28T12:00Z,IT_NORD,19791
2024-03-28T13:00Z,IT_NORD,19698
2024-03-28T14:00Z,IT_NORD,19672
2024-03-28T15:00Z,IT_NORD,19988
2024-03-28T16:00Z,IT_NORD,20565
2024-03-28T17:00Z,IT_NORD,20664
2024-03-28T18:00Z,IT_NORD,20017
2024-03-28T19:00Z,IT_NORD,19138
2024-03-28T20:00Z,IT_NORD,18203
2024-03-28T21:00Z,IT_NORD,17142
2024-03-28T22:00Z,IT_NORD,15843
2024-03-28T23:00Z,IT_NORD,14639
2024-03-29T00:00Z,IT_NORD,14160
2024-03-29T01:00Z,IT_NORD,13817
2024-03-29T02:00Z,IT_NORD,13720
2024-03-29T03:00Z,IT_NORD,14038
2024-03-29T04:00Z,IT_NORD,15197
2024-03-29T05:00Z,IT_NORD,17198
2024-03-29T06:00Z,IT_NORD,18913
2024-03-29T07:00Z,IT_NORD,19803
2024-03-29T08:00Z,IT_NORD,20101
2024-03-29T09:00Z,IT_NORD,20278
2024-03-29T10:00Z,IT_NORD,20244
2024-03-29T11:00Z,IT_NORD,19877
2024-03-29T12:00Z,IT_NORD,19628
2024-03-29T13:00Z,IT_NORD,19514
2024-03-29T14:00Z,IT_NORD,19420
2024-03-29T15:00Z,IT_NORD,19708
2024-03-29T16:00Z,IT_NORD,20487
2024-03-29T17:00Z,IT_NORD,20526
2024-03-29T18:00Z,IT_NORD,19994
2024-03-29T19:00Z,IT_NORD,19088
2024-03-29T20:00Z,IT_NORD,18316
2024-03-29T21:00Z,IT_NORD,17120
2024-03-29T22:00Z,IT_NORD,15826
2024-03-29T23:00Z,IT_NORD,14175
2024-03-30T00:00Z,IT_NORD,13893
2024-03-30T01:00Z,IT_NORD,13702
2024-03-30T02:00Z,IT_NORD,13640
2024-03-30T03:00Z,IT_NORD,13839
2024-03-30T04:00Z,IT_NORD,14457
2024-03-30T05:00Z,IT_NORD,15503
2024-03-30T06:00Z,IT_NORD,16376
2024-03-30T07:00Z,IT_NORD,16807
2024-03-30T08:00Z,IT_NORD,17043
2024-03-30T09:00Z,IT_NORD,17123
2024-03-30T10:00Z,IT_NORD,17142
2024-03-30T11:00Z,IT_NORD,17033
2024-03-30T12:00Z,IT_NORD,16843
2024-03-30T13:00Z,IT_NORD,16759
2024-03-30T14:00Z,IT_NORD,16677
2024-03-30T15:00Z,IT_NORD,16799
2024-03-30T16:00Z,IT_NORD,17135
2024-03-30T17:00Z,IT_NORD,17246
2024-03-30T18:00Z,IT_NORD,16934
2024-03-30T19:00Z,IT_NORD,16484
2024-03-30T20:00Z,IT_NORD,16025
2024-03-30T21:00Z,IT_NORD,15423
2024-03-30T22:00Z,IT_NORD,14708
2024-03-30T23:00Z,IT_NORD,12858
2024-03-31T00:00Z,IT_NORD,12613
2024-03-31T01:00Z,IT_NORD,12360
2024-03-31T02:00Z,IT_NORD,12523
2024-03-31T03:00Z,IT_NORD,13055
2024-03-31T04:00Z,IT_NORD,13980
2024-03-31T05:00Z,IT_NORD,14856
2024-03-31T06:00Z,IT_NORD,15386
2024-03-31T07:00Z,IT_NORD,15626
2024-03-31T08:00Z,IT_NORD,15645
2024-03-31T09:00Z,IT_NORD,15727
2024-03-31T10:00Z,IT_NORD,15656
2024-03-31T11:00Z,IT_NORD,15485
2024-03-31T12:00Z,IT_NORD,15354
2024-03-31T13:00Z,IT_NORD,15243
2024-03-31T14:00Z,IT_NORD,15438
2024-03-31T15:00Z,IT_NORD,15690
2024-03-31T16:00Z,IT_NORD,15759
2024-03-31T17:00Z,IT_NORD,15402
2024-03-31T18:00Z,IT_NORD,15086
2024-03-31T19:00Z,IT_NORD,14618
2024-03-31T20:00Z,IT_NORD,13997
2024-03-31T21:00Z,IT_NORD,13410
2024-03-31T22:00Z,IT_NORD,12690
2024-03-31T23:00Z,IT_NORD,12491
2024-04-01T00:00Z,IT_NORD,12307
2024-04-01T01:00Z,IT_NORD,12249
2024-04-01T02:00Z,IT_NORD,12341
2024-04-01T03:00Z,IT_NORD,12920
2024-04-01T04:00Z,IT_NORD,13897
2024-04-01T05:00Z,IT_NORD,14738
2024-04-01T06:00Z,IT_NORD,15075
2024-04-01T07:00Z,IT_NORD,15299
2024-04-01T08:00Z,IT_NORD,15417
2024-04-01T09:00Z,IT_NORD,15413
2024-04-01T10:00Z,IT_NORD,15277
2024-04-01T11:00Z,IT_NORD,15167
2024-04-01T12:00Z,IT_NORD,15067
2024-04-01T13:00Z,IT_NORD,15098
2024-04-01T14:00Z,IT_NORD,15340
2024-04-01T15:00Z,IT_NORD,15616
2024-04-01T16:00Z,IT_NORD,15614
2024-04-01T17:00Z,IT_NORD,15333
2024-04-01T18:00Z,IT_NORD,14930
2024-04-01T19:00Z,IT_NORD,14553
2024-04-01T20:00Z,IT_NORD,13936
2024-04-01T21:00Z,IT_NORD,13339
2024-04-01T22:00Z,IT_NORD,14682
2024-04-01T23:00Z,IT_NORD,14146
2024-04-02T00:00Z,IT_NORD,13758
2024-04-02T01:00Z,IT_NORD,13701
2024-04-02T02:00Z,IT_NORD,13971
2024-04-02T03:00Z,IT_NORD,15119
2024-04-02T04:00Z,IT_NORD,17054
2024-04-02T05:00Z,IT_NORD,18759
2024-04-02T06:00Z,IT_NORD,19590
2024-04-02T07:00Z,IT_NORD,19934
2024-04-02T08:00Z,IT_NORD,20083
2024-04-02T09:00Z,IT_NORD,20110
2024-04-02T10:00Z,IT_NORD,19874
2024-04-02T11:00Z,IT_NORD,19761
2024-04-02T12:00Z,IT_NORD,19626
2024-04-02T13:00Z,IT_NORD,19513
2024-04-02T14:00Z,IT_NORD,19741
2024-04-02T15:00Z,IT_NORD,20285
2024-04-02T16:00Z,IT_NORD,20309
2024-04-02T17:00Z,IT_NORD,19723
2024-04-02T18:00Z,IT_NORD,18960
2024-04-02T19:00Z,IT_NORD,18071
2024-04-02T20:00Z,IT_NORD,16965
2024-04-02T21:00Z,IT_NORD,15642
2024-04-02T22:00Z,IT_NORD,14756
2024-04-02T23:00Z,IT_NORD,14290
2024-04-03T00:00Z,IT_NORD,13896
2024-04-03T01:00Z,IT_NORD,13807
2024-04-03T02:00Z,IT_NORD,14152
2024-04-03T03:00Z,IT_NORD,15326
2024-04-03T04:00Z,IT_NORD,17257
2024-04-03T05:00Z,IT_NORD,19010
2024-04-03T06:00Z,IT_NORD,20002
2024-04-03T07:00Z,IT_NORD,20426
2024-04-03T08:00Z,IT_NORD,20594
2024-04-03T09:00Z,IT_NORD,20492
2024-04-03T10:00Z,IT_NORD,20109
2024-04-03T11:00Z,IT_NORD,19982
2024-04-03T12:00Z,IT_NORD,19874
2024-04-03T13:00Z,IT_NORD,19790
2024-04-03T14:00Z,IT_NORD,20028
2024-04-03T15:00Z,IT_NORD,20577
2024-04-03T16:00Z,IT_NORD,20576
2024-04-03T17:00Z,IT_NORD,20096
2024-04-03T18:00Z,IT_NORD,19277
2024-04-03T19:00Z,IT_NORD,18334
2024-04-03T20:00Z,IT_NORD,17199
2024-04-03T21:00Z,IT_NORD,15889
2024-04-03T22:00Z,IT_NORD,14620
2024-04-03T23:00Z,IT_NORD,14102
2024-04-04T00:00Z,IT_NORD,13720
2024-04-04T01:00Z,IT_NORD,13666
2024-04-04T02:00Z,IT_NORD,13892
2024-04-04T03:00Z,IT_NORD,15059
2024-04-04T04:00Z,IT_NORD,16998
2024-04-04T05:00Z,IT_NORD,18762
2024-04-04T06:00Z,IT_NORD,19618
2024-04-04T07:00Z,IT_NORD,20084
2024-04-04T08:00Z,IT_NORD,20215
2024-04-04T09:00Z,IT_NORD,20093
2024-04-04T10:00Z,IT_NORD,19876
2024-04-04T11:00Z,IT_NORD,19646
2024-04-04T12:00Z,IT_NORD,19363
2024-04-04T13:00Z,IT_NORD,19426
2024-04-04T14:00Z,IT_NORD,19686
2024-04-04T15:00Z,IT_NORD,20332
2024-04-04T16:00Z,IT_NORD,20300
2024-04-04T17:00Z,IT_NORD,19687
2024-04-04T18:00Z,IT_NORD,18920
2024-04-04T19:00Z,IT_NORD,18047
2024-04-04T20:00Z,IT_NORD,16859
2024-04-04T21:00Z,IT_NORD,15620
2024-04-04T22:00Z,IT_NORD,14596
2024-04-04T23:00Z,IT_NORD,14124
2024-04-05T00:00Z,IT_NORD,13767
2024-04-05T01:00Z,IT_NORD,13750
2024-04-05T02:00Z,IT_NORD,14100
2024-04-05T03:00Z,IT_NORD,15238
2024-04-05T04:00Z,IT_NORD,17245
2024-04-05T05:00Z,IT_NORD,18972
2024-04-05T06:00Z,IT_NORD,19913
2024-04-05T07:00Z,IT_NORD,20319
2024-04-05T08:00Z,IT_NORD,20378
2024-04-05T09:00Z,IT_NORD,20378
2024-04-05T10:00Z,IT_NORD,20161
2024-04-05T11:00Z,IT_NORD,19902
2024-04-05T12:00Z,IT_NORD,19802
2024-04-05T13:00Z,IT_NORD,19729
2024-04-05T14:00Z,IT_NORD,20018
2024-04-05T15:00Z,IT_NORD,20592
2024-04-05T16:00Z,IT_NORD,20557
2024-04-05T17:00Z,IT_NORD,19965
2024-04-05T18:00Z,IT_NORD,19216
2024-04-05T19:00Z,IT_NORD,18393
2024-04-05T20:00Z,IT_NORD,17185
2024-04-05T21:00Z,IT_NORD,15875
2024-04-05T22:00Z,IT_NORD,14190
2024-04-05T23:00Z,IT_NORD,13907
2024-04-06T00:00Z,IT_NORD,13759
2024-04-06T01:00Z,IT_NORD,13643
2024-04-06T02:00Z,IT_NORD,13728
2024-04-06T03:00Z,IT_NORD,14312
2024-04-06T04:00Z,IT_NORD,15355
2024-04-06T05:00Z,IT_NORD,16241
2024-04-06T06:00Z,IT_NORD,16676
2024-04-06T07:00Z,IT_NORD,16888
2024-04-06T08:00Z,IT_NORD,17013
2024-04-06T09:00Z,IT_NORD,16938
2024-04-06T10:00Z,IT_NORD,16872
2024-04-06T11:00Z,IT_NORD,16796
2024-04-06T12:00Z,IT_NORD,16677
2024-04-06T13:00Z,IT_NORD,16650
2024-04-06T14:00Z,IT_NORD,16816
2024-04-06T15:00Z,IT_NORD,17092
2024-04-06T16:00Z,IT_NORD,17086
2024-04-06T17:00Z,IT_NORD,16754
2024-04-06T18:00Z,IT_NORD,16336
2024-04-06T19:00Z,IT_NORD,16011
2024-04-06T20:00Z,IT_NORD,15427
2024-04-06T21:00Z,IT_NORD,14713
2024-04-06T22:00Z,IT_NORD,12854
2024-04-06T23:00Z,IT_NORD,12555
2024-04-07T00:00Z,IT_NORD,12357
2024-04-07T01:00Z,IT_NORD,12350
2024-04-07T02:00Z,IT_NORD,12451
2024-04-07T03:00Z,IT_NORD,12904
2024-04-07T04:00Z,IT_NORD,13876
2024-04-07T05:00Z,IT_NORD,14747
2024-04-07T06:00Z,IT_NORD,15151
2024-04-07T07:00Z,IT_NORD,15366
2024-04-07T08:00Z,IT_NORD,15395
2024-04-07T09:00Z,IT_NORD,15411
2024-04-07T10:00Z,IT_NORD,15335
2024-04-07T11:00Z,IT_NORD,15227
2024-04-07T12:00Z,IT_NORD,15163
2024-04-07T13:00Z,IT_NORD,15129
2024-04-07T14:00Z,IT_NORD,15240
2024-04-07T15:00Z,IT_NORD,15553
2024-04-07T16:00Z,IT_NORD,15654
2024-04-07T17:00Z,IT_NORD,15402
2024-04-07T18:00Z,IT_NORD,15002
2024-04-07T19:00Z,IT_NORD,14518
2024-04-07T20:00Z,IT_NORD,13944
2024-04-07T21:00Z,IT_NORD,13279
2024-04-07T22:00Z,IT_NORD,14554
2024-04-07T23:00Z,IT_NORD,13966
2024-04-08T00:00Z,IT_NORD,13675
2024-04-08T01:00Z,IT_NORD,13568
2024-04-08T02:00Z,IT_NORD,13885
2024-04-08T03:00Z,IT_NORD,15027
2024-04-08T04:00Z,IT_NORD,16964
2024-04-08T05:00Z,IT_NORD,18645
2024-04-08T06:00Z,IT_NORD,19539
2024-04-08T07:00Z,IT_NORD,20005
2024-04-08T08:00Z,IT_NORD,20048
2024-04-08T09:00Z,IT_NORD,20112
2024-04-08T10:00Z,IT_NORD,19962
2024-04-08T11:00Z,IT_NORD,19757
2024-04-08T12:00Z,IT_NORD,19554
2024-04-08T13:00Z,IT_NORD,19412
2024-04-08T14:00Z,IT_NORD,19656
2024-04-08T15:00Z,IT_NORD,20159
2024-04-08T16:00Z,IT_NORD,20233
2024-04-08T17:00Z,IT_NORD,19661
2024-04-08T18:00Z,IT_NORD,18905
2024-04-08T19:00Z,IT_NORD,18030
2024-04-08T20:00Z,IT_NORD,16852
2024-04-08T21:00Z,IT_NORD,15650
2024-04-08T22:00Z,IT_NORD,14610
2024-04-08T23:00Z,IT_NORD,14131
2024-04-09T00:00Z,IT_NORD,13682
2024-04-09T01:00Z,IT_NORD,13531
2024-04-09T02:00Z,IT_NORD,13834
2024-04-09T03:00Z,IT_NORD,14939
2024-04-09T04:00Z,IT_NORD,16836
2024-04-09T05:00Z,IT_NORD,18507
2024-04-09T06:00Z,IT_NORD,19502
2024-04-09T07:00Z,IT_NORD,19956
2024-04-09T08:00Z,IT_NORD,20068
2024-04-09T09:00Z,IT_NORD,20152
2024-04-09T10:00Z,IT_NORD,20001
2024-04-09T11:00Z,IT_NORD,19702
2024-04-09T12:00Z,IT_NORD,19544
2024-04-09T13:00Z,IT_NORD,19475
2024-04-09T14:00Z,IT_NORD,19655
2024-04-09T15:00Z,IT_NORD,20238
2024-04-09T16:00Z,IT_NORD,20225
2024-04-09T17:00Z,IT_NORD,19745
2024-04-09T18:00Z,IT_NORD,18871
2024-04-09T19:00Z,IT_NORD,18016
2024-04-09T20:00Z,IT_NORD,16892
2024-04-09T21:00Z,IT_NORD,15647
2024-04-09T22:00Z,IT_NORD,14357
2024-04-09T23:00Z,IT_NORD,13764
2024-04-10T00:00Z,IT_NORD,13438
2024-04-10T01:00Z,IT_NORD,13354
2024-04-10T02:00Z,IT_NORD,13612
2024-04-10T03:00Z,IT_NORD,14747
2024-04-10T04:00Z,IT_NORD,16570
2024-04-10T05:00Z,IT_NORD,18289
2024-04-10T06:00Z,IT_NORD,19140
2024-04-10T07:00Z,IT_NORD,19665
2024-04-10T08:00Z,IT_NORD,19825
2024-04-10T09:00Z,IT_NORD,19892
2024-04-10T10:00Z,IT_NORD,19679
2024-04-10T11:00Z,IT_NORD,19561
2024-04-10T12:00Z,IT_NORD,19383
2024-04-10T13:00Z,IT_NORD,19289
2024-04-10T14:00Z,IT_NORD,19416
2024-04-10T15:00Z,IT_NORD,19815
2024-04-10T16:00Z,IT_NORD,19839
2024-04-10T17:00Z,IT_NORD,19311
2024-04-10T18:00Z,IT_NORD,18556
2024-04-10T19:00Z,IT_NORD,17783
2024-04-10T20:00Z,IT_NORD,16715
2024-04-10T21:00Z,IT_NORD,15475
2024-04-10T22:00Z,IT_NORD,14344
2024-04-10T23:00Z,IT_NORD,13823
2024-04-11T00:00Z,IT_NORD,13532
2024-04-11T01:00Z,IT_NORD,13460
2024-04-11T02:00Z,IT_NORD,13646
2024-04-11T03:00Z,IT_NORD,14709
2024-04-11T04:00Z,IT_NORD,16618
2024-04-11T05:00Z,IT_NORD,18392
2024-04-11T06:00Z,IT_NORD,19373
2024-04-11T07:00Z,IT_NORD,19810
2024-04-11T08:00Z,IT_NORD,19950
2024-04-11T09:00Z,IT_NORD,19857
2024-04-11T10:00Z,IT_NORD,19715
2024-04-11T11:00Z,IT_NORD,19547
2024-04-11T12:00Z,IT_NORD,19267
2024-04-11T13:00Z,IT_NORD,19165
2024-04-11T14:00Z,IT_NORD,19372
2024-04-11T15:00Z,IT_NORD,19879
2024-04-11T16:00Z,IT_NORD,19926
2024-04-11T17:00Z,IT_NORD,19328
2024-04-11T18:00Z,IT_NORD,18684
2024-04-11T19:00Z,IT_NORD,17831
2024-04-11T20:00Z,IT_NORD,16703
2024-04-11T21:00Z,IT_NORD,15509
2024-04-11T22:00Z,IT_NORD,14448
2024-04-11T23:00Z,IT_NORD,13920
2024-04-12T00:00Z,IT_NORD,13618
2024-04-12T01:00Z,IT_NORD,13505
2024-04-12T02:00Z,IT_NORD,13789
2024-04-12T03:00Z,IT_NORD,14854
2024-04-12T04:00Z,IT_NORD,16787
2024-04-12T05:00Z,IT_NORD,18543
2024-04-12T06:00Z,IT_NORD,19442
2024-04-12T07:00Z,IT_NORD,19844
2024-04-12T08:00Z,IT_NORD,20014
2024-04-12T09:00Z,IT_NORD,19783
2024-04-12T10:00Z,IT_NORD,19573
2024-04-12T11:00Z,IT_NORD,19393
2024-04-12T12:00Z,IT_NORD,19271
2024-04-12T13:00Z,IT_NORD,19100
2024-04-12T14:00Z,IT_NORD,19351
2024-04-12T15:00Z,IT_NORD,19788
2024-04-12T16:00Z,IT_NORD,19888
2024-04-12T17:00Z,IT_NORD,19334
2024-04-12T18:00Z,IT_NORD,18525
2024-04-12T19:00Z,IT_NORD,17705
2024-04-12T20:00Z,IT_NORD,16587
2024-04-12T21:00Z,IT_NORD,15302
2024-04-12T22:00Z,IT_NORD,13791
2024-04-12T23:00Z,IT_NORD,13507
2024-04-13T00:00Z,IT_NORD,13308
2024-04-13T01:00Z,IT_NORD,13219
2024-04-13T02:00Z,IT_NORD,13413
2024-04-13T03:00Z,IT_NORD,13920
2024-04-13T04:00Z,IT_NORD,14939
2024-04-13T05:00Z,IT_NORD,15827
2024-04-13T06:00Z,IT_NORD,16303
2024-04-13T07:00Z,IT_NORD,16599
2024-04-13T08:00Z,IT_NORD,16673
2024-04-13T09:00Z,IT_NORD,16695
2024-04-13T10:00Z,IT_NORD,16661
2024-04-13T11:00Z,IT_NORD,16606
2024-04-13T12:00Z,IT_NORD,16517
2024-04-13T13:00Z,IT_NORD,16480
2024-04-13T14:00Z,IT_NORD,16566
2024-04-13T15:00Z,IT_NORD,16755
2024-04-13T16:00Z,IT_NORD,16735
2024-04-13T17:00Z,IT_NORD,16489
2024-04-13T18:00Z,IT_NORD,16075
2024-04-13T19:00Z,IT_NORD,15706
2024-04-13T20:00Z,IT_NORD,15120
2024-04-13T21:00Z,IT_NORD,14573
2024-04-13T22:00Z,IT_NORD,12705
2024-04-13T23:00Z,IT_NORD,12403
2024-04-14T00:00Z,IT_NORD,12237
2024-04-14T01:00Z,IT_NORD,12222
2024-04-14T02:00Z,IT_NORD,12280
2024-04-14T03:00Z,IT_NORD,12801
2024-04-14T04:00Z,IT_NORD,13643
2024-04-14T05:00Z,IT_NORD,14494
2024-04-14T06:00Z,IT_NORD,14980
2024-04-14T07:00Z,IT_NORD,15217
2024-04-14T08:00Z,IT_NORD,15325
2024-04-14T09:00Z,IT_NORD,15278
2024-04-14T10:00Z,IT_NORD,15196
2024-04-14T11:00Z,IT_NORD,15112
2024-04-14T12:00Z,IT_NORD,15123
2024-04-14T13:00Z,IT_NORD,14994
2024-04-14T14:00Z,IT_NORD,15137
2024-04-14T15:00Z,IT_NORD,15337
2024-04-14T16:00Z,IT_NORD,15316
2024-04-14T17:00Z,IT_NORD,15040
2024-04-14T18:00Z,IT_NORD,14550
2024-04-14T19:00Z,IT_NORD,14154
2024-04-14T20:00Z,IT_NORD,13659
2024-04-14T21:00Z,IT_NORD,13132
2024-04-14T22:00Z,IT_NORD,14657
2024-04-14T23:00Z,IT_NORD,14090
2024-04-15T00:00Z,IT_NORD,13780
2024-04-15T01:00Z,IT_NORD,13609
2024-04-15T02:00Z,IT_NORD,13884
2024-04-15T03:00Z,IT_NORD,14976
2024-04-15T04:00Z,IT_NORD,16909
2024-04-15T05:00Z,IT_NORD,18612
2024-04-15T06:00Z,IT_NORD,19438
2024-04-15T07:00Z,IT_NORD,19891
2024-04-15T08:00Z,IT_NORD,20082
2024-04-15T09:00Z,IT_NORD,20192
2024-04-15T10:00Z,IT_NORD,20074
2024-04-15T11:00Z,IT_NORD,19844
2024-04-15T12:00Z,IT_NORD,19748
2024-04-15T13:00Z,IT_NORD,19686
2024-04-15T14:00Z,IT_NORD,19867
2024-04-15T15:00Z,IT_NORD,20314
2024-04-15T16:00Z,IT_NORD,20299
2024-04-15T17:00Z,IT_NORD,19648
2024-04-15T18:00Z,IT_NORD,18984
2024-04-15T19:00Z,IT_NORD,18091
2024-04-15T20:00Z,IT_NORD,17006
2024-04-15T21:00Z,IT_NORD,15810
2024-04-15T22:00Z,IT_NORD,14757
2024-04-15T23:00Z,IT_NORD,14192
2024-04-16T00:00Z,IT_NORD,13869
2024-04-16T01:00Z,IT_NORD,13728
2024-04-16T02:00Z,IT_NORD,13973
2024-04-16T03:00Z,IT_NORD,15103
2024-04-16T04:00Z,IT_NORD,17058
2024-04-16T05:00Z,IT_NORD,18656
2024-04-16T06:00Z,IT_NORD,19508
2024-04-16T07:00Z,IT_NORD,19967
2024-04-16T08:00Z,IT_NORD,20092
2024-04-16T09:00Z,IT_NORD,20130
2024-04-16T10:00Z,IT_NORD,19944
2024-04-16T11:00Z,IT_NORD,19764
2024-04-16T12:00Z,IT_NORD,19571
2024-04-16T13:00Z,IT_NORD,19472
2024-04-16T14:00Z,IT_NORD,19658
2024-04-16T15:00Z,IT_NORD,20074
2024-04-16T16:00Z,IT_NORD,20149
2024-04-16T17:00Z,IT_NORD,19568
2024-04-16T18:00Z,IT_NORD,18838
2024-04-16T19:00Z,IT_NORD,18014
2024-04-16T20:00Z,IT_NORD,16987
2024-04-16T21:00Z,IT_NORD,15750
2024-04-16T22:00Z,IT_NORD,14534
2024-04-16T23:00Z,IT_NORD,14006
2024-04-17T00:00Z,IT_NORD,13702
2024-04-17T01:00Z,IT_NORD,13679
2024-04-17T02:00Z,IT_NORD,13965
2024-04-17T03:00Z,IT_NORD,15031
2024-04-17T04:00Z,IT_NORD,16897
2024-04-17T05:00Z,IT_NORD,18589
2024-04-17T06:00Z,IT_NORD,19545
2024-04-17T07:00Z,IT_NORD,20074
2024-04-17T08:00Z,IT_NORD,20233
2024-04-17T09:00Z,IT_NORD,20300
2024-04-17T10:00Z,IT_NORD,20168
2024-04-17T11:00Z,IT_NORD,19882
2024-04-17T12:00Z,IT_NORD,19688
2024-04-17T13:00Z,IT_NORD,19648
2024-04-17T14:00Z,IT_NORD,19693
2024-04-17T15:00Z,IT_NORD,20091
2024-04-17T16:00Z,IT_NORD,20204
2024-04-17T17:00Z,IT_NORD,19564
2024-04-17T18:00Z,IT_NORD,18912
2024-04-17T19:00Z,IT_NORD,18061
2024-04-17T20:00Z,IT_NORD,16918
2024-04-17T21:00Z,IT_NORD,15687
2024-04-17T22:00Z,IT_NORD,14696
2024-04-17T23:00Z,IT_NORD,14153
2024-04-18T00:00Z,IT_NORD,13813
2024-04-18T01:00Z,IT_NORD,13717
2024-04-18T02:00Z,IT_NORD,13968
2024-04-18T03:00Z,IT_NORD,14997
2024-04-18T04:00Z,IT_NORD,16864
2024-04-18T05:00Z,IT_NORD,18703
2024-04-18T06:00Z,IT_NORD,19633
2024-04-18T07:00Z,IT_NORD,20007
2024-04-18T08:00Z,IT_NORD,20034
2024-04-18T09:00Z,IT_NORD,20095
2024-04-18T10:00Z,IT_NORD,19952
2024-04-18T11:00Z,IT_NORD,19790
2024-04-18T12:00Z,IT_NORD,19623
2024-04-18T13:00Z,IT_NORD,19577
2024-04-18T14:00Z,IT_NORD,19810
2024-04-18T15:00Z,IT_NORD,20229
2024-04-18T16:00Z,IT_NORD,20231
2024-04-18T17:00Z,IT_NORD,19728
2024-04-18T18:00Z,IT_NORD,19089
2024-04-18T19:00Z,IT_NORD,18217
2024-04-18T20:00Z,IT_NORD,17134
2024-04-18T21:00Z,IT_NORD,15877
2024-04-18T22:00Z,IT_NORD,14695
2024-04-18T23:00Z,IT_NORD,14073
2024-04-19T00:00Z,IT_NORD,13677
2024-04-19T01:00Z,IT_NORD,13635
2024-04-19T02:00Z,IT_NORD,13866
2024-04-19T03:00Z,IT_NORD,14969
2024-04-19T04:00Z,IT_NORD,16865
2024-04-19T05:00Z,IT_NORD,18577
2024-04-19T06:00Z,IT_NORD,19408
2024-04-19T07:00Z,IT_NORD,19751
2024-04-19T08:00Z,IT_NORD,19892
2024-04-19T09:00Z,IT_NORD,19972
2024-04-19T10:00Z,IT_NORD,19873
2024-04-19T11:00Z,IT_NORD,19776
2024-04-19T12:00Z,IT_NORD,19623
2024-04-19T13:00Z,IT_NORD,19412
2024-04-19T14:00Z,IT_NORD,19498
2024-04-19T15:00Z,IT_NORD,19901
2024-04-19T16:00Z,IT_NORD,19934
2024-04-19T17:00Z,IT_NORD,19425
2024-04-19T18:00Z,IT_NORD,18706
2024-04-19T19:00Z,IT_NORD,17872
2024-04-19T20:00Z,IT_NORD,16861
2024-04-19T21:00Z,IT_NORD,15654
2024-04-19T22:00Z,IT_NORD,14212
2024-04-19T23:00Z,IT_NORD,13932
2024-04-20T00:00Z,IT_NORD,13739
2024-04-20T01:00Z,IT_NORD,13742
2024-04-20T02:00Z,IT_NORD,13844
2024-04-20T03:00Z,IT_NORD,14394
2024-04-20T04:00Z,IT_NORD,15398
2024-04-20T05:00Z,IT_NORD,16256
2024-04-20T06:00Z,IT_NORD,16705
2024-04-20T07:00Z,IT_NORD,17014
2024-04-20T08:00Z,IT_NORD,17195
2024-04-20T09:00Z,IT_NORD,17190
2024-04-20T10:00Z,IT_NORD,17079
2024-04-20T11:00Z,IT_NORD,16908
2024-04-20T12:00Z,IT_NORD,16676
2024-04-20T13:00Z,IT_NORD,16544
2024-04-20T14:00Z,IT_NORD,16690
2024-04-20T15:00Z,IT_NORD,16970
2024-04-20T16:00Z,IT_NORD,17098
2024-04-20T17:00Z,IT_NORD,16756
2024-04-20T18:00Z,IT_NORD,16331
2024-04-20T19:00Z,IT_NORD,15948
2024-04-20T20:00Z,IT_NORD,15342
2024-04-20T21:00Z,IT_NORD,14747
2024-04-20T22:00Z,IT_NORD,12587
2024-04-20T23:00Z,IT_NORD,12314
2024-04-21T00:00Z,IT_NORD,12210
2024-04-21T01:00Z,IT_NORD,12194
2024-04-21T02:00Z,IT_NORD,12377
2024-04-21T03:00Z,IT_NORD,12867
2024-04-21T04:00Z,IT_NORD,13799
2024-04-21T05:00Z,IT_NORD,14561
2024-04-21T06:00Z,IT_NORD,14987
2024-04-21T07:00Z,IT_NORD,15283
2024-04-21T08:00Z,IT_NORD,15318
2024-04-21T09:00Z,IT_NORD,15276
2024-04-21T10:00Z,IT_NORD,15130
2024-04-21T11:00Z,IT_NORD,14993
2024-04-21T12:00Z,IT_NORD,14940
2024-04-21T13:00Z,IT_NORD,14865
2024-04-21T14:00Z,IT_NORD,14916
2024-04-21T15:00Z,IT_NORD,15141
2024-04-21T16:00Z,IT_NORD,15105
2024-04-21T17:00Z,IT_NORD,14833
2024-04-21T18:00Z,IT_NORD,14605
2024-04-21T19:00Z,IT_NORD,14233
2024-04-21T20:00Z,IT_NORD,13709
2024-04-21T21:00Z,IT_NORD,13038
2024-04-21T22:00Z,IT_NORD,14394
2024-04-21T23:00Z,IT_NORD,13857
2024-04-22T00:00Z,IT_NORD,13512
2024-04-22T01:00Z,IT_NORD,13462
2024-04-22T02:00Z,IT_NORD,13750
2024-04-22T03:00Z,IT_NORD,14855
2024-04-22T04:00Z,IT_NORD,16611
2024-04-22T05:00Z,IT_NORD,18242
2024-04-22T06:00Z,IT_NORD,19092
2024-04-22T07:00Z,IT_NORD,19602
2024-04-22T08:00Z,IT_NORD,19808
2024-04-22T09:00Z,IT_NORD,19802
2024-04-22T10:00Z,IT_NORD,19646
2024-04-22T11:00Z,IT_NORD,19547
2024-04-22T12:00Z,IT_NORD,19316
2024-04-22T13:00Z,IT_NORD,19244
2024-04-22T14:00Z,IT_NORD,19396
2024-04-22T15:00Z,IT_NORD,19875
2024-04-22T16:00Z,IT_NORD,19813
2024-04-22T17:00Z,IT_NORD,19276
2024-04-22T18:00Z,IT_NORD,18661
2024-04-22T19:00Z,IT_NORD,17884
2024-04-22T20:00Z,IT_NORD,16869
2024-04-22T21:00Z,IT_NORD,15586
2024-04-22T22:00Z,IT_NORD,14565
2024-04-22T23:00Z,IT_NORD,14039
2024-04-23T00:00Z,IT_NORD,13676
2024-04-23T01:00Z,IT_NORD,13526
2024-04-23T02:00Z,IT_NORD,13750
2024-04-23T03:00Z,IT_NORD,14867
2024-04-23T04:00Z,IT_NORD,16565
2024-04-23T05:00Z,IT_NORD,18266
2024-04-23T06:00Z,IT_NORD,19204
2024-04-23T07:00Z,IT_NORD,19688
2024-04-23T08:00Z,IT_NORD,19866
2024-04-23T09:00Z,IT_NORD,19875
2024-04-23T10:00Z,IT_NORD,19694
2024-04-23T11:00Z,IT_NORD,19467
2024-04-23T12:00Z,IT_NORD,19345
2024-04-23T13:00Z,IT_NORD,19281
2024-04-23T14:00Z,IT_NORD,19555
2024-04-23T15:00Z,IT_NORD,19962
2024-04-23T16:00Z,IT_NORD,19873
2024-04-23T17:00Z,IT_NORD,19319
2024-04-23T18:00Z,IT_NORD,18700
2024-04-23T19:00Z,IT_NORD,17928
2024-04-23T20:00Z,IT_NORD,16849
2024-04-23T21:00Z,IT_NORD,15524
2024-04-23T22:00Z,IT_NORD,14382
2024-04-23T23:00Z,IT_NORD,13852
2024-04-24T00:00Z,IT_NORD,13465
2024-04-24T01:00Z,IT_NORD,13323
2024-04-24T02:00Z,IT_NORD,13519
2024-04-24T03:00Z,IT_NORD,14592
2024-04-24T04:00Z,IT_NORD,16409
2024-04-24T05:00Z,IT_NORD,18021
2024-04-24T06:00Z,IT_NORD,18953
2024-04-24T07:00Z,IT_NORD,19496
2024-04-24T08:00Z,IT_NORD,19822
2024-04-24T09:00Z,IT_NORD,19725
2024-04-24T10:00Z,IT_NORD,19724
2024-04-24T11:00Z,IT_NORD,19552
2024-04-24T12:00Z,IT_NORD,19337
2024-04-24T13:00Z,IT_NORD,19188
2024-04-24T14:00Z,IT_NORD,19350
2024-04-24T15:00Z,IT_NORD,19726
2024-04-24T16:00Z,IT_NORD,19643
2024-04-24T17:00Z,IT_NORD,19227
2024-04-24T18:00Z,IT_NORD,18559
2024-04-24T19:00Z,IT_NORD,17787
2024-04-24T20:00Z,IT_NORD,16811
2024-04-24T21:00Z,IT_NORD,15515
2024-04-24T22:00Z,IT_NORD,12622
2024-04-24T23:00Z,IT_NORD,12301
2024-04-25T00:00Z,IT_NORD,12089
2024-04-25T01:00Z,IT_NORD,12071
2024-04-25T02:00Z,IT_NORD,12193
2024-04-25T03:00Z,IT_NORD,12674
2024-04-25T04:00Z,IT_NORD,13561
2024-04-25T05:00Z,IT_NORD,14391
2024-04-25T06:00Z,IT_NORD,14754
2024-04-25T07:00Z,IT_NORD,14973
2024-04-25T08:00Z,IT_NORD,15147
2024-04-25T09:00Z,IT_NORD,15209
2024-04-25T10:00Z,IT_NORD,15044
2024-04-25T11:00Z,IT_NORD,15048
2024-04-25T12:00Z,IT_NORD,14980
2024-04-25T13:00Z,IT_NORD,14959
2024-04-25T14:00Z,IT_NORD,15100
2024-04-25T15:00Z,IT_NORD,15269
2024-04-25T16:00Z,IT_NORD,15244
2024-04-25T17:00Z,IT_NORD,14940
2024-04-25T18:00Z,IT_NORD,14642
2024-04-25T19:00Z,IT_NORD,14230
2024-04-25T20:00Z,IT_NORD,13762
2024-04-25T21:00Z,IT_NORD,13104
2024-04-25T22:00Z,IT_NORD,14416
2024-04-25T23:00Z,IT_NORD,13929
2024-04-26T00:00Z,IT_NORD,13600
2024-04-26T01:00Z,IT_NORD,13499
2024-04-26T02:00Z,IT_NORD,13752
2024-04-26T03:00Z,IT_NORD,14802
2024-04-26T04:00Z,IT_NORD,16557
2024-04-26T05:00Z,IT_NORD,18163
2024-04-26T06:00Z,IT_NORD,19211
2024-04-26T07:00Z,IT_NORD,19686
2024-04-26T08:00Z,IT_NORD,19880
2024-04-26T09:00Z,IT_NORD,19978
2024-04-26T10:00Z,IT_NORD,19802
2024-04-26T11:00Z,IT_NORD,19599
2024-04-26T12:00Z,IT_NORD,19417
2024-04-26T13:00Z,IT_NORD,19324
2024-04-26T14:00Z,IT_NORD,19409
2024-04-26T15:00Z,IT_NORD,19729
2024-04-26T16:00Z,IT_NORD,19580
2024-04-26T17:00Z,IT_NORD,19037
2024-04-26T18:00Z,IT_NORD,18362
2024-04-26T19:00Z,IT_NORD,17614
2024-04-26T20:00Z,IT_NORD,16696
2024-04-26T21:00Z,IT_NORD,15440
2024-04-26T22:00Z,IT_NORD,13752
2024-04-26T23:00Z,IT_NORD,13490
2024-04-27T00:00Z,IT_NORD,13316
2024-04-27T01:00Z,IT_NORD,13249
2024-04-27T02:00Z,IT_NORD,13341
2024-04-27T03:00Z,IT_NORD,13896
2024-04-27T04:00Z,IT_NORD,14813
2024-04-27T05:00Z,IT_NORD,15729
2024-04-27T06:00Z,IT_NORD,16230
2024-04-27T07:00Z,IT_NORD,16421
2024-04-27T08:00Z,IT_NORD,16562
2024-04-27T09:00Z,IT_NORD,16653
2024-04-27T10:00Z,IT_NORD,16645
2024-04-27T11:00Z,IT_NORD,16623
2024-04-27T12:00Z,IT_NORD,16502
2024-04-27T13:00Z,IT_NORD,16387
2024-04-27T14:00Z,IT_NORD,16417
2024-04-27T15:00Z,IT_NORD,16506
2024-04-27T16:00Z,IT_NORD,16454
2024-04-27T17:00Z,IT_NORD,16174
2024-04-27T18:00Z,IT_NORD,15850
2024-04-27T19:00Z,IT_NORD,15510
2024-04-27T20:00Z,IT_NORD,15018
2024-04-27T21:00Z,IT_NORD,14399
2024-04-27T22:00Z,IT_NORD,12618
2024-04-27T23:00Z,IT_NORD,12299
2024-04-28T00:00Z,IT_NORD,12109
2024-04-28T01:00Z,IT_NORD,12091
2024-04-28T02:00Z,IT_NORD,12223
2024-04-28T03:00Z,IT_NORD,12686
2024-04-28T04:00Z,IT_NORD,13535
2024-04-28T05:00Z,IT_NORD,14330
2024-04-28T06:00Z,IT_NORD,14765
2024-04-28T07:00Z,IT_NORD,14963
2024-04-28T08:00Z,IT_NORD,15035
2024-04-28T09:00Z,IT_NORD,15063
2024-04-28T10:00Z,IT_NORD,14948
2024-04-28T11:00Z,IT_NORD,14901
2024-04-28T12:00Z,IT_NORD,14752
2024-04-28T13:00Z,IT_NORD,14683
2024-04-28T14:00Z,IT_NORD,14800
2024-04-28T15:00Z,IT_NORD,14985
2024-04-28T16:00Z,IT_NORD,14926
2024-04-28T17:00Z,IT_NORD,14741
2024-04-28T18:00Z,IT_NORD,14428
2024-04-28T19:00Z,IT_NORD,14087
2024-04-28T20:00Z,IT_NORD,13596
2024-04-28T21:00Z,IT_NORD,13031
2024-04-28T22:00Z,IT_NORD,14402
2024-04-28T23:00Z,IT_NORD,13948
2024-04-29T00:00Z,IT_NORD,13549
2024-04-29T01:00Z,IT_NORD,13469
2024-04-29T02:00Z,IT_NORD,13725
2024-04-29T03:00Z,IT_NORD,14759
2024-04-29T04:00Z,IT_NORD,16596
2024-04-29T05:00Z,IT_NORD,18231
2024-04-29T06:00Z,IT_NORD,19138
2024-04-29T07:00Z,IT_NORD,19709
2024-04-29T08:00Z,IT_NORD,19962
2024-04-29T09:00Z,IT_NORD,19995
2024-04-29T10:00Z,IT_NORD,19762
2024-04-29T11:00Z,IT_NORD,19538
2024-04-29T12:00Z,IT_NORD,19324
2024-04-29T13:00Z,IT_NORD,19185
2024-04-29T14:00Z,IT_NORD,19328
2024-04-29T15:00Z,IT_NORD,19617
2024-04-29T16:00Z,IT_NORD,19516
2024-04-29T17:00Z,IT_NORD,18943
2024-04-29T18:00Z,IT_NORD,18359
2024-04-29T19:00Z,IT_NORD,17579
2024-04-29T20:00Z,IT_NORD,16641
2024-04-29T21:00Z,IT_NORD,15473
2024-04-29T22:00Z,IT_NORD,14411
2024-04-29T23:00Z,IT_NORD,13867
2024-04-30T00:00Z,IT_NORD,13525
2024-04-30T01:00Z,IT_NORD,13396
2024-04-30T02:00Z,IT_NORD,13616
2024-04-30T03:00Z,IT_NORD,14690
2024-04-30T04:00Z,IT_NORD,16535
2024-04-30T05:00Z,IT_NORD,18132
2024-04-30T06:00Z,IT_NORD,19003
2024-04-30T07:00Z,IT_NORD,19529
2024-04-30T08:00Z,IT_NORD,19796
2024-04-30T09:00Z,IT_NORD,19840
2024-04-30T10:00Z,IT_NORD,19712
2024-04-30T11:00Z,IT_NORD,19512
2024-04-30T12:00Z,IT_NORD,19346
2024-04-30T13:00Z,IT_NORD,19243
2024-04-30T14:00Z,IT_NORD,19260
2024-04-30T15:00Z,IT_NORD,19596
2024-04-30T16:00Z,IT_NORD,19528
2024-04-30T17:00Z,IT_NORD,19077
2024-04-30T18:00Z,IT_NORD,18435
2024-04-30T19:00Z,IT_NORD,17684
2024-04-30T20:00Z,IT_NORD,16680
2024-04-30T21:00Z,IT_NORD,15421
2024-04-30T22:00Z,IT_NORD,12558
2024-04-30T23:00Z,IT_NORD,12346
2024-05-01T00:00Z,IT_NORD,12209
2024-05-01T01:00Z,IT_NORD,12099
2024-05-01T02:00Z,IT_NORD,12220
2024-05-01T03:00Z,IT_NORD,12701
2024-05-01T04:00Z,IT_NORD,13525
2024-05-01T05:00Z,IT_NORD,14420
2024-05-01T06:00Z,IT_NORD,14860
2024-05-01T07:00Z,IT_NORD,15107
2024-05-01T08:00Z,IT_NORD,15167
2024-05-01T09:00Z,IT_NORD,15135
2024-05-01T10:00Z,IT_NORD,15037
2024-05-01T11:00Z,IT_NORD,14914
2024-05-01T12:00Z,IT_NORD,14756
2024-05-01T13:00Z,IT_NORD,14688
2024-05-01T14:00Z,IT_NORD,14729
2024-05-01T15:00Z,IT_NORD,14856
2024-05-01T16:00Z,IT_NORD,14896
2024-05-01T17:00Z,IT_NORD,14670
2024-05-01T18:00Z,IT_NORD,14327
2024-05-01T19:00Z,IT_NORD,13995
2024-05-01T20:00Z,IT_NORD,13581
2024-05-01T21:00Z,IT_NORD,13009
2024-05-01T22:00Z,IT_NORD,14445
2024-05-01T23:00Z,IT_NORD,13878
2024-05-02T00:00Z,IT_NORD,13473
2024-05-02T01:00Z,IT_NORD,13365
2024-05-02T02:00Z,IT_NORD,13683
2024-05-02T03:00Z,IT_NORD,14739
2024-05-02T04:00Z,IT_NORD,16495
2024-05-02T05:00Z,IT_NORD,18160
2024-05-02T06:00Z,IT_NORD,19085
2024-05-02T07:00Z,IT_NORD,19666
2024-05-02T08:00Z,IT_NORD,19847
2024-05-02T09:00Z,IT_NORD,19826
2024-05-02T10:00Z,IT_NORD,19680
2024-05-02T11:00Z,IT_NORD,19510
2024-05-02T12:00Z,IT_NORD,19269
2024-05-02T13:00Z,IT_NORD,19251
2024-05-02T14:00Z,IT_NORD,19232
2024-05-02T15:00Z,IT_NORD,19454
2024-05-02T16:00Z,IT_NORD,19458
2024-05-02T17:00Z,IT_NORD,19077
2024-05-02T18:00Z,IT_NORD,18538
2024-05-02T19:00Z,IT_NORD,17761
2024-05-02T20:00Z,IT_NORD,16743
2024-05-02T21:00Z,IT_NORD,15564
2024-05-02T22:00Z,IT_NORD,14455
2024-05-02T23:00Z,IT_NORD,13952
2024-05-03T00:00Z,IT_NORD,13629
2024-05-03T01:00Z,IT_NORD,13546
2024-05-03T02:00Z,IT_NORD,13905
2024-05-03T03:00Z,IT_NORD,14935
2024-05-03T04:00Z,IT_NORD,16736
2024-05-03T05:00Z,IT_NORD,18308
2024-05-03T06:00Z,IT_NORD,19225
2024-05-03T07:00Z,IT_NORD,19611
2024-05-03T08:00Z,IT_NORD,19932
2024-05-03T09:00Z,IT_NORD,19850
2024-05-03T10:00Z,IT_NORD,19709
2024-05-03T11:00Z,IT_NORD,19592
2024-05-03T12:00Z,IT_NORD,19503
2024-05-03T13:00Z,IT_NORD,19336
2024-05-03T14:00Z,IT_NORD,19263
2024-05-03T15:00Z,IT_NORD,19654
2024-05-03T16:00Z,IT_NORD,19569
2024-05-03T17:00Z,IT_NORD,19131
2024-05-03T18:00Z,IT_NORD,18566
2024-05-03T19:00Z,IT_NORD,17886
2024-05-03T20:00Z,IT_NORD,16879
2024-05-03T21:00Z,IT_NORD,15626
2024-05-03T22:00Z,IT_NORD,13879
2024-05-03T23:00Z,IT_NORD,13577
2024-05-04T00:00Z,IT_NORD,13399
2024-05-04T01:00Z,IT_NORD,13304
2024-05-04T02:00Z,IT_NORD,13417
2024-05-04T03:00Z,IT_NORD,14049
2024-05-04T04:00Z,IT_NORD,14966
2024-05-04T05:00Z,IT_NORD,15799
2024-05-04T06:00Z,IT_NORD,16294
2024-05-04T07:00Z,IT_NORD,16587
2024-05-04T08:00Z,IT_NORD,16737
2024-05-04T09:00Z,IT_NORD,16859
2024-05-04T10:00Z,IT_NORD,16723
2024-05-04T11:00Z,IT_NORD,16573
2024-05-04T12:00Z,IT_NORD,16445
2024-05-04T13:00Z,IT_NORD,16352
2024-05-04T14:00Z,IT_NORD,16270
2024-05-04T15:00Z,IT_NORD,16430
2024-05-04T16:00Z,IT_NORD,16469
2024-05-04T17:00Z,IT_NORD,16280
2024-05-04T18:00Z,IT_NORD,15902
2024-05-04T19:00Z,IT_NORD,15508
2024-05-04T20:00Z,IT_NORD,15040
2024-05-04T21:00Z,IT_NORD,14343
2024-05-04T22:00Z,IT_NORD,12547
2024-05-04T23:00Z,IT_NORD,12312
2024-05-05T00:00Z,IT_NORD,12190
2024-05-05T01:00Z,IT_NORD,12140
2024-05-05T02:00Z,IT_NORD,12228
2024-05-05T03:00Z,IT_NORD,12668
2024-05-05T04:00Z,IT_NORD,13486
2024-05-05T05:00Z,IT_NORD,14338
2024-05-05T06:00Z,IT_NORD,14817
2024-05-05T07:00Z,IT_NORD,15099
2024-05-05T08:00Z,IT_NORD,15209
2024-05-05T09:00Z,IT_NORD,15268
2024-05-05T10:00Z,IT_NORD,15234
2024-05-05T11:00Z,IT_NORD,15067
2024-05-05T12:00Z,IT_NORD,15062
2024-05-05T13:00Z,IT_NORD,15001
2024-05-05T14:00Z,IT_NORD,14989
2024-05-05T15:00Z,IT_NORD,15042
2024-05-05T16:00Z,IT_NORD,14921
2024-05-05T17:00Z,IT_NORD,14691
2024-05-05T18:00Z,IT_NORD,14451
2024-05-05T19:00Z,IT_NORD,14146
2024-05-05T20:00Z,IT_NORD,13666
2024-05-05T21:00Z,IT_NORD,13028
2024-05-05T22:00Z,IT_NORD,14810
2024-05-05T23:00Z,IT_NORD,14220
2024-05-06T00:00Z,IT_NORD,13869
2024-05-06T01:00Z,IT_NORD,13750
2024-05-06T02:00Z,IT_NORD,14010
2024-05-06T03:00Z,IT_NORD,14999
2024-05-06T04:00Z,IT_NORD,16807
2024-05-06T05:00Z,IT_NORD,18484
2024-05-06T06:00Z,IT_NORD,19472
2024-05-06T07:00Z,IT_NORD,20067
2024-05-06T08:00Z,IT_NORD,20294
2024-05-06T09:00Z,IT_NORD,20420
2024-05-06T10:00Z,IT_NORD,20252
2024-05-06T11:00Z,IT_NORD,20047
2024-05-06T12:00Z,IT_NORD,19830
2024-05-06T13:00Z,IT_NORD,19665
2024-05-06T14:00Z,IT_NORD,19796
2024-05-06T15:00Z,IT_NORD,19992
2024-05-06T16:00Z,IT_NORD,19931
2024-05-06T17:00Z,IT_NORD,19415
2024-05-06T18:00Z,IT_NORD,18794
2024-05-06T19:00Z,IT_NORD,18045
2024-05-06T20:00Z,IT_NORD,17081
2024-05-06T21:00Z,IT_NORD,15719
2024-05-06T22:00Z,IT_NORD,14293
2024-05-06T23:00Z,IT_NORD,13790
2024-05-07T00:00Z,IT_NORD,13555
2024-05-07T01:00Z,IT_NORD,13439
2024-05-07T02:00Z,IT_NORD,13589
2024-05-07T03:00Z,IT_NORD,14600
2024-05-07T04:00Z,IT_NORD,16390
2024-05-07T05:00Z,IT_NORD,18092
2024-05-07T06:00Z,IT_NORD,18956
2024-05-07T07:00Z,IT_NORD,19591
2024-05-07T08:00Z,IT_NORD,19881
2024-05-07T09:00Z,IT_NORD,19950
2024-05-07T10:00Z,IT_NORD,19913
2024-05-07T11:00Z,IT_NORD,19693
2024-05-07T12:00Z,IT_NORD,19493
2024-05-07T13:00Z,IT_NORD,19443
2024-05-07T14:00Z,IT_NORD,19485
2024-05-07T15:00Z,IT_NORD,19675
2024-05-07T16:00Z,IT_NORD,19522
2024-05-07T17:00Z,IT_NORD,18969
2024-05-07T18:00Z,IT_NORD,18375
2024-05-07T19:00Z,IT_NORD,17687
2024-05-07T20:00Z,IT_NORD,16622
2024-05-07T21:00Z,IT_NORD,15372
2024-05-07T22:00Z,IT_NORD,14361
2024-05-07T23:00Z,IT_NORD,13777
2024-05-08T00:00Z,IT_NORD,13415
2024-05-08T01:00Z,IT_NORD,13338
2024-05-08T02:00Z,IT_NORD,13577
2024-05-08T03:00Z,IT_NORD,14535
2024-05-08T04:00Z,IT_NORD,16328
2024-05-08T05:00Z,IT_NORD,17950
2024-05-08T06:00Z,IT_NORD,18964
2024-05-08T07:00Z,IT_NORD,19436
2024-05-08T08:00Z,IT_NORD,19729
2024-05-08T09:00Z,IT_NORD,19870
2024-05-08T10:00Z,IT_NORD,19654
2024-05-08T11:00Z,IT_NORD,19434
2024-05-08T12:00Z,IT_NORD,19312
2024-05-08T13:00Z,IT_NORD,19224
2024-05-08T14:00Z,IT_NORD,19273
2024-05-08T15:00Z,IT_NORD,19530
2024-05-08T16:00Z,IT_NORD,19483
2024-05-08T17:00Z,IT_NORD,19074
2024-05-08T18:00Z,IT_NORD,18516
2024-05-08T19:00Z,IT_NORD,17817
2024-05-08T20:00Z,IT_NORD,16847
2024-05-08T21:00Z,IT_NORD,15704
2024-05-08T22:00Z,IT_NORD,14650
2024-05-08T23:00Z,IT_NORD,14110
2024-05-09T00:00Z,IT_NORD,13701
2024-05-09T01:00Z,IT_NORD,13492
2024-05-09T02:00Z,IT_NORD,13658
2024-05-09T03:00Z,IT_NORD,14624
2024-05-09T04:00Z,IT_NORD,16365
2024-05-09T05:00Z,IT_NORD,18090
2024-05-09T06:00Z,IT_NORD,19057
2024-05-09T07:00Z,IT_NORD,19625
2024-05-09T08:00Z,IT_NORD,19882
2024-05-09T09:00Z,IT_NORD,19919
2024-05-09T10:00Z,IT_NORD,19885
2024-05-09T11:00Z,IT_NORD,19654
2024-05-09T12:00Z,IT_NORD,19627
2024-05-09T13:00Z,IT_NORD,19528
2024-05-09T14:00Z,IT_NORD,19450
2024-05-09T15:00Z,IT_NORD,19596
2024-05-09T16:00Z,IT_NORD,19403
2024-05-09T17:00Z,IT_NORD,18946
2024-05-09T18:00Z,IT_NORD,18327
2024-05-09T19:00Z,IT_NORD,17707
2024-05-09T20:00Z,IT_NORD,16776
2024-05-09T21:00Z,IT_NORD,15600
2024-05-09T22:00Z,IT_NORD,14988
2024-05-09T23:00Z,IT_NORD,14437
2024-05-10T00:00Z,IT_NORD,14033
2024-05-10T01:00Z,IT_NORD,13922
2024-05-10T02:00Z,IT_NORD,14140
2024-05-10T03:00Z,IT_NORD,15121
2024-05-10T04:00Z,IT_NORD,16930
2024-05-10T05:00Z,IT_NORD,18680
2024-05-10T06:00Z,IT_NORD,19621
2024-05-10T07:00Z,IT_NORD,20200
2024-05-10T08:00Z,IT_NORD,20505
2024-05-10T09:00Z,IT_NORD,20616
2024-05-10T10:00Z,IT_NORD,20561
2024-05-10T11:00Z,IT_NORD,20415
2024-05-10T12:00Z,IT_NORD,20198
2024-05-10T13:00Z,IT_NORD,20055
2024-05-10T14:00Z,IT_NORD,19890
2024-05-10T15:00Z,IT_NORD,20150
2024-05-10T16:00Z,IT_NORD,20158
2024-05-10T17:00Z,IT_NORD,19661
2024-05-10T18:00Z,IT_NORD,19049
2024-05-10T19:00Z,IT_NORD,18361
2024-05-10T20:00Z,IT_NORD,17381
2024-05-10T21:00Z,IT_NORD,16019
2024-05-10T22:00Z,IT_NORD,13770
2024-05-10T23:00Z,IT_NORD,13577
2024-05-11T00:00Z,IT_NORD,13331
2024-05-11T01:00Z,IT_NORD,13311
2024-05-11T02:00Z,IT_NORD,13431
2024-05-11T03:00Z,IT_NORD,13937
2024-05-11T04:00Z,IT_NORD,14857
2024-05-11T05:00Z,IT_NORD,15716
2024-05-11T06:00Z,IT_NORD,16170
2024-05-11T07:00Z,IT_NORD,16549
2024-05-11T08:00Z,IT_NORD,16720
2024-05-11T09:00Z,IT_NORD,16877
2024-05-11T10:00Z,IT_NORD,16787
2024-05-11T11:00Z,IT_NORD,16680
2024-05-11T12:00Z,IT_NORD,16569
2024-05-11T13:00Z,IT_NORD,16479
2024-05-11T14:00Z,IT_NORD,16405
2024-05-11T15:00Z,IT_NORD,16499
2024-05-11T16:00Z,IT_NORD,16464
2024-05-11T17:00Z,IT_NORD,16242
2024-05-11T18:00Z,IT_NORD,15938
2024-05-11T19:00Z,IT_NORD,15554
2024-05-11T20:00Z,IT_NORD,15076
2024-05-11T21:00Z,IT_NORD,14409
2024-05-11T22:00Z,IT_NORD,12558
2024-05-11T23:00Z,IT_NORD,12273
2024-05-12T00:00Z,IT_NORD,12089
2024-05-12T01:00Z,IT_NORD,12016
2024-05-12T02:00Z,IT_NORD,12133
2024-05-12T03:00Z,IT_NORD,12680
2024-05-12T04:00Z,IT_NORD,13528
2024-05-12T05:00Z,IT_NORD,14379
2024-05-12T06:00Z,IT_NORD,14849
2024-05-12T07:00Z,IT_NORD,15171
2024-05-12T08:00Z,IT_NORD,15328
2024-05-12T09:00Z,IT_NORD,15341
2024-05-12T10:00Z,IT_NORD,15300
2024-05-12T11:00Z,IT_NORD,15186
2024-05-12T12:00Z,IT_NORD,15046
2024-05-12T13:00Z,IT_NORD,15031
2024-05-12T14:00Z,IT_NORD,15038
2024-05-12T15:00Z,IT_NORD,15082
2024-05-12T16:00Z,IT_NORD,15050
2024-05-12T17:00Z,IT_NORD,14772
2024-05-12T18:00Z,IT_NORD,14479
2024-05-12T19:00Z,IT_NORD,14259
2024-05-12T20:00Z,IT_NORD,13754
2024-05-12T21:00Z,IT_NORD,13145
2024-05-12T22:00Z,IT_NORD,14542
2024-05-12T23:00Z,IT_NORD,13979
2024-05-13T00:00Z,IT_NORD,13655
2024-05-13T01:00Z,IT_NORD,13489
2024-05-13T02:00Z,IT_NORD,13699
2024-05-13T03:00Z,IT_NORD,14714
2024-05-13T04:00Z,IT_NORD,16527
2024-05-13T05:00Z,IT_NORD,18056
2024-05-13T06:00Z,IT_NORD,18953
2024-05-13T07:00Z,IT_NORD,19516
2024-05-13T08:00Z,IT_NORD,19764
2024-05-13T09:00Z,IT_NORD,19786
2024-05-13T10:00Z,IT_NORD,19750
2024-05-13T11:00Z,IT_NORD,19498
2024-05-13T12:00Z,IT_NORD,19353
2024-05-13T13:00Z,IT_NORD,19281
2024-05-13T14:00Z,IT_NORD,19308
2024-05-13T15:00Z,IT_NORD,19524
2024-05-13T16:00Z,IT_NORD,19374
2024-05-13T17:00Z,IT_NORD,18939
2024-05-13T18:00Z,IT_NORD,18479
2024-05-13T19:00Z,IT_NORD,17806
2024-05-13T20:00Z,IT_NORD,16860
2024-05-13T21:00Z,IT_NORD,15578
2024-05-13T22:00Z,IT_NORD,14575
2024-05-13T23:00Z,IT_NORD,13954
2024-05-14T00:00Z,IT_NORD,13561
2024-05-14T01:00Z,IT_NORD,13395
2024-05-14T02:00Z,IT_NORD,13583
2024-05-14T03:00Z,IT_NORD,14590
2024-05-14T04:00Z,IT_NORD,16365
2024-05-14T05:00Z,IT_NORD,17984
2024-05-14T06:00Z,IT_NORD,18986
2024-05-14T07:00Z,IT_NORD,19556
2024-05-14T08:00Z,IT_NORD,19884
2024-05-14T09:00Z,IT_NORD,19995
2024-05-14T10:00Z,IT_NORD,19859
2024-05-14T11:00Z,IT_NORD,19659
2024-05-14T12:00Z,IT_NORD,19289
2024-05-14T13:00Z,IT_NORD,19167
2024-05-14T14:00Z,IT_NORD,19162
2024-05-14T15:00Z,IT_NORD,19231
2024-05-14T16:00Z,IT_NORD,19212
2024-05-14T17:00Z,IT_NORD,18939
2024-05-14T18:00Z,IT_NORD,18340
2024-05-14T19:00Z,IT_NORD,17732
2024-05-14T20:00Z,IT_NORD,16679
2024-05-14T21:00Z,IT_NORD,15459
2024-05-14T22:00Z,IT_NORD,14454
2024-05-14T23:00Z,IT_NORD,13954
2024-05-15T00:00Z,IT_NORD,13629
2024-05-15T01:00Z,IT_NORD,13501
2024-05-15T02:00Z,IT_NORD,13702
2024-05-15T03:00Z,IT_NORD,14662
2024-05-15T04:00Z,IT_NORD,16441
2024-05-15T05:00Z,IT_NORD,18024
2024-05-15T06:00Z,IT_NORD,19085
2024-05-15T07:00Z,IT_NORD,19661
2024-05-15T08:00Z,IT_NORD,19931
2024-05-15T09:00Z,IT_NORD,19963
2024-05-15T10:00Z,IT_NORD,19890
2024-05-15T11:00Z,IT_NORD,19744
2024-05-15T12:00Z,IT_NORD,19451
2024-05-15T13:00Z,IT_NORD,19275
2024-05-15T14:00Z,IT_NORD,19242
2024-05-15T15:00Z,IT_NORD,19454
2024-05-15T16:00Z,IT_NORD,19280
2024-05-15T17:00Z,IT_NORD,18971
2024-05-15T18:00Z,IT_NORD,18329
2024-05-15T19:00Z,IT_NORD,17676
2024-05-15T20:00Z,IT_NORD,16628
2024-05-15T21:00Z,IT_NORD,15486
2024-05-15T22:00Z,IT_NORD,14448
2024-05-15T23:00Z,IT_NORD,13972
2024-05-16T00:00Z,IT_NORD,13517
2024-05-16T01:00Z,IT_NORD,13407
2024-05-16T02:00Z,IT_NORD,13620
2024-05-16T03:00Z,IT_NORD,14579
2024-05-16T04:00Z,IT_NORD,16316
2024-05-16T05:00Z,IT_NORD,17927
2024-05-16T06:00Z,IT_NORD,18854
2024-05-16T07:00Z,IT_NORD,19459
2024-05-16T08:00Z,IT_NORD,19737
2024-05-16T09:00Z,IT_NORD,19929
2024-05-16T10:00Z,IT_NORD,19601
2024-05-16T11:00Z,IT_NORD,19459
2024-05-16T12:00Z,IT_NORD,19225
2024-05-16T13:00Z,IT_NORD,19058
2024-05-16T14:00Z,IT_NORD,19132
2024-05-16T15:00Z,IT_NORD,19147
2024-05-16T16:00Z,IT_NORD,19147
2024-05-16T17:00Z,IT_NORD,18797
2024-05-16T18:00Z,IT_NORD,18331
2024-05-16T19:00Z,IT_NORD,17684
2024-05-16T20:00Z,IT_NORD,16740
2024-05-16T21:00Z,IT_NORD,15536
2024-05-16T22:00Z,IT_NORD,14511
2024-05-16T23:00Z,IT_NORD,14007
2024-05-17T00:00Z,IT_NORD,13624
2024-05-17T01:00Z,IT_NORD,13518
2024-05-17T02:00Z,IT_NORD,13743
2024-05-17T03:00Z,IT_NORD,14669
2024-05-17T04:00Z,IT_NORD,16485
2024-05-17T05:00Z,IT_NORD,18154
2024-05-17T06:00Z,IT_NORD,19139
2024-05-17T07:00Z,IT_NORD,19646
2024-05-17T08:00Z,IT_NORD,19988
2024-05-17T09:00Z,IT_NORD,20026
2024-05-17T10:00Z,IT_NORD,19957
2024-05-17T11:00Z,IT_NORD,19737
2024-05-17T12:00Z,IT_NORD,19584
2024-05-17T13:00Z,IT_NORD,19440
2024-05-17T14:00Z,IT_NORD,19520
2024-05-17T15:00Z,IT_NORD,19561
2024-05-17T16:00Z,IT_NORD,19451
2024-05-17T17:00Z,IT_NORD,19013
2024-05-17T18:00Z,IT_NORD,18503
2024-05-17T19:00Z,IT_NORD,17765
2024-05-17T20:00Z,IT_NORD,16761
2024-05-17T21:00Z,IT_NORD,15483
2024-05-17T22:00Z,IT_NORD,13821
2024-05-17T23:00Z,IT_NORD,13616
2024-05-18T00:00Z,IT_NORD,13407
2024-05-18T01:00Z,IT_NORD,13348
2024-05-18T02:00Z,IT_NORD,13457
2024-05-18T03:00Z,IT_NORD,13970
2024-05-18T04:00Z,IT_NORD,14830
2024-05-18T05:00Z,IT_NORD,15733
2024-05-18T06:00Z,IT_NORD,16276
2024-05-18T07:00Z,IT_NORD,16596
2024-05-18T08:00Z,IT_NORD,16745
2024-05-18T09:00Z,IT_NORD,16816
2024-05-18T10:00Z,IT_NORD,16820
2024-05-18T11:00Z,IT_NORD,16763
2024-05-18T12:00Z,IT_NORD,16644
2024-05-18T13:00Z,IT_NORD,16502
2024-05-18T14:00Z,IT_NORD,16458
2024-05-18T15:00Z,IT_NORD,16514
2024-05-18T16:00Z,IT_NORD,16449
2024-05-18T17:00Z,IT_NORD,16164
2024-05-18T18:00Z,IT_NORD,15985
2024-05-18T19:00Z,IT_NORD,15760
2024-05-18T20:00Z,IT_NORD,15228
2024-05-18T21:00Z,IT_NORD,14504
2024-05-18T22:00Z,IT_NORD,12685
2024-05-18T23:00Z,IT_NORD,12444
2024-05-19T00:00Z,IT_NORD,12220
2024-05-19T01:00Z,IT_NORD,12146
2024-05-19T02:00Z,IT_NORD,12247
2024-05-19T03:00Z,IT_NORD,12764
2024-05-19T04:00Z,IT_NORD,13549
2024-05-19T05:00Z,IT_NORD,14293
2024-05-19T06:00Z,IT_NORD,14746
2024-05-19T07:00Z,IT_NORD,14994
2024-05-19T08:00Z,IT_NORD,15083
2024-05-19T09:00Z,IT_NORD,15140
2024-05-19T10:00Z,IT_NORD,15223
2024-05-19T11:00Z,IT_NORD,15150
2024-05-19T12:00Z,IT_NORD,15087
2024-05-19T13:00Z,IT_NORD,14960
2024-05-19T14:00Z,IT_NORD,14934
2024-05-19T15:00Z,IT_NORD,14965
2024-05-19T16:00Z,IT_NORD,14848
2024-05-19T17:00Z,IT_NORD,14742
2024-05-19T18:00Z,IT_NORD,14512
2024-05-19T19:00Z,IT_NORD,14094
2024-05-19T20:00Z,IT_NORD,13590
2024-05-19T21:00Z,IT_NORD,12977
2024-05-19T22:00Z,IT_NORD,14392
2024-05-19T23:00Z,IT_NORD,13916
2024-05-20T00:00Z,IT_NORD,13594
2024-05-20T01:00Z,IT_NORD,13392
2024-05-20T02:00Z,IT_NORD,13691
2024-05-20T03:00Z,IT_NORD,14606
2024-05-20T04:00Z,IT_NORD,16294
2024-05-20T05:00Z,IT_NORD,17875
2024-05-20T06:00Z,IT_NORD,18892
2024-05-20T07:00Z,IT_NORD,19553
2024-05-20T08:00Z,IT_NORD,19802
2024-05-20T09:00Z,IT_NORD,19875
2024-05-20T10:00Z,IT_NORD,19910
2024-05-20T11:00Z,IT_NORD,19725
2024-05-20T12:00Z,IT_NORD,19463
2024-05-20T13:00Z,IT_NORD,19350
2024-05-20T14:00Z,IT_NORD,19290
2024-05-20T15:00Z,IT_NORD,19249
2024-05-20T16:00Z,IT_NORD,19167
2024-05-20T17:00Z,IT_NORD,18758
2024-05-20T18:00Z,IT_NORD,18249
2024-05-20T19:00Z,IT_NORD,17556
2024-05-20T20:00Z,IT_NORD,16605
2024-05-20T21:00Z,IT_NORD,15349
2024-05-20T22:00Z,IT_NORD,14400
2024-05-20T23:00Z,IT_NORD,13883
2024-05-21T00:00Z,IT_NORD,13508
2024-05-21T01:00Z,IT_NORD,13425
2024-05-21T02:00Z,IT_NORD,13648
2024-05-21T03:00Z,IT_NORD,14601
2024-05-21T04:00Z,IT_NORD,16372
2024-05-21T05:00Z,IT_NORD,17968
2024-05-21T06:00Z,IT_NORD,19066
2024-05-21T07:00Z,IT_NORD,19578
2024-05-21T08:00Z,IT_NORD,19789
2024-05-21T09:00Z,IT_NORD,19947
2024-05-21T10:00Z,IT_NORD,19839
2024-05-21T11:00Z,IT_NORD,19705
2024-05-21T12:00Z,IT_NORD,19433
2024-05-21T13:00Z,IT_NORD,19260
2024-05-21T14:00Z,IT_NORD,19168
2024-05-21T15:00Z,IT_NORD,19342
2024-05-21T16:00Z,IT_NORD,19282
2024-05-21T17:00Z,IT_NORD,18920
2024-05-21T18:00Z,IT_NORD,18472
2024-05-21T19:00Z,IT_NORD,17862
2024-05-21T20:00Z,IT_NORD,16844
2024-05-21T21:00Z,IT_NORD,15632
2024-05-21T22:00Z,IT_NORD,14638
2024-05-21T23:00Z,IT_NORD,14091
2024-05-22T00:00Z,IT_NORD,13700
2024-05-22T01:00Z,IT_NORD,13548
2024-05-22T02:00Z,IT_NORD,13779
2024-05-22T03:00Z,IT_NORD,14683
2024-05-22T04:00Z,IT_NORD,16408
2024-05-22T05:00Z,IT_NORD,18086
2024-05-22T06:00Z,IT_NORD,19055
2024-05-22T07:00Z,IT_NORD,19612
2024-05-22T08:00Z,IT_NORD,19797
2024-05-22T09:00Z,IT_NORD,20007
2024-05-22T10:00Z,IT_NORD,19772
2024-05-22T11:00Z,IT_NORD,19650
2024-05-22T12:00Z,IT_NORD,19518
2024-05-22T13:00Z,IT_NORD,19502
2024-05-22T14:00Z,IT_NORD,19456
2024-05-22T15:00Z,IT_NORD,19566
2024-05-22T16:00Z,IT_NORD,19440
2024-05-22T17:00Z,IT_NORD,18864
2024-05-22T18:00Z,IT_NORD,18360
2024-05-22T19:00Z,IT_NORD,17648
2024-05-22T20:00Z,IT_NORD,16653
2024-05-22T21:00Z,IT_NORD,15498
2024-05-22T22:00Z,IT_NORD,14425
2024-05-22T23:00Z,IT_NORD,13948
2024-05-23T00:00Z,IT_NORD,13606
2024-05-23T01:00Z,IT_NORD,13386
2024-05-23T02:00Z,IT_NORD,13588
2024-05-23T03:00Z,IT_NORD,14585
2024-05-23T04:00Z,IT_NORD,16306
2024-05-23T05:00Z,IT_NORD,17933
2024-05-23T06:00Z,IT_NORD,18957
2024-05-23T07:00Z,IT_NORD,19678
2024-05-23T08:00Z,IT_NORD,19892
2024-05-23T09:00Z,IT_NORD,19970
2024-05-23T10:00Z,IT_NORD,19853
2024-05-23T11:00Z,IT_NORD,19736
2024-05-23T12:00Z,IT_NORD,19511
2024-05-23T13:00Z,IT_NORD,19305
2024-05-23T14:00Z,IT_NORD,19133
2024-05-23T15:00Z,IT_NORD,19282
2024-05-23T16:00Z,IT_NORD,19261
2024-05-23T17:00Z,IT_NORD,18905
2024-05-23T18:00Z,IT_NORD,18389
2024-05-23T19:00Z,IT_NORD,17760
2024-05-23T20:00Z,IT_NORD,16872
2024-05-23T21:00Z,IT_NORD,15612
2024-05-23T22:00Z,IT_NORD,14801
2024-05-23T23:00Z,IT_NORD,14170
2024-05-24T00:00Z,IT_NORD,13941
2024-05-24T01:00Z,IT_NORD,13758
2024-05-24T02:00Z,IT_NORD,13891
2024-05-24T03:00Z,IT_NORD,14842
2024-05-24T04:00Z,IT_NORD,16625
2024-05-24T05:00Z,IT_NORD,18334
2024-05-24T06:00Z,IT_NORD,19400
2024-05-24T07:00Z,IT_NORD,19898
2024-05-24T08:00Z,IT_NORD,20216
2024-05-24T09:00Z,IT_NORD,20342
2024-05-24T10:00Z,IT_NORD,20268
2024-05-24T11:00Z,IT_NORD,20151
2024-05-24T12:00Z,IT_NORD,19863
2024-05-24T13:00Z,IT_NORD,19652
2024-05-24T14:00Z,IT_NORD,19654
2024-05-24T15:00Z,IT_NORD,19779
2024-05-24T16:00Z,IT_NORD,19716
2024-05-24T17:00Z,IT_NORD,19157
2024-05-24T18:00Z,IT_NORD,18668
2024-05-24T19:00Z,IT_NORD,18025
2024-05-24T20:00Z,IT_NORD,17152
2024-05-24T21:00Z,IT_NORD,15855
2024-05-24T22:00Z,IT_NORD,13951
2024-05-24T23:00Z,IT_NORD,13768
2024-05-25T00:00Z,IT_NORD,13485
2024-05-25T01:00Z,IT_NORD,13461
2024-05-25T02:00Z,IT_NORD,13460
2024-05-25T03:00Z,IT_NORD,13934
2024-05-25T04:00Z,IT_NORD,14813
2024-05-25T05:00Z,IT_NORD,15744
2024-05-25T06:00Z,IT_NORD,16298
2024-05-25T07:00Z,IT_NORD,16603
2024-05-25T08:00Z,IT_NORD,16817
2024-05-25T09:00Z,IT_NORD,16823
2024-05-25T10:00Z,IT_NORD,16742
2024-05-25T11:00Z,IT_NORD,16634
2024-05-25T12:00Z,IT_NORD,16571
2024-05-25T13:00Z,IT_NORD,16498
2024-05-25T14:00Z,IT_NORD,16427
2024-05-25T15:00Z,IT_NORD,16368
2024-05-25T16:00Z,IT_NORD,16352
2024-05-25T17:00Z,IT_NORD,16040
2024-05-25T18:00Z,IT_NORD,15740
2024-05-25T19:00Z,IT_NORD,15440
2024-05-25T20:00Z,IT_NORD,14957
2024-05-25T21:00Z,IT_NORD,14370
2024-05-25T22:00Z,IT_NORD,12509
2024-05-25T23:00Z,IT_NORD,12276
2024-05-26T00:00Z,IT_NORD,12028
2024-05-26T01:00Z,IT_NORD,11927
2024-05-26T02:00Z,IT_NORD,12028
2024-05-26T03:00Z,IT_NORD,12527
2024-05-26T04:00Z,IT_NORD,13323
2024-05-26T05:00Z,IT_NORD,14170
2024-05-26T06:00Z,IT_NORD,14605
2024-05-26T07:00Z,IT_NORD,14985
2024-05-26T08:00Z,IT_NORD,15180
2024-05-26T09:00Z,IT_NORD,15206
2024-05-26T10:00Z,IT_NORD,15125
2024-05-26T11:00Z,IT_NORD,14939
2024-05-26T12:00Z,IT_NORD,14878
2024-05-26T13:00Z,IT_NORD,14893
2024-05-26T14:00Z,IT_NORD,14883
2024-05-26T15:00Z,IT_NORD,14984
2024-05-26T16:00Z,IT_NORD,14937
2024-05-26T17:00Z,IT_NORD,14703
2024-05-26T18:00Z,IT_NORD,14526
2024-05-26T19:00Z,IT_NORD,14220
2024-05-26T20:00Z,IT_NORD,13761
2024-05-26T21:00Z,IT_NORD,13190
2024-05-26T22:00Z,IT_NORD,14732
2024-05-26T23:00Z,IT_NORD,14177
2024-05-27T00:00Z,IT_NORD,13857
2024-05-27T01:00Z,IT_NORD,13698
2024-05-27T02:00Z,IT_NORD,13900
2024-05-27T03:00Z,IT_NORD,14882
2024-05-27T04:00Z,IT_NORD,16590
2024-05-27T05:00Z,IT_NORD,18206
2024-05-27T06:00Z,IT_NORD,19118
2024-05-27T07:00Z,IT_NORD,19653
2024-05-27T08:00Z,IT_NORD,20032
2024-05-27T09:00Z,IT_NORD,20138
2024-05-27T10:00Z,IT_NORD,20118
2024-05-27T11:00Z,IT_NORD,19933
2024-05-27T12:00Z,IT_NORD,19876
2024-05-27T13:00Z,IT_NORD,19628
2024-05-27T14:00Z,IT_NORD,19528
2024-05-27T15:00Z,IT_NORD,19555
2024-05-27T16:00Z,IT_NORD,19546
2024-05-27T17:00Z,IT_NORD,19095
2024-05-27T18:00Z,IT_NORD,18637
2024-05-27T19:00Z,IT_NORD,17975
2024-05-27T20:00Z,IT_NORD,16967
2024-05-27T21:00Z,IT_NORD,15665
2024-05-27T22:00Z,IT_NORD,15893
2024-05-27T23:00Z,IT_NORD,15414
2024-05-28T00:00Z,IT_NORD,14987
2024-05-28T01:00Z,IT_NORD,14822
2024-05-28T02:00Z,IT_NORD,14975
2024-05-28T03:00Z,IT_NORD,16046
2024-05-28T04:00Z,IT_NORD,17815
2024-05-28T05:00Z,IT_NORD,19531
2024-05-28T06:00Z,IT_NORD,20547
2024-05-28T07:00Z,IT_NORD,21288
2024-05-28T08:00Z,IT_NORD,21660
2024-05-28T09:00Z,IT_NORD,21822
2024-05-28T10:00Z,IT_NORD,21752
2024-05-28T11:00Z,IT_NORD,21558
2024-05-28T12:00Z,IT_NORD,21232
2024-05-28T13:00Z,IT_NORD,21180
2024-05-28T14:00Z,IT_NORD,21126
2024-05-28T15:00Z,IT_NORD,21208
2024-05-28T16:00Z,IT_NORD,21042
2024-05-28T17:00Z,IT_NORD,20598
2024-05-28T18:00Z,IT_NORD,20128
2024-05-28T19:00Z,IT_NORD,19456
2024-05-28T20:00Z,IT_NORD,18419
2024-05-28T21:00Z,IT_NORD,17004
2024-05-28T22:00Z,IT_NORD,15494
2024-05-28T23:00Z,IT_NORD,14985
2024-05-29T00:00Z,IT_NORD,14637
2024-05-29T01:00Z,IT_NORD,14502
2024-05-29T02:00Z,IT_NORD,14653
2024-05-29T03:00Z,IT_NORD,15596
2024-05-29T04:00Z,IT_NORD,17460
2024-05-29T05:00Z,IT_NORD,19234
2024-05-29T06:00Z,IT_NORD,20317
2024-05-29T07:00Z,IT_NORD,21004
2024-05-29T08:00Z,IT_NORD,21395
2024-05-29T09:00Z,IT_NORD,21596
2024-05-29T10:00Z,IT_NORD,21484
2024-05-29T11:00Z,IT_NORD,21249
2024-05-29T12:00Z,IT_NORD,21045
2024-05-29T13:00Z,IT_NORD,20853
2024-05-29T14:00Z,IT_NORD,20782
2024-05-29T15:00Z,IT_NORD,20787
2024-05-29T16:00Z,IT_NORD,20711
2024-05-29T17:00Z,IT_NORD,20266
2024-05-29T18:00Z,IT_NORD,19673
2024-05-29T19:00Z,IT_NORD,19002
2024-05-29T20:00Z,IT_NORD,18086
2024-05-29T21:00Z,IT_NORD,16761
2024-05-29T22:00Z,IT_NORD,14552
2024-05-29T23:00Z,IT_NORD,13974
2024-05-30T00:00Z,IT_NORD,13589
2024-05-30T01:00Z,IT_NORD,13473
2024-05-30T02:00Z,IT_NORD,13688
2024-05-30T03:00Z,IT_NORD,14679
2024-05-30T04:00Z,IT_NORD,16205
2024-05-30T05:00Z,IT_NORD,17709
2024-05-30T06:00Z,IT_NORD,18724
2024-05-30T07:00Z,IT_NORD,19413
2024-05-30T08:00Z,IT_NORD,19833
2024-05-30T09:00Z,IT_NORD,20005
2024-05-30T10:00Z,IT_NORD,19972
2024-05-30T11:00Z,IT_NORD,19789
2024-05-30T12:00Z,IT_NORD,19621
2024-05-30T13:00Z,IT_NORD,19461
2024-05-30T14:00Z,IT_NORD,19370
2024-05-30T15:00Z,IT_NORD,19353
2024-05-30T16:00Z,IT_NORD,19246
2024-05-30T17:00Z,IT_NORD,18817
2024-05-30T18:00Z,IT_NORD,18323
2024-05-30T19:00Z,IT_NORD,17736
2024-05-30T20:00Z,IT_NORD,16807
2024-05-30T21:00Z,IT_NORD,15541
2024-05-30T22:00Z,IT_NORD,14417
2024-05-30T23:00Z,IT_NORD,13988
2024-05-31T00:00Z,IT_NORD,13705
2024-05-31T01:00Z,IT_NORD,13466
2024-05-31T02:00Z,IT_NORD,13645
2024-05-31T03:00Z,IT_NORD,14516
2024-05-31T04:00Z,IT_NORD,16136
2024-05-31T05:00Z,IT_NORD,17786
2024-05-31T06:00Z,IT_NORD,18836
2024-05-31T07:00Z,IT_NORD,19404
2024-05-31T08:00Z,IT_NORD,19669
2024-05-31T09:00Z,IT_NORD,19695
2024-05-31T10:00Z,IT_NORD,19734
2024-05-31T11:00Z,IT_NORD,19619
2024-05-31T12:00Z,IT_NORD,19372
2024-05-31T13:00Z,IT_NORD,19264
2024-05-31T14:00Z,IT_NORD,19192
2024-05-31T15:00Z,IT_NORD,19188
2024-05-31T16:00Z,IT_NORD,19074
2024-05-31T17:00Z,IT_NORD,18636
2024-05-31T18:00Z,IT_NORD,18233
2024-05-31T19:00Z,IT_NORD,17668
2024-05-31T20:00Z,IT_NORD,16734
2024-05-31T21:00Z,IT_NORD,15478
2024-05-31T22:00Z,IT_NORD,13744
2024-05-31T23:00Z,IT_NORD,13526
2024-06-01T00:00Z,IT_NORD,13365
2024-06-01T01:00Z,IT_NORD,13278
2024-06-01T02:00Z,IT_NORD,13339
2024-06-01T03:00Z,IT_NORD,13846
2024-06-01T04:00Z,IT_NORD,14664
2024-06-01T05:00Z,IT_NORD,15578
2024-06-01T06:00Z,IT_NORD,16176
2024-06-01T07:00Z,IT_NORD,16534
2024-06-01T08:00Z,IT_NORD,16692
2024-06-01T09:00Z,IT_NORD,16752
2024-06-01T10:00Z,IT_NORD,16727
2024-06-01T11:00Z,IT_NORD,16645
2024-06-01T12:00Z,IT_NORD,16502
2024-06-01T13:00Z,IT_NORD,16458
2024-06-01T14:00Z,IT_NORD,16282
2024-06-01T15:00Z,IT_NORD,16206
2024-06-01T16:00Z,IT_NORD,16233
2024-06-01T17:00Z,IT_NORD,16032
2024-06-01T18:00Z,IT_NORD,15889
2024-06-01T19:00Z,IT_NORD,15566
2024-06-01T20:00Z,IT_NORD,14993
2024-06-01T21:00Z,IT_NORD,14304
2024-06-01T22:00Z,IT_NORD,13695
2024-06-01T23:00Z,IT_NORD,13410
2024-06-02T00:00Z,IT_NORD,13235
2024-06-02T01:00Z,IT_NORD,13125
2024-06-02T02:00Z,IT_NORD,13175
2024-06-02T03:00Z,IT_NORD,13619
2024-06-02T04:00Z,IT_NORD,14521
2024-06-02T05:00Z,IT_NORD,15378
2024-06-02T06:00Z,IT_NORD,15941
2024-06-02T07:00Z,IT_NORD,16241
2024-06-02T08:00Z,IT_NORD,16490
2024-06-02T09:00Z,IT_NORD,16575
2024-06-02T10:00Z,IT_NORD,16585
2024-06-02T11:00Z,IT_NORD,16482
2024-06-02T12:00Z,IT_NORD,16416
2024-06-02T13:00Z,IT_NORD,16320
2024-06-02T14:00Z,IT_NORD,16198
2024-06-02T15:00Z,IT_NORD,16299
2024-06-02T16:00Z,IT_NORD,16227
2024-06-02T17:00Z,IT_NORD,15938
2024-06-02T18:00Z,IT_NORD,15687
2024-06-02T19:00Z,IT_NORD,15453
2024-06-02T20:00Z,IT_NORD,14951
2024-06-02T21:00Z,IT_NORD,14284
2024-06-02T22:00Z,IT_NORD,14878
2024-06-02T23:00Z,IT_NORD,14280
2024-06-03T00:00Z,IT_NORD,13920
2024-06-03T01:00Z,IT_NORD,13759
2024-06-03T02:00Z,IT_NORD,13985
2024-06-03T03:00Z,IT_NORD,14891
2024-06-03T04:00Z,IT_NORD,16549
2024-06-03T05:00Z,IT_NORD,18209
2024-06-03T06:00Z,IT_NORD,19325
2024-06-03T07:00Z,IT_NORD,20039
2024-06-03T08:00Z,IT_NORD,20311
2024-06-03T09:00Z,IT_NORD,20446
2024-06-03T10:00Z,IT_NORD,20389
2024-06-03T11:00Z,IT_NORD,20217
2024-06-03T12:00Z,IT_NORD,19955
2024-06-03T13:00Z,IT_NORD,19875
2024-06-03T14:00Z,IT_NORD,19691
2024-06-03T15:00Z,IT_NORD,19731
2024-06-03T16:00Z,IT_NORD,19671
2024-06-03T17:00Z,IT_NORD,19282
2024-06-03T18:00Z,IT_NORD,18836
2024-06-03T19:00Z,IT_NORD,18365
2024-06-03T20:00Z,IT_NORD,17339
2024-06-03T21:00Z,IT_NORD,16030
2024-06-03T22:00Z,IT_NORD,15056
2024-06-03T23:00Z,IT_NORD,14452
2024-06-04T00:00Z,IT_NORD,14041
2024-06-04T01:00Z,IT_NORD,13883
2024-06-04T02:00Z,IT_NORD,14079
2024-06-04T03:00Z,IT_NORD,15089
2024-06-04T04:00Z,IT_NORD,16923
2024-06-04T05:00Z,IT_NORD,18616
2024-06-04T06:00Z,IT_NORD,19617
2024-06-04T07:00Z,IT_NORD,20266
2024-06-04T08:00Z,IT_NORD,20576
2024-06-04T09:00Z,IT_NORD,20749
2024-06-04T10:00Z,IT_NORD,20708
2024-06-04T11:00Z,IT_NORD,20549
2024-06-04T12:00Z,IT_NORD,20410
2024-06-04T13:00Z,IT_NORD,20294
2024-06-04T14:00Z,IT_NORD,20094
2024-06-04T15:00Z,IT_NORD,19988
2024-06-04T16:00Z,IT_NORD,19909
2024-06-04T17:00Z,IT_NORD,19473
2024-06-04T18:00Z,IT_NORD,18963
2024-06-04T19:00Z,IT_NORD,18353
2024-06-04T20:00Z,IT_NORD,17429
2024-06-04T21:00Z,IT_NORD,16132
2024-06-04T22:00Z,IT_NORD,14605
2024-06-04T23:00Z,IT_NORD,14012
2024-06-05T00:00Z,IT_NORD,13708
2024-06-05T01:00Z,IT_NORD,13528
2024-06-05T02:00Z,IT_NORD,13729
2024-06-05T03:00Z,IT_NORD,14692
2024-06-05T04:00Z,IT_NORD,16307
2024-06-05T05:00Z,IT_NORD,17901
2024-06-05T06:00Z,IT_NORD,18804
2024-06-05T07:00Z,IT_NORD,19464
2024-06-05T08:00Z,IT_NORD,19740
2024-06-05T09:00Z,IT_NORD,19915
2024-06-05T10:00Z,IT_NORD,19885
2024-06-05T11:00Z,IT_NORD,19730
2024-06-05T12:00Z,IT_NORD,19690
2024-06-05T13:00Z,IT_NORD,19467
2024-06-05T14:00Z,IT_NORD,19417
2024-06-05T15:00Z,IT_NORD,19260
2024-06-05T16:00Z,IT_NORD,19252
2024-06-05T17:00Z,IT_NORD,18856
2024-06-05T18:00Z,IT_NORD,18404
2024-06-05T19:00Z,IT_NORD,17695
2024-06-05T20:00Z,IT_NORD,16723
2024-06-05T21:00Z,IT_NORD,15600
2024-06-05T22:00Z,IT_NORD,14553
2024-06-05T23:00Z,IT_NORD,14047
2024-06-06T00:00Z,IT_NORD,13619
2024-06-06T01:00Z,IT_NORD,13459
2024-06-06T02:00Z,IT_NORD,13716
2024-06-06T03:00Z,IT_NORD,14663
2024-06-06T04:00Z,IT_NORD,16351
2024-06-06T05:00Z,IT_NORD,17985
2024-06-06T06:00Z,IT_NORD,18969
2024-06-06T07:00Z,IT_NORD,19706
2024-06-06T08:00Z,IT_NORD,20106
2024-06-06T09:00Z,IT_NORD,20180
2024-06-06T10:00Z,IT_NORD,20147
2024-06-06T11:00Z,IT_NORD,19915
2024-06-06T12:00Z,IT_NORD,19789
2024-06-06T13:00Z,IT_NORD,19715
2024-06-06T14:00Z,IT_NORD,19629
2024-06-06T15:00Z,IT_NORD,19565
2024-06-06T16:00Z,IT_NORD,19410
2024-06-06T17:00Z,IT_NORD,18903
2024-06-06T18:00Z,IT_NORD,18560
2024-06-06T19:00Z,IT_NORD,17873
2024-06-06T20:00Z,IT_NORD,16920
2024-06-06T21:00Z,IT_NORD,15670
2024-06-06T22:00Z,IT_NORD,15065
2024-06-06T23:00Z,IT_NORD,14599
2024-06-07T00:00Z,IT_NORD,14231
2024-06-07T01:00Z,IT_NORD,14060
2024-06-07T02:00Z,IT_NORD,14319
2024-06-07T03:00Z,IT_NORD,15309
2024-06-07T04:00Z,IT_NORD,17002
2024-06-07T05:00Z,IT_NORD,18688
2024-06-07T06:00Z,IT_NORD,19757
2024-06-07T07:00Z,IT_NORD,20552
2024-06-07T08:00Z,IT_NORD,20946
2024-06-07T09:00Z,IT_NORD,21072
2024-06-07T10:00Z,IT_NORD,20959
2024-06-07T11:00Z,IT_NORD,20825
2024-06-07T12:00Z,IT_NORD,20710
2024-06-07T13:00Z,IT_NORD,20491
2024-06-07T14:00Z,IT_NORD,20317
2024-06-07T15:00Z,IT_NORD,20296
2024-06-07T16:00Z,IT_NORD,20166
2024-06-07T17:00Z,IT_NORD,19743
2024-06-07T18:00Z,IT_NORD,19248
2024-06-07T19:00Z,IT_NORD,18617
2024-06-07T20:00Z,IT_NORD,17604
2024-06-07T21:00Z,IT_NORD,16319
2024-06-07T22:00Z,IT_NORD,13811
2024-06-07T23:00Z,IT_NORD,13473
2024-06-08T00:00Z,IT_NORD,13315
2024-06-08T01:00Z,IT_NORD,13316
2024-06-08T02:00Z,IT_NORD,13344
2024-06-08T03:00Z,IT_NORD,13852
2024-06-08T04:00Z,IT_NORD,14764
2024-06-08T05:00Z,IT_NORD,15577
2024-06-08T06:00Z,IT_NORD,16153
2024-06-08T07:00Z,IT_NORD,16468
2024-06-08T08:00Z,IT_NORD,16682
2024-06-08T09:00Z,IT_NORD,16690
2024-06-08T10:00Z,IT_NORD,16641
2024-06-08T11:00Z,IT_NORD,16574
2024-06-08T12:00Z,IT_NORD,16477
2024-06-08T13:00Z,IT_NORD,16379
2024-06-08T14:00Z,IT_NORD,16365
2024-06-08T15:00Z,IT_NORD,16342
2024-06-08T16:00Z,IT_NORD,16289
2024-06-08T17:00Z,IT_NORD,16121
2024-06-08T18:00Z,IT_NORD,15850
2024-06-08T19:00Z,IT_NORD,15561
2024-06-08T20:00Z,IT_NORD,15025
2024-06-08T21:00Z,IT_NORD,14319
2024-06-08T22:00Z,IT_NORD,12465
2024-06-08T23:00Z,IT_NORD,12184
2024-06-09T00:00Z,IT_NORD,12064
2024-06-09T01:00Z,IT_NORD,12012
2024-06-09T02:00Z,IT_NORD,12113
2024-06-09T03:00Z,IT_NORD,12533
2024-06-09T04:00Z,IT_NORD,13353
2024-06-09T05:00Z,IT_NORD,14156
2024-06-09T06:00Z,IT_NORD,14614
2024-06-09T07:00Z,IT_NORD,14870
2024-06-09T08:00Z,IT_NORD,15108
2024-06-09T09:00Z,IT_NORD,15184
2024-06-09T10:00Z,IT_NORD,15207
2024-06-09T11:00Z,IT_NORD,15141
2024-06-09T12:00Z,IT_NORD,15131
2024-06-09T13:00Z,IT_NORD,15060
2024-06-09T14:00Z,IT_NORD,14951
2024-06-09T15:00Z,IT_NORD,14868
2024-06-09T16:00Z,IT_NORD,14716
2024-06-09T17:00Z,IT_NORD,14486
2024-06-09T18:00Z,IT_NORD,14342
2024-06-09T19:00Z,IT_NORD,14059
2024-06-09T20:00Z,IT_NORD,13614
2024-06-09T21:00Z,IT_NORD,13052
2024-06-09T22:00Z,IT_NORD,14836
2024-06-09T23:00Z,IT_NORD,14261
2024-06-10T00:00Z,IT_NORD,13886
2024-06-10T01:00Z,IT_NORD,13774
2024-06-10T02:00Z,IT_NORD,14111
2024-06-10T03:00Z,IT_NORD,15018
2024-06-10T04:00Z,IT_NORD,16718
2024-06-10T05:00Z,IT_NORD,18231
2024-06-10T06:00Z,IT_NORD,19303
2024-06-10T07:00Z,IT_NORD,19900
2024-06-10T08:00Z,IT_NORD,20365
2024-06-10T09:00Z,IT_NORD,20554
2024-06-10T10:00Z,IT_NORD,20539
2024-06-10T11:00Z,IT_NORD,20314
2024-06-10T12:00Z,IT_NORD,20232
2024-06-10T13:00Z,IT_NORD,19986
2024-06-10T14:00Z,IT_NORD,19969
2024-06-10T15:00Z,IT_NORD,19996
2024-06-10T16:00Z,IT_NORD,19801
2024-06-10T17:00Z,IT_NORD,19437
2024-06-10T18:00Z,IT_NORD,18967
2024-06-10T19:00Z,IT_NORD,18355
2024-06-10T20:00Z,IT_NORD,17386
2024-06-10T21:00Z,IT_NORD,16068
2024-06-10T22:00Z,IT_NORD,17201
2024-06-10T23:00Z,IT_NORD,16533
2024-06-11T00:00Z,IT_NORD,16093
2024-06-11T01:00Z,IT_NORD,15918
2024-06-11T02:00Z,IT_NORD,16193
2024-06-11T03:00Z,IT_NORD,17264
2024-06-11T04:00Z,IT_NORD,19173
2024-06-11T05:00Z,IT_NORD,21103
2024-06-11T06:00Z,IT_NORD,22343
2024-06-11T07:00Z,IT_NORD,22967
2024-06-11T08:00Z,IT_NORD,23210
2024-06-11T09:00Z,IT_NORD,23407
2024-06-11T10:00Z,IT_NORD,23408
2024-06-11T11:00Z,IT_NORD,23233
2024-06-11T12:00Z,IT_NORD,23031
2024-06-11T13:00Z,IT_NORD,22782
2024-06-11T14:00Z,IT_NORD,22731
2024-06-11T15:00Z,IT_NORD,22617
2024-06-11T16:00Z,IT_NORD,22427
2024-06-11T17:00Z,IT_NORD,22040
2024-06-11T18:00Z,IT_NORD,21572
2024-06-11T19:00Z,IT_NORD,20905
2024-06-11T20:00Z,IT_NORD,19975
2024-06-11T21:00Z,IT_NORD,18517
2024-06-11T22:00Z,IT_NORD,16523
2024-06-11T23:00Z,IT_NORD,15862
2024-06-12T00:00Z,IT_NORD,15461
2024-06-12T01:00Z,IT_NORD,15235
2024-06-12T02:00Z,IT_NORD,15446
2024-06-12T03:00Z,IT_NORD,16495
2024-06-12T04:00Z,IT_NORD,18394
2024-06-12T05:00Z,IT_NORD,20224
2024-06-12T06:00Z,IT_NORD,21389
2024-06-12T07:00Z,IT_NORD,22201
2024-06-12T08:00Z,IT_NORD,22561
2024-06-12T09:00Z,IT_NORD,22761
2024-06-12T10:00Z,IT_NORD,22697
2024-06-12T11:00Z,IT_NORD,22543
2024-06-12T12:00Z,IT_NORD,22306
2024-06-12T13:00Z,IT_NORD,22069
2024-06-12T14:00Z,IT_NORD,22049
2024-06-12T15:00Z,IT_NORD,21892
2024-06-12T16:00Z,IT_NORD,21791
2024-06-12T17:00Z,IT_NORD,21279
2024-06-12T18:00Z,IT_NORD,20870
2024-06-12T19:00Z,IT_NORD,20253
2024-06-12T20:00Z,IT_NORD,19214
2024-06-12T21:00Z,IT_NORD,17715
2024-06-12T22:00Z,IT_NORD,17755
2024-06-12T23:00Z,IT_NORD,17098
2024-06-13T00:00Z,IT_NORD,16603
2024-06-13T01:00Z,IT_NORD,16404
2024-06-13T02:00Z,IT_NORD,16589
2024-06-13T03:00Z,IT_NORD,17733
2024-06-13T04:00Z,IT_NORD,19752
2024-06-13T05:00Z,IT_NORD,21616
2024-06-13T06:00Z,IT_NORD,22916
2024-06-13T07:00Z,IT_NORD,23760
2024-06-13T08:00Z,IT_NORD,24141
2024-06-13T09:00Z,IT_NORD,24200
2024-06-13T10:00Z,IT_NORD,24156
2024-06-13T11:00Z,IT_NORD,24017
2024-06-13T12:00Z,IT_NORD,23936
2024-06-13T13:00Z,IT_NORD,23743
2024-06-13T14:00Z,IT_NORD,23696
2024-06-13T15:00Z,IT_NORD,23567
2024-06-13T16:00Z,IT_NORD,23456
2024-06-13T17:00Z,IT_NORD,22988
2024-06-13T18:00Z,IT_NORD,22411
2024-06-13T19:00Z,IT_NORD,21669
2024-06-13T20:00Z,IT_NORD,20529
2024-06-13T21:00Z,IT_NORD,19007
2024-06-13T22:00Z,IT_NORD,16932
2024-06-13T23:00Z,IT_NORD,16281
2024-06-14T00:00Z,IT_NORD,15873
2024-06-14T01:00Z,IT_NORD,15698
2024-06-14T02:00Z,IT_NORD,15903
2024-06-14T03:00Z,IT_NORD,17007
2024-06-14T04:00Z,IT_NORD,18862
2024-06-14T05:00Z,IT_NORD,20798
2024-06-14T06:00Z,IT_NORD,22067
2024-06-14T07:00Z,IT_NORD,22881
2024-06-14T08:00Z,IT_NORD,23424
2024-06-14T09:00Z,IT_NORD,23510
2024-06-14T10:00Z,IT_NORD,23295
2024-06-14T11:00Z,IT_NORD,23036
2024-06-14T12:00Z,IT_NORD,22855
2024-06-14T13:00Z,IT_NORD,22634
2024-06-14T14:00Z,IT_NORD,22528
2024-06-14T15:00Z,IT_NORD,22516
2024-06-14T16:00Z,IT_NORD,22339
2024-06-14T17:00Z,IT_NORD,21759
2024-06-14T18:00Z,IT_NORD,21365
2024-06-14T19:00Z,IT_NORD,20678
2024-06-14T20:00Z,IT_NORD,19750
2024-06-14T21:00Z,IT_NORD,18263
2024-06-14T22:00Z,IT_NORD,16344
2024-06-14T23:00Z,IT_NORD,15968
2024-06-15T00:00Z,IT_NORD,15667
2024-06-15T01:00Z,IT_NORD,15615
2024-06-15T02:00Z,IT_NORD,15729
2024-06-15T03:00Z,IT_NORD,16292
2024-06-15T04:00Z,IT_NORD,17393
2024-06-15T05:00Z,IT_NORD,18309
2024-06-15T06:00Z,IT_NORD,18853
2024-06-15T07:00Z,IT_NORD,19270
2024-06-15T08:00Z,IT_NORD,19470
2024-06-15T09:00Z,IT_NORD,19618
2024-06-15T10:00Z,IT_NORD,19665
2024-06-15T11:00Z,IT_NORD,19588
2024-06-15T12:00Z,IT_NORD,19524
2024-06-15T13:00Z,IT_NORD,19411
2024-06-15T14:00Z,IT_NORD,19300
2024-06-15T15:00Z,IT_NORD,19175
2024-06-15T16:00Z,IT_NORD,19143
2024-06-15T17:00Z,IT_NORD,18873
2024-06-15T18:00Z,IT_NORD,18652
2024-06-15T19:00Z,IT_NORD,18220
2024-06-15T20:00Z,IT_NORD,17668
2024-06-15T21:00Z,IT_NORD,16944
2024-06-15T22:00Z,IT_NORD,14317
2024-06-15T23:00Z,IT_NORD,13970
2024-06-16T00:00Z,IT_NORD,13776
2024-06-16T01:00Z,IT_NORD,13665
2024-06-16T02:00Z,IT_NORD,13783
2024-06-16T03:00Z,IT_NORD,14171
2024-06-16T04:00Z,IT_NORD,15116
2024-06-16T05:00Z,IT_NORD,15955
2024-06-16T06:00Z,IT_NORD,16584
2024-06-16T07:00Z,IT_NORD,17024
2024-06-16T08:00Z,IT_NORD,17269
2024-06-16T09:00Z,IT_NORD,17439
2024-06-16T10:00Z,IT_NORD,17455
2024-06-16T11:00Z,IT_NORD,17314
2024-06-16T12:00Z,IT_NORD,17175
2024-06-16T13:00Z,IT_NORD,17077
2024-06-16T14:00Z,IT_NORD,17023
2024-06-16T15:00Z,IT_NORD,16838
2024-06-16T16:00Z,IT_NORD,16646
2024-06-16T17:00Z,IT_NORD,16448
2024-06-16T18:00Z,IT_NORD,16290
2024-06-16T19:00Z,IT_NORD,16011
2024-06-16T20:00Z,IT_NORD,15486
2024-06-16T21:00Z,IT_NORD,14872
2024-06-16T22:00Z,IT_NORD,16396
2024-06-16T23:00Z,IT_NORD,15733
2024-06-17T00:00Z,IT_NORD,15372
2024-06-17T01:00Z,IT_NORD,15167
2024-06-17T02:00Z,IT_NORD,15398
2024-06-17T03:00Z,IT_NORD,16466
2024-06-17T04:00Z,IT_NORD,18319
2024-06-17T05:00Z,IT_NORD,20122
2024-06-17T06:00Z,IT_NORD,21354
2024-06-17T07:00Z,IT_NORD,22066
2024-06-17T08:00Z,IT_NORD,22469
2024-06-17T09:00Z,IT_NORD,22708
2024-06-17T10:00Z,IT_NORD,22690
2024-06-17T11:00Z,IT_NORD,22515
2024-06-17T12:00Z,IT_NORD,22358
2024-06-17T13:00Z,IT_NORD,22261
2024-06-17T14:00Z,IT_NORD,22151
2024-06-17T15:00Z,IT_NORD,22120
2024-06-17T16:00Z,IT_NORD,21861
2024-06-17T17:00Z,IT_NORD,21311
2024-06-17T18:00Z,IT_NORD,20789
2024-06-17T19:00Z,IT_NORD,20162
2024-06-17T20:00Z,IT_NORD,19185
2024-06-17T21:00Z,IT_NORD,17824
2024-06-17T22:00Z,IT_NORD,16389
2024-06-17T23:00Z,IT_NORD,15742
2024-06-18T00:00Z,IT_NORD,15280
2024-06-18T01:00Z,IT_NORD,15146
2024-06-18T02:00Z,IT_NORD,15320
2024-06-18T03:00Z,IT_NORD,16326
2024-06-18T04:00Z,IT_NORD,18167
2024-06-18T05:00Z,IT_NORD,19900
2024-06-18T06:00Z,IT_NORD,20995
2024-06-18T07:00Z,IT_NORD,21701
2024-06-18T08:00Z,IT_NORD,22090
2024-06-18T09:00Z,IT_NORD,22272
2024-06-18T10:00Z,IT_NORD,22367
2024-06-18T11:00Z,IT_NORD,22064
2024-06-18T12:00Z,IT_NORD,21815
2024-06-18T13:00Z,IT_NORD,21628
2024-06-18T14:00Z,IT_NORD,21464
2024-06-18T15:00Z,IT_NORD,21469
2024-06-18T16:00Z,IT_NORD,21335
2024-06-18T17:00Z,IT_NORD,20962
2024-06-18T18:00Z,IT_NORD,20587
2024-06-18T19:00Z,IT_NORD,20050
2024-06-18T20:00Z,IT_NORD,19079
2024-06-18T21:00Z,IT_NORD,17583
2024-06-18T22:00Z,IT_NORD,15698
2024-06-18T23:00Z,IT_NORD,15155
2024-06-19T00:00Z,IT_NORD,14729
2024-06-19T01:00Z,IT_NORD,14535
2024-06-19T02:00Z,IT_NORD,14794
2024-06-19T03:00Z,IT_NORD,15749
2024-06-19T04:00Z,IT_NORD,17493
2024-06-19T05:00Z,IT_NORD,19207
2024-06-19T06:00Z,IT_NORD,20259
2024-06-19T07:00Z,IT_NORD,20969
2024-06-19T08:00Z,IT_NORD,21221
2024-06-19T09:00Z,IT_NORD,21442
2024-06-19T10:00Z,IT_NORD,21593
2024-06-19T11:00Z,IT_NORD,21307
2024-06-19T12:00Z,IT_NORD,21084
2024-06-19T13:00Z,IT_NORD,20842
2024-06-19T14:00Z,IT_NORD,20629
2024-06-19T15:00Z,IT_NORD,20552
2024-06-19T16:00Z,IT_NORD,20297
2024-06-19T17:00Z,IT_NORD,19873
2024-06-19T18:00Z,IT_NORD,19528
2024-06-19T19:00Z,IT_NORD,18949
2024-06-19T20:00Z,IT_NORD,17987
2024-06-19T21:00Z,IT_NORD,16673
2024-06-19T22:00Z,IT_NORD,14651
2024-06-19T23:00Z,IT_NORD,14019
2024-06-20T00:00Z,IT_NORD,13654
2024-06-20T01:00Z,IT_NORD,13557
2024-06-20T02:00Z,IT_NORD,13727
2024-06-20T03:00Z,IT_NORD,14634
2024-06-20T04:00Z,IT_NORD,16338
2024-06-20T05:00Z,IT_NORD,17995
2024-06-20T06:00Z,IT_NORD,19063
2024-06-20T07:00Z,IT_NORD,19817
2024-06-20T08:00Z,IT_NORD,20125
2024-06-20T09:00Z,IT_NORD,20381
2024-06-20T10:00Z,IT_NORD,20374
2024-06-20T11:00Z,IT_NORD,20081
2024-06-20T12:00Z,IT_NORD,19907
2024-06-20T13:00Z,IT_NORD,19748
2024-06-20T14:00Z,IT_NORD,19586
2024-06-20T15:00Z,IT_NORD,19490
2024-06-20T16:00Z,IT_NORD,19336
2024-06-20T17:00Z,IT_NORD,18954
2024-06-20T18:00Z,IT_NORD,18573
2024-06-20T19:00Z,IT_NORD,17964
2024-06-20T20:00Z,IT_NORD,17179
2024-06-20T21:00Z,IT_NORD,15942
2024-06-20T22:00Z,IT_NORD,14587
2024-06-20T23:00Z,IT_NORD,14055
2024-06-21T00:00Z,IT_NORD,13612
2024-06-21T01:00Z,IT_NORD,13454
2024-06-21T02:00Z,IT_NORD,13695
2024-06-21T03:00Z,IT_NORD,14609
2024-06-21T04:00Z,IT_NORD,16114
2024-06-21T05:00Z,IT_NORD,17741
2024-06-21T06:00Z,IT_NORD,18705
2024-06-21T07:00Z,IT_NORD,19338
2024-06-21T08:00Z,IT_NORD,19750
2024-06-21T09:00Z,IT_NORD,19914
2024-06-21T10:00Z,IT_NORD,19877
2024-06-21T11:00Z,IT_NORD,19576
2024-06-21T12:00Z,IT_NORD,19398
2024-06-21T13:00Z,IT_NORD,19184
2024-06-21T14:00Z,IT_NORD,19093
2024-06-21T15:00Z,IT_NORD,19078
2024-06-21T16:00Z,IT_NORD,18877
2024-06-21T17:00Z,IT_NORD,18580
2024-06-21T18:00Z,IT_NORD,18293
2024-06-21T19:00Z,IT_NORD,17771
2024-06-21T20:00Z,IT_NORD,16897
2024-06-21T21:00Z,IT_NORD,15744
2024-06-21T22:00Z,IT_NORD,14191
2024-06-21T23:00Z,IT_NORD,13854
2024-06-22T00:00Z,IT_NORD,13645
2024-06-22T01:00Z,IT_NORD,13567
2024-06-22T02:00Z,IT_NORD,13625
2024-06-22T03:00Z,IT_NORD,14166
2024-06-22T04:00Z,IT_NORD,15006
2024-06-22T05:00Z,IT_NORD,15909
2024-06-22T06:00Z,IT_NORD,16461
2024-06-22T07:00Z,IT_NORD,16860
2024-06-22T08:00Z,IT_NORD,17067
2024-06-22T09:00Z,IT_NORD,17011
2024-06-22T10:00Z,IT_NORD,17099
2024-06-22T11:00Z,IT_NORD,16962
2024-06-22T12:00Z,IT_NORD,16950
2024-06-22T13:00Z,IT_NORD,16826
2024-06-22T14:00Z,IT_NORD,16738
2024-06-22T15:00Z,IT_NORD,16629
2024-06-22T16:00Z,IT_NORD,16585
2024-06-22T17:00Z,IT_NORD,16380
2024-06-22T18:00Z,IT_NORD,16081
2024-06-22T19:00Z,IT_NORD,15754
2024-06-22T20:00Z,IT_NORD,15388
2024-06-22T21:00Z,IT_NORD,14712
2024-06-22T22:00Z,IT_NORD,12570
2024-06-22T23:00Z,IT_NORD,12295
2024-06-23T00:00Z,IT_NORD,12178
2024-06-23T01:00Z,IT_NORD,12124
2024-06-23T02:00Z,IT_NORD,12170
2024-06-23T03:00Z,IT_NORD,12603
2024-06-23T04:00Z,IT_NORD,13423
2024-06-23T05:00Z,IT_NORD,14191
2024-06-23T06:00Z,IT_NORD,14689
2024-06-23T07:00Z,IT_NORD,15020
2024-06-23T08:00Z,IT_NORD,15151
2024-06-23T09:00Z,IT_NORD,15210
2024-06-23T10:00Z,IT_NORD,15180
2024-06-23T11:00Z,IT_NORD,15099
2024-06-23T12:00Z,IT_NORD,15080
2024-06-23T13:00Z,IT_NORD,14980
2024-06-23T14:00Z,IT_NORD,14947
2024-06-23T15:00Z,IT_NORD,14817
2024-06-23T16:00Z,IT_NORD,14728
2024-06-23T17:00Z,IT_NORD,14601
2024-06-23T18:00Z,IT_NORD,14385
2024-06-23T19:00Z,IT_NORD,14095
2024-06-23T20:00Z,IT_NORD,13683
2024-06-23T21:00Z,IT_NORD,13093
2024-06-23T22:00Z,IT_NORD,14528
2024-06-23T23:00Z,IT_NORD,13937
2024-06-24T00:00Z,IT_NORD,13555
2024-06-24T01:00Z,IT_NORD,13382
2024-06-24T02:00Z,IT_NORD,13567
2024-06-24T03:00Z,IT_NORD,14539
2024-06-24T04:00Z,IT_NORD,16142
2024-06-24T05:00Z,IT_NORD,17805
2024-06-24T06:00Z,IT_NORD,18832
2024-06-24T07:00Z,IT_NORD,19497
2024-06-24T08:00Z,IT_NORD,19722
2024-06-24T09:00Z,IT_NORD,19935
2024-06-24T10:00Z,IT_NORD,19940
2024-06-24T11:00Z,IT_NORD,19712
2024-06-24T12:00Z,IT_NORD,19581
2024-06-24T13:00Z,IT_NORD,19365
2024-06-24T14:00Z,IT_NORD,19289
2024-06-24T15:00Z,IT_NORD,19289
2024-06-24T16:00Z,IT_NORD,19106
2024-06-24T17:00Z,IT_NORD,18725
2024-06-24T18:00Z,IT_NORD,18350
2024-06-24T19:00Z,IT_NORD,17830
2024-06-24T20:00Z,IT_NORD,16970
2024-06-24T21:00Z,IT_NORD,15650
2024-06-24T22:00Z,IT_NORD,16347
2024-06-24T23:00Z,IT_NORD,15770
2024-06-25T00:00Z,IT_NORD,15389
2024-06-25T01:00Z,IT_NORD,15138
2024-06-25T02:00Z,IT_NORD,15326
2024-06-25T03:00Z,IT_NORD,16304
2024-06-25T04:00Z,IT_NORD,18035
2024-06-25T05:00Z,IT_NORD,19805
2024-06-25T06:00Z,IT_NORD,20784
2024-06-25T07:00Z,IT_NORD,21582
2024-06-25T08:00Z,IT_NORD,21962
2024-06-25T09:00Z,IT_NORD,22170
2024-06-25T10:00Z,IT_NORD,22223
2024-06-25T11:00Z,IT_NORD,22012
2024-06-25T12:00Z,IT_NORD,21980
2024-06-25T13:00Z,IT_NORD,21804
2024-06-25T14:00Z,IT_NORD,21650
2024-06-25T15:00Z,IT_NORD,21506
2024-06-25T16:00Z,IT_NORD,21305
2024-06-25T17:00Z,IT_NORD,20997
2024-06-25T18:00Z,IT_NORD,20591
2024-06-25T19:00Z,IT_NORD,20014
2024-06-25T20:00Z,IT_NORD,19031
2024-06-25T21:00Z,IT_NORD,17556
2024-06-25T22:00Z,IT_NORD,16527
2024-06-25T23:00Z,IT_NORD,15958
2024-06-26T00:00Z,IT_NORD,15539
2024-06-26T01:00Z,IT_NORD,15333
2024-06-26T02:00Z,IT_NORD,15583
2024-06-26T03:00Z,IT_NORD,16544
2024-06-26T04:00Z,IT_NORD,18445
2024-06-26T05:00Z,IT_NORD,20196
2024-06-26T06:00Z,IT_NORD,21297
2024-06-26T07:00Z,IT_NORD,22103
2024-06-26T08:00Z,IT_NORD,22465
2024-06-26T09:00Z,IT_NORD,22623
2024-06-26T10:00Z,IT_NORD,22632
2024-06-26T11:00Z,IT_NORD,22390
2024-06-26T12:00Z,IT_NORD,22191
2024-06-26T13:00Z,IT_NORD,22081
2024-06-26T14:00Z,IT_NORD,21956
2024-06-26T15:00Z,IT_NORD,21827
2024-06-26T16:00Z,IT_NORD,21594
2024-06-26T17:00Z,IT_NORD,21158
2024-06-26T18:00Z,IT_NORD,20646
2024-06-26T19:00Z,IT_NORD,20082
2024-06-26T20:00Z,IT_NORD,18964
2024-06-26T21:00Z,IT_NORD,17597
2024-06-26T22:00Z,IT_NORD,16758
2024-06-26T23:00Z,IT_NORD,16147
2024-06-27T00:00Z,IT_NORD,15649
2024-06-27T01:00Z,IT_NORD,15416
2024-06-27T02:00Z,IT_NORD,15713
2024-06-27T03:00Z,IT_NORD,16806
2024-06-27T04:00Z,IT_NORD,18534
2024-06-27T05:00Z,IT_NORD,20392
2024-06-27T06:00Z,IT_NORD,21634
2024-06-27T07:00Z,IT_NORD,22384
2024-06-27T08:00Z,IT_NORD,22837
2024-06-27T09:00Z,IT_NORD,23072
2024-06-27T10:00Z,IT_NORD,22953
2024-06-27T11:00Z,IT_NORD,22666
2024-06-27T12:00Z,IT_NORD,22562
2024-06-27T13:00Z,IT_NORD,22501
2024-06-27T14:00Z,IT_NORD,22334
2024-06-27T15:00Z,IT_NORD,22144
2024-06-27T16:00Z,IT_NORD,22033
2024-06-27T17:00Z,IT_NORD,21624
2024-06-27T18:00Z,IT_NORD,21125
2024-06-27T19:00Z,IT_NORD,20502
2024-06-27T20:00Z,IT_NORD,19472
2024-06-27T21:00Z,IT_NORD,18055
2024-06-27T22:00Z,IT_NORD,16732
2024-06-27T23:00Z,IT_NORD,16218
2024-06-28T00:00Z,IT_NORD,15842
2024-06-28T01:00Z,IT_NORD,15643
2024-06-28T02:00Z,IT_NORD,15823
2024-06-28T03:00Z,IT_NORD,16861
2024-06-28T04:00Z,IT_NORD,18744
2024-06-28T05:00Z,IT_NORD,20593
2024-06-28T06:00Z,IT_NORD,21652
2024-06-28T07:00Z,IT_NORD,22619
2024-06-28T08:00Z,IT_NORD,22930
2024-06-28T09:00Z,IT_NORD,23092
2024-06-28T10:00Z,IT_NORD,23203
2024-06-28T11:00Z,IT_NORD,22960
2024-06-28T12:00Z,IT_NORD,22831
2024-06-28T13:00Z,IT_NORD,22640
2024-06-28T14:00Z,IT_NORD,22369
2024-06-28T15:00Z,IT_NORD,22288
2024-06-28T16:00Z,IT_NORD,22011
2024-06-28T17:00Z,IT_NORD,21484
2024-06-28T18:00Z,IT_NORD,21030
2024-06-28T19:00Z,IT_NORD,20414
2024-06-28T20:00Z,IT_NORD,19431
2024-06-28T21:00Z,IT_NORD,17978
2024-06-28T22:00Z,IT_NORD,14621
2024-06-28T23:00Z,IT_NORD,14318
2024-06-29T00:00Z,IT_NORD,14118
2024-06-29T01:00Z,IT_NORD,14080
2024-06-29T02:00Z,IT_NORD,14279
2024-06-29T03:00Z,IT_NORD,14802
2024-06-29T04:00Z,IT_NORD,15693
2024-06-29T05:00Z,IT_NORD,16556
2024-06-29T06:00Z,IT_NORD,17154
2024-06-29T07:00Z,IT_NORD,17484
2024-06-29T08:00Z,IT_NORD,17750
2024-06-29T09:00Z,IT_NORD,17721
2024-06-29T10:00Z,IT_NORD,17764
2024-06-29T11:00Z,IT_NORD,17674
2024-06-29T12:00Z,IT_NORD,17610
2024-06-29T13:00Z,IT_NORD,17500
2024-06-29T14:00Z,IT_NORD,17452
2024-06-29T15:00Z,IT_NORD,17239
2024-06-29T16:00Z,IT_NORD,17127
2024-06-29T17:00Z,IT_NORD,16912
2024-06-29T18:00Z,IT_NORD,16711
2024-06-29T19:00Z,IT_NORD,16394
2024-06-29T20:00Z,IT_NORD,15934
2024-06-29T21:00Z,IT_NORD,15220
2024-06-29T22:00Z,IT_NORD,12873
2024-06-29T23:00Z,IT_NORD,12629
2024-06-30T00:00Z,IT_NORD,12474
2024-06-30T01:00Z,IT_NORD,12354
2024-06-30T02:00Z,IT_NORD,12375
2024-06-30T03:00Z,IT_NORD,12835
2024-06-30T04:00Z,IT_NORD,13634
2024-06-30T05:00Z,IT_NORD,14435
2024-06-30T06:00Z,IT_NORD,14964
2024-06-30T07:00Z,IT_NORD,15354
2024-06-30T08:00Z,IT_NORD,15521
2024-06-30T09:00Z,IT_NORD,15656
2024-06-30T10:00Z,IT_NORD,15636
2024-06-30T11:00Z,IT_NORD,15558
2024-06-30T12:00Z,IT_NORD,15416
2024-06-30T13:00Z,IT_NORD,15342
2024-06-30T14:00Z,IT_NORD,15305
2024-06-30T15:00Z,IT_NORD,15135
2024-06-30T16:00Z,IT_NORD,15046
2024-06-30T17:00Z,IT_NORD,14969
2024-06-30T18:00Z,IT_NORD,14753
2024-06-30T19:00Z,IT_NORD,14426
2024-06-30T20:00Z,IT_NORD,13943
2024-06-30T21:00Z,IT_NORD,13348
