timestamp_utc,zone,wind_onshore_mw,wind_offshore_mw,solar_mw
2023-12-31T23:00Z,DE_LU,4845,1552,0
2024-01-01T00:00Z,DE_LU,4307,1396,0
2024-01-01T01:00Z,DE_LU,4669,1501,0
2024-01-01T02:00Z,DE_LU,3760,1234,0
2024-01-01T03:00Z,DE_LU,2518,851,0
2024-01-01T04:00Z,DE_LU,3513,1160,0
2024-01-01T05:00Z,DE_LU,3634,1196,0
2024-01-01T06:00Z,DE_LU,3470,1147,0
2024-01-01T07:00Z,DE_LU,2466,834,94
2024-01-01T08:00Z,DE_LU,3314,1099,2781
2024-01-01T09:00Z,DE_LU,3645,1200,4764
2024-01-01T10:00Z,DE_LU,2570,868,6561
2024-01-01T11:00Z,DE_LU,4052,1321,6556
2024-01-01T12:00Z,DE_LU,2712,912,5684
2024-01-01T13:00Z,DE_LU,2445,828,3899
2024-01-01T14:00Z,DE_LU,1263,440,1479
2024-01-01T15:00Z,DE_LU,1266,441,0
2024-01-01T16:00Z,DE_LU,1068,374,0
2024-01-01T17:00Z,DE_LU,1164,407,0
2024-01-01T18:00Z,DE_LU,1099,384,0
2024-01-01T19:00Z,DE_LU,1350,469,0
2024-01-01T20:00Z,DE_LU,858,302,0
2024-01-01T21:00Z,DE_LU,978,343,0
2024-01-01T22:00Z,DE_LU,1340,466,0
2024-01-01T23:00Z,DE_LU,1471,510,0
2024-01-02T00:00Z,DE_LU,1377,478,0
2024-01-02T01:00Z,DE_LU,1373,477,0
2024-01-02T02:00Z,DE_LU,1507,522,0
2024-01-02T03:00Z,DE_LU,2307,784,0
2024-01-02T04:00Z,DE_LU,2521,852,0
2024-01-02T05:00Z,DE_LU,2810,943,0
2024-01-02T06:00Z,DE_LU,3087,1029,0
2024-01-02T07:00Z,DE_LU,3048,1017,145
2024-01-02T08:00Z,DE_LU,3876,1269,3686
2024-01-02T09:00Z,DE_LU,4980,1590,7183
2024-01-02T10:00Z,DE_LU,4896,1566,9751
2024-01-02T11:00Z,DE_LU,4963,1585,10056
2024-01-02T12:00Z,DE_LU,5097,1623,9086
2024-01-02T13:00Z,DE_LU,3305,1096,6938
2024-01-02T14:00Z,DE_LU,3553,1172,2839
2024-01-02T15:00Z,DE_LU,4678,1504,0
2024-01-02T16:00Z,DE_LU,7928,2374,0
2024-01-02T17:00Z,DE_LU,7716,2321,0
2024-01-02T18:00Z,DE_LU,6023,1879,0
2024-01-02T19:00Z,DE_LU,7610,2294,0
2024-01-02T20:00Z,DE_LU,10635,3013,0
2024-01-02T21:00Z,DE_LU,11078,3111,0
2024-01-02T22:00Z,DE_LU,9891,2844,0
2024-01-02T23:00Z,DE_LU,13744,3667,0
2024-01-03T00:00Z,DE_LU,12216,3355,0
2024-01-03T01:00Z,DE_LU,12356,3384,0
2024-01-03T02:00Z,DE_LU,10397,2960,0
2024-01-03T03:00Z,DE_LU,12473,3409,0
2024-01-03T04:00Z,DE_LU,16414,4170,0
2024-01-03T05:00Z,DE_LU,21547,5015,0
2024-01-03T06:00Z,DE_LU,26734,5735,0
2024-01-03T07:00Z,DE_LU,25895,5626,188
2024-01-03T08:00Z,DE_LU,32174,6379,3712
2024-01-03T09:00Z,DE_LU,29669,6095,6075
2024-01-03T10:00Z,DE_LU,29244,6045,7977
2024-01-03T11:00Z,DE_LU,25796,5613,8380
2024-01-03T12:00Z,DE_LU,19627,4716,7185
2024-01-03T13:00Z,DE_LU,14793,3870,4991
2024-01-03T14:00Z,DE_LU,15118,3932,2030
2024-01-03T15:00Z,DE_LU,16433,4174,0
2024-01-03T16:00Z,DE_LU,19140,4637,0
2024-01-03T17:00Z,DE_LU,22284,5124,0
2024-01-03T18:00Z,DE_LU,21811,5054,0
2024-01-03T19:00Z,DE_LU,28665,5975,0
2024-01-03T20:00Z,DE_LU,27108,5783,0
2024-01-03T21:00Z,DE_LU,19434,4685,0
2024-01-03T22:00Z,DE_LU,12050,3320,0
2024-01-03T23:00Z,DE_LU,15222,3951,0
2024-01-04T00:00Z,DE_LU,15631,4027,0
2024-01-04T01:00Z,DE_LU,18932,4603,0
2024-01-04T02:00Z,DE_LU,23435,5290,0
2024-01-04T03:00Z,DE_LU,30983,6246,0
2024-01-04T04:00Z,DE_LU,21413,4994,0
2024-01-04T05:00Z,DE_LU,21479,5004,0
2024-01-04T06:00Z,DE_LU,17213,4312,0
2024-01-04T07:00Z,DE_LU,21799,5052,140
2024-01-04T08:00Z,DE_LU,23651,5321,2709
2024-01-04T09:00Z,DE_LU,20504,4855,5370
2024-01-04T10:00Z,DE_LU,22429,5145,6749
2024-01-04T11:00Z,DE_LU,24005,5371,7117
2024-01-04T12:00Z,DE_LU,19352,4672,5892
2024-01-04T13:00Z,DE_LU,13612,3640,4401
2024-01-04T14:00Z,DE_LU,9666,2792,1842
2024-01-04T15:00Z,DE_LU,13253,3569,0
2024-01-04T16:00Z,DE_LU,14398,3794,0
2024-01-04T17:00Z,DE_LU,15358,3977,0
2024-01-04T18:00Z,DE_LU,15595,4021,0
2024-01-04T19:00Z,DE_LU,22558,5164,0
2024-01-04T20:00Z,DE_LU,27937,5886,0
2024-01-04T21:00Z,DE_LU,25812,5615,0
2024-01-04T22:00Z,DE_LU,18541,4538,0
2024-01-04T23:00Z,DE_LU,18731,4570,0
2024-01-05T00:00Z,DE_LU,15997,4095,0
2024-01-05T01:00Z,DE_LU,15874,4072,0
2024-01-05T02:00Z,DE_LU,16272,4145,0
2024-01-05T03:00Z,DE_LU,14722,3857,0
2024-01-05T04:00Z,DE_LU,15576,4017,0
2024-01-05T05:00Z,DE_LU,14006,3718,0
2024-01-05T06:00Z,DE_LU,15424,3989,0
2024-01-05T07:00Z,DE_LU,19972,4771,101
2024-01-05T08:00Z,DE_LU,17049,4283,1790
2024-01-05T09:00Z,DE_LU,18576,4544,3236
2024-01-05T10:00Z,DE_LU,22484,5153,3656
2024-01-05T11:00Z,DE_LU,23353,5279,4272
2024-01-05T12:00Z,DE_LU,29653,6093,3749
2024-01-05T13:00Z,DE_LU,25376,5557,2387
2024-01-05T14:00Z,DE_LU,27022,5772,1258
2024-01-05T15:00Z,DE_LU,28123,5909,0
2024-01-05T16:00Z,DE_LU,31115,6261,0
2024-01-05T17:00Z,DE_LU,29525,6078,0
2024-01-05T18:00Z,DE_LU,26891,5755,0
2024-01-05T19:00Z,DE_LU,28370,5939,0
2024-01-05T20:00Z,DE_LU,25753,5607,0
2024-01-05T21:00Z,DE_LU,23749,5335,0
2024-01-05T22:00Z,DE_LU,25392,5560,0
2024-01-05T23:00Z,DE_LU,21676,5034,0
2024-01-06T00:00Z,DE_LU,13257,3569,0
2024-01-06T01:00Z,DE_LU,11335,3167,0
2024-01-06T02:00Z,DE_LU,11717,3249,0
2024-01-06T03:00Z,DE_LU,14326,3781,0
2024-01-06T04:00Z,DE_LU,13399,3598,0
2024-01-06T05:00Z,DE_LU,13924,3702,0
2024-01-06T06:00Z,DE_LU,15379,3981,0
2024-01-06T07:00Z,DE_LU,17742,4403,155
2024-01-06T08:00Z,DE_LU,24011,5371,2060
2024-01-06T09:00Z,DE_LU,22350,5134,3335
2024-01-06T10:00Z,DE_LU,23777,5339,4472
2024-01-06T11:00Z,DE_LU,24179,5395,4522
2024-01-06T12:00Z,DE_LU,20665,4880,3771
2024-01-06T13:00Z,DE_LU,16065,4107,2381
2024-01-06T14:00Z,DE_LU,18412,4516,1044
2024-01-06T15:00Z,DE_LU,16670,4216,0
2024-01-06T16:00Z,DE_LU,14905,3892,0
2024-01-06T17:00Z,DE_LU,12814,3479,0
2024-01-06T18:00Z,DE_LU,10455,2972,0
2024-01-06T19:00Z,DE_LU,9994,2868,0
2024-01-06T20:00Z,DE_LU,6607,2035,0
2024-01-06T21:00Z,DE_LU,5519,1741,0
2024-01-06T22:00Z,DE_LU,7144,2175,0
2024-01-06T23:00Z,DE_LU,5584,1759,0
2024-01-07T00:00Z,DE_LU,4834,1548,0
2024-01-07T01:00Z,DE_LU,4564,1471,0
2024-01-07T02:00Z,DE_LU,3549,1171,0
2024-01-07T03:00Z,DE_LU,7332,2223,0
2024-01-07T04:00Z,DE_LU,11072,3110,0
2024-01-07T05:00Z,DE_LU,14199,3756,0
2024-01-07T06:00Z,DE_LU,9221,2688,0
2024-01-07T07:00Z,DE_LU,10170,2908,158
2024-01-07T08:00Z,DE_LU,14446,3804,2064
2024-01-07T09:00Z,DE_LU,16857,4249,4023
2024-01-07T10:00Z,DE_LU,16106,4115,5481
2024-01-07T11:00Z,DE_LU,16806,4240,5679
2024-01-07T12:00Z,DE_LU,16792,4238,5267
2024-01-07T13:00Z,DE_LU,18569,4543,3824
2024-01-07T14:00Z,DE_LU,19326,4667,1517
2024-01-07T15:00Z,DE_LU,20965,4926,0
2024-01-07T16:00Z,DE_LU,24273,5408,0
2024-01-07T17:00Z,DE_LU,26616,5720,0
2024-01-07T18:00Z,DE_LU,20845,4907,0
2024-01-07T19:00Z,DE_LU,25254,5541,0
2024-01-07T20:00Z,DE_LU,25089,5519,0
2024-01-07T21:00Z,DE_LU,28896,6003,0
2024-01-07T22:00Z,DE_LU,30574,6200,0
2024-01-07T23:00Z,DE_LU,34793,6655,0
2024-01-08T00:00Z,DE_LU,34443,6619,0
2024-01-08T01:00Z,DE_LU,35962,6772,0
2024-01-08T02:00Z,DE_LU,32623,6427,0
2024-01-08T03:00Z,DE_LU,31515,6306,0
2024-01-08T04:00Z,DE_LU,29693,6098,0
2024-01-08T05:00Z,DE_LU,29011,6017,0
2024-01-08T06:00Z,DE_LU,30243,6162,0
2024-01-08T07:00Z,DE_LU,36080,6784,265
2024-01-08T08:00Z,DE_LU,31783,6336,2849
2024-01-08T09:00Z,DE_LU,30091,6144,5244
2024-01-08T10:00Z,DE_LU,32008,6360,6584
2024-01-08T11:00Z,DE_LU,33337,6504,7303
2024-01-08T12:00Z,DE_LU,37650,6935,6531
2024-01-08T13:00Z,DE_LU,31299,6282,4323
2024-01-08T14:00Z,DE_LU,31912,6350,1786
2024-01-08T15:00Z,DE_LU,34210,6595,0
2024-01-08T16:00Z,DE_LU,34255,6600,0
2024-01-08T17:00Z,DE_LU,38339,6999,0
2024-01-08T18:00Z,DE_LU,41405,7273,0
2024-01-08T19:00Z,DE_LU,38181,6985,0
2024-01-08T20:00Z,DE_LU,37513,6922,0
2024-01-08T21:00Z,DE_LU,38396,7005,0
2024-01-08T22:00Z,DE_LU,36540,6829,0
2024-01-08T23:00Z,DE_LU,33404,6511,0
2024-01-09T00:00Z,DE_LU,28800,5991,0
2024-01-09T01:00Z,DE_LU,27927,5885,0
2024-01-09T02:00Z,DE_LU,28620,5970,0
2024-01-09T03:00Z,DE_LU,26406,5693,0
2024-01-09T04:00Z,DE_LU,31952,6354,0
2024-01-09T05:00Z,DE_LU,38553,7019,0
2024-01-09T06:00Z,DE_LU,41061,7243,0
2024-01-09T07:00Z,DE_LU,40192,7167,155
2024-01-09T08:00Z,DE_LU,39398,7096,1558
2024-01-09T09:00Z,DE_LU,41979,7322,3062
2024-01-09T10:00Z,DE_LU,42294,7348,4278
2024-01-09T11:00Z,DE_LU,39556,7111,3834
2024-01-09T12:00Z,DE_LU,42798,7391,3417
2024-01-09T13:00Z,DE_LU,43031,7410,2440
2024-01-09T14:00Z,DE_LU,46285,7668,1080
2024-01-09T15:00Z,DE_LU,47164,7735,0
2024-01-09T16:00Z,DE_LU,48865,7859,0
2024-01-09T17:00Z,DE_LU,46750,7703,0
2024-01-09T18:00Z,DE_LU,45359,7597,0
2024-01-09T19:00Z,DE_LU,42284,7348,0
2024-01-09T20:00Z,DE_LU,36845,6858,0
2024-01-09T21:00Z,DE_LU,34469,6622,0
2024-01-09T22:00Z,DE_LU,30905,6237,0
2024-01-09T23:00Z,DE_LU,40056,7155,0
2024-01-10T00:00Z,DE_LU,40127,7162,0
2024-01-10T01:00Z,DE_LU,43273,7430,0
2024-01-10T02:00Z,DE_LU,43815,7474,0
2024-01-10T03:00Z,DE_LU,45292,7591,0
2024-01-10T04:00Z,DE_LU,46095,7654,0
2024-01-10T05:00Z,DE_LU,45019,7570,0
2024-01-10T06:00Z,DE_LU,45802,7631,0
2024-01-10T07:00Z,DE_LU,47051,7726,223
2024-01-10T08:00Z,DE_LU,48675,7846,2168
2024-01-10T09:00Z,DE_LU,47787,7781,4256
2024-01-10T10:00Z,DE_LU,45857,7635,5489
2024-01-10T11:00Z,DE_LU,44731,7547,5822
2024-01-10T12:00Z,DE_LU,42101,7332,4817
2024-01-10T13:00Z,DE_LU,41963,7321,3457
2024-01-10T14:00Z,DE_LU,36036,6779,1673
2024-01-10T15:00Z,DE_LU,34192,6593,0
2024-01-10T16:00Z,DE_LU,30148,6151,0
2024-01-10T17:00Z,DE_LU,31705,6327,0
2024-01-10T18:00Z,DE_LU,25900,5627,0
2024-01-10T19:00Z,DE_LU,20568,4865,0
2024-01-10T20:00Z,DE_LU,23642,5320,0
2024-01-10T21:00Z,DE_LU,19159,4640,0
2024-01-10T22:00Z,DE_LU,23714,5330,0
2024-01-10T23:00Z,DE_LU,21889,5066,0
2024-01-11T00:00Z,DE_LU,23872,5352,0
2024-01-11T01:00Z,DE_LU,27164,5790,0
2024-01-11T02:00Z,DE_LU,26169,5662,0
2024-01-11T03:00Z,DE_LU,28524,5958,0
2024-01-11T04:00Z,DE_LU,30255,6163,0
2024-01-11T05:00Z,DE_LU,26112,5655,0
2024-01-11T06:00Z,DE_LU,27295,5806,0
2024-01-11T07:00Z,DE_LU,26545,5711,295
2024-01-11T08:00Z,DE_LU,24370,5421,2515
2024-01-11T09:00Z,DE_LU,27134,5786,4313
2024-01-11T10:00Z,DE_LU,21922,5071,5139
2024-01-11T11:00Z,DE_LU,21975,5079,4903
2024-01-11T12:00Z,DE_LU,28307,5932,4357
2024-01-11T13:00Z,DE_LU,26640,5723,3034
2024-01-11T14:00Z,DE_LU,25093,5519,1547
2024-01-11T15:00Z,DE_LU,29391,6062,0
2024-01-11T16:00Z,DE_LU,35264,6703,0
2024-01-11T17:00Z,DE_LU,33327,6503,0
2024-01-11T18:00Z,DE_LU,31541,6309,0
2024-01-11T19:00Z,DE_LU,27897,5881,0
2024-01-11T20:00Z,DE_LU,30706,6215,0
2024-01-11T21:00Z,DE_LU,30238,6161,0
2024-01-11T22:00Z,DE_LU,30765,6221,0
2024-01-11T23:00Z,DE_LU,30823,6228,0
2024-01-12T00:00Z,DE_LU,26451,5699,0
2024-01-12T01:00Z,DE_LU,25613,5589,0
2024-01-12T02:00Z,DE_LU,21265,4972,0
2024-01-12T03:00Z,DE_LU,14113,3739,0
2024-01-12T04:00Z,DE_LU,14050,3727,0
2024-01-12T05:00Z,DE_LU,15287,3964,0
2024-01-12T06:00Z,DE_LU,17663,4389,0
2024-01-12T07:00Z,DE_LU,11608,3226,355
2024-01-12T08:00Z,DE_LU,10198,2915,2739
2024-01-12T09:00Z,DE_LU,7063,2154,4296
2024-01-12T10:00Z,DE_LU,6938,2122,5176
2024-01-12T11:00Z,DE_LU,7877,2361,6126
2024-01-12T12:00Z,DE_LU,8627,2546,5464
2024-01-12T13:00Z,DE_LU,7816,2346,3757
2024-01-12T14:00Z,DE_LU,8567,2531,1711
2024-01-12T15:00Z,DE_LU,8114,2420,0
2024-01-12T16:00Z,DE_LU,9189,2681,0
2024-01-12T17:00Z,DE_LU,10741,3037,0
2024-01-12T18:00Z,DE_LU,9353,2719,0
2024-01-12T19:00Z,DE_LU,9932,2854,0
2024-01-12T20:00Z,DE_LU,7535,2275,0
2024-01-12T21:00Z,DE_LU,6856,2100,0
2024-01-12T22:00Z,DE_LU,7283,2211,0
2024-01-12T23:00Z,DE_LU,5588,1760,0
2024-01-13T00:00Z,DE_LU,6499,2006,0
2024-01-13T01:00Z,DE_LU,7348,2228,0
2024-01-13T02:00Z,DE_LU,8930,2619,0
2024-01-13T03:00Z,DE_LU,8013,2395,0
2024-01-13T04:00Z,DE_LU,4449,1438,0
2024-01-13T05:00Z,DE_LU,4452,1438,0
2024-01-13T06:00Z,DE_LU,3721,1223,0
2024-01-13T07:00Z,DE_LU,4178,1358,429
2024-01-13T08:00Z,DE_LU,4356,1410,2526
2024-01-13T09:00Z,DE_LU,3716,1221,4237
2024-01-13T10:00Z,DE_LU,5295,1679,5573
2024-01-13T11:00Z,DE_LU,5520,1741,6428
2024-01-13T12:00Z,DE_LU,5107,1626,5605
2024-01-13T13:00Z,DE_LU,5785,1814,3971
2024-01-13T14:00Z,DE_LU,4767,1529,1808
2024-01-13T15:00Z,DE_LU,6470,1999,0
2024-01-13T16:00Z,DE_LU,9654,2789,0
2024-01-13T17:00Z,DE_LU,9232,2691,0
2024-01-13T18:00Z,DE_LU,7990,2389,0
2024-01-13T19:00Z,DE_LU,9346,2718,0
2024-01-13T20:00Z,DE_LU,7999,2392,0
2024-01-13T21:00Z,DE_LU,6364,1970,0
2024-01-13T22:00Z,DE_LU,5520,1741,0
2024-01-13T23:00Z,DE_LU,6450,1993,0
2024-01-14T00:00Z,DE_LU,6281,1948,0
2024-01-14T01:00Z,DE_LU,8527,2522,0
2024-01-14T02:00Z,DE_LU,7874,2360,0
2024-01-14T03:00Z,DE_LU,6936,2121,0
2024-01-14T04:00Z,DE_LU,8664,2555,0
2024-01-14T05:00Z,DE_LU,7547,2278,0
2024-01-14T06:00Z,DE_LU,7637,2301,0
2024-01-14T07:00Z,DE_LU,7157,2178,400
2024-01-14T08:00Z,DE_LU,5240,1663,2788
2024-01-14T09:00Z,DE_LU,5376,1701,5382
2024-01-14T10:00Z,DE_LU,4497,1451,7386
2024-01-14T11:00Z,DE_LU,4494,1451,7986
2024-01-14T12:00Z,DE_LU,6398,1979,7382
2024-01-14T13:00Z,DE_LU,5700,1791,4603
2024-01-14T14:00Z,DE_LU,5415,1712,2242
2024-01-14T15:00Z,DE_LU,8663,2555,0
2024-01-14T16:00Z,DE_LU,12570,3429,0
2024-01-14T17:00Z,DE_LU,12624,3440,0
2024-01-14T18:00Z,DE_LU,11330,3166,0
2024-01-14T19:00Z,DE_LU,13753,3668,0
2024-01-14T20:00Z,DE_LU,15616,4025,0
2024-01-14T21:00Z,DE_LU,17388,4342,0
2024-01-14T22:00Z,DE_LU,16184,4129,0
2024-01-14T23:00Z,DE_LU,15422,3989,0
2024-01-15T00:00Z,DE_LU,15610,4024,0
2024-01-15T01:00Z,DE_LU,12031,3316,0
2024-01-15T02:00Z,DE_LU,9225,2689,0
2024-01-15T03:00Z,DE_LU,9199,2683,0
2024-01-15T04:00Z,DE_LU,11656,3236,0
2024-01-15T05:00Z,DE_LU,17879,4427,0
2024-01-15T06:00Z,DE_LU,24615,5455,0
2024-01-15T07:00Z,DE_LU,23470,5295,587
2024-01-15T08:00Z,DE_LU,21315,4979,3507
2024-01-15T09:00Z,DE_LU,24578,5450,6420
2024-01-15T10:00Z,DE_LU,27576,5841,8072
2024-01-15T11:00Z,DE_LU,26082,5651,8957
2024-01-15T12:00Z,DE_LU,29677,6096,8003
2024-01-15T13:00Z,DE_LU,33982,6571,5125
2024-01-15T14:00Z,DE_LU,37160,6888,2608
2024-01-15T15:00Z,DE_LU,35980,6774,0
2024-01-15T16:00Z,DE_LU,36036,6779,0
2024-01-15T17:00Z,DE_LU,33022,6470,0
2024-01-15T18:00Z,DE_LU,34126,6586,0
2024-01-15T19:00Z,DE_LU,35505,6727,0
2024-01-15T20:00Z,DE_LU,32652,6431,0
2024-01-15T21:00Z,DE_LU,30565,6199,0
2024-01-15T22:00Z,DE_LU,32756,6442,0
2024-01-15T23:00Z,DE_LU,31579,6313,0
2024-01-16T00:00Z,DE_LU,33249,6494,0
2024-01-16T01:00Z,DE_LU,28363,5939,0
2024-01-16T02:00Z,DE_LU,22818,5202,0
2024-01-16T03:00Z,DE_LU,27072,5778,0
2024-01-16T04:00Z,DE_LU,28605,5968,0
2024-01-16T05:00Z,DE_LU,20683,4883,0
2024-01-16T06:00Z,DE_LU,22435,5146,0
2024-01-16T07:00Z,DE_LU,22546,5163,656
2024-01-16T08:00Z,DE_LU,26173,5663,3981
2024-01-16T09:00Z,DE_LU,28490,5954,6972
2024-01-16T10:00Z,DE_LU,32897,6457,9339
2024-01-16T11:00Z,DE_LU,30371,6176,9370
2024-01-16T12:00Z,DE_LU,29643,6092,8144
2024-01-16T13:00Z,DE_LU,29614,6088,6118
2024-01-16T14:00Z,DE_LU,32598,6425,3179
2024-01-16T15:00Z,DE_LU,30585,6201,0
2024-01-16T16:00Z,DE_LU,28141,5911,0
2024-01-16T17:00Z,DE_LU,32439,6407,0
2024-01-16T18:00Z,DE_LU,34311,6606,0
2024-01-16T19:00Z,DE_LU,36493,6824,0
2024-01-16T20:00Z,DE_LU,33336,6504,0
2024-01-16T21:00Z,DE_LU,35685,6745,0
2024-01-16T22:00Z,DE_LU,36678,6842,0
2024-01-16T23:00Z,DE_LU,37972,6965,0
2024-01-17T00:00Z,DE_LU,39751,7128,0
2024-01-17T01:00Z,DE_LU,39107,7070,0
2024-01-17T02:00Z,DE_LU,40087,7158,0
2024-01-17T03:00Z,DE_LU,41401,7273,0
2024-01-17T04:00Z,DE_LU,40147,7163,0
2024-01-17T05:00Z,DE_LU,36338,6809,0
2024-01-17T06:00Z,DE_LU,33650,6537,0
2024-01-17T07:00Z,DE_LU,40217,7169,845
2024-01-17T08:00Z,DE_LU,41226,7258,4846
2024-01-17T09:00Z,DE_LU,41931,7318,8234
2024-01-17T10:00Z,DE_LU,41857,7312,10312
2024-01-17T11:00Z,DE_LU,45042,7572,11715
2024-01-17T12:00Z,DE_LU,48417,7827,11043
2024-01-17T13:00Z,DE_LU,48207,7812,8074
2024-01-17T14:00Z,DE_LU,48652,7844,3568
2024-01-17T15:00Z,DE_LU,47274,7743,0
2024-01-17T16:00Z,DE_LU,49701,7919,0
2024-01-17T17:00Z,DE_LU,49704,7919,0
2024-01-17T18:00Z,DE_LU,49063,7874,0
2024-01-17T19:00Z,DE_LU,50451,7972,0
2024-01-17T20:00Z,DE_LU,50819,7997,0
2024-01-17T21:00Z,DE_LU,50994,8009,0
2024-01-17T22:00Z,DE_LU,50784,7995,0
2024-01-17T23:00Z,DE_LU,50936,8005,0
2024-01-18T00:00Z,DE_LU,50538,7978,0
2024-01-18T01:00Z,DE_LU,50128,7949,0
2024-01-18T02:00Z,DE_LU,48160,7808,0
2024-01-18T03:00Z,DE_LU,49264,7888,0
2024-01-18T04:00Z,DE_LU,48848,7858,0
2024-01-18T05:00Z,DE_LU,47688,7773,0
2024-01-18T06:00Z,DE_LU,46339,7672,0
2024-01-18T07:00Z,DE_LU,43348,7436,1367
2024-01-18T08:00Z,DE_LU,44313,7514,6734
2024-01-18T09:00Z,DE_LU,39933,7144,10667
2024-01-18T10:00Z,DE_LU,43859,7477,12428
2024-01-18T11:00Z,DE_LU,44910,7561,12733
2024-01-18T12:00Z,DE_LU,44963,7566,11575
2024-01-18T13:00Z,DE_LU,39323,7089,9095
2024-01-18T14:00Z,DE_LU,38539,7018,4098
2024-01-18T15:00Z,DE_LU,40831,7223,0
2024-01-18T16:00Z,DE_LU,42289,7348,0
2024-01-18T17:00Z,DE_LU,38075,6975,0
2024-01-18T18:00Z,DE_LU,38454,7010,0
2024-01-18T19:00Z,DE_LU,32050,6365,0
2024-01-18T20:00Z,DE_LU,34666,6642,0
2024-01-18T21:00Z,DE_LU,31718,6328,0
2024-01-18T22:00Z,DE_LU,33515,6523,0
2024-01-18T23:00Z,DE_LU,38145,6981,0
2024-01-19T00:00Z,DE_LU,43713,7466,0
2024-01-19T01:00Z,DE_LU,39616,7116,0
2024-01-19T02:00Z,DE_LU,38485,7013,0
2024-01-19T03:00Z,DE_LU,40646,7207,0
2024-01-19T04:00Z,DE_LU,40930,7232,0
2024-01-19T05:00Z,DE_LU,44062,7494,0
2024-01-19T06:00Z,DE_LU,44820,7554,0
2024-01-19T07:00Z,DE_LU,46284,7668,838
2024-01-19T08:00Z,DE_LU,46805,7708,4136
2024-01-19T09:00Z,DE_LU,46189,7661,7467
2024-01-19T10:00Z,DE_LU,47325,7747,9476
2024-01-19T11:00Z,DE_LU,48521,7835,10683
2024-01-19T12:00Z,DE_LU,47981,7795,9933
2024-01-19T13:00Z,DE_LU,47995,7796,7516
2024-01-19T14:00Z,DE_LU,48156,7808,3494
2024-01-19T15:00Z,DE_LU,48220,7813,0
2024-01-19T16:00Z,DE_LU,48615,7841,0
2024-01-19T17:00Z,DE_LU,48284,7817,0
2024-01-19T18:00Z,DE_LU,49817,7927,0
2024-01-19T19:00Z,DE_LU,47513,7761,0
2024-01-19T20:00Z,DE_LU,47799,7782,0
2024-01-19T21:00Z,DE_LU,49199,7883,0
2024-01-19T22:00Z,DE_LU,48770,7853,0
2024-01-19T23:00Z,DE_LU,49351,7894,0
2024-01-20T00:00Z,DE_LU,50041,7943,0
2024-01-20T01:00Z,DE_LU,50205,7954,0
2024-01-20T02:00Z,DE_LU,49836,7928,0
2024-01-20T03:00Z,DE_LU,49769,7924,0
2024-01-20T04:00Z,DE_LU,48069,7802,0
2024-01-20T05:00Z,DE_LU,48929,7864,0
2024-01-20T06:00Z,DE_LU,49486,7904,0
2024-01-20T07:00Z,DE_LU,50403,7968,1036
2024-01-20T08:00Z,DE_LU,50777,7994,4366
2024-01-20T09:00Z,DE_LU,51452,8040,6668
2024-01-20T10:00Z,DE_LU,51345,8033,8578
2024-01-20T11:00Z,DE_LU,50247,7957,8415
2024-01-20T12:00Z,DE_LU,50740,7992,8033
2024-01-20T13:00Z,DE_LU,50147,7950,5545
2024-01-20T14:00Z,DE_LU,51529,8045,3066
2024-01-20T15:00Z,DE_LU,51026,8011,26
2024-01-20T16:00Z,DE_LU,48913,7863,0
2024-01-20T17:00Z,DE_LU,49506,7905,0
2024-01-20T18:00Z,DE_LU,48607,7841,0
2024-01-20T19:00Z,DE_LU,47548,7763,0
2024-01-20T20:00Z,DE_LU,44925,7563,0
2024-01-20T21:00Z,DE_LU,46390,7676,0
2024-01-20T22:00Z,DE_LU,47276,7743,0
2024-01-20T23:00Z,DE_LU,47503,7760,0
2024-01-21T00:00Z,DE_LU,47860,7786,0
2024-01-21T01:00Z,DE_LU,47721,7776,0
2024-01-21T02:00Z,DE_LU,43754,7469,0
2024-01-21T03:00Z,DE_LU,38402,7005,0
2024-01-21T04:00Z,DE_LU,36979,6871,0
2024-01-21T05:00Z,DE_LU,41248,7259,0
2024-01-21T06:00Z,DE_LU,40252,7173,0
2024-01-21T07:00Z,DE_LU,36426,6818,863
2024-01-21T08:00Z,DE_LU,37234,6895,3381
2024-01-21T09:00Z,DE_LU,36125,6788,5761
2024-01-21T10:00Z,DE_LU,35932,6769,7712
2024-01-21T11:00Z,DE_LU,34253,6600,6949
2024-01-21T12:00Z,DE_LU,36520,6827,6673
2024-01-21T13:00Z,DE_LU,37849,6954,5666
2024-01-21T14:00Z,DE_LU,41640,7293,2831
2024-01-21T15:00Z,DE_LU,44052,7493,60
2024-01-21T16:00Z,DE_LU,46842,7710,0
2024-01-21T17:00Z,DE_LU,43908,7481,0
2024-01-21T18:00Z,DE_LU,43805,7473,0
2024-01-21T19:00Z,DE_LU,40261,7173,0
2024-01-21T20:00Z,DE_LU,42927,7401,0
2024-01-21T21:00Z,DE_LU,40149,7164,0
2024-01-21T22:00Z,DE_LU,41501,7281,0
2024-01-21T23:00Z,DE_LU,33798,6552,0
2024-01-22T00:00Z,DE_LU,31276,6279,0
2024-01-22T01:00Z,DE_LU,34079,6582,0
2024-01-22T02:00Z,DE_LU,28838,5996,0
2024-01-22T03:00Z,DE_LU,27228,5798,0
2024-01-22T04:00Z,DE_LU,26788,5742,0
2024-01-22T05:00Z,DE_LU,23782,5339,0
2024-01-22T06:00Z,DE_LU,27704,5857,0
2024-01-22T07:00Z,DE_LU,24884,5491,564
2024-01-22T08:00Z,DE_LU,31771,6334,2048
2024-01-22T09:00Z,DE_LU,27174,5791,3617
2024-01-22T10:00Z,DE_LU,23432,5290,4622
2024-01-22T11:00Z,DE_LU,26337,5684,5114
2024-01-22T12:00Z,DE_LU,30080,6143,5825
2024-01-22T13:00Z,DE_LU,29758,6105,3937
2024-01-22T14:00Z,DE_LU,31603,6316,2216
2024-01-22T15:00Z,DE_LU,25929,5631,89
2024-01-22T16:00Z,DE_LU,22408,5142,0
2024-01-22T17:00Z,DE_LU,18663,4558,0
2024-01-22T18:00Z,DE_LU,17988,4445,0
2024-01-22T19:00Z,DE_LU,18756,4574,0
2024-01-22T20:00Z,DE_LU,16487,4183,0
2024-01-22T21:00Z,DE_LU,11400,3181,0
2024-01-22T22:00Z,DE_LU,9911,2849,0
2024-01-22T23:00Z,DE_LU,10919,3076,0
2024-01-23T00:00Z,DE_LU,9897,2846,0
2024-01-23T01:00Z,DE_LU,10791,3048,0
2024-01-23T02:00Z,DE_LU,9748,2811,0
2024-01-23T03:00Z,DE_LU,7723,2323,0
2024-01-23T04:00Z,DE_LU,8801,2588,0
2024-01-23T05:00Z,DE_LU,9124,2665,0
2024-01-23T06:00Z,DE_LU,7636,2301,0
2024-01-23T07:00Z,DE_LU,9041,2645,1013
2024-01-23T08:00Z,DE_LU,8768,2580,3937
2024-01-23T09:00Z,DE_LU,8758,2578,7039
2024-01-23T10:00Z,DE_LU,10612,3008,8256
2024-01-23T11:00Z,DE_LU,7339,2225,9049
2024-01-23T12:00Z,DE_LU,6165,1917,7113
2024-01-23T13:00Z,DE_LU,6177,1921,4853
2024-01-23T14:00Z,DE_LU,5529,1744,2608
2024-01-23T15:00Z,DE_LU,3198,1063,132
2024-01-23T16:00Z,DE_LU,3987,1302,0
2024-01-23T17:00Z,DE_LU,5064,1614,0
2024-01-23T18:00Z,DE_LU,9115,2663,0
2024-01-23T19:00Z,DE_LU,8083,2413,0
2024-01-23T20:00Z,DE_LU,6032,1881,0
2024-01-23T21:00Z,DE_LU,6299,1953,0
2024-01-23T22:00Z,DE_LU,6462,1997,0
2024-01-23T23:00Z,DE_LU,9175,2677,0
2024-01-24T00:00Z,DE_LU,7238,2199,0
2024-01-24T01:00Z,DE_LU,4790,1536,0
2024-01-24T02:00Z,DE_LU,4641,1493,0
2024-01-24T03:00Z,DE_LU,5439,1719,0
2024-01-24T04:00Z,DE_LU,6142,1911,0
2024-01-24T05:00Z,DE_LU,6311,1956,0
2024-01-24T06:00Z,DE_LU,8183,2437,0
2024-01-24T07:00Z,DE_LU,8139,2426,1163
2024-01-24T08:00Z,DE_LU,5872,1838,5114
2024-01-24T09:00Z,DE_LU,4360,1412,8485
2024-01-24T10:00Z,DE_LU,5534,1745,10296
2024-01-24T11:00Z,DE_LU,5602,1764,11013
2024-01-24T12:00Z,DE_LU,3661,1205,10137
2024-01-24T13:00Z,DE_LU,4639,1492,7882
2024-01-24T14:00Z,DE_LU,5978,1867,3935
2024-01-24T15:00Z,DE_LU,4758,1526,251
2024-01-24T16:00Z,DE_LU,4404,1424,0
2024-01-24T17:00Z,DE_LU,3703,1217,0
2024-01-24T18:00Z,DE_LU,2740,921,0
2024-01-24T19:00Z,DE_LU,4577,1475,0
2024-01-24T20:00Z,DE_LU,3751,1231,0
2024-01-24T21:00Z,DE_LU,4993,1594,0
2024-01-24T22:00Z,DE_LU,6255,1941,0
2024-01-24T23:00Z,DE_LU,4923,1574,0
2024-01-25T00:00Z,DE_LU,5889,1842,0
2024-01-25T01:00Z,DE_LU,7790,2340,0
2024-01-25T02:00Z,DE_LU,6771,2078,0
2024-01-25T03:00Z,DE_LU,3756,1233,0
2024-01-25T04:00Z,DE_LU,3721,1222,0
2024-01-25T05:00Z,DE_LU,2193,747,0
2024-01-25T06:00Z,DE_LU,2862,959,0
2024-01-25T07:00Z,DE_LU,2914,976,1018
2024-01-25T08:00Z,DE_LU,3190,1061,3317
2024-01-25T09:00Z,DE_LU,2831,949,5695
2024-01-25T10:00Z,DE_LU,2815,945,7465
2024-01-25T11:00Z,DE_LU,3250,1079,7591
2024-01-25T12:00Z,DE_LU,2955,988,6888
2024-01-25T13:00Z,DE_LU,4933,1577,4765
2024-01-25T14:00Z,DE_LU,3432,1135,2678
2024-01-25T15:00Z,DE_LU,3355,1112,223
2024-01-25T16:00Z,DE_LU,2773,931,0
2024-01-25T17:00Z,DE_LU,2331,791,0
2024-01-25T18:00Z,DE_LU,1880,645,0
2024-01-25T19:00Z,DE_LU,1393,484,0
2024-01-25T20:00Z,DE_LU,1676,578,0
2024-01-25T21:00Z,DE_LU,2069,707,0
2024-01-25T22:00Z,DE_LU,2500,845,0
2024-01-25T23:00Z,DE_LU,2688,905,0
2024-01-26T00:00Z,DE_LU,1493,517,0
2024-01-26T01:00Z,DE_LU,1263,440,0
2024-01-26T02:00Z,DE_LU,1631,563,0
2024-01-26T03:00Z,DE_LU,1737,598,0
2024-01-26T04:00Z,DE_LU,1459,506,0
2024-01-26T05:00Z,DE_LU,1547,535,0
2024-01-26T06:00Z,DE_LU,4155,1351,0
2024-01-26T07:00Z,DE_LU,3836,1257,1444
2024-01-26T08:00Z,DE_LU,4685,1506,4395
2024-01-26T09:00Z,DE_LU,3513,1160,6784
2024-01-26T10:00Z,DE_LU,5495,1734,8622
2024-01-26T11:00Z,DE_LU,6118,1905,10111
2024-01-26T12:00Z,DE_LU,5954,1860,8571
2024-01-26T13:00Z,DE_LU,5188,1649,6685
2024-01-26T14:00Z,DE_LU,4597,1480,3867
2024-01-26T15:00Z,DE_LU,5368,1699,351
2024-01-26T16:00Z,DE_LU,11253,3149,0
2024-01-26T17:00Z,DE_LU,9922,2851,0
2024-01-26T18:00Z,DE_LU,10693,3026,0
2024-01-26T19:00Z,DE_LU,12025,3315,0
2024-01-26T20:00Z,DE_LU,15085,3926,0
2024-01-26T21:00Z,DE_LU,13501,3618,0
2024-01-26T22:00Z,DE_LU,10135,2900,0
2024-01-26T23:00Z,DE_LU,7384,2237,0
2024-01-27T00:00Z,DE_LU,7074,2157,0
2024-01-27T01:00Z,DE_LU,6822,2092,0
2024-01-27T02:00Z,DE_LU,7402,2241,0
2024-01-27T03:00Z,DE_LU,8837,2596,0
2024-01-27T04:00Z,DE_LU,11501,3203,0
2024-01-27T05:00Z,DE_LU,7647,2303,0
2024-01-27T06:00Z,DE_LU,6703,2060,0
2024-01-27T07:00Z,DE_LU,6817,2090,848
2024-01-27T08:00Z,DE_LU,6193,1925,3048
2024-01-27T09:00Z,DE_LU,5861,1835,4828
2024-01-27T10:00Z,DE_LU,3979,1300,5205
2024-01-27T11:00Z,DE_LU,4138,1347,5289
2024-01-27T12:00Z,DE_LU,3608,1188,4895
2024-01-27T13:00Z,DE_LU,3216,1069,4033
2024-01-27T14:00Z,DE_LU,3782,1241,2714
2024-01-27T15:00Z,DE_LU,4886,1563,291
2024-01-27T16:00Z,DE_LU,4504,1454,0
2024-01-27T17:00Z,DE_LU,6241,1938,0
2024-01-27T18:00Z,DE_LU,8242,2452,0
2024-01-27T19:00Z,DE_LU,5999,1872,0
2024-01-27T20:00Z,DE_LU,3370,1116,0
2024-01-27T21:00Z,DE_LU,3791,1244,0
2024-01-27T22:00Z,DE_LU,4917,1572,0
2024-01-27T23:00Z,DE_LU,2862,959,0
2024-01-28T00:00Z,DE_LU,2660,896,0
2024-01-28T01:00Z,DE_LU,3880,1270,0
2024-01-28T02:00Z,DE_LU,5145,1637,0
2024-01-28T03:00Z,DE_LU,6593,2031,0
2024-01-28T04:00Z,DE_LU,5433,1717,0
2024-01-28T05:00Z,DE_LU,8087,2413,0
2024-01-28T06:00Z,DE_LU,7059,2153,0
2024-01-28T07:00Z,DE_LU,8852,2600,800
2024-01-28T08:00Z,DE_LU,10562,2996,3123
2024-01-28T09:00Z,DE_LU,13997,3717,5222
2024-01-28T10:00Z,DE_LU,21105,4947,6093
2024-01-28T11:00Z,DE_LU,25292,5546,5293
2024-01-28T12:00Z,DE_LU,26124,5656,5029
2024-01-28T13:00Z,DE_LU,29301,6051,3883
2024-01-28T14:00Z,DE_LU,25257,5542,1829
2024-01-28T15:00Z,DE_LU,25561,5582,237
2024-01-28T16:00Z,DE_LU,25330,5551,0
2024-01-28T17:00Z,DE_LU,27107,5782,0
2024-01-28T18:00Z,DE_LU,20831,4905,0
2024-01-28T19:00Z,DE_LU,13411,3600,0
2024-01-28T20:00Z,DE_LU,13461,3610,0
2024-01-28T21:00Z,DE_LU,19329,4668,0
2024-01-28T22:00Z,DE_LU,20941,4922,0
2024-01-28T23:00Z,DE_LU,25543,5580,0
2024-01-29T00:00Z,DE_LU,23468,5295,0
2024-01-29T01:00Z,DE_LU,19369,4674,0
2024-01-29T02:00Z,DE_LU,15715,4043,0
2024-01-29T03:00Z,DE_LU,10369,2953,0
2024-01-29T04:00Z,DE_LU,6356,1968,0
2024-01-29T05:00Z,DE_LU,5555,1751,0
2024-01-29T06:00Z,DE_LU,7918,2372,0
2024-01-29T07:00Z,DE_LU,5757,1807,1679
2024-01-29T08:00Z,DE_LU,7765,2333,5523
2024-01-29T09:00Z,DE_LU,7083,2159,8968
2024-01-29T10:00Z,DE_LU,9693,2798,10551
2024-01-29T11:00Z,DE_LU,9943,2856,11204
2024-01-29T12:00Z,DE_LU,11716,3249,10644
2024-01-29T13:00Z,DE_LU,13552,3628,8066
2024-01-29T14:00Z,DE_LU,11597,3224,4680
2024-01-29T15:00Z,DE_LU,11188,3135,748
2024-01-29T16:00Z,DE_LU,9448,2741,0
2024-01-29T17:00Z,DE_LU,11753,3257,0
2024-01-29T18:00Z,DE_LU,9160,2673,0
2024-01-29T19:00Z,DE_LU,12093,3329,0
2024-01-29T20:00Z,DE_LU,13920,3701,0
2024-01-29T21:00Z,DE_LU,6497,2006,0
2024-01-29T22:00Z,DE_LU,4041,1318,0
2024-01-29T23:00Z,DE_LU,3320,1101,0
2024-01-30T00:00Z,DE_LU,3501,1156,0
2024-01-30T01:00Z,DE_LU,2193,747,0
2024-01-30T02:00Z,DE_LU,2383,808,0
2024-01-30T03:00Z,DE_LU,2293,779,0
2024-01-30T04:00Z,DE_LU,2783,935,0
2024-01-30T05:00Z,DE_LU,2714,913,0
2024-01-30T06:00Z,DE_LU,3043,1016,0
2024-01-30T07:00Z,DE_LU,2901,971,1238
2024-01-30T08:00Z,DE_LU,2401,814,3830
2024-01-30T09:00Z,DE_LU,2547,860,6157
2024-01-30T10:00Z,DE_LU,2525,853,8115
2024-01-30T11:00Z,DE_LU,4052,1321,8898
2024-01-30T12:00Z,DE_LU,4734,1520,8987
2024-01-30T13:00Z,DE_LU,7374,2234,6580
2024-01-30T14:00Z,DE_LU,10604,3006,3630
2024-01-30T15:00Z,DE_LU,10398,2960,578
2024-01-30T16:00Z,DE_LU,10874,3066,0
2024-01-30T17:00Z,DE_LU,12794,3475,0
2024-01-30T18:00Z,DE_LU,9997,2869,0
2024-01-30T19:00Z,DE_LU,8580,2534,0
2024-01-30T20:00Z,DE_LU,10504,2984,0
2024-01-30T21:00Z,DE_LU,9069,2652,0
2024-01-30T22:00Z,DE_LU,5780,1813,0
2024-01-30T23:00Z,DE_LU,7186,2186,0
2024-01-31T00:00Z,DE_LU,7183,2185,0
2024-01-31T01:00Z,DE_LU,7948,2379,0
2024-01-31T02:00Z,DE_LU,7422,2246,0
2024-01-31T03:00Z,DE_LU,12387,3391,0
2024-01-31T04:00Z,DE_LU,9517,2758,0
2024-01-31T05:00Z,DE_LU,8568,2532,0
2024-01-31T06:00Z,DE_LU,7501,2267,0
2024-01-31T07:00Z,DE_LU,5908,1848,2188
2024-01-31T08:00Z,DE_LU,7833,2350,6632
2024-01-31T09:00Z,DE_LU,10118,2896,10262
2024-01-31T10:00Z,DE_LU,8653,2552,12707
2024-01-31T11:00Z,DE_LU,7405,2242,13732
2024-01-31T12:00Z,DE_LU,9368,2723,13694
2024-01-31T13:00Z,DE_LU,11694,3245,10339
2024-01-31T14:00Z,DE_LU,15777,4054,5459
2024-01-31T15:00Z,DE_LU,18070,4459,960
2024-01-31T16:00Z,DE_LU,22694,5184,0
2024-01-31T17:00Z,DE_LU,19994,4774,0
2024-01-31T18:00Z,DE_LU,20823,4904,0
2024-01-31T19:00Z,DE_LU,21036,4937,0
2024-01-31T20:00Z,DE_LU,17015,4277,0
2024-01-31T21:00Z,DE_LU,19891,4758,0
2024-01-31T22:00Z,DE_LU,17398,4344,0
2024-01-31T23:00Z,DE_LU,18488,4529,0
2024-02-01T00:00Z,DE_LU,17258,4319,0
2024-02-01T01:00Z,DE_LU,16115,4116,0
2024-02-01T02:00Z,DE_LU,14211,3758,0
2024-02-01T03:00Z,DE_LU,15087,3926,0
2024-02-01T04:00Z,DE_LU,11512,3205,0
2024-02-01T05:00Z,DE_LU,13344,3587,0
2024-02-01T06:00Z,DE_LU,14351,3785,0
2024-02-01T07:00Z,DE_LU,10846,3060,2586
2024-02-01T08:00Z,DE_LU,12065,3323,7084
2024-02-01T09:00Z,DE_LU,18194,4480,10803
2024-02-01T10:00Z,DE_LU,17568,4373,12667
2024-02-01T11:00Z,DE_LU,16848,4247,13497
2024-02-01T12:00Z,DE_LU,20232,4812,11461
2024-02-01T13:00Z,DE_LU,25076,5517,8337
2024-02-01T14:00Z,DE_LU,27922,5884,4342
2024-02-01T15:00Z,DE_LU,29001,6016,845
2024-02-01T16:00Z,DE_LU,31485,6303,0
2024-02-01T17:00Z,DE_LU,31023,6251,0
2024-02-01T18:00Z,DE_LU,23254,5265,0
2024-02-01T19:00Z,DE_LU,24320,5414,0
2024-02-01T20:00Z,DE_LU,24190,5396,0
2024-02-01T21:00Z,DE_LU,24647,5459,0
2024-02-01T22:00Z,DE_LU,22537,5161,0
2024-02-01T23:00Z,DE_LU,12466,3407,0
2024-02-02T00:00Z,DE_LU,13432,3604,0
2024-02-02T01:00Z,DE_LU,24633,5457,0
2024-02-02T02:00Z,DE_LU,28659,5974,0
2024-02-02T03:00Z,DE_LU,24798,5480,0
2024-02-02T04:00Z,DE_LU,24268,5407,0
2024-02-02T05:00Z,DE_LU,27246,5800,0
2024-02-02T06:00Z,DE_LU,25215,5536,0
2024-02-02T07:00Z,DE_LU,24140,5389,2379
2024-02-02T08:00Z,DE_LU,25626,5591,6406
2024-02-02T09:00Z,DE_LU,20932,4921,9247
2024-02-02T10:00Z,DE_LU,24543,5445,10778
2024-02-02T11:00Z,DE_LU,27104,5782,11609
2024-02-02T12:00Z,DE_LU,26257,5673,10996
2024-02-02T13:00Z,DE_LU,30224,6159,8724
2024-02-02T14:00Z,DE_LU,30982,6246,5272
2024-02-02T15:00Z,DE_LU,31571,6312,1036
2024-02-02T16:00Z,DE_LU,33817,6554,0
2024-02-02T17:00Z,DE_LU,37934,6962,0
2024-02-02T18:00Z,DE_LU,38671,7030,0
2024-02-02T19:00Z,DE_LU,43561,7453,0
2024-02-02T20:00Z,DE_LU,40326,7179,0
2024-02-02T21:00Z,DE_LU,33341,6504,0
2024-02-02T22:00Z,DE_LU,31472,6301,0
2024-02-02T23:00Z,DE_LU,30755,6220,0
2024-02-03T00:00Z,DE_LU,32659,6431,0
2024-02-03T01:00Z,DE_LU,28502,5955,0
2024-02-03T02:00Z,DE_LU,28881,6001,0
2024-02-03T03:00Z,DE_LU,34221,6596,0
2024-02-03T04:00Z,DE_LU,34122,6586,0
2024-02-03T05:00Z,DE_LU,31008,6249,0
2024-02-03T06:00Z,DE_LU,33563,6528,0
2024-02-03T07:00Z,DE_LU,30554,6197,1493
2024-02-03T08:00Z,DE_LU,30651,6209,3659
2024-02-03T09:00Z,DE_LU,33972,6570,5639
2024-02-03T10:00Z,DE_LU,29088,6026,6383
2024-02-03T11:00Z,DE_LU,30010,6135,6084
2024-02-03T12:00Z,DE_LU,32808,6447,6271
2024-02-03T13:00Z,DE_LU,34398,6615,4693
2024-02-03T14:00Z,DE_LU,33691,6541,2409
2024-02-03T15:00Z,DE_LU,36542,6829,481
2024-02-03T16:00Z,DE_LU,33140,6483,0
2024-02-03T17:00Z,DE_LU,36709,6845,0
2024-02-03T18:00Z,DE_LU,39067,7066,0
2024-02-03T19:00Z,DE_LU,39130,7072,0
2024-02-03T20:00Z,DE_LU,42224,7343,0
2024-02-03T21:00Z,DE_LU,41647,7294,0
2024-02-03T22:00Z,DE_LU,39407,7097,0
2024-02-03T23:00Z,DE_LU,40195,7168,0
2024-02-04T00:00Z,DE_LU,40154,7164,0
2024-02-04T01:00Z,DE_LU,38897,7051,0
2024-02-04T02:00Z,DE_LU,37301,6902,0
2024-02-04T03:00Z,DE_LU,35618,6738,0
2024-02-04T04:00Z,DE_LU,39834,7135,0
2024-02-04T05:00Z,DE_LU,39151,7074,0
2024-02-04T06:00Z,DE_LU,40456,7191,0
2024-02-04T07:00Z,DE_LU,38693,7032,1540
2024-02-04T08:00Z,DE_LU,43080,7414,3753
2024-02-04T09:00Z,DE_LU,39317,7089,5974
2024-02-04T10:00Z,DE_LU,41211,7256,8051
2024-02-04T11:00Z,DE_LU,40574,7201,8755
2024-02-04T12:00Z,DE_LU,46444,7680,7576
2024-02-04T13:00Z,DE_LU,44631,7539,5665
2024-02-04T14:00Z,DE_LU,44169,7502,2808
2024-02-04T15:00Z,DE_LU,45343,7595,689
2024-02-04T16:00Z,DE_LU,47610,7768,0
2024-02-04T17:00Z,DE_LU,45717,7624,0
2024-02-04T18:00Z,DE_LU,44921,7562,0
2024-02-04T19:00Z,DE_LU,41561,7286,0
2024-02-04T20:00Z,DE_LU,41312,7265,0
2024-02-04T21:00Z,DE_LU,39718,7125,0
2024-02-04T22:00Z,DE_LU,41750,7303,0
2024-02-04T23:00Z,DE_LU,38504,7015,0
2024-02-05T00:00Z,DE_LU,40117,7161,0
2024-02-05T01:00Z,DE_LU,43029,7410,0
2024-02-05T02:00Z,DE_LU,43402,7440,0
2024-02-05T03:00Z,DE_LU,42697,7382,0
2024-02-05T04:00Z,DE_LU,41957,7320,0
2024-02-05T05:00Z,DE_LU,42449,7361,0
2024-02-05T06:00Z,DE_LU,41784,7305,0
2024-02-05T07:00Z,DE_LU,42121,7334,1725
2024-02-05T08:00Z,DE_LU,41061,7243,4344
2024-02-05T09:00Z,DE_LU,41868,7312,6420
2024-02-05T10:00Z,DE_LU,42226,7343,7466
2024-02-05T11:00Z,DE_LU,42143,7336,7190
2024-02-05T12:00Z,DE_LU,43392,7439,6727
2024-02-05T13:00Z,DE_LU,41334,7267,4773
2024-02-05T14:00Z,DE_LU,44427,7523,2859
2024-02-05T15:00Z,DE_LU,40749,7216,621
2024-02-05T16:00Z,DE_LU,38199,6986,0
2024-02-05T17:00Z,DE_LU,37754,6945,0
2024-02-05T18:00Z,DE_LU,37814,6950,0
2024-02-05T19:00Z,DE_LU,33400,6510,0
2024-02-05T20:00Z,DE_LU,33864,6559,0
2024-02-05T21:00Z,DE_LU,25975,5637,0
2024-02-05T22:00Z,DE_LU,21514,5010,0
2024-02-05T23:00Z,DE_LU,14855,3882,0
2024-02-06T00:00Z,DE_LU,16541,4193,0
2024-02-06T01:00Z,DE_LU,19312,4665,0
2024-02-06T02:00Z,DE_LU,26348,5685,0
2024-02-06T03:00Z,DE_LU,28143,5912,0
2024-02-06T04:00Z,DE_LU,24798,5480,0
2024-02-06T05:00Z,DE_LU,30563,6198,0
2024-02-06T06:00Z,DE_LU,30647,6208,0
2024-02-06T07:00Z,DE_LU,33210,6490,1634
2024-02-06T08:00Z,DE_LU,26919,5759,4193
2024-02-06T09:00Z,DE_LU,25584,5585,5683
2024-02-06T10:00Z,DE_LU,24389,5424,8070
2024-02-06T11:00Z,DE_LU,22252,5119,8090
2024-02-06T12:00Z,DE_LU,26343,5685,7498
2024-02-06T13:00Z,DE_LU,27027,5772,5718
2024-02-06T14:00Z,DE_LU,27398,5819,3693
2024-02-06T15:00Z,DE_LU,22738,5190,949
2024-02-06T16:00Z,DE_LU,29116,6029,0
2024-02-06T17:00Z,DE_LU,32251,6387,0
2024-02-06T18:00Z,DE_LU,24490,5438,0
2024-02-06T19:00Z,DE_LU,19650,4720,0
2024-02-06T20:00Z,DE_LU,16107,4115,0
2024-02-06T21:00Z,DE_LU,18497,4531,0
2024-02-06T22:00Z,DE_LU,19819,4747,0
2024-02-06T23:00Z,DE_LU,17116,4295,0
2024-02-07T00:00Z,DE_LU,18819,4584,0
2024-02-07T01:00Z,DE_LU,14997,3909,0
2024-02-07T02:00Z,DE_LU,18874,4593,0
2024-02-07T03:00Z,DE_LU,15691,4039,0
2024-02-07T04:00Z,DE_LU,17630,4384,0
2024-02-07T05:00Z,DE_LU,16113,4116,0
2024-02-07T06:00Z,DE_LU,16798,4239,0
2024-02-07T07:00Z,DE_LU,16005,4096,1250
2024-02-07T08:00Z,DE_LU,15866,4071,2986
2024-02-07T09:00Z,DE_LU,15034,3916,4419
2024-02-07T10:00Z,DE_LU,12611,3437,5314
2024-02-07T11:00Z,DE_LU,14345,3784,5546
2024-02-07T12:00Z,DE_LU,9629,2784,5137
2024-02-07T13:00Z,DE_LU,11918,3292,4831
2024-02-07T14:00Z,DE_LU,9058,2649,2602
2024-02-07T15:00Z,DE_LU,9360,2721,674
2024-02-07T16:00Z,DE_LU,10336,2946,0
2024-02-07T17:00Z,DE_LU,10341,2947,0
2024-02-07T18:00Z,DE_LU,11521,3207,0
2024-02-07T19:00Z,DE_LU,11150,3127,0
2024-02-07T20:00Z,DE_LU,9525,2759,0
2024-02-07T21:00Z,DE_LU,8766,2579,0
2024-02-07T22:00Z,DE_LU,6715,2063,0
2024-02-07T23:00Z,DE_LU,7354,2229,0
2024-02-08T00:00Z,DE_LU,9148,2671,0
2024-02-08T01:00Z,DE_LU,10400,2960,0
2024-02-08T02:00Z,DE_LU,14751,3862,0
2024-02-08T03:00Z,DE_LU,15974,4090,0
2024-02-08T04:00Z,DE_LU,17430,4349,0
2024-02-08T05:00Z,DE_LU,22866,5209,0
2024-02-08T06:00Z,DE_LU,21657,5031,0
2024-02-08T07:00Z,DE_LU,19884,4757,2057
2024-02-08T08:00Z,DE_LU,21540,5013,4511
2024-02-08T09:00Z,DE_LU,19887,4757,6193
2024-02-08T10:00Z,DE_LU,21942,5074,7256
2024-02-08T11:00Z,DE_LU,16218,4135,8738
2024-02-08T12:00Z,DE_LU,16736,4228,8428
2024-02-08T13:00Z,DE_LU,16545,4194,6121
2024-02-08T14:00Z,DE_LU,17902,4430,3670
2024-02-08T15:00Z,DE_LU,20205,4808,1106
2024-02-08T16:00Z,DE_LU,24414,5427,0
2024-02-08T17:00Z,DE_LU,26074,5650,0
2024-02-08T18:00Z,DE_LU,31350,6287,0
2024-02-08T19:00Z,DE_LU,28396,5943,0
2024-02-08T20:00Z,DE_LU,31919,6351,0
2024-02-08T21:00Z,DE_LU,35757,6752,0
2024-02-08T22:00Z,DE_LU,33970,6570,0
2024-02-08T23:00Z,DE_LU,30530,6195,0
2024-02-09T00:00Z,DE_LU,31216,6272,0
2024-02-09T01:00Z,DE_LU,28857,5998,0
2024-02-09T02:00Z,DE_LU,26464,5700,0
2024-02-09T03:00Z,DE_LU,22818,5202,0
2024-02-09T04:00Z,DE_LU,27065,5777,0
2024-02-09T05:00Z,DE_LU,25727,5604,0
2024-02-09T06:00Z,DE_LU,33842,6557,0
2024-02-09T07:00Z,DE_LU,37498,6921,1368
2024-02-09T08:00Z,DE_LU,34861,6662,3127
2024-02-09T09:00Z,DE_LU,34549,6630,4574
2024-02-09T10:00Z,DE_LU,31388,6292,5477
2024-02-09T11:00Z,DE_LU,29404,6064,5711
2024-02-09T12:00Z,DE_LU,34346,6609,5246
2024-02-09T13:00Z,DE_LU,36142,6790,4143
2024-02-09T14:00Z,DE_LU,37778,6947,2560
2024-02-09T15:00Z,DE_LU,35482,6724,779
2024-02-09T16:00Z,DE_LU,40691,7211,0
2024-02-09T17:00Z,DE_LU,38257,6992,0
2024-02-09T18:00Z,DE_LU,35396,6716,0
2024-02-09T19:00Z,DE_LU,33688,6541,0
2024-02-09T20:00Z,DE_LU,33609,6532,0
2024-02-09T21:00Z,DE_LU,34197,6594,0
2024-02-09T22:00Z,DE_LU,31215,6272,0
2024-02-09T23:00Z,DE_LU,27635,5849,0
2024-02-10T00:00Z,DE_LU,28816,5993,0
2024-02-10T01:00Z,DE_LU,30680,6212,0
2024-02-10T02:00Z,DE_LU,28134,5910,0
2024-02-10T03:00Z,DE_LU,31774,6335,0
2024-02-10T04:00Z,DE_LU,29287,6050,0
2024-02-10T05:00Z,DE_LU,27425,5823,0
2024-02-10T06:00Z,DE_LU,29230,6043,0
2024-02-10T07:00Z,DE_LU,30942,6242,2336
2024-02-10T08:00Z,DE_LU,39250,7083,5678
2024-02-10T09:00Z,DE_LU,42592,7373,8568
2024-02-10T10:00Z,DE_LU,40855,7225,10432
2024-02-10T11:00Z,DE_LU,43700,7465,10635
2024-02-10T12:00Z,DE_LU,36922,6866,10398
2024-02-10T13:00Z,DE_LU,31406,6294,8656
2024-02-10T14:00Z,DE_LU,26881,5754,6083
2024-02-10T15:00Z,DE_LU,29316,6053,1909
2024-02-10T16:00Z,DE_LU,26210,5667,0
2024-02-10T17:00Z,DE_LU,19971,4771,0
2024-02-10T18:00Z,DE_LU,23403,5286,0
2024-02-10T19:00Z,DE_LU,19710,4729,0
2024-02-10T20:00Z,DE_LU,15809,4060,0
2024-02-10T21:00Z,DE_LU,16278,4146,0
2024-02-10T22:00Z,DE_LU,16930,4262,0
2024-02-10T23:00Z,DE_LU,22850,5207,0
2024-02-11T00:00Z,DE_LU,22558,5164,0
2024-02-11T01:00Z,DE_LU,28576,5964,0
2024-02-11T02:00Z,DE_LU,24198,5397,0
2024-02-11T03:00Z,DE_LU,23331,5276,0
2024-02-11T04:00Z,DE_LU,19672,4723,0
2024-02-11T05:00Z,DE_LU,24691,5465,0
2024-02-11T06:00Z,DE_LU,28223,5921,0
2024-02-11T07:00Z,DE_LU,32292,6391,2437
2024-02-11T08:00Z,DE_LU,31488,6303,5113
2024-02-11T09:00Z,DE_LU,27475,5829,8093
2024-02-11T10:00Z,DE_LU,26441,5697,10403
2024-02-11T11:00Z,DE_LU,28416,5945,11667
2024-02-11T12:00Z,DE_LU,22220,5115,11081
2024-02-11T13:00Z,DE_LU,22891,5213,9232
2024-02-11T14:00Z,DE_LU,24912,5495,5918
2024-02-11T15:00Z,DE_LU,21876,5064,2121
2024-02-11T16:00Z,DE_LU,23108,5244,0
2024-02-11T17:00Z,DE_LU,24495,5438,0
2024-02-11T18:00Z,DE_LU,21588,5021,0
2024-02-11T19:00Z,DE_LU,20536,4860,0
2024-02-11T20:00Z,DE_LU,17968,4442,0
2024-02-11T21:00Z,DE_LU,22480,5153,0
2024-02-11T22:00Z,DE_LU,27599,5844,0
2024-02-11T23:00Z,DE_LU,26944,5762,0
2024-02-12T00:00Z,DE_LU,28387,5941,0
2024-02-12T01:00Z,DE_LU,30785,6224,0
2024-02-12T02:00Z,DE_LU,30810,6227,0
2024-02-12T03:00Z,DE_LU,33203,6490,0
2024-02-12T04:00Z,DE_LU,28084,5904,0
2024-02-12T05:00Z,DE_LU,34881,6664,0
2024-02-12T06:00Z,DE_LU,35690,6745,0
2024-02-12T07:00Z,DE_LU,34266,6601,2065
2024-02-12T08:00Z,DE_LU,39435,7100,4222
2024-02-12T09:00Z,DE_LU,39498,7105,5807
2024-02-12T10:00Z,DE_LU,44552,7533,6214
2024-02-12T11:00Z,DE_LU,40374,7183,6461
2024-02-12T12:00Z,DE_LU,41250,7260,7144
2024-02-12T13:00Z,DE_LU,43151,7420,5133
2024-02-12T14:00Z,DE_LU,43343,7435,3414
2024-02-12T15:00Z,DE_LU,41209,7256,1436
2024-02-12T16:00Z,DE_LU,38989,7059,0
2024-02-12T17:00Z,DE_LU,39017,7062,0
2024-02-12T18:00Z,DE_LU,36410,6816,0
2024-02-12T19:00Z,DE_LU,34359,6610,0
2024-02-12T20:00Z,DE_LU,32555,6420,0
2024-02-12T21:00Z,DE_LU,34513,6626,0
2024-02-12T22:00Z,DE_LU,30817,6227,0
2024-02-12T23:00Z,DE_LU,33181,6487,0
2024-02-13T00:00Z,DE_LU,34686,6644,0
2024-02-13T01:00Z,DE_LU,39952,7146,0
2024-02-13T02:00Z,DE_LU,40951,7234,0
2024-02-13T03:00Z,DE_LU,42540,7369,0
2024-02-13T04:00Z,DE_LU,42059,7329,0
2024-02-13T05:00Z,DE_LU,43895,7480,0
2024-02-13T06:00Z,DE_LU,47302,7745,0
2024-02-13T07:00Z,DE_LU,45570,7613,3350
2024-02-13T08:00Z,DE_LU,47954,7793,6823
2024-02-13T09:00Z,DE_LU,47347,7748,9451
2024-02-13T10:00Z,DE_LU,47544,7763,10986
2024-02-13T11:00Z,DE_LU,44023,7491,10731
2024-02-13T12:00Z,DE_LU,39651,7119,10285
2024-02-13T13:00Z,DE_LU,39259,7084,8476
2024-02-13T14:00Z,DE_LU,40168,7165,5410
2024-02-13T15:00Z,DE_LU,34236,6598,1794
2024-02-13T16:00Z,DE_LU,35110,6687,0
2024-02-13T17:00Z,DE_LU,34955,6671,0
2024-02-13T18:00Z,DE_LU,31699,6326,0
2024-02-13T19:00Z,DE_LU,29945,6127,0
2024-02-13T20:00Z,DE_LU,34770,6653,0
2024-02-13T21:00Z,DE_LU,33831,6556,0
2024-02-13T22:00Z,DE_LU,32574,6422,0
2024-02-13T23:00Z,DE_LU,26020,5643,0
2024-02-14T00:00Z,DE_LU,23908,5357,0
2024-02-14T01:00Z,DE_LU,18430,4520,0
2024-02-14T02:00Z,DE_LU,17158,4302,0
2024-02-14T03:00Z,DE_LU,16464,4179,0
2024-02-14T04:00Z,DE_LU,16605,4204,0
2024-02-14T05:00Z,DE_LU,18914,4600,0
2024-02-14T06:00Z,DE_LU,19233,4652,5
2024-02-14T07:00Z,DE_LU,18287,4496,2322
2024-02-14T08:00Z,DE_LU,18415,4517,4219
2024-02-14T09:00Z,DE_LU,25750,5607,7283
2024-02-14T10:00Z,DE_LU,22479,5153,8650
2024-02-14T11:00Z,DE_LU,23254,5265,8703
2024-02-14T12:00Z,DE_LU,28116,5908,9223
2024-02-14T13:00Z,DE_LU,21716,5040,8429
2024-02-14T14:00Z,DE_LU,16680,4218,5177
2024-02-14T15:00Z,DE_LU,13796,3677,1679
2024-02-14T16:00Z,DE_LU,8546,2526,0
2024-02-14T17:00Z,DE_LU,7881,2362,0
2024-02-14T18:00Z,DE_LU,5491,1733,0
2024-02-14T19:00Z,DE_LU,8019,2397,0
2024-02-14T20:00Z,DE_LU,9653,2789,0
2024-02-14T21:00Z,DE_LU,8502,2516,0
2024-02-14T22:00Z,DE_LU,4794,1537,0
2024-02-14T23:00Z,DE_LU,7605,2293,0
2024-02-15T00:00Z,DE_LU,7374,2234,0
2024-02-15T01:00Z,DE_LU,9075,2653,0
2024-02-15T02:00Z,DE_LU,8449,2502,0
2024-02-15T03:00Z,DE_LU,10393,2959,0
2024-02-15T04:00Z,DE_LU,11936,3296,0
2024-02-15T05:00Z,DE_LU,11447,3191,0
2024-02-15T06:00Z,DE_LU,9036,2644,50
2024-02-15T07:00Z,DE_LU,12029,3316,2812
2024-02-15T08:00Z,DE_LU,12235,3359,5714
2024-02-15T09:00Z,DE_LU,14517,3818,8682
2024-02-15T10:00Z,DE_LU,16250,4141,9259
2024-02-15T11:00Z,DE_LU,17052,4283,10593
2024-02-15T12:00Z,DE_LU,18188,4479,9680
2024-02-15T13:00Z,DE_LU,14557,3825,8081
2024-02-15T14:00Z,DE_LU,16525,4190,5392
2024-02-15T15:00Z,DE_LU,18980,4611,2263
2024-02-15T16:00Z,DE_LU,22556,5164,0
2024-02-15T17:00Z,DE_LU,24874,5490,0
2024-02-15T18:00Z,DE_LU,25326,5551,0
2024-02-15T19:00Z,DE_LU,26604,5718,0
2024-02-15T20:00Z,DE_LU,25820,5616,0
2024-02-15T21:00Z,DE_LU,25053,5514,0
2024-02-15T22:00Z,DE_LU,27631,5848,0
2024-02-15T23:00Z,DE_LU,19728,4732,0
2024-02-16T00:00Z,DE_LU,23432,5290,0
2024-02-16T01:00Z,DE_LU,26736,5735,0
2024-02-16T02:00Z,DE_LU,26617,5720,0
2024-02-16T03:00Z,DE_LU,23214,5259,0
2024-02-16T04:00Z,DE_LU,20142,4798,0
2024-02-16T05:00Z,DE_LU,19536,4701,0
2024-02-16T06:00Z,DE_LU,18816,4584,194
2024-02-16T07:00Z,DE_LU,15006,3911,4875
2024-02-16T08:00Z,DE_LU,13748,3667,9460
2024-02-16T09:00Z,DE_LU,17273,4322,12443
2024-02-16T10:00Z,DE_LU,8171,2434,13947
2024-02-16T11:00Z,DE_LU,6209,1929,13454
2024-02-16T12:00Z,DE_LU,5666,1782,12537
2024-02-16T13:00Z,DE_LU,6865,2103,9722
2024-02-16T14:00Z,DE_LU,6736,2069,6011
2024-02-16T15:00Z,DE_LU,4644,1494,2200
2024-02-16T16:00Z,DE_LU,6489,2004,0
2024-02-16T17:00Z,DE_LU,3061,1021,0
2024-02-16T18:00Z,DE_LU,6713,2063,0
2024-02-16T19:00Z,DE_LU,5607,1765,0
2024-02-16T20:00Z,DE_LU,5983,1868,0
2024-02-16T21:00Z,DE_LU,9681,2796,0
2024-02-16T22:00Z,DE_LU,7280,2210,0
2024-02-16T23:00Z,DE_LU,5689,1788,0
2024-02-17T00:00Z,DE_LU,4946,1580,0
2024-02-17T01:00Z,DE_LU,3042,1015,0
2024-02-17T02:00Z,DE_LU,3133,1043,0
2024-02-17T03:00Z,DE_LU,4661,1499,0
2024-02-17T04:00Z,DE_LU,6474,2000,0
2024-02-17T05:00Z,DE_LU,6486,2003,0
2024-02-17T06:00Z,DE_LU,6429,1988,147
2024-02-17T07:00Z,DE_LU,6679,2054,2634
2024-02-17T08:00Z,DE_LU,8301,2466,5933
2024-02-17T09:00Z,DE_LU,6875,2105,8387
2024-02-17T10:00Z,DE_LU,12935,3504,11066
2024-02-17T11:00Z,DE_LU,14541,3822,11643
2024-02-17T12:00Z,DE_LU,13317,3581,11862
2024-02-17T13:00Z,DE_LU,12561,3427,8463
2024-02-17T14:00Z,DE_LU,14167,3750,4864
2024-02-17T15:00Z,DE_LU,14737,3860,1910
2024-02-17T16:00Z,DE_LU,18095,4463,0
2024-02-17T17:00Z,DE_LU,20967,4926,0
2024-02-17T18:00Z,DE_LU,26236,5671,0
2024-02-17T19:00Z,DE_LU,23273,5267,0
2024-02-17T20:00Z,DE_LU,25076,5517,0
2024-02-17T21:00Z,DE_LU,25023,5510,0
2024-02-17T22:00Z,DE_LU,22290,5125,0
2024-02-17T23:00Z,DE_LU,25843,5619,0
2024-02-18T00:00Z,DE_LU,23760,5336,0
2024-02-18T01:00Z,DE_LU,24633,5457,0
2024-02-18T02:00Z,DE_LU,19562,4705,0
2024-02-18T03:00Z,DE_LU,21221,4965,0
2024-02-18T04:00Z,DE_LU,19263,4657,0
2024-02-18T05:00Z,DE_LU,16894,4256,0
2024-02-18T06:00Z,DE_LU,24824,5483,164
2024-02-18T07:00Z,DE_LU,29221,6042,1960
2024-02-18T08:00Z,DE_LU,29062,6023,3821
2024-02-18T09:00Z,DE_LU,28160,5914,5818
2024-02-18T10:00Z,DE_LU,30631,6206,6892
2024-02-18T11:00Z,DE_LU,31894,6348,6940
2024-02-18T12:00Z,DE_LU,36928,6866,7293
2024-02-18T13:00Z,DE_LU,36586,6833,5934
2024-02-18T14:00Z,DE_LU,37774,6947,3757
2024-02-18T15:00Z,DE_LU,39504,7106,1593
2024-02-18T16:00Z,DE_LU,40526,7197,0
2024-02-18T17:00Z,DE_LU,40225,7170,0
2024-02-18T18:00Z,DE_LU,37212,6893,0
2024-02-18T19:00Z,DE_LU,38349,7000,0
2024-02-18T20:00Z,DE_LU,37718,6941,0
2024-02-18T21:00Z,DE_LU,27080,5779,0
2024-02-18T22:00Z,DE_LU,26822,5746,0
2024-02-18T23:00Z,DE_LU,20550,4862,0
2024-02-19T00:00Z,DE_LU,20043,4782,0
2024-02-19T01:00Z,DE_LU,24784,5478,0
2024-02-19T02:00Z,DE_LU,28118,5909,0
2024-02-19T03:00Z,DE_LU,28572,5964,0
2024-02-19T04:00Z,DE_LU,30402,6180,0
2024-02-19T05:00Z,DE_LU,31851,6343,0
2024-02-19T06:00Z,DE_LU,31703,6327,383
2024-02-19T07:00Z,DE_LU,33186,6488,3887
2024-02-19T08:00Z,DE_LU,30925,6240,7144
2024-02-19T09:00Z,DE_LU,29929,6125,9932
2024-02-19T10:00Z,DE_LU,33057,6474,9948
2024-02-19T11:00Z,DE_LU,27466,5828,10700
2024-02-19T12:00Z,DE_LU,33311,6501,9758
2024-02-19T13:00Z,DE_LU,39447,7101,9291
2024-02-19T14:00Z,DE_LU,42246,7344,5525
2024-02-19T15:00Z,DE_LU,39368,7094,2215
2024-02-19T16:00Z,DE_LU,40102,7159,0
2024-02-19T17:00Z,DE_LU,39652,7119,0
2024-02-19T18:00Z,DE_LU,35321,6708,0
2024-02-19T19:00Z,DE_LU,35406,6717,0
2024-02-19T20:00Z,DE_LU,37723,6942,0
2024-02-19T21:00Z,DE_LU,39268,7085,0
2024-02-19T22:00Z,DE_LU,38987,7059,0
2024-02-19T23:00Z,DE_LU,34421,6617,0
2024-02-20T00:00Z,DE_LU,31792,6337,0
2024-02-20T01:00Z,DE_LU,27587,5843,0
2024-02-20T02:00Z,DE_LU,27482,5830,0
2024-02-20T03:00Z,DE_LU,34877,6663,0
2024-02-20T04:00Z,DE_LU,36441,6819,0
2024-02-20T05:00Z,DE_LU,40293,7176,0
2024-02-20T06:00Z,DE_LU,36869,6861,492
2024-02-20T07:00Z,DE_LU,35339,6710,4374
2024-02-20T08:00Z,DE_LU,37989,6967,9118
2024-02-20T09:00Z,DE_LU,37093,6882,11752
2024-02-20T10:00Z,DE_LU,35737,6750,14458
2024-02-20T11:00Z,DE_LU,36894,6863,14699
2024-02-20T12:00Z,DE_LU,42682,7381,14535
2024-02-20T13:00Z,DE_LU,40490,7194,11469
2024-02-20T14:00Z,DE_LU,43142,7419,7348
2024-02-20T15:00Z,DE_LU,42456,7362,3157
2024-02-20T16:00Z,DE_LU,43370,7438,0
2024-02-20T17:00Z,DE_LU,42594,7374,0
2024-02-20T18:00Z,DE_LU,45641,7619,0
2024-02-20T19:00Z,DE_LU,39853,7137,0
2024-02-20T20:00Z,DE_LU,34373,6612,0
2024-02-20T21:00Z,DE_LU,40692,7211,0
2024-02-20T22:00Z,DE_LU,39214,7080,0
2024-02-20T23:00Z,DE_LU,33539,6525,0
2024-02-21T00:00Z,DE_LU,35482,6724,0
2024-02-21T01:00Z,DE_LU,38051,6973,0
2024-02-21T02:00Z,DE_LU,38728,7035,0
2024-02-21T03:00Z,DE_LU,35181,6694,0
2024-02-21T04:00Z,DE_LU,30751,6220,0
2024-02-21T05:00Z,DE_LU,31546,6309,0
2024-02-21T06:00Z,DE_LU,32304,6393,452
2024-02-21T07:00Z,DE_LU,31285,6280,3132
2024-02-21T08:00Z,DE_LU,35113,6687,5892
2024-02-21T09:00Z,DE_LU,26480,5702,8721
2024-02-21T10:00Z,DE_LU,26634,5722,11641
2024-02-21T11:00Z,DE_LU,25706,5601,11872
2024-02-21T12:00Z,DE_LU,26009,5641,10767
2024-02-21T13:00Z,DE_LU,25451,5567,9296
2024-02-21T14:00Z,DE_LU,29974,6130,6802
2024-02-21T15:00Z,DE_LU,28657,5974,2953
2024-02-21T16:00Z,DE_LU,29217,6041,0
2024-02-21T17:00Z,DE_LU,30974,6245,0
2024-02-21T18:00Z,DE_LU,32082,6369,0
2024-02-21T19:00Z,DE_LU,30004,6134,0
2024-02-21T20:00Z,DE_LU,27236,5799,0
2024-02-21T21:00Z,DE_LU,20946,4923,0
2024-02-21T22:00Z,DE_LU,20391,4837,0
2024-02-21T23:00Z,DE_LU,18239,4488,0
2024-02-22T00:00Z,DE_LU,24139,5389,0
2024-02-22T01:00Z,DE_LU,20451,4846,0
2024-02-22T02:00Z,DE_LU,23809,5343,0
2024-02-22T03:00Z,DE_LU,22951,5221,0
2024-02-22T04:00Z,DE_LU,23322,5274,0
2024-02-22T05:00Z,DE_LU,30087,6144,0
2024-02-22T06:00Z,DE_LU,34618,6637,443
2024-02-22T07:00Z,DE_LU,39393,7096,3036
2024-02-22T08:00Z,DE_LU,38072,6975,5488
2024-02-22T09:00Z,DE_LU,37138,6886,7598
2024-02-22T10:00Z,DE_LU,36164,6792,9201
2024-02-22T11:00Z,DE_LU,37321,6904,10087
2024-02-22T12:00Z,DE_LU,34328,6607,8111
2024-02-22T13:00Z,DE_LU,36688,6843,7080
2024-02-22T14:00Z,DE_LU,37369,6908,3935
2024-02-22T15:00Z,DE_LU,39782,7131,1591
2024-02-22T16:00Z,DE_LU,34235,6598,0
2024-02-22T17:00Z,DE_LU,34654,6641,0
2024-02-22T18:00Z,DE_LU,36471,6822,0
2024-02-22T19:00Z,DE_LU,34982,6674,0
2024-02-22T20:00Z,DE_LU,36336,6809,0
2024-02-22T21:00Z,DE_LU,39043,7064,0
2024-02-22T22:00Z,DE_LU,37945,6963,0
2024-02-22T23:00Z,DE_LU,31994,6359,0
2024-02-23T00:00Z,DE_LU,36646,6839,0
2024-02-23T01:00Z,DE_LU,37845,6953,0
2024-02-23T02:00Z,DE_LU,35891,6765,0
2024-02-23T03:00Z,DE_LU,36919,6865,0
2024-02-23T04:00Z,DE_LU,38617,7025,0
2024-02-23T05:00Z,DE_LU,41223,7257,0
2024-02-23T06:00Z,DE_LU,38555,7019,436
2024-02-23T07:00Z,DE_LU,35560,6732,2721
2024-02-23T08:00Z,DE_LU,33654,6537,4717
2024-02-23T09:00Z,DE_LU,34542,6629,7540
2024-02-23T10:00Z,DE_LU,32440,6408,8349
2024-02-23T11:00Z,DE_LU,38735,7036,8538
2024-02-23T12:00Z,DE_LU,42698,7382,8250
2024-02-23T13:00Z,DE_LU,40428,7188,6725
2024-02-23T14:00Z,DE_LU,40046,7154,4833
2024-02-23T15:00Z,DE_LU,43532,7451,2167
2024-02-23T16:00Z,DE_LU,44967,7566,0
2024-02-23T17:00Z,DE_LU,44715,7546,0
2024-02-23T18:00Z,DE_LU,46918,7716,0
2024-02-23T19:00Z,DE_LU,49196,7883,0
2024-02-23T20:00Z,DE_LU,48218,7812,0
2024-02-23T21:00Z,DE_LU,47365,7749,0
2024-02-23T22:00Z,DE_LU,47964,7794,0
2024-02-23T23:00Z,DE_LU,50383,7967,0
2024-02-24T00:00Z,DE_LU,49944,7936,0
2024-02-24T01:00Z,DE_LU,49816,7927,0
2024-02-24T02:00Z,DE_LU,48320,7820,0
2024-02-24T03:00Z,DE_LU,47802,7782,0
2024-02-24T04:00Z,DE_LU,47752,7778,0
2024-02-24T05:00Z,DE_LU,48273,7816,0
2024-02-24T06:00Z,DE_LU,49119,7878,1206
2024-02-24T07:00Z,DE_LU,46085,7653,6794
2024-02-24T08:00Z,DE_LU,46178,7660,12137
2024-02-24T09:00Z,DE_LU,45517,7609,15945
2024-02-24T10:00Z,DE_LU,44036,7492,18084
2024-02-24T11:00Z,DE_LU,42697,7382,19381
2024-02-24T12:00Z,DE_LU,41003,7238,17886
2024-02-24T13:00Z,DE_LU,41574,7287,14774
2024-02-24T14:00Z,DE_LU,44525,7531,10033
2024-02-24T15:00Z,DE_LU,44227,7507,4874
2024-02-24T16:00Z,DE_LU,44783,7551,0
2024-02-24T17:00Z,DE_LU,45750,7627,0
2024-02-24T18:00Z,DE_LU,43745,7468,0
2024-02-24T19:00Z,DE_LU,43205,7424,0
2024-02-24T20:00Z,DE_LU,42665,7379,0
2024-02-24T21:00Z,DE_LU,44319,7514,0
2024-02-24T22:00Z,DE_LU,41708,7299,0
2024-02-24T23:00Z,DE_LU,39474,7103,0
2024-02-25T00:00Z,DE_LU,39613,7116,0
2024-02-25T01:00Z,DE_LU,42255,7345,0
2024-02-25T02:00Z,DE_LU,39699,7123,0
2024-02-25T03:00Z,DE_LU,41274,7262,0
2024-02-25T04:00Z,DE_LU,38531,7017,0
2024-02-25T05:00Z,DE_LU,39550,7110,0
2024-02-25T06:00Z,DE_LU,37393,6911,1874
2024-02-25T07:00Z,DE_LU,36649,6839,8742
2024-02-25T08:00Z,DE_LU,36376,6813,15834
2024-02-25T09:00Z,DE_LU,33008,6469,21544
2024-02-25T10:00Z,DE_LU,35483,6724,25609
2024-02-25T11:00Z,DE_LU,39157,7075,26468
2024-02-25T12:00Z,DE_LU,36294,6805,24476
2024-02-25T13:00Z,DE_LU,29094,6027,20198
2024-02-25T14:00Z,DE_LU,32221,6384,13526
2024-02-25T15:00Z,DE_LU,30711,6215,6714
2024-02-25T16:00Z,DE_LU,36914,6865,42
2024-02-25T17:00Z,DE_LU,34954,6671,0
2024-02-25T18:00Z,DE_LU,27623,5847,0
2024-02-25T19:00Z,DE_LU,21387,4990,0
2024-02-25T20:00Z,DE_LU,23599,5314,0
2024-02-25T21:00Z,DE_LU,30042,6138,0
2024-02-25T22:00Z,DE_LU,22543,5162,0
2024-02-25T23:00Z,DE_LU,20856,4909,0
2024-02-26T00:00Z,DE_LU,16638,4210,0
2024-02-26T01:00Z,DE_LU,16945,4265,0
2024-02-26T02:00Z,DE_LU,22808,5201,0
2024-02-26T03:00Z,DE_LU,26011,5641,0
2024-02-26T04:00Z,DE_LU,21894,5066,0
2024-02-26T05:00Z,DE_LU,20293,4822,0
2024-02-26T06:00Z,DE_LU,21071,4942,1411
2024-02-26T07:00Z,DE_LU,18625,4552,6155
2024-02-26T08:00Z,DE_LU,16491,4184,10898
2024-02-26T09:00Z,DE_LU,16753,4231,15415
2024-02-26T10:00Z,DE_LU,13313,3581,15730
2024-02-26T11:00Z,DE_LU,16494,4184,15816
2024-02-26T12:00Z,DE_LU,22597,5170,15068
2024-02-26T13:00Z,DE_LU,13635,3645,12929
2024-02-26T14:00Z,DE_LU,11050,3105,8971
2024-02-26T15:00Z,DE_LU,12744,3465,4134
2024-02-26T16:00Z,DE_LU,16751,4230,98
2024-02-26T17:00Z,DE_LU,15017,3913,0
2024-02-26T18:00Z,DE_LU,12105,3332,0
2024-02-26T19:00Z,DE_LU,8119,2421,0
2024-02-26T20:00Z,DE_LU,8704,2564,0
2024-02-26T21:00Z,DE_LU,8336,2475,0
2024-02-26T22:00Z,DE_LU,6046,1885,0
2024-02-26T23:00Z,DE_LU,6278,1948,0
2024-02-27T00:00Z,DE_LU,5138,1634,0
2024-02-27T01:00Z,DE_LU,4457,1440,0
2024-02-27T02:00Z,DE_LU,5218,1657,0
2024-02-27T03:00Z,DE_LU,3912,1280,0
2024-02-27T04:00Z,DE_LU,5024,1602,0
2024-02-27T05:00Z,DE_LU,5806,1820,0
2024-02-27T06:00Z,DE_LU,3873,1268,1162
2024-02-27T07:00Z,DE_LU,6243,1938,4850
2024-02-27T08:00Z,DE_LU,4175,1358,8777
2024-02-27T09:00Z,DE_LU,1702,587,11544
2024-02-27T10:00Z,DE_LU,3002,1003,12999
2024-02-27T11:00Z,DE_LU,3374,1118,13793
2024-02-27T12:00Z,DE_LU,4075,1328,13631
2024-02-27T13:00Z,DE_LU,5638,1774,12713
2024-02-27T14:00Z,DE_LU,6705,2061,9042
2024-02-27T15:00Z,DE_LU,6399,1980,4756
2024-02-27T16:00Z,DE_LU,5645,1776,206
2024-02-27T17:00Z,DE_LU,4490,1449,0
2024-02-27T18:00Z,DE_LU,2646,892,0
2024-02-27T19:00Z,DE_LU,2231,759,0
2024-02-27T20:00Z,DE_LU,2073,708,0
2024-02-27T21:00Z,DE_LU,907,319,0
2024-02-27T22:00Z,DE_LU,774,273,0
2024-02-27T23:00Z,DE_LU,677,239,0
2024-02-28T00:00Z,DE_LU,548,194,0
2024-02-28T01:00Z,DE_LU,680,240,0
2024-02-28T02:00Z,DE_LU,577,204,0
2024-02-28T03:00Z,DE_LU,572,203,0
2024-02-28T04:00Z,DE_LU,677,239,0
2024-02-28T05:00Z,DE_LU,744,262,0
2024-02-28T06:00Z,DE_LU,960,337,1432
2024-02-28T07:00Z,DE_LU,1024,359,4938
2024-02-28T08:00Z,DE_LU,936,329,9208
2024-02-28T09:00Z,DE_LU,954,335,11652
2024-02-28T10:00Z,DE_LU,1236,431,12874
2024-02-28T11:00Z,DE_LU,1437,498,12656
2024-02-28T12:00Z,DE_LU,1273,443,11720
2024-02-28T13:00Z,DE_LU,1387,482,10423
2024-02-28T14:00Z,DE_LU,1006,353,7607
2024-02-28T15:00Z,DE_LU,1396,485,3792
2024-02-28T16:00Z,DE_LU,1729,595,232
2024-02-28T17:00Z,DE_LU,2189,745,0
2024-02-28T18:00Z,DE_LU,2965,991,0
2024-02-28T19:00Z,DE_LU,3128,1042,0
2024-02-28T20:00Z,DE_LU,2881,965,0
2024-02-28T21:00Z,DE_LU,1851,636,0
2024-02-28T22:00Z,DE_LU,1472,510,0
2024-02-28T23:00Z,DE_LU,1506,521,0
2024-02-29T00:00Z,DE_LU,2175,741,0
2024-02-29T01:00Z,DE_LU,2797,939,0
2024-02-29T02:00Z,DE_LU,3013,1006,0
2024-02-29T03:00Z,DE_LU,2553,862,0
2024-02-29T04:00Z,DE_LU,2017,690,0
2024-02-29T05:00Z,DE_LU,1951,668,0
2024-02-29T06:00Z,DE_LU,2776,933,1004
2024-02-29T07:00Z,DE_LU,3619,1192,3309
2024-02-29T08:00Z,DE_LU,2854,957,6684
2024-02-29T09:00Z,DE_LU,3809,1249,8627
2024-02-29T10:00Z,DE_LU,3137,1045,9436
2024-02-29T11:00Z,DE_LU,3662,1205,8926
2024-02-29T12:00Z,DE_LU,3981,1300,7975
2024-02-29T13:00Z,DE_LU,2443,827,7677
2024-02-29T14:00Z,DE_LU,2933,981,5493
2024-02-29T15:00Z,DE_LU,4037,1317,2671
2024-02-29T16:00Z,DE_LU,2956,989,226
2024-02-29T17:00Z,DE_LU,3440,1137,0
2024-02-29T18:00Z,DE_LU,3314,1099,0
2024-02-29T19:00Z,DE_LU,3453,1142,0
2024-02-29T20:00Z,DE_LU,1519,526,0
2024-02-29T21:00Z,DE_LU,2451,830,0
2024-02-29T22:00Z,DE_LU,2209,752,0
2024-02-29T23:00Z,DE_LU,3718,1222,0
2024-03-01T00:00Z,DE_LU,4179,1359,0
2024-03-01T01:00Z,DE_LU,4421,1429,0
2024-03-01T02:00Z,DE_LU,4261,1383,0
2024-03-01T03:00Z,DE_LU,3003,1003,0
2024-03-01T04:00Z,DE_LU,2837,951,0
2024-03-01T05:00Z,DE_LU,1906,654,0
2024-03-01T06:00Z,DE_LU,1576,545,1135
2024-03-01T07:00Z,DE_LU,2457,831,3915
2024-03-01T08:00Z,DE_LU,2566,866,6890
2024-03-01T09:00Z,DE_LU,3029,1011,9005
2024-03-01T10:00Z,DE_LU,7153,2177,10258
2024-03-01T11:00Z,DE_LU,10815,3053,9117
2024-03-01T12:00Z,DE_LU,8938,2621,9955
2024-03-01T13:00Z,DE_LU,6960,2127,6765
2024-03-01T14:00Z,DE_LU,5576,1757,4737
2024-03-01T15:00Z,DE_LU,5018,1601,2546
2024-03-01T16:00Z,DE_LU,6441,1991,249
2024-03-01T17:00Z,DE_LU,5142,1636,0
2024-03-01T18:00Z,DE_LU,6295,1952,0
2024-03-01T19:00Z,DE_LU,7236,2199,0
2024-03-01T20:00Z,DE_LU,10301,2938,0
2024-03-01T21:00Z,DE_LU,13122,3542,0
2024-03-01T22:00Z,DE_LU,15209,3949,0
2024-03-01T23:00Z,DE_LU,9915,2850,0
2024-03-02T00:00Z,DE_LU,7219,2194,0
2024-03-02T01:00Z,DE_LU,11624,3229,0
2024-03-02T02:00Z,DE_LU,9667,2793,0
2024-03-02T03:00Z,DE_LU,8801,2588,0
2024-03-02T04:00Z,DE_LU,7899,2367,0
2024-03-02T05:00Z,DE_LU,7595,2290,0
2024-03-02T06:00Z,DE_LU,11006,3095,1441
2024-03-02T07:00Z,DE_LU,11846,3277,4164
2024-03-02T08:00Z,DE_LU,11360,3172,6869
2024-03-02T09:00Z,DE_LU,13532,3625,9583
2024-03-02T10:00Z,DE_LU,21325,4981,10923
2024-03-02T11:00Z,DE_LU,27131,5785,10600
2024-03-02T12:00Z,DE_LU,30638,6207,9951
2024-03-02T13:00Z,DE_LU,28607,5968,8889
2024-03-02T14:00Z,DE_LU,24157,5392,5975
2024-03-02T15:00Z,DE_LU,26926,5759,3214
2024-03-02T16:00Z,DE_LU,25387,5559,351
2024-03-02T17:00Z,DE_LU,28644,5973,0
2024-03-02T18:00Z,DE_LU,22642,5177,0
2024-03-02T19:00Z,DE_LU,24318,5414,0
2024-03-02T20:00Z,DE_LU,29336,6055,0
2024-03-02T21:00Z,DE_LU,25410,5562,0
2024-03-02T22:00Z,DE_LU,23443,5292,0
2024-03-02T23:00Z,DE_LU,16919,4260,0
2024-03-03T00:00Z,DE_LU,14092,3735,0
2024-03-03T01:00Z,DE_LU,11794,3266,0
2024-03-03T02:00Z,DE_LU,11123,3121,0
2024-03-03T03:00Z,DE_LU,10752,3039,0
2024-03-03T04:00Z,DE_LU,11923,3293,0
2024-03-03T05:00Z,DE_LU,15787,4056,0
2024-03-03T06:00Z,DE_LU,14834,3878,2170
2024-03-03T07:00Z,DE_LU,12567,3428,6950
2024-03-03T08:00Z,DE_LU,14269,3770,11628
2024-03-03T09:00Z,DE_LU,13885,3695,14561
2024-03-03T10:00Z,DE_LU,19068,4625,16279
2024-03-03T11:00Z,DE_LU,15467,3997,17221
2024-03-03T12:00Z,DE_LU,17921,4434,16908
2024-03-03T13:00Z,DE_LU,15488,4001,13487
2024-03-03T14:00Z,DE_LU,14088,3734,9319
2024-03-03T15:00Z,DE_LU,13307,3579,4997
2024-03-03T16:00Z,DE_LU,18109,4466,751
2024-03-03T17:00Z,DE_LU,24200,5398,0
2024-03-03T18:00Z,DE_LU,24924,5497,0
2024-03-03T19:00Z,DE_LU,24096,5383,0
2024-03-03T20:00Z,DE_LU,21528,5012,0
2024-03-03T21:00Z,DE_LU,20751,4893,0
2024-03-03T22:00Z,DE_LU,15777,4054,0
2024-03-03T23:00Z,DE_LU,17825,4417,0
2024-03-04T00:00Z,DE_LU,21430,4997,0
2024-03-04T01:00Z,DE_LU,21381,4989,0
2024-03-04T02:00Z,DE_LU,23710,5329,0
2024-03-04T03:00Z,DE_LU,24974,5503,0
2024-03-04T04:00Z,DE_LU,19971,4771,0
2024-03-04T05:00Z,DE_LU,15275,3961,0
2024-03-04T06:00Z,DE_LU,14454,3805,2811
2024-03-04T07:00Z,DE_LU,9605,2778,8298
2024-03-04T08:00Z,DE_LU,10587,3002,12341
2024-03-04T09:00Z,DE_LU,8601,2539,16108
2024-03-04T10:00Z,DE_LU,7344,2226,19233
2024-03-04T11:00Z,DE_LU,9992,2867,19892
2024-03-04T12:00Z,DE_LU,12127,3336,18828
2024-03-04T13:00Z,DE_LU,9152,2672,16355
2024-03-04T14:00Z,DE_LU,8583,2535,11520
2024-03-04T15:00Z,DE_LU,5510,1738,6446
2024-03-04T16:00Z,DE_LU,6960,2127,1046
2024-03-04T17:00Z,DE_LU,6221,1932,0
2024-03-04T18:00Z,DE_LU,5312,1683,0
2024-03-04T19:00Z,DE_LU,5769,1810,0
2024-03-04T20:00Z,DE_LU,6607,2035,0
2024-03-04T21:00Z,DE_LU,4688,1506,0
2024-03-04T22:00Z,DE_LU,7271,2208,0
2024-03-04T23:00Z,DE_LU,4899,1567,0
2024-03-05T00:00Z,DE_LU,3829,1255,0
2024-03-05T01:00Z,DE_LU,5110,1627,0
2024-03-05T02:00Z,DE_LU,3107,1036,0
2024-03-05T03:00Z,DE_LU,2153,734,0
2024-03-05T04:00Z,DE_LU,2339,794,0
2024-03-05T05:00Z,DE_LU,2052,701,0
2024-03-05T06:00Z,DE_LU,1703,587,3069
2024-03-05T07:00Z,DE_LU,2437,825,8740
2024-03-05T08:00Z,DE_LU,2080,710,13759
2024-03-05T09:00Z,DE_LU,1506,522,17157
2024-03-05T10:00Z,DE_LU,1319,459,20352
2024-03-05T11:00Z,DE_LU,2184,744,20273
2024-03-05T12:00Z,DE_LU,2509,848,19200
2024-03-05T13:00Z,DE_LU,4208,1367,16125
2024-03-05T14:00Z,DE_LU,5129,1632,11096
2024-03-05T15:00Z,DE_LU,5524,1742,5995
2024-03-05T16:00Z,DE_LU,6776,2080,1052
2024-03-05T17:00Z,DE_LU,8832,2595,0
2024-03-05T18:00Z,DE_LU,11271,3153,0
2024-03-05T19:00Z,DE_LU,12300,3373,0
2024-03-05T20:00Z,DE_LU,16138,4120,0
2024-03-05T21:00Z,DE_LU,11179,3133,0
2024-03-05T22:00Z,DE_LU,8376,2485,0
2024-03-05T23:00Z,DE_LU,5804,1819,0
2024-03-06T00:00Z,DE_LU,5787,1815,0
2024-03-06T01:00Z,DE_LU,5104,1625,0
2024-03-06T02:00Z,DE_LU,3067,1023,0
2024-03-06T03:00Z,DE_LU,3071,1024,0
2024-03-06T04:00Z,DE_LU,2063,705,0
2024-03-06T05:00Z,DE_LU,3331,1104,0
2024-03-06T06:00Z,DE_LU,3951,1291,3013
2024-03-06T07:00Z,DE_LU,8479,2510,8240
2024-03-06T08:00Z,DE_LU,11542,3212,12735
2024-03-06T09:00Z,DE_LU,10337,2946,17516
2024-03-06T10:00Z,DE_LU,11812,3270,18660
2024-03-06T11:00Z,DE_LU,10317,2941,20738
2024-03-06T12:00Z,DE_LU,8907,2613,18778
2024-03-06T13:00Z,DE_LU,8733,2571,16329
2024-03-06T14:00Z,DE_LU,9473,2747,11476
2024-03-06T15:00Z,DE_LU,10264,2930,6240
2024-03-06T16:00Z,DE_LU,9092,2657,1284
2024-03-06T17:00Z,DE_LU,9871,2840,0
2024-03-06T18:00Z,DE_LU,12130,3337,0
2024-03-06T19:00Z,DE_LU,18502,4532,0
2024-03-06T20:00Z,DE_LU,20623,4873,0
2024-03-06T21:00Z,DE_LU,20109,4793,0
2024-03-06T22:00Z,DE_LU,17575,4374,0
2024-03-06T23:00Z,DE_LU,18151,4473,0
2024-03-07T00:00Z,DE_LU,17398,4344,0
2024-03-07T01:00Z,DE_LU,17307,4328,0
2024-03-07T02:00Z,DE_LU,19564,4706,0
2024-03-07T03:00Z,DE_LU,25298,5547,0
2024-03-07T04:00Z,DE_LU,25788,5612,0
2024-03-07T05:00Z,DE_LU,24603,5453,0
2024-03-07T06:00Z,DE_LU,27694,5856,1705
2024-03-07T07:00Z,DE_LU,27813,5871,4674
2024-03-07T08:00Z,DE_LU,30083,6143,8202
2024-03-07T09:00Z,DE_LU,36456,6820,9195
2024-03-07T10:00Z,DE_LU,35707,6747,9069
2024-03-07T11:00Z,DE_LU,33215,6491,10198
2024-03-07T12:00Z,DE_LU,33394,6510,9403
2024-03-07T13:00Z,DE_LU,36553,6830,7609
2024-03-07T14:00Z,DE_LU,37413,6913,6035
2024-03-07T15:00Z,DE_LU,38810,7043,3419
2024-03-07T16:00Z,DE_LU,41398,7272,783
2024-03-07T17:00Z,DE_LU,44284,7512,0
2024-03-07T18:00Z,DE_LU,41657,7295,0
2024-03-07T19:00Z,DE_LU,39072,7067,0
2024-03-07T20:00Z,DE_LU,31304,6282,0
2024-03-07T21:00Z,DE_LU,34697,6645,0
2024-03-07T22:00Z,DE_LU,32694,6435,0
2024-03-07T23:00Z,DE_LU,26693,5730,0
2024-03-08T00:00Z,DE_LU,24045,5376,0
2024-03-08T01:00Z,DE_LU,25065,5516,0
2024-03-08T02:00Z,DE_LU,26612,5719,0
2024-03-08T03:00Z,DE_LU,27163,5789,0
2024-03-08T04:00Z,DE_LU,31754,6332,0
2024-03-08T05:00Z,DE_LU,27838,5874,0
2024-03-08T06:00Z,DE_LU,22876,5210,2751
2024-03-08T07:00Z,DE_LU,20972,4927,7590
2024-03-08T08:00Z,DE_LU,22676,5182,10879
2024-03-08T09:00Z,DE_LU,26704,5731,15023
2024-03-08T10:00Z,DE_LU,27969,5890,17118
2024-03-08T11:00Z,DE_LU,23930,5360,16947
2024-03-08T12:00Z,DE_LU,20105,4792,13026
2024-03-08T13:00Z,DE_LU,17299,4327,11332
2024-03-08T14:00Z,DE_LU,15407,3986,8024
2024-03-08T15:00Z,DE_LU,13403,3599,4565
2024-03-08T16:00Z,DE_LU,10713,3030,1117
2024-03-08T17:00Z,DE_LU,10326,2944,0
2024-03-08T18:00Z,DE_LU,9473,2747,0
2024-03-08T19:00Z,DE_LU,9585,2773,0
2024-03-08T20:00Z,DE_LU,6957,2127,0
2024-03-08T21:00Z,DE_LU,4963,1585,0
2024-03-08T22:00Z,DE_LU,3798,1245,0
2024-03-08T23:00Z,DE_LU,4637,1492,0
2024-03-09T00:00Z,DE_LU,7335,2224,0
2024-03-09T01:00Z,DE_LU,7111,2167,0
2024-03-09T02:00Z,DE_LU,6043,1884,0
2024-03-09T03:00Z,DE_LU,5677,1785,0
2024-03-09T04:00Z,DE_LU,6026,1880,0
2024-03-09T05:00Z,DE_LU,6629,2041,0
2024-03-09T06:00Z,DE_LU,9484,2750,5053
2024-03-09T07:00Z,DE_LU,8902,2612,13392
2024-03-09T08:00Z,DE_LU,10823,3055,20001
2024-03-09T09:00Z,DE_LU,10905,3073,25016
2024-03-09T10:00Z,DE_LU,14814,3874,29120
2024-03-09T11:00Z,DE_LU,12088,3328,28644
2024-03-09T12:00Z,DE_LU,9206,2684,26072
2024-03-09T13:00Z,DE_LU,6434,1989,22027
2024-03-09T14:00Z,DE_LU,6835,2095,16607
2024-03-09T15:00Z,DE_LU,5955,1861,9494
2024-03-09T16:00Z,DE_LU,6415,1984,2316
2024-03-09T17:00Z,DE_LU,4485,1448,0
2024-03-09T18:00Z,DE_LU,2668,898,0
2024-03-09T19:00Z,DE_LU,2403,814,0
2024-03-09T20:00Z,DE_LU,3266,1084,0
2024-03-09T21:00Z,DE_LU,3892,1274,0
2024-03-09T22:00Z,DE_LU,5641,1775,0
2024-03-09T23:00Z,DE_LU,5827,1826,0
2024-03-10T00:00Z,DE_LU,5028,1604,0
2024-03-10T01:00Z,DE_LU,4342,1406,0
2024-03-10T02:00Z,DE_LU,2749,924,0
2024-03-10T03:00Z,DE_LU,3510,1159,0
2024-03-10T04:00Z,DE_LU,3243,1077,0
2024-03-10T05:00Z,DE_LU,4478,1446,0
2024-03-10T06:00Z,DE_LU,4500,1452,2489
2024-03-10T07:00Z,DE_LU,6224,1933,5799
2024-03-10T08:00Z,DE_LU,7293,2214,7956
2024-03-10T09:00Z,DE_LU,9097,2659,11664
2024-03-10T10:00Z,DE_LU,9441,2740,12851
2024-03-10T11:00Z,DE_LU,6217,1931,13590
2024-03-10T12:00Z,DE_LU,5119,1629,13426
2024-03-10T13:00Z,DE_LU,3110,1036,11667
2024-03-10T14:00Z,DE_LU,2516,850,8323
2024-03-10T15:00Z,DE_LU,2408,816,4457
2024-03-10T16:00Z,DE_LU,3296,1094,1262
2024-03-10T17:00Z,DE_LU,5515,1740,0
2024-03-10T18:00Z,DE_LU,8455,2504,0
2024-03-10T19:00Z,DE_LU,7742,2327,0
2024-03-10T20:00Z,DE_LU,7812,2345,0
2024-03-10T21:00Z,DE_LU,9779,2818,0
2024-03-10T22:00Z,DE_LU,7861,2357,0
2024-03-10T23:00Z,DE_LU,7197,2189,0
2024-03-11T00:00Z,DE_LU,9372,2723,0
2024-03-11T01:00Z,DE_LU,6545,2019,0
2024-03-11T02:00Z,DE_LU,6564,2024,0
2024-03-11T03:00Z,DE_LU,6457,1995,0
2024-03-11T04:00Z,DE_LU,7504,2267,0
2024-03-11T05:00Z,DE_LU,7180,2184,0
2024-03-11T06:00Z,DE_LU,6740,2070,2870
2024-03-11T07:00Z,DE_LU,9175,2677,7575
2024-03-11T08:00Z,DE_LU,7118,2168,12119
2024-03-11T09:00Z,DE_LU,6586,2029,15963
2024-03-11T10:00Z,DE_LU,5665,1781,16674
2024-03-11T11:00Z,DE_LU,5554,1751,16195
2024-03-11T12:00Z,DE_LU,6206,1928,15424
2024-03-11T13:00Z,DE_LU,6221,1932,13583
2024-03-11T14:00Z,DE_LU,4387,1419,11380
2024-03-11T15:00Z,DE_LU,5091,1621,6539
2024-03-11T16:00Z,DE_LU,4280,1388,1840
2024-03-11T17:00Z,DE_LU,4869,1558,0
2024-03-11T18:00Z,DE_LU,5445,1720,0
2024-03-11T19:00Z,DE_LU,4318,1399,0
2024-03-11T20:00Z,DE_LU,4539,1464,0
2024-03-11T21:00Z,DE_LU,4189,1362,0
2024-03-11T22:00Z,DE_LU,3024,1010,0
2024-03-11T23:00Z,DE_LU,4423,1430,0
2024-03-12T00:00Z,DE_LU,5037,1606,0
2024-03-12T01:00Z,DE_LU,7587,2288,0
2024-03-12T02:00Z,DE_LU,8226,2448,0
2024-03-12T03:00Z,DE_LU,9865,2838,0
2024-03-12T04:00Z,DE_LU,11597,3224,0
2024-03-12T05:00Z,DE_LU,9689,2798,0
2024-03-12T06:00Z,DE_LU,8188,2438,2563
2024-03-12T07:00Z,DE_LU,7821,2347,6534
2024-03-12T08:00Z,DE_LU,6348,1966,10227
2024-03-12T09:00Z,DE_LU,4886,1563,12455
2024-03-12T10:00Z,DE_LU,5263,1670,12932
2024-03-12T11:00Z,DE_LU,8367,2482,14922
2024-03-12T12:00Z,DE_LU,9673,2794,13268
2024-03-12T13:00Z,DE_LU,9278,2701,11701
2024-03-12T14:00Z,DE_LU,11496,3202,10168
2024-03-12T15:00Z,DE_LU,9098,2659,5677
2024-03-12T16:00Z,DE_LU,9776,2818,1712
2024-03-12T17:00Z,DE_LU,12008,3311,0
2024-03-12T18:00Z,DE_LU,10581,3001,0
2024-03-12T19:00Z,DE_LU,10791,3048,0
2024-03-12T20:00Z,DE_LU,14254,3767,0
2024-03-12T21:00Z,DE_LU,14007,3719,0
2024-03-12T22:00Z,DE_LU,19206,4648,0
2024-03-12T23:00Z,DE_LU,19664,4722,0
2024-03-13T00:00Z,DE_LU,21830,5057,0
2024-03-13T01:00Z,DE_LU,17733,4402,0
2024-03-13T02:00Z,DE_LU,10737,3036,0
2024-03-13T03:00Z,DE_LU,10071,2886,0
2024-03-13T04:00Z,DE_LU,9785,2820,0
2024-03-13T05:00Z,DE_LU,11303,3160,0
2024-03-13T06:00Z,DE_LU,10881,3068,1680
2024-03-13T07:00Z,DE_LU,16821,4243,4014
2024-03-13T08:00Z,DE_LU,17836,4419,6328
2024-03-13T09:00Z,DE_LU,18133,4470,9568
2024-03-13T10:00Z,DE_LU,22371,5137,10472
2024-03-13T11:00Z,DE_LU,16065,4107,10093
2024-03-13T12:00Z,DE_LU,17944,4438,10378
2024-03-13T13:00Z,DE_LU,13817,3681,10523
2024-03-13T14:00Z,DE_LU,11714,3249,8248
2024-03-13T15:00Z,DE_LU,12740,3464,5037
2024-03-13T16:00Z,DE_LU,9134,2667,1510
2024-03-13T17:00Z,DE_LU,11060,3107,0
2024-03-13T18:00Z,DE_LU,9567,2769,0
2024-03-13T19:00Z,DE_LU,19181,4644,0
2024-03-13T20:00Z,DE_LU,23839,5347,0
2024-03-13T21:00Z,DE_LU,21848,5060,0
2024-03-13T22:00Z,DE_LU,14310,3778,0
2024-03-13T23:00Z,DE_LU,10618,3009,0
2024-03-14T00:00Z,DE_LU,12029,3316,0
2024-03-14T01:00Z,DE_LU,11050,3105,0
2024-03-14T02:00Z,DE_LU,16015,4098,0
2024-03-14T03:00Z,DE_LU,14731,3859,0
2024-03-14T04:00Z,DE_LU,18689,4563,0
2024-03-14T05:00Z,DE_LU,15397,3984,0
2024-03-14T06:00Z,DE_LU,11183,3134,2432
2024-03-14T07:00Z,DE_LU,12117,3334,5651
2024-03-14T08:00Z,DE_LU,14643,3842,9104
2024-03-14T09:00Z,DE_LU,19150,4639,10539
2024-03-14T10:00Z,DE_LU,21960,5076,11918
2024-03-14T11:00Z,DE_LU,24185,5395,12869
2024-03-14T12:00Z,DE_LU,20908,4917,13404
2024-03-14T13:00Z,DE_LU,19960,4769,12356
2024-03-14T14:00Z,DE_LU,19289,4661,8317
2024-03-14T15:00Z,DE_LU,23255,5265,5512
2024-03-14T16:00Z,DE_LU,29471,6071,1652
2024-03-14T17:00Z,DE_LU,25244,5540,0
2024-03-14T18:00Z,DE_LU,25773,5610,0
2024-03-14T19:00Z,DE_LU,25241,5539,0
2024-03-14T20:00Z,DE_LU,17442,4351,0
2024-03-14T21:00Z,DE_LU,14593,3832,0
2024-03-14T22:00Z,DE_LU,18618,4551,0
2024-03-14T23:00Z,DE_LU,20184,4804,0
2024-03-15T00:00Z,DE_LU,14032,3723,0
2024-03-15T01:00Z,DE_LU,16734,4227,0
2024-03-15T02:00Z,DE_LU,12510,3416,0
2024-03-15T03:00Z,DE_LU,10487,2980,0
2024-03-15T04:00Z,DE_LU,11837,3275,0
2024-03-15T05:00Z,DE_LU,10596,3004,0
2024-03-15T06:00Z,DE_LU,9737,2809,2488
2024-03-15T07:00Z,DE_LU,10099,2892,5055
2024-03-15T08:00Z,DE_LU,13208,3559,7357
2024-03-15T09:00Z,DE_LU,16726,4226,8379
2024-03-15T10:00Z,DE_LU,17017,4277,10162
2024-03-15T11:00Z,DE_LU,13324,3583,9519
2024-03-15T12:00Z,DE_LU,15873,4072,9155
2024-03-15T13:00Z,DE_LU,15693,4039,7356
2024-03-15T14:00Z,DE_LU,21505,5008,5526
2024-03-15T15:00Z,DE_LU,26565,5713,3338
2024-03-15T16:00Z,DE_LU,25021,5510,1115
2024-03-15T17:00Z,DE_LU,30685,6212,0
2024-03-15T18:00Z,DE_LU,28256,5925,0
2024-03-15T19:00Z,DE_LU,34643,6640,0
2024-03-15T20:00Z,DE_LU,29505,6076,0
2024-03-15T21:00Z,DE_LU,30754,6220,0
2024-03-15T22:00Z,DE_LU,30124,6148,0
2024-03-15T23:00Z,DE_LU,27637,5849,0
2024-03-16T00:00Z,DE_LU,25362,5556,0
2024-03-16T01:00Z,DE_LU,29843,6115,0
2024-03-16T02:00Z,DE_LU,29581,6084,0
2024-03-16T03:00Z,DE_LU,33169,6486,0
2024-03-16T04:00Z,DE_LU,37759,6945,0
2024-03-16T05:00Z,DE_LU,35719,6748,1
2024-03-16T06:00Z,DE_LU,35493,6726,5427
2024-03-16T07:00Z,DE_LU,34523,6627,11847
2024-03-16T08:00Z,DE_LU,34570,6632,15657
2024-03-16T09:00Z,DE_LU,34814,6657,19260
2024-03-16T10:00Z,DE_LU,33203,6490,20093
2024-03-16T11:00Z,DE_LU,33474,6518,22589
2024-03-16T12:00Z,DE_LU,31359,6289,21677
2024-03-16T13:00Z,DE_LU,34249,6599,17353
2024-03-16T14:00Z,DE_LU,30470,6188,13149
2024-03-16T15:00Z,DE_LU,23687,5326,8486
2024-03-16T16:00Z,DE_LU,30145,6150,2955
2024-03-16T17:00Z,DE_LU,23923,5359,0
2024-03-16T18:00Z,DE_LU,24494,5438,0
2024-03-16T19:00Z,DE_LU,27689,5856,0
2024-03-16T20:00Z,DE_LU,19802,4744,0
2024-03-16T21:00Z,DE_LU,18194,4480,0
2024-03-16T22:00Z,DE_LU,18189,4479,0
2024-03-16T23:00Z,DE_LU,17658,4389,0
2024-03-17T00:00Z,DE_LU,23504,5300,0
2024-03-17T01:00Z,DE_LU,18266,4492,0
2024-03-17T02:00Z,DE_LU,12554,3426,0
2024-03-17T03:00Z,DE_LU,16891,4255,0
2024-03-17T04:00Z,DE_LU,21115,4949,0
2024-03-17T05:00Z,DE_LU,23208,5258,69
2024-03-17T06:00Z,DE_LU,18020,4450,4123
2024-03-17T07:00Z,DE_LU,16325,4154,9165
2024-03-17T08:00Z,DE_LU,11306,3161,15434
2024-03-17T09:00Z,DE_LU,9494,2752,19188
2024-03-17T10:00Z,DE_LU,10200,2915,23408
2024-03-17T11:00Z,DE_LU,13299,3578,24234
2024-03-17T12:00Z,DE_LU,11906,3290,22503
2024-03-17T13:00Z,DE_LU,14055,3728,18460
2024-03-17T14:00Z,DE_LU,10933,3079,13890
2024-03-17T15:00Z,DE_LU,13305,3579,8661
2024-03-17T16:00Z,DE_LU,9403,2731,3238
2024-03-17T17:00Z,DE_LU,8983,2631,0
2024-03-17T18:00Z,DE_LU,7735,2326,0
2024-03-17T19:00Z,DE_LU,10155,2905,0
2024-03-17T20:00Z,DE_LU,9937,2855,0
2024-03-17T21:00Z,DE_LU,10938,3080,0
2024-03-17T22:00Z,DE_LU,10385,2957,0
2024-03-17T23:00Z,DE_LU,7985,2388,0
2024-03-18T00:00Z,DE_LU,5734,1800,0
2024-03-18T01:00Z,DE_LU,5815,1822,0
2024-03-18T02:00Z,DE_LU,5753,1805,0
2024-03-18T03:00Z,DE_LU,7360,2231,0
2024-03-18T04:00Z,DE_LU,6384,1976,0
2024-03-18T05:00Z,DE_LU,6744,2071,173
2024-03-18T06:00Z,DE_LU,12799,3476,4856
2024-03-18T07:00Z,DE_LU,12499,3414,10128
2024-03-18T08:00Z,DE_LU,8871,2605,14961
2024-03-18T09:00Z,DE_LU,11906,3290,19618
2024-03-18T10:00Z,DE_LU,13740,3666,20854
2024-03-18T11:00Z,DE_LU,14103,3737,24066
2024-03-18T12:00Z,DE_LU,16987,4272,21275
2024-03-18T13:00Z,DE_LU,17726,4400,20089
2024-03-18T14:00Z,DE_LU,17325,4331,15229
2024-03-18T15:00Z,DE_LU,18414,4517,9966
2024-03-18T16:00Z,DE_LU,18721,4568,3913
2024-03-18T17:00Z,DE_LU,23928,5360,0
2024-03-18T18:00Z,DE_LU,29418,6065,0
2024-03-18T19:00Z,DE_LU,30093,6144,0
2024-03-18T20:00Z,DE_LU,32143,6375,0
2024-03-18T21:00Z,DE_LU,31049,6254,0
2024-03-18T22:00Z,DE_LU,28725,5982,0
2024-03-18T23:00Z,DE_LU,32209,6382,0
2024-03-19T00:00Z,DE_LU,32030,6363,0
2024-03-19T01:00Z,DE_LU,35100,6686,0
2024-03-19T02:00Z,DE_LU,37435,6915,0
2024-03-19T03:00Z,DE_LU,35226,6699,0
2024-03-19T04:00Z,DE_LU,32803,6447,0
2024-03-19T05:00Z,DE_LU,30554,6197,309
2024-03-19T06:00Z,DE_LU,32738,6440,5404
2024-03-19T07:00Z,DE_LU,33046,6473,11503
2024-03-19T08:00Z,DE_LU,35154,6691,16053
2024-03-19T09:00Z,DE_LU,35983,6774,19456
2024-03-19T10:00Z,DE_LU,37902,6959,21309
2024-03-19T11:00Z,DE_LU,39022,7062,19646
2024-03-19T12:00Z,DE_LU,36653,6840,18832
2024-03-19T13:00Z,DE_LU,34528,6628,16374
2024-03-19T14:00Z,DE_LU,32685,6434,12804
2024-03-19T15:00Z,DE_LU,33051,6473,8792
2024-03-19T16:00Z,DE_LU,30291,6167,3752
2024-03-19T17:00Z,DE_LU,27328,5810,0
2024-03-19T18:00Z,DE_LU,25925,5630,0
2024-03-19T19:00Z,DE_LU,19195,4646,0
2024-03-19T20:00Z,DE_LU,25707,5601,0
2024-03-19T21:00Z,DE_LU,32002,6360,0
2024-03-19T22:00Z,DE_LU,30296,6168,0
2024-03-19T23:00Z,DE_LU,27160,5789,0
2024-03-20T00:00Z,DE_LU,25188,5532,0
2024-03-20T01:00Z,DE_LU,24583,5450,0
2024-03-20T02:00Z,DE_LU,23864,5351,0
2024-03-20T03:00Z,DE_LU,21573,5018,0
2024-03-20T04:00Z,DE_LU,26425,5695,0
2024-03-20T05:00Z,DE_LU,28708,5980,466
2024-03-20T06:00Z,DE_LU,31445,6298,5979
2024-03-20T07:00Z,DE_LU,27831,5873,13092
2024-03-20T08:00Z,DE_LU,33575,6529,20350
2024-03-20T09:00Z,DE_LU,28627,5971,24992
2024-03-20T10:00Z,DE_LU,30607,6203,26461
2024-03-20T11:00Z,DE_LU,35176,6694,24984
2024-03-20T12:00Z,DE_LU,35377,6714,21951
2024-03-20T13:00Z,DE_LU,33808,6553,19536
2024-03-20T14:00Z,DE_LU,37334,6905,14574
2024-03-20T15:00Z,DE_LU,32442,6408,9688
2024-03-20T16:00Z,DE_LU,30860,6232,4030
2024-03-20T17:00Z,DE_LU,39674,7121,0
2024-03-20T18:00Z,DE_LU,39960,7147,0
2024-03-20T19:00Z,DE_LU,40500,7194,0
2024-03-20T20:00Z,DE_LU,37883,6957,0
2024-03-20T21:00Z,DE_LU,31017,6250,0
2024-03-20T22:00Z,DE_LU,30202,6157,0
2024-03-20T23:00Z,DE_LU,32682,6434,0
2024-03-21T00:00Z,DE_LU,28984,6014,0
2024-03-21T01:00Z,DE_LU,32834,6450,0
2024-03-21T02:00Z,DE_LU,37132,6886,0
2024-03-21T03:00Z,DE_LU,40006,7151,0
2024-03-21T04:00Z,DE_LU,43128,7418,0
2024-03-21T05:00Z,DE_LU,44932,7563,749
2024-03-21T06:00Z,DE_LU,41639,7293,7527
2024-03-21T07:00Z,DE_LU,37447,6916,15145
2024-03-21T08:00Z,DE_LU,38900,7051,21594
2024-03-21T09:00Z,DE_LU,45850,7635,28815
2024-03-21T10:00Z,DE_LU,44876,7559,30473
2024-03-21T11:00Z,DE_LU,46077,7652,30740
2024-03-21T12:00Z,DE_LU,46674,7698,30464
2024-03-21T13:00Z,DE_LU,45990,7645,25939
2024-03-21T14:00Z,DE_LU,47123,7731,18899
2024-03-21T15:00Z,DE_LU,47226,7739,11436
2024-03-21T16:00Z,DE_LU,48290,7818,4763
2024-03-21T17:00Z,DE_LU,47548,7763,0
2024-03-21T18:00Z,DE_LU,47254,7741,0
2024-03-21T19:00Z,DE_LU,47922,7791,0
2024-03-21T20:00Z,DE_LU,47853,7786,0
2024-03-21T21:00Z,DE_LU,45735,7626,0
2024-03-21T22:00Z,DE_LU,39908,7142,0
2024-03-21T23:00Z,DE_LU,42708,7383,0
2024-03-22T00:00Z,DE_LU,40382,7184,0
2024-03-22T01:00Z,DE_LU,41304,7264,0
2024-03-22T02:00Z,DE_LU,38995,7060,0
2024-03-22T03:00Z,DE_LU,41810,7308,0
2024-03-22T04:00Z,DE_LU,44287,7512,0
2024-03-22T05:00Z,DE_LU,41688,7297,936
2024-03-22T06:00Z,DE_LU,43981,7487,7297
2024-03-22T07:00Z,DE_LU,43651,7461,14175
2024-03-22T08:00Z,DE_LU,41862,7312,19767
2024-03-22T09:00Z,DE_LU,40513,7196,24959
2024-03-22T10:00Z,DE_LU,43960,7486,29169
2024-03-22T11:00Z,DE_LU,43810,7473,27181
2024-03-22T12:00Z,DE_LU,40301,7177,23666
2024-03-22T13:00Z,DE_LU,42281,7347,20335
2024-03-22T14:00Z,DE_LU,38221,6988,15045
2024-03-22T15:00Z,DE_LU,40170,7165,10350
2024-03-22T16:00Z,DE_LU,41500,7281,4313
2024-03-22T17:00Z,DE_LU,38393,7004,0
2024-03-22T18:00Z,DE_LU,36216,6797,0
2024-03-22T19:00Z,DE_LU,36485,6823,0
2024-03-22T20:00Z,DE_LU,37610,6931,0
2024-03-22T21:00Z,DE_LU,38692,7032,0
2024-03-22T22:00Z,DE_LU,32750,6441,0
2024-03-22T23:00Z,DE_LU,33766,6549,0
2024-03-23T00:00Z,DE_LU,26474,5702,0
2024-03-23T01:00Z,DE_LU,24203,5398,0
2024-03-23T02:00Z,DE_LU,26669,5727,0
2024-03-23T03:00Z,DE_LU,28494,5954,0
2024-03-23T04:00Z,DE_LU,20622,4873,0
2024-03-23T05:00Z,DE_LU,16919,4260,1177
2024-03-23T06:00Z,DE_LU,18597,4547,8421
2024-03-23T07:00Z,DE_LU,26653,5725,15990
2024-03-23T08:00Z,DE_LU,26538,5710,22349
2024-03-23T09:00Z,DE_LU,28459,5950,27988
2024-03-23T10:00Z,DE_LU,23962,5365,32510
2024-03-23T11:00Z,DE_LU,16967,4268,35350
2024-03-23T12:00Z,DE_LU,16182,4128,32156
2024-03-23T13:00Z,DE_LU,15491,4002,28664
2024-03-23T14:00Z,DE_LU,20955,4924,23653
2024-03-23T15:00Z,DE_LU,23528,5304,14465
2024-03-23T16:00Z,DE_LU,27587,5843,6171
2024-03-23T17:00Z,DE_LU,26904,5757,0
2024-03-23T18:00Z,DE_LU,27967,5890,0
2024-03-23T19:00Z,DE_LU,24771,5476,0
2024-03-23T20:00Z,DE_LU,24754,5474,0
2024-03-23T21:00Z,DE_LU,23544,5306,0
2024-03-23T22:00Z,DE_LU,22234,5117,0
2024-03-23T23:00Z,DE_LU,20939,4922,0
2024-03-24T00:00Z,DE_LU,16508,4187,0
2024-03-24T01:00Z,DE_LU,17197,4309,0
2024-03-24T02:00Z,DE_LU,19117,4633,0
2024-03-24T03:00Z,DE_LU,19502,4696,0
2024-03-24T04:00Z,DE_LU,20034,4781,0
2024-03-24T05:00Z,DE_LU,15231,3953,956
2024-03-24T06:00Z,DE_LU,14689,3851,5383
2024-03-24T07:00Z,DE_LU,17758,4406,10959
2024-03-24T08:00Z,DE_LU,14860,3883,15291
2024-03-24T09:00Z,DE_LU,8696,2563,18689
2024-03-24T10:00Z,DE_LU,10951,3083,21353
2024-03-24T11:00Z,DE_LU,9648,2788,22694
2024-03-24T12:00Z,DE_LU,6557,2022,19281
2024-03-24T13:00Z,DE_LU,6526,2014,16771
2024-03-24T14:00Z,DE_LU,7872,2360,14168
2024-03-24T15:00Z,DE_LU,10300,2937,7673
2024-03-24T16:00Z,DE_LU,10767,3042,3320
2024-03-24T17:00Z,DE_LU,9145,2670,0
2024-03-24T18:00Z,DE_LU,8186,2438,0
2024-03-24T19:00Z,DE_LU,6076,1893,0
2024-03-24T20:00Z,DE_LU,4852,1553,0
2024-03-24T21:00Z,DE_LU,4452,1438,0
2024-03-24T22:00Z,DE_LU,5292,1678,0
2024-03-24T23:00Z,DE_LU,4157,1352,0
2024-03-25T00:00Z,DE_LU,3805,1248,0
2024-03-25T01:00Z,DE_LU,3897,1275,0
2024-03-25T02:00Z,DE_LU,4344,1407,0
2024-03-25T03:00Z,DE_LU,3336,1106,0
2024-03-25T04:00Z,DE_LU,3008,1005,0
2024-03-25T05:00Z,DE_LU,4031,1315,830
2024-03-25T06:00Z,DE_LU,3276,1088,5025
2024-03-25T07:00Z,DE_LU,2454,831,10441
2024-03-25T08:00Z,DE_LU,2069,707,15162
2024-03-25T09:00Z,DE_LU,2366,802,18499
2024-03-25T10:00Z,DE_LU,3154,1050,20361
2024-03-25T11:00Z,DE_LU,2826,948,18477
2024-03-25T12:00Z,DE_LU,4666,1500,16175
2024-03-25T13:00Z,DE_LU,2754,925,13557
2024-03-25T14:00Z,DE_LU,2975,995,10233
2024-03-25T15:00Z,DE_LU,2985,998,6263
2024-03-25T16:00Z,DE_LU,4422,1430,3053
2024-03-25T17:00Z,DE_LU,4305,1395,0
2024-03-25T18:00Z,DE_LU,3078,1026,0
2024-03-25T19:00Z,DE_LU,4795,1537,0
2024-03-25T20:00Z,DE_LU,6245,1939,0
2024-03-25T21:00Z,DE_LU,8109,2419,0
2024-03-25T22:00Z,DE_LU,6347,1966,0
2024-03-25T23:00Z,DE_LU,6196,1926,0
2024-03-26T00:00Z,DE_LU,5401,1708,0
2024-03-26T01:00Z,DE_LU,6190,1924,0
2024-03-26T02:00Z,DE_LU,8630,2547,0
2024-03-26T03:00Z,DE_LU,11095,3115,0
2024-03-26T04:00Z,DE_LU,10338,2946,0
2024-03-26T05:00Z,DE_LU,13435,3605,521
2024-03-26T06:00Z,DE_LU,18003,4448,2709
2024-03-26T07:00Z,DE_LU,19983,4773,5076
2024-03-26T08:00Z,DE_LU,18091,4463,8219
2024-03-26T09:00Z,DE_LU,12045,3319,11270
2024-03-26T10:00Z,DE_LU,10508,2984,10251
2024-03-26T11:00Z,DE_LU,10920,3076,10244
2024-03-26T12:00Z,DE_LU,9001,2636,10172
2024-03-26T13:00Z,DE_LU,8609,2541,8437
2024-03-26T14:00Z,DE_LU,8109,2419,6560
2024-03-26T15:00Z,DE_LU,8821,2593,4295
2024-03-26T16:00Z,DE_LU,8729,2571,2029
2024-03-26T17:00Z,DE_LU,6093,1898,0
2024-03-26T18:00Z,DE_LU,4013,1310,0
2024-03-26T19:00Z,DE_LU,4037,1317,0
2024-03-26T20:00Z,DE_LU,4271,1386,0
2024-03-26T21:00Z,DE_LU,3001,1002,0
2024-03-26T22:00Z,DE_LU,1867,641,0
2024-03-26T23:00Z,DE_LU,1368,475,0
2024-03-27T00:00Z,DE_LU,1543,534,0
2024-03-27T01:00Z,DE_LU,2218,755,0
2024-03-27T02:00Z,DE_LU,2442,827,0
2024-03-27T03:00Z,DE_LU,3816,1251,0
2024-03-27T04:00Z,DE_LU,2729,918,0
2024-03-27T05:00Z,DE_LU,2541,858,921
2024-03-27T06:00Z,DE_LU,4753,1525,4558
2024-03-27T07:00Z,DE_LU,4200,1365,9436
2024-03-27T08:00Z,DE_LU,3755,1233,14288
2024-03-27T09:00Z,DE_LU,3431,1135,16545
2024-03-27T10:00Z,DE_LU,3192,1062,17031
2024-03-27T11:00Z,DE_LU,2737,920,15726
2024-03-27T12:00Z,DE_LU,2852,956,15877
2024-03-27T13:00Z,DE_LU,2168,739,15044
2024-03-27T14:00Z,DE_LU,1646,568,13146
2024-03-27T15:00Z,DE_LU,2126,725,8899
2024-03-27T16:00Z,DE_LU,2069,707,4558
2024-03-27T17:00Z,DE_LU,1992,682,69
2024-03-27T18:00Z,DE_LU,3260,1083,0
2024-03-27T19:00Z,DE_LU,4045,1319,0
2024-03-27T20:00Z,DE_LU,3041,1015,0
2024-03-27T21:00Z,DE_LU,3146,1048,0
2024-03-27T22:00Z,DE_LU,3090,1030,0
2024-03-27T23:00Z,DE_LU,3447,1140,0
2024-03-28T00:00Z,DE_LU,3518,1161,0
2024-03-28T01:00Z,DE_LU,5604,1764,0
2024-03-28T02:00Z,DE_LU,6067,1891,0
2024-03-28T03:00Z,DE_LU,5724,1797,0
2024-03-28T04:00Z,DE_LU,5175,1645,0
2024-03-28T05:00Z,DE_LU,5847,1831,1470
2024-03-28T06:00Z,DE_LU,6646,2045,7256
2024-03-28T07:00Z,DE_LU,6153,1914,11507
2024-03-28T08:00Z,DE_LU,5827,1826,15442
2024-03-28T09:00Z,DE_LU,7095,2162,18916
2024-03-28T10:00Z,DE_LU,7127,2171,21430
2024-03-28T11:00Z,DE_LU,9089,2657,23110
2024-03-28T12:00Z,DE_LU,8498,2515,21686
2024-03-28T13:00Z,DE_LU,8620,2544,17998
2024-03-28T14:00Z,DE_LU,9984,2866,14634
2024-03-28T15:00Z,DE_LU,13865,3691,9474
2024-03-28T16:00Z,DE_LU,18633,4553,4128
2024-03-28T17:00Z,DE_LU,19195,4646,137
2024-03-28T18:00Z,DE_LU,20755,4894,0
2024-03-28T19:00Z,DE_LU,17354,4336,0
2024-03-28T20:00Z,DE_LU,19812,4745,0
2024-03-28T21:00Z,DE_LU,19268,4658,0
2024-03-28T22:00Z,DE_LU,17562,4372,0
2024-03-28T23:00Z,DE_LU,22397,5141,0
2024-03-29T00:00Z,DE_LU,19762,4737,0
2024-03-29T01:00Z,DE_LU,21310,4979,0
2024-03-29T02:00Z,DE_LU,25287,5546,0
2024-03-29T03:00Z,DE_LU,23699,5328,0
2024-03-29T04:00Z,DE_LU,23864,5351,0
2024-03-29T05:00Z,DE_LU,24796,5479,1089
2024-03-29T06:00Z,DE_LU,25767,5609,4682
2024-03-29T07:00Z,DE_LU,22579,5167,8975
2024-03-29T08:00Z,DE_LU,17385,4342,12205
2024-03-29T09:00Z,DE_LU,12508,3416,14493
2024-03-29T10:00Z,DE_LU,13276,3573,16227
2024-03-29T11:00Z,DE_LU,11722,3250,17981
2024-03-29T12:00Z,DE_LU,8714,2567,16997
2024-03-29T13:00Z,DE_LU,5904,1847,14978
2024-03-29T14:00Z,DE_LU,7019,2143,11654
2024-03-29T15:00Z,DE_LU,7407,2243,6853
2024-03-29T16:00Z,DE_LU,6386,1976,3139
2024-03-29T17:00Z,DE_LU,4090,1332,166
2024-03-29T18:00Z,DE_LU,6116,1904,0
2024-03-29T19:00Z,DE_LU,6827,2093,0
2024-03-29T20:00Z,DE_LU,4872,1559,0
2024-03-29T21:00Z,DE_LU,7619,2296,0
2024-03-29T22:00Z,DE_LU,14084,3734,0
2024-03-29T23:00Z,DE_LU,12400,3394,0
2024-03-30T00:00Z,DE_LU,13147,3547,0
2024-03-30T01:00Z,DE_LU,14671,3847,0
2024-03-30T02:00Z,DE_LU,14996,3909,0
2024-03-30T03:00Z,DE_LU,14595,3832,0
2024-03-30T04:00Z,DE_LU,18987,4612,0
2024-03-30T05:00Z,DE_LU,15191,3946,1354
2024-03-30T06:00Z,DE_LU,16472,4181,5236
2024-03-30T07:00Z,DE_LU,16691,4220,9221
2024-03-30T08:00Z,DE_LU,22075,5093,11839
2024-03-30T09:00Z,DE_LU,22859,5208,12751
2024-03-30T10:00Z,DE_LU,18693,4563,16729
2024-03-30T11:00Z,DE_LU,14703,3853,18733
2024-03-30T12:00Z,DE_LU,12443,3403,18488
2024-03-30T13:00Z,DE_LU,12636,3443,14927
2024-03-30T14:00Z,DE_LU,10775,3044,11461
2024-03-30T15:00Z,DE_LU,12793,3475,7128
2024-03-30T16:00Z,DE_LU,20070,4786,3769
2024-03-30T17:00Z,DE_LU,17179,4306,277
2024-03-30T18:00Z,DE_LU,15005,3911,0
2024-03-30T19:00Z,DE_LU,16096,4113,0
2024-03-30T20:00Z,DE_LU,17647,4387,0
2024-03-30T21:00Z,DE_LU,18000,4447,0
2024-03-30T22:00Z,DE_LU,17752,4405,0
2024-03-30T23:00Z,DE_LU,17700,4396,0
2024-03-31T00:00Z,DE_LU,19804,4744,0
2024-03-31T01:00Z,DE_LU,16835,4245,0
2024-03-31T02:00Z,DE_LU,12484,3411,0
2024-03-31T03:00Z,DE_LU,10651,3016,0
2024-03-31T04:00Z,DE_LU,8169,2434,0
2024-03-31T05:00Z,DE_LU,9091,2657,1162
2024-03-31T06:00Z,DE_LU,8787,2584,5086
2024-03-31T07:00Z,DE_LU,10401,2961,7665
2024-03-31T08:00Z,DE_LU,12506,3416,11112
2024-03-31T09:00Z,DE_LU,7952,2380,13677
2024-03-31T10:00Z,DE_LU,10383,2956,18583
2024-03-31T11:00Z,DE_LU,11662,3238,19271
2024-03-31T12:00Z,DE_LU,18049,4455,19116
2024-03-31T13:00Z,DE_LU,16459,4178,14899
2024-03-31T14:00Z,DE_LU,12918,3501,12126
2024-03-31T15:00Z,DE_LU,13775,3673,8827
2024-03-31T16:00Z,DE_LU,14952,3901,4348
2024-03-31T17:00Z,DE_LU,12053,3321,383
2024-03-31T18:00Z,DE_LU,12893,3495,0
2024-03-31T19:00Z,DE_LU,12647,3445,0
2024-03-31T20:00Z,DE_LU,10398,2960,0
2024-03-31T21:00Z,DE_LU,8714,2567,0
2024-03-31T22:00Z,DE_LU,11412,3184,0
2024-03-31T23:00Z,DE_LU,9370,2723,0
2024-04-01T00:00Z,DE_LU,13626,3643,0
2024-04-01T01:00Z,DE_LU,11157,3128,0
2024-04-01T02:00Z,DE_LU,13069,3531,0
2024-04-01T03:00Z,DE_LU,17025,4279,0
2024-04-01T04:00Z,DE_LU,14262,3768,0
2024-04-01T05:00Z,DE_LU,11669,3239,1301
2024-04-01T06:00Z,DE_LU,12523,3419,4662
2024-04-01T07:00Z,DE_LU,12618,3439,8457
2024-04-01T08:00Z,DE_LU,15429,3990,12073
2024-04-01T09:00Z,DE_LU,14230,3762,13619
2024-04-01T10:00Z,DE_LU,11946,3298,14106
2024-04-01T11:00Z,DE_LU,11157,3128,13424
2024-04-01T12:00Z,DE_LU,7417,2245,10468
2024-04-01T13:00Z,DE_LU,6460,1996,9193
2024-04-01T14:00Z,DE_LU,4923,1574,7111
2024-04-01T15:00Z,DE_LU,6076,1893,5248
2024-04-01T16:00Z,DE_LU,8751,2576,2399
2024-04-01T17:00Z,DE_LU,9374,2724,278
2024-04-01T18:00Z,DE_LU,7305,2217,0
2024-04-01T19:00Z,DE_LU,8987,2632,0
2024-04-01T20:00Z,DE_LU,9635,2785,0
2024-04-01T21:00Z,DE_LU,9467,2746,0
2024-04-01T22:00Z,DE_LU,10570,2998,0
2024-04-01T23:00Z,DE_LU,6180,1921,0
2024-04-02T00:00Z,DE_LU,8006,2393,0
2024-04-02T01:00Z,DE_LU,5502,1736,0
2024-04-02T02:00Z,DE_LU,5976,1866,0
2024-04-02T03:00Z,DE_LU,4598,1481,0
2024-04-02T04:00Z,DE_LU,6287,1950,0
2024-04-02T05:00Z,DE_LU,4980,1590,1419
2024-04-02T06:00Z,DE_LU,6257,1942,4295
2024-04-02T07:00Z,DE_LU,7391,2239,6631
2024-04-02T08:00Z,DE_LU,7584,2287,9148
2024-04-02T09:00Z,DE_LU,8766,2579,9605
2024-04-02T10:00Z,DE_LU,10300,2938,11262
2024-04-02T11:00Z,DE_LU,13217,3561,15017
2024-04-02T12:00Z,DE_LU,13044,3526,15543
2024-04-02T13:00Z,DE_LU,10485,2979,11730
2024-04-02T14:00Z,DE_LU,9791,2821,9669
2024-04-02T15:00Z,DE_LU,6092,1898,6522
2024-04-02T16:00Z,DE_LU,4667,1500,3342
2024-04-02T17:00Z,DE_LU,4530,1461,424
2024-04-02T18:00Z,DE_LU,3737,1227,0
2024-04-02T19:00Z,DE_LU,2623,884,0
2024-04-02T20:00Z,DE_LU,2806,942,0
2024-04-02T21:00Z,DE_LU,4178,1358,0
2024-04-02T22:00Z,DE_LU,4495,1451,0
2024-04-02T23:00Z,DE_LU,3985,1301,0
2024-04-03T00:00Z,DE_LU,4276,1387,0
2024-04-03T01:00Z,DE_LU,3899,1276,0
2024-04-03T02:00Z,DE_LU,4176,1358,0
2024-04-03T03:00Z,DE_LU,4401,1423,0
2024-04-03T04:00Z,DE_LU,2498,845,0
2024-04-03T05:00Z,DE_LU,1935,663,1648
2024-04-03T06:00Z,DE_LU,2116,722,5945
2024-04-03T07:00Z,DE_LU,2132,727,10152
2024-04-03T08:00Z,DE_LU,2465,834,11725
2024-04-03T09:00Z,DE_LU,1982,678,18556
2024-04-03T10:00Z,DE_LU,1964,672,18267
2024-04-03T11:00Z,DE_LU,1993,682,19929
2024-04-03T12:00Z,DE_LU,3127,1042,18628
2024-04-03T13:00Z,DE_LU,2340,794,17626
2024-04-03T14:00Z,DE_LU,2735,919,13658
2024-04-03T15:00Z,DE_LU,2430,823,9062
2024-04-03T16:00Z,DE_LU,1411,490,4707
2024-04-03T17:00Z,DE_LU,1522,527,682
2024-04-03T18:00Z,DE_LU,1063,372,0
2024-04-03T19:00Z,DE_LU,1005,352,0
2024-04-03T20:00Z,DE_LU,627,222,0
2024-04-03T21:00Z,DE_LU,977,343,0
2024-04-03T22:00Z,DE_LU,1044,365,0
2024-04-03T23:00Z,DE_LU,965,339,0
2024-04-04T00:00Z,DE_LU,833,293,0
2024-04-04T01:00Z,DE_LU,631,223,0
2024-04-04T02:00Z,DE_LU,594,210,0
2024-04-04T03:00Z,DE_LU,993,348,0
2024-04-04T04:00Z,DE_LU,639,226,0
2024-04-04T05:00Z,DE_LU,1029,361,1731
2024-04-04T06:00Z,DE_LU,1512,523,4952
2024-04-04T07:00Z,DE_LU,2209,752,7217
2024-04-04T08:00Z,DE_LU,2528,854,9221
2024-04-04T09:00Z,DE_LU,4321,1400,13195
2024-04-04T10:00Z,DE_LU,4862,1556,13387
2024-04-04T11:00Z,DE_LU,4133,1345,15180
2024-04-04T12:00Z,DE_LU,3783,1241,15117
2024-04-04T13:00Z,DE_LU,3727,1224,12668
2024-04-04T14:00Z,DE_LU,3872,1268,12203
2024-04-04T15:00Z,DE_LU,3624,1193,8451
2024-04-04T16:00Z,DE_LU,3763,1235,4319
2024-04-04T17:00Z,DE_LU,2696,907,752
2024-04-04T18:00Z,DE_LU,2542,859,0
2024-04-04T19:00Z,DE_LU,1592,550,0
2024-04-04T20:00Z,DE_LU,1268,442,0
2024-04-04T21:00Z,DE_LU,1342,467,0
2024-04-04T22:00Z,DE_LU,1415,491,0
2024-04-04T23:00Z,DE_LU,1740,599,0
2024-04-05T00:00Z,DE_LU,2110,720,0
2024-04-05T01:00Z,DE_LU,2323,789,0
2024-04-05T02:00Z,DE_LU,2458,832,0
2024-04-05T03:00Z,DE_LU,3717,1221,0
2024-04-05T04:00Z,DE_LU,3320,1101,0
2024-04-05T05:00Z,DE_LU,2759,927,2011
2024-04-05T06:00Z,DE_LU,2787,936,5757
2024-04-05T07:00Z,DE_LU,3471,1147,9630
2024-04-05T08:00Z,DE_LU,4408,1426,15980
2024-04-05T09:00Z,DE_LU,5915,1850,17629
2024-04-05T10:00Z,DE_LU,7769,2334,19340
2024-04-05T11:00Z,DE_LU,7462,2257,19845
2024-04-05T12:00Z,DE_LU,7760,2332,19561
2024-04-05T13:00Z,DE_LU,9043,2646,17933
2024-04-05T14:00Z,DE_LU,10259,2928,13139
2024-04-05T15:00Z,DE_LU,11852,3278,6950
2024-04-05T16:00Z,DE_LU,12151,3341,3810
2024-04-05T17:00Z,DE_LU,11985,3306,850
2024-04-05T18:00Z,DE_LU,10672,3021,0
2024-04-05T19:00Z,DE_LU,9473,2747,0
2024-04-05T20:00Z,DE_LU,11917,3292,0
2024-04-05T21:00Z,DE_LU,13500,3618,0
2024-04-05T22:00Z,DE_LU,19468,4690,0
2024-04-05T23:00Z,DE_LU,17211,4311,0
2024-04-06T00:00Z,DE_LU,13456,3609,0
2024-04-06T01:00Z,DE_LU,10188,2912,0
2024-04-06T02:00Z,DE_LU,9967,2862,0
2024-04-06T03:00Z,DE_LU,7029,2145,0
2024-04-06T04:00Z,DE_LU,7736,2326,0
2024-04-06T05:00Z,DE_LU,9325,2713,2075
2024-04-06T06:00Z,DE_LU,7932,2375,5988
2024-04-06T07:00Z,DE_LU,9144,2670,11394
2024-04-06T08:00Z,DE_LU,10535,2990,15596
2024-04-06T09:00Z,DE_LU,13069,3531,18512
2024-04-06T10:00Z,DE_LU,20648,4877,22429
2024-04-06T11:00Z,DE_LU,22304,5127,22636
2024-04-06T12:00Z,DE_LU,15149,3938,21651
2024-04-06T13:00Z,DE_LU,14260,3768,18571
2024-04-06T14:00Z,DE_LU,15351,3975,14693
2024-04-06T15:00Z,DE_LU,13665,3651,8467
2024-04-06T16:00Z,DE_LU,9212,2686,4478
2024-04-06T17:00Z,DE_LU,12084,3327,742
2024-04-06T18:00Z,DE_LU,8228,2448,0
2024-04-06T19:00Z,DE_LU,10801,3050,0
2024-04-06T20:00Z,DE_LU,9452,2742,0
2024-04-06T21:00Z,DE_LU,7538,2276,0
2024-04-06T22:00Z,DE_LU,9200,2683,0
2024-04-06T23:00Z,DE_LU,7146,2176,0
2024-04-07T00:00Z,DE_LU,4747,1524,0
2024-04-07T01:00Z,DE_LU,6384,1976,0
2024-04-07T02:00Z,DE_LU,4979,1590,0
2024-04-07T03:00Z,DE_LU,3184,1059,0
2024-04-07T04:00Z,DE_LU,2940,984,0
2024-04-07T05:00Z,DE_LU,3329,1104,1638
2024-04-07T06:00Z,DE_LU,2110,720,4414
2024-04-07T07:00Z,DE_LU,3332,1105,6939
2024-04-07T08:00Z,DE_LU,4253,1380,10441
2024-04-07T09:00Z,DE_LU,3109,1036,13104
2024-04-07T10:00Z,DE_LU,3731,1225,16169
2024-04-07T11:00Z,DE_LU,2928,980,17973
2024-04-07T12:00Z,DE_LU,2362,801,17741
2024-04-07T13:00Z,DE_LU,3886,1272,15106
2024-04-07T14:00Z,DE_LU,4508,1455,12510
2024-04-07T15:00Z,DE_LU,5314,1684,9378
2024-04-07T16:00Z,DE_LU,5504,1737,5340
2024-04-07T17:00Z,DE_LU,3979,1299,1252
2024-04-07T18:00Z,DE_LU,4467,1443,0
2024-04-07T19:00Z,DE_LU,5307,1682,0
2024-04-07T20:00Z,DE_LU,4649,1495,0
2024-04-07T21:00Z,DE_LU,5808,1821,0
2024-04-07T22:00Z,DE_LU,6990,2135,0
2024-04-07T23:00Z,DE_LU,5669,1782,0
2024-04-08T00:00Z,DE_LU,5887,1842,0
2024-04-08T01:00Z,DE_LU,3542,1168,0
2024-04-08T02:00Z,DE_LU,3019,1008,0
2024-04-08T03:00Z,DE_LU,3341,1107,0
2024-04-08T04:00Z,DE_LU,3622,1193,0
2024-04-08T05:00Z,DE_LU,5067,1614,2408
2024-04-08T06:00Z,DE_LU,4824,1546,6578
2024-04-08T07:00Z,DE_LU,3927,1284,10928
2024-04-08T08:00Z,DE_LU,1576,545,14531
2024-04-08T09:00Z,DE_LU,1102,385,17809
2024-04-08T10:00Z,DE_LU,559,198,19556
2024-04-08T11:00Z,DE_LU,752,265,19703
2024-04-08T12:00Z,DE_LU,566,201,17576
2024-04-08T13:00Z,DE_LU,975,342,17313
2024-04-08T14:00Z,DE_LU,1152,402,14649
2024-04-08T15:00Z,DE_LU,823,290,10216
2024-04-08T16:00Z,DE_LU,1531,530,5663
2024-04-08T17:00Z,DE_LU,1563,540,1374
2024-04-08T18:00Z,DE_LU,2381,807,0
2024-04-08T19:00Z,DE_LU,2148,732,0
2024-04-08T20:00Z,DE_LU,2116,722,0
2024-04-08T21:00Z,DE_LU,1627,562,0
2024-04-08T22:00Z,DE_LU,2118,723,0
2024-04-08T23:00Z,DE_LU,1940,665,0
2024-04-09T00:00Z,DE_LU,2425,821,0
2024-04-09T01:00Z,DE_LU,2150,733,0
2024-04-09T02:00Z,DE_LU,2228,758,0
2024-04-09T03:00Z,DE_LU,3103,1034,0
2024-04-09T04:00Z,DE_LU,2786,936,0
2024-04-09T05:00Z,DE_LU,2894,969,2904
2024-04-09T06:00Z,DE_LU,2261,769,7445
2024-04-09T07:00Z,DE_LU,2061,704,12519
2024-04-09T08:00Z,DE_LU,2688,905,17372
2024-04-09T09:00Z,DE_LU,2962,991,22425
2024-04-09T10:00Z,DE_LU,2453,830,23445
2024-04-09T11:00Z,DE_LU,2874,963,23223
2024-04-09T12:00Z,DE_LU,2918,977,23325
2024-04-09T13:00Z,DE_LU,4915,1572,18479
2024-04-09T14:00Z,DE_LU,4220,1371,14711
2024-04-09T15:00Z,DE_LU,3181,1058,10461
2024-04-09T16:00Z,DE_LU,2948,986,5924
2024-04-09T17:00Z,DE_LU,4738,1521,1464
2024-04-09T18:00Z,DE_LU,4984,1591,0
2024-04-09T19:00Z,DE_LU,5773,1811,0
2024-04-09T20:00Z,DE_LU,5726,1798,0
2024-04-09T21:00Z,DE_LU,8129,2424,0
2024-04-09T22:00Z,DE_LU,9216,2687,0
2024-04-09T23:00Z,DE_LU,7265,2206,0
2024-04-10T00:00Z,DE_LU,4451,1438,0
2024-04-10T01:00Z,DE_LU,8526,2521,0
2024-04-10T02:00Z,DE_LU,11268,3152,0
2024-04-10T03:00Z,DE_LU,13658,3650,0
2024-04-10T04:00Z,DE_LU,15186,3945,0
2024-04-10T05:00Z,DE_LU,21280,4974,2455
2024-04-10T06:00Z,DE_LU,23182,5254,6490
2024-04-10T07:00Z,DE_LU,19129,4635,9794
2024-04-10T08:00Z,DE_LU,24926,5497,12573
2024-04-10T09:00Z,DE_LU,26225,5669,16736
2024-04-10T10:00Z,DE_LU,25806,5614,20746
2024-04-10T11:00Z,DE_LU,24578,5450,21709
2024-04-10T12:00Z,DE_LU,24780,5477,19290
2024-04-10T13:00Z,DE_LU,25232,5538,16356
2024-04-10T14:00Z,DE_LU,19385,4677,12573
2024-04-10T15:00Z,DE_LU,26748,5737,9451
2024-04-10T16:00Z,DE_LU,34033,6577,5356
2024-04-10T17:00Z,DE_LU,30177,6154,1448
2024-04-10T18:00Z,DE_LU,34445,6619,0
2024-04-10T19:00Z,DE_LU,37095,6882,0
2024-04-10T20:00Z,DE_LU,37032,6876,0
2024-04-10T21:00Z,DE_LU,28181,5916,0
2024-04-10T22:00Z,DE_LU,27849,5875,0
2024-04-10T23:00Z,DE_LU,23396,5285,0
2024-04-11T00:00Z,DE_LU,24266,5407,0
2024-04-11T01:00Z,DE_LU,22715,5187,0
2024-04-11T02:00Z,DE_LU,27350,5813,0
2024-04-11T03:00Z,DE_LU,20742,4892,0
2024-04-11T04:00Z,DE_LU,18821,4585,0
2024-04-11T05:00Z,DE_LU,23769,5338,3649
2024-04-11T06:00Z,DE_LU,27623,5847,9296
2024-04-11T07:00Z,DE_LU,26608,5719,13558
2024-04-11T08:00Z,DE_LU,20204,4808,18334
2024-04-11T09:00Z,DE_LU,11263,3151,21453
2024-04-11T10:00Z,DE_LU,11969,3303,24507
2024-04-11T11:00Z,DE_LU,11841,3276,24017
2024-04-11T12:00Z,DE_LU,13354,3589,25421
2024-04-11T13:00Z,DE_LU,23764,5337,22395
2024-04-11T14:00Z,DE_LU,31113,6261,16127
2024-04-11T15:00Z,DE_LU,29566,6083,11372
2024-04-11T16:00Z,DE_LU,27872,5878,6100
2024-04-11T17:00Z,DE_LU,26330,5683,1745
2024-04-11T18:00Z,DE_LU,24482,5436,0
2024-04-11T19:00Z,DE_LU,19959,4769,0
2024-04-11T20:00Z,DE_LU,15532,4009,0
2024-04-11T21:00Z,DE_LU,15387,3982,0
2024-04-11T22:00Z,DE_LU,10668,3020,0
2024-04-11T23:00Z,DE_LU,10193,2913,0
2024-04-12T00:00Z,DE_LU,13169,3551,0
2024-04-12T01:00Z,DE_LU,21264,4972,0
2024-04-12T02:00Z,DE_LU,18061,4458,0
2024-04-12T03:00Z,DE_LU,18676,4561,0
2024-04-12T04:00Z,DE_LU,22613,5172,0
2024-04-12T05:00Z,DE_LU,24326,5415,3056
2024-04-12T06:00Z,DE_LU,24433,5430,7120
2024-04-12T07:00Z,DE_LU,26506,5706,9971
2024-04-12T08:00Z,DE_LU,20775,4897,12975
2024-04-12T09:00Z,DE_LU,24002,5370,15523
2024-04-12T10:00Z,DE_LU,19521,4699,17654
2024-04-12T11:00Z,DE_LU,17066,4286,15674
2024-04-12T12:00Z,DE_LU,19895,4759,15509
2024-04-12T13:00Z,DE_LU,19247,4654,16202
2024-04-12T14:00Z,DE_LU,16067,4107,11577
2024-04-12T15:00Z,DE_LU,11445,3191,9620
2024-04-12T16:00Z,DE_LU,12378,3389,5696
2024-04-12T17:00Z,DE_LU,13570,3632,1833
2024-04-12T18:00Z,DE_LU,16210,4133,0
2024-04-12T19:00Z,DE_LU,14384,3792,0
2024-04-12T20:00Z,DE_LU,18107,4465,0
2024-04-12T21:00Z,DE_LU,14550,3824,0
2024-04-12T22:00Z,DE_LU,12411,3396,0
2024-04-12T23:00Z,DE_LU,15010,3912,0
2024-04-13T00:00Z,DE_LU,13978,3713,0
2024-04-13T01:00Z,DE_LU,12061,3323,0
2024-04-13T02:00Z,DE_LU,10996,3093,0
2024-04-13T03:00Z,DE_LU,9154,2672,0
2024-04-13T04:00Z,DE_LU,7317,2220,0
2024-04-13T05:00Z,DE_LU,7890,2365,3208
2024-04-13T06:00Z,DE_LU,11298,3159,7001
2024-04-13T07:00Z,DE_LU,15375,3980,11278
2024-04-13T08:00Z,DE_LU,11834,3274,14694
2024-04-13T09:00Z,DE_LU,9139,2669,17179
2024-04-13T10:00Z,DE_LU,11044,3103,20088
2024-04-13T11:00Z,DE_LU,14351,3786,18808
2024-04-13T12:00Z,DE_LU,15135,3935,19463
2024-04-13T13:00Z,DE_LU,12876,3492,17992
2024-04-13T14:00Z,DE_LU,10077,2887,14291
2024-04-13T15:00Z,DE_LU,8773,2581,10248
2024-04-13T16:00Z,DE_LU,6100,1900,5924
2024-04-13T17:00Z,DE_LU,5539,1747,1825
2024-04-13T18:00Z,DE_LU,5913,1849,0
2024-04-13T19:00Z,DE_LU,7087,2161,0
2024-04-13T20:00Z,DE_LU,5178,1646,0
2024-04-13T21:00Z,DE_LU,5859,1834,0
2024-04-13T22:00Z,DE_LU,6215,1931,0
2024-04-13T23:00Z,DE_LU,8128,2424,0
2024-04-14T00:00Z,DE_LU,9430,2737,0
2024-04-14T01:00Z,DE_LU,8980,2631,0
2024-04-14T02:00Z,DE_LU,5886,1842,0
2024-04-14T03:00Z,DE_LU,6841,2096,0
2024-04-14T04:00Z,DE_LU,9818,2827,0
2024-04-14T05:00Z,DE_LU,8700,2564,5298
2024-04-14T06:00Z,DE_LU,10696,3027,11741
2024-04-14T07:00Z,DE_LU,14602,3834,19041
2024-04-14T08:00Z,DE_LU,9389,2728,25578
2024-04-14T09:00Z,DE_LU,9993,2868,27376
2024-04-14T10:00Z,DE_LU,7325,2222,30278
2024-04-14T11:00Z,DE_LU,7174,2183,30319
2024-04-14T12:00Z,DE_LU,5981,1867,31611
2024-04-14T13:00Z,DE_LU,7190,2187,26237
2024-04-14T14:00Z,DE_LU,3546,1170,19921
2024-04-14T15:00Z,DE_LU,3861,1264,16966
2024-04-14T16:00Z,DE_LU,2234,760,9164
2024-04-14T17:00Z,DE_LU,1783,613,2893
2024-04-14T18:00Z,DE_LU,1320,459,0
2024-04-14T19:00Z,DE_LU,1135,397,0
2024-04-14T20:00Z,DE_LU,1523,527,0
2024-04-14T21:00Z,DE_LU,1093,382,0
2024-04-14T22:00Z,DE_LU,886,311,0
2024-04-14T23:00Z,DE_LU,1456,505,0
2024-04-15T00:00Z,DE_LU,1207,421,0
2024-04-15T01:00Z,DE_LU,1515,524,0
2024-04-15T02:00Z,DE_LU,2118,723,0
2024-04-15T03:00Z,DE_LU,4721,1516,0
2024-04-15T04:00Z,DE_LU,8752,2576,0
2024-04-15T05:00Z,DE_LU,10173,2909,4378
2024-04-15T06:00Z,DE_LU,11250,3149,10109
2024-04-15T07:00Z,DE_LU,13180,3554,16682
2024-04-15T08:00Z,DE_LU,18997,4614,26038
2024-04-15T09:00Z,DE_LU,17361,4337,32237
2024-04-15T10:00Z,DE_LU,15655,4032,34671
2024-04-15T11:00Z,DE_LU,19248,4654,34386
2024-04-15T12:00Z,DE_LU,15598,4021,32177
2024-04-15T13:00Z,DE_LU,11808,3269,27861
2024-04-15T14:00Z,DE_LU,14246,3765,22992
2024-04-15T15:00Z,DE_LU,12602,3436,16509
2024-04-15T16:00Z,DE_LU,10652,3017,9968
2024-04-15T17:00Z,DE_LU,11088,3113,3455
2024-04-15T18:00Z,DE_LU,11871,3282,0
2024-04-15T19:00Z,DE_LU,14461,3807,0
2024-04-15T20:00Z,DE_LU,12746,3465,0
2024-04-15T21:00Z,DE_LU,15895,4076,0
2024-04-15T22:00Z,DE_LU,12662,3448,0
2024-04-15T23:00Z,DE_LU,13681,3654,0
2024-04-16T00:00Z,DE_LU,17515,4364,0
2024-04-16T01:00Z,DE_LU,15579,4018,0
2024-04-16T02:00Z,DE_LU,20051,4783,0
2024-04-16T03:00Z,DE_LU,20070,4786,0
2024-04-16T04:00Z,DE_LU,17776,4409,28
2024-04-16T05:00Z,DE_LU,18506,4532,3903
2024-04-16T06:00Z,DE_LU,16051,4104,9139
2024-04-16T07:00Z,DE_LU,19166,4641,13864
2024-04-16T08:00Z,DE_LU,17956,4440,17177
2024-04-16T09:00Z,DE_LU,14846,3880,19501
2024-04-16T10:00Z,DE_LU,15762,4052,21160
2024-04-16T11:00Z,DE_LU,17367,4338,21458
2024-04-16T12:00Z,DE_LU,18611,4550,22049
2024-04-16T13:00Z,DE_LU,15381,3981,18317
2024-04-16T14:00Z,DE_LU,12471,3408,15394
2024-04-16T15:00Z,DE_LU,7569,2284,12230
2024-04-16T16:00Z,DE_LU,10288,2935,8337
2024-04-16T17:00Z,DE_LU,12156,3342,3013
2024-04-16T18:00Z,DE_LU,16483,4183,0
2024-04-16T19:00Z,DE_LU,14186,3753,0
2024-04-16T20:00Z,DE_LU,18511,4533,0
2024-04-16T21:00Z,DE_LU,17706,4397,0
2024-04-16T22:00Z,DE_LU,9266,2699,0
2024-04-16T23:00Z,DE_LU,8337,2475,0
2024-04-17T00:00Z,DE_LU,9362,2721,0
2024-04-17T01:00Z,DE_LU,9601,2777,0
2024-04-17T02:00Z,DE_LU,9482,2749,0
2024-04-17T03:00Z,DE_LU,10896,3071,0
2024-04-17T04:00Z,DE_LU,8075,2411,104
2024-04-17T05:00Z,DE_LU,8749,2575,4315
2024-04-17T06:00Z,DE_LU,10875,3066,10024
2024-04-17T07:00Z,DE_LU,11101,3116,17336
2024-04-17T08:00Z,DE_LU,7306,2217,20760
2024-04-17T09:00Z,DE_LU,9143,2670,25767
2024-04-17T10:00Z,DE_LU,10191,2913,28138
2024-04-17T11:00Z,DE_LU,10996,3093,26483
2024-04-17T12:00Z,DE_LU,10809,3052,24929
2024-04-17T13:00Z,DE_LU,9765,2815,22176
2024-04-17T14:00Z,DE_LU,7621,2297,18786
2024-04-17T15:00Z,DE_LU,9072,2653,13734
2024-04-17T16:00Z,DE_LU,6539,2017,8493
2024-04-17T17:00Z,DE_LU,5952,1860,2677
2024-04-17T18:00Z,DE_LU,8089,2414,0
2024-04-17T19:00Z,DE_LU,9624,2783,0
2024-04-17T20:00Z,DE_LU,9921,2851,0
2024-04-17T21:00Z,DE_LU,7003,2139,0
2024-04-17T22:00Z,DE_LU,7852,2355,0
2024-04-17T23:00Z,DE_LU,7525,2273,0
2024-04-18T00:00Z,DE_LU,10160,2906,0
2024-04-18T01:00Z,DE_LU,7457,2255,0
2024-04-18T02:00Z,DE_LU,9016,2639,0
2024-04-18T03:00Z,DE_LU,9327,2713,0
2024-04-18T04:00Z,DE_LU,10736,3035,165
2024-04-18T05:00Z,DE_LU,9132,2667,3945
2024-04-18T06:00Z,DE_LU,7866,2359,9112
2024-04-18T07:00Z,DE_LU,7936,2376,14161
2024-04-18T08:00Z,DE_LU,8484,2511,18435
2024-04-18T09:00Z,DE_LU,8194,2440,19625
2024-04-18T10:00Z,DE_LU,8691,2561,21976
2024-04-18T11:00Z,DE_LU,10646,3015,23597
2024-04-18T12:00Z,DE_LU,11663,3238,23253
2024-04-18T13:00Z,DE_LU,16338,4156,22381
2024-04-18T14:00Z,DE_LU,12518,3418,18213
2024-04-18T15:00Z,DE_LU,12579,3431,11442
2024-04-18T16:00Z,DE_LU,8117,2421,7037
2024-04-18T17:00Z,DE_LU,8669,2556,2634
2024-04-18T18:00Z,DE_LU,5516,1740,0
2024-04-18T19:00Z,DE_LU,7602,2292,0
2024-04-18T20:00Z,DE_LU,10252,2927,0
2024-04-18T21:00Z,DE_LU,10789,3047,0
2024-04-18T22:00Z,DE_LU,9563,2768,0
2024-04-18T23:00Z,DE_LU,10463,2974,0
2024-04-19T00:00Z,DE_LU,10120,2897,0
2024-04-19T01:00Z,DE_LU,9931,2853,0
2024-04-19T02:00Z,DE_LU,8454,2504,0
2024-04-19T03:00Z,DE_LU,7509,2269,0
2024-04-19T04:00Z,DE_LU,10587,3002,181
2024-04-19T05:00Z,DE_LU,7388,2238,2692
2024-04-19T06:00Z,DE_LU,7256,2204,6834
2024-04-19T07:00Z,DE_LU,8066,2408,11572
2024-04-19T08:00Z,DE_LU,8520,2520,15170
2024-04-19T09:00Z,DE_LU,8876,2606,19737
2024-04-19T10:00Z,DE_LU,7960,2382,22840
2024-04-19T11:00Z,DE_LU,9344,2717,25069
2024-04-19T12:00Z,DE_LU,10461,2974,23856
2024-04-19T13:00Z,DE_LU,6530,2015,20715
2024-04-19T14:00Z,DE_LU,5750,1805,16644
2024-04-19T15:00Z,DE_LU,8188,2439,12068
2024-04-19T16:00Z,DE_LU,7944,2378,6910
2024-04-19T17:00Z,DE_LU,10672,3021,2608
2024-04-19T18:00Z,DE_LU,10311,2940,0
2024-04-19T19:00Z,DE_LU,8791,2585,0
2024-04-19T20:00Z,DE_LU,11416,3185,0
2024-04-19T21:00Z,DE_LU,10654,3017,0
2024-04-19T22:00Z,DE_LU,8602,2540,0
2024-04-19T23:00Z,DE_LU,12002,3310,0
2024-04-20T00:00Z,DE_LU,11292,3158,0
2024-04-20T01:00Z,DE_LU,16283,4147,0
2024-04-20T02:00Z,DE_LU,13980,3713,0
2024-04-20T03:00Z,DE_LU,17478,4358,0
2024-04-20T04:00Z,DE_LU,18802,4581,299
2024-04-20T05:00Z,DE_LU,23110,5244,3661
2024-04-20T06:00Z,DE_LU,23253,5265,6756
2024-04-20T07:00Z,DE_LU,23215,5259,10428
2024-04-20T08:00Z,DE_LU,24736,5471,13126
2024-04-20T09:00Z,DE_LU,21278,4974,16726
2024-04-20T10:00Z,DE_LU,17955,4439,19227
2024-04-20T11:00Z,DE_LU,13950,3707,18460
2024-04-20T12:00Z,DE_LU,16610,4205,18298
2024-04-20T13:00Z,DE_LU,20416,4841,15348
2024-04-20T14:00Z,DE_LU,22791,5198,11552
2024-04-20T15:00Z,DE_LU,22936,5219,7411
2024-04-20T16:00Z,DE_LU,25218,5536,4437
2024-04-20T17:00Z,DE_LU,22170,5107,1616
2024-04-20T18:00Z,DE_LU,20358,4832,0
2024-04-20T19:00Z,DE_LU,24799,5480,0
2024-04-20T20:00Z,DE_LU,23418,5288,0
2024-04-20T21:00Z,DE_LU,29946,6127,0
2024-04-20T22:00Z,DE_LU,28359,5938,0
2024-04-20T23:00Z,DE_LU,25394,5560,0
2024-04-21T00:00Z,DE_LU,22601,5171,0
2024-04-21T01:00Z,DE_LU,24933,5498,0
2024-04-21T02:00Z,DE_LU,19386,4677,0
2024-04-21T03:00Z,DE_LU,14750,3862,0
2024-04-21T04:00Z,DE_LU,17827,4418,270
2024-04-21T05:00Z,DE_LU,17422,4348,3026
2024-04-21T06:00Z,DE_LU,19411,4681,6558
2024-04-21T07:00Z,DE_LU,24603,5453,10541
2024-04-21T08:00Z,DE_LU,16009,4097,14261
2024-04-21T09:00Z,DE_LU,15800,4059,14906
2024-04-21T10:00Z,DE_LU,13882,3694,16183
2024-04-21T11:00Z,DE_LU,13710,3660,17012
2024-04-21T12:00Z,DE_LU,13820,3682,15780
2024-04-21T13:00Z,DE_LU,13087,3535,15536
2024-04-21T14:00Z,DE_LU,11737,3254,11864
2024-04-21T15:00Z,DE_LU,13438,3606,8447
2024-04-21T16:00Z,DE_LU,13406,3599,5463
2024-04-21T17:00Z,DE_LU,14188,3754,1822
2024-04-21T18:00Z,DE_LU,13601,3638,0
2024-04-21T19:00Z,DE_LU,13328,3584,0
2024-04-21T20:00Z,DE_LU,12007,3311,0
2024-04-21T21:00Z,DE_LU,10932,3079,0
2024-04-21T22:00Z,DE_LU,12402,3394,0
2024-04-21T23:00Z,DE_LU,12329,3379,0
2024-04-22T00:00Z,DE_LU,11171,3131,0
2024-04-22T01:00Z,DE_LU,8180,2436,0
2024-04-22T02:00Z,DE_LU,7109,2166,0
2024-04-22T03:00Z,DE_LU,8042,2402,0
2024-04-22T04:00Z,DE_LU,6245,1939,352
2024-04-22T05:00Z,DE_LU,8005,2393,2422
2024-04-22T06:00Z,DE_LU,15880,4073,5251
2024-04-22T07:00Z,DE_LU,10686,3024,8189
2024-04-22T08:00Z,DE_LU,11030,3100,10943
2024-04-22T09:00Z,DE_LU,12180,3348,13435
2024-04-22T10:00Z,DE_LU,14357,3787,14906
2024-04-22T11:00Z,DE_LU,15874,4072,15937
2024-04-22T12:00Z,DE_LU,15025,3914,15580
2024-04-22T13:00Z,DE_LU,14916,3894,13339
2024-04-22T14:00Z,DE_LU,11756,3258,9081
2024-04-22T15:00Z,DE_LU,7729,2324,6505
2024-04-22T16:00Z,DE_LU,8348,2478,3980
2024-04-22T17:00Z,DE_LU,7002,2138,1583
2024-04-22T18:00Z,DE_LU,4872,1559,0
2024-04-22T19:00Z,DE_LU,4242,1377,0
2024-04-22T20:00Z,DE_LU,3411,1129,0
2024-04-22T21:00Z,DE_LU,2852,956,0
2024-04-22T22:00Z,DE_LU,3358,1113,0
2024-04-22T23:00Z,DE_LU,3138,1045,0
2024-04-23T00:00Z,DE_LU,4308,1396,0
2024-04-23T01:00Z,DE_LU,4980,1590,0
2024-04-23T02:00Z,DE_LU,7541,2277,0
2024-04-23T03:00Z,DE_LU,6699,2059,0
2024-04-23T04:00Z,DE_LU,4428,1431,388
2024-04-23T05:00Z,DE_LU,5081,1618,2412
2024-04-23T06:00Z,DE_LU,4543,1465,5658
2024-04-23T07:00Z,DE_LU,5350,1694,9267
2024-04-23T08:00Z,DE_LU,5831,1827,13564
2024-04-23T09:00Z,DE_LU,5242,1664,15247
2024-04-23T10:00Z,DE_LU,4093,1333,18258
2024-04-23T11:00Z,DE_LU,5110,1627,17213
2024-04-23T12:00Z,DE_LU,5009,1598,18199
2024-04-23T13:00Z,DE_LU,5144,1636,17697
2024-04-23T14:00Z,DE_LU,5474,1728,13921
2024-04-23T15:00Z,DE_LU,5981,1867,10218
2024-04-23T16:00Z,DE_LU,4763,1528,6018
2024-04-23T17:00Z,DE_LU,6207,1929,2534
2024-04-23T18:00Z,DE_LU,7858,2357,0
2024-04-23T19:00Z,DE_LU,9208,2685,0
2024-04-23T20:00Z,DE_LU,7165,2181,0
2024-04-23T21:00Z,DE_LU,9547,2765,0
2024-04-23T22:00Z,DE_LU,9725,2806,0
2024-04-23T23:00Z,DE_LU,8248,2453,0
2024-04-24T00:00Z,DE_LU,9842,2833,0
2024-04-24T01:00Z,DE_LU,8128,2424,0
2024-04-24T02:00Z,DE_LU,6782,2081,0
2024-04-24T03:00Z,DE_LU,7133,2172,0
2024-04-24T04:00Z,DE_LU,6051,1886,655
2024-04-24T05:00Z,DE_LU,5501,1736,3552
2024-04-24T06:00Z,DE_LU,5460,1725,7285
2024-04-24T07:00Z,DE_LU,8089,2414,10608
2024-04-24T08:00Z,DE_LU,7620,2297,12870
2024-04-24T09:00Z,DE_LU,8442,2501,15862
2024-04-24T10:00Z,DE_LU,10617,3009,14749
2024-04-24T11:00Z,DE_LU,11667,3239,15252
2024-04-24T12:00Z,DE_LU,10157,2905,15538
2024-04-24T13:00Z,DE_LU,8867,2604,13038
2024-04-24T14:00Z,DE_LU,15807,4060,9468
2024-04-24T15:00Z,DE_LU,12555,3426,6653
2024-04-24T16:00Z,DE_LU,12900,3497,4632
2024-04-24T17:00Z,DE_LU,11876,3283,1960
2024-04-24T18:00Z,DE_LU,15002,3910,0
2024-04-24T19:00Z,DE_LU,11241,3147,0
2024-04-24T20:00Z,DE_LU,8493,2513,0
2024-04-24T21:00Z,DE_LU,7270,2207,0
2024-04-24T22:00Z,DE_LU,9620,2782,0
2024-04-24T23:00Z,DE_LU,8565,2531,0
2024-04-25T00:00Z,DE_LU,6156,1915,0
2024-04-25T01:00Z,DE_LU,6231,1935,0
2024-04-25T02:00Z,DE_LU,6032,1881,0
2024-04-25T03:00Z,DE_LU,6820,2091,0
2024-04-25T04:00Z,DE_LU,6594,2032,1091
2024-04-25T05:00Z,DE_LU,5449,1722,7102
2024-04-25T06:00Z,DE_LU,6096,1899,13305
2024-04-25T07:00Z,DE_LU,8280,2461,18197
2024-04-25T08:00Z,DE_LU,10395,2959,23430
2024-04-25T09:00Z,DE_LU,8903,2612,26971
2024-04-25T10:00Z,DE_LU,9818,2827,28389
2024-04-25T11:00Z,DE_LU,7917,2371,28832
2024-04-25T12:00Z,DE_LU,9895,2845,25608
2024-04-25T13:00Z,DE_LU,10093,2891,21888
2024-04-25T14:00Z,DE_LU,8896,2611,17827
2024-04-25T15:00Z,DE_LU,9735,2808,14075
2024-04-25T16:00Z,DE_LU,7748,2329,9182
2024-04-25T17:00Z,DE_LU,5189,1649,3906
2024-04-25T18:00Z,DE_LU,5583,1759,0
2024-04-25T19:00Z,DE_LU,4765,1529,0
2024-04-25T20:00Z,DE_LU,7117,2168,0
2024-04-25T21:00Z,DE_LU,5767,1809,0
2024-04-25T22:00Z,DE_LU,5190,1649,0
2024-04-25T23:00Z,DE_LU,6445,1992,0
2024-04-26T00:00Z,DE_LU,5545,1748,0
2024-04-26T01:00Z,DE_LU,6321,1959,0
2024-04-26T02:00Z,DE_LU,4422,1430,0
2024-04-26T03:00Z,DE_LU,6744,2071,0
2024-04-26T04:00Z,DE_LU,8265,2457,1175
2024-04-26T05:00Z,DE_LU,9101,2660,6591
2024-04-26T06:00Z,DE_LU,6364,1971,13007
2024-04-26T07:00Z,DE_LU,7922,2372,20790
2024-04-26T08:00Z,DE_LU,5533,1745,28498
2024-04-26T09:00Z,DE_LU,6257,1942,32378
2024-04-26T10:00Z,DE_LU,5453,1723,33738
2024-04-26T11:00Z,DE_LU,9072,2653,34401
2024-04-26T12:00Z,DE_LU,9499,2753,30994
2024-04-26T13:00Z,DE_LU,7857,2356,27430
2024-04-26T14:00Z,DE_LU,14463,3807,23057
2024-04-26T15:00Z,DE_LU,17363,4338,17550
2024-04-26T16:00Z,DE_LU,16533,4192,10978
2024-04-26T17:00Z,DE_LU,20998,4931,4448
2024-04-26T18:00Z,DE_LU,22298,5126,0
2024-04-26T19:00Z,DE_LU,21614,5025,0
2024-04-26T20:00Z,DE_LU,22082,5094,0
2024-04-26T21:00Z,DE_LU,22974,5225,0
2024-04-26T22:00Z,DE_LU,24444,5431,0
2024-04-26T23:00Z,DE_LU,26521,5708,0
2024-04-27T00:00Z,DE_LU,24107,5385,0
2024-04-27T01:00Z,DE_LU,21186,4960,0
2024-04-27T02:00Z,DE_LU,20966,4926,0
2024-04-27T03:00Z,DE_LU,22038,5088,0
2024-04-27T04:00Z,DE_LU,21119,4950,857
2024-04-27T05:00Z,DE_LU,18313,4500,4076
2024-04-27T06:00Z,DE_LU,16098,4113,8102
2024-04-27T07:00Z,DE_LU,16925,4261,11889
2024-04-27T08:00Z,DE_LU,20612,4871,15493
2024-04-27T09:00Z,DE_LU,21346,4984,18068
2024-04-27T10:00Z,DE_LU,18801,4581,18643
2024-04-27T11:00Z,DE_LU,19338,4669,18878
2024-04-27T12:00Z,DE_LU,19143,4637,16648
2024-04-27T13:00Z,DE_LU,22983,5226,15731
2024-04-27T14:00Z,DE_LU,24037,5375,14059
2024-04-27T15:00Z,DE_LU,20748,4893,9973
2024-04-27T16:00Z,DE_LU,22461,5150,6978
2024-04-27T17:00Z,DE_LU,22107,5098,3161
2024-04-27T18:00Z,DE_LU,24571,5449,34
2024-04-27T19:00Z,DE_LU,29394,6062,0
2024-04-27T20:00Z,DE_LU,33600,6532,0
2024-04-27T21:00Z,DE_LU,30995,6248,0
2024-04-27T22:00Z,DE_LU,29681,6096,0
2024-04-27T23:00Z,DE_LU,34518,6627,0
2024-04-28T00:00Z,DE_LU,35401,6716,0
2024-04-28T01:00Z,DE_LU,33058,6474,0
2024-04-28T02:00Z,DE_LU,31527,6307,0
2024-04-28T03:00Z,DE_LU,25847,5620,0
2024-04-28T04:00Z,DE_LU,23134,5248,1428
2024-04-28T05:00Z,DE_LU,22247,5119,7035
2024-04-28T06:00Z,DE_LU,24423,5428,14885
2024-04-28T07:00Z,DE_LU,23592,5313,19785
2024-04-28T08:00Z,DE_LU,21759,5046,23782
2024-04-28T09:00Z,DE_LU,20762,4895,31681
2024-04-28T10:00Z,DE_LU,19175,4643,34719
2024-04-28T11:00Z,DE_LU,17718,4399,37093
2024-04-28T12:00Z,DE_LU,19903,4760,36278
2024-04-28T13:00Z,DE_LU,22845,5206,31048
2024-04-28T14:00Z,DE_LU,25744,5606,23543
2024-04-28T15:00Z,DE_LU,19369,4674,18794
2024-04-28T16:00Z,DE_LU,19044,4621,12155
2024-04-28T17:00Z,DE_LU,19161,4640,4994
2024-04-28T18:00Z,DE_LU,16023,4099,133
2024-04-28T19:00Z,DE_LU,17301,4327,0
2024-04-28T20:00Z,DE_LU,20113,4793,0
2024-04-28T21:00Z,DE_LU,19303,4664,0
2024-04-28T22:00Z,DE_LU,18367,4509,0
2024-04-28T23:00Z,DE_LU,20634,4875,0
2024-04-29T00:00Z,DE_LU,23939,5361,0
2024-04-29T01:00Z,DE_LU,20954,4924,0
2024-04-29T02:00Z,DE_LU,21101,4947,0
2024-04-29T03:00Z,DE_LU,20017,4778,0
2024-04-29T04:00Z,DE_LU,16903,4257,2067
2024-04-29T05:00Z,DE_LU,21203,4962,9047
2024-04-29T06:00Z,DE_LU,21831,5057,16758
2024-04-29T07:00Z,DE_LU,24941,5499,25578
2024-04-29T08:00Z,DE_LU,29860,6117,34907
2024-04-29T09:00Z,DE_LU,27674,5854,40561
2024-04-29T10:00Z,DE_LU,32699,6436,45505
2024-04-29T11:00Z,DE_LU,28979,6013,45728
2024-04-29T12:00Z,DE_LU,21193,4961,44921
2024-04-29T13:00Z,DE_LU,20161,4801,41037
2024-04-29T14:00Z,DE_LU,25756,5608,32769
2024-04-29T15:00Z,DE_LU,23487,5298,23434
2024-04-29T16:00Z,DE_LU,24656,5460,14355
2024-04-29T17:00Z,DE_LU,29927,6125,6126
2024-04-29T18:00Z,DE_LU,26350,5685,271
2024-04-29T19:00Z,DE_LU,21651,5030,0
2024-04-29T20:00Z,DE_LU,17598,4378,0
2024-04-29T21:00Z,DE_LU,13049,3527,0
2024-04-29T22:00Z,DE_LU,11366,3174,0
2024-04-29T23:00Z,DE_LU,9429,2737,0
2024-04-30T00:00Z,DE_LU,6701,2060,0
2024-04-30T01:00Z,DE_LU,8823,2593,0
2024-04-30T02:00Z,DE_LU,6774,2079,0
2024-04-30T03:00Z,DE_LU,7089,2161,0
2024-04-30T04:00Z,DE_LU,7890,2365,2515
2024-04-30T05:00Z,DE_LU,7733,2325,10386
2024-04-30T06:00Z,DE_LU,7008,2140,19076
2024-04-30T07:00Z,DE_LU,7661,2307,27370
2024-04-30T08:00Z,DE_LU,9967,2862,34588
2024-04-30T09:00Z,DE_LU,11710,3248,43147
2024-04-30T10:00Z,DE_LU,10627,3011,46510
2024-04-30T11:00Z,DE_LU,9568,2770,46822
2024-04-30T12:00Z,DE_LU,10163,2907,49087
2024-04-30T13:00Z,DE_LU,10499,2982,44583
2024-04-30T14:00Z,DE_LU,11737,3254,37622
2024-04-30T15:00Z,DE_LU,8898,2611,27997
2024-04-30T16:00Z,DE_LU,9899,2846,18068
2024-04-30T17:00Z,DE_LU,10234,2923,8296
2024-04-30T18:00Z,DE_LU,7401,2241,507
2024-04-30T19:00Z,DE_LU,7604,2293,0
2024-04-30T20:00Z,DE_LU,5968,1864,0
2024-04-30T21:00Z,DE_LU,4341,1406,0
2024-04-30T22:00Z,DE_LU,3194,1062,0
2024-04-30T23:00Z,DE_LU,3603,1187,0
2024-05-01T00:00Z,DE_LU,4592,1479,0
2024-05-01T01:00Z,DE_LU,5761,1808,0
2024-05-01T02:00Z,DE_LU,4549,1467,0
2024-05-01T03:00Z,DE_LU,5893,1843,0
2024-05-01T04:00Z,DE_LU,6249,1940,2444
2024-05-01T05:00Z,DE_LU,9333,2714,10098
2024-05-01T06:00Z,DE_LU,9326,2713,18591
2024-05-01T07:00Z,DE_LU,11159,3129,26938
2024-05-01T08:00Z,DE_LU,9532,2761,34694
2024-05-01T09:00Z,DE_LU,10630,3012,40907
2024-05-01T10:00Z,DE_LU,11069,3109,41710
2024-05-01T11:00Z,DE_LU,10663,3019,45030
2024-05-01T12:00Z,DE_LU,10776,3044,41975
2024-05-01T13:00Z,DE_LU,6133,1909,40254
2024-05-01T14:00Z,DE_LU,3895,1275,33909
2024-05-01T15:00Z,DE_LU,6105,1901,24620
2024-05-01T16:00Z,DE_LU,8138,2426,15358
2024-05-01T17:00Z,DE_LU,14093,3735,6988
2024-05-01T18:00Z,DE_LU,10329,2944,508
2024-05-01T19:00Z,DE_LU,10262,2929,0
2024-05-01T20:00Z,DE_LU,9274,2701,0
2024-05-01T21:00Z,DE_LU,7806,2344,0
2024-05-01T22:00Z,DE_LU,11084,3112,0
2024-05-01T23:00Z,DE_LU,7483,2262,0
2024-05-02T00:00Z,DE_LU,7754,2330,0
2024-05-02T01:00Z,DE_LU,8297,2465,0
2024-05-02T02:00Z,DE_LU,5873,1838,0
2024-05-02T03:00Z,DE_LU,4400,1423,0
2024-05-02T04:00Z,DE_LU,5418,1713,2686
2024-05-02T05:00Z,DE_LU,4967,1586,10584
2024-05-02T06:00Z,DE_LU,5193,1650,18409
2024-05-02T07:00Z,DE_LU,4217,1370,27047
2024-05-02T08:00Z,DE_LU,5270,1671,33629
2024-05-02T09:00Z,DE_LU,5187,1648,38141
2024-05-02T10:00Z,DE_LU,7017,2142,44098
2024-05-02T11:00Z,DE_LU,9036,2644,43257
2024-05-02T12:00Z,DE_LU,6941,2123,39581
2024-05-02T13:00Z,DE_LU,8026,2398,37814
2024-05-02T14:00Z,DE_LU,8978,2630,29086
2024-05-02T15:00Z,DE_LU,8171,2434,21011
2024-05-02T16:00Z,DE_LU,7791,2340,14083
2024-05-02T17:00Z,DE_LU,7407,2242,6230
2024-05-02T18:00Z,DE_LU,12505,3415,606
2024-05-02T19:00Z,DE_LU,15650,4031,0
2024-05-02T20:00Z,DE_LU,14840,3879,0
2024-05-02T21:00Z,DE_LU,12020,3314,0
2024-05-02T22:00Z,DE_LU,10688,3025,0
2024-05-02T23:00Z,DE_LU,8277,2460,0
2024-05-03T00:00Z,DE_LU,6647,2046,0
2024-05-03T01:00Z,DE_LU,9141,2669,0
2024-05-03T02:00Z,DE_LU,13224,3563,0
2024-05-03T03:00Z,DE_LU,9075,2653,0
2024-05-03T04:00Z,DE_LU,14434,3802,1261
2024-05-03T05:00Z,DE_LU,12846,3486,4937
2024-05-03T06:00Z,DE_LU,14426,3800,9307
2024-05-03T07:00Z,DE_LU,13808,3679,12758
2024-05-03T08:00Z,DE_LU,16773,4234,17664
2024-05-03T09:00Z,DE_LU,16123,4118,22023
2024-05-03T10:00Z,DE_LU,12558,3426,25811
2024-05-03T11:00Z,DE_LU,17327,4331,25777
2024-05-03T12:00Z,DE_LU,17450,4353,24582
2024-05-03T13:00Z,DE_LU,20843,4907,23452
2024-05-03T14:00Z,DE_LU,17295,4326,19287
2024-05-03T15:00Z,DE_LU,16151,4123,15443
2024-05-03T16:00Z,DE_LU,18541,4538,10091
2024-05-03T17:00Z,DE_LU,16821,4243,4919
2024-05-03T18:00Z,DE_LU,18872,4593,506
2024-05-03T19:00Z,DE_LU,20053,4784,0
2024-05-03T20:00Z,DE_LU,19746,4735,0
2024-05-03T21:00Z,DE_LU,20360,4832,0
2024-05-03T22:00Z,DE_LU,16851,4248,0
2024-05-03T23:00Z,DE_LU,17148,4300,0
2024-05-04T00:00Z,DE_LU,21287,4975,0
2024-05-04T01:00Z,DE_LU,15350,3975,0
2024-05-04T02:00Z,DE_LU,10683,3024,0
2024-05-04T03:00Z,DE_LU,7480,2261,0
2024-05-04T04:00Z,DE_LU,3603,1187,2495
2024-05-04T05:00Z,DE_LU,4593,1479,8991
2024-05-04T06:00Z,DE_LU,5083,1619,16320
2024-05-04T07:00Z,DE_LU,5956,1861,24453
2024-05-04T08:00Z,DE_LU,8276,2460,31595
2024-05-04T09:00Z,DE_LU,5793,1816,36249
2024-05-04T10:00Z,DE_LU,5675,1784,39653
2024-05-04T11:00Z,DE_LU,5686,1787,39560
2024-05-04T12:00Z,DE_LU,4956,1583,36829
2024-05-04T13:00Z,DE_LU,4353,1409,30863
2024-05-04T14:00Z,DE_LU,5269,1671,25898
2024-05-04T15:00Z,DE_LU,5169,1643,19512
2024-05-04T16:00Z,DE_LU,4212,1368,12101
2024-05-04T17:00Z,DE_LU,5167,1643,5711
2024-05-04T18:00Z,DE_LU,5168,1643,790
2024-05-04T19:00Z,DE_LU,6042,1884,0
2024-05-04T20:00Z,DE_LU,5050,1610,0
2024-05-04T21:00Z,DE_LU,5073,1616,0
2024-05-04T22:00Z,DE_LU,3606,1188,0
2024-05-04T23:00Z,DE_LU,3006,1004,0
2024-05-05T00:00Z,DE_LU,3752,1232,0
2024-05-05T01:00Z,DE_LU,2121,723,0
2024-05-05T02:00Z,DE_LU,2582,871,0
2024-05-05T03:00Z,DE_LU,3703,1217,0
2024-05-05T04:00Z,DE_LU,4469,1443,3047
2024-05-05T05:00Z,DE_LU,4157,1352,10415
2024-05-05T06:00Z,DE_LU,4526,1460,18577
2024-05-05T07:00Z,DE_LU,2988,999,27398
2024-05-05T08:00Z,DE_LU,3477,1149,32118
2024-05-05T09:00Z,DE_LU,4045,1319,35851
2024-05-05T10:00Z,DE_LU,4150,1350,40102
2024-05-05T11:00Z,DE_LU,5287,1676,41156
2024-05-05T12:00Z,DE_LU,3730,1225,38411
2024-05-05T13:00Z,DE_LU,1982,678,35543
2024-05-05T14:00Z,DE_LU,1672,577,30706
2024-05-05T15:00Z,DE_LU,2211,753,22141
2024-05-05T16:00Z,DE_LU,1313,457,14313
2024-05-05T17:00Z,DE_LU,1065,373,6798
2024-05-05T18:00Z,DE_LU,1431,496,884
2024-05-05T19:00Z,DE_LU,1616,558,0
2024-05-05T20:00Z,DE_LU,1264,440,0
2024-05-05T21:00Z,DE_LU,1503,521,0
2024-05-05T22:00Z,DE_LU,1028,360,0
2024-05-05T23:00Z,DE_LU,1657,572,0
2024-05-06T00:00Z,DE_LU,1720,593,0
2024-05-06T01:00Z,DE_LU,2425,821,0
2024-05-06T02:00Z,DE_LU,2683,903,0
2024-05-06T03:00Z,DE_LU,2246,764,0
2024-05-06T04:00Z,DE_LU,1297,451,1642
2024-05-06T05:00Z,DE_LU,1335,464,5507
2024-05-06T06:00Z,DE_LU,1024,359,9044
2024-05-06T07:00Z,DE_LU,1222,426,12963
2024-05-06T08:00Z,DE_LU,1080,378,18140
2024-05-06T09:00Z,DE_LU,1167,408,19582
2024-05-06T10:00Z,DE_LU,1484,514,22094
2024-05-06T11:00Z,DE_LU,1858,638,23579
2024-05-06T12:00Z,DE_LU,3114,1038,21135
2024-05-06T13:00Z,DE_LU,2872,962,22069
2024-05-06T14:00Z,DE_LU,2741,922,19168
2024-05-06T15:00Z,DE_LU,3424,1133,14157
2024-05-06T16:00Z,DE_LU,4787,1535,9740
2024-05-06T17:00Z,DE_LU,4939,1578,5074
2024-05-06T18:00Z,DE_LU,3721,1223,753
2024-05-06T19:00Z,DE_LU,3298,1094,0
2024-05-06T20:00Z,DE_LU,5691,1788,0
2024-05-06T21:00Z,DE_LU,5656,1779,0
2024-05-06T22:00Z,DE_LU,6544,2018,0
2024-05-06T23:00Z,DE_LU,7234,2198,0
2024-05-07T00:00Z,DE_LU,6039,1883,0
2024-05-07T01:00Z,DE_LU,5391,1705,0
2024-05-07T02:00Z,DE_LU,4702,1511,0
2024-05-07T03:00Z,DE_LU,5449,1721,0
2024-05-07T04:00Z,DE_LU,7421,2246,1110
2024-05-07T05:00Z,DE_LU,7710,2319,3395
2024-05-07T06:00Z,DE_LU,9913,2849,6654
2024-05-07T07:00Z,DE_LU,6507,2009,11609
2024-05-07T08:00Z,DE_LU,5205,1653,16213
2024-05-07T09:00Z,DE_LU,6010,1875,19969
2024-05-07T10:00Z,DE_LU,6920,2117,21510
2024-05-07T11:00Z,DE_LU,6428,1988,19642
2024-05-07T12:00Z,DE_LU,6831,2094,18610
2024-05-07T13:00Z,DE_LU,5629,1771,15881
2024-05-07T14:00Z,DE_LU,6286,1950,15432
2024-05-07T15:00Z,DE_LU,3784,1241,10235
2024-05-07T16:00Z,DE_LU,3952,1292,7594
2024-05-07T17:00Z,DE_LU,3918,1281,3580
2024-05-07T18:00Z,DE_LU,4014,1310,616
2024-05-07T19:00Z,DE_LU,4496,1451,0
2024-05-07T20:00Z,DE_LU,6401,1980,0
2024-05-07T21:00Z,DE_LU,5178,1646,0
2024-05-07T22:00Z,DE_LU,8675,2557,0
2024-05-07T23:00Z,DE_LU,6768,2077,0
2024-05-08T00:00Z,DE_LU,7103,2164,0
2024-05-08T01:00Z,DE_LU,5542,1747,0
2024-05-08T02:00Z,DE_LU,4656,1497,0
2024-05-08T03:00Z,DE_LU,4088,1332,0
2024-05-08T04:00Z,DE_LU,5097,1623,2472
2024-05-08T05:00Z,DE_LU,3480,1150,7826
2024-05-08T06:00Z,DE_LU,4227,1373,14060
2024-05-08T07:00Z,DE_LU,4282,1389,21397
2024-05-08T08:00Z,DE_LU,3301,1095,26778
2024-05-08T09:00Z,DE_LU,3279,1088,32364
2024-05-08T10:00Z,DE_LU,5919,1851,33448
2024-05-08T11:00Z,DE_LU,5869,1837,36552
2024-05-08T12:00Z,DE_LU,4427,1431,34192
2024-05-08T13:00Z,DE_LU,7032,2146,31089
2024-05-08T14:00Z,DE_LU,6025,1879,24700
2024-05-08T15:00Z,DE_LU,6215,1931,18788
2024-05-08T16:00Z,DE_LU,6102,1900,12768
2024-05-08T17:00Z,DE_LU,3589,1183,6705
2024-05-08T18:00Z,DE_LU,2094,715,1136
2024-05-08T19:00Z,DE_LU,2060,704,0
2024-05-08T20:00Z,DE_LU,2498,845,0
2024-05-08T21:00Z,DE_LU,2022,691,0
2024-05-08T22:00Z,DE_LU,2120,723,0
2024-05-08T23:00Z,DE_LU,1446,501,0
2024-05-09T00:00Z,DE_LU,1073,375,0
2024-05-09T01:00Z,DE_LU,845,297,0
2024-05-09T02:00Z,DE_LU,791,279,0
2024-05-09T03:00Z,DE_LU,648,229,0
2024-05-09T04:00Z,DE_LU,642,227,2402
2024-05-09T05:00Z,DE_LU,1119,391,6732
2024-05-09T06:00Z,DE_LU,1138,397,13008
2024-05-09T07:00Z,DE_LU,853,300,19092
2024-05-09T08:00Z,DE_LU,944,331,24879
2024-05-09T09:00Z,DE_LU,657,232,29918
2024-05-09T10:00Z,DE_LU,870,306,35788
2024-05-09T11:00Z,DE_LU,1157,404,36198
2024-05-09T12:00Z,DE_LU,1247,435,34514
2024-05-09T13:00Z,DE_LU,1976,677,29057
2024-05-09T14:00Z,DE_LU,1942,665,26447
2024-05-09T15:00Z,DE_LU,2326,790,19728
2024-05-09T16:00Z,DE_LU,2123,724,12269
2024-05-09T17:00Z,DE_LU,1750,602,6454
2024-05-09T18:00Z,DE_LU,2020,691,1376
2024-05-09T19:00Z,DE_LU,2350,797,0
2024-05-09T20:00Z,DE_LU,2764,929,0
2024-05-09T21:00Z,DE_LU,4153,1351,0
2024-05-09T22:00Z,DE_LU,3826,1254,0
2024-05-09T23:00Z,DE_LU,3819,1252,0
2024-05-10T00:00Z,DE_LU,4943,1579,0
2024-05-10T01:00Z,DE_LU,4719,1516,0
2024-05-10T02:00Z,DE_LU,6005,1874,0
2024-05-10T03:00Z,DE_LU,6451,1994,0
2024-05-10T04:00Z,DE_LU,8305,2467,3217
2024-05-10T05:00Z,DE_LU,9321,2712,9698
2024-05-10T06:00Z,DE_LU,9130,2666,15391
2024-05-10T07:00Z,DE_LU,11509,3205,20845
2024-05-10T08:00Z,DE_LU,9341,2716,26556
2024-05-10T09:00Z,DE_LU,8640,2549,29736
2024-05-10T10:00Z,DE_LU,11512,3205,34179
2024-05-10T11:00Z,DE_LU,16038,4102,34997
2024-05-10T12:00Z,DE_LU,13748,3667,34786
2024-05-10T13:00Z,DE_LU,13456,3609,33378
2024-05-10T14:00Z,DE_LU,12571,3429,27094
2024-05-10T15:00Z,DE_LU,12558,3427,20962
2024-05-10T16:00Z,DE_LU,7867,2359,13962
2024-05-10T17:00Z,DE_LU,10822,3054,7156
2024-05-10T18:00Z,DE_LU,17321,4330,1568
2024-05-10T19:00Z,DE_LU,15566,4015,0
2024-05-10T20:00Z,DE_LU,13088,3535,0
2024-05-10T21:00Z,DE_LU,12465,3407,0
2024-05-10T22:00Z,DE_LU,7435,2250,0
2024-05-10T23:00Z,DE_LU,8758,2577,0
2024-05-11T00:00Z,DE_LU,11720,3250,0
2024-05-11T01:00Z,DE_LU,10624,3010,0
2024-05-11T02:00Z,DE_LU,9395,2729,0
2024-05-11T03:00Z,DE_LU,7346,2227,0
2024-05-11T04:00Z,DE_LU,6352,1967,3341
2024-05-11T05:00Z,DE_LU,4390,1420,9730
2024-05-11T06:00Z,DE_LU,3628,1194,16177
2024-05-11T07:00Z,DE_LU,3652,1202,22332
2024-05-11T08:00Z,DE_LU,4151,1350,29668
2024-05-11T09:00Z,DE_LU,2470,836,34369
2024-05-11T10:00Z,DE_LU,3017,1008,36504
2024-05-11T11:00Z,DE_LU,3814,1250,39380
2024-05-11T12:00Z,DE_LU,3575,1179,40284
2024-05-11T13:00Z,DE_LU,4405,1425,36918
2024-05-11T14:00Z,DE_LU,5136,1634,29842
2024-05-11T15:00Z,DE_LU,5579,1758,22571
2024-05-11T16:00Z,DE_LU,5134,1633,14813
2024-05-11T17:00Z,DE_LU,6291,1951,7660
2024-05-11T18:00Z,DE_LU,7000,2138,1671
2024-05-11T19:00Z,DE_LU,7104,2165,0
2024-05-11T20:00Z,DE_LU,9116,2663,0
2024-05-11T21:00Z,DE_LU,7232,2198,0
2024-05-11T22:00Z,DE_LU,4520,1458,0
2024-05-11T23:00Z,DE_LU,3626,1194,0
2024-05-12T00:00Z,DE_LU,3352,1111,0
2024-05-12T01:00Z,DE_LU,2379,807,0
2024-05-12T02:00Z,DE_LU,3225,1072,0
2024-05-12T03:00Z,DE_LU,3046,1017,0
2024-05-12T04:00Z,DE_LU,3183,1059,3068
2024-05-12T05:00Z,DE_LU,2931,981,8761
2024-05-12T06:00Z,DE_LU,6102,1900,14265
2024-05-12T07:00Z,DE_LU,4899,1567,19522
2024-05-12T08:00Z,DE_LU,4899,1567,24958
2024-05-12T09:00Z,DE_LU,4397,1422,29083
2024-05-12T10:00Z,DE_LU,7167,2181,31751
2024-05-12T11:00Z,DE_LU,10158,2905,32885
2024-05-12T12:00Z,DE_LU,14893,3889,32456
2024-05-12T13:00Z,DE_LU,14609,3835,27070
2024-05-12T14:00Z,DE_LU,20820,4904,21392
2024-05-12T15:00Z,DE_LU,14623,3838,16976
2024-05-12T16:00Z,DE_LU,10158,2905,9982
2024-05-12T17:00Z,DE_LU,6932,2120,5564
2024-05-12T18:00Z,DE_LU,7031,2146,1248
2024-05-12T19:00Z,DE_LU,6822,2091,0
2024-05-12T20:00Z,DE_LU,3607,1188,0
2024-05-12T21:00Z,DE_LU,3412,1129,0
2024-05-12T22:00Z,DE_LU,3822,1253,0
2024-05-12T23:00Z,DE_LU,2112,721,0
2024-05-13T00:00Z,DE_LU,1649,569,0
2024-05-13T01:00Z,DE_LU,2059,703,0
2024-05-13T02:00Z,DE_LU,2874,963,0
2024-05-13T03:00Z,DE_LU,3385,1121,0
2024-05-13T04:00Z,DE_LU,3470,1147,2072
2024-05-13T05:00Z,DE_LU,4079,1329,5602
2024-05-13T06:00Z,DE_LU,6696,2059,9365
2024-05-13T07:00Z,DE_LU,5857,1834,13258
2024-05-13T08:00Z,DE_LU,5772,1811,16656
2024-05-13T09:00Z,DE_LU,6806,2087,20230
2024-05-13T10:00Z,DE_LU,9266,2699,22044
2024-05-13T11:00Z,DE_LU,16685,4218,23290
2024-05-13T12:00Z,DE_LU,13305,3579,23119
2024-05-13T13:00Z,DE_LU,9548,2765,22496
2024-05-13T14:00Z,DE_LU,8506,2516,20400
2024-05-13T15:00Z,DE_LU,8737,2572,14975
2024-05-13T16:00Z,DE_LU,8437,2500,9516
2024-05-13T17:00Z,DE_LU,8586,2536,4825
2024-05-13T18:00Z,DE_LU,8168,2434,1220
2024-05-13T19:00Z,DE_LU,7452,2254,0
2024-05-13T20:00Z,DE_LU,7150,2177,0
2024-05-13T21:00Z,DE_LU,5983,1868,0
2024-05-13T22:00Z,DE_LU,6670,2052,0
2024-05-13T23:00Z,DE_LU,10336,2946,0
2024-05-14T00:00Z,DE_LU,12211,3354,0
2024-05-14T01:00Z,DE_LU,10880,3067,0
2024-05-14T02:00Z,DE_LU,13516,3621,0
2024-05-14T03:00Z,DE_LU,14099,3736,0
2024-05-14T04:00Z,DE_LU,11699,3246,5051
2024-05-14T05:00Z,DE_LU,9175,2677,13443
2024-05-14T06:00Z,DE_LU,10174,2909,22362
2024-05-14T07:00Z,DE_LU,11764,3259,29893
2024-05-14T08:00Z,DE_LU,10917,3076,37589
2024-05-14T09:00Z,DE_LU,15888,4075,43793
2024-05-14T10:00Z,DE_LU,13191,3556,45355
2024-05-14T11:00Z,DE_LU,16954,4266,49567
2024-05-14T12:00Z,DE_LU,14054,3728,45804
2024-05-14T13:00Z,DE_LU,18148,4472,42959
2024-05-14T14:00Z,DE_LU,18300,4498,36011
2024-05-14T15:00Z,DE_LU,16990,4272,28879
2024-05-14T16:00Z,DE_LU,18825,4585,18579
2024-05-14T17:00Z,DE_LU,15416,3988,9384
2024-05-14T18:00Z,DE_LU,21010,4933,2496
2024-05-14T19:00Z,DE_LU,19050,4622,0
2024-05-14T20:00Z,DE_LU,18230,4486,0
2024-05-14T21:00Z,DE_LU,21777,5049,0
2024-05-14T22:00Z,DE_LU,17764,4407,0
2024-05-14T23:00Z,DE_LU,18173,4476,0
2024-05-15T00:00Z,DE_LU,14672,3847,0
2024-05-15T01:00Z,DE_LU,15089,3926,0
2024-05-15T02:00Z,DE_LU,18419,4518,0
2024-05-15T03:00Z,DE_LU,14294,3774,0
2024-05-15T04:00Z,DE_LU,9523,2759,5248
2024-05-15T05:00Z,DE_LU,7193,2188,13579
2024-05-15T06:00Z,DE_LU,8351,2479,22866
2024-05-15T07:00Z,DE_LU,8215,2445,31767
2024-05-15T08:00Z,DE_LU,9726,2806,37720
2024-05-15T09:00Z,DE_LU,7957,2381,44737
2024-05-15T10:00Z,DE_LU,6121,1905,46410
2024-05-15T11:00Z,DE_LU,5388,1705,47093
2024-05-15T12:00Z,DE_LU,4942,1579,46824
2024-05-15T13:00Z,DE_LU,4070,1326,45280
2024-05-15T14:00Z,DE_LU,4966,1586,37615
2024-05-15T15:00Z,DE_LU,3939,1288,28299
2024-05-15T16:00Z,DE_LU,3477,1149,19298
2024-05-15T17:00Z,DE_LU,5522,1742,10425
2024-05-15T18:00Z,DE_LU,4252,1380,2690
2024-05-15T19:00Z,DE_LU,4397,1422,0
2024-05-15T20:00Z,DE_LU,4547,1466,0
2024-05-15T21:00Z,DE_LU,4816,1543,0
2024-05-15T22:00Z,DE_LU,4319,1400,0
2024-05-15T23:00Z,DE_LU,2800,940,0
2024-05-16T00:00Z,DE_LU,2172,740,0
2024-05-16T01:00Z,DE_LU,3866,1266,0
2024-05-16T02:00Z,DE_LU,4761,1527,0
2024-05-16T03:00Z,DE_LU,5797,1818,0
2024-05-16T04:00Z,DE_LU,8422,2496,5753
2024-05-16T05:00Z,DE_LU,7628,2299,14900
2024-05-16T06:00Z,DE_LU,8051,2405,25039
2024-05-16T07:00Z,DE_LU,6637,2043,35040
2024-05-16T08:00Z,DE_LU,6439,1991,43891
2024-05-16T09:00Z,DE_LU,6833,2094,50723
2024-05-16T10:00Z,DE_LU,5683,1786,54873
2024-05-16T11:00Z,DE_LU,8413,2494,55939
2024-05-16T12:00Z,DE_LU,6832,2094,53818
2024-05-16T13:00Z,DE_LU,6964,2129,48716
2024-05-16T14:00Z,DE_LU,10588,3002,41126
2024-05-16T15:00Z,DE_LU,10614,3008,31787
2024-05-16T16:00Z,DE_LU,10271,2931,21622
2024-05-16T17:00Z,DE_LU,9580,2772,11680
2024-05-16T18:00Z,DE_LU,6360,1969,3166
2024-05-16T19:00Z,DE_LU,6027,1880,0
2024-05-16T20:00Z,DE_LU,4747,1523,0
2024-05-16T21:00Z,DE_LU,5992,1871,0
2024-05-16T22:00Z,DE_LU,7219,2194,0
2024-05-16T23:00Z,DE_LU,9393,2729,0
2024-05-17T00:00Z,DE_LU,6545,2019,0
2024-05-17T01:00Z,DE_LU,6348,1966,0
2024-05-17T02:00Z,DE_LU,8404,2492,0
2024-05-17T03:00Z,DE_LU,11574,3219,0
2024-05-17T04:00Z,DE_LU,11627,3230,5723
2024-05-17T05:00Z,DE_LU,12478,3410,14547
2024-05-17T06:00Z,DE_LU,18737,4571,24111
2024-05-17T07:00Z,DE_LU,20124,4795,30868
2024-05-17T08:00Z,DE_LU,14992,3908,39698
2024-05-17T09:00Z,DE_LU,12473,3409,45992
2024-05-17T10:00Z,DE_LU,10743,3037,48949
2024-05-17T11:00Z,DE_LU,6964,2128,49755
2024-05-17T12:00Z,DE_LU,9854,2836,52422
2024-05-17T13:00Z,DE_LU,12666,3449,47148
2024-05-17T14:00Z,DE_LU,14329,3781,38344
2024-05-17T15:00Z,DE_LU,12598,3435,29626
2024-05-17T16:00Z,DE_LU,13873,3692,19072
2024-05-17T17:00Z,DE_LU,15140,3936,10007
2024-05-17T18:00Z,DE_LU,15649,4031,2809
2024-05-17T19:00Z,DE_LU,12854,3487,0
2024-05-17T20:00Z,DE_LU,12585,3432,0
2024-05-17T21:00Z,DE_LU,10663,3019,0
2024-05-17T22:00Z,DE_LU,12644,3444,0
2024-05-17T23:00Z,DE_LU,11584,3221,0
2024-05-18T00:00Z,DE_LU,9434,2738,0
2024-05-18T01:00Z,DE_LU,9732,2808,0
2024-05-18T02:00Z,DE_LU,10287,2935,0
2024-05-18T03:00Z,DE_LU,8833,2595,0
2024-05-18T04:00Z,DE_LU,7038,2148,5017
2024-05-18T05:00Z,DE_LU,7577,2286,12699
2024-05-18T06:00Z,DE_LU,7038,2148,21121
2024-05-18T07:00Z,DE_LU,5174,1645,29792
2024-05-18T08:00Z,DE_LU,4963,1585,37403
2024-05-18T09:00Z,DE_LU,6269,1945,43364
2024-05-18T10:00Z,DE_LU,5014,1599,47084
2024-05-18T11:00Z,DE_LU,3988,1302,50988
2024-05-18T12:00Z,DE_LU,7171,2182,50555
2024-05-18T13:00Z,DE_LU,6083,1895,43685
2024-05-18T14:00Z,DE_LU,6339,1964,36539
2024-05-18T15:00Z,DE_LU,5535,1745,27401
2024-05-18T16:00Z,DE_LU,3812,1250,18108
2024-05-18T17:00Z,DE_LU,2956,989,10192
2024-05-18T18:00Z,DE_LU,2150,733,2894
2024-05-18T19:00Z,DE_LU,1548,535,0
2024-05-18T20:00Z,DE_LU,2089,713,0
2024-05-18T21:00Z,DE_LU,2066,706,0
2024-05-18T22:00Z,DE_LU,1937,664,0
2024-05-18T23:00Z,DE_LU,2039,697,0
2024-05-19T00:00Z,DE_LU,2739,921,0
2024-05-19T01:00Z,DE_LU,3188,1060,0
2024-05-19T02:00Z,DE_LU,4330,1403,0
2024-05-19T03:00Z,DE_LU,5665,1781,0
2024-05-19T04:00Z,DE_LU,7952,2380,5837
2024-05-19T05:00Z,DE_LU,6994,2136,13618
2024-05-19T06:00Z,DE_LU,6866,2103,23548
2024-05-19T07:00Z,DE_LU,7828,2349,32953
2024-05-19T08:00Z,DE_LU,8375,2484,44294
2024-05-19T09:00Z,DE_LU,10567,2998,50613
2024-05-19T10:00Z,DE_LU,12767,3469,53979
2024-05-19T11:00Z,DE_LU,9924,2852,54622
2024-05-19T12:00Z,DE_LU,12133,3338,54244
2024-05-19T13:00Z,DE_LU,8010,2395,48338
2024-05-19T14:00Z,DE_LU,6553,2021,41639
2024-05-19T15:00Z,DE_LU,6215,1931,32317
2024-05-19T16:00Z,DE_LU,6079,1894,22160
2024-05-19T17:00Z,DE_LU,9989,2867,12204
2024-05-19T18:00Z,DE_LU,12576,3430,3623
2024-05-19T19:00Z,DE_LU,7929,2374,0
2024-05-19T20:00Z,DE_LU,8059,2407,0
2024-05-19T21:00Z,DE_LU,7314,2219,0
2024-05-19T22:00Z,DE_LU,8216,2445,0
2024-05-19T23:00Z,DE_LU,6929,2119,0
2024-05-20T00:00Z,DE_LU,5054,1611,0
2024-05-20T01:00Z,DE_LU,5967,1864,0
2024-05-20T02:00Z,DE_LU,3806,1248,0
2024-05-20T03:00Z,DE_LU,3071,1024,0
2024-05-20T04:00Z,DE_LU,4080,1330,5495
2024-05-20T05:00Z,DE_LU,4514,1456,13918
2024-05-20T06:00Z,DE_LU,5426,1715,22967
2024-05-20T07:00Z,DE_LU,6028,1880,33673
2024-05-20T08:00Z,DE_LU,4407,1425,42400
2024-05-20T09:00Z,DE_LU,3973,1298,48402
2024-05-20T10:00Z,DE_LU,2631,887,51531
2024-05-20T11:00Z,DE_LU,2738,921,52693
2024-05-20T12:00Z,DE_LU,2284,776,48163
2024-05-20T13:00Z,DE_LU,4117,1340,42428
2024-05-20T14:00Z,DE_LU,4060,1323,35002
2024-05-20T15:00Z,DE_LU,5895,1844,28021
2024-05-20T16:00Z,DE_LU,8054,2405,19166
2024-05-20T17:00Z,DE_LU,10284,2934,10669
2024-05-20T18:00Z,DE_LU,8976,2630,3186
2024-05-20T19:00Z,DE_LU,7153,2177,0
2024-05-20T20:00Z,DE_LU,6609,2035,0
2024-05-20T21:00Z,DE_LU,7677,2311,0
2024-05-20T22:00Z,DE_LU,8283,2462,0
2024-05-20T23:00Z,DE_LU,11354,3171,0
2024-05-21T00:00Z,DE_LU,11485,3200,0
2024-05-21T01:00Z,DE_LU,7524,2272,0
2024-05-21T02:00Z,DE_LU,6181,1921,0
2024-05-21T03:00Z,DE_LU,6791,2083,0
2024-05-21T04:00Z,DE_LU,8703,2564,5498
2024-05-21T05:00Z,DE_LU,12005,3311,13373
2024-05-21T06:00Z,DE_LU,10790,3047,20844
2024-05-21T07:00Z,DE_LU,10405,2961,28711
2024-05-21T08:00Z,DE_LU,11296,3159,36890
2024-05-21T09:00Z,DE_LU,10967,3087,40658
2024-05-21T10:00Z,DE_LU,11378,3176,44427
2024-05-21T11:00Z,DE_LU,9929,2853,45511
2024-05-21T12:00Z,DE_LU,13349,3588,42652
2024-05-21T13:00Z,DE_LU,11468,3196,39390
2024-05-21T14:00Z,DE_LU,8407,2492,32755
2024-05-21T15:00Z,DE_LU,6466,1998,24716
2024-05-21T16:00Z,DE_LU,6253,1941,15589
2024-05-21T17:00Z,DE_LU,6274,1947,8759
2024-05-21T18:00Z,DE_LU,4956,1583,2648
2024-05-21T19:00Z,DE_LU,6146,1912,0
2024-05-21T20:00Z,DE_LU,5640,1774,0
2024-05-21T21:00Z,DE_LU,4583,1476,0
2024-05-21T22:00Z,DE_LU,4807,1541,0
2024-05-21T23:00Z,DE_LU,6037,1883,0
2024-05-22T00:00Z,DE_LU,7069,2156,0
2024-05-22T01:00Z,DE_LU,5818,1823,0
2024-05-22T02:00Z,DE_LU,4811,1542,0
2024-05-22T03:00Z,DE_LU,3999,1306,4
2024-05-22T04:00Z,DE_LU,4024,1313,4675
2024-05-22T05:00Z,DE_LU,4889,1564,10271
2024-05-22T06:00Z,DE_LU,7110,2166,17426
2024-05-22T07:00Z,DE_LU,9229,2690,25990
2024-05-22T08:00Z,DE_LU,11466,3195,31806
2024-05-22T09:00Z,DE_LU,14577,3829,34870
2024-05-22T10:00Z,DE_LU,9643,2787,34484
2024-05-22T11:00Z,DE_LU,14305,3777,35928
2024-05-22T12:00Z,DE_LU,20445,4845,37679
2024-05-22T13:00Z,DE_LU,18044,4455,32086
2024-05-22T14:00Z,DE_LU,14857,3883,30000
2024-05-22T15:00Z,DE_LU,11489,3200,23338
2024-05-22T16:00Z,DE_LU,10663,3019,17479
2024-05-22T17:00Z,DE_LU,8151,2429,8950
2024-05-22T18:00Z,DE_LU,13414,3601,3067
2024-05-22T19:00Z,DE_LU,12812,3479,0
2024-05-22T20:00Z,DE_LU,12723,3461,0
2024-05-22T21:00Z,DE_LU,9393,2729,0
2024-05-22T22:00Z,DE_LU,7051,2151,0
2024-05-22T23:00Z,DE_LU,8423,2496,0
2024-05-23T00:00Z,DE_LU,6899,2112,0
2024-05-23T01:00Z,DE_LU,7009,2140,0
2024-05-23T02:00Z,DE_LU,8396,2490,0
2024-05-23T03:00Z,DE_LU,6982,2133,38
2024-05-23T04:00Z,DE_LU,8188,2439,3704
2024-05-23T05:00Z,DE_LU,8204,2443,9010
2024-05-23T06:00Z,DE_LU,7842,2353,13515
2024-05-23T07:00Z,DE_LU,4876,1560,20122
2024-05-23T08:00Z,DE_LU,6767,2077,25334
2024-05-23T09:00Z,DE_LU,8491,2513,29566
2024-05-23T10:00Z,DE_LU,7902,2368,33181
2024-05-23T11:00Z,DE_LU,7418,2245,33353
2024-05-23T12:00Z,DE_LU,6198,1926,30045
2024-05-23T13:00Z,DE_LU,4579,1475,28409
2024-05-23T14:00Z,DE_LU,6992,2136,22523
2024-05-23T15:00Z,DE_LU,8014,2396,17028
2024-05-23T16:00Z,DE_LU,10480,2978,11528
2024-05-23T17:00Z,DE_LU,10436,2968,6355
2024-05-23T18:00Z,DE_LU,13549,3628,2094
2024-05-23T19:00Z,DE_LU,11626,3230,0
2024-05-23T20:00Z,DE_LU,11779,3263,0
2024-05-23T21:00Z,DE_LU,8144,2428,0
2024-05-23T22:00Z,DE_LU,6525,2013,0
2024-05-23T23:00Z,DE_LU,7367,2232,0
2024-05-24T00:00Z,DE_LU,8427,2497,0
2024-05-24T01:00Z,DE_LU,4990,1593,0
2024-05-24T02:00Z,DE_LU,5930,1854,0
2024-05-24T03:00Z,DE_LU,9099,2659,58
2024-05-24T04:00Z,DE_LU,11284,3156,2677
2024-05-24T05:00Z,DE_LU,10314,2941,6650
2024-05-24T06:00Z,DE_LU,13438,3606,11138
2024-05-24T07:00Z,DE_LU,14127,3742,13474
2024-05-24T08:00Z,DE_LU,12400,3394,15569
2024-05-24T09:00Z,DE_LU,15373,3980,16881
2024-05-24T10:00Z,DE_LU,17345,4335,18993
2024-05-24T11:00Z,DE_LU,18982,4611,19429
2024-05-24T12:00Z,DE_LU,19368,4674,21155
2024-05-24T13:00Z,DE_LU,22002,5083,13871
2024-05-24T14:00Z,DE_LU,25683,5598,10598
2024-05-24T15:00Z,DE_LU,18505,4532,9207
2024-05-24T16:00Z,DE_LU,16799,4239,7588
2024-05-24T17:00Z,DE_LU,12551,3425,4417
2024-05-24T18:00Z,DE_LU,6870,2104,1541
2024-05-24T19:00Z,DE_LU,5013,1599,0
2024-05-24T20:00Z,DE_LU,6156,1915,0
2024-05-24T21:00Z,DE_LU,8664,2555,0
2024-05-24T22:00Z,DE_LU,11913,3291,0
2024-05-24T23:00Z,DE_LU,12797,3476,0
2024-05-25T00:00Z,DE_LU,12698,3455,0
2024-05-25T01:00Z,DE_LU,10632,3012,0
2024-05-25T02:00Z,DE_LU,7041,2148,0
2024-05-25T03:00Z,DE_LU,8392,2489,165
2024-05-25T04:00Z,DE_LU,9778,2818,5345
2024-05-25T05:00Z,DE_LU,13417,3602,12621
2024-05-25T06:00Z,DE_LU,8669,2556,19142
2024-05-25T07:00Z,DE_LU,7629,2299,25184
2024-05-25T08:00Z,DE_LU,9679,2795,32054
2024-05-25T09:00Z,DE_LU,15186,3945,36733
2024-05-25T10:00Z,DE_LU,15788,4057,40100
2024-05-25T11:00Z,DE_LU,14565,3827,39595
2024-05-25T12:00Z,DE_LU,12008,3311,39624
2024-05-25T13:00Z,DE_LU,10465,2975,34655
2024-05-25T14:00Z,DE_LU,9125,2665,27411
2024-05-25T15:00Z,DE_LU,9210,2685,22950
2024-05-25T16:00Z,DE_LU,8742,2574,16294
2024-05-25T17:00Z,DE_LU,6426,1987,8874
2024-05-25T18:00Z,DE_LU,5998,1872,3048
2024-05-25T19:00Z,DE_LU,8340,2476,0
2024-05-25T20:00Z,DE_LU,10314,2941,0
2024-05-25T21:00Z,DE_LU,8399,2490,0
2024-05-25T22:00Z,DE_LU,4605,1483,0
2024-05-25T23:00Z,DE_LU,3854,1262,0
2024-05-26T00:00Z,DE_LU,4055,1322,0
2024-05-26T01:00Z,DE_LU,5065,1614,0
2024-05-26T02:00Z,DE_LU,5446,1721,0
2024-05-26T03:00Z,DE_LU,5982,1868,222
2024-05-26T04:00Z,DE_LU,4271,1385,5314
2024-05-26T05:00Z,DE_LU,4390,1420,12985
2024-05-26T06:00Z,DE_LU,4808,1541,19882
2024-05-26T07:00Z,DE_LU,6230,1935,26989
2024-05-26T08:00Z,DE_LU,4937,1578,33149
2024-05-26T09:00Z,DE_LU,4749,1524,38488
2024-05-26T10:00Z,DE_LU,6059,1889,40600
2024-05-26T11:00Z,DE_LU,4960,1584,40350
2024-05-26T12:00Z,DE_LU,2348,797,41915
2024-05-26T13:00Z,DE_LU,1920,658,38313
2024-05-26T14:00Z,DE_LU,1728,595,33386
2024-05-26T15:00Z,DE_LU,2004,686,25610
2024-05-26T16:00Z,DE_LU,1733,597,17873
2024-05-26T17:00Z,DE_LU,1855,637,9402
2024-05-26T18:00Z,DE_LU,3081,1028,3130
2024-05-26T19:00Z,DE_LU,3001,1003,0
2024-05-26T20:00Z,DE_LU,2852,956,0
2024-05-26T21:00Z,DE_LU,2937,983,0
2024-05-26T22:00Z,DE_LU,3732,1226,0
2024-05-26T23:00Z,DE_LU,5366,1699,0
2024-05-27T00:00Z,DE_LU,5232,1661,0
2024-05-27T01:00Z,DE_LU,4671,1502,0
2024-05-27T02:00Z,DE_LU,3531,1165,0
2024-05-27T03:00Z,DE_LU,3115,1038,153
2024-05-27T04:00Z,DE_LU,3219,1070,2557
2024-05-27T05:00Z,DE_LU,3558,1173,6219
2024-05-27T06:00Z,DE_LU,4728,1518,10024
2024-05-27T07:00Z,DE_LU,5114,1628,14701
2024-05-27T08:00Z,DE_LU,5023,1602,19275
2024-05-27T09:00Z,DE_LU,3955,1292,23495
2024-05-27T10:00Z,DE_LU,3286,1091,27291
2024-05-27T11:00Z,DE_LU,4072,1327,29222
2024-05-27T12:00Z,DE_LU,4678,1504,25568
2024-05-27T13:00Z,DE_LU,3761,1234,25287
2024-05-27T14:00Z,DE_LU,4014,1310,21710
2024-05-27T15:00Z,DE_LU,4575,1474,16216
2024-05-27T16:00Z,DE_LU,4449,1437,12529
2024-05-27T17:00Z,DE_LU,3594,1184,7032
2024-05-27T18:00Z,DE_LU,2614,881,2360
2024-05-27T19:00Z,DE_LU,3124,1041,0
2024-05-27T20:00Z,DE_LU,2913,975,0
2024-05-27T21:00Z,DE_LU,2654,894,0
2024-05-27T22:00Z,DE_LU,2253,766,0
2024-05-27T23:00Z,DE_LU,2503,846,0
2024-05-28T00:00Z,DE_LU,2442,827,0
2024-05-28T01:00Z,DE_LU,2325,789,0
2024-05-28T02:00Z,DE_LU,1739,599,0
2024-05-28T03:00Z,DE_LU,1426,495,409
2024-05-28T04:00Z,DE_LU,2754,925,6272
2024-05-28T05:00Z,DE_LU,4970,1587,14048
2024-05-28T06:00Z,DE_LU,4666,1500,21796
2024-05-28T07:00Z,DE_LU,5743,1803,30639
2024-05-28T08:00Z,DE_LU,4392,1421,38863
2024-05-28T09:00Z,DE_LU,3425,1133,44641
2024-05-28T10:00Z,DE_LU,3332,1105,43655
2024-05-28T11:00Z,DE_LU,2936,982,43914
2024-05-28T12:00Z,DE_LU,3427,1134,43091
2024-05-28T13:00Z,DE_LU,3255,1081,41098
2024-05-28T14:00Z,DE_LU,3190,1061,34646
2024-05-28T15:00Z,DE_LU,2090,714,28373
2024-05-28T16:00Z,DE_LU,1573,544,19349
2024-05-28T17:00Z,DE_LU,1927,660,11563
2024-05-28T18:00Z,DE_LU,1281,446,4123
2024-05-28T19:00Z,DE_LU,988,347,0
2024-05-28T20:00Z,DE_LU,931,327,0
2024-05-28T21:00Z,DE_LU,1112,389,0
2024-05-28T22:00Z,DE_LU,895,314,0
2024-05-28T23:00Z,DE_LU,726,256,0
2024-05-29T00:00Z,DE_LU,694,245,0
2024-05-29T01:00Z,DE_LU,438,156,0
2024-05-29T02:00Z,DE_LU,484,172,0
2024-05-29T03:00Z,DE_LU,534,189,488
2024-05-29T04:00Z,DE_LU,779,275,6670
2024-05-29T05:00Z,DE_LU,829,292,15043
2024-05-29T06:00Z,DE_LU,1420,493,24315
2024-05-29T07:00Z,DE_LU,1121,392,32828
2024-05-29T08:00Z,DE_LU,971,341,42658
2024-05-29T09:00Z,DE_LU,1013,355,49622
2024-05-29T10:00Z,DE_LU,1206,421,52863
2024-05-29T11:00Z,DE_LU,1372,477,52447
2024-05-29T12:00Z,DE_LU,2065,705,51974
2024-05-29T13:00Z,DE_LU,1102,385,46187
2024-05-29T14:00Z,DE_LU,1662,573,39131
2024-05-29T15:00Z,DE_LU,1490,516,29778
2024-05-29T16:00Z,DE_LU,811,286,21202
2024-05-29T17:00Z,DE_LU,723,255,12414
2024-05-29T18:00Z,DE_LU,723,255,4229
2024-05-29T19:00Z,DE_LU,824,290,0
2024-05-29T20:00Z,DE_LU,1006,353,0
2024-05-29T21:00Z,DE_LU,782,276,0
2024-05-29T22:00Z,DE_LU,779,275,0
2024-05-29T23:00Z,DE_LU,557,197,0
2024-05-30T00:00Z,DE_LU,619,219,0
2024-05-30T01:00Z,DE_LU,535,190,0
2024-05-30T02:00Z,DE_LU,580,205,0
2024-05-30T03:00Z,DE_LU,619,219,588
2024-05-30T04:00Z,DE_LU,647,229,7152
2024-05-30T05:00Z,DE_LU,922,324,15505
2024-05-30T06:00Z,DE_LU,1117,391,24462
2024-05-30T07:00Z,DE_LU,1266,441,32041
2024-05-30T08:00Z,DE_LU,1300,452,38336
2024-05-30T09:00Z,DE_LU,1458,505,45381
2024-05-30T10:00Z,DE_LU,1601,553,49269
2024-05-30T11:00Z,DE_LU,2144,731,48494
2024-05-30T12:00Z,DE_LU,1786,614,49990
2024-05-30T13:00Z,DE_LU,1915,657,44712
2024-05-30T14:00Z,DE_LU,1507,522,39618
2024-05-30T15:00Z,DE_LU,1041,365,29012
2024-05-30T16:00Z,DE_LU,903,317,19390
2024-05-30T17:00Z,DE_LU,809,285,11296
2024-05-30T18:00Z,DE_LU,915,321,4231
2024-05-30T19:00Z,DE_LU,901,317,0
2024-05-30T20:00Z,DE_LU,777,274,0
2024-05-30T21:00Z,DE_LU,751,265,0
2024-05-30T22:00Z,DE_LU,988,347,0
2024-05-30T23:00Z,DE_LU,958,336,0
2024-05-31T00:00Z,DE_LU,1011,354,0
2024-05-31T01:00Z,DE_LU,942,331,0
2024-05-31T02:00Z,DE_LU,976,342,0
2024-05-31T03:00Z,DE_LU,752,265,643
2024-05-31T04:00Z,DE_LU,645,228,6991
2024-05-31T05:00Z,DE_LU,757,267,15387
2024-05-31T06:00Z,DE_LU,601,213,25154
2024-05-31T07:00Z,DE_LU,649,229,33401
2024-05-31T08:00Z,DE_LU,776,274,40701
2024-05-31T09:00Z,DE_LU,924,325,48943
2024-05-31T10:00Z,DE_LU,835,294,51488
2024-05-31T11:00Z,DE_LU,829,292,50583
2024-05-31T12:00Z,DE_LU,1049,367,47919
2024-05-31T13:00Z,DE_LU,644,228,45078
2024-05-31T14:00Z,DE_LU,648,229,37552
2024-05-31T15:00Z,DE_LU,469,167,31266
2024-05-31T16:00Z,DE_LU,444,158,22792
2024-05-31T17:00Z,DE_LU,562,199,13676
2024-05-31T18:00Z,DE_LU,479,170,4725
2024-05-31T19:00Z,DE_LU,514,182,0
2024-05-31T20:00Z,DE_LU,524,186,0
2024-05-31T21:00Z,DE_LU,522,185,0
2024-05-31T22:00Z,DE_LU,557,197,0
2024-05-31T23:00Z,DE_LU,464,165,0
2024-06-01T00:00Z,DE_LU,335,119,0
2024-06-01T01:00Z,DE_LU,213,76,0
2024-06-01T02:00Z,DE_LU,187,67,0
2024-06-01T03:00Z,DE_LU,139,50,442
2024-06-01T04:00Z,DE_LU,95,34,5010
2024-06-01T05:00Z,DE_LU,125,45,10483
2024-06-01T06:00Z,DE_LU,122,44,15652
2024-06-01T07:00Z,DE_LU,142,51,21062
2024-06-01T08:00Z,DE_LU,115,41,25686
2024-06-01T09:00Z,DE_LU,104,37,27656
2024-06-01T10:00Z,DE_LU,113,40,29866
2024-06-01T11:00Z,DE_LU,138,50,31630
2024-06-01T12:00Z,DE_LU,128,46,28489
2024-06-01T13:00Z,DE_LU,164,59,26358
2024-06-01T14:00Z,DE_LU,267,95,23958
2024-06-01T15:00Z,DE_LU,215,77,20166
2024-06-01T16:00Z,DE_LU,247,88,15187
2024-06-01T17:00Z,DE_LU,573,203,9530
2024-06-01T18:00Z,DE_LU,484,172,3478
2024-06-01T19:00Z,DE_LU,446,159,0
2024-06-01T20:00Z,DE_LU,440,156,0
2024-06-01T21:00Z,DE_LU,291,104,0
2024-06-01T22:00Z,DE_LU,694,245,0
2024-06-01T23:00Z,DE_LU,867,305,0
2024-06-02T00:00Z,DE_LU,950,333,0
2024-06-02T01:00Z,DE_LU,1081,378,0
2024-06-02T02:00Z,DE_LU,1228,428,0
2024-06-02T03:00Z,DE_LU,924,324,679
2024-06-02T04:00Z,DE_LU,1008,353,5859
2024-06-02T05:00Z,DE_LU,1179,412,11850
2024-06-02T06:00Z,DE_LU,1074,376,18698
2024-06-02T07:00Z,DE_LU,1401,486,24916
2024-06-02T08:00Z,DE_LU,1230,429,29751
2024-06-02T09:00Z,DE_LU,1482,513,33535
2024-06-02T10:00Z,DE_LU,1418,492,36384
2024-06-02T11:00Z,DE_LU,1098,384,37198
2024-06-02T12:00Z,DE_LU,1064,372,35758
2024-06-02T13:00Z,DE_LU,1005,352,33178
2024-06-02T14:00Z,DE_LU,883,310,29076
2024-06-02T15:00Z,DE_LU,1264,440,21075
2024-06-02T16:00Z,DE_LU,1230,429,15363
2024-06-02T17:00Z,DE_LU,1383,480,8333
2024-06-02T18:00Z,DE_LU,1203,420,3175
2024-06-02T19:00Z,DE_LU,915,322,0
2024-06-02T20:00Z,DE_LU,934,328,0
2024-06-02T21:00Z,DE_LU,853,300,0
2024-06-02T22:00Z,DE_LU,701,248,0
2024-06-02T23:00Z,DE_LU,494,175,0
2024-06-03T00:00Z,DE_LU,367,131,0
2024-06-03T01:00Z,DE_LU,477,169,0
2024-06-03T02:00Z,DE_LU,360,128,0
2024-06-03T03:00Z,DE_LU,350,125,558
2024-06-03T04:00Z,DE_LU,197,71,4826
2024-06-03T05:00Z,DE_LU,169,61,10043
2024-06-03T06:00Z,DE_LU,341,122,15451
2024-06-03T07:00Z,DE_LU,336,120,20045
2024-06-03T08:00Z,DE_LU,584,207,24983
2024-06-03T09:00Z,DE_LU,717,253,31488
2024-06-03T10:00Z,DE_LU,749,264,36131
2024-06-03T11:00Z,DE_LU,795,280,40490
2024-06-03T12:00Z,DE_LU,1240,432,39363
2024-06-03T13:00Z,DE_LU,693,245,36077
2024-06-03T14:00Z,DE_LU,864,304,31355
2024-06-03T15:00Z,DE_LU,542,192,25606
2024-06-03T16:00Z,DE_LU,866,305,18700
2024-06-03T17:00Z,DE_LU,692,244,10601
2024-06-03T18:00Z,DE_LU,836,294,3996
2024-06-03T19:00Z,DE_LU,1180,412,0
2024-06-03T20:00Z,DE_LU,878,309,0
2024-06-03T21:00Z,DE_LU,921,323,0
2024-06-03T22:00Z,DE_LU,1062,372,0
2024-06-03T23:00Z,DE_LU,588,208,0
2024-06-04T00:00Z,DE_LU,380,135,0
2024-06-04T01:00Z,DE_LU,515,183,0
2024-06-04T02:00Z,DE_LU,568,201,0
2024-06-04T03:00Z,DE_LU,532,189,985
2024-06-04T04:00Z,DE_LU,343,122,8147
2024-06-04T05:00Z,DE_LU,227,81,17232
2024-06-04T06:00Z,DE_LU,237,85,26451
2024-06-04T07:00Z,DE_LU,211,75,35456
2024-06-04T08:00Z,DE_LU,261,93,42652
2024-06-04T09:00Z,DE_LU,276,98,49228
2024-06-04T10:00Z,DE_LU,210,75,51120
2024-06-04T11:00Z,DE_LU,214,77,54234
2024-06-04T12:00Z,DE_LU,337,120,54515
2024-06-04T13:00Z,DE_LU,377,134,49664
2024-06-04T14:00Z,DE_LU,377,134,41947
2024-06-04T15:00Z,DE_LU,379,135,33275
2024-06-04T16:00Z,DE_LU,357,127,22030
2024-06-04T17:00Z,DE_LU,300,107,13332
2024-06-04T18:00Z,DE_LU,328,117,5175
2024-06-04T19:00Z,DE_LU,328,117,0
2024-06-04T20:00Z,DE_LU,214,76,0
2024-06-04T21:00Z,DE_LU,402,143,0
2024-06-04T22:00Z,DE_LU,499,177,0
2024-06-04T23:00Z,DE_LU,794,280,0
2024-06-05T00:00Z,DE_LU,1069,374,0
2024-06-05T01:00Z,DE_LU,1208,421,0
2024-06-05T02:00Z,DE_LU,1768,608,0
2024-06-05T03:00Z,DE_LU,2021,691,963
2024-06-05T04:00Z,DE_LU,1821,626,7309
2024-06-05T05:00Z,DE_LU,2016,690,16928
2024-06-05T06:00Z,DE_LU,3639,1198,26241
2024-06-05T07:00Z,DE_LU,6084,1895,36653
2024-06-05T08:00Z,DE_LU,4914,1571,44932
2024-06-05T09:00Z,DE_LU,4208,1367,49888
2024-06-05T10:00Z,DE_LU,5568,1755,55134
2024-06-05T11:00Z,DE_LU,5343,1692,55672
2024-06-05T12:00Z,DE_LU,5361,1697,51197
2024-06-05T13:00Z,DE_LU,9210,2685,47442
2024-06-05T14:00Z,DE_LU,11286,3157,39668
2024-06-05T15:00Z,DE_LU,7995,2391,31581
2024-06-05T16:00Z,DE_LU,4389,1420,22091
2024-06-05T17:00Z,DE_LU,2927,980,13099
2024-06-05T18:00Z,DE_LU,3116,1038,4931
2024-06-05T19:00Z,DE_LU,3975,1298,0
2024-06-05T20:00Z,DE_LU,4207,1367,0
2024-06-05T21:00Z,DE_LU,5124,1631,0
2024-06-05T22:00Z,DE_LU,2163,737,0
2024-06-05T23:00Z,DE_LU,2948,986,0
2024-06-06T00:00Z,DE_LU,2554,862,0
2024-06-06T01:00Z,DE_LU,1860,639,0
2024-06-06T02:00Z,DE_LU,2426,821,0
2024-06-06T03:00Z,DE_LU,3087,1029,909
2024-06-06T04:00Z,DE_LU,2046,699,7103
2024-06-06T05:00Z,DE_LU,2715,913,15118
2024-06-06T06:00Z,DE_LU,3065,1023,24466
2024-06-06T07:00Z,DE_LU,2281,775,29243
2024-06-06T08:00Z,DE_LU,4089,1332,34098
2024-06-06T09:00Z,DE_LU,4854,1554,40393
2024-06-06T10:00Z,DE_LU,4998,1595,45501
2024-06-06T11:00Z,DE_LU,4466,1442,49109
2024-06-06T12:00Z,DE_LU,3947,1290,46754
2024-06-06T13:00Z,DE_LU,5391,1705,43186
2024-06-06T14:00Z,DE_LU,5257,1668,35666
2024-06-06T15:00Z,DE_LU,5738,1801,27372
2024-06-06T16:00Z,DE_LU,3724,1224,19985
2024-06-06T17:00Z,DE_LU,3167,1054,11783
2024-06-06T18:00Z,DE_LU,2597,876,4449
2024-06-06T19:00Z,DE_LU,1989,681,0
2024-06-06T20:00Z,DE_LU,1954,669,0
2024-06-06T21:00Z,DE_LU,3876,1269,0
2024-06-06T22:00Z,DE_LU,3394,1124,0
2024-06-06T23:00Z,DE_LU,2991,1000,0
2024-06-07T00:00Z,DE_LU,1804,620,0
2024-06-07T01:00Z,DE_LU,1476,512,0
2024-06-07T02:00Z,DE_LU,1193,416,0
2024-06-07T03:00Z,DE_LU,1123,392,613
2024-06-07T04:00Z,DE_LU,1512,523,4729
2024-06-07T05:00Z,DE_LU,1174,410,9812
2024-06-07T06:00Z,DE_LU,1393,484,13857
2024-06-07T07:00Z,DE_LU,1618,559,19651
2024-06-07T08:00Z,DE_LU,1430,496,23458
2024-06-07T09:00Z,DE_LU,2152,734,26621
2024-06-07T10:00Z,DE_LU,1454,504,28541
2024-06-07T11:00Z,DE_LU,1094,383,27322
2024-06-07T12:00Z,DE_LU,1195,417,25308
2024-06-07T13:00Z,DE_LU,1270,442,24371
2024-06-07T14:00Z,DE_LU,1795,617,22095
2024-06-07T15:00Z,DE_LU,1898,651,17716
2024-06-07T16:00Z,DE_LU,2050,701,12477
2024-06-07T17:00Z,DE_LU,2011,688,7467
2024-06-07T18:00Z,DE_LU,1419,492,3292
2024-06-07T19:00Z,DE_LU,1392,483,0
2024-06-07T20:00Z,DE_LU,1711,589,0
2024-06-07T21:00Z,DE_LU,2483,840,0
2024-06-07T22:00Z,DE_LU,1631,563,0
2024-06-07T23:00Z,DE_LU,1764,607,0
2024-06-08T00:00Z,DE_LU,1820,625,0
2024-06-08T01:00Z,DE_LU,1554,537,0
2024-06-08T02:00Z,DE_LU,1748,602,0
2024-06-08T03:00Z,DE_LU,1463,507,806
2024-06-08T04:00Z,DE_LU,2178,742,5945
2024-06-08T05:00Z,DE_LU,3588,1182,12294
2024-06-08T06:00Z,DE_LU,5422,1714,18723
2024-06-08T07:00Z,DE_LU,7169,2182,25611
2024-06-08T08:00Z,DE_LU,5781,1813,31163
2024-06-08T09:00Z,DE_LU,5317,1685,36177
2024-06-08T10:00Z,DE_LU,4615,1485,39241
2024-06-08T11:00Z,DE_LU,4757,1526,39071
2024-06-08T12:00Z,DE_LU,4223,1372,39537
2024-06-08T13:00Z,DE_LU,4706,1512,35916
2024-06-08T14:00Z,DE_LU,3499,1156,32794
2024-06-08T15:00Z,DE_LU,3778,1240,25264
2024-06-08T16:00Z,DE_LU,3458,1143,18751
2024-06-08T17:00Z,DE_LU,5724,1797,11607
2024-06-08T18:00Z,DE_LU,3378,1119,4161
2024-06-08T19:00Z,DE_LU,4800,1539,0
2024-06-08T20:00Z,DE_LU,4946,1580,0
2024-06-08T21:00Z,DE_LU,5481,1730,0
2024-06-08T22:00Z,DE_LU,3872,1268,0
2024-06-08T23:00Z,DE_LU,4657,1498,0
2024-06-09T00:00Z,DE_LU,4286,1390,0
2024-06-09T01:00Z,DE_LU,3386,1121,0
2024-06-09T02:00Z,DE_LU,4218,1370,0
2024-06-09T03:00Z,DE_LU,3990,1303,654
2024-06-09T04:00Z,DE_LU,4306,1396,5123
2024-06-09T05:00Z,DE_LU,4106,1337,10330
2024-06-09T06:00Z,DE_LU,3746,1230,16666
2024-06-09T07:00Z,DE_LU,3780,1240,22796
2024-06-09T08:00Z,DE_LU,5412,1711,30441
2024-06-09T09:00Z,DE_LU,5713,1794,33673
2024-06-09T10:00Z,DE_LU,8621,2544,38559
2024-06-09T11:00Z,DE_LU,15992,4094,41937
2024-06-09T12:00Z,DE_LU,15864,4070,37133
2024-06-09T13:00Z,DE_LU,17223,4313,32100
2024-06-09T14:00Z,DE_LU,15987,4093,26172
2024-06-09T15:00Z,DE_LU,16261,4143,19113
2024-06-09T16:00Z,DE_LU,16033,4101,13438
2024-06-09T17:00Z,DE_LU,13362,3591,7173
2024-06-09T18:00Z,DE_LU,11163,3129,2676
2024-06-09T19:00Z,DE_LU,10828,3056,0
2024-06-09T20:00Z,DE_LU,7817,2346,0
2024-06-09T21:00Z,DE_LU,8414,2494,0
2024-06-09T22:00Z,DE_LU,8432,2498,0
2024-06-09T23:00Z,DE_LU,8635,2548,0
2024-06-10T00:00Z,DE_LU,10255,2927,0
2024-06-10T01:00Z,DE_LU,14753,3863,0
2024-06-10T02:00Z,DE_LU,18743,4572,0
2024-06-10T03:00Z,DE_LU,15208,3949,540
2024-06-10T04:00Z,DE_LU,14959,3902,3780
2024-06-10T05:00Z,DE_LU,12832,3483,7095
2024-06-10T06:00Z,DE_LU,11230,3144,11357
2024-06-10T07:00Z,DE_LU,11394,3180,15174
2024-06-10T08:00Z,DE_LU,15983,4092,16757
2024-06-10T09:00Z,DE_LU,13219,3562,20496
2024-06-10T10:00Z,DE_LU,16767,4233,22271
2024-06-10T11:00Z,DE_LU,14798,3871,22745
2024-06-10T12:00Z,DE_LU,13389,3596,24001
2024-06-10T13:00Z,DE_LU,16828,4244,22229
2024-06-10T14:00Z,DE_LU,12257,3364,20049
2024-06-10T15:00Z,DE_LU,13952,3708,14589
2024-06-10T16:00Z,DE_LU,9910,2849,10455
2024-06-10T17:00Z,DE_LU,14417,3798,6012
2024-06-10T18:00Z,DE_LU,14656,3844,2524
2024-06-10T19:00Z,DE_LU,11386,3178,0
2024-06-10T20:00Z,DE_LU,11526,3208,0
2024-06-10T21:00Z,DE_LU,13145,3547,0
2024-06-10T22:00Z,DE_LU,9894,2845,0
2024-06-10T23:00Z,DE_LU,13463,3611,0
2024-06-11T00:00Z,DE_LU,14703,3853,0
2024-06-11T01:00Z,DE_LU,10000,2869,0
2024-06-11T02:00Z,DE_LU,11873,3283,0
2024-06-11T03:00Z,DE_LU,12304,3374,338
2024-06-11T04:00Z,DE_LU,12322,3377,2174
2024-06-11T05:00Z,DE_LU,14192,3755,4506
2024-06-11T06:00Z,DE_LU,18152,4473,7036
2024-06-11T07:00Z,DE_LU,17846,4421,9512
2024-06-11T08:00Z,DE_LU,15982,4092,11693
2024-06-11T09:00Z,DE_LU,10810,3052,13373
2024-06-11T10:00Z,DE_LU,18317,4501,14392
2024-06-11T11:00Z,DE_LU,11098,3115,14653
2024-06-11T12:00Z,DE_LU,9041,2645,14133
2024-06-11T13:00Z,DE_LU,9580,2772,12880
2024-06-11T14:00Z,DE_LU,7682,2312,11852
2024-06-11T15:00Z,DE_LU,7009,2140,8715
2024-06-11T16:00Z,DE_LU,4834,1548,6350
2024-06-11T17:00Z,DE_LU,5307,1682,3934
2024-06-11T18:00Z,DE_LU,4033,1316,2003
2024-06-11T19:00Z,DE_LU,3076,1026,0
2024-06-11T20:00Z,DE_LU,3800,1246,0
2024-06-11T21:00Z,DE_LU,5008,1598,0
2024-06-11T22:00Z,DE_LU,4689,1507,0
2024-06-11T23:00Z,DE_LU,4886,1563,0
2024-06-12T00:00Z,DE_LU,5149,1638,0
2024-06-12T01:00Z,DE_LU,7092,2162,0
2024-06-12T02:00Z,DE_LU,6898,2111,0
2024-06-12T03:00Z,DE_LU,9588,2774,904
2024-06-12T04:00Z,DE_LU,8980,2631,4957
2024-06-12T05:00Z,DE_LU,9514,2757,9974
2024-06-12T06:00Z,DE_LU,7984,2388,16256
2024-06-12T07:00Z,DE_LU,11488,3200,24930
2024-06-12T08:00Z,DE_LU,15126,3933,32234
2024-06-12T09:00Z,DE_LU,11201,3138,36470
2024-06-12T10:00Z,DE_LU,10866,3064,39250
2024-06-12T11:00Z,DE_LU,11357,3172,38268
2024-06-12T12:00Z,DE_LU,14898,3890,38558
2024-06-12T13:00Z,DE_LU,17148,4300,36423
2024-06-12T14:00Z,DE_LU,17889,4428,29407
2024-06-12T15:00Z,DE_LU,16792,4238,24488
2024-06-12T16:00Z,DE_LU,14974,3905,17453
2024-06-12T17:00Z,DE_LU,13955,3708,10142
2024-06-12T18:00Z,DE_LU,19426,4683,4076
2024-06-12T19:00Z,DE_LU,19516,4698,0
2024-06-12T20:00Z,DE_LU,17699,4396,0
2024-06-12T21:00Z,DE_LU,9632,2784,0
2024-06-12T22:00Z,DE_LU,10766,3042,0
2024-06-12T23:00Z,DE_LU,7778,2336,0
2024-06-13T00:00Z,DE_LU,7565,2283,0
2024-06-13T01:00Z,DE_LU,9362,2721,0
2024-06-13T02:00Z,DE_LU,8038,2401,0
2024-06-13T03:00Z,DE_LU,11913,3291,379
2024-06-13T04:00Z,DE_LU,14482,3811,2692
2024-06-13T05:00Z,DE_LU,15895,4076,5812
2024-06-13T06:00Z,DE_LU,21832,5057,7903
2024-06-13T07:00Z,DE_LU,26424,5695,10651
2024-06-13T08:00Z,DE_LU,29070,6024,14894
2024-06-13T09:00Z,DE_LU,28073,5903,14503
2024-06-13T10:00Z,DE_LU,33110,6480,16567
2024-06-13T11:00Z,DE_LU,29820,6112,18902
2024-06-13T12:00Z,DE_LU,28897,6003,17337
2024-06-13T13:00Z,DE_LU,25020,5510,16559
2024-06-13T14:00Z,DE_LU,27548,5838,12001
2024-06-13T15:00Z,DE_LU,20653,4878,10024
2024-06-13T16:00Z,DE_LU,14842,3880,7090
2024-06-13T17:00Z,DE_LU,13583,3635,3716
2024-06-13T18:00Z,DE_LU,11447,3191,1615
2024-06-13T19:00Z,DE_LU,8007,2394,0
2024-06-13T20:00Z,DE_LU,8379,2485,0
2024-06-13T21:00Z,DE_LU,6776,2079,0
2024-06-13T22:00Z,DE_LU,6975,2131,0
2024-06-13T23:00Z,DE_LU,5939,1856,0
2024-06-14T00:00Z,DE_LU,5577,1757,0
2024-06-14T01:00Z,DE_LU,5579,1758,0
2024-06-14T02:00Z,DE_LU,3689,1213,0
2024-06-14T03:00Z,DE_LU,3546,1170,419
2024-06-14T04:00Z,DE_LU,4732,1519,2596
2024-06-14T05:00Z,DE_LU,4917,1572,4888
2024-06-14T06:00Z,DE_LU,5673,1783,7068
2024-06-14T07:00Z,DE_LU,6431,1988,9542
2024-06-14T08:00Z,DE_LU,4945,1580,12517
2024-06-14T09:00Z,DE_LU,4361,1412,13400
2024-06-14T10:00Z,DE_LU,2999,1002,14418
2024-06-14T11:00Z,DE_LU,4420,1429,14679
2024-06-14T12:00Z,DE_LU,3355,1112,14159
2024-06-14T13:00Z,DE_LU,5224,1659,12907
2024-06-14T14:00Z,DE_LU,5291,1677,12743
2024-06-14T15:00Z,DE_LU,3925,1284,8739
2024-06-14T16:00Z,DE_LU,2778,933,6846
2024-06-14T17:00Z,DE_LU,3380,1119,4112
2024-06-14T18:00Z,DE_LU,2898,971,1894
2024-06-14T19:00Z,DE_LU,2686,904,0
2024-06-14T20:00Z,DE_LU,3451,1141,0
2024-06-14T21:00Z,DE_LU,3166,1054,0
2024-06-14T22:00Z,DE_LU,2051,701,0
2024-06-14T23:00Z,DE_LU,2323,789,0
2024-06-15T00:00Z,DE_LU,2456,831,0
2024-06-15T01:00Z,DE_LU,2472,836,0
2024-06-15T02:00Z,DE_LU,2475,837,0
2024-06-15T03:00Z,DE_LU,2166,738,403
2024-06-15T04:00Z,DE_LU,2935,982,2213
2024-06-15T05:00Z,DE_LU,2372,804,4546
2024-06-15T06:00Z,DE_LU,1989,681,7076
2024-06-15T07:00Z,DE_LU,3098,1033,9549
2024-06-15T08:00Z,DE_LU,4236,1375,12602
2024-06-15T09:00Z,DE_LU,4528,1460,13407
2024-06-15T10:00Z,DE_LU,5746,1804,14425
2024-06-15T11:00Z,DE_LU,3773,1238,14686
2024-06-15T12:00Z,DE_LU,6250,1940,14166
2024-06-15T13:00Z,DE_LU,5711,1794,12914
2024-06-15T14:00Z,DE_LU,5540,1747,11049
2024-06-15T15:00Z,DE_LU,4984,1591,9543
2024-06-15T16:00Z,DE_LU,4638,1492,6229
2024-06-15T17:00Z,DE_LU,6222,1933,5193
2024-06-15T18:00Z,DE_LU,6111,1903,2014
2024-06-15T19:00Z,DE_LU,5354,1695,0
2024-06-15T20:00Z,DE_LU,3851,1261,0
2024-06-15T21:00Z,DE_LU,3387,1122,0
2024-06-15T22:00Z,DE_LU,4629,1490,0
2024-06-15T23:00Z,DE_LU,5337,1690,0
2024-06-16T00:00Z,DE_LU,5692,1789,0
2024-06-16T01:00Z,DE_LU,4247,1378,0
2024-06-16T02:00Z,DE_LU,3958,1293,0
2024-06-16T03:00Z,DE_LU,2630,886,461
2024-06-16T04:00Z,DE_LU,2456,831,2666
2024-06-16T05:00Z,DE_LU,2539,858,4907
2024-06-16T06:00Z,DE_LU,1738,598,7521
2024-06-16T07:00Z,DE_LU,1818,625,12582
2024-06-16T08:00Z,DE_LU,3268,1085,14300
2024-06-16T09:00Z,DE_LU,4149,1350,15161
2024-06-16T10:00Z,DE_LU,3809,1249,14989
2024-06-16T11:00Z,DE_LU,2142,730,14691
2024-06-16T12:00Z,DE_LU,2101,717,14171
2024-06-16T13:00Z,DE_LU,1635,564,13661
2024-06-16T14:00Z,DE_LU,1563,540,11865
2024-06-16T15:00Z,DE_LU,1066,373,11835
2024-06-16T16:00Z,DE_LU,1259,439,7125
2024-06-16T17:00Z,DE_LU,1809,622,4103
2024-06-16T18:00Z,DE_LU,1777,611,1533
2024-06-16T19:00Z,DE_LU,1727,595,0
2024-06-16T20:00Z,DE_LU,1971,675,0
2024-06-16T21:00Z,DE_LU,1596,551,0
2024-06-16T22:00Z,DE_LU,1661,573,0
2024-06-16T23:00Z,DE_LU,1889,648,0
2024-06-17T00:00Z,DE_LU,1612,557,0
2024-06-17T01:00Z,DE_LU,1812,623,0
2024-06-17T02:00Z,DE_LU,2865,960,0
2024-06-17T03:00Z,DE_LU,3109,1036,742
2024-06-17T04:00Z,DE_LU,3072,1025,4283
2024-06-17T05:00Z,DE_LU,2082,711,8722
2024-06-17T06:00Z,DE_LU,4458,1440,14042
2024-06-17T07:00Z,DE_LU,3123,1040,18707
2024-06-17T08:00Z,DE_LU,3343,1108,20312
2024-06-17T09:00Z,DE_LU,4314,1398,21092
2024-06-17T10:00Z,DE_LU,5499,1735,22873
2024-06-17T11:00Z,DE_LU,4176,1358,23928
2024-06-17T12:00Z,DE_LU,4550,1467,23671
2024-06-17T13:00Z,DE_LU,5625,1770,19081
2024-06-17T14:00Z,DE_LU,4568,1472,18380
2024-06-17T15:00Z,DE_LU,7068,2155,15616
2024-06-17T16:00Z,DE_LU,7852,2355,10447
2024-06-17T17:00Z,DE_LU,9532,2761,5576
2024-06-17T18:00Z,DE_LU,8583,2535,2455
2024-06-17T19:00Z,DE_LU,6197,1926,0
2024-06-17T20:00Z,DE_LU,7372,2234,0
2024-06-17T21:00Z,DE_LU,6976,2132,0
2024-06-17T22:00Z,DE_LU,7293,2213,0
2024-06-17T23:00Z,DE_LU,6356,1968,0
2024-06-18T00:00Z,DE_LU,5396,1707,0
2024-06-18T01:00Z,DE_LU,6067,1891,0
2024-06-18T02:00Z,DE_LU,5775,1811,0
2024-06-18T03:00Z,DE_LU,4860,1556,824
2024-06-18T04:00Z,DE_LU,5936,1855,4903
2024-06-18T05:00Z,DE_LU,5127,1632,10000
2024-06-18T06:00Z,DE_LU,4400,1423,15437
2024-06-18T07:00Z,DE_LU,5720,1796,21881
2024-06-18T08:00Z,DE_LU,5547,1749,26431
2024-06-18T09:00Z,DE_LU,3315,1099,31000
2024-06-18T10:00Z,DE_LU,5436,1718,31611
2024-06-18T11:00Z,DE_LU,6544,2018,32117
2024-06-18T12:00Z,DE_LU,6240,1937,34643
2024-06-18T13:00Z,DE_LU,4410,1426,32530
2024-06-18T14:00Z,DE_LU,4148,1350,28646
2024-06-18T15:00Z,DE_LU,6361,1970,23661
2024-06-18T16:00Z,DE_LU,5749,1804,17631
2024-06-18T17:00Z,DE_LU,6432,1989,10023
2024-06-18T18:00Z,DE_LU,4818,1544,4113
2024-06-18T19:00Z,DE_LU,4019,1311,0
2024-06-18T20:00Z,DE_LU,3455,1142,0
2024-06-18T21:00Z,DE_LU,3360,1113,0
2024-06-18T22:00Z,DE_LU,2896,970,0
2024-06-18T23:00Z,DE_LU,2653,894,0
2024-06-19T00:00Z,DE_LU,1577,545,0
2024-06-19T01:00Z,DE_LU,1041,365,0
2024-06-19T02:00Z,DE_LU,1378,479,0
2024-06-19T03:00Z,DE_LU,1596,551,880
2024-06-19T04:00Z,DE_LU,1626,561,4592
2024-06-19T05:00Z,DE_LU,1714,590,10415
2024-06-19T06:00Z,DE_LU,1103,386,16846
2024-06-19T07:00Z,DE_LU,892,314,20537
2024-06-19T08:00Z,DE_LU,1349,469,27306
2024-06-19T09:00Z,DE_LU,854,301,32355
2024-06-19T10:00Z,DE_LU,1006,353,32402
2024-06-19T11:00Z,DE_LU,936,329,30829
2024-06-19T12:00Z,DE_LU,861,303,29924
2024-06-19T13:00Z,DE_LU,1002,351,26764
2024-06-19T14:00Z,DE_LU,970,340,22857
2024-06-19T15:00Z,DE_LU,992,348,19569
2024-06-19T16:00Z,DE_LU,756,267,13473
2024-06-19T17:00Z,DE_LU,859,302,7939
2024-06-19T18:00Z,DE_LU,784,276,3335
2024-06-19T19:00Z,DE_LU,772,272,0
2024-06-19T20:00Z,DE_LU,1057,370,0
2024-06-19T21:00Z,DE_LU,1501,520,0
2024-06-19T22:00Z,DE_LU,2015,689,0
2024-06-19T23:00Z,DE_LU,1984,679,0
2024-06-20T00:00Z,DE_LU,1955,670,0
2024-06-20T01:00Z,DE_LU,2668,898,0
2024-06-20T02:00Z,DE_LU,1982,679,0
2024-06-20T03:00Z,DE_LU,2687,904,875
2024-06-20T04:00Z,DE_LU,1906,654,4974
2024-06-20T05:00Z,DE_LU,1754,604,10905
2024-06-20T06:00Z,DE_LU,1392,483,16641
2024-06-20T07:00Z,DE_LU,2642,890,22981
2024-06-20T08:00Z,DE_LU,2333,792,29872
2024-06-20T09:00Z,DE_LU,1497,518,30839
2024-06-20T10:00Z,DE_LU,1701,586,33703
2024-06-20T11:00Z,DE_LU,1135,397,32443
2024-06-20T12:00Z,DE_LU,2057,703,33762
2024-06-20T13:00Z,DE_LU,1253,437,30902
2024-06-20T14:00Z,DE_LU,1177,411,26587
2024-06-20T15:00Z,DE_LU,1521,526,18826
2024-06-20T16:00Z,DE_LU,1097,384,14417
2024-06-20T17:00Z,DE_LU,947,332,8875
2024-06-20T18:00Z,DE_LU,882,310,3637
2024-06-20T19:00Z,DE_LU,773,273,0
2024-06-20T20:00Z,DE_LU,581,206,0
2024-06-20T21:00Z,DE_LU,797,281,0
2024-06-20T22:00Z,DE_LU,403,143,0
2024-06-20T23:00Z,DE_LU,444,158,0
2024-06-21T00:00Z,DE_LU,343,122,0
2024-06-21T01:00Z,DE_LU,258,92,0
2024-06-21T02:00Z,DE_LU,194,69,0
2024-06-21T03:00Z,DE_LU,205,73,828
2024-06-21T04:00Z,DE_LU,248,89,5230
2024-06-21T05:00Z,DE_LU,272,97,9957
2024-06-21T06:00Z,DE_LU,269,96,14353
2024-06-21T07:00Z,DE_LU,197,70,19288
2024-06-21T08:00Z,DE_LU,212,76,24742
2024-06-21T09:00Z,DE_LU,326,116,25110
2024-06-21T10:00Z,DE_LU,275,98,25938
2024-06-21T11:00Z,DE_LU,293,105,29091
2024-06-21T12:00Z,DE_LU,511,181,27102
2024-06-21T13:00Z,DE_LU,476,169,24298
2024-06-21T14:00Z,DE_LU,349,124,22948
2024-06-21T15:00Z,DE_LU,319,114,16902
2024-06-21T16:00Z,DE_LU,198,71,10955
2024-06-21T17:00Z,DE_LU,263,94,6083
2024-06-21T18:00Z,DE_LU,214,76,2529
2024-06-21T19:00Z,DE_LU,240,86,0
2024-06-21T20:00Z,DE_LU,315,112,0
2024-06-21T21:00Z,DE_LU,231,83,0
2024-06-21T22:00Z,DE_LU,244,87,0
2024-06-21T23:00Z,DE_LU,270,96,0
2024-06-22T00:00Z,DE_LU,243,87,0
2024-06-22T01:00Z,DE_LU,220,79,0
2024-06-22T02:00Z,DE_LU,183,65,0
2024-06-22T03:00Z,DE_LU,204,73,916
2024-06-22T04:00Z,DE_LU,116,42,5185
2024-06-22T05:00Z,DE_LU,108,39,9502
2024-06-22T06:00Z,DE_LU,162,58,14607
2024-06-22T07:00Z,DE_LU,160,57,18292
2024-06-22T08:00Z,DE_LU,221,79,21231
2024-06-22T09:00Z,DE_LU,230,82,23550
2024-06-22T10:00Z,DE_LU,193,69,22451
2024-06-22T11:00Z,DE_LU,196,70,24025
2024-06-22T12:00Z,DE_LU,224,80,23798
2024-06-22T13:00Z,DE_LU,331,118,20981
2024-06-22T14:00Z,DE_LU,502,178,17261
2024-06-22T15:00Z,DE_LU,388,138,14572
2024-06-22T16:00Z,DE_LU,620,219,11385
2024-06-22T17:00Z,DE_LU,1017,356,7289
2024-06-22T18:00Z,DE_LU,777,274,3012
2024-06-22T19:00Z,DE_LU,571,202,0
2024-06-22T20:00Z,DE_LU,542,192,0
2024-06-22T21:00Z,DE_LU,501,178,0
2024-06-22T22:00Z,DE_LU,472,168,0
2024-06-22T23:00Z,DE_LU,413,147,0
2024-06-23T00:00Z,DE_LU,796,280,0
2024-06-23T01:00Z,DE_LU,709,250,0
2024-06-23T02:00Z,DE_LU,949,333,0
2024-06-23T03:00Z,DE_LU,824,290,437
2024-06-23T04:00Z,DE_LU,653,231,2554
2024-06-23T05:00Z,DE_LU,682,241,5013
2024-06-23T06:00Z,DE_LU,771,272,7089
2024-06-23T07:00Z,DE_LU,531,188,9564
2024-06-23T08:00Z,DE_LU,605,214,11741
2024-06-23T09:00Z,DE_LU,586,208,13457
2024-06-23T10:00Z,DE_LU,535,190,14436
2024-06-23T11:00Z,DE_LU,449,160,14697
2024-06-23T12:00Z,DE_LU,666,235,14177
2024-06-23T13:00Z,DE_LU,615,218,12926
2024-06-23T14:00Z,DE_LU,778,274,11061
2024-06-23T15:00Z,DE_LU,800,282,8760
2024-06-23T16:00Z,DE_LU,745,263,6240
2024-06-23T17:00Z,DE_LU,765,270,3747
2024-06-23T18:00Z,DE_LU,1237,431,1540
2024-06-23T19:00Z,DE_LU,1434,497,0
2024-06-23T20:00Z,DE_LU,1233,430,0
2024-06-23T21:00Z,DE_LU,1224,427,0
2024-06-23T22:00Z,DE_LU,1127,394,0
2024-06-23T23:00Z,DE_LU,910,320,0
2024-06-24T00:00Z,DE_LU,1082,379,0
2024-06-24T01:00Z,DE_LU,1082,379,0
2024-06-24T02:00Z,DE_LU,1089,381,0
2024-06-24T03:00Z,DE_LU,819,288,551
2024-06-24T04:00Z,DE_LU,1011,354,3491
2024-06-24T05:00Z,DE_LU,1060,371,7324
2024-06-24T06:00Z,DE_LU,1259,438,12114
2024-06-24T07:00Z,DE_LU,1177,411,16535
2024-06-24T08:00Z,DE_LU,1566,541,20549
2024-06-24T09:00Z,DE_LU,2476,837,24223
2024-06-24T10:00Z,DE_LU,2900,971,28155
2024-06-24T11:00Z,DE_LU,4561,1470,28888
2024-06-24T12:00Z,DE_LU,4483,1447,25848
2024-06-24T13:00Z,DE_LU,3030,1012,23908
2024-06-24T14:00Z,DE_LU,2453,830,18283
2024-06-24T15:00Z,DE_LU,2264,770,15235
2024-06-24T16:00Z,DE_LU,3304,1096,11145
2024-06-24T17:00Z,DE_LU,3332,1105,7495
2024-06-24T18:00Z,DE_LU,3431,1135,2684
2024-06-24T19:00Z,DE_LU,2656,895,0
2024-06-24T20:00Z,DE_LU,1928,661,0
2024-06-24T21:00Z,DE_LU,1355,471,0
2024-06-24T22:00Z,DE_LU,874,307,0
2024-06-24T23:00Z,DE_LU,1045,366,0
2024-06-25T00:00Z,DE_LU,1400,486,0
2024-06-25T01:00Z,DE_LU,1274,444,0
2024-06-25T02:00Z,DE_LU,1180,412,0
2024-06-25T03:00Z,DE_LU,1488,515,833
2024-06-25T04:00Z,DE_LU,2407,816,4836
2024-06-25T05:00Z,DE_LU,2927,980,9272
2024-06-25T06:00Z,DE_LU,3234,1075,15499
2024-06-25T07:00Z,DE_LU,4371,1415,21683
2024-06-25T08:00Z,DE_LU,6338,1964,24331
2024-06-25T09:00Z,DE_LU,8958,2625,30206
2024-06-25T10:00Z,DE_LU,7333,2224,29953
2024-06-25T11:00Z,DE_LU,7834,2350,28515
2024-06-25T12:00Z,DE_LU,8567,2531,28995
2024-06-25T13:00Z,DE_LU,7347,2227,27316
2024-06-25T14:00Z,DE_LU,5200,1652,24008
2024-06-25T15:00Z,DE_LU,4226,1373,18741
2024-06-25T16:00Z,DE_LU,3786,1242,15317
2024-06-25T17:00Z,DE_LU,2070,707,8908
2024-06-25T18:00Z,DE_LU,2346,796,3586
2024-06-25T19:00Z,DE_LU,2726,917,0
2024-06-25T20:00Z,DE_LU,1764,607,0
2024-06-25T21:00Z,DE_LU,2827,948,0
2024-06-25T22:00Z,DE_LU,2243,763,0
2024-06-25T23:00Z,DE_LU,2580,871,0
2024-06-26T00:00Z,DE_LU,4138,1347,0
2024-06-26T01:00Z,DE_LU,2660,896,0
2024-06-26T02:00Z,DE_LU,2282,775,0
2024-06-26T03:00Z,DE_LU,2952,987,968
2024-06-26T04:00Z,DE_LU,3573,1178,6394
2024-06-26T05:00Z,DE_LU,2846,954,13166
2024-06-26T06:00Z,DE_LU,2081,711,20232
2024-06-26T07:00Z,DE_LU,2747,923,28980
2024-06-26T08:00Z,DE_LU,2124,724,36795
2024-06-26T09:00Z,DE_LU,2360,800,41735
2024-06-26T10:00Z,DE_LU,2539,858,43735
2024-06-26T11:00Z,DE_LU,3104,1035,45328
2024-06-26T12:00Z,DE_LU,4305,1395,43886
2024-06-26T13:00Z,DE_LU,3388,1122,44915
2024-06-26T14:00Z,DE_LU,3269,1085,37482
2024-06-26T15:00Z,DE_LU,3162,1052,32364
2024-06-26T16:00Z,DE_LU,4335,1404,23590
2024-06-26T17:00Z,DE_LU,4402,1424,13822
2024-06-26T18:00Z,DE_LU,3944,1289,5375
2024-06-26T19:00Z,DE_LU,4404,1424,0
2024-06-26T20:00Z,DE_LU,5332,1689,0
2024-06-26T21:00Z,DE_LU,4177,1358,0
2024-06-26T22:00Z,DE_LU,3077,1026,0
2024-06-26T23:00Z,DE_LU,3711,1219,0
2024-06-27T00:00Z,DE_LU,3642,1199,0
2024-06-27T01:00Z,DE_LU,3426,1133,0
2024-06-27T02:00Z,DE_LU,4126,1343,0
2024-06-27T03:00Z,DE_LU,3042,1015,1320
2024-06-27T04:00Z,DE_LU,4817,1543,8798
2024-06-27T05:00Z,DE_LU,3799,1246,18133
2024-06-27T06:00Z,DE_LU,2959,990,28254
2024-06-27T07:00Z,DE_LU,4719,1515,38151
2024-06-27T08:00Z,DE_LU,3467,1146,46870
2024-06-27T09:00Z,DE_LU,3100,1033,52058
2024-06-27T10:00Z,DE_LU,2576,869,52273
2024-06-27T11:00Z,DE_LU,2838,952,52046
2024-06-27T12:00Z,DE_LU,6973,2131,50196
2024-06-27T13:00Z,DE_LU,6776,2080,42082
2024-06-27T14:00Z,DE_LU,4194,1363,39674
2024-06-27T15:00Z,DE_LU,3261,1083,31818
2024-06-27T16:00Z,DE_LU,3420,1132,20995
2024-06-27T17:00Z,DE_LU,3550,1171,12787
2024-06-27T18:00Z,DE_LU,3759,1234,5309
2024-06-27T19:00Z,DE_LU,2837,951,0
2024-06-27T20:00Z,DE_LU,3527,1164,0
2024-06-27T21:00Z,DE_LU,3044,1016,0
2024-06-27T22:00Z,DE_LU,3599,1186,0
2024-06-27T23:00Z,DE_LU,2406,815,0
2024-06-28T00:00Z,DE_LU,3256,1081,0
2024-06-28T01:00Z,DE_LU,5219,1657,0
2024-06-28T02:00Z,DE_LU,5236,1662,0
2024-06-28T03:00Z,DE_LU,3978,1299,1165
2024-06-28T04:00Z,DE_LU,3724,1224,7236
2024-06-28T05:00Z,DE_LU,3111,1037,14895
2024-06-28T06:00Z,DE_LU,3111,1037,23102
2024-06-28T07:00Z,DE_LU,2950,987,28452
2024-06-28T08:00Z,DE_LU,3153,1050,35904
2024-06-28T09:00Z,DE_LU,5834,1828,41345
2024-06-28T10:00Z,DE_LU,4834,1548,47253
2024-06-28T11:00Z,DE_LU,8045,2403,50758
2024-06-28T12:00Z,DE_LU,9313,2710,51343
2024-06-28T13:00Z,DE_LU,10601,3005,44804
2024-06-28T14:00Z,DE_LU,9452,2742,34969
2024-06-28T15:00Z,DE_LU,8736,2572,28446
2024-06-28T16:00Z,DE_LU,6704,2060,19033
2024-06-28T17:00Z,DE_LU,8615,2543,11248
2024-06-28T18:00Z,DE_LU,6951,2125,4760
2024-06-28T19:00Z,DE_LU,5072,1616,0
2024-06-28T20:00Z,DE_LU,4493,1450,0
2024-06-28T21:00Z,DE_LU,3857,1263,0
2024-06-28T22:00Z,DE_LU,3980,1300,0
2024-06-28T23:00Z,DE_LU,3925,1283,0
2024-06-29T00:00Z,DE_LU,3002,1003,0
2024-06-29T01:00Z,DE_LU,2990,999,0
2024-06-29T02:00Z,DE_LU,2883,966,0
2024-06-29T03:00Z,DE_LU,2811,943,885
2024-06-29T04:00Z,DE_LU,2499,845,5491
2024-06-29T05:00Z,DE_LU,3479,1149,11519
2024-06-29T06:00Z,DE_LU,4575,1474,20742
2024-06-29T07:00Z,DE_LU,4656,1497,30830
2024-06-29T08:00Z,DE_LU,6144,1911,39381
2024-06-29T09:00Z,DE_LU,5309,1682,41046
2024-06-29T10:00Z,DE_LU,5527,1743,42792
2024-06-29T11:00Z,DE_LU,7377,2235,43540
2024-06-29T12:00Z,DE_LU,9765,2815,41194
2024-06-29T13:00Z,DE_LU,11142,3125,38901
2024-06-29T14:00Z,DE_LU,8800,2588,33301
2024-06-29T15:00Z,DE_LU,8430,2498,26862
2024-06-29T16:00Z,DE_LU,11675,3240,18739
2024-06-29T17:00Z,DE_LU,8505,2516,11306
2024-06-29T18:00Z,DE_LU,6806,2087,4456
2024-06-29T19:00Z,DE_LU,5621,1769,0
2024-06-29T20:00Z,DE_LU,7574,2285,0
2024-06-29T21:00Z,DE_LU,9127,2666,0
2024-06-29T22:00Z,DE_LU,6321,1959,0
2024-06-29T23:00Z,DE_LU,6433,1989,0
2024-06-30T00:00Z,DE_LU,4828,1547,0
2024-06-30T01:00Z,DE_LU,4754,1525,0
2024-06-30T02:00Z,DE_LU,5901,1846,0
2024-06-30T03:00Z,DE_LU,7004,2139,972
2024-06-30T04:00Z,DE_LU,8150,2429,5952
2024-06-30T05:00Z,DE_LU,8955,2625,11652
2024-06-30T06:00Z,DE_LU,5335,1690,20518
2024-06-30T07:00Z,DE_LU,3997,1305,30171
2024-06-30T08:00Z,DE_LU,4373,1415,35468
2024-06-30T09:00Z,DE_LU,5444,1720,39857
2024-06-30T10:00Z,DE_LU,6739,2070,43095
2024-06-30T11:00Z,DE_LU,9894,2845,42749
2024-06-30T12:00Z,DE_LU,10049,2881,43653
2024-06-30T13:00Z,DE_LU,8649,2551,40556
2024-06-30T14:00Z,DE_LU,11862,3280,33072
2024-06-30T15:00Z,DE_LU,10371,2954,25737
2024-06-30T16:00Z,DE_LU,7959,2382,18824
2024-06-30T17:00Z,DE_LU,10147,2903,11593
2024-06-30T18:00Z,DE_LU,10077,2887,4670
2024-06-30T19:00Z,DE_LU,11141,3125,0
2024-06-30T20:00Z,DE_LU,12083,3327,0
2024-06-30T21:00Z,DE_LU,11007,3095,0
2023-12-31T23:00Z,FR,356,58,0
2024-01-01T00:00Z,FR,338,56,0
2024-01-01T01:00Z,FR,347,57,0
2024-01-01T02:00Z,FR,315,52,0
2024-01-01T03:00Z,FR,270,45,0
2024-01-01T04:00Z,FR,326,54,0
2024-01-01T05:00Z,FR,312,51,0
2024-01-01T06:00Z,FR,308,51,0
2024-01-01T07:00Z,FR,460,75,0
2024-01-01T08:00Z,FR,864,137,460
2024-01-01T09:00Z,FR,840,133,1047
2024-01-01T10:00Z,FR,618,100,1479
2024-01-01T11:00Z,FR,1291,199,1649
2024-01-01T12:00Z,FR,1259,194,1712
2024-01-01T13:00Z,FR,1041,163,1431
2024-01-01T14:00Z,FR,757,121,860
2024-01-01T15:00Z,FR,775,123,310
2024-01-01T16:00Z,FR,745,119,0
2024-01-01T17:00Z,FR,1583,239,0
2024-01-01T18:00Z,FR,1660,250,0
2024-01-01T19:00Z,FR,2007,296,0
2024-01-01T20:00Z,FR,1358,208,0
2024-01-01T21:00Z,FR,1280,197,0
2024-01-01T22:00Z,FR,1615,244,0
2024-01-01T23:00Z,FR,2527,361,0
2024-01-02T00:00Z,FR,2410,346,0
2024-01-02T01:00Z,FR,2348,339,0
2024-01-02T02:00Z,FR,2434,349,0
2024-01-02T03:00Z,FR,3134,432,0
2024-01-02T04:00Z,FR,1950,288,0
2024-01-02T05:00Z,FR,1526,232,0
2024-01-02T06:00Z,FR,1317,203,0
2024-01-02T07:00Z,FR,1141,177,0
2024-01-02T08:00Z,FR,1281,197,929
2024-01-02T09:00Z,FR,1614,244,1895
2024-01-02T10:00Z,FR,2227,324,2479
2024-01-02T11:00Z,FR,1405,215,2825
2024-01-02T12:00Z,FR,1752,262,2909
2024-01-02T13:00Z,FR,1275,197,2258
2024-01-02T14:00Z,FR,1732,259,1402
2024-01-02T15:00Z,FR,2475,354,455
2024-01-02T16:00Z,FR,3585,481,0
2024-01-02T17:00Z,FR,3432,465,0
2024-01-02T18:00Z,FR,2794,392,0
2024-01-02T19:00Z,FR,3533,476,0
2024-01-02T20:00Z,FR,3097,427,0
2024-01-02T21:00Z,FR,3424,464,0
2024-01-02T22:00Z,FR,2535,362,0
2024-01-02T23:00Z,FR,2145,313,0
2024-01-03T00:00Z,FR,1561,236,0
2024-01-03T01:00Z,FR,1129,176,0
2024-01-03T02:00Z,FR,1087,170,0
2024-01-03T03:00Z,FR,1326,204,0
2024-01-03T04:00Z,FR,1747,261,0
2024-01-03T05:00Z,FR,2331,337,0
2024-01-03T06:00Z,FR,3353,456,0
2024-01-03T07:00Z,FR,3287,449,0
2024-01-03T08:00Z,FR,4517,576,492
2024-01-03T09:00Z,FR,4425,567,1072
2024-01-03T10:00Z,FR,5010,623,1802
2024-01-03T11:00Z,FR,5170,637,1931
2024-01-03T12:00Z,FR,4594,584,1907
2024-01-03T13:00Z,FR,2169,316,1488
2024-01-03T14:00Z,FR,1690,254,983
2024-01-03T15:00Z,FR,1329,204,347
2024-01-03T16:00Z,FR,1569,237,0
2024-01-03T17:00Z,FR,2784,391,0
2024-01-03T18:00Z,FR,4058,531,0
2024-01-03T19:00Z,FR,5549,671,0
2024-01-03T20:00Z,FR,3971,522,0
2024-01-03T21:00Z,FR,3027,419,0
2024-01-03T22:00Z,FR,1882,279,0
2024-01-03T23:00Z,FR,2370,341,0
2024-01-04T00:00Z,FR,2922,407,0
2024-01-04T01:00Z,FR,4464,571,0
2024-01-04T02:00Z,FR,4757,599,0
2024-01-04T03:00Z,FR,6322,736,0
2024-01-04T04:00Z,FR,5853,697,0
2024-01-04T05:00Z,FR,7839,850,0
2024-01-04T06:00Z,FR,9016,928,0
2024-01-04T07:00Z,FR,10809,1033,0
2024-01-04T08:00Z,FR,11406,1065,787
2024-01-04T09:00Z,FR,9478,957,1638
2024-01-04T10:00Z,FR,10348,1008,2270
2024-01-04T11:00Z,FR,11889,1089,2414
2024-01-04T12:00Z,FR,10348,1008,2498
2024-01-04T13:00Z,FR,7740,843,1880
2024-01-04T14:00Z,FR,7524,828,1116
2024-01-04T15:00Z,FR,9202,940,389
2024-01-04T16:00Z,FR,7153,800,0
2024-01-04T17:00Z,FR,7250,808,0
2024-01-04T18:00Z,FR,8950,924,0
2024-01-04T19:00Z,FR,11145,1051,0
2024-01-04T20:00Z,FR,12236,1107,0
2024-01-04T21:00Z,FR,12442,1117,0
2024-01-04T22:00Z,FR,11251,1057,0
2024-01-04T23:00Z,FR,9566,962,0
2024-01-05T00:00Z,FR,9711,971,0
2024-01-05T01:00Z,FR,8705,908,0
2024-01-05T02:00Z,FR,10176,998,0
2024-01-05T03:00Z,FR,8274,880,0
2024-01-05T04:00Z,FR,9806,976,0
2024-01-05T05:00Z,FR,8775,913,0
2024-01-05T06:00Z,FR,7391,818,0
2024-01-05T07:00Z,FR,10009,988,0
2024-01-05T08:00Z,FR,9608,965,623
2024-01-05T09:00Z,FR,7761,844,1173
2024-01-05T10:00Z,FR,4972,619,1564
2024-01-05T11:00Z,FR,4815,605,1879
2024-01-05T12:00Z,FR,5717,686,1778
2024-01-05T13:00Z,FR,5210,641,1843
2024-01-05T14:00Z,FR,5186,639,1190
2024-01-05T15:00Z,FR,7405,819,407
2024-01-05T16:00Z,FR,6926,783,0
2024-01-05T17:00Z,FR,7422,820,0
2024-01-05T18:00Z,FR,6287,733,0
2024-01-05T19:00Z,FR,6640,761,0
2024-01-05T20:00Z,FR,7058,793,0
2024-01-05T21:00Z,FR,7969,859,0
2024-01-05T22:00Z,FR,8690,907,0
2024-01-05T23:00Z,FR,8243,878,0
2024-01-06T00:00Z,FR,8516,896,0
2024-01-06T01:00Z,FR,8610,902,0
2024-01-06T02:00Z,FR,10237,1001,0
2024-01-06T03:00Z,FR,10613,1022,0
2024-01-06T04:00Z,FR,9324,947,0
2024-01-06T05:00Z,FR,9691,969,0
2024-01-06T06:00Z,FR,10372,1009,0
2024-01-06T07:00Z,FR,11073,1047,0
2024-01-06T08:00Z,FR,13350,1159,369
2024-01-06T09:00Z,FR,11499,1070,737
2024-01-06T10:00Z,FR,11117,1050,1103
2024-01-06T11:00Z,FR,11305,1060,1209
2024-01-06T12:00Z,FR,11869,1088,1531
2024-01-06T13:00Z,FR,9679,969,1071
2024-01-06T14:00Z,FR,11326,1061,783
2024-01-06T15:00Z,FR,10407,1011,295
2024-01-06T16:00Z,FR,9193,939,0
2024-01-06T17:00Z,FR,10713,1028,0
2024-01-06T18:00Z,FR,8839,917,0
2024-01-06T19:00Z,FR,8889,920,0
2024-01-06T20:00Z,FR,6391,741,0
2024-01-06T21:00Z,FR,5087,630,0
2024-01-06T22:00Z,FR,6045,713,0
2024-01-06T23:00Z,FR,6570,756,0
2024-01-07T00:00Z,FR,5213,641,0
2024-01-07T01:00Z,FR,6165,723,0
2024-01-07T02:00Z,FR,5515,668,0
2024-01-07T03:00Z,FR,7713,841,0
2024-01-07T04:00Z,FR,7257,808,0
2024-01-07T05:00Z,FR,7626,835,0
2024-01-07T06:00Z,FR,6705,766,0
2024-01-07T07:00Z,FR,6252,730,0
2024-01-07T08:00Z,FR,7882,853,420
2024-01-07T09:00Z,FR,8735,910,1027
2024-01-07T10:00Z,FR,9401,952,1392
2024-01-07T11:00Z,FR,9740,972,1619
2024-01-07T12:00Z,FR,9337,948,1402
2024-01-07T13:00Z,FR,8959,925,1057
2024-01-07T14:00Z,FR,9297,946,715
2024-01-07T15:00Z,FR,10356,1008,244
2024-01-07T16:00Z,FR,11255,1057,0
2024-01-07T17:00Z,FR,13659,1172,0
2024-01-07T18:00Z,FR,12617,1125,0
2024-01-07T19:00Z,FR,14769,1219,0
2024-01-07T20:00Z,FR,16509,1286,0
2024-01-07T21:00Z,FR,15429,1245,0
2024-01-07T22:00Z,FR,15422,1245,0
2024-01-07T23:00Z,FR,15155,1235,0
2024-01-08T00:00Z,FR,13549,1167,0
2024-01-08T01:00Z,FR,13029,1144,0
2024-01-08T02:00Z,FR,13524,1166,0
2024-01-08T03:00Z,FR,13079,1146,0
2024-01-08T04:00Z,FR,11240,1056,0
2024-01-08T05:00Z,FR,10741,1029,0
2024-01-08T06:00Z,FR,14321,1201,0
2024-01-08T07:00Z,FR,14929,1226,0
2024-01-08T08:00Z,FR,15166,1235,341
2024-01-08T09:00Z,FR,14486,1208,768
2024-01-08T10:00Z,FR,16123,1272,1181
2024-01-08T11:00Z,FR,15952,1265,1425
2024-01-08T12:00Z,FR,16147,1273,1402
2024-01-08T13:00Z,FR,15737,1257,1044
2024-01-08T14:00Z,FR,16320,1279,830
2024-01-08T15:00Z,FR,15473,1247,309
2024-01-08T16:00Z,FR,15838,1261,0
2024-01-08T17:00Z,FR,16542,1287,0
2024-01-08T18:00Z,FR,17259,1312,0
2024-01-08T19:00Z,FR,17109,1307,0
2024-01-08T20:00Z,FR,17258,1312,0
2024-01-08T21:00Z,FR,17438,1318,0
2024-01-08T22:00Z,FR,16796,1296,0
2024-01-08T23:00Z,FR,13541,1167,0
2024-01-09T00:00Z,FR,13285,1156,0
2024-01-09T01:00Z,FR,11978,1094,0
2024-01-09T02:00Z,FR,12464,1118,0
2024-01-09T03:00Z,FR,13443,1163,0
2024-01-09T04:00Z,FR,13422,1162,0
2024-01-09T05:00Z,FR,14361,1202,0
2024-01-09T06:00Z,FR,14004,1187,0
2024-01-09T07:00Z,FR,13536,1167,0
2024-01-09T08:00Z,FR,15133,1234,367
2024-01-09T09:00Z,FR,15749,1258,715
2024-01-09T10:00Z,FR,16616,1290,1031
2024-01-09T11:00Z,FR,15831,1261,1271
2024-01-09T12:00Z,FR,16318,1279,1178
2024-01-09T13:00Z,FR,15930,1264,911
2024-01-09T14:00Z,FR,14838,1222,600
2024-01-09T15:00Z,FR,14924,1225,268
2024-01-09T16:00Z,FR,14889,1224,0
2024-01-09T17:00Z,FR,13622,1171,0
2024-01-09T18:00Z,FR,13850,1181,0
2024-01-09T19:00Z,FR,12786,1133,0
2024-01-09T20:00Z,FR,9408,952,0
2024-01-09T21:00Z,FR,9682,969,0
2024-01-09T22:00Z,FR,8536,897,0
2024-01-09T23:00Z,FR,10761,1031,0
2024-01-10T00:00Z,FR,10654,1025,0
2024-01-10T01:00Z,FR,9232,942,0
2024-01-10T02:00Z,FR,8404,888,0
2024-01-10T03:00Z,FR,8776,913,0
2024-01-10T04:00Z,FR,7766,845,0
2024-01-10T05:00Z,FR,6911,782,0
2024-01-10T06:00Z,FR,8891,920,0
2024-01-10T07:00Z,FR,10480,1015,0
2024-01-10T08:00Z,FR,9090,933,482
2024-01-10T09:00Z,FR,9301,946,1112
2024-01-10T10:00Z,FR,9654,967,1335
2024-01-10T11:00Z,FR,9188,939,1226
2024-01-10T12:00Z,FR,6604,758,1157
2024-01-10T13:00Z,FR,5421,660,959
2024-01-10T14:00Z,FR,4302,555,638
2024-01-10T15:00Z,FR,4495,574,259
2024-01-10T16:00Z,FR,4266,552,0
2024-01-10T17:00Z,FR,4026,527,0
2024-01-10T18:00Z,FR,3206,440,0
2024-01-10T19:00Z,FR,2238,325,0
2024-01-10T20:00Z,FR,1908,283,0
2024-01-10T21:00Z,FR,2164,316,0
2024-01-10T22:00Z,FR,2338,337,0
2024-01-10T23:00Z,FR,2495,357,0
2024-01-11T00:00Z,FR,3052,422,0
2024-01-11T01:00Z,FR,2998,416,0
2024-01-11T02:00Z,FR,4158,541,0
2024-01-11T03:00Z,FR,3918,516,0
2024-01-11T04:00Z,FR,3330,454,0
2024-01-11T05:00Z,FR,3002,417,0
2024-01-11T06:00Z,FR,4556,580,0
2024-01-11T07:00Z,FR,4146,540,0
2024-01-11T08:00Z,FR,4272,552,548
2024-01-11T09:00Z,FR,4335,558,1240
2024-01-11T10:00Z,FR,3756,499,1354
2024-01-11T11:00Z,FR,3907,515,1660
2024-01-11T12:00Z,FR,4739,598,1667
2024-01-11T13:00Z,FR,3564,479,1316
2024-01-11T14:00Z,FR,2500,357,845
2024-01-11T15:00Z,FR,3970,522,334
2024-01-11T16:00Z,FR,4159,541,0
2024-01-11T17:00Z,FR,3448,466,0
2024-01-11T18:00Z,FR,3880,512,0
2024-01-11T19:00Z,FR,3025,419,0
2024-01-11T20:00Z,FR,2902,405,0
2024-01-11T21:00Z,FR,2953,411,0
2024-01-11T22:00Z,FR,3585,481,0
2024-01-11T23:00Z,FR,2173,317,0
2024-01-12T00:00Z,FR,2220,323,0
2024-01-12T01:00Z,FR,2051,301,0
2024-01-12T02:00Z,FR,1547,234,0
2024-01-12T03:00Z,FR,1371,210,0
2024-01-12T04:00Z,FR,1637,247,0
2024-01-12T05:00Z,FR,2186,318,0
2024-01-12T06:00Z,FR,2940,409,0
2024-01-12T07:00Z,FR,1970,291,4
2024-01-12T08:00Z,FR,2404,346,812
2024-01-12T09:00Z,FR,1985,293,1626
2024-01-12T10:00Z,FR,1986,293,2034
2024-01-12T11:00Z,FR,2388,344,2272
2024-01-12T12:00Z,FR,3631,486,2296
2024-01-12T13:00Z,FR,3112,429,2121
2024-01-12T14:00Z,FR,2042,300,1408
2024-01-12T15:00Z,FR,2100,307,527
2024-01-12T16:00Z,FR,2374,342,0
2024-01-12T17:00Z,FR,2655,376,0
2024-01-12T18:00Z,FR,2106,308,0
2024-01-12T19:00Z,FR,1955,289,0
2024-01-12T20:00Z,FR,1972,291,0
2024-01-12T21:00Z,FR,1765,264,0
2024-01-12T22:00Z,FR,1280,197,0
2024-01-12T23:00Z,FR,1075,168,0
2024-01-13T00:00Z,FR,1075,168,0
2024-01-13T01:00Z,FR,1651,249,0
2024-01-13T02:00Z,FR,1322,203,0
2024-01-13T03:00Z,FR,1145,178,0
2024-01-13T04:00Z,FR,897,142,0
2024-01-13T05:00Z,FR,1039,163,0
2024-01-13T06:00Z,FR,942,148,0
2024-01-13T07:00Z,FR,1270,196,7
2024-01-13T08:00Z,FR,1462,223,596
2024-01-13T09:00Z,FR,1334,205,1205
2024-01-13T10:00Z,FR,2147,313,1764
2024-01-13T11:00Z,FR,2260,328,1810
2024-01-13T12:00Z,FR,1887,280,1625
2024-01-13T13:00Z,FR,1721,258,1268
2024-01-13T14:00Z,FR,1357,208,660
2024-01-13T15:00Z,FR,1462,223,264
2024-01-13T16:00Z,FR,1957,289,0
2024-01-13T17:00Z,FR,1865,277,0
2024-01-13T18:00Z,FR,1543,234,0
2024-01-13T19:00Z,FR,2370,341,0
2024-01-13T20:00Z,FR,3355,456,0
2024-01-13T21:00Z,FR,3980,523,0
2024-01-13T22:00Z,FR,4417,567,0
2024-01-13T23:00Z,FR,5610,676,0
2024-01-14T00:00Z,FR,6204,726,0
2024-01-14T01:00Z,FR,8539,897,0
2024-01-14T02:00Z,FR,8596,901,0
2024-01-14T03:00Z,FR,10368,1009,0
2024-01-14T04:00Z,FR,10617,1023,0
2024-01-14T05:00Z,FR,10456,1014,0
2024-01-14T06:00Z,FR,11663,1078,0
2024-01-14T07:00Z,FR,12644,1126,13
2024-01-14T08:00Z,FR,12528,1121,612
2024-01-14T09:00Z,FR,11663,1078,1201
2024-01-14T10:00Z,FR,10733,1029,1861
2024-01-14T11:00Z,FR,11884,1089,2225
2024-01-14T12:00Z,FR,12409,1115,2286
2024-01-14T13:00Z,FR,11187,1053,1764
2024-01-14T14:00Z,FR,9729,972,1030
2024-01-14T15:00Z,FR,10520,1017,406
2024-01-14T16:00Z,FR,12124,1101,0
2024-01-14T17:00Z,FR,13029,1144,0
2024-01-14T18:00Z,FR,13540,1167,0
2024-01-14T19:00Z,FR,13911,1183,0
2024-01-14T20:00Z,FR,14067,1190,0
2024-01-14T21:00Z,FR,14385,1203,0
2024-01-14T22:00Z,FR,14392,1204,0
2024-01-14T23:00Z,FR,15169,1235,0
2024-01-15T00:00Z,FR,14003,1187,0
2024-01-15T01:00Z,FR,14837,1222,0
2024-01-15T02:00Z,FR,12731,1130,0
2024-01-15T03:00Z,FR,12911,1139,0
2024-01-15T04:00Z,FR,14249,1198,0
2024-01-15T05:00Z,FR,13851,1181,0
2024-01-15T06:00Z,FR,15135,1234,0
2024-01-15T07:00Z,FR,14059,1190,28
2024-01-15T08:00Z,FR,14439,1206,945
2024-01-15T09:00Z,FR,16353,1280,1868
2024-01-15T10:00Z,FR,16054,1269,2395
2024-01-15T11:00Z,FR,15682,1255,2447
2024-01-15T12:00Z,FR,15387,1244,2054
2024-01-15T13:00Z,FR,14543,1210,1800
2024-01-15T14:00Z,FR,15531,1249,1236
2024-01-15T15:00Z,FR,14284,1199,467
2024-01-15T16:00Z,FR,13610,1170,0
2024-01-15T17:00Z,FR,15661,1254,0
2024-01-15T18:00Z,FR,17234,1311,0
2024-01-15T19:00Z,FR,16934,1301,0
2024-01-15T20:00Z,FR,15289,1240,0
2024-01-15T21:00Z,FR,16166,1273,0
2024-01-15T22:00Z,FR,14386,1203,0
2024-01-15T23:00Z,FR,12776,1132,0
2024-01-16T00:00Z,FR,10461,1014,0
2024-01-16T01:00Z,FR,11945,1092,0
2024-01-16T02:00Z,FR,10489,1016,0
2024-01-16T03:00Z,FR,9557,961,0
2024-01-16T04:00Z,FR,9525,960,0
2024-01-16T05:00Z,FR,7868,852,0
2024-01-16T06:00Z,FR,6911,782,0
2024-01-16T07:00Z,FR,7281,810,26
2024-01-16T08:00Z,FR,7007,789,707
2024-01-16T09:00Z,FR,5963,706,1474
2024-01-16T10:00Z,FR,8311,882,1857
2024-01-16T11:00Z,FR,7985,860,2072
2024-01-16T12:00Z,FR,8327,883,2102
2024-01-16T13:00Z,FR,9366,950,1618
2024-01-16T14:00Z,FR,10908,1039,979
2024-01-16T15:00Z,FR,9898,982,397
2024-01-16T16:00Z,FR,7042,792,0
2024-01-16T17:00Z,FR,7245,807,0
2024-01-16T18:00Z,FR,7312,812,0
2024-01-16T19:00Z,FR,8694,908,0
2024-01-16T20:00Z,FR,7106,797,0
2024-01-16T21:00Z,FR,7032,791,0
2024-01-16T22:00Z,FR,8027,863,0
2024-01-16T23:00Z,FR,10247,1002,0
2024-01-17T00:00Z,FR,10649,1024,0
2024-01-17T01:00Z,FR,10135,995,0
2024-01-17T02:00Z,FR,10994,1043,0
2024-01-17T03:00Z,FR,11264,1057,0
2024-01-17T04:00Z,FR,11683,1079,0
2024-01-17T05:00Z,FR,11754,1083,0
2024-01-17T06:00Z,FR,11789,1084,0
2024-01-17T07:00Z,FR,12886,1138,25
2024-01-17T08:00Z,FR,13059,1145,485
2024-01-17T09:00Z,FR,13702,1174,935
2024-01-17T10:00Z,FR,13560,1168,1272
2024-01-17T11:00Z,FR,14818,1221,1548
2024-01-17T12:00Z,FR,15599,1252,1551
2024-01-17T13:00Z,FR,15924,1264,1222
2024-01-17T14:00Z,FR,16708,1293,815
2024-01-17T15:00Z,FR,16781,1295,363
2024-01-17T16:00Z,FR,16989,1303,0
2024-01-17T17:00Z,FR,17788,1330,0
2024-01-17T18:00Z,FR,18064,1339,0
2024-01-17T19:00Z,FR,18295,1347,0
2024-01-17T20:00Z,FR,18366,1349,0
2024-01-17T21:00Z,FR,17663,1326,0
2024-01-17T22:00Z,FR,18012,1338,0
2024-01-17T23:00Z,FR,18195,1343,0
2024-01-18T00:00Z,FR,17887,1333,0
2024-01-18T01:00Z,FR,16673,1292,0
2024-01-18T02:00Z,FR,15883,1263,0
2024-01-18T03:00Z,FR,16843,1298,0
2024-01-18T04:00Z,FR,17564,1323,0
2024-01-18T05:00Z,FR,17490,1320,0
2024-01-18T06:00Z,FR,16801,1296,0
2024-01-18T07:00Z,FR,15383,1244,64
2024-01-18T08:00Z,FR,15022,1229,1084
2024-01-18T09:00Z,FR,14813,1221,2142
2024-01-18T10:00Z,FR,14766,1219,2980
2024-01-18T11:00Z,FR,14912,1225,3471
2024-01-18T12:00Z,FR,12978,1142,3204
2024-01-18T13:00Z,FR,11892,1090,2682
2024-01-18T14:00Z,FR,10517,1017,1806
2024-01-18T15:00Z,FR,10365,1009,757
2024-01-18T16:00Z,FR,11439,1067,0
2024-01-18T17:00Z,FR,10158,997,0
2024-01-18T18:00Z,FR,10141,996,0
2024-01-18T19:00Z,FR,9367,950,0
2024-01-18T20:00Z,FR,9978,986,0
2024-01-18T21:00Z,FR,8595,901,0
2024-01-18T22:00Z,FR,9352,949,0
2024-01-18T23:00Z,FR,8665,906,0
2024-01-19T00:00Z,FR,8620,903,0
2024-01-19T01:00Z,FR,7507,826,0
2024-01-19T02:00Z,FR,7263,809,0
2024-01-19T03:00Z,FR,5769,690,0
2024-01-19T04:00Z,FR,7813,848,0
2024-01-19T05:00Z,FR,11065,1047,0
2024-01-19T06:00Z,FR,12914,1139,0
2024-01-19T07:00Z,FR,14392,1204,64
2024-01-19T08:00Z,FR,13946,1185,937
2024-01-19T09:00Z,FR,13180,1151,1918
2024-01-19T10:00Z,FR,10489,1016,2900
2024-01-19T11:00Z,FR,10618,1023,2916
2024-01-19T12:00Z,FR,9790,975,3044
2024-01-19T13:00Z,FR,10413,1011,2497
2024-01-19T14:00Z,FR,11193,1054,1588
2024-01-19T15:00Z,FR,12052,1098,614
2024-01-19T16:00Z,FR,10418,1012,0
2024-01-19T17:00Z,FR,10496,1016,0
2024-01-19T18:00Z,FR,11613,1076,0
2024-01-19T19:00Z,FR,11861,1088,0
2024-01-19T20:00Z,FR,11289,1059,0
2024-01-19T21:00Z,FR,13435,1162,0
2024-01-19T22:00Z,FR,12087,1099,0
2024-01-19T23:00Z,FR,13028,1144,0
2024-01-20T00:00Z,FR,12600,1124,0
2024-01-20T01:00Z,FR,13069,1146,0
2024-01-20T02:00Z,FR,13251,1154,0
2024-01-20T03:00Z,FR,13596,1170,0
2024-01-20T04:00Z,FR,13732,1176,0
2024-01-20T05:00Z,FR,14625,1213,0
2024-01-20T06:00Z,FR,14389,1204,0
2024-01-20T07:00Z,FR,14361,1202,78
2024-01-20T08:00Z,FR,15826,1261,896
2024-01-20T09:00Z,FR,15442,1246,1685
2024-01-20T10:00Z,FR,14892,1224,2488
2024-01-20T11:00Z,FR,14956,1227,2978
2024-01-20T12:00Z,FR,15255,1239,2949
2024-01-20T13:00Z,FR,14978,1228,2464
2024-01-20T14:00Z,FR,16460,1284,1588
2024-01-20T15:00Z,FR,16422,1283,665
2024-01-20T16:00Z,FR,16123,1272,0
2024-01-20T17:00Z,FR,16600,1289,0
2024-01-20T18:00Z,FR,17483,1320,0
2024-01-20T19:00Z,FR,16945,1301,0
2024-01-20T20:00Z,FR,15420,1245,0
2024-01-20T21:00Z,FR,13774,1177,0
2024-01-20T22:00Z,FR,15416,1245,0
2024-01-20T23:00Z,FR,16102,1271,0
2024-01-21T00:00Z,FR,15395,1244,0
2024-01-21T01:00Z,FR,13970,1186,0
2024-01-21T02:00Z,FR,13153,1150,0
2024-01-21T03:00Z,FR,12639,1126,0
2024-01-21T04:00Z,FR,13093,1147,0
2024-01-21T05:00Z,FR,13527,1167,0
2024-01-21T06:00Z,FR,13090,1147,0
2024-01-21T07:00Z,FR,13303,1157,93
2024-01-21T08:00Z,FR,13318,1157,952
2024-01-21T09:00Z,FR,13407,1161,1750
2024-01-21T10:00Z,FR,15286,1240,2415
2024-01-21T11:00Z,FR,13643,1172,2825
2024-01-21T12:00Z,FR,14563,1211,2783
2024-01-21T13:00Z,FR,15210,1237,2328
2024-01-21T14:00Z,FR,17442,1318,1747
2024-01-21T15:00Z,FR,17336,1315,797
2024-01-21T16:00Z,FR,17157,1309,0
2024-01-21T17:00Z,FR,16120,1272,0
2024-01-21T18:00Z,FR,15254,1239,0
2024-01-21T19:00Z,FR,14149,1193,0
2024-01-21T20:00Z,FR,14511,1209,0
2024-01-21T21:00Z,FR,12464,1118,0
2024-01-21T22:00Z,FR,12625,1125,0
2024-01-21T23:00Z,FR,7472,824,0
2024-01-22T00:00Z,FR,7906,855,0
2024-01-22T01:00Z,FR,8015,862,0
2024-01-22T02:00Z,FR,6726,768,0
2024-01-22T03:00Z,FR,7750,844,0
2024-01-22T04:00Z,FR,6806,774,0
2024-01-22T05:00Z,FR,4701,594,0
2024-01-22T06:00Z,FR,5004,622,0
2024-01-22T07:00Z,FR,4698,594,118
2024-01-22T08:00Z,FR,5430,661,1148
2024-01-22T09:00Z,FR,5670,682,2193
2024-01-22T10:00Z,FR,5797,692,2579
2024-01-22T11:00Z,FR,7823,849,3149
2024-01-22T12:00Z,FR,6983,788,3362
2024-01-22T13:00Z,FR,6744,769,2775
2024-01-22T14:00Z,FR,7556,830,1820
2024-01-22T15:00Z,FR,6219,728,831
2024-01-22T16:00Z,FR,4697,594,0
2024-01-22T17:00Z,FR,3619,485,0
2024-01-22T18:00Z,FR,3891,514,0
2024-01-22T19:00Z,FR,5217,642,0
2024-01-22T20:00Z,FR,4553,580,0
2024-01-22T21:00Z,FR,3301,450,0
2024-01-22T22:00Z,FR,4027,528,0
2024-01-22T23:00Z,FR,4625,587,0
2024-01-23T00:00Z,FR,3253,445,0
2024-01-23T01:00Z,FR,2738,386,0
2024-01-23T02:00Z,FR,3841,508,0
2024-01-23T03:00Z,FR,2785,391,0
2024-01-23T04:00Z,FR,2563,365,0
2024-01-23T05:00Z,FR,3709,494,0
2024-01-23T06:00Z,FR,2491,356,0
2024-01-23T07:00Z,FR,2187,319,176
2024-01-23T08:00Z,FR,2203,321,1364
2024-01-23T09:00Z,FR,3242,444,2518
2024-01-23T10:00Z,FR,5068,628,3431
2024-01-23T11:00Z,FR,4291,554,3919
2024-01-23T12:00Z,FR,3733,497,3906
2024-01-23T13:00Z,FR,3640,487,3197
2024-01-23T14:00Z,FR,2760,388,2197
2024-01-23T15:00Z,FR,2305,333,959
2024-01-23T16:00Z,FR,2982,414,0
2024-01-23T17:00Z,FR,3223,442,0
2024-01-23T18:00Z,FR,4387,564,0
2024-01-23T19:00Z,FR,3486,471,0
2024-01-23T20:00Z,FR,2972,413,0
2024-01-23T21:00Z,FR,3038,421,0
2024-01-23T22:00Z,FR,3194,438,0
2024-01-23T23:00Z,FR,3484,470,0
2024-01-24T00:00Z,FR,3822,506,0
2024-01-24T01:00Z,FR,3521,474,0
2024-01-24T02:00Z,FR,3692,493,0
2024-01-24T03:00Z,FR,6302,734,0
2024-01-24T04:00Z,FR,5875,699,0
2024-01-24T05:00Z,FR,7643,836,0
2024-01-24T06:00Z,FR,8283,880,0
2024-01-24T07:00Z,FR,8174,873,187
2024-01-24T08:00Z,FR,9543,961,1466
2024-01-24T09:00Z,FR,6167,723,2676
2024-01-24T10:00Z,FR,5584,674,3544
2024-01-24T11:00Z,FR,7191,803,3773
2024-01-24T12:00Z,FR,5275,647,3543
2024-01-24T13:00Z,FR,6674,764,3079
2024-01-24T14:00Z,FR,4436,568,2191
2024-01-24T15:00Z,FR,4775,601,1000
2024-01-24T16:00Z,FR,5025,624,0
2024-01-24T17:00Z,FR,4675,592,0
2024-01-24T18:00Z,FR,4247,550,0
2024-01-24T19:00Z,FR,6607,759,0
2024-01-24T20:00Z,FR,6013,711,0
2024-01-24T21:00Z,FR,7164,801,0
2024-01-24T22:00Z,FR,7232,806,0
2024-01-24T23:00Z,FR,4555,580,0
2024-01-25T00:00Z,FR,3862,511,0
2024-01-25T01:00Z,FR,5607,676,0
2024-01-25T02:00Z,FR,6543,754,0
2024-01-25T03:00Z,FR,5836,696,0
2024-01-25T04:00Z,FR,6614,759,0
2024-01-25T05:00Z,FR,5353,654,0
2024-01-25T06:00Z,FR,7317,812,0
2024-01-25T07:00Z,FR,6558,755,162
2024-01-25T08:00Z,FR,5351,654,1182
2024-01-25T09:00Z,FR,3077,425,2231
2024-01-25T10:00Z,FR,3125,431,3103
2024-01-25T11:00Z,FR,3015,418,3502
2024-01-25T12:00Z,FR,3938,518,3311
2024-01-25T13:00Z,FR,7067,794,2608
2024-01-25T14:00Z,FR,5677,682,1857
2024-01-25T15:00Z,FR,5262,646,770
2024-01-25T16:00Z,FR,2509,358,0
2024-01-25T17:00Z,FR,1633,246,0
2024-01-25T18:00Z,FR,1777,265,0
2024-01-25T19:00Z,FR,875,139,0
2024-01-25T20:00Z,FR,1111,173,0
2024-01-25T21:00Z,FR,911,144,0
2024-01-25T22:00Z,FR,1059,166,0
2024-01-25T23:00Z,FR,1167,181,0
2024-01-26T00:00Z,FR,908,143,0
2024-01-26T01:00Z,FR,866,137,0
2024-01-26T02:00Z,FR,1026,161,0
2024-01-26T03:00Z,FR,798,127,0
2024-01-26T04:00Z,FR,682,109,0
2024-01-26T05:00Z,FR,773,123,0
2024-01-26T06:00Z,FR,1566,237,0
2024-01-26T07:00Z,FR,1911,283,229
2024-01-26T08:00Z,FR,1902,282,1412
2024-01-26T09:00Z,FR,1048,164,2687
2024-01-26T10:00Z,FR,1204,186,3663
2024-01-26T11:00Z,FR,1510,229,3915
2024-01-26T12:00Z,FR,1253,194,3909
2024-01-26T13:00Z,FR,1033,162,3246
2024-01-26T14:00Z,FR,717,115,2310
2024-01-26T15:00Z,FR,657,106,1004
2024-01-26T16:00Z,FR,989,155,0
2024-01-26T17:00Z,FR,1043,163,0
2024-01-26T18:00Z,FR,902,143,0
2024-01-26T19:00Z,FR,1420,217,0
2024-01-26T20:00Z,FR,2492,356,0
2024-01-26T21:00Z,FR,2344,338,0
2024-01-26T22:00Z,FR,1563,237,0
2024-01-26T23:00Z,FR,1594,241,0
2024-01-27T00:00Z,FR,1618,244,0
2024-01-27T01:00Z,FR,1855,276,0
2024-01-27T02:00Z,FR,2141,313,0
2024-01-27T03:00Z,FR,1567,237,0
2024-01-27T04:00Z,FR,1629,246,0
2024-01-27T05:00Z,FR,1419,217,0
2024-01-27T06:00Z,FR,1650,248,0
2024-01-27T07:00Z,FR,1216,188,182
2024-01-27T08:00Z,FR,1147,178,1086
2024-01-27T09:00Z,FR,1234,191,1752
2024-01-27T10:00Z,FR,810,129,2228
2024-01-27T11:00Z,FR,1023,160,2609
2024-01-27T12:00Z,FR,766,122,2671
2024-01-27T13:00Z,FR,731,117,2095
2024-01-27T14:00Z,FR,1271,196,1598
2024-01-27T15:00Z,FR,2353,339,841
2024-01-27T16:00Z,FR,1897,281,0
2024-01-27T17:00Z,FR,2765,389,0
2024-01-27T18:00Z,FR,3018,418,0
2024-01-27T19:00Z,FR,3159,434,0
2024-01-27T20:00Z,FR,2348,339,0
2024-01-27T21:00Z,FR,1758,263,0
2024-01-27T22:00Z,FR,1181,183,0
2024-01-27T23:00Z,FR,788,125,0
2024-01-28T00:00Z,FR,848,134,0
2024-01-28T01:00Z,FR,962,151,0
2024-01-28T02:00Z,FR,1209,187,0
2024-01-28T03:00Z,FR,1386,212,0
2024-01-28T04:00Z,FR,1563,237,0
2024-01-28T05:00Z,FR,1538,233,0
2024-01-28T06:00Z,FR,1175,182,0
2024-01-28T07:00Z,FR,1287,198,170
2024-01-28T08:00Z,FR,1698,255,914
2024-01-28T09:00Z,FR,1804,269,1641
2024-01-28T10:00Z,FR,3666,490,2292
2024-01-28T11:00Z,FR,4272,552,2919
2024-01-28T12:00Z,FR,5959,706,2564
2024-01-28T13:00Z,FR,5392,657,2216
2024-01-28T14:00Z,FR,4296,555,1573
2024-01-28T15:00Z,FR,3351,456,700
2024-01-28T16:00Z,FR,2525,360,0
2024-01-28T17:00Z,FR,2040,300,0
2024-01-28T18:00Z,FR,1529,232,0
2024-01-28T19:00Z,FR,1611,243,0
2024-01-28T20:00Z,FR,1708,256,0
2024-01-28T21:00Z,FR,1551,235,0
2024-01-28T22:00Z,FR,1403,215,0
2024-01-28T23:00Z,FR,1730,259,0
2024-01-29T00:00Z,FR,2875,402,0
2024-01-29T01:00Z,FR,2339,338,0
2024-01-29T02:00Z,FR,2492,356,0
2024-01-29T03:00Z,FR,1134,176,0
2024-01-29T04:00Z,FR,860,136,0
2024-01-29T05:00Z,FR,745,119,0
2024-01-29T06:00Z,FR,777,124,0
2024-01-29T07:00Z,FR,865,137,258
2024-01-29T08:00Z,FR,991,156,1252
2024-01-29T09:00Z,FR,772,123,2176
2024-01-29T10:00Z,FR,1452,221,2571
2024-01-29T11:00Z,FR,1339,206,2572
2024-01-29T12:00Z,FR,1385,212,2373
2024-01-29T13:00Z,FR,2092,306,2296
2024-01-29T14:00Z,FR,1724,258,1728
2024-01-29T15:00Z,FR,1358,208,817
2024-01-29T16:00Z,FR,826,131,0
2024-01-29T17:00Z,FR,1539,233,0
2024-01-29T18:00Z,FR,1108,173,0
2024-01-29T19:00Z,FR,1191,185,0
2024-01-29T20:00Z,FR,1145,178,0
2024-01-29T21:00Z,FR,1135,177,0
2024-01-29T22:00Z,FR,1020,160,0
2024-01-29T23:00Z,FR,1049,164,0
2024-01-30T00:00Z,FR,823,131,0
2024-01-30T01:00Z,FR,687,110,0
2024-01-30T02:00Z,FR,630,101,0
2024-01-30T03:00Z,FR,465,76,0
2024-01-30T04:00Z,FR,342,56,0
2024-01-30T05:00Z,FR,296,49,0
2024-01-30T06:00Z,FR,307,50,0
2024-01-30T07:00Z,FR,347,57,267
2024-01-30T08:00Z,FR,385,63,1274
2024-01-30T09:00Z,FR,501,81,2074
2024-01-30T10:00Z,FR,745,119,3063
2024-01-30T11:00Z,FR,1130,176,3589
2024-01-30T12:00Z,FR,1219,189,3488
2024-01-30T13:00Z,FR,1379,211,2869
2024-01-30T14:00Z,FR,1589,240,2023
2024-01-30T15:00Z,FR,2246,326,951
2024-01-30T16:00Z,FR,2560,365,0
2024-01-30T17:00Z,FR,2248,326,0
2024-01-30T18:00Z,FR,2050,301,0
2024-01-30T19:00Z,FR,1373,210,0
2024-01-30T20:00Z,FR,1178,183,0
2024-01-30T21:00Z,FR,1663,250,0
2024-01-30T22:00Z,FR,1475,225,0
2024-01-30T23:00Z,FR,1000,157,0
2024-01-31T00:00Z,FR,1462,223,0
2024-01-31T01:00Z,FR,1364,209,0
2024-01-31T02:00Z,FR,895,142,0
2024-01-31T03:00Z,FR,1236,191,0
2024-01-31T04:00Z,FR,866,137,0
2024-01-31T05:00Z,FR,920,145,0
2024-01-31T06:00Z,FR,663,106,0
2024-01-31T07:00Z,FR,771,123,283
2024-01-31T08:00Z,FR,938,148,1275
2024-01-31T09:00Z,FR,852,135,2579
2024-01-31T10:00Z,FR,911,144,3579
2024-01-31T11:00Z,FR,609,98,3591
2024-01-31T12:00Z,FR,929,147,3514
2024-01-31T13:00Z,FR,1043,163,2720
2024-01-31T14:00Z,FR,1569,237,1884
2024-01-31T15:00Z,FR,1241,192,862
2024-01-31T16:00Z,FR,1774,265,7
2024-01-31T17:00Z,FR,1326,204,0
2024-01-31T18:00Z,FR,1316,202,0
2024-01-31T19:00Z,FR,1542,234,0
2024-01-31T20:00Z,FR,2516,359,0
2024-01-31T21:00Z,FR,2323,336,0
2024-01-31T22:00Z,FR,1480,225,0
2024-01-31T23:00Z,FR,2391,344,0
2024-02-01T00:00Z,FR,2772,390,0
2024-02-01T01:00Z,FR,1700,255,0
2024-02-01T02:00Z,FR,2731,385,0
2024-02-01T03:00Z,FR,3890,513,0
2024-02-01T04:00Z,FR,3487,471,0
2024-02-01T05:00Z,FR,3997,524,0
2024-02-01T06:00Z,FR,4201,545,0
2024-02-01T07:00Z,FR,1877,279,303
2024-02-01T08:00Z,FR,2508,358,1200
2024-02-01T09:00Z,FR,3059,423,2330
2024-02-01T10:00Z,FR,3362,457,3221
2024-02-01T11:00Z,FR,2711,383,3630
2024-02-01T12:00Z,FR,3614,484,3413
2024-02-01T13:00Z,FR,4614,586,3107
2024-02-01T14:00Z,FR,4203,545,2185
2024-02-01T15:00Z,FR,3167,435,983
2024-02-01T16:00Z,FR,3333,454,21
2024-02-01T17:00Z,FR,3378,459,0
2024-02-01T18:00Z,FR,2766,389,0
2024-02-01T19:00Z,FR,2882,403,0
2024-02-01T20:00Z,FR,4055,530,0
2024-02-01T21:00Z,FR,3468,469,0
2024-02-01T22:00Z,FR,3215,441,0
2024-02-01T23:00Z,FR,2221,323,0
2024-02-02T00:00Z,FR,2937,409,0
2024-02-02T01:00Z,FR,6121,720,0
2024-02-02T02:00Z,FR,7382,817,0
2024-02-02T03:00Z,FR,6931,784,0
2024-02-02T04:00Z,FR,6168,723,0
2024-02-02T05:00Z,FR,6591,757,0
2024-02-02T06:00Z,FR,5743,688,0
2024-02-02T07:00Z,FR,5647,680,242
2024-02-02T08:00Z,FR,3954,520,970
2024-02-02T09:00Z,FR,2179,318,1739
2024-02-02T10:00Z,FR,2895,404,1976
2024-02-02T11:00Z,FR,3378,459,1902
2024-02-02T12:00Z,FR,4634,588,1803
2024-02-02T13:00Z,FR,6686,765,1495
2024-02-02T14:00Z,FR,7527,828,1032
2024-02-02T15:00Z,FR,8981,926,631
2024-02-02T16:00Z,FR,8302,882,20
2024-02-02T17:00Z,FR,6634,761,0
2024-02-02T18:00Z,FR,6627,760,0
2024-02-02T19:00Z,FR,7991,860,0
2024-02-02T20:00Z,FR,7019,790,0
2024-02-02T21:00Z,FR,5117,633,0
2024-02-02T22:00Z,FR,4763,600,0
2024-02-02T23:00Z,FR,5599,676,0
2024-02-03T00:00Z,FR,5888,700,0
2024-02-03T01:00Z,FR,4030,528,0
2024-02-03T02:00Z,FR,3090,427,0
2024-02-03T03:00Z,FR,2692,380,0
2024-02-03T04:00Z,FR,2448,351,0
2024-02-03T05:00Z,FR,2000,295,0
2024-02-03T06:00Z,FR,1925,285,0
2024-02-03T07:00Z,FR,1743,261,166
2024-02-03T08:00Z,FR,1506,229,589
2024-02-03T09:00Z,FR,2448,351,996
2024-02-03T10:00Z,FR,2323,336,1292
2024-02-03T11:00Z,FR,1829,272,1435
2024-02-03T12:00Z,FR,1798,268,1406
2024-02-03T13:00Z,FR,2103,308,1209
2024-02-03T14:00Z,FR,3239,443,870
2024-02-03T15:00Z,FR,3036,421,519
2024-02-03T16:00Z,FR,3325,453,24
2024-02-03T17:00Z,FR,6161,723,0
2024-02-03T18:00Z,FR,6033,712,0
2024-02-03T19:00Z,FR,7629,835,0
2024-02-03T20:00Z,FR,8747,911,0
2024-02-03T21:00Z,FR,7019,790,0
2024-02-03T22:00Z,FR,7368,816,0
2024-02-03T23:00Z,FR,7926,856,0
2024-02-04T00:00Z,FR,7492,825,0
2024-02-04T01:00Z,FR,8226,877,0
2024-02-04T02:00Z,FR,7430,821,0
2024-02-04T03:00Z,FR,5134,634,0
2024-02-04T04:00Z,FR,6578,756,0
2024-02-04T05:00Z,FR,7990,860,0
2024-02-04T06:00Z,FR,9913,983,0
2024-02-04T07:00Z,FR,11312,1060,347
2024-02-04T08:00Z,FR,12315,1110,1255
2024-02-04T09:00Z,FR,11139,1051,2065
2024-02-04T10:00Z,FR,11223,1055,2597
2024-02-04T11:00Z,FR,11823,1086,2728
2024-02-04T12:00Z,FR,12508,1120,2521
2024-02-04T13:00Z,FR,13508,1166,2231
2024-02-04T14:00Z,FR,13489,1165,1642
2024-02-04T15:00Z,FR,14416,1205,825
2024-02-04T16:00Z,FR,13921,1184,52
2024-02-04T17:00Z,FR,12774,1132,0
2024-02-04T18:00Z,FR,12429,1116,0
2024-02-04T19:00Z,FR,10076,992,0
2024-02-04T20:00Z,FR,10103,994,0
2024-02-04T21:00Z,FR,9364,950,0
2024-02-04T22:00Z,FR,10493,1016,0
2024-02-04T23:00Z,FR,6947,785,0
2024-02-05T00:00Z,FR,7330,813,0
2024-02-05T01:00Z,FR,9373,950,0
2024-02-05T02:00Z,FR,5234,643,0
2024-02-05T03:00Z,FR,4220,547,0
2024-02-05T04:00Z,FR,3820,506,0
2024-02-05T05:00Z,FR,4191,544,0
2024-02-05T06:00Z,FR,5438,661,0
2024-02-05T07:00Z,FR,6102,718,354
2024-02-05T08:00Z,FR,5941,705,1247
2024-02-05T09:00Z,FR,4158,541,2197
2024-02-05T10:00Z,FR,4025,527,2780
2024-02-05T11:00Z,FR,4240,549,3031
2024-02-05T12:00Z,FR,4157,541,3003
2024-02-05T13:00Z,FR,4425,567,2298
2024-02-05T14:00Z,FR,4557,580,1613
2024-02-05T15:00Z,FR,5877,699,913
2024-02-05T16:00Z,FR,4415,566,65
2024-02-05T17:00Z,FR,2838,398,0
2024-02-05T18:00Z,FR,3233,443,0
2024-02-05T19:00Z,FR,2080,305,0
2024-02-05T20:00Z,FR,2704,382,0
2024-02-05T21:00Z,FR,2119,310,0
2024-02-05T22:00Z,FR,1404,215,0
2024-02-05T23:00Z,FR,1680,252,0
2024-02-06T00:00Z,FR,2630,373,0
2024-02-06T01:00Z,FR,3400,461,0
2024-02-06T02:00Z,FR,4733,597,0
2024-02-06T03:00Z,FR,4478,573,0
2024-02-06T04:00Z,FR,3479,470,0
2024-02-06T05:00Z,FR,4226,548,0
2024-02-06T06:00Z,FR,7166,801,0
2024-02-06T07:00Z,FR,8105,868,226
2024-02-06T08:00Z,FR,6312,735,881
2024-02-06T09:00Z,FR,5336,652,1208
2024-02-06T10:00Z,FR,5225,642,2040
2024-02-06T11:00Z,FR,4158,541,2151
2024-02-06T12:00Z,FR,4890,612,2210
2024-02-06T13:00Z,FR,4644,589,1738
2024-02-06T14:00Z,FR,3541,477,1412
2024-02-06T15:00Z,FR,3566,479,834
2024-02-06T16:00Z,FR,5210,641,73
2024-02-06T17:00Z,FR,4821,605,0
2024-02-06T18:00Z,FR,3879,512,0
2024-02-06T19:00Z,FR,3189,438,0
2024-02-06T20:00Z,FR,3811,505,0
2024-02-06T21:00Z,FR,4344,559,0
2024-02-06T22:00Z,FR,3326,453,0
2024-02-06T23:00Z,FR,3071,424,0
2024-02-07T00:00Z,FR,2949,410,0
2024-02-07T01:00Z,FR,2594,369,0
2024-02-07T02:00Z,FR,2546,363,0
2024-02-07T03:00Z,FR,1686,253,0
2024-02-07T04:00Z,FR,2412,347,0
2024-02-07T05:00Z,FR,3080,425,0
2024-02-07T06:00Z,FR,3191,438,0
2024-02-07T07:00Z,FR,3451,467,501
2024-02-07T08:00Z,FR,3088,426,1605
2024-02-07T09:00Z,FR,3208,440,2656
2024-02-07T10:00Z,FR,3270,447,3435
2024-02-07T11:00Z,FR,4222,547,3811
2024-02-07T12:00Z,FR,3883,513,3783
2024-02-07T13:00Z,FR,3974,522,3289
2024-02-07T14:00Z,FR,2654,376,2261
2024-02-07T15:00Z,FR,2979,414,1192
2024-02-07T16:00Z,FR,2650,375,123
2024-02-07T17:00Z,FR,2608,370,0
2024-02-07T18:00Z,FR,2246,326,0
2024-02-07T19:00Z,FR,3315,452,0
2024-02-07T20:00Z,FR,2082,305,0
2024-02-07T21:00Z,FR,1722,258,0
2024-02-07T22:00Z,FR,825,131,0
2024-02-07T23:00Z,FR,874,138,0
2024-02-08T00:00Z,FR,911,144,0
2024-02-08T01:00Z,FR,1449,221,0
2024-02-08T02:00Z,FR,2838,398,0
2024-02-08T03:00Z,FR,3440,466,0
2024-02-08T04:00Z,FR,2730,385,0
2024-02-08T05:00Z,FR,4263,551,0
2024-02-08T06:00Z,FR,4378,563,0
2024-02-08T07:00Z,FR,3768,501,587
2024-02-08T08:00Z,FR,3679,491,2051
2024-02-08T09:00Z,FR,2801,393,3556
2024-02-08T10:00Z,FR,2800,393,4435
2024-02-08T11:00Z,FR,1764,264,4651
2024-02-08T12:00Z,FR,1737,260,4581
2024-02-08T13:00Z,FR,1779,266,3824
2024-02-08T14:00Z,FR,1728,259,2899
2024-02-08T15:00Z,FR,2073,304,1531
2024-02-08T16:00Z,FR,2074,304,195
2024-02-08T17:00Z,FR,2199,320,0
2024-02-08T18:00Z,FR,2092,306,0
2024-02-08T19:00Z,FR,1530,232,0
2024-02-08T20:00Z,FR,2073,304,0
2024-02-08T21:00Z,FR,3485,470,0
2024-02-08T22:00Z,FR,4402,565,0
2024-02-08T23:00Z,FR,4367,562,0
2024-02-09T00:00Z,FR,5496,667,0
2024-02-09T01:00Z,FR,6566,755,0
2024-02-09T02:00Z,FR,8312,882,0
2024-02-09T03:00Z,FR,6960,786,0
2024-02-09T04:00Z,FR,7662,837,0
2024-02-09T05:00Z,FR,9423,953,0
2024-02-09T06:00Z,FR,12992,1142,0
2024-02-09T07:00Z,FR,15054,1231,428
2024-02-09T08:00Z,FR,14381,1203,1498
2024-02-09T09:00Z,FR,14735,1218,2398
2024-02-09T10:00Z,FR,13546,1167,2859
2024-02-09T11:00Z,FR,13945,1185,3177
2024-02-09T12:00Z,FR,14505,1208,2907
2024-02-09T13:00Z,FR,14892,1224,2655
2024-02-09T14:00Z,FR,16207,1275,2114
2024-02-09T15:00Z,FR,15980,1266,1201
2024-02-09T16:00Z,FR,16220,1275,178
2024-02-09T17:00Z,FR,15342,1242,0
2024-02-09T18:00Z,FR,15892,1263,0
2024-02-09T19:00Z,FR,16322,1279,0
2024-02-09T20:00Z,FR,16472,1284,0
2024-02-09T21:00Z,FR,15985,1267,0
2024-02-09T22:00Z,FR,14518,1209,0
2024-02-09T23:00Z,FR,11115,1050,0
2024-02-10T00:00Z,FR,11359,1062,0
2024-02-10T01:00Z,FR,12548,1122,0
2024-02-10T02:00Z,FR,11552,1072,0
2024-02-10T03:00Z,FR,12795,1133,0
2024-02-10T04:00Z,FR,10229,1001,0
2024-02-10T05:00Z,FR,9368,950,0
2024-02-10T06:00Z,FR,9469,956,0
2024-02-10T07:00Z,FR,8487,894,347
2024-02-10T08:00Z,FR,9826,978,920
2024-02-10T09:00Z,FR,9851,979,1541
2024-02-10T10:00Z,FR,9637,966,1957
2024-02-10T11:00Z,FR,9758,973,2350
2024-02-10T12:00Z,FR,6448,746,2221
2024-02-10T13:00Z,FR,5841,696,1902
2024-02-10T14:00Z,FR,3321,453,1322
2024-02-10T15:00Z,FR,4593,584,749
2024-02-10T16:00Z,FR,5166,637,129
2024-02-10T17:00Z,FR,3581,481,0
2024-02-10T18:00Z,FR,4842,607,0
2024-02-10T19:00Z,FR,5756,689,0
2024-02-10T20:00Z,FR,5241,644,0
2024-02-10T21:00Z,FR,4642,588,0
2024-02-10T22:00Z,FR,5794,692,0
2024-02-10T23:00Z,FR,5612,677,0
2024-02-11T00:00Z,FR,5259,645,0
2024-02-11T01:00Z,FR,7692,840,0
2024-02-11T02:00Z,FR,6614,759,0
2024-02-11T03:00Z,FR,7003,789,0
2024-02-11T04:00Z,FR,6961,786,0
2024-02-11T05:00Z,FR,8586,900,0
2024-02-11T06:00Z,FR,10778,1031,0
2024-02-11T07:00Z,FR,11464,1068,689
2024-02-11T08:00Z,FR,11030,1045,2033
2024-02-11T09:00Z,FR,11583,1074,2796
2024-02-11T10:00Z,FR,10399,1010,3482
2024-02-11T11:00Z,FR,9796,976,4187
2024-02-11T12:00Z,FR,8246,878,4122
2024-02-11T13:00Z,FR,7968,859,3388
2024-02-11T14:00Z,FR,8559,899,2493
2024-02-11T15:00Z,FR,6343,738,1368
2024-02-11T16:00Z,FR,5503,667,232
2024-02-11T17:00Z,FR,9385,951,0
2024-02-11T18:00Z,FR,9584,963,0
2024-02-11T19:00Z,FR,7678,839,0
2024-02-11T20:00Z,FR,7266,809,0
2024-02-11T21:00Z,FR,10426,1012,0
2024-02-11T22:00Z,FR,14085,1191,0
2024-02-11T23:00Z,FR,15215,1237,0
2024-02-12T00:00Z,FR,13759,1177,0
2024-02-12T01:00Z,FR,13024,1144,0
2024-02-12T02:00Z,FR,12418,1115,0
2024-02-12T03:00Z,FR,13252,1154,0
2024-02-12T04:00Z,FR,11189,1054,0
2024-02-12T05:00Z,FR,13304,1157,0
2024-02-12T06:00Z,FR,13449,1163,0
2024-02-12T07:00Z,FR,11869,1088,374
2024-02-12T08:00Z,FR,13655,1172,1181
2024-02-12T09:00Z,FR,15015,1229,1773
2024-02-12T10:00Z,FR,15716,1256,1949
2024-02-12T11:00Z,FR,15316,1241,2002
2024-02-12T12:00Z,FR,14791,1220,1757
2024-02-12T13:00Z,FR,15065,1231,1597
2024-02-12T14:00Z,FR,14628,1213,1122
2024-02-12T15:00Z,FR,13398,1161,656
2024-02-12T16:00Z,FR,11264,1057,113
2024-02-12T17:00Z,FR,10576,1020,0
2024-02-12T18:00Z,FR,11304,1060,0
2024-02-12T19:00Z,FR,11350,1062,0
2024-02-12T20:00Z,FR,10428,1012,0
2024-02-12T21:00Z,FR,9721,971,0
2024-02-12T22:00Z,FR,10029,989,0
2024-02-12T23:00Z,FR,8468,893,0
2024-02-13T00:00Z,FR,9693,970,0
2024-02-13T01:00Z,FR,11755,1083,0
2024-02-13T02:00Z,FR,11166,1052,0
2024-02-13T03:00Z,FR,10610,1022,0
2024-02-13T04:00Z,FR,11095,1049,0
2024-02-13T05:00Z,FR,12316,1110,0
2024-02-13T06:00Z,FR,14038,1189,0
2024-02-13T07:00Z,FR,12645,1126,357
2024-02-13T08:00Z,FR,14802,1221,1021
2024-02-13T09:00Z,FR,14606,1213,1581
2024-02-13T10:00Z,FR,13220,1153,2104
2024-02-13T11:00Z,FR,12280,1109,2947
2024-02-13T12:00Z,FR,11320,1060,2742
2024-02-13T13:00Z,FR,10581,1021,2578
2024-02-13T14:00Z,FR,10237,1001,1820
2024-02-13T15:00Z,FR,9537,960,1129
2024-02-13T16:00Z,FR,7506,826,230
2024-02-13T17:00Z,FR,6513,751,0
2024-02-13T18:00Z,FR,6589,757,0
2024-02-13T19:00Z,FR,6416,743,0
2024-02-13T20:00Z,FR,6411,743,0
2024-02-13T21:00Z,FR,5543,671,0
2024-02-13T22:00Z,FR,4977,620,0
2024-02-13T23:00Z,FR,5019,624,0
2024-02-14T00:00Z,FR,3711,495,0
2024-02-14T01:00Z,FR,3070,424,0
2024-02-14T02:00Z,FR,3544,477,0
2024-02-14T03:00Z,FR,2712,383,0
2024-02-14T04:00Z,FR,2194,319,0
2024-02-14T05:00Z,FR,3733,497,0
2024-02-14T06:00Z,FR,5165,637,0
2024-02-14T07:00Z,FR,3281,448,465
2024-02-14T08:00Z,FR,3817,506,1237
2024-02-14T09:00Z,FR,4870,610,1781
2024-02-14T10:00Z,FR,4820,605,2230
2024-02-14T11:00Z,FR,5123,633,2478
2024-02-14T12:00Z,FR,3946,519,2358
2024-02-14T13:00Z,FR,2794,392,2040
2024-02-14T14:00Z,FR,1683,253,1600
2024-02-14T15:00Z,FR,1065,166,864
2024-02-14T16:00Z,FR,624,100,179
2024-02-14T17:00Z,FR,790,126,0
2024-02-14T18:00Z,FR,626,101,0
2024-02-14T19:00Z,FR,830,132,0
2024-02-14T20:00Z,FR,806,128,0
2024-02-14T21:00Z,FR,665,107,0
2024-02-14T22:00Z,FR,520,84,0
2024-02-14T23:00Z,FR,1000,157,0
2024-02-15T00:00Z,FR,967,152,0
2024-02-15T01:00Z,FR,784,125,0
2024-02-15T02:00Z,FR,589,95,0
2024-02-15T03:00Z,FR,711,114,0
2024-02-15T04:00Z,FR,935,147,0
2024-02-15T05:00Z,FR,1131,176,0
2024-02-15T06:00Z,FR,790,126,0
2024-02-15T07:00Z,FR,787,125,780
2024-02-15T08:00Z,FR,900,142,2061
2024-02-15T09:00Z,FR,1478,225,2997
2024-02-15T10:00Z,FR,1964,290,3756
2024-02-15T11:00Z,FR,1287,198,3952
2024-02-15T12:00Z,FR,1636,247,3977
2024-02-15T13:00Z,FR,1371,210,3560
2024-02-15T14:00Z,FR,1806,269,2625
2024-02-15T15:00Z,FR,1281,197,1507
2024-02-15T16:00Z,FR,1370,210,341
2024-02-15T17:00Z,FR,1515,230,0
2024-02-15T18:00Z,FR,1161,180,0
2024-02-15T19:00Z,FR,747,119,0
2024-02-15T20:00Z,FR,611,98,0
2024-02-15T21:00Z,FR,499,81,0
2024-02-15T22:00Z,FR,905,143,0
2024-02-15T23:00Z,FR,938,148,0
2024-02-16T00:00Z,FR,1102,172,0
2024-02-16T01:00Z,FR,1421,217,0
2024-02-16T02:00Z,FR,1726,259,0
2024-02-16T03:00Z,FR,1773,265,0
2024-02-16T04:00Z,FR,2697,381,0
2024-02-16T05:00Z,FR,2037,299,0
2024-02-16T06:00Z,FR,1455,222,0
2024-02-16T07:00Z,FR,909,144,885
2024-02-16T08:00Z,FR,384,63,2280
2024-02-16T09:00Z,FR,344,56,3439
2024-02-16T10:00Z,FR,228,38,4190
2024-02-16T11:00Z,FR,149,25,4682
2024-02-16T12:00Z,FR,177,29,4782
2024-02-16T13:00Z,FR,151,25,4087
2024-02-16T14:00Z,FR,98,16,3085
2024-02-16T15:00Z,FR,85,14,1781
2024-02-16T16:00Z,FR,220,36,465
2024-02-16T17:00Z,FR,127,21,0
2024-02-16T18:00Z,FR,236,39,0
2024-02-16T19:00Z,FR,203,34,0
2024-02-16T20:00Z,FR,259,43,0
2024-02-16T21:00Z,FR,564,91,0
2024-02-16T22:00Z,FR,233,38,0
2024-02-16T23:00Z,FR,293,48,0
2024-02-17T00:00Z,FR,262,43,0
2024-02-17T01:00Z,FR,152,25,0
2024-02-17T02:00Z,FR,158,26,0
2024-02-17T03:00Z,FR,283,47,0
2024-02-17T04:00Z,FR,322,53,0
2024-02-17T05:00Z,FR,327,54,0
2024-02-17T06:00Z,FR,444,72,0
2024-02-17T07:00Z,FR,636,102,682
2024-02-17T08:00Z,FR,913,144,1853
2024-02-17T09:00Z,FR,772,123,2810
2024-02-17T10:00Z,FR,737,118,3196
2024-02-17T11:00Z,FR,874,138,3633
2024-02-17T12:00Z,FR,474,77,3306
2024-02-17T13:00Z,FR,527,85,2831
2024-02-17T14:00Z,FR,812,129,1971
2024-02-17T15:00Z,FR,947,149,1156
2024-02-17T16:00Z,FR,1428,218,255
2024-02-17T17:00Z,FR,1082,169,0
2024-02-17T18:00Z,FR,1302,200,0
2024-02-17T19:00Z,FR,1274,197,0
2024-02-17T20:00Z,FR,846,134,0
2024-02-17T21:00Z,FR,754,120,0
2024-02-17T22:00Z,FR,512,83,0
2024-02-17T23:00Z,FR,640,103,0
2024-02-18T00:00Z,FR,785,125,0
2024-02-18T01:00Z,FR,760,121,0
2024-02-18T02:00Z,FR,521,84,0
2024-02-18T03:00Z,FR,597,96,0
2024-02-18T04:00Z,FR,518,84,0
2024-02-18T05:00Z,FR,804,128,0
2024-02-18T06:00Z,FR,1320,203,0
2024-02-18T07:00Z,FR,1365,209,469
2024-02-18T08:00Z,FR,1179,183,1343
2024-02-18T09:00Z,FR,773,123,2115
2024-02-18T10:00Z,FR,821,130,2821
2024-02-18T11:00Z,FR,1768,264,3346
2024-02-18T12:00Z,FR,1934,286,3114
2024-02-18T13:00Z,FR,1848,275,2630
2024-02-18T14:00Z,FR,2920,407,1911
2024-02-18T15:00Z,FR,4152,540,1090
2024-02-18T16:00Z,FR,3536,476,248
2024-02-18T17:00Z,FR,3902,515,0
2024-02-18T18:00Z,FR,2585,368,0
2024-02-18T19:00Z,FR,1874,278,0
2024-02-18T20:00Z,FR,1513,230,0
2024-02-18T21:00Z,FR,1013,159,0
2024-02-18T22:00Z,FR,1456,222,0
2024-02-18T23:00Z,FR,1695,255,0
2024-02-19T00:00Z,FR,1248,193,0
2024-02-19T01:00Z,FR,1660,250,0
2024-02-19T02:00Z,FR,2133,312,0
2024-02-19T03:00Z,FR,1796,268,0
2024-02-19T04:00Z,FR,2482,355,0
2024-02-19T05:00Z,FR,3062,423,0
2024-02-19T06:00Z,FR,4174,542,0
2024-02-19T07:00Z,FR,4757,599,874
2024-02-19T08:00Z,FR,4518,576,2052
2024-02-19T09:00Z,FR,4346,560,2805
2024-02-19T10:00Z,FR,6319,736,3505
2024-02-19T11:00Z,FR,5288,648,3764
2024-02-19T12:00Z,FR,4500,575,3999
2024-02-19T13:00Z,FR,6519,752,3502
2024-02-19T14:00Z,FR,8292,881,2662
2024-02-19T15:00Z,FR,7699,840,1547
2024-02-19T16:00Z,FR,7203,804,440
2024-02-19T17:00Z,FR,6730,768,0
2024-02-19T18:00Z,FR,6110,719,0
2024-02-19T19:00Z,FR,4683,592,0
2024-02-19T20:00Z,FR,3926,517,0
2024-02-19T21:00Z,FR,3735,497,0
2024-02-19T22:00Z,FR,3432,465,0
2024-02-19T23:00Z,FR,3104,428,0
2024-02-20T00:00Z,FR,4056,530,0
2024-02-20T01:00Z,FR,3498,472,0
2024-02-20T02:00Z,FR,5085,630,0
2024-02-20T03:00Z,FR,5099,631,0
2024-02-20T04:00Z,FR,7395,818,0
2024-02-20T05:00Z,FR,8905,921,0
2024-02-20T06:00Z,FR,7770,845,0
2024-02-20T07:00Z,FR,7086,795,762
2024-02-20T08:00Z,FR,6187,725,1731
2024-02-20T09:00Z,FR,7410,819,2416
2024-02-20T10:00Z,FR,7688,839,2739
2024-02-20T11:00Z,FR,10990,1043,2858
2024-02-20T12:00Z,FR,13232,1153,2958
2024-02-20T13:00Z,FR,12296,1110,2527
2024-02-20T14:00Z,FR,10840,1035,1828
2024-02-20T15:00Z,FR,9480,957,1059
2024-02-20T16:00Z,FR,10241,1002,314
2024-02-20T17:00Z,FR,10031,989,0
2024-02-20T18:00Z,FR,11148,1051,0
2024-02-20T19:00Z,FR,8991,927,0
2024-02-20T20:00Z,FR,7635,835,0
2024-02-20T21:00Z,FR,8234,877,0
2024-02-20T22:00Z,FR,4941,617,0
2024-02-20T23:00Z,FR,4073,532,0
2024-02-21T00:00Z,FR,4825,606,0
2024-02-21T01:00Z,FR,7869,852,0
2024-02-21T02:00Z,FR,9520,959,0
2024-02-21T03:00Z,FR,10352,1008,0
2024-02-21T04:00Z,FR,8554,898,0
2024-02-21T05:00Z,FR,9512,959,0
2024-02-21T06:00Z,FR,11189,1053,0
2024-02-21T07:00Z,FR,9439,954,442
2024-02-21T08:00Z,FR,8855,918,1135
2024-02-21T09:00Z,FR,7671,838,1928
2024-02-21T10:00Z,FR,7724,842,2536
2024-02-21T11:00Z,FR,8274,880,2557
2024-02-21T12:00Z,FR,8392,888,2242
2024-02-21T13:00Z,FR,8893,920,2046
2024-02-21T14:00Z,FR,9659,968,1618
2024-02-21T15:00Z,FR,7967,859,933
2024-02-21T16:00Z,FR,6458,747,279
2024-02-21T17:00Z,FR,6864,779,0
2024-02-21T18:00Z,FR,8829,916,0
2024-02-21T19:00Z,FR,9772,974,0
2024-02-21T20:00Z,FR,8754,911,0
2024-02-21T21:00Z,FR,7049,793,0
2024-02-21T22:00Z,FR,5908,702,0
2024-02-21T23:00Z,FR,4360,561,0
2024-02-22T00:00Z,FR,4416,566,0
2024-02-22T01:00Z,FR,2802,393,0
2024-02-22T02:00Z,FR,4502,575,0
2024-02-22T03:00Z,FR,5433,661,0
2024-02-22T04:00Z,FR,6926,783,0
2024-02-22T05:00Z,FR,9286,945,0
2024-02-22T06:00Z,FR,10811,1033,0
2024-02-22T07:00Z,FR,10479,1015,474
2024-02-22T08:00Z,FR,9761,974,1040
2024-02-22T09:00Z,FR,9719,971,1495
2024-02-22T10:00Z,FR,11754,1083,1925
2024-02-22T11:00Z,FR,11620,1076,2164
2024-02-22T12:00Z,FR,10459,1014,2283
2024-02-22T13:00Z,FR,12043,1097,1616
2024-02-22T14:00Z,FR,12661,1127,1194
2024-02-22T15:00Z,FR,13311,1157,761
2024-02-22T16:00Z,FR,14304,1200,278
2024-02-22T17:00Z,FR,13987,1187,0
2024-02-22T18:00Z,FR,15591,1252,0
2024-02-22T19:00Z,FR,16450,1284,0
2024-02-22T20:00Z,FR,17250,1312,0
2024-02-22T21:00Z,FR,17952,1336,0
2024-02-22T22:00Z,FR,17515,1321,0
2024-02-22T23:00Z,FR,17208,1310,0
2024-02-23T00:00Z,FR,17436,1318,0
2024-02-23T01:00Z,FR,18094,1340,0
2024-02-23T02:00Z,FR,17306,1314,0
2024-02-23T03:00Z,FR,17585,1323,0
2024-02-23T04:00Z,FR,17830,1332,0
2024-02-23T05:00Z,FR,17709,1327,0
2024-02-23T06:00Z,FR,17517,1321,0
2024-02-23T07:00Z,FR,17518,1321,416
2024-02-23T08:00Z,FR,17536,1322,1250
2024-02-23T09:00Z,FR,17176,1309,1900
2024-02-23T10:00Z,FR,17496,1320,2378
2024-02-23T11:00Z,FR,18156,1342,2368
2024-02-23T12:00Z,FR,18157,1342,2523
2024-02-23T13:00Z,FR,17425,1318,1899
2024-02-23T14:00Z,FR,16609,1289,1462
2024-02-23T15:00Z,FR,15675,1255,950
2024-02-23T16:00Z,FR,15730,1257,332
2024-02-23T17:00Z,FR,14945,1226,0
2024-02-23T18:00Z,FR,14828,1222,0
2024-02-23T19:00Z,FR,15222,1237,0
2024-02-23T20:00Z,FR,14854,1223,0
2024-02-23T21:00Z,FR,14201,1196,0
2024-02-23T22:00Z,FR,14073,1190,0
2024-02-23T23:00Z,FR,14323,1201,0
2024-02-24T00:00Z,FR,13320,1157,0
2024-02-24T01:00Z,FR,13043,1145,0
2024-02-24T02:00Z,FR,13341,1158,0
2024-02-24T03:00Z,FR,13498,1165,0
2024-02-24T04:00Z,FR,14109,1192,0
2024-02-24T05:00Z,FR,15454,1246,0
2024-02-24T06:00Z,FR,16542,1287,0
2024-02-24T07:00Z,FR,16643,1291,533
2024-02-24T08:00Z,FR,15963,1266,1055
2024-02-24T09:00Z,FR,15104,1233,1727
2024-02-24T10:00Z,FR,14577,1211,2047
2024-02-24T11:00Z,FR,14068,1190,2111
2024-02-24T12:00Z,FR,14542,1210,2290
2024-02-24T13:00Z,FR,14971,1227,1882
2024-02-24T14:00Z,FR,15421,1245,1532
2024-02-24T15:00Z,FR,15966,1266,1074
2024-02-24T16:00Z,FR,16097,1271,394
2024-02-24T17:00Z,FR,16470,1284,0
2024-02-24T18:00Z,FR,15040,1230,0
2024-02-24T19:00Z,FR,13614,1170,0
2024-02-24T20:00Z,FR,13921,1184,0
2024-02-24T21:00Z,FR,13999,1187,0
2024-02-24T22:00Z,FR,14617,1213,0
2024-02-24T23:00Z,FR,13166,1150,0
2024-02-25T00:00Z,FR,13386,1160,0
2024-02-25T01:00Z,FR,11008,1044,0
2024-02-25T02:00Z,FR,11141,1051,0
2024-02-25T03:00Z,FR,12820,1134,0
2024-02-25T04:00Z,FR,10804,1033,0
2024-02-25T05:00Z,FR,11674,1079,0
2024-02-25T06:00Z,FR,10682,1026,0
2024-02-25T07:00Z,FR,10693,1027,680
2024-02-25T08:00Z,FR,11269,1058,1446
2024-02-25T09:00Z,FR,11052,1046,1867
2024-02-25T10:00Z,FR,9333,948,2437
2024-02-25T11:00Z,FR,11942,1092,2612
2024-02-25T12:00Z,FR,10582,1021,2747
2024-02-25T13:00Z,FR,8779,913,2578
2024-02-25T14:00Z,FR,9688,969,1933
2024-02-25T15:00Z,FR,7344,814,967
2024-02-25T16:00Z,FR,7247,807,331
2024-02-25T17:00Z,FR,7669,838,0
2024-02-25T18:00Z,FR,4853,608,0
2024-02-25T19:00Z,FR,3837,508,0
2024-02-25T20:00Z,FR,2904,405,0
2024-02-25T21:00Z,FR,4287,554,0
2024-02-25T22:00Z,FR,3542,477,0
2024-02-25T23:00Z,FR,3379,459,0
2024-02-26T00:00Z,FR,4127,538,0
2024-02-26T01:00Z,FR,5073,629,0
2024-02-26T02:00Z,FR,7377,817,0
2024-02-26T03:00Z,FR,6948,785,0
2024-02-26T04:00Z,FR,6921,783,0
2024-02-26T05:00Z,FR,4119,537,0
2024-02-26T06:00Z,FR,3828,507,0
2024-02-26T07:00Z,FR,2798,393,492
2024-02-26T08:00Z,FR,3885,513,1098
2024-02-26T09:00Z,FR,4946,617,1410
2024-02-26T10:00Z,FR,4100,535,1738
2024-02-26T11:00Z,FR,6138,721,2077
2024-02-26T12:00Z,FR,7064,794,2103
2024-02-26T13:00Z,FR,6486,749,1730
2024-02-26T14:00Z,FR,7545,829,1272
2024-02-26T15:00Z,FR,10226,1001,793
2024-02-26T16:00Z,FR,13495,1165,290
2024-02-26T17:00Z,FR,12228,1106,0
2024-02-26T18:00Z,FR,11881,1089,0
2024-02-26T19:00Z,FR,10126,995,0
2024-02-26T20:00Z,FR,10831,1034,0
2024-02-26T21:00Z,FR,8310,882,0
2024-02-26T22:00Z,FR,5944,705,0
2024-02-26T23:00Z,FR,4975,620,0
2024-02-27T00:00Z,FR,3340,455,0
2024-02-27T01:00Z,FR,4078,533,0
2024-02-27T02:00Z,FR,5213,641,0
2024-02-27T03:00Z,FR,5814,694,0
2024-02-27T04:00Z,FR,5428,661,0
2024-02-27T05:00Z,FR,4390,564,0
2024-02-27T06:00Z,FR,5122,633,8
2024-02-27T07:00Z,FR,5691,683,844
2024-02-27T08:00Z,FR,7775,845,1585
2024-02-27T09:00Z,FR,5287,648,2201
2024-02-27T10:00Z,FR,6217,727,2885
2024-02-27T11:00Z,FR,7056,793,3341
2024-02-27T12:00Z,FR,7975,859,3470
2024-02-27T13:00Z,FR,8960,925,3057
2024-02-27T14:00Z,FR,8041,864,2268
2024-02-27T15:00Z,FR,7558,830,1342
2024-02-27T16:00Z,FR,5952,705,450
2024-02-27T17:00Z,FR,4809,604,0
2024-02-27T18:00Z,FR,4070,532,0
2024-02-27T19:00Z,FR,3897,514,0
2024-02-27T20:00Z,FR,2457,352,0
2024-02-27T21:00Z,FR,1440,220,0
2024-02-27T22:00Z,FR,1561,236,0
2024-02-27T23:00Z,FR,1298,200,0
2024-02-28T00:00Z,FR,1539,233,0
2024-02-28T01:00Z,FR,2772,390,0
2024-02-28T02:00Z,FR,2850,399,0
2024-02-28T03:00Z,FR,2941,410,0
2024-02-28T04:00Z,FR,2785,391,0
2024-02-28T05:00Z,FR,2680,379,0
2024-02-28T06:00Z,FR,2446,351,36
2024-02-28T07:00Z,FR,4565,581,1349
2024-02-28T08:00Z,FR,3979,523,2607
2024-02-28T09:00Z,FR,4034,528,3774
2024-02-28T10:00Z,FR,3922,517,4678
2024-02-28T11:00Z,FR,3964,521,5159
2024-02-28T12:00Z,FR,3999,525,4638
2024-02-28T13:00Z,FR,3223,442,4129
2024-02-28T14:00Z,FR,4008,526,2964
2024-02-28T15:00Z,FR,2847,399,1919
2024-02-28T16:00Z,FR,3429,464,755
2024-02-28T17:00Z,FR,3532,476,0
2024-02-28T18:00Z,FR,4501,575,0
2024-02-28T19:00Z,FR,3997,525,0
2024-02-28T20:00Z,FR,3351,456,0
2024-02-28T21:00Z,FR,2302,333,0
2024-02-28T22:00Z,FR,808,128,0
2024-02-28T23:00Z,FR,1039,163,0
2024-02-29T00:00Z,FR,995,156,0
2024-02-29T01:00Z,FR,721,115,0
2024-02-29T02:00Z,FR,619,100,0
2024-02-29T03:00Z,FR,544,88,0
2024-02-29T04:00Z,FR,478,78,0
2024-02-29T05:00Z,FR,499,81,0
2024-02-29T06:00Z,FR,461,75,32
2024-02-29T07:00Z,FR,481,78,834
2024-02-29T08:00Z,FR,733,117,1716
2024-02-29T09:00Z,FR,882,139,2441
2024-02-29T10:00Z,FR,623,100,2789
2024-02-29T11:00Z,FR,902,142,3293
2024-02-29T12:00Z,FR,887,140,3302
2024-02-29T13:00Z,FR,468,76,2742
2024-02-29T14:00Z,FR,262,43,1901
2024-02-29T15:00Z,FR,277,46,1079
2024-02-29T16:00Z,FR,216,36,431
2024-02-29T17:00Z,FR,245,40,0
2024-02-29T18:00Z,FR,414,68,0
2024-02-29T19:00Z,FR,474,77,0
2024-02-29T20:00Z,FR,216,36,0
2024-02-29T21:00Z,FR,264,44,0
2024-02-29T22:00Z,FR,264,43,0
2024-02-29T23:00Z,FR,239,40,0
2024-03-01T00:00Z,FR,161,27,0
2024-03-01T01:00Z,FR,159,26,0
2024-03-01T02:00Z,FR,185,31,0
2024-03-01T03:00Z,FR,156,26,0
2024-03-01T04:00Z,FR,183,30,0
2024-03-01T05:00Z,FR,161,27,0
2024-03-01T06:00Z,FR,159,26,43
2024-03-01T07:00Z,FR,209,35,672
2024-03-01T08:00Z,FR,229,38,1434
2024-03-01T09:00Z,FR,234,39,1928
2024-03-01T10:00Z,FR,346,57,2700
2024-03-01T11:00Z,FR,391,64,2806
2024-03-01T12:00Z,FR,319,52,3179
2024-03-01T13:00Z,FR,201,33,2834
2024-03-01T14:00Z,FR,188,31,2187
2024-03-01T15:00Z,FR,269,44,1478
2024-03-01T16:00Z,FR,364,60,596
2024-03-01T17:00Z,FR,533,86,0
2024-03-01T18:00Z,FR,616,99,0
2024-03-01T19:00Z,FR,592,95,0
2024-03-01T20:00Z,FR,501,81,0
2024-03-01T21:00Z,FR,394,64,0
2024-03-01T22:00Z,FR,567,92,0
2024-03-01T23:00Z,FR,563,91,0
2024-03-02T00:00Z,FR,389,64,0
2024-03-02T01:00Z,FR,586,95,0
2024-03-02T02:00Z,FR,620,100,0
2024-03-02T03:00Z,FR,445,72,0
2024-03-02T04:00Z,FR,421,69,0
2024-03-02T05:00Z,FR,442,72,0
2024-03-02T06:00Z,FR,430,70,59
2024-03-02T07:00Z,FR,462,75,687
2024-03-02T08:00Z,FR,505,82,1448
2024-03-02T09:00Z,FR,699,112,2350
2024-03-02T10:00Z,FR,874,138,2790
2024-03-02T11:00Z,FR,849,135,2874
2024-03-02T12:00Z,FR,810,129,2516
2024-03-02T13:00Z,FR,723,116,2718
2024-03-02T14:00Z,FR,653,105,1938
2024-03-02T15:00Z,FR,1567,237,1306
2024-03-02T16:00Z,FR,1346,207,529
2024-03-02T17:00Z,FR,1520,231,0
2024-03-02T18:00Z,FR,1766,264,0
2024-03-02T19:00Z,FR,2193,319,0
2024-03-02T20:00Z,FR,1865,277,0
2024-03-02T21:00Z,FR,1318,203,0
2024-03-02T22:00Z,FR,1444,220,0
2024-03-02T23:00Z,FR,906,143,0
2024-03-03T00:00Z,FR,1303,201,0
2024-03-03T01:00Z,FR,1377,211,0
2024-03-03T02:00Z,FR,1061,166,0
2024-03-03T03:00Z,FR,1014,159,0
2024-03-03T04:00Z,FR,938,148,0
2024-03-03T05:00Z,FR,1550,235,0
2024-03-03T06:00Z,FR,2315,335,102
2024-03-03T07:00Z,FR,1523,231,907
2024-03-03T08:00Z,FR,2191,319,1632
2024-03-03T09:00Z,FR,2925,408,2486
2024-03-03T10:00Z,FR,2660,377,3151
2024-03-03T11:00Z,FR,2832,397,3442
2024-03-03T12:00Z,FR,3105,428,3509
2024-03-03T13:00Z,FR,3044,421,3038
2024-03-03T14:00Z,FR,4228,548,2199
2024-03-03T15:00Z,FR,4971,619,1549
2024-03-03T16:00Z,FR,6339,737,584
2024-03-03T17:00Z,FR,8427,890,0
2024-03-03T18:00Z,FR,7979,860,0
2024-03-03T19:00Z,FR,8262,879,0
2024-03-03T20:00Z,FR,6197,726,0
2024-03-03T21:00Z,FR,6278,732,0
2024-03-03T22:00Z,FR,5786,692,0
2024-03-03T23:00Z,FR,5095,631,0
2024-03-04T00:00Z,FR,5649,680,0
2024-03-04T01:00Z,FR,6246,730,0
2024-03-04T02:00Z,FR,6252,730,0
2024-03-04T03:00Z,FR,7095,796,0
2024-03-04T04:00Z,FR,4180,543,0
2024-03-04T05:00Z,FR,4220,547,0
2024-03-04T06:00Z,FR,4611,585,79
2024-03-04T07:00Z,FR,2419,347,788
2024-03-04T08:00Z,FR,3423,464,1281
2024-03-04T09:00Z,FR,4158,541,1553
2024-03-04T10:00Z,FR,4430,568,2002
2024-03-04T11:00Z,FR,4574,582,2570
2024-03-04T12:00Z,FR,3820,506,2262
2024-03-04T13:00Z,FR,3324,453,2509
2024-03-04T14:00Z,FR,3830,507,2080
2024-03-04T15:00Z,FR,4376,563,1392
2024-03-04T16:00Z,FR,3255,445,563
2024-03-04T17:00Z,FR,2931,408,0
2024-03-04T18:00Z,FR,2856,400,0
2024-03-04T19:00Z,FR,4267,552,0
2024-03-04T20:00Z,FR,5007,623,0
2024-03-04T21:00Z,FR,4843,607,0
2024-03-04T22:00Z,FR,4609,585,0
2024-03-04T23:00Z,FR,3053,422,0
2024-03-05T00:00Z,FR,2486,356,0
2024-03-05T01:00Z,FR,2666,377,0
2024-03-05T02:00Z,FR,1448,221,0
2024-03-05T03:00Z,FR,1395,214,0
2024-03-05T04:00Z,FR,1326,204,0
2024-03-05T05:00Z,FR,1483,226,0
2024-03-05T06:00Z,FR,2484,355,251
2024-03-05T07:00Z,FR,3350,456,1993
2024-03-05T08:00Z,FR,3242,444,3811
2024-03-05T09:00Z,FR,2517,359,5422
2024-03-05T10:00Z,FR,2834,397,6587
2024-03-05T11:00Z,FR,3247,444,6931
2024-03-05T12:00Z,FR,2811,395,6777
2024-03-05T13:00Z,FR,3190,438,6262
2024-03-05T14:00Z,FR,2835,397,4872
2024-03-05T15:00Z,FR,2607,370,3174
2024-03-05T16:00Z,FR,2989,415,1381
2024-03-05T17:00Z,FR,3524,475,0
2024-03-05T18:00Z,FR,4945,617,0
2024-03-05T19:00Z,FR,5510,668,0
2024-03-05T20:00Z,FR,5715,685,0
2024-03-05T21:00Z,FR,5960,706,0
2024-03-05T22:00Z,FR,5341,653,0
2024-03-05T23:00Z,FR,4610,585,0
2024-03-06T00:00Z,FR,3781,502,0
2024-03-06T01:00Z,FR,4277,553,0
2024-03-06T02:00Z,FR,3201,439,0
2024-03-06T03:00Z,FR,2365,341,0
2024-03-06T04:00Z,FR,2180,318,0
2024-03-06T05:00Z,FR,1983,292,0
2024-03-06T06:00Z,FR,2578,367,252
2024-03-06T07:00Z,FR,2902,405,1651
2024-03-06T08:00Z,FR,3707,494,3293
2024-03-06T09:00Z,FR,3870,511,4272
2024-03-06T10:00Z,FR,5127,634,5133
2024-03-06T11:00Z,FR,4681,592,6036
2024-03-06T12:00Z,FR,6224,728,5949
2024-03-06T13:00Z,FR,6629,760,5371
2024-03-06T14:00Z,FR,4978,620,4158
2024-03-06T15:00Z,FR,4521,577,2737
2024-03-06T16:00Z,FR,3626,486,1121
2024-03-06T17:00Z,FR,2316,335,0
2024-03-06T18:00Z,FR,3028,420,0
2024-03-06T19:00Z,FR,4286,554,0
2024-03-06T20:00Z,FR,3546,477,0
2024-03-06T21:00Z,FR,2144,313,0
2024-03-06T22:00Z,FR,2194,319,0
2024-03-06T23:00Z,FR,2555,364,0
2024-03-07T00:00Z,FR,2913,406,0
2024-03-07T01:00Z,FR,3603,483,0
2024-03-07T02:00Z,FR,4935,616,0
2024-03-07T03:00Z,FR,6007,710,0
2024-03-07T04:00Z,FR,8261,879,0
2024-03-07T05:00Z,FR,9807,976,0
2024-03-07T06:00Z,FR,9888,981,134
2024-03-07T07:00Z,FR,10635,1024,786
2024-03-07T08:00Z,FR,11126,1050,1636
2024-03-07T09:00Z,FR,12233,1106,2264
2024-03-07T10:00Z,FR,12219,1106,2961
2024-03-07T11:00Z,FR,14511,1209,3345
2024-03-07T12:00Z,FR,15539,1250,3604
2024-03-07T13:00Z,FR,15612,1252,3045
2024-03-07T14:00Z,FR,16554,1287,2217
2024-03-07T15:00Z,FR,16782,1296,1493
2024-03-07T16:00Z,FR,16713,1293,639
2024-03-07T17:00Z,FR,17619,1324,0
2024-03-07T18:00Z,FR,17004,1303,0
2024-03-07T19:00Z,FR,16302,1278,0
2024-03-07T20:00Z,FR,15813,1260,0
2024-03-07T21:00Z,FR,15388,1244,0
2024-03-07T22:00Z,FR,15379,1243,0
2024-03-07T23:00Z,FR,15875,1262,0
2024-03-08T00:00Z,FR,15995,1267,0
2024-03-08T01:00Z,FR,15632,1253,0
2024-03-08T02:00Z,FR,15536,1249,0
2024-03-08T03:00Z,FR,15939,1265,0
2024-03-08T04:00Z,FR,16010,1267,0
2024-03-08T05:00Z,FR,14924,1225,0
2024-03-08T06:00Z,FR,13276,1155,222
2024-03-08T07:00Z,FR,12199,1105,1081
2024-03-08T08:00Z,FR,12424,1116,1909
2024-03-08T09:00Z,FR,12126,1101,2705
2024-03-08T10:00Z,FR,10889,1037,3409
2024-03-08T11:00Z,FR,11053,1046,3565
2024-03-08T12:00Z,FR,9681,969,3369
2024-03-08T13:00Z,FR,7602,833,3142
2024-03-08T14:00Z,FR,7056,793,2689
2024-03-08T15:00Z,FR,5979,708,1805
2024-03-08T16:00Z,FR,6342,737,876
2024-03-08T17:00Z,FR,5198,640,0
2024-03-08T18:00Z,FR,5711,685,0
2024-03-08T19:00Z,FR,4161,541,0
2024-03-08T20:00Z,FR,4936,616,0
2024-03-08T21:00Z,FR,3581,481,0
2024-03-08T22:00Z,FR,3058,423,0
2024-03-08T23:00Z,FR,3276,448,0
2024-03-09T00:00Z,FR,4431,568,0
2024-03-09T01:00Z,FR,5131,634,0
2024-03-09T02:00Z,FR,4147,540,0
2024-03-09T03:00Z,FR,3648,488,0
2024-03-09T04:00Z,FR,4010,526,0
2024-03-09T05:00Z,FR,4192,544,0
2024-03-09T06:00Z,FR,4755,599,126
2024-03-09T07:00Z,FR,3601,483,648
2024-03-09T08:00Z,FR,3595,482,1253
2024-03-09T09:00Z,FR,2989,415,2019
2024-03-09T10:00Z,FR,2638,374,2348
2024-03-09T11:00Z,FR,2736,386,2340
2024-03-09T12:00Z,FR,2657,376,2718
2024-03-09T13:00Z,FR,3412,463,2385
2024-03-09T14:00Z,FR,2873,402,1858
2024-03-09T15:00Z,FR,3719,496,1334
2024-03-09T16:00Z,FR,2852,399,465
2024-03-09T17:00Z,FR,2795,393,0
2024-03-09T18:00Z,FR,1815,270,0
2024-03-09T19:00Z,FR,1490,227,0
2024-03-09T20:00Z,FR,1583,239,0
2024-03-09T21:00Z,FR,1651,249,0
2024-03-09T22:00Z,FR,1947,288,0
2024-03-09T23:00Z,FR,1631,246,0
2024-03-10T00:00Z,FR,1371,210,0
2024-03-10T01:00Z,FR,1376,211,0
2024-03-10T02:00Z,FR,914,144,0
2024-03-10T03:00Z,FR,1376,211,0
2024-03-10T04:00Z,FR,1455,222,0
2024-03-10T05:00Z,FR,1621,245,0
2024-03-10T06:00Z,FR,1759,263,170
2024-03-10T07:00Z,FR,2612,371,805
2024-03-10T08:00Z,FR,2688,380,1344
2024-03-10T09:00Z,FR,4368,562,1851
2024-03-10T10:00Z,FR,3742,498,2231
2024-03-10T11:00Z,FR,3244,444,2335
2024-03-10T12:00Z,FR,2813,395,2657
2024-03-10T13:00Z,FR,2494,357,2516
2024-03-10T14:00Z,FR,2027,298,2030
2024-03-10T15:00Z,FR,2596,369,1641
2024-03-10T16:00Z,FR,2429,349,671
2024-03-10T17:00Z,FR,2960,412,7
2024-03-10T18:00Z,FR,3376,459,0
2024-03-10T19:00Z,FR,3428,464,0
2024-03-10T20:00Z,FR,2659,377,0
2024-03-10T21:00Z,FR,3426,464,0
2024-03-10T22:00Z,FR,2236,325,0
2024-03-10T23:00Z,FR,3549,477,0
2024-03-11T00:00Z,FR,3192,438,0
2024-03-11T01:00Z,FR,2209,321,0
2024-03-11T02:00Z,FR,2235,325,0
2024-03-11T03:00Z,FR,2090,306,0
2024-03-11T04:00Z,FR,2679,379,0
2024-03-11T05:00Z,FR,2466,353,0
2024-03-11T06:00Z,FR,1918,284,289
2024-03-11T07:00Z,FR,2413,347,1391
2024-03-11T08:00Z,FR,2438,350,2356
2024-03-11T09:00Z,FR,2461,353,3067
2024-03-11T10:00Z,FR,2054,302,4009
2024-03-11T11:00Z,FR,2034,299,4573
2024-03-11T12:00Z,FR,1272,196,4814
2024-03-11T13:00Z,FR,1801,269,4133
2024-03-11T14:00Z,FR,1246,192,2973
2024-03-11T15:00Z,FR,1025,161,1992
2024-03-11T16:00Z,FR,1335,205,854
2024-03-11T17:00Z,FR,1417,216,23
2024-03-11T18:00Z,FR,1342,206,0
2024-03-11T19:00Z,FR,1423,217,0
2024-03-11T20:00Z,FR,1186,184,0
2024-03-11T21:00Z,FR,1418,217,0
2024-03-11T22:00Z,FR,1349,207,0
2024-03-11T23:00Z,FR,1547,234,0
2024-03-12T00:00Z,FR,1870,278,0
2024-03-12T01:00Z,FR,2032,299,0
2024-03-12T02:00Z,FR,1887,280,0
2024-03-12T03:00Z,FR,2476,354,0
2024-03-12T04:00Z,FR,1983,292,0
2024-03-12T05:00Z,FR,1536,233,0
2024-03-12T06:00Z,FR,1624,245,331
2024-03-12T07:00Z,FR,1876,279,1444
2024-03-12T08:00Z,FR,1839,274,2766
2024-03-12T09:00Z,FR,1568,237,3478
2024-03-12T10:00Z,FR,2084,305,3945
2024-03-12T11:00Z,FR,2745,387,4303
2024-03-12T12:00Z,FR,3345,455,4020
2024-03-12T13:00Z,FR,5081,629,3943
2024-03-12T14:00Z,FR,4500,575,2987
2024-03-12T15:00Z,FR,4799,603,2076
2024-03-12T16:00Z,FR,5406,659,968
2024-03-12T17:00Z,FR,5429,661,46
2024-03-12T18:00Z,FR,3776,502,0
2024-03-12T19:00Z,FR,4304,555,0
2024-03-12T20:00Z,FR,3339,455,0
2024-03-12T21:00Z,FR,3603,483,0
2024-03-12T22:00Z,FR,5956,706,0
2024-03-12T23:00Z,FR,5117,633,0
2024-03-13T00:00Z,FR,4866,610,0
2024-03-13T01:00Z,FR,3392,460,0
2024-03-13T02:00Z,FR,1920,284,0
2024-03-13T03:00Z,FR,1598,241,0
2024-03-13T04:00Z,FR,1324,203,0
2024-03-13T05:00Z,FR,1547,234,0
2024-03-13T06:00Z,FR,1589,240,467
2024-03-13T07:00Z,FR,2750,387,1809
2024-03-13T08:00Z,FR,2299,333,3180
2024-03-13T09:00Z,FR,2372,342,3742
2024-03-13T10:00Z,FR,3041,421,4840
2024-03-13T11:00Z,FR,2859,400,4916
2024-03-13T12:00Z,FR,2011,296,5060
2024-03-13T13:00Z,FR,1649,248,4706
2024-03-13T14:00Z,FR,1818,271,3707
2024-03-13T15:00Z,FR,2090,306,2576
2024-03-13T16:00Z,FR,1495,227,1355
2024-03-13T17:00Z,FR,2320,335,81
2024-03-13T18:00Z,FR,2201,320,0
2024-03-13T19:00Z,FR,3651,488,0
2024-03-13T20:00Z,FR,4343,559,0
2024-03-13T21:00Z,FR,2675,378,0
2024-03-13T22:00Z,FR,1573,238,0
2024-03-13T23:00Z,FR,931,147,0
2024-03-14T00:00Z,FR,596,96,0
2024-03-14T01:00Z,FR,535,87,0
2024-03-14T02:00Z,FR,903,143,0
2024-03-14T03:00Z,FR,1175,182,0
2024-03-14T04:00Z,FR,1877,279,0
2024-03-14T05:00Z,FR,2366,341,0
2024-03-14T06:00Z,FR,1232,191,432
2024-03-14T07:00Z,FR,1110,173,1440
2024-03-14T08:00Z,FR,1110,173,2781
2024-03-14T09:00Z,FR,1428,218,3836
2024-03-14T10:00Z,FR,1156,180,4606
2024-03-14T11:00Z,FR,1215,188,5101
2024-03-14T12:00Z,FR,1129,176,5225
2024-03-14T13:00Z,FR,1175,182,4745
2024-03-14T14:00Z,FR,1547,234,4030
2024-03-14T15:00Z,FR,1229,190,2646
2024-03-14T16:00Z,FR,1189,184,1328
2024-03-14T17:00Z,FR,1660,250,101
2024-03-14T18:00Z,FR,1705,256,0
2024-03-14T19:00Z,FR,2271,329,0
2024-03-14T20:00Z,FR,1615,244,0
2024-03-14T21:00Z,FR,1334,205,0
2024-03-14T22:00Z,FR,1467,223,0
2024-03-14T23:00Z,FR,1621,244,0
2024-03-15T00:00Z,FR,1716,257,0
2024-03-15T01:00Z,FR,2059,302,0
2024-03-15T02:00Z,FR,1827,272,0
2024-03-15T03:00Z,FR,1415,216,0
2024-03-15T04:00Z,FR,1166,181,0
2024-03-15T05:00Z,FR,725,116,0
2024-03-15T06:00Z,FR,937,148,374
2024-03-15T07:00Z,FR,625,101,1465
2024-03-15T08:00Z,FR,917,145,2704
2024-03-15T09:00Z,FR,793,126,4189
2024-03-15T10:00Z,FR,963,152,4622
2024-03-15T11:00Z,FR,792,126,4462
2024-03-15T12:00Z,FR,792,126,3809
2024-03-15T13:00Z,FR,744,119,3420
2024-03-15T14:00Z,FR,936,148,2562
2024-03-15T15:00Z,FR,1019,160,1734
2024-03-15T16:00Z,FR,1378,211,930
2024-03-15T17:00Z,FR,1881,279,80
2024-03-15T18:00Z,FR,1991,294,0
2024-03-15T19:00Z,FR,3842,508,0
2024-03-15T20:00Z,FR,2274,329,0
2024-03-15T21:00Z,FR,1852,275,0
2024-03-15T22:00Z,FR,2221,323,0
2024-03-15T23:00Z,FR,2728,385,0
2024-03-16T00:00Z,FR,2638,374,0
2024-03-16T01:00Z,FR,2404,346,0
2024-03-16T02:00Z,FR,3396,461,0
2024-03-16T03:00Z,FR,3925,517,0
2024-03-16T04:00Z,FR,4853,608,0
2024-03-16T05:00Z,FR,5208,641,0
2024-03-16T06:00Z,FR,6817,775,472
2024-03-16T07:00Z,FR,6586,757,1585
2024-03-16T08:00Z,FR,7098,796,3006
2024-03-16T09:00Z,FR,8777,913,4056
2024-03-16T10:00Z,FR,7966,859,4830
2024-03-16T11:00Z,FR,8276,880,5545
2024-03-16T12:00Z,FR,9610,965,5672
2024-03-16T13:00Z,FR,11090,1048,5054
2024-03-16T14:00Z,FR,11810,1085,3935
2024-03-16T15:00Z,FR,8319,883,2542
2024-03-16T16:00Z,FR,9452,955,1314
2024-03-16T17:00Z,FR,8290,881,151
2024-03-16T18:00Z,FR,8000,861,0
2024-03-16T19:00Z,FR,8169,873,0
2024-03-16T20:00Z,FR,8871,919,0
2024-03-16T21:00Z,FR,9150,937,0
2024-03-16T22:00Z,FR,9398,952,0
2024-03-16T23:00Z,FR,8693,907,0
2024-03-17T00:00Z,FR,8443,891,0
2024-03-17T01:00Z,FR,6494,750,0
2024-03-17T02:00Z,FR,5646,680,0
2024-03-17T03:00Z,FR,6483,749,0
2024-03-17T04:00Z,FR,7387,818,0
2024-03-17T05:00Z,FR,7810,848,0
2024-03-17T06:00Z,FR,5070,628,470
2024-03-17T07:00Z,FR,4439,569,1564
2024-03-17T08:00Z,FR,2554,364,2913
2024-03-17T09:00Z,FR,3192,438,3965
2024-03-17T10:00Z,FR,3048,422,4990
2024-03-17T11:00Z,FR,2923,408,5403
2024-03-17T12:00Z,FR,2638,374,5455
2024-03-17T13:00Z,FR,2737,386,4935
2024-03-17T14:00Z,FR,2780,391,4242
2024-03-17T15:00Z,FR,2679,379,3083
2024-03-17T16:00Z,FR,2214,322,1624
2024-03-17T17:00Z,FR,1589,240,212
2024-03-17T18:00Z,FR,1794,268,0
2024-03-17T19:00Z,FR,2650,375,0
2024-03-17T20:00Z,FR,1673,251,0
2024-03-17T21:00Z,FR,2020,297,0
2024-03-17T22:00Z,FR,2240,325,0
2024-03-17T23:00Z,FR,1122,175,0
2024-03-18T00:00Z,FR,864,137,0
2024-03-18T01:00Z,FR,667,107,0
2024-03-18T02:00Z,FR,696,111,0
2024-03-18T03:00Z,FR,1031,162,0
2024-03-18T04:00Z,FR,806,128,0
2024-03-18T05:00Z,FR,1110,173,0
2024-03-18T06:00Z,FR,1372,210,884
2024-03-18T07:00Z,FR,1371,210,2967
2024-03-18T08:00Z,FR,1734,260,4634
2024-03-18T09:00Z,FR,1937,286,6403
2024-03-18T10:00Z,FR,1964,290,7141
2024-03-18T11:00Z,FR,2782,391,7648
2024-03-18T12:00Z,FR,4331,558,7694
2024-03-18T13:00Z,FR,3671,491,6898
2024-03-18T14:00Z,FR,3857,510,5833
2024-03-18T15:00Z,FR,5061,628,4126
2024-03-18T16:00Z,FR,5187,639,2039
2024-03-18T17:00Z,FR,5902,701,285
2024-03-18T18:00Z,FR,7552,830,0
2024-03-18T19:00Z,FR,9511,959,0
2024-03-18T20:00Z,FR,9482,957,0
2024-03-18T21:00Z,FR,9017,928,0
2024-03-18T22:00Z,FR,8119,869,0
2024-03-18T23:00Z,FR,7084,795,0
2024-03-19T00:00Z,FR,7451,822,0
2024-03-19T01:00Z,FR,6894,781,0
2024-03-19T02:00Z,FR,6959,786,0
2024-03-19T03:00Z,FR,6620,760,0
2024-03-19T04:00Z,FR,6269,732,0
2024-03-19T05:00Z,FR,5532,670,0
2024-03-19T06:00Z,FR,7242,807,740
2024-03-19T07:00Z,FR,8629,903,2407
2024-03-19T08:00Z,FR,6640,761,3768
2024-03-19T09:00Z,FR,5925,703,4938
2024-03-19T10:00Z,FR,7283,810,5731
2024-03-19T11:00Z,FR,5570,673,5610
2024-03-19T12:00Z,FR,5938,704,5342
2024-03-19T13:00Z,FR,5633,678,4993
2024-03-19T14:00Z,FR,6538,753,4493
2024-03-19T15:00Z,FR,4961,618,3180
2024-03-19T16:00Z,FR,4481,573,1667
2024-03-19T17:00Z,FR,3707,494,268
2024-03-19T18:00Z,FR,3257,445,0
2024-03-19T19:00Z,FR,2102,308,0
2024-03-19T20:00Z,FR,1609,243,0
2024-03-19T21:00Z,FR,1958,289,0
2024-03-19T22:00Z,FR,1561,236,0
2024-03-19T23:00Z,FR,2584,368,0
2024-03-20T00:00Z,FR,2489,356,0
2024-03-20T01:00Z,FR,2470,354,0
2024-03-20T02:00Z,FR,2232,324,0
2024-03-20T03:00Z,FR,2611,371,0
2024-03-20T04:00Z,FR,2258,327,0
2024-03-20T05:00Z,FR,2675,378,0
2024-03-20T06:00Z,FR,3289,449,786
2024-03-20T07:00Z,FR,3746,498,2385
2024-03-20T08:00Z,FR,3312,452,4189
2024-03-20T09:00Z,FR,2653,376,5315
2024-03-20T10:00Z,FR,2667,377,6173
2024-03-20T11:00Z,FR,3581,481,6954
2024-03-20T12:00Z,FR,3173,436,7179
2024-03-20T13:00Z,FR,3584,481,6498
2024-03-20T14:00Z,FR,2972,413,5423
2024-03-20T15:00Z,FR,1600,242,4020
2024-03-20T16:00Z,FR,1844,274,2192
2024-03-20T17:00Z,FR,3905,515,398
2024-03-20T18:00Z,FR,4292,554,0
2024-03-20T19:00Z,FR,5250,645,0
2024-03-20T20:00Z,FR,6092,717,0
2024-03-20T21:00Z,FR,4704,594,0
2024-03-20T22:00Z,FR,5858,698,0
2024-03-20T23:00Z,FR,7126,798,0
2024-03-21T00:00Z,FR,8279,880,0
2024-03-21T01:00Z,FR,8857,918,0
2024-03-21T02:00Z,FR,11916,1091,0
2024-03-21T03:00Z,FR,13172,1151,0
2024-03-21T04:00Z,FR,14801,1220,0
2024-03-21T05:00Z,FR,14476,1207,0
2024-03-21T06:00Z,FR,13162,1150,1056
2024-03-21T07:00Z,FR,14128,1193,2813
2024-03-21T08:00Z,FR,14430,1205,4542
2024-03-21T09:00Z,FR,16545,1287,6279
2024-03-21T10:00Z,FR,15772,1258,7474
2024-03-21T11:00Z,FR,16253,1276,8155
2024-03-21T12:00Z,FR,15167,1235,7884
2024-03-21T13:00Z,FR,14844,1222,7061
2024-03-21T14:00Z,FR,15919,1264,5570
2024-03-21T15:00Z,FR,15064,1231,3712
2024-03-21T16:00Z,FR,15680,1255,2031
2024-03-21T17:00Z,FR,15555,1250,427
2024-03-21T18:00Z,FR,13294,1156,0
2024-03-21T19:00Z,FR,12976,1142,0
2024-03-21T20:00Z,FR,12798,1133,0
2024-03-21T21:00Z,FR,12479,1118,0
2024-03-21T22:00Z,FR,8753,911,0
2024-03-21T23:00Z,FR,11387,1064,0
2024-03-22T00:00Z,FR,11379,1063,0
2024-03-22T01:00Z,FR,12202,1105,0
2024-03-22T02:00Z,FR,11129,1050,0
2024-03-22T03:00Z,FR,14535,1210,0
2024-03-22T04:00Z,FR,15435,1246,0
2024-03-22T05:00Z,FR,14648,1214,0
2024-03-22T06:00Z,FR,16127,1272,941
2024-03-22T07:00Z,FR,16193,1274,2520
2024-03-22T08:00Z,FR,14830,1222,4011
2024-03-22T09:00Z,FR,14027,1188,5409
2024-03-22T10:00Z,FR,14309,1200,6635
2024-03-22T11:00Z,FR,13212,1152,7369
2024-03-22T12:00Z,FR,13340,1158,6989
2024-03-22T13:00Z,FR,12833,1135,6507
2024-03-22T14:00Z,FR,10834,1034,5218
2024-03-22T15:00Z,FR,13066,1146,3815
2024-03-22T16:00Z,FR,13537,1167,2060
2024-03-22T17:00Z,FR,13253,1154,421
2024-03-22T18:00Z,FR,12035,1097,0
2024-03-22T19:00Z,FR,11280,1058,0
2024-03-22T20:00Z,FR,12789,1133,0
2024-03-22T21:00Z,FR,11133,1051,0
2024-03-22T22:00Z,FR,8161,872,0
2024-03-22T23:00Z,FR,9239,942,0
2024-03-23T00:00Z,FR,6351,738,0
2024-03-23T01:00Z,FR,7452,822,0
2024-03-23T02:00Z,FR,7251,808,0
2024-03-23T03:00Z,FR,6308,735,0
2024-03-23T04:00Z,FR,6223,728,0
2024-03-23T05:00Z,FR,4669,591,0
2024-03-23T06:00Z,FR,3055,423,1093
2024-03-23T07:00Z,FR,5186,639,2925
2024-03-23T08:00Z,FR,6994,788,4830
2024-03-23T09:00Z,FR,6810,774,6703
2024-03-23T10:00Z,FR,5663,681,7824
2024-03-23T11:00Z,FR,5071,628,8320
2024-03-23T12:00Z,FR,5195,640,7833
2024-03-23T13:00Z,FR,5814,694,7148
2024-03-23T14:00Z,FR,5907,702,6138
2024-03-23T15:00Z,FR,6212,727,4567
2024-03-23T16:00Z,FR,5398,658,2461
2024-03-23T17:00Z,FR,3690,492,551
2024-03-23T18:00Z,FR,3301,450,0
2024-03-23T19:00Z,FR,2998,416,0
2024-03-23T20:00Z,FR,2860,400,0
2024-03-23T21:00Z,FR,2702,382,0
2024-03-23T22:00Z,FR,1981,292,0
2024-03-23T23:00Z,FR,2788,392,0
2024-03-24T00:00Z,FR,1739,260,0
2024-03-24T01:00Z,FR,1703,256,0
2024-03-24T02:00Z,FR,1747,261,0
2024-03-24T03:00Z,FR,1463,223,0
2024-03-24T04:00Z,FR,1169,181,0
2024-03-24T05:00Z,FR,1183,183,0
2024-03-24T06:00Z,FR,1339,206,1129
2024-03-24T07:00Z,FR,1626,245,2975
2024-03-24T08:00Z,FR,1785,266,4903
2024-03-24T09:00Z,FR,1253,193,6180
2024-03-24T10:00Z,FR,1788,267,7341
2024-03-24T11:00Z,FR,1884,280,7722
2024-03-24T12:00Z,FR,2650,375,7665
2024-03-24T13:00Z,FR,2384,343,6983
2024-03-24T14:00Z,FR,3128,431,5910
2024-03-24T15:00Z,FR,3564,479,4515
2024-03-24T16:00Z,FR,3355,456,2563
2024-03-24T17:00Z,FR,3898,514,590
2024-03-24T18:00Z,FR,3912,516,0
2024-03-24T19:00Z,FR,3253,445,0
2024-03-24T20:00Z,FR,1919,284,0
2024-03-24T21:00Z,FR,2218,322,0
2024-03-24T22:00Z,FR,2290,331,0
2024-03-24T23:00Z,FR,2360,340,0
2024-03-25T00:00Z,FR,1827,272,0
2024-03-25T01:00Z,FR,1659,250,0
2024-03-25T02:00Z,FR,1530,232,0
2024-03-25T03:00Z,FR,1486,226,0
2024-03-25T04:00Z,FR,1088,170,0
2024-03-25T05:00Z,FR,1108,173,0
2024-03-25T06:00Z,FR,894,141,738
2024-03-25T07:00Z,FR,660,106,1811
2024-03-25T08:00Z,FR,467,76,2841
2024-03-25T09:00Z,FR,516,84,4040
2024-03-25T10:00Z,FR,613,99,4578
2024-03-25T11:00Z,FR,559,90,5394
2024-03-25T12:00Z,FR,592,95,5490
2024-03-25T13:00Z,FR,645,104,4601
2024-03-25T14:00Z,FR,444,72,3955
2024-03-25T15:00Z,FR,412,67,2935
2024-03-25T16:00Z,FR,539,87,1634
2024-03-25T17:00Z,FR,643,103,359
2024-03-25T18:00Z,FR,484,79,0
2024-03-25T19:00Z,FR,643,103,0
2024-03-25T20:00Z,FR,765,122,0
2024-03-25T21:00Z,FR,1164,181,0
2024-03-25T22:00Z,FR,927,146,0
2024-03-25T23:00Z,FR,1312,202,0
2024-03-26T00:00Z,FR,1077,168,0
2024-03-26T01:00Z,FR,1414,216,0
2024-03-26T02:00Z,FR,2959,412,0
2024-03-26T03:00Z,FR,3691,493,0
2024-03-26T04:00Z,FR,5395,658,0
2024-03-26T05:00Z,FR,5242,644,0
2024-03-26T06:00Z,FR,4492,574,551
2024-03-26T07:00Z,FR,3862,511,1371
2024-03-26T08:00Z,FR,4594,584,2175
2024-03-26T09:00Z,FR,4571,581,3203
2024-03-26T10:00Z,FR,2847,399,4192
2024-03-26T11:00Z,FR,4476,572,4518
2024-03-26T12:00Z,FR,3503,472,4173
2024-03-26T13:00Z,FR,4715,595,4436
2024-03-26T14:00Z,FR,6081,716,3796
2024-03-26T15:00Z,FR,4786,602,2685
2024-03-26T16:00Z,FR,5539,670,1663
2024-03-26T17:00Z,FR,4744,598,438
2024-03-26T18:00Z,FR,5306,650,0
2024-03-26T19:00Z,FR,6053,714,0
2024-03-26T20:00Z,FR,5751,689,0
2024-03-26T21:00Z,FR,4466,571,0
2024-03-26T22:00Z,FR,5386,657,0
2024-03-26T23:00Z,FR,4059,531,0
2024-03-27T00:00Z,FR,4377,563,0
2024-03-27T01:00Z,FR,6101,718,0
2024-03-27T02:00Z,FR,7942,857,0
2024-03-27T03:00Z,FR,8465,892,0
2024-03-27T04:00Z,FR,6263,731,0
2024-03-27T05:00Z,FR,5162,637,0
2024-03-27T06:00Z,FR,7749,844,1226
2024-03-27T07:00Z,FR,6929,783,3089
2024-03-27T08:00Z,FR,6480,749,4681
2024-03-27T09:00Z,FR,5841,696,6281
2024-03-27T10:00Z,FR,7330,813,7167
2024-03-27T11:00Z,FR,7210,805,7755
2024-03-27T12:00Z,FR,7829,849,7490
2024-03-27T13:00Z,FR,7490,825,6579
2024-03-27T14:00Z,FR,5960,706,5440
2024-03-27T15:00Z,FR,5839,696,3877
2024-03-27T16:00Z,FR,5776,691,2237
2024-03-27T17:00Z,FR,5517,668,636
2024-03-27T18:00Z,FR,5140,635,0
2024-03-27T19:00Z,FR,3700,494,0
2024-03-27T20:00Z,FR,3913,516,0
2024-03-27T21:00Z,FR,3457,467,0
2024-03-27T22:00Z,FR,3904,515,0
2024-03-27T23:00Z,FR,3821,506,0
2024-03-28T00:00Z,FR,3712,495,0
2024-03-28T01:00Z,FR,4184,543,0
2024-03-28T02:00Z,FR,4375,562,0
2024-03-28T03:00Z,FR,2521,360,0
2024-03-28T04:00Z,FR,2131,311,0
2024-03-28T05:00Z,FR,2366,341,0
2024-03-28T06:00Z,FR,2941,410,509
2024-03-28T07:00Z,FR,3869,511,1587
2024-03-28T08:00Z,FR,4813,605,2531
2024-03-28T09:00Z,FR,5436,661,3972
2024-03-28T10:00Z,FR,7113,797,3965
2024-03-28T11:00Z,FR,7901,854,5050
2024-03-28T12:00Z,FR,11491,1069,4555
2024-03-28T13:00Z,FR,11671,1078,3932
2024-03-28T14:00Z,FR,11832,1087,3548
2024-03-28T15:00Z,FR,14832,1222,2556
2024-03-28T16:00Z,FR,15414,1245,1716
2024-03-28T17:00Z,FR,16475,1285,487
2024-03-28T18:00Z,FR,15935,1265,0
2024-03-28T19:00Z,FR,15780,1259,0
2024-03-28T20:00Z,FR,16667,1291,0
2024-03-28T21:00Z,FR,16415,1282,0
2024-03-28T22:00Z,FR,17141,1308,0
2024-03-28T23:00Z,FR,17735,1328,0
2024-03-29T00:00Z,FR,16747,1294,0
2024-03-29T01:00Z,FR,17132,1308,0
2024-03-29T02:00Z,FR,17992,1337,0
2024-03-29T03:00Z,FR,17626,1325,0
2024-03-29T04:00Z,FR,17602,1324,0
2024-03-29T05:00Z,FR,17468,1319,0
2024-03-29T06:00Z,FR,17949,1335,488
2024-03-29T07:00Z,FR,17518,1321,1116
2024-03-29T08:00Z,FR,16418,1282,1938
2024-03-29T09:00Z,FR,15611,1252,2584
2024-03-29T10:00Z,FR,15950,1265,2994
2024-03-29T11:00Z,FR,13085,1147,3140
2024-03-29T12:00Z,FR,12220,1106,3670
2024-03-29T13:00Z,FR,8882,920,3258
2024-03-29T14:00Z,FR,9030,929,2480
2024-03-29T15:00Z,FR,9382,951,1883
2024-03-29T16:00Z,FR,9351,949,1029
2024-03-29T17:00Z,FR,7395,818,315
2024-03-29T18:00Z,FR,9233,942,0
2024-03-29T19:00Z,FR,9209,940,0
2024-03-29T20:00Z,FR,7777,846,0
2024-03-29T21:00Z,FR,9475,957,0
2024-03-29T22:00Z,FR,11074,1047,0
2024-03-29T23:00Z,FR,9310,946,0
2024-03-30T00:00Z,FR,10397,1010,0
2024-03-30T01:00Z,FR,11947,1092,0
2024-03-30T02:00Z,FR,11139,1051,0
2024-03-30T03:00Z,FR,11657,1078,0
2024-03-30T04:00Z,FR,11628,1076,0
2024-03-30T05:00Z,FR,10656,1025,0
2024-03-30T06:00Z,FR,10598,1022,1057
2024-03-30T07:00Z,FR,10554,1019,2353
2024-03-30T08:00Z,FR,10238,1001,3642
2024-03-30T09:00Z,FR,7452,822,4351
2024-03-30T10:00Z,FR,4974,620,5089
2024-03-30T11:00Z,FR,3338,454,5067
2024-03-30T12:00Z,FR,2789,392,4728
2024-03-30T13:00Z,FR,2893,404,4728
2024-03-30T14:00Z,FR,2692,380,4020
2024-03-30T15:00Z,FR,5387,657,2729
2024-03-30T16:00Z,FR,8843,917,1595
2024-03-30T17:00Z,FR,9263,944,501
2024-03-30T18:00Z,FR,7543,829,0
2024-03-30T19:00Z,FR,8856,918,0
2024-03-30T20:00Z,FR,9924,983,0
2024-03-30T21:00Z,FR,11190,1054,0
2024-03-30T22:00Z,FR,10089,993,0
2024-03-30T23:00Z,FR,12853,1136,0
2024-03-31T00:00Z,FR,13953,1185,0
2024-03-31T01:00Z,FR,12906,1138,0
2024-03-31T02:00Z,FR,10247,1002,0
2024-03-31T03:00Z,FR,11452,1067,0
2024-03-31T04:00Z,FR,10256,1002,0
2024-03-31T05:00Z,FR,11175,1053,0
2024-03-31T06:00Z,FR,11456,1067,1081
2024-03-31T07:00Z,FR,14743,1218,2455
2024-03-31T08:00Z,FR,15232,1238,3799
2024-03-31T09:00Z,FR,12983,1142,4543
2024-03-31T10:00Z,FR,14438,1206,5368
2024-03-31T11:00Z,FR,14668,1215,6077
2024-03-31T12:00Z,FR,15373,1243,5800
2024-03-31T13:00Z,FR,14036,1189,5058
2024-03-31T14:00Z,FR,11103,1049,4104
2024-03-31T15:00Z,FR,10617,1023,3241
2024-03-31T16:00Z,FR,10008,988,1827
2024-03-31T17:00Z,FR,11354,1062,597
2024-03-31T18:00Z,FR,11312,1060,0
2024-03-31T19:00Z,FR,13666,1173,0
2024-03-31T20:00Z,FR,13753,1176,0
2024-03-31T21:00Z,FR,13508,1166,0
2024-03-31T22:00Z,FR,12764,1132,0
2024-03-31T23:00Z,FR,10927,1040,0
2024-04-01T00:00Z,FR,12616,1125,0
2024-04-01T01:00Z,FR,13622,1171,0
2024-04-01T02:00Z,FR,13693,1174,0
2024-04-01T03:00Z,FR,15352,1242,0
2024-04-01T04:00Z,FR,13425,1162,0
2024-04-01T05:00Z,FR,12883,1137,0
2024-04-01T06:00Z,FR,12052,1098,728
2024-04-01T07:00Z,FR,12264,1108,1790
2024-04-01T08:00Z,FR,13389,1160,3353
2024-04-01T09:00Z,FR,13183,1151,3874
2024-04-01T10:00Z,FR,10751,1030,4409
2024-04-01T11:00Z,FR,9250,943,4391
2024-04-01T12:00Z,FR,9257,943,3906
2024-04-01T13:00Z,FR,8433,890,3843
2024-04-01T14:00Z,FR,6734,768,3428
2024-04-01T15:00Z,FR,5174,638,2224
2024-04-01T16:00Z,FR,5988,709,1416
2024-04-01T17:00Z,FR,5609,676,452
2024-04-01T18:00Z,FR,6024,712,0
2024-04-01T19:00Z,FR,8360,886,0
2024-04-01T20:00Z,FR,10285,1004,0
2024-04-01T21:00Z,FR,7955,858,0
2024-04-01T22:00Z,FR,8502,895,0
2024-04-01T23:00Z,FR,8046,864,0
2024-04-02T00:00Z,FR,9617,965,0
2024-04-02T01:00Z,FR,7810,848,0
2024-04-02T02:00Z,FR,6698,766,0
2024-04-02T03:00Z,FR,6905,782,0
2024-04-02T04:00Z,FR,7445,822,0
2024-04-02T05:00Z,FR,6475,748,2
2024-04-02T06:00Z,FR,7376,817,902
2024-04-02T07:00Z,FR,8325,883,2080
2024-04-02T08:00Z,FR,9277,944,3397
2024-04-02T09:00Z,FR,9278,944,4213
2024-04-02T10:00Z,FR,10485,1015,4804
2024-04-02T11:00Z,FR,11363,1063,4831
2024-04-02T12:00Z,FR,12408,1115,4612
2024-04-02T13:00Z,FR,12988,1142,4185
2024-04-02T14:00Z,FR,11060,1047,3696
2024-04-02T15:00Z,FR,9007,928,2951
2024-04-02T16:00Z,FR,9029,929,1628
2024-04-02T17:00Z,FR,8165,872,568
2024-04-02T18:00Z,FR,6080,716,0
2024-04-02T19:00Z,FR,3952,520,0
2024-04-02T20:00Z,FR,5012,623,0
2024-04-02T21:00Z,FR,4644,589,0
2024-04-02T22:00Z,FR,4172,542,0
2024-04-02T23:00Z,FR,4179,543,0
2024-04-03T00:00Z,FR,5381,656,0
2024-04-03T01:00Z,FR,5815,694,0
2024-04-03T02:00Z,FR,5644,679,0
2024-04-03T03:00Z,FR,6270,732,0
2024-04-03T04:00Z,FR,5732,687,0
2024-04-03T05:00Z,FR,3301,450,8
2024-04-03T06:00Z,FR,1840,274,599
2024-04-03T07:00Z,FR,2073,304,1317
2024-04-03T08:00Z,FR,1985,293,1996
2024-04-03T09:00Z,FR,1504,229,2445
2024-04-03T10:00Z,FR,2058,302,2606
2024-04-03T11:00Z,FR,2473,354,2928
2024-04-03T12:00Z,FR,2842,398,3400
2024-04-03T13:00Z,FR,1386,212,3194
2024-04-03T14:00Z,FR,1298,200,2766
2024-04-03T15:00Z,FR,1627,245,1862
2024-04-03T16:00Z,FR,1761,263,1144
2024-04-03T17:00Z,FR,2522,360,382
2024-04-03T18:00Z,FR,1562,236,0
2024-04-03T19:00Z,FR,1289,199,0
2024-04-03T20:00Z,FR,940,148,0
2024-04-03T21:00Z,FR,854,135,0
2024-04-03T22:00Z,FR,1247,193,0
2024-04-03T23:00Z,FR,1785,266,0
2024-04-04T00:00Z,FR,1214,188,0
2024-04-04T01:00Z,FR,1125,175,0
2024-04-04T02:00Z,FR,1325,204,0
2024-04-04T03:00Z,FR,1566,237,0
2024-04-04T04:00Z,FR,1102,172,0
2024-04-04T05:00Z,FR,1399,214,43
2024-04-04T06:00Z,FR,1466,223,1435
2024-04-04T07:00Z,FR,2479,355,3187
2024-04-04T08:00Z,FR,2136,312,4761
2024-04-04T09:00Z,FR,3510,473,6247
2024-04-04T10:00Z,FR,4461,571,7445
2024-04-04T11:00Z,FR,3946,519,7754
2024-04-04T12:00Z,FR,3755,499,7564
2024-04-04T13:00Z,FR,2784,391,6862
2024-04-04T14:00Z,FR,3290,449,5812
2024-04-04T15:00Z,FR,2869,401,4273
2024-04-04T16:00Z,FR,3095,427,2615
2024-04-04T17:00Z,FR,2583,367,913
2024-04-04T18:00Z,FR,2350,339,0
2024-04-04T19:00Z,FR,1457,222,0
2024-04-04T20:00Z,FR,1247,193,0
2024-04-04T21:00Z,FR,1815,270,0
2024-04-04T22:00Z,FR,1668,251,0
2024-04-04T23:00Z,FR,1642,247,0
2024-04-05T00:00Z,FR,2576,367,0
2024-04-05T01:00Z,FR,1531,232,0
2024-04-05T02:00Z,FR,1176,182,0
2024-04-05T03:00Z,FR,1712,257,0
2024-04-05T04:00Z,FR,844,134,0
2024-04-05T05:00Z,FR,858,136,62
2024-04-05T06:00Z,FR,893,141,1276
2024-04-05T07:00Z,FR,1136,177,2687
2024-04-05T08:00Z,FR,1285,198,4069
2024-04-05T09:00Z,FR,1910,283,5282
2024-04-05T10:00Z,FR,2552,364,6024
2024-04-05T11:00Z,FR,1776,265,6347
2024-04-05T12:00Z,FR,2099,307,6417
2024-04-05T13:00Z,FR,2482,355,5934
2024-04-05T14:00Z,FR,3697,493,4714
2024-04-05T15:00Z,FR,3619,485,3651
2024-04-05T16:00Z,FR,2764,389,2241
2024-04-05T17:00Z,FR,3863,511,888
2024-04-05T18:00Z,FR,4076,533,0
2024-04-05T19:00Z,FR,2409,346,0
2024-04-05T20:00Z,FR,2021,297,0
2024-04-05T21:00Z,FR,1752,262,0
2024-04-05T22:00Z,FR,2836,397,0
2024-04-05T23:00Z,FR,1681,253,0
2024-04-06T00:00Z,FR,1525,231,0
2024-04-06T01:00Z,FR,1085,169,0
2024-04-06T02:00Z,FR,947,149,0
2024-04-06T03:00Z,FR,609,98,0
2024-04-06T04:00Z,FR,406,66,0
2024-04-06T05:00Z,FR,464,76,72
2024-04-06T06:00Z,FR,395,65,1067
2024-04-06T07:00Z,FR,307,51,2561
2024-04-06T08:00Z,FR,349,57,4081
2024-04-06T09:00Z,FR,356,58,5466
2024-04-06T10:00Z,FR,422,69,6245
2024-04-06T11:00Z,FR,625,101,6859
2024-04-06T12:00Z,FR,513,83,6495
2024-04-06T13:00Z,FR,823,131,6068
2024-04-06T14:00Z,FR,951,150,4659
2024-04-06T15:00Z,FR,1044,163,3732
2024-04-06T16:00Z,FR,690,111,2171
2024-04-06T17:00Z,FR,1002,157,828
2024-04-06T18:00Z,FR,917,145,0
2024-04-06T19:00Z,FR,1425,218,0
2024-04-06T20:00Z,FR,1291,199,0
2024-04-06T21:00Z,FR,1205,187,0
2024-04-06T22:00Z,FR,1473,224,0
2024-04-06T23:00Z,FR,1462,223,0
2024-04-07T00:00Z,FR,1289,199,0
2024-04-07T01:00Z,FR,1488,226,0
2024-04-07T02:00Z,FR,795,126,0
2024-04-07T03:00Z,FR,934,147,0
2024-04-07T04:00Z,FR,1204,187,0
2024-04-07T05:00Z,FR,1160,180,129
2024-04-07T06:00Z,FR,550,89,1582
2024-04-07T07:00Z,FR,515,84,3134
2024-04-07T08:00Z,FR,555,90,4598
2024-04-07T09:00Z,FR,449,73,5706
2024-04-07T10:00Z,FR,528,86,6382
2024-04-07T11:00Z,FR,525,85,7236
2024-04-07T12:00Z,FR,417,68,6858
2024-04-07T13:00Z,FR,615,99,6665
2024-04-07T14:00Z,FR,965,152,5560
2024-04-07T15:00Z,FR,1108,173,4166
2024-04-07T16:00Z,FR,701,112,2569
2024-04-07T17:00Z,FR,450,73,978
2024-04-07T18:00Z,FR,718,115,0
2024-04-07T19:00Z,FR,769,123,0
2024-04-07T20:00Z,FR,837,133,0
2024-04-07T21:00Z,FR,941,148,0
2024-04-07T22:00Z,FR,1022,160,0
2024-04-07T23:00Z,FR,1256,194,0
2024-04-08T00:00Z,FR,1110,173,0
2024-04-08T01:00Z,FR,908,143,0
2024-04-08T02:00Z,FR,907,143,0
2024-04-08T03:00Z,FR,516,84,0
2024-04-08T04:00Z,FR,776,124,0
2024-04-08T05:00Z,FR,578,93,123
2024-04-08T06:00Z,FR,562,91,1235
2024-04-08T07:00Z,FR,493,80,2777
2024-04-08T08:00Z,FR,391,64,4537
2024-04-08T09:00Z,FR,373,61,5726
2024-04-08T10:00Z,FR,254,42,6399
2024-04-08T11:00Z,FR,276,45,6607
2024-04-08T12:00Z,FR,326,54,6855
2024-04-08T13:00Z,FR,425,69,6667
2024-04-08T14:00Z,FR,558,90,5850
2024-04-08T15:00Z,FR,626,101,4510
2024-04-08T16:00Z,FR,732,117,2605
2024-04-08T17:00Z,FR,638,103,1053
2024-04-08T18:00Z,FR,586,94,0
2024-04-08T19:00Z,FR,625,101,0
2024-04-08T20:00Z,FR,679,109,0
2024-04-08T21:00Z,FR,554,90,0
2024-04-08T22:00Z,FR,612,99,0
2024-04-08T23:00Z,FR,470,76,0
2024-04-09T00:00Z,FR,473,77,0
2024-04-09T01:00Z,FR,503,82,0
2024-04-09T02:00Z,FR,565,91,0
2024-04-09T03:00Z,FR,783,125,0
2024-04-09T04:00Z,FR,493,80,0
2024-04-09T05:00Z,FR,611,98,182
2024-04-09T06:00Z,FR,886,140,1592
2024-04-09T07:00Z,FR,735,117,3341
2024-04-09T08:00Z,FR,860,136,4715
2024-04-09T09:00Z,FR,1486,226,6187
2024-04-09T10:00Z,FR,1530,232,7512
2024-04-09T11:00Z,FR,2227,324,7948
2024-04-09T12:00Z,FR,1325,204,7990
2024-04-09T13:00Z,FR,1574,238,7689
2024-04-09T14:00Z,FR,1233,191,6022
2024-04-09T15:00Z,FR,1052,165,4461
2024-04-09T16:00Z,FR,1141,177,2868
2024-04-09T17:00Z,FR,1781,266,1117
2024-04-09T18:00Z,FR,1733,260,0
2024-04-09T19:00Z,FR,1682,253,0
2024-04-09T20:00Z,FR,2062,303,0
2024-04-09T21:00Z,FR,4644,589,0
2024-04-09T22:00Z,FR,2928,408,0
2024-04-09T23:00Z,FR,3623,485,0
2024-04-10T00:00Z,FR,1595,241,0
2024-04-10T01:00Z,FR,2307,334,0
2024-04-10T02:00Z,FR,3403,462,0
2024-04-10T03:00Z,FR,3428,464,0
2024-04-10T04:00Z,FR,3424,464,0
2024-04-10T05:00Z,FR,5052,627,151
2024-04-10T06:00Z,FR,5088,630,1153
2024-04-10T07:00Z,FR,2936,409,2355
2024-04-10T08:00Z,FR,4606,585,3052
2024-04-10T09:00Z,FR,4961,618,3660
2024-04-10T10:00Z,FR,4778,601,4763
2024-04-10T11:00Z,FR,3786,503,4506
2024-04-10T12:00Z,FR,4909,614,4466
2024-04-10T13:00Z,FR,4925,615,4448
2024-04-10T14:00Z,FR,5392,657,3375
2024-04-10T15:00Z,FR,7724,842,2594
2024-04-10T16:00Z,FR,9396,952,1824
2024-04-10T17:00Z,FR,9393,952,788
2024-04-10T18:00Z,FR,11271,1058,0
2024-04-10T19:00Z,FR,12870,1137,0
2024-04-10T20:00Z,FR,13411,1161,0
2024-04-10T21:00Z,FR,11197,1054,0
2024-04-10T22:00Z,FR,9723,971,0
2024-04-10T23:00Z,FR,8663,906,0
2024-04-11T00:00Z,FR,7195,803,0
2024-04-11T01:00Z,FR,6677,764,0
2024-04-11T02:00Z,FR,8383,887,0
2024-04-11T03:00Z,FR,7107,797,0
2024-04-11T04:00Z,FR,5740,688,0
2024-04-11T05:00Z,FR,7796,847,194
2024-04-11T06:00Z,FR,7823,849,1443
2024-04-11T07:00Z,FR,8417,889,2818
2024-04-11T08:00Z,FR,7503,826,4144
2024-04-11T09:00Z,FR,4608,585,5717
2024-04-11T10:00Z,FR,3972,522,6713
2024-04-11T11:00Z,FR,2273,329,6601
2024-04-11T12:00Z,FR,1792,267,7078
2024-04-11T13:00Z,FR,2676,378,6900
2024-04-11T14:00Z,FR,3926,517,6031
2024-04-11T15:00Z,FR,3490,471,4928
2024-04-11T16:00Z,FR,3846,509,3105
2024-04-11T17:00Z,FR,4428,568,1315
2024-04-11T18:00Z,FR,5556,672,0
2024-04-11T19:00Z,FR,5916,703,0
2024-04-11T20:00Z,FR,8169,873,0
2024-04-11T21:00Z,FR,8234,877,0
2024-04-11T22:00Z,FR,7150,800,0
2024-04-11T23:00Z,FR,5861,698,0
2024-04-12T00:00Z,FR,5390,657,0
2024-04-12T01:00Z,FR,7195,803,0
2024-04-12T02:00Z,FR,7965,859,0
2024-04-12T03:00Z,FR,6141,721,0
2024-04-12T04:00Z,FR,6721,767,0
2024-04-12T05:00Z,FR,7372,817,290
2024-04-12T06:00Z,FR,6534,753,1674
2024-04-12T07:00Z,FR,6916,782,3321
2024-04-12T08:00Z,FR,5531,670,4766
2024-04-12T09:00Z,FR,8516,896,6037
2024-04-12T10:00Z,FR,6141,721,6499
2024-04-12T11:00Z,FR,5089,630,6635
2024-04-12T12:00Z,FR,5678,682,7311
2024-04-12T13:00Z,FR,4225,548,6591
2024-04-12T14:00Z,FR,4365,561,5255
2024-04-12T15:00Z,FR,4193,544,4082
2024-04-12T16:00Z,FR,4584,583,2583
2024-04-12T17:00Z,FR,4793,603,1052
2024-04-12T18:00Z,FR,7068,794,0
2024-04-12T19:00Z,FR,7350,815,0
2024-04-12T20:00Z,FR,6617,759,0
2024-04-12T21:00Z,FR,6874,779,0
2024-04-12T22:00Z,FR,5627,678,0
2024-04-12T23:00Z,FR,5201,640,0
2024-04-13T00:00Z,FR,3906,515,0
2024-04-13T01:00Z,FR,2601,370,0
2024-04-13T02:00Z,FR,2053,301,0
2024-04-13T03:00Z,FR,1832,273,0
2024-04-13T04:00Z,FR,1135,177,0
2024-04-13T05:00Z,FR,1442,220,231
2024-04-13T06:00Z,FR,1577,239,1294
2024-04-13T07:00Z,FR,2539,362,2338
2024-04-13T08:00Z,FR,1353,208,3366
2024-04-13T09:00Z,FR,1051,164,4608
2024-04-13T10:00Z,FR,2043,300,5527
2024-04-13T11:00Z,FR,2782,391,5715
2024-04-13T12:00Z,FR,2454,352,5806
2024-04-13T13:00Z,FR,1470,224,5337
2024-04-13T14:00Z,FR,1407,215,4271
2024-04-13T15:00Z,FR,1342,206,2881
2024-04-13T16:00Z,FR,1485,226,1751
2024-04-13T17:00Z,FR,1474,224,768
2024-04-13T18:00Z,FR,1512,230,0
2024-04-13T19:00Z,FR,1941,287,0
2024-04-13T20:00Z,FR,1309,201,0
2024-04-13T21:00Z,FR,1471,224,0
2024-04-13T22:00Z,FR,2505,358,0
2024-04-13T23:00Z,FR,4196,545,0
2024-04-14T00:00Z,FR,8458,892,0
2024-04-14T01:00Z,FR,4149,540,0
2024-04-14T02:00Z,FR,1990,293,0
2024-04-14T03:00Z,FR,2849,399,0
2024-04-14T04:00Z,FR,4325,558,0
2024-04-14T05:00Z,FR,3622,485,230
2024-04-14T06:00Z,FR,3199,439,1185
2024-04-14T07:00Z,FR,2810,394,2363
2024-04-14T08:00Z,FR,2247,326,3497
2024-04-14T09:00Z,FR,2629,373,4145
2024-04-14T10:00Z,FR,2921,407,4168
2024-04-14T11:00Z,FR,2973,413,3506
2024-04-14T12:00Z,FR,2812,395,3415
2024-04-14T13:00Z,FR,1970,291,2622
2024-04-14T14:00Z,FR,1613,243,2557
2024-04-14T15:00Z,FR,1477,225,2011
2024-04-14T16:00Z,FR,1184,184,1525
2024-04-14T17:00Z,FR,1273,196,661
2024-04-14T18:00Z,FR,861,136,1
2024-04-14T19:00Z,FR,936,148,0
2024-04-14T20:00Z,FR,741,118,0
2024-04-14T21:00Z,FR,934,147,0
2024-04-14T22:00Z,FR,1069,167,0
2024-04-14T23:00Z,FR,1362,209,0
2024-04-15T00:00Z,FR,1425,218,0
2024-04-15T01:00Z,FR,1762,263,0
2024-04-15T02:00Z,FR,2564,365,0
2024-04-15T03:00Z,FR,4931,616,0
2024-04-15T04:00Z,FR,8018,862,0
2024-04-15T05:00Z,FR,7541,829,289
2024-04-15T06:00Z,FR,10133,995,1406
2024-04-15T07:00Z,FR,9165,937,2731
2024-04-15T08:00Z,FR,11117,1050,3780
2024-04-15T09:00Z,FR,9069,931,4117
2024-04-15T10:00Z,FR,8948,924,4686
2024-04-15T11:00Z,FR,9014,928,5272
2024-04-15T12:00Z,FR,7265,809,5134
2024-04-15T13:00Z,FR,6633,761,5459
2024-04-15T14:00Z,FR,9077,932,4454
2024-04-15T15:00Z,FR,11120,1050,3534
2024-04-15T16:00Z,FR,8825,916,2260
2024-04-15T17:00Z,FR,9494,958,964
2024-04-15T18:00Z,FR,10024,989,15
2024-04-15T19:00Z,FR,11548,1072,0
2024-04-15T20:00Z,FR,10908,1039,0
2024-04-15T21:00Z,FR,10741,1029,0
2024-04-15T22:00Z,FR,7648,836,0
2024-04-15T23:00Z,FR,8658,905,0
2024-04-16T00:00Z,FR,10470,1014,0
2024-04-16T01:00Z,FR,9629,966,0
2024-04-16T02:00Z,FR,11072,1047,0
2024-04-16T03:00Z,FR,12663,1127,0
2024-04-16T04:00Z,FR,12792,1133,0
2024-04-16T05:00Z,FR,11210,1055,333
2024-04-16T06:00Z,FR,11578,1074,1479
2024-04-16T07:00Z,FR,12624,1125,2528
2024-04-16T08:00Z,FR,12837,1135,3356
2024-04-16T09:00Z,FR,13033,1144,4071
2024-04-16T10:00Z,FR,12480,1118,4471
2024-04-16T11:00Z,FR,14402,1204,4606
2024-04-16T12:00Z,FR,15295,1240,4550
2024-04-16T13:00Z,FR,16903,1300,4301
2024-04-16T14:00Z,FR,16186,1274,4118
2024-04-16T15:00Z,FR,14295,1200,3151
2024-04-16T16:00Z,FR,14910,1225,2204
2024-04-16T17:00Z,FR,16825,1297,805
2024-04-16T18:00Z,FR,16649,1291,25
2024-04-16T19:00Z,FR,17068,1306,0
2024-04-16T20:00Z,FR,17267,1312,0
2024-04-16T21:00Z,FR,16614,1290,0
2024-04-16T22:00Z,FR,15964,1266,0
2024-04-16T23:00Z,FR,16763,1295,0
2024-04-17T00:00Z,FR,16631,1290,0
2024-04-17T01:00Z,FR,16711,1293,0
2024-04-17T02:00Z,FR,16136,1272,0
2024-04-17T03:00Z,FR,16026,1268,0
2024-04-17T04:00Z,FR,16804,1296,0
2024-04-17T05:00Z,FR,15701,1256,243
2024-04-17T06:00Z,FR,16598,1289,1225
2024-04-17T07:00Z,FR,16983,1303,2582
2024-04-17T08:00Z,FR,15962,1266,3560
2024-04-17T09:00Z,FR,16830,1297,4181
2024-04-17T10:00Z,FR,16469,1284,4895
2024-04-17T11:00Z,FR,16476,1285,4580
2024-04-17T12:00Z,FR,16340,1280,5315
2024-04-17T13:00Z,FR,16109,1271,4585
2024-04-17T14:00Z,FR,15396,1244,3744
2024-04-17T15:00Z,FR,14878,1224,3089
2024-04-17T16:00Z,FR,13103,1147,2118
2024-04-17T17:00Z,FR,10947,1041,955
2024-04-17T18:00Z,FR,12614,1125,47
2024-04-17T19:00Z,FR,13511,1166,0
2024-04-17T20:00Z,FR,13884,1182,0
2024-04-17T21:00Z,FR,11871,1089,0
2024-04-17T22:00Z,FR,10894,1038,0
2024-04-17T23:00Z,FR,9543,961,0
2024-04-18T00:00Z,FR,9982,987,0
2024-04-18T01:00Z,FR,7917,855,0
2024-04-18T02:00Z,FR,7473,824,0
2024-04-18T03:00Z,FR,5004,622,0
2024-04-18T04:00Z,FR,5234,643,0
2024-04-18T05:00Z,FR,4404,565,319
2024-04-18T06:00Z,FR,4530,578,1407
2024-04-18T07:00Z,FR,4123,537,2532
2024-04-18T08:00Z,FR,4980,620,3581
2024-04-18T09:00Z,FR,4924,615,4520
2024-04-18T10:00Z,FR,5248,644,4978
2024-04-18T11:00Z,FR,6368,740,5588
2024-04-18T12:00Z,FR,7178,802,4671
2024-04-18T13:00Z,FR,7967,859,4150
2024-04-18T14:00Z,FR,9545,961,3568
2024-04-18T15:00Z,FR,6211,727,2936
2024-04-18T16:00Z,FR,4044,529,2142
2024-04-18T17:00Z,FR,2896,404,983
2024-04-18T18:00Z,FR,1814,270,57
2024-04-18T19:00Z,FR,2605,370,0
2024-04-18T20:00Z,FR,3474,469,0
2024-04-18T21:00Z,FR,3450,467,0
2024-04-18T22:00Z,FR,3245,444,0
2024-04-18T23:00Z,FR,2312,334,0
2024-04-19T00:00Z,FR,2106,308,0
2024-04-19T01:00Z,FR,2362,340,0
2024-04-19T02:00Z,FR,2639,374,0
2024-04-19T03:00Z,FR,2318,335,0
2024-04-19T04:00Z,FR,2439,350,0
2024-04-19T05:00Z,FR,2834,397,323
2024-04-19T06:00Z,FR,3021,419,1207
2024-04-19T07:00Z,FR,2352,339,2071
2024-04-19T08:00Z,FR,2312,334,3347
2024-04-19T09:00Z,FR,2002,295,4246
2024-04-19T10:00Z,FR,1907,283,4784
2024-04-19T11:00Z,FR,2139,312,4981
2024-04-19T12:00Z,FR,2443,350,4844
2024-04-19T13:00Z,FR,1444,220,4326
2024-04-19T14:00Z,FR,1583,239,3158
2024-04-19T15:00Z,FR,1528,232,2524
2024-04-19T16:00Z,FR,1986,293,1785
2024-04-19T17:00Z,FR,3429,464,860
2024-04-19T18:00Z,FR,2757,388,57
2024-04-19T19:00Z,FR,2815,395,0
2024-04-19T20:00Z,FR,3733,497,0
2024-04-19T21:00Z,FR,3937,518,0
2024-04-19T22:00Z,FR,2626,373,0
2024-04-19T23:00Z,FR,2328,336,0
2024-04-20T00:00Z,FR,2950,411,0
2024-04-20T01:00Z,FR,3481,470,0
2024-04-20T02:00Z,FR,3054,423,0
2024-04-20T03:00Z,FR,3620,485,0
2024-04-20T04:00Z,FR,2353,339,0
2024-04-20T05:00Z,FR,3941,519,312
2024-04-20T06:00Z,FR,3557,478,1146
2024-04-20T07:00Z,FR,4592,584,2176
2024-04-20T08:00Z,FR,3998,525,2926
2024-04-20T09:00Z,FR,2748,387,4036
2024-04-20T10:00Z,FR,1739,260,5005
2024-04-20T11:00Z,FR,2112,309,5723
2024-04-20T12:00Z,FR,3758,500,5801
2024-04-20T13:00Z,FR,4336,559,4740
2024-04-20T14:00Z,FR,4494,574,3687
2024-04-20T15:00Z,FR,4445,569,3422
2024-04-20T16:00Z,FR,4052,530,2316
2024-04-20T17:00Z,FR,5723,686,1212
2024-04-20T18:00Z,FR,7178,802,120
2024-04-20T19:00Z,FR,5854,697,0
2024-04-20T20:00Z,FR,5357,654,0
2024-04-20T21:00Z,FR,6032,712,0
2024-04-20T22:00Z,FR,6502,750,0
2024-04-20T23:00Z,FR,6810,774,0
2024-04-21T00:00Z,FR,6751,770,0
2024-04-21T01:00Z,FR,6881,780,0
2024-04-21T02:00Z,FR,5225,642,0
2024-04-21T03:00Z,FR,5641,679,0
2024-04-21T04:00Z,FR,6400,742,0
2024-04-21T05:00Z,FR,4328,558,352
2024-04-21T06:00Z,FR,4688,593,1308
2024-04-21T07:00Z,FR,5939,704,2470
2024-04-21T08:00Z,FR,4315,556,3776
2024-04-21T09:00Z,FR,3422,464,4428
2024-04-21T10:00Z,FR,4093,534,4559
2024-04-21T11:00Z,FR,4118,537,4765
2024-04-21T12:00Z,FR,3878,512,4538
2024-04-21T13:00Z,FR,2879,402,4267
2024-04-21T14:00Z,FR,2846,399,3988
2024-04-21T15:00Z,FR,3309,451,3232
2024-04-21T16:00Z,FR,3564,479,2276
2024-04-21T17:00Z,FR,4212,546,1183
2024-04-21T18:00Z,FR,5149,636,135
2024-04-21T19:00Z,FR,6241,729,0
2024-04-21T20:00Z,FR,5680,682,0
2024-04-21T21:00Z,FR,5788,692,0
2024-04-21T22:00Z,FR,7326,813,0
2024-04-21T23:00Z,FR,7896,854,0
2024-04-22T00:00Z,FR,8314,882,0
2024-04-22T01:00Z,FR,6501,750,0
2024-04-22T02:00Z,FR,8787,914,0
2024-04-22T03:00Z,FR,6520,752,0
2024-04-22T04:00Z,FR,4113,536,0
2024-04-22T05:00Z,FR,4752,599,446
2024-04-22T06:00Z,FR,8601,901,1492
2024-04-22T07:00Z,FR,7631,835,2743
2024-04-22T08:00Z,FR,7739,843,3812
2024-04-22T09:00Z,FR,10420,1012,4958
2024-04-22T10:00Z,FR,9485,957,5690
2024-04-22T11:00Z,FR,8632,903,5597
2024-04-22T12:00Z,FR,8722,909,5373
2024-04-22T13:00Z,FR,7761,844,4750
2024-04-22T14:00Z,FR,6570,756,4311
2024-04-22T15:00Z,FR,6300,734,3528
2024-04-22T16:00Z,FR,4561,581,2706
2024-04-22T17:00Z,FR,3115,430,1325
2024-04-22T18:00Z,FR,2300,333,184
2024-04-22T19:00Z,FR,1963,290,0
2024-04-22T20:00Z,FR,1825,272,0
2024-04-22T21:00Z,FR,1723,258,0
2024-04-22T22:00Z,FR,2306,333,0
2024-04-22T23:00Z,FR,2522,360,0
2024-04-23T00:00Z,FR,2848,399,0
2024-04-23T01:00Z,FR,2979,414,0
2024-04-23T02:00Z,FR,3687,492,0
2024-04-23T03:00Z,FR,4537,578,0
2024-04-23T04:00Z,FR,4012,526,0
2024-04-23T05:00Z,FR,5377,656,378
2024-04-23T06:00Z,FR,5196,640,1383
2024-04-23T07:00Z,FR,5748,688,2617
2024-04-23T08:00Z,FR,5433,661,3538
2024-04-23T09:00Z,FR,5049,626,4452
2024-04-23T10:00Z,FR,4180,543,5438
2024-04-23T11:00Z,FR,3942,519,5728
2024-04-23T12:00Z,FR,3424,464,5901
2024-04-23T13:00Z,FR,3608,484,5479
2024-04-23T14:00Z,FR,6210,727,4309
2024-04-23T15:00Z,FR,6083,716,3441
2024-04-23T16:00Z,FR,5905,702,2401
2024-04-23T17:00Z,FR,6692,765,1366
2024-04-23T18:00Z,FR,7987,860,171
2024-04-23T19:00Z,FR,9902,982,0
2024-04-23T20:00Z,FR,6888,780,0
2024-04-23T21:00Z,FR,6653,762,0
2024-04-23T22:00Z,FR,5311,650,0
2024-04-23T23:00Z,FR,4484,573,0
2024-04-24T00:00Z,FR,5377,656,0
2024-04-24T01:00Z,FR,7727,842,0
2024-04-24T02:00Z,FR,5999,709,0
2024-04-24T03:00Z,FR,5393,657,0
2024-04-24T04:00Z,FR,6831,776,0
2024-04-24T05:00Z,FR,7754,844,322
2024-04-24T06:00Z,FR,7467,823,986
2024-04-24T07:00Z,FR,10510,1017,1532
2024-04-24T08:00Z,FR,8125,870,2119
2024-04-24T09:00Z,FR,8912,922,3335
2024-04-24T10:00Z,FR,10680,1026,2945
2024-04-24T11:00Z,FR,10205,999,3042
2024-04-24T12:00Z,FR,8849,917,3009
2024-04-24T13:00Z,FR,6437,745,2808
2024-04-24T14:00Z,FR,6578,756,2395
2024-04-24T15:00Z,FR,4541,579,1941
2024-04-24T16:00Z,FR,5130,634,1322
2024-04-24T17:00Z,FR,3588,482,666
2024-04-24T18:00Z,FR,5113,632,114
2024-04-24T19:00Z,FR,5933,704,0
2024-04-24T20:00Z,FR,2735,386,0
2024-04-24T21:00Z,FR,2784,391,0
2024-04-24T22:00Z,FR,4008,526,0
2024-04-24T23:00Z,FR,4592,584,0
2024-04-25T00:00Z,FR,3318,452,0
2024-04-25T01:00Z,FR,2561,365,0
2024-04-25T02:00Z,FR,1911,283,0
2024-04-25T03:00Z,FR,2317,335,0
2024-04-25T04:00Z,FR,2389,344,0
2024-04-25T05:00Z,FR,2208,321,447
2024-04-25T06:00Z,FR,2232,324,1230
2024-04-25T07:00Z,FR,2593,369,2170
2024-04-25T08:00Z,FR,3827,507,3124
2024-04-25T09:00Z,FR,3009,417,3760
2024-04-25T10:00Z,FR,3907,515,4483
2024-04-25T11:00Z,FR,3829,507,5061
2024-04-25T12:00Z,FR,3966,521,5345
2024-04-25T13:00Z,FR,4436,568,4829
2024-04-25T14:00Z,FR,3454,467,4379
2024-04-25T15:00Z,FR,3013,418,3440
2024-04-25T16:00Z,FR,2471,354,2033
2024-04-25T17:00Z,FR,1566,237,1127
2024-04-25T18:00Z,FR,1840,274,178
2024-04-25T19:00Z,FR,1575,238,0
2024-04-25T20:00Z,FR,1830,272,0
2024-04-25T21:00Z,FR,1368,210,0
2024-04-25T22:00Z,FR,1936,286,0
2024-04-25T23:00Z,FR,2322,335,0
2024-04-26T00:00Z,FR,2030,299,0
2024-04-26T01:00Z,FR,1837,273,0
2024-04-26T02:00Z,FR,1381,212,0
2024-04-26T03:00Z,FR,2226,323,0
2024-04-26T04:00Z,FR,2289,331,0
2024-04-26T05:00Z,FR,2454,352,659
2024-04-26T06:00Z,FR,1814,270,1991
2024-04-26T07:00Z,FR,1486,226,3388
2024-04-26T08:00Z,FR,1379,211,4703
2024-04-26T09:00Z,FR,1322,203,6337
2024-04-26T10:00Z,FR,1314,202,7176
2024-04-26T11:00Z,FR,2275,330,7293
2024-04-26T12:00Z,FR,2515,359,7967
2024-04-26T13:00Z,FR,3526,475,7120
2024-04-26T14:00Z,FR,5549,671,6227
2024-04-26T15:00Z,FR,6768,771,4699
2024-04-26T16:00Z,FR,7209,805,3271
2024-04-26T17:00Z,FR,8785,913,1654
2024-04-26T18:00Z,FR,7381,817,309
2024-04-26T19:00Z,FR,7112,797,0
2024-04-26T20:00Z,FR,5092,630,0
2024-04-26T21:00Z,FR,4504,575,0
2024-04-26T22:00Z,FR,6263,731,0
2024-04-26T23:00Z,FR,5340,653,0
2024-04-27T00:00Z,FR,5638,679,0
2024-04-27T01:00Z,FR,5121,633,0
2024-04-27T02:00Z,FR,5382,656,0
2024-04-27T03:00Z,FR,6497,750,0
2024-04-27T04:00Z,FR,9363,950,0
2024-04-27T05:00Z,FR,7745,843,894
2024-04-27T06:00Z,FR,5419,660,2446
2024-04-27T07:00Z,FR,6248,730,4407
2024-04-27T08:00Z,FR,7795,847,6320
2024-04-27T09:00Z,FR,5530,670,8195
2024-04-27T10:00Z,FR,6145,721,9261
2024-04-27T11:00Z,FR,8312,882,9457
2024-04-27T12:00Z,FR,8087,867,9461
2024-04-27T13:00Z,FR,8902,921,8531
2024-04-27T14:00Z,FR,7472,824,7248
2024-04-27T15:00Z,FR,5390,657,5847
2024-04-27T16:00Z,FR,6914,782,4015
2024-04-27T17:00Z,FR,8308,882,2015
2024-04-27T18:00Z,FR,8811,915,376
2024-04-27T19:00Z,FR,9302,946,0
2024-04-27T20:00Z,FR,9081,932,0
2024-04-27T21:00Z,FR,9329,948,0
2024-04-27T22:00Z,FR,8565,899,0
2024-04-27T23:00Z,FR,9104,934,0
2024-04-28T00:00Z,FR,10456,1014,0
2024-04-28T01:00Z,FR,11047,1046,0
2024-04-28T02:00Z,FR,10107,994,0
2024-04-28T03:00Z,FR,8298,881,0
2024-04-28T04:00Z,FR,7521,827,0
2024-04-28T05:00Z,FR,8263,879,1059
2024-04-28T06:00Z,FR,8651,905,3132
2024-04-28T07:00Z,FR,9046,930,5396
2024-04-28T08:00Z,FR,8031,863,7410
2024-04-28T09:00Z,FR,8057,865,8706
2024-04-28T10:00Z,FR,8082,867,10039
2024-04-28T11:00Z,FR,6170,724,10988
2024-04-28T12:00Z,FR,8418,889,10639
2024-04-28T13:00Z,FR,8415,889,9635
2024-04-28T14:00Z,FR,10375,1009,8727
2024-04-28T15:00Z,FR,7356,815,6630
2024-04-28T16:00Z,FR,7378,817,4577
2024-04-28T17:00Z,FR,6370,740,2377
2024-04-28T18:00Z,FR,7164,801,513
2024-04-28T19:00Z,FR,6486,749,0
2024-04-28T20:00Z,FR,6134,721,0
2024-04-28T21:00Z,FR,5116,633,0
2024-04-28T22:00Z,FR,6828,776,0
2024-04-28T23:00Z,FR,8455,892,0
2024-04-29T00:00Z,FR,7004,789,0
2024-04-29T01:00Z,FR,7715,841,0
2024-04-29T02:00Z,FR,7873,852,0
2024-04-29T03:00Z,FR,7197,804,0
2024-04-29T04:00Z,FR,5269,646,0
2024-04-29T05:00Z,FR,4914,614,1248
2024-04-29T06:00Z,FR,5015,623,3560
2024-04-29T07:00Z,FR,4412,566,5934
2024-04-29T08:00Z,FR,5057,627,8239
2024-04-29T09:00Z,FR,4035,528,10353
2024-04-29T10:00Z,FR,6101,718,11780
2024-04-29T11:00Z,FR,3584,481,12050
2024-04-29T12:00Z,FR,3498,472,11768
2024-04-29T13:00Z,FR,2576,367,11013
2024-04-29T14:00Z,FR,2403,345,9517
2024-04-29T15:00Z,FR,2604,370,7205
2024-04-29T16:00Z,FR,2864,401,4865
2024-04-29T17:00Z,FR,3624,485,2583
2024-04-29T18:00Z,FR,3285,449,559
2024-04-29T19:00Z,FR,3171,436,0
2024-04-29T20:00Z,FR,3027,419,0
2024-04-29T21:00Z,FR,2976,414,0
2024-04-29T22:00Z,FR,3221,441,0
2024-04-29T23:00Z,FR,2428,349,0
2024-04-30T00:00Z,FR,1709,256,0
2024-04-30T01:00Z,FR,1774,265,0
2024-04-30T02:00Z,FR,1362,209,0
2024-04-30T03:00Z,FR,2545,363,0
2024-04-30T04:00Z,FR,2975,413,0
2024-04-30T05:00Z,FR,3006,417,1295
2024-04-30T06:00Z,FR,1969,291,3511
2024-04-30T07:00Z,FR,2735,385,5775
2024-04-30T08:00Z,FR,2661,377,8002
2024-04-30T09:00Z,FR,2484,355,10033
2024-04-30T10:00Z,FR,2915,407,11265
2024-04-30T11:00Z,FR,2421,348,11284
2024-04-30T12:00Z,FR,2236,325,11504
2024-04-30T13:00Z,FR,1418,217,10683
2024-04-30T14:00Z,FR,1508,229,9613
2024-04-30T15:00Z,FR,1601,242,7416
2024-04-30T16:00Z,FR,1508,229,4944
2024-04-30T17:00Z,FR,2389,344,2787
2024-04-30T18:00Z,FR,2882,403,635
2024-04-30T19:00Z,FR,2320,335,0
2024-04-30T20:00Z,FR,1587,240,0
2024-04-30T21:00Z,FR,949,149,0
2024-04-30T22:00Z,FR,1084,169,0
2024-04-30T23:00Z,FR,955,150,0
2024-05-01T00:00Z,FR,611,98,0
2024-05-01T01:00Z,FR,832,132,0
2024-05-01T02:00Z,FR,975,153,0
2024-05-01T03:00Z,FR,767,122,0
2024-05-01T04:00Z,FR,931,147,0
2024-05-01T05:00Z,FR,1569,237,1311
2024-05-01T06:00Z,FR,1809,270,3595
2024-05-01T07:00Z,FR,2040,300,6158
2024-05-01T08:00Z,FR,1922,285,8519
2024-05-01T09:00Z,FR,2475,354,10433
2024-05-01T10:00Z,FR,2601,369,11479
2024-05-01T11:00Z,FR,3530,475,12166
2024-05-01T12:00Z,FR,4011,526,12204
2024-05-01T13:00Z,FR,2517,359,11272
2024-05-01T14:00Z,FR,1604,242,9547
2024-05-01T15:00Z,FR,2242,325,7391
2024-05-01T16:00Z,FR,2330,336,5291
2024-05-01T17:00Z,FR,4382,563,2752
2024-05-01T18:00Z,FR,2927,408,661
2024-05-01T19:00Z,FR,2368,341,0
2024-05-01T20:00Z,FR,2311,334,0
2024-05-01T21:00Z,FR,2263,328,0
2024-05-01T22:00Z,FR,2694,381,0
2024-05-01T23:00Z,FR,2214,322,0
2024-05-02T00:00Z,FR,2478,355,0
2024-05-02T01:00Z,FR,2400,345,0
2024-05-02T02:00Z,FR,1349,207,0
2024-05-02T03:00Z,FR,992,156,0
2024-05-02T04:00Z,FR,1105,172,0
2024-05-02T05:00Z,FR,1144,178,1155
2024-05-02T06:00Z,FR,1412,216,2973
2024-05-02T07:00Z,FR,1741,261,5057
2024-05-02T08:00Z,FR,1170,182,6645
2024-05-02T09:00Z,FR,1169,182,8238
2024-05-02T10:00Z,FR,2289,331,
2024-05-02T11:00Z,FR,3391,460,
2024-05-02T12:00Z,FR,3504,473,
2024-05-02T13:00Z,FR,3894,514,8503
2024-05-02T14:00Z,FR,3909,515,7564
2024-05-02T15:00Z,FR,3611,484,6135
2024-05-02T16:00Z,FR,3222,442,4157
2024-05-02T17:00Z,FR,4482,573,2151
2024-05-02T18:00Z,FR,6266,731,531
2024-05-02T19:00Z,FR,6869,779,0
2024-05-02T20:00Z,FR,5094,631,0
2024-05-02T21:00Z,FR,6110,719,0
2024-05-02T22:00Z,FR,6080,716,0
2024-05-02T23:00Z,FR,6538,753,0
2024-05-03T00:00Z,FR,6587,757,0
2024-05-03T01:00Z,FR,4289,554,0
2024-05-03T02:00Z,FR,5698,684,0
2024-05-03T03:00Z,FR,3790,503,0
2024-05-03T04:00Z,FR,4646,589,0
2024-05-03T05:00Z,FR,4907,613,798
2024-05-03T06:00Z,FR,5872,699,2092
2024-05-03T07:00Z,FR,4160,541,3413
2024-05-03T08:00Z,FR,4234,548,5167
2024-05-03T09:00Z,FR,3156,434,6324
2024-05-03T10:00Z,FR,2900,405,6532
2024-05-03T11:00Z,FR,3615,485,6684
2024-05-03T12:00Z,FR,2232,324,6970
2024-05-03T13:00Z,FR,2355,340,5695
2024-05-03T14:00Z,FR,1980,292,5235
2024-05-03T15:00Z,FR,1499,228,4294
2024-05-03T16:00Z,FR,1969,291,2938
2024-05-03T17:00Z,FR,2157,315,1690
2024-05-03T18:00Z,FR,2113,309,392
2024-05-03T19:00Z,FR,2027,298,0
2024-05-03T20:00Z,FR,2194,319,0
2024-05-03T21:00Z,FR,3058,423,0
2024-05-03T22:00Z,FR,2147,313,0
2024-05-03T23:00Z,FR,2072,304,0
2024-05-04T00:00Z,FR,1874,278,0
2024-05-04T01:00Z,FR,1119,174,0
2024-05-04T02:00Z,FR,808,128,0
2024-05-04T03:00Z,FR,930,147,0
2024-05-04T04:00Z,FR,725,116,0
2024-05-04T05:00Z,FR,1101,172,977
2024-05-04T06:00Z,FR,1040,163,2782
2024-05-04T07:00Z,FR,1562,236,4834
2024-05-04T08:00Z,FR,1936,286,6792
2024-05-04T09:00Z,FR,1445,220,8552
2024-05-04T10:00Z,FR,1400,214,9269
2024-05-04T11:00Z,FR,1513,230,9071
2024-05-04T12:00Z,FR,1069,167,8723
2024-05-04T13:00Z,FR,1602,242,7924
2024-05-04T14:00Z,FR,1957,289,6925
2024-05-04T15:00Z,FR,2402,345,5296
2024-05-04T16:00Z,FR,1813,270,3684
2024-05-04T17:00Z,FR,1960,289,2078
2024-05-04T18:00Z,FR,2980,414,559
2024-05-04T19:00Z,FR,4030,528,0
2024-05-04T20:00Z,FR,3805,505,0
2024-05-04T21:00Z,FR,2374,342,0
2024-05-04T22:00Z,FR,2476,354,0
2024-05-04T23:00Z,FR,1909,283,0
2024-05-05T00:00Z,FR,2069,304,0
2024-05-05T01:00Z,FR,1541,234,0
2024-05-05T02:00Z,FR,1221,189,0
2024-05-05T03:00Z,FR,1652,249,0
2024-05-05T04:00Z,FR,1749,262,0
2024-05-05T05:00Z,FR,1603,242,965
2024-05-05T06:00Z,FR,1810,270,2429
2024-05-05T07:00Z,FR,946,149,3940
2024-05-05T08:00Z,FR,1497,228,5130
2024-05-05T09:00Z,FR,1095,171,6280
2024-05-05T10:00Z,FR,1544,234,6683
2024-05-05T11:00Z,FR,1570,238,7096
2024-05-05T12:00Z,FR,1961,290,7074
2024-05-05T13:00Z,FR,1265,195,6741
2024-05-05T14:00Z,FR,1488,226,5385
2024-05-05T15:00Z,FR,1833,273,4357
2024-05-05T16:00Z,FR,1185,184,3118
2024-05-05T17:00Z,FR,916,145,1686
2024-05-05T18:00Z,FR,814,129,481
2024-05-05T19:00Z,FR,691,111,0
2024-05-05T20:00Z,FR,941,148,0
2024-05-05T21:00Z,FR,708,113,0
2024-05-05T22:00Z,FR,355,58,0
2024-05-05T23:00Z,FR,677,109,0
2024-05-06T00:00Z,FR,1031,161,0
2024-05-06T01:00Z,FR,1279,197,0
2024-05-06T02:00Z,FR,1983,292,0
2024-05-06T03:00Z,FR,2225,323,0
2024-05-06T04:00Z,FR,1298,200,0
2024-05-06T05:00Z,FR,1465,223,1059
2024-05-06T06:00Z,FR,1784,266,2518
2024-05-06T07:00Z,FR,2159,315,4229
2024-05-06T08:00Z,FR,1168,181,5679
2024-05-06T09:00Z,FR,1017,160,7057
2024-05-06T10:00Z,FR,1466,223,7495
2024-05-06T11:00Z,FR,1937,286,7771
2024-05-06T12:00Z,FR,3169,436,7676
2024-05-06T13:00Z,FR,2168,316,6895
2024-05-06T14:00Z,FR,2060,302,5940
2024-05-06T15:00Z,FR,1796,268,4841
2024-05-06T16:00Z,FR,2512,359,3228
2024-05-06T17:00Z,FR,2903,405,1905
2024-05-06T18:00Z,FR,2422,348,482
2024-05-06T19:00Z,FR,2489,356,0
2024-05-06T20:00Z,FR,3247,444,0
2024-05-06T21:00Z,FR,3777,502,0
2024-05-06T22:00Z,FR,4192,544,0
2024-05-06T23:00Z,FR,3844,509,0
2024-05-07T00:00Z,FR,3702,494,0
2024-05-07T01:00Z,FR,2728,385,0
2024-05-07T02:00Z,FR,1794,268,0
2024-05-07T03:00Z,FR,1343,206,0
2024-05-07T04:00Z,FR,1230,190,0
2024-05-07T05:00Z,FR,970,153,629
2024-05-07T06:00Z,FR,1012,159,1506
2024-05-07T07:00Z,FR,534,87,2285
2024-05-07T08:00Z,FR,715,114,2822
2024-05-07T09:00Z,FR,1125,175,3925
2024-05-07T10:00Z,FR,1269,196,4526
2024-05-07T11:00Z,FR,2027,298,4491
2024-05-07T12:00Z,FR,2085,306,4680
2024-05-07T13:00Z,FR,2572,366,4501
2024-05-07T14:00Z,FR,2124,311,3545
2024-05-07T15:00Z,FR,1166,181,3270
2024-05-07T16:00Z,FR,1098,171,2163
2024-05-07T17:00Z,FR,611,98,1020
2024-05-07T18:00Z,FR,510,83,277
2024-05-07T19:00Z,FR,633,102,0
2024-05-07T20:00Z,FR,992,156,0
2024-05-07T21:00Z,FR,1230,190,0
2024-05-07T22:00Z,FR,2350,339,0
2024-05-07T23:00Z,FR,1793,268,0
2024-05-08T00:00Z,FR,2721,384,0
2024-05-08T01:00Z,FR,2553,364,0
2024-05-08T02:00Z,FR,2050,301,0
2024-05-08T03:00Z,FR,1877,279,0
2024-05-08T04:00Z,FR,1622,245,0
2024-05-08T05:00Z,FR,1551,235,1145
2024-05-08T06:00Z,FR,2102,308,2754
2024-05-08T07:00Z,FR,2579,367,4493
2024-05-08T08:00Z,FR,3321,452,5894
2024-05-08T09:00Z,FR,3365,457,7258
2024-05-08T10:00Z,FR,3398,461,7814
2024-05-08T11:00Z,FR,3046,422,8036
2024-05-08T12:00Z,FR,2759,388,7654
2024-05-08T13:00Z,FR,2755,388,7686
2024-05-08T14:00Z,FR,2704,382,6345
2024-05-08T15:00Z,FR,2486,356,5184
2024-05-08T16:00Z,FR,3103,428,3758
2024-05-08T17:00Z,FR,2589,368,2072
2024-05-08T18:00Z,FR,2182,318,636
2024-05-08T19:00Z,FR,2359,340,0
2024-05-08T20:00Z,FR,2247,326,0
2024-05-08T21:00Z,FR,1358,208,0
2024-05-08T22:00Z,FR,1454,222,0
2024-05-08T23:00Z,FR,1614,244,0
2024-05-09T00:00Z,FR,2168,316,0
2024-05-09T01:00Z,FR,1940,287,0
2024-05-09T02:00Z,FR,1538,233,0
2024-05-09T03:00Z,FR,1791,267,0
2024-05-09T04:00Z,FR,1826,272,0
2024-05-09T05:00Z,FR,2532,361,818
2024-05-09T06:00Z,FR,2159,315,1992
2024-05-09T07:00Z,FR,2701,382,3150
2024-05-09T08:00Z,FR,3481,470,3997
2024-05-09T09:00Z,FR,2665,377,4911
2024-05-09T10:00Z,FR,3164,435,6203
2024-05-09T11:00Z,FR,3726,496,6520
2024-05-09T12:00Z,FR,2798,393,6072
2024-05-09T13:00Z,FR,4308,556,5014
2024-05-09T14:00Z,FR,6150,722,4326
2024-05-09T15:00Z,FR,6032,712,3590
2024-05-09T16:00Z,FR,5817,694,2531
2024-05-09T17:00Z,FR,5363,655,1488
2024-05-09T18:00Z,FR,3489,471,441
2024-05-09T19:00Z,FR,3258,445,0
2024-05-09T20:00Z,FR,4719,596,0
2024-05-09T21:00Z,FR,6174,724,0
2024-05-09T22:00Z,FR,6069,715,0
2024-05-09T23:00Z,FR,6496,750,0
2024-05-10T00:00Z,FR,6903,781,0
2024-05-10T01:00Z,FR,5446,662,0
2024-05-10T02:00Z,FR,5514,668,0
2024-05-10T03:00Z,FR,6433,745,0
2024-05-10T04:00Z,FR,5675,682,0
2024-05-10T05:00Z,FR,4777,601,794
2024-05-10T06:00Z,FR,4375,562,1842
2024-05-10T07:00Z,FR,4864,609,2894
2024-05-10T08:00Z,FR,4752,599,3579
2024-05-10T09:00Z,FR,5186,639,4811
2024-05-10T10:00Z,FR,6332,737,5772
2024-05-10T11:00Z,FR,6464,747,6561
2024-05-10T12:00Z,FR,5398,658,6284
2024-05-10T13:00Z,FR,6668,763,5708
2024-05-10T14:00Z,FR,5815,694,5480
2024-05-10T15:00Z,FR,9286,945,4038
2024-05-10T16:00Z,FR,6440,745,2547
2024-05-10T17:00Z,FR,7854,851,1574
2024-05-10T18:00Z,FR,11600,1075,456
2024-05-10T19:00Z,FR,9560,962,0
2024-05-10T20:00Z,FR,7467,823,0
2024-05-10T21:00Z,FR,7988,860,0
2024-05-10T22:00Z,FR,5341,653,0
2024-05-10T23:00Z,FR,6107,718,0
2024-05-11T00:00Z,FR,7530,828,0
2024-05-11T01:00Z,FR,8171,873,0
2024-05-11T02:00Z,FR,7517,827,0
2024-05-11T03:00Z,FR,3847,509,0
2024-05-11T04:00Z,FR,3672,491,2
2024-05-11T05:00Z,FR,2685,380,1231
2024-05-11T06:00Z,FR,2180,318,2938
2024-05-11T07:00Z,FR,2132,312,4775
2024-05-11T08:00Z,FR,2514,359,6765
2024-05-11T09:00Z,FR,1830,272,7865
2024-05-11T10:00Z,FR,2228,324,8642
2024-05-11T11:00Z,FR,2502,358,9208
2024-05-11T12:00Z,FR,3102,428,8662
2024-05-11T13:00Z,FR,4140,539,7804
2024-05-11T14:00Z,FR,5781,691,6701
2024-05-11T15:00Z,FR,7142,800,4988
2024-05-11T16:00Z,FR,6161,723,3492
2024-05-11T17:00Z,FR,9199,940,1989
2024-05-11T18:00Z,FR,10676,1026,630
2024-05-11T19:00Z,FR,10085,993,0
2024-05-11T20:00Z,FR,9372,950,0
2024-05-11T21:00Z,FR,8069,866,0
2024-05-11T22:00Z,FR,6471,748,0
2024-05-11T23:00Z,FR,6240,729,0
2024-05-12T00:00Z,FR,4949,617,0
2024-05-12T01:00Z,FR,5821,694,0
2024-05-12T02:00Z,FR,5277,647,0
2024-05-12T03:00Z,FR,3620,485,0
2024-05-12T04:00Z,FR,3158,434,6
2024-05-12T05:00Z,FR,4192,544,500
2024-05-12T06:00Z,FR,5485,666,1109
2024-05-12T07:00Z,FR,4670,591,2284
2024-05-12T08:00Z,FR,3239,443,2830
2024-05-12T09:00Z,FR,2687,380,3064
2024-05-12T10:00Z,FR,3367,458,3436
2024-05-12T11:00Z,FR,4126,538,4000
2024-05-12T12:00Z,FR,5515,668,4082
2024-05-12T13:00Z,FR,6650,762,3894
2024-05-12T14:00Z,FR,7518,827,3487
2024-05-12T15:00Z,FR,7626,835,2691
2024-05-12T16:00Z,FR,6441,745,2025
2024-05-12T17:00Z,FR,7488,825,1197
2024-05-12T18:00Z,FR,7503,826,432
2024-05-12T19:00Z,FR,6593,757,0
2024-05-12T20:00Z,FR,4038,529,0
2024-05-12T21:00Z,FR,3019,419,0
2024-05-12T22:00Z,FR,4267,552,0
2024-05-12T23:00Z,FR,3042,421,0
2024-05-13T00:00Z,FR,2413,347,0
2024-05-13T01:00Z,FR,2330,336,0
2024-05-13T02:00Z,FR,2688,380,0
2024-05-13T03:00Z,FR,2476,354,0
2024-05-13T04:00Z,FR,1986,293,15
2024-05-13T05:00Z,FR,2489,356,688
2024-05-13T06:00Z,FR,3030,420,1698
2024-05-13T07:00Z,FR,2218,323,3193
2024-05-13T08:00Z,FR,2830,397,5034
2024-05-13T09:00Z,FR,3106,428,6515
2024-05-13T10:00Z,FR,4073,532,6915
2024-05-13T11:00Z,FR,5864,698,7581
2024-05-13T12:00Z,FR,4517,576,7661
2024-05-13T13:00Z,FR,2572,366,6932
2024-05-13T14:00Z,FR,2694,381,5635
2024-05-13T15:00Z,FR,2547,363,4038
2024-05-13T16:00Z,FR,1900,282,2873
2024-05-13T17:00Z,FR,1666,251,1633
2024-05-13T18:00Z,FR,2245,326,535
2024-05-13T19:00Z,FR,1699,255,0
2024-05-13T20:00Z,FR,1849,275,0
2024-05-13T21:00Z,FR,1674,252,0
2024-05-13T22:00Z,FR,1910,283,0
2024-05-13T23:00Z,FR,2384,343,0
2024-05-14T00:00Z,FR,3190,438,0
2024-05-14T01:00Z,FR,3424,464,0
2024-05-14T02:00Z,FR,4195,545,0
2024-05-14T03:00Z,FR,3674,491,0
2024-05-14T04:00Z,FR,3326,453,30
2024-05-14T05:00Z,FR,3484,470,827
2024-05-14T06:00Z,FR,4375,562,1972
2024-05-14T07:00Z,FR,3084,426,3067
2024-05-14T08:00Z,FR,4159,541,4083
2024-05-14T09:00Z,FR,5050,627,5161
2024-05-14T10:00Z,FR,4641,588,5751
2024-05-14T11:00Z,FR,3851,509,5463
2024-05-14T12:00Z,FR,3288,449,5841
2024-05-14T13:00Z,FR,2887,403,4781
2024-05-14T14:00Z,FR,3765,500,4941
2024-05-14T15:00Z,FR,4428,568,4127
2024-05-14T16:00Z,FR,3879,512,2972
2024-05-14T17:00Z,FR,4783,602,1644
2024-05-14T18:00Z,FR,4637,588,524
2024-05-14T19:00Z,FR,4218,547,0
2024-05-14T20:00Z,FR,2717,383,0
2024-05-14T21:00Z,FR,2314,335,0
2024-05-14T22:00Z,FR,1291,199,0
2024-05-14T23:00Z,FR,1074,168,0
2024-05-15T00:00Z,FR,727,116,0
2024-05-15T01:00Z,FR,657,105,0
2024-05-15T02:00Z,FR,718,115,0
2024-05-15T03:00Z,FR,448,73,0
2024-05-15T04:00Z,FR,355,58,52
2024-05-15T05:00Z,FR,291,48,1119
2024-05-15T06:00Z,FR,446,73,2575
2024-05-15T07:00Z,FR,637,102,3868
2024-05-15T08:00Z,FR,652,105,5496
2024-05-15T09:00Z,FR,775,124,6786
2024-05-15T10:00Z,FR,915,144,7948
2024-05-15T11:00Z,FR,446,73,9117
2024-05-15T12:00Z,FR,312,51,9308
2024-05-15T13:00Z,FR,259,43,8394
2024-05-15T14:00Z,FR,574,93,7159
2024-05-15T15:00Z,FR,345,57,5976
2024-05-15T16:00Z,FR,471,77,4628
2024-05-15T17:00Z,FR,644,104,2703
2024-05-15T18:00Z,FR,249,41,930
2024-05-15T19:00Z,FR,298,49,0
2024-05-15T20:00Z,FR,260,43,0
2024-05-15T21:00Z,FR,236,39,0
2024-05-15T22:00Z,FR,198,33,0
2024-05-15T23:00Z,FR,158,26,0
2024-05-16T00:00Z,FR,169,28,0
2024-05-16T01:00Z,FR,314,52,0
2024-05-16T02:00Z,FR,492,80,0
2024-05-16T03:00Z,FR,623,100,0
2024-05-16T04:00Z,FR,961,151,91
2024-05-16T05:00Z,FR,625,101,1490
2024-05-16T06:00Z,FR,1073,168,3262
2024-05-16T07:00Z,FR,1043,163,5040
2024-05-16T08:00Z,FR,1024,161,6188
2024-05-16T09:00Z,FR,861,136,8094
2024-05-16T10:00Z,FR,750,120,9817
2024-05-16T11:00Z,FR,833,132,10521
2024-05-16T12:00Z,FR,586,95,10055
2024-05-16T13:00Z,FR,939,148,8755
2024-05-16T14:00Z,FR,2163,315,7623
2024-05-16T15:00Z,FR,1645,248,5767
2024-05-16T16:00Z,FR,2114,309,4163
2024-05-16T17:00Z,FR,1737,260,2572
2024-05-16T18:00Z,FR,1555,236,896
2024-05-16T19:00Z,FR,1290,199,0
2024-05-16T20:00Z,FR,1220,189,0
2024-05-16T21:00Z,FR,2107,308,0
2024-05-16T22:00Z,FR,2574,366,0
2024-05-16T23:00Z,FR,2846,399,0
2024-05-17T00:00Z,FR,1850,275,0
2024-05-17T01:00Z,FR,1278,197,0
2024-05-17T02:00Z,FR,1891,280,0
2024-05-17T03:00Z,FR,2793,392,0
2024-05-17T04:00Z,FR,3452,467,102
2024-05-17T05:00Z,FR,2848,399,1579
2024-05-17T06:00Z,FR,4233,548,3497
2024-05-17T07:00Z,FR,4550,580,5526
2024-05-17T08:00Z,FR,3958,520,7452
2024-05-17T09:00Z,FR,2522,360,8913
2024-05-17T10:00Z,FR,3479,470,9788
2024-05-17T11:00Z,FR,2128,311,10225
2024-05-17T12:00Z,FR,2848,399,10195
2024-05-17T13:00Z,FR,3988,524,9567
2024-05-17T14:00Z,FR,4410,566,8046
2024-05-17T15:00Z,FR,4355,560,6531
2024-05-17T16:00Z,FR,3582,481,5081
2024-05-17T17:00Z,FR,3761,500,2885
2024-05-17T18:00Z,FR,3981,523,1055
2024-05-17T19:00Z,FR,4512,576,0
2024-05-17T20:00Z,FR,4581,583,0
2024-05-17T21:00Z,FR,4591,583,0
2024-05-17T22:00Z,FR,4100,535,0
2024-05-17T23:00Z,FR,3918,516,0
2024-05-18T00:00Z,FR,3262,446,0
2024-05-18T01:00Z,FR,6586,757,0
2024-05-18T02:00Z,FR,6057,714,0
2024-05-18T03:00Z,FR,5551,671,0
2024-05-18T04:00Z,FR,6643,761,118
2024-05-18T05:00Z,FR,7711,841,1371
2024-05-18T06:00Z,FR,6007,710,2700
2024-05-18T07:00Z,FR,6907,782,4526
2024-05-18T08:00Z,FR,6951,785,6178
2024-05-18T09:00Z,FR,5230,643,7611
2024-05-18T10:00Z,FR,3614,484,9064
2024-05-18T11:00Z,FR,3159,434,9167
2024-05-18T12:00Z,FR,4152,540,10150
2024-05-18T13:00Z,FR,3332,454,9659
2024-05-18T14:00Z,FR,3227,442,8445
2024-05-18T15:00Z,FR,1634,246,6654
2024-05-18T16:00Z,FR,1467,223,4841
2024-05-18T17:00Z,FR,1107,173,2827
2024-05-18T18:00Z,FR,1062,166,1141
2024-05-18T19:00Z,FR,858,136,0
2024-05-18T20:00Z,FR,1130,176,0
2024-05-18T21:00Z,FR,899,142,0
2024-05-18T22:00Z,FR,1390,213,0
2024-05-18T23:00Z,FR,1563,237,0
2024-05-19T00:00Z,FR,2493,356,0
2024-05-19T01:00Z,FR,2629,373,0
2024-05-19T02:00Z,FR,3001,417,0
2024-05-19T03:00Z,FR,5102,631,0
2024-05-19T04:00Z,FR,8541,898,187
2024-05-19T05:00Z,FR,8079,867,2081
2024-05-19T06:00Z,FR,9180,938,4454
2024-05-19T07:00Z,FR,7372,816,6945
2024-05-19T08:00Z,FR,8638,904,9285
2024-05-19T09:00Z,FR,6916,782,11234
2024-05-19T10:00Z,FR,8633,904,12600
2024-05-19T11:00Z,FR,8886,920,13249
2024-05-19T12:00Z,FR,9963,986,13118
2024-05-19T13:00Z,FR,6374,740,12219
2024-05-19T14:00Z,FR,5806,693,10109
2024-05-19T15:00Z,FR,4602,585,8090
2024-05-19T16:00Z,FR,3187,438,5886
2024-05-19T17:00Z,FR,4541,579,3548
2024-05-19T18:00Z,FR,4354,560,1308
2024-05-19T19:00Z,FR,4784,602,0
2024-05-19T20:00Z,FR,5967,707,0
2024-05-19T21:00Z,FR,6231,729,0
2024-05-19T22:00Z,FR,6747,770,0
2024-05-19T23:00Z,FR,6854,778,0
2024-05-20T00:00Z,FR,5183,639,0
2024-05-20T01:00Z,FR,5697,684,0
2024-05-20T02:00Z,FR,4600,584,0
2024-05-20T03:00Z,FR,4669,591,0
2024-05-20T04:00Z,FR,4563,581,113
2024-05-20T05:00Z,FR,4899,613,1159
2024-05-20T06:00Z,FR,5993,709,2485
2024-05-20T07:00Z,FR,3712,495,3858
2024-05-20T08:00Z,FR,4464,571,5317
2024-05-20T09:00Z,FR,3041,421,6383
2024-05-20T10:00Z,FR,2417,347,7461
2024-05-20T11:00Z,FR,1963,290,7226
2024-05-20T12:00Z,FR,1888,280,6989
2024-05-20T13:00Z,FR,2334,337,5945
2024-05-20T14:00Z,FR,1921,284,5078
2024-05-20T15:00Z,FR,3155,434,3966
2024-05-20T16:00Z,FR,3419,463,2642
2024-05-20T17:00Z,FR,3948,520,1609
2024-05-20T18:00Z,FR,3692,493,644
2024-05-20T19:00Z,FR,2062,303,0
2024-05-20T20:00Z,FR,1706,256,0
2024-05-20T21:00Z,FR,1863,277,0
2024-05-20T22:00Z,FR,1886,280,0
2024-05-20T23:00Z,FR,3390,460,0
2024-05-21T00:00Z,FR,3322,453,0
2024-05-21T01:00Z,FR,2113,309,0
2024-05-21T02:00Z,FR,1434,219,0
2024-05-21T03:00Z,FR,1521,231,0
2024-05-21T04:00Z,FR,1677,252,59
2024-05-21T05:00Z,FR,1816,271,537
2024-05-21T06:00Z,FR,1662,250,1226
2024-05-21T07:00Z,FR,1029,161,2205
2024-05-21T08:00Z,FR,1489,226,3165
2024-05-21T09:00Z,FR,1486,226,3569
2024-05-21T10:00Z,FR,1377,211,3946
2024-05-21T11:00Z,FR,1024,160,4219
2024-05-21T12:00Z,FR,1066,167,4156
2024-05-21T13:00Z,FR,1086,169,3683
2024-05-21T14:00Z,FR,914,144,3724
2024-05-21T15:00Z,FR,610,98,2878
2024-05-21T16:00Z,FR,755,120,2084
2024-05-21T17:00Z,FR,519,84,1185
2024-05-21T18:00Z,FR,651,105,400
2024-05-21T19:00Z,FR,641,103,0
2024-05-21T20:00Z,FR,863,137,0
2024-05-21T21:00Z,FR,614,99,0
2024-05-21T22:00Z,FR,395,65,0
2024-05-21T23:00Z,FR,362,59,0
2024-05-22T00:00Z,FR,329,54,0
2024-05-22T01:00Z,FR,230,38,0
2024-05-22T02:00Z,FR,227,38,0
2024-05-22T03:00Z,FR,202,33,0
2024-05-22T04:00Z,FR,239,39,71
2024-05-22T05:00Z,FR,244,40,648
2024-05-22T06:00Z,FR,293,48,1427
2024-05-22T07:00Z,FR,376,62,2702
2024-05-22T08:00Z,FR,353,58,3929
2024-05-22T09:00Z,FR,425,69,5028
2024-05-22T10:00Z,FR,375,61,5456
2024-05-22T11:00Z,FR,553,89,6168
2024-05-22T12:00Z,FR,1121,175,5864
2024-05-22T13:00Z,FR,1239,191,5293
2024-05-22T14:00Z,FR,1080,169,4420
2024-05-22T15:00Z,FR,829,132,3391
2024-05-22T16:00Z,FR,890,141,2294
2024-05-22T17:00Z,FR,621,100,1460
2024-05-22T18:00Z,FR,1120,174,607
2024-05-22T19:00Z,FR,911,144,0
2024-05-22T20:00Z,FR,1091,170,0
2024-05-22T21:00Z,FR,980,154,0
2024-05-22T22:00Z,FR,590,95,0
2024-05-22T23:00Z,FR,707,113,0
2024-05-23T00:00Z,FR,825,131,0
2024-05-23T01:00Z,FR,996,156,0
2024-05-23T02:00Z,FR,1450,221,0
2024-05-23T03:00Z,FR,1212,188,0
2024-05-23T04:00Z,FR,1445,220,71
2024-05-23T05:00Z,FR,1873,278,553
2024-05-23T06:00Z,FR,1876,279,1275
2024-05-23T07:00Z,FR,1555,236,2046
2024-05-23T08:00Z,FR,1762,263,3365
2024-05-23T09:00Z,FR,1719,258,3891
2024-05-23T10:00Z,FR,2240,325,4455
2024-05-23T11:00Z,FR,2488,356,4656
2024-05-23T12:00Z,FR,4052,530,4438
2024-05-23T13:00Z,FR,2947,410,4382
2024-05-23T14:00Z,FR,3430,465,3401
2024-05-23T15:00Z,FR,4207,546,3278
2024-05-23T16:00Z,FR,5754,689,2004
2024-05-23T17:00Z,FR,4885,611,1064
2024-05-23T18:00Z,FR,5958,706,421
2024-05-23T19:00Z,FR,7107,797,0
2024-05-23T20:00Z,FR,7464,823,0
2024-05-23T21:00Z,FR,5431,661,0
2024-05-23T22:00Z,FR,6466,747,0
2024-05-23T23:00Z,FR,7270,809,0
2024-05-24T00:00Z,FR,6734,769,0
2024-05-24T01:00Z,FR,5720,686,0
2024-05-24T02:00Z,FR,5596,675,0
2024-05-24T03:00Z,FR,8005,861,0
2024-05-24T04:00Z,FR,7902,854,160
2024-05-24T05:00Z,FR,8089,867,1030
2024-05-24T06:00Z,FR,9314,947,2085
2024-05-24T07:00Z,FR,10238,1001,3119
2024-05-24T08:00Z,FR,10124,995,4471
2024-05-24T09:00Z,FR,9391,951,5955
2024-05-24T10:00Z,FR,9943,984,6566
2024-05-24T11:00Z,FR,9375,950,6747
2024-05-24T12:00Z,FR,7250,808,6517
2024-05-24T13:00Z,FR,9000,927,6078
2024-05-24T14:00Z,FR,10163,997,5613
2024-05-24T15:00Z,FR,8687,907,4132
2024-05-24T16:00Z,FR,8194,874,2946
2024-05-24T17:00Z,FR,8451,892,1747
2024-05-24T18:00Z,FR,5243,644,666
2024-05-24T19:00Z,FR,3829,507,0
2024-05-24T20:00Z,FR,3739,498,0
2024-05-24T21:00Z,FR,4639,588,0
2024-05-24T22:00Z,FR,4884,611,0
2024-05-24T23:00Z,FR,5889,700,0
2024-05-25T00:00Z,FR,4261,551,0
2024-05-25T01:00Z,FR,4825,606,0
2024-05-25T02:00Z,FR,3731,497,0
2024-05-25T03:00Z,FR,3932,518,0
2024-05-25T04:00Z,FR,5573,673,223
2024-05-25T05:00Z,FR,6581,757,1456
2024-05-25T06:00Z,FR,6157,723,2887
2024-05-25T07:00Z,FR,6007,710,4271
2024-05-25T08:00Z,FR,7732,842,5272
2024-05-25T09:00Z,FR,8093,868,6840
2024-05-25T10:00Z,FR,10112,994,7572
2024-05-25T11:00Z,FR,9300,946,8339
2024-05-25T12:00Z,FR,6717,767,7789
2024-05-25T13:00Z,FR,5937,704,7192
2024-05-25T14:00Z,FR,5798,693,6083
2024-05-25T15:00Z,FR,4744,598,5186
2024-05-25T16:00Z,FR,4860,609,3711
2024-05-25T17:00Z,FR,3587,481,2217
2024-05-25T18:00Z,FR,3503,472,890
2024-05-25T19:00Z,FR,3600,483,0
2024-05-25T20:00Z,FR,3942,519,0
2024-05-25T21:00Z,FR,4531,578,0
2024-05-25T22:00Z,FR,4037,529,0
2024-05-25T23:00Z,FR,4094,534,0
2024-05-26T00:00Z,FR,3787,503,0
2024-05-26T01:00Z,FR,4732,597,0
2024-05-26T02:00Z,FR,4714,595,0
2024-05-26T03:00Z,FR,4953,618,0
2024-05-26T04:00Z,FR,3378,459,274
2024-05-26T05:00Z,FR,2231,324,1750
2024-05-26T06:00Z,FR,3248,444,3629
2024-05-26T07:00Z,FR,3461,468,5357
2024-05-26T08:00Z,FR,2295,332,7372
2024-05-26T09:00Z,FR,2903,405,8556
2024-05-26T10:00Z,FR,2922,407,9731
2024-05-26T11:00Z,FR,1555,236,10092
2024-05-26T12:00Z,FR,1087,170,9666
2024-05-26T13:00Z,FR,1755,263,9312
2024-05-26T14:00Z,FR,1660,250,7923
2024-05-26T15:00Z,FR,1738,260,6138
2024-05-26T16:00Z,FR,2163,315,4602
2024-05-26T17:00Z,FR,2086,306,2720
2024-05-26T18:00Z,FR,1992,294,1165
2024-05-26T19:00Z,FR,1808,270,0
2024-05-26T20:00Z,FR,1946,288,0
2024-05-26T21:00Z,FR,1953,289,0
2024-05-26T22:00Z,FR,1625,245,0
2024-05-26T23:00Z,FR,2323,336,0
2024-05-27T00:00Z,FR,1202,186,0
2024-05-27T01:00Z,FR,1108,173,0
2024-05-27T02:00Z,FR,1182,183,0
2024-05-27T03:00Z,FR,995,156,0
2024-05-27T04:00Z,FR,1149,179,271
2024-05-27T05:00Z,FR,1268,196,1812
2024-05-27T06:00Z,FR,981,154,3775
2024-05-27T07:00Z,FR,1558,236,5670
2024-05-27T08:00Z,FR,1634,246,7363
2024-05-27T09:00Z,FR,1290,199,8992
2024-05-27T10:00Z,FR,818,130,9957
2024-05-27T11:00Z,FR,1470,224,10196
2024-05-27T12:00Z,FR,1646,248,10337
2024-05-27T13:00Z,FR,1380,211,9330
2024-05-27T14:00Z,FR,1153,179,8328
2024-05-27T15:00Z,FR,1120,174,6541
2024-05-27T16:00Z,FR,1858,276,4893
2024-05-27T17:00Z,FR,1953,289,2978
2024-05-27T18:00Z,FR,1521,231,1277
2024-05-27T19:00Z,FR,1520,231,0
2024-05-27T20:00Z,FR,1156,180,0
2024-05-27T21:00Z,FR,1055,165,0
2024-05-27T22:00Z,FR,694,111,0
2024-05-27T23:00Z,FR,600,97,0
2024-05-28T00:00Z,FR,943,149,0
2024-05-28T01:00Z,FR,766,122,0
2024-05-28T02:00Z,FR,640,103,0
2024-05-28T03:00Z,FR,417,68,0
2024-05-28T04:00Z,FR,808,129,389
2024-05-28T05:00Z,FR,1218,189,2322
2024-05-28T06:00Z,FR,1092,170,4602
2024-05-28T07:00Z,FR,1210,187,7214
2024-05-28T08:00Z,FR,1209,187,9540
2024-05-28T09:00Z,FR,699,112,11476
2024-05-28T10:00Z,FR,513,83,12832
2024-05-28T11:00Z,FR,591,95,13383
2024-05-28T12:00Z,FR,490,80,13065
2024-05-28T13:00Z,FR,607,98,11726
2024-05-28T14:00Z,FR,453,74,10265
2024-05-28T15:00Z,FR,322,53,7975
2024-05-28T16:00Z,FR,242,40,5931
2024-05-28T17:00Z,FR,295,48,3612
2024-05-28T18:00Z,FR,404,66,1490
2024-05-28T19:00Z,FR,225,37,0
2024-05-28T20:00Z,FR,122,20,0
2024-05-28T21:00Z,FR,133,22,0
2024-05-28T22:00Z,FR,92,15,0
2024-05-28T23:00Z,FR,74,12,0
2024-05-29T00:00Z,FR,80,13,0
2024-05-29T01:00Z,FR,78,13,0
2024-05-29T02:00Z,FR,57,10,0
2024-05-29T03:00Z,FR,70,12,0
2024-05-29T04:00Z,FR,73,12,414
2024-05-29T05:00Z,FR,58,10,2323
2024-05-29T06:00Z,FR,66,11,4749
2024-05-29T07:00Z,FR,82,14,7239
2024-05-29T08:00Z,FR,93,16,9563
2024-05-29T09:00Z,FR,100,17,11498
2024-05-29T10:00Z,FR,96,16,12852
2024-05-29T11:00Z,FR,90,15,13496
2024-05-29T12:00Z,FR,135,22,13366
2024-05-29T13:00Z,FR,84,14,12475
2024-05-29T14:00Z,FR,63,11,10595
2024-05-29T15:00Z,FR,48,8,8328
2024-05-29T16:00Z,FR,42,7,6049
2024-05-29T17:00Z,FR,41,7,3645
2024-05-29T18:00Z,FR,80,13,1606
2024-05-29T19:00Z,FR,98,16,0
2024-05-29T20:00Z,FR,116,19,0
2024-05-29T21:00Z,FR,169,28,0
2024-05-29T22:00Z,FR,143,24,0
2024-05-29T23:00Z,FR,131,22,0
2024-05-30T00:00Z,FR,147,24,0
2024-05-30T01:00Z,FR,109,18,0
2024-05-30T02:00Z,FR,131,22,0
2024-05-30T03:00Z,FR,139,23,0
2024-05-30T04:00Z,FR,175,29,437
2024-05-30T05:00Z,FR,161,27,2400
2024-05-30T06:00Z,FR,246,41,4780
2024-05-30T07:00Z,FR,195,32,7262
2024-05-30T08:00Z,FR,253,42,9586
2024-05-30T09:00Z,FR,354,58,11518
2024-05-30T10:00Z,FR,334,55,12872
2024-05-30T11:00Z,FR,248,41,13515
2024-05-30T12:00Z,FR,297,49,13385
2024-05-30T13:00Z,FR,410,67,12495
2024-05-30T14:00Z,FR,379,62,10737
2024-05-30T15:00Z,FR,429,70,8799
2024-05-30T16:00Z,FR,330,54,6282
2024-05-30T17:00Z,FR,283,47,3932
2024-05-30T18:00Z,FR,379,62,1680
2024-05-30T19:00Z,FR,335,55,2
2024-05-30T20:00Z,FR,410,67,0
2024-05-30T21:00Z,FR,400,65,0
2024-05-30T22:00Z,FR,432,71,0
2024-05-30T23:00Z,FR,504,82,0
2024-05-31T00:00Z,FR,627,101,0
2024-05-31T01:00Z,FR,876,139,0
2024-05-31T02:00Z,FR,926,146,0
2024-05-31T03:00Z,FR,837,133,0
2024-05-31T04:00Z,FR,1197,185,456
2024-05-31T05:00Z,FR,1797,268,2423
2024-05-31T06:00Z,FR,1415,216,4803
2024-05-31T07:00Z,FR,1503,228,7285
2024-05-31T08:00Z,FR,1275,197,9607
2024-05-31T09:00Z,FR,1623,245,11538
2024-05-31T10:00Z,FR,1128,176,12891
2024-05-31T11:00Z,FR,861,136,13533
2024-05-31T12:00Z,FR,1063,166,13403
2024-05-31T13:00Z,FR,1059,166,12402
2024-05-31T14:00Z,FR,1210,187,10863
2024-05-31T15:00Z,FR,1556,236,8663
2024-05-31T16:00Z,FR,1229,190,6241
2024-05-31T17:00Z,FR,1076,168,3846
2024-05-31T18:00Z,FR,1222,189,1625
2024-05-31T19:00Z,FR,866,137,11
2024-05-31T20:00Z,FR,921,145,0
2024-05-31T21:00Z,FR,896,142,0
2024-05-31T22:00Z,FR,890,141,0
2024-05-31T23:00Z,FR,801,127,0
2024-06-01T00:00Z,FR,612,99,0
2024-06-01T01:00Z,FR,557,90,0
2024-06-01T02:00Z,FR,503,82,0
2024-06-01T03:00Z,FR,497,81,0
2024-06-01T04:00Z,FR,553,89,359
2024-06-01T05:00Z,FR,911,144,1924
2024-06-01T06:00Z,FR,828,131,3852
2024-06-01T07:00Z,FR,805,128,5979
2024-06-01T08:00Z,FR,617,99,7524
2024-06-01T09:00Z,FR,717,115,8920
2024-06-01T10:00Z,FR,733,117,10268
2024-06-01T11:00Z,FR,1014,159,10839
2024-06-01T12:00Z,FR,811,129,10612
2024-06-01T13:00Z,FR,1036,162,10231
2024-06-01T14:00Z,FR,1276,197,8781
2024-06-01T15:00Z,FR,1251,193,7038
2024-06-01T16:00Z,FR,1665,250,4754
2024-06-01T17:00Z,FR,2114,309,2875
2024-06-01T18:00Z,FR,1516,230,1334
2024-06-01T19:00Z,FR,1472,224,17
2024-06-01T20:00Z,FR,1726,259,0
2024-06-01T21:00Z,FR,958,151,0
2024-06-01T22:00Z,FR,1169,181,0
2024-06-01T23:00Z,FR,1005,158,0
2024-06-02T00:00Z,FR,1343,206,0
2024-06-02T01:00Z,FR,1366,209,0
2024-06-02T02:00Z,FR,1469,224,0
2024-06-02T03:00Z,FR,1543,234,0
2024-06-02T04:00Z,FR,1163,181,307
2024-06-02T05:00Z,FR,1549,235,1527
2024-06-02T06:00Z,FR,1931,286,3046
2024-06-02T07:00Z,FR,2238,325,4364
2024-06-02T08:00Z,FR,2363,341,5563
2024-06-02T09:00Z,FR,2353,339,7181
2024-06-02T10:00Z,FR,2927,408,7378
2024-06-02T11:00Z,FR,1999,294,7763
2024-06-02T12:00Z,FR,2820,396,7557
2024-06-02T13:00Z,FR,2349,339,7046
2024-06-02T14:00Z,FR,2226,323,6104
2024-06-02T15:00Z,FR,3134,432,5444
2024-06-02T16:00Z,FR,2171,317,4398
2024-06-02T17:00Z,FR,3541,477,2601
2024-06-02T18:00Z,FR,3267,447,1084
2024-06-02T19:00Z,FR,2411,346,21
2024-06-02T20:00Z,FR,2290,331,0
2024-06-02T21:00Z,FR,1727,259,0
2024-06-02T22:00Z,FR,2456,352,0
2024-06-02T23:00Z,FR,1722,258,0
2024-06-03T00:00Z,FR,1107,173,0
2024-06-03T01:00Z,FR,1021,160,0
2024-06-03T02:00Z,FR,1535,233,0
2024-06-03T03:00Z,FR,1502,228,0
2024-06-03T04:00Z,FR,1105,172,411
2024-06-03T05:00Z,FR,714,114,2114
2024-06-03T06:00Z,FR,1081,169,4093
2024-06-03T07:00Z,FR,993,156,5733
2024-06-03T08:00Z,FR,1174,182,7733
2024-06-03T09:00Z,FR,1613,243,9152
2024-06-03T10:00Z,FR,2056,302,10472
2024-06-03T11:00Z,FR,2003,295,10605
2024-06-03T12:00Z,FR,1910,283,10556
2024-06-03T13:00Z,FR,1364,209,9313
2024-06-03T14:00Z,FR,2916,407,8145
2024-06-03T15:00Z,FR,2954,411,6650
2024-06-03T16:00Z,FR,2307,334,4984
2024-06-03T17:00Z,FR,1659,250,2895
2024-06-03T18:00Z,FR,1453,222,1258
2024-06-03T19:00Z,FR,760,121,31
2024-06-03T20:00Z,FR,539,87,0
2024-06-03T21:00Z,FR,1062,166,0
2024-06-03T22:00Z,FR,976,153,0
2024-06-03T23:00Z,FR,546,88,0
2024-06-04T00:00Z,FR,408,67,0
2024-06-04T01:00Z,FR,530,86,0
2024-06-04T02:00Z,FR,645,104,0
2024-06-04T03:00Z,FR,815,129,0
2024-06-04T04:00Z,FR,1256,194,380
2024-06-04T05:00Z,FR,925,146,1944
2024-06-04T06:00Z,FR,1053,165,3836
2024-06-04T07:00Z,FR,1152,179,5891
2024-06-04T08:00Z,FR,1287,198,7661
2024-06-04T09:00Z,FR,1366,209,8854
2024-06-04T10:00Z,FR,1448,221,10069
2024-06-04T11:00Z,FR,1553,235,10349
2024-06-04T12:00Z,FR,2284,331,10355
2024-06-04T13:00Z,FR,2173,317,10303
2024-06-04T14:00Z,FR,1417,217,8862
2024-06-04T15:00Z,FR,1212,188,7324
2024-06-04T16:00Z,FR,1238,191,5359
2024-06-04T17:00Z,FR,912,144,3433
2024-06-04T18:00Z,FR,1136,177,1512
2024-06-04T19:00Z,FR,527,85,49
2024-06-04T20:00Z,FR,360,59,0
2024-06-04T21:00Z,FR,451,73,0
2024-06-04T22:00Z,FR,395,65,0
2024-06-04T23:00Z,FR,510,83,0
2024-06-05T00:00Z,FR,764,122,0
2024-06-05T01:00Z,FR,836,133,0
2024-06-05T02:00Z,FR,1240,192,0
2024-06-05T03:00Z,FR,1599,241,0
2024-06-05T04:00Z,FR,1930,286,428
2024-06-05T05:00Z,FR,2109,309,1891
2024-06-05T06:00Z,FR,2338,337,3563
2024-06-05T07:00Z,FR,3018,418,5600
2024-06-05T08:00Z,FR,3698,493,7717
2024-06-05T09:00Z,FR,3433,465,9632
2024-06-05T10:00Z,FR,3583,481,10718
2024-06-05T11:00Z,FR,2061,302,11154
2024-06-05T12:00Z,FR,3263,446,10936
2024-06-05T13:00Z,FR,4699,594,10000
2024-06-05T14:00Z,FR,4661,590,9022
2024-06-05T15:00Z,FR,3230,442,7494
2024-06-05T16:00Z,FR,1589,240,5535
2024-06-05T17:00Z,FR,1452,221,3246
2024-06-05T18:00Z,FR,1535,233,1426
2024-06-05T19:00Z,FR,2120,310,49
2024-06-05T20:00Z,FR,1558,236,0
2024-06-05T21:00Z,FR,2341,338,0
2024-06-05T22:00Z,FR,1072,168,0
2024-06-05T23:00Z,FR,1410,215,0
2024-06-06T00:00Z,FR,1144,178,0
2024-06-06T01:00Z,FR,1070,167,0
2024-06-06T02:00Z,FR,844,134,0
2024-06-06T03:00Z,FR,988,155,0
2024-06-06T04:00Z,FR,726,116,205
2024-06-06T05:00Z,FR,645,104,984
2024-06-06T06:00Z,FR,889,141,2009
2024-06-06T07:00Z,FR,725,116,2695
2024-06-06T08:00Z,FR,933,147,3187
2024-06-06T09:00Z,FR,846,134,4120
2024-06-06T10:00Z,FR,944,149,4519
2024-06-06T11:00Z,FR,855,135,5725
2024-06-06T12:00Z,FR,756,121,5574
2024-06-06T13:00Z,FR,971,153,5213
2024-06-06T14:00Z,FR,1181,183,4706
2024-06-06T15:00Z,FR,917,145,4001
2024-06-06T16:00Z,FR,488,79,3114
2024-06-06T17:00Z,FR,550,89,2022
2024-06-06T18:00Z,FR,439,72,840
2024-06-06T19:00Z,FR,349,57,33
2024-06-06T20:00Z,FR,446,73,0
2024-06-06T21:00Z,FR,614,99,0
2024-06-06T22:00Z,FR,971,153,0
2024-06-06T23:00Z,FR,716,114,0
2024-06-07T00:00Z,FR,578,93,0
2024-06-07T01:00Z,FR,419,68,0
2024-06-07T02:00Z,FR,347,57,0
2024-06-07T03:00Z,FR,484,79,0
2024-06-07T04:00Z,FR,673,108,334
2024-06-07T05:00Z,FR,980,154,1446
2024-06-07T06:00Z,FR,1072,167,2606
2024-06-07T07:00Z,FR,1773,265,3942
2024-06-07T08:00Z,FR,1780,266,5037
2024-06-07T09:00Z,FR,1828,272,5757
2024-06-07T10:00Z,FR,1271,196,5957
2024-06-07T11:00Z,FR,2033,299,6008
2024-06-07T12:00Z,FR,1201,186,5464
2024-06-07T13:00Z,FR,1653,249,4547
2024-06-07T14:00Z,FR,1758,263,4063
2024-06-07T15:00Z,FR,1490,227,3914
2024-06-07T16:00Z,FR,1990,293,2694
2024-06-07T17:00Z,FR,1595,241,1779
2024-06-07T18:00Z,FR,1471,224,893
2024-06-07T19:00Z,FR,816,130,40
2024-06-07T20:00Z,FR,808,128,0
2024-06-07T21:00Z,FR,1346,207,0
2024-06-07T22:00Z,FR,939,148,0
2024-06-07T23:00Z,FR,836,133,0
2024-06-08T00:00Z,FR,1020,160,0
2024-06-08T01:00Z,FR,941,148,0
2024-06-08T02:00Z,FR,1031,162,0
2024-06-08T03:00Z,FR,653,105,0
2024-06-08T04:00Z,FR,662,106,337
2024-06-08T05:00Z,FR,674,108,1520
2024-06-08T06:00Z,FR,772,123,2888
2024-06-08T07:00Z,FR,1267,195,4425
2024-06-08T08:00Z,FR,1434,219,6173
2024-06-08T09:00Z,FR,1353,208,7717
2024-06-08T10:00Z,FR,1425,218,8033
2024-06-08T11:00Z,FR,1768,264,8808
2024-06-08T12:00Z,FR,1575,238,8148
2024-06-08T13:00Z,FR,1435,219,7970
2024-06-08T14:00Z,FR,1668,251,7450
2024-06-08T15:00Z,FR,1248,193,6102
2024-06-08T16:00Z,FR,1614,244,4844
2024-06-08T17:00Z,FR,1730,259,3094
2024-06-08T18:00Z,FR,1318,203,1410
2024-06-08T19:00Z,FR,1327,204,77
2024-06-08T20:00Z,FR,783,125,0
2024-06-08T21:00Z,FR,631,102,0
2024-06-08T22:00Z,FR,540,87,0
2024-06-08T23:00Z,FR,545,88,0
2024-06-09T00:00Z,FR,631,102,0
2024-06-09T01:00Z,FR,457,74,0
2024-06-09T02:00Z,FR,571,92,0
2024-06-09T03:00Z,FR,595,96,0
2024-06-09T04:00Z,FR,698,112,478
2024-06-09T05:00Z,FR,470,76,2034
2024-06-09T06:00Z,FR,613,99,3476
2024-06-09T07:00Z,FR,863,137,4802
2024-06-09T08:00Z,FR,1017,159,6871
2024-06-09T09:00Z,FR,750,120,8274
2024-06-09T10:00Z,FR,1009,158,8475
2024-06-09T11:00Z,FR,1360,209,9069
2024-06-09T12:00Z,FR,1473,224,8230
2024-06-09T13:00Z,FR,1567,237,7765
2024-06-09T14:00Z,FR,1421,217,6989
2024-06-09T15:00Z,FR,1125,175,5657
2024-06-09T16:00Z,FR,1857,276,4217
2024-06-09T17:00Z,FR,1556,236,2405
2024-06-09T18:00Z,FR,1641,247,1176
2024-06-09T19:00Z,FR,1618,244,64
2024-06-09T20:00Z,FR,1052,165,0
2024-06-09T21:00Z,FR,780,124,0
2024-06-09T22:00Z,FR,811,129,0
2024-06-09T23:00Z,FR,725,116,0
2024-06-10T00:00Z,FR,1263,195,0
2024-06-10T01:00Z,FR,2091,306,0
2024-06-10T02:00Z,FR,2413,347,0
2024-06-10T03:00Z,FR,1830,272,0
2024-06-10T04:00Z,FR,1967,290,491
2024-06-10T05:00Z,FR,2000,295,2112
2024-06-10T06:00Z,FR,2485,355,3969
2024-06-10T07:00Z,FR,1721,258,6048
2024-06-10T08:00Z,FR,1985,293,7436
2024-06-10T09:00Z,FR,1163,181,9063
2024-06-10T10:00Z,FR,1749,262,10149
2024-06-10T11:00Z,FR,1252,193,10373
2024-06-10T12:00Z,FR,795,126,10181
2024-06-10T13:00Z,FR,662,106,9705
2024-06-10T14:00Z,FR,385,63,8447
2024-06-10T15:00Z,FR,349,57,6569
2024-06-10T16:00Z,FR,230,38,5026
2024-06-10T17:00Z,FR,193,32,3095
2024-06-10T18:00Z,FR,214,35,1437
2024-06-10T19:00Z,FR,318,52,91
2024-06-10T20:00Z,FR,344,56,0
2024-06-10T21:00Z,FR,568,92,0
2024-06-10T22:00Z,FR,517,84,0
2024-06-10T23:00Z,FR,559,90,0
2024-06-11T00:00Z,FR,434,71,0
2024-06-11T01:00Z,FR,249,41,0
2024-06-11T02:00Z,FR,347,57,0
2024-06-11T03:00Z,FR,415,68,0
2024-06-11T04:00Z,FR,544,88,350
2024-06-11T05:00Z,FR,760,121,1657
2024-06-11T06:00Z,FR,1050,164,3134
2024-06-11T07:00Z,FR,1020,160,4762
2024-06-11T08:00Z,FR,930,147,5344
2024-06-11T09:00Z,FR,718,115,6469
2024-06-11T10:00Z,FR,1174,182,7104
2024-06-11T11:00Z,FR,644,103,7278
2024-06-11T12:00Z,FR,734,117,7448
2024-06-11T13:00Z,FR,420,68,5781
2024-06-11T14:00Z,FR,247,41,4981
2024-06-11T15:00Z,FR,313,52,4034
2024-06-11T16:00Z,FR,203,34,2963
2024-06-11T17:00Z,FR,415,68,1622
2024-06-11T18:00Z,FR,543,88,835
2024-06-11T19:00Z,FR,518,84,54
2024-06-11T20:00Z,FR,1273,196,0
2024-06-11T21:00Z,FR,1395,213,0
2024-06-11T22:00Z,FR,794,126,0
2024-06-11T23:00Z,FR,982,154,0
2024-06-12T00:00Z,FR,812,129,0
2024-06-12T01:00Z,FR,968,152,0
2024-06-12T02:00Z,FR,957,151,0
2024-06-12T03:00Z,FR,686,110,0
2024-06-12T04:00Z,FR,524,85,410
2024-06-12T05:00Z,FR,830,132,1609
2024-06-12T06:00Z,FR,715,114,3107
2024-06-12T07:00Z,FR,857,136,4618
2024-06-12T08:00Z,FR,854,135,6097
2024-06-12T09:00Z,FR,878,139,7100
2024-06-12T10:00Z,FR,792,126,8226
2024-06-12T11:00Z,FR,947,149,8583
2024-06-12T12:00Z,FR,1008,158,8294
2024-06-12T13:00Z,FR,1479,225,8018
2024-06-12T14:00Z,FR,2670,378,6612
2024-06-12T15:00Z,FR,2895,404,5157
2024-06-12T16:00Z,FR,2044,300,3961
2024-06-12T17:00Z,FR,1721,258,2526
2024-06-12T18:00Z,FR,2891,404,1147
2024-06-12T19:00Z,FR,2169,316,74
2024-06-12T20:00Z,FR,2770,390,0
2024-06-12T21:00Z,FR,1932,286,0
2024-06-12T22:00Z,FR,2248,326,0
2024-06-12T23:00Z,FR,2231,324,0
2024-06-13T00:00Z,FR,2452,352,0
2024-06-13T01:00Z,FR,2206,321,0
2024-06-13T02:00Z,FR,2128,311,0
2024-06-13T03:00Z,FR,2138,312,0
2024-06-13T04:00Z,FR,2316,335,236
2024-06-13T05:00Z,FR,1777,265,1019
2024-06-13T06:00Z,FR,1401,214,2145
2024-06-13T07:00Z,FR,4097,535,3256
2024-06-13T08:00Z,FR,4308,556,4770
2024-06-13T09:00Z,FR,4018,527,5461
2024-06-13T10:00Z,FR,5546,671,6532
2024-06-13T11:00Z,FR,5268,646,7146
2024-06-13T12:00Z,FR,7141,799,7396
2024-06-13T13:00Z,FR,5772,690,7113
2024-06-13T14:00Z,FR,5963,706,5493
2024-06-13T15:00Z,FR,3857,510,4452
2024-06-13T16:00Z,FR,3560,479,3254
2024-06-13T17:00Z,FR,3016,418,2120
2024-06-13T18:00Z,FR,3928,517,941
2024-06-13T19:00Z,FR,3164,435,58
2024-06-13T20:00Z,FR,3068,424,0
2024-06-13T21:00Z,FR,2509,358,0
2024-06-13T22:00Z,FR,4128,538,0
2024-06-13T23:00Z,FR,3241,444,0
2024-06-14T00:00Z,FR,1940,287,0
2024-06-14T01:00Z,FR,2126,311,0
2024-06-14T02:00Z,FR,1978,292,0
2024-06-14T03:00Z,FR,2489,356,0
2024-06-14T04:00Z,FR,1508,229,284
2024-06-14T05:00Z,FR,1216,188,1320
2024-06-14T06:00Z,FR,1735,260,2499
2024-06-14T07:00Z,FR,1941,287,3511
2024-06-14T08:00Z,FR,1692,254,4647
2024-06-14T09:00Z,FR,2651,375,5823
2024-06-14T10:00Z,FR,1785,266,6207
2024-06-14T11:00Z,FR,1842,274,6290
2024-06-14T12:00Z,FR,1315,202,6459
2024-06-14T13:00Z,FR,2154,314,6131
2024-06-14T14:00Z,FR,2478,355,5001
2024-06-14T15:00Z,FR,1495,227,4240
2024-06-14T16:00Z,FR,1136,177,3063
2024-06-14T17:00Z,FR,1262,195,1885
2024-06-14T18:00Z,FR,824,131,813
2024-06-14T19:00Z,FR,526,85,59
2024-06-14T20:00Z,FR,648,104,0
2024-06-14T21:00Z,FR,972,153,0
2024-06-14T22:00Z,FR,1219,189,0
2024-06-14T23:00Z,FR,725,116,0
2024-06-15T00:00Z,FR,875,139,0
2024-06-15T01:00Z,FR,930,147,0
2024-06-15T02:00Z,FR,1215,188,0
2024-06-15T03:00Z,FR,1025,161,0
2024-06-15T04:00Z,FR,1450,221,319
2024-06-15T05:00Z,FR,769,123,1423
2024-06-15T06:00Z,FR,675,108,2630
2024-06-15T07:00Z,FR,829,132,3688
2024-06-15T08:00Z,FR,1197,186,4886
2024-06-15T09:00Z,FR,1108,173,5635
2024-06-15T10:00Z,FR,1087,170,5919
2024-06-15T11:00Z,FR,951,150,6298
2024-06-15T12:00Z,FR,838,133,6643
2024-06-15T13:00Z,FR,1002,157,5775
2024-06-15T14:00Z,FR,1314,202,5000
2024-06-15T15:00Z,FR,1556,236,3654
2024-06-15T16:00Z,FR,1417,216,2971
2024-06-15T17:00Z,FR,1423,217,1841
2024-06-15T18:00Z,FR,1186,184,936
2024-06-15T19:00Z,FR,1002,157,68
2024-06-15T20:00Z,FR,569,92,0
2024-06-15T21:00Z,FR,531,86,0
2024-06-15T22:00Z,FR,742,119,0
2024-06-15T23:00Z,FR,566,91,0
2024-06-16T00:00Z,FR,903,143,0
2024-06-16T01:00Z,FR,730,117,0
2024-06-16T02:00Z,FR,604,97,0
2024-06-16T03:00Z,FR,539,87,0
2024-06-16T04:00Z,FR,584,94,161
2024-06-16T05:00Z,FR,755,121,758
2024-06-16T06:00Z,FR,605,98,1336
2024-06-16T07:00Z,FR,745,119,1968
2024-06-16T08:00Z,FR,1179,183,2615
2024-06-16T09:00Z,FR,1717,257,3361
2024-06-16T10:00Z,FR,2045,300,3482
2024-06-16T11:00Z,FR,1838,273,3789
2024-06-16T12:00Z,FR,2060,302,3443
2024-06-16T13:00Z,FR,1802,269,3773
2024-06-16T14:00Z,FR,2442,350,3081
2024-06-16T15:00Z,FR,2343,338,2470
2024-06-16T16:00Z,FR,3158,434,2054
2024-06-16T17:00Z,FR,2694,381,1334
2024-06-16T18:00Z,FR,2868,401,622
2024-06-16T19:00Z,FR,2891,404,47
2024-06-16T20:00Z,FR,2324,336,0
2024-06-16T21:00Z,FR,2578,367,0
2024-06-16T22:00Z,FR,2024,298,0
2024-06-16T23:00Z,FR,2592,368,0
2024-06-17T00:00Z,FR,3499,472,0
2024-06-17T01:00Z,FR,2361,340,0
2024-06-17T02:00Z,FR,3671,490,0
2024-06-17T03:00Z,FR,2744,387,0
2024-06-17T04:00Z,FR,3073,425,253
2024-06-17T05:00Z,FR,1960,289,1144
2024-06-17T06:00Z,FR,2829,397,2090
2024-06-17T07:00Z,FR,3059,423,3039
2024-06-17T08:00Z,FR,3492,471,4015
2024-06-17T09:00Z,FR,3939,519,4896
2024-06-17T10:00Z,FR,5181,638,4974
2024-06-17T11:00Z,FR,4728,597,5061
2024-06-17T12:00Z,FR,3956,520,5322
2024-06-17T13:00Z,FR,5336,652,5008
2024-06-17T14:00Z,FR,3925,517,4562
2024-06-17T15:00Z,FR,5630,678,4049
2024-06-17T16:00Z,FR,7260,808,3449
2024-06-17T17:00Z,FR,7231,806,2288
2024-06-17T18:00Z,FR,5559,672,1082
2024-06-17T19:00Z,FR,5530,669,83
2024-06-17T20:00Z,FR,6163,723,0
2024-06-17T21:00Z,FR,7065,794,0
2024-06-17T22:00Z,FR,6104,718,0
2024-06-17T23:00Z,FR,3251,445,0
2024-06-18T00:00Z,FR,2525,360,0
2024-06-18T01:00Z,FR,2146,313,0
2024-06-18T02:00Z,FR,2478,355,0
2024-06-18T03:00Z,FR,3443,466,0
2024-06-18T04:00Z,FR,4079,533,369
2024-06-18T05:00Z,FR,2529,361,1482
2024-06-18T06:00Z,FR,2937,409,2803
2024-06-18T07:00Z,FR,3014,418,4234
2024-06-18T08:00Z,FR,4591,583,5457
2024-06-18T09:00Z,FR,3389,460,6792
2024-06-18T10:00Z,FR,5311,650,7269
2024-06-18T11:00Z,FR,6106,718,8150
2024-06-18T12:00Z,FR,6897,781,8302
2024-06-18T13:00Z,FR,6928,783,7148
2024-06-18T14:00Z,FR,8446,891,6571
2024-06-18T15:00Z,FR,11478,1069,5501
2024-06-18T16:00Z,FR,11371,1063,3897
2024-06-18T17:00Z,FR,11587,1074,2489
2024-06-18T18:00Z,FR,9008,928,1134
2024-06-18T19:00Z,FR,6244,730,90
2024-06-18T20:00Z,FR,4631,587,0
2024-06-18T21:00Z,FR,3845,509,0
2024-06-18T22:00Z,FR,3202,439,0
2024-06-18T23:00Z,FR,2405,346,0
2024-06-19T00:00Z,FR,1928,285,0
2024-06-19T01:00Z,FR,1438,219,0
2024-06-19T02:00Z,FR,1311,202,0
2024-06-19T03:00Z,FR,1279,197,0
2024-06-19T04:00Z,FR,1105,172,489
2024-06-19T05:00Z,FR,1402,214,2059
2024-06-19T06:00Z,FR,1051,164,3756
2024-06-19T07:00Z,FR,683,109,5762
2024-06-19T08:00Z,FR,710,114,7107
2024-06-19T09:00Z,FR,538,87,9061
2024-06-19T10:00Z,FR,718,115,10518
2024-06-19T11:00Z,FR,885,140,10112
2024-06-19T12:00Z,FR,691,111,9832
2024-06-19T13:00Z,FR,595,96,9635
2024-06-19T14:00Z,FR,599,97,8345
2024-06-19T15:00Z,FR,379,62,6725
2024-06-19T16:00Z,FR,294,48,5010
2024-06-19T17:00Z,FR,276,45,3180
2024-06-19T18:00Z,FR,253,42,1372
2024-06-19T19:00Z,FR,213,35,103
2024-06-19T20:00Z,FR,458,75,0
2024-06-19T21:00Z,FR,542,88,0
2024-06-19T22:00Z,FR,634,102,0
2024-06-19T23:00Z,FR,369,60,0
2024-06-20T00:00Z,FR,361,59,0
2024-06-20T01:00Z,FR,381,62,0
2024-06-20T02:00Z,FR,327,54,0
2024-06-20T03:00Z,FR,373,61,0
2024-06-20T04:00Z,FR,327,54,229
2024-06-20T05:00Z,FR,270,45,942
2024-06-20T06:00Z,FR,278,46,1757
2024-06-20T07:00Z,FR,369,60,2843
2024-06-20T08:00Z,FR,483,78,3629
2024-06-20T09:00Z,FR,347,57,4706
2024-06-20T10:00Z,FR,292,48,5268
2024-06-20T11:00Z,FR,256,42,5461
2024-06-20T12:00Z,FR,232,38,5071
2024-06-20T13:00Z,FR,221,37,4845
2024-06-20T14:00Z,FR,180,30,4332
2024-06-20T15:00Z,FR,163,27,3728
2024-06-20T16:00Z,FR,143,24,2402
2024-06-20T17:00Z,FR,127,21,1473
2024-06-20T18:00Z,FR,118,20,674
2024-06-20T19:00Z,FR,115,19,58
2024-06-20T20:00Z,FR,96,16,0
2024-06-20T21:00Z,FR,93,16,0
2024-06-20T22:00Z,FR,72,12,0
2024-06-20T23:00Z,FR,88,15,0
2024-06-21T00:00Z,FR,84,14,0
2024-06-21T01:00Z,FR,128,21,0
2024-06-21T02:00Z,FR,91,15,0
2024-06-21T03:00Z,FR,71,12,0
2024-06-21T04:00Z,FR,93,16,259
2024-06-21T05:00Z,FR,114,19,1050
2024-06-21T06:00Z,FR,116,19,2154
2024-06-21T07:00Z,FR,74,12,3016
2024-06-21T08:00Z,FR,85,14,4095
2024-06-21T09:00Z,FR,211,35,4664
2024-06-21T10:00Z,FR,221,37,5282
2024-06-21T11:00Z,FR,425,69,5571
2024-06-21T12:00Z,FR,503,82,5738
2024-06-21T13:00Z,FR,445,72,5526
2024-06-21T14:00Z,FR,378,62,4588
2024-06-21T15:00Z,FR,359,59,3972
2024-06-21T16:00Z,FR,264,44,3245
2024-06-21T17:00Z,FR,493,80,1796
2024-06-21T18:00Z,FR,430,70,794
2024-06-21T19:00Z,FR,253,42,71
2024-06-21T20:00Z,FR,292,48,0
2024-06-21T21:00Z,FR,280,46,0
2024-06-21T22:00Z,FR,449,73,0
2024-06-21T23:00Z,FR,375,61,0
2024-06-22T00:00Z,FR,302,50,0
2024-06-22T01:00Z,FR,266,44,0
2024-06-22T02:00Z,FR,176,29,0
2024-06-22T03:00Z,FR,213,35,0
2024-06-22T04:00Z,FR,111,18,382
2024-06-22T05:00Z,FR,91,15,1504
2024-06-22T06:00Z,FR,138,23,2901
2024-06-22T07:00Z,FR,152,25,4478
2024-06-22T08:00Z,FR,221,37,6093
2024-06-22T09:00Z,FR,235,39,7567
2024-06-22T10:00Z,FR,161,27,7837
2024-06-22T11:00Z,FR,232,38,8558
2024-06-22T12:00Z,FR,345,57,7539
2024-06-22T13:00Z,FR,493,80,7319
2024-06-22T14:00Z,FR,486,79,6516
2024-06-22T15:00Z,FR,530,86,5429
2024-06-22T16:00Z,FR,882,140,4067
2024-06-22T17:00Z,FR,987,155,2478
2024-06-22T18:00Z,FR,1234,191,1106
2024-06-22T19:00Z,FR,680,109,83
2024-06-22T20:00Z,FR,608,98,0
2024-06-22T21:00Z,FR,540,87,0
2024-06-22T22:00Z,FR,1009,158,0
2024-06-22T23:00Z,FR,995,156,0
2024-06-23T00:00Z,FR,1332,205,0
2024-06-23T01:00Z,FR,908,143,0
2024-06-23T02:00Z,FR,943,149,0
2024-06-23T03:00Z,FR,1016,159,0
2024-06-23T04:00Z,FR,964,152,281
2024-06-23T05:00Z,FR,666,107,1163
2024-06-23T06:00Z,FR,524,85,2446
2024-06-23T07:00Z,FR,265,44,4032
2024-06-23T08:00Z,FR,349,57,5687
2024-06-23T09:00Z,FR,363,60,6368
2024-06-23T10:00Z,FR,327,54,6750
2024-06-23T11:00Z,FR,423,69,7132
2024-06-23T12:00Z,FR,623,100,7199
2024-06-23T13:00Z,FR,542,88,6014
2024-06-23T14:00Z,FR,603,97,5437
2024-06-23T15:00Z,FR,631,102,5147
2024-06-23T16:00Z,FR,723,116,3571
2024-06-23T17:00Z,FR,392,64,2346
2024-06-23T18:00Z,FR,545,88,1055
2024-06-23T19:00Z,FR,738,118,91
2024-06-23T20:00Z,FR,706,113,0
2024-06-23T21:00Z,FR,921,145,0
2024-06-23T22:00Z,FR,1729,259,0
2024-06-23T23:00Z,FR,1502,228,0
2024-06-24T00:00Z,FR,1388,212,0
2024-06-24T01:00Z,FR,1151,179,0
2024-06-24T02:00Z,FR,1306,201,0
2024-06-24T03:00Z,FR,1139,177,0
2024-06-24T04:00Z,FR,946,149,267
2024-06-24T05:00Z,FR,1099,171,1128
2024-06-24T06:00Z,FR,1013,159,2293
2024-06-24T07:00Z,FR,696,111,3376
2024-06-24T08:00Z,FR,968,152,3883
2024-06-24T09:00Z,FR,1132,176,5304
2024-06-24T10:00Z,FR,1081,169,5843
2024-06-24T11:00Z,FR,925,146,6541
2024-06-24T12:00Z,FR,633,102,6265
2024-06-24T13:00Z,FR,585,94,6339
2024-06-24T14:00Z,FR,344,56,5511
2024-06-24T15:00Z,FR,409,67,4409
2024-06-24T16:00Z,FR,515,83,3565
2024-06-24T17:00Z,FR,276,45,2385
2024-06-24T18:00Z,FR,217,36,1069
2024-06-24T19:00Z,FR,173,29,76
2024-06-24T20:00Z,FR,177,29,0
2024-06-24T21:00Z,FR,160,27,0
2024-06-24T22:00Z,FR,124,21,0
2024-06-24T23:00Z,FR,145,24,0
2024-06-25T00:00Z,FR,180,30,0
2024-06-25T01:00Z,FR,274,45,0
2024-06-25T02:00Z,FR,185,31,0
2024-06-25T03:00Z,FR,150,25,0
2024-06-25T04:00Z,FR,311,51,538
2024-06-25T05:00Z,FR,599,97,2052
2024-06-25T06:00Z,FR,445,72,3893
2024-06-25T07:00Z,FR,622,100,5599
2024-06-25T08:00Z,FR,817,130,7762
2024-06-25T09:00Z,FR,1199,186,8933
2024-06-25T10:00Z,FR,1173,182,9772
2024-06-25T11:00Z,FR,1258,194,10908
2024-06-25T12:00Z,FR,1489,227,11111
2024-06-25T13:00Z,FR,1685,253,10384
2024-06-25T14:00Z,FR,1477,225,9706
2024-06-25T15:00Z,FR,1811,270,7502
2024-06-25T16:00Z,FR,2022,297,5344
2024-06-25T17:00Z,FR,1738,260,3496
2024-06-25T18:00Z,FR,2036,299,1504
2024-06-25T19:00Z,FR,2783,391,111
2024-06-25T20:00Z,FR,2204,321,0
2024-06-25T21:00Z,FR,2499,357,0
2024-06-25T22:00Z,FR,1945,287,0
2024-06-25T23:00Z,FR,1455,222,0
2024-06-26T00:00Z,FR,2444,351,0
2024-06-26T01:00Z,FR,2011,296,0
2024-06-26T02:00Z,FR,2349,339,0
2024-06-26T03:00Z,FR,2880,402,0
2024-06-26T04:00Z,FR,1869,278,509
2024-06-26T05:00Z,FR,3196,439,2089
2024-06-26T06:00Z,FR,1911,283,3943
2024-06-26T07:00Z,FR,1780,266,6204
2024-06-26T08:00Z,FR,1362,209,8378
2024-06-26T09:00Z,FR,1629,246,9688
2024-06-26T10:00Z,FR,1802,269,11488
2024-06-26T11:00Z,FR,1976,292,12086
2024-06-26T12:00Z,FR,2635,374,12152
2024-06-26T13:00Z,FR,1409,215,10968
2024-06-26T14:00Z,FR,1539,233,9688
2024-06-26T15:00Z,FR,1445,220,8092
2024-06-26T16:00Z,FR,1684,253,6413
2024-06-26T17:00Z,FR,1965,290,3994
2024-06-26T18:00Z,FR,1384,212,1909
2024-06-26T19:00Z,FR,1247,193,135
2024-06-26T20:00Z,FR,2889,404,0
2024-06-26T21:00Z,FR,2788,392,0
2024-06-26T22:00Z,FR,2237,325,0
2024-06-26T23:00Z,FR,3299,450,0
2024-06-27T00:00Z,FR,1836,273,0
2024-06-27T01:00Z,FR,2735,385,0
2024-06-27T02:00Z,FR,2179,317,0
2024-06-27T03:00Z,FR,932,147,0
2024-06-27T04:00Z,FR,1590,240,496
2024-06-27T05:00Z,FR,1097,171,2106
2024-06-27T06:00Z,FR,846,134,3914
2024-06-27T07:00Z,FR,625,101,5481
2024-06-27T08:00Z,FR,332,54,6305
2024-06-27T09:00Z,FR,242,40,7823
2024-06-27T10:00Z,FR,262,43,9231
2024-06-27T11:00Z,FR,203,34,9690
2024-06-27T12:00Z,FR,216,36,9176
2024-06-27T13:00Z,FR,174,29,8907
2024-06-27T14:00Z,FR,197,33,8012
2024-06-27T15:00Z,FR,154,26,7172
2024-06-27T16:00Z,FR,182,30,4710
2024-06-27T17:00Z,FR,343,56,2865
2024-06-27T18:00Z,FR,421,69,1450
2024-06-27T19:00Z,FR,390,64,102
2024-06-27T20:00Z,FR,493,80,0
2024-06-27T21:00Z,FR,536,87,0
2024-06-27T22:00Z,FR,1303,200,0
2024-06-27T23:00Z,FR,925,146,0
2024-06-28T00:00Z,FR,685,110,0
2024-06-28T01:00Z,FR,1027,161,0
2024-06-28T02:00Z,FR,1104,172,0
2024-06-28T03:00Z,FR,767,122,0
2024-06-28T04:00Z,FR,508,82,567
2024-06-28T05:00Z,FR,655,105,2381
2024-06-28T06:00Z,FR,479,78,4629
2024-06-28T07:00Z,FR,595,96,7207
2024-06-28T08:00Z,FR,633,102,9228
2024-06-28T09:00Z,FR,958,151,11703
2024-06-28T10:00Z,FR,939,148,12861
2024-06-28T11:00Z,FR,1189,184,12810
2024-06-28T12:00Z,FR,1344,206,12427
2024-06-28T13:00Z,FR,1284,198,11685
2024-06-28T14:00Z,FR,1354,208,10101
2024-06-28T15:00Z,FR,1696,255,8321
2024-06-28T16:00Z,FR,1087,170,5926
2024-06-28T17:00Z,FR,1209,187,3590
2024-06-28T18:00Z,FR,668,107,1683
2024-06-28T19:00Z,FR,454,74,124
2024-06-28T20:00Z,FR,442,72,0
2024-06-28T21:00Z,FR,387,63,0
2024-06-28T22:00Z,FR,247,41,0
2024-06-28T23:00Z,FR,426,69,0
2024-06-29T00:00Z,FR,390,64,0
2024-06-29T01:00Z,FR,545,88,0
2024-06-29T02:00Z,FR,578,93,0
2024-06-29T03:00Z,FR,562,91,0
2024-06-29T04:00Z,FR,446,73,518
2024-06-29T05:00Z,FR,712,114,2158
2024-06-29T06:00Z,FR,1130,176,4145
2024-06-29T07:00Z,FR,1302,200,6416
2024-06-29T08:00Z,FR,1475,225,7619
2024-06-29T09:00Z,FR,1298,200,9585
2024-06-29T10:00Z,FR,913,144,10617
2024-06-29T11:00Z,FR,731,117,10460
2024-06-29T12:00Z,FR,796,127,10459
2024-06-29T13:00Z,FR,1125,175,9884
2024-06-29T14:00Z,FR,1559,236,8862
2024-06-29T15:00Z,FR,976,154,7073
2024-06-29T16:00Z,FR,1163,181,5590
2024-06-29T17:00Z,FR,1290,199,3298
2024-06-29T18:00Z,FR,1389,213,1505
2024-06-29T19:00Z,FR,1945,288,101
2024-06-29T20:00Z,FR,1885,280,0
2024-06-29T21:00Z,FR,1291,199,0
2024-06-29T22:00Z,FR,1213,188,0
2024-06-29T23:00Z,FR,1087,170,0
2024-06-30T00:00Z,FR,855,135,0
2024-06-30T01:00Z,FR,964,152,0
2024-06-30T02:00Z,FR,1195,185,0
2024-06-30T03:00Z,FR,1531,232,0
2024-06-30T04:00Z,FR,1351,207,352
2024-06-30T05:00Z,FR,1501,228,1567
2024-06-30T06:00Z,FR,1124,175,3219
2024-06-30T07:00Z,FR,827,131,5143
2024-06-30T08:00Z,FR,1479,225,6303
2024-06-30T09:00Z,FR,1695,255,7650
2024-06-30T10:00Z,FR,1489,226,8363
2024-06-30T11:00Z,FR,1869,278,9004
2024-06-30T12:00Z,FR,3387,460,8440
2024-06-30T13:00Z,FR,2491,356,9251
2024-06-30T14:00Z,FR,1486,226,8284
2024-06-30T15:00Z,FR,998,157,6904
2024-06-30T16:00Z,FR,1181,183,4957
2024-06-30T17:00Z,FR,2221,323,3286
2024-06-30T18:00Z,FR,1707,256,1524
2024-06-30T19:00Z,FR,1957,289,95
2024-06-30T20:00Z,FR,2222,323,0
2024-06-30T21:00Z,FR,1526,231,0
2023-12-31T23:00Z,NL,1408,1880,0
2024-01-01T00:00Z,NL,1501,1972,0
2024-01-01T01:00Z,NL,1262,1730,0
2024-01-01T02:00Z,NL,1132,1590,0
2024-01-01T03:00Z,NL,761,1149,0
2024-01-01T04:00Z,NL,1111,1566,0
2024-01-01T05:00Z,NL,1252,1720,0
2024-01-01T06:00Z,NL,1185,1648,0
2024-01-01T07:00Z,NL,825,1229,0
2024-01-01T08:00Z,NL,1063,1512,353
2024-01-01T09:00Z,NL,931,1359,899
2024-01-01T10:00Z,NL,721,1097,1248
2024-01-01T11:00Z,NL,1237,1704,1187
2024-01-01T12:00Z,NL,1088,1541,1126
2024-01-01T13:00Z,NL,1314,1785,923
2024-01-01T14:00Z,NL,720,1096,455
2024-01-01T15:00Z,NL,758,1145,0
2024-01-01T16:00Z,NL,567,890,0
2024-01-01T17:00Z,NL,701,1071,0
2024-01-01T18:00Z,NL,730,1109,0
2024-01-01T19:00Z,NL,667,1026,0
2024-01-01T20:00Z,NL,445,718,0
2024-01-01T21:00Z,NL,577,904,0
2024-01-01T22:00Z,NL,639,988,0
2024-01-01T23:00Z,NL,942,1372,0
2024-01-02T00:00Z,NL,1421,1893,0
2024-01-02T01:00Z,NL,1312,1782,0
2024-01-02T02:00Z,NL,1237,1704,0
2024-01-02T03:00Z,NL,1391,1863,0
2024-01-02T04:00Z,NL,1496,1967,0
2024-01-02T05:00Z,NL,1776,2226,0
2024-01-02T06:00Z,NL,2009,2424,0
2024-01-02T07:00Z,NL,2242,2608,0
2024-01-02T08:00Z,NL,2714,2942,604
2024-01-02T09:00Z,NL,3073,3166,1666
2024-01-02T10:00Z,NL,3039,3146,2337
2024-01-02T11:00Z,NL,3094,3179,2590
2024-01-02T12:00Z,NL,2925,3077,2332
2024-01-02T13:00Z,NL,2241,2607,1754
2024-01-02T14:00Z,NL,2488,2787,891
2024-01-02T15:00Z,NL,3288,3291,0
2024-01-02T16:00Z,NL,3643,3481,0
2024-01-02T17:00Z,NL,3411,3359,0
2024-01-02T18:00Z,NL,2834,3019,0
2024-01-02T19:00Z,NL,3802,3562,0
2024-01-02T20:00Z,NL,4070,3689,0
2024-01-02T21:00Z,NL,4536,3893,0
2024-01-02T22:00Z,NL,4091,3699,0
2024-01-02T23:00Z,NL,3842,3581,0
2024-01-03T00:00Z,NL,3115,3191,0
2024-01-03T01:00Z,NL,2641,2893,0
2024-01-03T02:00Z,NL,2569,2844,0
2024-01-03T03:00Z,NL,2426,2743,0
2024-01-03T04:00Z,NL,2868,3041,0
2024-01-03T05:00Z,NL,3446,3378,0
2024-01-03T06:00Z,NL,4114,3709,0
2024-01-03T07:00Z,NL,4404,3837,0
2024-01-03T08:00Z,NL,4858,4021,343
2024-01-03T09:00Z,NL,4675,3950,976
2024-01-03T10:00Z,NL,4376,3825,1301
2024-01-03T11:00Z,NL,4161,3731,1388
2024-01-03T12:00Z,NL,3705,3513,1122
2024-01-03T13:00Z,NL,2948,3091,872
2024-01-03T14:00Z,NL,2878,3047,378
2024-01-03T15:00Z,NL,3389,3347,0
2024-01-03T16:00Z,NL,3156,3216,0
2024-01-03T17:00Z,NL,3968,3642,0
2024-01-03T18:00Z,NL,3694,3508,0
2024-01-03T19:00Z,NL,4353,3816,0
2024-01-03T20:00Z,NL,4349,3814,0
2024-01-03T21:00Z,NL,4132,3718,0
2024-01-03T22:00Z,NL,3433,3371,0
2024-01-03T23:00Z,NL,3448,3379,0
2024-01-04T00:00Z,NL,3973,3644,0
2024-01-04T01:00Z,NL,4126,3715,0
2024-01-04T02:00Z,NL,4233,3763,0
2024-01-04T03:00Z,NL,4470,3865,0
2024-01-04T04:00Z,NL,3633,3476,0
2024-01-04T05:00Z,NL,3598,3458,0
2024-01-04T06:00Z,NL,3237,3262,0
2024-01-04T07:00Z,NL,4016,3664,0
2024-01-04T08:00Z,NL,4009,3661,267
2024-01-04T09:00Z,NL,3574,3446,781
2024-01-04T10:00Z,NL,3811,3566,1237
2024-01-04T11:00Z,NL,4191,3744,1303
2024-01-04T12:00Z,NL,3799,3560,1100
2024-01-04T13:00Z,NL,3204,3243,864
2024-01-04T14:00Z,NL,2758,2970,389
2024-01-04T15:00Z,NL,3013,3130,0
2024-01-04T16:00Z,NL,3306,3301,0
2024-01-04T17:00Z,NL,2656,2903,0
2024-01-04T18:00Z,NL,2820,3010,0
2024-01-04T19:00Z,NL,3392,3349,0
2024-01-04T20:00Z,NL,3406,3356,0
2024-01-04T21:00Z,NL,3007,3127,0
2024-01-04T22:00Z,NL,2159,2544,0
2024-01-04T23:00Z,NL,2247,2611,0
2024-01-05T00:00Z,NL,2630,2885,0
2024-01-05T01:00Z,NL,2556,2835,0
2024-01-05T02:00Z,NL,3132,3201,0
2024-01-05T03:00Z,NL,3295,3295,0
2024-01-05T04:00Z,NL,3546,3431,0
2024-01-05T05:00Z,NL,3765,3543,0
2024-01-05T06:00Z,NL,3539,3427,0
2024-01-05T07:00Z,NL,4002,3658,0
2024-01-05T08:00Z,NL,3537,3426,213
2024-01-05T09:00Z,NL,3507,3411,542
2024-01-05T10:00Z,NL,3171,3224,779
2024-01-05T11:00Z,NL,3127,3199,878
2024-01-05T12:00Z,NL,3663,3492,824
2024-01-05T13:00Z,NL,3338,3319,624
2024-01-05T14:00Z,NL,3404,3355,314
2024-01-05T15:00Z,NL,3892,3605,0
2024-01-05T16:00Z,NL,3656,3489,0
2024-01-05T17:00Z,NL,3674,3497,0
2024-01-05T18:00Z,NL,3470,3391,0
2024-01-05T19:00Z,NL,3818,3569,0
2024-01-05T20:00Z,NL,3353,3327,0
2024-01-05T21:00Z,NL,2833,3019,0
2024-01-05T22:00Z,NL,2977,3109,0
2024-01-05T23:00Z,NL,2946,3089,0
2024-01-06T00:00Z,NL,2436,2750,0
2024-01-06T01:00Z,NL,2349,2687,0
2024-01-06T02:00Z,NL,2957,3096,0
2024-01-06T03:00Z,NL,2898,3060,0
2024-01-06T04:00Z,NL,3113,3190,0
2024-01-06T05:00Z,NL,2963,3100,0
2024-01-06T06:00Z,NL,2915,3070,0
2024-01-06T07:00Z,NL,2981,3111,0
2024-01-06T08:00Z,NL,3579,3449,317
2024-01-06T09:00Z,NL,2818,3009,791
2024-01-06T10:00Z,NL,2582,2853,1069
2024-01-06T11:00Z,NL,2710,2938,1343
2024-01-06T12:00Z,NL,2279,2636,1189
2024-01-06T13:00Z,NL,1662,2123,957
2024-01-06T14:00Z,NL,2082,2483,433
2024-01-06T15:00Z,NL,1636,2100,0
2024-01-06T16:00Z,NL,1613,2078,0
2024-01-06T17:00Z,NL,1531,2001,0
2024-01-06T18:00Z,NL,1401,1873,0
2024-01-06T19:00Z,NL,1457,1929,0
2024-01-06T20:00Z,NL,1149,1608,0
2024-01-06T21:00Z,NL,1533,2003,0
2024-01-06T22:00Z,NL,1646,2109,0
2024-01-06T23:00Z,NL,2106,2502,0
2024-01-07T00:00Z,NL,1700,2158,0
2024-01-07T01:00Z,NL,1593,2060,0
2024-01-07T02:00Z,NL,1229,1696,0
2024-01-07T03:00Z,NL,2058,2464,0
2024-01-07T04:00Z,NL,1971,2392,0
2024-01-07T05:00Z,NL,2777,2982,0
2024-01-07T06:00Z,NL,1716,2172,0
2024-01-07T07:00Z,NL,1902,2335,0
2024-01-07T08:00Z,NL,2383,2712,304
2024-01-07T09:00Z,NL,2400,2724,866
2024-01-07T10:00Z,NL,2592,2859,1301
2024-01-07T11:00Z,NL,2507,2800,1389
2024-01-07T12:00Z,NL,2449,2760,1249
2024-01-07T13:00Z,NL,2677,2917,805
2024-01-07T14:00Z,NL,2868,3041,451
2024-01-07T15:00Z,NL,3127,3199,1
2024-01-07T16:00Z,NL,3231,3258,0
2024-01-07T17:00Z,NL,3385,3345,0
2024-01-07T18:00Z,NL,3278,3285,0
2024-01-07T19:00Z,NL,3864,3592,0
2024-01-07T20:00Z,NL,4060,3684,0
2024-01-07T21:00Z,NL,4317,3800,0
2024-01-07T22:00Z,NL,4192,3745,0
2024-01-07T23:00Z,NL,4248,3770,0
2024-01-08T00:00Z,NL,3784,3552,0
2024-01-08T01:00Z,NL,4010,3662,0
2024-01-08T02:00Z,NL,3746,3534,0
2024-01-08T03:00Z,NL,3803,3562,0
2024-01-08T04:00Z,NL,3788,3555,0
2024-01-08T05:00Z,NL,3668,3494,0
2024-01-08T06:00Z,NL,4155,3728,0
2024-01-08T07:00Z,NL,4314,3798,0
2024-01-08T08:00Z,NL,4297,3791,524
2024-01-08T09:00Z,NL,4266,3777,1365
2024-01-08T10:00Z,NL,4450,3857,1929
2024-01-08T11:00Z,NL,4135,3719,1886
2024-01-08T12:00Z,NL,4152,3727,1739
2024-01-08T13:00Z,NL,3420,3364,1444
2024-01-08T14:00Z,NL,3474,3393,814
2024-01-08T15:00Z,NL,3115,3191,7
2024-01-08T16:00Z,NL,3310,3304,0
2024-01-08T17:00Z,NL,3712,3517,0
2024-01-08T18:00Z,NL,3909,3614,0
2024-01-08T19:00Z,NL,3486,3400,0
2024-01-08T20:00Z,NL,3485,3399,0
2024-01-08T21:00Z,NL,3472,3392,0
2024-01-08T22:00Z,NL,3571,3444,0
2024-01-08T23:00Z,NL,2939,3085,0
2024-01-09T00:00Z,NL,2286,2640,0
2024-01-09T01:00Z,NL,2370,2703,0
2024-01-09T02:00Z,NL,2596,2862,0
2024-01-09T03:00Z,NL,2718,2944,0
2024-01-09T04:00Z,NL,2410,2731,0
2024-01-09T05:00Z,NL,2665,2909,0
2024-01-09T06:00Z,NL,3213,3248,0
2024-01-09T07:00Z,NL,2741,2959,0
2024-01-09T08:00Z,NL,3343,3322,299
2024-01-09T09:00Z,NL,3842,3581,748
2024-01-09T10:00Z,NL,3998,3656,1056
2024-01-09T11:00Z,NL,3463,3387,1106
2024-01-09T12:00Z,NL,3462,3387,951
2024-01-09T13:00Z,NL,3204,3243,772
2024-01-09T14:00Z,NL,3197,3239,359
2024-01-09T15:00Z,NL,3207,3245,7
2024-01-09T16:00Z,NL,3833,3577,0
2024-01-09T17:00Z,NL,2940,3086,0
2024-01-09T18:00Z,NL,2346,2685,0
2024-01-09T19:00Z,NL,2357,2694,0
2024-01-09T20:00Z,NL,1716,2173,0
2024-01-09T21:00Z,NL,1806,2252,0
2024-01-09T22:00Z,NL,2191,2568,0
2024-01-09T23:00Z,NL,2969,3103,0
2024-01-10T00:00Z,NL,2788,2990,0
2024-01-10T01:00Z,NL,2730,2952,0
2024-01-10T02:00Z,NL,2759,2971,0
2024-01-10T03:00Z,NL,3028,3139,0
2024-01-10T04:00Z,NL,3317,3307,0
2024-01-10T05:00Z,NL,2542,2825,0
2024-01-10T06:00Z,NL,2857,3034,0
2024-01-10T07:00Z,NL,3719,3520,0
2024-01-10T08:00Z,NL,3810,3565,356
2024-01-10T09:00Z,NL,3289,3291,746
2024-01-10T10:00Z,NL,2939,3085,1001
2024-01-10T11:00Z,NL,2713,2941,1080
2024-01-10T12:00Z,NL,2113,2507,923
2024-01-10T13:00Z,NL,2530,2817,797
2024-01-10T14:00Z,NL,2126,2518,419
2024-01-10T15:00Z,NL,1903,2336,12
2024-01-10T16:00Z,NL,1562,2030,0
2024-01-10T17:00Z,NL,1847,2288,0
2024-01-10T18:00Z,NL,1548,2017,0
2024-01-10T19:00Z,NL,1284,1753,0
2024-01-10T20:00Z,NL,1406,1878,0
2024-01-10T21:00Z,NL,1257,1725,0
2024-01-10T22:00Z,NL,1714,2171,0
2024-01-10T23:00Z,NL,1822,2266,0
2024-01-11T00:00Z,NL,1976,2397,0
2024-01-11T01:00Z,NL,2361,2696,0
2024-01-11T02:00Z,NL,2158,2543,0
2024-01-11T03:00Z,NL,2315,2662,0
2024-01-11T04:00Z,NL,2900,3061,0
2024-01-11T05:00Z,NL,2494,2792,0
2024-01-11T06:00Z,NL,2706,2936,0
2024-01-11T07:00Z,NL,2710,2939,0
2024-01-11T08:00Z,NL,2452,2762,325
2024-01-11T09:00Z,NL,2834,3020,729
2024-01-11T10:00Z,NL,2840,3023,1224
2024-01-11T11:00Z,NL,2766,2975,1438
2024-01-11T12:00Z,NL,3272,3282,1251
2024-01-11T13:00Z,NL,3123,3196,995
2024-01-11T14:00Z,NL,2935,3083,519
2024-01-11T15:00Z,NL,3970,3643,22
2024-01-11T16:00Z,NL,4247,3769,0
2024-01-11T17:00Z,NL,4106,3706,0
2024-01-11T18:00Z,NL,3522,3419,0
2024-01-11T19:00Z,NL,2863,3038,0
2024-01-11T20:00Z,NL,2709,2938,0
2024-01-11T21:00Z,NL,2693,2928,0
2024-01-11T22:00Z,NL,2477,2780,0
2024-01-11T23:00Z,NL,2812,3005,0
2024-01-12T00:00Z,NL,2413,2734,0
2024-01-12T01:00Z,NL,1920,2350,0
2024-01-12T02:00Z,NL,1354,1825,0
2024-01-12T03:00Z,NL,1270,1738,0
2024-01-12T04:00Z,NL,1246,1713,0
2024-01-12T05:00Z,NL,1625,2089,0
2024-01-12T06:00Z,NL,1993,2411,0
2024-01-12T07:00Z,NL,1547,2016,0
2024-01-12T08:00Z,NL,1273,1742,447
2024-01-12T09:00Z,NL,1040,1486,1062
2024-01-12T10:00Z,NL,991,1429,1579
2024-01-12T11:00Z,NL,1185,1648,1889
2024-01-12T12:00Z,NL,1043,1489,1545
2024-01-12T13:00Z,NL,771,1161,1375
2024-01-12T14:00Z,NL,880,1297,752
2024-01-12T15:00Z,NL,770,1159,36
2024-01-12T16:00Z,NL,926,1352,0
2024-01-12T17:00Z,NL,1002,1443,0
2024-01-12T18:00Z,NL,605,942,0
2024-01-12T19:00Z,NL,400,651,0
2024-01-12T20:00Z,NL,409,665,0
2024-01-12T21:00Z,NL,374,612,0
2024-01-12T22:00Z,NL,412,669,0
2024-01-12T23:00Z,NL,428,692,0
2024-01-13T00:00Z,NL,412,669,0
2024-01-13T01:00Z,NL,520,825,0
2024-01-13T02:00Z,NL,577,904,0
2024-01-13T03:00Z,NL,461,740,0
2024-01-13T04:00Z,NL,446,719,0
2024-01-13T05:00Z,NL,533,843,0
2024-01-13T06:00Z,NL,605,943,0
2024-01-13T07:00Z,NL,733,1112,0
2024-01-13T08:00Z,NL,840,1247,367
2024-01-13T09:00Z,NL,667,1025,792
2024-01-13T10:00Z,NL,657,1012,1205
2024-01-13T11:00Z,NL,510,811,1155
2024-01-13T12:00Z,NL,433,699,948
2024-01-13T13:00Z,NL,407,661,690
2024-01-13T14:00Z,NL,397,646,386
2024-01-13T15:00Z,NL,477,764,24
2024-01-13T16:00Z,NL,608,947,0
2024-01-13T17:00Z,NL,534,844,0
2024-01-13T18:00Z,NL,642,992,0
2024-01-13T19:00Z,NL,706,1077,0
2024-01-13T20:00Z,NL,573,899,0
2024-01-13T21:00Z,NL,476,761,0
2024-01-13T22:00Z,NL,348,573,0
2024-01-13T23:00Z,NL,337,557,0
2024-01-14T00:00Z,NL,307,510,0
2024-01-14T01:00Z,NL,296,493,0
2024-01-14T02:00Z,NL,327,540,0
2024-01-14T03:00Z,NL,331,547,0
2024-01-14T04:00Z,NL,287,478,0
2024-01-14T05:00Z,NL,256,431,0
2024-01-14T06:00Z,NL,289,482,0
2024-01-14T07:00Z,NL,389,635,0
2024-01-14T08:00Z,NL,421,682,813
2024-01-14T09:00Z,NL,406,660,1669
2024-01-14T10:00Z,NL,441,710,2364
2024-01-14T11:00Z,NL,514,816,2573
2024-01-14T12:00Z,NL,722,1098,2396
2024-01-14T13:00Z,NL,700,1069,1775
2024-01-14T14:00Z,NL,715,1089,973
2024-01-14T15:00Z,NL,1292,1761,75
2024-01-14T16:00Z,NL,1809,2255,0
2024-01-14T17:00Z,NL,1783,2232,0
2024-01-14T18:00Z,NL,2041,2450,0
2024-01-14T19:00Z,NL,2415,2735,0
2024-01-14T20:00Z,NL,2024,2436,0
2024-01-14T21:00Z,NL,2813,3006,0
2024-01-14T22:00Z,NL,3199,3240,0
2024-01-14T23:00Z,NL,3006,3126,0
2024-01-15T00:00Z,NL,2962,3100,0
2024-01-15T01:00Z,NL,2862,3037,0
2024-01-15T02:00Z,NL,2466,2772,0
2024-01-15T03:00Z,NL,2680,2919,0
2024-01-15T04:00Z,NL,3376,3340,0
2024-01-15T05:00Z,NL,3867,3593,0
2024-01-15T06:00Z,NL,4496,3876,0
2024-01-15T07:00Z,NL,4242,3767,0
2024-01-15T08:00Z,NL,4326,3804,552
2024-01-15T09:00Z,NL,4467,3864,1356
2024-01-15T10:00Z,NL,4336,3808,1745
2024-01-15T11:00Z,NL,3961,3638,2059
2024-01-15T12:00Z,NL,4119,3712,1894
2024-01-15T13:00Z,NL,4061,3685,1512
2024-01-15T14:00Z,NL,4396,3834,773
2024-01-15T15:00Z,NL,4323,3802,73
2024-01-15T16:00Z,NL,4193,3745,0
2024-01-15T17:00Z,NL,4253,3772,0
2024-01-15T18:00Z,NL,4632,3932,0
2024-01-15T19:00Z,NL,4578,3910,0
2024-01-15T20:00Z,NL,4569,3907,0
2024-01-15T21:00Z,NL,4375,3825,0
2024-01-15T22:00Z,NL,4240,3766,0
2024-01-15T23:00Z,NL,3889,3604,0
2024-01-16T00:00Z,NL,3999,3656,0
2024-01-16T01:00Z,NL,4121,3713,0
2024-01-16T02:00Z,NL,3898,3608,0
2024-01-16T03:00Z,NL,3632,3476,0
2024-01-16T04:00Z,NL,3929,3623,0
2024-01-16T05:00Z,NL,3070,3165,0
2024-01-16T06:00Z,NL,3044,3149,0
2024-01-16T07:00Z,NL,3105,3186,0
2024-01-16T08:00Z,NL,3337,3318,555
2024-01-16T09:00Z,NL,3641,3481,1183
2024-01-16T10:00Z,NL,4079,3693,1467
2024-01-16T11:00Z,NL,3878,3598,1685
2024-01-16T12:00Z,NL,3766,3544,1482
2024-01-16T13:00Z,NL,4086,3697,1250
2024-01-16T14:00Z,NL,3870,3595,751
2024-01-16T15:00Z,NL,3512,3413,74
2024-01-16T16:00Z,NL,3287,3290,0
2024-01-16T17:00Z,NL,3415,3361,0
2024-01-16T18:00Z,NL,3724,3523,0
2024-01-16T19:00Z,NL,3565,3441,0
2024-01-16T20:00Z,NL,3250,3269,0
2024-01-16T21:00Z,NL,3463,3387,0
2024-01-16T22:00Z,NL,3921,3620,0
2024-01-16T23:00Z,NL,3837,3579,0
2024-01-17T00:00Z,NL,4034,3673,0
2024-01-17T01:00Z,NL,4052,3681,0
2024-01-17T02:00Z,NL,4670,3947,0
2024-01-17T03:00Z,NL,4931,4049,0
2024-01-17T04:00Z,NL,5141,4127,0
2024-01-17T05:00Z,NL,5138,4126,0
2024-01-17T06:00Z,NL,5034,4088,0
2024-01-17T07:00Z,NL,5289,4179,0
2024-01-17T08:00Z,NL,5339,4197,733
2024-01-17T09:00Z,NL,5317,4189,1554
2024-01-17T10:00Z,NL,5382,4212,2041
2024-01-17T11:00Z,NL,5428,4227,2210
2024-01-17T12:00Z,NL,5569,4275,2134
2024-01-17T13:00Z,NL,5562,4272,1787
2024-01-17T14:00Z,NL,5563,4273,972
2024-01-17T15:00Z,NL,5526,4261,119
2024-01-17T16:00Z,NL,5553,4269,0
2024-01-17T17:00Z,NL,5554,4270,0
2024-01-17T18:00Z,NL,5515,4257,0
2024-01-17T19:00Z,NL,5593,4283,0
2024-01-17T20:00Z,NL,5604,4286,0
2024-01-17T21:00Z,NL,5596,4284,0
2024-01-17T22:00Z,NL,5595,4283,0
2024-01-17T23:00Z,NL,5553,4270,0
2024-01-18T00:00Z,NL,5469,4241,0
2024-01-18T01:00Z,NL,5498,4251,0
2024-01-18T02:00Z,NL,5422,4226,0
2024-01-18T03:00Z,NL,5489,4248,0
2024-01-18T04:00Z,NL,5448,4234,0
2024-01-18T05:00Z,NL,5343,4198,0
2024-01-18T06:00Z,NL,5265,4171,0
2024-01-18T07:00Z,NL,5125,4121,0
2024-01-18T08:00Z,NL,5130,4123,1244
2024-01-18T09:00Z,NL,5057,4096,2636
2024-01-18T10:00Z,NL,5386,4213,3625
2024-01-18T11:00Z,NL,5402,4218,4038
2024-01-18T12:00Z,NL,5453,4236,3811
2024-01-18T13:00Z,NL,5478,4245,2978
2024-01-18T14:00Z,NL,5450,4235,1678
2024-01-18T15:00Z,NL,5405,4220,219
2024-01-18T16:00Z,NL,5480,4245,0
2024-01-18T17:00Z,NL,5197,4147,0
2024-01-18T18:00Z,NL,5238,4162,0
2024-01-18T19:00Z,NL,5108,4115,0
2024-01-18T20:00Z,NL,5160,4134,0
2024-01-18T21:00Z,NL,5212,4152,0
2024-01-18T22:00Z,NL,5327,4193,0
2024-01-18T23:00Z,NL,5449,4235,0
2024-01-19T00:00Z,NL,5533,4263,0
2024-01-19T01:00Z,NL,5474,4243,0
2024-01-19T02:00Z,NL,5479,4245,0
2024-01-19T03:00Z,NL,5445,4233,0
2024-01-19T04:00Z,NL,5453,4236,0
2024-01-19T05:00Z,NL,5521,4259,0
2024-01-19T06:00Z,NL,5559,4272,0
2024-01-19T07:00Z,NL,5558,4271,0
2024-01-19T08:00Z,NL,5573,4276,1076
2024-01-19T09:00Z,NL,5579,4278,2238
2024-01-19T10:00Z,NL,5548,4268,3196
2024-01-19T11:00Z,NL,5575,4277,3464
2024-01-19T12:00Z,NL,5608,4288,3371
2024-01-19T13:00Z,NL,5603,4286,2654
2024-01-19T14:00Z,NL,5608,4288,1523
2024-01-19T15:00Z,NL,5656,4303,220
2024-01-19T16:00Z,NL,5631,4295,0
2024-01-19T17:00Z,NL,5608,4288,0
2024-01-19T18:00Z,NL,5626,4293,0
2024-01-19T19:00Z,NL,5571,4276,0
2024-01-19T20:00Z,NL,5646,4300,0
2024-01-19T21:00Z,NL,5658,4304,0
2024-01-19T22:00Z,NL,5655,4303,0
2024-01-19T23:00Z,NL,5670,4308,0
2024-01-20T00:00Z,NL,5694,4316,0
2024-01-20T01:00Z,NL,5694,4315,0
2024-01-20T02:00Z,NL,5680,4311,0
2024-01-20T03:00Z,NL,5679,4311,0
2024-01-20T04:00Z,NL,5680,4311,0
2024-01-20T05:00Z,NL,5678,4310,0
2024-01-20T06:00Z,NL,5674,4309,0
2024-01-20T07:00Z,NL,5678,4311,0
2024-01-20T08:00Z,NL,5687,4313,684
2024-01-20T09:00Z,NL,5685,4313,1503
2024-01-20T10:00Z,NL,5682,4312,2125
2024-01-20T11:00Z,NL,5667,4307,2370
2024-01-20T12:00Z,NL,5658,4304,2234
2024-01-20T13:00Z,NL,5618,4291,1739
2024-01-20T14:00Z,NL,5655,4303,1006
2024-01-20T15:00Z,NL,5660,4305,152
2024-01-20T16:00Z,NL,5642,4299,0
2024-01-20T17:00Z,NL,5645,4300,0
2024-01-20T18:00Z,NL,5651,4302,0
2024-01-20T19:00Z,NL,5634,4296,0
2024-01-20T20:00Z,NL,5613,4289,0
2024-01-20T21:00Z,NL,5631,4295,0
2024-01-20T22:00Z,NL,5639,4298,0
2024-01-20T23:00Z,NL,5573,4276,0
2024-01-21T00:00Z,NL,5563,4273,0
2024-01-21T01:00Z,NL,5459,4238,0
2024-01-21T02:00Z,NL,5419,4224,0
2024-01-21T03:00Z,NL,5279,4176,0
2024-01-21T04:00Z,NL,5118,4119,0
2024-01-21T05:00Z,NL,5251,4166,0
2024-01-21T06:00Z,NL,5236,4161,0
2024-01-21T07:00Z,NL,5159,4133,0
2024-01-21T08:00Z,NL,5135,4125,714
2024-01-21T09:00Z,NL,5074,4102,1265
2024-01-21T10:00Z,NL,5310,4187,1847
2024-01-21T11:00Z,NL,5216,4154,1958
2024-01-21T12:00Z,NL,5203,4149,1788
2024-01-21T13:00Z,NL,5301,4184,1542
2024-01-21T14:00Z,NL,5269,4173,840
2024-01-21T15:00Z,NL,5348,4200,158
2024-01-21T16:00Z,NL,5384,4212,0
2024-01-21T17:00Z,NL,5293,4181,0
2024-01-21T18:00Z,NL,5152,4131,0
2024-01-21T19:00Z,NL,4869,4025,0
2024-01-21T20:00Z,NL,4980,4068,0
2024-01-21T21:00Z,NL,4462,3862,0
2024-01-21T22:00Z,NL,4160,3731,0
2024-01-21T23:00Z,NL,3708,3515,0
2024-01-22T00:00Z,NL,3935,3626,0
2024-01-22T01:00Z,NL,4019,3666,0
2024-01-22T02:00Z,NL,3711,3516,0
2024-01-22T03:00Z,NL,4064,3687,0
2024-01-22T04:00Z,NL,3965,3640,0
2024-01-22T05:00Z,NL,3662,3491,0
2024-01-22T06:00Z,NL,3964,3640,0
2024-01-22T07:00Z,NL,3349,3325,0
2024-01-22T08:00Z,NL,3946,3631,770
2024-01-22T09:00Z,NL,3586,3452,1731
2024-01-22T10:00Z,NL,3487,3400,2159
2024-01-22T11:00Z,NL,3299,3297,2403
2024-01-22T12:00Z,NL,3461,3386,2325
2024-01-22T13:00Z,NL,3177,3228,1844
2024-01-22T14:00Z,NL,3704,3513,1098
2024-01-22T15:00Z,NL,2683,2921,204
2024-01-22T16:00Z,NL,1927,2356,0
2024-01-22T17:00Z,NL,1788,2237,0
2024-01-22T18:00Z,NL,2236,2603,0
2024-01-22T19:00Z,NL,2002,2418,0
2024-01-22T20:00Z,NL,1663,2124,0
2024-01-22T21:00Z,NL,1099,1553,0
2024-01-22T22:00Z,NL,1215,1680,0
2024-01-22T23:00Z,NL,1179,1642,0
2024-01-23T00:00Z,NL,1302,1773,0
2024-01-23T01:00Z,NL,1470,1942,0
2024-01-23T02:00Z,NL,1377,1849,0
2024-01-23T03:00Z,NL,1238,1705,0
2024-01-23T04:00Z,NL,1114,1569,0
2024-01-23T05:00Z,NL,1028,1473,0
2024-01-23T06:00Z,NL,918,1343,0
2024-01-23T07:00Z,NL,1150,1610,9
2024-01-23T08:00Z,NL,1227,1693,861
2024-01-23T09:00Z,NL,1235,1702,1554
2024-01-23T10:00Z,NL,1271,1740,2132
2024-01-23T11:00Z,NL,760,1147,2335
2024-01-23T12:00Z,NL,770,1160,2183
2024-01-23T13:00Z,NL,675,1037,1729
2024-01-23T14:00Z,NL,467,748,1035
2024-01-23T15:00Z,NL,245,412,183
2024-01-23T16:00Z,NL,332,548,0
2024-01-23T17:00Z,NL,302,501,0
2024-01-23T18:00Z,NL,541,854,0
2024-01-23T19:00Z,NL,546,861,0
2024-01-23T20:00Z,NL,383,625,0
2024-01-23T21:00Z,NL,496,790,0
2024-01-23T22:00Z,NL,665,1023,0
2024-01-23T23:00Z,NL,925,1351,0
2024-01-24T00:00Z,NL,1245,1712,0
2024-01-24T01:00Z,NL,779,1172,0
2024-01-24T02:00Z,NL,985,1422,0
2024-01-24T03:00Z,NL,1058,1507,0
2024-01-24T04:00Z,NL,1271,1740,0
2024-01-24T05:00Z,NL,1324,1795,0
2024-01-24T06:00Z,NL,1832,2275,0
2024-01-24T07:00Z,NL,2119,2513,33
2024-01-24T08:00Z,NL,1793,2241,1288
2024-01-24T09:00Z,NL,1721,2177,2374
2024-01-24T10:00Z,NL,1688,2148,3216
2024-01-24T11:00Z,NL,1607,2073,3733
2024-01-24T12:00Z,NL,1402,1875,3654
2024-01-24T13:00Z,NL,1707,2164,2732
2024-01-24T14:00Z,NL,1963,2386,1606
2024-01-24T15:00Z,NL,1684,2143,357
2024-01-24T16:00Z,NL,1408,1880,0
2024-01-24T17:00Z,NL,1142,1601,0
2024-01-24T18:00Z,NL,1067,1517,0
2024-01-24T19:00Z,NL,1404,1877,0
2024-01-24T20:00Z,NL,1118,1575,0
2024-01-24T21:00Z,NL,1261,1729,0
2024-01-24T22:00Z,NL,1202,1666,0
2024-01-24T23:00Z,NL,746,1129,0
2024-01-25T00:00Z,NL,692,1059,0
2024-01-25T01:00Z,NL,935,1363,0
2024-01-25T02:00Z,NL,918,1343,0
2024-01-25T03:00Z,NL,539,851,0
2024-01-25T04:00Z,NL,526,834,0
2024-01-25T05:00Z,NL,399,650,0
2024-01-25T06:00Z,NL,487,777,0
2024-01-25T07:00Z,NL,423,685,25
2024-01-25T08:00Z,NL,363,596,704
2024-01-25T09:00Z,NL,344,566,1356
2024-01-25T10:00Z,NL,363,595,1872
2024-01-25T11:00Z,NL,354,582,2186
2024-01-25T12:00Z,NL,268,449,1779
2024-01-25T13:00Z,NL,375,613,1410
2024-01-25T14:00Z,NL,258,433,761
2024-01-25T15:00Z,NL,225,381,164
2024-01-25T16:00Z,NL,187,319,0
2024-01-25T17:00Z,NL,131,226,0
2024-01-25T18:00Z,NL,126,219,0
2024-01-25T19:00Z,NL,127,220,0
2024-01-25T20:00Z,NL,127,220,0
2024-01-25T21:00Z,NL,123,212,0
2024-01-25T22:00Z,NL,197,335,0
2024-01-25T23:00Z,NL,179,305,0
2024-01-26T00:00Z,NL,141,242,0
2024-01-26T01:00Z,NL,151,259,0
2024-01-26T02:00Z,NL,211,358,0
2024-01-26T03:00Z,NL,158,272,0
2024-01-26T04:00Z,NL,199,338,0
2024-01-26T05:00Z,NL,287,479,0
2024-01-26T06:00Z,NL,527,835,0
2024-01-26T07:00Z,NL,608,946,65
2024-01-26T08:00Z,NL,852,1262,1114
2024-01-26T09:00Z,NL,637,986,2292
2024-01-26T10:00Z,NL,881,1298,3196
2024-01-26T11:00Z,NL,1245,1713,3425
2024-01-26T12:00Z,NL,1132,1590,3272
2024-01-26T13:00Z,NL,802,1201,2605
2024-01-26T14:00Z,NL,691,1058,1551
2024-01-26T15:00Z,NL,801,1199,373
2024-01-26T16:00Z,NL,1212,1677,0
2024-01-26T17:00Z,NL,862,1275,0
2024-01-26T18:00Z,NL,778,1170,0
2024-01-26T19:00Z,NL,994,1433,0
2024-01-26T20:00Z,NL,1360,1832,0
2024-01-26T21:00Z,NL,1651,2114,0
2024-01-26T22:00Z,NL,1659,2121,0
2024-01-26T23:00Z,NL,1580,2048,0
2024-01-27T00:00Z,NL,1670,2131,0
2024-01-27T01:00Z,NL,1447,1919,0
2024-01-27T02:00Z,NL,1611,2076,0
2024-01-27T03:00Z,NL,1864,2303,0
2024-01-27T04:00Z,NL,2407,2730,0
2024-01-27T05:00Z,NL,1865,2303,0
2024-01-27T06:00Z,NL,1672,2133,0
2024-01-27T07:00Z,NL,1546,2015,63
2024-01-27T08:00Z,NL,1182,1645,911
2024-01-27T09:00Z,NL,1161,1621,1652
2024-01-27T10:00Z,NL,930,1357,2175
2024-01-27T11:00Z,NL,938,1367,2375
2024-01-27T12:00Z,NL,861,1273,2181
2024-01-27T13:00Z,NL,932,1360,1909
2024-01-27T14:00Z,NL,1048,1495,1226
2024-01-27T15:00Z,NL,1423,1896,293
2024-01-27T16:00Z,NL,1477,1948,0
2024-01-27T17:00Z,NL,1294,1764,0
2024-01-27T18:00Z,NL,1422,1895,0
2024-01-27T19:00Z,NL,916,1341,0
2024-01-27T20:00Z,NL,1342,1813,0
2024-01-27T21:00Z,NL,948,1379,0
2024-01-27T22:00Z,NL,927,1354,0
2024-01-27T23:00Z,NL,496,791,0
2024-01-28T00:00Z,NL,538,850,0
2024-01-28T01:00Z,NL,711,1084,0
2024-01-28T02:00Z,NL,939,1368,0
2024-01-28T03:00Z,NL,850,1260,0
2024-01-28T04:00Z,NL,754,1139,0
2024-01-28T05:00Z,NL,854,1265,0
2024-01-28T06:00Z,NL,782,1175,0
2024-01-28T07:00Z,NL,1026,1470,50
2024-01-28T08:00Z,NL,1027,1471,562
2024-01-28T09:00Z,NL,980,1417,1168
2024-01-28T10:00Z,NL,1225,1691,1472
2024-01-28T11:00Z,NL,1911,2342,1700
2024-01-28T12:00Z,NL,1857,2297,1601
2024-01-28T13:00Z,NL,1848,2289,1371
2024-01-28T14:00Z,NL,1594,2060,827
2024-01-28T15:00Z,NL,2170,2552,233
2024-01-28T16:00Z,NL,1923,2353,0
2024-01-28T17:00Z,NL,1995,2412,0
2024-01-28T18:00Z,NL,1421,1893,0
2024-01-28T19:00Z,NL,1238,1705,0
2024-01-28T20:00Z,NL,1029,1473,0
2024-01-28T21:00Z,NL,1585,2052,0
2024-01-28T22:00Z,NL,1582,2049,0
2024-01-28T23:00Z,NL,1944,2370,0
2024-01-29T00:00Z,NL,2115,2509,0
2024-01-29T01:00Z,NL,1754,2207,0
2024-01-29T02:00Z,NL,1378,1850,0
2024-01-29T03:00Z,NL,1222,1688,0
2024-01-29T04:00Z,NL,957,1390,0
2024-01-29T05:00Z,NL,681,1045,0
2024-01-29T06:00Z,NL,770,1160,0
2024-01-29T07:00Z,NL,524,830,92
2024-01-29T08:00Z,NL,623,967,757
2024-01-29T09:00Z,NL,766,1155,1339
2024-01-29T10:00Z,NL,1046,1492,1865
2024-01-29T11:00Z,NL,973,1408,2067
2024-01-29T12:00Z,NL,1145,1605,2187
2024-01-29T13:00Z,NL,1224,1690,1718
2024-01-29T14:00Z,NL,971,1406,1127
2024-01-29T15:00Z,NL,1067,1517,324
2024-01-29T16:00Z,NL,735,1115,0
2024-01-29T17:00Z,NL,853,1263,0
2024-01-29T18:00Z,NL,673,1034,0
2024-01-29T19:00Z,NL,758,1144,0
2024-01-29T20:00Z,NL,1011,1453,0
2024-01-29T21:00Z,NL,899,1320,0
2024-01-29T22:00Z,NL,693,1061,0
2024-01-29T23:00Z,NL,896,1317,0
2024-01-30T00:00Z,NL,666,1025,0
2024-01-30T01:00Z,NL,495,789,0
2024-01-30T02:00Z,NL,403,655,0
2024-01-30T03:00Z,NL,440,710,0
2024-01-30T04:00Z,NL,508,807,0
2024-01-30T05:00Z,NL,522,827,0
2024-01-30T06:00Z,NL,610,950,0
2024-01-30T07:00Z,NL,692,1058,138
2024-01-30T08:00Z,NL,526,834,998
2024-01-30T09:00Z,NL,597,932,1784
2024-01-30T10:00Z,NL,797,1193,2512
2024-01-30T11:00Z,NL,1267,1735,2645
2024-01-30T12:00Z,NL,1435,1907,2555
2024-01-30T13:00Z,NL,1876,2312,2045
2024-01-30T14:00Z,NL,1768,2219,1309
2024-01-30T15:00Z,NL,2147,2534,394
2024-01-30T16:00Z,NL,2344,2684,0
2024-01-30T17:00Z,NL,2358,2694,0
2024-01-30T18:00Z,NL,2276,2633,0
2024-01-30T19:00Z,NL,1756,2208,0
2024-01-30T20:00Z,NL,1690,2149,0
2024-01-30T21:00Z,NL,1820,2265,0
2024-01-30T22:00Z,NL,1221,1686,0
2024-01-30T23:00Z,NL,1173,1635,0
2024-01-31T00:00Z,NL,1317,1788,0
2024-01-31T01:00Z,NL,1438,1910,0
2024-01-31T02:00Z,NL,1375,1847,0
2024-01-31T03:00Z,NL,1872,2309,0
2024-01-31T04:00Z,NL,1678,2139,0
2024-01-31T05:00Z,NL,1378,1850,0
2024-01-31T06:00Z,NL,1371,1843,0
2024-01-31T07:00Z,NL,880,1297,109
2024-01-31T08:00Z,NL,1071,1522,674
2024-01-31T09:00Z,NL,1334,1805,1128
2024-01-31T10:00Z,NL,954,1386,1528
2024-01-31T11:00Z,NL,1012,1454,1651
2024-01-31T12:00Z,NL,966,1400,1490
2024-01-31T13:00Z,NL,1740,2195,1238
2024-01-31T14:00Z,NL,2333,2675,827
2024-01-31T15:00Z,NL,2379,2709,227
2024-01-31T16:00Z,NL,2676,2916,0
2024-01-31T17:00Z,NL,2177,2557,0
2024-01-31T18:00Z,NL,2379,2709,0
2024-01-31T19:00Z,NL,2266,2626,0
2024-01-31T20:00Z,NL,2171,2553,0
2024-01-31T21:00Z,NL,2472,2776,0
2024-01-31T22:00Z,NL,2802,2999,0
2024-01-31T23:00Z,NL,3329,3314,0
2024-02-01T00:00Z,NL,2586,2855,0
2024-02-01T01:00Z,NL,2810,3004,0
2024-02-01T02:00Z,NL,2805,3000,0
2024-02-01T03:00Z,NL,3362,3332,0
2024-02-01T04:00Z,NL,3430,3370,0
2024-02-01T05:00Z,NL,3377,3341,0
2024-02-01T06:00Z,NL,3501,3408,0
2024-02-01T07:00Z,NL,2738,2957,86
2024-02-01T08:00Z,NL,2962,3100,551
2024-02-01T09:00Z,NL,3187,3233,1075
2024-02-01T10:00Z,NL,2973,3106,1321
2024-02-01T11:00Z,NL,2696,2929,1695
2024-02-01T12:00Z,NL,2976,3108,1629
2024-02-01T13:00Z,NL,2768,2977,1273
2024-02-01T14:00Z,NL,2794,2994,814
2024-02-01T15:00Z,NL,2586,2855,215
2024-02-01T16:00Z,NL,3450,3380,0
2024-02-01T17:00Z,NL,2948,3091,0
2024-02-01T18:00Z,NL,2644,2895,0
2024-02-01T19:00Z,NL,2403,2727,0
2024-02-01T20:00Z,NL,2912,3068,0
2024-02-01T21:00Z,NL,2995,3119,0
2024-02-01T22:00Z,NL,2695,2929,0
2024-02-01T23:00Z,NL,1719,2175,0
2024-02-02T00:00Z,NL,1562,2031,0
2024-02-02T01:00Z,NL,2415,2736,0
2024-02-02T02:00Z,NL,2725,2949,0
2024-02-02T03:00Z,NL,2639,2892,0
2024-02-02T04:00Z,NL,2542,2825,0
2024-02-02T05:00Z,NL,2888,3053,0
2024-02-02T06:00Z,NL,2108,2504,0
2024-02-02T07:00Z,NL,1689,2148,124
2024-02-02T08:00Z,NL,1825,2269,626
2024-02-02T09:00Z,NL,1604,2070,965
2024-02-02T10:00Z,NL,1654,2116,1142
2024-02-02T11:00Z,NL,1886,2322,1252
2024-02-02T12:00Z,NL,1852,2292,1192
2024-02-02T13:00Z,NL,2437,2751,970
2024-02-02T14:00Z,NL,2432,2747,620
2024-02-02T15:00Z,NL,2493,2791,205
2024-02-02T16:00Z,NL,3097,3181,0
2024-02-02T17:00Z,NL,3339,3319,0
2024-02-02T18:00Z,NL,3591,3455,0
2024-02-02T19:00Z,NL,3767,3544,0
2024-02-02T20:00Z,NL,3468,3390,0
2024-02-02T21:00Z,NL,3021,3136,0
2024-02-02T22:00Z,NL,2560,2837,0
2024-02-02T23:00Z,NL,2585,2855,0
2024-02-03T00:00Z,NL,2362,2697,0
2024-02-03T01:00Z,NL,2308,2657,0
2024-02-03T02:00Z,NL,2417,2737,0
2024-02-03T03:00Z,NL,2949,3092,0
2024-02-03T04:00Z,NL,2735,2955,0
2024-02-03T05:00Z,NL,2715,2942,0
2024-02-03T06:00Z,NL,3286,3290,0
2024-02-03T07:00Z,NL,3898,3608,101
2024-02-03T08:00Z,NL,3739,3530,517
2024-02-03T09:00Z,NL,4424,3846,896
2024-02-03T10:00Z,NL,4148,3725,1161
2024-02-03T11:00Z,NL,4194,3745,1271
2024-02-03T12:00Z,NL,4526,3889,1211
2024-02-03T13:00Z,NL,4763,3984,988
2024-02-03T14:00Z,NL,4898,4037,636
2024-02-03T15:00Z,NL,4621,3928,218
2024-02-03T16:00Z,NL,4177,3738,0
2024-02-03T17:00Z,NL,4388,3830,0
2024-02-03T18:00Z,NL,4325,3803,0
2024-02-03T19:00Z,NL,4106,3706,0
2024-02-03T20:00Z,NL,4343,3811,0
2024-02-03T21:00Z,NL,4043,3677,0
2024-02-03T22:00Z,NL,3720,3521,0
2024-02-03T23:00Z,NL,3776,3549,0
2024-02-04T00:00Z,NL,3719,3520,0
2024-02-04T01:00Z,NL,3778,3550,0
2024-02-04T02:00Z,NL,3747,3534,0
2024-02-04T03:00Z,NL,3824,3573,0
2024-02-04T04:00Z,NL,3828,3574,0
2024-02-04T05:00Z,NL,4024,3668,0
2024-02-04T06:00Z,NL,4302,3793,0
2024-02-04T07:00Z,NL,4179,3739,217
2024-02-04T08:00Z,NL,4620,3927,1011
2024-02-04T09:00Z,NL,4484,3871,1894
2024-02-04T10:00Z,NL,4582,3912,2420
2024-02-04T11:00Z,NL,4546,3897,2327
2024-02-04T12:00Z,NL,4912,4042,2223
2024-02-04T13:00Z,NL,4893,4035,1752
2024-02-04T14:00Z,NL,4631,3932,1059
2024-02-04T15:00Z,NL,4742,3976,399
2024-02-04T16:00Z,NL,4935,4050,0
2024-02-04T17:00Z,NL,4911,4042,0
2024-02-04T18:00Z,NL,5058,4097,0
2024-02-04T19:00Z,NL,4640,3935,0
2024-02-04T20:00Z,NL,4925,4047,0
2024-02-04T21:00Z,NL,4534,3892,0
2024-02-04T22:00Z,NL,4755,3981,0
2024-02-04T23:00Z,NL,4817,4005,0
2024-02-05T00:00Z,NL,4738,3974,0
2024-02-05T01:00Z,NL,5040,4090,0
2024-02-05T02:00Z,NL,4907,4040,0
2024-02-05T03:00Z,NL,4794,3997,0
2024-02-05T04:00Z,NL,4683,3953,0
2024-02-05T05:00Z,NL,4461,3861,0
2024-02-05T06:00Z,NL,4716,3966,0
2024-02-05T07:00Z,NL,4801,3999,141
2024-02-05T08:00Z,NL,4540,3894,549
2024-02-05T09:00Z,NL,4627,3930,933
2024-02-05T10:00Z,NL,4766,3985,1200
2024-02-05T11:00Z,NL,4723,3968,1382
2024-02-05T12:00Z,NL,4682,3952,1250
2024-02-05T13:00Z,NL,4872,4027,1025
2024-02-05T14:00Z,NL,5146,4129,670
2024-02-05T15:00Z,NL,5124,4121,246
2024-02-05T16:00Z,NL,5019,4082,0
2024-02-05T17:00Z,NL,5069,4101,0
2024-02-05T18:00Z,NL,5001,4075,0
2024-02-05T19:00Z,NL,4870,4026,0
2024-02-05T20:00Z,NL,4949,4056,0
2024-02-05T21:00Z,NL,4827,4009,0
2024-02-05T22:00Z,NL,4695,3957,0
2024-02-05T23:00Z,NL,3727,3524,0
2024-02-06T00:00Z,NL,3944,3630,0
2024-02-06T01:00Z,NL,4219,3757,0
2024-02-06T02:00Z,NL,4831,4011,0
2024-02-06T03:00Z,NL,5088,4108,0
2024-02-06T04:00Z,NL,5008,4078,0
2024-02-06T05:00Z,NL,5069,4100,0
2024-02-06T06:00Z,NL,5084,4106,0
2024-02-06T07:00Z,NL,5167,4136,159
2024-02-06T08:00Z,NL,4849,4018,680
2024-02-06T09:00Z,NL,4774,3989,1253
2024-02-06T10:00Z,NL,4652,3940,1591
2024-02-06T11:00Z,NL,4512,3883,1850
2024-02-06T12:00Z,NL,4767,3986,1722
2024-02-06T13:00Z,NL,4613,3924,1503
2024-02-06T14:00Z,NL,4320,3801,1039
2024-02-06T15:00Z,NL,3831,3576,409
2024-02-06T16:00Z,NL,4290,3788,0
2024-02-06T17:00Z,NL,4346,3812,0
2024-02-06T18:00Z,NL,4099,3703,0
2024-02-06T19:00Z,NL,4101,3703,0
2024-02-06T20:00Z,NL,3959,3637,0
2024-02-06T21:00Z,NL,4157,3729,0
2024-02-06T22:00Z,NL,4256,3773,0
2024-02-06T23:00Z,NL,4055,3682,0
2024-02-07T00:00Z,NL,3869,3594,0
2024-02-07T01:00Z,NL,3382,3343,0
2024-02-07T02:00Z,NL,3525,3420,0
2024-02-07T03:00Z,NL,2881,3049,0
2024-02-07T04:00Z,NL,3061,3159,0
2024-02-07T05:00Z,NL,3273,3283,0
2024-02-07T06:00Z,NL,3278,3286,0
2024-02-07T07:00Z,NL,3404,3355,196
2024-02-07T08:00Z,NL,3443,3376,796
2024-02-07T09:00Z,NL,3343,3322,1324
2024-02-07T10:00Z,NL,3240,3264,1535
2024-02-07T11:00Z,NL,2880,3048,1685
2024-02-07T12:00Z,NL,2662,2907,1672
2024-02-07T13:00Z,NL,2492,2790,1424
2024-02-07T14:00Z,NL,2046,2454,891
2024-02-07T15:00Z,NL,1770,2221,361
2024-02-07T16:00Z,NL,1757,2209,0
2024-02-07T17:00Z,NL,1710,2167,0
2024-02-07T18:00Z,NL,2049,2456,0
2024-02-07T19:00Z,NL,2213,2585,0
2024-02-07T20:00Z,NL,2278,2635,0
2024-02-07T21:00Z,NL,1946,2372,0
2024-02-07T22:00Z,NL,1578,2046,0
2024-02-07T23:00Z,NL,1627,2092,0
2024-02-08T00:00Z,NL,1448,1921,0
2024-02-08T01:00Z,NL,1259,1727,0
2024-02-08T02:00Z,NL,1665,2127,0
2024-02-08T03:00Z,NL,1545,2014,0
2024-02-08T04:00Z,NL,1550,2019,0
2024-02-08T05:00Z,NL,2086,2486,0
2024-02-08T06:00Z,NL,2085,2485,0
2024-02-08T07:00Z,NL,2994,3119,179
2024-02-08T08:00Z,NL,3126,3198,600
2024-02-08T09:00Z,NL,3679,3500,1066
2024-02-08T10:00Z,NL,3763,3542,1685
2024-02-08T11:00Z,NL,3150,3212,1678
2024-02-08T12:00Z,NL,2646,2896,1852
2024-02-08T13:00Z,NL,2547,2828,1673
2024-02-08T14:00Z,NL,2768,2977,1128
2024-02-08T15:00Z,NL,2631,2886,475
2024-02-08T16:00Z,NL,2768,2977,0
2024-02-08T17:00Z,NL,2629,2885,0
2024-02-08T18:00Z,NL,2396,2721,0
2024-02-08T19:00Z,NL,2080,2481,0
2024-02-08T20:00Z,NL,1912,2344,0
2024-02-08T21:00Z,NL,2427,2744,0
2024-02-08T22:00Z,NL,2013,2427,0
2024-02-08T23:00Z,NL,1624,2089,0
2024-02-09T00:00Z,NL,1979,2399,0
2024-02-09T01:00Z,NL,1952,2377,0
2024-02-09T02:00Z,NL,2151,2537,0
2024-02-09T03:00Z,NL,2338,2679,0
2024-02-09T04:00Z,NL,2472,2776,0
2024-02-09T05:00Z,NL,2047,2455,0
2024-02-09T06:00Z,NL,2495,2792,0
2024-02-09T07:00Z,NL,2843,3025,196
2024-02-09T08:00Z,NL,2689,2925,738
2024-02-09T09:00Z,NL,3041,3147,1160
2024-02-09T10:00Z,NL,3038,3146,1472
2024-02-09T11:00Z,NL,3087,3175,1830
2024-02-09T12:00Z,NL,3005,3125,1935
2024-02-09T13:00Z,NL,3260,3275,1527
2024-02-09T14:00Z,NL,3193,3237,939
2024-02-09T15:00Z,NL,2718,2944,340
2024-02-09T16:00Z,NL,3078,3170,0
2024-02-09T17:00Z,NL,2889,3054,0
2024-02-09T18:00Z,NL,2506,2800,0
2024-02-09T19:00Z,NL,2511,2803,0
2024-02-09T20:00Z,NL,2934,3082,0
2024-02-09T21:00Z,NL,2680,2919,0
2024-02-09T22:00Z,NL,2531,2818,0
2024-02-09T23:00Z,NL,2472,2776,0
2024-02-10T00:00Z,NL,2660,2906,0
2024-02-10T01:00Z,NL,2898,3060,0
2024-02-10T02:00Z,NL,2457,2766,0
2024-02-10T03:00Z,NL,2499,2795,0
2024-02-10T04:00Z,NL,2792,2993,0
2024-02-10T05:00Z,NL,2631,2886,0
2024-02-10T06:00Z,NL,2354,2691,0
2024-02-10T07:00Z,NL,2789,2991,311
2024-02-10T08:00Z,NL,3611,3465,1018
2024-02-10T09:00Z,NL,3459,3385,1674
2024-02-10T10:00Z,NL,3539,3428,2188
2024-02-10T11:00Z,NL,3679,3500,2109
2024-02-10T12:00Z,NL,2945,3089,2304
2024-02-10T13:00Z,NL,2879,3048,1745
2024-02-10T14:00Z,NL,2771,2979,1001
2024-02-10T15:00Z,NL,2887,3053,499
2024-02-10T16:00Z,NL,2365,2699,0
2024-02-10T17:00Z,NL,1914,2345,0
2024-02-10T18:00Z,NL,2461,2768,0
2024-02-10T19:00Z,NL,2830,3017,0
2024-02-10T20:00Z,NL,2348,2687,0
2024-02-10T21:00Z,NL,1753,2206,0
2024-02-10T22:00Z,NL,2393,2720,0
2024-02-10T23:00Z,NL,3356,3329,0
2024-02-11T00:00Z,NL,3253,3271,0
2024-02-11T01:00Z,NL,3973,3644,0
2024-02-11T02:00Z,NL,3550,3433,0
2024-02-11T03:00Z,NL,3219,3252,0
2024-02-11T04:00Z,NL,2886,3052,0
2024-02-11T05:00Z,NL,3551,3434,0
2024-02-11T06:00Z,NL,3814,3567,0
2024-02-11T07:00Z,NL,4170,3735,288
2024-02-11T08:00Z,NL,4431,3849,973
2024-02-11T09:00Z,NL,4335,3808,1356
2024-02-11T10:00Z,NL,4078,3693,1843
2024-02-11T11:00Z,NL,3556,3436,2368
2024-02-11T12:00Z,NL,3410,3359,2326
2024-02-11T13:00Z,NL,3434,3372,1974
2024-02-11T14:00Z,NL,3722,3522,1495
2024-02-11T15:00Z,NL,3271,3282,592
2024-02-11T16:00Z,NL,2940,3086,0
2024-02-11T17:00Z,NL,2710,2939,0
2024-02-11T18:00Z,NL,2523,2812,0
2024-02-11T19:00Z,NL,1736,2190,0
2024-02-11T20:00Z,NL,1825,2269,0
2024-02-11T21:00Z,NL,2505,2799,0
2024-02-11T22:00Z,NL,2653,2901,0
2024-02-11T23:00Z,NL,2555,2834,0
2024-02-12T00:00Z,NL,2467,2773,0
2024-02-12T01:00Z,NL,2938,3084,0
2024-02-12T02:00Z,NL,2823,3012,0
2024-02-12T03:00Z,NL,3409,3358,0
2024-02-12T04:00Z,NL,2704,2935,0
2024-02-12T05:00Z,NL,3078,3169,0
2024-02-12T06:00Z,NL,3182,3230,0
2024-02-12T07:00Z,NL,2806,3001,322
2024-02-12T08:00Z,NL,3271,3282,919
2024-02-12T09:00Z,NL,3370,3337,1493
2024-02-12T10:00Z,NL,4004,3659,1895
2024-02-12T11:00Z,NL,3562,3440,1909
2024-02-12T12:00Z,NL,3419,3363,1529
2024-02-12T13:00Z,NL,3766,3544,1202
2024-02-12T14:00Z,NL,4169,3734,798
2024-02-12T15:00Z,NL,3904,3611,352
2024-02-12T16:00Z,NL,4004,3659,0
2024-02-12T17:00Z,NL,4131,3717,0
2024-02-12T18:00Z,NL,3886,3602,0
2024-02-12T19:00Z,NL,3689,3505,0
2024-02-12T20:00Z,NL,3703,3512,0
2024-02-12T21:00Z,NL,3992,3653,0
2024-02-12T22:00Z,NL,4041,3676,0
2024-02-12T23:00Z,NL,4134,3719,0
2024-02-13T00:00Z,NL,4109,3707,0
2024-02-13T01:00Z,NL,4129,3716,0
2024-02-13T02:00Z,NL,3488,3401,0
2024-02-13T03:00Z,NL,3690,3505,0
2024-02-13T04:00Z,NL,4168,3734,0
2024-02-13T05:00Z,NL,4383,3828,0
2024-02-13T06:00Z,NL,4605,3921,0
2024-02-13T07:00Z,NL,4698,3959,385
2024-02-13T08:00Z,NL,4957,4059,1051
2024-02-13T09:00Z,NL,4958,4059,1758
2024-02-13T10:00Z,NL,4731,3972,2188
2024-02-13T11:00Z,NL,4461,3861,1992
2024-02-13T12:00Z,NL,4034,3672,2335
2024-02-13T13:00Z,NL,4384,3829,1801
2024-02-13T14:00Z,NL,4423,3845,1201
2024-02-13T15:00Z,NL,4013,3663,508
2024-02-13T16:00Z,NL,3733,3527,0
2024-02-13T17:00Z,NL,3775,3548,0
2024-02-13T18:00Z,NL,3609,3464,0
2024-02-13T19:00Z,NL,3774,3548,0
2024-02-13T20:00Z,NL,3449,3380,0
2024-02-13T21:00Z,NL,3094,3179,0
2024-02-13T22:00Z,NL,2827,3014,0
2024-02-13T23:00Z,NL,3112,3190,0
2024-02-14T00:00Z,NL,3010,3129,0
2024-02-14T01:00Z,NL,2798,2996,0
2024-02-14T02:00Z,NL,2945,3089,0
2024-02-14T03:00Z,NL,3070,3165,0
2024-02-14T04:00Z,NL,3010,3128,0
2024-02-14T05:00Z,NL,3071,3165,0
2024-02-14T06:00Z,NL,3180,3229,0
2024-02-14T07:00Z,NL,3280,3287,369
2024-02-14T08:00Z,NL,3466,3389,1055
2024-02-14T09:00Z,NL,3640,3480,1749
2024-02-14T10:00Z,NL,3327,3313,1973
2024-02-14T11:00Z,NL,3390,3348,1864
2024-02-14T12:00Z,NL,3515,3415,1942
2024-02-14T13:00Z,NL,2990,3117,1582
2024-02-14T14:00Z,NL,2743,2960,967
2024-02-14T15:00Z,NL,2769,2977,475
2024-02-14T16:00Z,NL,1976,2397,0
2024-02-14T17:00Z,NL,1833,2276,0
2024-02-14T18:00Z,NL,1502,1973,0
2024-02-14T19:00Z,NL,1772,2222,0
2024-02-14T20:00Z,NL,2087,2487,0
2024-02-14T21:00Z,NL,1994,2411,0
2024-02-14T22:00Z,NL,1508,1978,0
2024-02-14T23:00Z,NL,1572,2040,0
2024-02-15T00:00Z,NL,1375,1847,0
2024-02-15T01:00Z,NL,1504,1974,0
2024-02-15T02:00Z,NL,1158,1619,0
2024-02-15T03:00Z,NL,1389,1861,0
2024-02-15T04:00Z,NL,1284,1753,0
2024-02-15T05:00Z,NL,1344,1816,0
2024-02-15T06:00Z,NL,1140,1598,0
2024-02-15T07:00Z,NL,1593,2059,775
2024-02-15T08:00Z,NL,1889,2324,2090
2024-02-15T09:00Z,NL,2080,2482,3223
2024-02-15T10:00Z,NL,2314,2662,3569
2024-02-15T11:00Z,NL,2976,3108,4099
2024-02-15T12:00Z,NL,2626,2883,4120
2024-02-15T13:00Z,NL,2629,2884,3601
2024-02-15T14:00Z,NL,2685,2922,2654
2024-02-15T15:00Z,NL,2930,3079,1238
2024-02-15T16:00Z,NL,3258,3274,0
2024-02-15T17:00Z,NL,3646,3483,0
2024-02-15T18:00Z,NL,3446,3378,0
2024-02-15T19:00Z,NL,3414,3360,0
2024-02-15T20:00Z,NL,3162,3219,0
2024-02-15T21:00Z,NL,3167,3222,0
2024-02-15T22:00Z,NL,3712,3517,0
2024-02-15T23:00Z,NL,3556,3437,0
2024-02-16T00:00Z,NL,4028,3670,0
2024-02-16T01:00Z,NL,3909,3613,0
2024-02-16T02:00Z,NL,3925,3621,0
2024-02-16T03:00Z,NL,3349,3325,0
2024-02-16T04:00Z,NL,3757,3539,0
2024-02-16T05:00Z,NL,3749,3535,0
2024-02-16T06:00Z,NL,3723,3522,0
2024-02-16T07:00Z,NL,2565,2841,745
2024-02-16T08:00Z,NL,2194,2571,1979
2024-02-16T09:00Z,NL,2038,2447,2992
2024-02-16T10:00Z,NL,1274,1743,3664
2024-02-16T11:00Z,NL,985,1423,4007
2024-02-16T12:00Z,NL,803,1202,4005
2024-02-16T13:00Z,NL,902,1324,3369
2024-02-16T14:00Z,NL,727,1105,2391
2024-02-16T15:00Z,NL,556,876,1135
2024-02-16T16:00Z,NL,857,1269,0
2024-02-16T17:00Z,NL,489,780,0
2024-02-16T18:00Z,NL,688,1054,0
2024-02-16T19:00Z,NL,628,974,0
2024-02-16T20:00Z,NL,729,1108,0
2024-02-16T21:00Z,NL,877,1293,0
2024-02-16T22:00Z,NL,724,1100,0
2024-02-16T23:00Z,NL,541,854,0
2024-02-17T00:00Z,NL,497,793,0
2024-02-17T01:00Z,NL,312,517,0
2024-02-17T02:00Z,NL,325,537,0
2024-02-17T03:00Z,NL,433,699,0
2024-02-17T04:00Z,NL,521,827,0
2024-02-17T05:00Z,NL,571,896,0
2024-02-17T06:00Z,NL,638,987,0
2024-02-17T07:00Z,NL,614,955,346
2024-02-17T08:00Z,NL,553,871,1028
2024-02-17T09:00Z,NL,390,636,1664
2024-02-17T10:00Z,NL,606,944,2081
2024-02-17T11:00Z,NL,821,1224,2018
2024-02-17T12:00Z,NL,703,1074,1733
2024-02-17T13:00Z,NL,623,967,1578
2024-02-17T14:00Z,NL,663,1020,1139
2024-02-17T15:00Z,NL,544,858,578
2024-02-17T16:00Z,NL,513,815,8
2024-02-17T17:00Z,NL,500,796,0
2024-02-17T18:00Z,NL,629,975,0
2024-02-17T19:00Z,NL,460,739,0
2024-02-17T20:00Z,NL,556,875,0
2024-02-17T21:00Z,NL,685,1050,0
2024-02-17T22:00Z,NL,714,1088,0
2024-02-17T23:00Z,NL,846,1255,0
2024-02-18T00:00Z,NL,1101,1555,0
2024-02-18T01:00Z,NL,880,1297,0
2024-02-18T02:00Z,NL,664,1022,0
2024-02-18T03:00Z,NL,936,1365,0
2024-02-18T04:00Z,NL,875,1291,0
2024-02-18T05:00Z,NL,1012,1454,0
2024-02-18T06:00Z,NL,1608,2074,0
2024-02-18T07:00Z,NL,2101,2498,316
2024-02-18T08:00Z,NL,2314,2662,790
2024-02-18T09:00Z,NL,2309,2658,1201
2024-02-18T10:00Z,NL,2115,2509,1484
2024-02-18T11:00Z,NL,2512,2804,1601
2024-02-18T12:00Z,NL,2886,3052,1536
2024-02-18T13:00Z,NL,2623,2880,1299
2024-02-18T14:00Z,NL,2926,3077,921
2024-02-18T15:00Z,NL,3584,3451,456
2024-02-18T16:00Z,NL,4026,3669,16
2024-02-18T17:00Z,NL,4222,3758,0
2024-02-18T18:00Z,NL,4193,3745,0
2024-02-18T19:00Z,NL,4036,3673,0
2024-02-18T20:00Z,NL,3841,3581,0
2024-02-18T21:00Z,NL,2830,3017,0
2024-02-18T22:00Z,NL,2800,2997,0
2024-02-18T23:00Z,NL,2909,3067,0
2024-02-19T00:00Z,NL,3211,3247,0
2024-02-19T01:00Z,NL,3219,3252,0
2024-02-19T02:00Z,NL,3495,3404,0
2024-02-19T03:00Z,NL,3268,3279,0
2024-02-19T04:00Z,NL,3921,3619,0
2024-02-19T05:00Z,NL,3921,3619,0
2024-02-19T06:00Z,NL,4024,3668,0
2024-02-19T07:00Z,NL,3929,3623,511
2024-02-19T08:00Z,NL,3622,3471,1256
2024-02-19T09:00Z,NL,3403,3354,1919
2024-02-19T10:00Z,NL,3636,3478,2224
2024-02-19T11:00Z,NL,3893,3606,2305
2024-02-19T12:00Z,NL,3932,3624,2345
2024-02-19T13:00Z,NL,4378,3826,1885
2024-02-19T14:00Z,NL,3949,3633,1331
2024-02-19T15:00Z,NL,3567,3442,542
2024-02-19T16:00Z,NL,3981,3648,28
2024-02-19T17:00Z,NL,3564,3440,0
2024-02-19T18:00Z,NL,3506,3410,0
2024-02-19T19:00Z,NL,3625,3472,0
2024-02-19T20:00Z,NL,3526,3421,0
2024-02-19T21:00Z,NL,3664,3492,0
2024-02-19T22:00Z,NL,3782,3552,0
2024-02-19T23:00Z,NL,3373,3338,0
2024-02-20T00:00Z,NL,3182,3231,0
2024-02-20T01:00Z,NL,3033,3142,0
2024-02-20T02:00Z,NL,2670,2912,0
2024-02-20T03:00Z,NL,3596,3457,0
2024-02-20T04:00Z,NL,3950,3633,0
2024-02-20T05:00Z,NL,4354,3816,0
2024-02-20T06:00Z,NL,4035,3673,0
2024-02-20T07:00Z,NL,4029,3670,404
2024-02-20T08:00Z,NL,4181,3740,873
2024-02-20T09:00Z,NL,4086,3697,1324
2024-02-20T10:00Z,NL,3640,3480,1713
2024-02-20T11:00Z,NL,3566,3442,2211
2024-02-20T12:00Z,NL,4434,3850,2037
2024-02-20T13:00Z,NL,4330,3805,2050
2024-02-20T14:00Z,NL,4465,3863,1365
2024-02-20T15:00Z,NL,4029,3670,673
2024-02-20T16:00Z,NL,4361,3819,51
2024-02-20T17:00Z,NL,4362,3819,0
2024-02-20T18:00Z,NL,4618,3927,0
2024-02-20T19:00Z,NL,4010,3661,0
2024-02-20T20:00Z,NL,3660,3490,0
2024-02-20T21:00Z,NL,4128,3716,0
2024-02-20T22:00Z,NL,3348,3325,0
2024-02-20T23:00Z,NL,3133,3202,0
2024-02-21T00:00Z,NL,2818,3009,0
2024-02-21T01:00Z,NL,2902,3062,0
2024-02-21T02:00Z,NL,3360,3331,0
2024-02-21T03:00Z,NL,3877,3598,0
2024-02-21T04:00Z,NL,3714,3518,0
2024-02-21T05:00Z,NL,4186,3742,0
2024-02-21T06:00Z,NL,4348,3813,0
2024-02-21T07:00Z,NL,3901,3610,533
2024-02-21T08:00Z,NL,4501,3878,1091
2024-02-21T09:00Z,NL,3966,3641,1741
2024-02-21T10:00Z,NL,3935,3626,1933
2024-02-21T11:00Z,NL,4196,3747,2119
2024-02-21T12:00Z,NL,4191,3744,1847
2024-02-21T13:00Z,NL,4338,3809,1600
2024-02-21T14:00Z,NL,4558,3902,1262
2024-02-21T15:00Z,NL,4070,3689,717
2024-02-21T16:00Z,NL,3787,3554,69
2024-02-21T17:00Z,NL,4199,3748,0
2024-02-21T18:00Z,NL,4310,3797,0
2024-02-21T19:00Z,NL,4279,3783,0
2024-02-21T20:00Z,NL,4286,3786,0
2024-02-21T21:00Z,NL,3850,3585,0
2024-02-21T22:00Z,NL,3690,3506,0
2024-02-21T23:00Z,NL,3867,3593,0
2024-02-22T00:00Z,NL,4160,3730,0
2024-02-22T01:00Z,NL,3695,3508,0
2024-02-22T02:00Z,NL,4242,3767,0
2024-02-22T03:00Z,NL,3913,3616,0
2024-02-22T04:00Z,NL,4352,3815,0
2024-02-22T05:00Z,NL,4946,4055,0
2024-02-22T06:00Z,NL,4950,4056,0
2024-02-22T07:00Z,NL,4873,4027,389
2024-02-22T08:00Z,NL,4971,4064,919
2024-02-22T09:00Z,NL,5066,4099,1293
2024-02-22T10:00Z,NL,5011,4079,1581
2024-02-22T11:00Z,NL,5143,4127,1699
2024-02-22T12:00Z,NL,4979,4067,1634
2024-02-22T13:00Z,NL,5115,4118,1393
2024-02-22T14:00Z,NL,5111,4116,1007
2024-02-22T15:00Z,NL,5182,4142,531
2024-02-22T16:00Z,NL,5102,4113,63
2024-02-22T17:00Z,NL,5183,4142,0
2024-02-22T18:00Z,NL,5295,4182,0
2024-02-22T19:00Z,NL,5294,4181,0
2024-02-22T20:00Z,NL,5341,4198,0
2024-02-22T21:00Z,NL,5316,4189,0
2024-02-22T22:00Z,NL,5242,4163,0
2024-02-22T23:00Z,NL,4788,3994,0
2024-02-23T00:00Z,NL,4808,4002,0
2024-02-23T01:00Z,NL,4721,3968,0
2024-02-23T02:00Z,NL,4373,3824,0
2024-02-23T03:00Z,NL,4222,3758,0
2024-02-23T04:00Z,NL,4144,3723,0
2024-02-23T05:00Z,NL,4042,3676,0
2024-02-23T06:00Z,NL,3891,3605,0
2024-02-23T07:00Z,NL,4101,3704,573
2024-02-23T08:00Z,NL,3754,3538,1389
2024-02-23T09:00Z,NL,4025,3668,2074
2024-02-23T10:00Z,NL,3832,3576,2326
2024-02-23T11:00Z,NL,3987,3650,2236
2024-02-23T12:00Z,NL,4672,3948,2303
2024-02-23T13:00Z,NL,4474,3867,1748
2024-02-23T14:00Z,NL,4412,3841,1311
2024-02-23T15:00Z,NL,4706,3962,732
2024-02-23T16:00Z,NL,4927,4048,102
2024-02-23T17:00Z,NL,4890,4033,0
2024-02-23T18:00Z,NL,5033,4087,0
2024-02-23T19:00Z,NL,5172,4138,0
2024-02-23T20:00Z,NL,5053,4094,0
2024-02-23T21:00Z,NL,5117,4118,0
2024-02-23T22:00Z,NL,5307,4186,0
2024-02-23T23:00Z,NL,5372,4208,0
2024-02-24T00:00Z,NL,5268,4172,0
2024-02-24T01:00Z,NL,5187,4143,0
2024-02-24T02:00Z,NL,5108,4115,0
2024-02-24T03:00Z,NL,5027,4085,0
2024-02-24T04:00Z,NL,5276,4175,0
2024-02-24T05:00Z,NL,5462,4239,0
2024-02-24T06:00Z,NL,5486,4247,0
2024-02-24T07:00Z,NL,5436,4230,1007
2024-02-24T08:00Z,NL,5499,4252,2165
2024-02-24T09:00Z,NL,5448,4234,2919
2024-02-24T10:00Z,NL,5470,4242,3330
2024-02-24T11:00Z,NL,5368,4207,3336
2024-02-24T12:00Z,NL,5354,4202,3367
2024-02-24T13:00Z,NL,5361,4205,2953
2024-02-24T14:00Z,NL,5512,4256,2060
2024-02-24T15:00Z,NL,5557,4271,1193
2024-02-24T16:00Z,NL,5561,4272,184
2024-02-24T17:00Z,NL,5591,4282,0
2024-02-24T18:00Z,NL,5527,4261,0
2024-02-24T19:00Z,NL,5552,4269,0
2024-02-24T20:00Z,NL,5566,4274,0
2024-02-24T21:00Z,NL,5549,4268,0
2024-02-24T22:00Z,NL,5451,4235,0
2024-02-24T23:00Z,NL,5332,4194,0
2024-02-25T00:00Z,NL,5286,4179,0
2024-02-25T01:00Z,NL,5245,4164,0
2024-02-25T02:00Z,NL,5114,4117,0
2024-02-25T03:00Z,NL,4890,4034,0
2024-02-25T04:00Z,NL,4654,3941,0
2024-02-25T05:00Z,NL,4632,3932,0
2024-02-25T06:00Z,NL,4394,3833,0
2024-02-25T07:00Z,NL,4303,3794,942
2024-02-25T08:00Z,NL,4390,3831,2089
2024-02-25T09:00Z,NL,4007,3660,3044
2024-02-25T10:00Z,NL,4416,3842,3784
2024-02-25T11:00Z,NL,4692,3956,4179
2024-02-25T12:00Z,NL,4373,3824,4250
2024-02-25T13:00Z,NL,3740,3531,3729
2024-02-25T14:00Z,NL,4123,3714,2490
2024-02-25T15:00Z,NL,3620,3470,1415
2024-02-25T16:00Z,NL,4179,3739,251
2024-02-25T17:00Z,NL,4182,3740,0
2024-02-25T18:00Z,NL,3412,3359,0
2024-02-25T19:00Z,NL,2357,2693,0
2024-02-25T20:00Z,NL,2655,2902,0
2024-02-25T21:00Z,NL,3112,3190,0
2024-02-25T22:00Z,NL,2331,2674,0
2024-02-25T23:00Z,NL,2056,2462,0
2024-02-26T00:00Z,NL,1992,2410,0
2024-02-26T01:00Z,NL,2032,2443,0
2024-02-26T02:00Z,NL,2340,2681,0
2024-02-26T03:00Z,NL,2178,2559,0
2024-02-26T04:00Z,NL,1730,2185,0
2024-02-26T05:00Z,NL,1485,1957,0
2024-02-26T06:00Z,NL,1202,1667,16
2024-02-26T07:00Z,NL,1333,1805,964
2024-02-26T08:00Z,NL,1699,2158,1996
2024-02-26T09:00Z,NL,1618,2083,3015
2024-02-26T10:00Z,NL,1468,1939,3625
2024-02-26T11:00Z,NL,1779,2229,3710
2024-02-26T12:00Z,NL,2216,2588,3474
2024-02-26T13:00Z,NL,2140,2528,2918
2024-02-26T14:00Z,NL,1926,2355,2292
2024-02-26T15:00Z,NL,2455,2764,1287
2024-02-26T16:00Z,NL,3326,3313,271
2024-02-26T17:00Z,NL,3074,3167,0
2024-02-26T18:00Z,NL,2828,3015,0
2024-02-26T19:00Z,NL,2031,2442,0
2024-02-26T20:00Z,NL,1968,2391,0
2024-02-26T21:00Z,NL,1959,2383,0
2024-02-26T22:00Z,NL,1540,2009,0
2024-02-26T23:00Z,NL,1827,2271,0
2024-02-27T00:00Z,NL,1334,1805,0
2024-02-27T01:00Z,NL,1214,1679,0
2024-02-27T02:00Z,NL,1193,1656,0
2024-02-27T03:00Z,NL,1396,1868,0
2024-02-27T04:00Z,NL,1153,1613,0
2024-02-27T05:00Z,NL,1046,1493,0
2024-02-27T06:00Z,NL,792,1188,40
2024-02-27T07:00Z,NL,1061,1510,1027
2024-02-27T08:00Z,NL,895,1315,1964
2024-02-27T09:00Z,NL,575,901,2600
2024-02-27T10:00Z,NL,745,1128,3120
2024-02-27T11:00Z,NL,779,1171,3503
2024-02-27T12:00Z,NL,858,1270,3204
2024-02-27T13:00Z,NL,1217,1683,2851
2024-02-27T14:00Z,NL,1494,1965,2126
2024-02-27T15:00Z,NL,1331,1802,1205
2024-02-27T16:00Z,NL,1472,1944,236
2024-02-27T17:00Z,NL,1308,1779,0
2024-02-27T18:00Z,NL,1279,1748,0
2024-02-27T19:00Z,NL,1314,1785,0
2024-02-27T20:00Z,NL,1042,1488,0
2024-02-27T21:00Z,NL,551,868,0
2024-02-27T22:00Z,NL,360,591,0
2024-02-27T23:00Z,NL,348,573,0
2024-02-28T00:00Z,NL,370,606,0
2024-02-28T01:00Z,NL,446,719,0
2024-02-28T02:00Z,NL,422,684,0
2024-02-28T03:00Z,NL,590,922,0
2024-02-28T04:00Z,NL,749,1133,0
2024-02-28T05:00Z,NL,958,1391,0
2024-02-28T06:00Z,NL,924,1350,67
2024-02-28T07:00Z,NL,1106,1560,1161
2024-02-28T08:00Z,NL,945,1376,2207
2024-02-28T09:00Z,NL,768,1157,3217
2024-02-28T10:00Z,NL,978,1414,3994
2024-02-28T11:00Z,NL,994,1433,4864
2024-02-28T12:00Z,NL,608,947,4851
2024-02-28T13:00Z,NL,669,1029,3731
2024-02-28T14:00Z,NL,419,679,2647
2024-02-28T15:00Z,NL,582,911,1540
2024-02-28T16:00Z,NL,555,873,356
2024-02-28T17:00Z,NL,810,1211,0
2024-02-28T18:00Z,NL,968,1402,0
2024-02-28T19:00Z,NL,814,1215,0
2024-02-28T20:00Z,NL,802,1200,0
2024-02-28T21:00Z,NL,701,1070,0
2024-02-28T22:00Z,NL,419,678,0
2024-02-28T23:00Z,NL,306,509,0
2024-02-29T00:00Z,NL,299,497,0
2024-02-29T01:00Z,NL,328,541,0
2024-02-29T02:00Z,NL,384,627,0
2024-02-29T03:00Z,NL,306,508,0
2024-02-29T04:00Z,NL,201,341,0
2024-02-29T05:00Z,NL,222,375,0
2024-02-29T06:00Z,NL,392,639,81
2024-02-29T07:00Z,NL,381,622,982
2024-02-29T08:00Z,NL,378,617,1907
2024-02-29T09:00Z,NL,556,875,2530
2024-02-29T10:00Z,NL,412,669,3316
2024-02-29T11:00Z,NL,557,876,3541
2024-02-29T12:00Z,NL,709,1082,3690
2024-02-29T13:00Z,NL,327,540,3030
2024-02-29T14:00Z,NL,326,539,2360
2024-02-29T15:00Z,NL,330,545,1391
2024-02-29T16:00Z,NL,215,364,345
2024-02-29T17:00Z,NL,208,352,0
2024-02-29T18:00Z,NL,219,370,0
2024-02-29T19:00Z,NL,245,413,0
2024-02-29T20:00Z,NL,109,189,0
2024-02-29T21:00Z,NL,114,199,0
2024-02-29T22:00Z,NL,121,209,0
2024-02-29T23:00Z,NL,144,248,0
2024-03-01T00:00Z,NL,178,304,0
2024-03-01T01:00Z,NL,241,406,0
2024-03-01T02:00Z,NL,209,354,0
2024-03-01T03:00Z,NL,166,285,0
2024-03-01T04:00Z,NL,191,326,0
2024-03-01T05:00Z,NL,181,308,0
2024-03-01T06:00Z,NL,216,366,71
2024-03-01T07:00Z,NL,291,485,745
2024-03-01T08:00Z,NL,304,506,1511
2024-03-01T09:00Z,NL,441,711,2391
2024-03-01T10:00Z,NL,904,1327,3147
2024-03-01T11:00Z,NL,1204,1668,3495
2024-03-01T12:00Z,NL,1154,1614,3428
2024-03-01T13:00Z,NL,812,1213,2592
2024-03-01T14:00Z,NL,810,1210,1802
2024-03-01T15:00Z,NL,748,1132,1140
2024-03-01T16:00Z,NL,1045,1491,287
2024-03-01T17:00Z,NL,874,1290,0
2024-03-01T18:00Z,NL,856,1267,0
2024-03-01T19:00Z,NL,817,1219,0
2024-03-01T20:00Z,NL,1340,1811,0
2024-03-01T21:00Z,NL,1903,2336,0
2024-03-01T22:00Z,NL,1507,1978,0
2024-03-01T23:00Z,NL,1108,1563,0
2024-03-02T00:00Z,NL,1376,1848,0
2024-03-02T01:00Z,NL,1846,2287,0
2024-03-02T02:00Z,NL,1702,2160,0
2024-03-02T03:00Z,NL,1533,2003,0
2024-03-02T04:00Z,NL,1576,2044,0
2024-03-02T05:00Z,NL,1651,2114,0
2024-03-02T06:00Z,NL,2149,2536,148
2024-03-02T07:00Z,NL,2134,2524,1270
2024-03-02T08:00Z,NL,1969,2391,2641
2024-03-02T09:00Z,NL,2241,2607,3524
2024-03-02T10:00Z,NL,2602,2867,4019
2024-03-02T11:00Z,NL,2577,2850,4471
2024-03-02T12:00Z,NL,3091,3177,4030
2024-03-02T13:00Z,NL,3004,3125,3055
2024-03-02T14:00Z,NL,2592,2860,2158
2024-03-02T15:00Z,NL,3224,3255,1234
2024-03-02T16:00Z,NL,3241,3265,360
2024-03-02T17:00Z,NL,3322,3310,0
2024-03-02T18:00Z,NL,3385,3345,0
2024-03-02T19:00Z,NL,3328,3313,0
2024-03-02T20:00Z,NL,3032,3142,0
2024-03-02T21:00Z,NL,2408,2731,0
2024-03-02T22:00Z,NL,2606,2869,0
2024-03-02T23:00Z,NL,1792,2240,0
2024-03-03T00:00Z,NL,2173,2555,0
2024-03-03T01:00Z,NL,1471,1943,0
2024-03-03T02:00Z,NL,1137,1595,0
2024-03-03T03:00Z,NL,923,1349,0
2024-03-03T04:00Z,NL,812,1213,0
2024-03-03T05:00Z,NL,1263,1731,0
2024-03-03T06:00Z,NL,1552,2020,178
2024-03-03T07:00Z,NL,1393,1865,1177
2024-03-03T08:00Z,NL,1703,2161,2305
2024-03-03T09:00Z,NL,1953,2378,3264
2024-03-03T10:00Z,NL,1830,2274,3953
2024-03-03T11:00Z,NL,1474,1946,4762
2024-03-03T12:00Z,NL,1679,2139,4206
2024-03-03T13:00Z,NL,1591,2058,3853
2024-03-03T14:00Z,NL,1647,2110,2800
2024-03-03T15:00Z,NL,1282,1752,1752
2024-03-03T16:00Z,NL,2010,2425,540
2024-03-03T17:00Z,NL,2579,2851,0
2024-03-03T18:00Z,NL,2579,2851,0
2024-03-03T19:00Z,NL,3110,3188,0
2024-03-03T20:00Z,NL,2023,2436,0
2024-03-03T21:00Z,NL,1829,2272,0
2024-03-03T22:00Z,NL,1468,1940,0
2024-03-03T23:00Z,NL,1638,2102,0
2024-03-04T00:00Z,NL,2089,2488,0
2024-03-04T01:00Z,NL,2708,2938,0
2024-03-04T02:00Z,NL,2756,2969,0
2024-03-04T03:00Z,NL,2721,2946,0
2024-03-04T04:00Z,NL,2185,2564,0
2024-03-04T05:00Z,NL,1613,2079,0
2024-03-04T06:00Z,NL,1863,2302,300
2024-03-04T07:00Z,NL,1689,2148,1851
2024-03-04T08:00Z,NL,1855,2295,3464
2024-03-04T09:00Z,NL,1381,1853,4720
2024-03-04T10:00Z,NL,1270,1738,5310
2024-03-04T11:00Z,NL,1380,1852,5464
2024-03-04T12:00Z,NL,1444,1916,5046
2024-03-04T13:00Z,NL,1093,1546,4511
2024-03-04T14:00Z,NL,1022,1465,3514
2024-03-04T15:00Z,NL,1045,1491,2148
2024-03-04T16:00Z,NL,1097,1550,684
2024-03-04T17:00Z,NL,817,1219,0
2024-03-04T18:00Z,NL,813,1215,0
2024-03-04T19:00Z,NL,1046,1493,0
2024-03-04T20:00Z,NL,1259,1727,0
2024-03-04T21:00Z,NL,1335,1806,0
2024-03-04T22:00Z,NL,1614,2079,0
2024-03-04T23:00Z,NL,1720,2176,0
2024-03-05T00:00Z,NL,1799,2246,0
2024-03-05T01:00Z,NL,1747,2200,0
2024-03-05T02:00Z,NL,1375,1847,0
2024-03-05T03:00Z,NL,1262,1730,0
2024-03-05T04:00Z,NL,1950,2375,0
2024-03-05T05:00Z,NL,1647,2110,0
2024-03-05T06:00Z,NL,1753,2206,438
2024-03-05T07:00Z,NL,1890,2325,2430
2024-03-05T08:00Z,NL,2099,2496,4490
2024-03-05T09:00Z,NL,2152,2538,6117
2024-03-05T10:00Z,NL,1981,2401,7413
2024-03-05T11:00Z,NL,2385,2713,8047
2024-03-05T12:00Z,NL,2155,2540,7776
2024-03-05T13:00Z,NL,2347,2686,6770
2024-03-05T14:00Z,NL,2474,2778,5151
2024-03-05T15:00Z,NL,2566,2842,3125
2024-03-05T16:00Z,NL,3020,3135,963
2024-03-05T17:00Z,NL,3512,3413,0
2024-03-05T18:00Z,NL,4129,3716,0
2024-03-05T19:00Z,NL,3820,3571,0
2024-03-05T20:00Z,NL,4035,3673,0
2024-03-05T21:00Z,NL,3837,3579,0
2024-03-05T22:00Z,NL,3497,3405,0
2024-03-05T23:00Z,NL,3148,3211,0
2024-03-06T00:00Z,NL,3540,3428,0
2024-03-06T01:00Z,NL,3478,3395,0
2024-03-06T02:00Z,NL,3284,3289,0
2024-03-06T03:00Z,NL,3340,3320,0
2024-03-06T04:00Z,NL,3204,3243,0
2024-03-06T05:00Z,NL,3361,3331,0
2024-03-06T06:00Z,NL,4150,3726,260
2024-03-06T07:00Z,NL,4704,3961,1277
2024-03-06T08:00Z,NL,4788,3994,2423
2024-03-06T09:00Z,NL,4542,3895,3182
2024-03-06T10:00Z,NL,4736,3974,4144
2024-03-06T11:00Z,NL,4770,3987,4365
2024-03-06T12:00Z,NL,4739,3975,4240
2024-03-06T13:00Z,NL,4867,4025,3868
2024-03-06T14:00Z,NL,4873,4027,3178
2024-03-06T15:00Z,NL,4856,4020,1934
2024-03-06T16:00Z,NL,4729,3971,687
2024-03-06T17:00Z,NL,4327,3804,0
2024-03-06T18:00Z,NL,4604,3921,0
2024-03-06T19:00Z,NL,4528,3889,0
2024-03-06T20:00Z,NL,4594,3917,0
2024-03-06T21:00Z,NL,4698,3958,0
2024-03-06T22:00Z,NL,4463,3862,0
2024-03-06T23:00Z,NL,4097,3701,0
2024-03-07T00:00Z,NL,3639,3480,0
2024-03-07T01:00Z,NL,3712,3517,0
2024-03-07T02:00Z,NL,3877,3598,0
2024-03-07T03:00Z,NL,3811,3566,0
2024-03-07T04:00Z,NL,3511,3413,0
2024-03-07T05:00Z,NL,3912,3615,0
2024-03-07T06:00Z,NL,3671,3496,306
2024-03-07T07:00Z,NL,3917,3617,1598
2024-03-07T08:00Z,NL,4170,3735,2881
2024-03-07T09:00Z,NL,4554,3900,3708
2024-03-07T10:00Z,NL,4568,3906,4269
2024-03-07T11:00Z,NL,4392,3832,4516
2024-03-07T12:00Z,NL,4308,3796,3975
2024-03-07T13:00Z,NL,4708,3963,3304
2024-03-07T14:00Z,NL,4678,3950,2638
2024-03-07T15:00Z,NL,4499,3877,1714
2024-03-07T16:00Z,NL,4678,3950,616
2024-03-07T17:00Z,NL,4764,3985,0
2024-03-07T18:00Z,NL,4569,3907,0
2024-03-07T19:00Z,NL,4413,3841,0
2024-03-07T20:00Z,NL,3979,3647,0
2024-03-07T21:00Z,NL,4061,3685,0
2024-03-07T22:00Z,NL,3946,3631,0
2024-03-07T23:00Z,NL,3475,3394,0
2024-03-08T00:00Z,NL,3616,3468,0
2024-03-08T01:00Z,NL,3750,3536,0
2024-03-08T02:00Z,NL,3589,3454,0
2024-03-08T03:00Z,NL,3405,3356,0
2024-03-08T04:00Z,NL,3657,3489,0
2024-03-08T05:00Z,NL,3190,3235,0
2024-03-08T06:00Z,NL,2449,2760,251
2024-03-08T07:00Z,NL,2217,2588,1190
2024-03-08T08:00Z,NL,2040,2449,2046
2024-03-08T09:00Z,NL,1938,2365,2744
2024-03-08T10:00Z,NL,2390,2717,3716
2024-03-08T11:00Z,NL,1965,2387,3457
2024-03-08T12:00Z,NL,1994,2411,3399
2024-03-08T13:00Z,NL,1694,2153,3185
2024-03-08T14:00Z,NL,1799,2246,2385
2024-03-08T15:00Z,NL,1844,2285,1292
2024-03-08T16:00Z,NL,1499,1970,437
2024-03-08T17:00Z,NL,1559,2027,0
2024-03-08T18:00Z,NL,1328,1799,0
2024-03-08T19:00Z,NL,1054,1502,0
2024-03-08T20:00Z,NL,1078,1530,0
2024-03-08T21:00Z,NL,939,1368,0
2024-03-08T22:00Z,NL,914,1338,0
2024-03-08T23:00Z,NL,1071,1521,0
2024-03-09T00:00Z,NL,1086,1538,0
2024-03-09T01:00Z,NL,1007,1448,0
2024-03-09T02:00Z,NL,945,1375,0
2024-03-09T03:00Z,NL,1072,1522,0
2024-03-09T04:00Z,NL,1075,1526,0
2024-03-09T05:00Z,NL,961,1395,0
2024-03-09T06:00Z,NL,1058,1506,338
2024-03-09T07:00Z,NL,774,1165,1207
2024-03-09T08:00Z,NL,847,1257,2214
2024-03-09T09:00Z,NL,893,1313,3146
2024-03-09T10:00Z,NL,974,1409,3500
2024-03-09T11:00Z,NL,709,1081,3902
2024-03-09T12:00Z,NL,693,1061,3555
2024-03-09T13:00Z,NL,528,836,3227
2024-03-09T14:00Z,NL,359,589,2422
2024-03-09T15:00Z,NL,393,640,1495
2024-03-09T16:00Z,NL,362,594,546
2024-03-09T17:00Z,NL,443,713,0
2024-03-09T18:00Z,NL,445,717,0
2024-03-09T19:00Z,NL,482,770,0
2024-03-09T20:00Z,NL,802,1201,0
2024-03-09T21:00Z,NL,603,940,0
2024-03-09T22:00Z,NL,922,1347,0
2024-03-09T23:00Z,NL,1264,1732,0
2024-03-10T00:00Z,NL,1084,1536,0
2024-03-10T01:00Z,NL,1205,1669,0
2024-03-10T02:00Z,NL,1651,2113,0
2024-03-10T03:00Z,NL,2411,2733,0
2024-03-10T04:00Z,NL,2569,2844,0
2024-03-10T05:00Z,NL,2868,3041,0
2024-03-10T06:00Z,NL,3270,3281,504
2024-03-10T07:00Z,NL,3609,3464,1942
2024-03-10T08:00Z,NL,3570,3444,3183
2024-03-10T09:00Z,NL,3888,3604,4298
2024-03-10T10:00Z,NL,3876,3598,5015
2024-03-10T11:00Z,NL,3082,3172,5537
2024-03-10T12:00Z,NL,2609,2871,5241
2024-03-10T13:00Z,NL,2008,2423,4487
2024-03-10T14:00Z,NL,1580,2048,3300
2024-03-10T15:00Z,NL,1166,1627,2213
2024-03-10T16:00Z,NL,1375,1848,800
2024-03-10T17:00Z,NL,1838,2280,0
2024-03-10T18:00Z,NL,2092,2491,0
2024-03-10T19:00Z,NL,2051,2458,0
2024-03-10T20:00Z,NL,1545,2014,0
2024-03-10T21:00Z,NL,1725,2181,0
2024-03-10T22:00Z,NL,1434,1906,0
2024-03-10T23:00Z,NL,2439,2752,0
2024-03-11T00:00Z,NL,1883,2319,0
2024-03-11T01:00Z,NL,1342,1814,0
2024-03-11T02:00Z,NL,1691,2150,0
2024-03-11T03:00Z,NL,2222,2593,0
2024-03-11T04:00Z,NL,2819,3010,0
2024-03-11T05:00Z,NL,3257,3274,0
2024-03-11T06:00Z,NL,2779,2984,555
2024-03-11T07:00Z,NL,3147,3210,1790
2024-03-11T08:00Z,NL,2943,3088,3021
2024-03-11T09:00Z,NL,3241,3265,4159
2024-03-11T10:00Z,NL,3395,3350,5008
2024-03-11T11:00Z,NL,3220,3253,5212
2024-03-11T12:00Z,NL,3299,3297,4993
2024-03-11T13:00Z,NL,3687,3504,4433
2024-03-11T14:00Z,NL,3020,3135,3652
2024-03-11T15:00Z,NL,2725,2949,2294
2024-03-11T16:00Z,NL,3037,3145,872
2024-03-11T17:00Z,NL,3023,3137,0
2024-03-11T18:00Z,NL,3234,3260,0
2024-03-11T19:00Z,NL,3292,3293,0
2024-03-11T20:00Z,NL,2807,3002,0
2024-03-11T21:00Z,NL,3130,3200,0
2024-03-11T22:00Z,NL,2532,2818,0
2024-03-11T23:00Z,NL,2514,2805,0
2024-03-12T00:00Z,NL,2873,3044,0
2024-03-12T01:00Z,NL,3376,3340,0
2024-03-12T02:00Z,NL,3258,3274,0
2024-03-12T03:00Z,NL,3515,3415,0
2024-03-12T04:00Z,NL,3942,3629,0
2024-03-12T05:00Z,NL,3268,3279,0
2024-03-12T06:00Z,NL,3604,3462,490
2024-03-12T07:00Z,NL,3581,3450,1583
2024-03-12T08:00Z,NL,3218,3251,2750
2024-03-12T09:00Z,NL,3140,3206,3836
2024-03-12T10:00Z,NL,3453,3382,4581
2024-03-12T11:00Z,NL,3830,3575,4659
2024-03-12T12:00Z,NL,4126,3715,4491
2024-03-12T13:00Z,NL,4299,3792,4029
2024-03-12T14:00Z,NL,4718,3966,3067
2024-03-12T15:00Z,NL,4578,3910,1952
2024-03-12T16:00Z,NL,4896,4036,826
2024-03-12T17:00Z,NL,4742,3976,0
2024-03-12T18:00Z,NL,4741,3976,0
2024-03-12T19:00Z,NL,4637,3934,0
2024-03-12T20:00Z,NL,4743,3976,0
2024-03-12T21:00Z,NL,4862,4023,0
2024-03-12T22:00Z,NL,4752,3980,0
2024-03-12T23:00Z,NL,4435,3850,0
2024-03-13T00:00Z,NL,4330,3806,0
2024-03-13T01:00Z,NL,3839,3580,0
2024-03-13T02:00Z,NL,2346,2685,0
2024-03-13T03:00Z,NL,2172,2553,0
2024-03-13T04:00Z,NL,1786,2235,0
2024-03-13T05:00Z,NL,1556,2025,0
2024-03-13T06:00Z,NL,1300,1770,592
2024-03-13T07:00Z,NL,1669,2130,1738
2024-03-13T08:00Z,NL,1776,2226,2802
2024-03-13T09:00Z,NL,2373,2705,3687
2024-03-13T10:00Z,NL,1614,2080,4485
2024-03-13T11:00Z,NL,1696,2155,5058
2024-03-13T12:00Z,NL,1704,2161,4522
2024-03-13T13:00Z,NL,1397,1869,3883
2024-03-13T14:00Z,NL,1375,1847,3122
2024-03-13T15:00Z,NL,1230,1696,2176
2024-03-13T16:00Z,NL,1075,1526,964
2024-03-13T17:00Z,NL,1508,1978,0
2024-03-13T18:00Z,NL,1632,2096,0
2024-03-13T19:00Z,NL,2309,2658,0
2024-03-13T20:00Z,NL,2368,2701,0
2024-03-13T21:00Z,NL,2348,2687,0
2024-03-13T22:00Z,NL,1872,2309,0
2024-03-13T23:00Z,NL,1384,1856,0
2024-03-14T00:00Z,NL,1406,1878,0
2024-03-14T01:00Z,NL,1289,1759,0
2024-03-14T02:00Z,NL,1829,2273,0
2024-03-14T03:00Z,NL,2075,2477,0
2024-03-14T04:00Z,NL,2344,2683,0
2024-03-14T05:00Z,NL,2201,2576,0
2024-03-14T06:00Z,NL,1525,1995,348
2024-03-14T07:00Z,NL,1559,2027,1073
2024-03-14T08:00Z,NL,2103,2500,1706
2024-03-14T09:00Z,NL,2449,2760,1923
2024-03-14T10:00Z,NL,2607,2870,2476
2024-03-14T11:00Z,NL,2510,2803,2628
2024-03-14T12:00Z,NL,2176,2556,2293
2024-03-14T13:00Z,NL,2177,2557,2438
2024-03-14T14:00Z,NL,2237,2604,1762
2024-03-14T15:00Z,NL,2770,2978,1357
2024-03-14T16:00Z,NL,3300,3298,629
2024-03-14T17:00Z,NL,3717,3519,0
2024-03-14T18:00Z,NL,3602,3460,0
2024-03-14T19:00Z,NL,3439,3374,0
2024-03-14T20:00Z,NL,2486,2786,0
2024-03-14T21:00Z,NL,2165,2548,0
2024-03-14T22:00Z,NL,2207,2581,0
2024-03-14T23:00Z,NL,2375,2707,0
2024-03-15T00:00Z,NL,2124,2516,0
2024-03-15T01:00Z,NL,2459,2767,0
2024-03-15T02:00Z,NL,2106,2502,0
2024-03-15T03:00Z,NL,1564,2032,0
2024-03-15T04:00Z,NL,1817,2262,0
2024-03-15T05:00Z,NL,1998,2415,0
2024-03-15T06:00Z,NL,1681,2141,691
2024-03-15T07:00Z,NL,1708,2165,2047
2024-03-15T08:00Z,NL,2613,2874,3501
2024-03-15T09:00Z,NL,2718,2944,4699
2024-03-15T10:00Z,NL,3106,3186,5317
2024-03-15T11:00Z,NL,2795,2994,5456
2024-03-15T12:00Z,NL,2700,2932,5266
2024-03-15T13:00Z,NL,2662,2907,5127
2024-03-15T14:00Z,NL,2945,3089,4038
2024-03-15T15:00Z,NL,3142,3207,2604
2024-03-15T16:00Z,NL,2684,2922,1164
2024-03-15T17:00Z,NL,2531,2818,0
2024-03-15T18:00Z,NL,2246,2610,0
2024-03-15T19:00Z,NL,3415,3361,0
2024-03-15T20:00Z,NL,2881,3049,0
2024-03-15T21:00Z,NL,2942,3087,0
2024-03-15T22:00Z,NL,3274,3283,0
2024-03-15T23:00Z,NL,2843,3025,0
2024-03-16T00:00Z,NL,2280,2636,0
2024-03-16T01:00Z,NL,2878,3047,0
2024-03-16T02:00Z,NL,2820,3010,0
2024-03-16T03:00Z,NL,3165,3221,0
2024-03-16T04:00Z,NL,3773,3547,0
2024-03-16T05:00Z,NL,3315,3306,0
2024-03-16T06:00Z,NL,3252,3271,831
2024-03-16T07:00Z,NL,3162,3219,2337
2024-03-16T08:00Z,NL,3604,3461,3802
2024-03-16T09:00Z,NL,3439,3374,5478
2024-03-16T10:00Z,NL,3248,3268,6454
2024-03-16T11:00Z,NL,3729,3525,6973
2024-03-16T12:00Z,NL,3604,3461,6340
2024-03-16T13:00Z,NL,3794,3557,5379
2024-03-16T14:00Z,NL,3623,3471,4154
2024-03-16T15:00Z,NL,3153,3213,2537
2024-03-16T16:00Z,NL,3561,3439,1175
2024-03-16T17:00Z,NL,2642,2894,0
2024-03-16T18:00Z,NL,2584,2854,0
2024-03-16T19:00Z,NL,2773,2980,0
2024-03-16T20:00Z,NL,2029,2440,0
2024-03-16T21:00Z,NL,1693,2152,0
2024-03-16T22:00Z,NL,1756,2208,0
2024-03-16T23:00Z,NL,1810,2256,0
2024-03-17T00:00Z,NL,1938,2365,0
2024-03-17T01:00Z,NL,2077,2479,0
2024-03-17T02:00Z,NL,1716,2173,0
2024-03-17T03:00Z,NL,1493,1964,0
2024-03-17T04:00Z,NL,1755,2207,0
2024-03-17T05:00Z,NL,2038,2448,0
2024-03-17T06:00Z,NL,1886,2321,931
2024-03-17T07:00Z,NL,1701,2159,2555
2024-03-17T08:00Z,NL,1656,2118,3994
2024-03-17T09:00Z,NL,1820,2264,5099
2024-03-17T10:00Z,NL,1503,1974,5756
2024-03-17T11:00Z,NL,1489,1960,6152
2024-03-17T12:00Z,NL,1478,1950,5918
2024-03-17T13:00Z,NL,1754,2207,5432
2024-03-17T14:00Z,NL,1493,1964,4326
2024-03-17T15:00Z,NL,1642,2105,2821
2024-03-17T16:00Z,NL,1146,1605,1365
2024-03-17T17:00Z,NL,1127,1584,4
2024-03-17T18:00Z,NL,1026,1470,0
2024-03-17T19:00Z,NL,1255,1722,0
2024-03-17T20:00Z,NL,1378,1850,0
2024-03-17T21:00Z,NL,1899,2332,0
2024-03-17T22:00Z,NL,2004,2420,0
2024-03-17T23:00Z,NL,1787,2236,0
2024-03-18T00:00Z,NL,1235,1702,0
2024-03-18T01:00Z,NL,1524,1994,0
2024-03-18T02:00Z,NL,1433,1906,0
2024-03-18T03:00Z,NL,1850,2290,0
2024-03-18T04:00Z,NL,1754,2207,0
2024-03-18T05:00Z,NL,2525,2813,0
2024-03-18T06:00Z,NL,2940,3085,942
2024-03-18T07:00Z,NL,2933,3081,2200
2024-03-18T08:00Z,NL,2792,2992,3604
2024-03-18T09:00Z,NL,3343,3322,4946
2024-03-18T10:00Z,NL,3336,3318,6045
2024-03-18T11:00Z,NL,3513,3414,6046
2024-03-18T12:00Z,NL,3872,3596,5810
2024-03-18T13:00Z,NL,3407,3357,5198
2024-03-18T14:00Z,NL,3562,3440,4394
2024-03-18T15:00Z,NL,3530,3423,3015
2024-03-18T16:00Z,NL,3735,3528,1501
2024-03-18T17:00Z,NL,4410,3840,34
2024-03-18T18:00Z,NL,4633,3932,0
2024-03-18T19:00Z,NL,4314,3799,0
2024-03-18T20:00Z,NL,4363,3820,0
2024-03-18T21:00Z,NL,4453,3858,0
2024-03-18T22:00Z,NL,4344,3812,0
2024-03-18T23:00Z,NL,4007,3660,0
2024-03-19T00:00Z,NL,4234,3763,0
2024-03-19T01:00Z,NL,4595,3917,0
2024-03-19T02:00Z,NL,4270,3779,0
2024-03-19T03:00Z,NL,3478,3395,0
2024-03-19T04:00Z,NL,3287,3290,0
2024-03-19T05:00Z,NL,2727,2950,0
2024-03-19T06:00Z,NL,3289,3292,641
2024-03-19T07:00Z,NL,3488,3401,1719
2024-03-19T08:00Z,NL,3246,3267,2682
2024-03-19T09:00Z,NL,3408,3357,3951
2024-03-19T10:00Z,NL,3880,3600,5087
2024-03-19T11:00Z,NL,4011,3662,5814
2024-03-19T12:00Z,NL,3254,3272,5738
2024-03-19T13:00Z,NL,2960,3098,5146
2024-03-19T14:00Z,NL,2817,3008,4015
2024-03-19T15:00Z,NL,2938,3084,2584
2024-03-19T16:00Z,NL,2192,2570,1170
2024-03-19T17:00Z,NL,1959,2383,51
2024-03-19T18:00Z,NL,2117,2511,0
2024-03-19T19:00Z,NL,1956,2380,0
2024-03-19T20:00Z,NL,1963,2386,0
2024-03-19T21:00Z,NL,2751,2965,0
2024-03-19T22:00Z,NL,2419,2738,0
2024-03-19T23:00Z,NL,3025,3138,0
2024-03-20T00:00Z,NL,3118,3193,0
2024-03-20T01:00Z,NL,3025,3138,0
2024-03-20T02:00Z,NL,3090,3177,0
2024-03-20T03:00Z,NL,2655,2902,0
2024-03-20T04:00Z,NL,2698,2931,0
2024-03-20T05:00Z,NL,2598,2864,0
2024-03-20T06:00Z,NL,3241,3264,709
2024-03-20T07:00Z,NL,3641,3481,1430
2024-03-20T08:00Z,NL,4144,3723,2260
2024-03-20T09:00Z,NL,3807,3564,3123
2024-03-20T10:00Z,NL,3966,3641,3755
2024-03-20T11:00Z,NL,4291,3789,4040
2024-03-20T12:00Z,NL,4153,3727,4415
2024-03-20T13:00Z,NL,4363,3820,3767
2024-03-20T14:00Z,NL,4735,3973,3037
2024-03-20T15:00Z,NL,4334,3807,2218
2024-03-20T16:00Z,NL,3930,3623,1055
2024-03-20T17:00Z,NL,4533,3892,66
2024-03-20T18:00Z,NL,4417,3843,0
2024-03-20T19:00Z,NL,4454,3859,0
2024-03-20T20:00Z,NL,4468,3864,0
2024-03-20T21:00Z,NL,4258,3774,0
2024-03-20T22:00Z,NL,4152,3727,0
2024-03-20T23:00Z,NL,4535,3892,0
2024-03-21T00:00Z,NL,4551,3899,0
2024-03-21T01:00Z,NL,4595,3917,0
2024-03-21T02:00Z,NL,5021,4083,0
2024-03-21T03:00Z,NL,5276,4175,0
2024-03-21T04:00Z,NL,5343,4198,0
2024-03-21T05:00Z,NL,5280,4176,0
2024-03-21T06:00Z,NL,5172,4138,1001
2024-03-21T07:00Z,NL,5036,4089,2261
2024-03-21T08:00Z,NL,5285,4178,3317
2024-03-21T09:00Z,NL,5526,4261,4562
2024-03-21T10:00Z,NL,5401,4218,4670
2024-03-21T11:00Z,NL,5443,4232,5674
2024-03-21T12:00Z,NL,5381,4212,5188
2024-03-21T13:00Z,NL,5350,4201,4707
2024-03-21T14:00Z,NL,5318,4190,3563
2024-03-21T15:00Z,NL,5374,4209,2655
2024-03-21T16:00Z,NL,5287,4179,1275
2024-03-21T17:00Z,NL,5288,4179,108
2024-03-21T18:00Z,NL,5244,4163,0
2024-03-21T19:00Z,NL,5124,4121,0
2024-03-21T20:00Z,NL,5175,4139,0
2024-03-21T21:00Z,NL,4900,4037,0
2024-03-21T22:00Z,NL,4257,3774,0
2024-03-21T23:00Z,NL,4565,3905,0
2024-03-22T00:00Z,NL,4785,3993,0
2024-03-22T01:00Z,NL,4682,3952,0
2024-03-22T02:00Z,NL,4482,3870,0
2024-03-22T03:00Z,NL,4689,3955,0
2024-03-22T04:00Z,NL,4772,3988,0
2024-03-22T05:00Z,NL,4627,3930,0
2024-03-22T06:00Z,NL,4610,3923,1191
2024-03-22T07:00Z,NL,4618,3926,3003
2024-03-22T08:00Z,NL,4210,3753,4916
2024-03-22T09:00Z,NL,4031,3671,6149
2024-03-22T10:00Z,NL,3631,3475,7044
2024-03-22T11:00Z,NL,3523,3419,7527
2024-03-22T12:00Z,NL,3505,3410,6979
2024-03-22T13:00Z,NL,4066,3687,6541
2024-03-22T14:00Z,NL,3934,3625,5132
2024-03-22T15:00Z,NL,4265,3777,3485
2024-03-22T16:00Z,NL,4443,3854,1768
2024-03-22T17:00Z,NL,4396,3834,176
2024-03-22T18:00Z,NL,4572,3908,0
2024-03-22T19:00Z,NL,4542,3895,0
2024-03-22T20:00Z,NL,4547,3898,0
2024-03-22T21:00Z,NL,4248,3770,0
2024-03-22T22:00Z,NL,3330,3315,0
2024-03-22T23:00Z,NL,2906,3065,0
2024-03-23T00:00Z,NL,2057,2463,0
2024-03-23T01:00Z,NL,1892,2326,0
2024-03-23T02:00Z,NL,1685,2145,0
2024-03-23T03:00Z,NL,1811,2257,0
2024-03-23T04:00Z,NL,2121,2514,0
2024-03-23T05:00Z,NL,1983,2402,0
2024-03-23T06:00Z,NL,2007,2422,631
2024-03-23T07:00Z,NL,3149,3212,1312
2024-03-23T08:00Z,NL,3176,3227,1905
2024-03-23T09:00Z,NL,3324,3311,2153
2024-03-23T10:00Z,NL,3321,3310,2662
2024-03-23T11:00Z,NL,2610,2872,3272
2024-03-23T12:00Z,NL,2809,3003,3787
2024-03-23T13:00Z,NL,2964,3100,3487
2024-03-23T14:00Z,NL,3352,3326,2813
2024-03-23T15:00Z,NL,3361,3332,2323
2024-03-23T16:00Z,NL,2973,3106,988
2024-03-23T17:00Z,NL,3420,3364,152
2024-03-23T18:00Z,NL,3529,3423,0
2024-03-23T19:00Z,NL,3266,3279,0
2024-03-23T20:00Z,NL,3546,3431,0
2024-03-23T21:00Z,NL,3225,3255,0
2024-03-23T22:00Z,NL,2806,3002,0
2024-03-23T23:00Z,NL,2831,3017,0
2024-03-24T00:00Z,NL,2141,2530,0
2024-03-24T01:00Z,NL,2315,2662,0
2024-03-24T02:00Z,NL,2679,2918,0
2024-03-24T03:00Z,NL,2466,2772,0
2024-03-24T04:00Z,NL,2169,2552,0
2024-03-24T05:00Z,NL,2134,2524,0
2024-03-24T06:00Z,NL,2130,2521,652
2024-03-24T07:00Z,NL,2612,2873,1622
2024-03-24T08:00Z,NL,2550,2831,2321
2024-03-24T09:00Z,NL,2106,2502,2865
2024-03-24T10:00Z,NL,1868,2306,3357
2024-03-24T11:00Z,NL,1286,1756,3651
2024-03-24T12:00Z,NL,1515,1986,3698
2024-03-24T13:00Z,NL,1727,2183,3576
2024-03-24T14:00Z,NL,1653,2116,2646
2024-03-24T15:00Z,NL,2382,2712,1721
2024-03-24T16:00Z,NL,2457,2765,953
2024-03-24T17:00Z,NL,2211,2584,146
2024-03-24T18:00Z,NL,1970,2392,0
2024-03-24T19:00Z,NL,1569,2037,0
2024-03-24T20:00Z,NL,1611,2076,0
2024-03-24T21:00Z,NL,1483,1955,0
2024-03-24T22:00Z,NL,1783,2232,0
2024-03-24T23:00Z,NL,1479,1951,0
2024-03-25T00:00Z,NL,1038,1483,0
2024-03-25T01:00Z,NL,1049,1497,0
2024-03-25T02:00Z,NL,1044,1491,0
2024-03-25T03:00Z,NL,823,1227,0
2024-03-25T04:00Z,NL,615,956,0
2024-03-25T05:00Z,NL,780,1173,0
2024-03-25T06:00Z,NL,525,831,993
2024-03-25T07:00Z,NL,388,633,2194
2024-03-25T08:00Z,NL,481,768,3352
2024-03-25T09:00Z,NL,500,797,4061
2024-03-25T10:00Z,NL,422,684,5131
2024-03-25T11:00Z,NL,442,713,5358
2024-03-25T12:00Z,NL,472,756,4957
2024-03-25T13:00Z,NL,371,607,4745
2024-03-25T14:00Z,NL,448,721,3825
2024-03-25T15:00Z,NL,354,582,2607
2024-03-25T16:00Z,NL,505,804,1401
2024-03-25T17:00Z,NL,530,838,227
2024-03-25T18:00Z,NL,403,655,0
2024-03-25T19:00Z,NL,609,948,0
2024-03-25T20:00Z,NL,859,1271,0
2024-03-25T21:00Z,NL,986,1424,0
2024-03-25T22:00Z,NL,804,1202,0
2024-03-25T23:00Z,NL,772,1162,0
2024-03-26T00:00Z,NL,658,1014,0
2024-03-26T01:00Z,NL,620,962,0
2024-03-26T02:00Z,NL,802,1200,0
2024-03-26T03:00Z,NL,884,1301,0
2024-03-26T04:00Z,NL,767,1156,0
2024-03-26T05:00Z,NL,733,1112,10
2024-03-26T06:00Z,NL,833,1239,815
2024-03-26T07:00Z,NL,751,1135,1924
2024-03-26T08:00Z,NL,644,995,2741
2024-03-26T09:00Z,NL,598,933,3734
2024-03-26T10:00Z,NL,548,864,4128
2024-03-26T11:00Z,NL,637,986,4264
2024-03-26T12:00Z,NL,427,690,3322
2024-03-26T13:00Z,NL,584,914,3143
2024-03-26T14:00Z,NL,544,858,2363
2024-03-26T15:00Z,NL,535,845,1847
2024-03-26T16:00Z,NL,530,838,1044
2024-03-26T17:00Z,NL,466,747,181
2024-03-26T18:00Z,NL,373,610,0
2024-03-26T19:00Z,NL,424,686,0
2024-03-26T20:00Z,NL,511,812,0
2024-03-26T21:00Z,NL,322,533,0
2024-03-26T22:00Z,NL,225,381,0
2024-03-26T23:00Z,NL,206,349,0
2024-03-27T00:00Z,NL,324,535,0
2024-03-27T01:00Z,NL,476,762,0
2024-03-27T02:00Z,NL,427,691,0
2024-03-27T03:00Z,NL,494,788,0
2024-03-27T04:00Z,NL,372,610,0
2024-03-27T05:00Z,NL,360,591,20
2024-03-27T06:00Z,NL,626,971,521
2024-03-27T07:00Z,NL,480,767,1214
2024-03-27T08:00Z,NL,519,823,2042
2024-03-27T09:00Z,NL,479,766,2814
2024-03-27T10:00Z,NL,477,763,3202
2024-03-27T11:00Z,NL,484,774,3470
2024-03-27T12:00Z,NL,433,700,3584
2024-03-27T13:00Z,NL,336,554,3742
2024-03-27T14:00Z,NL,248,417,3110
2024-03-27T15:00Z,NL,268,449,2119
2024-03-27T16:00Z,NL,250,420,1135
2024-03-27T17:00Z,NL,191,326,191
2024-03-27T18:00Z,NL,223,378,0
2024-03-27T19:00Z,NL,296,493,0
2024-03-27T20:00Z,NL,270,452,0
2024-03-27T21:00Z,NL,222,375,0
2024-03-27T22:00Z,NL,388,633,0
2024-03-27T23:00Z,NL,417,675,0
2024-03-28T00:00Z,NL,393,640,0
2024-03-28T01:00Z,NL,510,810,0
2024-03-28T02:00Z,NL,549,865,0
2024-03-28T03:00Z,NL,588,920,0
2024-03-28T04:00Z,NL,744,1127,0
2024-03-28T05:00Z,NL,877,1293,29
2024-03-28T06:00Z,NL,940,1370,716
2024-03-28T07:00Z,NL,768,1157,1657
2024-03-28T08:00Z,NL,913,1337,2409
2024-03-28T09:00Z,NL,990,1428,3411
2024-03-28T10:00Z,NL,1099,1553,4164
2024-03-28T11:00Z,NL,1556,2025,3787
2024-03-28T12:00Z,NL,1611,2076,3801
2024-03-28T13:00Z,NL,1599,2066,3811
2024-03-28T14:00Z,NL,1323,1794,3114
2024-03-28T15:00Z,NL,2124,2516,2223
2024-03-28T16:00Z,NL,2301,2652,1176
2024-03-28T17:00Z,NL,2209,2582,266
2024-03-28T18:00Z,NL,2933,3081,0
2024-03-28T19:00Z,NL,2722,2946,0
2024-03-28T20:00Z,NL,3013,3130,0
2024-03-28T21:00Z,NL,2461,2768,0
2024-03-28T22:00Z,NL,2879,3048,0
2024-03-28T23:00Z,NL,3675,3498,0
2024-03-29T00:00Z,NL,3354,3328,0
2024-03-29T01:00Z,NL,3688,3504,0
2024-03-29T02:00Z,NL,4168,3734,0
2024-03-29T03:00Z,NL,3562,3440,0
2024-03-29T04:00Z,NL,3484,3399,0
2024-03-29T05:00Z,NL,4494,3875,60
2024-03-29T06:00Z,NL,4776,3990,847
2024-03-29T07:00Z,NL,4797,3998,1802
2024-03-29T08:00Z,NL,4446,3855,2915
2024-03-29T09:00Z,NL,3961,3638,3783
2024-03-29T10:00Z,NL,4191,3744,4122
2024-03-29T11:00Z,NL,3445,3377,4360
2024-03-29T12:00Z,NL,3074,3167,3618
2024-03-29T13:00Z,NL,2628,2884,3215
2024-03-29T14:00Z,NL,2536,2821,2614
2024-03-29T15:00Z,NL,2424,2742,1953
2024-03-29T16:00Z,NL,2310,2658,1173
2024-03-29T17:00Z,NL,2101,2498,252
2024-03-29T18:00Z,NL,2411,2732,0
2024-03-29T19:00Z,NL,2433,2749,0
2024-03-29T20:00Z,NL,1869,2307,0
2024-03-29T21:00Z,NL,2514,2806,0
2024-03-29T22:00Z,NL,3478,3395,0
2024-03-29T23:00Z,NL,3679,3500,0
2024-03-30T00:00Z,NL,4027,3669,0
2024-03-30T01:00Z,NL,4030,3671,0
2024-03-30T02:00Z,NL,3656,3488,0
2024-03-30T03:00Z,NL,3521,3418,0
2024-03-30T04:00Z,NL,3531,3424,0
2024-03-30T05:00Z,NL,3263,3277,101
2024-03-30T06:00Z,NL,3135,3203,985
2024-03-30T07:00Z,NL,2586,2855,1992
2024-03-30T08:00Z,NL,2998,3122,2828
2024-03-30T09:00Z,NL,2401,2725,3917
2024-03-30T10:00Z,NL,2070,2473,4416
2024-03-30T11:00Z,NL,1425,1898,4740
2024-03-30T12:00Z,NL,1162,1623,4661
2024-03-30T13:00Z,NL,1265,1733,4348
2024-03-30T14:00Z,NL,1182,1644,4135
2024-03-30T15:00Z,NL,1810,2256,2872
2024-03-30T16:00Z,NL,3071,3165,1575
2024-03-30T17:00Z,NL,2965,3101,388
2024-03-30T18:00Z,NL,2786,2988,0
2024-03-30T19:00Z,NL,3221,3253,0
2024-03-30T20:00Z,NL,3334,3317,0
2024-03-30T21:00Z,NL,3080,3170,0
2024-03-30T22:00Z,NL,2593,2860,0
2024-03-30T23:00Z,NL,3069,3164,0
2024-03-31T00:00Z,NL,3006,3126,0
2024-03-31T01:00Z,NL,2731,2952,0
2024-03-31T02:00Z,NL,1941,2367,0
2024-03-31T03:00Z,NL,2434,2749,0
2024-03-31T04:00Z,NL,2429,2745,0
2024-03-31T05:00Z,NL,2224,2594,117
2024-03-31T06:00Z,NL,2074,2476,1093
2024-03-31T07:00Z,NL,2622,2880,2011
2024-03-31T08:00Z,NL,2888,3053,3321
2024-03-31T09:00Z,NL,2268,2627,4168
2024-03-31T10:00Z,NL,2604,2867,4483
2024-03-31T11:00Z,NL,2814,3007,5308
2024-03-31T12:00Z,NL,3479,3396,4998
2024-03-31T13:00Z,NL,3256,3273,4646
2024-03-31T14:00Z,NL,2631,2886,3514
2024-03-31T15:00Z,NL,2982,3111,2131
2024-03-31T16:00Z,NL,3357,3329,1292
2024-03-31T17:00Z,NL,3853,3587,366
2024-03-31T18:00Z,NL,3465,3388,0
2024-03-31T19:00Z,NL,2968,3103,0
2024-03-31T20:00Z,NL,2781,2985,0
2024-03-31T21:00Z,NL,2241,2607,0
2024-03-31T22:00Z,NL,2627,2883,0
2024-03-31T23:00Z,NL,2172,2554,0
2024-04-01T00:00Z,NL,2039,2449,0
2024-04-01T01:00Z,NL,2781,2985,0
2024-04-01T02:00Z,NL,3041,3148,0
2024-04-01T03:00Z,NL,3546,3431,0
2024-04-01T04:00Z,NL,3079,3170,0
2024-04-01T05:00Z,NL,2323,2668,126
2024-04-01T06:00Z,NL,2679,2918,904
2024-04-01T07:00Z,NL,3063,3161,1878
2024-04-01T08:00Z,NL,3298,3297,2854
2024-04-01T09:00Z,NL,3392,3348,3165
2024-04-01T10:00Z,NL,3359,3331,3641
2024-04-01T11:00Z,NL,2890,3055,3598
2024-04-01T12:00Z,NL,2194,2571,3559
2024-04-01T13:00Z,NL,2341,2681,2858
2024-04-01T14:00Z,NL,1841,2283,2752
2024-04-01T15:00Z,NL,1994,2412,2025
2024-04-01T16:00Z,NL,2396,2722,1103
2024-04-01T17:00Z,NL,2158,2543,294
2024-04-01T18:00Z,NL,2170,2552,0
2024-04-01T19:00Z,NL,2371,2703,0
2024-04-01T20:00Z,NL,2522,2811,0
2024-04-01T21:00Z,NL,2681,2920,0
2024-04-01T22:00Z,NL,3051,3153,0
2024-04-01T23:00Z,NL,1804,2251,0
2024-04-02T00:00Z,NL,2095,2493,0
2024-04-02T01:00Z,NL,1273,1741,0
2024-04-02T02:00Z,NL,1311,1782,0
2024-04-02T03:00Z,NL,1083,1535,0
2024-04-02T04:00Z,NL,886,1304,0
2024-04-02T05:00Z,NL,974,1410,164
2024-04-02T06:00Z,NL,1444,1916,1050
2024-04-02T07:00Z,NL,1808,2254,2012
2024-04-02T08:00Z,NL,1378,1850,3202
2024-04-02T09:00Z,NL,1581,2048,3866
2024-04-02T10:00Z,NL,1627,2092,4864
2024-04-02T11:00Z,NL,2066,2470,5623
2024-04-02T12:00Z,NL,2134,2524,5024
2024-04-02T13:00Z,NL,2148,2535,4565
2024-04-02T14:00Z,NL,1583,2050,3655
2024-04-02T15:00Z,NL,1208,1673,2710
2024-04-02T16:00Z,NL,996,1435,1551
2024-04-02T17:00Z,NL,1058,1506,436
2024-04-02T18:00Z,NL,908,1330,0
2024-04-02T19:00Z,NL,693,1060,0
2024-04-02T20:00Z,NL,646,998,0
2024-04-02T21:00Z,NL,620,963,0
2024-04-02T22:00Z,NL,381,623,0
2024-04-02T23:00Z,NL,326,539,0
2024-04-03T00:00Z,NL,519,823,0
2024-04-03T01:00Z,NL,640,990,0
2024-04-03T02:00Z,NL,497,792,0
2024-04-03T03:00Z,NL,614,954,0
2024-04-03T04:00Z,NL,454,730,0
2024-04-03T05:00Z,NL,517,821,168
2024-04-03T06:00Z,NL,649,1001,822
2024-04-03T07:00Z,NL,820,1223,1555
2024-04-03T08:00Z,NL,1049,1496,2346
2024-04-03T09:00Z,NL,728,1106,2981
2024-04-03T10:00Z,NL,601,938,3338
2024-04-03T11:00Z,NL,680,1043,3308
2024-04-03T12:00Z,NL,792,1188,2911
2024-04-03T13:00Z,NL,648,1000,2675
2024-04-03T14:00Z,NL,529,837,2481
2024-04-03T15:00Z,NL,545,859,2204
2024-04-03T16:00Z,NL,490,783,1266
2024-04-03T17:00Z,NL,453,729,411
2024-04-03T18:00Z,NL,393,640,0
2024-04-03T19:00Z,NL,426,690,0
2024-04-03T20:00Z,NL,320,530,0
2024-04-03T21:00Z,NL,267,448,0
2024-04-03T22:00Z,NL,370,605,0
2024-04-03T23:00Z,NL,370,606,0
2024-04-04T00:00Z,NL,353,580,0
2024-04-04T01:00Z,NL,339,559,0
2024-04-04T02:00Z,NL,405,658,0
2024-04-04T03:00Z,NL,479,766,0
2024-04-04T04:00Z,NL,373,610,0
2024-04-04T05:00Z,NL,381,623,310
2024-04-04T06:00Z,NL,539,852,1548
2024-04-04T07:00Z,NL,529,838,2692
2024-04-04T08:00Z,NL,546,861,3770
2024-04-04T09:00Z,NL,911,1335,4519
2024-04-04T10:00Z,NL,991,1429,5194
2024-04-04T11:00Z,NL,608,947,5215
2024-04-04T12:00Z,NL,647,999,4684
2024-04-04T13:00Z,NL,577,904,4307
2024-04-04T14:00Z,NL,596,930,3285
2024-04-04T15:00Z,NL,466,747,2363
2024-04-04T16:00Z,NL,559,879,1349
2024-04-04T17:00Z,NL,536,847,396
2024-04-04T18:00Z,NL,549,866,0
2024-04-04T19:00Z,NL,507,807,0
2024-04-04T20:00Z,NL,389,635,0
2024-04-04T21:00Z,NL,507,806,0
2024-04-04T22:00Z,NL,561,882,0
2024-04-04T23:00Z,NL,660,1017,0
2024-04-05T00:00Z,NL,662,1019,0
2024-04-05T01:00Z,NL,540,853,0
2024-04-05T02:00Z,NL,433,700,0
2024-04-05T03:00Z,NL,625,970,0
2024-04-05T04:00Z,NL,652,1006,0
2024-04-05T05:00Z,NL,530,839,339
2024-04-05T06:00Z,NL,641,992,1645
2024-04-05T07:00Z,NL,614,954,3069
2024-04-05T08:00Z,NL,596,930,4749
2024-04-05T09:00Z,NL,674,1035,5684
2024-04-05T10:00Z,NL,1066,1516,6458
2024-04-05T11:00Z,NL,1071,1522,6812
2024-04-05T12:00Z,NL,1243,1710,6896
2024-04-05T13:00Z,NL,1356,1828,6704
2024-04-05T14:00Z,NL,1593,2059,5578
2024-04-05T15:00Z,NL,1528,1998,4119
2024-04-05T16:00Z,NL,1525,1995,2351
2024-04-05T17:00Z,NL,1621,2086,743
2024-04-05T18:00Z,NL,1631,2095,0
2024-04-05T19:00Z,NL,1275,1744,0
2024-04-05T20:00Z,NL,1636,2099,0
2024-04-05T21:00Z,NL,1606,2072,0
2024-04-05T22:00Z,NL,2529,2816,0
2024-04-05T23:00Z,NL,2031,2442,0
2024-04-06T00:00Z,NL,1865,2304,0
2024-04-06T01:00Z,NL,1404,1877,0
2024-04-06T02:00Z,NL,1806,2252,0
2024-04-06T03:00Z,NL,1235,1701,0
2024-04-06T04:00Z,NL,1268,1736,0
2024-04-06T05:00Z,NL,1776,2226,288
2024-04-06T06:00Z,NL,1535,2005,1359
2024-04-06T07:00Z,NL,1724,2180,2309
2024-04-06T08:00Z,NL,1563,2031,3301
2024-04-06T09:00Z,NL,2050,2457,3960
2024-04-06T10:00Z,NL,2649,2898,4313
2024-04-06T11:00Z,NL,2748,2964,5017
2024-04-06T12:00Z,NL,2437,2751,5286
2024-04-06T13:00Z,NL,1980,2400,5012
2024-04-06T14:00Z,NL,1916,2347,4047
2024-04-06T15:00Z,NL,1984,2403,3479
2024-04-06T16:00Z,NL,1435,1907,2041
2024-04-06T17:00Z,NL,1861,2300,672
2024-04-06T18:00Z,NL,1423,1895,0
2024-04-06T19:00Z,NL,1730,2185,0
2024-04-06T20:00Z,NL,1221,1686,0
2024-04-06T21:00Z,NL,886,1304,0
2024-04-06T22:00Z,NL,903,1325,0
2024-04-06T23:00Z,NL,855,1266,0
2024-04-07T00:00Z,NL,509,809,0
2024-04-07T01:00Z,NL,649,1002,0
2024-04-07T02:00Z,NL,350,576,0
2024-04-07T03:00Z,NL,296,493,0
2024-04-07T04:00Z,NL,318,527,0
2024-04-07T05:00Z,NL,326,539,444
2024-04-07T06:00Z,NL,243,410,1906
2024-04-07T07:00Z,NL,272,455,3497
2024-04-07T08:00Z,NL,329,543,5061
2024-04-07T09:00Z,NL,231,390,5767
2024-04-07T10:00Z,NL,270,452,6831
2024-04-07T11:00Z,NL,283,473,7895
2024-04-07T12:00Z,NL,223,378,7465
2024-04-07T13:00Z,NL,350,576,6359
2024-04-07T14:00Z,NL,433,700,5487
2024-04-07T15:00Z,NL,340,560,4202
2024-04-07T16:00Z,NL,353,581,2597
2024-04-07T17:00Z,NL,280,468,900
2024-04-07T18:00Z,NL,293,488,0
2024-04-07T19:00Z,NL,373,611,0
2024-04-07T20:00Z,NL,392,639,0
2024-04-07T21:00Z,NL,422,683,0
2024-04-07T22:00Z,NL,350,576,0
2024-04-07T23:00Z,NL,308,512,0
2024-04-08T00:00Z,NL,209,355,0
2024-04-08T01:00Z,NL,206,349,0
2024-04-08T02:00Z,NL,196,333,0
2024-04-08T03:00Z,NL,177,303,0
2024-04-08T04:00Z,NL,230,389,0
2024-04-08T05:00Z,NL,223,377,472
2024-04-08T06:00Z,NL,261,438,1985
2024-04-08T07:00Z,NL,276,462,3585
2024-04-08T08:00Z,NL,159,273,5090
2024-04-08T09:00Z,NL,165,283,5975
2024-04-08T10:00Z,NL,79,138,6838
2024-04-08T11:00Z,NL,108,188,6932
2024-04-08T12:00Z,NL,112,195,6346
2024-04-08T13:00Z,NL,106,184,5410
2024-04-08T14:00Z,NL,138,238,4512
2024-04-08T15:00Z,NL,103,179,3474
2024-04-08T16:00Z,NL,163,279,2204
2024-04-08T17:00Z,NL,227,384,788
2024-04-08T18:00Z,NL,341,562,0
2024-04-08T19:00Z,NL,406,659,0
2024-04-08T20:00Z,NL,245,412,0
2024-04-08T21:00Z,NL,216,366,0
2024-04-08T22:00Z,NL,262,440,0
2024-04-08T23:00Z,NL,222,375,0
2024-04-09T00:00Z,NL,246,414,0
2024-04-09T01:00Z,NL,272,455,0
2024-04-09T02:00Z,NL,311,515,0
2024-04-09T03:00Z,NL,340,560,0
2024-04-09T04:00Z,NL,217,367,0
2024-04-09T05:00Z,NL,289,481,525
2024-04-09T06:00Z,NL,235,397,1884
2024-04-09T07:00Z,NL,176,301,3724
2024-04-09T08:00Z,NL,251,421,5112
2024-04-09T09:00Z,NL,307,511,6634
2024-04-09T10:00Z,NL,248,417,6983
2024-04-09T11:00Z,NL,384,627,7893
2024-04-09T12:00Z,NL,340,560,7470
2024-04-09T13:00Z,NL,410,665,6617
2024-04-09T14:00Z,NL,431,697,6109
2024-04-09T15:00Z,NL,259,435,4286
2024-04-09T16:00Z,NL,254,426,2341
2024-04-09T17:00Z,NL,267,447,865
2024-04-09T18:00Z,NL,324,535,0
2024-04-09T19:00Z,NL,450,724,0
2024-04-09T20:00Z,NL,446,718,0
2024-04-09T21:00Z,NL,439,709,0
2024-04-09T22:00Z,NL,387,632,0
2024-04-09T23:00Z,NL,453,728,0
2024-04-10T00:00Z,NL,309,513,0
2024-04-10T01:00Z,NL,613,954,0
2024-04-10T02:00Z,NL,615,956,0
2024-04-10T03:00Z,NL,796,1193,0
2024-04-10T04:00Z,NL,999,1438,0
2024-04-10T05:00Z,NL,1016,1459,333
2024-04-10T06:00Z,NL,1047,1494,1170
2024-04-10T07:00Z,NL,832,1238,2022
2024-04-10T08:00Z,NL,1190,1653,2953
2024-04-10T09:00Z,NL,1501,1972,3962
2024-04-10T10:00Z,NL,1569,2037,4647
2024-04-10T11:00Z,NL,1651,2114,4917
2024-04-10T12:00Z,NL,1784,2233,4685
2024-04-10T13:00Z,NL,2049,2456,4444
2024-04-10T14:00Z,NL,2181,2561,3928
2024-04-10T15:00Z,NL,2306,2655,2952
2024-04-10T16:00Z,NL,2848,3028,1741
2024-04-10T17:00Z,NL,2682,2920,732
2024-04-10T18:00Z,NL,2682,2920,0
2024-04-10T19:00Z,NL,2617,2876,0
2024-04-10T20:00Z,NL,2437,2751,0
2024-04-10T21:00Z,NL,2136,2525,0
2024-04-10T22:00Z,NL,2564,2841,0
2024-04-10T23:00Z,NL,2244,2609,0
2024-04-11T00:00Z,NL,1686,2146,0
2024-04-11T01:00Z,NL,1636,2099,0
2024-04-11T02:00Z,NL,1990,2408,0
2024-04-11T03:00Z,NL,2286,2640,0
2024-04-11T04:00Z,NL,2555,2834,0
2024-04-11T05:00Z,NL,2894,3057,583
2024-04-11T06:00Z,NL,2666,2910,1811
2024-04-11T07:00Z,NL,2291,2645,3248
2024-04-11T08:00Z,NL,1658,2120,4613
2024-04-11T09:00Z,NL,1109,1564,5490
2024-04-11T10:00Z,NL,1211,1676,5293
2024-04-11T11:00Z,NL,1130,1588,5695
2024-04-11T12:00Z,NL,1331,1802,5320
2024-04-11T13:00Z,NL,2052,2459,5051
2024-04-11T14:00Z,NL,2527,2815,4155
2024-04-11T15:00Z,NL,2363,2697,3148
2024-04-11T16:00Z,NL,2378,2709,2007
2024-04-11T17:00Z,NL,2452,2762,767
2024-04-11T18:00Z,NL,2500,2796,0
2024-04-11T19:00Z,NL,2614,2875,0
2024-04-11T20:00Z,NL,2884,3051,0
2024-04-11T21:00Z,NL,2873,3044,0
2024-04-11T22:00Z,NL,2460,2768,0
2024-04-11T23:00Z,NL,2310,2658,0
2024-04-12T00:00Z,NL,2589,2857,0
2024-04-12T01:00Z,NL,2730,2952,0
2024-04-12T02:00Z,NL,2740,2958,0
2024-04-12T03:00Z,NL,2756,2969,0
2024-04-12T04:00Z,NL,2934,3082,0
2024-04-12T05:00Z,NL,3209,3246,628
2024-04-12T06:00Z,NL,3017,3133,1927
2024-04-12T07:00Z,NL,2734,2955,3536
2024-04-12T08:00Z,NL,2498,2794,4881
2024-04-12T09:00Z,NL,2713,2940,5996
2024-04-12T10:00Z,NL,2139,2528,6948
2024-04-12T11:00Z,NL,1977,2398,6662
2024-04-12T12:00Z,NL,2691,2926,6043
2024-04-12T13:00Z,NL,2926,3077,5655
2024-04-12T14:00Z,NL,2413,2734,4790
2024-04-12T15:00Z,NL,2348,2687,3331
2024-04-12T16:00Z,NL,2562,2839,1994
2024-04-12T17:00Z,NL,2415,2736,770
2024-04-12T18:00Z,NL,2838,3022,0
2024-04-12T19:00Z,NL,2773,2980,0
2024-04-12T20:00Z,NL,2917,3071,0
2024-04-12T21:00Z,NL,2672,2913,0
2024-04-12T22:00Z,NL,2625,2882,0
2024-04-12T23:00Z,NL,3411,3359,0
2024-04-13T00:00Z,NL,2972,3106,0
2024-04-13T01:00Z,NL,2973,3106,0
2024-04-13T02:00Z,NL,2479,2781,0
2024-04-13T03:00Z,NL,2075,2477,0
2024-04-13T04:00Z,NL,1880,2316,0
2024-04-13T05:00Z,NL,1602,2068,627
2024-04-13T06:00Z,NL,1864,2303,1726
2024-04-13T07:00Z,NL,2035,2445,2941
2024-04-13T08:00Z,NL,1375,1847,3726
2024-04-13T09:00Z,NL,1447,1919,4231
2024-04-13T10:00Z,NL,1639,2102,4457
2024-04-13T11:00Z,NL,1566,2034,4651
2024-04-13T12:00Z,NL,1430,1902,4963
2024-04-13T13:00Z,NL,1320,1791,4430
2024-04-13T14:00Z,NL,1391,1863,3498
2024-04-13T15:00Z,NL,1112,1567,2809
2024-04-13T16:00Z,NL,936,1365,1713
2024-04-13T17:00Z,NL,797,1194,858
2024-04-13T18:00Z,NL,678,1040,0
2024-04-13T19:00Z,NL,702,1072,0
2024-04-13T20:00Z,NL,645,996,0
2024-04-13T21:00Z,NL,932,1359,0
2024-04-13T22:00Z,NL,1074,1525,0
2024-04-13T23:00Z,NL,1216,1682,0
2024-04-14T00:00Z,NL,1079,1530,0
2024-04-14T01:00Z,NL,921,1346,0
2024-04-14T02:00Z,NL,723,1100,0
2024-04-14T03:00Z,NL,764,1152,0
2024-04-14T04:00Z,NL,1123,1580,0
2024-04-14T05:00Z,NL,1515,1986,584
2024-04-14T06:00Z,NL,1422,1894,1939
2024-04-14T07:00Z,NL,2070,2473,3093
2024-04-14T08:00Z,NL,1438,1910,4396
2024-04-14T09:00Z,NL,1577,2045,5038
2024-04-14T10:00Z,NL,1463,1935,5577
2024-04-14T11:00Z,NL,1332,1804,5634
2024-04-14T12:00Z,NL,1267,1735,5569
2024-04-14T13:00Z,NL,1534,2003,5216
2024-04-14T14:00Z,NL,1072,1523,5254
2024-04-14T15:00Z,NL,927,1354,3517
2024-04-14T16:00Z,NL,716,1090,2214
2024-04-14T17:00Z,NL,627,972,995
2024-04-14T18:00Z,NL,482,771,0
2024-04-14T19:00Z,NL,533,843,0
2024-04-14T20:00Z,NL,449,723,0
2024-04-14T21:00Z,NL,439,708,0
2024-04-14T22:00Z,NL,361,592,0
2024-04-14T23:00Z,NL,368,603,0
2024-04-15T00:00Z,NL,335,553,0
2024-04-15T01:00Z,NL,334,552,0
2024-04-15T02:00Z,NL,371,608,0
2024-04-15T03:00Z,NL,750,1134,0
2024-04-15T04:00Z,NL,1175,1637,0
2024-04-15T05:00Z,NL,1566,2034,623
2024-04-15T06:00Z,NL,1807,2253,1745
2024-04-15T07:00Z,NL,2115,2509,2680
2024-04-15T08:00Z,NL,2542,2825,3583
2024-04-15T09:00Z,NL,2663,2907,4992
2024-04-15T10:00Z,NL,2800,2997,5596
2024-04-15T11:00Z,NL,3458,3384,6308
2024-04-15T12:00Z,NL,3305,3300,5709
2024-04-15T13:00Z,NL,2906,3065,5229
2024-04-15T14:00Z,NL,3382,3343,4753
2024-04-15T15:00Z,NL,3326,3312,3529
2024-04-15T16:00Z,NL,2880,3048,2088
2024-04-15T17:00Z,NL,3026,3138,892
2024-04-15T18:00Z,NL,2499,2795,1
2024-04-15T19:00Z,NL,3238,3263,0
2024-04-15T20:00Z,NL,3258,3274,0
2024-04-15T21:00Z,NL,3751,3536,0
2024-04-15T22:00Z,NL,3244,3266,0
2024-04-15T23:00Z,NL,3139,3205,0
2024-04-16T00:00Z,NL,3509,3412,0
2024-04-16T01:00Z,NL,3415,3361,0
2024-04-16T02:00Z,NL,3324,3311,0
2024-04-16T03:00Z,NL,3608,3464,0
2024-04-16T04:00Z,NL,3559,3438,0
2024-04-16T05:00Z,NL,3747,3534,589
2024-04-16T06:00Z,NL,3613,3466,1511
2024-04-16T07:00Z,NL,3782,3552,2844
2024-04-16T08:00Z,NL,3538,3427,3629
2024-04-16T09:00Z,NL,3293,3294,4222
2024-04-16T10:00Z,NL,3237,3262,5051
2024-04-16T11:00Z,NL,3730,3526,5752
2024-04-16T12:00Z,NL,4311,3797,5797
2024-04-16T13:00Z,NL,4253,3772,5115
2024-04-16T14:00Z,NL,4508,3881,4244
2024-04-16T15:00Z,NL,3735,3528,3202
2024-04-16T16:00Z,NL,3878,3599,1971
2024-04-16T17:00Z,NL,3793,3557,921
2024-04-16T18:00Z,NL,3709,3515,16
2024-04-16T19:00Z,NL,3330,3314,0
2024-04-16T20:00Z,NL,3888,3603,0
2024-04-16T21:00Z,NL,3581,3450,0
2024-04-16T22:00Z,NL,3359,3330,0
2024-04-16T23:00Z,NL,3563,3440,0
2024-04-17T00:00Z,NL,3723,3522,0
2024-04-17T01:00Z,NL,3653,3487,0
2024-04-17T02:00Z,NL,4175,3737,0
2024-04-17T03:00Z,NL,4600,3919,0
2024-04-17T04:00Z,NL,4440,3853,0
2024-04-17T05:00Z,NL,4445,3855,821
2024-04-17T06:00Z,NL,4432,3849,2117
2024-04-17T07:00Z,NL,4608,3922,3548
2024-04-17T08:00Z,NL,4464,3863,4894
2024-04-17T09:00Z,NL,4333,3807,6001
2024-04-17T10:00Z,NL,4408,3839,6862
2024-04-17T11:00Z,NL,4202,3749,7337
2024-04-17T12:00Z,NL,3946,3631,7108
2024-04-17T13:00Z,NL,3802,3561,6810
2024-04-17T14:00Z,NL,3547,3432,5844
2024-04-17T15:00Z,NL,3545,3431,4407
2024-04-17T16:00Z,NL,2903,3063,2724
2024-04-17T17:00Z,NL,2801,2998,1278
2024-04-17T18:00Z,NL,3019,3134,46
2024-04-17T19:00Z,NL,3476,3394,0
2024-04-17T20:00Z,NL,3231,3259,0
2024-04-17T21:00Z,NL,3213,3248,0
2024-04-17T22:00Z,NL,3185,3232,0
2024-04-17T23:00Z,NL,2790,2991,0
2024-04-18T00:00Z,NL,2965,3101,0
2024-04-18T01:00Z,NL,2656,2903,0
2024-04-18T02:00Z,NL,2945,3089,0
2024-04-18T03:00Z,NL,2591,2859,0
2024-04-18T04:00Z,NL,2791,2992,0
2024-04-18T05:00Z,NL,2313,2661,650
2024-04-18T06:00Z,NL,2423,2741,1756
2024-04-18T07:00Z,NL,2335,2677,2832
2024-04-18T08:00Z,NL,2183,2563,3734
2024-04-18T09:00Z,NL,2340,2681,4610
2024-04-18T10:00Z,NL,2687,2923,5234
2024-04-18T11:00Z,NL,3258,3274,5663
2024-04-18T12:00Z,NL,3238,3263,6414
2024-04-18T13:00Z,NL,3939,3628,5458
2024-04-18T14:00Z,NL,3629,3474,4328
2024-04-18T15:00Z,NL,3138,3205,3674
2024-04-18T16:00Z,NL,2419,2739,2323
2024-04-18T17:00Z,NL,2753,2967,1005
2024-04-18T18:00Z,NL,1870,2308,51
2024-04-18T19:00Z,NL,1894,2328,0
2024-04-18T20:00Z,NL,2510,2803,0
2024-04-18T21:00Z,NL,2514,2806,0
2024-04-18T22:00Z,NL,2098,2495,0
2024-04-18T23:00Z,NL,2619,2878,0
2024-04-19T00:00Z,NL,2419,2738,0
2024-04-19T01:00Z,NL,2509,2802,0
2024-04-19T02:00Z,NL,2129,2520,0
2024-04-19T03:00Z,NL,2457,2765,0
2024-04-19T04:00Z,NL,2971,3105,0
2024-04-19T05:00Z,NL,2568,2843,644
2024-04-19T06:00Z,NL,2493,2791,1677
2024-04-19T07:00Z,NL,2254,2617,3028
2024-04-19T08:00Z,NL,2220,2590,3810
2024-04-19T09:00Z,NL,2317,2663,4989
2024-04-19T10:00Z,NL,1939,2366,5037
2024-04-19T11:00Z,NL,1901,2334,4697
2024-04-19T12:00Z,NL,2254,2617,3692
2024-04-19T13:00Z,NL,1693,2152,3890
2024-04-19T14:00Z,NL,1619,2084,3796
2024-04-19T15:00Z,NL,1474,1946,2631
2024-04-19T16:00Z,NL,1338,1809,1639
2024-04-19T17:00Z,NL,1465,1937,706
2024-04-19T18:00Z,NL,1099,1553,59
2024-04-19T19:00Z,NL,1055,1503,0
2024-04-19T20:00Z,NL,974,1410,0
2024-04-19T21:00Z,NL,1069,1519,0
2024-04-19T22:00Z,NL,570,894,0
2024-04-19T23:00Z,NL,806,1206,0
2024-04-20T00:00Z,NL,657,1012,0
2024-04-20T01:00Z,NL,786,1181,0
2024-04-20T02:00Z,NL,570,894,0
2024-04-20T03:00Z,NL,651,1004,0
2024-04-20T04:00Z,NL,693,1061,0
2024-04-20T05:00Z,NL,969,1404,1026
2024-04-20T06:00Z,NL,1021,1464,2574
2024-04-20T07:00Z,NL,1265,1733,3995
2024-04-20T08:00Z,NL,1127,1584,5537
2024-04-20T09:00Z,NL,975,1411,6646
2024-04-20T10:00Z,NL,778,1170,7277
2024-04-20T11:00Z,NL,765,1154,7401
2024-04-20T12:00Z,NL,1053,1501,7334
2024-04-20T13:00Z,NL,1468,1940,6636
2024-04-20T14:00Z,NL,2012,2426,5580
2024-04-20T15:00Z,NL,2007,2422,4371
2024-04-20T16:00Z,NL,2231,2599,2841
2024-04-20T17:00Z,NL,2142,2530,1341
2024-04-20T18:00Z,NL,2194,2571,142
2024-04-20T19:00Z,NL,1993,2411,0
2024-04-20T20:00Z,NL,1349,1820,0
2024-04-20T21:00Z,NL,1535,2005,0
2024-04-20T22:00Z,NL,1166,1627,0
2024-04-20T23:00Z,NL,1368,1840,0
2024-04-21T00:00Z,NL,1221,1687,0
2024-04-21T01:00Z,NL,1710,2167,0
2024-04-21T02:00Z,NL,1878,2314,0
2024-04-21T03:00Z,NL,1502,1973,0
2024-04-21T04:00Z,NL,1748,2201,0
2024-04-21T05:00Z,NL,1688,2147,753
2024-04-21T06:00Z,NL,2356,2693,1678
2024-04-21T07:00Z,NL,2950,3092,2728
2024-04-21T08:00Z,NL,2324,2669,3275
2024-04-21T09:00Z,NL,1882,2318,3983
2024-04-21T10:00Z,NL,1588,2055,3688
2024-04-21T11:00Z,NL,1603,2069,4092
2024-04-21T12:00Z,NL,1462,1933,4232
2024-04-21T13:00Z,NL,1663,2124,3925
2024-04-21T14:00Z,NL,1394,1866,3369
2024-04-21T15:00Z,NL,1577,2045,2936
2024-04-21T16:00Z,NL,1321,1792,1723
2024-04-21T17:00Z,NL,1311,1781,770
2024-04-21T18:00Z,NL,1494,1965,85
2024-04-21T19:00Z,NL,1331,1802,0
2024-04-21T20:00Z,NL,1314,1785,0
2024-04-21T21:00Z,NL,1394,1866,0
2024-04-21T22:00Z,NL,1437,1909,0
2024-04-21T23:00Z,NL,1291,1761,0
2024-04-22T00:00Z,NL,1650,2112,0
2024-04-22T01:00Z,NL,1117,1574,0
2024-04-22T02:00Z,NL,1039,1485,0
2024-04-22T03:00Z,NL,1010,1452,0
2024-04-22T04:00Z,NL,835,1241,0
2024-04-22T05:00Z,NL,1277,1746,662
2024-04-22T06:00Z,NL,1682,2142,1714
2024-04-22T07:00Z,NL,951,1382,2535
2024-04-22T08:00Z,NL,1109,1564,3204
2024-04-22T09:00Z,NL,1125,1582,4061
2024-04-22T10:00Z,NL,1121,1577,5055
2024-04-22T11:00Z,NL,1086,1538,5438
2024-04-22T12:00Z,NL,1345,1817,5276
2024-04-22T13:00Z,NL,1288,1757,4808
2024-04-22T14:00Z,NL,1278,1747,4294
2024-04-22T15:00Z,NL,1044,1490,3047
2024-04-22T16:00Z,NL,1021,1464,1934
2024-04-22T17:00Z,NL,685,1050,1027
2024-04-22T18:00Z,NL,498,793,131
2024-04-22T19:00Z,NL,560,880,0
2024-04-22T20:00Z,NL,438,707,0
2024-04-22T21:00Z,NL,455,732,0
2024-04-22T22:00Z,NL,652,1005,0
2024-04-22T23:00Z,NL,547,862,0
2024-04-23T00:00Z,NL,598,932,0
2024-04-23T01:00Z,NL,743,1125,0
2024-04-23T02:00Z,NL,975,1411,0
2024-04-23T03:00Z,NL,841,1249,0
2024-04-23T04:00Z,NL,745,1128,0
2024-04-23T05:00Z,NL,824,1228,675
2024-04-23T06:00Z,NL,987,1424,1759
2024-04-23T07:00Z,NL,1170,1631,3079
2024-04-23T08:00Z,NL,1355,1826,3697
2024-04-23T09:00Z,NL,919,1344,4705
2024-04-23T10:00Z,NL,857,1269,5260
2024-04-23T11:00Z,NL,990,1428,5452
2024-04-23T12:00Z,NL,801,1199,5383
2024-04-23T13:00Z,NL,838,1245,5195
2024-04-23T14:00Z,NL,637,986,3913
2024-04-23T15:00Z,NL,608,946,2959
2024-04-23T16:00Z,NL,593,926,1876
2024-04-23T17:00Z,NL,787,1182,1070
2024-04-23T18:00Z,NL,847,1257,151
2024-04-23T19:00Z,NL,742,1124,0
2024-04-23T20:00Z,NL,624,969,0
2024-04-23T21:00Z,NL,636,984,0
2024-04-23T22:00Z,NL,678,1041,0
2024-04-23T23:00Z,NL,832,1237,0
2024-04-24T00:00Z,NL,921,1346,0
2024-04-24T01:00Z,NL,869,1283,0
2024-04-24T02:00Z,NL,696,1065,0
2024-04-24T03:00Z,NL,774,1165,0
2024-04-24T04:00Z,NL,880,1297,1
2024-04-24T05:00Z,NL,944,1374,816
2024-04-24T06:00Z,NL,1084,1537,1803
2024-04-24T07:00Z,NL,1058,1507,3018
2024-04-24T08:00Z,NL,1406,1878,3743
2024-04-24T09:00Z,NL,1173,1635,4495
2024-04-24T10:00Z,NL,1081,1533,5035
2024-04-24T11:00Z,NL,997,1436,5535
2024-04-24T12:00Z,NL,1174,1636,5564
2024-04-24T13:00Z,NL,1016,1458,5077
2024-04-24T14:00Z,NL,1323,1794,4807
2024-04-24T15:00Z,NL,1351,1822,3742
2024-04-24T16:00Z,NL,1319,1789,2226
2024-04-24T17:00Z,NL,1164,1625,1109
2024-04-24T18:00Z,NL,1466,1938,152
2024-04-24T19:00Z,NL,1330,1801,0
2024-04-24T20:00Z,NL,806,1205,0
2024-04-24T21:00Z,NL,803,1201,0
2024-04-24T22:00Z,NL,990,1428,0
2024-04-24T23:00Z,NL,1107,1562,0
2024-04-25T00:00Z,NL,821,1224,0
2024-04-25T01:00Z,NL,853,1264,0
2024-04-25T02:00Z,NL,1049,1497,0
2024-04-25T03:00Z,NL,1218,1683,0
2024-04-25T04:00Z,NL,1197,1661,15
2024-04-25T05:00Z,NL,1259,1727,856
2024-04-25T06:00Z,NL,1405,1877,2045
2024-04-25T07:00Z,NL,1743,2197,2939
2024-04-25T08:00Z,NL,2447,2758,3981
2024-04-25T09:00Z,NL,2425,2743,5365
2024-04-25T10:00Z,NL,2129,2520,6595
2024-04-25T11:00Z,NL,1760,2212,6357
2024-04-25T12:00Z,NL,2040,2449,5864
2024-04-25T13:00Z,NL,2107,2503,5160
2024-04-25T14:00Z,NL,1516,1986,4183
2024-04-25T15:00Z,NL,1390,1862,3353
2024-04-25T16:00Z,NL,1244,1711,2309
2024-04-25T17:00Z,NL,950,1381,978
2024-04-25T18:00Z,NL,829,1234,170
2024-04-25T19:00Z,NL,567,890,0
2024-04-25T20:00Z,NL,651,1005,0
2024-04-25T21:00Z,NL,717,1092,0
2024-04-25T22:00Z,NL,1004,1445,0
2024-04-25T23:00Z,NL,1214,1680,0
2024-04-26T00:00Z,NL,1419,1891,0
2024-04-26T01:00Z,NL,1267,1735,0
2024-04-26T02:00Z,NL,1058,1506,0
2024-04-26T03:00Z,NL,1310,1781,0
2024-04-26T04:00Z,NL,1887,2322,26
2024-04-26T05:00Z,NL,2844,3026,735
2024-04-26T06:00Z,NL,2654,2902,1481
2024-04-26T07:00Z,NL,2872,3044,2267
2024-04-26T08:00Z,NL,2629,2884,3038
2024-04-26T09:00Z,NL,2594,2861,3538
2024-04-26T10:00Z,NL,2749,2964,4009
2024-04-26T11:00Z,NL,2966,3102,4468
2024-04-26T12:00Z,NL,2798,2996,4284
2024-04-26T13:00Z,NL,2843,3025,3537
2024-04-26T14:00Z,NL,3919,3618,3260
2024-04-26T15:00Z,NL,3666,3493,2539
2024-04-26T16:00Z,NL,2969,3104,1737
2024-04-26T17:00Z,NL,3380,3342,861
2024-04-26T18:00Z,NL,3268,3280,183
2024-04-26T19:00Z,NL,2694,2928,0
2024-04-26T20:00Z,NL,2763,2974,0
2024-04-26T21:00Z,NL,2666,2910,0
2024-04-26T22:00Z,NL,2401,2725,0
2024-04-26T23:00Z,NL,2338,2679,0
2024-04-27T00:00Z,NL,1797,2245,0
2024-04-27T01:00Z,NL,1573,2040,0
2024-04-27T02:00Z,NL,1633,2097,0
2024-04-27T03:00Z,NL,1820,2265,0
2024-04-27T04:00Z,NL,2221,2592,27
2024-04-27T05:00Z,NL,1760,2212,516
2024-04-27T06:00Z,NL,2116,2510,1142
2024-04-27T07:00Z,NL,2637,2890,1820
2024-04-27T08:00Z,NL,2724,2948,2358
2024-04-27T09:00Z,NL,3100,3182,3255
2024-04-27T10:00Z,NL,2734,2954,3655
2024-04-27T11:00Z,NL,2816,3008,3669
2024-04-27T12:00Z,NL,2310,2658,3739
2024-04-27T13:00Z,NL,2292,2645,3427
2024-04-27T14:00Z,NL,2686,2923,2512
2024-04-27T15:00Z,NL,2032,2443,1949
2024-04-27T16:00Z,NL,1936,2364,1655
2024-04-27T17:00Z,NL,1907,2339,742
2024-04-27T18:00Z,NL,2273,2631,162
2024-04-27T19:00Z,NL,2735,2956,0
2024-04-27T20:00Z,NL,3393,3349,0
2024-04-27T21:00Z,NL,3402,3354,0
2024-04-27T22:00Z,NL,3596,3457,0
2024-04-27T23:00Z,NL,4061,3685,0
2024-04-28T00:00Z,NL,3605,3462,0
2024-04-28T01:00Z,NL,3399,3353,0
2024-04-28T02:00Z,NL,3444,3377,0
2024-04-28T03:00Z,NL,3715,3518,0
2024-04-28T04:00Z,NL,3550,3433,83
2024-04-28T05:00Z,NL,3290,3292,1205
2024-04-28T06:00Z,NL,3372,3337,2421
2024-04-28T07:00Z,NL,3368,3336,3632
2024-04-28T08:00Z,NL,3277,3285,4920
2024-04-28T09:00Z,NL,2773,2980,6076
2024-04-28T10:00Z,NL,2103,2499,6970
2024-04-28T11:00Z,NL,1737,2191,7981
2024-04-28T12:00Z,NL,2039,2449,7745
2024-04-28T13:00Z,NL,2122,2515,6917
2024-04-28T14:00Z,NL,2098,2495,5893
2024-04-28T15:00Z,NL,1470,1942,4666
2024-04-28T16:00Z,NL,1350,1821,3163
2024-04-28T17:00Z,NL,1343,1815,1627
2024-04-28T18:00Z,NL,1004,1445,367
2024-04-28T19:00Z,NL,1203,1668,0
2024-04-28T20:00Z,NL,1408,1881,0
2024-04-28T21:00Z,NL,1293,1763,0
2024-04-28T22:00Z,NL,1614,2079,0
2024-04-28T23:00Z,NL,1646,2109,0
2024-04-29T00:00Z,NL,1835,2277,0
2024-04-29T01:00Z,NL,1720,2176,0
2024-04-29T02:00Z,NL,1641,2104,0
2024-04-29T03:00Z,NL,1842,2283,0
2024-04-29T04:00Z,NL,1547,2016,139
2024-04-29T05:00Z,NL,1570,2038,1479
2024-04-29T06:00Z,NL,1765,2216,3118
2024-04-29T07:00Z,NL,2127,2518,4761
2024-04-29T08:00Z,NL,2891,3055,6060
2024-04-29T09:00Z,NL,3024,3137,7537
2024-04-29T10:00Z,NL,3626,3473,8690
2024-04-29T11:00Z,NL,2980,3111,8377
2024-04-29T12:00Z,NL,2714,2942,8628
2024-04-29T13:00Z,NL,2053,2460,8224
2024-04-29T14:00Z,NL,2766,2975,6611
2024-04-29T15:00Z,NL,2448,2759,5145
2024-04-29T16:00Z,NL,2362,2697,3549
2024-04-29T17:00Z,NL,2521,2811,1799
2024-04-29T18:00Z,NL,2471,2776,454
2024-04-29T19:00Z,NL,2307,2656,0
2024-04-29T20:00Z,NL,1722,2178,0
2024-04-29T21:00Z,NL,1656,2118,0
2024-04-29T22:00Z,NL,1388,1860,0
2024-04-29T23:00Z,NL,1249,1716,0
2024-04-30T00:00Z,NL,1148,1607,0
2024-04-30T01:00Z,NL,1327,1798,0
2024-04-30T02:00Z,NL,1295,1765,0
2024-04-30T03:00Z,NL,1283,1752,0
2024-04-30T04:00Z,NL,1634,2097,197
2024-04-30T05:00Z,NL,1217,1682,1818
2024-04-30T06:00Z,NL,1416,1888,3726
2024-04-30T07:00Z,NL,1737,2192,5751
2024-04-30T08:00Z,NL,1582,2049,7571
2024-04-30T09:00Z,NL,1274,1743,9051
2024-04-30T10:00Z,NL,1479,1951,10156
2024-04-30T11:00Z,NL,1350,1822,11378
2024-04-30T12:00Z,NL,1151,1611,10773
2024-04-30T13:00Z,NL,783,1177,10325
2024-04-30T14:00Z,NL,975,1411,9319
2024-04-30T15:00Z,NL,1071,1522,7066
2024-04-30T16:00Z,NL,1647,2110,4785
2024-04-30T17:00Z,NL,1486,1957,2439
2024-04-30T18:00Z,NL,1371,1843,597
2024-04-30T19:00Z,NL,1459,1930,0
2024-04-30T20:00Z,NL,1367,1839,0
2024-04-30T21:00Z,NL,1006,1447,0
2024-04-30T22:00Z,NL,434,701,0
2024-04-30T23:00Z,NL,557,876,0
2024-05-01T00:00Z,NL,744,1127,0
2024-05-01T01:00Z,NL,959,1392,0
2024-05-01T02:00Z,NL,883,1301,0
2024-05-01T03:00Z,NL,1108,1563,0
2024-05-01T04:00Z,NL,1285,1754,240
2024-05-01T05:00Z,NL,1599,2065,2009
2024-05-01T06:00Z,NL,1608,2074,4280
2024-05-01T07:00Z,NL,1437,1909,6437
2024-05-01T08:00Z,NL,915,1339,8474
2024-05-01T09:00Z,NL,774,1165,9595
2024-05-01T10:00Z,NL,980,1417,11155
2024-05-01T11:00Z,NL,1222,1688,11705
2024-05-01T12:00Z,NL,1180,1642,11561
2024-05-01T13:00Z,NL,769,1159,10634
2024-05-01T14:00Z,NL,610,950,8979
2024-05-01T15:00Z,NL,614,954,7142
2024-05-01T16:00Z,NL,854,1265,4899
2024-05-01T17:00Z,NL,1475,1946,2510
2024-05-01T18:00Z,NL,1070,1521,669
2024-05-01T19:00Z,NL,1037,1483,0
2024-05-01T20:00Z,NL,859,1271,0
2024-05-01T21:00Z,NL,834,1241,0
2024-05-01T22:00Z,NL,935,1364,0
2024-05-01T23:00Z,NL,639,989,0
2024-05-02T00:00Z,NL,792,1187,0
2024-05-02T01:00Z,NL,827,1232,0
2024-05-02T02:00Z,NL,505,803,0
2024-05-02T03:00Z,NL,533,843,0
2024-05-02T04:00Z,NL,641,991,258
2024-05-02T05:00Z,NL,653,1007,1852
2024-05-02T06:00Z,NL,639,989,3549
2024-05-02T07:00Z,NL,969,1404,5352
2024-05-02T08:00Z,NL,903,1325,7320
2024-05-02T09:00Z,NL,979,1415,8839
2024-05-02T10:00Z,NL,1506,1977,10069
2024-05-02T11:00Z,NL,1896,2330,10984
2024-05-02T12:00Z,NL,1544,2013,10581
2024-05-02T13:00Z,NL,1390,1862,9311
2024-05-02T14:00Z,NL,1526,1996,7512
2024-05-02T15:00Z,NL,1303,1774,6250
2024-05-02T16:00Z,NL,1185,1647,4313
2024-05-02T17:00Z,NL,1416,1888,2378
2024-05-02T18:00Z,NL,2056,2462,644
2024-05-02T19:00Z,NL,2549,2830,0
2024-05-02T20:00Z,NL,2816,3008,0
2024-05-02T21:00Z,NL,2728,2951,0
2024-05-02T22:00Z,NL,2525,2814,0
2024-05-02T23:00Z,NL,2074,2476,0
2024-05-03T00:00Z,NL,2201,2576,0
2024-05-03T01:00Z,NL,2253,2616,0
2024-05-03T02:00Z,NL,2882,3050,0
2024-05-03T03:00Z,NL,2347,2686,0
2024-05-03T04:00Z,NL,2571,2845,127
2024-05-03T05:00Z,NL,2480,2782,841
2024-05-03T06:00Z,NL,2825,3014,1755
2024-05-03T07:00Z,NL,2840,3023,2649
2024-05-03T08:00Z,NL,3071,3165,3723
2024-05-03T09:00Z,NL,2651,2899,5069
2024-05-03T10:00Z,NL,2244,2609,5218
2024-05-03T11:00Z,NL,2648,2897,5536
2024-05-03T12:00Z,NL,2526,2814,5314
2024-05-03T13:00Z,NL,2956,3096,5634
2024-05-03T14:00Z,NL,2944,3089,5478
2024-05-03T15:00Z,NL,2624,2881,4371
2024-05-03T16:00Z,NL,3180,3229,2822
2024-05-03T17:00Z,NL,3367,3335,1481
2024-05-03T18:00Z,NL,3286,3290,436
2024-05-03T19:00Z,NL,3035,3144,0
2024-05-03T20:00Z,NL,3343,3322,0
2024-05-03T21:00Z,NL,3560,3438,0
2024-05-03T22:00Z,NL,3437,3373,0
2024-05-03T23:00Z,NL,3232,3259,0
2024-05-04T00:00Z,NL,2945,3089,0
2024-05-04T01:00Z,NL,2042,2450,0
2024-05-04T02:00Z,NL,1389,1861,0
2024-05-04T03:00Z,NL,1157,1617,0
2024-05-04T04:00Z,NL,834,1241,324
2024-05-04T05:00Z,NL,899,1320,1921
2024-05-04T06:00Z,NL,939,1368,3690
2024-05-04T07:00Z,NL,1026,1470,5448
2024-05-04T08:00Z,NL,1258,1726,7381
2024-05-04T09:00Z,NL,1379,1851,9218
2024-05-04T10:00Z,NL,1491,1963,10947
2024-05-04T11:00Z,NL,2033,2444,11126
2024-05-04T12:00Z,NL,1988,2406,10069
2024-05-04T13:00Z,NL,1959,2383,9126
2024-05-04T14:00Z,NL,2232,2600,7809
2024-05-04T15:00Z,NL,2176,2557,5705
2024-05-04T16:00Z,NL,2142,2530,3912
2024-05-04T17:00Z,NL,1899,2332,2083
2024-05-04T18:00Z,NL,2097,2494,618
2024-05-04T19:00Z,NL,2704,2935,0
2024-05-04T20:00Z,NL,2416,2736,0
2024-05-04T21:00Z,NL,2294,2647,0
2024-05-04T22:00Z,NL,2129,2520,0
2024-05-04T23:00Z,NL,1723,2179,0
2024-05-05T00:00Z,NL,1640,2103,0
2024-05-05T01:00Z,NL,1171,1633,0
2024-05-05T02:00Z,NL,1266,1734,0
2024-05-05T03:00Z,NL,1447,1919,0
2024-05-05T04:00Z,NL,1624,2088,337
2024-05-05T05:00Z,NL,1533,2003,1926
2024-05-05T06:00Z,NL,1427,1899,3920
2024-05-05T07:00Z,NL,1208,1673,6065
2024-05-05T08:00Z,NL,1209,1674,7965
2024-05-05T09:00Z,NL,1074,1525,9007
2024-05-05T10:00Z,NL,1082,1534,9232
2024-05-05T11:00Z,NL,1019,1462,9823
2024-05-05T12:00Z,NL,932,1360,9893
2024-05-05T13:00Z,NL,449,723,8583
2024-05-05T14:00Z,NL,351,577,7242
2024-05-05T15:00Z,NL,267,448,5689
2024-05-05T16:00Z,NL,192,327,3911
2024-05-05T17:00Z,NL,164,280,2198
2024-05-05T18:00Z,NL,191,326,674
2024-05-05T19:00Z,NL,252,424,0
2024-05-05T20:00Z,NL,301,500,0
2024-05-05T21:00Z,NL,249,419,0
2024-05-05T22:00Z,NL,184,315,0
2024-05-05T23:00Z,NL,241,406,0
2024-05-06T00:00Z,NL,288,480,0
2024-05-06T01:00Z,NL,289,482,0
2024-05-06T02:00Z,NL,387,631,0
2024-05-06T03:00Z,NL,350,576,0
2024-05-06T04:00Z,NL,292,486,256
2024-05-06T05:00Z,NL,324,536,1362
2024-05-06T06:00Z,NL,343,565,2354
2024-05-06T07:00Z,NL,381,622,3300
2024-05-06T08:00Z,NL,380,621,4837
2024-05-06T09:00Z,NL,246,414,6171
2024-05-06T10:00Z,NL,347,572,6883
2024-05-06T11:00Z,NL,466,747,7177
2024-05-06T12:00Z,NL,564,886,7487
2024-05-06T13:00Z,NL,376,616,6890
2024-05-06T14:00Z,NL,230,389,5758
2024-05-06T15:00Z,NL,198,337,4399
2024-05-06T16:00Z,NL,275,460,3218
2024-05-06T17:00Z,NL,298,495,1752
2024-05-06T18:00Z,NL,263,441,587
2024-05-06T19:00Z,NL,228,386,0
2024-05-06T20:00Z,NL,357,587,0
2024-05-06T21:00Z,NL,436,705,0
2024-05-06T22:00Z,NL,765,1154,0
2024-05-06T23:00Z,NL,924,1350,0
2024-05-07T00:00Z,NL,691,1057,0
2024-05-07T01:00Z,NL,675,1036,0
2024-05-07T02:00Z,NL,580,908,0
2024-05-07T03:00Z,NL,613,954,0
2024-05-07T04:00Z,NL,840,1248,207
2024-05-07T05:00Z,NL,750,1135,1030
2024-05-07T06:00Z,NL,928,1354,2355
2024-05-07T07:00Z,NL,645,996,3325
2024-05-07T08:00Z,NL,614,954,4054
2024-05-07T09:00Z,NL,893,1313,5474
2024-05-07T10:00Z,NL,1128,1585,6160
2024-05-07T11:00Z,NL,1068,1518,6852
2024-05-07T12:00Z,NL,940,1369,5733
2024-05-07T13:00Z,NL,858,1270,5337
2024-05-07T14:00Z,NL,810,1210,4732
2024-05-07T15:00Z,NL,707,1079,3566
2024-05-07T16:00Z,NL,1010,1451,2482
2024-05-07T17:00Z,NL,988,1426,1547
2024-05-07T18:00Z,NL,933,1361,525
2024-05-07T19:00Z,NL,1027,1471,0
2024-05-07T20:00Z,NL,1039,1485,0
2024-05-07T21:00Z,NL,810,1210,0
2024-05-07T22:00Z,NL,1144,1603,0
2024-05-07T23:00Z,NL,1008,1449,0
2024-05-08T00:00Z,NL,1215,1681,0
2024-05-08T01:00Z,NL,940,1369,0
2024-05-08T02:00Z,NL,688,1054,0
2024-05-08T03:00Z,NL,584,914,0
2024-05-08T04:00Z,NL,820,1223,491
2024-05-08T05:00Z,NL,675,1036,2214
2024-05-08T06:00Z,NL,1017,1460,4121
2024-05-08T07:00Z,NL,779,1171,5957
2024-05-08T08:00Z,NL,910,1333,7926
2024-05-08T09:00Z,NL,949,1379,9711
2024-05-08T10:00Z,NL,1377,1849,10810
2024-05-08T11:00Z,NL,1168,1630,10570
2024-05-08T12:00Z,NL,840,1248,10054
2024-05-08T13:00Z,NL,956,1388,9099
2024-05-08T14:00Z,NL,806,1206,7517
2024-05-08T15:00Z,NL,703,1074,6069
2024-05-08T16:00Z,NL,698,1066,4064
2024-05-08T17:00Z,NL,458,736,2259
2024-05-08T18:00Z,NL,394,643,802
2024-05-08T19:00Z,NL,481,769,0
2024-05-08T20:00Z,NL,644,995,0
2024-05-08T21:00Z,NL,523,829,0
2024-05-08T22:00Z,NL,541,854,0
2024-05-08T23:00Z,NL,349,574,0
2024-05-09T00:00Z,NL,240,404,0
2024-05-09T01:00Z,NL,183,313,0
2024-05-09T02:00Z,NL,206,350,0
2024-05-09T03:00Z,NL,248,417,0
2024-05-09T04:00Z,NL,259,435,498
2024-05-09T05:00Z,NL,434,700,2246
2024-05-09T06:00Z,NL,387,632,4316
2024-05-09T07:00Z,NL,240,405,6363
2024-05-09T08:00Z,NL,281,469,7988
2024-05-09T09:00Z,NL,243,410,8691
2024-05-09T10:00Z,NL,268,449,9440
2024-05-09T11:00Z,NL,296,492,9795
2024-05-09T12:00Z,NL,237,400,10290
2024-05-09T13:00Z,NL,275,460,9549
2024-05-09T14:00Z,NL,413,670,8486
2024-05-09T15:00Z,NL,411,668,6592
2024-05-09T16:00Z,NL,531,840,4434
2024-05-09T17:00Z,NL,498,794,2507
2024-05-09T18:00Z,NL,590,923,828
2024-05-09T19:00Z,NL,565,887,0
2024-05-09T20:00Z,NL,874,1290,0
2024-05-09T21:00Z,NL,1271,1740,0
2024-05-09T22:00Z,NL,951,1382,0
2024-05-09T23:00Z,NL,922,1347,0
2024-05-10T00:00Z,NL,1248,1716,0
2024-05-10T01:00Z,NL,1614,2079,0
2024-05-10T02:00Z,NL,1758,2210,0
2024-05-10T03:00Z,NL,1985,2404,0
2024-05-10T04:00Z,NL,2546,2828,355
2024-05-10T05:00Z,NL,1919,2349,1463
2024-05-10T06:00Z,NL,2045,2453,2836
2024-05-10T07:00Z,NL,2693,2927,4021
2024-05-10T08:00Z,NL,2439,2753,5491
2024-05-10T09:00Z,NL,2570,2844,6510
2024-05-10T10:00Z,NL,3058,3157,6909
2024-05-10T11:00Z,NL,3245,3267,7345
2024-05-10T12:00Z,NL,3070,3165,7460
2024-05-10T13:00Z,NL,3470,3391,6703
2024-05-10T14:00Z,NL,2678,2918,6199
2024-05-10T15:00Z,NL,3038,3146,4637
2024-05-10T16:00Z,NL,2035,2445,3018
2024-05-10T17:00Z,NL,2240,2606,1650
2024-05-10T18:00Z,NL,2457,2765,635
2024-05-10T19:00Z,NL,2127,2518,0
2024-05-10T20:00Z,NL,1382,1854,0
2024-05-10T21:00Z,NL,1523,1993,0
2024-05-10T22:00Z,NL,1354,1826,0
2024-05-10T23:00Z,NL,1729,2184,0
2024-05-11T00:00Z,NL,1853,2294,0
2024-05-11T01:00Z,NL,1718,2174,0
2024-05-11T02:00Z,NL,2128,2519,0
2024-05-11T03:00Z,NL,1633,2097,0
2024-05-11T04:00Z,NL,1446,1918,350
2024-05-11T05:00Z,NL,1264,1732,1386
2024-05-11T06:00Z,NL,962,1395,2496
2024-05-11T07:00Z,NL,935,1363,3718
2024-05-11T08:00Z,NL,1072,1522,4630
2024-05-11T09:00Z,NL,900,1322,5044
2024-05-11T10:00Z,NL,1112,1567,4773
2024-05-11T11:00Z,NL,1135,1593,5107
2024-05-11T12:00Z,NL,975,1411,4905
2024-05-11T13:00Z,NL,1516,1986,5117
2024-05-11T14:00Z,NL,2345,2684,4690
2024-05-11T15:00Z,NL,1797,2245,3666
2024-05-11T16:00Z,NL,1604,2070,2445
2024-05-11T17:00Z,NL,1835,2278,1505
2024-05-11T18:00Z,NL,1955,2380,477
2024-05-11T19:00Z,NL,1558,2027,0
2024-05-11T20:00Z,NL,1724,2180,0
2024-05-11T21:00Z,NL,1213,1678,0
2024-05-11T22:00Z,NL,741,1122,0
2024-05-11T23:00Z,NL,650,1004,0
2024-05-12T00:00Z,NL,665,1023,0
2024-05-12T01:00Z,NL,634,981,0
2024-05-12T02:00Z,NL,712,1085,0
2024-05-12T03:00Z,NL,652,1007,0
2024-05-12T04:00Z,NL,505,803,255
2024-05-12T05:00Z,NL,606,944,866
2024-05-12T06:00Z,NL,960,1393,1558
2024-05-12T07:00Z,NL,643,994,2446
2024-05-12T08:00Z,NL,601,937,3593
2024-05-12T09:00Z,NL,821,1224,3937
2024-05-12T10:00Z,NL,1380,1852,4906
2024-05-12T11:00Z,NL,2000,2417,5603
2024-05-12T12:00Z,NL,2261,2622,5305
2024-05-12T13:00Z,NL,2205,2579,5745
2024-05-12T14:00Z,NL,2520,2810,4956
2024-05-12T15:00Z,NL,2398,2723,3636
2024-05-12T16:00Z,NL,1974,2395,2266
2024-05-12T17:00Z,NL,2086,2486,1408
2024-05-12T18:00Z,NL,2030,2441,474
2024-05-12T19:00Z,NL,2319,2666,0
2024-05-12T20:00Z,NL,1741,2195,0
2024-05-12T21:00Z,NL,2095,2493,0
2024-05-12T22:00Z,NL,2491,2789,0
2024-05-12T23:00Z,NL,1603,2069,0
2024-05-13T00:00Z,NL,1385,1857,0
2024-05-13T01:00Z,NL,1478,1950,0
2024-05-13T02:00Z,NL,1731,2186,0
2024-05-13T03:00Z,NL,2320,2666,0
2024-05-13T04:00Z,NL,2128,2519,265
2024-05-13T05:00Z,NL,2464,2770,939
2024-05-13T06:00Z,NL,2616,2876,1732
2024-05-13T07:00Z,NL,2070,2473,2572
2024-05-13T08:00Z,NL,2479,2781,3168
2024-05-13T09:00Z,NL,2919,3073,3300
2024-05-13T10:00Z,NL,3182,3231,3398
2024-05-13T11:00Z,NL,3836,3578,3528
2024-05-13T12:00Z,NL,3752,3537,3457
2024-05-13T13:00Z,NL,2916,3071,3192
2024-05-13T14:00Z,NL,2884,3051,2758
2024-05-13T15:00Z,NL,3284,3289,2226
2024-05-13T16:00Z,NL,3714,3518,1628
2024-05-13T17:00Z,NL,4100,3703,1039
2024-05-13T18:00Z,NL,4125,3714,363
2024-05-13T19:00Z,NL,3709,3515,0
2024-05-13T20:00Z,NL,3665,3493,0
2024-05-13T21:00Z,NL,3088,3176,0
2024-05-13T22:00Z,NL,3224,3255,0
2024-05-13T23:00Z,NL,3700,3511,0
2024-05-14T00:00Z,NL,3838,3579,0
2024-05-14T01:00Z,NL,3630,3475,0
2024-05-14T02:00Z,NL,3347,3324,0
2024-05-14T03:00Z,NL,3535,3426,0
2024-05-14T04:00Z,NL,3322,3310,391
2024-05-14T05:00Z,NL,3265,3278,1402
2024-05-14T06:00Z,NL,3654,3487,2348
2024-05-14T07:00Z,NL,3579,3449,3424
2024-05-14T08:00Z,NL,3627,3473,4394
2024-05-14T09:00Z,NL,3879,3599,5590
2024-05-14T10:00Z,NL,3220,3252,5988
2024-05-14T11:00Z,NL,3570,3444,6384
2024-05-14T12:00Z,NL,3124,3197,6251
2024-05-14T13:00Z,NL,3672,3496,6490
2024-05-14T14:00Z,NL,4162,3731,5786
2024-05-14T15:00Z,NL,4078,3693,4848
2024-05-14T16:00Z,NL,3858,3589,3162
2024-05-14T17:00Z,NL,3538,3427,1714
2024-05-14T18:00Z,NL,3964,3640,668
2024-05-14T19:00Z,NL,3390,3347,0
2024-05-14T20:00Z,NL,3576,3447,0
2024-05-14T21:00Z,NL,3464,3388,0
2024-05-14T22:00Z,NL,2627,2883,0
2024-05-14T23:00Z,NL,2705,2936,0
2024-05-15T00:00Z,NL,2250,2614,0
2024-05-15T01:00Z,NL,1938,2365,0
2024-05-15T02:00Z,NL,2320,2666,0
2024-05-15T03:00Z,NL,1744,2198,0
2024-05-15T04:00Z,NL,1595,2061,760
2024-05-15T05:00Z,NL,1405,1877,2512
2024-05-15T06:00Z,NL,1209,1674,4423
2024-05-15T07:00Z,NL,1195,1659,6780
2024-05-15T08:00Z,NL,1298,1768,8952
2024-05-15T09:00Z,NL,1313,1784,10016
2024-05-15T10:00Z,NL,805,1204,10612
2024-05-15T11:00Z,NL,678,1041,10249
2024-05-15T12:00Z,NL,773,1164,10438
2024-05-15T13:00Z,NL,815,1217,9813
2024-05-15T14:00Z,NL,884,1302,8702
2024-05-15T15:00Z,NL,750,1134,6636
2024-05-15T16:00Z,NL,846,1255,4963
2024-05-15T17:00Z,NL,1084,1536,2904
2024-05-15T18:00Z,NL,692,1058,1103
2024-05-15T19:00Z,NL,543,857,0
2024-05-15T20:00Z,NL,664,1022,0
2024-05-15T21:00Z,NL,758,1144,0
2024-05-15T22:00Z,NL,506,805,0
2024-05-15T23:00Z,NL,483,772,0
2024-05-16T00:00Z,NL,443,714,0
2024-05-16T01:00Z,NL,437,706,0
2024-05-16T02:00Z,NL,593,926,0
2024-05-16T03:00Z,NL,494,788,0
2024-05-16T04:00Z,NL,698,1066,883
2024-05-16T05:00Z,NL,452,728,2856
2024-05-16T06:00Z,NL,558,878,4986
2024-05-16T07:00Z,NL,322,533,7231
2024-05-16T08:00Z,NL,328,541,9584
2024-05-16T09:00Z,NL,465,747,11890
2024-05-16T10:00Z,NL,470,753,13456
2024-05-16T11:00Z,NL,842,1250,14243
2024-05-16T12:00Z,NL,549,866,13808
2024-05-16T13:00Z,NL,566,889,12656
2024-05-16T14:00Z,NL,808,1208,10992
2024-05-16T15:00Z,NL,540,853,8697
2024-05-16T16:00Z,NL,558,877,6302
2024-05-16T17:00Z,NL,529,838,3694
2024-05-16T18:00Z,NL,467,749,1529
2024-05-16T19:00Z,NL,464,745,0
2024-05-16T20:00Z,NL,390,635,0
2024-05-16T21:00Z,NL,459,738,0
2024-05-16T22:00Z,NL,434,701,0
2024-05-16T23:00Z,NL,499,795,0
2024-05-17T00:00Z,NL,351,578,0
2024-05-17T01:00Z,NL,417,676,0
2024-05-17T02:00Z,NL,363,596,0
2024-05-17T03:00Z,NL,643,993,0
2024-05-17T04:00Z,NL,560,881,683
2024-05-17T05:00Z,NL,548,863,2143
2024-05-17T06:00Z,NL,867,1281,3767
2024-05-17T07:00Z,NL,756,1141,5466
2024-05-17T08:00Z,NL,806,1205,6710
2024-05-17T09:00Z,NL,956,1388,8412
2024-05-17T10:00Z,NL,1194,1657,9172
2024-05-17T11:00Z,NL,674,1035,8988
2024-05-17T12:00Z,NL,618,960,9118
2024-05-17T13:00Z,NL,718,1093,7869
2024-05-17T14:00Z,NL,848,1258,6379
2024-05-17T15:00Z,NL,591,924,5049
2024-05-17T16:00Z,NL,629,975,3654
2024-05-17T17:00Z,NL,820,1223,2270
2024-05-17T18:00Z,NL,865,1278,946
2024-05-17T19:00Z,NL,719,1095,0
2024-05-17T20:00Z,NL,758,1144,0
2024-05-17T21:00Z,NL,780,1172,0
2024-05-17T22:00Z,NL,1102,1557,0
2024-05-17T23:00Z,NL,625,969,0
2024-05-18T00:00Z,NL,596,930,0
2024-05-18T01:00Z,NL,765,1153,0
2024-05-18T02:00Z,NL,706,1078,0
2024-05-18T03:00Z,NL,527,835,0
2024-05-18T04:00Z,NL,471,754,942
2024-05-18T05:00Z,NL,499,795,2884
2024-05-18T06:00Z,NL,576,903,5255
2024-05-18T07:00Z,NL,455,732,7536
2024-05-18T08:00Z,NL,535,846,10049
2024-05-18T09:00Z,NL,768,1157,11134
2024-05-18T10:00Z,NL,693,1060,12567
2024-05-18T11:00Z,NL,431,696,13024
2024-05-18T12:00Z,NL,757,1144,13221
2024-05-18T13:00Z,NL,751,1136,11540
2024-05-18T14:00Z,NL,720,1096,10859
2024-05-18T15:00Z,NL,564,886,8807
2024-05-18T16:00Z,NL,444,716,6351
2024-05-18T17:00Z,NL,297,494,3961
2024-05-18T18:00Z,NL,301,500,1638
2024-05-18T19:00Z,NL,247,415,0
2024-05-18T20:00Z,NL,218,369,0
2024-05-18T21:00Z,NL,200,340,0
2024-05-18T22:00Z,NL,234,396,0
2024-05-18T23:00Z,NL,210,357,0
2024-05-19T00:00Z,NL,292,487,0
2024-05-19T01:00Z,NL,223,377,0
2024-05-19T02:00Z,NL,236,399,0
2024-05-19T03:00Z,NL,332,548,0
2024-05-19T04:00Z,NL,352,579,1075
2024-05-19T05:00Z,NL,286,478,3127
2024-05-19T06:00Z,NL,273,457,5363
2024-05-19T07:00Z,NL,296,492,7721
2024-05-19T08:00Z,NL,362,593,9580
2024-05-19T09:00Z,NL,384,627,10814
2024-05-19T10:00Z,NL,551,868,11845
2024-05-19T11:00Z,NL,544,858,11881
2024-05-19T12:00Z,NL,653,1007,12056
2024-05-19T13:00Z,NL,527,835,11098
2024-05-19T14:00Z,NL,517,821,9526
2024-05-19T15:00Z,NL,500,796,7305
2024-05-19T16:00Z,NL,409,664,5397
2024-05-19T17:00Z,NL,679,1042,3313
2024-05-19T18:00Z,NL,560,880,1376
2024-05-19T19:00Z,NL,409,665,1
2024-05-19T20:00Z,NL,390,636,0
2024-05-19T21:00Z,NL,271,454,0
2024-05-19T22:00Z,NL,383,625,0
2024-05-19T23:00Z,NL,350,576,0
2024-05-20T00:00Z,NL,295,491,0
2024-05-20T01:00Z,NL,321,532,0
2024-05-20T02:00Z,NL,264,442,0
2024-05-20T03:00Z,NL,277,463,0
2024-05-20T04:00Z,NL,279,465,990
2024-05-20T05:00Z,NL,277,464,2824
2024-05-20T06:00Z,NL,335,552,5065
2024-05-20T07:00Z,NL,430,695,7250
2024-05-20T08:00Z,NL,504,802,8697
2024-05-20T09:00Z,NL,404,657,10274
2024-05-20T10:00Z,NL,359,590,11169
2024-05-20T11:00Z,NL,493,786,12554
2024-05-20T12:00Z,NL,360,591,13027
2024-05-20T13:00Z,NL,351,578,11891
2024-05-20T14:00Z,NL,259,435,10787
2024-05-20T15:00Z,NL,356,584,8739
2024-05-20T16:00Z,NL,537,848,6148
2024-05-20T17:00Z,NL,726,1103,3677
2024-05-20T18:00Z,NL,772,1162,1505
2024-05-20T19:00Z,NL,748,1132,18
2024-05-20T20:00Z,NL,653,1007,0
2024-05-20T21:00Z,NL,907,1330,0
2024-05-20T22:00Z,NL,711,1084,0
2024-05-20T23:00Z,NL,1225,1690,0
2024-05-21T00:00Z,NL,1378,1850,0
2024-05-21T01:00Z,NL,1009,1450,0
2024-05-21T02:00Z,NL,1063,1512,0
2024-05-21T03:00Z,NL,1221,1686,0
2024-05-21T04:00Z,NL,1444,1916,1071
2024-05-21T05:00Z,NL,1659,2120,3223
2024-05-21T06:00Z,NL,1556,2025,5332
2024-05-21T07:00Z,NL,1458,1930,7363
2024-05-21T08:00Z,NL,1422,1894,9544
2024-05-21T09:00Z,NL,1272,1740,10994
2024-05-21T10:00Z,NL,1107,1562,12561
2024-05-21T11:00Z,NL,967,1401,12544
2024-05-21T12:00Z,NL,1282,1752,12625
2024-05-21T13:00Z,NL,1260,1729,11382
2024-05-21T14:00Z,NL,1102,1556,9877
2024-05-21T15:00Z,NL,761,1148,7977
2024-05-21T16:00Z,NL,876,1292,5645
2024-05-21T17:00Z,NL,598,933,3580
2024-05-21T18:00Z,NL,741,1123,1528
2024-05-21T19:00Z,NL,789,1184,37
2024-05-21T20:00Z,NL,927,1354,0
2024-05-21T21:00Z,NL,617,959,0
2024-05-21T22:00Z,NL,805,1204,0
2024-05-21T23:00Z,NL,644,995,0
2024-05-22T00:00Z,NL,689,1054,0
2024-05-22T01:00Z,NL,568,891,0
2024-05-22T02:00Z,NL,450,725,0
2024-05-22T03:00Z,NL,419,679,0
2024-05-22T04:00Z,NL,533,842,997
2024-05-22T05:00Z,NL,474,759,2766
2024-05-22T06:00Z,NL,926,1352,4747
2024-05-22T07:00Z,NL,986,1423,7016
2024-05-22T08:00Z,NL,887,1305,9069
2024-05-22T09:00Z,NL,1107,1562,11100
2024-05-22T10:00Z,NL,1040,1486,11893
2024-05-22T11:00Z,NL,1086,1539,12866
2024-05-22T12:00Z,NL,1625,2089,13119
2024-05-22T13:00Z,NL,1429,1901,11667
2024-05-22T14:00Z,NL,1194,1657,9775
2024-05-22T15:00Z,NL,875,1291,8169
2024-05-22T16:00Z,NL,978,1414,5650
2024-05-22T17:00Z,NL,947,1377,3403
2024-05-22T18:00Z,NL,1232,1699,1436
2024-05-22T19:00Z,NL,1078,1529,53
2024-05-22T20:00Z,NL,926,1353,0
2024-05-22T21:00Z,NL,780,1172,0
2024-05-22T22:00Z,NL,569,893,0
2024-05-22T23:00Z,NL,522,828,0
2024-05-23T00:00Z,NL,696,1064,0
2024-05-23T01:00Z,NL,727,1104,0
2024-05-23T02:00Z,NL,888,1306,0
2024-05-23T03:00Z,NL,910,1333,0
2024-05-23T04:00Z,NL,932,1360,513
2024-05-23T05:00Z,NL,877,1293,1552
2024-05-23T06:00Z,NL,799,1197,2936
2024-05-23T07:00Z,NL,475,760,3882
2024-05-23T08:00Z,NL,667,1025,5157
2024-05-23T09:00Z,NL,734,1113,5975
2024-05-23T10:00Z,NL,643,993,6919
2024-05-23T11:00Z,NL,711,1083,7414
2024-05-23T12:00Z,NL,580,909,7089
2024-05-23T13:00Z,NL,408,663,6266
2024-05-23T14:00Z,NL,496,791,5601
2024-05-23T15:00Z,NL,546,861,4402
2024-05-23T16:00Z,NL,690,1056,3417
2024-05-23T17:00Z,NL,649,1002,2224
2024-05-23T18:00Z,NL,790,1185,898
2024-05-23T19:00Z,NL,831,1237,45
2024-05-23T20:00Z,NL,938,1367,0
2024-05-23T21:00Z,NL,671,1031,0
2024-05-23T22:00Z,NL,731,1109,0
2024-05-23T23:00Z,NL,763,1151,0
2024-05-24T00:00Z,NL,899,1320,0
2024-05-24T01:00Z,NL,763,1150,0
2024-05-24T02:00Z,NL,711,1084,0
2024-05-24T03:00Z,NL,892,1312,0
2024-05-24T04:00Z,NL,1137,1595,613
2024-05-24T05:00Z,NL,1185,1648,1698
2024-05-24T06:00Z,NL,1172,1633,2892
2024-05-24T07:00Z,NL,1321,1792,3429
2024-05-24T08:00Z,NL,1319,1789,3446
2024-05-24T09:00Z,NL,1992,2410,4799
2024-05-24T10:00Z,NL,1702,2160,5786
2024-05-24T11:00Z,NL,1454,1926,5510
2024-05-24T12:00Z,NL,1089,1542,4904
2024-05-24T13:00Z,NL,1277,1746,3832
2024-05-24T14:00Z,NL,1467,1938,3839
2024-05-24T15:00Z,NL,1029,1473,3556
2024-05-24T16:00Z,NL,1008,1449,2749
2024-05-24T17:00Z,NL,938,1367,1627
2024-05-24T18:00Z,NL,775,1166,753
2024-05-24T19:00Z,NL,895,1315,48
2024-05-24T20:00Z,NL,1150,1610,0
2024-05-24T21:00Z,NL,1300,1770,0
2024-05-24T22:00Z,NL,1641,2104,0
2024-05-24T23:00Z,NL,1283,1752,0
2024-05-25T00:00Z,NL,958,1390,0
2024-05-25T01:00Z,NL,1028,1472,0
2024-05-25T02:00Z,NL,837,1244,0
2024-05-25T03:00Z,NL,1044,1490,0
2024-05-25T04:00Z,NL,1280,1749,763
2024-05-25T05:00Z,NL,1643,2106,2170
2024-05-25T06:00Z,NL,1270,1739,3724
2024-05-25T07:00Z,NL,1124,1581,5258
2024-05-25T08:00Z,NL,1501,1972,6369
2024-05-25T09:00Z,NL,2152,2538,8479
2024-05-25T10:00Z,NL,2174,2555,8281
2024-05-25T11:00Z,NL,2254,2617,8324
2024-05-25T12:00Z,NL,1873,2310,7271
2024-05-25T13:00Z,NL,1633,2096,6678
2024-05-25T14:00Z,NL,1477,1948,6498
2024-05-25T15:00Z,NL,1283,1752,5472
2024-05-25T16:00Z,NL,1293,1763,3920
2024-05-25T17:00Z,NL,1168,1630,2542
2024-05-25T18:00Z,NL,1168,1629,1029
2024-05-25T19:00Z,NL,1093,1546,80
2024-05-25T20:00Z,NL,1246,1714,0
2024-05-25T21:00Z,NL,1178,1640,0
2024-05-25T22:00Z,NL,782,1175,0
2024-05-25T23:00Z,NL,796,1193,0
2024-05-26T00:00Z,NL,781,1174,0
2024-05-26T01:00Z,NL,1071,1522,0
2024-05-26T02:00Z,NL,1152,1611,0
2024-05-26T03:00Z,NL,1398,1870,0
2024-05-26T04:00Z,NL,869,1283,763
2024-05-26T05:00Z,NL,739,1120,2180
2024-05-26T06:00Z,NL,776,1167,3408
2024-05-26T07:00Z,NL,898,1319,4232
2024-05-26T08:00Z,NL,826,1231,5409
2024-05-26T09:00Z,NL,920,1345,6531
2024-05-26T10:00Z,NL,968,1403,7360
2024-05-26T11:00Z,NL,814,1215,8619
2024-05-26T12:00Z,NL,445,718,8571
2024-05-26T13:00Z,NL,322,534,8621
2024-05-26T14:00Z,NL,240,404,7656
2024-05-26T15:00Z,NL,299,497,6133
2024-05-26T16:00Z,NL,279,466,4460
2024-05-26T17:00Z,NL,302,502,2820
2024-05-26T18:00Z,NL,488,779,1242
2024-05-26T19:00Z,NL,436,705,117
2024-05-26T20:00Z,NL,387,631,0
2024-05-26T21:00Z,NL,347,572,0
2024-05-26T22:00Z,NL,305,507,0
2024-05-26T23:00Z,NL,370,606,0
2024-05-27T00:00Z,NL,410,666,0
2024-05-27T01:00Z,NL,309,513,0
2024-05-27T02:00Z,NL,275,460,0
2024-05-27T03:00Z,NL,353,581,0
2024-05-27T04:00Z,NL,418,677,683
2024-05-27T05:00Z,NL,474,759,1799
2024-05-27T06:00Z,NL,416,675,2961
2024-05-27T07:00Z,NL,515,818,4117
2024-05-27T08:00Z,NL,730,1108,5151
2024-05-27T09:00Z,NL,673,1033,6590
2024-05-27T10:00Z,NL,722,1098,6892
2024-05-27T11:00Z,NL,1003,1443,6402
2024-05-27T12:00Z,NL,768,1157,6379
2024-05-27T13:00Z,NL,603,939,5928
2024-05-27T14:00Z,NL,652,1006,5636
2024-05-27T15:00Z,NL,740,1122,4373
2024-05-27T16:00Z,NL,886,1304,3030
2024-05-27T17:00Z,NL,783,1176,1667
2024-05-27T18:00Z,NL,526,833,806
2024-05-27T19:00Z,NL,553,871,73
2024-05-27T20:00Z,NL,663,1020,0
2024-05-27T21:00Z,NL,598,933,0
2024-05-27T22:00Z,NL,559,880,0
2024-05-27T23:00Z,NL,581,909,0
2024-05-28T00:00Z,NL,621,965,0
2024-05-28T01:00Z,NL,498,793,0
2024-05-28T02:00Z,NL,316,524,0
2024-05-28T03:00Z,NL,285,476,0
2024-05-28T04:00Z,NL,357,586,1144
2024-05-28T05:00Z,NL,429,693,2798
2024-05-28T06:00Z,NL,448,721,4760
2024-05-28T07:00Z,NL,718,1092,6791
2024-05-28T08:00Z,NL,743,1125,9882
2024-05-28T09:00Z,NL,642,993,11503
2024-05-28T10:00Z,NL,501,798,13357
2024-05-28T11:00Z,NL,564,886,13948
2024-05-28T12:00Z,NL,585,915,12869
2024-05-28T13:00Z,NL,602,939,11635
2024-05-28T14:00Z,NL,485,774,10032
2024-05-28T15:00Z,NL,470,753,8136
2024-05-28T16:00Z,NL,468,751,5565
2024-05-28T17:00Z,NL,404,657,3364
2024-05-28T18:00Z,NL,271,454,1495
2024-05-28T19:00Z,NL,188,320,158
2024-05-28T20:00Z,NL,146,251,0
2024-05-28T21:00Z,NL,175,299,0
2024-05-28T22:00Z,NL,150,257,0
2024-05-28T23:00Z,NL,129,223,0
2024-05-29T00:00Z,NL,199,338,0
2024-05-29T01:00Z,NL,143,246,0
2024-05-29T02:00Z,NL,153,263,0
2024-05-29T03:00Z,NL,157,269,0
2024-05-29T04:00Z,NL,159,273,1160
2024-05-29T05:00Z,NL,197,336,2896
2024-05-29T06:00Z,NL,297,494,5086
2024-05-29T07:00Z,NL,252,424,7400
2024-05-29T08:00Z,NL,252,424,9504
2024-05-29T09:00Z,NL,210,357,11680
2024-05-29T10:00Z,NL,222,375,12382
2024-05-29T11:00Z,NL,237,400,12487
2024-05-29T12:00Z,NL,397,646,12603
2024-05-29T13:00Z,NL,207,351,12006
2024-05-29T14:00Z,NL,207,352,10571
2024-05-29T15:00Z,NL,155,266,8146
2024-05-29T16:00Z,NL,73,127,6208
2024-05-29T17:00Z,NL,60,106,3895
2024-05-29T18:00Z,NL,87,152,1698
2024-05-29T19:00Z,NL,81,142,208
2024-05-29T20:00Z,NL,78,137,0
2024-05-29T21:00Z,NL,58,101,0
2024-05-29T22:00Z,NL,107,186,0
2024-05-29T23:00Z,NL,81,141,0
2024-05-30T00:00Z,NL,87,152,0
2024-05-30T01:00Z,NL,52,92,0
2024-05-30T02:00Z,NL,93,162,0
2024-05-30T03:00Z,NL,116,202,0
2024-05-30T04:00Z,NL,105,183,1357
2024-05-30T05:00Z,NL,136,234,3520
2024-05-30T06:00Z,NL,159,272,6156
2024-05-30T07:00Z,NL,194,330,8692
2024-05-30T08:00Z,NL,266,445,10727
2024-05-30T09:00Z,NL,329,544,12410
2024-05-30T10:00Z,NL,395,643,13330
2024-05-30T11:00Z,NL,345,568,13384
2024-05-30T12:00Z,NL,401,652,13192
2024-05-30T13:00Z,NL,346,569,12445
2024-05-30T14:00Z,NL,309,513,9929
2024-05-30T15:00Z,NL,208,354,7717
2024-05-30T16:00Z,NL,207,351,5630
2024-05-30T17:00Z,NL,179,306,3856
2024-05-30T18:00Z,NL,188,321,1837
2024-05-30T19:00Z,NL,108,188,232
2024-05-30T20:00Z,NL,101,175,0
2024-05-30T21:00Z,NL,85,148,0
2024-05-30T22:00Z,NL,65,115,0
2024-05-30T23:00Z,NL,59,103,0
2024-05-31T00:00Z,NL,61,107,0
2024-05-31T01:00Z,NL,73,128,0
2024-05-31T02:00Z,NL,80,140,0
2024-05-31T03:00Z,NL,77,134,0
2024-05-31T04:00Z,NL,86,150,1150
2024-05-31T05:00Z,NL,92,161,2876
2024-05-31T06:00Z,NL,93,162,4777
2024-05-31T07:00Z,NL,112,195,6644
2024-05-31T08:00Z,NL,122,211,8334
2024-05-31T09:00Z,NL,146,252,10041
2024-05-31T10:00Z,NL,155,267,11524
2024-05-31T11:00Z,NL,133,230,12141
2024-05-31T12:00Z,NL,206,349,11061
2024-05-31T13:00Z,NL,104,180,9904
2024-05-31T14:00Z,NL,99,172,8063
2024-05-31T15:00Z,NL,115,200,6537
2024-05-31T16:00Z,NL,106,184,5268
2024-05-31T17:00Z,NL,159,273,3356
2024-05-31T18:00Z,NL,122,212,1506
2024-05-31T19:00Z,NL,135,233,207
2024-05-31T20:00Z,NL,112,194,0
2024-05-31T21:00Z,NL,95,165,0
2024-05-31T22:00Z,NL,153,263,0
2024-05-31T23:00Z,NL,129,223,0
2024-06-01T00:00Z,NL,87,152,0
2024-06-01T01:00Z,NL,55,97,0
2024-06-01T02:00Z,NL,49,87,0
2024-06-01T03:00Z,NL,32,57,0
2024-06-01T04:00Z,NL,21,36,1171
2024-06-01T05:00Z,NL,31,55,2884
2024-06-01T06:00Z,NL,49,86,4756
2024-06-01T07:00Z,NL,48,84,6839
2024-06-01T08:00Z,NL,44,78,8467
2024-06-01T09:00Z,NL,45,80,9544
2024-06-01T10:00Z,NL,50,89,10487
2024-06-01T11:00Z,NL,27,48,11390
2024-06-01T12:00Z,NL,28,49,10946
2024-06-01T13:00Z,NL,41,73,10268
2024-06-01T14:00Z,NL,65,113,9299
2024-06-01T15:00Z,NL,46,81,6873
2024-06-01T16:00Z,NL,62,109,5229
2024-06-01T17:00Z,NL,120,208,3369
2024-06-01T18:00Z,NL,95,165,1470
2024-06-01T19:00Z,NL,102,178,218
2024-06-01T20:00Z,NL,110,190,0
2024-06-01T21:00Z,NL,68,119,0
2024-06-01T22:00Z,NL,130,225,0
2024-06-01T23:00Z,NL,147,253,0
2024-06-02T00:00Z,NL,167,287,0
2024-06-02T01:00Z,NL,210,357,0
2024-06-02T02:00Z,NL,231,391,0
2024-06-02T03:00Z,NL,277,464,0
2024-06-02T04:00Z,NL,298,496,1094
2024-06-02T05:00Z,NL,450,724,2716
2024-06-02T06:00Z,NL,383,625,4639
2024-06-02T07:00Z,NL,606,943,6450
2024-06-02T08:00Z,NL,591,923,7706
2024-06-02T09:00Z,NL,682,1045,8856
2024-06-02T10:00Z,NL,583,912,9770
2024-06-02T11:00Z,NL,555,873,10289
2024-06-02T12:00Z,NL,420,681,10383
2024-06-02T13:00Z,NL,361,593,9343
2024-06-02T14:00Z,NL,314,520,7868
2024-06-02T15:00Z,NL,446,718,6372
2024-06-02T16:00Z,NL,356,585,4682
2024-06-02T17:00Z,NL,373,610,3085
2024-06-02T18:00Z,NL,286,477,1494
2024-06-02T19:00Z,NL,212,359,226
2024-06-02T20:00Z,NL,222,375,0
2024-06-02T21:00Z,NL,214,363,0
2024-06-02T22:00Z,NL,191,326,0
2024-06-02T23:00Z,NL,129,223,0
2024-06-03T00:00Z,NL,114,198,0
2024-06-03T01:00Z,NL,243,410,0
2024-06-03T02:00Z,NL,210,356,0
2024-06-03T03:00Z,NL,180,307,0
2024-06-03T04:00Z,NL,174,297,1472
2024-06-03T05:00Z,NL,208,354,3750
2024-06-03T06:00Z,NL,280,467,5645
2024-06-03T07:00Z,NL,336,554,7921
2024-06-03T08:00Z,NL,614,955,10291
2024-06-03T09:00Z,NL,846,1255,11708
2024-06-03T10:00Z,NL,629,975,12514
2024-06-03T11:00Z,NL,567,890,12619
2024-06-03T12:00Z,NL,734,1113,12347
2024-06-03T13:00Z,NL,458,736,11574
2024-06-03T14:00Z,NL,499,795,10362
2024-06-03T15:00Z,NL,401,652,7979
2024-06-03T16:00Z,NL,628,973,5951
2024-06-03T17:00Z,NL,655,1010,3886
2024-06-03T18:00Z,NL,713,1087,1810
2024-06-03T19:00Z,NL,589,921,288
2024-06-03T20:00Z,NL,519,823,0
2024-06-03T21:00Z,NL,548,864,0
2024-06-03T22:00Z,NL,473,757,0
2024-06-03T23:00Z,NL,329,543,0
2024-06-04T00:00Z,NL,271,454,0
2024-06-04T01:00Z,NL,302,502,0
2024-06-04T02:00Z,NL,363,596,0
2024-06-04T03:00Z,NL,332,549,5
2024-06-04T04:00Z,NL,215,364,1535
2024-06-04T05:00Z,NL,161,277,3595
2024-06-04T06:00Z,NL,142,245,6244
2024-06-04T07:00Z,NL,123,213,8441
2024-06-04T08:00Z,NL,170,290,10518
2024-06-04T09:00Z,NL,158,271,11959
2024-06-04T10:00Z,NL,131,225,12899
2024-06-04T11:00Z,NL,129,223,13475
2024-06-04T12:00Z,NL,175,300,13497
2024-06-04T13:00Z,NL,242,408,11893
2024-06-04T14:00Z,NL,140,242,10359
2024-06-04T15:00Z,NL,175,300,8393
2024-06-04T16:00Z,NL,154,265,6102
2024-06-04T17:00Z,NL,147,253,3891
2024-06-04T18:00Z,NL,179,305,2046
2024-06-04T19:00Z,NL,148,254,320
2024-06-04T20:00Z,NL,78,137,0
2024-06-04T21:00Z,NL,97,168,0
2024-06-04T22:00Z,NL,89,156,0
2024-06-04T23:00Z,NL,155,266,0
2024-06-05T00:00Z,NL,226,382,0
2024-06-05T01:00Z,NL,243,410,0
2024-06-05T02:00Z,NL,264,443,0
2024-06-05T03:00Z,NL,330,545,14
2024-06-05T04:00Z,NL,462,741,1558
2024-06-05T05:00Z,NL,361,593,3384
2024-06-05T06:00Z,NL,539,852,6158
2024-06-05T07:00Z,NL,574,900,8304
2024-06-05T08:00Z,NL,542,856,10855
2024-06-05T09:00Z,NL,371,608,12777
2024-06-05T10:00Z,NL,501,798,14287
2024-06-05T11:00Z,NL,386,631,14879
2024-06-05T12:00Z,NL,461,740,14599
2024-06-05T13:00Z,NL,653,1007,13557
2024-06-05T14:00Z,NL,833,1239,11850
2024-06-05T15:00Z,NL,533,844,9641
2024-06-05T16:00Z,NL,332,548,7138
2024-06-05T17:00Z,NL,276,461,4583
2024-06-05T18:00Z,NL,332,548,2230
2024-06-05T19:00Z,NL,466,747,373
2024-06-05T20:00Z,NL,433,699,0
2024-06-05T21:00Z,NL,463,743,0
2024-06-05T22:00Z,NL,254,427,0
2024-06-05T23:00Z,NL,400,651,0
2024-06-06T00:00Z,NL,282,471,0
2024-06-06T01:00Z,NL,247,416,0
2024-06-06T02:00Z,NL,195,332,0
2024-06-06T03:00Z,NL,163,280,25
2024-06-06T04:00Z,NL,162,278,1638
2024-06-06T05:00Z,NL,225,380,3844
2024-06-06T06:00Z,NL,306,508,6297
2024-06-06T07:00Z,NL,300,500,8076
2024-06-06T08:00Z,NL,367,601,9667
2024-06-06T09:00Z,NL,607,946,11399
2024-06-06T10:00Z,NL,639,988,12979
2024-06-06T11:00Z,NL,710,1083,13731
2024-06-06T12:00Z,NL,640,990,13906
2024-06-06T13:00Z,NL,860,1273,13221
2024-06-06T14:00Z,NL,1247,1714,11534
2024-06-06T15:00Z,NL,1465,1937,8735
2024-06-06T16:00Z,NL,1661,2123,6563
2024-06-06T17:00Z,NL,2180,2560,4253
2024-06-06T18:00Z,NL,2300,2651,2162
2024-06-06T19:00Z,NL,2152,2538,363
2024-06-06T20:00Z,NL,2024,2436,0
2024-06-06T21:00Z,NL,1846,2287,0
2024-06-06T22:00Z,NL,1413,1885,0
2024-06-06T23:00Z,NL,938,1367,0
2024-06-07T00:00Z,NL,771,1161,0
2024-06-07T01:00Z,NL,719,1095,0
2024-06-07T02:00Z,NL,528,836,0
2024-06-07T03:00Z,NL,470,753,33
2024-06-07T04:00Z,NL,512,813,1497
2024-06-07T05:00Z,NL,510,810,3360
2024-06-07T06:00Z,NL,609,948,5674
2024-06-07T07:00Z,NL,672,1033,7767
2024-06-07T08:00Z,NL,502,800,9773
2024-06-07T09:00Z,NL,487,778,11089
2024-06-07T10:00Z,NL,365,599,12671
2024-06-07T11:00Z,NL,368,603,13343
2024-06-07T12:00Z,NL,256,431,13410
2024-06-07T13:00Z,NL,338,558,12370
2024-06-07T14:00Z,NL,372,609,10931
2024-06-07T15:00Z,NL,355,584,8670
2024-06-07T16:00Z,NL,345,568,6029
2024-06-07T17:00Z,NL,350,576,3915
2024-06-07T18:00Z,NL,189,323,1887
2024-06-07T19:00Z,NL,137,236,326
2024-06-07T20:00Z,NL,182,311,0
2024-06-07T21:00Z,NL,170,291,0
2024-06-07T22:00Z,NL,228,386,0
2024-06-07T23:00Z,NL,222,375,0
2024-06-08T00:00Z,NL,208,354,0
2024-06-08T01:00Z,NL,205,349,0
2024-06-08T02:00Z,NL,158,271,0
2024-06-08T03:00Z,NL,90,156,27
2024-06-08T04:00Z,NL,107,185,933
2024-06-08T05:00Z,NL,164,282,2264
2024-06-08T06:00Z,NL,154,264,3871
2024-06-08T07:00Z,NL,254,426,5415
2024-06-08T08:00Z,NL,174,298,6778
2024-06-08T09:00Z,NL,161,276,7668
2024-06-08T10:00Z,NL,168,288,8058
2024-06-08T11:00Z,NL,190,324,9021
2024-06-08T12:00Z,NL,325,537,9008
2024-06-08T13:00Z,NL,472,757,8607
2024-06-08T14:00Z,NL,538,850,7358
2024-06-08T15:00Z,NL,452,727,6427
2024-06-08T16:00Z,NL,348,573,4683
2024-06-08T17:00Z,NL,486,776,2790
2024-06-08T18:00Z,NL,242,408,1347
2024-06-08T19:00Z,NL,288,480,274
2024-06-08T20:00Z,NL,217,367,0
2024-06-08T21:00Z,NL,271,453,0
2024-06-08T22:00Z,NL,194,330,0
2024-06-08T23:00Z,NL,185,315,0
2024-06-09T00:00Z,NL,236,398,0
2024-06-09T01:00Z,NL,218,369,0
2024-06-09T02:00Z,NL,194,330,0
2024-06-09T03:00Z,NL,162,278,27
2024-06-09T04:00Z,NL,126,218,855
2024-06-09T05:00Z,NL,103,178,2072
2024-06-09T06:00Z,NL,90,156,3248
2024-06-09T07:00Z,NL,120,207,4937
2024-06-09T08:00Z,NL,214,363,6307
2024-06-09T09:00Z,NL,207,351,7496
2024-06-09T10:00Z,NL,298,495,7245
2024-06-09T11:00Z,NL,495,789,7920
2024-06-09T12:00Z,NL,493,786,7749
2024-06-09T13:00Z,NL,486,776,7637
2024-06-09T14:00Z,NL,467,749,5815
2024-06-09T15:00Z,NL,591,923,4817
2024-06-09T16:00Z,NL,531,840,3984
2024-06-09T17:00Z,NL,469,751,2607
2024-06-09T18:00Z,NL,518,822,1236
2024-06-09T19:00Z,NL,347,571,227
2024-06-09T20:00Z,NL,220,373,0
2024-06-09T21:00Z,NL,289,482,0
2024-06-09T22:00Z,NL,281,469,0
2024-06-09T23:00Z,NL,332,549,0
2024-06-10T00:00Z,NL,325,538,0
2024-06-10T01:00Z,NL,514,816,0
2024-06-10T02:00Z,NL,907,1329,0
2024-06-10T03:00Z,NL,568,892,36
2024-06-10T04:00Z,NL,698,1066,891
2024-06-10T05:00Z,NL,614,954,1859
2024-06-10T06:00Z,NL,467,749,3107
2024-06-10T07:00Z,NL,547,862,4385
2024-06-10T08:00Z,NL,1048,1495,5759
2024-06-10T09:00Z,NL,676,1038,6137
2024-06-10T10:00Z,NL,1150,1609,5752
2024-06-10T11:00Z,NL,790,1185,5660
2024-06-10T12:00Z,NL,533,843,6422
2024-06-10T13:00Z,NL,541,854,5930
2024-06-10T14:00Z,NL,508,807,5408
2024-06-10T15:00Z,NL,551,868,4062
2024-06-10T16:00Z,NL,338,557,3147
2024-06-10T17:00Z,NL,410,665,2142
2024-06-10T18:00Z,NL,464,744,1057
2024-06-10T19:00Z,NL,549,866,191
2024-06-10T20:00Z,NL,642,992,0
2024-06-10T21:00Z,NL,1170,1632,0
2024-06-10T22:00Z,NL,783,1176,0
2024-06-10T23:00Z,NL,1120,1577,0
2024-06-11T00:00Z,NL,1103,1558,0
2024-06-11T01:00Z,NL,740,1121,0
2024-06-11T02:00Z,NL,859,1271,0
2024-06-11T03:00Z,NL,620,963,22
2024-06-11T04:00Z,NL,650,1003,596
2024-06-11T05:00Z,NL,762,1150,1356
2024-06-11T06:00Z,NL,730,1109,2169
2024-06-11T07:00Z,NL,1031,1475,2965
2024-06-11T08:00Z,NL,936,1365,3171
2024-06-11T09:00Z,NL,680,1044,3303
2024-06-11T10:00Z,NL,908,1331,3767
2024-06-11T11:00Z,NL,612,952,3742
2024-06-11T12:00Z,NL,494,787,4401
2024-06-11T13:00Z,NL,369,605,3646
2024-06-11T14:00Z,NL,270,452,3152
2024-06-11T15:00Z,NL,281,469,2436
2024-06-11T16:00Z,NL,176,301,2005
2024-06-11T17:00Z,NL,229,387,1330
2024-06-11T18:00Z,NL,175,299,725
2024-06-11T19:00Z,NL,138,238,140
2024-06-11T20:00Z,NL,179,306,0
2024-06-11T21:00Z,NL,288,480,0
2024-06-11T22:00Z,NL,313,519,0
2024-06-11T23:00Z,NL,216,366,0
2024-06-12T00:00Z,NL,339,559,0
2024-06-12T01:00Z,NL,470,753,0
2024-06-12T02:00Z,NL,687,1053,0
2024-06-12T03:00Z,NL,808,1208,39
2024-06-12T04:00Z,NL,883,1301,794
2024-06-12T05:00Z,NL,804,1202,1943
2024-06-12T06:00Z,NL,659,1015,2801
2024-06-12T07:00Z,NL,814,1215,3608
2024-06-12T08:00Z,NL,948,1379,4323
2024-06-12T09:00Z,NL,755,1141,5493
2024-06-12T10:00Z,NL,592,925,5892
2024-06-12T11:00Z,NL,483,772,7105
2024-06-12T12:00Z,NL,544,858,6883
2024-06-12T13:00Z,NL,911,1334,5930
2024-06-12T14:00Z,NL,1331,1803,5309
2024-06-12T15:00Z,NL,1599,2065,4591
2024-06-12T16:00Z,NL,1523,1993,3092
2024-06-12T17:00Z,NL,1494,1965,1987
2024-06-12T18:00Z,NL,1848,2289,855
2024-06-12T19:00Z,NL,1771,2222,139
2024-06-12T20:00Z,NL,1329,1800,0
2024-06-12T21:00Z,NL,1008,1449,0
2024-06-12T22:00Z,NL,795,1192,0
2024-06-12T23:00Z,NL,701,1070,0
2024-06-13T00:00Z,NL,693,1060,0
2024-06-13T01:00Z,NL,809,1210,0
2024-06-13T02:00Z,NL,643,994,0
2024-06-13T03:00Z,NL,856,1268,22
2024-06-13T04:00Z,NL,956,1388,435
2024-06-13T05:00Z,NL,1078,1529,998
2024-06-13T06:00Z,NL,1543,2012,1628
2024-06-13T07:00Z,NL,2648,2898,2263
2024-06-13T08:00Z,NL,2972,3106,3234
2024-06-13T09:00Z,NL,3253,3271,4171
2024-06-13T10:00Z,NL,3294,3294,4931
2024-06-13T11:00Z,NL,3047,3151,5207
2024-06-13T12:00Z,NL,2576,2849,5740
2024-06-13T13:00Z,NL,2071,2474,4785
2024-06-13T14:00Z,NL,2094,2492,4298
2024-06-13T15:00Z,NL,2009,2424,3817
2024-06-13T16:00Z,NL,1616,2081,2964
2024-06-13T17:00Z,NL,1253,1721,1849
2024-06-13T18:00Z,NL,1302,1773,965
2024-06-13T19:00Z,NL,839,1246,187
2024-06-13T20:00Z,NL,806,1205,0
2024-06-13T21:00Z,NL,691,1058,0
2024-06-13T22:00Z,NL,1111,1567,0
2024-06-13T23:00Z,NL,1069,1519,0
2024-06-14T00:00Z,NL,917,1342,0
2024-06-14T01:00Z,NL,983,1420,0
2024-06-14T02:00Z,NL,652,1005,0
2024-06-14T03:00Z,NL,691,1057,40
2024-06-14T04:00Z,NL,651,1005,737
2024-06-14T05:00Z,NL,597,932,1548
2024-06-14T06:00Z,NL,617,959,2431
2024-06-14T07:00Z,NL,587,918,3601
2024-06-14T08:00Z,NL,611,951,4318
2024-06-14T09:00Z,NL,498,793,4975
2024-06-14T10:00Z,NL,374,612,5455
2024-06-14T11:00Z,NL,394,642,5441
2024-06-14T12:00Z,NL,369,605,5554
2024-06-14T13:00Z,NL,601,938,4590
2024-06-14T14:00Z,NL,564,886,3904
2024-06-14T15:00Z,NL,367,601,3502
2024-06-14T16:00Z,NL,301,501,2263
2024-06-14T17:00Z,NL,469,751,1404
2024-06-14T18:00Z,NL,508,808,768
2024-06-14T19:00Z,NL,478,765,147
2024-06-14T20:00Z,NL,385,628,0
2024-06-14T21:00Z,NL,463,744,0
2024-06-14T22:00Z,NL,456,733,0
2024-06-14T23:00Z,NL,388,633,0
2024-06-15T00:00Z,NL,404,656,0
2024-06-15T01:00Z,NL,423,686,0
2024-06-15T02:00Z,NL,460,739,0
2024-06-15T03:00Z,NL,288,481,42
2024-06-15T04:00Z,NL,332,548,708
2024-06-15T05:00Z,NL,241,406,1361
2024-06-15T06:00Z,NL,187,320,2263
2024-06-15T07:00Z,NL,301,500,2899
2024-06-15T08:00Z,NL,547,863,3974
2024-06-15T09:00Z,NL,509,809,4894
2024-06-15T10:00Z,NL,571,896,5446
2024-06-15T11:00Z,NL,617,959,5689
2024-06-15T12:00Z,NL,917,1342,4645
2024-06-15T13:00Z,NL,1484,1955,4042
2024-06-15T14:00Z,NL,1397,1869,2996
2024-06-15T15:00Z,NL,1324,1795,2446
2024-06-15T16:00Z,NL,1077,1528,1821
2024-06-15T17:00Z,NL,912,1336,1183
2024-06-15T18:00Z,NL,823,1227,663
2024-06-15T19:00Z,NL,539,852,152
2024-06-15T20:00Z,NL,511,812,0
2024-06-15T21:00Z,NL,437,705,0
2024-06-15T22:00Z,NL,495,790,0
2024-06-15T23:00Z,NL,459,737,0
2024-06-16T00:00Z,NL,610,949,0
2024-06-16T01:00Z,NL,780,1173,0
2024-06-16T02:00Z,NL,590,922,0
2024-06-16T03:00Z,NL,434,701,26
2024-06-16T04:00Z,NL,430,695,441
2024-06-16T05:00Z,NL,579,907,1004
2024-06-16T06:00Z,NL,436,704,1635
2024-06-16T07:00Z,NL,359,589,2269
2024-06-16T08:00Z,NL,569,893,2847
2024-06-16T09:00Z,NL,721,1096,3366
2024-06-16T10:00Z,NL,803,1201,3625
2024-06-16T11:00Z,NL,557,877,3752
2024-06-16T12:00Z,NL,620,963,3683
2024-06-16T13:00Z,NL,574,901,3423
2024-06-16T14:00Z,NL,486,777,2998
2024-06-16T15:00Z,NL,389,634,2447
2024-06-16T16:00Z,NL,463,743,1823
2024-06-16T17:00Z,NL,567,890,1185
2024-06-16T18:00Z,NL,513,815,595
2024-06-16T19:00Z,NL,654,1009,124
2024-06-16T20:00Z,NL,811,1212,0
2024-06-16T21:00Z,NL,694,1062,0
2024-06-16T22:00Z,NL,856,1267,0
2024-06-16T23:00Z,NL,1024,1467,0
2024-06-17T00:00Z,NL,889,1308,0
2024-06-17T01:00Z,NL,822,1225,0
2024-06-17T02:00Z,NL,1040,1486,0
2024-06-17T03:00Z,NL,898,1319,39
2024-06-17T04:00Z,NL,972,1407,736
2024-06-17T05:00Z,NL,748,1132,1761
2024-06-17T06:00Z,NL,1052,1499,3256
2024-06-17T07:00Z,NL,837,1244,4363
2024-06-17T08:00Z,NL,1019,1462,5557
2024-06-17T09:00Z,NL,801,1198,6137
2024-06-17T10:00Z,NL,912,1336,6824
2024-06-17T11:00Z,NL,744,1126,5849
2024-06-17T12:00Z,NL,737,1117,6419
2024-06-17T13:00Z,NL,1228,1695,6132
2024-06-17T14:00Z,NL,911,1334,5887
2024-06-17T15:00Z,NL,1030,1474,5224
2024-06-17T16:00Z,NL,1311,1781,3767
2024-06-17T17:00Z,NL,1456,1928,2513
2024-06-17T18:00Z,NL,1178,1641,1315
2024-06-17T19:00Z,NL,1071,1521,256
2024-06-17T20:00Z,NL,1223,1689,0
2024-06-17T21:00Z,NL,1296,1766,0
2024-06-17T22:00Z,NL,1226,1692,0
2024-06-17T23:00Z,NL,999,1439,0
2024-06-18T00:00Z,NL,851,1262,0
2024-06-18T01:00Z,NL,951,1382,0
2024-06-18T02:00Z,NL,1004,1444,0
2024-06-18T03:00Z,NL,676,1038,67
2024-06-18T04:00Z,NL,914,1338,1154
2024-06-18T05:00Z,NL,910,1333,2609
2024-06-18T06:00Z,NL,712,1085,4123
2024-06-18T07:00Z,NL,634,982,5645
2024-06-18T08:00Z,NL,714,1087,6401
2024-06-18T09:00Z,NL,430,695,6919
2024-06-18T10:00Z,NL,461,740,7014
2024-06-18T11:00Z,NL,514,816,7694
2024-06-18T12:00Z,NL,691,1058,7473
2024-06-18T13:00Z,NL,688,1054,7313
2024-06-18T14:00Z,NL,518,821,6475
2024-06-18T15:00Z,NL,568,891,4738
2024-06-18T16:00Z,NL,570,894,3795
2024-06-18T17:00Z,NL,795,1192,2940
2024-06-18T18:00Z,NL,720,1096,1498
2024-06-18T19:00Z,NL,613,954,288
2024-06-18T20:00Z,NL,665,1023,0
2024-06-18T21:00Z,NL,568,891,0
2024-06-18T22:00Z,NL,529,837,0
2024-06-18T23:00Z,NL,423,685,0
2024-06-19T00:00Z,NL,251,423,0
2024-06-19T01:00Z,NL,205,348,0
2024-06-19T02:00Z,NL,211,358,0
2024-06-19T03:00Z,NL,207,352,68
2024-06-19T04:00Z,NL,220,373,1022
2024-06-19T05:00Z,NL,343,565,2387
2024-06-19T06:00Z,NL,246,415,3774
2024-06-19T07:00Z,NL,239,403,4875
2024-06-19T08:00Z,NL,196,334,6551
2024-06-19T09:00Z,NL,121,209,7541
2024-06-19T10:00Z,NL,120,207,8126
2024-06-19T11:00Z,NL,115,199,8413
2024-06-19T12:00Z,NL,102,177,8158
2024-06-19T13:00Z,NL,142,244,6948
2024-06-19T14:00Z,NL,161,277,5425
2024-06-19T15:00Z,NL,153,264,4838
2024-06-19T16:00Z,NL,138,238,3441
2024-06-19T17:00Z,NL,157,269,2211
2024-06-19T18:00Z,NL,130,225,1099
2024-06-19T19:00Z,NL,101,176,224
2024-06-19T20:00Z,NL,135,233,0
2024-06-19T21:00Z,NL,143,246,0
2024-06-19T22:00Z,NL,151,260,0
2024-06-19T23:00Z,NL,158,271,0
2024-06-20T00:00Z,NL,212,360,0
2024-06-20T01:00Z,NL,178,305,0
2024-06-20T02:00Z,NL,157,270,0
2024-06-20T03:00Z,NL,212,359,55
2024-06-20T04:00Z,NL,156,267,901
2024-06-20T05:00Z,NL,151,260,1713
2024-06-20T06:00Z,NL,97,169,2706
2024-06-20T07:00Z,NL,91,159,3560
2024-06-20T08:00Z,NL,95,165,4909
2024-06-20T09:00Z,NL,98,170,5757
2024-06-20T10:00Z,NL,124,214,5750
2024-06-20T11:00Z,NL,61,107,5638
2024-06-20T12:00Z,NL,105,183,6058
2024-06-20T13:00Z,NL,102,177,5098
2024-06-20T14:00Z,NL,73,127,4626
2024-06-20T15:00Z,NL,65,114,3878
2024-06-20T16:00Z,NL,56,99,3033
2024-06-20T17:00Z,NL,50,88,2051
2024-06-20T18:00Z,NL,38,67,1161
2024-06-20T19:00Z,NL,28,49,254
2024-06-20T20:00Z,NL,37,65,0
2024-06-20T21:00Z,NL,45,79,0
2024-06-20T22:00Z,NL,38,68,0
2024-06-20T23:00Z,NL,49,87,0
2024-06-21T00:00Z,NL,30,54,0
2024-06-21T01:00Z,NL,25,45,0
2024-06-21T02:00Z,NL,20,35,0
2024-06-21T03:00Z,NL,15,27,46
2024-06-21T04:00Z,NL,13,22,643
2024-06-21T05:00Z,NL,14,25,1327
2024-06-21T06:00Z,NL,11,20,2298
2024-06-21T07:00Z,NL,9,16,2759
2024-06-21T08:00Z,NL,4,8,4164
2024-06-21T09:00Z,NL,8,14,4971
2024-06-21T10:00Z,NL,9,16,5677
2024-06-21T11:00Z,NL,10,17,6250
2024-06-21T12:00Z,NL,17,30,6494
2024-06-21T13:00Z,NL,11,19,5395
2024-06-21T14:00Z,NL,11,19,5502
2024-06-21T15:00Z,NL,7,12,4141
2024-06-21T16:00Z,NL,8,14,3420
2024-06-21T17:00Z,NL,10,18,2258
2024-06-21T18:00Z,NL,8,14,1112
2024-06-21T19:00Z,NL,7,13,233
2024-06-21T20:00Z,NL,10,17,0
2024-06-21T21:00Z,NL,8,14,0
2024-06-21T22:00Z,NL,11,20,0
2024-06-21T23:00Z,NL,18,33,0
2024-06-22T00:00Z,NL,25,44,0
2024-06-22T01:00Z,NL,21,37,0
2024-06-22T02:00Z,NL,38,67,0
2024-06-22T03:00Z,NL,53,93,71
2024-06-22T04:00Z,NL,33,59,1150
2024-06-22T05:00Z,NL,24,42,2535
2024-06-22T06:00Z,NL,32,56,4330
2024-06-22T07:00Z,NL,19,34,6120
2024-06-22T08:00Z,NL,31,55,7502
2024-06-22T09:00Z,NL,32,56,8657
2024-06-22T10:00Z,NL,23,41,9253
2024-06-22T11:00Z,NL,16,28,9403
2024-06-22T12:00Z,NL,20,35,8866
2024-06-22T13:00Z,NL,35,62,7768
2024-06-22T14:00Z,NL,46,80,7158
2024-06-22T15:00Z,NL,29,51,5505
2024-06-22T16:00Z,NL,33,58,4437
2024-06-22T17:00Z,NL,41,71,2564
2024-06-22T18:00Z,NL,40,70,1274
2024-06-22T19:00Z,NL,31,55,267
2024-06-22T20:00Z,NL,33,59,0
2024-06-22T21:00Z,NL,34,60,0
2024-06-22T22:00Z,NL,39,69,0
2024-06-22T23:00Z,NL,25,44,0
2024-06-23T00:00Z,NL,38,67,0
2024-06-23T01:00Z,NL,26,46,0
2024-06-23T02:00Z,NL,31,55,0
2024-06-23T03:00Z,NL,39,69,53
2024-06-23T04:00Z,NL,34,61,840
2024-06-23T05:00Z,NL,27,48,1903
2024-06-23T06:00Z,NL,45,79,3029
2024-06-23T07:00Z,NL,36,63,4056
2024-06-23T08:00Z,NL,52,92,5121
2024-06-23T09:00Z,NL,85,149,4797
2024-06-23T10:00Z,NL,68,119,5399
2024-06-23T11:00Z,NL,53,94,6282
2024-06-23T12:00Z,NL,92,161,6533
2024-06-23T13:00Z,NL,128,221,7015
2024-06-23T14:00Z,NL,181,309,6076
2024-06-23T15:00Z,NL,225,381,5104
2024-06-23T16:00Z,NL,284,473,3669
2024-06-23T17:00Z,NL,260,437,2245
2024-06-23T18:00Z,NL,348,573,1250
2024-06-23T19:00Z,NL,384,626,295
2024-06-23T20:00Z,NL,459,737,0
2024-06-23T21:00Z,NL,671,1031,0
2024-06-23T22:00Z,NL,636,984,0
2024-06-23T23:00Z,NL,372,610,0
2024-06-24T00:00Z,NL,510,811,0
2024-06-24T01:00Z,NL,375,613,0
2024-06-24T02:00Z,NL,444,715,0
2024-06-24T03:00Z,NL,389,635,47
2024-06-24T04:00Z,NL,321,532,846
2024-06-24T05:00Z,NL,287,478,2018
2024-06-24T06:00Z,NL,285,476,3464
2024-06-24T07:00Z,NL,362,594,4931
2024-06-24T08:00Z,NL,531,840,6429
2024-06-24T09:00Z,NL,650,1004,7014
2024-06-24T10:00Z,NL,494,788,8140
2024-06-24T11:00Z,NL,564,886,8395
2024-06-24T12:00Z,NL,508,807,7957
2024-06-24T13:00Z,NL,353,581,7498
2024-06-24T14:00Z,NL,348,572,6182
2024-06-24T15:00Z,NL,216,366,5125
2024-06-24T16:00Z,NL,274,458,3680
2024-06-24T17:00Z,NL,267,447,2253
2024-06-24T18:00Z,NL,273,457,1083
2024-06-24T19:00Z,NL,158,271,220
2024-06-24T20:00Z,NL,145,250,0
2024-06-24T21:00Z,NL,141,243,0
2024-06-24T22:00Z,NL,138,238,0
2024-06-24T23:00Z,NL,186,318,0
2024-06-25T00:00Z,NL,220,372,0
2024-06-25T01:00Z,NL,197,336,0
2024-06-25T02:00Z,NL,192,326,0
2024-06-25T03:00Z,NL,278,465,63
2024-06-25T04:00Z,NL,359,589,1166
2024-06-25T05:00Z,NL,415,673,2819
2024-06-25T06:00Z,NL,339,559,4704
2024-06-25T07:00Z,NL,614,955,6748
2024-06-25T08:00Z,NL,833,1239,8635
2024-06-25T09:00Z,NL,1153,1612,10428
2024-06-25T10:00Z,NL,904,1326,11347
2024-06-25T11:00Z,NL,726,1104,11050
2024-06-25T12:00Z,NL,768,1157,10965
2024-06-25T13:00Z,NL,945,1375,10200
2024-06-25T14:00Z,NL,701,1070,9600
2024-06-25T15:00Z,NL,710,1082,7871
2024-06-25T16:00Z,NL,752,1137,5356
2024-06-25T17:00Z,NL,427,691,3489
2024-06-25T18:00Z,NL,539,852,1651
2024-06-25T19:00Z,NL,688,1053,324
2024-06-25T20:00Z,NL,501,798,0
2024-06-25T21:00Z,NL,745,1128,0
2024-06-25T22:00Z,NL,699,1069,0
2024-06-25T23:00Z,NL,629,974,0
2024-06-26T00:00Z,NL,1261,1729,0
2024-06-26T01:00Z,NL,751,1135,0
2024-06-26T02:00Z,NL,729,1107,0
2024-06-26T03:00Z,NL,782,1176,81
2024-06-26T04:00Z,NL,704,1074,1536
2024-06-26T05:00Z,NL,815,1216,3598
2024-06-26T06:00Z,NL,487,778,6137
2024-06-26T07:00Z,NL,592,925,8412
2024-06-26T08:00Z,NL,595,929,9847
2024-06-26T09:00Z,NL,620,963,11059
2024-06-26T10:00Z,NL,706,1077,12633
2024-06-26T11:00Z,NL,845,1254,13511
2024-06-26T12:00Z,NL,927,1353,13038
2024-06-26T13:00Z,NL,694,1061,12393
2024-06-26T14:00Z,NL,634,981,10690
2024-06-26T15:00Z,NL,615,956,9000
2024-06-26T16:00Z,NL,577,904,6475
2024-06-26T17:00Z,NL,716,1090,4341
2024-06-26T18:00Z,NL,761,1148,2106
2024-06-26T19:00Z,NL,897,1318,448
2024-06-26T20:00Z,NL,917,1341,0
2024-06-26T21:00Z,NL,733,1113,0
2024-06-26T22:00Z,NL,567,890,0
2024-06-26T23:00Z,NL,713,1087,0
2024-06-27T00:00Z,NL,549,865,0
2024-06-27T01:00Z,NL,709,1081,0
2024-06-27T02:00Z,NL,589,921,0
2024-06-27T03:00Z,NL,552,869,69
2024-06-27T04:00Z,NL,963,1396,1279
2024-06-27T05:00Z,NL,838,1246,3026
2024-06-27T06:00Z,NL,986,1423,4773
2024-06-27T07:00Z,NL,905,1327,6137
2024-06-27T08:00Z,NL,592,924,7555
2024-06-27T09:00Z,NL,589,921,8987
2024-06-27T10:00Z,NL,677,1039,9864
2024-06-27T11:00Z,NL,666,1025,10231
2024-06-27T12:00Z,NL,1014,1457,9991
2024-06-27T13:00Z,NL,1184,1647,9011
2024-06-27T14:00Z,NL,1265,1734,7364
2024-06-27T15:00Z,NL,1012,1454,6265
2024-06-27T16:00Z,NL,1176,1638,4864
2024-06-27T17:00Z,NL,1035,1481,3026
2024-06-27T18:00Z,NL,884,1301,1395
2024-06-27T19:00Z,NL,743,1125,300
2024-06-27T20:00Z,NL,977,1413,0
2024-06-27T21:00Z,NL,761,1149,0
2024-06-27T22:00Z,NL,857,1269,0
2024-06-27T23:00Z,NL,464,745,0
2024-06-28T00:00Z,NL,506,805,0
2024-06-28T01:00Z,NL,725,1102,0
2024-06-28T02:00Z,NL,578,906,0
2024-06-28T03:00Z,NL,567,890,72
2024-06-28T04:00Z,NL,443,715,1501
2024-06-28T05:00Z,NL,378,617,3700
2024-06-28T06:00Z,NL,297,495,6004
2024-06-28T07:00Z,NL,360,591,7870
2024-06-28T08:00Z,NL,390,636,9423
2024-06-28T09:00Z,NL,627,972,10818
2024-06-28T10:00Z,NL,442,713,12132
2024-06-28T11:00Z,NL,595,929,12580
2024-06-28T12:00Z,NL,623,967,12389
2024-06-28T13:00Z,NL,697,1066,11824
2024-06-28T14:00Z,NL,976,1412,10707
2024-06-28T15:00Z,NL,894,1314,8642
2024-06-28T16:00Z,NL,535,846,6852
2024-06-28T17:00Z,NL,733,1112,4392
2024-06-28T18:00Z,NL,633,980,2217
2024-06-28T19:00Z,NL,499,795,472
2024-06-28T20:00Z,NL,581,909,0
2024-06-28T21:00Z,NL,479,767,0
2024-06-28T22:00Z,NL,339,559,0
2024-06-28T23:00Z,NL,337,555,0
2024-06-29T00:00Z,NL,283,472,0
2024-06-29T01:00Z,NL,380,621,0
2024-06-29T02:00Z,NL,344,567,0
2024-06-29T03:00Z,NL,269,451,71
2024-06-29T04:00Z,NL,266,446,1614
2024-06-29T05:00Z,NL,310,514,3565
2024-06-29T06:00Z,NL,383,625,5696
2024-06-29T07:00Z,NL,289,482,7863
2024-06-29T08:00Z,NL,488,780,9988
2024-06-29T09:00Z,NL,396,645,11720
2024-06-29T10:00Z,NL,355,584,12748
2024-06-29T11:00Z,NL,446,719,12830
2024-06-29T12:00Z,NL,398,647,11677
2024-06-29T13:00Z,NL,420,681,10891
2024-06-29T14:00Z,NL,340,561,9266
2024-06-29T15:00Z,NL,251,422,6807
2024-06-29T16:00Z,NL,266,445,5482
2024-06-29T17:00Z,NL,287,478,3801
2024-06-29T18:00Z,NL,291,484,1965
2024-06-29T19:00Z,NL,282,470,393
2024-06-29T20:00Z,NL,260,436,0
2024-06-29T21:00Z,NL,361,593,0
2024-06-29T22:00Z,NL,527,835,0
2024-06-29T23:00Z,NL,580,908,0
2024-06-30T00:00Z,NL,444,715,0
2024-06-30T01:00Z,NL,567,890,0
2024-06-30T02:00Z,NL,782,1176,0
2024-06-30T03:00Z,NL,738,1119,52
2024-06-30T04:00Z,NL,782,1175,1352
2024-06-30T05:00Z,NL,1049,1496,3132
2024-06-30T06:00Z,NL,841,1249,5211
2024-06-30T07:00Z,NL,727,1104,6847
2024-06-30T08:00Z,NL,990,1428,8317
2024-06-30T09:00Z,NL,1202,1667,10135
2024-06-30T10:00Z,NL,1324,1795,10789
2024-06-30T11:00Z,NL,1680,2140,11657
2024-06-30T12:00Z,NL,2113,2507,11520
2024-06-30T13:00Z,NL,1921,2351,9997
2024-06-30T14:00Z,NL,2368,2701,8903
2024-06-30T15:00Z,NL,1820,2264,7345
2024-06-30T16:00Z,NL,1738,2193,5178
2024-06-30T17:00Z,NL,1784,2233,3456
2024-06-30T18:00Z,NL,1421,1893,1632
2024-06-30T19:00Z,NL,1800,2247,325
2024-06-30T20:00Z,NL,1941,2367,0
2024-06-30T21:00Z,NL,1766,2217,0
2023-12-31T23:00Z,BE,311,479,0
2024-01-01T00:00Z,BE,217,348,0
2024-01-01T01:00Z,BE,229,365,0
2024-01-01T02:00Z,BE,236,375,0
2024-01-01T03:00Z,BE,182,296,0
2024-01-01T04:00Z,BE,217,348,0
2024-01-01T05:00Z,BE,168,275,0
2024-01-01T06:00Z,BE,167,274,0
2024-01-01T07:00Z,BE,123,206,0
2024-01-01T08:00Z,BE,158,260,187
2024-01-01T09:00Z,BE,136,226,441
2024-01-01T10:00Z,BE,116,194,557
2024-01-01T11:00Z,BE,177,289,610
2024-01-01T12:00Z,BE,172,281,592
2024-01-01T13:00Z,BE,163,268,545
2024-01-01T14:00Z,BE,92,155,253
2024-01-01T15:00Z,BE,113,189,17
2024-01-01T16:00Z,BE,121,202,0
2024-01-01T17:00Z,BE,156,257,0
2024-01-01T18:00Z,BE,163,267,0
2024-01-01T19:00Z,BE,160,263,0
2024-01-01T20:00Z,BE,147,243,0
2024-01-01T21:00Z,BE,176,287,0
2024-01-01T22:00Z,BE,258,407,0
2024-01-01T23:00Z,BE,264,415,0
2024-01-02T00:00Z,BE,349,529,0
2024-01-02T01:00Z,BE,362,546,0
2024-01-02T02:00Z,BE,582,805,0
2024-01-02T03:00Z,BE,667,894,0
2024-01-02T04:00Z,BE,726,952,0
2024-01-02T05:00Z,BE,910,1121,0
2024-01-02T06:00Z,BE,973,1173,0
2024-01-02T07:00Z,BE,953,1156,0
2024-01-02T08:00Z,BE,979,1178,262
2024-01-02T09:00Z,BE,1277,1400,675
2024-01-02T10:00Z,BE,1129,1295,912
2024-01-02T11:00Z,BE,1191,1340,1157
2024-01-02T12:00Z,BE,1011,1204,1129
2024-01-02T13:00Z,BE,614,839,824
2024-01-02T14:00Z,BE,699,926,470
2024-01-02T15:00Z,BE,813,1035,39
2024-01-02T16:00Z,BE,1015,1207,0
2024-01-02T17:00Z,BE,853,1070,0
2024-01-02T18:00Z,BE,808,1030,0
2024-01-02T19:00Z,BE,741,967,0
2024-01-02T20:00Z,BE,654,880,0
2024-01-02T21:00Z,BE,865,1081,0
2024-01-02T22:00Z,BE,937,1143,0
2024-01-02T23:00Z,BE,1007,1201,0
2024-01-03T00:00Z,BE,871,1087,0
2024-01-03T01:00Z,BE,793,1016,0
2024-01-03T02:00Z,BE,602,826,0
2024-01-03T03:00Z,BE,594,818,0
2024-01-03T04:00Z,BE,626,851,0
2024-01-03T05:00Z,BE,912,1122,0
2024-01-03T06:00Z,BE,1274,1398,0
2024-01-03T07:00Z,BE,1283,1404,0
2024-01-03T08:00Z,BE,1674,1641,188
2024-01-03T09:00Z,BE,1521,1555,480
2024-01-03T10:00Z,BE,1379,1467,696
2024-01-03T11:00Z,BE,799,1022,815
2024-01-03T12:00Z,BE,659,885,795
2024-01-03T13:00Z,BE,394,586,571
2024-01-03T14:00Z,BE,326,499,312
2024-01-03T15:00Z,BE,483,694,29
2024-01-03T16:00Z,BE,751,977,0
2024-01-03T17:00Z,BE,1093,1268,0
2024-01-03T18:00Z,BE,1297,1413,0
2024-01-03T19:00Z,BE,1477,1528,0
2024-01-03T20:00Z,BE,1567,1581,0
2024-01-03T21:00Z,BE,1254,1384,0
2024-01-03T22:00Z,BE,941,1146,0
2024-01-03T23:00Z,BE,1046,1232,0
2024-01-04T00:00Z,BE,1253,1383,0
2024-01-04T01:00Z,BE,1791,1702,0
2024-01-04T02:00Z,BE,1895,1754,0
2024-01-04T03:00Z,BE,2216,1898,0
2024-01-04T04:00Z,BE,1905,1759,0
2024-01-04T05:00Z,BE,1994,1801,0
2024-01-04T06:00Z,BE,2013,1810,0
2024-01-04T07:00Z,BE,2355,1954,0
2024-01-04T08:00Z,BE,2312,1937,153
2024-01-04T09:00Z,BE,2262,1917,370
2024-01-04T10:00Z,BE,2223,1901,440
2024-01-04T11:00Z,BE,2376,1962,608
2024-01-04T12:00Z,BE,2314,1938,554
2024-01-04T13:00Z,BE,2329,1944,398
2024-01-04T14:00Z,BE,2349,1951,223
2024-01-04T15:00Z,BE,2388,1967,24
2024-01-04T16:00Z,BE,2259,1916,0
2024-01-04T17:00Z,BE,2057,1830,0
2024-01-04T18:00Z,BE,2196,1890,0
2024-01-04T19:00Z,BE,2439,1986,0
2024-01-04T20:00Z,BE,2495,2006,0
2024-01-04T21:00Z,BE,2433,1983,0
2024-01-04T22:00Z,BE,2145,1868,0
2024-01-04T23:00Z,BE,1995,1801,0
2024-01-05T00:00Z,BE,1907,1760,0
2024-01-05T01:00Z,BE,1813,1714,0
2024-01-05T02:00Z,BE,1900,1757,0
2024-01-05T03:00Z,BE,1591,1595,0
2024-01-05T04:00Z,BE,1591,1595,0
2024-01-05T05:00Z,BE,1574,1585,0
2024-01-05T06:00Z,BE,1544,1568,0
2024-01-05T07:00Z,BE,1737,1674,0
2024-01-05T08:00Z,BE,1454,1514,120
2024-01-05T09:00Z,BE,1594,1597,308
2024-01-05T10:00Z,BE,1603,1602,475
2024-01-05T11:00Z,BE,1505,1545,554
2024-01-05T12:00Z,BE,1733,1672,617
2024-01-05T13:00Z,BE,1558,1576,510
2024-01-05T14:00Z,BE,1664,1636,297
2024-01-05T15:00Z,BE,1831,1723,34
2024-01-05T16:00Z,BE,1871,1742,0
2024-01-05T17:00Z,BE,1869,1742,0
2024-01-05T18:00Z,BE,2119,1857,0
2024-01-05T19:00Z,BE,2188,1886,0
2024-01-05T20:00Z,BE,2111,1853,0
2024-01-05T21:00Z,BE,1856,1735,0
2024-01-05T22:00Z,BE,1994,1801,0
2024-01-05T23:00Z,BE,1878,1746,0
2024-01-06T00:00Z,BE,1399,1480,0
2024-01-06T01:00Z,BE,1290,1409,0
2024-01-06T02:00Z,BE,1536,1563,0
2024-01-06T03:00Z,BE,1575,1586,0
2024-01-06T04:00Z,BE,1429,1498,0
2024-01-06T05:00Z,BE,1606,1603,0
2024-01-06T06:00Z,BE,1629,1616,0
2024-01-06T07:00Z,BE,1760,1687,0
2024-01-06T08:00Z,BE,2072,1836,195
2024-01-06T09:00Z,BE,1850,1732,489
2024-01-06T10:00Z,BE,1979,1794,674
2024-01-06T11:00Z,BE,1936,1774,825
2024-01-06T12:00Z,BE,1628,1615,812
2024-01-06T13:00Z,BE,1305,1419,589
2024-01-06T14:00Z,BE,1144,1306,313
2024-01-06T15:00Z,BE,1021,1212,36
2024-01-06T16:00Z,BE,873,1088,0
2024-01-06T17:00Z,BE,1064,1246,0
2024-01-06T18:00Z,BE,1057,1240,0
2024-01-06T19:00Z,BE,1218,1359,0
2024-01-06T20:00Z,BE,902,1113,0
2024-01-06T21:00Z,BE,822,1042,0
2024-01-06T22:00Z,BE,795,1018,0
2024-01-06T23:00Z,BE,739,965,0
2024-01-07T00:00Z,BE,519,735,0
2024-01-07T01:00Z,BE,531,748,0
2024-01-07T02:00Z,BE,363,547,0
2024-01-07T03:00Z,BE,560,781,0
2024-01-07T04:00Z,BE,825,1046,0
2024-01-07T05:00Z,BE,1311,1423,0
2024-01-07T06:00Z,BE,941,1147,0
2024-01-07T07:00Z,BE,901,1112,0
2024-01-07T08:00Z,BE,1112,1282,132
2024-01-07T09:00Z,BE,934,1141,257
2024-01-07T10:00Z,BE,967,1168,363
2024-01-07T11:00Z,BE,1146,1307,410
2024-01-07T12:00Z,BE,998,1193,390
2024-01-07T13:00Z,BE,1039,1226,306
2024-01-07T14:00Z,BE,1156,1314,172
2024-01-07T15:00Z,BE,1188,1338,22
2024-01-07T16:00Z,BE,1245,1378,0
2024-01-07T17:00Z,BE,1214,1356,0
2024-01-07T18:00Z,BE,1007,1201,0
2024-01-07T19:00Z,BE,1372,1463,0
2024-01-07T20:00Z,BE,1571,1584,0
2024-01-07T21:00Z,BE,1786,1700,0
2024-01-07T22:00Z,BE,1747,1680,0
2024-01-07T23:00Z,BE,1929,1771,0
2024-01-08T00:00Z,BE,1819,1717,0
2024-01-08T01:00Z,BE,1753,1683,0
2024-01-08T02:00Z,BE,1608,1604,0
2024-01-08T03:00Z,BE,1637,1621,0
2024-01-08T04:00Z,BE,1610,1606,0
2024-01-08T05:00Z,BE,1487,1534,0
2024-01-08T06:00Z,BE,1439,1505,0
2024-01-08T07:00Z,BE,1473,1525,0
2024-01-08T08:00Z,BE,1219,1360,135
2024-01-08T09:00Z,BE,1358,1454,304
2024-01-08T10:00Z,BE,1743,1678,442
2024-01-08T11:00Z,BE,1601,1601,503
2024-01-08T12:00Z,BE,1886,1750,567
2024-01-08T13:00Z,BE,1723,1667,423
2024-01-08T14:00Z,BE,1719,1665,231
2024-01-08T15:00Z,BE,1815,1715,31
2024-01-08T16:00Z,BE,2077,1839,0
2024-01-08T17:00Z,BE,2241,1908,0
2024-01-08T18:00Z,BE,2231,1904,0
2024-01-08T19:00Z,BE,2118,1856,0
2024-01-08T20:00Z,BE,2214,1897,0
2024-01-08T21:00Z,BE,2090,1844,0
2024-01-08T22:00Z,BE,1847,1731,0
2024-01-08T23:00Z,BE,1445,1508,0
2024-01-09T00:00Z,BE,1582,1590,0
2024-01-09T01:00Z,BE,1256,1386,0
2024-01-09T02:00Z,BE,1377,1466,0
2024-01-09T03:00Z,BE,1551,1572,0
2024-01-09T04:00Z,BE,1720,1665,0
2024-01-09T05:00Z,BE,1938,1775,0
2024-01-09T06:00Z,BE,1985,1797,0
2024-01-09T07:00Z,BE,2154,1872,0
2024-01-09T08:00Z,BE,2028,1817,124
2024-01-09T09:00Z,BE,2270,1920,283
2024-01-09T10:00Z,BE,2096,1847,428
2024-01-09T11:00Z,BE,2053,1828,440
2024-01-09T12:00Z,BE,2192,1888,400
2024-01-09T13:00Z,BE,2287,1927,338
2024-01-09T14:00Z,BE,2330,1944,245
2024-01-09T15:00Z,BE,2253,1913,37
2024-01-09T16:00Z,BE,2298,1931,0
2024-01-09T17:00Z,BE,2002,1805,0
2024-01-09T18:00Z,BE,1701,1655,0
2024-01-09T19:00Z,BE,1611,1606,0
2024-01-09T20:00Z,BE,1242,1376,0
2024-01-09T21:00Z,BE,1105,1277,0
2024-01-09T22:00Z,BE,816,1037,0
2024-01-09T23:00Z,BE,1081,1259,0
2024-01-10T00:00Z,BE,1198,1345,0
2024-01-10T01:00Z,BE,1305,1419,0
2024-01-10T02:00Z,BE,1346,1446,0
2024-01-10T03:00Z,BE,1697,1653,0
2024-01-10T04:00Z,BE,1595,1597,0
2024-01-10T05:00Z,BE,1409,1486,0
2024-01-10T06:00Z,BE,1471,1524,0
2024-01-10T07:00Z,BE,1620,1611,0
2024-01-10T08:00Z,BE,1426,1497,231
2024-01-10T09:00Z,BE,1450,1512,543
2024-01-10T10:00Z,BE,1341,1443,800
2024-01-10T11:00Z,BE,1149,1310,976
2024-01-10T12:00Z,BE,983,1181,862
2024-01-10T13:00Z,BE,1104,1276,673
2024-01-10T14:00Z,BE,935,1142,404
2024-01-10T15:00Z,BE,882,1096,55
2024-01-10T16:00Z,BE,769,994,0
2024-01-10T17:00Z,BE,775,999,0
2024-01-10T18:00Z,BE,778,1002,0
2024-01-10T19:00Z,BE,508,723,0
2024-01-10T20:00Z,BE,549,768,0
2024-01-10T21:00Z,BE,477,687,0
2024-01-10T22:00Z,BE,656,882,0
2024-01-10T23:00Z,BE,557,778,0
2024-01-11T00:00Z,BE,643,869,0
2024-01-11T01:00Z,BE,859,1076,0
2024-01-11T02:00Z,BE,750,976,0
2024-01-11T03:00Z,BE,790,1013,0
2024-01-11T04:00Z,BE,961,1163,0
2024-01-11T05:00Z,BE,821,1041,0
2024-01-11T06:00Z,BE,1069,1250,0
2024-01-11T07:00Z,BE,1025,1215,0
2024-01-11T08:00Z,BE,864,1080,235
2024-01-11T09:00Z,BE,852,1070,523
2024-01-11T10:00Z,BE,812,1034,753
2024-01-11T11:00Z,BE,664,891,917
2024-01-11T12:00Z,BE,755,980,932
2024-01-11T13:00Z,BE,707,934,783
2024-01-11T14:00Z,BE,395,588,472
2024-01-11T15:00Z,BE,621,847,78
2024-01-11T16:00Z,BE,912,1122,0
2024-01-11T17:00Z,BE,905,1116,0
2024-01-11T18:00Z,BE,995,1191,0
2024-01-11T19:00Z,BE,617,842,0
2024-01-11T20:00Z,BE,658,885,0
2024-01-11T21:00Z,BE,689,916,0
2024-01-11T22:00Z,BE,611,836,0
2024-01-11T23:00Z,BE,642,869,0
2024-01-12T00:00Z,BE,550,770,0
2024-01-12T01:00Z,BE,433,635,0
2024-01-12T02:00Z,BE,366,550,0
2024-01-12T03:00Z,BE,261,410,0
2024-01-12T04:00Z,BE,258,407,0
2024-01-12T05:00Z,BE,307,473,0
2024-01-12T06:00Z,BE,633,859,0
2024-01-12T07:00Z,BE,564,785,0
2024-01-12T08:00Z,BE,406,601,259
2024-01-12T09:00Z,BE,307,473,584
2024-01-12T10:00Z,BE,455,661,795
2024-01-12T11:00Z,BE,564,786,883
2024-01-12T12:00Z,BE,488,699,784
2024-01-12T13:00Z,BE,272,426,664
2024-01-12T14:00Z,BE,259,407,398
2024-01-12T15:00Z,BE,241,382,68
2024-01-12T16:00Z,BE,160,262,0
2024-01-12T17:00Z,BE,133,221,0
2024-01-12T18:00Z,BE,85,144,0
2024-01-12T19:00Z,BE,55,96,0
2024-01-12T20:00Z,BE,66,113,0
2024-01-12T21:00Z,BE,80,136,0
2024-01-12T22:00Z,BE,81,139,0
2024-01-12T23:00Z,BE,104,176,0
2024-01-13T00:00Z,BE,111,187,0
2024-01-13T01:00Z,BE,162,267,0
2024-01-13T02:00Z,BE,126,211,0
2024-01-13T03:00Z,BE,129,214,0
2024-01-13T04:00Z,BE,96,162,0
2024-01-13T05:00Z,BE,114,191,0
2024-01-13T06:00Z,BE,153,253,0
2024-01-13T07:00Z,BE,191,309,0
2024-01-13T08:00Z,BE,205,330,188
2024-01-13T09:00Z,BE,154,253,380
2024-01-13T10:00Z,BE,164,269,499
2024-01-13T11:00Z,BE,152,252,634
2024-01-13T12:00Z,BE,183,298,532
2024-01-13T13:00Z,BE,190,308,336
2024-01-13T14:00Z,BE,194,314,221
2024-01-13T15:00Z,BE,304,469,46
2024-01-13T16:00Z,BE,333,509,0
2024-01-13T17:00Z,BE,329,503,0
2024-01-13T18:00Z,BE,280,437,0
2024-01-13T19:00Z,BE,318,488,0
2024-01-13T20:00Z,BE,277,432,0
2024-01-13T21:00Z,BE,202,326,0
2024-01-13T22:00Z,BE,189,306,0
2024-01-13T23:00Z,BE,162,266,0
2024-01-14T00:00Z,BE,110,185,0
2024-01-14T01:00Z,BE,136,226,0
2024-01-14T02:00Z,BE,131,218,0
2024-01-14T03:00Z,BE,148,245,0
2024-01-14T04:00Z,BE,151,250,0
2024-01-14T05:00Z,BE,97,164,0
2024-01-14T06:00Z,BE,95,160,0
2024-01-14T07:00Z,BE,89,151,0
2024-01-14T08:00Z,BE,103,173,308
2024-01-14T09:00Z,BE,112,188,669
2024-01-14T10:00Z,BE,109,183,858
2024-01-14T11:00Z,BE,161,265,942
2024-01-14T12:00Z,BE,159,261,810
2024-01-14T13:00Z,BE,133,222,606
2024-01-14T14:00Z,BE,117,196,388
2024-01-14T15:00Z,BE,209,336,76
2024-01-14T16:00Z,BE,274,429,0
2024-01-14T17:00Z,BE,221,354,0
2024-01-14T18:00Z,BE,236,375,0
2024-01-14T19:00Z,BE,310,477,0
2024-01-14T20:00Z,BE,396,589,0
2024-01-14T21:00Z,BE,587,811,0
2024-01-14T22:00Z,BE,612,837,0
2024-01-14T23:00Z,BE,527,744,0
2024-01-15T00:00Z,BE,358,541,0
2024-01-15T01:00Z,BE,344,522,0
2024-01-15T02:00Z,BE,304,470,0
2024-01-15T03:00Z,BE,462,669,0
2024-01-15T04:00Z,BE,730,957,0
2024-01-15T05:00Z,BE,917,1127,0
2024-01-15T06:00Z,BE,1339,1441,0
2024-01-15T07:00Z,BE,1319,1428,0
2024-01-15T08:00Z,BE,1422,1494,265
2024-01-15T09:00Z,BE,1352,1450,563
2024-01-15T10:00Z,BE,1352,1450,809
2024-01-15T11:00Z,BE,1110,1281,937
2024-01-15T12:00Z,BE,1466,1521,911
2024-01-15T13:00Z,BE,1759,1686,763
2024-01-15T14:00Z,BE,2105,1851,467
2024-01-15T15:00Z,BE,2080,1840,94
2024-01-15T16:00Z,BE,1836,1725,0
2024-01-15T17:00Z,BE,1903,1758,0
2024-01-15T18:00Z,BE,2201,1892,0
2024-01-15T19:00Z,BE,2163,1876,0
2024-01-15T20:00Z,BE,2332,1945,0
2024-01-15T21:00Z,BE,2194,1889,0
2024-01-15T22:00Z,BE,1996,1802,0
2024-01-15T23:00Z,BE,1850,1732,0
2024-01-16T00:00Z,BE,1825,1720,0
2024-01-16T01:00Z,BE,1798,1706,0
2024-01-16T02:00Z,BE,1598,1599,0
2024-01-16T03:00Z,BE,1865,1740,0
2024-01-16T04:00Z,BE,1941,1776,0
2024-01-16T05:00Z,BE,2129,1861,0
2024-01-16T06:00Z,BE,2085,1842,0
2024-01-16T07:00Z,BE,2061,1831,0
2024-01-16T08:00Z,BE,2138,1865,289
2024-01-16T09:00Z,BE,2293,1929,587
2024-01-16T10:00Z,BE,2193,1889,787
2024-01-16T11:00Z,BE,2066,1834,893
2024-01-16T12:00Z,BE,2067,1834,804
2024-01-16T13:00Z,BE,1864,1739,616
2024-01-16T14:00Z,BE,1952,1781,405
2024-01-16T15:00Z,BE,2001,1804,95
2024-01-16T16:00Z,BE,1687,1648,0
2024-01-16T17:00Z,BE,1777,1695,0
2024-01-16T18:00Z,BE,1772,1693,0
2024-01-16T19:00Z,BE,1636,1620,0
2024-01-16T20:00Z,BE,1347,1446,0
2024-01-16T21:00Z,BE,1509,1547,0
2024-01-16T22:00Z,BE,1579,1588,0
2024-01-16T23:00Z,BE,1519,1553,0
2024-01-17T00:00Z,BE,1381,1469,0
2024-01-17T01:00Z,BE,1357,1453,0
2024-01-17T02:00Z,BE,1380,1468,0
2024-01-17T03:00Z,BE,1559,1577,0
2024-01-17T04:00Z,BE,1418,1492,0
2024-01-17T05:00Z,BE,1344,1445,0
2024-01-17T06:00Z,BE,1408,1485,0
2024-01-17T07:00Z,BE,1736,1674,0
2024-01-17T08:00Z,BE,1800,1707,320
2024-01-17T09:00Z,BE,1748,1680,618
2024-01-17T10:00Z,BE,1977,1793,829
2024-01-17T11:00Z,BE,2396,1969,887
2024-01-17T12:00Z,BE,2491,2005,937
2024-01-17T13:00Z,BE,2560,2030,765
2024-01-17T14:00Z,BE,2632,2055,490
2024-01-17T15:00Z,BE,2627,2053,102
2024-01-17T16:00Z,BE,2677,2070,0
2024-01-17T17:00Z,BE,2697,2077,0
2024-01-17T18:00Z,BE,2680,2071,0
2024-01-17T19:00Z,BE,2700,2078,0
2024-01-17T20:00Z,BE,2697,2077,0
2024-01-17T21:00Z,BE,2712,2082,0
2024-01-17T22:00Z,BE,2724,2086,0
2024-01-17T23:00Z,BE,2733,2089,0
2024-01-18T00:00Z,BE,2708,2081,0
2024-01-18T01:00Z,BE,2678,2071,0
2024-01-18T02:00Z,BE,2627,2053,0
2024-01-18T03:00Z,BE,2617,2050,0
2024-01-18T04:00Z,BE,2597,2043,0
2024-01-18T05:00Z,BE,2556,2028,0
2024-01-18T06:00Z,BE,2475,1999,0
2024-01-18T07:00Z,BE,2349,1951,0
2024-01-18T08:00Z,BE,2345,1950,426
2024-01-18T09:00Z,BE,2344,1949,869
2024-01-18T10:00Z,BE,2458,1993,1255
2024-01-18T11:00Z,BE,2390,1967,1413
2024-01-18T12:00Z,BE,2432,1983,1400
2024-01-18T13:00Z,BE,2427,1981,1076
2024-01-18T14:00Z,BE,2385,1965,628
2024-01-18T15:00Z,BE,2310,1936,143
2024-01-18T16:00Z,BE,2472,1998,0
2024-01-18T17:00Z,BE,2268,1919,0
2024-01-18T18:00Z,BE,2431,1983,0
2024-01-18T19:00Z,BE,2309,1936,0
2024-01-18T20:00Z,BE,2358,1955,0
2024-01-18T21:00Z,BE,2269,1919,0
2024-01-18T22:00Z,BE,2381,1964,0
2024-01-18T23:00Z,BE,2403,1972,0
2024-01-19T00:00Z,BE,2524,2017,0
2024-01-19T01:00Z,BE,2438,1985,0
2024-01-19T02:00Z,BE,2448,1989,0
2024-01-19T03:00Z,BE,2462,1994,0
2024-01-19T04:00Z,BE,2484,2002,0
2024-01-19T05:00Z,BE,2531,2020,0
2024-01-19T06:00Z,BE,2653,2062,0
2024-01-19T07:00Z,BE,2597,2043,0
2024-01-19T08:00Z,BE,2548,2025,392
2024-01-19T09:00Z,BE,2595,2042,724
2024-01-19T10:00Z,BE,2564,2031,906
2024-01-19T11:00Z,BE,2568,2033,995
2024-01-19T12:00Z,BE,2637,2057,922
2024-01-19T13:00Z,BE,2632,2055,773
2024-01-19T14:00Z,BE,2615,2049,488
2024-01-19T15:00Z,BE,2615,2049,115
2024-01-19T16:00Z,BE,2563,2031,0
2024-01-19T17:00Z,BE,2547,2025,0
2024-01-19T18:00Z,BE,2434,1984,0
2024-01-19T19:00Z,BE,2404,1973,0
2024-01-19T20:00Z,BE,2542,2024,0
2024-01-19T21:00Z,BE,2552,2027,0
2024-01-19T22:00Z,BE,2520,2016,0
2024-01-19T23:00Z,BE,2616,2050,0
2024-01-20T00:00Z,BE,2625,2053,0
2024-01-20T01:00Z,BE,2665,2066,0
2024-01-20T02:00Z,BE,2614,2049,0
2024-01-20T03:00Z,BE,2687,2074,0
2024-01-20T04:00Z,BE,2673,2069,0
2024-01-20T05:00Z,BE,2722,2085,0
2024-01-20T06:00Z,BE,2733,2089,0
2024-01-20T07:00Z,BE,2765,2100,2
2024-01-20T08:00Z,BE,2777,2103,333
2024-01-20T09:00Z,BE,2777,2104,591
2024-01-20T10:00Z,BE,2775,2103,753
2024-01-20T11:00Z,BE,2774,2102,893
2024-01-20T12:00Z,BE,2781,2105,735
2024-01-20T13:00Z,BE,2773,2102,646
2024-01-20T14:00Z,BE,2784,2106,407
2024-01-20T15:00Z,BE,2776,2103,109
2024-01-20T16:00Z,BE,2776,2103,0
2024-01-20T17:00Z,BE,2751,2095,0
2024-01-20T18:00Z,BE,2736,2090,0
2024-01-20T19:00Z,BE,2722,2085,0
2024-01-20T20:00Z,BE,2707,2080,0
2024-01-20T21:00Z,BE,2694,2076,0
2024-01-20T22:00Z,BE,2669,2068,0
2024-01-20T23:00Z,BE,2644,2059,0
2024-01-21T00:00Z,BE,2609,2047,0
2024-01-21T01:00Z,BE,2554,2028,0
2024-01-21T02:00Z,BE,2509,2012,0
2024-01-21T03:00Z,BE,2331,1944,0
2024-01-21T04:00Z,BE,2342,1948,0
2024-01-21T05:00Z,BE,2478,2000,0
2024-01-21T06:00Z,BE,2435,1984,0
2024-01-21T07:00Z,BE,2354,1953,5
2024-01-21T08:00Z,BE,2125,1859,242
2024-01-21T09:00Z,BE,2184,1885,528
2024-01-21T10:00Z,BE,2119,1857,743
2024-01-21T11:00Z,BE,1855,1735,802
2024-01-21T12:00Z,BE,1972,1791,769
2024-01-21T13:00Z,BE,2209,1895,695
2024-01-21T14:00Z,BE,2276,1923,442
2024-01-21T15:00Z,BE,2323,1941,121
2024-01-21T16:00Z,BE,2413,1976,0
2024-01-21T17:00Z,BE,2167,1877,0
2024-01-21T18:00Z,BE,2153,1872,0
2024-01-21T19:00Z,BE,2003,1805,0
2024-01-21T20:00Z,BE,2053,1828,0
2024-01-21T21:00Z,BE,1949,1780,0
2024-01-21T22:00Z,BE,1800,1707,0
2024-01-21T23:00Z,BE,1662,1634,0
2024-01-22T00:00Z,BE,1504,1544,0
2024-01-22T01:00Z,BE,1680,1644,0
2024-01-22T02:00Z,BE,1313,1424,0
2024-01-22T03:00Z,BE,1379,1467,0
2024-01-22T04:00Z,BE,1067,1248,0
2024-01-22T05:00Z,BE,972,1173,0
2024-01-22T06:00Z,BE,1251,1382,0
2024-01-22T07:00Z,BE,1044,1230,7
2024-01-22T08:00Z,BE,1164,1320,189
2024-01-22T09:00Z,BE,1279,1401,320
2024-01-22T10:00Z,BE,1139,1303,439
2024-01-22T11:00Z,BE,917,1126,480
2024-01-22T12:00Z,BE,1020,1211,490
2024-01-22T13:00Z,BE,951,1155,453
2024-01-22T14:00Z,BE,865,1081,292
2024-01-22T15:00Z,BE,870,1086,74
2024-01-22T16:00Z,BE,746,971,0
2024-01-22T17:00Z,BE,729,955,0
2024-01-22T18:00Z,BE,662,889,0
2024-01-22T19:00Z,BE,767,992,0
2024-01-22T20:00Z,BE,500,713,0
2024-01-22T21:00Z,BE,403,597,0
2024-01-22T22:00Z,BE,405,600,0
2024-01-22T23:00Z,BE,504,718,0
2024-01-23T00:00Z,BE,564,785,0
2024-01-23T01:00Z,BE,552,772,0
2024-01-23T02:00Z,BE,474,684,0
2024-01-23T03:00Z,BE,441,645,0
2024-01-23T04:00Z,BE,321,492,0
2024-01-23T05:00Z,BE,356,538,0
2024-01-23T06:00Z,BE,452,657,0
2024-01-23T07:00Z,BE,668,895,18
2024-01-23T08:00Z,BE,599,823,407
2024-01-23T09:00Z,BE,719,946,749
2024-01-23T10:00Z,BE,844,1063,1019
2024-01-23T11:00Z,BE,743,969,1024
2024-01-23T12:00Z,BE,545,764,989
2024-01-23T13:00Z,BE,591,814,800
2024-01-23T14:00Z,BE,466,674,511
2024-01-23T15:00Z,BE,284,442,151
2024-01-23T16:00Z,BE,326,499,0
2024-01-23T17:00Z,BE,335,511,0
2024-01-23T18:00Z,BE,521,738,0
2024-01-23T19:00Z,BE,460,666,0
2024-01-23T20:00Z,BE,398,592,0
2024-01-23T21:00Z,BE,418,616,0
2024-01-23T22:00Z,BE,545,764,0
2024-01-23T23:00Z,BE,687,914,0
2024-01-24T00:00Z,BE,747,973,0
2024-01-24T01:00Z,BE,625,851,0
2024-01-24T02:00Z,BE,464,671,0
2024-01-24T03:00Z,BE,456,663,0
2024-01-24T04:00Z,BE,675,902,0
2024-01-24T05:00Z,BE,907,1117,0
2024-01-24T06:00Z,BE,1133,1298,0
2024-01-24T07:00Z,BE,1250,1382,27
2024-01-24T08:00Z,BE,1175,1328,463
2024-01-24T09:00Z,BE,1019,1210,888
2024-01-24T10:00Z,BE,1048,1233,1250
2024-01-24T11:00Z,BE,1276,1399,1538
2024-01-24T12:00Z,BE,968,1169,1463
2024-01-24T13:00Z,BE,1186,1336,1077
2024-01-24T14:00Z,BE,1455,1514,688
2024-01-24T15:00Z,BE,1337,1440,216
2024-01-24T16:00Z,BE,1192,1341,0
2024-01-24T17:00Z,BE,845,1063,0
2024-01-24T18:00Z,BE,711,938,0
2024-01-24T19:00Z,BE,985,1183,0
2024-01-24T20:00Z,BE,846,1064,0
2024-01-24T21:00Z,BE,1084,1261,0
2024-01-24T22:00Z,BE,1115,1284,0
2024-01-24T23:00Z,BE,712,939,0
2024-01-25T00:00Z,BE,543,762,0
2024-01-25T01:00Z,BE,680,907,0
2024-01-25T02:00Z,BE,603,827,0
2024-01-25T03:00Z,BE,564,786,0
2024-01-25T04:00Z,BE,628,854,0
2024-01-25T05:00Z,BE,528,746,0
2024-01-25T06:00Z,BE,648,874,0
2024-01-25T07:00Z,BE,518,734,24
2024-01-25T08:00Z,BE,762,987,317
2024-01-25T09:00Z,BE,614,839,518
2024-01-25T10:00Z,BE,434,635,609
2024-01-25T11:00Z,BE,441,644,698
2024-01-25T12:00Z,BE,461,668,757
2024-01-25T13:00Z,BE,749,974,664
2024-01-25T14:00Z,BE,635,861,431
2024-01-25T15:00Z,BE,313,481,133
2024-01-25T16:00Z,BE,319,489,0
2024-01-25T17:00Z,BE,277,433,0
2024-01-25T18:00Z,BE,220,352,0
2024-01-25T19:00Z,BE,156,257,0
2024-01-25T20:00Z,BE,172,281,0
2024-01-25T21:00Z,BE,187,304,0
2024-01-25T22:00Z,BE,220,352,0
2024-01-25T23:00Z,BE,195,315,0
2024-01-26T00:00Z,BE,199,322,0
2024-01-26T01:00Z,BE,134,223,0
2024-01-26T02:00Z,BE,183,298,0
2024-01-26T03:00Z,BE,164,269,0
2024-01-26T04:00Z,BE,160,263,0
2024-01-26T05:00Z,BE,116,195,0
2024-01-26T06:00Z,BE,247,390,0
2024-01-26T07:00Z,BE,355,537,27
2024-01-26T08:00Z,BE,356,538,331
2024-01-26T09:00Z,BE,218,349,605
2024-01-26T10:00Z,BE,329,503,751
2024-01-26T11:00Z,BE,406,601,925
2024-01-26T12:00Z,BE,257,405,865
2024-01-26T13:00Z,BE,193,312,675
2024-01-26T14:00Z,BE,161,264,405
2024-01-26T15:00Z,BE,229,366,125
2024-01-26T16:00Z,BE,354,536,0
2024-01-26T17:00Z,BE,367,553,0
2024-01-26T18:00Z,BE,368,553,0
2024-01-26T19:00Z,BE,462,670,0
2024-01-26T20:00Z,BE,599,823,0
2024-01-26T21:00Z,BE,677,904,0
2024-01-26T22:00Z,BE,718,945,0
2024-01-26T23:00Z,BE,555,776,0
2024-01-27T00:00Z,BE,551,771,0
2024-01-27T01:00Z,BE,418,615,0
2024-01-27T02:00Z,BE,522,738,0
2024-01-27T03:00Z,BE,518,734,0
2024-01-27T04:00Z,BE,669,896,0
2024-01-27T05:00Z,BE,524,741,0
2024-01-27T06:00Z,BE,399,592,0
2024-01-27T07:00Z,BE,322,493,30
2024-01-27T08:00Z,BE,243,385,230
2024-01-27T09:00Z,BE,247,390,488
2024-01-27T10:00Z,BE,139,230,607
2024-01-27T11:00Z,BE,141,234,643
2024-01-27T12:00Z,BE,138,230,623
2024-01-27T13:00Z,BE,144,238,538
2024-01-27T14:00Z,BE,198,320,355
2024-01-27T15:00Z,BE,223,357,90
2024-01-27T16:00Z,BE,186,302,0
2024-01-27T17:00Z,BE,213,342,0
2024-01-27T18:00Z,BE,310,477,0
2024-01-27T19:00Z,BE,191,310,0
2024-01-27T20:00Z,BE,150,248,0
2024-01-27T21:00Z,BE,120,201,0
2024-01-27T22:00Z,BE,131,217,0
2024-01-27T23:00Z,BE,73,124,0
2024-01-28T00:00Z,BE,108,181,0
2024-01-28T01:00Z,BE,107,180,0
2024-01-28T02:00Z,BE,114,192,0
2024-01-28T03:00Z,BE,110,185,0
2024-01-28T04:00Z,BE,74,126,0
2024-01-28T05:00Z,BE,69,119,0
2024-01-28T06:00Z,BE,45,78,0
2024-01-28T07:00Z,BE,76,130,30
2024-01-28T08:00Z,BE,98,165,241
2024-01-28T09:00Z,BE,124,208,475
2024-01-28T10:00Z,BE,220,352,566
2024-01-28T11:00Z,BE,273,428,520
2024-01-28T12:00Z,BE,305,471,509
2024-01-28T13:00Z,BE,447,652,408
2024-01-28T14:00Z,BE,367,552,283
2024-01-28T15:00Z,BE,446,650,92
2024-01-28T16:00Z,BE,363,548,0
2024-01-28T17:00Z,BE,330,504,0
2024-01-28T18:00Z,BE,185,301,0
2024-01-28T19:00Z,BE,167,273,0
2024-01-28T20:00Z,BE,186,302,0
2024-01-28T21:00Z,BE,287,446,0
2024-01-28T22:00Z,BE,364,548,0
2024-01-28T23:00Z,BE,345,524,0
2024-01-29T00:00Z,BE,425,625,0
2024-01-29T01:00Z,BE,307,473,0
2024-01-29T02:00Z,BE,224,358,0
2024-01-29T03:00Z,BE,246,389,0
2024-01-29T04:00Z,BE,214,344,0
2024-01-29T05:00Z,BE,196,317,0
2024-01-29T06:00Z,BE,215,345,0
2024-01-29T07:00Z,BE,131,217,50
2024-01-29T08:00Z,BE,226,360,374
2024-01-29T09:00Z,BE,217,348,720
2024-01-29T10:00Z,BE,332,507,838
2024-01-29T11:00Z,BE,427,627,915
2024-01-29T12:00Z,BE,512,728,889
2024-01-29T13:00Z,BE,537,756,776
2024-01-29T14:00Z,BE,444,647,549
2024-01-29T15:00Z,BE,468,676,182
2024-01-29T16:00Z,BE,362,545,0
2024-01-29T17:00Z,BE,335,511,0
2024-01-29T18:00Z,BE,293,455,0
2024-01-29T19:00Z,BE,296,459,0
2024-01-29T20:00Z,BE,373,560,0
2024-01-29T21:00Z,BE,222,355,0
2024-01-29T22:00Z,BE,150,248,0
2024-01-29T23:00Z,BE,158,261,0
2024-01-30T00:00Z,BE,170,278,0
2024-01-30T01:00Z,BE,136,226,0
2024-01-30T02:00Z,BE,112,188,0
2024-01-30T03:00Z,BE,116,195,0
2024-01-30T04:00Z,BE,110,185,0
2024-01-30T05:00Z,BE,95,161,0
2024-01-30T06:00Z,BE,128,213,0
2024-01-30T07:00Z,BE,119,199,51
2024-01-30T08:00Z,BE,95,160,347
2024-01-30T09:00Z,BE,140,233,662
2024-01-30T10:00Z,BE,150,247,899
2024-01-30T11:00Z,BE,158,259,916
2024-01-30T12:00Z,BE,155,255,864
2024-01-30T13:00Z,BE,250,394,774
2024-01-30T14:00Z,BE,299,463,465
2024-01-30T15:00Z,BE,320,491,181
2024-01-30T16:00Z,BE,346,525,0
2024-01-30T17:00Z,BE,352,533,0
2024-01-30T18:00Z,BE,592,816,0
2024-01-30T19:00Z,BE,610,835,0
2024-01-30T20:00Z,BE,638,864,0
2024-01-30T21:00Z,BE,627,852,0
2024-01-30T22:00Z,BE,420,618,0
2024-01-30T23:00Z,BE,381,570,0
2024-01-31T00:00Z,BE,248,393,0
2024-01-31T01:00Z,BE,207,334,0
2024-01-31T02:00Z,BE,257,405,0
2024-01-31T03:00Z,BE,419,617,0
2024-01-31T04:00Z,BE,301,465,0
2024-01-31T05:00Z,BE,292,453,0
2024-01-31T06:00Z,BE,274,428,0
2024-01-31T07:00Z,BE,246,390,78
2024-01-31T08:00Z,BE,335,510,431
2024-01-31T09:00Z,BE,378,566,815
2024-01-31T10:00Z,BE,317,487,1023
2024-01-31T11:00Z,BE,285,444,1033
2024-01-31T12:00Z,BE,297,460,918
2024-01-31T13:00Z,BE,385,576,816
2024-01-31T14:00Z,BE,636,862,545
2024-01-31T15:00Z,BE,580,802,216
2024-01-31T16:00Z,BE,785,1009,0
2024-01-31T17:00Z,BE,537,755,0
2024-01-31T18:00Z,BE,657,884,0
2024-01-31T19:00Z,BE,546,766,0
2024-01-31T20:00Z,BE,469,677,0
2024-01-31T21:00Z,BE,433,635,0
2024-01-31T22:00Z,BE,412,609,0
2024-01-31T23:00Z,BE,602,826,0
2024-02-01T00:00Z,BE,464,671,0
2024-02-01T01:00Z,BE,373,560,0
2024-02-01T02:00Z,BE,601,825,0
2024-02-01T03:00Z,BE,786,1009,0
2024-02-01T04:00Z,BE,694,921,0
2024-02-01T05:00Z,BE,806,1028,0
2024-02-01T06:00Z,BE,796,1019,0
2024-02-01T07:00Z,BE,760,985,60
2024-02-01T08:00Z,BE,798,1021,303
2024-02-01T09:00Z,BE,799,1021,449
2024-02-01T10:00Z,BE,1074,1253,602
2024-02-01T11:00Z,BE,1222,1362,696
2024-02-01T12:00Z,BE,1195,1343,587
2024-02-01T13:00Z,BE,1372,1462,455
2024-02-01T14:00Z,BE,1366,1459,327
2024-02-01T15:00Z,BE,1402,1482,154
2024-02-01T16:00Z,BE,1564,1580,0
2024-02-01T17:00Z,BE,1465,1521,0
2024-02-01T18:00Z,BE,962,1164,0
2024-02-01T19:00Z,BE,1047,1232,0
2024-02-01T20:00Z,BE,1354,1451,0
2024-02-01T21:00Z,BE,1532,1561,0
2024-02-01T22:00Z,BE,1469,1524,0
2024-02-01T23:00Z,BE,953,1157,0
2024-02-02T00:00Z,BE,978,1177,0
2024-02-02T01:00Z,BE,1567,1581,0
2024-02-02T02:00Z,BE,1523,1556,0
2024-02-02T03:00Z,BE,1082,1259,0
2024-02-02T04:00Z,BE,956,1159,0
2024-02-02T05:00Z,BE,800,1023,0
2024-02-02T06:00Z,BE,811,1033,0
2024-02-02T07:00Z,BE,732,958,80
2024-02-02T08:00Z,BE,842,1061,412
2024-02-02T09:00Z,BE,658,885,677
2024-02-02T10:00Z,BE,525,742,831
2024-02-02T11:00Z,BE,617,842,904
2024-02-02T12:00Z,BE,593,816,810
2024-02-02T13:00Z,BE,828,1048,710
2024-02-02T14:00Z,BE,655,882,460
2024-02-02T15:00Z,BE,767,991,198
2024-02-02T16:00Z,BE,951,1154,0
2024-02-02T17:00Z,BE,1136,1300,0
2024-02-02T18:00Z,BE,1061,1243,0
2024-02-02T19:00Z,BE,1059,1242,0
2024-02-02T20:00Z,BE,800,1023,0
2024-02-02T21:00Z,BE,529,746,0
2024-02-02T22:00Z,BE,626,852,0
2024-02-02T23:00Z,BE,669,895,0
2024-02-03T00:00Z,BE,507,722,0
2024-02-03T01:00Z,BE,582,804,0
2024-02-03T02:00Z,BE,648,875,0
2024-02-03T03:00Z,BE,689,916,0
2024-02-03T04:00Z,BE,695,922,0
2024-02-03T05:00Z,BE,926,1134,0
2024-02-03T06:00Z,BE,1223,1363,0
2024-02-03T07:00Z,BE,1342,1443,50
2024-02-03T08:00Z,BE,1556,1575,240
2024-02-03T09:00Z,BE,1842,1728,478
2024-02-03T10:00Z,BE,1533,1561,708
2024-02-03T11:00Z,BE,1656,1631,642
2024-02-03T12:00Z,BE,1475,1527,657
2024-02-03T13:00Z,BE,1231,1368,485
2024-02-03T14:00Z,BE,1309,1422,324
2024-02-03T15:00Z,BE,1359,1455,121
2024-02-03T16:00Z,BE,1225,1364,0
2024-02-03T17:00Z,BE,1463,1520,0
2024-02-03T18:00Z,BE,1481,1531,0
2024-02-03T19:00Z,BE,1473,1526,0
2024-02-03T20:00Z,BE,1465,1521,0
2024-02-03T21:00Z,BE,1379,1467,0
2024-02-03T22:00Z,BE,1458,1517,0
2024-02-03T23:00Z,BE,1575,1586,0
2024-02-04T00:00Z,BE,1750,1681,0
2024-02-04T01:00Z,BE,1788,1701,0
2024-02-04T02:00Z,BE,1696,1653,0
2024-02-04T03:00Z,BE,1716,1664,0
2024-02-04T04:00Z,BE,1878,1746,0
2024-02-04T05:00Z,BE,1741,1676,0
2024-02-04T06:00Z,BE,1938,1775,0
2024-02-04T07:00Z,BE,1811,1713,54
2024-02-04T08:00Z,BE,2162,1875,238
2024-02-04T09:00Z,BE,2177,1882,410
2024-02-04T10:00Z,BE,2168,1878,522
2024-02-04T11:00Z,BE,2236,1906,573
2024-02-04T12:00Z,BE,2478,2000,551
2024-02-04T13:00Z,BE,2484,2003,459
2024-02-04T14:00Z,BE,2436,1985,309
2024-02-04T15:00Z,BE,2501,2009,126
2024-02-04T16:00Z,BE,2584,2038,0
2024-02-04T17:00Z,BE,2606,2046,0
2024-02-04T18:00Z,BE,2476,2000,0
2024-02-04T19:00Z,BE,2182,1884,0
2024-02-04T20:00Z,BE,2402,1972,0
2024-02-04T21:00Z,BE,2376,1962,0
2024-02-04T22:00Z,BE,2364,1957,0
2024-02-04T23:00Z,BE,2197,1890,0
2024-02-05T00:00Z,BE,2121,1857,0
2024-02-05T01:00Z,BE,2331,1944,0
2024-02-05T02:00Z,BE,2335,1946,0
2024-02-05T03:00Z,BE,2288,1927,0
2024-02-05T04:00Z,BE,2238,1907,0
2024-02-05T05:00Z,BE,2035,1820,0
2024-02-05T06:00Z,BE,2277,1923,0
2024-02-05T07:00Z,BE,2457,1993,59
2024-02-05T08:00Z,BE,2414,1976,244
2024-02-05T09:00Z,BE,2279,1924,412
2024-02-05T10:00Z,BE,2251,1912,530
2024-02-05T11:00Z,BE,2204,1893,581
2024-02-05T12:00Z,BE,1953,1782,559
2024-02-05T13:00Z,BE,1976,1792,466
2024-02-05T14:00Z,BE,2229,1903,316
2024-02-05T15:00Z,BE,2107,1851,132
2024-02-05T16:00Z,BE,2018,1812,0
2024-02-05T17:00Z,BE,1764,1689,0
2024-02-05T18:00Z,BE,1774,1694,0
2024-02-05T19:00Z,BE,1554,1574,0
2024-02-05T20:00Z,BE,1486,1534,0
2024-02-05T21:00Z,BE,1639,1622,0
2024-02-05T22:00Z,BE,1508,1546,0
2024-02-05T23:00Z,BE,955,1158,0
2024-02-06T00:00Z,BE,1134,1298,0
2024-02-06T01:00Z,BE,947,1152,0
2024-02-06T02:00Z,BE,1287,1407,0
2024-02-06T03:00Z,BE,1505,1545,0
2024-02-06T04:00Z,BE,1146,1307,0
2024-02-06T05:00Z,BE,1395,1477,0
2024-02-06T06:00Z,BE,1467,1522,0
2024-02-06T07:00Z,BE,1444,1508,65
2024-02-06T08:00Z,BE,1299,1415,251
2024-02-06T09:00Z,BE,1425,1496,420
2024-02-06T10:00Z,BE,1251,1382,538
2024-02-06T11:00Z,BE,1391,1475,590
2024-02-06T12:00Z,BE,1562,1578,567
2024-02-06T13:00Z,BE,1331,1436,474
2024-02-06T14:00Z,BE,1124,1291,323
2024-02-06T15:00Z,BE,1108,1280,138
2024-02-06T16:00Z,BE,1466,1521,0
2024-02-06T17:00Z,BE,1428,1498,0
2024-02-06T18:00Z,BE,1174,1328,0
2024-02-06T19:00Z,BE,801,1024,0
2024-02-06T20:00Z,BE,677,904,0
2024-02-06T21:00Z,BE,735,962,0
2024-02-06T22:00Z,BE,591,815,0
2024-02-06T23:00Z,BE,624,849,0
2024-02-07T00:00Z,BE,602,826,0
2024-02-07T01:00Z,BE,437,639,0
2024-02-07T02:00Z,BE,540,759,0
2024-02-07T03:00Z,BE,547,767,0
2024-02-07T04:00Z,BE,625,851,0
2024-02-07T05:00Z,BE,749,974,0
2024-02-07T06:00Z,BE,982,1180,0
2024-02-07T07:00Z,BE,841,1060,103
2024-02-07T08:00Z,BE,897,1109,393
2024-02-07T09:00Z,BE,897,1110,739
2024-02-07T10:00Z,BE,677,904,954
2024-02-07T11:00Z,BE,661,888,1067
2024-02-07T12:00Z,BE,728,954,1039
2024-02-07T13:00Z,BE,872,1087,868
2024-02-07T14:00Z,BE,871,1086,528
2024-02-07T15:00Z,BE,915,1124,236
2024-02-07T16:00Z,BE,1059,1242,0
2024-02-07T17:00Z,BE,907,1118,0
2024-02-07T18:00Z,BE,878,1092,0
2024-02-07T19:00Z,BE,921,1129,0
2024-02-07T20:00Z,BE,851,1069,0
2024-02-07T21:00Z,BE,551,771,0
2024-02-07T22:00Z,BE,347,526,0
2024-02-07T23:00Z,BE,384,574,0
2024-02-08T00:00Z,BE,341,519,0
2024-02-08T01:00Z,BE,308,475,0
2024-02-08T02:00Z,BE,391,582,0
2024-02-08T03:00Z,BE,486,698,0
2024-02-08T04:00Z,BE,317,487,0
2024-02-08T05:00Z,BE,436,639,0
2024-02-08T06:00Z,BE,407,602,0
2024-02-08T07:00Z,BE,423,623,118
2024-02-08T08:00Z,BE,404,599,384
2024-02-08T09:00Z,BE,446,650,632
2024-02-08T10:00Z,BE,424,624,702
2024-02-08T11:00Z,BE,318,488,822
2024-02-08T12:00Z,BE,383,572,795
2024-02-08T13:00Z,BE,376,563,707
2024-02-08T14:00Z,BE,341,519,540
2024-02-08T15:00Z,BE,426,626,251
2024-02-08T16:00Z,BE,575,797,0
2024-02-08T17:00Z,BE,525,742,0
2024-02-08T18:00Z,BE,562,783,0
2024-02-08T19:00Z,BE,573,795,0
2024-02-08T20:00Z,BE,610,834,0
2024-02-08T21:00Z,BE,915,1124,0
2024-02-08T22:00Z,BE,915,1124,0
2024-02-08T23:00Z,BE,593,816,0
2024-02-09T00:00Z,BE,635,861,0
2024-02-09T01:00Z,BE,545,765,0
2024-02-09T02:00Z,BE,726,952,0
2024-02-09T03:00Z,BE,673,900,0
2024-02-09T04:00Z,BE,840,1059,0
2024-02-09T05:00Z,BE,661,887,0
2024-02-09T06:00Z,BE,798,1020,0
2024-02-09T07:00Z,BE,958,1160,150
2024-02-09T08:00Z,BE,975,1175,476
2024-02-09T09:00Z,BE,1174,1328,712
2024-02-09T10:00Z,BE,1035,1223,926
2024-02-09T11:00Z,BE,949,1153,1071
2024-02-09T12:00Z,BE,1152,1312,897
2024-02-09T13:00Z,BE,1174,1328,765
2024-02-09T14:00Z,BE,1359,1454,464
2024-02-09T15:00Z,BE,1421,1493,237
2024-02-09T16:00Z,BE,1512,1549,0
2024-02-09T17:00Z,BE,1402,1482,0
2024-02-09T18:00Z,BE,1082,1259,0
2024-02-09T19:00Z,BE,1078,1257,0
2024-02-09T20:00Z,BE,1170,1325,0
2024-02-09T21:00Z,BE,1260,1388,0
2024-02-09T22:00Z,BE,1076,1255,0
2024-02-09T23:00Z,BE,1064,1246,0
2024-02-10T00:00Z,BE,1141,1304,0
2024-02-10T01:00Z,BE,982,1180,0
2024-02-10T02:00Z,BE,842,1061,0
2024-02-10T03:00Z,BE,1025,1215,0
2024-02-10T04:00Z,BE,990,1187,0
2024-02-10T05:00Z,BE,1087,1263,0
2024-02-10T06:00Z,BE,1016,1208,0
2024-02-10T07:00Z,BE,849,1067,157
2024-02-10T08:00Z,BE,1160,1317,470
2024-02-10T09:00Z,BE,1467,1522,736
2024-02-10T10:00Z,BE,1356,1452,911
2024-02-10T11:00Z,BE,1532,1561,1040
2024-02-10T12:00Z,BE,1207,1352,1083
2024-02-10T13:00Z,BE,1269,1395,880
2024-02-10T14:00Z,BE,965,1167,550
2024-02-10T15:00Z,BE,847,1065,234
2024-02-10T16:00Z,BE,760,985,0
2024-02-10T17:00Z,BE,792,1015,0
2024-02-10T18:00Z,BE,1035,1223,0
2024-02-10T19:00Z,BE,950,1154,0
2024-02-10T20:00Z,BE,709,936,0
2024-02-10T21:00Z,BE,587,810,0
2024-02-10T22:00Z,BE,515,731,0
2024-02-10T23:00Z,BE,779,1003,0
2024-02-11T00:00Z,BE,758,983,0
2024-02-11T01:00Z,BE,974,1174,0
2024-02-11T02:00Z,BE,790,1014,0
2024-02-11T03:00Z,BE,844,1063,0
2024-02-11T04:00Z,BE,738,964,0
2024-02-11T05:00Z,BE,939,1145,0
2024-02-11T06:00Z,BE,861,1077,0
2024-02-11T07:00Z,BE,891,1104,168
2024-02-11T08:00Z,BE,846,1064,441
2024-02-11T09:00Z,BE,930,1137,662
2024-02-11T10:00Z,BE,1123,1291,952
2024-02-11T11:00Z,BE,1162,1319,1109
2024-02-11T12:00Z,BE,1235,1371,1082
2024-02-11T13:00Z,BE,1197,1345,897
2024-02-11T14:00Z,BE,1111,1282,637
2024-02-11T15:00Z,BE,783,1007,300
2024-02-11T16:00Z,BE,648,874,0
2024-02-11T17:00Z,BE,651,878,0
2024-02-11T18:00Z,BE,496,708,0
2024-02-11T19:00Z,BE,309,476,0
2024-02-11T20:00Z,BE,354,536,0
2024-02-11T21:00Z,BE,654,881,0
2024-02-11T22:00Z,BE,835,1054,0
2024-02-11T23:00Z,BE,940,1146,0
2024-02-12T00:00Z,BE,827,1047,0
2024-02-12T01:00Z,BE,1120,1288,0
2024-02-12T02:00Z,BE,1294,1411,0
2024-02-12T03:00Z,BE,1843,1729,0
2024-02-12T04:00Z,BE,1776,1695,0
2024-02-12T05:00Z,BE,2012,1809,0
2024-02-12T06:00Z,BE,2190,1887,0
2024-02-12T07:00Z,BE,2210,1896,190
2024-02-12T08:00Z,BE,2269,1919,584
2024-02-12T09:00Z,BE,2349,1951,943
2024-02-12T10:00Z,BE,2435,1984,1185
2024-02-12T11:00Z,BE,2259,1915,1168
2024-02-12T12:00Z,BE,2124,1859,1196
2024-02-12T13:00Z,BE,2232,1905,1039
2024-02-12T14:00Z,BE,2334,1945,705
2024-02-12T15:00Z,BE,2292,1929,333
2024-02-12T16:00Z,BE,2244,1909,0
2024-02-12T17:00Z,BE,2104,1850,0
2024-02-12T18:00Z,BE,1884,1749,0
2024-02-12T19:00Z,BE,1652,1629,0
2024-02-12T20:00Z,BE,1522,1555,0
2024-02-12T21:00Z,BE,1857,1735,0
2024-02-12T22:00Z,BE,1853,1734,0
2024-02-12T23:00Z,BE,1871,1743,0
2024-02-13T00:00Z,BE,1861,1737,0
2024-02-13T01:00Z,BE,2076,1838,0
2024-02-13T02:00Z,BE,1850,1732,0
2024-02-13T03:00Z,BE,1781,1698,0
2024-02-13T04:00Z,BE,1911,1762,0
2024-02-13T05:00Z,BE,2046,1824,0
2024-02-13T06:00Z,BE,2193,1888,0
2024-02-13T07:00Z,BE,2346,1950,257
2024-02-13T08:00Z,BE,2494,2006,646
2024-02-13T09:00Z,BE,2404,1973,1028
2024-02-13T10:00Z,BE,2427,1981,1240
2024-02-13T11:00Z,BE,2354,1953,1379
2024-02-13T12:00Z,BE,2150,1870,1308
2024-02-13T13:00Z,BE,2074,1837,1061
2024-02-13T14:00Z,BE,2204,1893,794
2024-02-13T15:00Z,BE,2100,1849,368
2024-02-13T16:00Z,BE,2071,1836,5
2024-02-13T17:00Z,BE,2021,1813,0
2024-02-13T18:00Z,BE,1920,1766,0
2024-02-13T19:00Z,BE,1794,1704,0
2024-02-13T20:00Z,BE,1641,1623,0
2024-02-13T21:00Z,BE,1514,1551,0
2024-02-13T22:00Z,BE,1273,1397,0
2024-02-13T23:00Z,BE,1344,1444,0
2024-02-14T00:00Z,BE,1167,1322,0
2024-02-14T01:00Z,BE,782,1006,0
2024-02-14T02:00Z,BE,758,983,0
2024-02-14T03:00Z,BE,780,1004,0
2024-02-14T04:00Z,BE,844,1063,0
2024-02-14T05:00Z,BE,1021,1212,0
2024-02-14T06:00Z,BE,1221,1361,0
2024-02-14T07:00Z,BE,976,1176,202
2024-02-14T08:00Z,BE,1030,1219,575
2024-02-14T09:00Z,BE,1106,1277,858
2024-02-14T10:00Z,BE,964,1166,1104
2024-02-14T11:00Z,BE,1133,1298,1092
2024-02-14T12:00Z,BE,1286,1406,1130
2024-02-14T13:00Z,BE,877,1092,958
2024-02-14T14:00Z,BE,822,1043,713
2024-02-14T15:00Z,BE,659,886,334
2024-02-14T16:00Z,BE,492,705,11
2024-02-14T17:00Z,BE,488,700,0
2024-02-14T18:00Z,BE,314,483,0
2024-02-14T19:00Z,BE,373,560,0
2024-02-14T20:00Z,BE,620,846,0
2024-02-14T21:00Z,BE,535,753,0
2024-02-14T22:00Z,BE,477,687,0
2024-02-14T23:00Z,BE,893,1106,0
2024-02-15T00:00Z,BE,1016,1208,0
2024-02-15T01:00Z,BE,1018,1210,0
2024-02-15T02:00Z,BE,840,1059,0
2024-02-15T03:00Z,BE,1163,1320,0
2024-02-15T04:00Z,BE,1156,1315,0
2024-02-15T05:00Z,BE,1197,1345,0
2024-02-15T06:00Z,BE,958,1161,0
2024-02-15T07:00Z,BE,1196,1344,248
2024-02-15T08:00Z,BE,1220,1361,642
2024-02-15T09:00Z,BE,1268,1394,890
2024-02-15T10:00Z,BE,1494,1539,1160
2024-02-15T11:00Z,BE,1728,1670,1343
2024-02-15T12:00Z,BE,2112,1854,1367
2024-02-15T13:00Z,BE,2052,1827,1203
2024-02-15T14:00Z,BE,1956,1783,957
2024-02-15T15:00Z,BE,2051,1827,464
2024-02-15T16:00Z,BE,2359,1955,22
2024-02-15T17:00Z,BE,2310,1936,0
2024-02-15T18:00Z,BE,2289,1928,0
2024-02-15T19:00Z,BE,2400,1971,0
2024-02-15T20:00Z,BE,2222,1900,0
2024-02-15T21:00Z,BE,2213,1897,0
2024-02-15T22:00Z,BE,2287,1927,0
2024-02-15T23:00Z,BE,2139,1865,0
2024-02-16T00:00Z,BE,2239,1907,0
2024-02-16T01:00Z,BE,2239,1907,0
2024-02-16T02:00Z,BE,2302,1933,0
2024-02-16T03:00Z,BE,2093,1846,0
2024-02-16T04:00Z,BE,2313,1937,0
2024-02-16T05:00Z,BE,2121,1858,0
2024-02-16T06:00Z,BE,2094,1846,0
2024-02-16T07:00Z,BE,2084,1842,280
2024-02-16T08:00Z,BE,1977,1793,726
2024-02-16T09:00Z,BE,1891,1752,1059
2024-02-16T10:00Z,BE,1496,1540,1400
2024-02-16T11:00Z,BE,1079,1257,1622
2024-02-16T12:00Z,BE,1031,1220,1533
2024-02-16T13:00Z,BE,876,1091,1364
2024-02-16T14:00Z,BE,726,953,922
2024-02-16T15:00Z,BE,521,738,498
2024-02-16T16:00Z,BE,789,1012,35
2024-02-16T17:00Z,BE,308,475,0
2024-02-16T18:00Z,BE,568,789,0
2024-02-16T19:00Z,BE,290,451,0
2024-02-16T20:00Z,BE,447,651,0
2024-02-16T21:00Z,BE,674,901,0
2024-02-16T22:00Z,BE,477,687,0
2024-02-16T23:00Z,BE,406,602,0
2024-02-17T00:00Z,BE,262,412,0
2024-02-17T01:00Z,BE,210,338,0
2024-02-17T02:00Z,BE,192,311,0
2024-02-17T03:00Z,BE,256,404,0
2024-02-17T04:00Z,BE,287,446,0
2024-02-17T05:00Z,BE,229,366,0
2024-02-17T06:00Z,BE,145,240,0
2024-02-17T07:00Z,BE,130,217,255
2024-02-17T08:00Z,BE,171,279,701
2024-02-17T09:00Z,BE,116,194,1079
2024-02-17T10:00Z,BE,253,399,1364
2024-02-17T11:00Z,BE,315,485,1428
2024-02-17T12:00Z,BE,338,515,1335
2024-02-17T13:00Z,BE,366,551,1094
2024-02-17T14:00Z,BE,307,473,739
2024-02-17T15:00Z,BE,297,459,405
2024-02-17T16:00Z,BE,264,414,35
2024-02-17T17:00Z,BE,220,352,0
2024-02-17T18:00Z,BE,275,429,0
2024-02-17T19:00Z,BE,270,423,0
2024-02-17T20:00Z,BE,213,342,0
2024-02-17T21:00Z,BE,363,547,0
2024-02-17T22:00Z,BE,328,501,0
2024-02-17T23:00Z,BE,445,648,0
2024-02-18T00:00Z,BE,453,658,0
2024-02-18T01:00Z,BE,540,759,0
2024-02-18T02:00Z,BE,411,608,0
2024-02-18T03:00Z,BE,572,794,0
2024-02-18T04:00Z,BE,579,801,0
2024-02-18T05:00Z,BE,555,776,0
2024-02-18T06:00Z,BE,838,1057,0
2024-02-18T07:00Z,BE,900,1111,203
2024-02-18T08:00Z,BE,916,1125,519
2024-02-18T09:00Z,BE,917,1126,658
2024-02-18T10:00Z,BE,1058,1241,792
2024-02-18T11:00Z,BE,1127,1293,992
2024-02-18T12:00Z,BE,1245,1378,998
2024-02-18T13:00Z,BE,1000,1195,752
2024-02-18T14:00Z,BE,987,1184,582
2024-02-18T15:00Z,BE,1198,1345,303
2024-02-18T16:00Z,BE,1597,1598,36
2024-02-18T17:00Z,BE,1780,1697,0
2024-02-18T18:00Z,BE,1728,1670,0
2024-02-18T19:00Z,BE,1791,1702,0
2024-02-18T20:00Z,BE,1849,1732,0
2024-02-18T21:00Z,BE,1423,1495,0
2024-02-18T22:00Z,BE,1450,1512,0
2024-02-18T23:00Z,BE,1576,1587,0
2024-02-19T00:00Z,BE,1438,1504,0
2024-02-19T01:00Z,BE,1573,1584,0
2024-02-19T02:00Z,BE,1847,1731,0
2024-02-19T03:00Z,BE,1861,1738,0
2024-02-19T04:00Z,BE,1942,1777,0
2024-02-19T05:00Z,BE,1816,1715,0
2024-02-19T06:00Z,BE,1682,1645,0
2024-02-19T07:00Z,BE,1358,1454,236
2024-02-19T08:00Z,BE,1342,1443,561
2024-02-19T09:00Z,BE,1400,1481,872
2024-02-19T10:00Z,BE,1632,1618,986
2024-02-19T11:00Z,BE,1421,1494,1097
2024-02-19T12:00Z,BE,1514,1550,1062
2024-02-19T13:00Z,BE,1833,1724,981
2024-02-19T14:00Z,BE,1711,1661,771
2024-02-19T15:00Z,BE,1558,1576,445
2024-02-19T16:00Z,BE,1619,1610,51
2024-02-19T17:00Z,BE,1633,1618,0
2024-02-19T18:00Z,BE,1520,1554,0
2024-02-19T19:00Z,BE,1696,1653,0
2024-02-19T20:00Z,BE,1520,1554,0
2024-02-19T21:00Z,BE,1555,1574,0
2024-02-19T22:00Z,BE,1616,1609,0
2024-02-19T23:00Z,BE,1282,1403,0
2024-02-20T00:00Z,BE,1368,1460,0
2024-02-20T01:00Z,BE,1260,1389,0
2024-02-20T02:00Z,BE,1267,1393,0
2024-02-20T03:00Z,BE,1475,1527,0
2024-02-20T04:00Z,BE,1552,1573,0
2024-02-20T05:00Z,BE,1806,1710,0
2024-02-20T06:00Z,BE,1439,1505,0
2024-02-20T07:00Z,BE,1353,1451,198
2024-02-20T08:00Z,BE,1311,1423,470
2024-02-20T09:00Z,BE,1281,1403,709
2024-02-20T10:00Z,BE,1264,1391,717
2024-02-20T11:00Z,BE,1269,1394,947
2024-02-20T12:00Z,BE,1731,1671,950
2024-02-20T13:00Z,BE,1708,1659,695
2024-02-20T14:00Z,BE,1908,1760,539
2024-02-20T15:00Z,BE,1760,1686,327
2024-02-20T16:00Z,BE,1975,1792,48
2024-02-20T17:00Z,BE,1853,1734,0
2024-02-20T18:00Z,BE,2090,1844,0
2024-02-20T19:00Z,BE,1843,1729,0
2024-02-20T20:00Z,BE,1690,1649,0
2024-02-20T21:00Z,BE,2024,1815,0
2024-02-20T22:00Z,BE,1568,1582,0
2024-02-20T23:00Z,BE,1229,1367,0
2024-02-21T00:00Z,BE,1116,1285,0
2024-02-21T01:00Z,BE,1103,1275,0
2024-02-21T02:00Z,BE,1258,1387,0
2024-02-21T03:00Z,BE,1226,1365,0
2024-02-21T04:00Z,BE,1184,1335,0
2024-02-21T05:00Z,BE,1453,1514,0
2024-02-21T06:00Z,BE,1563,1579,0
2024-02-21T07:00Z,BE,1260,1389,177
2024-02-21T08:00Z,BE,1513,1550,387
2024-02-21T09:00Z,BE,1067,1248,596
2024-02-21T10:00Z,BE,1036,1224,752
2024-02-21T11:00Z,BE,1120,1288,893
2024-02-21T12:00Z,BE,1102,1275,804
2024-02-21T13:00Z,BE,1516,1552,668
2024-02-21T14:00Z,BE,1879,1746,517
2024-02-21T15:00Z,BE,1851,1733,304
2024-02-21T16:00Z,BE,1682,1645,47
2024-02-21T17:00Z,BE,1624,1614,0
2024-02-21T18:00Z,BE,1620,1611,0
2024-02-21T19:00Z,BE,1482,1531,0
2024-02-21T20:00Z,BE,1347,1447,0
2024-02-21T21:00Z,BE,1092,1267,0
2024-02-21T22:00Z,BE,929,1136,0
2024-02-21T23:00Z,BE,705,932,0
2024-02-22T00:00Z,BE,829,1049,0
2024-02-22T01:00Z,BE,751,977,0
2024-02-22T02:00Z,BE,957,1160,0
2024-02-22T03:00Z,BE,1261,1389,0
2024-02-22T04:00Z,BE,1549,1571,0
2024-02-22T05:00Z,BE,2060,1831,0
2024-02-22T06:00Z,BE,2100,1849,0
2024-02-22T07:00Z,BE,2067,1834,224
2024-02-22T08:00Z,BE,2074,1837,487
2024-02-22T09:00Z,BE,2097,1847,737
2024-02-22T10:00Z,BE,2131,1862,1007
2024-02-22T11:00Z,BE,2118,1856,1149
2024-02-22T12:00Z,BE,1990,1799,1143
2024-02-22T13:00Z,BE,2262,1917,983
2024-02-22T14:00Z,BE,2408,1974,823
2024-02-22T15:00Z,BE,2449,1990,376
2024-02-22T16:00Z,BE,2438,1985,69
2024-02-22T17:00Z,BE,2458,1993,0
2024-02-22T18:00Z,BE,2482,2002,0
2024-02-22T19:00Z,BE,2392,1968,0
2024-02-22T20:00Z,BE,2390,1967,0
2024-02-22T21:00Z,BE,2357,1955,0
2024-02-22T22:00Z,BE,2185,1885,0
2024-02-22T23:00Z,BE,1887,1751,0
2024-02-23T00:00Z,BE,1912,1762,0
2024-02-23T01:00Z,BE,1970,1790,0
2024-02-23T02:00Z,BE,1700,1655,0
2024-02-23T03:00Z,BE,1508,1546,0
2024-02-23T04:00Z,BE,1242,1376,0
2024-02-23T05:00Z,BE,1414,1489,0
2024-02-23T06:00Z,BE,1440,1505,0
2024-02-23T07:00Z,BE,1516,1551,389
2024-02-23T08:00Z,BE,1488,1535,875
2024-02-23T09:00Z,BE,1605,1603,1275
2024-02-23T10:00Z,BE,1632,1618,1541
2024-02-23T11:00Z,BE,1893,1753,1803
2024-02-23T12:00Z,BE,2138,1865,1596
2024-02-23T13:00Z,BE,2089,1844,1529
2024-02-23T14:00Z,BE,2154,1872,1131
2024-02-23T15:00Z,BE,2068,1835,676
2024-02-23T16:00Z,BE,1944,1778,131
2024-02-23T17:00Z,BE,1856,1735,0
2024-02-23T18:00Z,BE,2100,1848,0
2024-02-23T19:00Z,BE,2260,1916,0
2024-02-23T20:00Z,BE,2184,1885,0
2024-02-23T21:00Z,BE,2256,1915,0
2024-02-23T22:00Z,BE,2352,1952,0
2024-02-23T23:00Z,BE,2276,1922,0
2024-02-24T00:00Z,BE,2127,1860,0
2024-02-24T01:00Z,BE,2044,1824,0
2024-02-24T02:00Z,BE,1827,1721,0
2024-02-24T03:00Z,BE,1952,1781,0
2024-02-24T04:00Z,BE,2182,1884,0
2024-02-24T05:00Z,BE,2337,1947,0
2024-02-24T06:00Z,BE,2360,1956,0
2024-02-24T07:00Z,BE,2213,1897,565
2024-02-24T08:00Z,BE,2123,1859,1246
2024-02-24T09:00Z,BE,2011,1809,1847
2024-02-24T10:00Z,BE,2006,1807,2244
2024-02-24T11:00Z,BE,2001,1804,2301
2024-02-24T12:00Z,BE,2239,1907,2108
2024-02-24T13:00Z,BE,2236,1906,1827
2024-02-24T14:00Z,BE,2334,1945,1380
2024-02-24T15:00Z,BE,2449,1989,759
2024-02-24T16:00Z,BE,2546,2025,148
2024-02-24T17:00Z,BE,2509,2011,0
2024-02-24T18:00Z,BE,2387,1966,0
2024-02-24T19:00Z,BE,2424,1980,0
2024-02-24T20:00Z,BE,2383,1965,0
2024-02-24T21:00Z,BE,2471,1998,0
2024-02-24T22:00Z,BE,2198,1890,0
2024-02-24T23:00Z,BE,2139,1865,0
2024-02-25T00:00Z,BE,2032,1819,0
2024-02-25T01:00Z,BE,2169,1878,0
2024-02-25T02:00Z,BE,2046,1824,0
2024-02-25T03:00Z,BE,2137,1865,0
2024-02-25T04:00Z,BE,2225,1902,0
2024-02-25T05:00Z,BE,2190,1887,0
2024-02-25T06:00Z,BE,2082,1841,0
2024-02-25T07:00Z,BE,1993,1801,470
2024-02-25T08:00Z,BE,2002,1804,1003
2024-02-25T09:00Z,BE,1814,1714,1380
2024-02-25T10:00Z,BE,1761,1687,1674
2024-02-25T11:00Z,BE,1866,1740,1854
2024-02-25T12:00Z,BE,1816,1715,1802
2024-02-25T13:00Z,BE,1333,1437,1705
2024-02-25T14:00Z,BE,1685,1647,1250
2024-02-25T15:00Z,BE,1549,1571,652
2024-02-25T16:00Z,BE,1502,1543,154
2024-02-25T17:00Z,BE,1445,1509,0
2024-02-25T18:00Z,BE,1117,1286,0
2024-02-25T19:00Z,BE,861,1077,0
2024-02-25T20:00Z,BE,1150,1311,0
2024-02-25T21:00Z,BE,1541,1566,0
2024-02-25T22:00Z,BE,1197,1344,0
2024-02-25T23:00Z,BE,1265,1392,0
2024-02-26T00:00Z,BE,1060,1242,0
2024-02-26T01:00Z,BE,1495,1539,0
2024-02-26T02:00Z,BE,1817,1716,0
2024-02-26T03:00Z,BE,1680,1644,0
2024-02-26T04:00Z,BE,1714,1662,0
2024-02-26T05:00Z,BE,1564,1579,0
2024-02-26T06:00Z,BE,1460,1518,4
2024-02-26T07:00Z,BE,1079,1257,313
2024-02-26T08:00Z,BE,1045,1230,655
2024-02-26T09:00Z,BE,938,1144,1083
2024-02-26T10:00Z,BE,810,1032,1243
2024-02-26T11:00Z,BE,963,1165,1353
2024-02-26T12:00Z,BE,1464,1520,1295
2024-02-26T13:00Z,BE,1299,1415,1233
2024-02-26T14:00Z,BE,1320,1429,959
2024-02-26T15:00Z,BE,1540,1565,533
2024-02-26T16:00Z,BE,1773,1693,129
2024-02-26T17:00Z,BE,1636,1620,0
2024-02-26T18:00Z,BE,1421,1494,0
2024-02-26T19:00Z,BE,1200,1347,0
2024-02-26T20:00Z,BE,1101,1274,0
2024-02-26T21:00Z,BE,958,1161,0
2024-02-26T22:00Z,BE,703,930,0
2024-02-26T23:00Z,BE,581,803,0
2024-02-27T00:00Z,BE,447,652,0
2024-02-27T01:00Z,BE,378,567,0
2024-02-27T02:00Z,BE,395,588,0
2024-02-27T03:00Z,BE,353,534,0
2024-02-27T04:00Z,BE,461,668,0
2024-02-27T05:00Z,BE,559,780,0
2024-02-27T06:00Z,BE,432,633,11
2024-02-27T07:00Z,BE,650,876,364
2024-02-27T08:00Z,BE,510,724,847
2024-02-27T09:00Z,BE,286,445,1225
2024-02-27T10:00Z,BE,486,697,1396
2024-02-27T11:00Z,BE,645,871,1480
2024-02-27T12:00Z,BE,641,868,1415
2024-02-27T13:00Z,BE,1087,1263,1169
2024-02-27T14:00Z,BE,1224,1363,902
2024-02-27T15:00Z,BE,927,1135,536
2024-02-27T16:00Z,BE,759,984,137
2024-02-27T17:00Z,BE,747,973,0
2024-02-27T18:00Z,BE,660,886,0
2024-02-27T19:00Z,BE,657,884,0
2024-02-27T20:00Z,BE,474,683,0
2024-02-27T21:00Z,BE,237,376,0
2024-02-27T22:00Z,BE,164,270,0
2024-02-27T23:00Z,BE,185,301,0
2024-02-28T00:00Z,BE,106,179,0
2024-02-28T01:00Z,BE,111,187,0
2024-02-28T02:00Z,BE,100,169,0
2024-02-28T03:00Z,BE,145,241,0
2024-02-28T04:00Z,BE,150,248,0
2024-02-28T05:00Z,BE,185,301,0
2024-02-28T06:00Z,BE,153,252,28
2024-02-28T07:00Z,BE,168,275,582
2024-02-28T08:00Z,BE,166,272,1173
2024-02-28T09:00Z,BE,199,322,1670
2024-02-28T10:00Z,BE,271,425,1946
2024-02-28T11:00Z,BE,288,448,2021
2024-02-28T12:00Z,BE,155,256,1957
2024-02-28T13:00Z,BE,144,238,1755
2024-02-28T14:00Z,BE,108,182,1478
2024-02-28T15:00Z,BE,119,199,943
2024-02-28T16:00Z,BE,128,213,246
2024-02-28T17:00Z,BE,206,332,0
2024-02-28T18:00Z,BE,344,523,0
2024-02-28T19:00Z,BE,375,563,0
2024-02-28T20:00Z,BE,381,570,0
2024-02-28T21:00Z,BE,318,488,0
2024-02-28T22:00Z,BE,199,321,0
2024-02-28T23:00Z,BE,210,338,0
2024-02-29T00:00Z,BE,249,394,0
2024-02-29T01:00Z,BE,216,347,0
2024-02-29T02:00Z,BE,278,434,0
2024-02-29T03:00Z,BE,153,252,0
2024-02-29T04:00Z,BE,115,194,0
2024-02-29T05:00Z,BE,124,207,0
2024-02-29T06:00Z,BE,160,263,18
2024-02-29T07:00Z,BE,180,294,223
2024-02-29T08:00Z,BE,165,271,440
2024-02-29T09:00Z,BE,173,282,627
2024-02-29T10:00Z,BE,133,222,757
2024-02-29T11:00Z,BE,114,191,813
2024-02-29T12:00Z,BE,122,204,789
2024-02-29T13:00Z,BE,95,162,687
2024-02-29T14:00Z,BE,78,133,520
2024-02-29T15:00Z,BE,79,136,310
2024-02-29T16:00Z,BE,66,113,94
2024-02-29T17:00Z,BE,72,123,0
2024-02-29T18:00Z,BE,94,159,0
2024-02-29T19:00Z,BE,119,199,0
2024-02-29T20:00Z,BE,45,78,0
2024-02-29T21:00Z,BE,61,104,0
2024-02-29T22:00Z,BE,56,97,0
2024-02-29T23:00Z,BE,75,129,0
2024-03-01T00:00Z,BE,82,140,0
2024-03-01T01:00Z,BE,95,161,0
2024-03-01T02:00Z,BE,118,198,0
2024-03-01T03:00Z,BE,84,143,0
2024-03-01T04:00Z,BE,85,144,0
2024-03-01T05:00Z,BE,97,164,0
2024-03-01T06:00Z,BE,88,149,30
2024-03-01T07:00Z,BE,100,169,327
2024-03-01T08:00Z,BE,89,151,659
2024-03-01T09:00Z,BE,135,224,961
2024-03-01T10:00Z,BE,267,419,1265
2024-03-01T11:00Z,BE,348,528,1389
2024-03-01T12:00Z,BE,377,565,1213
2024-03-01T13:00Z,BE,164,269,1144
2024-03-01T14:00Z,BE,147,243,821
2024-03-01T15:00Z,BE,135,225,462
2024-03-01T16:00Z,BE,212,341,152
2024-03-01T17:00Z,BE,170,278,0
2024-03-01T18:00Z,BE,177,288,0
2024-03-01T19:00Z,BE,134,223,0
2024-03-01T20:00Z,BE,171,280,0
2024-03-01T21:00Z,BE,173,282,0
2024-03-01T22:00Z,BE,164,269,0
2024-03-01T23:00Z,BE,152,251,0
2024-03-02T00:00Z,BE,126,211,0
2024-03-02T01:00Z,BE,161,264,0
2024-03-02T02:00Z,BE,124,207,0
2024-03-02T03:00Z,BE,167,274,0
2024-03-02T04:00Z,BE,164,269,0
2024-03-02T05:00Z,BE,131,218,0
2024-03-02T06:00Z,BE,161,265,36
2024-03-02T07:00Z,BE,165,271,312
2024-03-02T08:00Z,BE,169,276,527
2024-03-02T09:00Z,BE,224,357,687
2024-03-02T10:00Z,BE,314,484,959
2024-03-02T11:00Z,BE,385,575,1026
2024-03-02T12:00Z,BE,427,627,1003
2024-03-02T13:00Z,BE,529,746,899
2024-03-02T14:00Z,BE,446,650,682
2024-03-02T15:00Z,BE,674,901,435
2024-03-02T16:00Z,BE,594,818,142
2024-03-02T17:00Z,BE,510,725,0
2024-03-02T18:00Z,BE,467,675,0
2024-03-02T19:00Z,BE,363,548,0
2024-03-02T20:00Z,BE,427,627,0
2024-03-02T21:00Z,BE,281,438,0
2024-03-02T22:00Z,BE,234,373,0
2024-03-02T23:00Z,BE,131,218,0
2024-03-03T00:00Z,BE,149,247,0
2024-03-03T01:00Z,BE,166,272,0
2024-03-03T02:00Z,BE,179,292,0
2024-03-03T03:00Z,BE,182,296,0
2024-03-03T04:00Z,BE,139,231,0
2024-03-03T05:00Z,BE,220,352,0
2024-03-03T06:00Z,BE,214,344,69
2024-03-03T07:00Z,BE,205,330,543
2024-03-03T08:00Z,BE,346,526,1056
2024-03-03T09:00Z,BE,402,597,1455
2024-03-03T10:00Z,BE,382,571,1644
2024-03-03T11:00Z,BE,358,541,1563
2024-03-03T12:00Z,BE,395,588,1436
2024-03-03T13:00Z,BE,303,468,1233
2024-03-03T14:00Z,BE,314,483,934
2024-03-03T15:00Z,BE,303,468,552
2024-03-03T16:00Z,BE,306,473,206
2024-03-03T17:00Z,BE,411,607,0
2024-03-03T18:00Z,BE,561,782,0
2024-03-03T19:00Z,BE,485,696,0
2024-03-03T20:00Z,BE,414,611,0
2024-03-03T21:00Z,BE,414,611,0
2024-03-03T22:00Z,BE,316,485,0
2024-03-03T23:00Z,BE,390,581,0
2024-03-04T00:00Z,BE,481,691,0
2024-03-04T01:00Z,BE,719,945,0
2024-03-04T02:00Z,BE,782,1006,0
2024-03-04T03:00Z,BE,890,1103,0
2024-03-04T04:00Z,BE,687,914,0
2024-03-04T05:00Z,BE,568,790,0
2024-03-04T06:00Z,BE,635,861,60
2024-03-04T07:00Z,BE,477,686,340
2024-03-04T08:00Z,BE,759,984,695
2024-03-04T09:00Z,BE,826,1046,1059
2024-03-04T10:00Z,BE,763,988,1492
2024-03-04T11:00Z,BE,844,1062,1512
2024-03-04T12:00Z,BE,880,1094,1433
2024-03-04T13:00Z,BE,589,812,1135
2024-03-04T14:00Z,BE,600,824,931
2024-03-04T15:00Z,BE,390,582,553
2024-03-04T16:00Z,BE,371,557,151
2024-03-04T17:00Z,BE,324,496,0
2024-03-04T18:00Z,BE,334,510,0
2024-03-04T19:00Z,BE,459,666,0
2024-03-04T20:00Z,BE,505,720,0
2024-03-04T21:00Z,BE,319,490,0
2024-03-04T22:00Z,BE,469,677,0
2024-03-04T23:00Z,BE,400,594,0
2024-03-05T00:00Z,BE,294,457,0
2024-03-05T01:00Z,BE,269,422,0
2024-03-05T02:00Z,BE,348,528,0
2024-03-05T03:00Z,BE,247,391,0
2024-03-05T04:00Z,BE,379,567,0
2024-03-05T05:00Z,BE,370,556,0
2024-03-05T06:00Z,BE,340,517,107
2024-03-05T07:00Z,BE,387,578,648
2024-03-05T08:00Z,BE,358,541,1222
2024-03-05T09:00Z,BE,423,622,1647
2024-03-05T10:00Z,BE,328,502,1905
2024-03-05T11:00Z,BE,278,435,2182
2024-03-05T12:00Z,BE,269,422,2169
2024-03-05T13:00Z,BE,405,600,1977
2024-03-05T14:00Z,BE,462,670,1566
2024-03-05T15:00Z,BE,499,712,885
2024-03-05T16:00Z,BE,344,523,296
2024-03-05T17:00Z,BE,537,756,0
2024-03-05T18:00Z,BE,804,1027,0
2024-03-05T19:00Z,BE,874,1089,0
2024-03-05T20:00Z,BE,1097,1271,0
2024-03-05T21:00Z,BE,1082,1260,0
2024-03-05T22:00Z,BE,1097,1271,0
2024-03-05T23:00Z,BE,731,958,0
2024-03-06T00:00Z,BE,673,900,0
2024-03-06T01:00Z,BE,779,1003,0
2024-03-06T02:00Z,BE,603,828,0
2024-03-06T03:00Z,BE,907,1118,0
2024-03-06T04:00Z,BE,900,1111,0
2024-03-06T05:00Z,BE,981,1180,0
2024-03-06T06:00Z,BE,1150,1310,83
2024-03-06T07:00Z,BE,1517,1552,417
2024-03-06T08:00Z,BE,1619,1611,836
2024-03-06T09:00Z,BE,1696,1653,1289
2024-03-06T10:00Z,BE,1819,1717,1468
2024-03-06T11:00Z,BE,1965,1787,1724
2024-03-06T12:00Z,BE,1958,1784,1574
2024-03-06T13:00Z,BE,2191,1888,1470
2024-03-06T14:00Z,BE,2102,1849,1194
2024-03-06T15:00Z,BE,2092,1845,731
2024-03-06T16:00Z,BE,2156,1873,251
2024-03-06T17:00Z,BE,1851,1733,0
2024-03-06T18:00Z,BE,1916,1764,0
2024-03-06T19:00Z,BE,1936,1774,0
2024-03-06T20:00Z,BE,1845,1730,0
2024-03-06T21:00Z,BE,2022,1814,0
2024-03-06T22:00Z,BE,1546,1569,0
2024-03-06T23:00Z,BE,1415,1490,0
2024-03-07T00:00Z,BE,1379,1467,0
2024-03-07T01:00Z,BE,1417,1491,0
2024-03-07T02:00Z,BE,1364,1457,0
2024-03-07T03:00Z,BE,1345,1445,0
2024-03-07T04:00Z,BE,1553,1573,0
2024-03-07T05:00Z,BE,1478,1529,0
2024-03-07T06:00Z,BE,1420,1493,94
2024-03-07T07:00Z,BE,1263,1390,474
2024-03-07T08:00Z,BE,1236,1372,844
2024-03-07T09:00Z,BE,1223,1362,1253
2024-03-07T10:00Z,BE,1289,1408,1448
2024-03-07T11:00Z,BE,1154,1314,1338
2024-03-07T12:00Z,BE,1456,1515,1241
2024-03-07T13:00Z,BE,1858,1736,1118
2024-03-07T14:00Z,BE,1939,1775,827
2024-03-07T15:00Z,BE,1958,1784,518
2024-03-07T16:00Z,BE,2212,1896,205
2024-03-07T17:00Z,BE,2430,1982,0
2024-03-07T18:00Z,BE,2062,1832,0
2024-03-07T19:00Z,BE,1686,1648,0
2024-03-07T20:00Z,BE,1318,1427,0
2024-03-07T21:00Z,BE,1515,1551,0
2024-03-07T22:00Z,BE,1262,1390,0
2024-03-07T23:00Z,BE,1360,1455,0
2024-03-08T00:00Z,BE,1399,1480,0
2024-03-08T01:00Z,BE,1464,1520,0
2024-03-08T02:00Z,BE,1358,1454,0
2024-03-08T03:00Z,BE,1491,1536,0
2024-03-08T04:00Z,BE,1577,1587,0
2024-03-08T05:00Z,BE,1379,1467,0
2024-03-08T06:00Z,BE,1166,1322,127
2024-03-08T07:00Z,BE,1124,1291,581
2024-03-08T08:00Z,BE,1008,1201,976
2024-03-08T09:00Z,BE,965,1166,1337
2024-03-08T10:00Z,BE,800,1023,1493
2024-03-08T11:00Z,BE,624,850,1442
2024-03-08T12:00Z,BE,440,643,1442
2024-03-08T13:00Z,BE,435,637,1228
2024-03-08T14:00Z,BE,446,650,1019
2024-03-08T15:00Z,BE,375,563,621
2024-03-08T16:00Z,BE,370,555,241
2024-03-08T17:00Z,BE,408,604,0
2024-03-08T18:00Z,BE,380,568,0
2024-03-08T19:00Z,BE,352,533,0
2024-03-08T20:00Z,BE,305,471,0
2024-03-08T21:00Z,BE,289,449,0
2024-03-08T22:00Z,BE,211,339,0
2024-03-08T23:00Z,BE,266,418,0
2024-03-09T00:00Z,BE,234,372,0
2024-03-09T01:00Z,BE,245,388,0
2024-03-09T02:00Z,BE,249,393,0
2024-03-09T03:00Z,BE,189,307,0
2024-03-09T04:00Z,BE,141,234,0
2024-03-09T05:00Z,BE,172,281,0
2024-03-09T06:00Z,BE,218,349,135
2024-03-09T07:00Z,BE,164,268,572
2024-03-09T08:00Z,BE,182,296,974
2024-03-09T09:00Z,BE,183,297,1452
2024-03-09T10:00Z,BE,148,245,1677
2024-03-09T11:00Z,BE,122,204,1810
2024-03-09T12:00Z,BE,100,169,1675
2024-03-09T13:00Z,BE,62,106,1483
2024-03-09T14:00Z,BE,64,110,863
2024-03-09T15:00Z,BE,75,128,577
2024-03-09T16:00Z,BE,41,71,229
2024-03-09T17:00Z,BE,39,69,0
2024-03-09T18:00Z,BE,31,55,0
2024-03-09T19:00Z,BE,30,52,0
2024-03-09T20:00Z,BE,31,54,0
2024-03-09T21:00Z,BE,30,52,0
2024-03-09T22:00Z,BE,47,82,0
2024-03-09T23:00Z,BE,54,93,0
2024-03-10T00:00Z,BE,67,115,0
2024-03-10T01:00Z,BE,72,124,0
2024-03-10T02:00Z,BE,73,124,0
2024-03-10T03:00Z,BE,136,226,0
2024-03-10T04:00Z,BE,168,275,0
2024-03-10T05:00Z,BE,253,399,0
2024-03-10T06:00Z,BE,231,368,89
2024-03-10T07:00Z,BE,277,433,396
2024-03-10T08:00Z,BE,226,361,804
2024-03-10T09:00Z,BE,271,424,1092
2024-03-10T10:00Z,BE,281,439,1209
2024-03-10T11:00Z,BE,225,359,1379
2024-03-10T12:00Z,BE,119,199,1300
2024-03-10T13:00Z,BE,105,177,1073
2024-03-10T14:00Z,BE,88,150,996
2024-03-10T15:00Z,BE,98,165,616
2024-03-10T16:00Z,BE,111,187,268
2024-03-10T17:00Z,BE,130,217,0
2024-03-10T18:00Z,BE,189,306,0
2024-03-10T19:00Z,BE,220,352,0
2024-03-10T20:00Z,BE,218,349,0
2024-03-10T21:00Z,BE,236,375,0
2024-03-10T22:00Z,BE,161,264,0
2024-03-10T23:00Z,BE,244,387,0
2024-03-11T00:00Z,BE,188,305,0
2024-03-11T01:00Z,BE,135,224,0
2024-03-11T02:00Z,BE,151,249,0
2024-03-11T03:00Z,BE,167,274,0
2024-03-11T04:00Z,BE,295,458,0
2024-03-11T05:00Z,BE,548,767,0
2024-03-11T06:00Z,BE,548,768,194
2024-03-11T07:00Z,BE,655,881,669
2024-03-11T08:00Z,BE,411,608,1124
2024-03-11T09:00Z,BE,433,635,1595
2024-03-11T10:00Z,BE,274,429,1848
2024-03-11T11:00Z,BE,250,396,1882
2024-03-11T12:00Z,BE,228,364,1747
2024-03-11T13:00Z,BE,396,589,1382
2024-03-11T14:00Z,BE,348,528,1123
2024-03-11T15:00Z,BE,214,343,739
2024-03-11T16:00Z,BE,261,411,325
2024-03-11T17:00Z,BE,319,490,0
2024-03-11T18:00Z,BE,446,650,0
2024-03-11T19:00Z,BE,407,603,0
2024-03-11T20:00Z,BE,356,538,0
2024-03-11T21:00Z,BE,412,609,0
2024-03-11T22:00Z,BE,324,496,0
2024-03-11T23:00Z,BE,234,373,0
2024-03-12T00:00Z,BE,193,313,0
2024-03-12T01:00Z,BE,280,437,0
2024-03-12T02:00Z,BE,269,421,0
2024-03-12T03:00Z,BE,387,578,0
2024-03-12T04:00Z,BE,434,635,0
2024-03-12T05:00Z,BE,525,742,0
2024-03-12T06:00Z,BE,571,793,133
2024-03-12T07:00Z,BE,667,894,499
2024-03-12T08:00Z,BE,535,753,837
2024-03-12T09:00Z,BE,478,688,1301
2024-03-12T10:00Z,BE,448,652,1644
2024-03-12T11:00Z,BE,455,661,1662
2024-03-12T12:00Z,BE,506,720,1490
2024-03-12T13:00Z,BE,630,856,1355
2024-03-12T14:00Z,BE,802,1024,955
2024-03-12T15:00Z,BE,584,808,713
2024-03-12T16:00Z,BE,813,1034,261
2024-03-12T17:00Z,BE,903,1114,0
2024-03-12T18:00Z,BE,881,1095,0
2024-03-12T19:00Z,BE,908,1119,0
2024-03-12T20:00Z,BE,774,999,0
2024-03-12T21:00Z,BE,841,1060,0
2024-03-12T22:00Z,BE,953,1157,0
2024-03-12T23:00Z,BE,1221,1362,0
2024-03-13T00:00Z,BE,1223,1363,0
2024-03-13T01:00Z,BE,955,1158,0
2024-03-13T02:00Z,BE,575,797,0
2024-03-13T03:00Z,BE,506,720,0
2024-03-13T04:00Z,BE,570,792,0
2024-03-13T05:00Z,BE,552,772,0
2024-03-13T06:00Z,BE,607,832,123
2024-03-13T07:00Z,BE,886,1099,453
2024-03-13T08:00Z,BE,926,1134,760
2024-03-13T09:00Z,BE,1106,1277,1006
2024-03-13T10:00Z,BE,1046,1232,1331
2024-03-13T11:00Z,BE,886,1100,1334
2024-03-13T12:00Z,BE,1096,1270,1454
2024-03-13T13:00Z,BE,1065,1246,1118
2024-03-13T14:00Z,BE,928,1135,856
2024-03-13T15:00Z,BE,814,1035,517
2024-03-13T16:00Z,BE,743,969,253
2024-03-13T17:00Z,BE,828,1048,0
2024-03-13T18:00Z,BE,643,869,0
2024-03-13T19:00Z,BE,959,1161,0
2024-03-13T20:00Z,BE,1271,1396,0
2024-03-13T21:00Z,BE,1365,1458,0
2024-03-13T22:00Z,BE,1091,1266,0
2024-03-13T23:00Z,BE,913,1123,0
2024-03-14T00:00Z,BE,844,1062,0
2024-03-14T01:00Z,BE,805,1027,0
2024-03-14T02:00Z,BE,1126,1293,0
2024-03-14T03:00Z,BE,1107,1278,0
2024-03-14T04:00Z,BE,1348,1447,0
2024-03-14T05:00Z,BE,1251,1382,0
2024-03-14T06:00Z,BE,865,1081,217
2024-03-14T07:00Z,BE,935,1142,664
2024-03-14T08:00Z,BE,1048,1233,1078
2024-03-14T09:00Z,BE,1515,1551,1530
2024-03-14T10:00Z,BE,1369,1461,1934
2024-03-14T11:00Z,BE,1152,1312,2056
2024-03-14T12:00Z,BE,969,1170,1749
2024-03-14T13:00Z,BE,896,1108,1508
2024-03-14T14:00Z,BE,942,1147,1089
2024-03-14T15:00Z,BE,1215,1357,668
2024-03-14T16:00Z,BE,1522,1555,298
2024-03-14T17:00Z,BE,1744,1678,0
2024-03-14T18:00Z,BE,1903,1758,0
2024-03-14T19:00Z,BE,1813,1714,0
2024-03-14T20:00Z,BE,1501,1543,0
2024-03-14T21:00Z,BE,1228,1366,0
2024-03-14T22:00Z,BE,1103,1276,0
2024-03-14T23:00Z,BE,949,1154,0
2024-03-15T00:00Z,BE,950,1154,0
2024-03-15T01:00Z,BE,1153,1313,0
2024-03-15T02:00Z,BE,904,1116,0
2024-03-15T03:00Z,BE,665,892,0
2024-03-15T04:00Z,BE,724,950,0
2024-03-15T05:00Z,BE,627,853,0
2024-03-15T06:00Z,BE,547,767,303
2024-03-15T07:00Z,BE,556,776,902
2024-03-15T08:00Z,BE,888,1101,1549
2024-03-15T09:00Z,BE,961,1164,2101
2024-03-15T10:00Z,BE,1006,1200,2482
2024-03-15T11:00Z,BE,764,989,2538
2024-03-15T12:00Z,BE,896,1108,2527
2024-03-15T13:00Z,BE,1074,1253,2360
2024-03-15T14:00Z,BE,1250,1382,1900
2024-03-15T15:00Z,BE,1460,1518,1367
2024-03-15T16:00Z,BE,1382,1469,654
2024-03-15T17:00Z,BE,1673,1641,1
2024-03-15T18:00Z,BE,1446,1509,0
2024-03-15T19:00Z,BE,1958,1784,0
2024-03-15T20:00Z,BE,2009,1808,0
2024-03-15T21:00Z,BE,1908,1760,0
2024-03-15T22:00Z,BE,2017,1811,0
2024-03-15T23:00Z,BE,2175,1881,0
2024-03-16T00:00Z,BE,2004,1806,0
2024-03-16T01:00Z,BE,2185,1885,0
2024-03-16T02:00Z,BE,2219,1899,0
2024-03-16T03:00Z,BE,2329,1944,0
2024-03-16T04:00Z,BE,2375,1962,0
2024-03-16T05:00Z,BE,2336,1946,0
2024-03-16T06:00Z,BE,2260,1916,253
2024-03-16T07:00Z,BE,2174,1880,797
2024-03-16T08:00Z,BE,2343,1949,1271
2024-03-16T09:00Z,BE,2327,1943,1771
2024-03-16T10:00Z,BE,2205,1894,1960
2024-03-16T11:00Z,BE,2343,1949,2130
2024-03-16T12:00Z,BE,2347,1951,2067
2024-03-16T13:00Z,BE,2432,1983,1833
2024-03-16T14:00Z,BE,2344,1949,1485
2024-03-16T15:00Z,BE,2008,1807,993
2024-03-16T16:00Z,BE,1811,1713,457
2024-03-16T17:00Z,BE,1291,1410,9
2024-03-16T18:00Z,BE,1657,1631,0
2024-03-16T19:00Z,BE,1907,1760,0
2024-03-16T20:00Z,BE,1690,1649,0
2024-03-16T21:00Z,BE,1732,1672,0
2024-03-16T22:00Z,BE,1658,1632,0
2024-03-16T23:00Z,BE,1487,1534,0
2024-03-17T00:00Z,BE,1287,1406,0
2024-03-17T01:00Z,BE,1444,1508,0
2024-03-17T02:00Z,BE,1190,1340,0
2024-03-17T03:00Z,BE,1241,1375,0
2024-03-17T04:00Z,BE,1452,1513,0
2024-03-17T05:00Z,BE,1254,1384,0
2024-03-17T06:00Z,BE,1031,1220,297
2024-03-17T07:00Z,BE,832,1052,759
2024-03-17T08:00Z,BE,750,975,1301
2024-03-17T09:00Z,BE,765,990,1816
2024-03-17T10:00Z,BE,647,873,2342
2024-03-17T11:00Z,BE,695,922,2440
2024-03-17T12:00Z,BE,525,742,2440
2024-03-17T13:00Z,BE,550,770,2211
2024-03-17T14:00Z,BE,532,750,1696
2024-03-17T15:00Z,BE,730,956,1224
2024-03-17T16:00Z,BE,504,718,581
2024-03-17T17:00Z,BE,404,599,23
2024-03-17T18:00Z,BE,367,552,0
2024-03-17T19:00Z,BE,460,666,0
2024-03-17T20:00Z,BE,486,698,0
2024-03-17T21:00Z,BE,564,785,0
2024-03-17T22:00Z,BE,546,765,0
2024-03-17T23:00Z,BE,371,558,0
2024-03-18T00:00Z,BE,245,389,0
2024-03-18T01:00Z,BE,378,566,0
2024-03-18T02:00Z,BE,264,414,0
2024-03-18T03:00Z,BE,478,689,0
2024-03-18T04:00Z,BE,465,673,0
2024-03-18T05:00Z,BE,732,958,0
2024-03-18T06:00Z,BE,712,938,396
2024-03-18T07:00Z,BE,841,1060,1069
2024-03-18T08:00Z,BE,609,834,1786
2024-03-18T09:00Z,BE,945,1150,2451
2024-03-18T10:00Z,BE,926,1134,2921
2024-03-18T11:00Z,BE,991,1188,3178
2024-03-18T12:00Z,BE,1189,1338,3194
2024-03-18T13:00Z,BE,931,1138,2926
2024-03-18T14:00Z,BE,984,1182,2312
2024-03-18T15:00Z,BE,993,1189,1556
2024-03-18T16:00Z,BE,1056,1239,774
2024-03-18T17:00Z,BE,1392,1476,44
2024-03-18T18:00Z,BE,1664,1636,0
2024-03-18T19:00Z,BE,1676,1642,0
2024-03-18T20:00Z,BE,1712,1661,0
2024-03-18T21:00Z,BE,1660,1634,0
2024-03-18T22:00Z,BE,1344,1445,0
2024-03-18T23:00Z,BE,1024,1214,0
2024-03-19T00:00Z,BE,1213,1356,0
2024-03-19T01:00Z,BE,1486,1534,0
2024-03-19T02:00Z,BE,1593,1596,0
2024-03-19T03:00Z,BE,1329,1435,0
2024-03-19T04:00Z,BE,1365,1458,0
2024-03-19T05:00Z,BE,1279,1401,0
2024-03-19T06:00Z,BE,1414,1489,416
2024-03-19T07:00Z,BE,1627,1615,1072
2024-03-19T08:00Z,BE,1538,1564,1638
2024-03-19T09:00Z,BE,1561,1578,2259
2024-03-19T10:00Z,BE,1499,1541,2717
2024-03-19T11:00Z,BE,1584,1591,2813
2024-03-19T12:00Z,BE,1216,1358,2545
2024-03-19T13:00Z,BE,1125,1292,2205
2024-03-19T14:00Z,BE,1145,1307,1784
2024-03-19T15:00Z,BE,1047,1233,1143
2024-03-19T16:00Z,BE,763,988,593
2024-03-19T17:00Z,BE,560,781,48
2024-03-19T18:00Z,BE,490,701,0
2024-03-19T19:00Z,BE,369,554,0
2024-03-19T20:00Z,BE,385,575,0
2024-03-19T21:00Z,BE,543,762,0
2024-03-19T22:00Z,BE,554,775,0
2024-03-19T23:00Z,BE,698,925,0
2024-03-20T00:00Z,BE,897,1109,0
2024-03-20T01:00Z,BE,861,1077,0
2024-03-20T02:00Z,BE,804,1026,0
2024-03-20T03:00Z,BE,892,1105,0
2024-03-20T04:00Z,BE,979,1178,0
2024-03-20T05:00Z,BE,1150,1310,0
2024-03-20T06:00Z,BE,1099,1273,455
2024-03-20T07:00Z,BE,1081,1258,1239
2024-03-20T08:00Z,BE,1098,1271,1999
2024-03-20T09:00Z,BE,901,1113,2818
2024-03-20T10:00Z,BE,867,1083,2975
2024-03-20T11:00Z,BE,1097,1271,3104
2024-03-20T12:00Z,BE,1159,1317,3032
2024-03-20T13:00Z,BE,1273,1398,2823
2024-03-20T14:00Z,BE,1277,1400,2457
2024-03-20T15:00Z,BE,782,1006,1706
2024-03-20T16:00Z,BE,713,940,838
2024-03-20T17:00Z,BE,1120,1288,81
2024-03-20T18:00Z,BE,1135,1299,0
2024-03-20T19:00Z,BE,1160,1317,0
2024-03-20T20:00Z,BE,1164,1321,0
2024-03-20T21:00Z,BE,1137,1301,0
2024-03-20T22:00Z,BE,1270,1395,0
2024-03-20T23:00Z,BE,1488,1535,0
2024-03-21T00:00Z,BE,1265,1392,0
2024-03-21T01:00Z,BE,1257,1387,0
2024-03-21T02:00Z,BE,1684,1646,0
2024-03-21T03:00Z,BE,2057,1830,0
2024-03-21T04:00Z,BE,2202,1892,0
2024-03-21T05:00Z,BE,2225,1902,0
2024-03-21T06:00Z,BE,2214,1897,456
2024-03-21T07:00Z,BE,2158,1874,1151
2024-03-21T08:00Z,BE,2202,1892,1905
2024-03-21T09:00Z,BE,2406,1973,2446
2024-03-21T10:00Z,BE,2455,1992,2755
2024-03-21T11:00Z,BE,2555,2028,2870
2024-03-21T12:00Z,BE,2483,2002,2667
2024-03-21T13:00Z,BE,2421,1979,2556
2024-03-21T14:00Z,BE,2535,2021,2036
2024-03-21T15:00Z,BE,2537,2022,1434
2024-03-21T16:00Z,BE,2605,2046,652
2024-03-21T17:00Z,BE,2631,2055,76
2024-03-21T18:00Z,BE,2545,2025,0
2024-03-21T19:00Z,BE,2534,2021,0
2024-03-21T20:00Z,BE,2500,2008,0
2024-03-21T21:00Z,BE,2415,1977,0
2024-03-21T22:00Z,BE,2027,1816,0
2024-03-21T23:00Z,BE,2325,1942,0
2024-03-22T00:00Z,BE,2401,1971,0
2024-03-22T01:00Z,BE,2438,1985,0
2024-03-22T02:00Z,BE,2309,1936,0
2024-03-22T03:00Z,BE,2430,1982,0
2024-03-22T04:00Z,BE,2412,1976,0
2024-03-22T05:00Z,BE,2367,1959,0
2024-03-22T06:00Z,BE,2412,1975,407
2024-03-22T07:00Z,BE,2348,1951,1044
2024-03-22T08:00Z,BE,1935,1773,1679
2024-03-22T09:00Z,BE,2019,1813,2357
2024-03-22T10:00Z,BE,1927,1769,2565
2024-03-22T11:00Z,BE,2111,1853,2795
2024-03-22T12:00Z,BE,1958,1784,2731
2024-03-22T13:00Z,BE,1973,1791,2362
2024-03-22T14:00Z,BE,1580,1589,1756
2024-03-22T15:00Z,BE,1991,1799,1300
2024-03-22T16:00Z,BE,1965,1788,614
2024-03-22T17:00Z,BE,2139,1865,88
2024-03-22T18:00Z,BE,2121,1858,0
2024-03-22T19:00Z,BE,2016,1811,0
2024-03-22T20:00Z,BE,1841,1728,0
2024-03-22T21:00Z,BE,1769,1691,0
2024-03-22T22:00Z,BE,1249,1381,0
2024-03-22T23:00Z,BE,1173,1327,0
2024-03-23T00:00Z,BE,750,975,0
2024-03-23T01:00Z,BE,654,880,0
2024-03-23T02:00Z,BE,594,818,0
2024-03-23T03:00Z,BE,774,998,0
2024-03-23T04:00Z,BE,678,905,0
2024-03-23T05:00Z,BE,480,690,0
2024-03-23T06:00Z,BE,414,611,541
2024-03-23T07:00Z,BE,732,958,1249
2024-03-23T08:00Z,BE,876,1090,1861
2024-03-23T09:00Z,BE,1198,1345,2360
2024-03-23T10:00Z,BE,1197,1344,2843
2024-03-23T11:00Z,BE,1220,1361,3005
2024-03-23T12:00Z,BE,1142,1305,3049
2024-03-23T13:00Z,BE,1237,1372,2781
2024-03-23T14:00Z,BE,1438,1504,2418
2024-03-23T15:00Z,BE,1416,1491,1709
2024-03-23T16:00Z,BE,1215,1357,872
2024-03-23T17:00Z,BE,1122,1290,136
2024-03-23T18:00Z,BE,1151,1311,0
2024-03-23T19:00Z,BE,913,1123,0
2024-03-23T20:00Z,BE,1026,1216,0
2024-03-23T21:00Z,BE,1100,1273,0
2024-03-23T22:00Z,BE,934,1141,0
2024-03-23T23:00Z,BE,917,1126,0
2024-03-24T00:00Z,BE,872,1087,0
2024-03-24T01:00Z,BE,804,1027,0
2024-03-24T02:00Z,BE,969,1169,0
2024-03-24T03:00Z,BE,814,1035,0
2024-03-24T04:00Z,BE,546,766,0
2024-03-24T05:00Z,BE,387,577,0
2024-03-24T06:00Z,BE,419,617,656
2024-03-24T07:00Z,BE,669,896,1567
2024-03-24T08:00Z,BE,710,936,2452
2024-03-24T09:00Z,BE,542,761,3062
2024-03-24T10:00Z,BE,634,860,3632
2024-03-24T11:00Z,BE,580,802,3753
2024-03-24T12:00Z,BE,573,796,3755
2024-03-24T13:00Z,BE,489,701,3343
2024-03-24T14:00Z,BE,439,641,2742
2024-03-24T15:00Z,BE,393,585,1922
2024-03-24T16:00Z,BE,430,631,963
2024-03-24T17:00Z,BE,531,749,167
2024-03-24T18:00Z,BE,489,701,0
2024-03-24T19:00Z,BE,458,664,0
2024-03-24T20:00Z,BE,328,501,0
2024-03-24T21:00Z,BE,232,369,0
2024-03-24T22:00Z,BE,214,344,0
2024-03-24T23:00Z,BE,239,380,0
2024-03-25T00:00Z,BE,187,303,0
2024-03-25T01:00Z,BE,261,410,0
2024-03-25T02:00Z,BE,321,493,0
2024-03-25T03:00Z,BE,500,714,0
2024-03-25T04:00Z,BE,499,712,0
2024-03-25T05:00Z,BE,441,643,0
2024-03-25T06:00Z,BE,390,581,484
2024-03-25T07:00Z,BE,294,456,1093
2024-03-25T08:00Z,BE,349,529,1524
2024-03-25T09:00Z,BE,489,701,2206
2024-03-25T10:00Z,BE,364,548,2405
2024-03-25T11:00Z,BE,370,556,2578
2024-03-25T12:00Z,BE,434,636,2620
2024-03-25T13:00Z,BE,432,633,2314
2024-03-25T14:00Z,BE,468,677,2038
2024-03-25T15:00Z,BE,505,719,1484
2024-03-25T16:00Z,BE,826,1046,712
2024-03-25T17:00Z,BE,891,1104,139
2024-03-25T18:00Z,BE,603,827,0
2024-03-25T19:00Z,BE,670,897,0
2024-03-25T20:00Z,BE,729,956,0
2024-03-25T21:00Z,BE,845,1063,0
2024-03-25T22:00Z,BE,535,753,0
2024-03-25T23:00Z,BE,465,672,0
2024-03-26T00:00Z,BE,398,591,0
2024-03-26T01:00Z,BE,447,651,0
2024-03-26T02:00Z,BE,629,854,0
2024-03-26T03:00Z,BE,681,908,0
2024-03-26T04:00Z,BE,614,839,0
2024-03-26T05:00Z,BE,859,1076,0
2024-03-26T06:00Z,BE,1076,1255,298
2024-03-26T07:00Z,BE,1288,1407,657
2024-03-26T08:00Z,BE,1315,1425,1020
2024-03-26T09:00Z,BE,1065,1246,1349
2024-03-26T10:00Z,BE,879,1093,1502
2024-03-26T11:00Z,BE,1140,1303,1547
2024-03-26T12:00Z,BE,1069,1250,1513
2024-03-26T13:00Z,BE,1131,1297,1519
2024-03-26T14:00Z,BE,1049,1234,1197
2024-03-26T15:00Z,BE,1134,1299,832
2024-03-26T16:00Z,BE,926,1134,462
2024-03-26T17:00Z,BE,724,950,87
2024-03-26T18:00Z,BE,739,965,0
2024-03-26T19:00Z,BE,665,892,0
2024-03-26T20:00Z,BE,816,1037,0
2024-03-26T21:00Z,BE,658,885,0
2024-03-26T22:00Z,BE,454,659,0
2024-03-26T23:00Z,BE,299,463,0
2024-03-27T00:00Z,BE,321,493,0
2024-03-27T01:00Z,BE,290,451,0
2024-03-27T02:00Z,BE,363,547,0
2024-03-27T03:00Z,BE,479,689,0
2024-03-27T04:00Z,BE,445,648,0
2024-03-27T05:00Z,BE,485,696,0
2024-03-27T06:00Z,BE,737,963,530
2024-03-27T07:00Z,BE,539,758,1296
2024-03-27T08:00Z,BE,468,677,1958
2024-03-27T09:00Z,BE,602,826,2500
2024-03-27T10:00Z,BE,576,798,2945
2024-03-27T11:00Z,BE,481,691,3222
2024-03-27T12:00Z,BE,395,588,3192
2024-03-27T13:00Z,BE,336,512,2776
2024-03-27T14:00Z,BE,243,386,2275
2024-03-27T15:00Z,BE,334,509,1568
2024-03-27T16:00Z,BE,399,592,815
2024-03-27T17:00Z,BE,269,422,192
2024-03-27T18:00Z,BE,276,431,0
2024-03-27T19:00Z,BE,410,607,0
2024-03-27T20:00Z,BE,317,487,0
2024-03-27T21:00Z,BE,292,454,0
2024-03-27T22:00Z,BE,309,476,0
2024-03-27T23:00Z,BE,268,421,0
2024-03-28T00:00Z,BE,285,444,0
2024-03-28T01:00Z,BE,279,436,0
2024-03-28T02:00Z,BE,259,408,0
2024-03-28T03:00Z,BE,268,421,0
2024-03-28T04:00Z,BE,281,438,0
2024-03-28T05:00Z,BE,290,451,5
2024-03-28T06:00Z,BE,366,550,342
2024-03-28T07:00Z,BE,358,541,816
2024-03-28T08:00Z,BE,518,734,1080
2024-03-28T09:00Z,BE,671,898,1509
2024-03-28T10:00Z,BE,596,820,1871
2024-03-28T11:00Z,BE,784,1008,1699
2024-03-28T12:00Z,BE,911,1121,1789
2024-03-28T13:00Z,BE,784,1008,1482
2024-03-28T14:00Z,BE,679,906,1320
2024-03-28T15:00Z,BE,781,1005,900
2024-03-28T16:00Z,BE,920,1128,535
2024-03-28T17:00Z,BE,903,1114,116
2024-03-28T18:00Z,BE,927,1135,0
2024-03-28T19:00Z,BE,856,1073,0
2024-03-28T20:00Z,BE,1031,1220,0
2024-03-28T21:00Z,BE,706,932,0
2024-03-28T22:00Z,BE,796,1019,0
2024-03-28T23:00Z,BE,1105,1277,0
2024-03-29T00:00Z,BE,1116,1285,0
2024-03-29T01:00Z,BE,1169,1324,0
2024-03-29T02:00Z,BE,1277,1400,0
2024-03-29T03:00Z,BE,1121,1289,0
2024-03-29T04:00Z,BE,1056,1239,0
2024-03-29T05:00Z,BE,1304,1418,9
2024-03-29T06:00Z,BE,1388,1473,307
2024-03-29T07:00Z,BE,1297,1414,703
2024-03-29T08:00Z,BE,1192,1341,968
2024-03-29T09:00Z,BE,989,1186,1243
2024-03-29T10:00Z,BE,946,1151,1494
2024-03-29T11:00Z,BE,598,822,1688
2024-03-29T12:00Z,BE,423,623,1612
2024-03-29T13:00Z,BE,360,543,1481
2024-03-29T14:00Z,BE,510,725,1308
2024-03-29T15:00Z,BE,570,792,913
2024-03-29T16:00Z,BE,560,781,528
2024-03-29T17:00Z,BE,437,640,139
2024-03-29T18:00Z,BE,464,672,0
2024-03-29T19:00Z,BE,634,860,0
2024-03-29T20:00Z,BE,627,852,0
2024-03-29T21:00Z,BE,793,1016,0
2024-03-29T22:00Z,BE,993,1189,0
2024-03-29T23:00Z,BE,737,963,0
2024-03-30T00:00Z,BE,845,1063,0
2024-03-30T01:00Z,BE,1226,1365,0
2024-03-30T02:00Z,BE,1137,1301,0
2024-03-30T03:00Z,BE,1093,1268,0
2024-03-30T04:00Z,BE,1416,1490,0
2024-03-30T05:00Z,BE,1157,1316,16
2024-03-30T06:00Z,BE,1251,1382,299
2024-03-30T07:00Z,BE,1224,1363,655
2024-03-30T08:00Z,BE,1356,1452,811
2024-03-30T09:00Z,BE,1022,1213,1060
2024-03-30T10:00Z,BE,775,999,1497
2024-03-30T11:00Z,BE,513,729,1652
2024-03-30T12:00Z,BE,325,498,1685
2024-03-30T13:00Z,BE,308,475,1730
2024-03-30T14:00Z,BE,262,412,1460
2024-03-30T15:00Z,BE,402,597,1063
2024-03-30T16:00Z,BE,646,872,620
2024-03-30T17:00Z,BE,642,869,169
2024-03-30T18:00Z,BE,679,906,0
2024-03-30T19:00Z,BE,736,962,0
2024-03-30T20:00Z,BE,830,1050,0
2024-03-30T21:00Z,BE,873,1088,0
2024-03-30T22:00Z,BE,949,1153,0
2024-03-30T23:00Z,BE,1192,1341,0
2024-03-31T00:00Z,BE,1149,1309,0
2024-03-31T01:00Z,BE,809,1030,0
2024-03-31T02:00Z,BE,771,996,0
2024-03-31T03:00Z,BE,783,1006,0
2024-03-31T04:00Z,BE,637,863,0
2024-03-31T05:00Z,BE,592,816,27
2024-03-31T06:00Z,BE,628,854,335
2024-03-31T07:00Z,BE,609,834,606
2024-03-31T08:00Z,BE,538,757,1137
2024-03-31T09:00Z,BE,485,696,1466
2024-03-31T10:00Z,BE,617,842,1789
2024-03-31T11:00Z,BE,744,970,1862
2024-03-31T12:00Z,BE,1104,1276,1810
2024-03-31T13:00Z,BE,1080,1258,1866
2024-03-31T14:00Z,BE,925,1133,1529
2024-03-31T15:00Z,BE,943,1149,1080
2024-03-31T16:00Z,BE,857,1074,596
2024-03-31T17:00Z,BE,911,1121,157
2024-03-31T18:00Z,BE,955,1158,0
2024-03-31T19:00Z,BE,963,1165,0
2024-03-31T20:00Z,BE,1053,1237,0
2024-03-31T21:00Z,BE,902,1113,0
2024-03-31T22:00Z,BE,846,1065,0
2024-03-31T23:00Z,BE,554,774,0
2024-04-01T00:00Z,BE,794,1017,0
2024-04-01T01:00Z,BE,903,1114,0
2024-04-01T02:00Z,BE,881,1095,0
2024-04-01T03:00Z,BE,1055,1239,0
2024-04-01T04:00Z,BE,866,1082,0
2024-04-01T05:00Z,BE,616,841,38
2024-04-01T06:00Z,BE,815,1036,358
2024-04-01T07:00Z,BE,856,1073,822
2024-04-01T08:00Z,BE,1084,1261,1213
2024-04-01T09:00Z,BE,828,1048,1433
2024-04-01T10:00Z,BE,826,1046,1851
2024-04-01T11:00Z,BE,784,1007,1831
2024-04-01T12:00Z,BE,692,919,1820
2024-04-01T13:00Z,BE,673,900,1764
2024-04-01T14:00Z,BE,665,892,1524
2024-04-01T15:00Z,BE,781,1004,1042
2024-04-01T16:00Z,BE,1016,1208,604
2024-04-01T17:00Z,BE,1065,1247,185
2024-04-01T18:00Z,BE,1008,1201,0
2024-04-01T19:00Z,BE,922,1130,0
2024-04-01T20:00Z,BE,1009,1202,0
2024-04-01T21:00Z,BE,885,1099,0
2024-04-01T22:00Z,BE,759,984,0
2024-04-01T23:00Z,BE,538,757,0
2024-04-02T00:00Z,BE,604,828,0
2024-04-02T01:00Z,BE,638,864,0
2024-04-02T02:00Z,BE,552,772,0
2024-04-02T03:00Z,BE,403,597,0
2024-04-02T04:00Z,BE,571,793,0
2024-04-02T05:00Z,BE,440,642,60
2024-04-02T06:00Z,BE,544,763,487
2024-04-02T07:00Z,BE,590,813,957
2024-04-02T08:00Z,BE,705,932,1577
2024-04-02T09:00Z,BE,1111,1282,2006
2024-04-02T10:00Z,BE,884,1098,2361
2024-04-02T11:00Z,BE,888,1101,2555
2024-04-02T12:00Z,BE,1102,1275,2545
2024-04-02T13:00Z,BE,1238,1373,2284
2024-04-02T14:00Z,BE,1123,1290,1815
2024-04-02T15:00Z,BE,784,1008,1254
2024-04-02T16:00Z,BE,732,959,723
2024-04-02T17:00Z,BE,550,770,236
2024-04-02T18:00Z,BE,646,872,0
2024-04-02T19:00Z,BE,595,819,0
2024-04-02T20:00Z,BE,517,733,0
2024-04-02T21:00Z,BE,535,753,0
2024-04-02T22:00Z,BE,502,715,0
2024-04-02T23:00Z,BE,498,712,0
2024-04-03T00:00Z,BE,459,666,0
2024-04-03T01:00Z,BE,442,646,0
2024-04-03T02:00Z,BE,536,754,0
2024-04-03T03:00Z,BE,574,796,0
2024-04-03T04:00Z,BE,325,498,0
2024-04-03T05:00Z,BE,312,480,86
2024-04-03T06:00Z,BE,333,509,659
2024-04-03T07:00Z,BE,453,658,1253
2024-04-03T08:00Z,BE,434,635,1737
2024-04-03T09:00Z,BE,304,470,2235
2024-04-03T10:00Z,BE,350,530,2616
2024-04-03T11:00Z,BE,322,493,2787
2024-04-03T12:00Z,BE,286,445,2415
2024-04-03T13:00Z,BE,229,365,2077
2024-04-03T14:00Z,BE,229,365,1824
2024-04-03T15:00Z,BE,247,391,1282
2024-04-03T16:00Z,BE,167,273,643
2024-04-03T17:00Z,BE,214,344,186
2024-04-03T18:00Z,BE,132,219,0
2024-04-03T19:00Z,BE,160,263,0
2024-04-03T20:00Z,BE,98,165,0
2024-04-03T21:00Z,BE,118,198,0
2024-04-03T22:00Z,BE,118,197,0
2024-04-03T23:00Z,BE,103,175,0
2024-04-04T00:00Z,BE,70,121,0
2024-04-04T01:00Z,BE,50,86,0
2024-04-04T02:00Z,BE,45,78,0
2024-04-04T03:00Z,BE,68,116,0
2024-04-04T04:00Z,BE,77,131,0
2024-04-04T05:00Z,BE,141,233,118
2024-04-04T06:00Z,BE,219,351,772
2024-04-04T07:00Z,BE,245,388,1524
2024-04-04T08:00Z,BE,283,441,2283
2024-04-04T09:00Z,BE,426,626,2902
2024-04-04T10:00Z,BE,492,704,3268
2024-04-04T11:00Z,BE,392,584,3702
2024-04-04T12:00Z,BE,367,552,3797
2024-04-04T13:00Z,BE,274,429,3244
2024-04-04T14:00Z,BE,388,578,2792
2024-04-04T15:00Z,BE,313,482,2042
2024-04-04T16:00Z,BE,369,554,1214
2024-04-04T17:00Z,BE,259,408,404
2024-04-04T18:00Z,BE,271,425,0
2024-04-04T19:00Z,BE,273,428,0
2024-04-04T20:00Z,BE,255,403,0
2024-04-04T21:00Z,BE,313,482,0
2024-04-04T22:00Z,BE,337,514,0
2024-04-04T23:00Z,BE,335,510,0
2024-04-05T00:00Z,BE,255,403,0
2024-04-05T01:00Z,BE,278,435,0
2024-04-05T02:00Z,BE,272,426,0
2024-04-05T03:00Z,BE,340,517,0
2024-04-05T04:00Z,BE,320,491,0
2024-04-05T05:00Z,BE,206,332,139
2024-04-05T06:00Z,BE,153,252,791
2024-04-05T07:00Z,BE,144,239,1598
2024-04-05T08:00Z,BE,176,288,2227
2024-04-05T09:00Z,BE,209,337,2820
2024-04-05T10:00Z,BE,324,496,3076
2024-04-05T11:00Z,BE,301,465,3372
2024-04-05T12:00Z,BE,324,496,3267
2024-04-05T13:00Z,BE,398,591,3107
2024-04-05T14:00Z,BE,514,730,2567
2024-04-05T15:00Z,BE,809,1031,1975
2024-04-05T16:00Z,BE,800,1022,1211
2024-04-05T17:00Z,BE,1042,1229,425
2024-04-05T18:00Z,BE,798,1020,0
2024-04-05T19:00Z,BE,546,766,0
2024-04-05T20:00Z,BE,544,763,0
2024-04-05T21:00Z,BE,592,815,0
2024-04-05T22:00Z,BE,943,1148,0
2024-04-05T23:00Z,BE,724,950,0
2024-04-06T00:00Z,BE,512,727,0
2024-04-06T01:00Z,BE,335,511,0
2024-04-06T02:00Z,BE,365,550,0
2024-04-06T03:00Z,BE,202,326,0
2024-04-06T04:00Z,BE,210,337,0
2024-04-06T05:00Z,BE,287,446,155
2024-04-06T06:00Z,BE,225,360,833
2024-04-06T07:00Z,BE,283,441,1552
2024-04-06T08:00Z,BE,220,352,2246
2024-04-06T09:00Z,BE,279,436,2899
2024-04-06T10:00Z,BE,433,635,3254
2024-04-06T11:00Z,BE,591,814,3310
2024-04-06T12:00Z,BE,448,653,3045
2024-04-06T13:00Z,BE,369,555,2788
2024-04-06T14:00Z,BE,226,361,2481
2024-04-06T15:00Z,BE,308,474,1833
2024-04-06T16:00Z,BE,314,483,1149
2024-04-06T17:00Z,BE,466,674,401
2024-04-06T18:00Z,BE,316,486,0
2024-04-06T19:00Z,BE,401,595,0
2024-04-06T20:00Z,BE,341,519,0
2024-04-06T21:00Z,BE,333,508,0
2024-04-06T22:00Z,BE,490,702,0
2024-04-06T23:00Z,BE,368,553,0
2024-04-07T00:00Z,BE,249,393,0
2024-04-07T01:00Z,BE,358,541,0
2024-04-07T02:00Z,BE,229,366,0
2024-04-07T03:00Z,BE,167,274,0
2024-04-07T04:00Z,BE,248,393,0
2024-04-07T05:00Z,BE,230,366,236
2024-04-07T06:00Z,BE,173,283,1149
2024-04-07T07:00Z,BE,228,364,2125
2024-04-07T08:00Z,BE,224,358,3127
2024-04-07T09:00Z,BE,200,324,3837
2024-04-07T10:00Z,BE,278,434,4340
2024-04-07T11:00Z,BE,283,441,4788
2024-04-07T12:00Z,BE,217,348,4754
2024-04-07T13:00Z,BE,212,341,4314
2024-04-07T14:00Z,BE,293,455,3586
2024-04-07T15:00Z,BE,228,363,2646
2024-04-07T16:00Z,BE,161,264,1602
2024-04-07T17:00Z,BE,122,204,588
2024-04-07T18:00Z,BE,119,199,0
2024-04-07T19:00Z,BE,147,243,0
2024-04-07T20:00Z,BE,191,309,0
2024-04-07T21:00Z,BE,273,427,0
2024-04-07T22:00Z,BE,273,427,0
2024-04-07T23:00Z,BE,303,468,0
2024-04-08T00:00Z,BE,234,373,0
2024-04-08T01:00Z,BE,208,335,0
2024-04-08T02:00Z,BE,152,250,0
2024-04-08T03:00Z,BE,158,259,0
2024-04-08T04:00Z,BE,156,257,0
2024-04-08T05:00Z,BE,116,195,210
2024-04-08T06:00Z,BE,143,237,1045
2024-04-08T07:00Z,BE,168,275,1946
2024-04-08T08:00Z,BE,103,174,2878
2024-04-08T09:00Z,BE,86,147,3650
2024-04-08T10:00Z,BE,42,73,4137
2024-04-08T11:00Z,BE,37,64,4289
2024-04-08T12:00Z,BE,54,93,3969
2024-04-08T13:00Z,BE,74,126,3902
2024-04-08T14:00Z,BE,95,161,3322
2024-04-08T15:00Z,BE,82,140,2482
2024-04-08T16:00Z,BE,117,195,1466
2024-04-08T17:00Z,BE,127,212,506
2024-04-08T18:00Z,BE,298,461,0
2024-04-08T19:00Z,BE,344,523,0
2024-04-08T20:00Z,BE,334,510,0
2024-04-08T21:00Z,BE,220,353,0
2024-04-08T22:00Z,BE,234,372,0
2024-04-08T23:00Z,BE,214,343,0
2024-04-09T00:00Z,BE,246,390,0
2024-04-09T01:00Z,BE,239,379,0
2024-04-09T02:00Z,BE,333,508,0
2024-04-09T03:00Z,BE,405,601,0
2024-04-09T04:00Z,BE,298,461,0
2024-04-09T05:00Z,BE,236,376,214
2024-04-09T06:00Z,BE,235,374,922
2024-04-09T07:00Z,BE,268,420,1638
2024-04-09T08:00Z,BE,306,472,2332
2024-04-09T09:00Z,BE,257,406,3175
2024-04-09T10:00Z,BE,244,387,3576
2024-04-09T11:00Z,BE,264,415,3511
2024-04-09T12:00Z,BE,215,345,3505
2024-04-09T13:00Z,BE,291,452,3081
2024-04-09T14:00Z,BE,220,352,2653
2024-04-09T15:00Z,BE,168,275,1867
2024-04-09T16:00Z,BE,170,279,1126
2024-04-09T17:00Z,BE,347,527,444
2024-04-09T18:00Z,BE,345,524,0
2024-04-09T19:00Z,BE,482,692,0
2024-04-09T20:00Z,BE,543,762,0
2024-04-09T21:00Z,BE,637,864,0
2024-04-09T22:00Z,BE,634,860,0
2024-04-09T23:00Z,BE,667,894,0
2024-04-10T00:00Z,BE,398,591,0
2024-04-10T01:00Z,BE,644,871,0
2024-04-10T02:00Z,BE,698,925,0
2024-04-10T03:00Z,BE,751,976,0
2024-04-10T04:00Z,BE,889,1102,0
2024-04-10T05:00Z,BE,986,1184,87
2024-04-10T06:00Z,BE,1131,1296,371
2024-04-10T07:00Z,BE,815,1036,635
2024-04-10T08:00Z,BE,1013,1206,889
2024-04-10T09:00Z,BE,1153,1312,1182
2024-04-10T10:00Z,BE,1176,1329,1551
2024-04-10T11:00Z,BE,1266,1393,1451
2024-04-10T12:00Z,BE,1468,1523,1620
2024-04-10T13:00Z,BE,1633,1618,1550
2024-04-10T14:00Z,BE,1687,1648,1310
2024-04-10T15:00Z,BE,1624,1613,892
2024-04-10T16:00Z,BE,1710,1660,631
2024-04-10T17:00Z,BE,1378,1467,230
2024-04-10T18:00Z,BE,1448,1510,0
2024-04-10T19:00Z,BE,1678,1643,0
2024-04-10T20:00Z,BE,1765,1689,0
2024-04-10T21:00Z,BE,1615,1608,0
2024-04-10T22:00Z,BE,1624,1614,0
2024-04-10T23:00Z,BE,1555,1574,0
2024-04-11T00:00Z,BE,1445,1509,0
2024-04-11T01:00Z,BE,1406,1484,0
2024-04-11T02:00Z,BE,1510,1548,0
2024-04-11T03:00Z,BE,1454,1514,0
2024-04-11T04:00Z,BE,1509,1547,0
2024-04-11T05:00Z,BE,1613,1607,172
2024-04-11T06:00Z,BE,1581,1589,666
2024-04-11T07:00Z,BE,1533,1562,1120
2024-04-11T08:00Z,BE,1275,1399,1662
2024-04-11T09:00Z,BE,836,1055,2190
2024-04-11T10:00Z,BE,902,1113,2307
2024-04-11T11:00Z,BE,731,957,2424
2024-04-11T12:00Z,BE,655,882,2189
2024-04-11T13:00Z,BE,873,1088,1936
2024-04-11T14:00Z,BE,875,1090,1637
2024-04-11T15:00Z,BE,1112,1283,1290
2024-04-11T16:00Z,BE,1123,1290,873
2024-04-11T17:00Z,BE,1032,1221,362
2024-04-11T18:00Z,BE,972,1172,0
2024-04-11T19:00Z,BE,769,994,0
2024-04-11T20:00Z,BE,656,882,0
2024-04-11T21:00Z,BE,514,730,0
2024-04-11T22:00Z,BE,458,664,0
2024-04-11T23:00Z,BE,465,672,0
2024-04-12T00:00Z,BE,503,717,0
2024-04-12T01:00Z,BE,643,870,0
2024-04-12T02:00Z,BE,690,917,0
2024-04-12T03:00Z,BE,484,695,0
2024-04-12T04:00Z,BE,519,735,0
2024-04-12T05:00Z,BE,567,789,214
2024-04-12T06:00Z,BE,474,683,746
2024-04-12T07:00Z,BE,531,749,1256
2024-04-12T08:00Z,BE,421,619,1909
2024-04-12T09:00Z,BE,384,573,2244
2024-04-12T10:00Z,BE,391,583,2563
2024-04-12T11:00Z,BE,405,601,2696
2024-04-12T12:00Z,BE,525,742,2760
2024-04-12T13:00Z,BE,645,872,2321
2024-04-12T14:00Z,BE,701,928,2134
2024-04-12T15:00Z,BE,690,917,1661
2024-04-12T16:00Z,BE,695,922,1133
2024-04-12T17:00Z,BE,652,878,456
2024-04-12T18:00Z,BE,794,1017,0
2024-04-12T19:00Z,BE,791,1014,0
2024-04-12T20:00Z,BE,707,934,0
2024-04-12T21:00Z,BE,516,732,0
2024-04-12T22:00Z,BE,467,675,0
2024-04-12T23:00Z,BE,610,835,0
2024-04-13T00:00Z,BE,483,694,0
2024-04-13T01:00Z,BE,409,605,0
2024-04-13T02:00Z,BE,349,529,0
2024-04-13T03:00Z,BE,270,423,0
2024-04-13T04:00Z,BE,221,353,0
2024-04-13T05:00Z,BE,224,357,226
2024-04-13T06:00Z,BE,346,525,664
2024-04-13T07:00Z,BE,427,628,1130
2024-04-13T08:00Z,BE,393,585,1491
2024-04-13T09:00Z,BE,364,548,2041
2024-04-13T10:00Z,BE,290,450,2457
2024-04-13T11:00Z,BE,237,376,2699
2024-04-13T12:00Z,BE,230,367,2719
2024-04-13T13:00Z,BE,154,254,2273
2024-04-13T14:00Z,BE,158,260,2078
2024-04-13T15:00Z,BE,114,191,1506
2024-04-13T16:00Z,BE,121,203,904
2024-04-13T17:00Z,BE,86,147,427
2024-04-13T18:00Z,BE,81,138,0
2024-04-13T19:00Z,BE,128,214,0
2024-04-13T20:00Z,BE,120,200,0
2024-04-13T21:00Z,BE,150,247,0
2024-04-13T22:00Z,BE,215,345,0
2024-04-13T23:00Z,BE,260,409,0
2024-04-14T00:00Z,BE,400,594,0
2024-04-14T01:00Z,BE,320,491,0
2024-04-14T02:00Z,BE,160,264,0
2024-04-14T03:00Z,BE,165,271,0
2024-04-14T04:00Z,BE,332,507,0
2024-04-14T05:00Z,BE,281,438,248
2024-04-14T06:00Z,BE,340,517,827
2024-04-14T07:00Z,BE,514,730,1502
2024-04-14T08:00Z,BE,359,542,2007
2024-04-14T09:00Z,BE,364,548,2321
2024-04-14T10:00Z,BE,314,483,2870
2024-04-14T11:00Z,BE,264,415,3166
2024-04-14T12:00Z,BE,237,377,3256
2024-04-14T13:00Z,BE,272,425,2943
2024-04-14T14:00Z,BE,194,314,2433
2024-04-14T15:00Z,BE,190,308,1952
2024-04-14T16:00Z,BE,149,246,1129
2024-04-14T17:00Z,BE,137,228,532
2024-04-14T18:00Z,BE,101,171,0
2024-04-14T19:00Z,BE,132,220,0
2024-04-14T20:00Z,BE,128,213,0
2024-04-14T21:00Z,BE,92,156,0
2024-04-14T22:00Z,BE,89,151,0
2024-04-14T23:00Z,BE,175,286,0
2024-04-15T00:00Z,BE,199,322,0
2024-04-15T01:00Z,BE,201,325,0
2024-04-15T02:00Z,BE,279,435,0
2024-04-15T03:00Z,BE,612,837,0
2024-04-15T04:00Z,BE,850,1068,0
2024-04-15T05:00Z,BE,1328,1434,255
2024-04-15T06:00Z,BE,1421,1494,808
2024-04-15T07:00Z,BE,1397,1479,1455
2024-04-15T08:00Z,BE,1608,1604,2134
2024-04-15T09:00Z,BE,1719,1665,2625
2024-04-15T10:00Z,BE,1791,1703,3100
2024-04-15T11:00Z,BE,1937,1774,3448
2024-04-15T12:00Z,BE,1972,1791,3294
2024-04-15T13:00Z,BE,2044,1824,2981
2024-04-15T14:00Z,BE,2024,1814,2322
2024-04-15T15:00Z,BE,1998,1803,1872
2024-04-15T16:00Z,BE,1858,1736,1238
2024-04-15T17:00Z,BE,1806,1710,517
2024-04-15T18:00Z,BE,1776,1695,1
2024-04-15T19:00Z,BE,1776,1695,0
2024-04-15T20:00Z,BE,1733,1673,0
2024-04-15T21:00Z,BE,1980,1794,0
2024-04-15T22:00Z,BE,1588,1593,0
2024-04-15T23:00Z,BE,1402,1482,0
2024-04-16T00:00Z,BE,1162,1319,0
2024-04-16T01:00Z,BE,964,1165,0
2024-04-16T02:00Z,BE,1082,1259,0
2024-04-16T03:00Z,BE,1164,1321,0
2024-04-16T04:00Z,BE,1316,1426,0
2024-04-16T05:00Z,BE,1348,1447,210
2024-04-16T06:00Z,BE,1386,1472,681
2024-04-16T07:00Z,BE,1498,1541,1171
2024-04-16T08:00Z,BE,1561,1578,1601
2024-04-16T09:00Z,BE,1276,1399,1972
2024-04-16T10:00Z,BE,1499,1542,2130
2024-04-16T11:00Z,BE,1989,1799,2138
2024-04-16T12:00Z,BE,2053,1828,2032
2024-04-16T13:00Z,BE,2151,1871,1896
2024-04-16T14:00Z,BE,2117,1856,1582
2024-04-16T15:00Z,BE,1656,1631,1226
2024-04-16T16:00Z,BE,1631,1617,828
2024-04-16T17:00Z,BE,1537,1564,386
2024-04-16T18:00Z,BE,1310,1422,7
2024-04-16T19:00Z,BE,1209,1353,0
2024-04-16T20:00Z,BE,1658,1632,0
2024-04-16T21:00Z,BE,1232,1369,0
2024-04-16T22:00Z,BE,1160,1318,0
2024-04-16T23:00Z,BE,1153,1313,0
2024-04-17T00:00Z,BE,1205,1350,0
2024-04-17T01:00Z,BE,984,1182,0
2024-04-17T02:00Z,BE,1010,1203,0
2024-04-17T03:00Z,BE,1143,1306,0
2024-04-17T04:00Z,BE,1034,1222,0
2024-04-17T05:00Z,BE,1224,1363,331
2024-04-17T06:00Z,BE,1239,1374,979
2024-04-17T07:00Z,BE,1353,1451,1552
2024-04-17T08:00Z,BE,1322,1430,2132
2024-04-17T09:00Z,BE,1410,1487,2832
2024-04-17T10:00Z,BE,1777,1695,3027
2024-04-17T11:00Z,BE,1927,1769,3150
2024-04-17T12:00Z,BE,1957,1784,3100
2024-04-17T13:00Z,BE,1956,1783,2776
2024-04-17T14:00Z,BE,1640,1623,2262
2024-04-17T15:00Z,BE,1620,1611,1810
2024-04-17T16:00Z,BE,1337,1440,1220
2024-04-17T17:00Z,BE,1278,1401,532
2024-04-17T18:00Z,BE,1209,1353,19
2024-04-17T19:00Z,BE,1268,1394,0
2024-04-17T20:00Z,BE,1178,1330,0
2024-04-17T21:00Z,BE,940,1146,0
2024-04-17T22:00Z,BE,954,1158,0
2024-04-17T23:00Z,BE,859,1076,0
2024-04-18T00:00Z,BE,1006,1200,0
2024-04-18T01:00Z,BE,811,1033,0
2024-04-18T02:00Z,BE,681,908,0
2024-04-18T03:00Z,BE,778,1002,0
2024-04-18T04:00Z,BE,907,1118,0
2024-04-18T05:00Z,BE,937,1143,253
2024-04-18T06:00Z,BE,1423,1495,711
2024-04-18T07:00Z,BE,1234,1370,1177
2024-04-18T08:00Z,BE,1209,1353,1620
2024-04-18T09:00Z,BE,1353,1450,2053
2024-04-18T10:00Z,BE,1534,1562,2321
2024-04-18T11:00Z,BE,1759,1686,2632
2024-04-18T12:00Z,BE,2059,1830,2703
2024-04-18T13:00Z,BE,1981,1795,2492
2024-04-18T14:00Z,BE,1917,1765,1930
2024-04-18T15:00Z,BE,1728,1670,1345
2024-04-18T16:00Z,BE,1533,1561,920
2024-04-18T17:00Z,BE,1321,1429,393
2024-04-18T18:00Z,BE,1183,1334,21
2024-04-18T19:00Z,BE,1256,1386,0
2024-04-18T20:00Z,BE,1404,1483,0
2024-04-18T21:00Z,BE,1140,1303,0
2024-04-18T22:00Z,BE,1410,1487,0
2024-04-18T23:00Z,BE,1561,1578,0
2024-04-19T00:00Z,BE,1401,1481,0
2024-04-19T01:00Z,BE,1349,1448,0
2024-04-19T02:00Z,BE,1062,1244,0
2024-04-19T03:00Z,BE,1108,1279,0
2024-04-19T04:00Z,BE,1165,1322,0
2024-04-19T05:00Z,BE,785,1009,173
2024-04-19T06:00Z,BE,782,1006,483
2024-04-19T07:00Z,BE,640,866,758
2024-04-19T08:00Z,BE,598,822,1073
2024-04-19T09:00Z,BE,956,1159,1384
2024-04-19T10:00Z,BE,864,1080,1485
2024-04-19T11:00Z,BE,789,1012,1529
2024-04-19T12:00Z,BE,998,1193,1598
2024-04-19T13:00Z,BE,924,1132,1453
2024-04-19T14:00Z,BE,1086,1262,1389
2024-04-19T15:00Z,BE,1312,1424,1164
2024-04-19T16:00Z,BE,1256,1386,696
2024-04-19T17:00Z,BE,1063,1245,317
2024-04-19T18:00Z,BE,1060,1242,27
2024-04-19T19:00Z,BE,950,1154,0
2024-04-19T20:00Z,BE,1180,1332,0
2024-04-19T21:00Z,BE,1225,1364,0
2024-04-19T22:00Z,BE,870,1086,0
2024-04-19T23:00Z,BE,1066,1247,0
2024-04-20T00:00Z,BE,931,1138,0
2024-04-20T01:00Z,BE,1057,1240,0
2024-04-20T02:00Z,BE,1084,1261,0
2024-04-20T03:00Z,BE,1090,1266,0
2024-04-20T04:00Z,BE,1269,1395,0
2024-04-20T05:00Z,BE,1426,1497,283
2024-04-20T06:00Z,BE,1212,1355,720
2024-04-20T07:00Z,BE,1474,1526,1007
2024-04-20T08:00Z,BE,1411,1487,1257
2024-04-20T09:00Z,BE,1261,1389,1825
2024-04-20T10:00Z,BE,1219,1360,2224
2024-04-20T11:00Z,BE,959,1162,2187
2024-04-20T12:00Z,BE,868,1084,2335
2024-04-20T13:00Z,BE,1048,1233,2217
2024-04-20T14:00Z,BE,1221,1362,2034
2024-04-20T15:00Z,BE,1306,1419,1620
2024-04-20T16:00Z,BE,1427,1498,1006
2024-04-20T17:00Z,BE,1571,1583,475
2024-04-20T18:00Z,BE,1730,1671,45
2024-04-20T19:00Z,BE,1500,1542,0
2024-04-20T20:00Z,BE,1377,1466,0
2024-04-20T21:00Z,BE,1759,1686,0
2024-04-20T22:00Z,BE,1539,1565,0
2024-04-20T23:00Z,BE,1761,1687,0
2024-04-21T00:00Z,BE,1701,1656,0
2024-04-21T01:00Z,BE,1929,1770,0
2024-04-21T02:00Z,BE,1860,1737,0
2024-04-21T03:00Z,BE,1727,1670,0
2024-04-21T04:00Z,BE,1912,1762,0
2024-04-21T05:00Z,BE,1977,1793,180
2024-04-21T06:00Z,BE,2063,1832,468
2024-04-21T07:00Z,BE,2214,1897,751
2024-04-21T08:00Z,BE,1745,1679,957
2024-04-21T09:00Z,BE,1516,1551,1203
2024-04-21T10:00Z,BE,1649,1627,1340
2024-04-21T11:00Z,BE,1713,1662,1336
2024-04-21T12:00Z,BE,1648,1627,1540
2024-04-21T13:00Z,BE,1602,1601,1207
2024-04-21T14:00Z,BE,1450,1512,1017
2024-04-21T15:00Z,BE,1571,1584,780
2024-04-21T16:00Z,BE,1639,1622,517
2024-04-21T17:00Z,BE,1500,1542,270
2024-04-21T18:00Z,BE,1525,1557,29
2024-04-21T19:00Z,BE,1493,1538,0
2024-04-21T20:00Z,BE,1454,1514,0
2024-04-21T21:00Z,BE,1519,1553,0
2024-04-21T22:00Z,BE,1580,1589,0
2024-04-21T23:00Z,BE,1578,1587,0
2024-04-22T00:00Z,BE,1424,1496,0
2024-04-22T01:00Z,BE,836,1055,0
2024-04-22T02:00Z,BE,878,1093,0
2024-04-22T03:00Z,BE,830,1050,0
2024-04-22T04:00Z,BE,706,932,0
2024-04-22T05:00Z,BE,986,1183,212
2024-04-22T06:00Z,BE,1491,1537,609
2024-04-22T07:00Z,BE,1192,1341,954
2024-04-22T08:00Z,BE,1114,1284,1358
2024-04-22T09:00Z,BE,1296,1413,1754
2024-04-22T10:00Z,BE,1198,1345,2158
2024-04-22T11:00Z,BE,1307,1420,2300
2024-04-22T12:00Z,BE,1388,1473,2443
2024-04-22T13:00Z,BE,1302,1417,2195
2024-04-22T14:00Z,BE,1304,1418,1951
2024-04-22T15:00Z,BE,1035,1223,1497
2024-04-22T16:00Z,BE,872,1087,939
2024-04-22T17:00Z,BE,672,898,480
2024-04-22T18:00Z,BE,594,818,61
2024-04-22T19:00Z,BE,514,730,0
2024-04-22T20:00Z,BE,343,522,0
2024-04-22T21:00Z,BE,393,585,0
2024-04-22T22:00Z,BE,472,681,0
2024-04-22T23:00Z,BE,349,529,0
2024-04-23T00:00Z,BE,467,675,0
2024-04-23T01:00Z,BE,433,635,0
2024-04-23T02:00Z,BE,503,716,0
2024-04-23T03:00Z,BE,437,639,0
2024-04-23T04:00Z,BE,474,683,0
2024-04-23T05:00Z,BE,665,892,251
2024-04-23T06:00Z,BE,665,892,603
2024-04-23T07:00Z,BE,908,1118,1074
2024-04-23T08:00Z,BE,812,1034,1561
2024-04-23T09:00Z,BE,642,868,2076
2024-04-23T10:00Z,BE,489,701,2257
2024-04-23T11:00Z,BE,571,793,2262
2024-04-23T12:00Z,BE,479,690,2389
2024-04-23T13:00Z,BE,472,681,2072
2024-04-23T14:00Z,BE,506,720,1686
2024-04-23T15:00Z,BE,443,646,1402
2024-04-23T16:00Z,BE,289,450,925
2024-04-23T17:00Z,BE,380,569,468
2024-04-23T18:00Z,BE,501,715,65
2024-04-23T19:00Z,BE,599,823,0
2024-04-23T20:00Z,BE,478,688,0
2024-04-23T21:00Z,BE,512,728,0
2024-04-23T22:00Z,BE,393,586,0
2024-04-23T23:00Z,BE,349,530,0
2024-04-24T00:00Z,BE,354,536,0
2024-04-24T01:00Z,BE,357,540,0
2024-04-24T02:00Z,BE,323,495,0
2024-04-24T03:00Z,BE,275,430,0
2024-04-24T04:00Z,BE,304,470,0
2024-04-24T05:00Z,BE,313,482,194
2024-04-24T06:00Z,BE,302,466,470
2024-04-24T07:00Z,BE,376,564,746
2024-04-24T08:00Z,BE,424,623,1224
2024-04-24T09:00Z,BE,559,780,1324
2024-04-24T10:00Z,BE,711,938,1392
2024-04-24T11:00Z,BE,746,972,1520
2024-04-24T12:00Z,BE,925,1133,1397
2024-04-24T13:00Z,BE,740,966,1253
2024-04-24T14:00Z,BE,1070,1250,1069
2024-04-24T15:00Z,BE,1039,1226,869
2024-04-24T16:00Z,BE,852,1070,618
2024-04-24T17:00Z,BE,637,863,307
2024-04-24T18:00Z,BE,533,751,48
2024-04-24T19:00Z,BE,481,692,0
2024-04-24T20:00Z,BE,400,594,0
2024-04-24T21:00Z,BE,384,573,0
2024-04-24T22:00Z,BE,433,634,0
2024-04-24T23:00Z,BE,470,678,0
2024-04-25T00:00Z,BE,421,620,0
2024-04-25T01:00Z,BE,492,705,0
2024-04-25T02:00Z,BE,430,631,0
2024-04-25T03:00Z,BE,359,542,0
2024-04-25T04:00Z,BE,426,626,0
2024-04-25T05:00Z,BE,390,581,206
2024-04-25T06:00Z,BE,449,654,435
2024-04-25T07:00Z,BE,400,594,866
2024-04-25T08:00Z,BE,464,672,1054
2024-04-25T09:00Z,BE,505,720,1234
2024-04-25T10:00Z,BE,538,757,1305
2024-04-25T11:00Z,BE,474,683,1577
2024-04-25T12:00Z,BE,524,741,1559
2024-04-25T13:00Z,BE,471,680,1704
2024-04-25T14:00Z,BE,344,523,1398
2024-04-25T15:00Z,BE,322,493,1216
2024-04-25T16:00Z,BE,294,456,740
2024-04-25T17:00Z,BE,170,278,471
2024-04-25T18:00Z,BE,195,315,78
2024-04-25T19:00Z,BE,125,209,0
2024-04-25T20:00Z,BE,174,284,0
2024-04-25T21:00Z,BE,151,249,0
2024-04-25T22:00Z,BE,126,210,0
2024-04-25T23:00Z,BE,194,315,0
2024-04-26T00:00Z,BE,169,277,0
2024-04-26T01:00Z,BE,201,324,0
2024-04-26T02:00Z,BE,144,238,0
2024-04-26T03:00Z,BE,161,265,0
2024-04-26T04:00Z,BE,234,373,0
2024-04-26T05:00Z,BE,326,500,368
2024-04-26T06:00Z,BE,254,401,845
2024-04-26T07:00Z,BE,353,534,1374
2024-04-26T08:00Z,BE,351,532,1814
2024-04-26T09:00Z,BE,284,442,2156
2024-04-26T10:00Z,BE,481,691,2452
2024-04-26T11:00Z,BE,688,915,2755
2024-04-26T12:00Z,BE,641,868,2967
2024-04-26T13:00Z,BE,578,800,2672
2024-04-26T14:00Z,BE,749,974,2299
2024-04-26T15:00Z,BE,887,1100,1713
2024-04-26T16:00Z,BE,586,809,1165
2024-04-26T17:00Z,BE,687,914,559
2024-04-26T18:00Z,BE,636,862,114
2024-04-26T19:00Z,BE,710,937,0
2024-04-26T20:00Z,BE,886,1099,0
2024-04-26T21:00Z,BE,851,1069,0
2024-04-26T22:00Z,BE,726,953,0
2024-04-26T23:00Z,BE,616,841,0
2024-04-27T00:00Z,BE,538,757,0
2024-04-27T01:00Z,BE,331,506,0
2024-04-27T02:00Z,BE,295,458,0
2024-04-27T03:00Z,BE,297,460,0
2024-04-27T04:00Z,BE,362,546,0
2024-04-27T05:00Z,BE,425,625,355
2024-04-27T06:00Z,BE,385,576,869
2024-04-27T07:00Z,BE,364,548,1523
2024-04-27T08:00Z,BE,365,549,2135
2024-04-27T09:00Z,BE,370,556,2192
2024-04-27T10:00Z,BE,284,443,2592
2024-04-27T11:00Z,BE,357,539,2837
2024-04-27T12:00Z,BE,448,652,2777
2024-04-27T13:00Z,BE,666,893,2642
2024-04-27T14:00Z,BE,765,990,2127
2024-04-27T15:00Z,BE,932,1139,1788
2024-04-27T16:00Z,BE,872,1087,1160
2024-04-27T17:00Z,BE,879,1093,692
2024-04-27T18:00Z,BE,857,1074,142
2024-04-27T19:00Z,BE,935,1141,0
2024-04-27T20:00Z,BE,996,1191,0
2024-04-27T21:00Z,BE,1108,1279,0
2024-04-27T22:00Z,BE,1183,1335,0
2024-04-27T23:00Z,BE,1473,1526,0
2024-04-28T00:00Z,BE,1356,1452,0
2024-04-28T01:00Z,BE,1274,1398,0
2024-04-28T02:00Z,BE,1279,1402,0
2024-04-28T03:00Z,BE,1250,1381,0
2024-04-28T04:00Z,BE,1011,1204,0
2024-04-28T05:00Z,BE,1190,1340,538
2024-04-28T06:00Z,BE,1170,1325,1217
2024-04-28T07:00Z,BE,1221,1361,1847
2024-04-28T08:00Z,BE,1000,1195,2243
2024-04-28T09:00Z,BE,800,1023,2961
2024-04-28T10:00Z,BE,684,911,3455
2024-04-28T11:00Z,BE,689,916,3175
2024-04-28T12:00Z,BE,904,1115,2931
2024-04-28T13:00Z,BE,1004,1198,2700
2024-04-28T14:00Z,BE,1147,1308,2234
2024-04-28T15:00Z,BE,927,1135,1925
2024-04-28T16:00Z,BE,710,937,1361
2024-04-28T17:00Z,BE,679,906,711
2024-04-28T18:00Z,BE,511,726,160
2024-04-28T19:00Z,BE,389,580,0
2024-04-28T20:00Z,BE,330,504,0
2024-04-28T21:00Z,BE,372,559,0
2024-04-28T22:00Z,BE,583,806,0
2024-04-28T23:00Z,BE,496,709,0
2024-04-29T00:00Z,BE,420,619,0
2024-04-29T01:00Z,BE,461,668,0
2024-04-29T02:00Z,BE,521,737,0
2024-04-29T03:00Z,BE,519,735,0
2024-04-29T04:00Z,BE,415,613,8
2024-04-29T05:00Z,BE,451,656,572
2024-04-29T06:00Z,BE,436,638,1247
2024-04-29T07:00Z,BE,429,630,1996
2024-04-29T08:00Z,BE,612,837,2668
2024-04-29T09:00Z,BE,601,825,3357
2024-04-29T10:00Z,BE,744,970,3446
2024-04-29T11:00Z,BE,688,915,3475
2024-04-29T12:00Z,BE,423,622,3469
2024-04-29T13:00Z,BE,340,517,3465
2024-04-29T14:00Z,BE,341,519,2842
2024-04-29T15:00Z,BE,299,463,2219
2024-04-29T16:00Z,BE,327,501,1522
2024-04-29T17:00Z,BE,378,566,784
2024-04-29T18:00Z,BE,356,538,175
2024-04-29T19:00Z,BE,267,419,0
2024-04-29T20:00Z,BE,207,333,0
2024-04-29T21:00Z,BE,155,255,0
2024-04-29T22:00Z,BE,141,233,0
2024-04-29T23:00Z,BE,118,198,0
2024-04-30T00:00Z,BE,110,185,0
2024-04-30T01:00Z,BE,139,231,0
2024-04-30T02:00Z,BE,163,267,0
2024-04-30T03:00Z,BE,147,243,0
2024-04-30T04:00Z,BE,183,298,21
2024-04-30T05:00Z,BE,161,265,701
2024-04-30T06:00Z,BE,203,328,1606
2024-04-30T07:00Z,BE,237,377,2625
2024-04-30T08:00Z,BE,283,441,3580
2024-04-30T09:00Z,BE,331,506,4119
2024-04-30T10:00Z,BE,343,521,4461
2024-04-30T11:00Z,BE,304,470,4555
2024-04-30T12:00Z,BE,360,544,4692
2024-04-30T13:00Z,BE,317,486,4441
2024-04-30T14:00Z,BE,437,639,3873
2024-04-30T15:00Z,BE,383,573,3020
2024-04-30T16:00Z,BE,479,689,1986
2024-04-30T17:00Z,BE,477,687,1067
2024-04-30T18:00Z,BE,400,594,263
2024-04-30T19:00Z,BE,337,514,0
2024-04-30T20:00Z,BE,237,377,0
2024-04-30T21:00Z,BE,179,291,0
2024-04-30T22:00Z,BE,124,207,0
2024-04-30T23:00Z,BE,126,211,0
2024-05-01T00:00Z,BE,170,278,0
2024-05-01T01:00Z,BE,201,324,0
2024-05-01T02:00Z,BE,228,364,0
2024-05-01T03:00Z,BE,361,544,0
2024-05-01T04:00Z,BE,521,737,36
2024-05-01T05:00Z,BE,506,721,736
2024-05-01T06:00Z,BE,458,664,1639
2024-05-01T07:00Z,BE,485,696,2538
2024-05-01T08:00Z,BE,411,608,3572
2024-05-01T09:00Z,BE,439,642,4062
2024-05-01T10:00Z,BE,316,485,4674
2024-05-01T11:00Z,BE,417,615,4525
2024-05-01T12:00Z,BE,441,644,4804
2024-05-01T13:00Z,BE,268,420,4511
2024-05-01T14:00Z,BE,179,292,3760
2024-05-01T15:00Z,BE,208,334,2823
2024-05-01T16:00Z,BE,385,575,1927
2024-05-01T17:00Z,BE,509,724,1035
2024-05-01T18:00Z,BE,326,500,264
2024-05-01T19:00Z,BE,191,310,0
2024-05-01T20:00Z,BE,154,254,0
2024-05-01T21:00Z,BE,103,173,0
2024-05-01T22:00Z,BE,140,232,0
2024-05-01T23:00Z,BE,125,209,0
2024-05-02T00:00Z,BE,149,247,0
2024-05-02T01:00Z,BE,151,250,0
2024-05-02T02:00Z,BE,120,201,0
2024-05-02T03:00Z,BE,87,148,0
2024-05-02T04:00Z,BE,185,301,33
2024-05-02T05:00Z,BE,264,415,519
2024-05-02T06:00Z,BE,248,392,1179
2024-05-02T07:00Z,BE,250,395,1844
2024-05-02T08:00Z,BE,252,398,2540
2024-05-02T09:00Z,BE,429,629,3074
2024-05-02T10:00Z,BE,609,834,3327
2024-05-02T11:00Z,BE,879,1094,3463
2024-05-02T12:00Z,BE,1143,1305,3260
2024-05-02T13:00Z,BE,1412,1488,3107
2024-05-02T14:00Z,BE,1298,1414,2850
2024-05-02T15:00Z,BE,1026,1216,2202
2024-05-02T16:00Z,BE,1012,1205,1524
2024-05-02T17:00Z,BE,956,1159,786
2024-05-02T18:00Z,BE,1143,1305,213
2024-05-02T19:00Z,BE,1040,1227,0
2024-05-02T20:00Z,BE,1231,1368,0
2024-05-02T21:00Z,BE,1115,1284,0
2024-05-02T22:00Z,BE,1174,1328,0
2024-05-02T23:00Z,BE,1421,1494,0
2024-05-03T00:00Z,BE,1190,1339,0
2024-05-03T01:00Z,BE,1464,1520,0
2024-05-03T02:00Z,BE,1828,1721,0
2024-05-03T03:00Z,BE,1331,1436,0
2024-05-03T04:00Z,BE,1375,1465,23
2024-05-03T05:00Z,BE,1529,1559,306
2024-05-03T06:00Z,BE,1540,1566,743
2024-05-03T07:00Z,BE,1417,1491,1164
2024-05-03T08:00Z,BE,1772,1693,1464
2024-05-03T09:00Z,BE,1815,1714,1734
2024-05-03T10:00Z,BE,1637,1621,1978
2024-05-03T11:00Z,BE,1673,1641,1963
2024-05-03T12:00Z,BE,1756,1685,1883
2024-05-03T13:00Z,BE,1740,1676,1766
2024-05-03T14:00Z,BE,1620,1611,1521
2024-05-03T15:00Z,BE,1277,1400,1089
2024-05-03T16:00Z,BE,1122,1289,699
2024-05-03T17:00Z,BE,980,1179,405
2024-05-03T18:00Z,BE,1085,1261,136
2024-05-03T19:00Z,BE,1178,1331,0
2024-05-03T20:00Z,BE,1142,1305,0
2024-05-03T21:00Z,BE,1067,1248,0
2024-05-03T22:00Z,BE,1091,1266,0
2024-05-03T23:00Z,BE,1001,1196,0
2024-05-04T00:00Z,BE,804,1026,0
2024-05-04T01:00Z,BE,616,841,0
2024-05-04T02:00Z,BE,389,580,0
2024-05-04T03:00Z,BE,362,546,0
2024-05-04T04:00Z,BE,216,347,45
2024-05-04T05:00Z,BE,323,495,454
2024-05-04T06:00Z,BE,470,679,862
2024-05-04T07:00Z,BE,535,753,1473
2024-05-04T08:00Z,BE,491,703,1914
2024-05-04T09:00Z,BE,332,507,2623
2024-05-04T10:00Z,BE,271,424,2814
2024-05-04T11:00Z,BE,291,451,3030
2024-05-04T12:00Z,BE,219,351,3156
2024-05-04T13:00Z,BE,283,440,2609
2024-05-04T14:00Z,BE,252,397,2052
2024-05-04T15:00Z,BE,219,350,1566
2024-05-04T16:00Z,BE,194,315,1195
2024-05-04T17:00Z,BE,194,314,684
2024-05-04T18:00Z,BE,214,344,192
2024-05-04T19:00Z,BE,327,500,0
2024-05-04T20:00Z,BE,277,432,0
2024-05-04T21:00Z,BE,265,416,0
2024-05-04T22:00Z,BE,215,345,0
2024-05-04T23:00Z,BE,221,354,0
2024-05-05T00:00Z,BE,230,367,0
2024-05-05T01:00Z,BE,179,291,0
2024-05-05T02:00Z,BE,136,226,0
2024-05-05T03:00Z,BE,130,216,0
2024-05-05T04:00Z,BE,153,252,55
2024-05-05T05:00Z,BE,142,235,464
2024-05-05T06:00Z,BE,212,340,1005
2024-05-05T07:00Z,BE,136,225,1700
2024-05-05T08:00Z,BE,215,345,2173
2024-05-05T09:00Z,BE,236,375,2477
2024-05-05T10:00Z,BE,251,396,2760
2024-05-05T11:00Z,BE,356,539,2874
2024-05-05T12:00Z,BE,233,371,3141
2024-05-05T13:00Z,BE,126,210,2742
2024-05-05T14:00Z,BE,124,207,2214
2024-05-05T15:00Z,BE,150,248,1853
2024-05-05T16:00Z,BE,76,129,1216
2024-05-05T17:00Z,BE,65,112,719
2024-05-05T18:00Z,BE,87,148,221
2024-05-05T19:00Z,BE,89,152,0
2024-05-05T20:00Z,BE,86,147,0
2024-05-05T21:00Z,BE,72,122,0
2024-05-05T22:00Z,BE,42,74,0
2024-05-05T23:00Z,BE,47,81,0
2024-05-06T00:00Z,BE,64,110,0
2024-05-06T01:00Z,BE,78,133,0
2024-05-06T02:00Z,BE,87,148,0
2024-05-06T03:00Z,BE,78,133,0
2024-05-06T04:00Z,BE,55,94,60
2024-05-06T05:00Z,BE,57,98,462
2024-05-06T06:00Z,BE,58,100,1048
2024-05-06T07:00Z,BE,76,129,1547
2024-05-06T08:00Z,BE,68,116,1935
2024-05-06T09:00Z,BE,62,107,2293
2024-05-06T10:00Z,BE,109,184,2535
2024-05-06T11:00Z,BE,182,296,2829
2024-05-06T12:00Z,BE,285,444,2689
2024-05-06T13:00Z,BE,243,385,2442
2024-05-06T14:00Z,BE,162,267,2056
2024-05-06T15:00Z,BE,211,338,1704
2024-05-06T16:00Z,BE,314,483,1203
2024-05-06T17:00Z,BE,443,647,619
2024-05-06T18:00Z,BE,340,518,168
2024-05-06T19:00Z,BE,223,357,0
2024-05-06T20:00Z,BE,402,596,0
2024-05-06T21:00Z,BE,319,490,0
2024-05-06T22:00Z,BE,288,448,0
2024-05-06T23:00Z,BE,291,451,0
2024-05-07T00:00Z,BE,241,383,0
2024-05-07T01:00Z,BE,214,343,0
2024-05-07T02:00Z,BE,185,300,0
2024-05-07T03:00Z,BE,177,289,0
2024-05-07T04:00Z,BE,175,285,45
2024-05-07T05:00Z,BE,162,266,318
2024-05-07T06:00Z,BE,192,312,525
2024-05-07T07:00Z,BE,180,293,983
2024-05-07T08:00Z,BE,265,416,1147
2024-05-07T09:00Z,BE,405,600,1243
2024-05-07T10:00Z,BE,338,515,1467
2024-05-07T11:00Z,BE,393,585,1557
2024-05-07T12:00Z,BE,458,665,1648
2024-05-07T13:00Z,BE,497,711,1648
2024-05-07T14:00Z,BE,482,693,1509
2024-05-07T15:00Z,BE,422,620,1146
2024-05-07T16:00Z,BE,487,699,837
2024-05-07T17:00Z,BE,467,675,493
2024-05-07T18:00Z,BE,422,621,163
2024-05-07T19:00Z,BE,418,616,0
2024-05-07T20:00Z,BE,495,708,0
2024-05-07T21:00Z,BE,388,579,0
2024-05-07T22:00Z,BE,396,589,0
2024-05-07T23:00Z,BE,291,452,0
2024-05-08T00:00Z,BE,474,683,0
2024-05-08T01:00Z,BE,518,734,0
2024-05-08T02:00Z,BE,478,688,0
2024-05-08T03:00Z,BE,449,654,0
2024-05-08T04:00Z,BE,491,703,87
2024-05-08T05:00Z,BE,577,799,570
2024-05-08T06:00Z,BE,724,950,1225
2024-05-08T07:00Z,BE,593,816,1789
2024-05-08T08:00Z,BE,530,748,2276
2024-05-08T09:00Z,BE,495,708,2585
2024-05-08T10:00Z,BE,533,751,2928
2024-05-08T11:00Z,BE,505,719,3179
2024-05-08T12:00Z,BE,448,653,3114
2024-05-08T13:00Z,BE,438,640,2930
2024-05-08T14:00Z,BE,392,584,2427
2024-05-08T15:00Z,BE,349,529,1929
2024-05-08T16:00Z,BE,337,513,1423
2024-05-08T17:00Z,BE,216,347,728
2024-05-08T18:00Z,BE,262,412,286
2024-05-08T19:00Z,BE,236,375,0
2024-05-08T20:00Z,BE,323,496,0
2024-05-08T21:00Z,BE,321,492,0
2024-05-08T22:00Z,BE,285,444,0
2024-05-08T23:00Z,BE,253,399,0
2024-05-09T00:00Z,BE,218,350,0
2024-05-09T01:00Z,BE,218,349,0
2024-05-09T02:00Z,BE,429,630,0
2024-05-09T03:00Z,BE,322,493,0
2024-05-09T04:00Z,BE,192,311,82
2024-05-09T05:00Z,BE,295,457,442
2024-05-09T06:00Z,BE,299,462,955
2024-05-09T07:00Z,BE,254,401,1522
2024-05-09T08:00Z,BE,282,439,1913
2024-05-09T09:00Z,BE,246,390,2188
2024-05-09T10:00Z,BE,288,448,2446
2024-05-09T11:00Z,BE,376,564,2487
2024-05-09T12:00Z,BE,344,522,2673
2024-05-09T13:00Z,BE,531,748,2394
2024-05-09T14:00Z,BE,467,676,2161
2024-05-09T15:00Z,BE,697,924,1819
2024-05-09T16:00Z,BE,694,921,1241
2024-05-09T17:00Z,BE,512,727,681
2024-05-09T18:00Z,BE,399,593,246
2024-05-09T19:00Z,BE,320,491,0
2024-05-09T20:00Z,BE,411,607,0
2024-05-09T21:00Z,BE,538,756,0
2024-05-09T22:00Z,BE,443,647,0
2024-05-09T23:00Z,BE,396,589,0
2024-05-10T00:00Z,BE,524,741,0
2024-05-10T01:00Z,BE,577,799,0
2024-05-10T02:00Z,BE,742,968,0
2024-05-10T03:00Z,BE,686,913,0
2024-05-10T04:00Z,BE,705,932,71
2024-05-10T05:00Z,BE,599,823,376
2024-05-10T06:00Z,BE,610,834,723
2024-05-10T07:00Z,BE,756,981,1207
2024-05-10T08:00Z,BE,747,972,1662
2024-05-10T09:00Z,BE,751,977,1977
2024-05-10T10:00Z,BE,963,1165,2296
2024-05-10T11:00Z,BE,1046,1231,2441
2024-05-10T12:00Z,BE,974,1174,2317
2024-05-10T13:00Z,BE,997,1193,2373
2024-05-10T14:00Z,BE,859,1076,2136
2024-05-10T15:00Z,BE,802,1024,1560
2024-05-10T16:00Z,BE,724,951,1067
2024-05-10T17:00Z,BE,769,994,715
2024-05-10T18:00Z,BE,1144,1306,245
2024-05-10T19:00Z,BE,915,1125,0
2024-05-10T20:00Z,BE,662,888,0
2024-05-10T21:00Z,BE,825,1045,0
2024-05-10T22:00Z,BE,570,792,0
2024-05-10T23:00Z,BE,638,865,0
2024-05-11T00:00Z,BE,908,1118,0
2024-05-11T01:00Z,BE,649,875,0
2024-05-11T02:00Z,BE,762,987,0
2024-05-11T03:00Z,BE,520,736,0
2024-05-11T04:00Z,BE,424,623,109
2024-05-11T05:00Z,BE,431,633,523
2024-05-11T06:00Z,BE,434,635,1017
2024-05-11T07:00Z,BE,463,670,1482
2024-05-11T08:00Z,BE,624,850,2276
2024-05-11T09:00Z,BE,408,604,2783
2024-05-11T10:00Z,BE,610,835,2802
2024-05-11T11:00Z,BE,518,734,2807
2024-05-11T12:00Z,BE,514,730,2672
2024-05-11T13:00Z,BE,619,844,2490
2024-05-11T14:00Z,BE,865,1081,2333
2024-05-11T15:00Z,BE,892,1105,1874
2024-05-11T16:00Z,BE,688,915,1438
2024-05-11T17:00Z,BE,1130,1295,751
2024-05-11T18:00Z,BE,980,1179,279
2024-05-11T19:00Z,BE,874,1089,0
2024-05-11T20:00Z,BE,999,1194,0
2024-05-11T21:00Z,BE,751,977,0
2024-05-11T22:00Z,BE,550,770,0
2024-05-11T23:00Z,BE,584,807,0
2024-05-12T00:00Z,BE,624,849,0
2024-05-12T01:00Z,BE,423,622,0
2024-05-12T02:00Z,BE,392,584,0
2024-05-12T03:00Z,BE,299,463,0
2024-05-12T04:00Z,BE,228,364,87
2024-05-12T05:00Z,BE,281,439,510
2024-05-12T06:00Z,BE,457,663,1113
2024-05-12T07:00Z,BE,467,675,1789
2024-05-12T08:00Z,BE,595,818,1900
2024-05-12T09:00Z,BE,698,925,2229
2024-05-12T10:00Z,BE,877,1092,2437
2024-05-12T11:00Z,BE,1274,1398,2792
2024-05-12T12:00Z,BE,1362,1457,2828
2024-05-12T13:00Z,BE,1419,1493,2651
2024-05-12T14:00Z,BE,1432,1501,2068
2024-05-12T15:00Z,BE,1347,1446,1679
2024-05-12T16:00Z,BE,957,1160,1144
2024-05-12T17:00Z,BE,723,950,672
2024-05-12T18:00Z,BE,515,730,239
2024-05-12T19:00Z,BE,582,805,0
2024-05-12T20:00Z,BE,340,517,0
2024-05-12T21:00Z,BE,232,370,0
2024-05-12T22:00Z,BE,272,426,0
2024-05-12T23:00Z,BE,264,415,0
2024-05-13T00:00Z,BE,293,455,0
2024-05-13T01:00Z,BE,310,478,0
2024-05-13T02:00Z,BE,416,613,0
2024-05-13T03:00Z,BE,442,645,0
2024-05-13T04:00Z,BE,420,618,70
2024-05-13T05:00Z,BE,647,874,347
2024-05-13T06:00Z,BE,801,1024,763
2024-05-13T07:00Z,BE,892,1105,1175
2024-05-13T08:00Z,BE,767,992,1396
2024-05-13T09:00Z,BE,814,1036,1774
2024-05-13T10:00Z,BE,1112,1282,1963
2024-05-13T11:00Z,BE,1560,1577,2263
2024-05-13T12:00Z,BE,1497,1540,2154
2024-05-13T13:00Z,BE,1321,1430,1693
2024-05-13T14:00Z,BE,1344,1444,1304
2024-05-13T15:00Z,BE,1549,1571,1034
2024-05-13T16:00Z,BE,1492,1537,737
2024-05-13T17:00Z,BE,1779,1697,479
2024-05-13T18:00Z,BE,1854,1734,165
2024-05-13T19:00Z,BE,1553,1573,0
2024-05-13T20:00Z,BE,1741,1677,0
2024-05-13T21:00Z,BE,1519,1553,0
2024-05-13T22:00Z,BE,1553,1573,0
2024-05-13T23:00Z,BE,1703,1656,0
2024-05-14T00:00Z,BE,1595,1597,0
2024-05-14T01:00Z,BE,1345,1445,0
2024-05-14T02:00Z,BE,1680,1644,0
2024-05-14T03:00Z,BE,1778,1696,0
2024-05-14T04:00Z,BE,1667,1637,138
2024-05-14T05:00Z,BE,1511,1549,596
2024-05-14T06:00Z,BE,1524,1556,1296
2024-05-14T07:00Z,BE,1405,1484,2049
2024-05-14T08:00Z,BE,1155,1314,2758
2024-05-14T09:00Z,BE,1391,1475,3311
2024-05-14T10:00Z,BE,1348,1447,3705
2024-05-14T11:00Z,BE,1607,1604,3639
2024-05-14T12:00Z,BE,1402,1481,3536
2024-05-14T13:00Z,BE,1623,1613,3162
2024-05-14T14:00Z,BE,1489,1535,2821
2024-05-14T15:00Z,BE,1528,1558,2255
2024-05-14T16:00Z,BE,1277,1400,1514
2024-05-14T17:00Z,BE,1518,1553,944
2024-05-14T18:00Z,BE,1676,1642,350
2024-05-14T19:00Z,BE,1468,1522,0
2024-05-14T20:00Z,BE,1485,1533,0
2024-05-14T21:00Z,BE,1664,1636,0
2024-05-14T22:00Z,BE,1090,1265,0
2024-05-14T23:00Z,BE,1228,1366,0
2024-05-15T00:00Z,BE,1236,1372,0
2024-05-15T01:00Z,BE,1308,1421,0
2024-05-15T02:00Z,BE,1526,1557,0
2024-05-15T03:00Z,BE,1485,1533,0
2024-05-15T04:00Z,BE,1215,1357,261
2024-05-15T05:00Z,BE,928,1136,1058
2024-05-15T06:00Z,BE,723,949,2083
2024-05-15T07:00Z,BE,628,854,3147
2024-05-15T08:00Z,BE,624,849,4112
2024-05-15T09:00Z,BE,559,780,4762
2024-05-15T10:00Z,BE,413,611,5139
2024-05-15T11:00Z,BE,442,645,5275
2024-05-15T12:00Z,BE,301,466,4941
2024-05-15T13:00Z,BE,346,525,4527
2024-05-15T14:00Z,BE,370,556,4216
2024-05-15T15:00Z,BE,189,307,3437
2024-05-15T16:00Z,BE,322,494,2408
2024-05-15T17:00Z,BE,424,624,1417
2024-05-15T18:00Z,BE,243,385,563
2024-05-15T19:00Z,BE,194,315,0
2024-05-15T20:00Z,BE,266,417,0
2024-05-15T21:00Z,BE,227,362,0
2024-05-15T22:00Z,BE,266,418,0
2024-05-15T23:00Z,BE,210,337,0
2024-05-16T00:00Z,BE,256,403,0
2024-05-16T01:00Z,BE,336,512,0
2024-05-16T02:00Z,BE,400,594,0
2024-05-16T03:00Z,BE,338,514,0
2024-05-16T04:00Z,BE,455,661,268
2024-05-16T05:00Z,BE,248,392,1074
2024-05-16T06:00Z,BE,262,411,2025
2024-05-16T07:00Z,BE,211,340,2763
2024-05-16T08:00Z,BE,227,362,3654
2024-05-16T09:00Z,BE,227,363,4543
2024-05-16T10:00Z,BE,291,452,4932
2024-05-16T11:00Z,BE,594,817,4901
2024-05-16T12:00Z,BE,511,726,4678
2024-05-16T13:00Z,BE,558,778,4569
2024-05-16T14:00Z,BE,713,940,4179
2024-05-16T15:00Z,BE,607,832,3305
2024-05-16T16:00Z,BE,476,686,2468
2024-05-16T17:00Z,BE,426,626,1400
2024-05-16T18:00Z,BE,233,372,513
2024-05-16T19:00Z,BE,235,374,0
2024-05-16T20:00Z,BE,162,266,0
2024-05-16T21:00Z,BE,213,341,0
2024-05-16T22:00Z,BE,222,355,0
2024-05-16T23:00Z,BE,315,485,0
2024-05-17T00:00Z,BE,269,421,0
2024-05-17T01:00Z,BE,191,309,0
2024-05-17T02:00Z,BE,204,330,0
2024-05-17T03:00Z,BE,328,501,0
2024-05-17T04:00Z,BE,341,518,217
2024-05-17T05:00Z,BE,346,525,858
2024-05-17T06:00Z,BE,452,658,1702
2024-05-17T07:00Z,BE,446,650,2637
2024-05-17T08:00Z,BE,548,767,3507
2024-05-17T09:00Z,BE,492,705,4258
2024-05-17T10:00Z,BE,428,628,4674
2024-05-17T11:00Z,BE,247,391,4939
2024-05-17T12:00Z,BE,324,497,5027
2024-05-17T13:00Z,BE,310,477,4430
2024-05-17T14:00Z,BE,337,514,4032
2024-05-17T15:00Z,BE,245,388,3158
2024-05-17T16:00Z,BE,250,395,2166
2024-05-17T17:00Z,BE,317,487,1232
2024-05-17T18:00Z,BE,269,422,506
2024-05-17T19:00Z,BE,279,435,0
2024-05-17T20:00Z,BE,257,404,0
2024-05-17T21:00Z,BE,243,385,0
2024-05-17T22:00Z,BE,225,359,0
2024-05-17T23:00Z,BE,128,214,0
2024-05-18T00:00Z,BE,107,180,0
2024-05-18T01:00Z,BE,111,186,0
2024-05-18T02:00Z,BE,120,201,0
2024-05-18T03:00Z,BE,98,165,0
2024-05-18T04:00Z,BE,102,172,301
2024-05-18T05:00Z,BE,119,199,1088
2024-05-18T06:00Z,BE,167,273,2069
2024-05-18T07:00Z,BE,135,225,2744
2024-05-18T08:00Z,BE,169,276,3420
2024-05-18T09:00Z,BE,168,275,4034
2024-05-18T10:00Z,BE,129,215,4136
2024-05-18T11:00Z,BE,98,165,4511
2024-05-18T12:00Z,BE,141,233,4663
2024-05-18T13:00Z,BE,103,173,4404
2024-05-18T14:00Z,BE,120,202,3844
2024-05-18T15:00Z,BE,66,114,3045
2024-05-18T16:00Z,BE,57,99,2006
2024-05-18T17:00Z,BE,55,96,1264
2024-05-18T18:00Z,BE,45,78,510
2024-05-18T19:00Z,BE,44,76,0
2024-05-18T20:00Z,BE,42,72,0
2024-05-18T21:00Z,BE,37,64,0
2024-05-18T22:00Z,BE,36,63,0
2024-05-18T23:00Z,BE,55,95,0
2024-05-19T00:00Z,BE,70,119,0
2024-05-19T01:00Z,BE,68,116,0
2024-05-19T02:00Z,BE,60,102,0
2024-05-19T03:00Z,BE,69,118,0
2024-05-19T04:00Z,BE,76,130,302
2024-05-19T05:00Z,BE,87,148,1080
2024-05-19T06:00Z,BE,88,150,1972
2024-05-19T07:00Z,BE,144,238,2784
2024-05-19T08:00Z,BE,125,208,3688
2024-05-19T09:00Z,BE,112,188,4107
2024-05-19T10:00Z,BE,127,213,4354
2024-05-19T11:00Z,BE,109,184,4403
2024-05-19T12:00Z,BE,124,207,4283
2024-05-19T13:00Z,BE,75,128,4100
2024-05-19T14:00Z,BE,95,160,3722
2024-05-19T15:00Z,BE,95,161,2823
2024-05-19T16:00Z,BE,63,109,2023
2024-05-19T17:00Z,BE,115,193,1218
2024-05-19T18:00Z,BE,103,174,547
2024-05-19T19:00Z,BE,99,168,0
2024-05-19T20:00Z,BE,101,171,0
2024-05-19T21:00Z,BE,104,175,0
2024-05-19T22:00Z,BE,171,280,0
2024-05-19T23:00Z,BE,112,188,0
2024-05-20T00:00Z,BE,101,171,0
2024-05-20T01:00Z,BE,87,148,0
2024-05-20T02:00Z,BE,61,105,0
2024-05-20T03:00Z,BE,81,138,0
2024-05-20T04:00Z,BE,139,230,278
2024-05-20T05:00Z,BE,126,210,921
2024-05-20T06:00Z,BE,131,218,1703
2024-05-20T07:00Z,BE,177,289,2507
2024-05-20T08:00Z,BE,136,225,3304
2024-05-20T09:00Z,BE,114,192,3827
2024-05-20T10:00Z,BE,95,161,4003
2024-05-20T11:00Z,BE,113,190,4188
2024-05-20T12:00Z,BE,81,138,4266
2024-05-20T13:00Z,BE,104,175,3908
2024-05-20T14:00Z,BE,93,158,3578
2024-05-20T15:00Z,BE,110,185,3016
2024-05-20T16:00Z,BE,130,216,2215
2024-05-20T17:00Z,BE,239,379,1334
2024-05-20T18:00Z,BE,210,338,564
2024-05-20T19:00Z,BE,136,225,0
2024-05-20T20:00Z,BE,150,248,0
2024-05-20T21:00Z,BE,163,267,0
2024-05-20T22:00Z,BE,194,315,0
2024-05-20T23:00Z,BE,322,494,0
2024-05-21T00:00Z,BE,358,540,0
2024-05-21T01:00Z,BE,253,400,0
2024-05-21T02:00Z,BE,265,417,0
2024-05-21T03:00Z,BE,350,530,0
2024-05-21T04:00Z,BE,347,526,227
2024-05-21T05:00Z,BE,372,559,707
2024-05-21T06:00Z,BE,312,481,1290
2024-05-21T07:00Z,BE,274,429,1692
2024-05-21T08:00Z,BE,420,618,2337
2024-05-21T09:00Z,BE,367,553,3040
2024-05-21T10:00Z,BE,276,432,3116
2024-05-21T11:00Z,BE,173,283,3487
2024-05-21T12:00Z,BE,238,377,3653
2024-05-21T13:00Z,BE,236,376,3434
2024-05-21T14:00Z,BE,167,274,2864
2024-05-21T15:00Z,BE,104,175,2167
2024-05-21T16:00Z,BE,123,206,1556
2024-05-21T17:00Z,BE,96,163,903
2024-05-21T18:00Z,BE,134,222,387
2024-05-21T19:00Z,BE,188,305,0
2024-05-21T20:00Z,BE,216,346,0
2024-05-21T21:00Z,BE,162,266,0
2024-05-21T22:00Z,BE,186,302,0
2024-05-21T23:00Z,BE,172,282,0
2024-05-22T00:00Z,BE,138,230,0
2024-05-22T01:00Z,BE,92,155,0
2024-05-22T02:00Z,BE,95,160,0
2024-05-22T03:00Z,BE,94,159,0
2024-05-22T04:00Z,BE,68,117,156
2024-05-22T05:00Z,BE,73,125,546
2024-05-22T06:00Z,BE,85,145,959
2024-05-22T07:00Z,BE,138,230,1480
2024-05-22T08:00Z,BE,178,290,2073
2024-05-22T09:00Z,BE,292,454,2489
2024-05-22T10:00Z,BE,275,430,2778
2024-05-22T11:00Z,BE,400,594,3054
2024-05-22T12:00Z,BE,589,812,2902
2024-05-22T13:00Z,BE,378,566,2862
2024-05-22T14:00Z,BE,288,447,2315
2024-05-22T15:00Z,BE,177,289,2036
2024-05-22T16:00Z,BE,151,249,1299
2024-05-22T17:00Z,BE,148,245,774
2024-05-22T18:00Z,BE,284,443,314
2024-05-22T19:00Z,BE,276,432,1
2024-05-22T20:00Z,BE,251,397,0
2024-05-22T21:00Z,BE,253,400,0
2024-05-22T22:00Z,BE,126,211,0
2024-05-22T23:00Z,BE,112,189,0
2024-05-23T00:00Z,BE,130,216,0
2024-05-23T01:00Z,BE,145,241,0
2024-05-23T02:00Z,BE,257,405,0
2024-05-23T03:00Z,BE,226,362,0
2024-05-23T04:00Z,BE,216,346,208
2024-05-23T05:00Z,BE,201,324,624
2024-05-23T06:00Z,BE,182,297,1107
2024-05-23T07:00Z,BE,98,165,1848
2024-05-23T08:00Z,BE,113,189,2454
2024-05-23T09:00Z,BE,129,215,3148
2024-05-23T10:00Z,BE,153,252,3158
2024-05-23T11:00Z,BE,162,266,3255
2024-05-23T12:00Z,BE,93,157,2967
2024-05-23T13:00Z,BE,67,115,2843
2024-05-23T14:00Z,BE,67,116,2393
2024-05-23T15:00Z,BE,93,157,1746
2024-05-23T16:00Z,BE,94,159,1360
2024-05-23T17:00Z,BE,61,105,752
2024-05-23T18:00Z,BE,77,132,343
2024-05-23T19:00Z,BE,64,109,4
2024-05-23T20:00Z,BE,70,120,0
2024-05-23T21:00Z,BE,61,104,0
2024-05-23T22:00Z,BE,73,126,0
2024-05-23T23:00Z,BE,60,103,0
2024-05-24T00:00Z,BE,111,187,0
2024-05-24T01:00Z,BE,78,134,0
2024-05-24T02:00Z,BE,83,141,0
2024-05-24T03:00Z,BE,124,206,0
2024-05-24T04:00Z,BE,103,174,217
2024-05-24T05:00Z,BE,118,197,677
2024-05-24T06:00Z,BE,139,231,1318
2024-05-24T07:00Z,BE,200,323,1954
2024-05-24T08:00Z,BE,204,330,2571
2024-05-24T09:00Z,BE,207,333,3028
2024-05-24T10:00Z,BE,192,311,2999
2024-05-24T11:00Z,BE,183,298,3318
2024-05-24T12:00Z,BE,170,278,3383
2024-05-24T13:00Z,BE,258,407,3294
2024-05-24T14:00Z,BE,230,367,3036
2024-05-24T15:00Z,BE,183,298,2512
2024-05-24T16:00Z,BE,200,323,1792
2024-05-24T17:00Z,BE,202,325,1030
2024-05-24T18:00Z,BE,106,179,466
2024-05-24T19:00Z,BE,107,180,11
2024-05-24T20:00Z,BE,155,255,0
2024-05-24T21:00Z,BE,198,321,0
2024-05-24T22:00Z,BE,244,386,0
2024-05-24T23:00Z,BE,228,363,0
2024-05-25T00:00Z,BE,287,447,0
2024-05-25T01:00Z,BE,230,366,0
2024-05-25T02:00Z,BE,219,351,0
2024-05-25T03:00Z,BE,221,353,0
2024-05-25T04:00Z,BE,241,382,317
2024-05-25T05:00Z,BE,265,416,999
2024-05-25T06:00Z,BE,208,335,1841
2024-05-25T07:00Z,BE,218,349,2458
2024-05-25T08:00Z,BE,221,354,3141
2024-05-25T09:00Z,BE,360,543,3720
2024-05-25T10:00Z,BE,373,559,4337
2024-05-25T11:00Z,BE,333,509,4419
2024-05-25T12:00Z,BE,217,348,4293
2024-05-25T13:00Z,BE,209,337,3881
2024-05-25T14:00Z,BE,171,279,3685
2024-05-25T15:00Z,BE,205,331,2753
2024-05-25T16:00Z,BE,213,343,2009
2024-05-25T17:00Z,BE,139,231,1193
2024-05-25T18:00Z,BE,126,210,525
2024-05-25T19:00Z,BE,180,294,19
2024-05-25T20:00Z,BE,224,358,0
2024-05-25T21:00Z,BE,227,362,0
2024-05-25T22:00Z,BE,175,285,0
2024-05-25T23:00Z,BE,174,285,0
2024-05-26T00:00Z,BE,129,216,0
2024-05-26T01:00Z,BE,178,290,0
2024-05-26T02:00Z,BE,142,235,0
2024-05-26T03:00Z,BE,217,348,0
2024-05-26T04:00Z,BE,179,292,279
2024-05-26T05:00Z,BE,161,265,840
2024-05-26T06:00Z,BE,216,347,1387
2024-05-26T07:00Z,BE,140,232,2056
2024-05-26T08:00Z,BE,128,214,2349
2024-05-26T09:00Z,BE,123,205,2866
2024-05-26T10:00Z,BE,132,219,2924
2024-05-26T11:00Z,BE,110,186,3020
2024-05-26T12:00Z,BE,72,124,3196
2024-05-26T13:00Z,BE,67,114,2660
2024-05-26T14:00Z,BE,72,123,2253
2024-05-26T15:00Z,BE,65,111,1963
2024-05-26T16:00Z,BE,93,158,1458
2024-05-26T17:00Z,BE,84,144,921
2024-05-26T18:00Z,BE,134,222,443
2024-05-26T19:00Z,BE,145,240,19
2024-05-26T20:00Z,BE,132,219,0
2024-05-26T21:00Z,BE,108,182,0
2024-05-26T22:00Z,BE,89,151,0
2024-05-26T23:00Z,BE,139,230,0
2024-05-27T00:00Z,BE,125,208,0
2024-05-27T01:00Z,BE,86,146,0
2024-05-27T02:00Z,BE,85,144,0
2024-05-27T03:00Z,BE,59,102,0
2024-05-27T04:00Z,BE,50,86,301
2024-05-27T05:00Z,BE,55,94,873
2024-05-27T06:00Z,BE,78,134,1436
2024-05-27T07:00Z,BE,134,224,2136
2024-05-27T08:00Z,BE,185,302,2506
2024-05-27T09:00Z,BE,124,207,2967
2024-05-27T10:00Z,BE,127,211,3184
2024-05-27T11:00Z,BE,178,290,3191
2024-05-27T12:00Z,BE,158,260,3191
2024-05-27T13:00Z,BE,170,278,2810
2024-05-27T14:00Z,BE,176,287,2304
2024-05-27T15:00Z,BE,200,323,1964
2024-05-27T16:00Z,BE,177,288,1541
2024-05-27T17:00Z,BE,170,279,953
2024-05-27T18:00Z,BE,153,253,405
2024-05-27T19:00Z,BE,170,279,21
2024-05-27T20:00Z,BE,225,359,0
2024-05-27T21:00Z,BE,172,281,0
2024-05-27T22:00Z,BE,112,188,0
2024-05-27T23:00Z,BE,129,215,0
2024-05-28T00:00Z,BE,113,190,0
2024-05-28T01:00Z,BE,116,194,0
2024-05-28T02:00Z,BE,99,167,0
2024-05-28T03:00Z,BE,75,127,0
2024-05-28T04:00Z,BE,112,189,403
2024-05-28T05:00Z,BE,161,265,1234
2024-05-28T06:00Z,BE,163,268,2178
2024-05-28T07:00Z,BE,199,322,3223
2024-05-28T08:00Z,BE,140,233,4143
2024-05-28T09:00Z,BE,125,208,5208
2024-05-28T10:00Z,BE,106,179,5750
2024-05-28T11:00Z,BE,125,209,5827
2024-05-28T12:00Z,BE,144,238,5687
2024-05-28T13:00Z,BE,125,208,5229
2024-05-28T14:00Z,BE,100,168,4475
2024-05-28T15:00Z,BE,93,157,3809
2024-05-28T16:00Z,BE,73,125,2655
2024-05-28T17:00Z,BE,86,146,1657
2024-05-28T18:00Z,BE,83,142,686
2024-05-28T19:00Z,BE,53,92,47
2024-05-28T20:00Z,BE,34,60,0
2024-05-28T21:00Z,BE,34,60,0
2024-05-28T22:00Z,BE,29,51,0
2024-05-28T23:00Z,BE,34,59,0
2024-05-29T00:00Z,BE,36,63,0
2024-05-29T01:00Z,BE,30,52,0
2024-05-29T02:00Z,BE,29,51,0
2024-05-29T03:00Z,BE,36,62,0
2024-05-29T04:00Z,BE,35,61,450
2024-05-29T05:00Z,BE,52,89,1298
2024-05-29T06:00Z,BE,68,117,2356
2024-05-29T07:00Z,BE,48,83,3306
2024-05-29T08:00Z,BE,46,79,4245
2024-05-29T09:00Z,BE,37,64,4802
2024-05-29T10:00Z,BE,52,89,5077
2024-05-29T11:00Z,BE,44,77,5393
2024-05-29T12:00Z,BE,77,132,5126
2024-05-29T13:00Z,BE,66,114,4881
2024-05-29T14:00Z,BE,77,131,4131
2024-05-29T15:00Z,BE,67,114,3348
2024-05-29T16:00Z,BE,29,51,2370
2024-05-29T17:00Z,BE,21,37,1400
2024-05-29T18:00Z,BE,30,52,684
2024-05-29T19:00Z,BE,34,59,51
2024-05-29T20:00Z,BE,52,90,0
2024-05-29T21:00Z,BE,47,82,0
2024-05-29T22:00Z,BE,69,119,0
2024-05-29T23:00Z,BE,39,68,0
2024-05-30T00:00Z,BE,49,85,0
2024-05-30T01:00Z,BE,40,69,0
2024-05-30T02:00Z,BE,53,91,0
2024-05-30T03:00Z,BE,83,141,0
2024-05-30T04:00Z,BE,67,115,402
2024-05-30T05:00Z,BE,72,123,1148
2024-05-30T06:00Z,BE,77,132,2011
2024-05-30T07:00Z,BE,92,157,2820
2024-05-30T08:00Z,BE,139,231,3648
2024-05-30T09:00Z,BE,148,245,4381
2024-05-30T10:00Z,BE,178,290,5166
2024-05-30T11:00Z,BE,162,266,5374
2024-05-30T12:00Z,BE,202,327,5385
2024-05-30T13:00Z,BE,182,296,5006
2024-05-30T14:00Z,BE,154,254,4527
2024-05-30T15:00Z,BE,110,185,3659
2024-05-30T16:00Z,BE,100,168,2606
2024-05-30T17:00Z,BE,63,108,1582
2024-05-30T18:00Z,BE,66,113,752
2024-05-30T19:00Z,BE,47,81,64
2024-05-30T20:00Z,BE,38,66,0
2024-05-30T21:00Z,BE,27,47,0
2024-05-30T22:00Z,BE,34,60,0
2024-05-30T23:00Z,BE,37,65,0
2024-05-31T00:00Z,BE,55,95,0
2024-05-31T01:00Z,BE,68,117,0
2024-05-31T02:00Z,BE,60,103,0
2024-05-31T03:00Z,BE,62,107,0
2024-05-31T04:00Z,BE,62,106,495
2024-05-31T05:00Z,BE,51,87,1325
2024-05-31T06:00Z,BE,57,99,2385
2024-05-31T07:00Z,BE,67,114,3559
2024-05-31T08:00Z,BE,82,140,4561
2024-05-31T09:00Z,BE,106,179,5312
2024-05-31T10:00Z,BE,110,186,5903
2024-05-31T11:00Z,BE,83,142,5722
2024-05-31T12:00Z,BE,110,185,5595
2024-05-31T13:00Z,BE,73,125,5184
2024-05-31T14:00Z,BE,99,168,4153
2024-05-31T15:00Z,BE,90,153,3579
2024-05-31T16:00Z,BE,69,118,2564
2024-05-31T17:00Z,BE,92,156,1662
2024-05-31T18:00Z,BE,92,155,777
2024-05-31T19:00Z,BE,89,150,75
2024-05-31T20:00Z,BE,90,153,0
2024-05-31T21:00Z,BE,86,146,0
2024-05-31T22:00Z,BE,83,141,0
2024-05-31T23:00Z,BE,51,89,0
2024-06-01T00:00Z,BE,42,73,0
2024-06-01T01:00Z,BE,34,60,0
2024-06-01T02:00Z,BE,31,53,0
2024-06-01T03:00Z,BE,26,45,0
2024-06-01T04:00Z,BE,11,20,353
2024-06-01T05:00Z,BE,13,23,975
2024-06-01T06:00Z,BE,15,26,1816
2024-06-01T07:00Z,BE,16,29,2701
2024-06-01T08:00Z,BE,17,29,3501
2024-06-01T09:00Z,BE,17,31,4197
2024-06-01T10:00Z,BE,20,34,4496
2024-06-01T11:00Z,BE,16,29,4639
2024-06-01T12:00Z,BE,19,34,4380
2024-06-01T13:00Z,BE,18,31,4159
2024-06-01T14:00Z,BE,26,46,3439
2024-06-01T15:00Z,BE,20,35,2608
2024-06-01T16:00Z,BE,22,38,2008
2024-06-01T17:00Z,BE,40,69,1312
2024-06-01T18:00Z,BE,30,53,644
2024-06-01T19:00Z,BE,23,40,63
2024-06-01T20:00Z,BE,20,35,0
2024-06-01T21:00Z,BE,14,24,0
2024-06-01T22:00Z,BE,22,38,0
2024-06-01T23:00Z,BE,15,27,0
2024-06-02T00:00Z,BE,25,43,0
2024-06-02T01:00Z,BE,33,58,0
2024-06-02T02:00Z,BE,41,71,0
2024-06-02T03:00Z,BE,50,87,0
2024-06-02T04:00Z,BE,79,135,363
2024-06-02T05:00Z,BE,106,178,1010
2024-06-02T06:00Z,BE,126,210,1769
2024-06-02T07:00Z,BE,140,233,2505
2024-06-02T08:00Z,BE,171,280,3222
2024-06-02T09:00Z,BE,164,269,3769
2024-06-02T10:00Z,BE,152,250,4311
2024-06-02T11:00Z,BE,156,257,4210
2024-06-02T12:00Z,BE,184,300,3762
2024-06-02T13:00Z,BE,171,280,3194
2024-06-02T14:00Z,BE,150,248,2727
2024-06-02T15:00Z,BE,244,386,2405
2024-06-02T16:00Z,BE,156,257,1757
2024-06-02T17:00Z,BE,174,284,1157
2024-06-02T18:00Z,BE,114,192,572
2024-06-02T19:00Z,BE,110,184,64
2024-06-02T20:00Z,BE,122,204,0
2024-06-02T21:00Z,BE,114,192,0
2024-06-02T22:00Z,BE,92,156,0
2024-06-02T23:00Z,BE,84,143,0
2024-06-03T00:00Z,BE,53,92,0
2024-06-03T01:00Z,BE,83,141,0
2024-06-03T02:00Z,BE,96,163,0
2024-06-03T03:00Z,BE,75,128,0
2024-06-03T04:00Z,BE,74,126,384
2024-06-03T05:00Z,BE,73,124,1104
2024-06-03T06:00Z,BE,109,183,1867
2024-06-03T07:00Z,BE,75,128,2736
2024-06-03T08:00Z,BE,143,237,3670
2024-06-03T09:00Z,BE,144,239,4181
2024-06-03T10:00Z,BE,157,258,4323
2024-06-03T11:00Z,BE,170,279,4904
2024-06-03T12:00Z,BE,210,337,4964
2024-06-03T13:00Z,BE,164,269,4903
2024-06-03T14:00Z,BE,159,261,4092
2024-06-03T15:00Z,BE,114,191,3413
2024-06-03T16:00Z,BE,117,195,2311
2024-06-03T17:00Z,BE,109,183,1397
2024-06-03T18:00Z,BE,88,149,615
2024-06-03T19:00Z,BE,65,112,65
2024-06-03T20:00Z,BE,54,92,0
2024-06-03T21:00Z,BE,93,157,0
2024-06-03T22:00Z,BE,138,230,0
2024-06-03T23:00Z,BE,95,161,0
2024-06-04T00:00Z,BE,67,115,0
2024-06-04T01:00Z,BE,118,198,0
2024-06-04T02:00Z,BE,118,197,0
2024-06-04T03:00Z,BE,133,222,0
2024-06-04T04:00Z,BE,161,264,484
2024-06-04T05:00Z,BE,168,275,1365
2024-06-04T06:00Z,BE,129,216,2295
2024-06-04T07:00Z,BE,134,222,3387
2024-06-04T08:00Z,BE,191,310,4205
2024-06-04T09:00Z,BE,218,349,4822
2024-06-04T10:00Z,BE,142,236,5446
2024-06-04T11:00Z,BE,130,217,5590
2024-06-04T12:00Z,BE,125,209,5352
2024-06-04T13:00Z,BE,175,286,5055
2024-06-04T14:00Z,BE,150,248,4296
2024-06-04T15:00Z,BE,145,240,3461
2024-06-04T16:00Z,BE,157,258,2501
2024-06-04T17:00Z,BE,119,199,1514
2024-06-04T18:00Z,BE,111,187,737
2024-06-04T19:00Z,BE,81,137,94
2024-06-04T20:00Z,BE,54,94,0
2024-06-04T21:00Z,BE,60,103,0
2024-06-04T22:00Z,BE,69,118,0
2024-06-04T23:00Z,BE,84,143,0
2024-06-05T00:00Z,BE,107,180,0
2024-06-05T01:00Z,BE,75,128,0
2024-06-05T02:00Z,BE,82,140,0
2024-06-05T03:00Z,BE,80,137,0
2024-06-05T04:00Z,BE,94,159,487
2024-06-05T05:00Z,BE,84,144,1404
2024-06-05T06:00Z,BE,146,242,2327
2024-06-05T07:00Z,BE,243,385,3422
2024-06-05T08:00Z,BE,307,473,4469
2024-06-05T09:00Z,BE,215,344,5275
2024-06-05T10:00Z,BE,162,267,5607
2024-06-05T11:00Z,BE,113,189,5737
2024-06-05T12:00Z,BE,162,266,5540
2024-06-05T13:00Z,BE,406,602,4895
2024-06-05T14:00Z,BE,415,613,4454
2024-06-05T15:00Z,BE,275,430,3484
2024-06-05T16:00Z,BE,163,268,2452
2024-06-05T17:00Z,BE,143,237,1549
2024-06-05T18:00Z,BE,168,275,668
2024-06-05T19:00Z,BE,248,393,87
2024-06-05T20:00Z,BE,266,418,0
2024-06-05T21:00Z,BE,303,469,0
2024-06-05T22:00Z,BE,87,148,0
2024-06-05T23:00Z,BE,125,209,0
2024-06-06T00:00Z,BE,134,222,0
2024-06-06T01:00Z,BE,146,242,0
2024-06-06T02:00Z,BE,124,208,0
2024-06-06T03:00Z,BE,129,214,0
2024-06-06T04:00Z,BE,101,170,231
2024-06-06T05:00Z,BE,118,198,541
2024-06-06T06:00Z,BE,106,179,853
2024-06-06T07:00Z,BE,108,181,1082
2024-06-06T08:00Z,BE,141,234,1526
2024-06-06T09:00Z,BE,145,240,2009
2024-06-06T10:00Z,BE,131,219,2173
2024-06-06T11:00Z,BE,124,207,2582
2024-06-06T12:00Z,BE,137,227,2667
2024-06-06T13:00Z,BE,188,305,2374
2024-06-06T14:00Z,BE,162,267,2193
2024-06-06T15:00Z,BE,183,297,1806
2024-06-06T16:00Z,BE,145,240,1478
2024-06-06T17:00Z,BE,129,215,910
2024-06-06T18:00Z,BE,114,191,430
2024-06-06T19:00Z,BE,92,155,54
2024-06-06T20:00Z,BE,102,172,0
2024-06-06T21:00Z,BE,127,211,0
2024-06-06T22:00Z,BE,138,229,0
2024-06-06T23:00Z,BE,112,188,0
2024-06-07T00:00Z,BE,82,139,0
2024-06-07T01:00Z,BE,69,119,0
2024-06-07T02:00Z,BE,56,96,0
2024-06-07T03:00Z,BE,49,84,0
2024-06-07T04:00Z,BE,63,108,212
2024-06-07T05:00Z,BE,69,118,570
2024-06-07T06:00Z,BE,95,161,1049
2024-06-07T07:00Z,BE,119,199,1296
2024-06-07T08:00Z,BE,93,158,1609
2024-06-07T09:00Z,BE,125,209,2062
2024-06-07T10:00Z,BE,153,253,2543
2024-06-07T11:00Z,BE,89,151,2873
2024-06-07T12:00Z,BE,48,83,2895
2024-06-07T13:00Z,BE,70,120,2767
2024-06-07T14:00Z,BE,60,104,2518
2024-06-07T15:00Z,BE,69,118,1809
2024-06-07T16:00Z,BE,105,177,1389
2024-06-07T17:00Z,BE,126,210,906
2024-06-07T18:00Z,BE,92,156,440
2024-06-07T19:00Z,BE,77,132,65
2024-06-07T20:00Z,BE,94,159,0
2024-06-07T21:00Z,BE,84,143,0
2024-06-07T22:00Z,BE,72,124,0
2024-06-07T23:00Z,BE,66,113,0
2024-06-08T00:00Z,BE,54,93,0
2024-06-08T01:00Z,BE,58,100,0
2024-06-08T02:00Z,BE,69,118,0
2024-06-08T03:00Z,BE,57,98,0
2024-06-08T04:00Z,BE,73,125,388
2024-06-08T05:00Z,BE,88,149,954
2024-06-08T06:00Z,BE,91,155,1455
2024-06-08T07:00Z,BE,130,216,2172
2024-06-08T08:00Z,BE,147,243,2819
2024-06-08T09:00Z,BE,128,213,3164
2024-06-08T10:00Z,BE,97,165,3572
2024-06-08T11:00Z,BE,110,184,3319
2024-06-08T12:00Z,BE,114,191,3116
2024-06-08T13:00Z,BE,140,232,2928
2024-06-08T14:00Z,BE,168,276,2573
2024-06-08T15:00Z,BE,116,195,2217
2024-06-08T16:00Z,BE,100,169,1673
2024-06-08T17:00Z,BE,145,240,1017
2024-06-08T18:00Z,BE,120,201,454
2024-06-08T19:00Z,BE,159,261,59
2024-06-08T20:00Z,BE,162,266,0
2024-06-08T21:00Z,BE,276,432,0
2024-06-08T22:00Z,BE,242,383,0
2024-06-08T23:00Z,BE,240,381,0
2024-06-09T00:00Z,BE,330,504,0
2024-06-09T01:00Z,BE,207,334,0
2024-06-09T02:00Z,BE,282,440,0
2024-06-09T03:00Z,BE,252,397,0
2024-06-09T04:00Z,BE,301,465,365
2024-06-09T05:00Z,BE,265,416,872
2024-06-09T06:00Z,BE,286,444,1443
2024-06-09T07:00Z,BE,368,554,2135
2024-06-09T08:00Z,BE,680,907,2806
2024-06-09T09:00Z,BE,450,655,3434
2024-06-09T10:00Z,BE,455,661,3513
2024-06-09T11:00Z,BE,648,874,3686
2024-06-09T12:00Z,BE,630,856,3564
2024-06-09T13:00Z,BE,656,883,3179
2024-06-09T14:00Z,BE,547,766,3106
2024-06-09T15:00Z,BE,481,692,2470
2024-06-09T16:00Z,BE,532,750,1869
2024-06-09T17:00Z,BE,454,660,1205
2024-06-09T18:00Z,BE,446,650,620
2024-06-09T19:00Z,BE,430,631,83
2024-06-09T20:00Z,BE,298,462,0
2024-06-09T21:00Z,BE,241,382,0
2024-06-09T22:00Z,BE,227,363,0
2024-06-09T23:00Z,BE,288,448,0
2024-06-10T00:00Z,BE,276,432,0
2024-06-10T01:00Z,BE,329,503,0
2024-06-10T02:00Z,BE,390,581,0
2024-06-10T03:00Z,BE,304,470,0
2024-06-10T04:00Z,BE,350,530,354
2024-06-10T05:00Z,BE,308,475,885
2024-06-10T06:00Z,BE,286,446,1629
2024-06-10T07:00Z,BE,236,376,2223
2024-06-10T08:00Z,BE,279,436,2956
2024-06-10T09:00Z,BE,248,393,3347
2024-06-10T10:00Z,BE,461,667,3821
2024-06-10T11:00Z,BE,378,566,4429
2024-06-10T12:00Z,BE,317,486,3919
2024-06-10T13:00Z,BE,426,626,3187
2024-06-10T14:00Z,BE,329,503,3045
2024-06-10T15:00Z,BE,327,500,2431
2024-06-10T16:00Z,BE,227,362,1785
2024-06-10T17:00Z,BE,363,546,1073
2024-06-10T18:00Z,BE,508,722,489
2024-06-10T19:00Z,BE,626,852,81
2024-06-10T20:00Z,BE,729,955,0
2024-06-10T21:00Z,BE,958,1160,0
2024-06-10T22:00Z,BE,660,887,0
2024-06-10T23:00Z,BE,818,1039,0
2024-06-11T00:00Z,BE,597,822,0
2024-06-11T01:00Z,BE,425,625,0
2024-06-11T02:00Z,BE,530,748,0
2024-06-11T03:00Z,BE,395,588,0
2024-06-11T04:00Z,BE,517,733,177
2024-06-11T05:00Z,BE,418,616,467
2024-06-11T06:00Z,BE,373,559,875
2024-06-11T07:00Z,BE,400,594,1372
2024-06-11T08:00Z,BE,378,566,1752
2024-06-11T09:00Z,BE,288,448,2074
2024-06-11T10:00Z,BE,355,537,2306
2024-06-11T11:00Z,BE,220,353,2344
2024-06-11T12:00Z,BE,139,231,2244
2024-06-11T13:00Z,BE,132,219,2132
2024-06-11T14:00Z,BE,105,178,1875
2024-06-11T15:00Z,BE,88,149,1494
2024-06-11T16:00Z,BE,74,127,1137
2024-06-11T17:00Z,BE,92,156,819
2024-06-11T18:00Z,BE,65,112,375
2024-06-11T19:00Z,BE,38,66,57
2024-06-11T20:00Z,BE,35,61,0
2024-06-11T21:00Z,BE,47,81,0
2024-06-11T22:00Z,BE,43,74,0
2024-06-11T23:00Z,BE,31,54,0
2024-06-12T00:00Z,BE,39,69,0
2024-06-12T01:00Z,BE,90,153,0
2024-06-12T02:00Z,BE,127,212,0
2024-06-12T03:00Z,BE,197,319,0
2024-06-12T04:00Z,BE,203,327,340
2024-06-12T05:00Z,BE,198,320,917
2024-06-12T06:00Z,BE,176,288,1655
2024-06-12T07:00Z,BE,327,500,2402
2024-06-12T08:00Z,BE,372,558,3219
2024-06-12T09:00Z,BE,348,528,3877
2024-06-12T10:00Z,BE,224,358,4325
2024-06-12T11:00Z,BE,257,404,4459
2024-06-12T12:00Z,BE,307,473,4239
2024-06-12T13:00Z,BE,368,553,4321
2024-06-12T14:00Z,BE,389,580,3774
2024-06-12T15:00Z,BE,425,624,3059
2024-06-12T16:00Z,BE,367,552,2278
2024-06-12T17:00Z,BE,285,443,1463
2024-06-12T18:00Z,BE,376,564,758
2024-06-12T19:00Z,BE,475,684,110
2024-06-12T20:00Z,BE,488,700,0
2024-06-12T21:00Z,BE,263,414,0
2024-06-12T22:00Z,BE,291,453,0
2024-06-12T23:00Z,BE,264,415,0
2024-06-13T00:00Z,BE,208,334,0
2024-06-13T01:00Z,BE,206,332,0
2024-06-13T02:00Z,BE,136,226,0
2024-06-13T03:00Z,BE,144,239,0
2024-06-13T04:00Z,BE,178,291,194
2024-06-13T05:00Z,BE,273,428,493
2024-06-13T06:00Z,BE,445,648,838
2024-06-13T07:00Z,BE,736,962,1340
2024-06-13T08:00Z,BE,676,903,1724
2024-06-13T09:00Z,BE,776,1000,2000
2024-06-13T10:00Z,BE,849,1067,2012
2024-06-13T11:00Z,BE,781,1005,2374
2024-06-13T12:00Z,BE,752,977,2578
2024-06-13T13:00Z,BE,604,828,2405
2024-06-13T14:00Z,BE,630,856,2280
2024-06-13T15:00Z,BE,502,716,1837
2024-06-13T16:00Z,BE,514,730,1360
2024-06-13T17:00Z,BE,419,617,922
2024-06-13T18:00Z,BE,365,549,456
2024-06-13T19:00Z,BE,306,472,76
2024-06-13T20:00Z,BE,369,554,0
2024-06-13T21:00Z,BE,286,445,0
2024-06-13T22:00Z,BE,233,371,0
2024-06-13T23:00Z,BE,173,283,0
2024-06-14T00:00Z,BE,138,229,0
2024-06-14T01:00Z,BE,117,196,0
2024-06-14T02:00Z,BE,108,181,0
2024-06-14T03:00Z,BE,120,201,0
2024-06-14T04:00Z,BE,120,201,203
2024-06-14T05:00Z,BE,165,270,534
2024-06-14T06:00Z,BE,186,302,963
2024-06-14T07:00Z,BE,117,197,1386
2024-06-14T08:00Z,BE,92,157,1782
2024-06-14T09:00Z,BE,93,157,1908
2024-06-14T10:00Z,BE,71,122,1870
2024-06-14T11:00Z,BE,91,155,2275
2024-06-14T12:00Z,BE,74,126,2319
2024-06-14T13:00Z,BE,104,175,2390
2024-06-14T14:00Z,BE,99,167,1781
2024-06-14T15:00Z,BE,71,121,1619
2024-06-14T16:00Z,BE,63,108,1320
2024-06-14T17:00Z,BE,92,155,809
2024-06-14T18:00Z,BE,83,142,410
2024-06-14T19:00Z,BE,51,88,64
2024-06-14T20:00Z,BE,52,90,0
2024-06-14T21:00Z,BE,55,94,0
2024-06-14T22:00Z,BE,84,143,0
2024-06-14T23:00Z,BE,68,116,0
2024-06-15T00:00Z,BE,81,138,0
2024-06-15T01:00Z,BE,116,195,0
2024-06-15T02:00Z,BE,85,144,0
2024-06-15T03:00Z,BE,73,124,0
2024-06-15T04:00Z,BE,81,137,180
2024-06-15T05:00Z,BE,56,96,557
2024-06-15T06:00Z,BE,53,91,986
2024-06-15T07:00Z,BE,119,200,1573
2024-06-15T08:00Z,BE,146,241,1871
2024-06-15T09:00Z,BE,197,319,2312
2024-06-15T10:00Z,BE,251,397,2414
2024-06-15T11:00Z,BE,291,452,2317
2024-06-15T12:00Z,BE,445,649,2289
2024-06-15T13:00Z,BE,548,768,2014
2024-06-15T14:00Z,BE,632,858,2085
2024-06-15T15:00Z,BE,561,782,1842
2024-06-15T16:00Z,BE,324,497,1193
2024-06-15T17:00Z,BE,419,618,757
2024-06-15T18:00Z,BE,436,637,363
2024-06-15T19:00Z,BE,339,517,53
2024-06-15T20:00Z,BE,262,412,0
2024-06-15T21:00Z,BE,327,500,0
2024-06-15T22:00Z,BE,408,604,0
2024-06-15T23:00Z,BE,424,623,0
2024-06-16T00:00Z,BE,385,576,0
2024-06-16T01:00Z,BE,396,589,0
2024-06-16T02:00Z,BE,448,653,0
2024-06-16T03:00Z,BE,361,544,0
2024-06-16T04:00Z,BE,352,532,217
2024-06-16T05:00Z,BE,284,442,528
2024-06-16T06:00Z,BE,227,362,849
2024-06-16T07:00Z,BE,171,280,1160
2024-06-16T08:00Z,BE,269,422,1621
2024-06-16T09:00Z,BE,283,440,1805
2024-06-16T10:00Z,BE,233,371,1602
2024-06-16T11:00Z,BE,89,152,1562
2024-06-16T12:00Z,BE,87,148,1537
2024-06-16T13:00Z,BE,93,158,1430
2024-06-16T14:00Z,BE,144,239,1253
2024-06-16T15:00Z,BE,135,225,1053
2024-06-16T16:00Z,BE,187,303,860
2024-06-16T17:00Z,BE,229,365,708
2024-06-16T18:00Z,BE,134,222,334
2024-06-16T19:00Z,BE,188,305,54
2024-06-16T20:00Z,BE,155,255,0
2024-06-16T21:00Z,BE,115,193,0
2024-06-16T22:00Z,BE,84,144,0
2024-06-16T23:00Z,BE,130,216,0
2024-06-17T00:00Z,BE,206,331,0
2024-06-17T01:00Z,BE,208,335,0
2024-06-17T02:00Z,BE,288,448,0
2024-06-17T03:00Z,BE,291,452,0
2024-06-17T04:00Z,BE,327,501,222
2024-06-17T05:00Z,BE,275,429,554
2024-06-17T06:00Z,BE,380,569,816
2024-06-17T07:00Z,BE,324,497,1247
2024-06-17T08:00Z,BE,483,693,1748
2024-06-17T09:00Z,BE,632,857,2003
2024-06-17T10:00Z,BE,618,844,2236
2024-06-17T11:00Z,BE,474,684,2362
2024-06-17T12:00Z,BE,481,691,2154
2024-06-17T13:00Z,BE,638,864,1622
2024-06-17T14:00Z,BE,422,621,1481
2024-06-17T15:00Z,BE,540,759,1320
2024-06-17T16:00Z,BE,528,745,1021
2024-06-17T17:00Z,BE,587,810,549
2024-06-17T18:00Z,BE,543,762,294
2024-06-17T19:00Z,BE,374,561,43
2024-06-17T20:00Z,BE,392,584,0
2024-06-17T21:00Z,BE,485,696,0
2024-06-17T22:00Z,BE,353,534,0
2024-06-17T23:00Z,BE,276,431,0
2024-06-18T00:00Z,BE,198,320,0
2024-06-18T01:00Z,BE,196,318,0
2024-06-18T02:00Z,BE,221,354,0
2024-06-18T03:00Z,BE,273,428,0
2024-06-18T04:00Z,BE,380,568,443
2024-06-18T05:00Z,BE,372,559,1126
2024-06-18T06:00Z,BE,312,480,1859
2024-06-18T07:00Z,BE,312,481,2458
2024-06-18T08:00Z,BE,381,570,3080
2024-06-18T09:00Z,BE,229,365,3762
2024-06-18T10:00Z,BE,248,392,4191
2024-06-18T11:00Z,BE,279,436,4665
2024-06-18T12:00Z,BE,178,291,4819
2024-06-18T13:00Z,BE,198,320,4626
2024-06-18T14:00Z,BE,182,297,4003
2024-06-18T15:00Z,BE,433,634,3318
2024-06-18T16:00Z,BE,391,583,2368
2024-06-18T17:00Z,BE,512,728,1525
2024-06-18T18:00Z,BE,507,722,694
2024-06-18T19:00Z,BE,491,703,110
2024-06-18T20:00Z,BE,502,716,0
2024-06-18T21:00Z,BE,386,577,0
2024-06-18T22:00Z,BE,279,436,0
2024-06-18T23:00Z,BE,235,374,0
2024-06-19T00:00Z,BE,149,246,0
2024-06-19T01:00Z,BE,128,213,0
2024-06-19T02:00Z,BE,133,221,0
2024-06-19T03:00Z,BE,163,267,0
2024-06-19T04:00Z,BE,141,234,395
2024-06-19T05:00Z,BE,199,322,1079
2024-06-19T06:00Z,BE,253,399,1846
2024-06-19T07:00Z,BE,240,381,2714
2024-06-19T08:00Z,BE,237,377,3435
2024-06-19T09:00Z,BE,168,276,3879
2024-06-19T10:00Z,BE,124,208,4376
2024-06-19T11:00Z,BE,121,203,4439
2024-06-19T12:00Z,BE,112,188,4770
2024-06-19T13:00Z,BE,139,230,4536
2024-06-19T14:00Z,BE,125,209,3926
2024-06-19T15:00Z,BE,125,209,3340
2024-06-19T16:00Z,BE,110,185,2452
2024-06-19T17:00Z,BE,88,149,1594
2024-06-19T18:00Z,BE,72,123,764
2024-06-19T19:00Z,BE,73,125,130
2024-06-19T20:00Z,BE,116,194,0
2024-06-19T21:00Z,BE,108,182,0
2024-06-19T22:00Z,BE,178,290,0
2024-06-19T23:00Z,BE,233,371,0
2024-06-20T00:00Z,BE,270,423,0
2024-06-20T01:00Z,BE,288,448,0
2024-06-20T02:00Z,BE,247,391,0
2024-06-20T03:00Z,BE,252,397,0
2024-06-20T04:00Z,BE,113,189,309
2024-06-20T05:00Z,BE,85,144,713
2024-06-20T06:00Z,BE,58,100,1303
2024-06-20T07:00Z,BE,78,134,1868
2024-06-20T08:00Z,BE,56,97,2230
2024-06-20T09:00Z,BE,38,66,2502
2024-06-20T10:00Z,BE,42,73,2925
2024-06-20T11:00Z,BE,32,55,3228
2024-06-20T12:00Z,BE,41,70,3351
2024-06-20T13:00Z,BE,27,48,3045
2024-06-20T14:00Z,BE,28,48,2738
2024-06-20T15:00Z,BE,31,55,2282
2024-06-20T16:00Z,BE,22,39,1781
2024-06-20T17:00Z,BE,15,27,1128
2024-06-20T18:00Z,BE,14,24,555
2024-06-20T19:00Z,BE,10,18,98
2024-06-20T20:00Z,BE,9,16,0
2024-06-20T21:00Z,BE,14,24,0
2024-06-20T22:00Z,BE,9,16,0
2024-06-20T23:00Z,BE,12,22,0
2024-06-21T00:00Z,BE,9,16,0
2024-06-21T01:00Z,BE,10,18,0
2024-06-21T02:00Z,BE,9,17,0
2024-06-21T03:00Z,BE,9,16,0
2024-06-21T04:00Z,BE,10,18,410
2024-06-21T05:00Z,BE,10,18,1084
2024-06-21T06:00Z,BE,13,22,1830
2024-06-21T07:00Z,BE,9,16,2465
2024-06-21T08:00Z,BE,5,9,2978
2024-06-21T09:00Z,BE,8,15,3232
2024-06-21T10:00Z,BE,12,20,3413
2024-06-21T11:00Z,BE,11,19,3224
2024-06-21T12:00Z,BE,18,32,3350
2024-06-21T13:00Z,BE,18,32,3208
2024-06-21T14:00Z,BE,12,21,2835
2024-06-21T15:00Z,BE,10,18,2386
2024-06-21T16:00Z,BE,8,14,1864
2024-06-21T17:00Z,BE,10,18,1216
2024-06-21T18:00Z,BE,8,13,549
2024-06-21T19:00Z,BE,7,12,96
2024-06-21T20:00Z,BE,13,22,0
2024-06-21T21:00Z,BE,12,20,0
2024-06-21T22:00Z,BE,17,29,0
2024-06-21T23:00Z,BE,22,38,0
2024-06-22T00:00Z,BE,22,39,0
2024-06-22T01:00Z,BE,20,35,0
2024-06-22T02:00Z,BE,20,35,0
2024-06-22T03:00Z,BE,35,61,0
2024-06-22T04:00Z,BE,22,38,305
2024-06-22T05:00Z,BE,21,36,788
2024-06-22T06:00Z,BE,28,49,1269
2024-06-22T07:00Z,BE,25,43,1801
2024-06-22T08:00Z,BE,25,43,2312
2024-06-22T09:00Z,BE,21,37,2764
2024-06-22T10:00Z,BE,18,32,3010
2024-06-22T11:00Z,BE,14,24,2705
2024-06-22T12:00Z,BE,19,33,2674
2024-06-22T13:00Z,BE,32,56,2686
2024-06-22T14:00Z,BE,32,55,2192
2024-06-22T15:00Z,BE,32,55,1783
2024-06-22T16:00Z,BE,50,86,1299
2024-06-22T17:00Z,BE,57,98,839
2024-06-22T18:00Z,BE,43,74,417
2024-06-22T19:00Z,BE,37,65,74
2024-06-22T20:00Z,BE,33,58,0
2024-06-22T21:00Z,BE,24,42,0
2024-06-22T22:00Z,BE,33,58,0
2024-06-22T23:00Z,BE,28,50,0
2024-06-23T00:00Z,BE,38,66,0
2024-06-23T01:00Z,BE,25,44,0
2024-06-23T02:00Z,BE,23,41,0
2024-06-23T03:00Z,BE,20,34,0
2024-06-23T04:00Z,BE,22,39,267
2024-06-23T05:00Z,BE,28,49,648
2024-06-23T06:00Z,BE,37,65,1139
2024-06-23T07:00Z,BE,25,43,1700
2024-06-23T08:00Z,BE,30,53,2174
2024-06-23T09:00Z,BE,30,52,2676
2024-06-23T10:00Z,BE,35,61,3194
2024-06-23T11:00Z,BE,20,34,2887
2024-06-23T12:00Z,BE,24,42,2841
2024-06-23T13:00Z,BE,25,43,2463
2024-06-23T14:00Z,BE,43,75,2485
2024-06-23T15:00Z,BE,38,66,2013
2024-06-23T16:00Z,BE,30,53,1633
2024-06-23T17:00Z,BE,34,58,1006
2024-06-23T18:00Z,BE,33,57,540
2024-06-23T19:00Z,BE,30,52,86
2024-06-23T20:00Z,BE,39,69,0
2024-06-23T21:00Z,BE,53,92,0
2024-06-23T22:00Z,BE,80,136,0
2024-06-23T23:00Z,BE,40,70,0
2024-06-24T00:00Z,BE,31,54,0
2024-06-24T01:00Z,BE,41,72,0
2024-06-24T02:00Z,BE,51,88,0
2024-06-24T03:00Z,BE,60,103,0
2024-06-24T04:00Z,BE,34,58,312
2024-06-24T05:00Z,BE,31,55,760
2024-06-24T06:00Z,BE,33,58,1497
2024-06-24T07:00Z,BE,34,59,2129
2024-06-24T08:00Z,BE,40,69,2736
2024-06-24T09:00Z,BE,60,103,3456
2024-06-24T10:00Z,BE,54,94,3536
2024-06-24T11:00Z,BE,61,105,3570
2024-06-24T12:00Z,BE,52,91,3841
2024-06-24T13:00Z,BE,53,91,3702
2024-06-24T14:00Z,BE,52,89,3279
2024-06-24T15:00Z,BE,45,77,2719
2024-06-24T16:00Z,BE,45,78,2136
2024-06-24T17:00Z,BE,61,104,1360
2024-06-24T18:00Z,BE,59,102,625
2024-06-24T19:00Z,BE,44,75,101
2024-06-24T20:00Z,BE,35,61,0
2024-06-24T21:00Z,BE,32,56,0
2024-06-24T22:00Z,BE,26,46,0
2024-06-24T23:00Z,BE,45,77,0
2024-06-25T00:00Z,BE,54,93,0
2024-06-25T01:00Z,BE,55,96,0
2024-06-25T02:00Z,BE,73,124,0
2024-06-25T03:00Z,BE,121,202,0
2024-06-25T04:00Z,BE,163,267,488
2024-06-25T05:00Z,BE,186,302,1230
2024-06-25T06:00Z,BE,189,307,2174
2024-06-25T07:00Z,BE,249,394,3067
2024-06-25T08:00Z,BE,400,593,3780
2024-06-25T09:00Z,BE,435,637,4227
2024-06-25T10:00Z,BE,354,536,4727
2024-06-25T11:00Z,BE,298,461,4914
2024-06-25T12:00Z,BE,306,473,4837
2024-06-25T13:00Z,BE,216,347,4528
2024-06-25T14:00Z,BE,164,269,3965
2024-06-25T15:00Z,BE,151,249,3063
2024-06-25T16:00Z,BE,136,226,2230
2024-06-25T17:00Z,BE,105,177,1501
2024-06-25T18:00Z,BE,110,185,752
2024-06-25T19:00Z,BE,149,247,125
2024-06-25T20:00Z,BE,120,201,0
2024-06-25T21:00Z,BE,159,261,0
2024-06-25T22:00Z,BE,100,169,0
2024-06-25T23:00Z,BE,99,168,0
2024-06-26T00:00Z,BE,142,235,0
2024-06-26T01:00Z,BE,80,136,0
2024-06-26T02:00Z,BE,75,128,0
2024-06-26T03:00Z,BE,106,179,0
2024-06-26T04:00Z,BE,95,160,548
2024-06-26T05:00Z,BE,78,133,1441
2024-06-26T06:00Z,BE,38,66,2367
2024-06-26T07:00Z,BE,51,88,3351
2024-06-26T08:00Z,BE,39,67,4106
2024-06-26T09:00Z,BE,44,76,4485
2024-06-26T10:00Z,BE,38,66,5191
2024-06-26T11:00Z,BE,46,80,5506
2024-06-26T12:00Z,BE,64,110,5275
2024-06-26T13:00Z,BE,71,121,4945
2024-06-26T14:00Z,BE,68,117,4299
2024-06-26T15:00Z,BE,72,123,3499
2024-06-26T16:00Z,BE,68,117,2677
2024-06-26T17:00Z,BE,65,112,1733
2024-06-26T18:00Z,BE,83,141,841
2024-06-26T19:00Z,BE,120,201,139
2024-06-26T20:00Z,BE,106,179,0
2024-06-26T21:00Z,BE,78,134,0
2024-06-26T22:00Z,BE,86,146,0
2024-06-26T23:00Z,BE,120,201,0
2024-06-27T00:00Z,BE,95,161,0
2024-06-27T01:00Z,BE,107,180,0
2024-06-27T02:00Z,BE,92,157,0
2024-06-27T03:00Z,BE,90,153,0
2024-06-27T04:00Z,BE,143,237,440
2024-06-27T05:00Z,BE,107,180,1201
2024-06-27T06:00Z,BE,108,181,1933
2024-06-27T07:00Z,BE,99,167,2657
2024-06-27T08:00Z,BE,80,137,3328
2024-06-27T09:00Z,BE,66,114,3819
2024-06-27T10:00Z,BE,74,127,4441
2024-06-27T11:00Z,BE,54,94,4222
2024-06-27T12:00Z,BE,81,138,3938
2024-06-27T13:00Z,BE,94,160,3770
2024-06-27T14:00Z,BE,99,168,3302
2024-06-27T15:00Z,BE,51,89,2821
2024-06-27T16:00Z,BE,82,139,2041
2024-06-27T17:00Z,BE,99,167,1212
2024-06-27T18:00Z,BE,103,174,569
2024-06-27T19:00Z,BE,78,133,93
2024-06-27T20:00Z,BE,89,151,0
2024-06-27T21:00Z,BE,71,121,0
2024-06-27T22:00Z,BE,105,176,0
2024-06-27T23:00Z,BE,85,144,0
2024-06-28T00:00Z,BE,99,167,0
2024-06-28T01:00Z,BE,119,200,0
2024-06-28T02:00Z,BE,146,242,0
2024-06-28T03:00Z,BE,115,193,0
2024-06-28T04:00Z,BE,102,172,526
2024-06-28T05:00Z,BE,106,178,1322
2024-06-28T06:00Z,BE,107,180,2224
2024-06-28T07:00Z,BE,92,156,3165
2024-06-28T08:00Z,BE,98,165,3852
2024-06-28T09:00Z,BE,171,280,4543
2024-06-28T10:00Z,BE,135,225,5016
2024-06-28T11:00Z,BE,185,301,5489
2024-06-28T12:00Z,BE,178,291,5268
2024-06-28T13:00Z,BE,186,303,4699
2024-06-28T14:00Z,BE,223,357,4177
2024-06-28T15:00Z,BE,174,285,3345
2024-06-28T16:00Z,BE,115,193,2502
2024-06-28T17:00Z,BE,128,214,1580
2024-06-28T18:00Z,BE,96,162,790
2024-06-28T19:00Z,BE,99,168,126
2024-06-28T20:00Z,BE,114,191,0
2024-06-28T21:00Z,BE,104,176,0
2024-06-28T22:00Z,BE,81,138,0
2024-06-28T23:00Z,BE,82,140,0
2024-06-29T00:00Z,BE,57,99,0
2024-06-29T01:00Z,BE,74,127,0
2024-06-29T02:00Z,BE,69,119,0
2024-06-29T03:00Z,BE,45,77,0
2024-06-29T04:00Z,BE,38,67,296
2024-06-29T05:00Z,BE,63,108,792
2024-06-29T06:00Z,BE,98,166,1447
2024-06-29T07:00Z,BE,93,158,2032
2024-06-29T08:00Z,BE,156,257,2561
2024-06-29T09:00Z,BE,130,217,3148
2024-06-29T10:00Z,BE,133,222,3181
2024-06-29T11:00Z,BE,165,270,3382
2024-06-29T12:00Z,BE,253,399,3174
2024-06-29T13:00Z,BE,228,364,3014
2024-06-29T14:00Z,BE,141,233,2818
2024-06-29T15:00Z,BE,119,200,2366
2024-06-29T16:00Z,BE,148,244,1789
2024-06-29T17:00Z,BE,172,281,1219
2024-06-29T18:00Z,BE,98,166,532
2024-06-29T19:00Z,BE,88,150,81
2024-06-29T20:00Z,BE,103,174,0
2024-06-29T21:00Z,BE,97,164,0
2024-06-29T22:00Z,BE,75,128,0
2024-06-29T23:00Z,BE,87,148,0
2024-06-30T00:00Z,BE,77,131,0
2024-06-30T01:00Z,BE,93,158,0
2024-06-30T02:00Z,BE,104,176,0
2024-06-30T03:00Z,BE,111,186,0
2024-06-30T04:00Z,BE,161,264,391
2024-06-30T05:00Z,BE,246,390,986
2024-06-30T06:00Z,BE,172,281,1753
2024-06-30T07:00Z,BE,242,383,2513
2024-06-30T08:00Z,BE,264,414,3215
2024-06-30T09:00Z,BE,398,591,3536
2024-06-30T10:00Z,BE,452,657,4031
2024-06-30T11:00Z,BE,564,785,4106
2024-06-30T12:00Z,BE,626,852,4201
2024-06-30T13:00Z,BE,488,700,3761
2024-06-30T14:00Z,BE,507,721,3255
2024-06-30T15:00Z,BE,379,568,2384
2024-06-30T16:00Z,BE,363,547,1901
2024-06-30T17:00Z,BE,300,464,1155
2024-06-30T18:00Z,BE,239,379,525
2024-06-30T19:00Z,BE,352,533,78
2024-06-30T20:00Z,BE,316,486,0
2024-06-30T21:00Z,BE,399,592,0
2023-12-31T23:00Z,ES,11923,0,0
2024-01-01T00:00Z,ES,12727,0,0
2024-01-01T01:00Z,ES,11902,0,0
2024-01-01T02:00Z,ES,12693,0,0
2024-01-01T03:00Z,ES,15240,0,0
2024-01-01T04:00Z,ES,16081,0,0
2024-01-01T05:00Z,ES,17658,0,0
2024-01-01T06:00Z,ES,18724,0,0
2024-01-01T07:00Z,ES,19073,0,0
2024-01-01T08:00Z,ES,18748,0,2252
2024-01-01T09:00Z,ES,16347,0,5196
2024-01-01T10:00Z,ES,14724,0,7551
2024-01-01T11:00Z,ES,14860,0,8974
2024-01-01T12:00Z,ES,16471,0,9265
2024-01-01T13:00Z,ES,15012,0,8386
2024-01-01T14:00Z,ES,15247,0,6266
2024-01-01T15:00Z,ES,17064,0,3604
2024-01-01T16:00Z,ES,13656,0,815
2024-01-01T17:00Z,ES,15095,0,0
2024-01-01T18:00Z,ES,14593,0,0
2024-01-01T19:00Z,ES,12425,0,0
2024-01-01T20:00Z,ES,14819,0,0
2024-01-01T21:00Z,ES,9828,0,0
2024-01-01T22:00Z,ES,10192,0,0
2024-01-01T23:00Z,ES,15358,0,0
2024-01-02T00:00Z,ES,15717,0,0
2024-01-02T01:00Z,ES,15819,0,0
2024-01-02T02:00Z,ES,17221,0,0
2024-01-02T03:00Z,ES,12463,0,0
2024-01-02T04:00Z,ES,15898,0,0
2024-01-02T05:00Z,ES,13096,0,0
2024-01-02T06:00Z,ES,15578,0,0
2024-01-02T07:00Z,ES,15976,0,0
2024-01-02T08:00Z,ES,18009,0,1970
2024-01-02T09:00Z,ES,16898,0,4478
2024-01-02T10:00Z,ES,13924,0,6301
2024-01-02T11:00Z,ES,15715,0,8022
2024-01-02T12:00Z,ES,16156,0,8664
2024-01-02T13:00Z,ES,15713,0,8270
2024-01-02T14:00Z,ES,13995,0,6380
2024-01-02T15:00Z,ES,14512,0,3704
2024-01-02T16:00Z,ES,16060,0,823
2024-01-02T17:00Z,ES,17834,0,0
2024-01-02T18:00Z,ES,18301,0,0
2024-01-02T19:00Z,ES,18132,0,0
2024-01-02T20:00Z,ES,20430,0,0
2024-01-02T21:00Z,ES,20199,0,0
2024-01-02T22:00Z,ES,21155,0,0
2024-01-02T23:00Z,ES,23814,0,0
2024-01-03T00:00Z,ES,24662,0,0
2024-01-03T01:00Z,ES,22558,0,0
2024-01-03T02:00Z,ES,20996,0,0
2024-01-03T03:00Z,ES,16110,0,0
2024-01-03T04:00Z,ES,19903,0,0
2024-01-03T05:00Z,ES,20347,0,0
2024-01-03T06:00Z,ES,23279,0,0
2024-01-03T07:00Z,ES,23828,0,0
2024-01-03T08:00Z,ES,24522,0,2116
2024-01-03T09:00Z,ES,23709,0,4652
2024-01-03T10:00Z,ES,21638,0,6662
2024-01-03T11:00Z,ES,20071,0,7959
2024-01-03T12:00Z,ES,14390,0,8388
2024-01-03T13:00Z,ES,14087,0,7501
2024-01-03T14:00Z,ES,17667,0,5669
2024-01-03T15:00Z,ES,15512,0,3327
2024-01-03T16:00Z,ES,17439,0,776
2024-01-03T17:00Z,ES,18512,0,0
2024-01-03T18:00Z,ES,17994,0,0
2024-01-03T19:00Z,ES,20945,0,0
2024-01-03T20:00Z,ES,19423,0,0
2024-01-03T21:00Z,ES,23307,0,0
2024-01-03T22:00Z,ES,21536,0,0
2024-01-03T23:00Z,ES,21995,0,0
2024-01-04T00:00Z,ES,20669,0,0
2024-01-04T01:00Z,ES,21381,0,0
2024-01-04T02:00Z,ES,20230,0,0
2024-01-04T03:00Z,ES,22835,0,0
2024-01-04T04:00Z,ES,21018,0,0
2024-01-04T05:00Z,ES,19260,0,0
2024-01-04T06:00Z,ES,21062,0,0
2024-01-04T07:00Z,ES,19721,0,0
2024-01-04T08:00Z,ES,20905,0,2004
2024-01-04T09:00Z,ES,18841,0,4592
2024-01-04T10:00Z,ES,18028,0,6524
2024-01-04T11:00Z,ES,16915,0,7293
2024-01-04T12:00Z,ES,16661,0,8181
2024-01-04T13:00Z,ES,16912,0,6842
2024-01-04T14:00Z,ES,16175,0,5347
2024-01-04T15:00Z,ES,15532,0,3111
2024-01-04T16:00Z,ES,18164,0,689
2024-01-04T17:00Z,ES,15497,0,0
2024-01-04T18:00Z,ES,12963,0,0
2024-01-04T19:00Z,ES,10178,0,0
2024-01-04T20:00Z,ES,10752,0,0
2024-01-04T21:00Z,ES,8430,0,0
2024-01-04T22:00Z,ES,8069,0,0
2024-01-04T23:00Z,ES,4976,0,0
2024-01-05T00:00Z,ES,4580,0,0
2024-01-05T01:00Z,ES,1931,0,0
2024-01-05T02:00Z,ES,1267,0,0
2024-01-05T03:00Z,ES,775,0,0
2024-01-05T04:00Z,ES,728,0,0
2024-01-05T05:00Z,ES,498,0,0
2024-01-05T06:00Z,ES,284,0,0
2024-01-05T07:00Z,ES,160,0,0
2024-01-05T08:00Z,ES,501,0,2233
2024-01-05T09:00Z,ES,665,0,5078
2024-01-05T10:00Z,ES,555,0,7072
2024-01-05T11:00Z,ES,733,0,8338
2024-01-05T12:00Z,ES,1440,0,8186
2024-01-05T13:00Z,ES,1218,0,6854
2024-01-05T14:00Z,ES,1430,0,5929
2024-01-05T15:00Z,ES,2123,0,3421
2024-01-05T16:00Z,ES,1570,0,763
2024-01-05T17:00Z,ES,1629,0,0
2024-01-05T18:00Z,ES,1432,0,0
2024-01-05T19:00Z,ES,1502,0,0
2024-01-05T20:00Z,ES,1383,0,0
2024-01-05T21:00Z,ES,1556,0,0
2024-01-05T22:00Z,ES,1284,0,0
2024-01-05T23:00Z,ES,1955,0,0
2024-01-06T00:00Z,ES,1880,0,0
2024-01-06T01:00Z,ES,997,0,0
2024-01-06T02:00Z,ES,1149,0,0
2024-01-06T03:00Z,ES,1627,0,0
2024-01-06T04:00Z,ES,2385,0,0
2024-01-06T05:00Z,ES,2599,0,0
2024-01-06T06:00Z,ES,2873,0,0
2024-01-06T07:00Z,ES,4060,0,0
2024-01-06T08:00Z,ES,3984,0,1992
2024-01-06T09:00Z,ES,3348,0,4327
2024-01-06T10:00Z,ES,3583,0,6431
2024-01-06T11:00Z,ES,3831,0,7471
2024-01-06T12:00Z,ES,3871,0,7904
2024-01-06T13:00Z,ES,4574,0,7161
2024-01-06T14:00Z,ES,3966,0,5266
2024-01-06T15:00Z,ES,3973,0,3141
2024-01-06T16:00Z,ES,3626,0,752
2024-01-06T17:00Z,ES,4345,0,0
2024-01-06T18:00Z,ES,3053,0,0
2024-01-06T19:00Z,ES,2829,0,0
2024-01-06T20:00Z,ES,3517,0,0
2024-01-06T21:00Z,ES,5373,0,0
2024-01-06T22:00Z,ES,4563,0,0
2024-01-06T23:00Z,ES,5763,0,0
2024-01-07T00:00Z,ES,8084,0,0
2024-01-07T01:00Z,ES,8788,0,0
2024-01-07T02:00Z,ES,7318,0,0
2024-01-07T03:00Z,ES,7700,0,0
2024-01-07T04:00Z,ES,9466,0,0
2024-01-07T05:00Z,ES,12491,0,0
2024-01-07T06:00Z,ES,8312,0,0
2024-01-07T07:00Z,ES,9591,0,0
2024-01-07T08:00Z,ES,9264,0,954
2024-01-07T09:00Z,ES,11109,0,2299
2024-01-07T10:00Z,ES,11159,0,3666
2024-01-07T11:00Z,ES,8716,0,4099
2024-01-07T12:00Z,ES,6287,0,4421
2024-01-07T13:00Z,ES,9444,0,4092
2024-01-07T14:00Z,ES,9038,0,2857
2024-01-07T15:00Z,ES,6869,0,1671
2024-01-07T16:00Z,ES,9240,0,446
2024-01-07T17:00Z,ES,7270,0,0
2024-01-07T18:00Z,ES,5169,0,0
2024-01-07T19:00Z,ES,5449,0,0
2024-01-07T20:00Z,ES,3031,0,0
2024-01-07T21:00Z,ES,3488,0,0
2024-01-07T22:00Z,ES,6142,0,0
2024-01-07T23:00Z,ES,5598,0,0
2024-01-08T00:00Z,ES,3648,0,0
2024-01-08T01:00Z,ES,4050,0,0
2024-01-08T02:00Z,ES,2834,0,0
2024-01-08T03:00Z,ES,2889,0,0
2024-01-08T04:00Z,ES,3329,0,0
2024-01-08T05:00Z,ES,3555,0,0
2024-01-08T06:00Z,ES,4039,0,0
2024-01-08T07:00Z,ES,6752,0,0
2024-01-08T08:00Z,ES,7897,0,848
2024-01-08T09:00Z,ES,9932,0,2114
2024-01-08T10:00Z,ES,9092,0,3385
2024-01-08T11:00Z,ES,12529,0,3719
2024-01-08T12:00Z,ES,13385,0,3565
2024-01-08T13:00Z,ES,16860,0,3004
2024-01-08T14:00Z,ES,14819,0,1879
2024-01-08T15:00Z,ES,16348,0,1189
2024-01-08T16:00Z,ES,18895,0,312
2024-01-08T17:00Z,ES,19680,0,0
2024-01-08T18:00Z,ES,16651,0,0
2024-01-08T19:00Z,ES,20116,0,0
2024-01-08T20:00Z,ES,19895,0,0
2024-01-08T21:00Z,ES,19719,0,0
2024-01-08T22:00Z,ES,19582,0,0
2024-01-08T23:00Z,ES,19947,0,0
2024-01-09T00:00Z,ES,20217,0,0
2024-01-09T01:00Z,ES,20210,0,0
2024-01-09T02:00Z,ES,23966,0,0
2024-01-09T03:00Z,ES,20775,0,0
2024-01-09T04:00Z,ES,19664,0,0
2024-01-09T05:00Z,ES,20509,0,0
2024-01-09T06:00Z,ES,17603,0,0
2024-01-09T07:00Z,ES,20976,0,0
2024-01-09T08:00Z,ES,19170,0,1032
2024-01-09T09:00Z,ES,18694,0,2232
2024-01-09T10:00Z,ES,18784,0,3122
2024-01-09T11:00Z,ES,20757,0,3746
2024-01-09T12:00Z,ES,19096,0,3729
2024-01-09T13:00Z,ES,18188,0,3478
2024-01-09T14:00Z,ES,18477,0,3007
2024-01-09T15:00Z,ES,15273,0,1609
2024-01-09T16:00Z,ES,12161,0,382
2024-01-09T17:00Z,ES,14825,0,0
2024-01-09T18:00Z,ES,16343,0,0
2024-01-09T19:00Z,ES,19568,0,0
2024-01-09T20:00Z,ES,18608,0,0
2024-01-09T21:00Z,ES,20160,0,0
2024-01-09T22:00Z,ES,21753,0,0
2024-01-09T23:00Z,ES,22661,0,0
2024-01-10T00:00Z,ES,24317,0,0
2024-01-10T01:00Z,ES,23953,0,0
2024-01-10T02:00Z,ES,24425,0,0
2024-01-10T03:00Z,ES,22143,0,0
2024-01-10T04:00Z,ES,23388,0,0
2024-01-10T05:00Z,ES,22818,0,0
2024-01-10T06:00Z,ES,22848,0,0
2024-01-10T07:00Z,ES,24956,0,0
2024-01-10T08:00Z,ES,23266,0,762
2024-01-10T09:00Z,ES,23086,0,1820
2024-01-10T10:00Z,ES,21347,0,2507
2024-01-10T11:00Z,ES,20621,0,2812
2024-01-10T12:00Z,ES,18265,0,2964
2024-01-10T13:00Z,ES,19571,0,2582
2024-01-10T14:00Z,ES,21544,0,2141
2024-01-10T15:00Z,ES,22246,0,1292
2024-01-10T16:00Z,ES,23312,0,315
2024-01-10T17:00Z,ES,23565,0,0
2024-01-10T18:00Z,ES,21593,0,0
2024-01-10T19:00Z,ES,19277,0,0
2024-01-10T20:00Z,ES,21323,0,0
2024-01-10T21:00Z,ES,17069,0,0
2024-01-10T22:00Z,ES,15741,0,0
2024-01-10T23:00Z,ES,18528,0,0
2024-01-11T00:00Z,ES,19278,0,0
2024-01-11T01:00Z,ES,19824,0,0
2024-01-11T02:00Z,ES,18663,0,0
2024-01-11T03:00Z,ES,21116,0,0
2024-01-11T04:00Z,ES,21272,0,0
2024-01-11T05:00Z,ES,18996,0,0
2024-01-11T06:00Z,ES,22137,0,0
2024-01-11T07:00Z,ES,23991,0,0
2024-01-11T08:00Z,ES,22299,0,1415
2024-01-11T09:00Z,ES,23053,0,3204
2024-01-11T10:00Z,ES,22124,0,4298
2024-01-11T11:00Z,ES,24350,0,5151
2024-01-11T12:00Z,ES,24961,0,4942
2024-01-11T13:00Z,ES,24399,0,4519
2024-01-11T14:00Z,ES,23630,0,3429
2024-01-11T15:00Z,ES,24208,0,1900
2024-01-11T16:00Z,ES,23067,0,460
2024-01-11T17:00Z,ES,22961,0,0
2024-01-11T18:00Z,ES,23433,0,0
2024-01-11T19:00Z,ES,23031,0,0
2024-01-11T20:00Z,ES,23741,0,0
2024-01-11T21:00Z,ES,22771,0,0
2024-01-11T22:00Z,ES,21618,0,0
2024-01-11T23:00Z,ES,18260,0,0
2024-01-12T00:00Z,ES,13331,0,0
2024-01-12T01:00Z,ES,13047,0,0
2024-01-12T02:00Z,ES,14959,0,0
2024-01-12T03:00Z,ES,16819,0,0
2024-01-12T04:00Z,ES,15006,0,0
2024-01-12T05:00Z,ES,14056,0,0
2024-01-12T06:00Z,ES,14934,0,0
2024-01-12T07:00Z,ES,12512,0,0
2024-01-12T08:00Z,ES,15624,0,2020
2024-01-12T09:00Z,ES,16841,0,4467
2024-01-12T10:00Z,ES,16019,0,6631
2024-01-12T11:00Z,ES,15420,0,8181
2024-01-12T12:00Z,ES,15391,0,8759
2024-01-12T13:00Z,ES,12307,0,8332
2024-01-12T14:00Z,ES,10178,0,6434
2024-01-12T15:00Z,ES,10686,0,3809
2024-01-12T16:00Z,ES,11989,0,1023
2024-01-12T17:00Z,ES,14544,0,0
2024-01-12T18:00Z,ES,13683,0,0
2024-01-12T19:00Z,ES,12262,0,0
2024-01-12T20:00Z,ES,12004,0,0
2024-01-12T21:00Z,ES,10601,0,0
2024-01-12T22:00Z,ES,7935,0,0
2024-01-12T23:00Z,ES,10362,0,0
2024-01-13T00:00Z,ES,10342,0,0
2024-01-13T01:00Z,ES,9419,0,0
2024-01-13T02:00Z,ES,11263,0,0
2024-01-13T03:00Z,ES,12721,0,0
2024-01-13T04:00Z,ES,9808,0,0
2024-01-13T05:00Z,ES,9800,0,0
2024-01-13T06:00Z,ES,15417,0,0
2024-01-13T07:00Z,ES,13730,0,0
2024-01-13T08:00Z,ES,11371,0,2657
2024-01-13T09:00Z,ES,11008,0,5647
2024-01-13T10:00Z,ES,10553,0,8056
2024-01-13T11:00Z,ES,6403,0,9496
2024-01-13T12:00Z,ES,6799,0,9739
2024-01-13T13:00Z,ES,6391,0,8653
2024-01-13T14:00Z,ES,5468,0,6478
2024-01-13T15:00Z,ES,9180,0,3801
2024-01-13T16:00Z,ES,15394,0,985
2024-01-13T17:00Z,ES,11907,0,0
2024-01-13T18:00Z,ES,14435,0,0
2024-01-13T19:00Z,ES,11995,0,0
2024-01-13T20:00Z,ES,13427,0,0
2024-01-13T21:00Z,ES,13030,0,0
2024-01-13T22:00Z,ES,12650,0,0
2024-01-13T23:00Z,ES,15764,0,0
2024-01-14T00:00Z,ES,14425,0,0
2024-01-14T01:00Z,ES,13164,0,0
2024-01-14T02:00Z,ES,9578,0,0
2024-01-14T03:00Z,ES,8680,0,0
2024-01-14T04:00Z,ES,8143,0,0
2024-01-14T05:00Z,ES,8837,0,0
2024-01-14T06:00Z,ES,5027,0,0
2024-01-14T07:00Z,ES,6482,0,0
2024-01-14T08:00Z,ES,6668,0,2212
2024-01-14T09:00Z,ES,6527,0,4606
2024-01-14T10:00Z,ES,6589,0,6560
2024-01-14T11:00Z,ES,5322,0,8006
2024-01-14T12:00Z,ES,8170,0,8201
2024-01-14T13:00Z,ES,6985,0,7049
2024-01-14T14:00Z,ES,7952,0,5517
2024-01-14T15:00Z,ES,8915,0,2950
2024-01-14T16:00Z,ES,13742,0,840
2024-01-14T17:00Z,ES,17696,0,0
2024-01-14T18:00Z,ES,17583,0,0
2024-01-14T19:00Z,ES,17928,0,0
2024-01-14T20:00Z,ES,19867,0,0
2024-01-14T21:00Z,ES,18076,0,0
2024-01-14T22:00Z,ES,14302,0,0
2024-01-14T23:00Z,ES,8009,0,0
2024-01-15T00:00Z,ES,7106,0,0
2024-01-15T01:00Z,ES,8191,0,0
2024-01-15T02:00Z,ES,4045,0,0
2024-01-15T03:00Z,ES,4926,0,0
2024-01-15T04:00Z,ES,5645,0,0
2024-01-15T05:00Z,ES,6035,0,0
2024-01-15T06:00Z,ES,8491,0,0
2024-01-15T07:00Z,ES,8214,0,0
2024-01-15T08:00Z,ES,4116,0,2393
2024-01-15T09:00Z,ES,5219,0,4970
2024-01-15T10:00Z,ES,4363,0,7047
2024-01-15T11:00Z,ES,3683,0,9231
2024-01-15T12:00Z,ES,3095,0,9672
2024-01-15T13:00Z,ES,3076,0,8445
2024-01-15T14:00Z,ES,3310,0,6617
2024-01-15T15:00Z,ES,3876,0,3859
2024-01-15T16:00Z,ES,3238,0,990
2024-01-15T17:00Z,ES,4524,0,0
2024-01-15T18:00Z,ES,3784,0,0
2024-01-15T19:00Z,ES,3845,0,0
2024-01-15T20:00Z,ES,3298,0,0
2024-01-15T21:00Z,ES,2258,0,0
2024-01-15T22:00Z,ES,2763,0,0
2024-01-15T23:00Z,ES,1690,0,0
2024-01-16T00:00Z,ES,1756,0,0
2024-01-16T01:00Z,ES,838,0,0
2024-01-16T02:00Z,ES,685,0,0
2024-01-16T03:00Z,ES,489,0,0
2024-01-16T04:00Z,ES,726,0,0
2024-01-16T05:00Z,ES,632,0,0
2024-01-16T06:00Z,ES,614,0,0
2024-01-16T07:00Z,ES,616,0,0
2024-01-16T08:00Z,ES,503,0,1473
2024-01-16T09:00Z,ES,840,0,3283
2024-01-16T10:00Z,ES,828,0,4346
2024-01-16T11:00Z,ES,872,0,5233
2024-01-16T12:00Z,ES,875,0,5580
2024-01-16T13:00Z,ES,945,0,5358
2024-01-16T14:00Z,ES,1372,0,4900
2024-01-16T15:00Z,ES,1226,0,2723
2024-01-16T16:00Z,ES,757,0,805
2024-01-16T17:00Z,ES,1010,0,0
2024-01-16T18:00Z,ES,698,0,0
2024-01-16T19:00Z,ES,477,0,0
2024-01-16T20:00Z,ES,425,0,0
2024-01-16T21:00Z,ES,427,0,0
2024-01-16T22:00Z,ES,581,0,0
2024-01-16T23:00Z,ES,339,0,0
2024-01-17T00:00Z,ES,281,0,0
2024-01-17T01:00Z,ES,556,0,0
2024-01-17T02:00Z,ES,582,0,0
2024-01-17T03:00Z,ES,641,0,0
2024-01-17T04:00Z,ES,653,0,0
2024-01-17T05:00Z,ES,828,0,0
2024-01-17T06:00Z,ES,644,0,0
2024-01-17T07:00Z,ES,737,0,4
2024-01-17T08:00Z,ES,768,0,1646
2024-01-17T09:00Z,ES,1335,0,3459
2024-01-17T10:00Z,ES,2838,0,5500
2024-01-17T11:00Z,ES,6329,0,6215
2024-01-17T12:00Z,ES,6787,0,6386
2024-01-17T13:00Z,ES,6672,0,5492
2024-01-17T14:00Z,ES,7010,0,4333
2024-01-17T15:00Z,ES,4800,0,2764
2024-01-17T16:00Z,ES,4864,0,773
2024-01-17T17:00Z,ES,4006,0,0
2024-01-17T18:00Z,ES,4438,0,0
2024-01-17T19:00Z,ES,6093,0,0
2024-01-17T20:00Z,ES,4454,0,0
2024-01-17T21:00Z,ES,4664,0,0
2024-01-17T22:00Z,ES,4482,0,0
2024-01-17T23:00Z,ES,4898,0,0
2024-01-18T00:00Z,ES,4891,0,0
2024-01-18T01:00Z,ES,3621,0,0
2024-01-18T02:00Z,ES,3087,0,0
2024-01-18T03:00Z,ES,3784,0,0
2024-01-18T04:00Z,ES,4782,0,0
2024-01-18T05:00Z,ES,3003,0,0
2024-01-18T06:00Z,ES,2899,0,0
2024-01-18T07:00Z,ES,3563,0,20
2024-01-18T08:00Z,ES,2802,0,2153
2024-01-18T09:00Z,ES,1710,0,4731
2024-01-18T10:00Z,ES,2310,0,7041
2024-01-18T11:00Z,ES,1827,0,8319
2024-01-18T12:00Z,ES,1492,0,8484
2024-01-18T13:00Z,ES,1161,0,7682
2024-01-18T14:00Z,ES,1759,0,6035
2024-01-18T15:00Z,ES,1583,0,3804
2024-01-18T16:00Z,ES,1420,0,1194
2024-01-18T17:00Z,ES,1371,0,0
2024-01-18T18:00Z,ES,1428,0,0
2024-01-18T19:00Z,ES,473,0,0
2024-01-18T20:00Z,ES,549,0,0
2024-01-18T21:00Z,ES,294,0,0
2024-01-18T22:00Z,ES,391,0,0
2024-01-18T23:00Z,ES,216,0,0
2024-01-19T00:00Z,ES,475,0,0
2024-01-19T01:00Z,ES,541,0,0
2024-01-19T02:00Z,ES,629,0,0
2024-01-19T03:00Z,ES,892,0,0
2024-01-19T04:00Z,ES,648,0,0
2024-01-19T05:00Z,ES,1028,0,0
2024-01-19T06:00Z,ES,1996,0,0
2024-01-19T07:00Z,ES,3641,0,26
2024-01-19T08:00Z,ES,2820,0,1224
2024-01-19T09:00Z,ES,2780,0,2387
2024-01-19T10:00Z,ES,2244,0,3160
2024-01-19T11:00Z,ES,3398,0,4198
2024-01-19T12:00Z,ES,4017,0,4592
2024-01-19T13:00Z,ES,3547,0,3917
2024-01-19T14:00Z,ES,3101,0,3133
2024-01-19T15:00Z,ES,3127,0,2179
2024-01-19T16:00Z,ES,3179,0,612
2024-01-19T17:00Z,ES,1904,0,0
2024-01-19T18:00Z,ES,1421,0,0
2024-01-19T19:00Z,ES,1885,0,0
2024-01-19T20:00Z,ES,1285,0,0
2024-01-19T21:00Z,ES,1289,0,0
2024-01-19T22:00Z,ES,2669,0,0
2024-01-19T23:00Z,ES,6940,0,0
2024-01-20T00:00Z,ES,10195,0,0
2024-01-20T01:00Z,ES,9846,0,0
2024-01-20T02:00Z,ES,8178,0,0
2024-01-20T03:00Z,ES,8059,0,0
2024-01-20T04:00Z,ES,8257,0,0
2024-01-20T05:00Z,ES,10230,0,0
2024-01-20T06:00Z,ES,8815,0,0
2024-01-20T07:00Z,ES,12355,0,40
2024-01-20T08:00Z,ES,13217,0,1691
2024-01-20T09:00Z,ES,15452,0,3253
2024-01-20T10:00Z,ES,14074,0,4625
2024-01-20T11:00Z,ES,11113,0,5222
2024-01-20T12:00Z,ES,13343,0,4875
2024-01-20T13:00Z,ES,15275,0,4416
2024-01-20T14:00Z,ES,14400,0,3516
2024-01-20T15:00Z,ES,14895,0,2282
2024-01-20T16:00Z,ES,17284,0,742
2024-01-20T17:00Z,ES,18385,0,0
2024-01-20T18:00Z,ES,19023,0,0
2024-01-20T19:00Z,ES,17083,0,0
2024-01-20T20:00Z,ES,16374,0,0
2024-01-20T21:00Z,ES,18924,0,0
2024-01-20T22:00Z,ES,19367,0,0
2024-01-20T23:00Z,ES,20454,0,0
2024-01-21T00:00Z,ES,20640,0,0
2024-01-21T01:00Z,ES,19949,0,0
2024-01-21T02:00Z,ES,18046,0,0
2024-01-21T03:00Z,ES,19981,0,0
2024-01-21T04:00Z,ES,22870,0,0
2024-01-21T05:00Z,ES,22857,0,0
2024-01-21T06:00Z,ES,20554,0,0
2024-01-21T07:00Z,ES,21325,0,54
2024-01-21T08:00Z,ES,21364,0,1601
2024-01-21T09:00Z,ES,20470,0,3361
2024-01-21T10:00Z,ES,21849,0,4311
2024-01-21T11:00Z,ES,21424,0,5103
2024-01-21T12:00Z,ES,18496,0,5437
2024-01-21T13:00Z,ES,19784,0,5418
2024-01-21T14:00Z,ES,20296,0,4124
2024-01-21T15:00Z,ES,23137,0,2544
2024-01-21T16:00Z,ES,22588,0,778
2024-01-21T17:00Z,ES,22014,0,0
2024-01-21T18:00Z,ES,21137,0,0
2024-01-21T19:00Z,ES,22099,0,0
2024-01-21T20:00Z,ES,24133,0,0
2024-01-21T21:00Z,ES,22603,0,0
2024-01-21T22:00Z,ES,21868,0,0
2024-01-21T23:00Z,ES,21829,0,0
2024-01-22T00:00Z,ES,22516,0,0
2024-01-22T01:00Z,ES,22731,0,0
2024-01-22T02:00Z,ES,23264,0,0
2024-01-22T03:00Z,ES,21856,0,0
2024-01-22T04:00Z,ES,21770,0,0
2024-01-22T05:00Z,ES,21348,0,0
2024-01-22T06:00Z,ES,23370,0,0
2024-01-22T07:00Z,ES,22149,0,71
2024-01-22T08:00Z,ES,17502,0,1646
2024-01-22T09:00Z,ES,17421,0,3109
2024-01-22T10:00Z,ES,18008,0,4057
2024-01-22T11:00Z,ES,15412,0,4977
2024-01-22T12:00Z,ES,17078,0,5245
2024-01-22T13:00Z,ES,17700,0,5455
2024-01-22T14:00Z,ES,17758,0,4537
2024-01-22T15:00Z,ES,23298,0,2722
2024-01-22T16:00Z,ES,23495,0,794
2024-01-22T17:00Z,ES,22164,0,0
2024-01-22T18:00Z,ES,20946,0,0
2024-01-22T19:00Z,ES,20602,0,0
2024-01-22T20:00Z,ES,18919,0,0
2024-01-22T21:00Z,ES,17655,0,0
2024-01-22T22:00Z,ES,12851,0,0
2024-01-22T23:00Z,ES,12921,0,0
2024-01-23T00:00Z,ES,12144,0,0
2024-01-23T01:00Z,ES,12596,0,0
2024-01-23T02:00Z,ES,14329,0,0
2024-01-23T03:00Z,ES,12261,0,0
2024-01-23T04:00Z,ES,12856,0,0
2024-01-23T05:00Z,ES,11721,0,0
2024-01-23T06:00Z,ES,12287,0,0
2024-01-23T07:00Z,ES,13969,0,99
2024-01-23T08:00Z,ES,11884,0,1908
2024-01-23T09:00Z,ES,11925,0,3324
2024-01-23T10:00Z,ES,8912,0,4378
2024-01-23T11:00Z,ES,9347,0,4802
2024-01-23T12:00Z,ES,7057,0,4651
2024-01-23T13:00Z,ES,5232,0,3812
2024-01-23T14:00Z,ES,5332,0,3275
2024-01-23T15:00Z,ES,3061,0,2305
2024-01-23T16:00Z,ES,5238,0,881
2024-01-23T17:00Z,ES,6655,0,0
2024-01-23T18:00Z,ES,9132,0,0
2024-01-23T19:00Z,ES,5076,0,0
2024-01-23T20:00Z,ES,4929,0,0
2024-01-23T21:00Z,ES,4373,0,0
2024-01-23T22:00Z,ES,3353,0,0
2024-01-23T23:00Z,ES,3105,0,0
2024-01-24T00:00Z,ES,2177,0,0
2024-01-24T01:00Z,ES,1492,0,0
2024-01-24T02:00Z,ES,1346,0,0
2024-01-24T03:00Z,ES,1242,0,0
2024-01-24T04:00Z,ES,1395,0,0
2024-01-24T05:00Z,ES,1497,0,0
2024-01-24T06:00Z,ES,2976,0,0
2024-01-24T07:00Z,ES,5646,0,113
2024-01-24T08:00Z,ES,8662,0,1779
2024-01-24T09:00Z,ES,6726,0,3495
2024-01-24T10:00Z,ES,5895,0,5161
2024-01-24T11:00Z,ES,10932,0,6397
2024-01-24T12:00Z,ES,12956,0,6921
2024-01-24T13:00Z,ES,15560,0,6018
2024-01-24T14:00Z,ES,14631,0,4688
2024-01-24T15:00Z,ES,12553,0,2909
2024-01-24T16:00Z,ES,16268,0,950
2024-01-24T17:00Z,ES,17930,0,0
2024-01-24T18:00Z,ES,14306,0,0
2024-01-24T19:00Z,ES,15688,0,0
2024-01-24T20:00Z,ES,15973,0,0
2024-01-24T21:00Z,ES,12324,0,0
2024-01-24T22:00Z,ES,12080,0,0
2024-01-24T23:00Z,ES,13068,0,0
2024-01-25T00:00Z,ES,9379,0,0
2024-01-25T01:00Z,ES,10388,0,0
2024-01-25T02:00Z,ES,14001,0,0
2024-01-25T03:00Z,ES,11614,0,0
2024-01-25T04:00Z,ES,9124,0,0
2024-01-25T05:00Z,ES,9545,0,0
2024-01-25T06:00Z,ES,10582,0,0
2024-01-25T07:00Z,ES,12651,0,130
2024-01-25T08:00Z,ES,8753,0,1967
2024-01-25T09:00Z,ES,7653,0,3648
2024-01-25T10:00Z,ES,7903,0,4985
2024-01-25T11:00Z,ES,7890,0,5668
2024-01-25T12:00Z,ES,5820,0,6267
2024-01-25T13:00Z,ES,6916,0,5345
2024-01-25T14:00Z,ES,6683,0,4114
2024-01-25T15:00Z,ES,5335,0,2590
2024-01-25T16:00Z,ES,7233,0,838
2024-01-25T17:00Z,ES,7230,0,0
2024-01-25T18:00Z,ES,6646,0,0
2024-01-25T19:00Z,ES,6353,0,0
2024-01-25T20:00Z,ES,8377,0,0
2024-01-25T21:00Z,ES,6810,0,0
2024-01-25T22:00Z,ES,7730,0,0
2024-01-25T23:00Z,ES,10381,0,0
2024-01-26T00:00Z,ES,10762,0,0
2024-01-26T01:00Z,ES,13059,0,0
2024-01-26T02:00Z,ES,11262,0,0
2024-01-26T03:00Z,ES,9570,0,0
2024-01-26T04:00Z,ES,7140,0,0
2024-01-26T05:00Z,ES,6223,0,0
2024-01-26T06:00Z,ES,7102,0,0
2024-01-26T07:00Z,ES,7560,0,204
2024-01-26T08:00Z,ES,7552,0,2646
2024-01-26T09:00Z,ES,5742,0,5292
2024-01-26T10:00Z,ES,4992,0,7194
2024-01-26T11:00Z,ES,4058,0,8499
2024-01-26T12:00Z,ES,3995,0,9120
2024-01-26T13:00Z,ES,3330,0,8619
2024-01-26T14:00Z,ES,2523,0,6873
2024-01-26T15:00Z,ES,3183,0,4250
2024-01-26T16:00Z,ES,3896,0,1398
2024-01-26T17:00Z,ES,4811,0,0
2024-01-26T18:00Z,ES,3119,0,0
2024-01-26T19:00Z,ES,3851,0,0
2024-01-26T20:00Z,ES,5012,0,0
2024-01-26T21:00Z,ES,4238,0,0
2024-01-26T22:00Z,ES,4777,0,0
2024-01-26T23:00Z,ES,4975,0,0
2024-01-27T00:00Z,ES,4202,0,0
2024-01-27T01:00Z,ES,4082,0,0
2024-01-27T02:00Z,ES,3660,0,0
2024-01-27T03:00Z,ES,3769,0,0
2024-01-27T04:00Z,ES,5330,0,0
2024-01-27T05:00Z,ES,5746,0,0
2024-01-27T06:00Z,ES,4187,0,0
2024-01-27T07:00Z,ES,7210,0,281
2024-01-27T08:00Z,ES,4838,0,2932
2024-01-27T09:00Z,ES,5362,0,5906
2024-01-27T10:00Z,ES,6880,0,8680
2024-01-27T11:00Z,ES,9026,0,10243
2024-01-27T12:00Z,ES,10119,0,10344
2024-01-27T13:00Z,ES,9618,0,9321
2024-01-27T14:00Z,ES,7808,0,7260
2024-01-27T15:00Z,ES,8775,0,4610
2024-01-27T16:00Z,ES,10081,0,1647
2024-01-27T17:00Z,ES,12201,0,0
2024-01-27T18:00Z,ES,9635,0,0
2024-01-27T19:00Z,ES,5785,0,0
2024-01-27T20:00Z,ES,4169,0,0
2024-01-27T21:00Z,ES,2586,0,0
2024-01-27T22:00Z,ES,3503,0,0
2024-01-27T23:00Z,ES,3851,0,0
2024-01-28T00:00Z,ES,3057,0,0
2024-01-28T01:00Z,ES,2868,0,0
2024-01-28T02:00Z,ES,3145,0,0
2024-01-28T03:00Z,ES,4766,0,0
2024-01-28T04:00Z,ES,3258,0,0
2024-01-28T05:00Z,ES,3005,0,0
2024-01-28T06:00Z,ES,2437,0,0
2024-01-28T07:00Z,ES,2562,0,290
2024-01-28T08:00Z,ES,2692,0,2713
2024-01-28T09:00Z,ES,4073,0,5178
2024-01-28T10:00Z,ES,5755,0,7177
2024-01-28T11:00Z,ES,8330,0,8435
2024-01-28T12:00Z,ES,7413,0,8639
2024-01-28T13:00Z,ES,4380,0,7749
2024-01-28T14:00Z,ES,2969,0,6021
2024-01-28T15:00Z,ES,3215,0,3782
2024-01-28T16:00Z,ES,3061,0,1367
2024-01-28T17:00Z,ES,3620,0,0
2024-01-28T18:00Z,ES,3508,0,0
2024-01-28T19:00Z,ES,2646,0,0
2024-01-28T20:00Z,ES,1648,0,0
2024-01-28T21:00Z,ES,1308,0,0
2024-01-28T22:00Z,ES,1409,0,0
2024-01-28T23:00Z,ES,1762,0,0
2024-01-29T00:00Z,ES,1245,0,0
2024-01-29T01:00Z,ES,802,0,0
2024-01-29T02:00Z,ES,902,0,0
2024-01-29T03:00Z,ES,1080,0,0
2024-01-29T04:00Z,ES,982,0,0
2024-01-29T05:00Z,ES,833,0,0
2024-01-29T06:00Z,ES,1092,0,0
2024-01-29T07:00Z,ES,1844,0,344
2024-01-29T08:00Z,ES,2464,0,2910
2024-01-29T09:00Z,ES,1310,0,5620
2024-01-29T10:00Z,ES,1052,0,7538
2024-01-29T11:00Z,ES,1302,0,8602
2024-01-29T12:00Z,ES,1605,0,8828
2024-01-29T13:00Z,ES,977,0,8055
2024-01-29T14:00Z,ES,1600,0,6170
2024-01-29T15:00Z,ES,1856,0,3951
2024-01-29T16:00Z,ES,1629,0,1406
2024-01-29T17:00Z,ES,3292,0,0
2024-01-29T18:00Z,ES,4173,0,0
2024-01-29T19:00Z,ES,4299,0,0
2024-01-29T20:00Z,ES,3582,0,0
2024-01-29T21:00Z,ES,5908,0,0
2024-01-29T22:00Z,ES,5230,0,0
2024-01-29T23:00Z,ES,4785,0,0
2024-01-30T00:00Z,ES,3437,0,0
2024-01-30T01:00Z,ES,3273,0,0
2024-01-30T02:00Z,ES,1562,0,0
2024-01-30T03:00Z,ES,1340,0,0
2024-01-30T04:00Z,ES,580,0,0
2024-01-30T05:00Z,ES,573,0,0
2024-01-30T06:00Z,ES,1656,0,0
2024-01-30T07:00Z,ES,860,0,304
2024-01-30T08:00Z,ES,1065,0,2505
2024-01-30T09:00Z,ES,1051,0,4901
2024-01-30T10:00Z,ES,826,0,6339
2024-01-30T11:00Z,ES,759,0,7770
2024-01-30T12:00Z,ES,1209,0,9089
2024-01-30T13:00Z,ES,1177,0,8440
2024-01-30T14:00Z,ES,1790,0,6544
2024-01-30T15:00Z,ES,1919,0,4374
2024-01-30T16:00Z,ES,3460,0,1526
2024-01-30T17:00Z,ES,4969,0,0
2024-01-30T18:00Z,ES,7503,0,0
2024-01-30T19:00Z,ES,10591,0,0
2024-01-30T20:00Z,ES,15403,0,0
2024-01-30T21:00Z,ES,16054,0,0
2024-01-30T22:00Z,ES,10429,0,0
2024-01-30T23:00Z,ES,10795,0,0
2024-01-31T00:00Z,ES,11413,0,0
2024-01-31T01:00Z,ES,14227,0,0
2024-01-31T02:00Z,ES,13328,0,0
2024-01-31T03:00Z,ES,12207,0,0
2024-01-31T04:00Z,ES,9362,0,0
2024-01-31T05:00Z,ES,6651,0,0
2024-01-31T06:00Z,ES,9611,0,0
2024-01-31T07:00Z,ES,7909,0,313
2024-01-31T08:00Z,ES,10610,0,2378
2024-01-31T09:00Z,ES,9753,0,4117
2024-01-31T10:00Z,ES,10792,0,5801
2024-01-31T11:00Z,ES,9807,0,6780
2024-01-31T12:00Z,ES,9958,0,7143
2024-01-31T13:00Z,ES,11850,0,6543
2024-01-31T14:00Z,ES,15928,0,5315
2024-01-31T15:00Z,ES,17240,0,3357
2024-01-31T16:00Z,ES,19923,0,1282
2024-01-31T17:00Z,ES,19550,0,0
2024-01-31T18:00Z,ES,18105,0,0
2024-01-31T19:00Z,ES,18168,0,0
2024-01-31T20:00Z,ES,19278,0,0
2024-01-31T21:00Z,ES,17741,0,0
2024-01-31T22:00Z,ES,18715,0,0
2024-01-31T23:00Z,ES,18012,0,0
2024-02-01T00:00Z,ES,16288,0,0
2024-02-01T01:00Z,ES,20506,0,0
2024-02-01T02:00Z,ES,19515,0,0
2024-02-01T03:00Z,ES,23378,0,0
2024-02-01T04:00Z,ES,22274,0,0
2024-02-01T05:00Z,ES,19351,0,0
2024-02-01T06:00Z,ES,19046,0,0
2024-02-01T07:00Z,ES,17418,0,236
2024-02-01T08:00Z,ES,13791,0,1768
2024-02-01T09:00Z,ES,15301,0,3231
2024-02-01T10:00Z,ES,10187,0,3903
2024-02-01T11:00Z,ES,12407,0,4277
2024-02-01T12:00Z,ES,13830,0,4288
2024-02-01T13:00Z,ES,11671,0,4314
2024-02-01T14:00Z,ES,11247,0,2984
2024-02-01T15:00Z,ES,10571,0,2007
2024-02-01T16:00Z,ES,14122,0,823
2024-02-01T17:00Z,ES,17093,0,0
2024-02-01T18:00Z,ES,12045,0,0
2024-02-01T19:00Z,ES,8620,0,0
2024-02-01T20:00Z,ES,6439,0,0
2024-02-01T21:00Z,ES,10313,0,0
2024-02-01T22:00Z,ES,8427,0,0
2024-02-01T23:00Z,ES,6560,0,0
2024-02-02T00:00Z,ES,9312,0,0
2024-02-02T01:00Z,ES,10500,0,0
2024-02-02T02:00Z,ES,10525,0,0
2024-02-02T03:00Z,ES,6188,0,0
2024-02-02T04:00Z,ES,4908,0,0
2024-02-02T05:00Z,ES,5950,0,0
2024-02-02T06:00Z,ES,5902,0,0
2024-02-02T07:00Z,ES,9412,0,396
2024-02-02T08:00Z,ES,9321,0,2582
2024-02-02T09:00Z,ES,10736,0,4830
2024-02-02T10:00Z,ES,16620,0,6681
2024-02-02T11:00Z,ES,14992,0,7798
2024-02-02T12:00Z,ES,13461,0,7748
2024-02-02T13:00Z,ES,15205,0,7599
2024-02-02T14:00Z,ES,14247,0,5895
2024-02-02T15:00Z,ES,12712,0,3591
2024-02-02T16:00Z,ES,15294,0,1333
2024-02-02T17:00Z,ES,12696,0,0
2024-02-02T18:00Z,ES,12189,0,0
2024-02-02T19:00Z,ES,12332,0,0
2024-02-02T20:00Z,ES,11901,0,0
2024-02-02T21:00Z,ES,11896,0,0
2024-02-02T22:00Z,ES,11360,0,0
2024-02-02T23:00Z,ES,10078,0,0
2024-02-03T00:00Z,ES,10571,0,0
2024-02-03T01:00Z,ES,10572,0,0
2024-02-03T02:00Z,ES,10205,0,0
2024-02-03T03:00Z,ES,13261,0,0
2024-02-03T04:00Z,ES,14500,0,0
2024-02-03T05:00Z,ES,14152,0,0
2024-02-03T06:00Z,ES,13638,0,0
2024-02-03T07:00Z,ES,9749,0,301
2024-02-03T08:00Z,ES,13502,0,2027
2024-02-03T09:00Z,ES,15139,0,3913
2024-02-03T10:00Z,ES,16368,0,4825
2024-02-03T11:00Z,ES,18759,0,5548
2024-02-03T12:00Z,ES,17909,0,5945
2024-02-03T13:00Z,ES,12923,0,5399
2024-02-03T14:00Z,ES,15229,0,4767
2024-02-03T15:00Z,ES,16537,0,3196
2024-02-03T16:00Z,ES,11927,0,1388
2024-02-03T17:00Z,ES,14131,0,0
2024-02-03T18:00Z,ES,11387,0,0
2024-02-03T19:00Z,ES,11424,0,0
2024-02-03T20:00Z,ES,9254,0,0
2024-02-03T21:00Z,ES,10601,0,0
2024-02-03T22:00Z,ES,13001,0,0
2024-02-03T23:00Z,ES,11107,0,0
2024-02-04T00:00Z,ES,15090,0,0
2024-02-04T01:00Z,ES,16734,0,0
2024-02-04T02:00Z,ES,17632,0,0
2024-02-04T03:00Z,ES,17848,0,0
2024-02-04T04:00Z,ES,20674,0,0
2024-02-04T05:00Z,ES,17843,0,0
2024-02-04T06:00Z,ES,17401,0,0
2024-02-04T07:00Z,ES,17059,0,303
2024-02-04T08:00Z,ES,20076,0,1707
2024-02-04T09:00Z,ES,15844,0,3255
2024-02-04T10:00Z,ES,17073,0,4400
2024-02-04T11:00Z,ES,16443,0,5259
2024-02-04T12:00Z,ES,15130,0,5281
2024-02-04T13:00Z,ES,14673,0,4702
2024-02-04T14:00Z,ES,14486,0,3902
2024-02-04T15:00Z,ES,9831,0,2660
2024-02-04T16:00Z,ES,7431,0,939
2024-02-04T17:00Z,ES,5053,0,0
2024-02-04T18:00Z,ES,6109,0,0
2024-02-04T19:00Z,ES,7085,0,0
2024-02-04T20:00Z,ES,9918,0,0
2024-02-04T21:00Z,ES,10213,0,0
2024-02-04T22:00Z,ES,8440,0,0
2024-02-04T23:00Z,ES,10467,0,0
2024-02-05T00:00Z,ES,11218,0,0
2024-02-05T01:00Z,ES,9251,0,0
2024-02-05T02:00Z,ES,11406,0,0
2024-02-05T03:00Z,ES,9576,0,0
2024-02-05T04:00Z,ES,6082,0,0
2024-02-05T05:00Z,ES,6563,0,0
2024-02-05T06:00Z,ES,7307,0,0
2024-02-05T07:00Z,ES,10848,0,416
2024-02-05T08:00Z,ES,10090,0,2270
2024-02-05T09:00Z,ES,11087,0,4267
2024-02-05T10:00Z,ES,14219,0,5590
2024-02-05T11:00Z,ES,14106,0,6422
2024-02-05T12:00Z,ES,12015,0,7173
2024-02-05T13:00Z,ES,14379,0,6438
2024-02-05T14:00Z,ES,16162,0,5489
2024-02-05T15:00Z,ES,15646,0,3942
2024-02-05T16:00Z,ES,15449,0,1731
2024-02-05T17:00Z,ES,13866,0,0
2024-02-05T18:00Z,ES,14742,0,0
2024-02-05T19:00Z,ES,13246,0,0
2024-02-05T20:00Z,ES,17674,0,0
2024-02-05T21:00Z,ES,14085,0,0
2024-02-05T22:00Z,ES,12197,0,0
2024-02-05T23:00Z,ES,11470,0,0
2024-02-06T00:00Z,ES,10626,0,0
2024-02-06T01:00Z,ES,12489,0,0
2024-02-06T02:00Z,ES,11344,0,0
2024-02-06T03:00Z,ES,11043,0,0
2024-02-06T04:00Z,ES,8771,0,0
2024-02-06T05:00Z,ES,12253,0,0
2024-02-06T06:00Z,ES,17661,0,0
2024-02-06T07:00Z,ES,13884,0,467
2024-02-06T08:00Z,ES,17048,0,2614
2024-02-06T09:00Z,ES,19147,0,4486
2024-02-06T10:00Z,ES,21734,0,6264
2024-02-06T11:00Z,ES,21756,0,7652
2024-02-06T12:00Z,ES,21564,0,7533
2024-02-06T13:00Z,ES,19874,0,7404
2024-02-06T14:00Z,ES,19043,0,5730
2024-02-06T15:00Z,ES,20911,0,3770
2024-02-06T16:00Z,ES,17896,0,1617
2024-02-06T17:00Z,ES,17825,0,0
2024-02-06T18:00Z,ES,16642,0,0
2024-02-06T19:00Z,ES,17996,0,0
2024-02-06T20:00Z,ES,13801,0,0
2024-02-06T21:00Z,ES,13189,0,0
2024-02-06T22:00Z,ES,14661,0,0
2024-02-06T23:00Z,ES,10820,0,0
2024-02-07T00:00Z,ES,10900,0,0
2024-02-07T01:00Z,ES,16540,0,0
2024-02-07T02:00Z,ES,15608,0,0
2024-02-07T03:00Z,ES,12589,0,0
2024-02-07T04:00Z,ES,11106,0,0
2024-02-07T05:00Z,ES,12872,0,0
2024-02-07T06:00Z,ES,10971,0,0
2024-02-07T07:00Z,ES,11426,0,634
2024-02-07T08:00Z,ES,16181,0,3035
2024-02-07T09:00Z,ES,14447,0,5294
2024-02-07T10:00Z,ES,17155,0,7277
2024-02-07T11:00Z,ES,16475,0,8001
2024-02-07T12:00Z,ES,18248,0,8492
2024-02-07T13:00Z,ES,17248,0,7286
2024-02-07T14:00Z,ES,17807,0,5918
2024-02-07T15:00Z,ES,17561,0,3659
2024-02-07T16:00Z,ES,13102,0,1589
2024-02-07T17:00Z,ES,12779,0,0
2024-02-07T18:00Z,ES,11086,0,0
2024-02-07T19:00Z,ES,9816,0,0
2024-02-07T20:00Z,ES,10022,0,0
2024-02-07T21:00Z,ES,9585,0,0
2024-02-07T22:00Z,ES,6748,0,0
2024-02-07T23:00Z,ES,6421,0,0
2024-02-08T00:00Z,ES,7358,0,0
2024-02-08T01:00Z,ES,7411,0,0
2024-02-08T02:00Z,ES,8397,0,0
2024-02-08T03:00Z,ES,8997,0,0
2024-02-08T04:00Z,ES,8952,0,0
2024-02-08T05:00Z,ES,11816,0,0
2024-02-08T06:00Z,ES,15072,0,0
2024-02-08T07:00Z,ES,17288,0,827
2024-02-08T08:00Z,ES,17129,0,3929
2024-02-08T09:00Z,ES,15530,0,6653
2024-02-08T10:00Z,ES,14935,0,8608
2024-02-08T11:00Z,ES,17430,0,9954
2024-02-08T12:00Z,ES,16817,0,10251
2024-02-08T13:00Z,ES,14003,0,9518
2024-02-08T14:00Z,ES,18574,0,7776
2024-02-08T15:00Z,ES,17243,0,5018
2024-02-08T16:00Z,ES,15781,0,2183
2024-02-08T17:00Z,ES,13063,0,0
2024-02-08T18:00Z,ES,14504,0,0
2024-02-08T19:00Z,ES,9832,0,0
2024-02-08T20:00Z,ES,15031,0,0
2024-02-08T21:00Z,ES,15613,0,0
2024-02-08T22:00Z,ES,16164,0,0
2024-02-08T23:00Z,ES,10363,0,0
2024-02-09T00:00Z,ES,9952,0,0
2024-02-09T01:00Z,ES,10006,0,0
2024-02-09T02:00Z,ES,9321,0,0
2024-02-09T03:00Z,ES,8190,0,0
2024-02-09T04:00Z,ES,9117,0,0
2024-02-09T05:00Z,ES,9130,0,0
2024-02-09T06:00Z,ES,9869,0,0
2024-02-09T07:00Z,ES,11368,0,976
2024-02-09T08:00Z,ES,6499,0,4336
2024-02-09T09:00Z,ES,5528,0,7597
2024-02-09T10:00Z,ES,2978,0,9920
2024-02-09T11:00Z,ES,1667,0,11243
2024-02-09T12:00Z,ES,2424,0,11050
2024-02-09T13:00Z,ES,3090,0,10302
2024-02-09T14:00Z,ES,4948,0,8768
2024-02-09T15:00Z,ES,5327,0,6011
2024-02-09T16:00Z,ES,7924,0,2618
2024-02-09T17:00Z,ES,7079,0,0
2024-02-09T18:00Z,ES,6756,0,0
2024-02-09T19:00Z,ES,7593,0,0
2024-02-09T20:00Z,ES,4218,0,0
2024-02-09T21:00Z,ES,4420,0,0
2024-02-09T22:00Z,ES,6413,0,0
2024-02-09T23:00Z,ES,5834,0,0
2024-02-10T00:00Z,ES,4866,0,0
2024-02-10T01:00Z,ES,3575,0,0
2024-02-10T02:00Z,ES,3893,0,0
2024-02-10T03:00Z,ES,5015,0,0
2024-02-10T04:00Z,ES,6097,0,0
2024-02-10T05:00Z,ES,6883,0,0
2024-02-10T06:00Z,ES,5944,0,0
2024-02-10T07:00Z,ES,5581,0,995
2024-02-10T08:00Z,ES,5435,0,4445
2024-02-10T09:00Z,ES,6284,0,7712
2024-02-10T10:00Z,ES,6013,0,9917
2024-02-10T11:00Z,ES,7739,0,10916
2024-02-10T12:00Z,ES,6362,0,10866
2024-02-10T13:00Z,ES,7258,0,9417
2024-02-10T14:00Z,ES,7008,0,7639
2024-02-10T15:00Z,ES,7943,0,5246
2024-02-10T16:00Z,ES,8559,0,2279
2024-02-10T17:00Z,ES,6249,0,0
2024-02-10T18:00Z,ES,5499,0,0
2024-02-10T19:00Z,ES,4278,0,0
2024-02-10T20:00Z,ES,3857,0,0
2024-02-10T21:00Z,ES,3360,0,0
2024-02-10T22:00Z,ES,4774,0,0
2024-02-10T23:00Z,ES,2838,0,0
2024-02-11T00:00Z,ES,1478,0,0
2024-02-11T01:00Z,ES,2346,0,0
2024-02-11T02:00Z,ES,1788,0,0
2024-02-11T03:00Z,ES,2086,0,0
2024-02-11T04:00Z,ES,2187,0,0
2024-02-11T05:00Z,ES,2148,0,0
2024-02-11T06:00Z,ES,3848,0,0
2024-02-11T07:00Z,ES,4409,0,1108
2024-02-11T08:00Z,ES,5131,0,4560
2024-02-11T09:00Z,ES,6466,0,7897
2024-02-11T10:00Z,ES,7578,0,10532
2024-02-11T11:00Z,ES,8715,0,12108
2024-02-11T12:00Z,ES,8795,0,12430
2024-02-11T13:00Z,ES,8675,0,11457
2024-02-11T14:00Z,ES,6631,0,9127
2024-02-11T15:00Z,ES,7086,0,6231
2024-02-11T16:00Z,ES,6049,0,2772
2024-02-11T17:00Z,ES,6654,0,0
2024-02-11T18:00Z,ES,7275,0,0
2024-02-11T19:00Z,ES,5062,0,0
2024-02-11T20:00Z,ES,7413,0,0
2024-02-11T21:00Z,ES,6615,0,0
2024-02-11T22:00Z,ES,5793,0,0
2024-02-11T23:00Z,ES,6128,0,0
2024-02-12T00:00Z,ES,7263,0,0
2024-02-12T01:00Z,ES,7943,0,0
2024-02-12T02:00Z,ES,9231,0,0
2024-02-12T03:00Z,ES,11889,0,0
2024-02-12T04:00Z,ES,14865,0,0
2024-02-12T05:00Z,ES,11736,0,0
2024-02-12T06:00Z,ES,10704,0,0
2024-02-12T07:00Z,ES,9243,0,980
2024-02-12T08:00Z,ES,12323,0,3653
2024-02-12T09:00Z,ES,9990,0,6380
2024-02-12T10:00Z,ES,8435,0,9067
2024-02-12T11:00Z,ES,5599,0,10314
2024-02-12T12:00Z,ES,4814,0,10723
2024-02-12T13:00Z,ES,5971,0,9862
2024-02-12T14:00Z,ES,7689,0,7907
2024-02-12T15:00Z,ES,6278,0,5553
2024-02-12T16:00Z,ES,6838,0,2470
2024-02-12T17:00Z,ES,7096,0,0
2024-02-12T18:00Z,ES,7867,0,0
2024-02-12T19:00Z,ES,8032,0,0
2024-02-12T20:00Z,ES,9856,0,0
2024-02-12T21:00Z,ES,7174,0,0
2024-02-12T22:00Z,ES,5336,0,0
2024-02-12T23:00Z,ES,6057,0,0
2024-02-13T00:00Z,ES,5736,0,0
2024-02-13T01:00Z,ES,6132,0,0
2024-02-13T02:00Z,ES,6042,0,0
2024-02-13T03:00Z,ES,5853,0,0
2024-02-13T04:00Z,ES,4908,0,0
2024-02-13T05:00Z,ES,4539,0,0
2024-02-13T06:00Z,ES,3336,0,0
2024-02-13T07:00Z,ES,5265,0,1133
2024-02-13T08:00Z,ES,6133,0,4145
2024-02-13T09:00Z,ES,6544,0,7050
2024-02-13T10:00Z,ES,8456,0,9534
2024-02-13T11:00Z,ES,6848,0,11082
2024-02-13T12:00Z,ES,7611,0,11444
2024-02-13T13:00Z,ES,7777,0,10950
2024-02-13T14:00Z,ES,9970,0,8790
2024-02-13T15:00Z,ES,9426,0,5935
2024-02-13T16:00Z,ES,10786,0,2736
2024-02-13T17:00Z,ES,9289,0,0
2024-02-13T18:00Z,ES,9833,0,0
2024-02-13T19:00Z,ES,11081,0,0
2024-02-13T20:00Z,ES,15315,0,0
2024-02-13T21:00Z,ES,13772,0,0
2024-02-13T22:00Z,ES,13885,0,0
2024-02-13T23:00Z,ES,12936,0,0
2024-02-14T00:00Z,ES,12015,0,0
2024-02-14T01:00Z,ES,10269,0,0
2024-02-14T02:00Z,ES,8290,0,0
2024-02-14T03:00Z,ES,8740,0,0
2024-02-14T04:00Z,ES,11847,0,0
2024-02-14T05:00Z,ES,11202,0,0
2024-02-14T06:00Z,ES,13635,0,0
2024-02-14T07:00Z,ES,17226,0,989
2024-02-14T08:00Z,ES,16825,0,3193
2024-02-14T09:00Z,ES,19301,0,5037
2024-02-14T10:00Z,ES,22105,0,6343
2024-02-14T11:00Z,ES,22320,0,7677
2024-02-14T12:00Z,ES,20222,0,8339
2024-02-14T13:00Z,ES,20711,0,7645
2024-02-14T14:00Z,ES,19693,0,6232
2024-02-14T15:00Z,ES,19475,0,4787
2024-02-14T16:00Z,ES,17269,0,2273
2024-02-14T17:00Z,ES,15731,0,0
2024-02-14T18:00Z,ES,11994,0,0
2024-02-14T19:00Z,ES,14682,0,0
2024-02-14T20:00Z,ES,12332,0,0
2024-02-14T21:00Z,ES,9143,0,0
2024-02-14T22:00Z,ES,8343,0,0
2024-02-14T23:00Z,ES,4993,0,0
2024-02-15T00:00Z,ES,5106,0,0
2024-02-15T01:00Z,ES,4800,0,0
2024-02-15T02:00Z,ES,8067,0,0
2024-02-15T03:00Z,ES,8167,0,0
2024-02-15T04:00Z,ES,5836,0,0
2024-02-15T05:00Z,ES,8319,0,0
2024-02-15T06:00Z,ES,9129,0,0
2024-02-15T07:00Z,ES,11819,0,1203
2024-02-15T08:00Z,ES,13945,0,4169
2024-02-15T09:00Z,ES,18755,0,6791
2024-02-15T10:00Z,ES,17516,0,9306
2024-02-15T11:00Z,ES,18742,0,10920
2024-02-15T12:00Z,ES,18953,0,11260
2024-02-15T13:00Z,ES,14092,0,10177
2024-02-15T14:00Z,ES,13338,0,8547
2024-02-15T15:00Z,ES,14104,0,6041
2024-02-15T16:00Z,ES,13205,0,2909
2024-02-15T17:00Z,ES,11563,0,0
2024-02-15T18:00Z,ES,14902,0,0
2024-02-15T19:00Z,ES,12361,0,0
2024-02-15T20:00Z,ES,11741,0,0
2024-02-15T21:00Z,ES,15549,0,0
2024-02-15T22:00Z,ES,14226,0,0
2024-02-15T23:00Z,ES,18816,0,0
2024-02-16T00:00Z,ES,20045,0,0
2024-02-16T01:00Z,ES,17143,0,0
2024-02-16T02:00Z,ES,15536,0,0
2024-02-16T03:00Z,ES,14138,0,0
2024-02-16T04:00Z,ES,14260,0,0
2024-02-16T05:00Z,ES,15431,0,0
2024-02-16T06:00Z,ES,12919,0,0
2024-02-16T07:00Z,ES,15131,0,1358
2024-02-16T08:00Z,ES,12881,0,4721
2024-02-16T09:00Z,ES,11363,0,8045
2024-02-16T10:00Z,ES,10991,0,10401
2024-02-16T11:00Z,ES,10934,0,11173
2024-02-16T12:00Z,ES,11995,0,11397
2024-02-16T13:00Z,ES,12699,0,9835
2024-02-16T14:00Z,ES,13991,0,8015
2024-02-16T15:00Z,ES,11946,0,5567
2024-02-16T16:00Z,ES,16148,0,2655
2024-02-16T17:00Z,ES,16694,0,5
2024-02-16T18:00Z,ES,16198,0,0
2024-02-16T19:00Z,ES,13542,0,0
2024-02-16T20:00Z,ES,11029,0,0
2024-02-16T21:00Z,ES,12640,0,0
2024-02-16T22:00Z,ES,10890,0,0
2024-02-16T23:00Z,ES,13856,0,0
2024-02-17T00:00Z,ES,13908,0,0
2024-02-17T01:00Z,ES,9829,0,0
2024-02-17T02:00Z,ES,10638,0,0
2024-02-17T03:00Z,ES,6820,0,0
2024-02-17T04:00Z,ES,4036,0,0
2024-02-17T05:00Z,ES,5653,0,0
2024-02-17T06:00Z,ES,8272,0,0
2024-02-17T07:00Z,ES,7243,0,1349
2024-02-17T08:00Z,ES,8145,0,4281
2024-02-17T09:00Z,ES,5388,0,6752
2024-02-17T10:00Z,ES,3480,0,9391
2024-02-17T11:00Z,ES,2718,0,11022
2024-02-17T12:00Z,ES,2839,0,11172
2024-02-17T13:00Z,ES,2151,0,10369
2024-02-17T14:00Z,ES,1620,0,8553
2024-02-17T15:00Z,ES,2463,0,5938
2024-02-17T16:00Z,ES,3122,0,2719
2024-02-17T17:00Z,ES,1488,0,32
2024-02-17T18:00Z,ES,1147,0,0
2024-02-17T19:00Z,ES,1442,0,0
2024-02-17T20:00Z,ES,1087,0,0
2024-02-17T21:00Z,ES,1259,0,0
2024-02-17T22:00Z,ES,1186,0,0
2024-02-17T23:00Z,ES,1058,0,0
2024-02-18T00:00Z,ES,915,0,0
2024-02-18T01:00Z,ES,1567,0,0
2024-02-18T02:00Z,ES,1988,0,0
2024-02-18T03:00Z,ES,1187,0,0
2024-02-18T04:00Z,ES,1068,0,0
2024-02-18T05:00Z,ES,918,0,0
2024-02-18T06:00Z,ES,1246,0,0
2024-02-18T07:00Z,ES,1073,0,1015
2024-02-18T08:00Z,ES,1112,0,3474
2024-02-18T09:00Z,ES,985,0,5813
2024-02-18T10:00Z,ES,1019,0,7542
2024-02-18T11:00Z,ES,839,0,8766
2024-02-18T12:00Z,ES,649,0,9367
2024-02-18T13:00Z,ES,487,0,8861
2024-02-18T14:00Z,ES,611,0,6934
2024-02-18T15:00Z,ES,615,0,5007
2024-02-18T16:00Z,ES,764,0,2467
2024-02-18T17:00Z,ES,836,0,60
2024-02-18T18:00Z,ES,1752,0,0
2024-02-18T19:00Z,ES,1829,0,0
2024-02-18T20:00Z,ES,2214,0,0
2024-02-18T21:00Z,ES,2591,0,0
2024-02-18T22:00Z,ES,3798,0,0
2024-02-18T23:00Z,ES,4910,0,0
2024-02-19T00:00Z,ES,4365,0,0
2024-02-19T01:00Z,ES,4774,0,0
2024-02-19T02:00Z,ES,7242,0,0
2024-02-19T03:00Z,ES,8825,0,0
2024-02-19T04:00Z,ES,6813,0,0
2024-02-19T05:00Z,ES,3935,0,0
2024-02-19T06:00Z,ES,2987,0,0
2024-02-19T07:00Z,ES,4092,0,1149
2024-02-19T08:00Z,ES,6247,0,3711
2024-02-19T09:00Z,ES,7780,0,6263
2024-02-19T10:00Z,ES,10896,0,7893
2024-02-19T11:00Z,ES,8011,0,9157
2024-02-19T12:00Z,ES,9700,0,9525
2024-02-19T13:00Z,ES,9382,0,9419
2024-02-19T14:00Z,ES,8251,0,7405
2024-02-19T15:00Z,ES,5534,0,5097
2024-02-19T16:00Z,ES,4538,0,2478
2024-02-19T17:00Z,ES,3489,0,97
2024-02-19T18:00Z,ES,3543,0,0
2024-02-19T19:00Z,ES,3946,0,0
2024-02-19T20:00Z,ES,5534,0,0
2024-02-19T21:00Z,ES,3868,0,0
2024-02-19T22:00Z,ES,3719,0,0
2024-02-19T23:00Z,ES,3902,0,0
2024-02-20T00:00Z,ES,3906,0,0
2024-02-20T01:00Z,ES,3653,0,0
2024-02-20T02:00Z,ES,2743,0,0
2024-02-20T03:00Z,ES,4159,0,0
2024-02-20T04:00Z,ES,3385,0,0
2024-02-20T05:00Z,ES,2803,0,0
2024-02-20T06:00Z,ES,2063,0,0
2024-02-20T07:00Z,ES,2091,0,1272
2024-02-20T08:00Z,ES,2206,0,3979
2024-02-20T09:00Z,ES,3967,0,6723
2024-02-20T10:00Z,ES,3135,0,8291
2024-02-20T11:00Z,ES,3465,0,10021
2024-02-20T12:00Z,ES,5881,0,11032
2024-02-20T13:00Z,ES,4554,0,10631
2024-02-20T14:00Z,ES,5944,0,8823
2024-02-20T15:00Z,ES,5028,0,5684
2024-02-20T16:00Z,ES,2644,0,2734
2024-02-20T17:00Z,ES,2227,0,137
2024-02-20T18:00Z,ES,2312,0,0
2024-02-20T19:00Z,ES,1464,0,0
2024-02-20T20:00Z,ES,1364,0,0
2024-02-20T21:00Z,ES,1851,0,0
2024-02-20T22:00Z,ES,1931,0,0
2024-02-20T23:00Z,ES,2208,0,0
2024-02-21T00:00Z,ES,1554,0,0
2024-02-21T01:00Z,ES,1195,0,0
2024-02-21T02:00Z,ES,895,0,0
2024-02-21T03:00Z,ES,1639,0,0
2024-02-21T04:00Z,ES,2612,0,0
2024-02-21T05:00Z,ES,1814,0,0
2024-02-21T06:00Z,ES,2075,0,0
2024-02-21T07:00Z,ES,2271,0,1054
2024-02-21T08:00Z,ES,2487,0,3111
2024-02-21T09:00Z,ES,2348,0,5466
2024-02-21T10:00Z,ES,3482,0,7451
2024-02-21T11:00Z,ES,4475,0,8259
2024-02-21T12:00Z,ES,3448,0,8246
2024-02-21T13:00Z,ES,2736,0,7726
2024-02-21T14:00Z,ES,3633,0,6425
2024-02-21T15:00Z,ES,2889,0,4360
2024-02-21T16:00Z,ES,4082,0,2026
2024-02-21T17:00Z,ES,4612,0,143
2024-02-21T18:00Z,ES,3741,0,0
2024-02-21T19:00Z,ES,5351,0,0
2024-02-21T20:00Z,ES,5157,0,0
2024-02-21T21:00Z,ES,5766,0,0
2024-02-21T22:00Z,ES,4973,0,0
2024-02-21T23:00Z,ES,5619,0,0
2024-02-22T00:00Z,ES,4852,0,0
2024-02-22T01:00Z,ES,5475,0,0
2024-02-22T02:00Z,ES,5846,0,0
2024-02-22T03:00Z,ES,7837,0,0
2024-02-22T04:00Z,ES,8627,0,0
2024-02-22T05:00Z,ES,12437,0,0
2024-02-22T06:00Z,ES,14132,0,0
2024-02-22T07:00Z,ES,12702,0,1618
2024-02-22T08:00Z,ES,17012,0,4618
2024-02-22T09:00Z,ES,16075,0,7426
2024-02-22T10:00Z,ES,16029,0,9383
2024-02-22T11:00Z,ES,14707,0,10696
2024-02-22T12:00Z,ES,14278,0,10840
2024-02-22T13:00Z,ES,12785,0,9962
2024-02-22T14:00Z,ES,13492,0,7580
2024-02-22T15:00Z,ES,11695,0,4909
2024-02-22T16:00Z,ES,9042,0,2487
2024-02-22T17:00Z,ES,9983,0,185
2024-02-22T18:00Z,ES,8286,0,0
2024-02-22T19:00Z,ES,5196,0,0
2024-02-22T20:00Z,ES,5496,0,0
2024-02-22T21:00Z,ES,6803,0,0
2024-02-22T22:00Z,ES,7305,0,0
2024-02-22T23:00Z,ES,8381,0,0
2024-02-23T00:00Z,ES,10318,0,0
2024-02-23T01:00Z,ES,13761,0,0
2024-02-23T02:00Z,ES,15557,0,0
2024-02-23T03:00Z,ES,18354,0,0
2024-02-23T04:00Z,ES,14622,0,0
2024-02-23T05:00Z,ES,13437,0,0
2024-02-23T06:00Z,ES,11215,0,0
2024-02-23T07:00Z,ES,11681,0,1269
2024-02-23T08:00Z,ES,12162,0,3767
2024-02-23T09:00Z,ES,7295,0,5935
2024-02-23T10:00Z,ES,7298,0,7657
2024-02-23T11:00Z,ES,9339,0,8613
2024-02-23T12:00Z,ES,7747,0,8947
2024-02-23T13:00Z,ES,8682,0,8429
2024-02-23T14:00Z,ES,6175,0,7623
2024-02-23T15:00Z,ES,5794,0,4828
2024-02-23T16:00Z,ES,7060,0,2400
2024-02-23T17:00Z,ES,10876,0,222
2024-02-23T18:00Z,ES,12048,0,0
2024-02-23T19:00Z,ES,10963,0,0
2024-02-23T20:00Z,ES,9852,0,0
2024-02-23T21:00Z,ES,10041,0,0
2024-02-23T22:00Z,ES,12890,0,0
2024-02-23T23:00Z,ES,6945,0,0
2024-02-24T00:00Z,ES,9104,0,0
2024-02-24T01:00Z,ES,6750,0,0
2024-02-24T02:00Z,ES,5817,0,0
2024-02-24T03:00Z,ES,5905,0,0
2024-02-24T04:00Z,ES,7210,0,0
2024-02-24T05:00Z,ES,6420,0,0
2024-02-24T06:00Z,ES,8830,0,0
2024-02-24T07:00Z,ES,9186,0,1732
2024-02-24T08:00Z,ES,8423,0,4938
2024-02-24T09:00Z,ES,10715,0,7571
2024-02-24T10:00Z,ES,9536,0,10031
2024-02-24T11:00Z,ES,8203,0,11222
2024-02-24T12:00Z,ES,10584,0,11557
2024-02-24T13:00Z,ES,11114,0,10668
2024-02-24T14:00Z,ES,13546,0,8663
2024-02-24T15:00Z,ES,14932,0,6071
2024-02-24T16:00Z,ES,19884,0,3006
2024-02-24T17:00Z,ES,18565,0,318
2024-02-24T18:00Z,ES,17598,0,0
2024-02-24T19:00Z,ES,19723,0,0
2024-02-24T20:00Z,ES,14709,0,0
2024-02-24T21:00Z,ES,14497,0,0
2024-02-24T22:00Z,ES,13624,0,0
2024-02-24T23:00Z,ES,13480,0,0
2024-02-25T00:00Z,ES,13169,0,0
2024-02-25T01:00Z,ES,11922,0,0
2024-02-25T02:00Z,ES,10168,0,0
2024-02-25T03:00Z,ES,8339,0,0
2024-02-25T04:00Z,ES,8076,0,0
2024-02-25T05:00Z,ES,6675,0,0
2024-02-25T06:00Z,ES,6162,0,0
2024-02-25T07:00Z,ES,5623,0,1884
2024-02-25T08:00Z,ES,5596,0,5384
2024-02-25T09:00Z,ES,7314,0,8049
2024-02-25T10:00Z,ES,8360,0,10553
2024-02-25T11:00Z,ES,9320,0,11873
2024-02-25T12:00Z,ES,6313,0,12118
2024-02-25T13:00Z,ES,6460,0,11464
2024-02-25T14:00Z,ES,7660,0,9367
2024-02-25T15:00Z,ES,4849,0,6564
2024-02-25T16:00Z,ES,5939,0,3446
2024-02-25T17:00Z,ES,5698,0,412
2024-02-25T18:00Z,ES,3359,0,0
2024-02-25T19:00Z,ES,1391,0,0
2024-02-25T20:00Z,ES,1419,0,0
2024-02-25T21:00Z,ES,1785,0,0
2024-02-25T22:00Z,ES,1950,0,0
2024-02-25T23:00Z,ES,1850,0,0
2024-02-26T00:00Z,ES,1327,0,0
2024-02-26T01:00Z,ES,1676,0,0
2024-02-26T02:00Z,ES,2620,0,0
2024-02-26T03:00Z,ES,3205,0,0
2024-02-26T04:00Z,ES,3416,0,0
2024-02-26T05:00Z,ES,3729,0,0
2024-02-26T06:00Z,ES,2508,0,0
2024-02-26T07:00Z,ES,2294,0,1720
2024-02-26T08:00Z,ES,1547,0,4533
2024-02-26T09:00Z,ES,2218,0,6963
2024-02-26T10:00Z,ES,1241,0,9068
2024-02-26T11:00Z,ES,1310,0,10365
2024-02-26T12:00Z,ES,1966,0,11016
2024-02-26T13:00Z,ES,1516,0,10294
2024-02-26T14:00Z,ES,2716,0,8818
2024-02-26T15:00Z,ES,3004,0,6142
2024-02-26T16:00Z,ES,3514,0,3252
2024-02-26T17:00Z,ES,4851,0,404
2024-02-26T18:00Z,ES,5008,0,0
2024-02-26T19:00Z,ES,4708,0,0
2024-02-26T20:00Z,ES,5330,0,0
2024-02-26T21:00Z,ES,7751,0,0
2024-02-26T22:00Z,ES,6730,0,0
2024-02-26T23:00Z,ES,7055,0,0
2024-02-27T00:00Z,ES,5230,0,0
2024-02-27T01:00Z,ES,6934,0,0
2024-02-27T02:00Z,ES,8516,0,0
2024-02-27T03:00Z,ES,8624,0,0
2024-02-27T04:00Z,ES,11455,0,0
2024-02-27T05:00Z,ES,10731,0,0
2024-02-27T06:00Z,ES,10612,0,0
2024-02-27T07:00Z,ES,11464,0,1635
2024-02-27T08:00Z,ES,8854,0,4289
2024-02-27T09:00Z,ES,7314,0,6900
2024-02-27T10:00Z,ES,10059,0,8894
2024-02-27T11:00Z,ES,9524,0,11111
2024-02-27T12:00Z,ES,6603,0,12318
2024-02-27T13:00Z,ES,7546,0,11485
2024-02-27T14:00Z,ES,13293,0,9567
2024-02-27T15:00Z,ES,10999,0,6901
2024-02-27T16:00Z,ES,9434,0,3722
2024-02-27T17:00Z,ES,11000,0,519
2024-02-27T18:00Z,ES,11539,0,0
2024-02-27T19:00Z,ES,11018,0,0
2024-02-27T20:00Z,ES,7052,0,0
2024-02-27T21:00Z,ES,6361,0,0
2024-02-27T22:00Z,ES,5962,0,0
2024-02-27T23:00Z,ES,2574,0,0
2024-02-28T00:00Z,ES,3434,0,0
2024-02-28T01:00Z,ES,6141,0,0
2024-02-28T02:00Z,ES,5490,0,0
2024-02-28T03:00Z,ES,8642,0,0
2024-02-28T04:00Z,ES,6892,0,0
2024-02-28T05:00Z,ES,5698,0,0
2024-02-28T06:00Z,ES,8163,0,0
2024-02-28T07:00Z,ES,9223,0,2383
2024-02-28T08:00Z,ES,7383,0,5963
2024-02-28T09:00Z,ES,9464,0,9271
2024-02-28T10:00Z,ES,7110,0,11807
2024-02-28T11:00Z,ES,8720,0,13342
2024-02-28T12:00Z,ES,13105,0,13780
2024-02-28T13:00Z,ES,10795,0,12027
2024-02-28T14:00Z,ES,7379,0,10230
2024-02-28T15:00Z,ES,5476,0,7565
2024-02-28T16:00Z,ES,6182,0,4158
2024-02-28T17:00Z,ES,8614,0,663
2024-02-28T18:00Z,ES,9692,0,0
2024-02-28T19:00Z,ES,8551,0,0
2024-02-28T20:00Z,ES,7245,0,0
2024-02-28T21:00Z,ES,3998,0,0
2024-02-28T22:00Z,ES,2590,0,0
2024-02-28T23:00Z,ES,2977,0,0
2024-02-29T00:00Z,ES,2002,0,0
2024-02-29T01:00Z,ES,2005,0,0
2024-02-29T02:00Z,ES,3682,0,0
2024-02-29T03:00Z,ES,3658,0,0
2024-02-29T04:00Z,ES,3173,0,0
2024-02-29T05:00Z,ES,3400,0,0
2024-02-29T06:00Z,ES,3799,0,0
2024-02-29T07:00Z,ES,3870,0,2270
2024-02-29T08:00Z,ES,8811,0,6031
2024-02-29T09:00Z,ES,12914,0,9176
2024-02-29T10:00Z,ES,15189,0,11466
2024-02-29T11:00Z,ES,14262,0,12555
2024-02-29T12:00Z,ES,14275,0,12661
2024-02-29T13:00Z,ES,12488,0,11224
2024-02-29T14:00Z,ES,7985,0,9663
2024-02-29T15:00Z,ES,6523,0,7013
2024-02-29T16:00Z,ES,9866,0,3561
2024-02-29T17:00Z,ES,9098,0,624
2024-02-29T18:00Z,ES,8612,0,0
2024-02-29T19:00Z,ES,9937,0,0
2024-02-29T20:00Z,ES,8116,0,0
2024-02-29T21:00Z,ES,12544,0,0
2024-02-29T22:00Z,ES,10138,0,0
2024-02-29T23:00Z,ES,8466,0,0
2024-03-01T00:00Z,ES,10208,0,0
2024-03-01T01:00Z,ES,10419,0,0
2024-03-01T02:00Z,ES,10537,0,0
2024-03-01T03:00Z,ES,10910,0,0
2024-03-01T04:00Z,ES,10928,0,0
2024-03-01T05:00Z,ES,13334,0,0
2024-03-01T06:00Z,ES,11787,0,0
2024-03-01T07:00Z,ES,15955,0,1989
2024-03-01T08:00Z,ES,17165,0,4922
2024-03-01T09:00Z,ES,18993,0,7579
2024-03-01T10:00Z,ES,18765,0,9823
2024-03-01T11:00Z,ES,19024,0,11793
2024-03-01T12:00Z,ES,21557,0,11615
2024-03-01T13:00Z,ES,21797,0,10414
2024-03-01T14:00Z,ES,21004,0,8635
2024-03-01T15:00Z,ES,20578,0,5878
2024-03-01T16:00Z,ES,20392,0,3258
2024-03-01T17:00Z,ES,20340,0,555
2024-03-01T18:00Z,ES,17957,0,0
2024-03-01T19:00Z,ES,16570,0,0
2024-03-01T20:00Z,ES,15067,0,0
2024-03-01T21:00Z,ES,15424,0,0
2024-03-01T22:00Z,ES,16238,0,0
2024-03-01T23:00Z,ES,15696,0,0
2024-03-02T00:00Z,ES,12678,0,0
2024-03-02T01:00Z,ES,11983,0,0
2024-03-02T02:00Z,ES,12260,0,0
2024-03-02T03:00Z,ES,13228,0,0
2024-03-02T04:00Z,ES,12033,0,0
2024-03-02T05:00Z,ES,10061,0,0
2024-03-02T06:00Z,ES,8160,0,0
2024-03-02T07:00Z,ES,9591,0,2193
2024-03-02T08:00Z,ES,11144,0,5689
2024-03-02T09:00Z,ES,14204,0,9292
2024-03-02T10:00Z,ES,14750,0,12170
2024-03-02T11:00Z,ES,13359,0,13673
2024-03-02T12:00Z,ES,14143,0,14017
2024-03-02T13:00Z,ES,14289,0,12283
2024-03-02T14:00Z,ES,13339,0,11027
2024-03-02T15:00Z,ES,17017,0,8018
2024-03-02T16:00Z,ES,15424,0,4495
2024-03-02T17:00Z,ES,13450,0,859
2024-03-02T18:00Z,ES,13665,0,0
2024-03-02T19:00Z,ES,13092,0,0
2024-03-02T20:00Z,ES,15174,0,0
2024-03-02T21:00Z,ES,13500,0,0
2024-03-02T22:00Z,ES,16381,0,0
2024-03-02T23:00Z,ES,15920,0,0
2024-03-03T00:00Z,ES,14117,0,0
2024-03-03T01:00Z,ES,16387,0,0
2024-03-03T02:00Z,ES,10279,0,0
2024-03-03T03:00Z,ES,7368,0,0
2024-03-03T04:00Z,ES,6838,0,0
2024-03-03T05:00Z,ES,8143,0,0
2024-03-03T06:00Z,ES,5417,0,0
2024-03-03T07:00Z,ES,6808,0,2344
2024-03-03T08:00Z,ES,9771,0,5802
2024-03-03T09:00Z,ES,7387,0,9100
2024-03-03T10:00Z,ES,10204,0,11887
2024-03-03T11:00Z,ES,5898,0,12729
2024-03-03T12:00Z,ES,8093,0,12957
2024-03-03T13:00Z,ES,8449,0,12108
2024-03-03T14:00Z,ES,8200,0,9863
2024-03-03T15:00Z,ES,7299,0,6931
2024-03-03T16:00Z,ES,10571,0,4067
2024-03-03T17:00Z,ES,10793,0,843
2024-03-03T18:00Z,ES,8181,0,0
2024-03-03T19:00Z,ES,9371,0,0
2024-03-03T20:00Z,ES,6227,0,0
2024-03-03T21:00Z,ES,2467,0,0
2024-03-03T22:00Z,ES,3761,0,0
2024-03-03T23:00Z,ES,3757,0,0
2024-03-04T00:00Z,ES,4671,0,0
2024-03-04T01:00Z,ES,6076,0,0
2024-03-04T02:00Z,ES,5184,0,0
2024-03-04T03:00Z,ES,6502,0,0
2024-03-04T04:00Z,ES,6945,0,0
2024-03-04T05:00Z,ES,6762,0,0
2024-03-04T06:00Z,ES,10262,0,0
2024-03-04T07:00Z,ES,12635,0,1901
2024-03-04T08:00Z,ES,15007,0,4442
2024-03-04T09:00Z,ES,16269,0,6799
2024-03-04T10:00Z,ES,15969,0,8301
2024-03-04T11:00Z,ES,15081,0,9102
2024-03-04T12:00Z,ES,18142,0,9550
2024-03-04T13:00Z,ES,14957,0,8941
2024-03-04T14:00Z,ES,16023,0,7430
2024-03-04T15:00Z,ES,12281,0,5246
2024-03-04T16:00Z,ES,6519,0,2862
2024-03-04T17:00Z,ES,5325,0,561
2024-03-04T18:00Z,ES,6028,0,0
2024-03-04T19:00Z,ES,5258,0,0
2024-03-04T20:00Z,ES,5052,0,0
2024-03-04T21:00Z,ES,2629,0,0
2024-03-04T22:00Z,ES,2328,0,0
2024-03-04T23:00Z,ES,2445,0,0
2024-03-05T00:00Z,ES,1605,0,0
2024-03-05T01:00Z,ES,1009,0,0
2024-03-05T02:00Z,ES,1204,0,0
2024-03-05T03:00Z,ES,1545,0,0
2024-03-05T04:00Z,ES,1302,0,0
2024-03-05T05:00Z,ES,1068,0,0
2024-03-05T06:00Z,ES,646,0,0
2024-03-05T07:00Z,ES,982,0,2506
2024-03-05T08:00Z,ES,1057,0,5841
2024-03-05T09:00Z,ES,912,0,9410
2024-03-05T10:00Z,ES,915,0,11192
2024-03-05T11:00Z,ES,1577,0,13100
2024-03-05T12:00Z,ES,2310,0,13414
2024-03-05T13:00Z,ES,3526,0,13474
2024-03-05T14:00Z,ES,1770,0,10221
2024-03-05T15:00Z,ES,2533,0,7356
2024-03-05T16:00Z,ES,1605,0,4098
2024-03-05T17:00Z,ES,1917,0,949
2024-03-05T18:00Z,ES,8984,0,0
2024-03-05T19:00Z,ES,7692,0,0
2024-03-05T20:00Z,ES,11320,0,0
2024-03-05T21:00Z,ES,13570,0,0
2024-03-05T22:00Z,ES,9907,0,0
2024-03-05T23:00Z,ES,7424,0,0
2024-03-06T00:00Z,ES,7554,0,0
2024-03-06T01:00Z,ES,7373,0,0
2024-03-06T02:00Z,ES,7743,0,0
2024-03-06T03:00Z,ES,5142,0,0
2024-03-06T04:00Z,ES,4220,0,0
2024-03-06T05:00Z,ES,2080,0,0
2024-03-06T06:00Z,ES,1175,0,0
2024-03-06T07:00Z,ES,2325,0,2241
2024-03-06T08:00Z,ES,3811,0,5237
2024-03-06T09:00Z,ES,4650,0,8065
2024-03-06T10:00Z,ES,7187,0,10711
2024-03-06T11:00Z,ES,7388,0,11820
2024-03-06T12:00Z,ES,7882,0,13450
2024-03-06T13:00Z,ES,8360,0,12006
2024-03-06T14:00Z,ES,6423,0,10172
2024-03-06T15:00Z,ES,9362,0,7517
2024-03-06T16:00Z,ES,9110,0,4341
2024-03-06T17:00Z,ES,10072,0,1095
2024-03-06T18:00Z,ES,11348,0,0
2024-03-06T19:00Z,ES,8749,0,0
2024-03-06T20:00Z,ES,7350,0,0
2024-03-06T21:00Z,ES,5957,0,0
2024-03-06T22:00Z,ES,5190,0,0
2024-03-06T23:00Z,ES,5400,0,0
2024-03-07T00:00Z,ES,5516,0,0
2024-03-07T01:00Z,ES,5504,0,0
2024-03-07T02:00Z,ES,6701,0,0
2024-03-07T03:00Z,ES,6267,0,0
2024-03-07T04:00Z,ES,5186,0,0
2024-03-07T05:00Z,ES,5924,0,0
2024-03-07T06:00Z,ES,9895,0,0
2024-03-07T07:00Z,ES,14255,0,2741
2024-03-07T08:00Z,ES,17648,0,6373
2024-03-07T09:00Z,ES,15868,0,9535
2024-03-07T10:00Z,ES,19345,0,11459
2024-03-07T11:00Z,ES,21399,0,13287
2024-03-07T12:00Z,ES,17696,0,13845
2024-03-07T13:00Z,ES,20072,0,13009
2024-03-07T14:00Z,ES,18300,0,11430
2024-03-07T15:00Z,ES,16607,0,8027
2024-03-07T16:00Z,ES,20330,0,4569
2024-03-07T17:00Z,ES,19418,0,1077
2024-03-07T18:00Z,ES,10975,0,0
2024-03-07T19:00Z,ES,9329,0,0
2024-03-07T20:00Z,ES,7031,0,0
2024-03-07T21:00Z,ES,6349,0,0
2024-03-07T22:00Z,ES,10470,0,0
2024-03-07T23:00Z,ES,6759,0,0
2024-03-08T00:00Z,ES,5530,0,0
2024-03-08T01:00Z,ES,4618,0,0
2024-03-08T02:00Z,ES,5099,0,0
2024-03-08T03:00Z,ES,5797,0,0
2024-03-08T04:00Z,ES,5027,0,0
2024-03-08T05:00Z,ES,3117,0,0
2024-03-08T06:00Z,ES,2549,0,0
2024-03-08T07:00Z,ES,2134,0,2329
2024-03-08T08:00Z,ES,5273,0,4714
2024-03-08T09:00Z,ES,4490,0,7740
2024-03-08T10:00Z,ES,5313,0,9186
2024-03-08T11:00Z,ES,4772,0,10020
2024-03-08T12:00Z,ES,4420,0,10270
2024-03-08T13:00Z,ES,3522,0,9098
2024-03-08T14:00Z,ES,2431,0,8314
2024-03-08T15:00Z,ES,2192,0,6014
2024-03-08T16:00Z,ES,2112,0,3436
2024-03-08T17:00Z,ES,1779,0,845
2024-03-08T18:00Z,ES,2013,0,0
2024-03-08T19:00Z,ES,2000,0,0
2024-03-08T20:00Z,ES,2362,0,0
2024-03-08T21:00Z,ES,2503,0,0
2024-03-08T22:00Z,ES,1879,0,0
2024-03-08T23:00Z,ES,2745,0,0
2024-03-09T00:00Z,ES,2255,0,0
2024-03-09T01:00Z,ES,2340,0,0
2024-03-09T02:00Z,ES,1420,0,0
2024-03-09T03:00Z,ES,2133,0,0
2024-03-09T04:00Z,ES,1354,0,0
2024-03-09T05:00Z,ES,1666,0,0
2024-03-09T06:00Z,ES,2587,0,0
2024-03-09T07:00Z,ES,2102,0,2605
2024-03-09T08:00Z,ES,2413,0,5851
2024-03-09T09:00Z,ES,1768,0,8910
2024-03-09T10:00Z,ES,2661,0,10626
2024-03-09T11:00Z,ES,1611,0,12709
2024-03-09T12:00Z,ES,2390,0,13402
2024-03-09T13:00Z,ES,1661,0,12438
2024-03-09T14:00Z,ES,2102,0,10639
2024-03-09T15:00Z,ES,2680,0,7622
2024-03-09T16:00Z,ES,2111,0,4240
2024-03-09T17:00Z,ES,1601,0,1142
2024-03-09T18:00Z,ES,1035,0,0
2024-03-09T19:00Z,ES,681,0,0
2024-03-09T20:00Z,ES,848,0,0
2024-03-09T21:00Z,ES,922,0,0
2024-03-09T22:00Z,ES,1767,0,0
2024-03-09T23:00Z,ES,2054,0,0
2024-03-10T00:00Z,ES,2060,0,0
2024-03-10T01:00Z,ES,3074,0,0
2024-03-10T02:00Z,ES,2362,0,0
2024-03-10T03:00Z,ES,4269,0,0
2024-03-10T04:00Z,ES,4066,0,0
2024-03-10T05:00Z,ES,4062,0,0
2024-03-10T06:00Z,ES,5383,0,6
2024-03-10T07:00Z,ES,6009,0,2643
2024-03-10T08:00Z,ES,4094,0,5820
2024-03-10T09:00Z,ES,6459,0,9080
2024-03-10T10:00Z,ES,5252,0,11678
2024-03-10T11:00Z,ES,3009,0,13890
2024-03-10T12:00Z,ES,3198,0,14139
2024-03-10T13:00Z,ES,1960,0,13283
2024-03-10T14:00Z,ES,1568,0,11777
2024-03-10T15:00Z,ES,1399,0,8808
2024-03-10T16:00Z,ES,1506,0,5006
2024-03-10T17:00Z,ES,2543,0,1355
2024-03-10T18:00Z,ES,3369,0,0
2024-03-10T19:00Z,ES,3725,0,0
2024-03-10T20:00Z,ES,4123,0,0
2024-03-10T21:00Z,ES,4078,0,0
2024-03-10T22:00Z,ES,2971,0,0
2024-03-10T23:00Z,ES,2138,0,0
2024-03-11T00:00Z,ES,2405,0,0
2024-03-11T01:00Z,ES,2631,0,0
2024-03-11T02:00Z,ES,2851,0,0
2024-03-11T03:00Z,ES,3040,0,0
2024-03-11T04:00Z,ES,4245,0,0
2024-03-11T05:00Z,ES,5370,0,0
2024-03-11T06:00Z,ES,3200,0,41
2024-03-11T07:00Z,ES,4120,0,3063
2024-03-11T08:00Z,ES,2929,0,6942
2024-03-11T09:00Z,ES,4475,0,10023
2024-03-11T10:00Z,ES,2863,0,12455
2024-03-11T11:00Z,ES,4009,0,13245
2024-03-11T12:00Z,ES,6029,0,14808
2024-03-11T13:00Z,ES,5407,0,13815
2024-03-11T14:00Z,ES,6687,0,12202
2024-03-11T15:00Z,ES,6046,0,8812
2024-03-11T16:00Z,ES,6316,0,5145
2024-03-11T17:00Z,ES,8288,0,1482
2024-03-11T18:00Z,ES,4573,0,0
2024-03-11T19:00Z,ES,4092,0,0
2024-03-11T20:00Z,ES,3478,0,0
2024-03-11T21:00Z,ES,4334,0,0
2024-03-11T22:00Z,ES,3671,0,0
2024-03-11T23:00Z,ES,5824,0,0
2024-03-12T00:00Z,ES,6241,0,0
2024-03-12T01:00Z,ES,6871,0,0
2024-03-12T02:00Z,ES,4726,0,0
2024-03-12T03:00Z,ES,5969,0,0
2024-03-12T04:00Z,ES,7589,0,0
2024-03-12T05:00Z,ES,6912,0,0
2024-03-12T06:00Z,ES,6813,0,68
2024-03-12T07:00Z,ES,6842,0,2678
2024-03-12T08:00Z,ES,4394,0,5373
2024-03-12T09:00Z,ES,3785,0,8383
2024-03-12T10:00Z,ES,4615,0,10593
2024-03-12T11:00Z,ES,4630,0,11183
2024-03-12T12:00Z,ES,9812,0,11732
2024-03-12T13:00Z,ES,11523,0,11746
2024-03-12T14:00Z,ES,14824,0,9603
2024-03-12T15:00Z,ES,16243,0,7585
2024-03-12T16:00Z,ES,17241,0,4504
2024-03-12T17:00Z,ES,16901,0,1258
2024-03-12T18:00Z,ES,18629,0,0
2024-03-12T19:00Z,ES,14754,0,0
2024-03-12T20:00Z,ES,14602,0,0
2024-03-12T21:00Z,ES,11946,0,0
2024-03-12T22:00Z,ES,9007,0,0
2024-03-12T23:00Z,ES,10517,0,0
2024-03-13T00:00Z,ES,11298,0,0
2024-03-13T01:00Z,ES,6747,0,0
2024-03-13T02:00Z,ES,5266,0,0
2024-03-13T03:00Z,ES,6134,0,0
2024-03-13T04:00Z,ES,7982,0,0
2024-03-13T05:00Z,ES,8739,0,0
2024-03-13T06:00Z,ES,4291,0,92
2024-03-13T07:00Z,ES,2551,0,2222
2024-03-13T08:00Z,ES,1433,0,4800
2024-03-13T09:00Z,ES,1775,0,7839
2024-03-13T10:00Z,ES,1418,0,9105
2024-03-13T11:00Z,ES,980,0,10308
2024-03-13T12:00Z,ES,1708,0,9346
2024-03-13T13:00Z,ES,2680,0,9318
2024-03-13T14:00Z,ES,1451,0,8679
2024-03-13T15:00Z,ES,1051,0,6684
2024-03-13T16:00Z,ES,1105,0,4293
2024-03-13T17:00Z,ES,2131,0,1266
2024-03-13T18:00Z,ES,3348,0,0
2024-03-13T19:00Z,ES,4394,0,0
2024-03-13T20:00Z,ES,5290,0,0
2024-03-13T21:00Z,ES,4378,0,0
2024-03-13T22:00Z,ES,2585,0,0
2024-03-13T23:00Z,ES,1644,0,0
2024-03-14T00:00Z,ES,2354,0,0
2024-03-14T01:00Z,ES,2638,0,0
2024-03-14T02:00Z,ES,2903,0,0
2024-03-14T03:00Z,ES,2523,0,0
2024-03-14T04:00Z,ES,2771,0,0
2024-03-14T05:00Z,ES,4447,0,0
2024-03-14T06:00Z,ES,5070,0,137
2024-03-14T07:00Z,ES,6323,0,2445
2024-03-14T08:00Z,ES,5975,0,5262
2024-03-14T09:00Z,ES,5217,0,8153
2024-03-14T10:00Z,ES,6395,0,9865
2024-03-14T11:00Z,ES,3870,0,10468
2024-03-14T12:00Z,ES,2745,0,10470
2024-03-14T13:00Z,ES,5107,0,10450
2024-03-14T14:00Z,ES,4716,0,8741
2024-03-14T15:00Z,ES,5391,0,6873
2024-03-14T16:00Z,ES,6731,0,4202
2024-03-14T17:00Z,ES,7402,0,1351
2024-03-14T18:00Z,ES,7577,0,0
2024-03-14T19:00Z,ES,6734,0,0
2024-03-14T20:00Z,ES,5856,0,0
2024-03-14T21:00Z,ES,5023,0,0
2024-03-14T22:00Z,ES,6019,0,0
2024-03-14T23:00Z,ES,7882,0,0
2024-03-15T00:00Z,ES,5428,0,0
2024-03-15T01:00Z,ES,6477,0,0
2024-03-15T02:00Z,ES,6963,0,0
2024-03-15T03:00Z,ES,4961,0,0
2024-03-15T04:00Z,ES,4892,0,0
2024-03-15T05:00Z,ES,2927,0,0
2024-03-15T06:00Z,ES,3961,0,220
2024-03-15T07:00Z,ES,3101,0,3162
2024-03-15T08:00Z,ES,3226,0,6567
2024-03-15T09:00Z,ES,4969,0,9737
2024-03-15T10:00Z,ES,5310,0,11621
2024-03-15T11:00Z,ES,7135,0,12990
2024-03-15T12:00Z,ES,7929,0,13758
2024-03-15T13:00Z,ES,9011,0,12703
2024-03-15T14:00Z,ES,11827,0,10765
2024-03-15T15:00Z,ES,8750,0,8274
2024-03-15T16:00Z,ES,9624,0,4783
2024-03-15T17:00Z,ES,9914,0,1495
2024-03-15T18:00Z,ES,7759,0,0
2024-03-15T19:00Z,ES,11009,0,0
2024-03-15T20:00Z,ES,11270,0,0
2024-03-15T21:00Z,ES,14366,0,0
2024-03-15T22:00Z,ES,12680,0,0
2024-03-15T23:00Z,ES,12360,0,0
2024-03-16T00:00Z,ES,11141,0,0
2024-03-16T01:00Z,ES,10649,0,0
2024-03-16T02:00Z,ES,11320,0,0
2024-03-16T03:00Z,ES,11293,0,0
2024-03-16T04:00Z,ES,12069,0,0
2024-03-16T05:00Z,ES,6883,0,0
2024-03-16T06:00Z,ES,5109,0,261
2024-03-16T07:00Z,ES,6553,0,3159
2024-03-16T08:00Z,ES,8104,0,6069
2024-03-16T09:00Z,ES,7295,0,8688
2024-03-16T10:00Z,ES,9494,0,9766
2024-03-16T11:00Z,ES,10213,0,11279
2024-03-16T12:00Z,ES,11755,0,11519
2024-03-16T13:00Z,ES,12111,0,9945
2024-03-16T14:00Z,ES,7048,0,8406
2024-03-16T15:00Z,ES,7618,0,6058
2024-03-16T16:00Z,ES,8079,0,3563
2024-03-16T17:00Z,ES,12393,0,1235
2024-03-16T18:00Z,ES,15004,0,0
2024-03-16T19:00Z,ES,17443,0,0
2024-03-16T20:00Z,ES,17048,0,0
2024-03-16T21:00Z,ES,20486,0,0
2024-03-16T22:00Z,ES,20757,0,0
2024-03-16T23:00Z,ES,20787,0,0
2024-03-17T00:00Z,ES,18535,0,0
2024-03-17T01:00Z,ES,16879,0,0
2024-03-17T02:00Z,ES,16118,0,0
2024-03-17T03:00Z,ES,13832,0,0
2024-03-17T04:00Z,ES,15411,0,0
2024-03-17T05:00Z,ES,13756,0,0
2024-03-17T06:00Z,ES,11936,0,319
2024-03-17T07:00Z,ES,12138,0,3246
2024-03-17T08:00Z,ES,11869,0,6786
2024-03-17T09:00Z,ES,11119,0,10704
2024-03-17T10:00Z,ES,11165,0,13289
2024-03-17T11:00Z,ES,8911,0,14950
2024-03-17T12:00Z,ES,7020,0,15750
2024-03-17T13:00Z,ES,6277,0,14951
2024-03-17T14:00Z,ES,4780,0,12654
2024-03-17T15:00Z,ES,5414,0,9471
2024-03-17T16:00Z,ES,4019,0,5475
2024-03-17T17:00Z,ES,4981,0,1726
2024-03-17T18:00Z,ES,4593,0,0
2024-03-17T19:00Z,ES,5176,0,0
2024-03-17T20:00Z,ES,4606,0,0
2024-03-17T21:00Z,ES,5337,0,0
2024-03-17T22:00Z,ES,4240,0,0
2024-03-17T23:00Z,ES,4289,0,0
2024-03-18T00:00Z,ES,7452,0,0
2024-03-18T01:00Z,ES,10185,0,0
2024-03-18T02:00Z,ES,7240,0,0
2024-03-18T03:00Z,ES,4976,0,0
2024-03-18T04:00Z,ES,3172,0,0
2024-03-18T05:00Z,ES,3562,0,0
2024-03-18T06:00Z,ES,3199,0,462
2024-03-18T07:00Z,ES,4118,0,4184
2024-03-18T08:00Z,ES,3293,0,8083
2024-03-18T09:00Z,ES,3045,0,12037
2024-03-18T10:00Z,ES,1821,0,14399
2024-03-18T11:00Z,ES,1580,0,16045
2024-03-18T12:00Z,ES,2454,0,17010
2024-03-18T13:00Z,ES,1583,0,15951
2024-03-18T14:00Z,ES,1514,0,13598
2024-03-18T15:00Z,ES,1566,0,9839
2024-03-18T16:00Z,ES,1178,0,6166
2024-03-18T17:00Z,ES,1257,0,2094
2024-03-18T18:00Z,ES,1370,0,0
2024-03-18T19:00Z,ES,675,0,0
2024-03-18T20:00Z,ES,1047,0,0
2024-03-18T21:00Z,ES,875,0,0
2024-03-18T22:00Z,ES,1022,0,0
2024-03-18T23:00Z,ES,1672,0,0
2024-03-19T00:00Z,ES,2785,0,0
2024-03-19T01:00Z,ES,2813,0,0
2024-03-19T02:00Z,ES,2571,0,0
2024-03-19T03:00Z,ES,2880,0,0
2024-03-19T04:00Z,ES,2135,0,0
2024-03-19T05:00Z,ES,2518,0,0
2024-03-19T06:00Z,ES,3552,0,486
2024-03-19T07:00Z,ES,5415,0,3772
2024-03-19T08:00Z,ES,4351,0,7344
2024-03-19T09:00Z,ES,4682,0,10774
2024-03-19T10:00Z,ES,6500,0,14124
2024-03-19T11:00Z,ES,9360,0,16509
2024-03-19T12:00Z,ES,8762,0,17062
2024-03-19T13:00Z,ES,5936,0,16075
2024-03-19T14:00Z,ES,4276,0,13401
2024-03-19T15:00Z,ES,7286,0,9908
2024-03-19T16:00Z,ES,6272,0,5650
2024-03-19T17:00Z,ES,6935,0,2111
2024-03-19T18:00Z,ES,9001,0,0
2024-03-19T19:00Z,ES,11132,0,0
2024-03-19T20:00Z,ES,11850,0,0
2024-03-19T21:00Z,ES,12242,0,0
2024-03-19T22:00Z,ES,13564,0,0
2024-03-19T23:00Z,ES,11394,0,0
2024-03-20T00:00Z,ES,11975,0,0
2024-03-20T01:00Z,ES,10714,0,0
2024-03-20T02:00Z,ES,9079,0,0
2024-03-20T03:00Z,ES,14111,0,0
2024-03-20T04:00Z,ES,9216,0,0
2024-03-20T05:00Z,ES,11487,0,0
2024-03-20T06:00Z,ES,11068,0,595
2024-03-20T07:00Z,ES,8183,0,4380
2024-03-20T08:00Z,ES,11512,0,8513
2024-03-20T09:00Z,ES,7869,0,12273
2024-03-20T10:00Z,ES,6606,0,15167
2024-03-20T11:00Z,ES,10208,0,16910
2024-03-20T12:00Z,ES,12849,0,17261
2024-03-20T13:00Z,ES,9991,0,16198
2024-03-20T14:00Z,ES,10879,0,13839
2024-03-20T15:00Z,ES,12455,0,10448
2024-03-20T16:00Z,ES,9823,0,6273
2024-03-20T17:00Z,ES,9044,0,2213
2024-03-20T18:00Z,ES,6734,0,0
2024-03-20T19:00Z,ES,9565,0,0
2024-03-20T20:00Z,ES,8943,0,0
2024-03-20T21:00Z,ES,8593,0,0
2024-03-20T22:00Z,ES,10807,0,0
2024-03-20T23:00Z,ES,12573,0,0
2024-03-21T00:00Z,ES,11080,0,0
2024-03-21T01:00Z,ES,13099,0,0
2024-03-21T02:00Z,ES,14137,0,0
2024-03-21T03:00Z,ES,14285,0,0
2024-03-21T04:00Z,ES,12512,0,0
2024-03-21T05:00Z,ES,10370,0,0
2024-03-21T06:00Z,ES,12411,0,568
2024-03-21T07:00Z,ES,15724,0,3927
2024-03-21T08:00Z,ES,15857,0,7514
2024-03-21T09:00Z,ES,15173,0,10782
2024-03-21T10:00Z,ES,15877,0,13350
2024-03-21T11:00Z,ES,15090,0,14338
2024-03-21T12:00Z,ES,16733,0,14160
2024-03-21T13:00Z,ES,17092,0,13001
2024-03-21T14:00Z,ES,17023,0,11296
2024-03-21T15:00Z,ES,15594,0,7786
2024-03-21T16:00Z,ES,17457,0,5139
2024-03-21T17:00Z,ES,20785,0,1898
2024-03-21T18:00Z,ES,21206,0,0
2024-03-21T19:00Z,ES,19964,0,0
2024-03-21T20:00Z,ES,19554,0,0
2024-03-21T21:00Z,ES,19717,0,0
2024-03-21T22:00Z,ES,16815,0,0
2024-03-21T23:00Z,ES,19605,0,0
2024-03-22T00:00Z,ES,19211,0,0
2024-03-22T01:00Z,ES,18062,0,0
2024-03-22T02:00Z,ES,19359,0,0
2024-03-22T03:00Z,ES,16953,0,0
2024-03-22T04:00Z,ES,14663,0,0
2024-03-22T05:00Z,ES,12411,0,0
2024-03-22T06:00Z,ES,9632,0,669
2024-03-22T07:00Z,ES,6732,0,4129
2024-03-22T08:00Z,ES,5212,0,8286
2024-03-22T09:00Z,ES,4265,0,12139
2024-03-22T10:00Z,ES,4609,0,14961
2024-03-22T11:00Z,ES,8754,0,16686
2024-03-22T12:00Z,ES,5998,0,16604
2024-03-22T13:00Z,ES,7421,0,16443
2024-03-22T14:00Z,ES,8697,0,14077
2024-03-22T15:00Z,ES,10560,0,10675
2024-03-22T16:00Z,ES,7064,0,6640
2024-03-22T17:00Z,ES,6805,0,2529
2024-03-22T18:00Z,ES,7532,0,0
2024-03-22T19:00Z,ES,7892,0,0
2024-03-22T20:00Z,ES,12471,0,0
2024-03-22T21:00Z,ES,10659,0,0
2024-03-22T22:00Z,ES,10809,0,0
2024-03-22T23:00Z,ES,8547,0,0
2024-03-23T00:00Z,ES,8753,0,0
2024-03-23T01:00Z,ES,8653,0,0
2024-03-23T02:00Z,ES,7050,0,0
2024-03-23T03:00Z,ES,7160,0,0
2024-03-23T04:00Z,ES,8530,0,0
2024-03-23T05:00Z,ES,6269,0,0
2024-03-23T06:00Z,ES,7979,0,772
2024-03-23T07:00Z,ES,9564,0,4370
2024-03-23T08:00Z,ES,11939,0,8425
2024-03-23T09:00Z,ES,8725,0,12334
2024-03-23T10:00Z,ES,6595,0,15545
2024-03-23T11:00Z,ES,6572,0,17278
2024-03-23T12:00Z,ES,5553,0,17630
2024-03-23T13:00Z,ES,6172,0,16564
2024-03-23T14:00Z,ES,7142,0,14195
2024-03-23T15:00Z,ES,6743,0,10788
2024-03-23T16:00Z,ES,7184,0,6745
2024-03-23T17:00Z,ES,9669,0,2618
2024-03-23T18:00Z,ES,11325,0,0
2024-03-23T19:00Z,ES,5774,0,0
2024-03-23T20:00Z,ES,6227,0,0
2024-03-23T21:00Z,ES,4572,0,0
2024-03-23T22:00Z,ES,5520,0,0
2024-03-23T23:00Z,ES,3238,0,0
2024-03-24T00:00Z,ES,2094,0,0
2024-03-24T01:00Z,ES,3150,0,0
2024-03-24T02:00Z,ES,3337,0,0
2024-03-24T03:00Z,ES,4182,0,0
2024-03-24T04:00Z,ES,3685,0,0
2024-03-24T05:00Z,ES,3930,0,0
2024-03-24T06:00Z,ES,3540,0,880
2024-03-24T07:00Z,ES,3821,0,4401
2024-03-24T08:00Z,ES,5038,0,8388
2024-03-24T09:00Z,ES,4536,0,12345
2024-03-24T10:00Z,ES,4432,0,15382
2024-03-24T11:00Z,ES,2983,0,17120
2024-03-24T12:00Z,ES,2845,0,17751
2024-03-24T13:00Z,ES,3311,0,16264
2024-03-24T14:00Z,ES,3309,0,14187
2024-03-24T15:00Z,ES,5031,0,10645
2024-03-24T16:00Z,ES,5816,0,6583
2024-03-24T17:00Z,ES,6381,0,2632
2024-03-24T18:00Z,ES,5117,0,0
2024-03-24T19:00Z,ES,3344,0,0
2024-03-24T20:00Z,ES,1771,0,0
2024-03-24T21:00Z,ES,3895,0,0
2024-03-24T22:00Z,ES,2936,0,0
2024-03-24T23:00Z,ES,2109,0,0
2024-03-25T00:00Z,ES,2498,0,0
2024-03-25T01:00Z,ES,3436,0,0
2024-03-25T02:00Z,ES,2247,0,0
2024-03-25T03:00Z,ES,1456,0,0
2024-03-25T04:00Z,ES,1423,0,0
2024-03-25T05:00Z,ES,2413,0,0
2024-03-25T06:00Z,ES,3754,0,967
2024-03-25T07:00Z,ES,3735,0,4873
2024-03-25T08:00Z,ES,2914,0,9060
2024-03-25T09:00Z,ES,4927,0,12852
2024-03-25T10:00Z,ES,4970,0,15782
2024-03-25T11:00Z,ES,4566,0,17518
2024-03-25T12:00Z,ES,4752,0,17871
2024-03-25T13:00Z,ES,5411,0,16803
2024-03-25T14:00Z,ES,5198,0,14429
2024-03-25T15:00Z,ES,5688,0,11013
2024-03-25T16:00Z,ES,4518,0,6953
2024-03-25T17:00Z,ES,6754,0,2798
2024-03-25T18:00Z,ES,5775,0,0
2024-03-25T19:00Z,ES,7312,0,0
2024-03-25T20:00Z,ES,12277,0,0
2024-03-25T21:00Z,ES,14541,0,0
2024-03-25T22:00Z,ES,15426,0,0
2024-03-25T23:00Z,ES,18336,0,0
2024-03-26T00:00Z,ES,18132,0,0
2024-03-26T01:00Z,ES,17142,0,0
2024-03-26T02:00Z,ES,19564,0,0
2024-03-26T03:00Z,ES,21165,0,0
2024-03-26T04:00Z,ES,20896,0,0
2024-03-26T05:00Z,ES,21967,0,0
2024-03-26T06:00Z,ES,22167,0,783
2024-03-26T07:00Z,ES,22318,0,3655
2024-03-26T08:00Z,ES,20248,0,6820
2024-03-26T09:00Z,ES,19627,0,10175
2024-03-26T10:00Z,ES,20027,0,11934
2024-03-26T11:00Z,ES,21211,0,13376
2024-03-26T12:00Z,ES,20052,0,14214
2024-03-26T13:00Z,ES,17547,0,13243
2024-03-26T14:00Z,ES,14693,0,11439
2024-03-26T15:00Z,ES,12698,0,8114
2024-03-26T16:00Z,ES,12333,0,5391
2024-03-26T17:00Z,ES,10631,0,2067
2024-03-26T18:00Z,ES,8908,0,0
2024-03-26T19:00Z,ES,11542,0,0
2024-03-26T20:00Z,ES,10641,0,0
2024-03-26T21:00Z,ES,14335,0,0
2024-03-26T22:00Z,ES,10942,0,0
2024-03-26T23:00Z,ES,8870,0,0
2024-03-27T00:00Z,ES,8603,0,0
2024-03-27T01:00Z,ES,8782,0,0
2024-03-27T02:00Z,ES,9252,0,0
2024-03-27T03:00Z,ES,10474,0,0
2024-03-27T04:00Z,ES,11929,0,0
2024-03-27T05:00Z,ES,5833,0,0
2024-03-27T06:00Z,ES,6058,0,780
2024-03-27T07:00Z,ES,7975,0,3535
2024-03-27T08:00Z,ES,8067,0,6400
2024-03-27T09:00Z,ES,11548,0,9194
2024-03-27T10:00Z,ES,8294,0,11629
2024-03-27T11:00Z,ES,9183,0,12297
2024-03-27T12:00Z,ES,9056,0,12123
2024-03-27T13:00Z,ES,10945,0,10924
2024-03-27T14:00Z,ES,9221,0,10058
2024-03-27T15:00Z,ES,7427,0,7521
2024-03-27T16:00Z,ES,7870,0,5010
2024-03-27T17:00Z,ES,6237,0,1987
2024-03-27T18:00Z,ES,7818,0,0
2024-03-27T19:00Z,ES,5759,0,0
2024-03-27T20:00Z,ES,3618,0,0
2024-03-27T21:00Z,ES,2620,0,0
2024-03-27T22:00Z,ES,2029,0,0
2024-03-27T23:00Z,ES,2321,0,0
2024-03-28T00:00Z,ES,2553,0,0
2024-03-28T01:00Z,ES,2118,0,0
2024-03-28T02:00Z,ES,2365,0,0
2024-03-28T03:00Z,ES,3753,0,0
2024-03-28T04:00Z,ES,3657,0,0
2024-03-28T05:00Z,ES,2805,0,0
2024-03-28T06:00Z,ES,2719,0,802
2024-03-28T07:00Z,ES,3379,0,3197
2024-03-28T08:00Z,ES,3326,0,5555
2024-03-28T09:00Z,ES,5885,0,8141
2024-03-28T10:00Z,ES,3744,0,9818
2024-03-28T11:00Z,ES,7178,0,11169
2024-03-28T12:00Z,ES,8019,0,10891
2024-03-28T13:00Z,ES,4920,0,9781
2024-03-28T14:00Z,ES,2258,0,8087
2024-03-28T15:00Z,ES,2314,0,5877
2024-03-28T16:00Z,ES,3269,0,3989
2024-03-28T17:00Z,ES,2272,0,1698
2024-03-28T18:00Z,ES,1874,0,0
2024-03-28T19:00Z,ES,3151,0,0
2024-03-28T20:00Z,ES,2690,0,0
2024-03-28T21:00Z,ES,2618,0,0
2024-03-28T22:00Z,ES,2838,0,0
2024-03-28T23:00Z,ES,3598,0,0
2024-03-29T00:00Z,ES,2513,0,0
2024-03-29T01:00Z,ES,2948,0,0
2024-03-29T02:00Z,ES,4528,0,0
2024-03-29T03:00Z,ES,4312,0,0
2024-03-29T04:00Z,ES,3803,0,0
2024-03-29T05:00Z,ES,3641,0,0
2024-03-29T06:00Z,ES,2466,0,957
2024-03-29T07:00Z,ES,1417,0,4023
2024-03-29T08:00Z,ES,707,0,6805
2024-03-29T09:00Z,ES,785,0,10113
2024-03-29T10:00Z,ES,1530,0,12547
2024-03-29T11:00Z,ES,1462,0,12162
2024-03-29T12:00Z,ES,952,0,12263
2024-03-29T13:00Z,ES,1046,0,12187
2024-03-29T14:00Z,ES,788,0,9745
2024-03-29T15:00Z,ES,503,0,7837
2024-03-29T16:00Z,ES,930,0,4835
2024-03-29T17:00Z,ES,1482,0,2257
2024-03-29T18:00Z,ES,1522,0,0
2024-03-29T19:00Z,ES,1924,0,0
2024-03-29T20:00Z,ES,1563,0,0
2024-03-29T21:00Z,ES,2173,0,0
2024-03-29T22:00Z,ES,2403,0,0
2024-03-29T23:00Z,ES,1992,0,0
2024-03-30T00:00Z,ES,2876,0,0
2024-03-30T01:00Z,ES,3124,0,0
2024-03-30T02:00Z,ES,2969,0,0
2024-03-30T03:00Z,ES,2233,0,0
2024-03-30T04:00Z,ES,2631,0,0
2024-03-30T05:00Z,ES,1697,0,0
2024-03-30T06:00Z,ES,1716,0,512
2024-03-30T07:00Z,ES,1095,0,1779
2024-03-30T08:00Z,ES,2356,0,3407
2024-03-30T09:00Z,ES,1700,0,4645
2024-03-30T10:00Z,ES,644,0,6684
2024-03-30T11:00Z,ES,749,0,7134
2024-03-30T12:00Z,ES,658,0,6685
2024-03-30T13:00Z,ES,851,0,6337
2024-03-30T14:00Z,ES,1000,0,6748
2024-03-30T15:00Z,ES,1343,0,4766
2024-03-30T16:00Z,ES,1803,0,2979
2024-03-30T17:00Z,ES,1822,0,1461
2024-03-30T18:00Z,ES,1997,0,0
2024-03-30T19:00Z,ES,1199,0,0
2024-03-30T20:00Z,ES,1166,0,0
2024-03-30T21:00Z,ES,1002,0,0
2024-03-30T22:00Z,ES,1137,0,0
2024-03-30T23:00Z,ES,939,0,0
2024-03-31T00:00Z,ES,817,0,0
2024-03-31T01:00Z,ES,687,0,0
2024-03-31T02:00Z,ES,461,0,0
2024-03-31T03:00Z,ES,629,0,0
2024-03-31T04:00Z,ES,560,0,0
2024-03-31T05:00Z,ES,416,0,0
2024-03-31T06:00Z,ES,847,0,633
2024-03-31T07:00Z,ES,802,0,2357
2024-03-31T08:00Z,ES,645,0,4206
2024-03-31T09:00Z,ES,878,0,5802
2024-03-31T10:00Z,ES,1066,0,7781
2024-03-31T11:00Z,ES,765,0,8532
2024-03-31T12:00Z,ES,698,0,9107
2024-03-31T13:00Z,ES,485,0,8539
2024-03-31T14:00Z,ES,431,0,7172
2024-03-31T15:00Z,ES,656,0,5569
2024-03-31T16:00Z,ES,600,0,3892
2024-03-31T17:00Z,ES,440,0,1653
2024-03-31T18:00Z,ES,337,0,0
2024-03-31T19:00Z,ES,403,0,0
2024-03-31T20:00Z,ES,347,0,0
2024-03-31T21:00Z,ES,284,0,0
2024-03-31T22:00Z,ES,287,0,0
2024-03-31T23:00Z,ES,115,0,0
2024-04-01T00:00Z,ES,166,0,0
2024-04-01T01:00Z,ES,264,0,0
2024-04-01T02:00Z,ES,382,0,0
2024-04-01T03:00Z,ES,577,0,0
2024-04-01T04:00Z,ES,823,0,0
2024-04-01T05:00Z,ES,736,0,0
2024-04-01T06:00Z,ES,828,0,779
2024-04-01T07:00Z,ES,1017,0,2968
2024-04-01T08:00Z,ES,1052,0,4790
2024-04-01T09:00Z,ES,1027,0,6959
2024-04-01T10:00Z,ES,884,0,9330
2024-04-01T11:00Z,ES,1747,0,10396
2024-04-01T12:00Z,ES,1310,0,10931
2024-04-01T13:00Z,ES,1946,0,10661
2024-04-01T14:00Z,ES,2934,0,9403
2024-04-01T15:00Z,ES,2593,0,7518
2024-04-01T16:00Z,ES,2039,0,5088
2024-04-01T17:00Z,ES,1189,0,2343
2024-04-01T18:00Z,ES,1131,0,0
2024-04-01T19:00Z,ES,1583,0,0
2024-04-01T20:00Z,ES,3250,0,0
2024-04-01T21:00Z,ES,3628,0,0
2024-04-01T22:00Z,ES,2541,0,0
2024-04-01T23:00Z,ES,1393,0,0
2024-04-02T00:00Z,ES,1030,0,0
2024-04-02T01:00Z,ES,945,0,0
2024-04-02T02:00Z,ES,929,0,0
2024-04-02T03:00Z,ES,1037,0,0
2024-04-02T04:00Z,ES,1210,0,0
2024-04-02T05:00Z,ES,2726,0,0
2024-04-02T06:00Z,ES,3306,0,1384
2024-04-02T07:00Z,ES,2510,0,4694
2024-04-02T08:00Z,ES,1500,0,8002
2024-04-02T09:00Z,ES,1283,0,10795
2024-04-02T10:00Z,ES,2029,0,11572
2024-04-02T11:00Z,ES,3454,0,12587
2024-04-02T12:00Z,ES,2659,0,13289
2024-04-02T13:00Z,ES,1577,0,12583
2024-04-02T14:00Z,ES,1321,0,11450
2024-04-02T15:00Z,ES,1220,0,8810
2024-04-02T16:00Z,ES,1499,0,6094
2024-04-02T17:00Z,ES,2288,0,2716
2024-04-02T18:00Z,ES,2921,0,19
2024-04-02T19:00Z,ES,4956,0,0
2024-04-02T20:00Z,ES,4482,0,0
2024-04-02T21:00Z,ES,3075,0,0
2024-04-02T22:00Z,ES,4269,0,0
2024-04-02T23:00Z,ES,6684,0,0
2024-04-03T00:00Z,ES,3562,0,0
2024-04-03T01:00Z,ES,2974,0,0
2024-04-03T02:00Z,ES,1992,0,0
2024-04-03T03:00Z,ES,2244,0,0
2024-04-03T04:00Z,ES,2982,0,0
2024-04-03T05:00Z,ES,2481,0,0
2024-04-03T06:00Z,ES,2732,0,925
2024-04-03T07:00Z,ES,3524,0,3103
2024-04-03T08:00Z,ES,3347,0,5175
2024-04-03T09:00Z,ES,1407,0,6919
2024-04-03T10:00Z,ES,1723,0,7020
2024-04-03T11:00Z,ES,2159,0,7151
2024-04-03T12:00Z,ES,1374,0,8097
2024-04-03T13:00Z,ES,1359,0,8462
2024-04-03T14:00Z,ES,2079,0,6872
2024-04-03T15:00Z,ES,2120,0,5967
2024-04-03T16:00Z,ES,1973,0,3809
2024-04-03T17:00Z,ES,2184,0,1794
2024-04-03T18:00Z,ES,3346,0,35
2024-04-03T19:00Z,ES,5255,0,0
2024-04-03T20:00Z,ES,4323,0,0
2024-04-03T21:00Z,ES,6128,0,0
2024-04-03T22:00Z,ES,10650,0,0
2024-04-03T23:00Z,ES,8777,0,0
2024-04-04T00:00Z,ES,6046,0,0
2024-04-04T01:00Z,ES,5474,0,0
2024-04-04T02:00Z,ES,4409,0,0
2024-04-04T03:00Z,ES,5315,0,0
2024-04-04T04:00Z,ES,5013,0,0
2024-04-04T05:00Z,ES,3912,0,0
2024-04-04T06:00Z,ES,4958,0,1652
2024-04-04T07:00Z,ES,4430,0,5192
2024-04-04T08:00Z,ES,8093,0,9251
2024-04-04T09:00Z,ES,9563,0,12660
2024-04-04T10:00Z,ES,8153,0,15144
2024-04-04T11:00Z,ES,8545,0,16803
2024-04-04T12:00Z,ES,6474,0,16422
2024-04-04T13:00Z,ES,6821,0,15952
2024-04-04T14:00Z,ES,7959,0,13706
2024-04-04T15:00Z,ES,7127,0,10853
2024-04-04T16:00Z,ES,4994,0,6795
2024-04-04T17:00Z,ES,3932,0,2889
2024-04-04T18:00Z,ES,4188,0,91
2024-04-04T19:00Z,ES,4571,0,0
2024-04-04T20:00Z,ES,5153,0,0
2024-04-04T21:00Z,ES,8016,0,0
2024-04-04T22:00Z,ES,9277,0,0
2024-04-04T23:00Z,ES,8730,0,0
2024-04-05T00:00Z,ES,11523,0,0
2024-04-05T01:00Z,ES,11087,0,0
2024-04-05T02:00Z,ES,13422,0,0
2024-04-05T03:00Z,ES,13152,0,0
2024-04-05T04:00Z,ES,14316,0,0
2024-04-05T05:00Z,ES,12777,0,0
2024-04-05T06:00Z,ES,11922,0,1117
2024-04-05T07:00Z,ES,12028,0,3744
2024-04-05T08:00Z,ES,18157,0,6542
2024-04-05T09:00Z,ES,18043,0,8839
2024-04-05T10:00Z,ES,17840,0,10482
2024-04-05T11:00Z,ES,16613,0,11837
2024-04-05T12:00Z,ES,14040,0,11974
2024-04-05T13:00Z,ES,12201,0,12169
2024-04-05T14:00Z,ES,13340,0,9728
2024-04-05T15:00Z,ES,14867,0,7410
2024-04-05T16:00Z,ES,16356,0,4930
2024-04-05T17:00Z,ES,20492,0,2321
2024-04-05T18:00Z,ES,19188,0,110
2024-04-05T19:00Z,ES,16449,0,0
2024-04-05T20:00Z,ES,15402,0,0
2024-04-05T21:00Z,ES,17138,0,0
2024-04-05T22:00Z,ES,17507,0,0
2024-04-05T23:00Z,ES,15638,0,0
2024-04-06T00:00Z,ES,15368,0,0
2024-04-06T01:00Z,ES,13279,0,0
2024-04-06T02:00Z,ES,12023,0,0
2024-04-06T03:00Z,ES,10608,0,0
2024-04-06T04:00Z,ES,10903,0,0
2024-04-06T05:00Z,ES,8535,0,0
2024-04-06T06:00Z,ES,10455,0,1569
2024-04-06T07:00Z,ES,9754,0,4725
2024-04-06T08:00Z,ES,9214,0,7974
2024-04-06T09:00Z,ES,10529,0,11172
2024-04-06T10:00Z,ES,14433,0,12877
2024-04-06T11:00Z,ES,14260,0,13708
2024-04-06T12:00Z,ES,14282,0,13797
2024-04-06T13:00Z,ES,15334,0,13080
2024-04-06T14:00Z,ES,17181,0,11038
2024-04-06T15:00Z,ES,18495,0,8899
2024-04-06T16:00Z,ES,17888,0,5830
2024-04-06T17:00Z,ES,20413,0,2734
2024-04-06T18:00Z,ES,18934,0,172
2024-04-06T19:00Z,ES,16315,0,0
2024-04-06T20:00Z,ES,16745,0,0
2024-04-06T21:00Z,ES,19689,0,0
2024-04-06T22:00Z,ES,19722,0,0
2024-04-06T23:00Z,ES,18752,0,0
2024-04-07T00:00Z,ES,17877,0,0
2024-04-07T01:00Z,ES,18402,0,0
2024-04-07T02:00Z,ES,19044,0,0
2024-04-07T03:00Z,ES,19662,0,0
2024-04-07T04:00Z,ES,20103,0,0
2024-04-07T05:00Z,ES,21376,0,0
2024-04-07T06:00Z,ES,21155,0,1284
2024-04-07T07:00Z,ES,19235,0,3962
2024-04-07T08:00Z,ES,18806,0,6702
2024-04-07T09:00Z,ES,17387,0,9578
2024-04-07T10:00Z,ES,17849,0,11557
2024-04-07T11:00Z,ES,15119,0,12716
2024-04-07T12:00Z,ES,16921,0,12217
2024-04-07T13:00Z,ES,18514,0,11763
2024-04-07T14:00Z,ES,19406,0,10515
2024-04-07T15:00Z,ES,21231,0,8886
2024-04-07T16:00Z,ES,21208,0,5481
2024-04-07T17:00Z,ES,19252,0,2545
2024-04-07T18:00Z,ES,18606,0,177
2024-04-07T19:00Z,ES,16192,0,0
2024-04-07T20:00Z,ES,13859,0,0
2024-04-07T21:00Z,ES,13230,0,0
2024-04-07T22:00Z,ES,9857,0,0
2024-04-07T23:00Z,ES,12444,0,0
2024-04-08T00:00Z,ES,8172,0,0
2024-04-08T01:00Z,ES,8576,0,0
2024-04-08T02:00Z,ES,5451,0,0
2024-04-08T03:00Z,ES,6157,0,0
2024-04-08T04:00Z,ES,5190,0,0
2024-04-08T05:00Z,ES,3262,0,0
2024-04-08T06:00Z,ES,4168,0,1980
2024-04-08T07:00Z,ES,4011,0,5710
2024-04-08T08:00Z,ES,2573,0,9811
2024-04-08T09:00Z,ES,2272,0,13565
2024-04-08T10:00Z,ES,1382,0,16425
2024-04-08T11:00Z,ES,1335,0,17575
2024-04-08T12:00Z,ES,1342,0,17675
2024-04-08T13:00Z,ES,2492,0,17657
2024-04-08T14:00Z,ES,2099,0,14994
2024-04-08T15:00Z,ES,2594,0,12018
2024-04-08T16:00Z,ES,2209,0,7514
2024-04-08T17:00Z,ES,2233,0,3581
2024-04-08T18:00Z,ES,2641,0,302
2024-04-08T19:00Z,ES,1614,0,0
2024-04-08T20:00Z,ES,2424,0,0
2024-04-08T21:00Z,ES,1770,0,0
2024-04-08T22:00Z,ES,1021,0,0
2024-04-08T23:00Z,ES,1127,0,0
2024-04-09T00:00Z,ES,1318,0,0
2024-04-09T01:00Z,ES,1141,0,0
2024-04-09T02:00Z,ES,1110,0,0
2024-04-09T03:00Z,ES,1895,0,0
2024-04-09T04:00Z,ES,2957,0,0
2024-04-09T05:00Z,ES,2687,0,0
2024-04-09T06:00Z,ES,3076,0,1586
2024-04-09T07:00Z,ES,5756,0,4394
2024-04-09T08:00Z,ES,4980,0,7414
2024-04-09T09:00Z,ES,5643,0,10235
2024-04-09T10:00Z,ES,5229,0,12460
2024-04-09T11:00Z,ES,6976,0,14028
2024-04-09T12:00Z,ES,7893,0,14328
2024-04-09T13:00Z,ES,7783,0,13816
2024-04-09T14:00Z,ES,8430,0,12009
2024-04-09T15:00Z,ES,8358,0,9263
2024-04-09T16:00Z,ES,8757,0,5685
2024-04-09T17:00Z,ES,9031,0,2554
2024-04-09T18:00Z,ES,7889,0,252
2024-04-09T19:00Z,ES,13449,0,0
2024-04-09T20:00Z,ES,12043,0,0
2024-04-09T21:00Z,ES,9897,0,0
2024-04-09T22:00Z,ES,12211,0,0
2024-04-09T23:00Z,ES,10948,0,0
2024-04-10T00:00Z,ES,9308,0,0
2024-04-10T01:00Z,ES,11947,0,0
2024-04-10T02:00Z,ES,16054,0,0
2024-04-10T03:00Z,ES,18319,0,0
2024-04-10T04:00Z,ES,18312,0,0
2024-04-10T05:00Z,ES,14044,0,0
2024-04-10T06:00Z,ES,17706,0,1499
2024-04-10T07:00Z,ES,16476,0,4334
2024-04-10T08:00Z,ES,17702,0,6888
2024-04-10T09:00Z,ES,18213,0,8716
2024-04-10T10:00Z,ES,14590,0,10580
2024-04-10T11:00Z,ES,13888,0,12485
2024-04-10T12:00Z,ES,16398,0,12050
2024-04-10T13:00Z,ES,17660,0,11057
2024-04-10T14:00Z,ES,16666,0,9729
2024-04-10T15:00Z,ES,15512,0,8318
2024-04-10T16:00Z,ES,14820,0,5320
2024-04-10T17:00Z,ES,14235,0,2610
2024-04-10T18:00Z,ES,12103,0,293
2024-04-10T19:00Z,ES,9570,0,0
2024-04-10T20:00Z,ES,6377,0,0
2024-04-10T21:00Z,ES,8078,0,0
2024-04-10T22:00Z,ES,10521,0,0
2024-04-10T23:00Z,ES,10933,0,0
2024-04-11T00:00Z,ES,9416,0,0
2024-04-11T01:00Z,ES,14658,0,0
2024-04-11T02:00Z,ES,15526,0,0
2024-04-11T03:00Z,ES,13307,0,0
2024-04-11T04:00Z,ES,13646,0,0
2024-04-11T05:00Z,ES,19025,0,0
2024-04-11T06:00Z,ES,22856,0,1850
2024-04-11T07:00Z,ES,21002,0,5162
2024-04-11T08:00Z,ES,18643,0,8386
2024-04-11T09:00Z,ES,14344,0,11935
2024-04-11T10:00Z,ES,12667,0,14658
2024-04-11T11:00Z,ES,9429,0,15990
2024-04-11T12:00Z,ES,11303,0,14963
2024-04-11T13:00Z,ES,10658,0,14410
2024-04-11T14:00Z,ES,11860,0,13168
2024-04-11T15:00Z,ES,11305,0,10107
2024-04-11T16:00Z,ES,12900,0,7163
2024-04-11T17:00Z,ES,9856,0,3690
2024-04-11T18:00Z,ES,15169,0,459
2024-04-11T19:00Z,ES,18460,0,0
2024-04-11T20:00Z,ES,17999,0,0
2024-04-11T21:00Z,ES,19180,0,0
2024-04-11T22:00Z,ES,18131,0,0
2024-04-11T23:00Z,ES,20042,0,0
2024-04-12T00:00Z,ES,19311,0,0
2024-04-12T01:00Z,ES,22458,0,0
2024-04-12T02:00Z,ES,21429,0,0
2024-04-12T03:00Z,ES,17186,0,0
2024-04-12T04:00Z,ES,21451,0,0
2024-04-12T05:00Z,ES,21212,0,0
2024-04-12T06:00Z,ES,18841,0,2405
2024-04-12T07:00Z,ES,14657,0,6467
2024-04-12T08:00Z,ES,15003,0,10700
2024-04-12T09:00Z,ES,16763,0,13350
2024-04-12T10:00Z,ES,21238,0,15351
2024-04-12T11:00Z,ES,22302,0,17472
2024-04-12T12:00Z,ES,22085,0,17433
2024-04-12T13:00Z,ES,21174,0,16191
2024-04-12T14:00Z,ES,22949,0,15158
2024-04-12T15:00Z,ES,23983,0,11816
2024-04-12T16:00Z,ES,25014,0,7738
2024-04-12T17:00Z,ES,25614,0,3838
2024-04-12T18:00Z,ES,25903,0,525
2024-04-12T19:00Z,ES,25743,0,0
2024-04-12T20:00Z,ES,25572,0,0
2024-04-12T21:00Z,ES,25761,0,0
2024-04-12T22:00Z,ES,25904,0,0
2024-04-12T23:00Z,ES,24816,0,0
2024-04-13T00:00Z,ES,23692,0,0
2024-04-13T01:00Z,ES,23094,0,0
2024-04-13T02:00Z,ES,23150,0,0
2024-04-13T03:00Z,ES,22444,0,0
2024-04-13T04:00Z,ES,23360,0,0
2024-04-13T05:00Z,ES,24100,0,0
2024-04-13T06:00Z,ES,22149,0,1660
2024-04-13T07:00Z,ES,23944,0,4266
2024-04-13T08:00Z,ES,22978,0,6856
2024-04-13T09:00Z,ES,23018,0,9783
2024-04-13T10:00Z,ES,22799,0,11671
2024-04-13T11:00Z,ES,23597,0,11605
2024-04-13T12:00Z,ES,23532,0,13799
2024-04-13T13:00Z,ES,23129,0,13581
2024-04-13T14:00Z,ES,21765,0,11734
2024-04-13T15:00Z,ES,18267,0,9427
2024-04-13T16:00Z,ES,14214,0,6237
2024-04-13T17:00Z,ES,14874,0,3216
2024-04-13T18:00Z,ES,16034,0,455
2024-04-13T19:00Z,ES,16962,0,0
2024-04-13T20:00Z,ES,15978,0,0
2024-04-13T21:00Z,ES,16610,0,0
2024-04-13T22:00Z,ES,13987,0,0
2024-04-13T23:00Z,ES,11934,0,0
2024-04-14T00:00Z,ES,10267,0,0
2024-04-14T01:00Z,ES,6282,0,0
2024-04-14T02:00Z,ES,4380,0,0
2024-04-14T03:00Z,ES,3953,0,0
2024-04-14T04:00Z,ES,6273,0,0
2024-04-14T05:00Z,ES,3546,0,0
2024-04-14T06:00Z,ES,2350,0,1177
2024-04-14T07:00Z,ES,1741,0,3051
2024-04-14T08:00Z,ES,1135,0,5425
2024-04-14T09:00Z,ES,869,0,6943
2024-04-14T10:00Z,ES,1728,0,8154
2024-04-14T11:00Z,ES,1775,0,8884
2024-04-14T12:00Z,ES,1470,0,8900
2024-04-14T13:00Z,ES,1755,0,8345
2024-04-14T14:00Z,ES,1703,0,8375
2024-04-14T15:00Z,ES,1493,0,5920
2024-04-14T16:00Z,ES,1965,0,4097
2024-04-14T17:00Z,ES,1726,0,2068
2024-04-14T18:00Z,ES,2561,0,327
2024-04-14T19:00Z,ES,3787,0,0
2024-04-14T20:00Z,ES,5856,0,0
2024-04-14T21:00Z,ES,7122,0,0
2024-04-14T22:00Z,ES,7738,0,0
2024-04-14T23:00Z,ES,10419,0,0
2024-04-15T00:00Z,ES,8614,0,0
2024-04-15T01:00Z,ES,7553,0,0
2024-04-15T02:00Z,ES,8848,0,0
2024-04-15T03:00Z,ES,8900,0,0
2024-04-15T04:00Z,ES,10504,0,0
2024-04-15T05:00Z,ES,8771,0,0
2024-04-15T06:00Z,ES,7467,0,1995
2024-04-15T07:00Z,ES,6913,0,5239
2024-04-15T08:00Z,ES,6933,0,8306
2024-04-15T09:00Z,ES,7287,0,10663
2024-04-15T10:00Z,ES,8088,0,13324
2024-04-15T11:00Z,ES,8011,0,14869
2024-04-15T12:00Z,ES,8251,0,14650
2024-04-15T13:00Z,ES,6231,0,15549
2024-04-15T14:00Z,ES,7554,0,13249
2024-04-15T15:00Z,ES,7772,0,9881
2024-04-15T16:00Z,ES,5955,0,6889
2024-04-15T17:00Z,ES,6300,0,3624
2024-04-15T18:00Z,ES,4553,0,633
2024-04-15T19:00Z,ES,3153,0,0
2024-04-15T20:00Z,ES,2750,0,0
2024-04-15T21:00Z,ES,2751,0,0
2024-04-15T22:00Z,ES,2602,0,0
2024-04-15T23:00Z,ES,1795,0,0
2024-04-16T00:00Z,ES,3017,0,0
2024-04-16T01:00Z,ES,2811,0,0
2024-04-16T02:00Z,ES,1888,0,0
2024-04-16T03:00Z,ES,2129,0,0
2024-04-16T04:00Z,ES,2703,0,0
2024-04-16T05:00Z,ES,1472,0,0
2024-04-16T06:00Z,ES,1580,0,2058
2024-04-16T07:00Z,ES,2138,0,5409
2024-04-16T08:00Z,ES,2240,0,8209
2024-04-16T09:00Z,ES,1729,0,10497
2024-04-16T10:00Z,ES,2141,0,13492
2024-04-16T11:00Z,ES,4039,0,14589
2024-04-16T12:00Z,ES,3546,0,14959
2024-04-16T13:00Z,ES,4170,0,14847
2024-04-16T14:00Z,ES,3895,0,12537
2024-04-16T15:00Z,ES,3248,0,9850
2024-04-16T16:00Z,ES,3468,0,6821
2024-04-16T17:00Z,ES,4055,0,3720
2024-04-16T18:00Z,ES,2659,0,618
2024-04-16T19:00Z,ES,1326,0,0
2024-04-16T20:00Z,ES,3280,0,0
2024-04-16T21:00Z,ES,1595,0,0
2024-04-16T22:00Z,ES,1206,0,0
2024-04-16T23:00Z,ES,1220,0,0
2024-04-17T00:00Z,ES,1228,0,0
2024-04-17T01:00Z,ES,1706,0,0
2024-04-17T02:00Z,ES,1641,0,0
2024-04-17T03:00Z,ES,2224,0,0
2024-04-17T04:00Z,ES,1783,0,0
2024-04-17T05:00Z,ES,1517,0,0
2024-04-17T06:00Z,ES,3610,0,2408
2024-04-17T07:00Z,ES,6394,0,5838
2024-04-17T08:00Z,ES,4473,0,9061
2024-04-17T09:00Z,ES,2077,0,12564
2024-04-17T10:00Z,ES,2638,0,15545
2024-04-17T11:00Z,ES,2713,0,15776
2024-04-17T12:00Z,ES,2499,0,15799
2024-04-17T13:00Z,ES,2021,0,14543
2024-04-17T14:00Z,ES,1800,0,12729
2024-04-17T15:00Z,ES,2854,0,10345
2024-04-17T16:00Z,ES,3391,0,7188
2024-04-17T17:00Z,ES,3687,0,3845
2024-04-17T18:00Z,ES,5774,0,766
2024-04-17T19:00Z,ES,5390,0,0
2024-04-17T20:00Z,ES,6743,0,0
2024-04-17T21:00Z,ES,5134,0,0
2024-04-17T22:00Z,ES,4064,0,0
2024-04-17T23:00Z,ES,3506,0,0
2024-04-18T00:00Z,ES,5337,0,0
2024-04-18T01:00Z,ES,3381,0,0
2024-04-18T02:00Z,ES,2155,0,0
2024-04-18T03:00Z,ES,3003,0,0
2024-04-18T04:00Z,ES,3676,0,0
2024-04-18T05:00Z,ES,3049,0,0
2024-04-18T06:00Z,ES,4900,0,1757
2024-04-18T07:00Z,ES,4382,0,4172
2024-04-18T08:00Z,ES,4928,0,6682
2024-04-18T09:00Z,ES,6931,0,9211
2024-04-18T10:00Z,ES,4091,0,10291
2024-04-18T11:00Z,ES,4116,0,11140
2024-04-18T12:00Z,ES,4262,0,11404
2024-04-18T13:00Z,ES,4343,0,9828
2024-04-18T14:00Z,ES,3447,0,8579
2024-04-18T15:00Z,ES,1847,0,7376
2024-04-18T16:00Z,ES,1117,0,4609
2024-04-18T17:00Z,ES,669,0,2470
2024-04-18T18:00Z,ES,588,0,504
2024-04-18T19:00Z,ES,753,0,0
2024-04-18T20:00Z,ES,853,0,0
2024-04-18T21:00Z,ES,623,0,0
2024-04-18T22:00Z,ES,517,0,0
2024-04-18T23:00Z,ES,627,0,0
2024-04-19T00:00Z,ES,852,0,0
2024-04-19T01:00Z,ES,975,0,0
2024-04-19T02:00Z,ES,691,0,0
2024-04-19T03:00Z,ES,740,0,0
2024-04-19T04:00Z,ES,938,0,0
2024-04-19T05:00Z,ES,1437,0,0
2024-04-19T06:00Z,ES,1319,0,2070
2024-04-19T07:00Z,ES,1081,0,4811
2024-04-19T08:00Z,ES,1174,0,6981
2024-04-19T09:00Z,ES,2401,0,9400
2024-04-19T10:00Z,ES,3159,0,11420
2024-04-19T11:00Z,ES,4862,0,12568
2024-04-19T12:00Z,ES,5878,0,13285
2024-04-19T13:00Z,ES,4455,0,11350
2024-04-19T14:00Z,ES,3224,0,9973
2024-04-19T15:00Z,ES,2636,0,8281
2024-04-19T16:00Z,ES,3110,0,5666
2024-04-19T17:00Z,ES,2696,0,2855
2024-04-19T18:00Z,ES,1848,0,656
2024-04-19T19:00Z,ES,868,0,0
2024-04-19T20:00Z,ES,792,0,0
2024-04-19T21:00Z,ES,594,0,0
2024-04-19T22:00Z,ES,359,0,0
2024-04-19T23:00Z,ES,692,0,0
2024-04-20T00:00Z,ES,595,0,0
2024-04-20T01:00Z,ES,474,0,0
2024-04-20T02:00Z,ES,611,0,0
2024-04-20T03:00Z,ES,735,0,0
2024-04-20T04:00Z,ES,522,0,0
2024-04-20T05:00Z,ES,1069,0,0
2024-04-20T06:00Z,ES,903,0,2587
2024-04-20T07:00Z,ES,1091,0,5878
2024-04-20T08:00Z,ES,1105,0,9148
2024-04-20T09:00Z,ES,665,0,12338
2024-04-20T10:00Z,ES,656,0,14774
2024-04-20T11:00Z,ES,521,0,16757
2024-04-20T12:00Z,ES,564,0,17248
2024-04-20T13:00Z,ES,507,0,16376
2024-04-20T14:00Z,ES,1117,0,14347
2024-04-20T15:00Z,ES,1096,0,11209
2024-04-20T16:00Z,ES,1207,0,7144
2024-04-20T17:00Z,ES,896,0,4118
2024-04-20T18:00Z,ES,1172,0,962
2024-04-20T19:00Z,ES,1184,0,0
2024-04-20T20:00Z,ES,1142,0,0
2024-04-20T21:00Z,ES,888,0,0
2024-04-20T22:00Z,ES,736,0,0
2024-04-20T23:00Z,ES,832,0,0
2024-04-21T00:00Z,ES,607,0,0
2024-04-21T01:00Z,ES,1031,0,0
2024-04-21T02:00Z,ES,678,0,0
2024-04-21T03:00Z,ES,598,0,0
2024-04-21T04:00Z,ES,828,0,0
2024-04-21T05:00Z,ES,618,0,0
2024-04-21T06:00Z,ES,696,0,2483
2024-04-21T07:00Z,ES,712,0,6326
2024-04-21T08:00Z,ES,550,0,10595
2024-04-21T09:00Z,ES,804,0,13661
2024-04-21T10:00Z,ES,974,0,16100
2024-04-21T11:00Z,ES,920,0,17813
2024-04-21T12:00Z,ES,804,0,17579
2024-04-21T13:00Z,ES,693,0,16236
2024-04-21T14:00Z,ES,530,0,14964
2024-04-21T15:00Z,ES,553,0,10883
2024-04-21T16:00Z,ES,273,0,7455
2024-04-21T17:00Z,ES,164,0,3825
2024-04-21T18:00Z,ES,283,0,869
2024-04-21T19:00Z,ES,265,0,0
2024-04-21T20:00Z,ES,386,0,0
2024-04-21T21:00Z,ES,449,0,0
2024-04-21T22:00Z,ES,389,0,0
2024-04-21T23:00Z,ES,525,0,0
2024-04-22T00:00Z,ES,998,0,0
2024-04-22T01:00Z,ES,1484,0,0
2024-04-22T02:00Z,ES,2097,0,0
2024-04-22T03:00Z,ES,1605,0,0
2024-04-22T04:00Z,ES,1607,0,0
2024-04-22T05:00Z,ES,1908,0,0
2024-04-22T06:00Z,ES,2035,0,1595
2024-04-22T07:00Z,ES,2303,0,3714
2024-04-22T08:00Z,ES,3237,0,5722
2024-04-22T09:00Z,ES,3747,0,7750
2024-04-22T10:00Z,ES,5058,0,9565
2024-04-22T11:00Z,ES,3364,0,10245
2024-04-22T12:00Z,ES,2246,0,11710
2024-04-22T13:00Z,ES,2886,0,11385
2024-04-22T14:00Z,ES,4683,0,10308
2024-04-22T15:00Z,ES,5246,0,7172
2024-04-22T16:00Z,ES,3945,0,5070
2024-04-22T17:00Z,ES,2935,0,2793
2024-04-22T18:00Z,ES,4655,0,716
2024-04-22T19:00Z,ES,5455,0,0
2024-04-22T20:00Z,ES,6344,0,0
2024-04-22T21:00Z,ES,7062,0,0
2024-04-22T22:00Z,ES,7050,0,0
2024-04-22T23:00Z,ES,3703,0,0
2024-04-23T00:00Z,ES,3716,0,0
2024-04-23T01:00Z,ES,2137,0,0
2024-04-23T02:00Z,ES,3588,0,0
2024-04-23T03:00Z,ES,4731,0,0
2024-04-23T04:00Z,ES,4512,0,0
2024-04-23T05:00Z,ES,3212,0,0
2024-04-23T06:00Z,ES,3795,0,2702
2024-04-23T07:00Z,ES,5242,0,6194
2024-04-23T08:00Z,ES,7246,0,9770
2024-04-23T09:00Z,ES,6906,0,13167
2024-04-23T10:00Z,ES,8789,0,15038
2024-04-23T11:00Z,ES,11895,0,16127
2024-04-23T12:00Z,ES,12572,0,17013
2024-04-23T13:00Z,ES,12220,0,16804
2024-04-23T14:00Z,ES,8143,0,15379
2024-04-23T15:00Z,ES,7701,0,12456
2024-04-23T16:00Z,ES,6378,0,8985
2024-04-23T17:00Z,ES,4855,0,4814
2024-04-23T18:00Z,ES,2726,0,1180
2024-04-23T19:00Z,ES,2658,0,0
2024-04-23T20:00Z,ES,2658,0,0
2024-04-23T21:00Z,ES,2217,0,0
2024-04-23T22:00Z,ES,1964,0,0
2024-04-23T23:00Z,ES,2167,0,0
2024-04-24T00:00Z,ES,3324,0,0
2024-04-24T01:00Z,ES,3409,0,0
2024-04-24T02:00Z,ES,4258,0,0
2024-04-24T03:00Z,ES,4814,0,0
2024-04-24T04:00Z,ES,7518,0,0
2024-04-24T05:00Z,ES,6202,0,0
2024-04-24T06:00Z,ES,6961,0,2325
2024-04-24T07:00Z,ES,8467,0,5296
2024-04-24T08:00Z,ES,7797,0,7867
2024-04-24T09:00Z,ES,7171,0,10439
2024-04-24T10:00Z,ES,7964,0,12701
2024-04-24T11:00Z,ES,9872,0,14527
2024-04-24T12:00Z,ES,7663,0,14735
2024-04-24T13:00Z,ES,12439,0,13664
2024-04-24T14:00Z,ES,11926,0,11552
2024-04-24T15:00Z,ES,11768,0,9144
2024-04-24T16:00Z,ES,9575,0,6660
2024-04-24T17:00Z,ES,7591,0,3799
2024-04-24T18:00Z,ES,7558,0,910
2024-04-24T19:00Z,ES,9502,0,0
2024-04-24T20:00Z,ES,7402,0,0
2024-04-24T21:00Z,ES,8833,0,0
2024-04-24T22:00Z,ES,8800,0,0
2024-04-24T23:00Z,ES,7476,0,0
2024-04-25T00:00Z,ES,9744,0,0
2024-04-25T01:00Z,ES,9773,0,0
2024-04-25T02:00Z,ES,12523,0,0
2024-04-25T03:00Z,ES,7820,0,0
2024-04-25T04:00Z,ES,7619,0,0
2024-04-25T05:00Z,ES,11572,0,18
2024-04-25T06:00Z,ES,10141,0,2864
2024-04-25T07:00Z,ES,13236,0,6272
2024-04-25T08:00Z,ES,14709,0,9513
2024-04-25T09:00Z,ES,14105,0,12968
2024-04-25T10:00Z,ES,15266,0,15535
2024-04-25T11:00Z,ES,15859,0,17914
2024-04-25T12:00Z,ES,15754,0,18393
2024-04-25T13:00Z,ES,13990,0,17934
2024-04-25T14:00Z,ES,13564,0,15743
2024-04-25T15:00Z,ES,15851,0,13159
2024-04-25T16:00Z,ES,18092,0,8589
2024-04-25T17:00Z,ES,21575,0,4542
2024-04-25T18:00Z,ES,21586,0,1276
2024-04-25T19:00Z,ES,21407,0,0
2024-04-25T20:00Z,ES,20626,0,0
2024-04-25T21:00Z,ES,21750,0,0
2024-04-25T22:00Z,ES,23395,0,0
2024-04-25T23:00Z,ES,22772,0,0
2024-04-26T00:00Z,ES,21682,0,0
2024-04-26T01:00Z,ES,22548,0,0
2024-04-26T02:00Z,ES,22343,0,0
2024-04-26T03:00Z,ES,24141,0,0
2024-04-26T04:00Z,ES,25621,0,0
2024-04-26T05:00Z,ES,24791,0,45
2024-04-26T06:00Z,ES,25386,0,2623
2024-04-26T07:00Z,ES,25517,0,5788
2024-04-26T08:00Z,ES,25427,0,9473
2024-04-26T09:00Z,ES,24295,0,12658
2024-04-26T10:00Z,ES,25342,0,15687
2024-04-26T11:00Z,ES,24920,0,16891
2024-04-26T12:00Z,ES,25020,0,17596
2024-04-26T13:00Z,ES,25659,0,17516
2024-04-26T14:00Z,ES,25818,0,14734
2024-04-26T15:00Z,ES,26262,0,11071
2024-04-26T16:00Z,ES,25975,0,7821
2024-04-26T17:00Z,ES,26170,0,4635
2024-04-26T18:00Z,ES,25802,0,1352
2024-04-26T19:00Z,ES,25240,0,0
2024-04-26T20:00Z,ES,24208,0,0
2024-04-26T21:00Z,ES,22394,0,0
2024-04-26T22:00Z,ES,19643,0,0
2024-04-26T23:00Z,ES,19672,0,0
2024-04-27T00:00Z,ES,16082,0,0
2024-04-27T01:00Z,ES,17439,0,0
2024-04-27T02:00Z,ES,17808,0,0
2024-04-27T03:00Z,ES,15665,0,0
2024-04-27T04:00Z,ES,17529,0,0
2024-04-27T05:00Z,ES,17033,0,77
2024-04-27T06:00Z,ES,15085,0,2559
2024-04-27T07:00Z,ES,14863,0,5756
2024-04-27T08:00Z,ES,14096,0,9075
2024-04-27T09:00Z,ES,11134,0,12363
2024-04-27T10:00Z,ES,9679,0,13583
2024-04-27T11:00Z,ES,9788,0,14438
2024-04-27T12:00Z,ES,9100,0,15281
2024-04-27T13:00Z,ES,8433,0,14963
2024-04-27T14:00Z,ES,9565,0,12717
2024-04-27T15:00Z,ES,13915,0,10213
2024-04-27T16:00Z,ES,16104,0,7775
2024-04-27T17:00Z,ES,16720,0,4353
2024-04-27T18:00Z,ES,17722,0,1278
2024-04-27T19:00Z,ES,19529,0,0
2024-04-27T20:00Z,ES,22094,0,0
2024-04-27T21:00Z,ES,21269,0,0
2024-04-27T22:00Z,ES,19222,0,0
2024-04-27T23:00Z,ES,18350,0,0
2024-04-28T00:00Z,ES,22112,0,0
2024-04-28T01:00Z,ES,19165,0,0
2024-04-28T02:00Z,ES,17545,0,0
2024-04-28T03:00Z,ES,18190,0,0
2024-04-28T04:00Z,ES,13339,0,0
2024-04-28T05:00Z,ES,14919,0,133
2024-04-28T06:00Z,ES,14481,0,3404
2024-04-28T07:00Z,ES,14947,0,7479
2024-04-28T08:00Z,ES,13047,0,11222
2024-04-28T09:00Z,ES,13687,0,14941
2024-04-28T10:00Z,ES,14989,0,18304
2024-04-28T11:00Z,ES,14462,0,19629
2024-04-28T12:00Z,ES,15364,0,18952
2024-04-28T13:00Z,ES,17231,0,18787
2024-04-28T14:00Z,ES,14504,0,15983
2024-04-28T15:00Z,ES,10711,0,13258
2024-04-28T16:00Z,ES,12748,0,9375
2024-04-28T17:00Z,ES,7923,0,5504
2024-04-28T18:00Z,ES,10469,0,1617
2024-04-28T19:00Z,ES,11858,0,0
2024-04-28T20:00Z,ES,11139,0,0
2024-04-28T21:00Z,ES,10870,0,0
2024-04-28T22:00Z,ES,8873,0,0
2024-04-28T23:00Z,ES,8603,0,0
2024-04-29T00:00Z,ES,8155,0,0
2024-04-29T01:00Z,ES,7975,0,0
2024-04-29T02:00Z,ES,12057,0,0
2024-04-29T03:00Z,ES,16658,0,0
2024-04-29T04:00Z,ES,14206,0,0
2024-04-29T05:00Z,ES,18275,0,172
2024-04-29T06:00Z,ES,17233,0,3185
2024-04-29T07:00Z,ES,18810,0,7030
2024-04-29T08:00Z,ES,20371,0,10724
2024-04-29T09:00Z,ES,15231,0,13576
2024-04-29T10:00Z,ES,16796,0,15156
2024-04-29T11:00Z,ES,13815,0,16112
2024-04-29T12:00Z,ES,15354,0,16124
2024-04-29T13:00Z,ES,13632,0,15195
2024-04-29T14:00Z,ES,14905,0,13732
2024-04-29T15:00Z,ES,15839,0,10968
2024-04-29T16:00Z,ES,12531,0,8085
2024-04-29T17:00Z,ES,11711,0,4639
2024-04-29T18:00Z,ES,10730,0,1466
2024-04-29T19:00Z,ES,9229,0,0
2024-04-29T20:00Z,ES,9392,0,0
2024-04-29T21:00Z,ES,10844,0,0
2024-04-29T22:00Z,ES,9701,0,0
2024-04-29T23:00Z,ES,5453,0,0
2024-04-30T00:00Z,ES,5948,0,0
2024-04-30T01:00Z,ES,5122,0,0
2024-04-30T02:00Z,ES,3945,0,0
2024-04-30T03:00Z,ES,6421,0,0
2024-04-30T04:00Z,ES,7193,0,0
2024-04-30T05:00Z,ES,7745,0,209
2024-04-30T06:00Z,ES,9086,0,3304
2024-04-30T07:00Z,ES,11669,0,6794
2024-04-30T08:00Z,ES,10824,0,10070
2024-04-30T09:00Z,ES,13237,0,13361
2024-04-30T10:00Z,ES,11500,0,15911
2024-04-30T11:00Z,ES,10558,0,17659
2024-04-30T12:00Z,ES,9740,0,18471
2024-04-30T13:00Z,ES,8228,0,17281
2024-04-30T14:00Z,ES,7978,0,15538
2024-04-30T15:00Z,ES,5729,0,12238
2024-04-30T16:00Z,ES,3398,0,8585
2024-04-30T17:00Z,ES,5007,0,5041
2024-04-30T18:00Z,ES,3404,0,1596
2024-04-30T19:00Z,ES,4130,0,0
2024-04-30T20:00Z,ES,2412,0,0
2024-04-30T21:00Z,ES,1299,0,0
2024-04-30T22:00Z,ES,1601,0,0
2024-04-30T23:00Z,ES,1386,0,0
2024-05-01T00:00Z,ES,1771,0,0
2024-05-01T01:00Z,ES,1145,0,0
2024-05-01T02:00Z,ES,798,0,0
2024-05-01T03:00Z,ES,1271,0,0
2024-05-01T04:00Z,ES,765,0,0
2024-05-01T05:00Z,ES,765,0,259
2024-05-01T06:00Z,ES,811,0,3465
2024-05-01T07:00Z,ES,833,0,7160
2024-05-01T08:00Z,ES,672,0,10892
2024-05-01T09:00Z,ES,782,0,14505
2024-05-01T10:00Z,ES,894,0,17167
2024-05-01T11:00Z,ES,809,0,19530
2024-05-01T12:00Z,ES,911,0,19783
2024-05-01T13:00Z,ES,680,0,17913
2024-05-01T14:00Z,ES,693,0,15902
2024-05-01T15:00Z,ES,790,0,12908
2024-05-01T16:00Z,ES,1116,0,9048
2024-05-01T17:00Z,ES,845,0,5409
2024-05-01T18:00Z,ES,855,0,1691
2024-05-01T19:00Z,ES,881,0,0
2024-05-01T20:00Z,ES,911,0,0
2024-05-01T21:00Z,ES,1684,0,0
2024-05-01T22:00Z,ES,2763,0,0
2024-05-01T23:00Z,ES,2030,0,0
2024-05-02T00:00Z,ES,1645,0,0
2024-05-02T01:00Z,ES,1184,0,0
2024-05-02T02:00Z,ES,1267,0,0
2024-05-02T03:00Z,ES,967,0,0
2024-05-02T04:00Z,ES,1247,0,0
2024-05-02T05:00Z,ES,1203,0,305
2024-05-02T06:00Z,ES,2301,0,3560
2024-05-02T07:00Z,ES,2504,0,7303
2024-05-02T08:00Z,ES,2945,0,11399
2024-05-02T09:00Z,ES,3977,0,15321
2024-05-02T10:00Z,ES,4232,0,18587
2024-05-02T11:00Z,ES,3979,0,20184
2024-05-02T12:00Z,ES,5035,0,19711
2024-05-02T13:00Z,ES,6072,0,18910
2024-05-02T14:00Z,ES,7418,0,17139
2024-05-02T15:00Z,ES,11523,0,13892
2024-05-02T16:00Z,ES,9736,0,10288
2024-05-02T17:00Z,ES,8596,0,5713
2024-05-02T18:00Z,ES,5842,0,1889
2024-05-02T19:00Z,ES,6276,0,0
2024-05-02T20:00Z,ES,5663,0,0
2024-05-02T21:00Z,ES,4733,0,0
2024-05-02T22:00Z,ES,6182,0,0
2024-05-02T23:00Z,ES,6046,0,0
2024-05-03T00:00Z,ES,8835,0,0
2024-05-03T01:00Z,ES,6639,0,0
2024-05-03T02:00Z,ES,13543,0,0
2024-05-03T03:00Z,ES,12220,0,0
2024-05-03T04:00Z,ES,13371,0,0
2024-05-03T05:00Z,ES,12092,0,310
2024-05-03T06:00Z,ES,10649,0,3167
2024-05-03T07:00Z,ES,11008,0,6786
2024-05-03T08:00Z,ES,12603,0,10447
2024-05-03T09:00Z,ES,14898,0,13907
2024-05-03T10:00Z,ES,12892,0,15942
2024-05-03T11:00Z,ES,10987,0,17414
2024-05-03T12:00Z,ES,11939,0,18553
2024-05-03T13:00Z,ES,14655,0,18388
2024-05-03T14:00Z,ES,13940,0,16635
2024-05-03T15:00Z,ES,7885,0,13558
2024-05-03T16:00Z,ES,7724,0,9741
2024-05-03T17:00Z,ES,8086,0,5638
2024-05-03T18:00Z,ES,8771,0,1813
2024-05-03T19:00Z,ES,10137,0,0
2024-05-03T20:00Z,ES,9637,0,0
2024-05-03T21:00Z,ES,9509,0,0
2024-05-03T22:00Z,ES,8007,0,0
2024-05-03T23:00Z,ES,6004,0,0
2024-05-04T00:00Z,ES,7570,0,0
2024-05-04T01:00Z,ES,4079,0,0
2024-05-04T02:00Z,ES,3438,0,0
2024-05-04T03:00Z,ES,2689,0,0
2024-05-04T04:00Z,ES,2667,0,0
2024-05-04T05:00Z,ES,2459,0,379
2024-05-04T06:00Z,ES,1762,0,3688
2024-05-04T07:00Z,ES,1700,0,7341
2024-05-04T08:00Z,ES,2021,0,11198
2024-05-04T09:00Z,ES,1236,0,15270
2024-05-04T10:00Z,ES,1032,0,17462
2024-05-04T11:00Z,ES,617,0,19695
2024-05-04T12:00Z,ES,343,0,20301
2024-05-04T13:00Z,ES,507,0,19675
2024-05-04T14:00Z,ES,683,0,17259
2024-05-04T15:00Z,ES,761,0,14012
2024-05-04T16:00Z,ES,712,0,9406
2024-05-04T17:00Z,ES,781,0,5656
2024-05-04T18:00Z,ES,893,0,2022
2024-05-04T19:00Z,ES,900,0,0
2024-05-04T20:00Z,ES,806,0,0
2024-05-04T21:00Z,ES,1609,0,0
2024-05-04T22:00Z,ES,1492,0,0
2024-05-04T23:00Z,ES,1116,0,0
2024-05-05T00:00Z,ES,1078,0,0
2024-05-05T01:00Z,ES,1410,0,0
2024-05-05T02:00Z,ES,1172,0,0
2024-05-05T03:00Z,ES,1752,0,0
2024-05-05T04:00Z,ES,1400,0,0
2024-05-05T05:00Z,ES,878,0,440
2024-05-05T06:00Z,ES,437,0,3856
2024-05-05T07:00Z,ES,398,0,7817
2024-05-05T08:00Z,ES,562,0,11481
2024-05-05T09:00Z,ES,505,0,14821
2024-05-05T10:00Z,ES,532,0,17456
2024-05-05T11:00Z,ES,464,0,18700
2024-05-05T12:00Z,ES,493,0,18748
2024-05-05T13:00Z,ES,203,0,17620
2024-05-05T14:00Z,ES,192,0,15105
2024-05-05T15:00Z,ES,186,0,11824
2024-05-05T16:00Z,ES,224,0,8153
2024-05-05T17:00Z,ES,254,0,4977
2024-05-05T18:00Z,ES,165,0,1603
2024-05-05T19:00Z,ES,168,0,0
2024-05-05T20:00Z,ES,284,0,0
2024-05-05T21:00Z,ES,237,0,0
2024-05-05T22:00Z,ES,145,0,0
2024-05-05T23:00Z,ES,309,0,0
2024-05-06T00:00Z,ES,379,0,0
2024-05-06T01:00Z,ES,282,0,0
2024-05-06T02:00Z,ES,380,0,0
2024-05-06T03:00Z,ES,372,0,0
2024-05-06T04:00Z,ES,219,0,0
2024-05-06T05:00Z,ES,352,0,475
2024-05-06T06:00Z,ES,486,0,3407
2024-05-06T07:00Z,ES,442,0,6664
2024-05-06T08:00Z,ES,497,0,10518
2024-05-06T09:00Z,ES,441,0,13112
2024-05-06T10:00Z,ES,355,0,15823
2024-05-06T11:00Z,ES,498,0,17746
2024-05-06T12:00Z,ES,854,0,18751
2024-05-06T13:00Z,ES,515,0,18201
2024-05-06T14:00Z,ES,620,0,16809
2024-05-06T15:00Z,ES,621,0,14253
2024-05-06T16:00Z,ES,907,0,9765
2024-05-06T17:00Z,ES,687,0,5937
2024-05-06T18:00Z,ES,680,0,2188
2024-05-06T19:00Z,ES,648,0,0
2024-05-06T20:00Z,ES,784,0,0
2024-05-06T21:00Z,ES,694,0,0
2024-05-06T22:00Z,ES,502,0,0
2024-05-06T23:00Z,ES,447,0,0
2024-05-07T00:00Z,ES,472,0,0
2024-05-07T01:00Z,ES,397,0,0
2024-05-07T02:00Z,ES,911,0,0
2024-05-07T03:00Z,ES,830,0,0
2024-05-07T04:00Z,ES,731,0,0
2024-05-07T05:00Z,ES,638,0,538
2024-05-07T06:00Z,ES,471,0,3872
2024-05-07T07:00Z,ES,645,0,7675
2024-05-07T08:00Z,ES,769,0,12206
2024-05-07T09:00Z,ES,1289,0,15804
2024-05-07T10:00Z,ES,1749,0,17096
2024-05-07T11:00Z,ES,1035,0,18622
2024-05-07T12:00Z,ES,1139,0,18464
2024-05-07T13:00Z,ES,810,0,16354
2024-05-07T14:00Z,ES,495,0,14854
2024-05-07T15:00Z,ES,911,0,12395
2024-05-07T16:00Z,ES,697,0,9164
2024-05-07T17:00Z,ES,265,0,5442
2024-05-07T18:00Z,ES,537,0,2008
2024-05-07T19:00Z,ES,675,0,0
2024-05-07T20:00Z,ES,623,0,0
2024-05-07T21:00Z,ES,450,0,0
2024-05-07T22:00Z,ES,335,0,0
2024-05-07T23:00Z,ES,268,0,0
2024-05-08T00:00Z,ES,493,0,0
2024-05-08T01:00Z,ES,367,0,0
2024-05-08T02:00Z,ES,759,0,0
2024-05-08T03:00Z,ES,683,0,0
2024-05-08T04:00Z,ES,857,0,0
2024-05-08T05:00Z,ES,445,0,572
2024-05-08T06:00Z,ES,448,0,4019
2024-05-08T07:00Z,ES,662,0,7943
2024-05-08T08:00Z,ES,570,0,11765
2024-05-08T09:00Z,ES,442,0,15457
2024-05-08T10:00Z,ES,637,0,16932
2024-05-08T11:00Z,ES,783,0,18528
2024-05-08T12:00Z,ES,582,0,19175
2024-05-08T13:00Z,ES,682,0,17571
2024-05-08T14:00Z,ES,601,0,16040
2024-05-08T15:00Z,ES,522,0,13313
2024-05-08T16:00Z,ES,481,0,9256
2024-05-08T17:00Z,ES,355,0,5755
2024-05-08T18:00Z,ES,339,0,2007
2024-05-08T19:00Z,ES,295,0,0
2024-05-08T20:00Z,ES,298,0,0
2024-05-08T21:00Z,ES,197,0,0
2024-05-08T22:00Z,ES,397,0,0
2024-05-08T23:00Z,ES,481,0,0
2024-05-09T00:00Z,ES,371,0,0
2024-05-09T01:00Z,ES,233,0,0
2024-05-09T02:00Z,ES,292,0,0
2024-05-09T03:00Z,ES,275,0,0
2024-05-09T04:00Z,ES,337,0,0
2024-05-09T05:00Z,ES,467,0,537
2024-05-09T06:00Z,ES,352,0,3462
2024-05-09T07:00Z,ES,517,0,7095
2024-05-09T08:00Z,ES,726,0,11762
2024-05-09T09:00Z,ES,766,0,14690
2024-05-09T10:00Z,ES,658,0,16342
2024-05-09T11:00Z,ES,734,0,16746
2024-05-09T12:00Z,ES,752,0,17449
2024-05-09T13:00Z,ES,751,0,17511
2024-05-09T14:00Z,ES,805,0,15407
2024-05-09T15:00Z,ES,666,0,11991
2024-05-09T16:00Z,ES,755,0,8805
2024-05-09T17:00Z,ES,615,0,5210
2024-05-09T18:00Z,ES,1161,0,1906
2024-05-09T19:00Z,ES,829,0,0
2024-05-09T20:00Z,ES,1128,0,0
2024-05-09T21:00Z,ES,585,0,0
2024-05-09T22:00Z,ES,810,0,0
2024-05-09T23:00Z,ES,855,0,0
2024-05-10T00:00Z,ES,852,0,0
2024-05-10T01:00Z,ES,682,0,0
2024-05-10T02:00Z,ES,515,0,0
2024-05-10T03:00Z,ES,676,0,0
2024-05-10T04:00Z,ES,376,0,0
2024-05-10T05:00Z,ES,253,0,467
2024-05-10T06:00Z,ES,378,0,3048
2024-05-10T07:00Z,ES,434,0,5867
2024-05-10T08:00Z,ES,436,0,8885
2024-05-10T09:00Z,ES,295,0,11494
2024-05-10T10:00Z,ES,276,0,13614
2024-05-10T11:00Z,ES,710,0,14118
2024-05-10T12:00Z,ES,1503,0,13991
2024-05-10T13:00Z,ES,1622,0,13707
2024-05-10T14:00Z,ES,1490,0,11787
2024-05-10T15:00Z,ES,1848,0,9805
2024-05-10T16:00Z,ES,1856,0,7498
2024-05-10T17:00Z,ES,2062,0,4350
2024-05-10T18:00Z,ES,1511,0,1663
2024-05-10T19:00Z,ES,1586,0,0
2024-05-10T20:00Z,ES,1305,0,0
2024-05-10T21:00Z,ES,1615,0,0
2024-05-10T22:00Z,ES,1584,0,0
2024-05-10T23:00Z,ES,1646,0,0
2024-05-11T00:00Z,ES,2221,0,0
2024-05-11T01:00Z,ES,1479,0,0
2024-05-11T02:00Z,ES,1827,0,0
2024-05-11T03:00Z,ES,1357,0,0
2024-05-11T04:00Z,ES,2059,0,0
2024-05-11T05:00Z,ES,2382,0,777
2024-05-11T06:00Z,ES,3197,0,4488
2024-05-11T07:00Z,ES,2989,0,8402
2024-05-11T08:00Z,ES,2712,0,12929
2024-05-11T09:00Z,ES,2939,0,16478
2024-05-11T10:00Z,ES,3586,0,19819
2024-05-11T11:00Z,ES,3672,0,21532
2024-05-11T12:00Z,ES,4158,0,21880
2024-05-11T13:00Z,ES,5388,0,20547
2024-05-11T14:00Z,ES,5891,0,17714
2024-05-11T15:00Z,ES,5525,0,14116
2024-05-11T16:00Z,ES,5456,0,10521
2024-05-11T17:00Z,ES,6100,0,6264
2024-05-11T18:00Z,ES,5936,0,2330
2024-05-11T19:00Z,ES,8584,0,0
2024-05-11T20:00Z,ES,14494,0,0
2024-05-11T21:00Z,ES,9479,0,0
2024-05-11T22:00Z,ES,8386,0,0
2024-05-11T23:00Z,ES,9879,0,0
2024-05-12T00:00Z,ES,7213,0,0
2024-05-12T01:00Z,ES,7090,0,0
2024-05-12T02:00Z,ES,5842,0,0
2024-05-12T03:00Z,ES,3354,0,0
2024-05-12T04:00Z,ES,2874,0,0
2024-05-12T05:00Z,ES,3139,0,547
2024-05-12T06:00Z,ES,4418,0,3080
2024-05-12T07:00Z,ES,5429,0,5922
2024-05-12T08:00Z,ES,2870,0,8993
2024-05-12T09:00Z,ES,3264,0,11602
2024-05-12T10:00Z,ES,2835,0,13785
2024-05-12T11:00Z,ES,4828,0,14739
2024-05-12T12:00Z,ES,6728,0,15388
2024-05-12T13:00Z,ES,4819,0,14202
2024-05-12T14:00Z,ES,4527,0,12318
2024-05-12T15:00Z,ES,3912,0,9821
2024-05-12T16:00Z,ES,3181,0,7663
2024-05-12T17:00Z,ES,2827,0,4326
2024-05-12T18:00Z,ES,2799,0,1659
2024-05-12T19:00Z,ES,3778,0,0
2024-05-12T20:00Z,ES,3900,0,0
2024-05-12T21:00Z,ES,4406,0,0
2024-05-12T22:00Z,ES,4994,0,0
2024-05-12T23:00Z,ES,2904,0,0
2024-05-13T00:00Z,ES,3080,0,0
2024-05-13T01:00Z,ES,2229,0,0
2024-05-13T02:00Z,ES,3279,0,0
2024-05-13T03:00Z,ES,3735,0,0
2024-05-13T04:00Z,ES,2130,0,0
2024-05-13T05:00Z,ES,2821,0,587
2024-05-13T06:00Z,ES,3141,0,2892
2024-05-13T07:00Z,ES,3265,0,5624
2024-05-13T08:00Z,ES,2522,0,9111
2024-05-13T09:00Z,ES,2408,0,11452
2024-05-13T10:00Z,ES,2015,0,13776
2024-05-13T11:00Z,ES,2162,0,14812
2024-05-13T12:00Z,ES,2917,0,14375
2024-05-13T13:00Z,ES,3162,0,14053
2024-05-13T14:00Z,ES,4651,0,13570
2024-05-13T15:00Z,ES,4812,0,10232
2024-05-13T16:00Z,ES,5163,0,7215
2024-05-13T17:00Z,ES,3245,0,4596
2024-05-13T18:00Z,ES,4382,0,1793
2024-05-13T19:00Z,ES,4795,0,0
2024-05-13T20:00Z,ES,4100,0,0
2024-05-13T21:00Z,ES,4113,0,0
2024-05-13T22:00Z,ES,3400,0,0
2024-05-13T23:00Z,ES,5870,0,0
2024-05-14T00:00Z,ES,5831,0,0
2024-05-14T01:00Z,ES,5785,0,0
2024-05-14T02:00Z,ES,4305,0,0
2024-05-14T03:00Z,ES,3529,0,0
2024-05-14T04:00Z,ES,2976,0,0
2024-05-14T05:00Z,ES,2922,0,339
2024-05-14T06:00Z,ES,2282,0,1621
2024-05-14T07:00Z,ES,2065,0,3185
2024-05-14T08:00Z,ES,1548,0,4841
2024-05-14T09:00Z,ES,2232,0,6193
2024-05-14T10:00Z,ES,3288,0,7585
2024-05-14T11:00Z,ES,4072,0,7950
2024-05-14T12:00Z,ES,4705,0,7799
2024-05-14T13:00Z,ES,5197,0,7543
2024-05-14T14:00Z,ES,4384,0,6264
2024-05-14T15:00Z,ES,4612,0,5279
2024-05-14T16:00Z,ES,6013,0,3878
2024-05-14T17:00Z,ES,4949,0,2453
2024-05-14T18:00Z,ES,2879,0,963
2024-05-14T19:00Z,ES,2117,0,0
2024-05-14T20:00Z,ES,2486,0,0
2024-05-14T21:00Z,ES,2617,0,0
2024-05-14T22:00Z,ES,2216,0,0
2024-05-14T23:00Z,ES,1885,0,0
2024-05-15T00:00Z,ES,1955,0,0
2024-05-15T01:00Z,ES,1331,0,0
2024-05-15T02:00Z,ES,1522,0,0
2024-05-15T03:00Z,ES,1478,0,0
2024-05-15T04:00Z,ES,1387,0,0
2024-05-15T05:00Z,ES,1066,0,633
2024-05-15T06:00Z,ES,886,0,2730
2024-05-15T07:00Z,ES,947,0,4873
2024-05-15T08:00Z,ES,1282,0,7015
2024-05-15T09:00Z,ES,1097,0,8487
2024-05-15T10:00Z,ES,867,0,9687
2024-05-15T11:00Z,ES,1102,0,11196
2024-05-15T12:00Z,ES,1168,0,11983
2024-05-15T13:00Z,ES,1219,0,11467
2024-05-15T14:00Z,ES,1549,0,10865
2024-05-15T15:00Z,ES,874,0,8786
2024-05-15T16:00Z,ES,808,0,6101
2024-05-15T17:00Z,ES,1298,0,3814
2024-05-15T18:00Z,ES,651,0,1596
2024-05-15T19:00Z,ES,378,0,0
2024-05-15T20:00Z,ES,503,0,0
2024-05-15T21:00Z,ES,362,0,0
2024-05-15T22:00Z,ES,474,0,0
2024-05-15T23:00Z,ES,388,0,0
2024-05-16T00:00Z,ES,449,0,0
2024-05-16T01:00Z,ES,353,0,0
2024-05-16T02:00Z,ES,585,0,0
2024-05-16T03:00Z,ES,979,0,0
2024-05-16T04:00Z,ES,1279,0,0
2024-05-16T05:00Z,ES,1493,0,791
2024-05-16T06:00Z,ES,1629,0,4092
2024-05-16T07:00Z,ES,1337,0,7892
2024-05-16T08:00Z,ES,1224,0,11214
2024-05-16T09:00Z,ES,1398,0,14244
2024-05-16T10:00Z,ES,1469,0,17474
2024-05-16T11:00Z,ES,2595,0,18885
2024-05-16T12:00Z,ES,2348,0,17734
2024-05-16T13:00Z,ES,1519,0,17654
2024-05-16T14:00Z,ES,1673,0,15524
2024-05-16T15:00Z,ES,2305,0,11867
2024-05-16T16:00Z,ES,2906,0,8894
2024-05-16T17:00Z,ES,2408,0,5529
2024-05-16T18:00Z,ES,2017,0,2223
2024-05-16T19:00Z,ES,1167,0,0
2024-05-16T20:00Z,ES,617,0,0
2024-05-16T21:00Z,ES,927,0,0
2024-05-16T22:00Z,ES,1650,0,0
2024-05-16T23:00Z,ES,2594,0,0
2024-05-17T00:00Z,ES,2398,0,0
2024-05-17T01:00Z,ES,2937,0,0
2024-05-17T02:00Z,ES,3664,0,0
2024-05-17T03:00Z,ES,5912,0,0
2024-05-17T04:00Z,ES,6809,0,0
2024-05-17T05:00Z,ES,9710,0,981
2024-05-17T06:00Z,ES,7579,0,4422
2024-05-17T07:00Z,ES,7482,0,7633
2024-05-17T08:00Z,ES,5732,0,11496
2024-05-17T09:00Z,ES,6218,0,14610
2024-05-17T10:00Z,ES,5822,0,17046
2024-05-17T11:00Z,ES,4097,0,17894
2024-05-17T12:00Z,ES,5343,0,18077
2024-05-17T13:00Z,ES,7655,0,18728
2024-05-17T14:00Z,ES,8880,0,16538
2024-05-17T15:00Z,ES,7213,0,13419
2024-05-17T16:00Z,ES,6912,0,9722
2024-05-17T17:00Z,ES,7241,0,5984
2024-05-17T18:00Z,ES,8918,0,2304
2024-05-17T19:00Z,ES,7921,0,0
2024-05-17T20:00Z,ES,6459,0,0
2024-05-17T21:00Z,ES,5148,0,0
2024-05-17T22:00Z,ES,3926,0,0
2024-05-17T23:00Z,ES,3785,0,0
2024-05-18T00:00Z,ES,5239,0,0
2024-05-18T01:00Z,ES,5037,0,0
2024-05-18T02:00Z,ES,5116,0,0
2024-05-18T03:00Z,ES,4448,0,0
2024-05-18T04:00Z,ES,6056,0,0
2024-05-18T05:00Z,ES,8148,0,851
2024-05-18T06:00Z,ES,6734,0,3785
2024-05-18T07:00Z,ES,9487,0,6988
2024-05-18T08:00Z,ES,9165,0,10234
2024-05-18T09:00Z,ES,9563,0,12706
2024-05-18T10:00Z,ES,7752,0,15087
2024-05-18T11:00Z,ES,6425,0,16474
2024-05-18T12:00Z,ES,4307,0,16893
2024-05-18T13:00Z,ES,3218,0,16367
2024-05-18T14:00Z,ES,3304,0,14447
2024-05-18T15:00Z,ES,3312,0,11757
2024-05-18T16:00Z,ES,3059,0,9356
2024-05-18T17:00Z,ES,1272,0,5698
2024-05-18T18:00Z,ES,1239,0,2271
2024-05-18T19:00Z,ES,1517,0,0
2024-05-18T20:00Z,ES,1230,0,0
2024-05-18T21:00Z,ES,1284,0,0
2024-05-18T22:00Z,ES,687,0,0
2024-05-18T23:00Z,ES,964,0,0
2024-05-19T00:00Z,ES,892,0,0
2024-05-19T01:00Z,ES,952,0,0
2024-05-19T02:00Z,ES,1820,0,0
2024-05-19T03:00Z,ES,1513,0,0
2024-05-19T04:00Z,ES,1208,0,0
2024-05-19T05:00Z,ES,1306,0,771
2024-05-19T06:00Z,ES,2040,0,3284
2024-05-19T07:00Z,ES,2527,0,6475
2024-05-19T08:00Z,ES,1838,0,9701
2024-05-19T09:00Z,ES,2599,0,12363
2024-05-19T10:00Z,ES,3367,0,13324
2024-05-19T11:00Z,ES,3135,0,14400
2024-05-19T12:00Z,ES,2376,0,14836
2024-05-19T13:00Z,ES,2253,0,14660
2024-05-19T14:00Z,ES,2416,0,13195
2024-05-19T15:00Z,ES,2268,0,11102
2024-05-19T16:00Z,ES,1167,0,8078
2024-05-19T17:00Z,ES,2564,0,4781
2024-05-19T18:00Z,ES,2602,0,1944
2024-05-19T19:00Z,ES,2281,0,0
2024-05-19T20:00Z,ES,2999,0,0
2024-05-19T21:00Z,ES,3230,0,0
2024-05-19T22:00Z,ES,4063,0,0
2024-05-19T23:00Z,ES,3148,0,0
2024-05-20T00:00Z,ES,3318,0,0
2024-05-20T01:00Z,ES,2991,0,0
2024-05-20T02:00Z,ES,3238,0,0
2024-05-20T03:00Z,ES,2784,0,0
2024-05-20T04:00Z,ES,3090,0,0
2024-05-20T05:00Z,ES,2721,0,570
2024-05-20T06:00Z,ES,5074,0,2300
2024-05-20T07:00Z,ES,6135,0,3917
2024-05-20T08:00Z,ES,6058,0,5930
2024-05-20T09:00Z,ES,4842,0,7593
2024-05-20T10:00Z,ES,4489,0,8322
2024-05-20T11:00Z,ES,3368,0,9787
2024-05-20T12:00Z,ES,4670,0,9426
2024-05-20T13:00Z,ES,4661,0,8456
2024-05-20T14:00Z,ES,3151,0,6227
2024-05-20T15:00Z,ES,2192,0,5421
2024-05-20T16:00Z,ES,2454,0,3876
2024-05-20T17:00Z,ES,3217,0,2344
2024-05-20T18:00Z,ES,6546,0,1019
2024-05-20T19:00Z,ES,7052,0,0
2024-05-20T20:00Z,ES,6899,0,0
2024-05-20T21:00Z,ES,8298,0,0
2024-05-20T22:00Z,ES,12441,0,0
2024-05-20T23:00Z,ES,16071,0,0
2024-05-21T00:00Z,ES,19804,0,0
2024-05-21T01:00Z,ES,19788,0,0
2024-05-21T02:00Z,ES,18778,0,0
2024-05-21T03:00Z,ES,18379,0,0
2024-05-21T04:00Z,ES,21625,0,0
2024-05-21T05:00Z,ES,19524,0,509
2024-05-21T06:00Z,ES,15336,0,2191
2024-05-21T07:00Z,ES,14941,0,4192
2024-05-21T08:00Z,ES,11668,0,6183
2024-05-21T09:00Z,ES,10910,0,7270
2024-05-21T10:00Z,ES,10026,0,9131
2024-05-21T11:00Z,ES,9146,0,10399
2024-05-21T12:00Z,ES,11608,0,8211
2024-05-21T13:00Z,ES,16616,0,8033
2024-05-21T14:00Z,ES,17542,0,7741
2024-05-21T15:00Z,ES,13885,0,6513
2024-05-21T16:00Z,ES,14091,0,4917
2024-05-21T17:00Z,ES,16625,0,3447
2024-05-21T18:00Z,ES,16426,0,1318
2024-05-21T19:00Z,ES,16208,0,0
2024-05-21T20:00Z,ES,14677,0,0
2024-05-21T21:00Z,ES,11112,0,0
2024-05-21T22:00Z,ES,11247,0,0
2024-05-21T23:00Z,ES,11488,0,0
2024-05-22T00:00Z,ES,12317,0,0
2024-05-22T01:00Z,ES,8239,0,0
2024-05-22T02:00Z,ES,7440,0,0
2024-05-22T03:00Z,ES,8588,0,0
2024-05-22T04:00Z,ES,6644,0,0
2024-05-22T05:00Z,ES,4772,0,847
2024-05-22T06:00Z,ES,6044,0,3558
2024-05-22T07:00Z,ES,5311,0,6939
2024-05-22T08:00Z,ES,7191,0,8949
2024-05-22T09:00Z,ES,8235,0,11551
2024-05-22T10:00Z,ES,6856,0,13966
2024-05-22T11:00Z,ES,7787,0,14600
2024-05-22T12:00Z,ES,9723,0,15360
2024-05-22T13:00Z,ES,7372,0,13994
2024-05-22T14:00Z,ES,8128,0,12511
2024-05-22T15:00Z,ES,6130,0,10300
2024-05-22T16:00Z,ES,3779,0,7405
2024-05-22T17:00Z,ES,4975,0,5121
2024-05-22T18:00Z,ES,3733,0,2248
2024-05-22T19:00Z,ES,2289,0,0
2024-05-22T20:00Z,ES,1983,0,0
2024-05-22T21:00Z,ES,1938,0,0
2024-05-22T22:00Z,ES,2671,0,0
2024-05-22T23:00Z,ES,2690,0,0
2024-05-23T00:00Z,ES,3065,0,0
2024-05-23T01:00Z,ES,3620,0,0
2024-05-23T02:00Z,ES,3057,0,0
2024-05-23T03:00Z,ES,3536,0,0
2024-05-23T04:00Z,ES,3630,0,0
2024-05-23T05:00Z,ES,3500,0,1045
2024-05-23T06:00Z,ES,2963,0,3969
2024-05-23T07:00Z,ES,2707,0,7634
2024-05-23T08:00Z,ES,2615,0,11092
2024-05-23T09:00Z,ES,3249,0,14581
2024-05-23T10:00Z,ES,3373,0,17212
2024-05-23T11:00Z,ES,3081,0,17939
2024-05-23T12:00Z,ES,2438,0,18491
2024-05-23T13:00Z,ES,1899,0,16411
2024-05-23T14:00Z,ES,1956,0,14608
2024-05-23T15:00Z,ES,2451,0,12582
2024-05-23T16:00Z,ES,2701,0,9582
2024-05-23T17:00Z,ES,3145,0,6051
2024-05-23T18:00Z,ES,4497,0,2805
2024-05-23T19:00Z,ES,2956,0,0
2024-05-23T20:00Z,ES,2371,0,0
2024-05-23T21:00Z,ES,2069,0,0
2024-05-23T22:00Z,ES,1179,0,0
2024-05-23T23:00Z,ES,644,0,0
2024-05-24T00:00Z,ES,680,0,0
2024-05-24T01:00Z,ES,986,0,0
2024-05-24T02:00Z,ES,868,0,0
2024-05-24T03:00Z,ES,1512,0,0
2024-05-24T04:00Z,ES,1189,0,0
2024-05-24T05:00Z,ES,1686,0,1017
2024-05-24T06:00Z,ES,932,0,3795
2024-05-24T07:00Z,ES,1138,0,6750
2024-05-24T08:00Z,ES,985,0,9252
2024-05-24T09:00Z,ES,1034,0,12200
2024-05-24T10:00Z,ES,694,0,14188
2024-05-24T11:00Z,ES,799,0,14757
2024-05-24T12:00Z,ES,586,0,14800
2024-05-24T13:00Z,ES,824,0,13262
2024-05-24T14:00Z,ES,575,0,12305
2024-05-24T15:00Z,ES,288,0,10705
2024-05-24T16:00Z,ES,303,0,7856
2024-05-24T17:00Z,ES,311,0,5037
2024-05-24T18:00Z,ES,364,0,2249
2024-05-24T19:00Z,ES,463,0,0
2024-05-24T20:00Z,ES,695,0,0
2024-05-24T21:00Z,ES,1039,0,0
2024-05-24T22:00Z,ES,1079,0,0
2024-05-24T23:00Z,ES,1531,0,0
2024-05-25T00:00Z,ES,1237,0,0
2024-05-25T01:00Z,ES,1494,0,0
2024-05-25T02:00Z,ES,2328,0,0
2024-05-25T03:00Z,ES,3276,0,0
2024-05-25T04:00Z,ES,3226,0,0
2024-05-25T05:00Z,ES,4633,0,1269
2024-05-25T06:00Z,ES,3252,0,4857
2024-05-25T07:00Z,ES,3649,0,9054
2024-05-25T08:00Z,ES,3941,0,13130
2024-05-25T09:00Z,ES,3514,0,15697
2024-05-25T10:00Z,ES,3291,0,16821
2024-05-25T11:00Z,ES,3295,0,19237
2024-05-25T12:00Z,ES,2317,0,19412
2024-05-25T13:00Z,ES,2425,0,19057
2024-05-25T14:00Z,ES,3007,0,15936
2024-05-25T15:00Z,ES,5282,0,12373
2024-05-25T16:00Z,ES,5028,0,9440
2024-05-25T17:00Z,ES,3941,0,5936
2024-05-25T18:00Z,ES,5463,0,2625
2024-05-25T19:00Z,ES,5187,0,5
2024-05-25T20:00Z,ES,5242,0,0
2024-05-25T21:00Z,ES,4990,0,0
2024-05-25T22:00Z,ES,3508,0,0
2024-05-25T23:00Z,ES,4298,0,0
2024-05-26T00:00Z,ES,3578,0,0
2024-05-26T01:00Z,ES,6757,0,0
2024-05-26T02:00Z,ES,6328,0,0
2024-05-26T03:00Z,ES,6636,0,0
2024-05-26T04:00Z,ES,5998,0,0
2024-05-26T05:00Z,ES,7923,0,1318
2024-05-26T06:00Z,ES,10928,0,4913
2024-05-26T07:00Z,ES,12583,0,8835
2024-05-26T08:00Z,ES,10384,0,12781
2024-05-26T09:00Z,ES,10868,0,16374
2024-05-26T10:00Z,ES,9468,0,17335
2024-05-26T11:00Z,ES,10175,0,18284
2024-05-26T12:00Z,ES,8633,0,18425
2024-05-26T13:00Z,ES,8285,0,17150
2024-05-26T14:00Z,ES,9855,0,15952
2024-05-26T15:00Z,ES,4541,0,13090
2024-05-26T16:00Z,ES,5673,0,9970
2024-05-26T17:00Z,ES,7473,0,6066
2024-05-26T18:00Z,ES,9269,0,2793
2024-05-26T19:00Z,ES,7342,0,19
2024-05-26T20:00Z,ES,6843,0,0
2024-05-26T21:00Z,ES,4905,0,0
2024-05-26T22:00Z,ES,4221,0,0
2024-05-26T23:00Z,ES,5560,0,0
2024-05-27T00:00Z,ES,6465,0,0
2024-05-27T01:00Z,ES,7471,0,0
2024-05-27T02:00Z,ES,8021,0,0
2024-05-27T03:00Z,ES,7429,0,0
2024-05-27T04:00Z,ES,6019,0,0
2024-05-27T05:00Z,ES,5844,0,1336
2024-05-27T06:00Z,ES,7291,0,4705
2024-05-27T07:00Z,ES,5505,0,8771
2024-05-27T08:00Z,ES,6221,0,12513
2024-05-27T09:00Z,ES,8837,0,15571
2024-05-27T10:00Z,ES,9109,0,17549
2024-05-27T11:00Z,ES,7028,0,19596
2024-05-27T12:00Z,ES,8108,0,20936
2024-05-27T13:00Z,ES,7058,0,19880
2024-05-27T14:00Z,ES,9972,0,18204
2024-05-27T15:00Z,ES,6496,0,14770
2024-05-27T16:00Z,ES,5572,0,11114
2024-05-27T17:00Z,ES,4071,0,6784
2024-05-27T18:00Z,ES,4776,0,2995
2024-05-27T19:00Z,ES,5162,0,38
2024-05-27T20:00Z,ES,4071,0,0
2024-05-27T21:00Z,ES,2544,0,0
2024-05-27T22:00Z,ES,3185,0,0
2024-05-27T23:00Z,ES,3182,0,0
2024-05-28T00:00Z,ES,2855,0,0
2024-05-28T01:00Z,ES,2499,0,0
2024-05-28T02:00Z,ES,4174,0,0
2024-05-28T03:00Z,ES,4035,0,0
2024-05-28T04:00Z,ES,6085,0,0
2024-05-28T05:00Z,ES,7345,0,1481
2024-05-28T06:00Z,ES,7170,0,5292
2024-05-28T07:00Z,ES,7865,0,9601
2024-05-28T08:00Z,ES,5847,0,13858
2024-05-28T09:00Z,ES,6162,0,17604
2024-05-28T10:00Z,ES,5822,0,19929
2024-05-28T11:00Z,ES,4700,0,21687
2024-05-28T12:00Z,ES,4031,0,21441
2024-05-28T13:00Z,ES,2733,0,20241
2024-05-28T14:00Z,ES,3587,0,17902
2024-05-28T15:00Z,ES,4672,0,15342
2024-05-28T16:00Z,ES,7311,0,11723
2024-05-28T17:00Z,ES,11389,0,7039
2024-05-28T18:00Z,ES,10975,0,3061
2024-05-28T19:00Z,ES,6959,0,60
2024-05-28T20:00Z,ES,8243,0,0
2024-05-28T21:00Z,ES,8027,0,0
2024-05-28T22:00Z,ES,7829,0,0
2024-05-28T23:00Z,ES,9153,0,0
2024-05-29T00:00Z,ES,9994,0,0
2024-05-29T01:00Z,ES,8290,0,0
2024-05-29T02:00Z,ES,8297,0,0
2024-05-29T03:00Z,ES,5373,0,0
2024-05-29T04:00Z,ES,8366,0,0
2024-05-29T05:00Z,ES,10916,0,1339
2024-05-29T06:00Z,ES,10556,0,4606
2024-05-29T07:00Z,ES,11125,0,8190
2024-05-29T08:00Z,ES,8996,0,12267
2024-05-29T09:00Z,ES,10427,0,15526
2024-05-29T10:00Z,ES,9544,0,17472
2024-05-29T11:00Z,ES,8066,0,18087
2024-05-29T12:00Z,ES,7264,0,17750
2024-05-29T13:00Z,ES,10797,0,17186
2024-05-29T14:00Z,ES,10692,0,16339
2024-05-29T15:00Z,ES,11362,0,13384
2024-05-29T16:00Z,ES,6089,0,9701
2024-05-29T17:00Z,ES,5597,0,6146
2024-05-29T18:00Z,ES,5397,0,2808
2024-05-29T19:00Z,ES,3500,0,72
2024-05-29T20:00Z,ES,2820,0,0
2024-05-29T21:00Z,ES,2695,0,0
2024-05-29T22:00Z,ES,2643,0,0
2024-05-29T23:00Z,ES,3342,0,0
2024-05-30T00:00Z,ES,3236,0,0
2024-05-30T01:00Z,ES,5254,0,0
2024-05-30T02:00Z,ES,6186,0,0
2024-05-30T03:00Z,ES,3658,0,0
2024-05-30T04:00Z,ES,3577,0,0
2024-05-30T05:00Z,ES,1775,0,1482
2024-05-30T06:00Z,ES,3054,0,5361
2024-05-30T07:00Z,ES,2884,0,9667
2024-05-30T08:00Z,ES,4142,0,13918
2024-05-30T09:00Z,ES,4737,0,17458
2024-05-30T10:00Z,ES,3837,0,20515
2024-05-30T11:00Z,ES,4092,0,22195
2024-05-30T12:00Z,ES,3021,0,22536
2024-05-30T13:00Z,ES,3271,0,21504
2024-05-30T14:00Z,ES,1745,0,19200
2024-05-30T15:00Z,ES,3817,0,15854
2024-05-30T16:00Z,ES,4711,0,11801
2024-05-30T17:00Z,ES,4101,0,7461
2024-05-30T18:00Z,ES,3007,0,3324
2024-05-30T19:00Z,ES,2631,0,102
2024-05-30T20:00Z,ES,3586,0,0
2024-05-30T21:00Z,ES,5427,0,0
2024-05-30T22:00Z,ES,7189,0,0
2024-05-30T23:00Z,ES,8199,0,0
2024-05-31T00:00Z,ES,7301,0,0
2024-05-31T01:00Z,ES,6775,0,0
2024-05-31T02:00Z,ES,6642,0,0
2024-05-31T03:00Z,ES,5027,0,0
2024-05-31T04:00Z,ES,8721,0,0
2024-05-31T05:00Z,ES,8471,0,1572
2024-05-31T06:00Z,ES,8756,0,5392
2024-05-31T07:00Z,ES,12349,0,9698
2024-05-31T08:00Z,ES,14515,0,13947
2024-05-31T09:00Z,ES,11589,0,17687
2024-05-31T10:00Z,ES,12590,0,20538
2024-05-31T11:00Z,ES,15692,0,22217
2024-05-31T12:00Z,ES,18515,0,21228
2024-05-31T13:00Z,ES,18342,0,20715
2024-05-31T14:00Z,ES,18163,0,18419
2024-05-31T15:00Z,ES,18778,0,15579
2024-05-31T16:00Z,ES,17774,0,11687
2024-05-31T17:00Z,ES,19255,0,7058
2024-05-31T18:00Z,ES,20763,0,3145
2024-05-31T19:00Z,ES,20249,0,115
2024-05-31T20:00Z,ES,19848,0,0
2024-05-31T21:00Z,ES,17144,0,0
2024-05-31T22:00Z,ES,14473,0,0
2024-05-31T23:00Z,ES,15071,0,0
2024-06-01T00:00Z,ES,13066,0,0
2024-06-01T01:00Z,ES,12908,0,0
2024-06-01T02:00Z,ES,10389,0,0
2024-06-01T03:00Z,ES,9461,0,0
2024-06-01T04:00Z,ES,8203,0,0
2024-06-01T05:00Z,ES,6003,0,1361
2024-06-01T06:00Z,ES,4946,0,4718
2024-06-01T07:00Z,ES,7980,0,8241
2024-06-01T08:00Z,ES,6845,0,12005
2024-06-01T09:00Z,ES,7077,0,16057
2024-06-01T10:00Z,ES,6051,0,19233
2024-06-01T11:00Z,ES,3924,0,21685
2024-06-01T12:00Z,ES,2608,0,21842
2024-06-01T13:00Z,ES,3010,0,21108
2024-06-01T14:00Z,ES,4153,0,18779
2024-06-01T15:00Z,ES,2857,0,15580
2024-06-01T16:00Z,ES,2794,0,11859
2024-06-01T17:00Z,ES,2551,0,7523
2024-06-01T18:00Z,ES,1900,0,3385
2024-06-01T19:00Z,ES,1375,0,139
2024-06-01T20:00Z,ES,804,0,0
2024-06-01T21:00Z,ES,1351,0,0
2024-06-01T22:00Z,ES,1034,0,0
2024-06-01T23:00Z,ES,1163,0,0
2024-06-02T00:00Z,ES,2309,0,0
2024-06-02T01:00Z,ES,1677,0,0
2024-06-02T02:00Z,ES,1813,0,0
2024-06-02T03:00Z,ES,1699,0,0
2024-06-02T04:00Z,ES,1294,0,0
2024-06-02T05:00Z,ES,1171,0,1113
2024-06-02T06:00Z,ES,1256,0,3899
2024-06-02T07:00Z,ES,1302,0,6663
2024-06-02T08:00Z,ES,1734,0,9827
2024-06-02T09:00Z,ES,2851,0,12795
2024-06-02T10:00Z,ES,4713,0,14709
2024-06-02T11:00Z,ES,6185,0,16560
2024-06-02T12:00Z,ES,8644,0,16436
2024-06-02T13:00Z,ES,7205,0,15180
2024-06-02T14:00Z,ES,7240,0,13861
2024-06-02T15:00Z,ES,11817,0,11879
2024-06-02T16:00Z,ES,7239,0,8507
2024-06-02T17:00Z,ES,4723,0,5476
2024-06-02T18:00Z,ES,5109,0,2321
2024-06-02T19:00Z,ES,3106,0,107
2024-06-02T20:00Z,ES,2775,0,0
2024-06-02T21:00Z,ES,2944,0,0
2024-06-02T22:00Z,ES,5273,0,0
2024-06-02T23:00Z,ES,4710,0,0
2024-06-03T00:00Z,ES,4541,0,0
2024-06-03T01:00Z,ES,3343,0,0
2024-06-03T02:00Z,ES,2296,0,0
2024-06-03T03:00Z,ES,3509,0,0
2024-06-03T04:00Z,ES,4931,0,0
2024-06-03T05:00Z,ES,5411,0,1486
2024-06-03T06:00Z,ES,4219,0,4874
2024-06-03T07:00Z,ES,5234,0,8564
2024-06-03T08:00Z,ES,7677,0,12187
2024-06-03T09:00Z,ES,6520,0,15278
2024-06-03T10:00Z,ES,7360,0,17845
2024-06-03T11:00Z,ES,7771,0,19930
2024-06-03T12:00Z,ES,7258,0,19630
2024-06-03T13:00Z,ES,7598,0,19119
2024-06-03T14:00Z,ES,5702,0,16742
2024-06-03T15:00Z,ES,4492,0,14357
2024-06-03T16:00Z,ES,6067,0,10782
2024-06-03T17:00Z,ES,3114,0,6498
2024-06-03T18:00Z,ES,2660,0,3067
2024-06-03T19:00Z,ES,1985,0,164
2024-06-03T20:00Z,ES,1296,0,0
2024-06-03T21:00Z,ES,1971,0,0
2024-06-03T22:00Z,ES,1921,0,0
2024-06-03T23:00Z,ES,1408,0,0
2024-06-04T00:00Z,ES,1185,0,0
2024-06-04T01:00Z,ES,1454,0,0
2024-06-04T02:00Z,ES,1045,0,0
2024-06-04T03:00Z,ES,1107,0,0
2024-06-04T04:00Z,ES,993,0,0
2024-06-04T05:00Z,ES,1190,0,1676
2024-06-04T06:00Z,ES,1110,0,5439
2024-06-04T07:00Z,ES,1373,0,9806
2024-06-04T08:00Z,ES,1700,0,14046
2024-06-04T09:00Z,ES,1677,0,17776
2024-06-04T10:00Z,ES,1080,0,20620
2024-06-04T11:00Z,ES,1558,0,21426
2024-06-04T12:00Z,ES,2184,0,22529
2024-06-04T13:00Z,ES,2151,0,21485
2024-06-04T14:00Z,ES,1693,0,19275
2024-06-04T15:00Z,ES,1259,0,15975
2024-06-04T16:00Z,ES,1237,0,11391
2024-06-04T17:00Z,ES,1405,0,7440
2024-06-04T18:00Z,ES,1486,0,3466
2024-06-04T19:00Z,ES,1085,0,197
2024-06-04T20:00Z,ES,527,0,0
2024-06-04T21:00Z,ES,865,0,0
2024-06-04T22:00Z,ES,619,0,0
2024-06-04T23:00Z,ES,444,0,0
2024-06-05T00:00Z,ES,474,0,0
2024-06-05T01:00Z,ES,412,0,0
2024-06-05T02:00Z,ES,631,0,0
2024-06-05T03:00Z,ES,844,0,0
2024-06-05T04:00Z,ES,840,0,0
2024-06-05T05:00Z,ES,493,0,1699
2024-06-05T06:00Z,ES,356,0,5439
2024-06-05T07:00Z,ES,458,0,9548
2024-06-05T08:00Z,ES,477,0,13380
2024-06-05T09:00Z,ES,640,0,17260
2024-06-05T10:00Z,ES,763,0,19843
2024-06-05T11:00Z,ES,904,0,21171
2024-06-05T12:00Z,ES,1065,0,21118
2024-06-05T13:00Z,ES,1459,0,19811
2024-06-05T14:00Z,ES,1546,0,16958
2024-06-05T15:00Z,ES,2501,0,13900
2024-06-05T16:00Z,ES,2529,0,9699
2024-06-05T17:00Z,ES,2349,0,6103
2024-06-05T18:00Z,ES,2699,0,2739
2024-06-05T19:00Z,ES,3241,0,174
2024-06-05T20:00Z,ES,2676,0,0
2024-06-05T21:00Z,ES,3182,0,0
2024-06-05T22:00Z,ES,4561,0,0
2024-06-05T23:00Z,ES,4662,0,0
2024-06-06T00:00Z,ES,5773,0,0
2024-06-06T01:00Z,ES,3902,0,0
2024-06-06T02:00Z,ES,4023,0,0
2024-06-06T03:00Z,ES,4759,0,0
2024-06-06T04:00Z,ES,6678,0,0
2024-06-06T05:00Z,ES,6230,0,1516
2024-06-06T06:00Z,ES,6066,0,4911
2024-06-06T07:00Z,ES,6748,0,8923
2024-06-06T08:00Z,ES,9243,0,12647
2024-06-06T09:00Z,ES,8947,0,16603
2024-06-06T10:00Z,ES,11190,0,18965
2024-06-06T11:00Z,ES,11547,0,20465
2024-06-06T12:00Z,ES,12484,0,21669
2024-06-06T13:00Z,ES,16784,0,20763
2024-06-06T14:00Z,ES,18713,0,18951
2024-06-06T15:00Z,ES,21570,0,16015
2024-06-06T16:00Z,ES,21325,0,11978
2024-06-06T17:00Z,ES,21963,0,7650
2024-06-06T18:00Z,ES,23079,0,3476
2024-06-06T19:00Z,ES,19157,0,219
2024-06-06T20:00Z,ES,18799,0,0
2024-06-06T21:00Z,ES,11283,0,0
2024-06-06T22:00Z,ES,9898,0,0
2024-06-06T23:00Z,ES,9653,0,0
2024-06-07T00:00Z,ES,6251,0,0
2024-06-07T01:00Z,ES,6987,0,0
2024-06-07T02:00Z,ES,9319,0,0
2024-06-07T03:00Z,ES,9052,0,0
2024-06-07T04:00Z,ES,11998,0,0
2024-06-07T05:00Z,ES,9794,0,1510
2024-06-07T06:00Z,ES,10823,0,4728
2024-06-07T07:00Z,ES,11048,0,8463
2024-06-07T08:00Z,ES,12361,0,12391
2024-06-07T09:00Z,ES,13180,0,15042
2024-06-07T10:00Z,ES,16107,0,17481
2024-06-07T11:00Z,ES,20522,0,19385
2024-06-07T12:00Z,ES,19699,0,19122
2024-06-07T13:00Z,ES,20175,0,18494
2024-06-07T14:00Z,ES,20305,0,16491
2024-06-07T15:00Z,ES,22156,0,13748
2024-06-07T16:00Z,ES,18264,0,10859
2024-06-07T17:00Z,ES,18039,0,6278
2024-06-07T18:00Z,ES,19321,0,3017
2024-06-07T19:00Z,ES,17463,0,205
2024-06-07T20:00Z,ES,10434,0,0
2024-06-07T21:00Z,ES,14452,0,0
2024-06-07T22:00Z,ES,15713,0,0
2024-06-07T23:00Z,ES,13501,0,0
2024-06-08T00:00Z,ES,15544,0,0
2024-06-08T01:00Z,ES,16389,0,0
2024-06-08T02:00Z,ES,14135,0,0
2024-06-08T03:00Z,ES,14585,0,0
2024-06-08T04:00Z,ES,15420,0,0
2024-06-08T05:00Z,ES,15377,0,1466
2024-06-08T06:00Z,ES,15232,0,4844
2024-06-08T07:00Z,ES,17286,0,8558
2024-06-08T08:00Z,ES,17429,0,11958
2024-06-08T09:00Z,ES,16201,0,14937
2024-06-08T10:00Z,ES,17697,0,17924
2024-06-08T11:00Z,ES,19964,0,19772
2024-06-08T12:00Z,ES,20964,0,19961
2024-06-08T13:00Z,ES,19691,0,20043
2024-06-08T14:00Z,ES,17268,0,18133
2024-06-08T15:00Z,ES,14000,0,15842
2024-06-08T16:00Z,ES,13483,0,11829
2024-06-08T17:00Z,ES,16778,0,7538
2024-06-08T18:00Z,ES,15810,0,3521
2024-06-08T19:00Z,ES,15341,0,258
2024-06-08T20:00Z,ES,8667,0,0
2024-06-08T21:00Z,ES,4578,0,0
2024-06-08T22:00Z,ES,2789,0,0
2024-06-08T23:00Z,ES,3824,0,0
2024-06-09T00:00Z,ES,4062,0,0
2024-06-09T01:00Z,ES,2425,0,0
2024-06-09T02:00Z,ES,2558,0,0
2024-06-09T03:00Z,ES,1983,0,0
2024-06-09T04:00Z,ES,2600,0,0
2024-06-09T05:00Z,ES,2698,0,1776
2024-06-09T06:00Z,ES,2498,0,5612
2024-06-09T07:00Z,ES,1642,0,9908
2024-06-09T08:00Z,ES,1870,0,13972
2024-06-09T09:00Z,ES,2172,0,17860
2024-06-09T10:00Z,ES,2839,0,20142
2024-06-09T11:00Z,ES,2863,0,22365
2024-06-09T12:00Z,ES,2724,0,22703
2024-06-09T13:00Z,ES,5334,0,21224
2024-06-09T14:00Z,ES,4812,0,19389
2024-06-09T15:00Z,ES,3326,0,16064
2024-06-09T16:00Z,ES,1582,0,12033
2024-06-09T17:00Z,ES,1523,0,7570
2024-06-09T18:00Z,ES,1819,0,3486
2024-06-09T19:00Z,ES,1538,0,260
2024-06-09T20:00Z,ES,1489,0,0
2024-06-09T21:00Z,ES,981,0,0
2024-06-09T22:00Z,ES,827,0,0
2024-06-09T23:00Z,ES,1021,0,0
2024-06-10T00:00Z,ES,1308,0,0
2024-06-10T01:00Z,ES,1799,0,0
2024-06-10T02:00Z,ES,1624,0,0
2024-06-10T03:00Z,ES,1673,0,0
2024-06-10T04:00Z,ES,1661,0,0
2024-06-10T05:00Z,ES,1940,0,1609
2024-06-10T06:00Z,ES,1747,0,5103
2024-06-10T07:00Z,ES,1746,0,8916
2024-06-10T08:00Z,ES,1765,0,12704
2024-06-10T09:00Z,ES,1136,0,16183
2024-06-10T10:00Z,ES,1864,0,19061
2024-06-10T11:00Z,ES,2392,0,20378
2024-06-10T12:00Z,ES,1379,0,21740
2024-06-10T13:00Z,ES,3103,0,20722
2024-06-10T14:00Z,ES,3126,0,18098
2024-06-10T15:00Z,ES,3299,0,15300
2024-06-10T16:00Z,ES,2270,0,11463
2024-06-10T17:00Z,ES,2097,0,7132
2024-06-10T18:00Z,ES,2956,0,3310
2024-06-10T19:00Z,ES,3069,0,253
2024-06-10T20:00Z,ES,2150,0,0
2024-06-10T21:00Z,ES,1397,0,0
2024-06-10T22:00Z,ES,1753,0,0
2024-06-10T23:00Z,ES,1883,0,0
2024-06-11T00:00Z,ES,1687,0,0
2024-06-11T01:00Z,ES,917,0,0
2024-06-11T02:00Z,ES,785,0,0
2024-06-11T03:00Z,ES,642,0,0
2024-06-11T04:00Z,ES,636,0,0
2024-06-11T05:00Z,ES,1208,0,1389
2024-06-11T06:00Z,ES,1296,0,4242
2024-06-11T07:00Z,ES,1401,0,7616
2024-06-11T08:00Z,ES,1086,0,10740
2024-06-11T09:00Z,ES,1009,0,12611
2024-06-11T10:00Z,ES,1539,0,15338
2024-06-11T11:00Z,ES,1517,0,16229
2024-06-11T12:00Z,ES,1659,0,16511
2024-06-11T13:00Z,ES,3034,0,16312
2024-06-11T14:00Z,ES,2221,0,15229
2024-06-11T15:00Z,ES,1518,0,12844
2024-06-11T16:00Z,ES,1213,0,9219
2024-06-11T17:00Z,ES,1604,0,6481
2024-06-11T18:00Z,ES,985,0,2992
2024-06-11T19:00Z,ES,1153,0,237
2024-06-11T20:00Z,ES,1627,0,0
2024-06-11T21:00Z,ES,1588,0,0
2024-06-11T22:00Z,ES,2389,0,0
2024-06-11T23:00Z,ES,2457,0,0
2024-06-12T00:00Z,ES,1881,0,0
2024-06-12T01:00Z,ES,1852,0,0
2024-06-12T02:00Z,ES,1639,0,0
2024-06-12T03:00Z,ES,1388,0,0
2024-06-12T04:00Z,ES,2897,0,0
2024-06-12T05:00Z,ES,2657,0,1790
2024-06-12T06:00Z,ES,1797,0,5624
2024-06-12T07:00Z,ES,2424,0,9712
2024-06-12T08:00Z,ES,1986,0,13691
2024-06-12T09:00Z,ES,2641,0,16799
2024-06-12T10:00Z,ES,2869,0,18549
2024-06-12T11:00Z,ES,5081,0,19960
2024-06-12T12:00Z,ES,7797,0,19560
2024-06-12T13:00Z,ES,9217,0,18263
2024-06-12T14:00Z,ES,9944,0,16918
2024-06-12T15:00Z,ES,11530,0,14250
2024-06-12T16:00Z,ES,8528,0,9477
2024-06-12T17:00Z,ES,6875,0,5832
2024-06-12T18:00Z,ES,7766,0,2735
2024-06-12T19:00Z,ES,7505,0,234
2024-06-12T20:00Z,ES,6864,0,0
2024-06-12T21:00Z,ES,7107,0,0
2024-06-12T22:00Z,ES,3850,0,0
2024-06-12T23:00Z,ES,4523,0,0
2024-06-13T00:00Z,ES,4747,0,0
2024-06-13T01:00Z,ES,4851,0,0
2024-06-13T02:00Z,ES,3988,0,0
2024-06-13T03:00Z,ES,3098,0,0
2024-06-13T04:00Z,ES,3306,0,0
2024-06-13T05:00Z,ES,5452,0,1391
2024-06-13T06:00Z,ES,7736,0,4483
2024-06-13T07:00Z,ES,10857,0,7629
2024-06-13T08:00Z,ES,11903,0,10929
2024-06-13T09:00Z,ES,10570,0,14188
2024-06-13T10:00Z,ES,10350,0,16043
2024-06-13T11:00Z,ES,11115,0,17160
2024-06-13T12:00Z,ES,8607,0,17903
2024-06-13T13:00Z,ES,8111,0,17803
2024-06-13T14:00Z,ES,9187,0,16267
2024-06-13T15:00Z,ES,9165,0,13094
2024-06-13T16:00Z,ES,9978,0,9694
2024-06-13T17:00Z,ES,11437,0,6235
2024-06-13T18:00Z,ES,6936,0,2920
2024-06-13T19:00Z,ES,4693,0,262
2024-06-13T20:00Z,ES,4558,0,0
2024-06-13T21:00Z,ES,3204,0,0
2024-06-13T22:00Z,ES,2188,0,0
2024-06-13T23:00Z,ES,1534,0,0
2024-06-14T00:00Z,ES,1173,0,0
2024-06-14T01:00Z,ES,1045,0,0
2024-06-14T02:00Z,ES,1961,0,0
2024-06-14T03:00Z,ES,1763,0,0
2024-06-14T04:00Z,ES,1691,0,0
2024-06-14T05:00Z,ES,1712,0,1599
2024-06-14T06:00Z,ES,1231,0,5137
2024-06-14T07:00Z,ES,1114,0,8912
2024-06-14T08:00Z,ES,848,0,11906
2024-06-14T09:00Z,ES,747,0,15507
2024-06-14T10:00Z,ES,498,0,17835
2024-06-14T11:00Z,ES,967,0,18918
2024-06-14T12:00Z,ES,503,0,19423
2024-06-14T13:00Z,ES,665,0,18835
2024-06-14T14:00Z,ES,793,0,17806
2024-06-14T15:00Z,ES,732,0,13935
2024-06-14T16:00Z,ES,490,0,10885
2024-06-14T17:00Z,ES,751,0,6981
2024-06-14T18:00Z,ES,723,0,3441
2024-06-14T19:00Z,ES,792,0,310
2024-06-14T20:00Z,ES,1056,0,0
2024-06-14T21:00Z,ES,1404,0,0
2024-06-14T22:00Z,ES,1664,0,0
2024-06-14T23:00Z,ES,1823,0,0
2024-06-15T00:00Z,ES,2349,0,0
2024-06-15T01:00Z,ES,4700,0,0
2024-06-15T02:00Z,ES,1869,0,0
2024-06-15T03:00Z,ES,1431,0,0
2024-06-15T04:00Z,ES,921,0,0
2024-06-15T05:00Z,ES,943,0,1091
2024-06-15T06:00Z,ES,574,0,3286
2024-06-15T07:00Z,ES,802,0,5959
2024-06-15T08:00Z,ES,591,0,8135
2024-06-15T09:00Z,ES,755,0,9669
2024-06-15T10:00Z,ES,867,0,11492
2024-06-15T11:00Z,ES,707,0,12368
2024-06-15T12:00Z,ES,1073,0,13738
2024-06-15T13:00Z,ES,853,0,13440
2024-06-15T14:00Z,ES,821,0,12009
2024-06-15T15:00Z,ES,954,0,9765
2024-06-15T16:00Z,ES,1544,0,7025
2024-06-15T17:00Z,ES,1068,0,4578
2024-06-15T18:00Z,ES,630,0,2359
2024-06-15T19:00Z,ES,734,0,212
2024-06-15T20:00Z,ES,581,0,0
2024-06-15T21:00Z,ES,565,0,0
2024-06-15T22:00Z,ES,1042,0,0
2024-06-15T23:00Z,ES,933,0,0
2024-06-16T00:00Z,ES,781,0,0
2024-06-16T01:00Z,ES,851,0,0
2024-06-16T02:00Z,ES,819,0,0
2024-06-16T03:00Z,ES,629,0,0
2024-06-16T04:00Z,ES,584,0,0
2024-06-16T05:00Z,ES,1025,0,1048
2024-06-16T06:00Z,ES,640,0,3181
2024-06-16T07:00Z,ES,500,0,4932
2024-06-16T08:00Z,ES,786,0,6936
2024-06-16T09:00Z,ES,1495,0,8412
2024-06-16T10:00Z,ES,1878,0,9107
2024-06-16T11:00Z,ES,2086,0,8835
2024-06-16T12:00Z,ES,1083,0,9278
2024-06-16T13:00Z,ES,957,0,9846
2024-06-16T14:00Z,ES,1046,0,10489
2024-06-16T15:00Z,ES,1680,0,8495
2024-06-16T16:00Z,ES,1840,0,6337
2024-06-16T17:00Z,ES,2375,0,3995
2024-06-16T18:00Z,ES,3429,0,2031
2024-06-16T19:00Z,ES,2229,0,169
2024-06-16T20:00Z,ES,2274,0,0
2024-06-16T21:00Z,ES,2886,0,0
2024-06-16T22:00Z,ES,3810,0,0
2024-06-16T23:00Z,ES,3731,0,0
2024-06-17T00:00Z,ES,3216,0,0
2024-06-17T01:00Z,ES,3910,0,0
2024-06-17T02:00Z,ES,5183,0,0
2024-06-17T03:00Z,ES,6331,0,0
2024-06-17T04:00Z,ES,6005,0,0
2024-06-17T05:00Z,ES,6240,0,1169
2024-06-17T06:00Z,ES,6163,0,3580
2024-06-17T07:00Z,ES,7516,0,6001
2024-06-17T08:00Z,ES,11891,0,8388
2024-06-17T09:00Z,ES,9973,0,11088
2024-06-17T10:00Z,ES,7222,0,12666
2024-06-17T11:00Z,ES,9617,0,12923
2024-06-17T12:00Z,ES,9870,0,12120
2024-06-17T13:00Z,ES,10039,0,11624
2024-06-17T14:00Z,ES,8197,0,9987
2024-06-17T15:00Z,ES,5577,0,8727
2024-06-17T16:00Z,ES,5609,0,6847
2024-06-17T17:00Z,ES,6164,0,4346
2024-06-17T18:00Z,ES,10067,0,2048
2024-06-17T19:00Z,ES,9920,0,177
2024-06-17T20:00Z,ES,12220,0,0
2024-06-17T21:00Z,ES,14254,0,0
2024-06-17T22:00Z,ES,14744,0,0
2024-06-17T23:00Z,ES,14826,0,0
2024-06-18T00:00Z,ES,11198,0,0
2024-06-18T01:00Z,ES,9477,0,0
2024-06-18T02:00Z,ES,12802,0,0
2024-06-18T03:00Z,ES,11111,0,0
2024-06-18T04:00Z,ES,7666,0,0
2024-06-18T05:00Z,ES,7388,0,1462
2024-06-18T06:00Z,ES,5420,0,4279
2024-06-18T07:00Z,ES,5139,0,6868
2024-06-18T08:00Z,ES,6163,0,10259
2024-06-18T09:00Z,ES,5115,0,12683
2024-06-18T10:00Z,ES,6156,0,15579
2024-06-18T11:00Z,ES,5749,0,16134
2024-06-18T12:00Z,ES,1894,0,17298
2024-06-18T13:00Z,ES,1836,0,17251
2024-06-18T14:00Z,ES,1130,0,15350
2024-06-18T15:00Z,ES,1750,0,12250
2024-06-18T16:00Z,ES,1415,0,9522
2024-06-18T17:00Z,ES,1924,0,6654
2024-06-18T18:00Z,ES,2095,0,3214
2024-06-18T19:00Z,ES,2329,0,307
2024-06-18T20:00Z,ES,1731,0,0
2024-06-18T21:00Z,ES,2576,0,0
2024-06-18T22:00Z,ES,1618,0,0
2024-06-18T23:00Z,ES,767,0,0
2024-06-19T00:00Z,ES,842,0,0
2024-06-19T01:00Z,ES,763,0,0
2024-06-19T02:00Z,ES,643,0,0
2024-06-19T03:00Z,ES,795,0,0
2024-06-19T04:00Z,ES,627,0,0
2024-06-19T05:00Z,ES,608,0,1663
2024-06-19T06:00Z,ES,649,0,5035
2024-06-19T07:00Z,ES,1135,0,9134
2024-06-19T08:00Z,ES,834,0,13324
2024-06-19T09:00Z,ES,774,0,16249
2024-06-19T10:00Z,ES,881,0,17424
2024-06-19T11:00Z,ES,782,0,18813
2024-06-19T12:00Z,ES,690,0,19005
2024-06-19T13:00Z,ES,1265,0,17036
2024-06-19T14:00Z,ES,1039,0,15496
2024-06-19T15:00Z,ES,899,0,12496
2024-06-19T16:00Z,ES,867,0,9574
2024-06-19T17:00Z,ES,763,0,5943
2024-06-19T18:00Z,ES,1296,0,2927
2024-06-19T19:00Z,ES,985,0,275
2024-06-19T20:00Z,ES,1533,0,0
2024-06-19T21:00Z,ES,2508,0,0
2024-06-19T22:00Z,ES,1649,0,0
2024-06-19T23:00Z,ES,1186,0,0
2024-06-20T00:00Z,ES,1120,0,0
2024-06-20T01:00Z,ES,751,0,0
2024-06-20T02:00Z,ES,666,0,0
2024-06-20T03:00Z,ES,1160,0,0
2024-06-20T04:00Z,ES,1962,0,0
2024-06-20T05:00Z,ES,2745,0,1629
2024-06-20T06:00Z,ES,3132,0,5002
2024-06-20T07:00Z,ES,3005,0,8451
2024-06-20T08:00Z,ES,2550,0,12077
2024-06-20T09:00Z,ES,3011,0,14425
2024-06-20T10:00Z,ES,2834,0,16282
2024-06-20T11:00Z,ES,2462,0,17771
2024-06-20T12:00Z,ES,4009,0,18259
2024-06-20T13:00Z,ES,2962,0,15947
2024-06-20T14:00Z,ES,3237,0,13945
2024-06-20T15:00Z,ES,2705,0,11856
2024-06-20T16:00Z,ES,2220,0,8811
2024-06-20T17:00Z,ES,2167,0,5924
2024-06-20T18:00Z,ES,2073,0,2928
2024-06-20T19:00Z,ES,1402,0,272
2024-06-20T20:00Z,ES,1819,0,0
2024-06-20T21:00Z,ES,2837,0,0
2024-06-20T22:00Z,ES,3137,0,0
2024-06-20T23:00Z,ES,2013,0,0
2024-06-21T00:00Z,ES,1781,0,0
2024-06-21T01:00Z,ES,1811,0,0
2024-06-21T02:00Z,ES,2363,0,0
2024-06-21T03:00Z,ES,2763,0,0
2024-06-21T04:00Z,ES,1762,0,0
2024-06-21T05:00Z,ES,1519,0,1765
2024-06-21T06:00Z,ES,1812,0,5215
2024-06-21T07:00Z,ES,1585,0,9025
2024-06-21T08:00Z,ES,909,0,13409
2024-06-21T09:00Z,ES,848,0,16631
2024-06-21T10:00Z,ES,961,0,19132
2024-06-21T11:00Z,ES,543,0,20394
2024-06-21T12:00Z,ES,315,0,21275
2024-06-21T13:00Z,ES,278,0,20240
2024-06-21T14:00Z,ES,302,0,17826
2024-06-21T15:00Z,ES,263,0,15083
2024-06-21T16:00Z,ES,185,0,10864
2024-06-21T17:00Z,ES,175,0,7329
2024-06-21T18:00Z,ES,241,0,3512
2024-06-21T19:00Z,ES,481,0,336
2024-06-21T20:00Z,ES,291,0,0
2024-06-21T21:00Z,ES,276,0,0
2024-06-21T22:00Z,ES,222,0,0
2024-06-21T23:00Z,ES,512,0,0
2024-06-22T00:00Z,ES,437,0,0
2024-06-22T01:00Z,ES,579,0,0
2024-06-22T02:00Z,ES,524,0,0
2024-06-22T03:00Z,ES,575,0,0
2024-06-22T04:00Z,ES,421,0,0
2024-06-22T05:00Z,ES,246,0,1737
2024-06-22T06:00Z,ES,215,0,5171
2024-06-22T07:00Z,ES,193,0,9082
2024-06-22T08:00Z,ES,227,0,12577
2024-06-22T09:00Z,ES,223,0,15805
2024-06-22T10:00Z,ES,239,0,19068
2024-06-22T11:00Z,ES,165,0,20184
2024-06-22T12:00Z,ES,152,0,21753
2024-06-22T13:00Z,ES,206,0,21163
2024-06-22T14:00Z,ES,179,0,17950
2024-06-22T15:00Z,ES,174,0,15010
2024-06-22T16:00Z,ES,187,0,12063
2024-06-22T17:00Z,ES,212,0,7804
2024-06-22T18:00Z,ES,214,0,3668
2024-06-22T19:00Z,ES,190,0,344
2024-06-22T20:00Z,ES,268,0,0
2024-06-22T21:00Z,ES,246,0,0
2024-06-22T22:00Z,ES,208,0,0
2024-06-22T23:00Z,ES,302,0,0
2024-06-23T00:00Z,ES,339,0,0
2024-06-23T01:00Z,ES,269,0,0
2024-06-23T02:00Z,ES,275,0,0
2024-06-23T03:00Z,ES,254,0,0
2024-06-23T04:00Z,ES,351,0,0
2024-06-23T05:00Z,ES,288,0,1739
2024-06-23T06:00Z,ES,274,0,5333
2024-06-23T07:00Z,ES,298,0,9284
2024-06-23T08:00Z,ES,294,0,12626
2024-06-23T09:00Z,ES,427,0,17089
2024-06-23T10:00Z,ES,409,0,18732
2024-06-23T11:00Z,ES,440,0,21338
2024-06-23T12:00Z,ES,399,0,22763
2024-06-23T13:00Z,ES,789,0,21740
2024-06-23T14:00Z,ES,1329,0,19457
2024-06-23T15:00Z,ES,1465,0,16140
2024-06-23T16:00Z,ES,1395,0,12117
2024-06-23T17:00Z,ES,973,0,7800
2024-06-23T18:00Z,ES,1144,0,3664
2024-06-23T19:00Z,ES,1418,0,339
2024-06-23T20:00Z,ES,2395,0,0
2024-06-23T21:00Z,ES,2089,0,0
2024-06-23T22:00Z,ES,4134,0,0
2024-06-23T23:00Z,ES,2601,0,0
2024-06-24T00:00Z,ES,2648,0,0
2024-06-24T01:00Z,ES,4193,0,0
2024-06-24T02:00Z,ES,3206,0,0
2024-06-24T03:00Z,ES,4173,0,0
2024-06-24T04:00Z,ES,1997,0,0
2024-06-24T05:00Z,ES,1514,0,1757
2024-06-24T06:00Z,ES,1957,0,5413
2024-06-24T07:00Z,ES,3132,0,8975
2024-06-24T08:00Z,ES,2083,0,12078
2024-06-24T09:00Z,ES,2329,0,14990
2024-06-24T10:00Z,ES,2364,0,18401
2024-06-24T11:00Z,ES,2429,0,20764
2024-06-24T12:00Z,ES,4153,0,21653
2024-06-24T13:00Z,ES,4340,0,20850
2024-06-24T14:00Z,ES,4639,0,19254
2024-06-24T15:00Z,ES,2776,0,15185
2024-06-24T16:00Z,ES,2518,0,11482
2024-06-24T17:00Z,ES,2752,0,7232
2024-06-24T18:00Z,ES,2727,0,3452
2024-06-24T19:00Z,ES,2483,0,300
2024-06-24T20:00Z,ES,1952,0,0
2024-06-24T21:00Z,ES,1937,0,0
2024-06-24T22:00Z,ES,2315,0,0
2024-06-24T23:00Z,ES,2657,0,0
2024-06-25T00:00Z,ES,3326,0,0
2024-06-25T01:00Z,ES,3667,0,0
2024-06-25T02:00Z,ES,3149,0,0
2024-06-25T03:00Z,ES,4516,0,0
2024-06-25T04:00Z,ES,2885,0,0
2024-06-25T05:00Z,ES,2649,0,1853
2024-06-25T06:00Z,ES,2436,0,5629
2024-06-25T07:00Z,ES,2700,0,9527
2024-06-25T08:00Z,ES,2260,0,12333
2024-06-25T09:00Z,ES,1739,0,15279
2024-06-25T10:00Z,ES,1513,0,18106
2024-06-25T11:00Z,ES,1327,0,18991
2024-06-25T12:00Z,ES,997,0,19843
2024-06-25T13:00Z,ES,1018,0,18410
2024-06-25T14:00Z,ES,1102,0,17084
2024-06-25T15:00Z,ES,1015,0,14581
2024-06-25T16:00Z,ES,766,0,11045
2024-06-25T17:00Z,ES,560,0,7308
2024-06-25T18:00Z,ES,668,0,3502
2024-06-25T19:00Z,ES,761,0,318
2024-06-25T20:00Z,ES,458,0,0
2024-06-25T21:00Z,ES,253,0,0
2024-06-25T22:00Z,ES,185,0,0
2024-06-25T23:00Z,ES,323,0,0
2024-06-26T00:00Z,ES,489,0,0
2024-06-26T01:00Z,ES,563,0,0
2024-06-26T02:00Z,ES,491,0,0
2024-06-26T03:00Z,ES,399,0,0
2024-06-26T04:00Z,ES,445,0,0
2024-06-26T05:00Z,ES,344,0,1746
2024-06-26T06:00Z,ES,412,0,5469
2024-06-26T07:00Z,ES,860,0,9468
2024-06-26T08:00Z,ES,572,0,13262
2024-06-26T09:00Z,ES,481,0,16936
2024-06-26T10:00Z,ES,615,0,20081
2024-06-26T11:00Z,ES,582,0,21604
2024-06-26T12:00Z,ES,589,0,22356
2024-06-26T13:00Z,ES,634,0,21277
2024-06-26T14:00Z,ES,429,0,19443
2024-06-26T15:00Z,ES,958,0,15934
2024-06-26T16:00Z,ES,677,0,11189
2024-06-26T17:00Z,ES,691,0,7581
2024-06-26T18:00Z,ES,745,0,3368
2024-06-26T19:00Z,ES,852,0,287
2024-06-26T20:00Z,ES,1008,0,0
2024-06-26T21:00Z,ES,987,0,0
2024-06-26T22:00Z,ES,1830,0,0
2024-06-26T23:00Z,ES,2229,0,0
2024-06-27T00:00Z,ES,2154,0,0
2024-06-27T01:00Z,ES,1029,0,0
2024-06-27T02:00Z,ES,719,0,0
2024-06-27T03:00Z,ES,639,0,0
2024-06-27T04:00Z,ES,890,0,0
2024-06-27T05:00Z,ES,988,0,1671
2024-06-27T06:00Z,ES,733,0,5011
2024-06-27T07:00Z,ES,632,0,9117
2024-06-27T08:00Z,ES,580,0,13621
2024-06-27T09:00Z,ES,864,0,17170
2024-06-27T10:00Z,ES,571,0,19228
2024-06-27T11:00Z,ES,627,0,20435
2024-06-27T12:00Z,ES,868,0,20875
2024-06-27T13:00Z,ES,918,0,20122
2024-06-27T14:00Z,ES,701,0,18472
2024-06-27T15:00Z,ES,1422,0,14462
2024-06-27T16:00Z,ES,1303,0,10536
2024-06-27T17:00Z,ES,1174,0,6363
2024-06-27T18:00Z,ES,645,0,2961
2024-06-27T19:00Z,ES,466,0,269
2024-06-27T20:00Z,ES,379,0,0
2024-06-27T21:00Z,ES,327,0,0
2024-06-27T22:00Z,ES,453,0,0
2024-06-27T23:00Z,ES,281,0,0
2024-06-28T00:00Z,ES,331,0,0
2024-06-28T01:00Z,ES,410,0,0
2024-06-28T02:00Z,ES,753,0,0
2024-06-28T03:00Z,ES,1308,0,0
2024-06-28T04:00Z,ES,1635,0,0
2024-06-28T05:00Z,ES,900,0,1666
2024-06-28T06:00Z,ES,1602,0,5212
2024-06-28T07:00Z,ES,1146,0,9134
2024-06-28T08:00Z,ES,842,0,13296
2024-06-28T09:00Z,ES,1433,0,16221
2024-06-28T10:00Z,ES,1255,0,19277
2024-06-28T11:00Z,ES,1259,0,20097
2024-06-28T12:00Z,ES,1470,0,20612
2024-06-28T13:00Z,ES,1314,0,19547
2024-06-28T14:00Z,ES,1375,0,17952
2024-06-28T15:00Z,ES,1785,0,14894
2024-06-28T16:00Z,ES,1370,0,10967
2024-06-28T17:00Z,ES,2417,0,7109
2024-06-28T18:00Z,ES,1572,0,3329
2024-06-28T19:00Z,ES,2124,0,289
2024-06-28T20:00Z,ES,2740,0,0
2024-06-28T21:00Z,ES,2069,0,0
2024-06-28T22:00Z,ES,1826,0,0
2024-06-28T23:00Z,ES,2705,0,0
2024-06-29T00:00Z,ES,2672,0,0
2024-06-29T01:00Z,ES,2390,0,0
2024-06-29T02:00Z,ES,3175,0,0
2024-06-29T03:00Z,ES,1981,0,0
2024-06-29T04:00Z,ES,3082,0,0
2024-06-29T05:00Z,ES,5341,0,1569
2024-06-29T06:00Z,ES,4481,0,4783
2024-06-29T07:00Z,ES,8006,0,8336
2024-06-29T08:00Z,ES,11717,0,11456
2024-06-29T09:00Z,ES,7895,0,13948
2024-06-29T10:00Z,ES,7187,0,15942
2024-06-29T11:00Z,ES,10229,0,18069
2024-06-29T12:00Z,ES,10333,0,17921
2024-06-29T13:00Z,ES,7175,0,17998
2024-06-29T14:00Z,ES,4422,0,15664
2024-06-29T15:00Z,ES,5335,0,12665
2024-06-29T16:00Z,ES,4726,0,9417
2024-06-29T17:00Z,ES,5187,0,6245
2024-06-29T18:00Z,ES,8612,0,2775
2024-06-29T19:00Z,ES,8096,0,235
2024-06-29T20:00Z,ES,10359,0,0
2024-06-29T21:00Z,ES,10885,0,0
2024-06-29T22:00Z,ES,10740,0,0
2024-06-29T23:00Z,ES,12279,0,0
2024-06-30T00:00Z,ES,7770,0,0
2024-06-30T01:00Z,ES,7975,0,0
2024-06-30T02:00Z,ES,10476,0,0
2024-06-30T03:00Z,ES,11882,0,0
2024-06-30T04:00Z,ES,13558,0,0
2024-06-30T05:00Z,ES,15143,0,1020
2024-06-30T06:00Z,ES,15123,0,3055
2024-06-30T07:00Z,ES,14237,0,5235
2024-06-30T08:00Z,ES,16677,0,8285
2024-06-30T09:00Z,ES,14527,0,10493
2024-06-30T10:00Z,ES,14934,0,12122
2024-06-30T11:00Z,ES,14503,0,12947
2024-06-30T12:00Z,ES,13337,0,13699
2024-06-30T13:00Z,ES,17669,0,13612
2024-06-30T14:00Z,ES,20636,0,11331
2024-06-30T15:00Z,ES,21533,0,9052
2024-06-30T16:00Z,ES,20120,0,6473
2024-06-30T17:00Z,ES,20761,0,4228
2024-06-30T18:00Z,ES,20236,0,1945
2024-06-30T19:00Z,ES,21572,0,157
2024-06-30T20:00Z,ES,18280,0,0
2024-06-30T21:00Z,ES,20131,0,0
2023-12-31T23:00Z,IT_NORD,123,0,0
2024-01-01T00:00Z,IT_NORD,110,0,0
2024-01-01T01:00Z,IT_NORD,111,0,0
2024-01-01T02:00Z,IT_NORD,104,0,0
2024-01-01T03:00Z,IT_NORD,98,0,0
2024-01-01T04:00Z,IT_NORD,60,0,0
2024-01-01T05:00Z,IT_NORD,36,0,0
2024-01-01T06:00Z,IT_NORD,56,0,0
2024-01-01T07:00Z,IT_NORD,49,0,244
2024-01-01T08:00Z,IT_NORD,47,0,884
2024-01-01T09:00Z,IT_NORD,38,0,1393
2024-01-01T10:00Z,IT_NORD,27,0,1875
2024-01-01T11:00Z,IT_NORD,34,0,1974
2024-01-01T12:00Z,IT_NORD,27,0,1823
2024-01-01T13:00Z,IT_NORD,23,0,1382
2024-01-01T14:00Z,IT_NORD,38,0,753
2024-01-01T15:00Z,IT_NORD,42,0,81
2024-01-01T16:00Z,IT_NORD,25,0,0
2024-01-01T17:00Z,IT_NORD,44,0,0
2024-01-01T18:00Z,IT_NORD,47,0,0
2024-01-01T19:00Z,IT_NORD,24,0,0
2024-01-01T20:00Z,IT_NORD,31,0,0
2024-01-01T21:00Z,IT_NORD,30,0,0
2024-01-01T22:00Z,IT_NORD,37,0,0
2024-01-01T23:00Z,IT_NORD,42,0,0
2024-01-02T00:00Z,IT_NORD,54,0,0
2024-01-02T01:00Z,IT_NORD,37,0,0
2024-01-02T02:00Z,IT_NORD,52,0,0
2024-01-02T03:00Z,IT_NORD,56,0,0
2024-01-02T04:00Z,IT_NORD,29,0,0
2024-01-02T05:00Z,IT_NORD,28,0,0
2024-01-02T06:00Z,IT_NORD,43,0,0
2024-01-02T07:00Z,IT_NORD,40,0,288
2024-01-02T08:00Z,IT_NORD,35,0,1016
2024-01-02T09:00Z,IT_NORD,46,0,1596
2024-01-02T10:00Z,IT_NORD,68,0,2095
2024-01-02T11:00Z,IT_NORD,53,0,2209
2024-01-02T12:00Z,IT_NORD,65,0,2080
2024-01-02T13:00Z,IT_NORD,74,0,1421
2024-01-02T14:00Z,IT_NORD,93,0,742
2024-01-02T15:00Z,IT_NORD,82,0,89
2024-01-02T16:00Z,IT_NORD,89,0,0
2024-01-02T17:00Z,IT_NORD,73,0,0
2024-01-02T18:00Z,IT_NORD,86,0,0
2024-01-02T19:00Z,IT_NORD,89,0,0
2024-01-02T20:00Z,IT_NORD,100,0,0
2024-01-02T21:00Z,IT_NORD,104,0,0
2024-01-02T22:00Z,IT_NORD,74,0,0
2024-01-02T23:00Z,IT_NORD,116,0,0
2024-01-03T00:00Z,IT_NORD,101,0,0
2024-01-03T01:00Z,IT_NORD,94,0,0
2024-01-03T02:00Z,IT_NORD,55,0,0
2024-01-03T03:00Z,IT_NORD,54,0,0
2024-01-03T04:00Z,IT_NORD,40,0,0
2024-01-03T05:00Z,IT_NORD,54,0,0
2024-01-03T06:00Z,IT_NORD,90,0,0
2024-01-03T07:00Z,IT_NORD,88,0,306
2024-01-03T08:00Z,IT_NORD,118,0,1117
2024-01-03T09:00Z,IT_NORD,143,0,1644
2024-01-03T10:00Z,IT_NORD,155,0,2127
2024-01-03T11:00Z,IT_NORD,127,0,2224
2024-01-03T12:00Z,IT_NORD,128,0,2081
2024-01-03T13:00Z,IT_NORD,82,0,1605
2024-01-03T14:00Z,IT_NORD,78,0,943
2024-01-03T15:00Z,IT_NORD,104,0,115
2024-01-03T16:00Z,IT_NORD,98,0,0
2024-01-03T17:00Z,IT_NORD,125,0,0
2024-01-03T18:00Z,IT_NORD,124,0,0
2024-01-03T19:00Z,IT_NORD,94,0,0
2024-01-03T20:00Z,IT_NORD,64,0,0
2024-01-03T21:00Z,IT_NORD,43,0,0
2024-01-03T22:00Z,IT_NORD,49,0,0
2024-01-03T23:00Z,IT_NORD,50,0,0
2024-01-04T00:00Z,IT_NORD,90,0,0
2024-01-04T01:00Z,IT_NORD,98,0,0
2024-01-04T02:00Z,IT_NORD,89,0,0
2024-01-04T03:00Z,IT_NORD,79,0,0
2024-01-04T04:00Z,IT_NORD,86,0,0
2024-01-04T05:00Z,IT_NORD,62,0,0
2024-01-04T06:00Z,IT_NORD,50,0,0
2024-01-04T07:00Z,IT_NORD,57,0,255
2024-01-04T08:00Z,IT_NORD,49,0,965
2024-01-04T09:00Z,IT_NORD,63,0,1567
2024-01-04T10:00Z,IT_NORD,36,0,1967
2024-01-04T11:00Z,IT_NORD,33,0,2046
2024-01-04T12:00Z,IT_NORD,29,0,1802
2024-01-04T13:00Z,IT_NORD,48,0,1267
2024-01-04T14:00Z,IT_NORD,34,0,760
2024-01-04T15:00Z,IT_NORD,26,0,104
2024-01-04T16:00Z,IT_NORD,27,0,0
2024-01-04T17:00Z,IT_NORD,23,0,0
2024-01-04T18:00Z,IT_NORD,26,0,0
2024-01-04T19:00Z,IT_NORD,23,0,0
2024-01-04T20:00Z,IT_NORD,21,0,0
2024-01-04T21:00Z,IT_NORD,13,0,0
2024-01-04T22:00Z,IT_NORD,15,0,0
2024-01-04T23:00Z,IT_NORD,9,0,0
2024-01-05T00:00Z,IT_NORD,17,0,0
2024-01-05T01:00Z,IT_NORD,20,0,0
2024-01-05T02:00Z,IT_NORD,14,0,0
2024-01-05T03:00Z,IT_NORD,22,0,0
2024-01-05T04:00Z,IT_NORD,33,0,0
2024-01-05T05:00Z,IT_NORD,38,0,0
2024-01-05T06:00Z,IT_NORD,47,0,0
2024-01-05T07:00Z,IT_NORD,37,0,272
2024-01-05T08:00Z,IT_NORD,39,0,912
2024-01-05T09:00Z,IT_NORD,32,0,1486
2024-01-05T10:00Z,IT_NORD,42,0,2062
2024-01-05T11:00Z,IT_NORD,52,0,2075
2024-01-05T12:00Z,IT_NORD,56,0,2001
2024-01-05T13:00Z,IT_NORD,44,0,1619
2024-01-05T14:00Z,IT_NORD,46,0,866
2024-01-05T15:00Z,IT_NORD,32,0,112
2024-01-05T16:00Z,IT_NORD,46,0,0
2024-01-05T17:00Z,IT_NORD,46,0,0
2024-01-05T18:00Z,IT_NORD,44,0,0
2024-01-05T19:00Z,IT_NORD,27,0,0
2024-01-05T20:00Z,IT_NORD,16,0,0
2024-01-05T21:00Z,IT_NORD,15,0,0
2024-01-05T22:00Z,IT_NORD,13,0,0
2024-01-05T23:00Z,IT_NORD,17,0,0
2024-01-06T00:00Z,IT_NORD,22,0,0
2024-01-06T01:00Z,IT_NORD,27,0,0
2024-01-06T02:00Z,IT_NORD,23,0,0
2024-01-06T03:00Z,IT_NORD,16,0,0
2024-01-06T04:00Z,IT_NORD,11,0,0
2024-01-06T05:00Z,IT_NORD,20,0,0
2024-01-06T06:00Z,IT_NORD,10,0,0
2024-01-06T07:00Z,IT_NORD,10,0,201
2024-01-06T08:00Z,IT_NORD,12,0,715
2024-01-06T09:00Z,IT_NORD,14,0,1245
2024-01-06T10:00Z,IT_NORD,19,0,1625
2024-01-06T11:00Z,IT_NORD,24,0,1802
2024-01-06T12:00Z,IT_NORD,17,0,1722
2024-01-06T13:00Z,IT_NORD,26,0,1315
2024-01-06T14:00Z,IT_NORD,26,0,746
2024-01-06T15:00Z,IT_NORD,26,0,101
2024-01-06T16:00Z,IT_NORD,33,0,0
2024-01-06T17:00Z,IT_NORD,30,0,0
2024-01-06T18:00Z,IT_NORD,31,0,0
2024-01-06T19:00Z,IT_NORD,33,0,0
2024-01-06T20:00Z,IT_NORD,45,0,0
2024-01-06T21:00Z,IT_NORD,42,0,0
2024-01-06T22:00Z,IT_NORD,31,0,0
2024-01-06T23:00Z,IT_NORD,37,0,0
2024-01-07T00:00Z,IT_NORD,31,0,0
2024-01-07T01:00Z,IT_NORD,30,0,0
2024-01-07T02:00Z,IT_NORD,22,0,0
2024-01-07T03:00Z,IT_NORD,37,0,0
2024-01-07T04:00Z,IT_NORD,29,0,0
2024-01-07T05:00Z,IT_NORD,31,0,0
2024-01-07T06:00Z,IT_NORD,28,0,0
2024-01-07T07:00Z,IT_NORD,35,0,256
2024-01-07T08:00Z,IT_NORD,29,0,874
2024-01-07T09:00Z,IT_NORD,21,0,1392
2024-01-07T10:00Z,IT_NORD,27,0,1799
2024-01-07T11:00Z,IT_NORD,42,0,1775
2024-01-07T12:00Z,IT_NORD,37,0,1426
2024-01-07T13:00Z,IT_NORD,41,0,1212
2024-01-07T14:00Z,IT_NORD,47,0,658
2024-01-07T15:00Z,IT_NORD,58,0,94
2024-01-07T16:00Z,IT_NORD,41,0,0
2024-01-07T17:00Z,IT_NORD,46,0,0
2024-01-07T18:00Z,IT_NORD,54,0,0
2024-01-07T19:00Z,IT_NORD,61,0,0
2024-01-07T20:00Z,IT_NORD,33,0,0
2024-01-07T21:00Z,IT_NORD,40,0,0
2024-01-07T22:00Z,IT_NORD,47,0,0
2024-01-07T23:00Z,IT_NORD,43,0,0
2024-01-08T00:00Z,IT_NORD,46,0,0
2024-01-08T01:00Z,IT_NORD,54,0,0
2024-01-08T02:00Z,IT_NORD,59,0,0
2024-01-08T03:00Z,IT_NORD,52,0,0
2024-01-08T04:00Z,IT_NORD,30,0,0
2024-01-08T05:00Z,IT_NORD,24,0,0
2024-01-08T06:00Z,IT_NORD,31,0,0
2024-01-08T07:00Z,IT_NORD,25,0,298
2024-01-08T08:00Z,IT_NORD,16,0,954
2024-01-08T09:00Z,IT_NORD,12,0,1547
2024-01-08T10:00Z,IT_NORD,15,0,1947
2024-01-08T11:00Z,IT_NORD,14,0,2179
2024-01-08T12:00Z,IT_NORD,16,0,1923
2024-01-08T13:00Z,IT_NORD,19,0,1433
2024-01-08T14:00Z,IT_NORD,13,0,796
2024-01-08T15:00Z,IT_NORD,15,0,124
2024-01-08T16:00Z,IT_NORD,18,0,0
2024-01-08T17:00Z,IT_NORD,16,0,0
2024-01-08T18:00Z,IT_NORD,13,0,0
2024-01-08T19:00Z,IT_NORD,20,0,0
2024-01-08T20:00Z,IT_NORD,12,0,0
2024-01-08T21:00Z,IT_NORD,15,0,0
2024-01-08T22:00Z,IT_NORD,10,0,0
2024-01-08T23:00Z,IT_NORD,8,0,0
2024-01-09T00:00Z,IT_NORD,9,0,0
2024-01-09T01:00Z,IT_NORD,7,0,0
2024-01-09T02:00Z,IT_NORD,9,0,0
2024-01-09T03:00Z,IT_NORD,14,0,0
2024-01-09T04:00Z,IT_NORD,12,0,0
2024-01-09T05:00Z,IT_NORD,14,0,0
2024-01-09T06:00Z,IT_NORD,7,0,0
2024-01-09T07:00Z,IT_NORD,8,0,187
2024-01-09T08:00Z,IT_NORD,12,0,649
2024-01-09T09:00Z,IT_NORD,19,0,950
2024-01-09T10:00Z,IT_NORD,23,0,1103
2024-01-09T11:00Z,IT_NORD,38,0,1105
2024-01-09T12:00Z,IT_NORD,48,0,1016
2024-01-09T13:00Z,IT_NORD,55,0,660
2024-01-09T14:00Z,IT_NORD,75,0,348
2024-01-09T15:00Z,IT_NORD,86,0,64
2024-01-09T16:00Z,IT_NORD,94,0,0
2024-01-09T17:00Z,IT_NORD,59,0,0
2024-01-09T18:00Z,IT_NORD,50,0,0
2024-01-09T19:00Z,IT_NORD,66,0,0
2024-01-09T20:00Z,IT_NORD,56,0,0
2024-01-09T21:00Z,IT_NORD,62,0,0
2024-01-09T22:00Z,IT_NORD,30,0,0
2024-01-09T23:00Z,IT_NORD,27,0,0
2024-01-10T00:00Z,IT_NORD,47,0,0
2024-01-10T01:00Z,IT_NORD,58,0,0
2024-01-10T02:00Z,IT_NORD,68,0,0
2024-01-10T03:00Z,IT_NORD,76,0,0
2024-01-10T04:00Z,IT_NORD,92,0,0
2024-01-10T05:00Z,IT_NORD,108,0,0
2024-01-10T06:00Z,IT_NORD,104,0,0
2024-01-10T07:00Z,IT_NORD,76,0,168
2024-01-10T08:00Z,IT_NORD,49,0,596
2024-01-10T09:00Z,IT_NORD,40,0,1124
2024-01-10T10:00Z,IT_NORD,29,0,1436
2024-01-10T11:00Z,IT_NORD,33,0,1519
2024-01-10T12:00Z,IT_NORD,21,0,1388
2024-01-10T13:00Z,IT_NORD,21,0,1029
2024-01-10T14:00Z,IT_NORD,24,0,611
2024-01-10T15:00Z,IT_NORD,33,0,98
2024-01-10T16:00Z,IT_NORD,22,0,0
2024-01-10T17:00Z,IT_NORD,19,0,0
2024-01-10T18:00Z,IT_NORD,16,0,0
2024-01-10T19:00Z,IT_NORD,20,0,0
2024-01-10T20:00Z,IT_NORD,16,0,0
2024-01-10T21:00Z,IT_NORD,24,0,0
2024-01-10T22:00Z,IT_NORD,25,0,0
2024-01-10T23:00Z,IT_NORD,18,0,0
2024-01-11T00:00Z,IT_NORD,28,0,0
2024-01-11T01:00Z,IT_NORD,33,0,0
2024-01-11T02:00Z,IT_NORD,33,0,0
2024-01-11T03:00Z,IT_NORD,32,0,0
2024-01-11T04:00Z,IT_NORD,30,0,0
2024-01-11T05:00Z,IT_NORD,36,0,0
2024-01-11T06:00Z,IT_NORD,25,0,0
2024-01-11T07:00Z,IT_NORD,38,0,123
2024-01-11T08:00Z,IT_NORD,20,0,442
2024-01-11T09:00Z,IT_NORD,15,0,668
2024-01-11T10:00Z,IT_NORD,14,0,868
2024-01-11T11:00Z,IT_NORD,11,0,763
2024-01-11T12:00Z,IT_NORD,8,0,705
2024-01-11T13:00Z,IT_NORD,8,0,495
2024-01-11T14:00Z,IT_NORD,7,0,281
2024-01-11T15:00Z,IT_NORD,12,0,51
2024-01-11T16:00Z,IT_NORD,6,0,0
2024-01-11T17:00Z,IT_NORD,3,0,0
2024-01-11T18:00Z,IT_NORD,1,0,0
2024-01-11T19:00Z,IT_NORD,1,0,0
2024-01-11T20:00Z,IT_NORD,3,0,0
2024-01-11T21:00Z,IT_NORD,2,0,0
2024-01-11T22:00Z,IT_NORD,2,0,0
2024-01-11T23:00Z,IT_NORD,1,0,0
2024-01-12T00:00Z,IT_NORD,1,0,0
2024-01-12T01:00Z,IT_NORD,2,0,0
2024-01-12T02:00Z,IT_NORD,1,0,0
2024-01-12T03:00Z,IT_NORD,1,0,0
2024-01-12T04:00Z,IT_NORD,1,0,0
2024-01-12T05:00Z,IT_NORD,1,0,0
2024-01-12T06:00Z,IT_NORD,1,0,0
2024-01-12T07:00Z,IT_NORD,1,0,283
2024-01-12T08:00Z,IT_NORD,2,0,946
2024-01-12T09:00Z,IT_NORD,1,0,1423
2024-01-12T10:00Z,IT_NORD,1,0,1708
2024-01-12T11:00Z,IT_NORD,1,0,1619
2024-01-12T12:00Z,IT_NORD,2,0,1449
2024-01-12T13:00Z,IT_NORD,2,0,1088
2024-01-12T14:00Z,IT_NORD,5,0,604
2024-01-12T15:00Z,IT_NORD,4,0,114
2024-01-12T16:00Z,IT_NORD,3,0,0
2024-01-12T17:00Z,IT_NORD,8,0,0
2024-01-12T18:00Z,IT_NORD,10,0,0
2024-01-12T19:00Z,IT_NORD,22,0,0
2024-01-12T20:00Z,IT_NORD,33,0,0
2024-01-12T21:00Z,IT_NORD,22,0,0
2024-01-12T22:00Z,IT_NORD,26,0,0
2024-01-12T23:00Z,IT_NORD,30,0,0
2024-01-13T00:00Z,IT_NORD,35,0,0
2024-01-13T01:00Z,IT_NORD,42,0,0
2024-01-13T02:00Z,IT_NORD,28,0,0
2024-01-13T03:00Z,IT_NORD,30,0,0
2024-01-13T04:00Z,IT_NORD,69,0,0
2024-01-13T05:00Z,IT_NORD,83,0,0
2024-01-13T06:00Z,IT_NORD,91,0,0
2024-01-13T07:00Z,IT_NORD,61,0,312
2024-01-13T08:00Z,IT_NORD,88,0,1015
2024-01-13T09:00Z,IT_NORD,77,0,1610
2024-01-13T10:00Z,IT_NORD,100,0,2027
2024-01-13T11:00Z,IT_NORD,95,0,2064
2024-01-13T12:00Z,IT_NORD,70,0,1885
2024-01-13T13:00Z,IT_NORD,49,0,1443
2024-01-13T14:00Z,IT_NORD,54,0,872
2024-01-13T15:00Z,IT_NORD,61,0,169
2024-01-13T16:00Z,IT_NORD,46,0,0
2024-01-13T17:00Z,IT_NORD,34,0,0
2024-01-13T18:00Z,IT_NORD,37,0,0
2024-01-13T19:00Z,IT_NORD,44,0,0
2024-01-13T20:00Z,IT_NORD,52,0,0
2024-01-13T21:00Z,IT_NORD,60,0,0
2024-01-13T22:00Z,IT_NORD,91,0,0
2024-01-13T23:00Z,IT_NORD,144,0,0
2024-01-14T00:00Z,IT_NORD,132,0,0
2024-01-14T01:00Z,IT_NORD,129,0,0
2024-01-14T02:00Z,IT_NORD,145,0,0
2024-01-14T03:00Z,IT_NORD,179,0,0
2024-01-14T04:00Z,IT_NORD,201,0,0
2024-01-14T05:00Z,IT_NORD,205,0,0
2024-01-14T06:00Z,IT_NORD,210,0,0
2024-01-14T07:00Z,IT_NORD,205,0,162
2024-01-14T08:00Z,IT_NORD,187,0,481
2024-01-14T09:00Z,IT_NORD,189,0,781
2024-01-14T10:00Z,IT_NORD,174,0,1076
2024-01-14T11:00Z,IT_NORD,192,0,1094
2024-01-14T12:00Z,IT_NORD,202,0,933
2024-01-14T13:00Z,IT_NORD,184,0,819
2024-01-14T14:00Z,IT_NORD,175,0,499
2024-01-14T15:00Z,IT_NORD,157,0,96
2024-01-14T16:00Z,IT_NORD,162,0,0
2024-01-14T17:00Z,IT_NORD,128,0,0
2024-01-14T18:00Z,IT_NORD,134,0,0
2024-01-14T19:00Z,IT_NORD,130,0,0
2024-01-14T20:00Z,IT_NORD,121,0,0
2024-01-14T21:00Z,IT_NORD,103,0,0
2024-01-14T22:00Z,IT_NORD,91,0,0
2024-01-14T23:00Z,IT_NORD,73,0,0
2024-01-15T00:00Z,IT_NORD,38,0,0
2024-01-15T01:00Z,IT_NORD,29,0,0
2024-01-15T02:00Z,IT_NORD,33,0,0
2024-01-15T03:00Z,IT_NORD,40,0,0
2024-01-15T04:00Z,IT_NORD,67,0,0
2024-01-15T05:00Z,IT_NORD,66,0,0
2024-01-15T06:00Z,IT_NORD,74,0,0
2024-01-15T07:00Z,IT_NORD,73,0,279
2024-01-15T08:00Z,IT_NORD,85,0,826
2024-01-15T09:00Z,IT_NORD,64,0,1253
2024-01-15T10:00Z,IT_NORD,88,0,1398
2024-01-15T11:00Z,IT_NORD,72,0,1486
2024-01-15T12:00Z,IT_NORD,53,0,1383
2024-01-15T13:00Z,IT_NORD,31,0,1091
2024-01-15T14:00Z,IT_NORD,20,0,677
2024-01-15T15:00Z,IT_NORD,26,0,129
2024-01-15T16:00Z,IT_NORD,25,0,0
2024-01-15T17:00Z,IT_NORD,36,0,0
2024-01-15T18:00Z,IT_NORD,50,0,0
2024-01-15T19:00Z,IT_NORD,58,0,0
2024-01-15T20:00Z,IT_NORD,77,0,0
2024-01-15T21:00Z,IT_NORD,59,0,0
2024-01-15T22:00Z,IT_NORD,43,0,0
2024-01-15T23:00Z,IT_NORD,49,0,0
2024-01-16T00:00Z,IT_NORD,64,0,0
2024-01-16T01:00Z,IT_NORD,71,0,0
2024-01-16T02:00Z,IT_NORD,87,0,0
2024-01-16T03:00Z,IT_NORD,67,0,0
2024-01-16T04:00Z,IT_NORD,60,0,0
2024-01-16T05:00Z,IT_NORD,54,0,0
2024-01-16T06:00Z,IT_NORD,61,0,0
2024-01-16T07:00Z,IT_NORD,73,0,315
2024-01-16T08:00Z,IT_NORD,84,0,948
2024-01-16T09:00Z,IT_NORD,75,0,1381
2024-01-16T10:00Z,IT_NORD,104,0,1725
2024-01-16T11:00Z,IT_NORD,95,0,1832
2024-01-16T12:00Z,IT_NORD,102,0,1599
2024-01-16T13:00Z,IT_NORD,53,0,1225
2024-01-16T14:00Z,IT_NORD,75,0,695
2024-01-16T15:00Z,IT_NORD,44,0,149
2024-01-16T16:00Z,IT_NORD,41,0,0
2024-01-16T17:00Z,IT_NORD,29,0,0
2024-01-16T18:00Z,IT_NORD,29,0,0
2024-01-16T19:00Z,IT_NORD,22,0,0
2024-01-16T20:00Z,IT_NORD,13,0,0
2024-01-16T21:00Z,IT_NORD,17,0,0
2024-01-16T22:00Z,IT_NORD,17,0,0
2024-01-16T23:00Z,IT_NORD,11,0,0
2024-01-17T00:00Z,IT_NORD,9,0,0
2024-01-17T01:00Z,IT_NORD,12,0,0
2024-01-17T02:00Z,IT_NORD,10,0,0
2024-01-17T03:00Z,IT_NORD,13,0,0
2024-01-17T04:00Z,IT_NORD,13,0,0
2024-01-17T05:00Z,IT_NORD,11,0,0
2024-01-17T06:00Z,IT_NORD,11,0,0
2024-01-17T07:00Z,IT_NORD,17,0,408
2024-01-17T08:00Z,IT_NORD,16,0,1148
2024-01-17T09:00Z,IT_NORD,13,0,1812
2024-01-17T10:00Z,IT_NORD,13,0,2311
2024-01-17T11:00Z,IT_NORD,10,0,2589
2024-01-17T12:00Z,IT_NORD,15,0,2451
2024-01-17T13:00Z,IT_NORD,19,0,1850
2024-01-17T14:00Z,IT_NORD,31,0,1084
2024-01-17T15:00Z,IT_NORD,13,0,234
2024-01-17T16:00Z,IT_NORD,16,0,0
2024-01-17T17:00Z,IT_NORD,13,0,0
2024-01-17T18:00Z,IT_NORD,9,0,0
2024-01-17T19:00Z,IT_NORD,14,0,0
2024-01-17T20:00Z,IT_NORD,24,0,0
2024-01-17T21:00Z,IT_NORD,21,0,0
2024-01-17T22:00Z,IT_NORD,24,0,0
2024-01-17T23:00Z,IT_NORD,27,0,0
2024-01-18T00:00Z,IT_NORD,27,0,0
2024-01-18T01:00Z,IT_NORD,19,0,0
2024-01-18T02:00Z,IT_NORD,23,0,0
2024-01-18T03:00Z,IT_NORD,23,0,0
2024-01-18T04:00Z,IT_NORD,25,0,0
2024-01-18T05:00Z,IT_NORD,28,0,0
2024-01-18T06:00Z,IT_NORD,29,0,0
2024-01-18T07:00Z,IT_NORD,51,0,307
2024-01-18T08:00Z,IT_NORD,46,0,830
2024-01-18T09:00Z,IT_NORD,43,0,1269
2024-01-18T10:00Z,IT_NORD,32,0,1470
2024-01-18T11:00Z,IT_NORD,29,0,1516
2024-01-18T12:00Z,IT_NORD,33,0,1490
2024-01-18T13:00Z,IT_NORD,29,0,1059
2024-01-18T14:00Z,IT_NORD,29,0,607
2024-01-18T15:00Z,IT_NORD,33,0,142
2024-01-18T16:00Z,IT_NORD,30,0,0
2024-01-18T17:00Z,IT_NORD,37,0,0
2024-01-18T18:00Z,IT_NORD,49,0,0
2024-01-18T19:00Z,IT_NORD,58,0,0
2024-01-18T20:00Z,IT_NORD,67,0,0
2024-01-18T21:00Z,IT_NORD,55,0,0
2024-01-18T22:00Z,IT_NORD,58,0,0
2024-01-18T23:00Z,IT_NORD,64,0,0
2024-01-19T00:00Z,IT_NORD,33,0,0
2024-01-19T01:00Z,IT_NORD,41,0,0
2024-01-19T02:00Z,IT_NORD,48,0,0
2024-01-19T03:00Z,IT_NORD,49,0,0
2024-01-19T04:00Z,IT_NORD,67,0,0
2024-01-19T05:00Z,IT_NORD,85,0,0
2024-01-19T06:00Z,IT_NORD,85,0,0
2024-01-19T07:00Z,IT_NORD,77,0,207
2024-01-19T08:00Z,IT_NORD,108,0,591
2024-01-19T09:00Z,IT_NORD,110,0,908
2024-01-19T10:00Z,IT_NORD,110,0,1213
2024-01-19T11:00Z,IT_NORD,138,0,1167
2024-01-19T12:00Z,IT_NORD,129,0,965
2024-01-19T13:00Z,IT_NORD,149,0,771
2024-01-19T14:00Z,IT_NORD,119,0,500
2024-01-19T15:00Z,IT_NORD,88,0,117
2024-01-19T16:00Z,IT_NORD,54,0,0
2024-01-19T17:00Z,IT_NORD,58,0,0
2024-01-19T18:00Z,IT_NORD,58,0,0
2024-01-19T19:00Z,IT_NORD,72,0,0
2024-01-19T20:00Z,IT_NORD,84,0,0
2024-01-19T21:00Z,IT_NORD,126,0,0
2024-01-19T22:00Z,IT_NORD,119,0,0
2024-01-19T23:00Z,IT_NORD,108,0,0
2024-01-20T00:00Z,IT_NORD,121,0,0
2024-01-20T01:00Z,IT_NORD,100,0,0
2024-01-20T02:00Z,IT_NORD,71,0,0
2024-01-20T03:00Z,IT_NORD,46,0,0
2024-01-20T04:00Z,IT_NORD,34,0,0
2024-01-20T05:00Z,IT_NORD,36,0,0
2024-01-20T06:00Z,IT_NORD,51,0,0
2024-01-20T07:00Z,IT_NORD,31,0,256
2024-01-20T08:00Z,IT_NORD,41,0,695
2024-01-20T09:00Z,IT_NORD,37,0,963
2024-01-20T10:00Z,IT_NORD,50,0,1160
2024-01-20T11:00Z,IT_NORD,50,0,1217
2024-01-20T12:00Z,IT_NORD,71,0,1335
2024-01-20T13:00Z,IT_NORD,71,0,1017
2024-01-20T14:00Z,IT_NORD,96,0,656
2024-01-20T15:00Z,IT_NORD,85,0,163
2024-01-20T16:00Z,IT_NORD,66,0,0
2024-01-20T17:00Z,IT_NORD,86,0,0
2024-01-20T18:00Z,IT_NORD,101,0,0
2024-01-20T19:00Z,IT_NORD,95,0,0
2024-01-20T20:00Z,IT_NORD,91,0,0
2024-01-20T21:00Z,IT_NORD,83,0,0
2024-01-20T22:00Z,IT_NORD,79,0,0
2024-01-20T23:00Z,IT_NORD,79,0,0
2024-01-21T00:00Z,IT_NORD,55,0,0
2024-01-21T01:00Z,IT_NORD,46,0,0
2024-01-21T02:00Z,IT_NORD,48,0,0
2024-01-21T03:00Z,IT_NORD,32,0,0
2024-01-21T04:00Z,IT_NORD,25,0,0
2024-01-21T05:00Z,IT_NORD,39,0,0
2024-01-21T06:00Z,IT_NORD,34,0,0
2024-01-21T07:00Z,IT_NORD,27,0,258
2024-01-21T08:00Z,IT_NORD,26,0,741
2024-01-21T09:00Z,IT_NORD,34,0,1192
2024-01-21T10:00Z,IT_NORD,20,0,1359
2024-01-21T11:00Z,IT_NORD,33,0,1308
2024-01-21T12:00Z,IT_NORD,30,0,1126
2024-01-21T13:00Z,IT_NORD,27,0,788
2024-01-21T14:00Z,IT_NORD,46,0,460
2024-01-21T15:00Z,IT_NORD,38,0,111
2024-01-21T16:00Z,IT_NORD,28,0,0
2024-01-21T17:00Z,IT_NORD,36,0,0
2024-01-21T18:00Z,IT_NORD,35,0,0
2024-01-21T19:00Z,IT_NORD,20,0,0
2024-01-21T20:00Z,IT_NORD,25,0,0
2024-01-21T21:00Z,IT_NORD,19,0,0
2024-01-21T22:00Z,IT_NORD,26,0,0
2024-01-21T23:00Z,IT_NORD,10,0,0
2024-01-22T00:00Z,IT_NORD,10,0,0
2024-01-22T01:00Z,IT_NORD,12,0,0
2024-01-22T02:00Z,IT_NORD,13,0,0
2024-01-22T03:00Z,IT_NORD,14,0,0
2024-01-22T04:00Z,IT_NORD,12,0,0
2024-01-22T05:00Z,IT_NORD,13,0,0
2024-01-22T06:00Z,IT_NORD,15,0,0
2024-01-22T07:00Z,IT_NORD,23,0,212
2024-01-22T08:00Z,IT_NORD,17,0,640
2024-01-22T09:00Z,IT_NORD,11,0,1012
2024-01-22T10:00Z,IT_NORD,8,0,1116
2024-01-22T11:00Z,IT_NORD,10,0,1260
2024-01-22T12:00Z,IT_NORD,34,0,1338
2024-01-22T13:00Z,IT_NORD,42,0,989
2024-01-22T14:00Z,IT_NORD,67,0,557
2024-01-22T15:00Z,IT_NORD,51,0,133
2024-01-22T16:00Z,IT_NORD,59,0,0
2024-01-22T17:00Z,IT_NORD,41,0,0
2024-01-22T18:00Z,IT_NORD,55,0,0
2024-01-22T19:00Z,IT_NORD,47,0,0
2024-01-22T20:00Z,IT_NORD,51,0,0
2024-01-22T21:00Z,IT_NORD,71,0,0
2024-01-22T22:00Z,IT_NORD,64,0,0
2024-01-22T23:00Z,IT_NORD,101,0,0
2024-01-23T00:00Z,IT_NORD,87,0,0
2024-01-23T01:00Z,IT_NORD,45,0,0
2024-01-23T02:00Z,IT_NORD,33,0,0
2024-01-23T03:00Z,IT_NORD,37,0,0
2024-01-23T04:00Z,IT_NORD,43,0,0
2024-01-23T05:00Z,IT_NORD,46,0,0
2024-01-23T06:00Z,IT_NORD,42,0,0
2024-01-23T07:00Z,IT_NORD,49,0,318
2024-01-23T08:00Z,IT_NORD,70,0,854
2024-01-23T09:00Z,IT_NORD,73,0,1237
2024-01-23T10:00Z,IT_NORD,53,0,1499
2024-01-23T11:00Z,IT_NORD,41,0,1601
2024-01-23T12:00Z,IT_NORD,39,0,1418
2024-01-23T13:00Z,IT_NORD,32,0,1116
2024-01-23T14:00Z,IT_NORD,34,0,694
2024-01-23T15:00Z,IT_NORD,25,0,207
2024-01-23T16:00Z,IT_NORD,24,0,0
2024-01-23T17:00Z,IT_NORD,25,0,0
2024-01-23T18:00Z,IT_NORD,25,0,0
2024-01-23T19:00Z,IT_NORD,12,0,0
2024-01-23T20:00Z,IT_NORD,9,0,0
2024-01-23T21:00Z,IT_NORD,7,0,0
2024-01-23T22:00Z,IT_NORD,11,0,0
2024-01-23T23:00Z,IT_NORD,9,0,0
2024-01-24T00:00Z,IT_NORD,6,0,0
2024-01-24T01:00Z,IT_NORD,6,0,0
2024-01-24T02:00Z,IT_NORD,8,0,0
2024-01-24T03:00Z,IT_NORD,5,0,0
2024-01-24T04:00Z,IT_NORD,5,0,0
2024-01-24T05:00Z,IT_NORD,5,0,0
2024-01-24T06:00Z,IT_NORD,10,0,0
2024-01-24T07:00Z,IT_NORD,8,0,303
2024-01-24T08:00Z,IT_NORD,16,0,793
2024-01-24T09:00Z,IT_NORD,18,0,1082
2024-01-24T10:00Z,IT_NORD,34,0,1449
2024-01-24T11:00Z,IT_NORD,37,0,1538
2024-01-24T12:00Z,IT_NORD,31,0,1442
2024-01-24T13:00Z,IT_NORD,24,0,1191
2024-01-24T14:00Z,IT_NORD,36,0,708
2024-01-24T15:00Z,IT_NORD,46,0,203
2024-01-24T16:00Z,IT_NORD,59,0,0
2024-01-24T17:00Z,IT_NORD,49,0,0
2024-01-24T18:00Z,IT_NORD,49,0,0
2024-01-24T19:00Z,IT_NORD,42,0,0
2024-01-24T20:00Z,IT_NORD,37,0,0
2024-01-24T21:00Z,IT_NORD,33,0,0
2024-01-24T22:00Z,IT_NORD,31,0,0
2024-01-24T23:00Z,IT_NORD,36,0,0
2024-01-25T00:00Z,IT_NORD,34,0,0
2024-01-25T01:00Z,IT_NORD,22,0,0
2024-01-25T02:00Z,IT_NORD,26,0,0
2024-01-25T03:00Z,IT_NORD,52,0,0
2024-01-25T04:00Z,IT_NORD,60,0,0
2024-01-25T05:00Z,IT_NORD,56,0,0
2024-01-25T06:00Z,IT_NORD,71,0,0
2024-01-25T07:00Z,IT_NORD,41,0,256
2024-01-25T08:00Z,IT_NORD,33,0,597
2024-01-25T09:00Z,IT_NORD,39,0,706
2024-01-25T10:00Z,IT_NORD,46,0,1096
2024-01-25T11:00Z,IT_NORD,48,0,1186
2024-01-25T12:00Z,IT_NORD,30,0,950
2024-01-25T13:00Z,IT_NORD,42,0,900
2024-01-25T14:00Z,IT_NORD,34,0,520
2024-01-25T15:00Z,IT_NORD,31,0,163
2024-01-25T16:00Z,IT_NORD,29,0,0
2024-01-25T17:00Z,IT_NORD,27,0,0
2024-01-25T18:00Z,IT_NORD,41,0,0
2024-01-25T19:00Z,IT_NORD,24,0,0
2024-01-25T20:00Z,IT_NORD,25,0,0
2024-01-25T21:00Z,IT_NORD,24,0,0
2024-01-25T22:00Z,IT_NORD,21,0,0
2024-01-25T23:00Z,IT_NORD,26,0,0
2024-01-26T00:00Z,IT_NORD,32,0,0
2024-01-26T01:00Z,IT_NORD,43,0,0
2024-01-26T02:00Z,IT_NORD,46,0,0
2024-01-26T03:00Z,IT_NORD,49,0,0
2024-01-26T04:00Z,IT_NORD,65,0,0
2024-01-26T05:00Z,IT_NORD,63,0,0
2024-01-26T06:00Z,IT_NORD,81,0,0
2024-01-26T07:00Z,IT_NORD,73,0,199
2024-01-26T08:00Z,IT_NORD,59,0,545
2024-01-26T09:00Z,IT_NORD,53,0,834
2024-01-26T10:00Z,IT_NORD,57,0,1073
2024-01-26T11:00Z,IT_NORD,40,0,1193
2024-01-26T12:00Z,IT_NORD,45,0,1120
2024-01-26T13:00Z,IT_NORD,55,0,855
2024-01-26T14:00Z,IT_NORD,46,0,541
2024-01-26T15:00Z,IT_NORD,55,0,166
2024-01-26T16:00Z,IT_NORD,64,0,0
2024-01-26T17:00Z,IT_NORD,57,0,0
2024-01-26T18:00Z,IT_NORD,49,0,0
2024-01-26T19:00Z,IT_NORD,28,0,0
2024-01-26T20:00Z,IT_NORD,39,0,0
2024-01-26T21:00Z,IT_NORD,31,0,0
2024-01-26T22:00Z,IT_NORD,67,0,0
2024-01-26T23:00Z,IT_NORD,53,0,0
2024-01-27T00:00Z,IT_NORD,64,0,0
2024-01-27T01:00Z,IT_NORD,43,0,0
2024-01-27T02:00Z,IT_NORD,26,0,0
2024-01-27T03:00Z,IT_NORD,16,0,0
2024-01-27T04:00Z,IT_NORD,16,0,0
2024-01-27T05:00Z,IT_NORD,15,0,0
2024-01-27T06:00Z,IT_NORD,16,0,0
2024-01-27T07:00Z,IT_NORD,8,0,500
2024-01-27T08:00Z,IT_NORD,11,0,1185
2024-01-27T09:00Z,IT_NORD,8,0,1737
2024-01-27T10:00Z,IT_NORD,8,0,2225
2024-01-27T11:00Z,IT_NORD,14,0,2201
2024-01-27T12:00Z,IT_NORD,14,0,1928
2024-01-27T13:00Z,IT_NORD,10,0,1538
2024-01-27T14:00Z,IT_NORD,9,0,915
2024-01-27T15:00Z,IT_NORD,9,0,274
2024-01-27T16:00Z,IT_NORD,9,0,0
2024-01-27T17:00Z,IT_NORD,11,0,0
2024-01-27T18:00Z,IT_NORD,26,0,0
2024-01-27T19:00Z,IT_NORD,17,0,0
2024-01-27T20:00Z,IT_NORD,15,0,0
2024-01-27T21:00Z,IT_NORD,14,0,0
2024-01-27T22:00Z,IT_NORD,32,0,0
2024-01-27T23:00Z,IT_NORD,15,0,0
2024-01-28T00:00Z,IT_NORD,9,0,0
2024-01-28T01:00Z,IT_NORD,7,0,0
2024-01-28T02:00Z,IT_NORD,4,0,0
2024-01-28T03:00Z,IT_NORD,4,0,0
2024-01-28T04:00Z,IT_NORD,4,0,0
2024-01-28T05:00Z,IT_NORD,3,0,0
2024-01-28T06:00Z,IT_NORD,4,0,0
2024-01-28T07:00Z,IT_NORD,8,0,326
2024-01-28T08:00Z,IT_NORD,7,0,615
2024-01-28T09:00Z,IT_NORD,6,0,892
2024-01-28T10:00Z,IT_NORD,6,0,1074
2024-01-28T11:00Z,IT_NORD,8,0,1014
2024-01-28T12:00Z,IT_NORD,8,0,1019
2024-01-28T13:00Z,IT_NORD,8,0,801
2024-01-28T14:00Z,IT_NORD,12,0,485
2024-01-28T15:00Z,IT_NORD,13,0,133
2024-01-28T16:00Z,IT_NORD,12,0,0
2024-01-28T17:00Z,IT_NORD,15,0,0
2024-01-28T18:00Z,IT_NORD,12,0,0
2024-01-28T19:00Z,IT_NORD,13,0,0
2024-01-28T20:00Z,IT_NORD,7,0,0
2024-01-28T21:00Z,IT_NORD,6,0,0
2024-01-28T22:00Z,IT_NORD,9,0,0
2024-01-28T23:00Z,IT_NORD,5,0,0
2024-01-29T00:00Z,IT_NORD,6,0,0
2024-01-29T01:00Z,IT_NORD,5,0,0
2024-01-29T02:00Z,IT_NORD,3,0,0
2024-01-29T03:00Z,IT_NORD,2,0,0
2024-01-29T04:00Z,IT_NORD,1,0,0
2024-01-29T05:00Z,IT_NORD,1,0,0
2024-01-29T06:00Z,IT_NORD,1,0,0
2024-01-29T07:00Z,IT_NORD,1,0,493
2024-01-29T08:00Z,IT_NORD,1,0,1194
2024-01-29T09:00Z,IT_NORD,1,0,1780
2024-01-29T10:00Z,IT_NORD,1,0,2107
2024-01-29T11:00Z,IT_NORD,1,0,2321
2024-01-29T12:00Z,IT_NORD,1,0,2090
2024-01-29T13:00Z,IT_NORD,1,0,1710
2024-01-29T14:00Z,IT_NORD,1,0,1008
2024-01-29T15:00Z,IT_NORD,1,0,305
2024-01-29T16:00Z,IT_NORD,0,0,0
2024-01-29T17:00Z,IT_NORD,1,0,0
2024-01-29T18:00Z,IT_NORD,0,0,0
2024-01-29T19:00Z,IT_NORD,0,0,0
2024-01-29T20:00Z,IT_NORD,1,0,0
2024-01-29T21:00Z,IT_NORD,1,0,0
2024-01-29T22:00Z,IT_NORD,1,0,0
2024-01-29T23:00Z,IT_NORD,1,0,0
2024-01-30T00:00Z,IT_NORD,1,0,0
2024-01-30T01:00Z,IT_NORD,1,0,0
2024-01-30T02:00Z,IT_NORD,1,0,0
2024-01-30T03:00Z,IT_NORD,1,0,0
2024-01-30T04:00Z,IT_NORD,2,0,0
2024-01-30T05:00Z,IT_NORD,2,0,0
2024-01-30T06:00Z,IT_NORD,2,0,0
2024-01-30T07:00Z,IT_NORD,1,0,684
2024-01-30T08:00Z,IT_NORD,1,0,1516
2024-01-30T09:00Z,IT_NORD,1,0,2229
2024-01-30T10:00Z,IT_NORD,1,0,2507
2024-01-30T11:00Z,IT_NORD,1,0,2585
2024-01-30T12:00Z,IT_NORD,1,0,2554
2024-01-30T13:00Z,IT_NORD,3,0,2032
2024-01-30T14:00Z,IT_NORD,2,0,1249
2024-01-30T15:00Z,IT_NORD,3,0,416
2024-01-30T16:00Z,IT_NORD,5,0,0
2024-01-30T17:00Z,IT_NORD,6,0,0
2024-01-30T18:00Z,IT_NORD,11,0,0
2024-01-30T19:00Z,IT_NORD,9,0,0
2024-01-30T20:00Z,IT_NORD,7,0,0
2024-01-30T21:00Z,IT_NORD,14,0,0
2024-01-30T22:00Z,IT_NORD,19,0,0
2024-01-30T23:00Z,IT_NORD,17,0,0
2024-01-31T00:00Z,IT_NORD,14,0,0
2024-01-31T01:00Z,IT_NORD,14,0,0
2024-01-31T02:00Z,IT_NORD,9,0,0
2024-01-31T03:00Z,IT_NORD,11,0,0
2024-01-31T04:00Z,IT_NORD,6,0,0
2024-01-31T05:00Z,IT_NORD,5,0,0
2024-01-31T06:00Z,IT_NORD,4,0,0
2024-01-31T07:00Z,IT_NORD,4,0,490
2024-01-31T08:00Z,IT_NORD,3,0,1145
2024-01-31T09:00Z,IT_NORD,3,0,1580
2024-01-31T10:00Z,IT_NORD,5,0,1833
2024-01-31T11:00Z,IT_NORD,3,0,1661
2024-01-31T12:00Z,IT_NORD,3,0,1628
2024-01-31T13:00Z,IT_NORD,5,0,1551
2024-01-31T14:00Z,IT_NORD,6,0,975
2024-01-31T15:00Z,IT_NORD,4,0,330
2024-01-31T16:00Z,IT_NORD,6,0,0
2024-01-31T17:00Z,IT_NORD,5,0,0
2024-01-31T18:00Z,IT_NORD,4,0,0
2024-01-31T19:00Z,IT_NORD,4,0,0
2024-01-31T20:00Z,IT_NORD,4,0,0
2024-01-31T21:00Z,IT_NORD,5,0,0
2024-01-31T22:00Z,IT_NORD,5,0,0
2024-01-31T23:00Z,IT_NORD,5,0,0
2024-02-01T00:00Z,IT_NORD,6,0,0
2024-02-01T01:00Z,IT_NORD,4,0,0
2024-02-01T02:00Z,IT_NORD,5,0,0
2024-02-01T03:00Z,IT_NORD,6,0,0
2024-02-01T04:00Z,IT_NORD,20,0,0
2024-02-01T05:00Z,IT_NORD,25,0,0
2024-02-01T06:00Z,IT_NORD,23,0,0
2024-02-01T07:00Z,IT_NORD,24,0,277
2024-02-01T08:00Z,IT_NORD,29,0,694
2024-02-01T09:00Z,IT_NORD,30,0,997
2024-02-01T10:00Z,IT_NORD,32,0,1238
2024-02-01T11:00Z,IT_NORD,32,0,1315
2024-02-01T12:00Z,IT_NORD,21,0,1035
2024-02-01T13:00Z,IT_NORD,16,0,790
2024-02-01T14:00Z,IT_NORD,31,0,500
2024-02-01T15:00Z,IT_NORD,24,0,178
2024-02-01T16:00Z,IT_NORD,19,0,0
2024-02-01T17:00Z,IT_NORD,27,0,0
2024-02-01T18:00Z,IT_NORD,20,0,0
2024-02-01T19:00Z,IT_NORD,21,0,0
2024-02-01T20:00Z,IT_NORD,34,0,0
2024-02-01T21:00Z,IT_NORD,28,0,0
2024-02-01T22:00Z,IT_NORD,28,0,0
2024-02-01T23:00Z,IT_NORD,10,0,0
2024-02-02T00:00Z,IT_NORD,10,0,0
2024-02-02T01:00Z,IT_NORD,18,0,0
2024-02-02T02:00Z,IT_NORD,23,0,0
2024-02-02T03:00Z,IT_NORD,18,0,0
2024-02-02T04:00Z,IT_NORD,25,0,0
2024-02-02T05:00Z,IT_NORD,33,0,0
2024-02-02T06:00Z,IT_NORD,30,0,0
2024-02-02T07:00Z,IT_NORD,28,0,496
2024-02-02T08:00Z,IT_NORD,19,0,1090
2024-02-02T09:00Z,IT_NORD,21,0,1455
2024-02-02T10:00Z,IT_NORD,28,0,1842
2024-02-02T11:00Z,IT_NORD,43,0,2194
2024-02-02T12:00Z,IT_NORD,45,0,2172
2024-02-02T13:00Z,IT_NORD,73,0,1869
2024-02-02T14:00Z,IT_NORD,96,0,1160
2024-02-02T15:00Z,IT_NORD,100,0,367
2024-02-02T16:00Z,IT_NORD,87,0,0
2024-02-02T17:00Z,IT_NORD,109,0,0
2024-02-02T18:00Z,IT_NORD,109,0,0
2024-02-02T19:00Z,IT_NORD,99,0,0
2024-02-02T20:00Z,IT_NORD,76,0,0
2024-02-02T21:00Z,IT_NORD,63,0,0
2024-02-02T22:00Z,IT_NORD,42,0,0
2024-02-02T23:00Z,IT_NORD,28,0,0
2024-02-03T00:00Z,IT_NORD,30,0,0
2024-02-03T01:00Z,IT_NORD,36,0,0
2024-02-03T02:00Z,IT_NORD,43,0,0
2024-02-03T03:00Z,IT_NORD,55,0,0
2024-02-03T04:00Z,IT_NORD,46,0,0
2024-02-03T05:00Z,IT_NORD,44,0,0
2024-02-03T06:00Z,IT_NORD,56,0,0
2024-02-03T07:00Z,IT_NORD,69,0,528
2024-02-03T08:00Z,IT_NORD,47,0,1172
2024-02-03T09:00Z,IT_NORD,64,0,1660
2024-02-03T10:00Z,IT_NORD,71,0,2171
2024-02-03T11:00Z,IT_NORD,78,0,2301
2024-02-03T12:00Z,IT_NORD,35,0,2165
2024-02-03T13:00Z,IT_NORD,27,0,1659
2024-02-03T14:00Z,IT_NORD,38,0,1017
2024-02-03T15:00Z,IT_NORD,33,0,361
2024-02-03T16:00Z,IT_NORD,44,0,0
2024-02-03T17:00Z,IT_NORD,49,0,0
2024-02-03T18:00Z,IT_NORD,51,0,0
2024-02-03T19:00Z,IT_NORD,31,0,0
2024-02-03T20:00Z,IT_NORD,34,0,0
2024-02-03T21:00Z,IT_NORD,36,0,0
2024-02-03T22:00Z,IT_NORD,50,0,0
2024-02-03T23:00Z,IT_NORD,42,0,0
2024-02-04T00:00Z,IT_NORD,58,0,0
2024-02-04T01:00Z,IT_NORD,65,0,0
2024-02-04T02:00Z,IT_NORD,31,0,0
2024-02-04T03:00Z,IT_NORD,21,0,0
2024-02-04T04:00Z,IT_NORD,19,0,0
2024-02-04T05:00Z,IT_NORD,20,0,0
2024-02-04T06:00Z,IT_NORD,16,0,0
2024-02-04T07:00Z,IT_NORD,16,0,257
2024-02-04T08:00Z,IT_NORD,24,0,496
2024-02-04T09:00Z,IT_NORD,17,0,713
2024-02-04T10:00Z,IT_NORD,9,0,849
2024-02-04T11:00Z,IT_NORD,5,0,888
2024-02-04T12:00Z,IT_NORD,3,0,822
2024-02-04T13:00Z,IT_NORD,3,0,662
2024-02-04T14:00Z,IT_NORD,3,0,428
2024-02-04T15:00Z,IT_NORD,3,0,160
2024-02-04T16:00Z,IT_NORD,5,0,0
2024-02-04T17:00Z,IT_NORD,2,0,0
2024-02-04T18:00Z,IT_NORD,4,0,0
2024-02-04T19:00Z,IT_NORD,3,0,0
2024-02-04T20:00Z,IT_NORD,7,0,0
2024-02-04T21:00Z,IT_NORD,6,0,0
2024-02-04T22:00Z,IT_NORD,9,0,0
2024-02-04T23:00Z,IT_NORD,15,0,0
2024-02-05T00:00Z,IT_NORD,19,0,0
2024-02-05T01:00Z,IT_NORD,30,0,0
2024-02-05T02:00Z,IT_NORD,44,0,0
2024-02-05T03:00Z,IT_NORD,46,0,0
2024-02-05T04:00Z,IT_NORD,49,0,0
2024-02-05T05:00Z,IT_NORD,45,0,0
2024-02-05T06:00Z,IT_NORD,70,0,0
2024-02-05T07:00Z,IT_NORD,101,0,457
2024-02-05T08:00Z,IT_NORD,81,0,960
2024-02-05T09:00Z,IT_NORD,93,0,1429
2024-02-05T10:00Z,IT_NORD,94,0,1759
2024-02-05T11:00Z,IT_NORD,78,0,1823
2024-02-05T12:00Z,IT_NORD,61,0,1738
2024-02-05T13:00Z,IT_NORD,42,0,1469
2024-02-05T14:00Z,IT_NORD,48,0,920
2024-02-05T15:00Z,IT_NORD,33,0,369
2024-02-05T16:00Z,IT_NORD,47,0,0
2024-02-05T17:00Z,IT_NORD,40,0,0
2024-02-05T18:00Z,IT_NORD,41,0,0
2024-02-05T19:00Z,IT_NORD,32,0,0
2024-02-05T20:00Z,IT_NORD,31,0,0
2024-02-05T21:00Z,IT_NORD,41,0,0
2024-02-05T22:00Z,IT_NORD,47,0,0
2024-02-05T23:00Z,IT_NORD,26,0,0
2024-02-06T00:00Z,IT_NORD,29,0,0
2024-02-06T01:00Z,IT_NORD,27,0,0
2024-02-06T02:00Z,IT_NORD,55,0,0
2024-02-06T03:00Z,IT_NORD,81,0,0
2024-02-06T04:00Z,IT_NORD,97,0,0
2024-02-06T05:00Z,IT_NORD,114,0,0
2024-02-06T06:00Z,IT_NORD,106,0,0
2024-02-06T07:00Z,IT_NORD,135,0,325
2024-02-06T08:00Z,IT_NORD,163,0,625
2024-02-06T09:00Z,IT_NORD,169,0,826
2024-02-06T10:00Z,IT_NORD,183,0,1151
2024-02-06T11:00Z,IT_NORD,177,0,1226
2024-02-06T12:00Z,IT_NORD,189,0,1144
2024-02-06T13:00Z,IT_NORD,137,0,823
2024-02-06T14:00Z,IT_NORD,101,0,570
2024-02-06T15:00Z,IT_NORD,87,0,230
2024-02-06T16:00Z,IT_NORD,93,0,0
2024-02-06T17:00Z,IT_NORD,107,0,0
2024-02-06T18:00Z,IT_NORD,104,0,0
2024-02-06T19:00Z,IT_NORD,108,0,0
2024-02-06T20:00Z,IT_NORD,59,0,0
2024-02-06T21:00Z,IT_NORD,91,0,0
2024-02-06T22:00Z,IT_NORD,61,0,0
2024-02-06T23:00Z,IT_NORD,49,0,0
2024-02-07T00:00Z,IT_NORD,48,0,0
2024-02-07T01:00Z,IT_NORD,63,0,0
2024-02-07T02:00Z,IT_NORD,60,0,0
2024-02-07T03:00Z,IT_NORD,84,0,0
2024-02-07T04:00Z,IT_NORD,84,0,0
2024-02-07T05:00Z,IT_NORD,100,0,0
2024-02-07T06:00Z,IT_NORD,77,0,9
2024-02-07T07:00Z,IT_NORD,39,0,705
2024-02-07T08:00Z,IT_NORD,29,0,1463
2024-02-07T09:00Z,IT_NORD,34,0,2062
2024-02-07T10:00Z,IT_NORD,43,0,2747
2024-02-07T11:00Z,IT_NORD,38,0,2976
2024-02-07T12:00Z,IT_NORD,33,0,2744
2024-02-07T13:00Z,IT_NORD,28,0,2167
2024-02-07T14:00Z,IT_NORD,39,0,1300
2024-02-07T15:00Z,IT_NORD,37,0,521
2024-02-07T16:00Z,IT_NORD,26,0,0
2024-02-07T17:00Z,IT_NORD,32,0,0
2024-02-07T18:00Z,IT_NORD,21,0,0
2024-02-07T19:00Z,IT_NORD,29,0,0
2024-02-07T20:00Z,IT_NORD,40,0,0
2024-02-07T21:00Z,IT_NORD,26,0,0
2024-02-07T22:00Z,IT_NORD,30,0,0
2024-02-07T23:00Z,IT_NORD,32,0,0
2024-02-08T00:00Z,IT_NORD,46,0,0
2024-02-08T01:00Z,IT_NORD,24,0,0
2024-02-08T02:00Z,IT_NORD,56,0,0
2024-02-08T03:00Z,IT_NORD,50,0,0
2024-02-08T04:00Z,IT_NORD,59,0,0
2024-02-08T05:00Z,IT_NORD,71,0,0
2024-02-08T06:00Z,IT_NORD,47,0,22
2024-02-08T07:00Z,IT_NORD,66,0,900
2024-02-08T08:00Z,IT_NORD,99,0,1773
2024-02-08T09:00Z,IT_NORD,77,0,2642
2024-02-08T10:00Z,IT_NORD,112,0,3048
2024-02-08T11:00Z,IT_NORD,112,0,3214
2024-02-08T12:00Z,IT_NORD,108,0,2884
2024-02-08T13:00Z,IT_NORD,100,0,2397
2024-02-08T14:00Z,IT_NORD,140,0,1663
2024-02-08T15:00Z,IT_NORD,162,0,683
2024-02-08T16:00Z,IT_NORD,186,0,0
2024-02-08T17:00Z,IT_NORD,165,0,0
2024-02-08T18:00Z,IT_NORD,154,0,0
2024-02-08T19:00Z,IT_NORD,115,0,0
2024-02-08T20:00Z,IT_NORD,86,0,0
2024-02-08T21:00Z,IT_NORD,76,0,0
2024-02-08T22:00Z,IT_NORD,66,0,0
2024-02-08T23:00Z,IT_NORD,61,0,0
2024-02-09T00:00Z,IT_NORD,52,0,0
2024-02-09T01:00Z,IT_NORD,41,0,0
2024-02-09T02:00Z,IT_NORD,31,0,0
2024-02-09T03:00Z,IT_NORD,40,0,0
2024-02-09T04:00Z,IT_NORD,33,0,0
2024-02-09T05:00Z,IT_NORD,23,0,0
2024-02-09T06:00Z,IT_NORD,20,0,35
2024-02-09T07:00Z,IT_NORD,29,0,845
2024-02-09T08:00Z,IT_NORD,26,0,1706
2024-02-09T09:00Z,IT_NORD,33,0,2525
2024-02-09T10:00Z,IT_NORD,38,0,3007
2024-02-09T11:00Z,IT_NORD,29,0,3041
2024-02-09T12:00Z,IT_NORD,36,0,2851
2024-02-09T13:00Z,IT_NORD,41,0,2269
2024-02-09T14:00Z,IT_NORD,59,0,1513
2024-02-09T15:00Z,IT_NORD,52,0,627
2024-02-09T16:00Z,IT_NORD,64,0,0
2024-02-09T17:00Z,IT_NORD,65,0,0
2024-02-09T18:00Z,IT_NORD,32,0,0
2024-02-09T19:00Z,IT_NORD,65,0,0
2024-02-09T20:00Z,IT_NORD,53,0,0
2024-02-09T21:00Z,IT_NORD,48,0,0
2024-02-09T22:00Z,IT_NORD,59,0,0
2024-02-09T23:00Z,IT_NORD,46,0,0
2024-02-10T00:00Z,IT_NORD,35,0,0
2024-02-10T01:00Z,IT_NORD,64,0,0
2024-02-10T02:00Z,IT_NORD,63,0,0
2024-02-10T03:00Z,IT_NORD,62,0,0
2024-02-10T04:00Z,IT_NORD,52,0,0
2024-02-10T05:00Z,IT_NORD,46,0,0
2024-02-10T06:00Z,IT_NORD,27,0,44
2024-02-10T07:00Z,IT_NORD,29,0,802
2024-02-10T08:00Z,IT_NORD,33,0,1617
2024-02-10T09:00Z,IT_NORD,42,0,2039
2024-02-10T10:00Z,IT_NORD,32,0,2593
2024-02-10T11:00Z,IT_NORD,57,0,2952
2024-02-10T12:00Z,IT_NORD,54,0,2662
2024-02-10T13:00Z,IT_NORD,44,0,2088
2024-02-10T14:00Z,IT_NORD,42,0,1370
2024-02-10T15:00Z,IT_NORD,21,0,601
2024-02-10T16:00Z,IT_NORD,20,0,0
2024-02-10T17:00Z,IT_NORD,14,0,0
2024-02-10T18:00Z,IT_NORD,13,0,0
2024-02-10T19:00Z,IT_NORD,13,0,0
2024-02-10T20:00Z,IT_NORD,10,0,0
2024-02-10T21:00Z,IT_NORD,12,0,0
2024-02-10T22:00Z,IT_NORD,11,0,0
2024-02-10T23:00Z,IT_NORD,23,0,0
2024-02-11T00:00Z,IT_NORD,28,0,0
2024-02-11T01:00Z,IT_NORD,15,0,0
2024-02-11T02:00Z,IT_NORD,13,0,0
2024-02-11T03:00Z,IT_NORD,9,0,0
2024-02-11T04:00Z,IT_NORD,11,0,0
2024-02-11T05:00Z,IT_NORD,18,0,0
2024-02-11T06:00Z,IT_NORD,13,0,61
2024-02-11T07:00Z,IT_NORD,14,0,846
2024-02-11T08:00Z,IT_NORD,11,0,1688
2024-02-11T09:00Z,IT_NORD,16,0,2224
2024-02-11T10:00Z,IT_NORD,33,0,2639
2024-02-11T11:00Z,IT_NORD,38,0,2879
2024-02-11T12:00Z,IT_NORD,37,0,2805
2024-02-11T13:00Z,IT_NORD,46,0,2259
2024-02-11T14:00Z,IT_NORD,34,0,1620
2024-02-11T15:00Z,IT_NORD,33,0,708
2024-02-11T16:00Z,IT_NORD,21,0,0
2024-02-11T17:00Z,IT_NORD,26,0,0
2024-02-11T18:00Z,IT_NORD,16,0,0
2024-02-11T19:00Z,IT_NORD,10,0,0
2024-02-11T20:00Z,IT_NORD,12,0,0
2024-02-11T21:00Z,IT_NORD,11,0,0
2024-02-11T22:00Z,IT_NORD,12,0,0
2024-02-11T23:00Z,IT_NORD,12,0,0
2024-02-12T00:00Z,IT_NORD,8,0,0
2024-02-12T01:00Z,IT_NORD,9,0,0
2024-02-12T02:00Z,IT_NORD,3,0,0
2024-02-12T03:00Z,IT_NORD,2,0,0
2024-02-12T04:00Z,IT_NORD,2,0,0
2024-02-12T05:00Z,IT_NORD,6,0,0
2024-02-12T06:00Z,IT_NORD,6,0,62
2024-02-12T07:00Z,IT_NORD,7,0,715
2024-02-12T08:00Z,IT_NORD,10,0,1524
2024-02-12T09:00Z,IT_NORD,9,0,1996
2024-02-12T10:00Z,IT_NORD,14,0,2237
2024-02-12T11:00Z,IT_NORD,6,0,2350
2024-02-12T12:00Z,IT_NORD,8,0,2126
2024-02-12T13:00Z,IT_NORD,10,0,1682
2024-02-12T14:00Z,IT_NORD,27,0,1154
2024-02-12T15:00Z,IT_NORD,43,0,443
2024-02-12T16:00Z,IT_NORD,32,0,0
2024-02-12T17:00Z,IT_NORD,63,0,0
2024-02-12T18:00Z,IT_NORD,70,0,0
2024-02-12T19:00Z,IT_NORD,73,0,0
2024-02-12T20:00Z,IT_NORD,63,0,0
2024-02-12T21:00Z,IT_NORD,72,0,0
2024-02-12T22:00Z,IT_NORD,55,0,0
2024-02-12T23:00Z,IT_NORD,58,0,0
2024-02-13T00:00Z,IT_NORD,93,0,0
2024-02-13T01:00Z,IT_NORD,125,0,0
2024-02-13T02:00Z,IT_NORD,83,0,0
2024-02-13T03:00Z,IT_NORD,67,0,0
2024-02-13T04:00Z,IT_NORD,66,0,0
2024-02-13T05:00Z,IT_NORD,98,0,0
2024-02-13T06:00Z,IT_NORD,106,0,83
2024-02-13T07:00Z,IT_NORD,74,0,864
2024-02-13T08:00Z,IT_NORD,107,0,1757
2024-02-13T09:00Z,IT_NORD,101,0,2530
2024-02-13T10:00Z,IT_NORD,99,0,2780
2024-02-13T11:00Z,IT_NORD,79,0,2586
2024-02-13T12:00Z,IT_NORD,129,0,2339
2024-02-13T13:00Z,IT_NORD,91,0,1853
2024-02-13T14:00Z,IT_NORD,107,0,1245
2024-02-13T15:00Z,IT_NORD,83,0,559
2024-02-13T16:00Z,IT_NORD,82,0,0
2024-02-13T17:00Z,IT_NORD,84,0,0
2024-02-13T18:00Z,IT_NORD,69,0,0
2024-02-13T19:00Z,IT_NORD,52,0,0
2024-02-13T20:00Z,IT_NORD,40,0,0
2024-02-13T21:00Z,IT_NORD,30,0,0
2024-02-13T22:00Z,IT_NORD,39,0,0
2024-02-13T23:00Z,IT_NORD,50,0,0
2024-02-14T00:00Z,IT_NORD,26,0,0
2024-02-14T01:00Z,IT_NORD,28,0,0
2024-02-14T02:00Z,IT_NORD,25,0,0
2024-02-14T03:00Z,IT_NORD,29,0,0
2024-02-14T04:00Z,IT_NORD,19,0,0
2024-02-14T05:00Z,IT_NORD,10,0,0
2024-02-14T06:00Z,IT_NORD,20,0,54
2024-02-14T07:00Z,IT_NORD,12,0,431
2024-02-14T08:00Z,IT_NORD,10,0,758
2024-02-14T09:00Z,IT_NORD,15,0,1078
2024-02-14T10:00Z,IT_NORD,16,0,1209
2024-02-14T11:00Z,IT_NORD,18,0,1368
2024-02-14T12:00Z,IT_NORD,13,0,1129
2024-02-14T13:00Z,IT_NORD,13,0,1008
2024-02-14T14:00Z,IT_NORD,10,0,800
2024-02-14T15:00Z,IT_NORD,12,0,401
2024-02-14T16:00Z,IT_NORD,7,0,0
2024-02-14T17:00Z,IT_NORD,6,0,0
2024-02-14T18:00Z,IT_NORD,8,0,0
2024-02-14T19:00Z,IT_NORD,7,0,0
2024-02-14T20:00Z,IT_NORD,8,0,0
2024-02-14T21:00Z,IT_NORD,9,0,0
2024-02-14T22:00Z,IT_NORD,6,0,0
2024-02-14T23:00Z,IT_NORD,10,0,0
2024-02-15T00:00Z,IT_NORD,12,0,0
2024-02-15T01:00Z,IT_NORD,16,0,0
2024-02-15T02:00Z,IT_NORD,8,0,0
2024-02-15T03:00Z,IT_NORD,8,0,0
2024-02-15T04:00Z,IT_NORD,8,0,0
2024-02-15T05:00Z,IT_NORD,5,0,0
2024-02-15T06:00Z,IT_NORD,2,0,42
2024-02-15T07:00Z,IT_NORD,5,0,318
2024-02-15T08:00Z,IT_NORD,7,0,732
2024-02-15T09:00Z,IT_NORD,8,0,1012
2024-02-15T10:00Z,IT_NORD,7,0,1243
2024-02-15T11:00Z,IT_NORD,5,0,1006
2024-02-15T12:00Z,IT_NORD,6,0,1059
2024-02-15T13:00Z,IT_NORD,12,0,814
2024-02-15T14:00Z,IT_NORD,9,0,526
2024-02-15T15:00Z,IT_NORD,12,0,240
2024-02-15T16:00Z,IT_NORD,12,0,0
2024-02-15T17:00Z,IT_NORD,17,0,0
2024-02-15T18:00Z,IT_NORD,17,0,0
2024-02-15T19:00Z,IT_NORD,21,0,0
2024-02-15T20:00Z,IT_NORD,21,0,0
2024-02-15T21:00Z,IT_NORD,30,0,0
2024-02-15T22:00Z,IT_NORD,21,0,0
2024-02-15T23:00Z,IT_NORD,17,0,0
2024-02-16T00:00Z,IT_NORD,26,0,0
2024-02-16T01:00Z,IT_NORD,22,0,0
2024-02-16T02:00Z,IT_NORD,33,0,0
2024-02-16T03:00Z,IT_NORD,37,0,0
2024-02-16T04:00Z,IT_NORD,37,0,0
2024-02-16T05:00Z,IT_NORD,40,0,0
2024-02-16T06:00Z,IT_NORD,42,0,90
2024-02-16T07:00Z,IT_NORD,49,0,668
2024-02-16T08:00Z,IT_NORD,80,0,1288
2024-02-16T09:00Z,IT_NORD,76,0,1635
2024-02-16T10:00Z,IT_NORD,52,0,1972
2024-02-16T11:00Z,IT_NORD,29,0,2266
2024-02-16T12:00Z,IT_NORD,31,0,1941
2024-02-16T13:00Z,IT_NORD,27,0,1643
2024-02-16T14:00Z,IT_NORD,26,0,1143
2024-02-16T15:00Z,IT_NORD,33,0,573
2024-02-16T16:00Z,IT_NORD,71,0,0
2024-02-16T17:00Z,IT_NORD,63,0,0
2024-02-16T18:00Z,IT_NORD,91,0,0
2024-02-16T19:00Z,IT_NORD,105,0,0
2024-02-16T20:00Z,IT_NORD,77,0,0
2024-02-16T21:00Z,IT_NORD,77,0,0
2024-02-16T22:00Z,IT_NORD,56,0,0
2024-02-16T23:00Z,IT_NORD,77,0,0
2024-02-17T00:00Z,IT_NORD,88,0,0
2024-02-17T01:00Z,IT_NORD,81,0,0
2024-02-17T02:00Z,IT_NORD,57,0,0
2024-02-17T03:00Z,IT_NORD,61,0,0
2024-02-17T04:00Z,IT_NORD,41,0,0
2024-02-17T05:00Z,IT_NORD,29,0,0
2024-02-17T06:00Z,IT_NORD,42,0,144
2024-02-17T07:00Z,IT_NORD,45,0,928
2024-02-17T08:00Z,IT_NORD,42,0,1761
2024-02-17T09:00Z,IT_NORD,38,0,2474
2024-02-17T10:00Z,IT_NORD,49,0,2862
2024-02-17T11:00Z,IT_NORD,48,0,2800
2024-02-17T12:00Z,IT_NORD,54,0,2411
2024-02-17T13:00Z,IT_NORD,31,0,2054
2024-02-17T14:00Z,IT_NORD,28,0,1525
2024-02-17T15:00Z,IT_NORD,28,0,717
2024-02-17T16:00Z,IT_NORD,28,0,0
2024-02-17T17:00Z,IT_NORD,32,0,0
2024-02-17T18:00Z,IT_NORD,42,0,0
2024-02-17T19:00Z,IT_NORD,76,0,0
2024-02-17T20:00Z,IT_NORD,70,0,0
2024-02-17T21:00Z,IT_NORD,71,0,0
2024-02-17T22:00Z,IT_NORD,70,0,0
2024-02-17T23:00Z,IT_NORD,80,0,0
2024-02-18T00:00Z,IT_NORD,50,0,0
2024-02-18T01:00Z,IT_NORD,54,0,0
2024-02-18T02:00Z,IT_NORD,63,0,0
2024-02-18T03:00Z,IT_NORD,59,0,0
2024-02-18T04:00Z,IT_NORD,50,0,0
2024-02-18T05:00Z,IT_NORD,41,0,0
2024-02-18T06:00Z,IT_NORD,77,0,188
2024-02-18T07:00Z,IT_NORD,83,0,1107
2024-02-18T08:00Z,IT_NORD,62,0,1879
2024-02-18T09:00Z,IT_NORD,60,0,2454
2024-02-18T10:00Z,IT_NORD,79,0,2996
2024-02-18T11:00Z,IT_NORD,60,0,3076
2024-02-18T12:00Z,IT_NORD,77,0,2883
2024-02-18T13:00Z,IT_NORD,95,0,2405
2024-02-18T14:00Z,IT_NORD,84,0,1735
2024-02-18T15:00Z,IT_NORD,87,0,821
2024-02-18T16:00Z,IT_NORD,97,0,8
2024-02-18T17:00Z,IT_NORD,111,0,0
2024-02-18T18:00Z,IT_NORD,147,0,0
2024-02-18T19:00Z,IT_NORD,127,0,0
2024-02-18T20:00Z,IT_NORD,118,0,0
2024-02-18T21:00Z,IT_NORD,110,0,0
2024-02-18T22:00Z,IT_NORD,103,0,0
2024-02-18T23:00Z,IT_NORD,119,0,0
2024-02-19T00:00Z,IT_NORD,126,0,0
2024-02-19T01:00Z,IT_NORD,139,0,0
2024-02-19T02:00Z,IT_NORD,126,0,0
2024-02-19T03:00Z,IT_NORD,119,0,0
2024-02-19T04:00Z,IT_NORD,119,0,0
2024-02-19T05:00Z,IT_NORD,110,0,0
2024-02-19T06:00Z,IT_NORD,82,0,167
2024-02-19T07:00Z,IT_NORD,89,0,751
2024-02-19T08:00Z,IT_NORD,69,0,1423
2024-02-19T09:00Z,IT_NORD,127,0,1999
2024-02-19T10:00Z,IT_NORD,154,0,2283
2024-02-19T11:00Z,IT_NORD,171,0,2372
2024-02-19T12:00Z,IT_NORD,165,0,2288
2024-02-19T13:00Z,IT_NORD,135,0,1817
2024-02-19T14:00Z,IT_NORD,129,0,1266
2024-02-19T15:00Z,IT_NORD,167,0,629
2024-02-19T16:00Z,IT_NORD,166,0,17
2024-02-19T17:00Z,IT_NORD,201,0,0
2024-02-19T18:00Z,IT_NORD,175,0,0
2024-02-19T19:00Z,IT_NORD,177,0,0
2024-02-19T20:00Z,IT_NORD,145,0,0
2024-02-19T21:00Z,IT_NORD,137,0,0
2024-02-19T22:00Z,IT_NORD,164,0,0
2024-02-19T23:00Z,IT_NORD,125,0,0
2024-02-20T00:00Z,IT_NORD,130,0,0
2024-02-20T01:00Z,IT_NORD,124,0,0
2024-02-20T02:00Z,IT_NORD,98,0,0
2024-02-20T03:00Z,IT_NORD,133,0,0
2024-02-20T04:00Z,IT_NORD,110,0,0
2024-02-20T05:00Z,IT_NORD,169,0,0
2024-02-20T06:00Z,IT_NORD,179,0,126
2024-02-20T07:00Z,IT_NORD,143,0,665
2024-02-20T08:00Z,IT_NORD,102,0,1308
2024-02-20T09:00Z,IT_NORD,93,0,1879
2024-02-20T10:00Z,IT_NORD,84,0,2126
2024-02-20T11:00Z,IT_NORD,89,0,2263
2024-02-20T12:00Z,IT_NORD,147,0,1942
2024-02-20T13:00Z,IT_NORD,138,0,1718
2024-02-20T14:00Z,IT_NORD,133,0,1112
2024-02-20T15:00Z,IT_NORD,126,0,564
2024-02-20T16:00Z,IT_NORD,119,0,21
2024-02-20T17:00Z,IT_NORD,115,0,0
2024-02-20T18:00Z,IT_NORD,119,0,0
2024-02-20T19:00Z,IT_NORD,87,0,0
2024-02-20T20:00Z,IT_NORD,83,0,0
2024-02-20T21:00Z,IT_NORD,70,0,0
2024-02-20T22:00Z,IT_NORD,50,0,0
2024-02-20T23:00Z,IT_NORD,33,0,0
2024-02-21T00:00Z,IT_NORD,17,0,0
2024-02-21T01:00Z,IT_NORD,13,0,0
2024-02-21T02:00Z,IT_NORD,15,0,0
2024-02-21T03:00Z,IT_NORD,17,0,0
2024-02-21T04:00Z,IT_NORD,27,0,0
2024-02-21T05:00Z,IT_NORD,23,0,0
2024-02-21T06:00Z,IT_NORD,15,0,131
2024-02-21T07:00Z,IT_NORD,18,0,572
2024-02-21T08:00Z,IT_NORD,27,0,969
2024-02-21T09:00Z,IT_NORD,32,0,1230
2024-02-21T10:00Z,IT_NORD,18,0,1570
2024-02-21T11:00Z,IT_NORD,19,0,1661
2024-02-21T12:00Z,IT_NORD,18,0,1532
2024-02-21T13:00Z,IT_NORD,16,0,1365
2024-02-21T14:00Z,IT_NORD,10,0,960
2024-02-21T15:00Z,IT_NORD,23,0,474
2024-02-21T16:00Z,IT_NORD,21,0,31
2024-02-21T17:00Z,IT_NORD,29,0,0
2024-02-21T18:00Z,IT_NORD,60,0,0
2024-02-21T19:00Z,IT_NORD,31,0,0
2024-02-21T20:00Z,IT_NORD,18,0,0
2024-02-21T21:00Z,IT_NORD,10,0,0
2024-02-21T22:00Z,IT_NORD,7,0,0
2024-02-21T23:00Z,IT_NORD,6,0,0
2024-02-22T00:00Z,IT_NORD,8,0,0
2024-02-22T01:00Z,IT_NORD,9,0,0
2024-02-22T02:00Z,IT_NORD,12,0,0
2024-02-22T03:00Z,IT_NORD,14,0,0
2024-02-22T04:00Z,IT_NORD,8,0,0
2024-02-22T05:00Z,IT_NORD,19,0,0
2024-02-22T06:00Z,IT_NORD,17,0,191
2024-02-22T07:00Z,IT_NORD,22,0,792
2024-02-22T08:00Z,IT_NORD,18,0,1410
2024-02-22T09:00Z,IT_NORD,20,0,2053
2024-02-22T10:00Z,IT_NORD,25,0,2334
2024-02-22T11:00Z,IT_NORD,33,0,2481
2024-02-22T12:00Z,IT_NORD,28,0,2099
2024-02-22T13:00Z,IT_NORD,37,0,1798
2024-02-22T14:00Z,IT_NORD,25,0,1243
2024-02-22T15:00Z,IT_NORD,24,0,614
2024-02-22T16:00Z,IT_NORD,27,0,43
2024-02-22T17:00Z,IT_NORD,15,0,0
2024-02-22T18:00Z,IT_NORD,18,0,0
2024-02-22T19:00Z,IT_NORD,15,0,0
2024-02-22T20:00Z,IT_NORD,14,0,0
2024-02-22T21:00Z,IT_NORD,14,0,0
2024-02-22T22:00Z,IT_NORD,8,0,0
2024-02-22T23:00Z,IT_NORD,8,0,0
2024-02-23T00:00Z,IT_NORD,8,0,0
2024-02-23T01:00Z,IT_NORD,6,0,0
2024-02-23T02:00Z,IT_NORD,6,0,0
2024-02-23T03:00Z,IT_NORD,4,0,0
2024-02-23T04:00Z,IT_NORD,4,0,0
2024-02-23T05:00Z,IT_NORD,2,0,0
2024-02-23T06:00Z,IT_NORD,2,0,115
2024-02-23T07:00Z,IT_NORD,2,0,419
2024-02-23T08:00Z,IT_NORD,2,0,745
2024-02-23T09:00Z,IT_NORD,2,0,1019
2024-02-23T10:00Z,IT_NORD,1,0,1141
2024-02-23T11:00Z,IT_NORD,2,0,1156
2024-02-23T12:00Z,IT_NORD,3,0,1031
2024-02-23T13:00Z,IT_NORD,5,0,970
2024-02-23T14:00Z,IT_NORD,4,0,649
2024-02-23T15:00Z,IT_NORD,6,0,310
2024-02-23T16:00Z,IT_NORD,11,0,28
2024-02-23T17:00Z,IT_NORD,16,0,0
2024-02-23T18:00Z,IT_NORD,26,0,0
2024-02-23T19:00Z,IT_NORD,18,0,0
2024-02-23T20:00Z,IT_NORD,18,0,0
2024-02-23T21:00Z,IT_NORD,22,0,0
2024-02-23T22:00Z,IT_NORD,30,0,0
2024-02-23T23:00Z,IT_NORD,35,0,0
2024-02-24T00:00Z,IT_NORD,21,0,0
2024-02-24T01:00Z,IT_NORD,47,0,0
2024-02-24T02:00Z,IT_NORD,58,0,0
2024-02-24T03:00Z,IT_NORD,68,0,0
2024-02-24T04:00Z,IT_NORD,75,0,0
2024-02-24T05:00Z,IT_NORD,69,0,0
2024-02-24T06:00Z,IT_NORD,71,0,157
2024-02-24T07:00Z,IT_NORD,68,0,563
2024-02-24T08:00Z,IT_NORD,72,0,917
2024-02-24T09:00Z,IT_NORD,61,0,1202
2024-02-24T10:00Z,IT_NORD,64,0,1574
2024-02-24T11:00Z,IT_NORD,81,0,1746
2024-02-24T12:00Z,IT_NORD,78,0,1697
2024-02-24T13:00Z,IT_NORD,89,0,1362
2024-02-24T14:00Z,IT_NORD,53,0,790
2024-02-24T15:00Z,IT_NORD,60,0,492
2024-02-24T16:00Z,IT_NORD,72,0,53
2024-02-24T17:00Z,IT_NORD,63,0,0
2024-02-24T18:00Z,IT_NORD,97,0,0
2024-02-24T19:00Z,IT_NORD,96,0,0
2024-02-24T20:00Z,IT_NORD,126,0,0
2024-02-24T21:00Z,IT_NORD,109,0,0
2024-02-24T22:00Z,IT_NORD,83,0,0
2024-02-24T23:00Z,IT_NORD,50,0,0
2024-02-25T00:00Z,IT_NORD,50,0,0
2024-02-25T01:00Z,IT_NORD,42,0,0
2024-02-25T02:00Z,IT_NORD,40,0,0
2024-02-25T03:00Z,IT_NORD,44,0,0
2024-02-25T04:00Z,IT_NORD,43,0,0
2024-02-25T05:00Z,IT_NORD,46,0,0
2024-02-25T06:00Z,IT_NORD,65,0,276
2024-02-25T07:00Z,IT_NORD,59,0,1063
2024-02-25T08:00Z,IT_NORD,50,0,1700
2024-02-25T09:00Z,IT_NORD,44,0,2171
2024-02-25T10:00Z,IT_NORD,39,0,2650
2024-02-25T11:00Z,IT_NORD,59,0,2782
2024-02-25T12:00Z,IT_NORD,44,0,2415
2024-02-25T13:00Z,IT_NORD,23,0,2145
2024-02-25T14:00Z,IT_NORD,23,0,1622
2024-02-25T15:00Z,IT_NORD,28,0,880
2024-02-25T16:00Z,IT_NORD,35,0,113
2024-02-25T17:00Z,IT_NORD,44,0,0
2024-02-25T18:00Z,IT_NORD,35,0,0
2024-02-25T19:00Z,IT_NORD,35,0,0
2024-02-25T20:00Z,IT_NORD,44,0,0
2024-02-25T21:00Z,IT_NORD,38,0,0
2024-02-25T22:00Z,IT_NORD,49,0,0
2024-02-25T23:00Z,IT_NORD,36,0,0
2024-02-26T00:00Z,IT_NORD,27,0,0
2024-02-26T01:00Z,IT_NORD,32,0,0
2024-02-26T02:00Z,IT_NORD,41,0,0
2024-02-26T03:00Z,IT_NORD,45,0,0
2024-02-26T04:00Z,IT_NORD,52,0,0
2024-02-26T05:00Z,IT_NORD,57,0,0
2024-02-26T06:00Z,IT_NORD,53,0,285
2024-02-26T07:00Z,IT_NORD,38,0,1096
2024-02-26T08:00Z,IT_NORD,31,0,1822
2024-02-26T09:00Z,IT_NORD,18,0,2374
2024-02-26T10:00Z,IT_NORD,29,0,2550
2024-02-26T11:00Z,IT_NORD,42,0,2495
2024-02-26T12:00Z,IT_NORD,55,0,2372
2024-02-26T13:00Z,IT_NORD,55,0,1914
2024-02-26T14:00Z,IT_NORD,61,0,1306
2024-02-26T15:00Z,IT_NORD,58,0,694
2024-02-26T16:00Z,IT_NORD,74,0,99
2024-02-26T17:00Z,IT_NORD,70,0,0
2024-02-26T18:00Z,IT_NORD,43,0,0
2024-02-26T19:00Z,IT_NORD,44,0,0
2024-02-26T20:00Z,IT_NORD,57,0,0
2024-02-26T21:00Z,IT_NORD,66,0,0
2024-02-26T22:00Z,IT_NORD,60,0,0
2024-02-26T23:00Z,IT_NORD,43,0,0
2024-02-27T00:00Z,IT_NORD,42,0,0
2024-02-27T01:00Z,IT_NORD,46,0,0
2024-02-27T02:00Z,IT_NORD,55,0,0
2024-02-27T03:00Z,IT_NORD,36,0,0
2024-02-27T04:00Z,IT_NORD,32,0,0
2024-02-27T05:00Z,IT_NORD,43,0,0
2024-02-27T06:00Z,IT_NORD,34,0,198
2024-02-27T07:00Z,IT_NORD,23,0,710
2024-02-27T08:00Z,IT_NORD,24,0,1152
2024-02-27T09:00Z,IT_NORD,24,0,1611
2024-02-27T10:00Z,IT_NORD,27,0,1728
2024-02-27T11:00Z,IT_NORD,25,0,1801
2024-02-27T12:00Z,IT_NORD,31,0,1575
2024-02-27T13:00Z,IT_NORD,33,0,1499
2024-02-27T14:00Z,IT_NORD,45,0,1231
2024-02-27T15:00Z,IT_NORD,46,0,615
2024-02-27T16:00Z,IT_NORD,69,0,96
2024-02-27T17:00Z,IT_NORD,78,0,0
2024-02-27T18:00Z,IT_NORD,52,0,0
2024-02-27T19:00Z,IT_NORD,61,0,0
2024-02-27T20:00Z,IT_NORD,43,0,0
2024-02-27T21:00Z,IT_NORD,41,0,0
2024-02-27T22:00Z,IT_NORD,19,0,0
2024-02-27T23:00Z,IT_NORD,19,0,0
2024-02-28T00:00Z,IT_NORD,10,0,0
2024-02-28T01:00Z,IT_NORD,10,0,0
2024-02-28T02:00Z,IT_NORD,7,0,0
2024-02-28T03:00Z,IT_NORD,5,0,0
2024-02-28T04:00Z,IT_NORD,3,0,0
2024-02-28T05:00Z,IT_NORD,5,0,0
2024-02-28T06:00Z,IT_NORD,6,0,264
2024-02-28T07:00Z,IT_NORD,4,0,865
2024-02-28T08:00Z,IT_NORD,4,0,1520
2024-02-28T09:00Z,IT_NORD,5,0,2061
2024-02-28T10:00Z,IT_NORD,8,0,2470
2024-02-28T11:00Z,IT_NORD,8,0,2460
2024-02-28T12:00Z,IT_NORD,8,0,2544
2024-02-28T13:00Z,IT_NORD,7,0,2258
2024-02-28T14:00Z,IT_NORD,5,0,1645
2024-02-28T15:00Z,IT_NORD,4,0,844
2024-02-28T16:00Z,IT_NORD,4,0,134
2024-02-28T17:00Z,IT_NORD,6,0,0
2024-02-28T18:00Z,IT_NORD,6,0,0
2024-02-28T19:00Z,IT_NORD,4,0,0
2024-02-28T20:00Z,IT_NORD,6,0,0
2024-02-28T21:00Z,IT_NORD,4,0,0
2024-02-28T22:00Z,IT_NORD,4,0,0
2024-02-28T23:00Z,IT_NORD,6,0,0
2024-02-29T00:00Z,IT_NORD,4,0,0
2024-02-29T01:00Z,IT_NORD,3,0,0
2024-02-29T02:00Z,IT_NORD,2,0,0
2024-02-29T03:00Z,IT_NORD,2,0,0
2024-02-29T04:00Z,IT_NORD,1,0,0
2024-02-29T05:00Z,IT_NORD,1,0,0
2024-02-29T06:00Z,IT_NORD,1,0,144
2024-02-29T07:00Z,IT_NORD,0,0,450
2024-02-29T08:00Z,IT_NORD,1,0,797
2024-02-29T09:00Z,IT_NORD,1,0,1121
2024-02-29T10:00Z,IT_NORD,0,0,1366
2024-02-29T11:00Z,IT_NORD,0,0,1425
2024-02-29T12:00Z,IT_NORD,0,0,1398
2024-02-29T13:00Z,IT_NORD,1,0,985
2024-02-29T14:00Z,IT_NORD,0,0,710
2024-02-29T15:00Z,IT_NORD,0,0,435
2024-02-29T16:00Z,IT_NORD,0,0,79
2024-02-29T17:00Z,IT_NORD,1,0,0
2024-02-29T18:00Z,IT_NORD,1,0,0
2024-02-29T19:00Z,IT_NORD,1,0,0
2024-02-29T20:00Z,IT_NORD,1,0,0
2024-02-29T21:00Z,IT_NORD,1,0,0
2024-02-29T22:00Z,IT_NORD,2,0,0
2024-02-29T23:00Z,IT_NORD,2,0,0
2024-03-01T00:00Z,IT_NORD,2,0,0
2024-03-01T01:00Z,IT_NORD,2,0,0
2024-03-01T02:00Z,IT_NORD,2,0,0
2024-03-01T03:00Z,IT_NORD,1,0,0
2024-03-01T04:00Z,IT_NORD,1,0,0
2024-03-01T05:00Z,IT_NORD,3,0,0
2024-03-01T06:00Z,IT_NORD,3,0,296
2024-03-01T07:00Z,IT_NORD,3,0,917
2024-03-01T08:00Z,IT_NORD,3,0,1583
2024-03-01T09:00Z,IT_NORD,3,0,1870
2024-03-01T10:00Z,IT_NORD,4,0,2037
2024-03-01T11:00Z,IT_NORD,7,0,1995
2024-03-01T12:00Z,IT_NORD,8,0,1998
2024-03-01T13:00Z,IT_NORD,11,0,1837
2024-03-01T14:00Z,IT_NORD,6,0,1305
2024-03-01T15:00Z,IT_NORD,5,0,661
2024-03-01T16:00Z,IT_NORD,9,0,126
2024-03-01T17:00Z,IT_NORD,8,0,0
2024-03-01T18:00Z,IT_NORD,8,0,0
2024-03-01T19:00Z,IT_NORD,9,0,0
2024-03-01T20:00Z,IT_NORD,13,0,0
2024-03-01T21:00Z,IT_NORD,21,0,0
2024-03-01T22:00Z,IT_NORD,22,0,0
2024-03-01T23:00Z,IT_NORD,18,0,0
2024-03-02T00:00Z,IT_NORD,18,0,0
2024-03-02T01:00Z,IT_NORD,22,0,0
2024-03-02T02:00Z,IT_NORD,20,0,0
2024-03-02T03:00Z,IT_NORD,26,0,0
2024-03-02T04:00Z,IT_NORD,23,0,0
2024-03-02T05:00Z,IT_NORD,15,0,0
2024-03-02T06:00Z,IT_NORD,25,0,425
2024-03-02T07:00Z,IT_NORD,28,0,1240
2024-03-02T08:00Z,IT_NORD,36,0,2114
2024-03-02T09:00Z,IT_NORD,30,0,2852
2024-03-02T10:00Z,IT_NORD,27,0,3264
2024-03-02T11:00Z,IT_NORD,26,0,3295
2024-03-02T12:00Z,IT_NORD,26,0,3263
2024-03-02T13:00Z,IT_NORD,16,0,2682
2024-03-02T14:00Z,IT_NORD,12,0,1824
2024-03-02T15:00Z,IT_NORD,17,0,1028
2024-03-02T16:00Z,IT_NORD,23,0,216
2024-03-02T17:00Z,IT_NORD,22,0,0
2024-03-02T18:00Z,IT_NORD,22,0,0
2024-03-02T19:00Z,IT_NORD,19,0,0
2024-03-02T20:00Z,IT_NORD,13,0,0
2024-03-02T21:00Z,IT_NORD,11,0,0
2024-03-02T22:00Z,IT_NORD,8,0,0
2024-03-02T23:00Z,IT_NORD,7,0,0
2024-03-03T00:00Z,IT_NORD,11,0,0
2024-03-03T01:00Z,IT_NORD,15,0,0
2024-03-03T02:00Z,IT_NORD,13,0,0
2024-03-03T03:00Z,IT_NORD,24,0,0
2024-03-03T04:00Z,IT_NORD,19,0,0
2024-03-03T05:00Z,IT_NORD,23,0,0
2024-03-03T06:00Z,IT_NORD,10,0,650
2024-03-03T07:00Z,IT_NORD,10,0,1922
2024-03-03T08:00Z,IT_NORD,10,0,3125
2024-03-03T09:00Z,IT_NORD,10,0,4087
2024-03-03T10:00Z,IT_NORD,9,0,4687
2024-03-03T11:00Z,IT_NORD,7,0,4854
2024-03-03T12:00Z,IT_NORD,8,0,4568
2024-03-03T13:00Z,IT_NORD,7,0,3862
2024-03-03T14:00Z,IT_NORD,7,0,2821
2024-03-03T15:00Z,IT_NORD,7,0,1537
2024-03-03T16:00Z,IT_NORD,11,0,324
2024-03-03T17:00Z,IT_NORD,11,0,0
2024-03-03T18:00Z,IT_NORD,13,0,0
2024-03-03T19:00Z,IT_NORD,13,0,0
2024-03-03T20:00Z,IT_NORD,12,0,0
2024-03-03T21:00Z,IT_NORD,11,0,0
2024-03-03T22:00Z,IT_NORD,8,0,0
2024-03-03T23:00Z,IT_NORD,12,0,0
2024-03-04T00:00Z,IT_NORD,15,0,0
2024-03-04T01:00Z,IT_NORD,21,0,0
2024-03-04T02:00Z,IT_NORD,13,0,0
2024-03-04T03:00Z,IT_NORD,13,0,0
2024-03-04T04:00Z,IT_NORD,11,0,0
2024-03-04T05:00Z,IT_NORD,10,0,0
2024-03-04T06:00Z,IT_NORD,7,0,695
2024-03-04T07:00Z,IT_NORD,6,0,1963
2024-03-04T08:00Z,IT_NORD,6,0,3171
2024-03-04T09:00Z,IT_NORD,12,0,4136
2024-03-04T10:00Z,IT_NORD,14,0,4738
2024-03-04T11:00Z,IT_NORD,22,0,4905
2024-03-04T12:00Z,IT_NORD,33,0,4618
2024-03-04T13:00Z,IT_NORD,30,0,3910
2024-03-04T14:00Z,IT_NORD,26,0,2866
2024-03-04T15:00Z,IT_NORD,20,0,1585
2024-03-04T16:00Z,IT_NORD,30,0,383
2024-03-04T17:00Z,IT_NORD,41,0,0
2024-03-04T18:00Z,IT_NORD,37,0,0
2024-03-04T19:00Z,IT_NORD,51,0,0
2024-03-04T20:00Z,IT_NORD,48,0,0
2024-03-04T21:00Z,IT_NORD,56,0,0
2024-03-04T22:00Z,IT_NORD,55,0,0
2024-03-04T23:00Z,IT_NORD,48,0,0
2024-03-05T00:00Z,IT_NORD,31,0,0
2024-03-05T01:00Z,IT_NORD,40,0,0
2024-03-05T02:00Z,IT_NORD,37,0,0
2024-03-05T03:00Z,IT_NORD,42,0,0
2024-03-05T04:00Z,IT_NORD,38,0,0
2024-03-05T05:00Z,IT_NORD,43,0,0
2024-03-05T06:00Z,IT_NORD,38,0,729
2024-03-05T07:00Z,IT_NORD,62,0,1934
2024-03-05T08:00Z,IT_NORD,31,0,2917
2024-03-05T09:00Z,IT_NORD,28,0,3715
2024-03-05T10:00Z,IT_NORD,28,0,4123
2024-03-05T11:00Z,IT_NORD,27,0,4311
2024-03-05T12:00Z,IT_NORD,26,0,3819
2024-03-05T13:00Z,IT_NORD,28,0,3408
2024-03-05T14:00Z,IT_NORD,33,0,2551
2024-03-05T15:00Z,IT_NORD,35,0,1414
2024-03-05T16:00Z,IT_NORD,39,0,358
2024-03-05T17:00Z,IT_NORD,92,0,0
2024-03-05T18:00Z,IT_NORD,86,0,0
2024-03-05T19:00Z,IT_NORD,91,0,0
2024-03-05T20:00Z,IT_NORD,82,0,0
2024-03-05T21:00Z,IT_NORD,99,0,0
2024-03-05T22:00Z,IT_NORD,81,0,0
2024-03-05T23:00Z,IT_NORD,54,0,0
2024-03-06T00:00Z,IT_NORD,40,0,0
2024-03-06T01:00Z,IT_NORD,38,0,0
2024-03-06T02:00Z,IT_NORD,37,0,0
2024-03-06T03:00Z,IT_NORD,44,0,0
2024-03-06T04:00Z,IT_NORD,28,0,0
2024-03-06T05:00Z,IT_NORD,28,0,0
2024-03-06T06:00Z,IT_NORD,33,0,651
2024-03-06T07:00Z,IT_NORD,33,0,1786
2024-03-06T08:00Z,IT_NORD,22,0,2808
2024-03-06T09:00Z,IT_NORD,20,0,3548
2024-03-06T10:00Z,IT_NORD,12,0,4331
2024-03-06T11:00Z,IT_NORD,13,0,4267
2024-03-06T12:00Z,IT_NORD,21,0,4200
2024-03-06T13:00Z,IT_NORD,33,0,3592
2024-03-06T14:00Z,IT_NORD,54,0,2742
2024-03-06T15:00Z,IT_NORD,92,0,1624
2024-03-06T16:00Z,IT_NORD,97,0,414
2024-03-06T17:00Z,IT_NORD,136,0,0
2024-03-06T18:00Z,IT_NORD,137,0,0
2024-03-06T19:00Z,IT_NORD,123,0,0
2024-03-06T20:00Z,IT_NORD,133,0,0
2024-03-06T21:00Z,IT_NORD,145,0,0
2024-03-06T22:00Z,IT_NORD,156,0,0
2024-03-06T23:00Z,IT_NORD,164,0,0
2024-03-07T00:00Z,IT_NORD,174,0,0
2024-03-07T01:00Z,IT_NORD,124,0,0
2024-03-07T02:00Z,IT_NORD,80,0,0
2024-03-07T03:00Z,IT_NORD,84,0,0
2024-03-07T04:00Z,IT_NORD,59,0,0
2024-03-07T05:00Z,IT_NORD,55,0,0
2024-03-07T06:00Z,IT_NORD,49,0,552
2024-03-07T07:00Z,IT_NORD,36,0,1400
2024-03-07T08:00Z,IT_NORD,46,0,2248
2024-03-07T09:00Z,IT_NORD,72,0,2963
2024-03-07T10:00Z,IT_NORD,87,0,3649
2024-03-07T11:00Z,IT_NORD,64,0,3956
2024-03-07T12:00Z,IT_NORD,75,0,3805
2024-03-07T13:00Z,IT_NORD,78,0,3251
2024-03-07T14:00Z,IT_NORD,86,0,2376
2024-03-07T15:00Z,IT_NORD,90,0,1247
2024-03-07T16:00Z,IT_NORD,82,0,368
2024-03-07T17:00Z,IT_NORD,82,0,0
2024-03-07T18:00Z,IT_NORD,56,0,0
2024-03-07T19:00Z,IT_NORD,62,0,0
2024-03-07T20:00Z,IT_NORD,50,0,0
2024-03-07T21:00Z,IT_NORD,46,0,0
2024-03-07T22:00Z,IT_NORD,55,0,0
2024-03-07T23:00Z,IT_NORD,34,0,0
2024-03-08T00:00Z,IT_NORD,39,0,0
2024-03-08T01:00Z,IT_NORD,36,0,0
2024-03-08T02:00Z,IT_NORD,28,0,0
2024-03-08T03:00Z,IT_NORD,21,0,0
2024-03-08T04:00Z,IT_NORD,30,0,0
2024-03-08T05:00Z,IT_NORD,23,0,0
2024-03-08T06:00Z,IT_NORD,23,0,534
2024-03-08T07:00Z,IT_NORD,9,0,1357
2024-03-08T08:00Z,IT_NORD,4,0,2153
2024-03-08T09:00Z,IT_NORD,3,0,2847
2024-03-08T10:00Z,IT_NORD,2,0,3455
2024-03-08T11:00Z,IT_NORD,2,0,3531
2024-03-08T12:00Z,IT_NORD,3,0,2983
2024-03-08T13:00Z,IT_NORD,2,0,2508
2024-03-08T14:00Z,IT_NORD,2,0,1891
2024-03-08T15:00Z,IT_NORD,2,0,1211
2024-03-08T16:00Z,IT_NORD,2,0,349
2024-03-08T17:00Z,IT_NORD,4,0,0
2024-03-08T18:00Z,IT_NORD,4,0,0
2024-03-08T19:00Z,IT_NORD,3,0,0
2024-03-08T20:00Z,IT_NORD,1,0,0
2024-03-08T21:00Z,IT_NORD,1,0,0
2024-03-08T22:00Z,IT_NORD,1,0,0
2024-03-08T23:00Z,IT_NORD,2,0,0
2024-03-09T00:00Z,IT_NORD,2,0,0
2024-03-09T01:00Z,IT_NORD,1,0,0
2024-03-09T02:00Z,IT_NORD,2,0,0
2024-03-09T03:00Z,IT_NORD,2,0,0
2024-03-09T04:00Z,IT_NORD,2,0,0
2024-03-09T05:00Z,IT_NORD,3,0,0
2024-03-09T06:00Z,IT_NORD,3,0,606
2024-03-09T07:00Z,IT_NORD,3,0,1580
2024-03-09T08:00Z,IT_NORD,4,0,2423
2024-03-09T09:00Z,IT_NORD,5,0,2993
2024-03-09T10:00Z,IT_NORD,4,0,3182
2024-03-09T11:00Z,IT_NORD,3,0,3147
2024-03-09T12:00Z,IT_NORD,3,0,2847
2024-03-09T13:00Z,IT_NORD,3,0,2271
2024-03-09T14:00Z,IT_NORD,4,0,1679
2024-03-09T15:00Z,IT_NORD,6,0,1022
2024-03-09T16:00Z,IT_NORD,6,0,320
2024-03-09T17:00Z,IT_NORD,5,0,0
2024-03-09T18:00Z,IT_NORD,6,0,0
2024-03-09T19:00Z,IT_NORD,11,0,0
2024-03-09T20:00Z,IT_NORD,12,0,0
2024-03-09T21:00Z,IT_NORD,6,0,0
2024-03-09T22:00Z,IT_NORD,9,0,0
2024-03-09T23:00Z,IT_NORD,8,0,0
2024-03-10T00:00Z,IT_NORD,9,0,0
2024-03-10T01:00Z,IT_NORD,16,0,0
2024-03-10T02:00Z,IT_NORD,12,0,0
2024-03-10T03:00Z,IT_NORD,22,0,0
2024-03-10T04:00Z,IT_NORD,17,0,0
2024-03-10T05:00Z,IT_NORD,24,0,0
2024-03-10T06:00Z,IT_NORD,28,0,465
2024-03-10T07:00Z,IT_NORD,35,0,1208
2024-03-10T08:00Z,IT_NORD,30,0,1883
2024-03-10T09:00Z,IT_NORD,27,0,2287
2024-03-10T10:00Z,IT_NORD,27,0,2609
2024-03-10T11:00Z,IT_NORD,34,0,2576
2024-03-10T12:00Z,IT_NORD,17,0,2245
2024-03-10T13:00Z,IT_NORD,10,0,2038
2024-03-10T14:00Z,IT_NORD,9,0,1565
2024-03-10T15:00Z,IT_NORD,5,0,959
2024-03-10T16:00Z,IT_NORD,10,0,334
2024-03-10T17:00Z,IT_NORD,7,0,0
2024-03-10T18:00Z,IT_NORD,5,0,0
2024-03-10T19:00Z,IT_NORD,4,0,0
2024-03-10T20:00Z,IT_NORD,2,0,0
2024-03-10T21:00Z,IT_NORD,2,0,0
2024-03-10T22:00Z,IT_NORD,3,0,0
2024-03-10T23:00Z,IT_NORD,4,0,0
2024-03-11T00:00Z,IT_NORD,5,0,0
2024-03-11T01:00Z,IT_NORD,8,0,0
2024-03-11T02:00Z,IT_NORD,8,0,0
2024-03-11T03:00Z,IT_NORD,14,0,0
2024-03-11T04:00Z,IT_NORD,9,0,0
2024-03-11T05:00Z,IT_NORD,10,0,0
2024-03-11T06:00Z,IT_NORD,10,0,727
2024-03-11T07:00Z,IT_NORD,13,0,1700
2024-03-11T08:00Z,IT_NORD,11,0,2680
2024-03-11T09:00Z,IT_NORD,14,0,3501
2024-03-11T10:00Z,IT_NORD,13,0,4239
2024-03-11T11:00Z,IT_NORD,14,0,4390
2024-03-11T12:00Z,IT_NORD,14,0,4028
2024-03-11T13:00Z,IT_NORD,14,0,3354
2024-03-11T14:00Z,IT_NORD,7,0,2593
2024-03-11T15:00Z,IT_NORD,7,0,1414
2024-03-11T16:00Z,IT_NORD,12,0,476
2024-03-11T17:00Z,IT_NORD,17,0,0
2024-03-11T18:00Z,IT_NORD,11,0,0
2024-03-11T19:00Z,IT_NORD,11,0,0
2024-03-11T20:00Z,IT_NORD,10,0,0
2024-03-11T21:00Z,IT_NORD,13,0,0
2024-03-11T22:00Z,IT_NORD,12,0,0
2024-03-11T23:00Z,IT_NORD,10,0,0
2024-03-12T00:00Z,IT_NORD,11,0,0
2024-03-12T01:00Z,IT_NORD,10,0,0
2024-03-12T02:00Z,IT_NORD,8,0,0
2024-03-12T03:00Z,IT_NORD,9,0,0
2024-03-12T04:00Z,IT_NORD,14,0,0
2024-03-12T05:00Z,IT_NORD,14,0,0
2024-03-12T06:00Z,IT_NORD,12,0,495
2024-03-12T07:00Z,IT_NORD,11,0,1219
2024-03-12T08:00Z,IT_NORD,10,0,1904
2024-03-12T09:00Z,IT_NORD,10,0,2496
2024-03-12T10:00Z,IT_NORD,9,0,2896
2024-03-12T11:00Z,IT_NORD,9,0,3021
2024-03-12T12:00Z,IT_NORD,15,0,2869
2024-03-12T13:00Z,IT_NORD,11,0,2323
2024-03-12T14:00Z,IT_NORD,16,0,1772
2024-03-12T15:00Z,IT_NORD,13,0,1164
2024-03-12T16:00Z,IT_NORD,25,0,395
2024-03-12T17:00Z,IT_NORD,26,0,0
2024-03-12T18:00Z,IT_NORD,39,0,0
2024-03-12T19:00Z,IT_NORD,56,0,0
2024-03-12T20:00Z,IT_NORD,82,0,0
2024-03-12T21:00Z,IT_NORD,73,0,0
2024-03-12T22:00Z,IT_NORD,70,0,0
2024-03-12T23:00Z,IT_NORD,72,0,0
2024-03-13T00:00Z,IT_NORD,40,0,0
2024-03-13T01:00Z,IT_NORD,41,0,0
2024-03-13T02:00Z,IT_NORD,55,0,0
2024-03-13T03:00Z,IT_NORD,53,0,0
2024-03-13T04:00Z,IT_NORD,47,0,0
2024-03-13T05:00Z,IT_NORD,73,0,0
2024-03-13T06:00Z,IT_NORD,90,0,412
2024-03-13T07:00Z,IT_NORD,93,0,1022
2024-03-13T08:00Z,IT_NORD,108,0,1501
2024-03-13T09:00Z,IT_NORD,103,0,1758
2024-03-13T10:00Z,IT_NORD,130,0,2017
2024-03-13T11:00Z,IT_NORD,99,0,2075
2024-03-13T12:00Z,IT_NORD,123,0,2129
2024-03-13T13:00Z,IT_NORD,74,0,1811
2024-03-13T14:00Z,IT_NORD,86,0,1468
2024-03-13T15:00Z,IT_NORD,70,0,725
2024-03-13T16:00Z,IT_NORD,40,0,257
2024-03-13T17:00Z,IT_NORD,29,0,0
2024-03-13T18:00Z,IT_NORD,40,0,0
2024-03-13T19:00Z,IT_NORD,50,0,0
2024-03-13T20:00Z,IT_NORD,54,0,0
2024-03-13T21:00Z,IT_NORD,41,0,0
2024-03-13T22:00Z,IT_NORD,64,0,0
2024-03-13T23:00Z,IT_NORD,40,0,0
2024-03-14T00:00Z,IT_NORD,38,0,0
2024-03-14T01:00Z,IT_NORD,24,0,0
2024-03-14T02:00Z,IT_NORD,22,0,0
2024-03-14T03:00Z,IT_NORD,23,0,0
2024-03-14T04:00Z,IT_NORD,52,0,0
2024-03-14T05:00Z,IT_NORD,37,0,0
2024-03-14T06:00Z,IT_NORD,51,0,387
2024-03-14T07:00Z,IT_NORD,47,0,833
2024-03-14T08:00Z,IT_NORD,90,0,1339
2024-03-14T09:00Z,IT_NORD,89,0,1608
2024-03-14T10:00Z,IT_NORD,104,0,1791
2024-03-14T11:00Z,IT_NORD,69,0,1948
2024-03-14T12:00Z,IT_NORD,98,0,1841
2024-03-14T13:00Z,IT_NORD,110,0,1732
2024-03-14T14:00Z,IT_NORD,79,0,1177
2024-03-14T15:00Z,IT_NORD,37,0,571
2024-03-14T16:00Z,IT_NORD,22,0,179
2024-03-14T17:00Z,IT_NORD,19,0,0
2024-03-14T18:00Z,IT_NORD,12,0,0
2024-03-14T19:00Z,IT_NORD,14,0,0
2024-03-14T20:00Z,IT_NORD,16,0,0
2024-03-14T21:00Z,IT_NORD,14,0,0
2024-03-14T22:00Z,IT_NORD,9,0,0
2024-03-14T23:00Z,IT_NORD,12,0,0
2024-03-15T00:00Z,IT_NORD,12,0,0
2024-03-15T01:00Z,IT_NORD,13,0,0
2024-03-15T02:00Z,IT_NORD,16,0,0
2024-03-15T03:00Z,IT_NORD,15,0,0
2024-03-15T04:00Z,IT_NORD,10,0,0
2024-03-15T05:00Z,IT_NORD,9,0,0
2024-03-15T06:00Z,IT_NORD,11,0,493
2024-03-15T07:00Z,IT_NORD,7,0,1160
2024-03-15T08:00Z,IT_NORD,14,0,1472
2024-03-15T09:00Z,IT_NORD,18,0,2007
2024-03-15T10:00Z,IT_NORD,14,0,2341
2024-03-15T11:00Z,IT_NORD,12,0,2337
2024-03-15T12:00Z,IT_NORD,11,0,2351
2024-03-15T13:00Z,IT_NORD,9,0,2163
2024-03-15T14:00Z,IT_NORD,11,0,1542
2024-03-15T15:00Z,IT_NORD,14,0,930
2024-03-15T16:00Z,IT_NORD,14,0,365
2024-03-15T17:00Z,IT_NORD,24,0,0
2024-03-15T18:00Z,IT_NORD,36,0,0
2024-03-15T19:00Z,IT_NORD,40,0,0
2024-03-15T20:00Z,IT_NORD,35,0,0
2024-03-15T21:00Z,IT_NORD,48,0,0
2024-03-15T22:00Z,IT_NORD,50,0,0
2024-03-15T23:00Z,IT_NORD,70,0,0
2024-03-16T00:00Z,IT_NORD,57,0,0
2024-03-16T01:00Z,IT_NORD,57,0,0
2024-03-16T02:00Z,IT_NORD,50,0,0
2024-03-16T03:00Z,IT_NORD,39,0,0
2024-03-16T04:00Z,IT_NORD,44,0,0
2024-03-16T05:00Z,IT_NORD,74,0,0
2024-03-16T06:00Z,IT_NORD,87,0,662
2024-03-16T07:00Z,IT_NORD,67,0,1419
2024-03-16T08:00Z,IT_NORD,56,0,2063
2024-03-16T09:00Z,IT_NORD,32,0,2742
2024-03-16T10:00Z,IT_NORD,31,0,3122
2024-03-16T11:00Z,IT_NORD,43,0,3160
2024-03-16T12:00Z,IT_NORD,63,0,3001
2024-03-16T13:00Z,IT_NORD,66,0,2602
2024-03-16T14:00Z,IT_NORD,75,0,1994
2024-03-16T15:00Z,IT_NORD,105,0,1270
2024-03-16T16:00Z,IT_NORD,105,0,454
2024-03-16T17:00Z,IT_NORD,60,0,0
2024-03-16T18:00Z,IT_NORD,47,0,0
2024-03-16T19:00Z,IT_NORD,88,0,0
2024-03-16T20:00Z,IT_NORD,87,0,0
2024-03-16T21:00Z,IT_NORD,87,0,0
2024-03-16T22:00Z,IT_NORD,86,0,0
2024-03-16T23:00Z,IT_NORD,75,0,0
2024-03-17T00:00Z,IT_NORD,93,0,0
2024-03-17T01:00Z,IT_NORD,76,0,0
2024-03-17T02:00Z,IT_NORD,61,0,0
2024-03-17T03:00Z,IT_NORD,63,0,0
2024-03-17T04:00Z,IT_NORD,93,0,0
2024-03-17T05:00Z,IT_NORD,116,0,12
2024-03-17T06:00Z,IT_NORD,139,0,1020
2024-03-17T07:00Z,IT_NORD,171,0,2358
2024-03-17T08:00Z,IT_NORD,124,0,3441
2024-03-17T09:00Z,IT_NORD,139,0,4187
2024-03-17T10:00Z,IT_NORD,158,0,4598
2024-03-17T11:00Z,IT_NORD,185,0,4645
2024-03-17T12:00Z,IT_NORD,136,0,4491
2024-03-17T13:00Z,IT_NORD,138,0,3775
2024-03-17T14:00Z,IT_NORD,109,0,2857
2024-03-17T15:00Z,IT_NORD,118,0,1734
2024-03-17T16:00Z,IT_NORD,110,0,691
2024-03-17T17:00Z,IT_NORD,119,0,0
2024-03-17T18:00Z,IT_NORD,78,0,0
2024-03-17T19:00Z,IT_NORD,81,0,0
2024-03-17T20:00Z,IT_NORD,68,0,0
2024-03-17T21:00Z,IT_NORD,54,0,0
2024-03-17T22:00Z,IT_NORD,54,0,0
2024-03-17T23:00Z,IT_NORD,45,0,0
2024-03-18T00:00Z,IT_NORD,32,0,0
2024-03-18T01:00Z,IT_NORD,20,0,0
2024-03-18T02:00Z,IT_NORD,17,0,0
2024-03-18T03:00Z,IT_NORD,12,0,0
2024-03-18T04:00Z,IT_NORD,10,0,0
2024-03-18T05:00Z,IT_NORD,11,0,27
2024-03-18T06:00Z,IT_NORD,13,0,988
2024-03-18T07:00Z,IT_NORD,10,0,2030
2024-03-18T08:00Z,IT_NORD,13,0,3141
2024-03-18T09:00Z,IT_NORD,25,0,4138
2024-03-18T10:00Z,IT_NORD,48,0,4611
2024-03-18T11:00Z,IT_NORD,36,0,4765
2024-03-18T12:00Z,IT_NORD,32,0,4494
2024-03-18T13:00Z,IT_NORD,34,0,4008
2024-03-18T14:00Z,IT_NORD,40,0,3101
2024-03-18T15:00Z,IT_NORD,37,0,1901
2024-03-18T16:00Z,IT_NORD,47,0,732
2024-03-18T17:00Z,IT_NORD,40,0,0
2024-03-18T18:00Z,IT_NORD,48,0,0
2024-03-18T19:00Z,IT_NORD,46,0,0
2024-03-18T20:00Z,IT_NORD,45,0,0
2024-03-18T21:00Z,IT_NORD,39,0,0
2024-03-18T22:00Z,IT_NORD,27,0,0
2024-03-18T23:00Z,IT_NORD,12,0,0
2024-03-19T00:00Z,IT_NORD,17,0,0
2024-03-19T01:00Z,IT_NORD,17,0,0
2024-03-19T02:00Z,IT_NORD,13,0,0
2024-03-19T03:00Z,IT_NORD,8,0,0
2024-03-19T04:00Z,IT_NORD,7,0,0
2024-03-19T05:00Z,IT_NORD,8,0,50
2024-03-19T06:00Z,IT_NORD,10,0,1090
2024-03-19T07:00Z,IT_NORD,9,0,2355
2024-03-19T08:00Z,IT_NORD,10,0,3625
2024-03-19T09:00Z,IT_NORD,12,0,4358
2024-03-19T10:00Z,IT_NORD,11,0,5139
2024-03-19T11:00Z,IT_NORD,9,0,5307
2024-03-19T12:00Z,IT_NORD,28,0,5129
2024-03-19T13:00Z,IT_NORD,27,0,4241
2024-03-19T14:00Z,IT_NORD,27,0,3118
2024-03-19T15:00Z,IT_NORD,20,0,1968
2024-03-19T16:00Z,IT_NORD,11,0,733
2024-03-19T17:00Z,IT_NORD,22,0,0
2024-03-19T18:00Z,IT_NORD,18,0,0
2024-03-19T19:00Z,IT_NORD,15,0,0
2024-03-19T20:00Z,IT_NORD,13,0,0
2024-03-19T21:00Z,IT_NORD,16,0,0
2024-03-19T22:00Z,IT_NORD,17,0,0
2024-03-19T23:00Z,IT_NORD,24,0,0
2024-03-20T00:00Z,IT_NORD,28,0,0
2024-03-20T01:00Z,IT_NORD,30,0,0
2024-03-20T02:00Z,IT_NORD,37,0,0
2024-03-20T03:00Z,IT_NORD,27,0,0
2024-03-20T04:00Z,IT_NORD,22,0,0
2024-03-20T05:00Z,IT_NORD,19,0,75
2024-03-20T06:00Z,IT_NORD,21,0,1272
2024-03-20T07:00Z,IT_NORD,27,0,2632
2024-03-20T08:00Z,IT_NORD,23,0,3906
2024-03-20T09:00Z,IT_NORD,20,0,4657
2024-03-20T10:00Z,IT_NORD,18,0,5242
2024-03-20T11:00Z,IT_NORD,15,0,5604
2024-03-20T12:00Z,IT_NORD,15,0,5196
2024-03-20T13:00Z,IT_NORD,22,0,4539
2024-03-20T14:00Z,IT_NORD,30,0,3444
2024-03-20T15:00Z,IT_NORD,25,0,2016
2024-03-20T16:00Z,IT_NORD,42,0,833
2024-03-20T17:00Z,IT_NORD,58,0,0
2024-03-20T18:00Z,IT_NORD,87,0,0
2024-03-20T19:00Z,IT_NORD,86,0,0
2024-03-20T20:00Z,IT_NORD,100,0,0
2024-03-20T21:00Z,IT_NORD,112,0,0
2024-03-20T22:00Z,IT_NORD,128,0,0
2024-03-20T23:00Z,IT_NORD,123,0,0
2024-03-21T00:00Z,IT_NORD,104,0,0
2024-03-21T01:00Z,IT_NORD,133,0,0
2024-03-21T02:00Z,IT_NORD,128,0,0
2024-03-21T03:00Z,IT_NORD,137,0,0
2024-03-21T04:00Z,IT_NORD,116,0,0
2024-03-21T05:00Z,IT_NORD,113,0,96
2024-03-21T06:00Z,IT_NORD,119,0,1206
2024-03-21T07:00Z,IT_NORD,100,0,2426
2024-03-21T08:00Z,IT_NORD,92,0,3760
2024-03-21T09:00Z,IT_NORD,142,0,4837
2024-03-21T10:00Z,IT_NORD,155,0,5592
2024-03-21T11:00Z,IT_NORD,141,0,5765
2024-03-21T12:00Z,IT_NORD,142,0,5388
2024-03-21T13:00Z,IT_NORD,149,0,4734
2024-03-21T14:00Z,IT_NORD,151,0,3569
2024-03-21T15:00Z,IT_NORD,160,0,2328
2024-03-21T16:00Z,IT_NORD,184,0,963
2024-03-21T17:00Z,IT_NORD,164,0,0
2024-03-21T18:00Z,IT_NORD,141,0,0
2024-03-21T19:00Z,IT_NORD,106,0,0
2024-03-21T20:00Z,IT_NORD,92,0,0
2024-03-21T21:00Z,IT_NORD,104,0,0
2024-03-21T22:00Z,IT_NORD,87,0,0
2024-03-21T23:00Z,IT_NORD,70,0,0
2024-03-22T00:00Z,IT_NORD,60,0,0
2024-03-22T01:00Z,IT_NORD,58,0,0
2024-03-22T02:00Z,IT_NORD,34,0,0
2024-03-22T03:00Z,IT_NORD,28,0,0
2024-03-22T04:00Z,IT_NORD,33,0,0
2024-03-22T05:00Z,IT_NORD,33,0,111
2024-03-22T06:00Z,IT_NORD,51,0,1146
2024-03-22T07:00Z,IT_NORD,68,0,2264
2024-03-22T08:00Z,IT_NORD,66,0,3361
2024-03-22T09:00Z,IT_NORD,74,0,4287
2024-03-22T10:00Z,IT_NORD,57,0,4891
2024-03-22T11:00Z,IT_NORD,74,0,5096
2024-03-22T12:00Z,IT_NORD,57,0,4871
2024-03-22T13:00Z,IT_NORD,49,0,3961
2024-03-22T14:00Z,IT_NORD,39,0,3044
2024-03-22T15:00Z,IT_NORD,45,0,2059
2024-03-22T16:00Z,IT_NORD,44,0,925
2024-03-22T17:00Z,IT_NORD,23,0,0
2024-03-22T18:00Z,IT_NORD,17,0,0
2024-03-22T19:00Z,IT_NORD,14,0,0
2024-03-22T20:00Z,IT_NORD,14,0,0
2024-03-22T21:00Z,IT_NORD,11,0,0
2024-03-22T22:00Z,IT_NORD,8,0,0
2024-03-22T23:00Z,IT_NORD,5,0,0
2024-03-23T00:00Z,IT_NORD,5,0,0
2024-03-23T01:00Z,IT_NORD,4,0,0
2024-03-23T02:00Z,IT_NORD,4,0,0
2024-03-23T03:00Z,IT_NORD,6,0,0
2024-03-23T04:00Z,IT_NORD,10,0,0
2024-03-23T05:00Z,IT_NORD,16,0,106
2024-03-23T06:00Z,IT_NORD,19,0,931
2024-03-23T07:00Z,IT_NORD,15,0,1948
2024-03-23T08:00Z,IT_NORD,20,0,2904
2024-03-23T09:00Z,IT_NORD,21,0,3751
2024-03-23T10:00Z,IT_NORD,13,0,4540
2024-03-23T11:00Z,IT_NORD,9,0,5380
2024-03-23T12:00Z,IT_NORD,9,0,5031
2024-03-23T13:00Z,IT_NORD,15,0,4535
2024-03-23T14:00Z,IT_NORD,14,0,3344
2024-03-23T15:00Z,IT_NORD,14,0,2117
2024-03-23T16:00Z,IT_NORD,22,0,859
2024-03-23T17:00Z,IT_NORD,34,0,0
2024-03-23T18:00Z,IT_NORD,27,0,0
2024-03-23T19:00Z,IT_NORD,21,0,0
2024-03-23T20:00Z,IT_NORD,33,0,0
2024-03-23T21:00Z,IT_NORD,25,0,0
2024-03-23T22:00Z,IT_NORD,15,0,0
2024-03-23T23:00Z,IT_NORD,14,0,0
2024-03-24T00:00Z,IT_NORD,11,0,0
2024-03-24T01:00Z,IT_NORD,11,0,0
2024-03-24T02:00Z,IT_NORD,16,0,0
2024-03-24T03:00Z,IT_NORD,13,0,0
2024-03-24T04:00Z,IT_NORD,20,0,0
2024-03-24T05:00Z,IT_NORD,18,0,124
2024-03-24T06:00Z,IT_NORD,19,0,970
2024-03-24T07:00Z,IT_NORD,17,0,1905
2024-03-24T08:00Z,IT_NORD,24,0,2603
2024-03-24T09:00Z,IT_NORD,23,0,3183
2024-03-24T10:00Z,IT_NORD,24,0,3662
2024-03-24T11:00Z,IT_NORD,24,0,3850
2024-03-24T12:00Z,IT_NORD,17,0,3638
2024-03-24T13:00Z,IT_NORD,20,0,3263
2024-03-24T14:00Z,IT_NORD,14,0,2482
2024-03-24T15:00Z,IT_NORD,21,0,1506
2024-03-24T16:00Z,IT_NORD,10,0,678
2024-03-24T17:00Z,IT_NORD,7,0,0
2024-03-24T18:00Z,IT_NORD,9,0,0
2024-03-24T19:00Z,IT_NORD,10,0,0
2024-03-24T20:00Z,IT_NORD,10,0,0
2024-03-24T21:00Z,IT_NORD,11,0,0
2024-03-24T22:00Z,IT_NORD,11,0,0
2024-03-24T23:00Z,IT_NORD,10,0,0
2024-03-25T00:00Z,IT_NORD,15,0,0
2024-03-25T01:00Z,IT_NORD,15,0,0
2024-03-25T02:00Z,IT_NORD,17,0,0
2024-03-25T03:00Z,IT_NORD,28,0,0
2024-03-25T04:00Z,IT_NORD,21,0,0
2024-03-25T05:00Z,IT_NORD,26,0,144
2024-03-25T06:00Z,IT_NORD,14,0,1089
2024-03-25T07:00Z,IT_NORD,23,0,2303
2024-03-25T08:00Z,IT_NORD,28,0,3457
2024-03-25T09:00Z,IT_NORD,17,0,4199
2024-03-25T10:00Z,IT_NORD,12,0,4720
2024-03-25T11:00Z,IT_NORD,29,0,4728
2024-03-25T12:00Z,IT_NORD,34,0,4196
2024-03-25T13:00Z,IT_NORD,25,0,3593
2024-03-25T14:00Z,IT_NORD,40,0,2749
2024-03-25T15:00Z,IT_NORD,34,0,1792
2024-03-25T16:00Z,IT_NORD,60,0,821
2024-03-25T17:00Z,IT_NORD,46,0,0
2024-03-25T18:00Z,IT_NORD,49,0,0
2024-03-25T19:00Z,IT_NORD,48,0,0
2024-03-25T20:00Z,IT_NORD,62,0,0
2024-03-25T21:00Z,IT_NORD,32,0,0
2024-03-25T22:00Z,IT_NORD,31,0,0
2024-03-25T23:00Z,IT_NORD,19,0,0
2024-03-26T00:00Z,IT_NORD,12,0,0
2024-03-26T01:00Z,IT_NORD,13,0,0
2024-03-26T02:00Z,IT_NORD,13,0,0
2024-03-26T03:00Z,IT_NORD,9,0,0
2024-03-26T04:00Z,IT_NORD,9,0,0
2024-03-26T05:00Z,IT_NORD,9,0,147
2024-03-26T06:00Z,IT_NORD,7,0,1021
2024-03-26T07:00Z,IT_NORD,10,0,1864
2024-03-26T08:00Z,IT_NORD,11,0,2697
2024-03-26T09:00Z,IT_NORD,7,0,3532
2024-03-26T10:00Z,IT_NORD,6,0,3649
2024-03-26T11:00Z,IT_NORD,9,0,3665
2024-03-26T12:00Z,IT_NORD,18,0,3593
2024-03-26T13:00Z,IT_NORD,15,0,3180
2024-03-26T14:00Z,IT_NORD,16,0,2359
2024-03-26T15:00Z,IT_NORD,13,0,1443
2024-03-26T16:00Z,IT_NORD,10,0,674
2024-03-26T17:00Z,IT_NORD,18,0,0
2024-03-26T18:00Z,IT_NORD,16,0,0
2024-03-26T19:00Z,IT_NORD,22,0,0
2024-03-26T20:00Z,IT_NORD,15,0,0
2024-03-26T21:00Z,IT_NORD,12,0,0
2024-03-26T22:00Z,IT_NORD,7,0,0
2024-03-26T23:00Z,IT_NORD,15,0,0
2024-03-27T00:00Z,IT_NORD,15,0,0
2024-03-27T01:00Z,IT_NORD,17,0,0
2024-03-27T02:00Z,IT_NORD,21,0,0
2024-03-27T03:00Z,IT_NORD,18,0,0
2024-03-27T04:00Z,IT_NORD,9,0,0
2024-03-27T05:00Z,IT_NORD,6,0,182
2024-03-27T06:00Z,IT_NORD,15,0,1065
2024-03-27T07:00Z,IT_NORD,14,0,2135
2024-03-27T08:00Z,IT_NORD,16,0,3267
2024-03-27T09:00Z,IT_NORD,21,0,3941
2024-03-27T10:00Z,IT_NORD,22,0,4646
2024-03-27T11:00Z,IT_NORD,35,0,4976
2024-03-27T12:00Z,IT_NORD,38,0,4759
2024-03-27T13:00Z,IT_NORD,45,0,3975
2024-03-27T14:00Z,IT_NORD,37,0,3159
2024-03-27T15:00Z,IT_NORD,70,0,2038
2024-03-27T16:00Z,IT_NORD,126,0,959
2024-03-27T17:00Z,IT_NORD,105,0,14
2024-03-27T18:00Z,IT_NORD,160,0,0
2024-03-27T19:00Z,IT_NORD,160,0,0
2024-03-27T20:00Z,IT_NORD,159,0,0
2024-03-27T21:00Z,IT_NORD,149,0,0
2024-03-27T22:00Z,IT_NORD,152,0,0
2024-03-27T23:00Z,IT_NORD,201,0,0
2024-03-28T00:00Z,IT_NORD,187,0,0
2024-03-28T01:00Z,IT_NORD,147,0,0
2024-03-28T02:00Z,IT_NORD,141,0,0
2024-03-28T03:00Z,IT_NORD,100,0,0
2024-03-28T04:00Z,IT_NORD,99,0,0
2024-03-28T05:00Z,IT_NORD,128,0,174
2024-03-28T06:00Z,IT_NORD,164,0,814
2024-03-28T07:00Z,IT_NORD,156,0,1467
2024-03-28T08:00Z,IT_NORD,148,0,2123
2024-03-28T09:00Z,IT_NORD,174,0,2795
2024-03-28T10:00Z,IT_NORD,177,0,3347
2024-03-28T11:00Z,IT_NORD,157,0,3443
2024-03-28T12:00Z,IT_NORD,142,0,3056
2024-03-28T13:00Z,IT_NORD,146,0,2648
2024-03-28T14:00Z,IT_NORD,88,0,1994
2024-03-28T15:00Z,IT_NORD,100,0,1231
2024-03-28T16:00Z,IT_NORD,105,0,600
2024-03-28T17:00Z,IT_NORD,128,0,19
2024-03-28T18:00Z,IT_NORD,93,0,0
2024-03-28T19:00Z,IT_NORD,63,0,0
2024-03-28T20:00Z,IT_NORD,41,0,0
2024-03-28T21:00Z,IT_NORD,40,0,0
2024-03-28T22:00Z,IT_NORD,29,0,0
2024-03-28T23:00Z,IT_NORD,25,0,0
2024-03-29T00:00Z,IT_NORD,22,0,0
2024-03-29T01:00Z,IT_NORD,25,0,0
2024-03-29T02:00Z,IT_NORD,39,0,0
2024-03-29T03:00Z,IT_NORD,46,0,0
2024-03-29T04:00Z,IT_NORD,43,0,0
2024-03-29T05:00Z,IT_NORD,36,0,193
2024-03-29T06:00Z,IT_NORD,49,0,899
2024-03-29T07:00Z,IT_NORD,37,0,1761
2024-03-29T08:00Z,IT_NORD,39,0,2510
2024-03-29T09:00Z,IT_NORD,56,0,2923
2024-03-29T10:00Z,IT_NORD,62,0,3485
2024-03-29T11:00Z,IT_NORD,74,0,3350
2024-03-29T12:00Z,IT_NORD,86,0,3463
2024-03-29T13:00Z,IT_NORD,92,0,3093
2024-03-29T14:00Z,IT_NORD,70,0,2617
2024-03-29T15:00Z,IT_NORD,97,0,1633
2024-03-29T16:00Z,IT_NORD,103,0,840
2024-03-29T17:00Z,IT_NORD,82,0,40
2024-03-29T18:00Z,IT_NORD,95,0,0
2024-03-29T19:00Z,IT_NORD,154,0,0
2024-03-29T20:00Z,IT_NORD,126,0,0
2024-03-29T21:00Z,IT_NORD,85,0,0
2024-03-29T22:00Z,IT_NORD,112,0,0
2024-03-29T23:00Z,IT_NORD,116,0,0
2024-03-30T00:00Z,IT_NORD,102,0,0
2024-03-30T01:00Z,IT_NORD,81,0,0
2024-03-30T02:00Z,IT_NORD,47,0,0
2024-03-30T03:00Z,IT_NORD,47,0,0
2024-03-30T04:00Z,IT_NORD,34,0,0
2024-03-30T05:00Z,IT_NORD,45,0,223
2024-03-30T06:00Z,IT_NORD,46,0,944
2024-03-30T07:00Z,IT_NORD,36,0,1770
2024-03-30T08:00Z,IT_NORD,43,0,2325
2024-03-30T09:00Z,IT_NORD,54,0,2784
2024-03-30T10:00Z,IT_NORD,52,0,3068
2024-03-30T11:00Z,IT_NORD,44,0,3157
2024-03-30T12:00Z,IT_NORD,32,0,3014
2024-03-30T13:00Z,IT_NORD,19,0,2668
2024-03-30T14:00Z,IT_NORD,13,0,2094
2024-03-30T15:00Z,IT_NORD,20,0,1540
2024-03-30T16:00Z,IT_NORD,20,0,715
2024-03-30T17:00Z,IT_NORD,20,0,44
2024-03-30T18:00Z,IT_NORD,23,0,0
2024-03-30T19:00Z,IT_NORD,17,0,0
2024-03-30T20:00Z,IT_NORD,14,0,0
2024-03-30T21:00Z,IT_NORD,11,0,0
2024-03-30T22:00Z,IT_NORD,20,0,0
2024-03-30T23:00Z,IT_NORD,19,0,0
2024-03-31T00:00Z,IT_NORD,15,0,0
2024-03-31T01:00Z,IT_NORD,10,0,0
2024-03-31T02:00Z,IT_NORD,9,0,0
2024-03-31T03:00Z,IT_NORD,7,0,0
2024-03-31T04:00Z,IT_NORD,7,0,0
2024-03-31T05:00Z,IT_NORD,6,0,277
2024-03-31T06:00Z,IT_NORD,6,0,1345
2024-03-31T07:00Z,IT_NORD,8,0,2476
2024-03-31T08:00Z,IT_NORD,11,0,3513
2024-03-31T09:00Z,IT_NORD,15,0,4406
2024-03-31T10:00Z,IT_NORD,22,0,4551
2024-03-31T11:00Z,IT_NORD,39,0,4502
2024-03-31T12:00Z,IT_NORD,70,0,4348
2024-03-31T13:00Z,IT_NORD,64,0,3793
2024-03-31T14:00Z,IT_NORD,35,0,3099
2024-03-31T15:00Z,IT_NORD,35,0,2070
2024-03-31T16:00Z,IT_NORD,43,0,1020
2024-03-31T17:00Z,IT_NORD,49,0,84
2024-03-31T18:00Z,IT_NORD,35,0,0
2024-03-31T19:00Z,IT_NORD,33,0,0
2024-03-31T20:00Z,IT_NORD,75,0,0
2024-03-31T21:00Z,IT_NORD,73,0,0
2024-03-31T22:00Z,IT_NORD,85,0,0
2024-03-31T23:00Z,IT_NORD,76,0,0
2024-04-01T00:00Z,IT_NORD,55,0,0
2024-04-01T01:00Z,IT_NORD,62,0,0
2024-04-01T02:00Z,IT_NORD,59,0,0
2024-04-01T03:00Z,IT_NORD,82,0,0
2024-04-01T04:00Z,IT_NORD,96,0,0
2024-04-01T05:00Z,IT_NORD,70,0,239
2024-04-01T06:00Z,IT_NORD,82,0,1041
2024-04-01T07:00Z,IT_NORD,103,0,1923
2024-04-01T08:00Z,IT_NORD,113,0,2685
2024-04-01T09:00Z,IT_NORD,99,0,3387
2024-04-01T10:00Z,IT_NORD,81,0,4091
2024-04-01T11:00Z,IT_NORD,93,0,4358
2024-04-01T12:00Z,IT_NORD,73,0,3972
2024-04-01T13:00Z,IT_NORD,65,0,3175
2024-04-01T14:00Z,IT_NORD,78,0,2376
2024-04-01T15:00Z,IT_NORD,68,0,1574
2024-04-01T16:00Z,IT_NORD,71,0,755
2024-04-01T17:00Z,IT_NORD,85,0,74
2024-04-01T18:00Z,IT_NORD,81,0,0
2024-04-01T19:00Z,IT_NORD,69,0,0
2024-04-01T20:00Z,IT_NORD,77,0,0
2024-04-01T21:00Z,IT_NORD,87,0,0
2024-04-01T22:00Z,IT_NORD,84,0,0
2024-04-01T23:00Z,IT_NORD,76,0,0
2024-04-02T00:00Z,IT_NORD,75,0,0
2024-04-02T01:00Z,IT_NORD,57,0,0
2024-04-02T02:00Z,IT_NORD,55,0,0
2024-04-02T03:00Z,IT_NORD,55,0,0
2024-04-02T04:00Z,IT_NORD,41,0,0
2024-04-02T05:00Z,IT_NORD,33,0,358
2024-04-02T06:00Z,IT_NORD,60,0,1330
2024-04-02T07:00Z,IT_NORD,56,0,2488
2024-04-02T08:00Z,IT_NORD,76,0,3501
2024-04-02T09:00Z,IT_NORD,90,0,4174
2024-04-02T10:00Z,IT_NORD,73,0,4935
2024-04-02T11:00Z,IT_NORD,75,0,5063
2024-04-02T12:00Z,IT_NORD,58,0,4682
2024-04-02T13:00Z,IT_NORD,59,0,3811
2024-04-02T14:00Z,IT_NORD,46,0,3036
2024-04-02T15:00Z,IT_NORD,32,0,1960
2024-04-02T16:00Z,IT_NORD,45,0,1033
2024-04-02T17:00Z,IT_NORD,46,0,113
2024-04-02T18:00Z,IT_NORD,32,0,0
2024-04-02T19:00Z,IT_NORD,25,0,0
2024-04-02T20:00Z,IT_NORD,20,0,0
2024-04-02T21:00Z,IT_NORD,32,0,0
2024-04-02T22:00Z,IT_NORD,37,0,0
2024-04-02T23:00Z,IT_NORD,27,0,0
2024-04-03T00:00Z,IT_NORD,40,0,0
2024-04-03T01:00Z,IT_NORD,28,0,0
2024-04-03T02:00Z,IT_NORD,33,0,0
2024-04-03T03:00Z,IT_NORD,38,0,0
2024-04-03T04:00Z,IT_NORD,27,0,0
2024-04-03T05:00Z,IT_NORD,20,0,338
2024-04-03T06:00Z,IT_NORD,19,0,1304
2024-04-03T07:00Z,IT_NORD,18,0,2389
2024-04-03T08:00Z,IT_NORD,30,0,3232
2024-04-03T09:00Z,IT_NORD,20,0,3931
2024-04-03T10:00Z,IT_NORD,15,0,4310
2024-04-03T11:00Z,IT_NORD,16,0,4788
2024-04-03T12:00Z,IT_NORD,18,0,4471
2024-04-03T13:00Z,IT_NORD,13,0,3857
2024-04-03T14:00Z,IT_NORD,15,0,3138
2024-04-03T15:00Z,IT_NORD,23,0,2142
2024-04-03T16:00Z,IT_NORD,23,0,1121
2024-04-03T17:00Z,IT_NORD,20,0,142
2024-04-03T18:00Z,IT_NORD,16,0,0
2024-04-03T19:00Z,IT_NORD,14,0,0
2024-04-03T20:00Z,IT_NORD,10,0,0
2024-04-03T21:00Z,IT_NORD,12,0,0
2024-04-03T22:00Z,IT_NORD,11,0,0
2024-04-03T23:00Z,IT_NORD,5,0,0
2024-04-04T00:00Z,IT_NORD,4,0,0
2024-04-04T01:00Z,IT_NORD,5,0,0
2024-04-04T02:00Z,IT_NORD,8,0,0
2024-04-04T03:00Z,IT_NORD,6,0,0
2024-04-04T04:00Z,IT_NORD,8,0,0
2024-04-04T05:00Z,IT_NORD,12,0,341
2024-04-04T06:00Z,IT_NORD,9,0,1265
2024-04-04T07:00Z,IT_NORD,8,0,2312
2024-04-04T08:00Z,IT_NORD,6,0,3286
2024-04-04T09:00Z,IT_NORD,8,0,3873
2024-04-04T10:00Z,IT_NORD,7,0,4592
2024-04-04T11:00Z,IT_NORD,6,0,4686
2024-04-04T12:00Z,IT_NORD,5,0,4383
2024-04-04T13:00Z,IT_NORD,6,0,3687
2024-04-04T14:00Z,IT_NORD,5,0,3232
2024-04-04T15:00Z,IT_NORD,9,0,2063
2024-04-04T16:00Z,IT_NORD,9,0,987
2024-04-04T17:00Z,IT_NORD,6,0,155
2024-04-04T18:00Z,IT_NORD,4,0,0
2024-04-04T19:00Z,IT_NORD,4,0,0
2024-04-04T20:00Z,IT_NORD,3,0,0
2024-04-04T21:00Z,IT_NORD,2,0,0
2024-04-04T22:00Z,IT_NORD,2,0,0
2024-04-04T23:00Z,IT_NORD,1,0,0
2024-04-05T00:00Z,IT_NORD,1,0,0
2024-04-05T01:00Z,IT_NORD,1,0,0
2024-04-05T02:00Z,IT_NORD,1,0,0
2024-04-05T03:00Z,IT_NORD,1,0,0
2024-04-05T04:00Z,IT_NORD,2,0,0
2024-04-05T05:00Z,IT_NORD,1,0,417
2024-04-05T06:00Z,IT_NORD,1,0,1477
2024-04-05T07:00Z,IT_NORD,2,0,2678
2024-04-05T08:00Z,IT_NORD,4,0,3539
2024-04-05T09:00Z,IT_NORD,11,0,4334
2024-04-05T10:00Z,IT_NORD,19,0,4656
2024-04-05T11:00Z,IT_NORD,29,0,5118
2024-04-05T12:00Z,IT_NORD,29,0,4694
2024-04-05T13:00Z,IT_NORD,43,0,4060
2024-04-05T14:00Z,IT_NORD,49,0,3031
2024-04-05T15:00Z,IT_NORD,39,0,2090
2024-04-05T16:00Z,IT_NORD,58,0,1052
2024-04-05T17:00Z,IT_NORD,54,0,156
2024-04-05T18:00Z,IT_NORD,73,0,0
2024-04-05T19:00Z,IT_NORD,53,0,0
2024-04-05T20:00Z,IT_NORD,70,0,0
2024-04-05T21:00Z,IT_NORD,58,0,0
2024-04-05T22:00Z,IT_NORD,68,0,0
2024-04-05T23:00Z,IT_NORD,33,0,0
2024-04-06T00:00Z,IT_NORD,33,0,0
2024-04-06T01:00Z,IT_NORD,20,0,0
2024-04-06T02:00Z,IT_NORD,27,0,0
2024-04-06T03:00Z,IT_NORD,20,0,0
2024-04-06T04:00Z,IT_NORD,36,0,0
2024-04-06T05:00Z,IT_NORD,36,0,299
2024-04-06T06:00Z,IT_NORD,60,0,985
2024-04-06T07:00Z,IT_NORD,45,0,1706
2024-04-06T08:00Z,IT_NORD,49,0,2431
2024-04-06T09:00Z,IT_NORD,51,0,2842
2024-04-06T10:00Z,IT_NORD,58,0,3407
2024-04-06T11:00Z,IT_NORD,65,0,3449
2024-04-06T12:00Z,IT_NORD,40,0,3157
2024-04-06T13:00Z,IT_NORD,68,0,2728
2024-04-06T14:00Z,IT_NORD,70,0,2333
2024-04-06T15:00Z,IT_NORD,73,0,1578
2024-04-06T16:00Z,IT_NORD,51,0,863
2024-04-06T17:00Z,IT_NORD,65,0,148
2024-04-06T18:00Z,IT_NORD,46,0,0
2024-04-06T19:00Z,IT_NORD,44,0,0
2024-04-06T20:00Z,IT_NORD,62,0,0
2024-04-06T21:00Z,IT_NORD,71,0,0
2024-04-06T22:00Z,IT_NORD,55,0,0
2024-04-06T23:00Z,IT_NORD,69,0,0
2024-04-07T00:00Z,IT_NORD,46,0,0
2024-04-07T01:00Z,IT_NORD,62,0,0
2024-04-07T02:00Z,IT_NORD,43,0,0
2024-04-07T03:00Z,IT_NORD,54,0,0
2024-04-07T04:00Z,IT_NORD,50,0,0
2024-04-07T05:00Z,IT_NORD,40,0,448
2024-04-07T06:00Z,IT_NORD,65,0,1367
2024-04-07T07:00Z,IT_NORD,55,0,2510
2024-04-07T08:00Z,IT_NORD,72,0,3579
2024-04-07T09:00Z,IT_NORD,64,0,4727
2024-04-07T10:00Z,IT_NORD,71,0,5346
2024-04-07T11:00Z,IT_NORD,84,0,5285
2024-04-07T12:00Z,IT_NORD,104,0,5187
2024-04-07T13:00Z,IT_NORD,110,0,4573
2024-04-07T14:00Z,IT_NORD,98,0,3874
2024-04-07T15:00Z,IT_NORD,94,0,2715
2024-04-07T16:00Z,IT_NORD,88,0,1430
2024-04-07T17:00Z,IT_NORD,60,0,262
2024-04-07T18:00Z,IT_NORD,66,0,0
2024-04-07T19:00Z,IT_NORD,79,0,0
2024-04-07T20:00Z,IT_NORD,86,0,0
2024-04-07T21:00Z,IT_NORD,84,0,0
2024-04-07T22:00Z,IT_NORD,90,0,0
2024-04-07T23:00Z,IT_NORD,89,0,0
2024-04-08T00:00Z,IT_NORD,100,0,0
2024-04-08T01:00Z,IT_NORD,57,0,0
2024-04-08T02:00Z,IT_NORD,66,0,0
2024-04-08T03:00Z,IT_NORD,55,0,0
2024-04-08T04:00Z,IT_NORD,62,0,0
2024-04-08T05:00Z,IT_NORD,86,0,388
2024-04-08T06:00Z,IT_NORD,92,0,1189
2024-04-08T07:00Z,IT_NORD,56,0,1997
2024-04-08T08:00Z,IT_NORD,73,0,2744
2024-04-08T09:00Z,IT_NORD,60,0,3430
2024-04-08T10:00Z,IT_NORD,80,0,3861
2024-04-08T11:00Z,IT_NORD,77,0,3981
2024-04-08T12:00Z,IT_NORD,90,0,3919
2024-04-08T13:00Z,IT_NORD,112,0,3487
2024-04-08T14:00Z,IT_NORD,136,0,2624
2024-04-08T15:00Z,IT_NORD,122,0,1744
2024-04-08T16:00Z,IT_NORD,129,0,831
2024-04-08T17:00Z,IT_NORD,142,0,159
2024-04-08T18:00Z,IT_NORD,131,0,0
2024-04-08T19:00Z,IT_NORD,103,0,0
2024-04-08T20:00Z,IT_NORD,83,0,0
2024-04-08T21:00Z,IT_NORD,110,0,0
2024-04-08T22:00Z,IT_NORD,107,0,0
2024-04-08T23:00Z,IT_NORD,113,0,0
2024-04-09T00:00Z,IT_NORD,122,0,0
2024-04-09T01:00Z,IT_NORD,86,0,0
2024-04-09T02:00Z,IT_NORD,87,0,0
2024-04-09T03:00Z,IT_NORD,85,0,0
2024-04-09T04:00Z,IT_NORD,102,0,0
2024-04-09T05:00Z,IT_NORD,79,0,402
2024-04-09T06:00Z,IT_NORD,70,0,1244
2024-04-09T07:00Z,IT_NORD,48,0,2183
2024-04-09T08:00Z,IT_NORD,66,0,2657
2024-04-09T09:00Z,IT_NORD,52,0,3382
2024-04-09T10:00Z,IT_NORD,56,0,3877
2024-04-09T11:00Z,IT_NORD,57,0,4072
2024-04-09T12:00Z,IT_NORD,33,0,4158
2024-04-09T13:00Z,IT_NORD,39,0,3510
2024-04-09T14:00Z,IT_NORD,29,0,3006
2024-04-09T15:00Z,IT_NORD,32,0,2039
2024-04-09T16:00Z,IT_NORD,28,0,1097
2024-04-09T17:00Z,IT_NORD,35,0,229
2024-04-09T18:00Z,IT_NORD,40,0,0
2024-04-09T19:00Z,IT_NORD,39,0,0
2024-04-09T20:00Z,IT_NORD,45,0,0
2024-04-09T21:00Z,IT_NORD,70,0,0
2024-04-09T22:00Z,IT_NORD,86,0,0
2024-04-09T23:00Z,IT_NORD,64,0,0
2024-04-10T00:00Z,IT_NORD,41,0,0
2024-04-10T01:00Z,IT_NORD,61,0,0
2024-04-10T02:00Z,IT_NORD,66,0,0
2024-04-10T03:00Z,IT_NORD,56,0,0
2024-04-10T04:00Z,IT_NORD,71,0,0
2024-04-10T05:00Z,IT_NORD,43,0,306
2024-04-10T06:00Z,IT_NORD,44,0,893
2024-04-10T07:00Z,IT_NORD,37,0,1705
2024-04-10T08:00Z,IT_NORD,38,0,2376
2024-04-10T09:00Z,IT_NORD,80,0,2584
2024-04-10T10:00Z,IT_NORD,87,0,2936
2024-04-10T11:00Z,IT_NORD,89,0,2925
2024-04-10T12:00Z,IT_NORD,91,0,2589
2024-04-10T13:00Z,IT_NORD,82,0,2366
2024-04-10T14:00Z,IT_NORD,85,0,1791
2024-04-10T15:00Z,IT_NORD,74,0,1256
2024-04-10T16:00Z,IT_NORD,88,0,640
2024-04-10T17:00Z,IT_NORD,73,0,140
2024-04-10T18:00Z,IT_NORD,45,0,0
2024-04-10T19:00Z,IT_NORD,47,0,0
2024-04-10T20:00Z,IT_NORD,26,0,0
2024-04-10T21:00Z,IT_NORD,25,0,0
2024-04-10T22:00Z,IT_NORD,19,0,0
2024-04-10T23:00Z,IT_NORD,22,0,0
2024-04-11T00:00Z,IT_NORD,21,0,0
2024-04-11T01:00Z,IT_NORD,51,0,0
2024-04-11T02:00Z,IT_NORD,70,0,0
2024-04-11T03:00Z,IT_NORD,43,0,0
2024-04-11T04:00Z,IT_NORD,24,0,0
2024-04-11T05:00Z,IT_NORD,17,0,397
2024-04-11T06:00Z,IT_NORD,20,0,1200
2024-04-11T07:00Z,IT_NORD,21,0,1842
2024-04-11T08:00Z,IT_NORD,13,0,2558
2024-04-11T09:00Z,IT_NORD,20,0,3191
2024-04-11T10:00Z,IT_NORD,11,0,3442
2024-04-11T11:00Z,IT_NORD,11,0,3384
2024-04-11T12:00Z,IT_NORD,10,0,2895
2024-04-11T13:00Z,IT_NORD,15,0,2959
2024-04-11T14:00Z,IT_NORD,15,0,2196
2024-04-11T15:00Z,IT_NORD,12,0,1534
2024-04-11T16:00Z,IT_NORD,15,0,807
2024-04-11T17:00Z,IT_NORD,18,0,183
2024-04-11T18:00Z,IT_NORD,16,0,0
2024-04-11T19:00Z,IT_NORD,14,0,0
2024-04-11T20:00Z,IT_NORD,21,0,0
2024-04-11T21:00Z,IT_NORD,18,0,0
2024-04-11T22:00Z,IT_NORD,15,0,0
2024-04-11T23:00Z,IT_NORD,15,0,0
2024-04-12T00:00Z,IT_NORD,14,0,0
2024-04-12T01:00Z,IT_NORD,20,0,0
2024-04-12T02:00Z,IT_NORD,21,0,0
2024-04-12T03:00Z,IT_NORD,26,0,0
2024-04-12T04:00Z,IT_NORD,27,0,0
2024-04-12T05:00Z,IT_NORD,22,0,303
2024-04-12T06:00Z,IT_NORD,25,0,889
2024-04-12T07:00Z,IT_NORD,26,0,1459
2024-04-12T08:00Z,IT_NORD,32,0,1986
2024-04-12T09:00Z,IT_NORD,20,0,2512
2024-04-12T10:00Z,IT_NORD,9,0,2676
2024-04-12T11:00Z,IT_NORD,11,0,2755
2024-04-12T12:00Z,IT_NORD,10,0,2580
2024-04-12T13:00Z,IT_NORD,17,0,2854
2024-04-12T14:00Z,IT_NORD,23,0,2256
2024-04-12T15:00Z,IT_NORD,29,0,1559
2024-04-12T16:00Z,IT_NORD,37,0,781
2024-04-12T17:00Z,IT_NORD,46,0,192
2024-04-12T18:00Z,IT_NORD,35,0,0
2024-04-12T19:00Z,IT_NORD,45,0,0
2024-04-12T20:00Z,IT_NORD,37,0,0
2024-04-12T21:00Z,IT_NORD,34,0,0
2024-04-12T22:00Z,IT_NORD,41,0,0
2024-04-12T23:00Z,IT_NORD,40,0,0
2024-04-13T00:00Z,IT_NORD,38,0,0
2024-04-13T01:00Z,IT_NORD,49,0,0
2024-04-13T02:00Z,IT_NORD,34,0,0
2024-04-13T03:00Z,IT_NORD,45,0,0
2024-04-13T04:00Z,IT_NORD,42,0,0
2024-04-13T05:00Z,IT_NORD,31,0,402
2024-04-13T06:00Z,IT_NORD,43,0,964
2024-04-13T07:00Z,IT_NORD,37,0,1637
2024-04-13T08:00Z,IT_NORD,32,0,2210
2024-04-13T09:00Z,IT_NORD,38,0,2578
2024-04-13T10:00Z,IT_NORD,30,0,2845
2024-04-13T11:00Z,IT_NORD,51,0,2962
2024-04-13T12:00Z,IT_NORD,48,0,3179
2024-04-13T13:00Z,IT_NORD,37,0,2740
2024-04-13T14:00Z,IT_NORD,23,0,2005
2024-04-13T15:00Z,IT_NORD,14,0,1355
2024-04-13T16:00Z,IT_NORD,16,0,803
2024-04-13T17:00Z,IT_NORD,32,0,215
2024-04-13T18:00Z,IT_NORD,23,0,0
2024-04-13T19:00Z,IT_NORD,29,0,0
2024-04-13T20:00Z,IT_NORD,30,0,0
2024-04-13T21:00Z,IT_NORD,32,0,0
2024-04-13T22:00Z,IT_NORD,27,0,0
2024-04-13T23:00Z,IT_NORD,19,0,0
2024-04-14T00:00Z,IT_NORD,8,0,0
2024-04-14T01:00Z,IT_NORD,6,0,0
2024-04-14T02:00Z,IT_NORD,7,0,0
2024-04-14T03:00Z,IT_NORD,10,0,0
2024-04-14T04:00Z,IT_NORD,14,0,0
2024-04-14T05:00Z,IT_NORD,12,0,605
2024-04-14T06:00Z,IT_NORD,8,0,1601
2024-04-14T07:00Z,IT_NORD,6,0,2749
2024-04-14T08:00Z,IT_NORD,6,0,3609
2024-04-14T09:00Z,IT_NORD,8,0,4270
2024-04-14T10:00Z,IT_NORD,7,0,5012
2024-04-14T11:00Z,IT_NORD,5,0,5418
2024-04-14T12:00Z,IT_NORD,8,0,4945
2024-04-14T13:00Z,IT_NORD,8,0,4764
2024-04-14T14:00Z,IT_NORD,9,0,3843
2024-04-14T15:00Z,IT_NORD,9,0,2652
2024-04-14T16:00Z,IT_NORD,8,0,1395
2024-04-14T17:00Z,IT_NORD,9,0,391
2024-04-14T18:00Z,IT_NORD,9,0,0
2024-04-14T19:00Z,IT_NORD,9,0,0
2024-04-14T20:00Z,IT_NORD,6,0,0
2024-04-14T21:00Z,IT_NORD,4,0,0
2024-04-14T22:00Z,IT_NORD,2,0,0
2024-04-14T23:00Z,IT_NORD,2,0,0
2024-04-15T00:00Z,IT_NORD,1,0,0
2024-04-15T01:00Z,IT_NORD,1,0,0
2024-04-15T02:00Z,IT_NORD,1,0,0
2024-04-15T03:00Z,IT_NORD,1,0,0
2024-04-15T04:00Z,IT_NORD,1,0,0
2024-04-15T05:00Z,IT_NORD,1,0,346
2024-04-15T06:00Z,IT_NORD,2,0,917
2024-04-15T07:00Z,IT_NORD,3,0,1441
2024-04-15T08:00Z,IT_NORD,4,0,1730
2024-04-15T09:00Z,IT_NORD,5,0,2165
2024-04-15T10:00Z,IT_NORD,7,0,2422
2024-04-15T11:00Z,IT_NORD,6,0,2205
2024-04-15T12:00Z,IT_NORD,5,0,2649
2024-04-15T13:00Z,IT_NORD,9,0,2624
2024-04-15T14:00Z,IT_NORD,11,0,2200
2024-04-15T15:00Z,IT_NORD,10,0,1561
2024-04-15T16:00Z,IT_NORD,6,0,818
2024-04-15T17:00Z,IT_NORD,20,0,233
2024-04-15T18:00Z,IT_NORD,21,0,0
2024-04-15T19:00Z,IT_NORD,23,0,0
2024-04-15T20:00Z,IT_NORD,13,0,0
2024-04-15T21:00Z,IT_NORD,11,0,0
2024-04-15T22:00Z,IT_NORD,7,0,0
2024-04-15T23:00Z,IT_NORD,12,0,0
2024-04-16T00:00Z,IT_NORD,10,0,0
2024-04-16T01:00Z,IT_NORD,10,0,0
2024-04-16T02:00Z,IT_NORD,9,0,0
2024-04-16T03:00Z,IT_NORD,7,0,0
2024-04-16T04:00Z,IT_NORD,9,0,0
2024-04-16T05:00Z,IT_NORD,9,0,601
2024-04-16T06:00Z,IT_NORD,13,0,1524
2024-04-16T07:00Z,IT_NORD,14,0,2601
2024-04-16T08:00Z,IT_NORD,14,0,3310
2024-04-16T09:00Z,IT_NORD,21,0,4096
2024-04-16T10:00Z,IT_NORD,15,0,4378
2024-04-16T11:00Z,IT_NORD,11,0,4331
2024-04-16T12:00Z,IT_NORD,12,0,3943
2024-04-16T13:00Z,IT_NORD,9,0,3562
2024-04-16T14:00Z,IT_NORD,14,0,3019
2024-04-16T15:00Z,IT_NORD,13,0,2228
2024-04-16T16:00Z,IT_NORD,11,0,1279
2024-04-16T17:00Z,IT_NORD,11,0,368
2024-04-16T18:00Z,IT_NORD,13,0,0
2024-04-16T19:00Z,IT_NORD,8,0,0
2024-04-16T20:00Z,IT_NORD,11,0,0
2024-04-16T21:00Z,IT_NORD,14,0,0
2024-04-16T22:00Z,IT_NORD,14,0,0
2024-04-16T23:00Z,IT_NORD,14,0,0
2024-04-17T00:00Z,IT_NORD,11,0,0
2024-04-17T01:00Z,IT_NORD,12,0,0
2024-04-17T02:00Z,IT_NORD,13,0,0
2024-04-17T03:00Z,IT_NORD,13,0,0
2024-04-17T04:00Z,IT_NORD,16,0,0
2024-04-17T05:00Z,IT_NORD,13,0,930
2024-04-17T06:00Z,IT_NORD,22,0,2289
2024-04-17T07:00Z,IT_NORD,26,0,3506
2024-04-17T08:00Z,IT_NORD,23,0,4618
2024-04-17T09:00Z,IT_NORD,21,0,5348
2024-04-17T10:00Z,IT_NORD,22,0,5758
2024-04-17T11:00Z,IT_NORD,13,0,5874
2024-04-17T12:00Z,IT_NORD,8,0,6029
2024-04-17T13:00Z,IT_NORD,8,0,5262
2024-04-17T14:00Z,IT_NORD,5,0,4147
2024-04-17T15:00Z,IT_NORD,4,0,2909
2024-04-17T16:00Z,IT_NORD,4,0,1702
2024-04-17T17:00Z,IT_NORD,4,0,520
2024-04-17T18:00Z,IT_NORD,6,0,0
2024-04-17T19:00Z,IT_NORD,13,0,0
2024-04-17T20:00Z,IT_NORD,16,0,0
2024-04-17T21:00Z,IT_NORD,15,0,0
2024-04-17T22:00Z,IT_NORD,13,0,0
2024-04-17T23:00Z,IT_NORD,9,0,0
2024-04-18T00:00Z,IT_NORD,8,0,0
2024-04-18T01:00Z,IT_NORD,9,0,0
2024-04-18T02:00Z,IT_NORD,9,0,0
2024-04-18T03:00Z,IT_NORD,5,0,0
2024-04-18T04:00Z,IT_NORD,5,0,0
2024-04-18T05:00Z,IT_NORD,3,0,869
2024-04-18T06:00Z,IT_NORD,1,0,2122
2024-04-18T07:00Z,IT_NORD,2,0,3551
2024-04-18T08:00Z,IT_NORD,1,0,4643
2024-04-18T09:00Z,IT_NORD,2,0,5491
2024-04-18T10:00Z,IT_NORD,2,0,6390
2024-04-18T11:00Z,IT_NORD,2,0,6518
2024-04-18T12:00Z,IT_NORD,2,0,5970
2024-04-18T13:00Z,IT_NORD,3,0,5206
2024-04-18T14:00Z,IT_NORD,3,0,4083
2024-04-18T15:00Z,IT_NORD,4,0,2949
2024-04-18T16:00Z,IT_NORD,3,0,1681
2024-04-18T17:00Z,IT_NORD,2,0,522
2024-04-18T18:00Z,IT_NORD,2,0,0
2024-04-18T19:00Z,IT_NORD,2,0,0
2024-04-18T20:00Z,IT_NORD,2,0,0
2024-04-18T21:00Z,IT_NORD,2,0,0
2024-04-18T22:00Z,IT_NORD,2,0,0
2024-04-18T23:00Z,IT_NORD,2,0,0
2024-04-19T00:00Z,IT_NORD,2,0,0
2024-04-19T01:00Z,IT_NORD,2,0,0
2024-04-19T02:00Z,IT_NORD,2,0,0
2024-04-19T03:00Z,IT_NORD,3,0,0
2024-04-19T04:00Z,IT_NORD,3,0,0
2024-04-19T05:00Z,IT_NORD,5,0,682
2024-04-19T06:00Z,IT_NORD,3,0,1524
2024-04-19T07:00Z,IT_NORD,3,0,2330
2024-04-19T08:00Z,IT_NORD,5,0,3259
2024-04-19T09:00Z,IT_NORD,4,0,3769
2024-04-19T10:00Z,IT_NORD,4,0,4295
2024-04-19T11:00Z,IT_NORD,4,0,4443
2024-04-19T12:00Z,IT_NORD,5,0,4090
2024-04-19T13:00Z,IT_NORD,7,0,3546
2024-04-19T14:00Z,IT_NORD,10,0,2948
2024-04-19T15:00Z,IT_NORD,17,0,1900
2024-04-19T16:00Z,IT_NORD,15,0,1246
2024-04-19T17:00Z,IT_NORD,20,0,434
2024-04-19T18:00Z,IT_NORD,20,0,0
2024-04-19T19:00Z,IT_NORD,24,0,0
2024-04-19T20:00Z,IT_NORD,25,0,0
2024-04-19T21:00Z,IT_NORD,14,0,0
2024-04-19T22:00Z,IT_NORD,12,0,0
2024-04-19T23:00Z,IT_NORD,7,0,0
2024-04-20T00:00Z,IT_NORD,12,0,0
2024-04-20T01:00Z,IT_NORD,12,0,0
2024-04-20T02:00Z,IT_NORD,13,0,0
2024-04-20T03:00Z,IT_NORD,18,0,0
2024-04-20T04:00Z,IT_NORD,13,0,0
2024-04-20T05:00Z,IT_NORD,10,0,669
2024-04-20T06:00Z,IT_NORD,12,0,1726
2024-04-20T07:00Z,IT_NORD,13,0,2820
2024-04-20T08:00Z,IT_NORD,9,0,3794
2024-04-20T09:00Z,IT_NORD,14,0,4192
2024-04-20T10:00Z,IT_NORD,21,0,4687
2024-04-20T11:00Z,IT_NORD,23,0,4896
2024-04-20T12:00Z,IT_NORD,13,0,4526
2024-04-20T13:00Z,IT_NORD,9,0,4110
2024-04-20T14:00Z,IT_NORD,12,0,3441
2024-04-20T15:00Z,IT_NORD,7,0,2393
2024-04-20T16:00Z,IT_NORD,5,0,1380
2024-04-20T17:00Z,IT_NORD,8,0,429
2024-04-20T18:00Z,IT_NORD,7,0,0
2024-04-20T19:00Z,IT_NORD,6,0,0
2024-04-20T20:00Z,IT_NORD,3,0,0
2024-04-20T21:00Z,IT_NORD,4,0,0
2024-04-20T22:00Z,IT_NORD,6,0,0
2024-04-20T23:00Z,IT_NORD,6,0,0
2024-04-21T00:00Z,IT_NORD,6,0,0
2024-04-21T01:00Z,IT_NORD,8,0,0
2024-04-21T02:00Z,IT_NORD,11,0,0
2024-04-21T03:00Z,IT_NORD,9,0,0
2024-04-21T04:00Z,IT_NORD,23,0,0
2024-04-21T05:00Z,IT_NORD,19,0,789
2024-04-21T06:00Z,IT_NORD,16,0,1718
2024-04-21T07:00Z,IT_NORD,32,0,2641
2024-04-21T08:00Z,IT_NORD,20,0,3636
2024-04-21T09:00Z,IT_NORD,18,0,4296
2024-04-21T10:00Z,IT_NORD,13,0,4299
2024-04-21T11:00Z,IT_NORD,22,0,4418
2024-04-21T12:00Z,IT_NORD,14,0,4165
2024-04-21T13:00Z,IT_NORD,20,0,3895
2024-04-21T14:00Z,IT_NORD,10,0,3116
2024-04-21T15:00Z,IT_NORD,12,0,2430
2024-04-21T16:00Z,IT_NORD,10,0,1358
2024-04-21T17:00Z,IT_NORD,15,0,461
2024-04-21T18:00Z,IT_NORD,23,0,0
2024-04-21T19:00Z,IT_NORD,27,0,0
2024-04-21T20:00Z,IT_NORD,19,0,0
2024-04-21T21:00Z,IT_NORD,27,0,0
2024-04-21T22:00Z,IT_NORD,47,0,0
2024-04-21T23:00Z,IT_NORD,44,0,0
2024-04-22T00:00Z,IT_NORD,51,0,0
2024-04-22T01:00Z,IT_NORD,31,0,0
2024-04-22T02:00Z,IT_NORD,29,0,0
2024-04-22T03:00Z,IT_NORD,28,0,0
2024-04-22T04:00Z,IT_NORD,31,0,0
2024-04-22T05:00Z,IT_NORD,47,0,686
2024-04-22T06:00Z,IT_NORD,44,0,1624
2024-04-22T07:00Z,IT_NORD,38,0,2738
2024-04-22T08:00Z,IT_NORD,28,0,3513
2024-04-22T09:00Z,IT_NORD,31,0,3889
2024-04-22T10:00Z,IT_NORD,21,0,4211
2024-04-22T11:00Z,IT_NORD,19,0,4238
2024-04-22T12:00Z,IT_NORD,13,0,3971
2024-04-22T13:00Z,IT_NORD,10,0,3379
2024-04-22T14:00Z,IT_NORD,17,0,3008
2024-04-22T15:00Z,IT_NORD,15,0,1996
2024-04-22T16:00Z,IT_NORD,20,0,1167
2024-04-22T17:00Z,IT_NORD,12,0,450
2024-04-22T18:00Z,IT_NORD,5,0,0
2024-04-22T19:00Z,IT_NORD,4,0,0
2024-04-22T20:00Z,IT_NORD,8,0,0
2024-04-22T21:00Z,IT_NORD,10,0,0
2024-04-22T22:00Z,IT_NORD,13,0,0
2024-04-22T23:00Z,IT_NORD,7,0,0
2024-04-23T00:00Z,IT_NORD,5,0,0
2024-04-23T01:00Z,IT_NORD,6,0,0
2024-04-23T02:00Z,IT_NORD,8,0,0
2024-04-23T03:00Z,IT_NORD,11,0,0
2024-04-23T04:00Z,IT_NORD,18,0,1
2024-04-23T05:00Z,IT_NORD,23,0,691
2024-04-23T06:00Z,IT_NORD,33,0,1533
2024-04-23T07:00Z,IT_NORD,38,0,2587
2024-04-23T08:00Z,IT_NORD,19,0,3364
2024-04-23T09:00Z,IT_NORD,18,0,4025
2024-04-23T10:00Z,IT_NORD,10,0,4228
2024-04-23T11:00Z,IT_NORD,9,0,4113
2024-04-23T12:00Z,IT_NORD,6,0,3992
2024-04-23T13:00Z,IT_NORD,6,0,3562
2024-04-23T14:00Z,IT_NORD,5,0,2714
2024-04-23T15:00Z,IT_NORD,8,0,1985
2024-04-23T16:00Z,IT_NORD,7,0,1131
2024-04-23T17:00Z,IT_NORD,7,0,392
2024-04-23T18:00Z,IT_NORD,5,0,0
2024-04-23T19:00Z,IT_NORD,5,0,0
2024-04-23T20:00Z,IT_NORD,7,0,0
2024-04-23T21:00Z,IT_NORD,7,0,0
2024-04-23T22:00Z,IT_NORD,6,0,0
2024-04-23T23:00Z,IT_NORD,7,0,0
2024-04-24T00:00Z,IT_NORD,7,0,0
2024-04-24T01:00Z,IT_NORD,5,0,0
2024-04-24T02:00Z,IT_NORD,5,0,0
2024-04-24T03:00Z,IT_NORD,10,0,0
2024-04-24T04:00Z,IT_NORD,8,0,7
2024-04-24T05:00Z,IT_NORD,7,0,507
2024-04-24T06:00Z,IT_NORD,9,0,1142
2024-04-24T07:00Z,IT_NORD,9,0,1651
2024-04-24T08:00Z,IT_NORD,9,0,2216
2024-04-24T09:00Z,IT_NORD,7,0,2899
2024-04-24T10:00Z,IT_NORD,9,0,2817
2024-04-24T11:00Z,IT_NORD,6,0,3021
2024-04-24T12:00Z,IT_NORD,5,0,3068
2024-04-24T13:00Z,IT_NORD,6,0,2530
2024-04-24T14:00Z,IT_NORD,9,0,2143
2024-04-24T15:00Z,IT_NORD,9,0,1678
2024-04-24T16:00Z,IT_NORD,9,0,1005
2024-04-24T17:00Z,IT_NORD,12,0,376
2024-04-24T18:00Z,IT_NORD,15,0,0
2024-04-24T19:00Z,IT_NORD,10,0,0
2024-04-24T20:00Z,IT_NORD,7,0,0
2024-04-24T21:00Z,IT_NORD,7,0,0
2024-04-24T22:00Z,IT_NORD,8,0,0
2024-04-24T23:00Z,IT_NORD,8,0,0
2024-04-25T00:00Z,IT_NORD,5,0,0
2024-04-25T01:00Z,IT_NORD,6,0,0
2024-04-25T02:00Z,IT_NORD,5,0,0
2024-04-25T03:00Z,IT_NORD,6,0,0
2024-04-25T04:00Z,IT_NORD,4,0,29
2024-04-25T05:00Z,IT_NORD,3,0,1050
2024-04-25T06:00Z,IT_NORD,4,0,2260
2024-04-25T07:00Z,IT_NORD,3,0,3372
2024-04-25T08:00Z,IT_NORD,1,0,4730
2024-04-25T09:00Z,IT_NORD,1,0,5382
2024-04-25T10:00Z,IT_NORD,2,0,5974
2024-04-25T11:00Z,IT_NORD,2,0,6035
2024-04-25T12:00Z,IT_NORD,2,0,5808
2024-04-25T13:00Z,IT_NORD,2,0,4986
2024-04-25T14:00Z,IT_NORD,2,0,4149
2024-04-25T15:00Z,IT_NORD,3,0,2909
2024-04-25T16:00Z,IT_NORD,2,0,1719
2024-04-25T17:00Z,IT_NORD,3,0,609
2024-04-25T18:00Z,IT_NORD,2,0,0
2024-04-25T19:00Z,IT_NORD,1,0,0
2024-04-25T20:00Z,IT_NORD,2,0,0
2024-04-25T21:00Z,IT_NORD,3,0,0
2024-04-25T22:00Z,IT_NORD,2,0,0
2024-04-25T23:00Z,IT_NORD,2,0,0
2024-04-26T00:00Z,IT_NORD,2,0,0
2024-04-26T01:00Z,IT_NORD,1,0,0
2024-04-26T02:00Z,IT_NORD,1,0,0
2024-04-26T03:00Z,IT_NORD,2,0,0
2024-04-26T04:00Z,IT_NORD,3,0,26
2024-04-26T05:00Z,IT_NORD,3,0,693
2024-04-26T06:00Z,IT_NORD,2,0,1502
2024-04-26T07:00Z,IT_NORD,2,0,2558
2024-04-26T08:00Z,IT_NORD,1,0,3514
2024-04-26T09:00Z,IT_NORD,1,0,4043
2024-04-26T10:00Z,IT_NORD,2,0,4445
2024-04-26T11:00Z,IT_NORD,3,0,4852
2024-04-26T12:00Z,IT_NORD,3,0,4344
2024-04-26T13:00Z,IT_NORD,4,0,4095
2024-04-26T14:00Z,IT_NORD,5,0,3395
2024-04-26T15:00Z,IT_NORD,5,0,2361
2024-04-26T16:00Z,IT_NORD,4,0,1474
2024-04-26T17:00Z,IT_NORD,5,0,502
2024-04-26T18:00Z,IT_NORD,4,0,0
2024-04-26T19:00Z,IT_NORD,3,0,0
2024-04-26T20:00Z,IT_NORD,2,0,0
2024-04-26T21:00Z,IT_NORD,2,0,0
2024-04-26T22:00Z,IT_NORD,1,0,0
2024-04-26T23:00Z,IT_NORD,1,0,0
2024-04-27T00:00Z,IT_NORD,2,0,0
2024-04-27T01:00Z,IT_NORD,2,0,0
2024-04-27T02:00Z,IT_NORD,4,0,0
2024-04-27T03:00Z,IT_NORD,3,0,0
2024-04-27T04:00Z,IT_NORD,4,0,43
2024-04-27T05:00Z,IT_NORD,4,0,814
2024-04-27T06:00Z,IT_NORD,3,0,1783
2024-04-27T07:00Z,IT_NORD,9,0,2983
2024-04-27T08:00Z,IT_NORD,23,0,3793
2024-04-27T09:00Z,IT_NORD,22,0,4861
2024-04-27T10:00Z,IT_NORD,26,0,5580
2024-04-27T11:00Z,IT_NORD,28,0,5634
2024-04-27T12:00Z,IT_NORD,24,0,5281
2024-04-27T13:00Z,IT_NORD,22,0,4597
2024-04-27T14:00Z,IT_NORD,16,0,3728
2024-04-27T15:00Z,IT_NORD,17,0,2560
2024-04-27T16:00Z,IT_NORD,10,0,1702
2024-04-27T17:00Z,IT_NORD,11,0,673
2024-04-27T18:00Z,IT_NORD,20,0,0
2024-04-27T19:00Z,IT_NORD,20,0,0
2024-04-27T20:00Z,IT_NORD,26,0,0
2024-04-27T21:00Z,IT_NORD,39,0,0
2024-04-27T22:00Z,IT_NORD,38,0,0
2024-04-27T23:00Z,IT_NORD,44,0,0
2024-04-28T00:00Z,IT_NORD,59,0,0
2024-04-28T01:00Z,IT_NORD,68,0,0
2024-04-28T02:00Z,IT_NORD,55,0,0
2024-04-28T03:00Z,IT_NORD,30,0,0
2024-04-28T04:00Z,IT_NORD,23,0,58
2024-04-28T05:00Z,IT_NORD,32,0,772
2024-04-28T06:00Z,IT_NORD,26,0,1721
2024-04-28T07:00Z,IT_NORD,19,0,2687
2024-04-28T08:00Z,IT_NORD,9,0,3501
2024-04-28T09:00Z,IT_NORD,12,0,4163
2024-04-28T10:00Z,IT_NORD,10,0,4367
2024-04-28T11:00Z,IT_NORD,6,0,4808
2024-04-28T12:00Z,IT_NORD,8,0,4782
2024-04-28T13:00Z,IT_NORD,8,0,4010
2024-04-28T14:00Z,IT_NORD,5,0,3417
2024-04-28T15:00Z,IT_NORD,3,0,2443
2024-04-28T16:00Z,IT_NORD,3,0,1554
2024-04-28T17:00Z,IT_NORD,7,0,588
2024-04-28T18:00Z,IT_NORD,7,0,0
2024-04-28T19:00Z,IT_NORD,11,0,0
2024-04-28T20:00Z,IT_NORD,25,0,0
2024-04-28T21:00Z,IT_NORD,35,0,0
2024-04-28T22:00Z,IT_NORD,40,0,0
2024-04-28T23:00Z,IT_NORD,36,0,0
2024-04-29T00:00Z,IT_NORD,46,0,0
2024-04-29T01:00Z,IT_NORD,58,0,0
2024-04-29T02:00Z,IT_NORD,57,0,0
2024-04-29T03:00Z,IT_NORD,66,0,0
2024-04-29T04:00Z,IT_NORD,60,0,57
2024-04-29T05:00Z,IT_NORD,59,0,625
2024-04-29T06:00Z,IT_NORD,53,0,1327
2024-04-29T07:00Z,IT_NORD,35,0,1979
2024-04-29T08:00Z,IT_NORD,56,0,2437
2024-04-29T09:00Z,IT_NORD,55,0,2961
2024-04-29T10:00Z,IT_NORD,57,0,3292
2024-04-29T11:00Z,IT_NORD,68,0,3710
2024-04-29T12:00Z,IT_NORD,77,0,3651
2024-04-29T13:00Z,IT_NORD,51,0,3215
2024-04-29T14:00Z,IT_NORD,40,0,2522
2024-04-29T15:00Z,IT_NORD,25,0,1806
2024-04-29T16:00Z,IT_NORD,31,0,1107
2024-04-29T17:00Z,IT_NORD,26,0,473
2024-04-29T18:00Z,IT_NORD,28,0,0
2024-04-29T19:00Z,IT_NORD,27,0,0
2024-04-29T20:00Z,IT_NORD,28,0,0
2024-04-29T21:00Z,IT_NORD,22,0,0
2024-04-29T22:00Z,IT_NORD,7,0,0
2024-04-29T23:00Z,IT_NORD,7,0,0
2024-04-30T00:00Z,IT_NORD,13,0,0
2024-04-30T01:00Z,IT_NORD,10,0,0
2024-04-30T02:00Z,IT_NORD,9,0,0
2024-04-30T03:00Z,IT_NORD,10,0,0
2024-04-30T04:00Z,IT_NORD,7,0,87
2024-04-30T05:00Z,IT_NORD,7,0,950
2024-04-30T06:00Z,IT_NORD,5,0,1897
2024-04-30T07:00Z,IT_NORD,5,0,2790
2024-04-30T08:00Z,IT_NORD,13,0,3804
2024-04-30T09:00Z,IT_NORD,17,0,4675
2024-04-30T10:00Z,IT_NORD,11,0,4872
2024-04-30T11:00Z,IT_NORD,8,0,5218
2024-04-30T12:00Z,IT_NORD,9,0,4614
2024-04-30T13:00Z,IT_NORD,10,0,4429
2024-04-30T14:00Z,IT_NORD,25,0,3574
2024-04-30T15:00Z,IT_NORD,24,0,2591
2024-04-30T16:00Z,IT_NORD,14,0,1602
2024-04-30T17:00Z,IT_NORD,22,0,626
2024-04-30T18:00Z,IT_NORD,14,0,0
2024-04-30T19:00Z,IT_NORD,9,0,0
2024-04-30T20:00Z,IT_NORD,10,0,0
2024-04-30T21:00Z,IT_NORD,5,0,0
2024-04-30T22:00Z,IT_NORD,3,0,0
2024-04-30T23:00Z,IT_NORD,2,0,0
2024-05-01T00:00Z,IT_NORD,4,0,0
2024-05-01T01:00Z,IT_NORD,4,0,0
2024-05-01T02:00Z,IT_NORD,6,0,0
2024-05-01T03:00Z,IT_NORD,9,0,0
2024-05-01T04:00Z,IT_NORD,13,0,123
2024-05-01T05:00Z,IT_NORD,16,0,1105
2024-05-01T06:00Z,IT_NORD,19,0,2421
2024-05-01T07:00Z,IT_NORD,23,0,3557
2024-05-01T08:00Z,IT_NORD,35,0,4431
2024-05-01T09:00Z,IT_NORD,16,0,5121
2024-05-01T10:00Z,IT_NORD,17,0,5024
2024-05-01T11:00Z,IT_NORD,19,0,5466
2024-05-01T12:00Z,IT_NORD,24,0,5296
2024-05-01T13:00Z,IT_NORD,23,0,4509
2024-05-01T14:00Z,IT_NORD,15,0,3490
2024-05-01T15:00Z,IT_NORD,24,0,2689
2024-05-01T16:00Z,IT_NORD,22,0,1752
2024-05-01T17:00Z,IT_NORD,46,0,719
2024-05-01T18:00Z,IT_NORD,27,0,0
2024-05-01T19:00Z,IT_NORD,19,0,0
2024-05-01T20:00Z,IT_NORD,13,0,0
2024-05-01T21:00Z,IT_NORD,15,0,0
2024-05-01T22:00Z,IT_NORD,31,0,0
2024-05-01T23:00Z,IT_NORD,25,0,0
2024-05-02T00:00Z,IT_NORD,26,0,0
2024-05-02T01:00Z,IT_NORD,27,0,0
2024-05-02T02:00Z,IT_NORD,17,0,0
2024-05-02T03:00Z,IT_NORD,9,0,0
2024-05-02T04:00Z,IT_NORD,12,0,167
2024-05-02T05:00Z,IT_NORD,11,0,1317
2024-05-02T06:00Z,IT_NORD,10,0,2613
2024-05-02T07:00Z,IT_NORD,12,0,3884
2024-05-02T08:00Z,IT_NORD,11,0,4919
2024-05-02T09:00Z,IT_NORD,15,0,5940
2024-05-02T10:00Z,IT_NORD,17,0,6374
2024-05-02T11:00Z,IT_NORD,16,0,6521
2024-05-02T12:00Z,IT_NORD,14,0,6684
2024-05-02T13:00Z,IT_NORD,22,0,6036
2024-05-02T14:00Z,IT_NORD,22,0,5109
2024-05-02T15:00Z,IT_NORD,26,0,3869
2024-05-02T16:00Z,IT_NORD,36,0,2433
2024-05-02T17:00Z,IT_NORD,43,0,1023
2024-05-02T18:00Z,IT_NORD,57,0,0
2024-05-02T19:00Z,IT_NORD,66,0,0
2024-05-02T20:00Z,IT_NORD,120,0,0
2024-05-02T21:00Z,IT_NORD,136,0,0
2024-05-02T22:00Z,IT_NORD,137,0,0
2024-05-02T23:00Z,IT_NORD,124,0,0
2024-05-03T00:00Z,IT_NORD,108,0,0
2024-05-03T01:00Z,IT_NORD,98,0,0
2024-05-03T02:00Z,IT_NORD,68,0,0
2024-05-03T03:00Z,IT_NORD,48,0,0
2024-05-03T04:00Z,IT_NORD,43,0,145
2024-05-03T05:00Z,IT_NORD,54,0,1050
2024-05-03T06:00Z,IT_NORD,78,0,2137
2024-05-03T07:00Z,IT_NORD,70,0,3511
2024-05-03T08:00Z,IT_NORD,89,0,4479
2024-05-03T09:00Z,IT_NORD,68,0,5344
2024-05-03T10:00Z,IT_NORD,55,0,5873
2024-05-03T11:00Z,IT_NORD,94,0,6186
2024-05-03T12:00Z,IT_NORD,84,0,5869
2024-05-03T13:00Z,IT_NORD,99,0,5112
2024-05-03T14:00Z,IT_NORD,119,0,4435
2024-05-03T15:00Z,IT_NORD,94,0,3266
2024-05-03T16:00Z,IT_NORD,111,0,1954
2024-05-03T17:00Z,IT_NORD,115,0,802
2024-05-03T18:00Z,IT_NORD,137,0,0
2024-05-03T19:00Z,IT_NORD,137,0,0
2024-05-03T20:00Z,IT_NORD,98,0,0
2024-05-03T21:00Z,IT_NORD,89,0,0
2024-05-03T22:00Z,IT_NORD,99,0,0
2024-05-03T23:00Z,IT_NORD,64,0,0
2024-05-04T00:00Z,IT_NORD,42,0,0
2024-05-04T01:00Z,IT_NORD,41,0,0
2024-05-04T02:00Z,IT_NORD,14,0,0
2024-05-04T03:00Z,IT_NORD,15,0,0
2024-05-04T04:00Z,IT_NORD,14,0,209
2024-05-04T05:00Z,IT_NORD,12,0,1378
2024-05-04T06:00Z,IT_NORD,12,0,2820
2024-05-04T07:00Z,IT_NORD,9,0,4131
2024-05-04T08:00Z,IT_NORD,5,0,5196
2024-05-04T09:00Z,IT_NORD,3,0,5862
2024-05-04T10:00Z,IT_NORD,2,0,6230
2024-05-04T11:00Z,IT_NORD,2,0,6507
2024-05-04T12:00Z,IT_NORD,2,0,6562
2024-05-04T13:00Z,IT_NORD,2,0,5880
2024-05-04T14:00Z,IT_NORD,2,0,5116
2024-05-04T15:00Z,IT_NORD,1,0,3670
2024-05-04T16:00Z,IT_NORD,1,0,2398
2024-05-04T17:00Z,IT_NORD,2,0,1031
2024-05-04T18:00Z,IT_NORD,2,0,0
2024-05-04T19:00Z,IT_NORD,2,0,0
2024-05-04T20:00Z,IT_NORD,1,0,0
2024-05-04T21:00Z,IT_NORD,1,0,0
2024-05-04T22:00Z,IT_NORD,1,0,0
2024-05-04T23:00Z,IT_NORD,1,0,0
2024-05-05T00:00Z,IT_NORD,1,0,0
2024-05-05T01:00Z,IT_NORD,1,0,0
2024-05-05T02:00Z,IT_NORD,1,0,0
2024-05-05T03:00Z,IT_NORD,1,0,0
2024-05-05T04:00Z,IT_NORD,1,0,202
2024-05-05T05:00Z,IT_NORD,2,0,1208
2024-05-05T06:00Z,IT_NORD,2,0,2368
2024-05-05T07:00Z,IT_NORD,3,0,3515
2024-05-05T08:00Z,IT_NORD,3,0,4407
2024-05-05T09:00Z,IT_NORD,2,0,5190
2024-05-05T10:00Z,IT_NORD,1,0,5756
2024-05-05T11:00Z,IT_NORD,1,0,6190
2024-05-05T12:00Z,IT_NORD,1,0,5970
2024-05-05T13:00Z,IT_NORD,0,0,5493
2024-05-05T14:00Z,IT_NORD,1,0,4642
2024-05-05T15:00Z,IT_NORD,1,0,3452
2024-05-05T16:00Z,IT_NORD,0,0,2084
2024-05-05T17:00Z,IT_NORD,0,0,942
2024-05-05T18:00Z,IT_NORD,0,0,8
2024-05-05T19:00Z,IT_NORD,1,0,0
2024-05-05T20:00Z,IT_NORD,1,0,0
2024-05-05T21:00Z,IT_NORD,1,0,0
2024-05-05T22:00Z,IT_NORD,1,0,0
2024-05-05T23:00Z,IT_NORD,1,0,0
2024-05-06T00:00Z,IT_NORD,1,0,0
2024-05-06T01:00Z,IT_NORD,1,0,0
2024-05-06T02:00Z,IT_NORD,1,0,0
2024-05-06T03:00Z,IT_NORD,1,0,0
2024-05-06T04:00Z,IT_NORD,2,0,161
2024-05-06T05:00Z,IT_NORD,3,0,954
2024-05-06T06:00Z,IT_NORD,2,0,1790
2024-05-06T07:00Z,IT_NORD,1,0,2482
2024-05-06T08:00Z,IT_NORD,1,0,3199
2024-05-06T09:00Z,IT_NORD,2,0,3976
2024-05-06T10:00Z,IT_NORD,2,0,4326
2024-05-06T11:00Z,IT_NORD,3,0,4900
2024-05-06T12:00Z,IT_NORD,2,0,4624
2024-05-06T13:00Z,IT_NORD,1,0,4151
2024-05-06T14:00Z,IT_NORD,2,0,3517
2024-05-06T15:00Z,IT_NORD,2,0,2816
2024-05-06T16:00Z,IT_NORD,4,0,1766
2024-05-06T17:00Z,IT_NORD,5,0,737
2024-05-06T18:00Z,IT_NORD,9,0,16
2024-05-06T19:00Z,IT_NORD,5,0,0
2024-05-06T20:00Z,IT_NORD,6,0,0
2024-05-06T21:00Z,IT_NORD,7,0,0
2024-05-06T22:00Z,IT_NORD,4,0,0
2024-05-06T23:00Z,IT_NORD,3,0,0
2024-05-07T00:00Z,IT_NORD,3,0,0
2024-05-07T01:00Z,IT_NORD,3,0,0
2024-05-07T02:00Z,IT_NORD,2,0,0
2024-05-07T03:00Z,IT_NORD,1,0,0
2024-05-07T04:00Z,IT_NORD,0,0,237
2024-05-07T05:00Z,IT_NORD,0,0,1275
2024-05-07T06:00Z,IT_NORD,1,0,2433
2024-05-07T07:00Z,IT_NORD,1,0,3746
2024-05-07T08:00Z,IT_NORD,0,0,4982
2024-05-07T09:00Z,IT_NORD,0,0,5847
2024-05-07T10:00Z,IT_NORD,0,0,6563
2024-05-07T11:00Z,IT_NORD,1,0,6447
2024-05-07T12:00Z,IT_NORD,0,0,6027
2024-05-07T13:00Z,IT_NORD,0,0,5228
2024-05-07T14:00Z,IT_NORD,0,0,4249
2024-05-07T15:00Z,IT_NORD,0,0,3182
2024-05-07T16:00Z,IT_NORD,1,0,2085
2024-05-07T17:00Z,IT_NORD,0,0,915
2024-05-07T18:00Z,IT_NORD,1,0,31
2024-05-07T19:00Z,IT_NORD,2,0,0
2024-05-07T20:00Z,IT_NORD,2,0,0
2024-05-07T21:00Z,IT_NORD,1,0,0
2024-05-07T22:00Z,IT_NORD,2,0,0
2024-05-07T23:00Z,IT_NORD,2,0,0
2024-05-08T00:00Z,IT_NORD,3,0,0
2024-05-08T01:00Z,IT_NORD,2,0,0
2024-05-08T02:00Z,IT_NORD,1,0,0
2024-05-08T03:00Z,IT_NORD,2,0,0
2024-05-08T04:00Z,IT_NORD,1,0,206
2024-05-08T05:00Z,IT_NORD,3,0,1072
2024-05-08T06:00Z,IT_NORD,4,0,2156
2024-05-08T07:00Z,IT_NORD,5,0,3224
2024-05-08T08:00Z,IT_NORD,5,0,4324
2024-05-08T09:00Z,IT_NORD,5,0,4896
2024-05-08T10:00Z,IT_NORD,9,0,5050
2024-05-08T11:00Z,IT_NORD,10,0,5259
2024-05-08T12:00Z,IT_NORD,13,0,5108
2024-05-08T13:00Z,IT_NORD,15,0,4883
2024-05-08T14:00Z,IT_NORD,22,0,4333
2024-05-08T15:00Z,IT_NORD,41,0,3367
2024-05-08T16:00Z,IT_NORD,74,0,2060
2024-05-08T17:00Z,IT_NORD,48,0,952
2024-05-08T18:00Z,IT_NORD,34,0,42
2024-05-08T19:00Z,IT_NORD,23,0,0
2024-05-08T20:00Z,IT_NORD,13,0,0
2024-05-08T21:00Z,IT_NORD,21,0,0
2024-05-08T22:00Z,IT_NORD,13,0,0
2024-05-08T23:00Z,IT_NORD,8,0,0
2024-05-09T00:00Z,IT_NORD,10,0,0
2024-05-09T01:00Z,IT_NORD,14,0,0
2024-05-09T02:00Z,IT_NORD,11,0,0
2024-05-09T03:00Z,IT_NORD,9,0,0
2024-05-09T04:00Z,IT_NORD,9,0,197
2024-05-09T05:00Z,IT_NORD,11,0,964
2024-05-09T06:00Z,IT_NORD,24,0,1790
2024-05-09T07:00Z,IT_NORD,24,0,2528
2024-05-09T08:00Z,IT_NORD,34,0,3348
2024-05-09T09:00Z,IT_NORD,28,0,3924
2024-05-09T10:00Z,IT_NORD,15,0,4124
2024-05-09T11:00Z,IT_NORD,18,0,4396
2024-05-09T12:00Z,IT_NORD,25,0,4331
2024-05-09T13:00Z,IT_NORD,17,0,4161
2024-05-09T14:00Z,IT_NORD,22,0,3643
2024-05-09T15:00Z,IT_NORD,23,0,3020
2024-05-09T16:00Z,IT_NORD,33,0,1992
2024-05-09T17:00Z,IT_NORD,27,0,919
2024-05-09T18:00Z,IT_NORD,24,0,54
2024-05-09T19:00Z,IT_NORD,22,0,0
2024-05-09T20:00Z,IT_NORD,31,0,0
2024-05-09T21:00Z,IT_NORD,22,0,0
2024-05-09T22:00Z,IT_NORD,18,0,0
2024-05-09T23:00Z,IT_NORD,16,0,0
2024-05-10T00:00Z,IT_NORD,20,0,0
2024-05-10T01:00Z,IT_NORD,15,0,0
2024-05-10T02:00Z,IT_NORD,10,0,0
2024-05-10T03:00Z,IT_NORD,8,0,0
2024-05-10T04:00Z,IT_NORD,7,0,156
2024-05-10T05:00Z,IT_NORD,5,0,871
2024-05-10T06:00Z,IT_NORD,4,0,1669
2024-05-10T07:00Z,IT_NORD,5,0,2379
2024-05-10T08:00Z,IT_NORD,4,0,3179
2024-05-10T09:00Z,IT_NORD,6,0,3417
2024-05-10T10:00Z,IT_NORD,5,0,4044
2024-05-10T11:00Z,IT_NORD,4,0,4242
2024-05-10T12:00Z,IT_NORD,2,0,4249
2024-05-10T13:00Z,IT_NORD,2,0,4137
2024-05-10T14:00Z,IT_NORD,2,0,3237
2024-05-10T15:00Z,IT_NORD,3,0,2355
2024-05-10T16:00Z,IT_NORD,5,0,1656
2024-05-10T17:00Z,IT_NORD,4,0,782
2024-05-10T18:00Z,IT_NORD,4,0,52
2024-05-10T19:00Z,IT_NORD,9,0,0
2024-05-10T20:00Z,IT_NORD,9,0,0
2024-05-10T21:00Z,IT_NORD,12,0,0
2024-05-10T22:00Z,IT_NORD,7,0,0
2024-05-10T23:00Z,IT_NORD,7,0,0
2024-05-11T00:00Z,IT_NORD,9,0,0
2024-05-11T01:00Z,IT_NORD,6,0,0
2024-05-11T02:00Z,IT_NORD,4,0,0
2024-05-11T03:00Z,IT_NORD,3,0,0
2024-05-11T04:00Z,IT_NORD,8,0,217
2024-05-11T05:00Z,IT_NORD,6,0,1056
2024-05-11T06:00Z,IT_NORD,6,0,2030
2024-05-11T07:00Z,IT_NORD,7,0,2832
2024-05-11T08:00Z,IT_NORD,7,0,3665
2024-05-11T09:00Z,IT_NORD,5,0,4328
2024-05-11T10:00Z,IT_NORD,7,0,4658
2024-05-11T11:00Z,IT_NORD,8,0,5034
2024-05-11T12:00Z,IT_NORD,13,0,5074
2024-05-11T13:00Z,IT_NORD,15,0,4529
2024-05-11T14:00Z,IT_NORD,21,0,3982
2024-05-11T15:00Z,IT_NORD,17,0,3066
2024-05-11T16:00Z,IT_NORD,14,0,1916
2024-05-11T17:00Z,IT_NORD,15,0,954
2024-05-11T18:00Z,IT_NORD,11,0,83
2024-05-11T19:00Z,IT_NORD,12,0,0
2024-05-11T20:00Z,IT_NORD,10,0,0
2024-05-11T21:00Z,IT_NORD,6,0,0
2024-05-11T22:00Z,IT_NORD,4,0,0
2024-05-11T23:00Z,IT_NORD,3,0,0
2024-05-12T00:00Z,IT_NORD,5,0,0
2024-05-12T01:00Z,IT_NORD,15,0,0
2024-05-12T02:00Z,IT_NORD,13,0,0
2024-05-12T03:00Z,IT_NORD,14,0,0
2024-05-12T04:00Z,IT_NORD,15,0,299
2024-05-12T05:00Z,IT_NORD,10,0,1167
2024-05-12T06:00Z,IT_NORD,16,0,2236
2024-05-12T07:00Z,IT_NORD,22,0,3425
2024-05-12T08:00Z,IT_NORD,58,0,4332
2024-05-12T09:00Z,IT_NORD,48,0,4773
2024-05-12T10:00Z,IT_NORD,55,0,4836
2024-05-12T11:00Z,IT_NORD,69,0,4976
2024-05-12T12:00Z,IT_NORD,85,0,4642
2024-05-12T13:00Z,IT_NORD,66,0,4341
2024-05-12T14:00Z,IT_NORD,55,0,3380
2024-05-12T15:00Z,IT_NORD,41,0,2696
2024-05-12T16:00Z,IT_NORD,31,0,1651
2024-05-12T17:00Z,IT_NORD,13,0,774
2024-05-12T18:00Z,IT_NORD,17,0,75
2024-05-12T19:00Z,IT_NORD,20,0,0
2024-05-12T20:00Z,IT_NORD,20,0,0
2024-05-12T21:00Z,IT_NORD,32,0,0
2024-05-12T22:00Z,IT_NORD,48,0,0
2024-05-12T23:00Z,IT_NORD,34,0,0
2024-05-13T00:00Z,IT_NORD,26,0,0
2024-05-13T01:00Z,IT_NORD,44,0,0
2024-05-13T02:00Z,IT_NORD,62,0,0
2024-05-13T03:00Z,IT_NORD,75,0,0
2024-05-13T04:00Z,IT_NORD,82,0,120
2024-05-13T05:00Z,IT_NORD,70,0,492
2024-05-13T06:00Z,IT_NORD,93,0,858
2024-05-13T07:00Z,IT_NORD,85,0,1249
2024-05-13T08:00Z,IT_NORD,100,0,1479
2024-05-13T09:00Z,IT_NORD,85,0,1862
2024-05-13T10:00Z,IT_NORD,100,0,2653
2024-05-13T11:00Z,IT_NORD,108,0,3245
2024-05-13T12:00Z,IT_NORD,87,0,3134
2024-05-13T13:00Z,IT_NORD,95,0,2924
2024-05-13T14:00Z,IT_NORD,102,0,2110
2024-05-13T15:00Z,IT_NORD,142,0,1787
2024-05-13T16:00Z,IT_NORD,137,0,1141
2024-05-13T17:00Z,IT_NORD,169,0,537
2024-05-13T18:00Z,IT_NORD,164,0,65
2024-05-13T19:00Z,IT_NORD,114,0,0
2024-05-13T20:00Z,IT_NORD,81,0,0
2024-05-13T21:00Z,IT_NORD,79,0,0
2024-05-13T22:00Z,IT_NORD,69,0,0
2024-05-13T23:00Z,IT_NORD,42,0,0
2024-05-14T00:00Z,IT_NORD,24,0,0
2024-05-14T01:00Z,IT_NORD,26,0,0
2024-05-14T02:00Z,IT_NORD,31,0,0
2024-05-14T03:00Z,IT_NORD,38,0,0
2024-05-14T04:00Z,IT_NORD,34,0,218
2024-05-14T05:00Z,IT_NORD,33,0,918
2024-05-14T06:00Z,IT_NORD,27,0,1701
2024-05-14T07:00Z,IT_NORD,17,0,2215
2024-05-14T08:00Z,IT_NORD,11,0,3245
2024-05-14T09:00Z,IT_NORD,12,0,3576
2024-05-14T10:00Z,IT_NORD,11,0,3887
2024-05-14T11:00Z,IT_NORD,8,0,4121
2024-05-14T12:00Z,IT_NORD,4,0,4048
2024-05-14T13:00Z,IT_NORD,4,0,3456
2024-05-14T14:00Z,IT_NORD,4,0,2774
2024-05-14T15:00Z,IT_NORD,3,0,2180
2024-05-14T16:00Z,IT_NORD,3,0,1357
2024-05-14T17:00Z,IT_NORD,1,0,677
2024-05-14T18:00Z,IT_NORD,2,0,76
2024-05-14T19:00Z,IT_NORD,2,0,0
2024-05-14T20:00Z,IT_NORD,1,0,0
2024-05-14T21:00Z,IT_NORD,1,0,0
2024-05-14T22:00Z,IT_NORD,1,0,0
2024-05-14T23:00Z,IT_NORD,1,0,0
2024-05-15T00:00Z,IT_NORD,1,0,0
2024-05-15T01:00Z,IT_NORD,1,0,0
2024-05-15T02:00Z,IT_NORD,1,0,0
2024-05-15T03:00Z,IT_NORD,0,0,0
2024-05-15T04:00Z,IT_NORD,1,0,360
2024-05-15T05:00Z,IT_NORD,0,0,1255
2024-05-15T06:00Z,IT_NORD,0,0,2394
2024-05-15T07:00Z,IT_NORD,0,0,3726
2024-05-15T08:00Z,IT_NORD,0,0,4699
2024-05-15T09:00Z,IT_NORD,0,0,5372
2024-05-15T10:00Z,IT_NORD,0,0,6006
2024-05-15T11:00Z,IT_NORD,0,0,6409
2024-05-15T12:00Z,IT_NORD,1,0,6525
2024-05-15T13:00Z,IT_NORD,1,0,5893
2024-05-15T14:00Z,IT_NORD,1,0,4536
2024-05-15T15:00Z,IT_NORD,1,0,3511
2024-05-15T16:00Z,IT_NORD,1,0,2216
2024-05-15T17:00Z,IT_NORD,2,0,1083
2024-05-15T18:00Z,IT_NORD,2,0,136
2024-05-15T19:00Z,IT_NORD,1,0,0
2024-05-15T20:00Z,IT_NORD,1,0,0
2024-05-15T21:00Z,IT_NORD,1,0,0
2024-05-15T22:00Z,IT_NORD,1,0,0
2024-05-15T23:00Z,IT_NORD,2,0,0
2024-05-16T00:00Z,IT_NORD,2,0,0
2024-05-16T01:00Z,IT_NORD,2,0,0
2024-05-16T02:00Z,IT_NORD,2,0,0
2024-05-16T03:00Z,IT_NORD,2,0,0
2024-05-16T04:00Z,IT_NORD,2,0,387
2024-05-16T05:00Z,IT_NORD,1,0,1531
2024-05-16T06:00Z,IT_NORD,2,0,2741
2024-05-16T07:00Z,IT_NORD,2,0,3800
2024-05-16T08:00Z,IT_NORD,3,0,5151
2024-05-16T09:00Z,IT_NORD,3,0,6436
2024-05-16T10:00Z,IT_NORD,4,0,7304
2024-05-16T11:00Z,IT_NORD,5,0,7642
2024-05-16T12:00Z,IT_NORD,5,0,7388
2024-05-16T13:00Z,IT_NORD,6,0,6489
2024-05-16T14:00Z,IT_NORD,4,0,5388
2024-05-16T15:00Z,IT_NORD,2,0,3948
2024-05-16T16:00Z,IT_NORD,4,0,2639
2024-05-16T17:00Z,IT_NORD,2,0,1278
2024-05-16T18:00Z,IT_NORD,1,0,177
2024-05-16T19:00Z,IT_NORD,2,0,0
2024-05-16T20:00Z,IT_NORD,2,0,0
2024-05-16T21:00Z,IT_NORD,2,0,0
2024-05-16T22:00Z,IT_NORD,2,0,0
2024-05-16T23:00Z,IT_NORD,1,0,0
2024-05-17T00:00Z,IT_NORD,1,0,0
2024-05-17T01:00Z,IT_NORD,1,0,0
2024-05-17T02:00Z,IT_NORD,1,0,0
2024-05-17T03:00Z,IT_NORD,2,0,0
2024-05-17T04:00Z,IT_NORD,2,0,344
2024-05-17T05:00Z,IT_NORD,3,0,1204
2024-05-17T06:00Z,IT_NORD,4,0,2083
2024-05-17T07:00Z,IT_NORD,2,0,3169
2024-05-17T08:00Z,IT_NORD,3,0,3923
2024-05-17T09:00Z,IT_NORD,3,0,4932
2024-05-17T10:00Z,IT_NORD,3,0,5479
2024-05-17T11:00Z,IT_NORD,4,0,5376
2024-05-17T12:00Z,IT_NORD,6,0,5432
2024-05-17T13:00Z,IT_NORD,6,0,4775
2024-05-17T14:00Z,IT_NORD,6,0,3973
2024-05-17T15:00Z,IT_NORD,3,0,3185
2024-05-17T16:00Z,IT_NORD,7,0,1985
2024-05-17T17:00Z,IT_NORD,9,0,1003
2024-05-17T18:00Z,IT_NORD,12,0,154
2024-05-17T19:00Z,IT_NORD,9,0,0
2024-05-17T20:00Z,IT_NORD,8,0,0
2024-05-17T21:00Z,IT_NORD,6,0,0
2024-05-17T22:00Z,IT_NORD,3,0,0
2024-05-17T23:00Z,IT_NORD,4,0,0
2024-05-18T00:00Z,IT_NORD,4,0,0
2024-05-18T01:00Z,IT_NORD,2,0,0
2024-05-18T02:00Z,IT_NORD,2,0,0
2024-05-18T03:00Z,IT_NORD,2,0,0
2024-05-18T04:00Z,IT_NORD,2,0,244
2024-05-18T05:00Z,IT_NORD,2,0,880
2024-05-18T06:00Z,IT_NORD,3,0,1491
2024-05-18T07:00Z,IT_NORD,4,0,2034
2024-05-18T08:00Z,IT_NORD,3,0,2449
2024-05-18T09:00Z,IT_NORD,3,0,2852
2024-05-18T10:00Z,IT_NORD,2,0,2775
2024-05-18T11:00Z,IT_NORD,1,0,3372
2024-05-18T12:00Z,IT_NORD,1,0,3420
2024-05-18T13:00Z,IT_NORD,1,0,3367
2024-05-18T14:00Z,IT_NORD,2,0,2920
2024-05-18T15:00Z,IT_NORD,2,0,2159
2024-05-18T16:00Z,IT_NORD,3,0,1539
2024-05-18T17:00Z,IT_NORD,3,0,805
2024-05-18T18:00Z,IT_NORD,4,0,125
2024-05-18T19:00Z,IT_NORD,4,0,0
2024-05-18T20:00Z,IT_NORD,4,0,0
2024-05-18T21:00Z,IT_NORD,5,0,0
2024-05-18T22:00Z,IT_NORD,4,0,0
2024-05-18T23:00Z,IT_NORD,4,0,0
2024-05-19T00:00Z,IT_NORD,5,0,0
2024-05-19T01:00Z,IT_NORD,5,0,0
2024-05-19T02:00Z,IT_NORD,4,0,0
2024-05-19T03:00Z,IT_NORD,4,0,0
2024-05-19T04:00Z,IT_NORD,6,0,296
2024-05-19T05:00Z,IT_NORD,5,0,1040
2024-05-19T06:00Z,IT_NORD,5,0,1927
2024-05-19T07:00Z,IT_NORD,3,0,2907
2024-05-19T08:00Z,IT_NORD,3,0,3751
2024-05-19T09:00Z,IT_NORD,4,0,4410
2024-05-19T10:00Z,IT_NORD,6,0,4513
2024-05-19T11:00Z,IT_NORD,10,0,4748
2024-05-19T12:00Z,IT_NORD,11,0,4462
2024-05-19T13:00Z,IT_NORD,14,0,4421
2024-05-19T14:00Z,IT_NORD,12,0,3841
2024-05-19T15:00Z,IT_NORD,8,0,2840
2024-05-19T16:00Z,IT_NORD,10,0,1745
2024-05-19T17:00Z,IT_NORD,9,0,828
2024-05-19T18:00Z,IT_NORD,9,0,140
2024-05-19T19:00Z,IT_NORD,10,0,0
2024-05-19T20:00Z,IT_NORD,10,0,0
2024-05-19T21:00Z,IT_NORD,7,0,0
2024-05-19T22:00Z,IT_NORD,6,0,0
2024-05-19T23:00Z,IT_NORD,6,0,0
2024-05-20T00:00Z,IT_NORD,10,0,0
2024-05-20T01:00Z,IT_NORD,9,0,0
2024-05-20T02:00Z,IT_NORD,4,0,0
2024-05-20T03:00Z,IT_NORD,5,0,0
2024-05-20T04:00Z,IT_NORD,5,0,341
2024-05-20T05:00Z,IT_NORD,3,0,1156
2024-05-20T06:00Z,IT_NORD,2,0,2142
2024-05-20T07:00Z,IT_NORD,3,0,2975
2024-05-20T08:00Z,IT_NORD,3,0,3932
2024-05-20T09:00Z,IT_NORD,3,0,4609
2024-05-20T10:00Z,IT_NORD,3,0,4904
2024-05-20T11:00Z,IT_NORD,3,0,5013
2024-05-20T12:00Z,IT_NORD,2,0,4576
2024-05-20T13:00Z,IT_NORD,4,0,4241
2024-05-20T14:00Z,IT_NORD,3,0,3667
2024-05-20T15:00Z,IT_NORD,4,0,3199
2024-05-20T16:00Z,IT_NORD,3,0,2133
2024-05-20T17:00Z,IT_NORD,7,0,1011
2024-05-20T18:00Z,IT_NORD,7,0,178
2024-05-20T19:00Z,IT_NORD,11,0,0
2024-05-20T20:00Z,IT_NORD,15,0,0
2024-05-20T21:00Z,IT_NORD,8,0,0
2024-05-20T22:00Z,IT_NORD,8,0,0
2024-05-20T23:00Z,IT_NORD,8,0,0
2024-05-21T00:00Z,IT_NORD,14,0,0
2024-05-21T01:00Z,IT_NORD,12,0,0
2024-05-21T02:00Z,IT_NORD,18,0,0
2024-05-21T03:00Z,IT_NORD,17,0,0
2024-05-21T04:00Z,IT_NORD,13,0,297
2024-05-21T05:00Z,IT_NORD,26,0,913
2024-05-21T06:00Z,IT_NORD,32,0,1732
2024-05-21T07:00Z,IT_NORD,39,0,2738
2024-05-21T08:00Z,IT_NORD,28,0,3466
2024-05-21T09:00Z,IT_NORD,23,0,3877
2024-05-21T10:00Z,IT_NORD,37,0,4185
2024-05-21T11:00Z,IT_NORD,33,0,4552
2024-05-21T12:00Z,IT_NORD,26,0,4661
2024-05-21T13:00Z,IT_NORD,18,0,4455
2024-05-21T14:00Z,IT_NORD,20,0,3772
2024-05-21T15:00Z,IT_NORD,12,0,2832
2024-05-21T16:00Z,IT_NORD,18,0,2020
2024-05-21T17:00Z,IT_NORD,16,0,1076
2024-05-21T18:00Z,IT_NORD,19,0,197
2024-05-21T19:00Z,IT_NORD,28,0,0
2024-05-21T20:00Z,IT_NORD,40,0,0
2024-05-21T21:00Z,IT_NORD,30,0,0
2024-05-21T22:00Z,IT_NORD,19,0,0
2024-05-21T23:00Z,IT_NORD,16,0,0
2024-05-22T00:00Z,IT_NORD,16,0,0
2024-05-22T01:00Z,IT_NORD,14,0,0
2024-05-22T02:00Z,IT_NORD,14,0,0
2024-05-22T03:00Z,IT_NORD,9,0,0
2024-05-22T04:00Z,IT_NORD,12,0,400
2024-05-22T05:00Z,IT_NORD,23,0,1271
2024-05-22T06:00Z,IT_NORD,27,0,2343
2024-05-22T07:00Z,IT_NORD,27,0,3542
2024-05-22T08:00Z,IT_NORD,44,0,4667
2024-05-22T09:00Z,IT_NORD,38,0,5721
2024-05-22T10:00Z,IT_NORD,45,0,6518
2024-05-22T11:00Z,IT_NORD,53,0,6470
2024-05-22T12:00Z,IT_NORD,63,0,6377
2024-05-22T13:00Z,IT_NORD,37,0,5551
2024-05-22T14:00Z,IT_NORD,50,0,4877
2024-05-22T15:00Z,IT_NORD,32,0,3697
2024-05-22T16:00Z,IT_NORD,60,0,2715
2024-05-22T17:00Z,IT_NORD,72,0,1306
2024-05-22T18:00Z,IT_NORD,84,0,250
2024-05-22T19:00Z,IT_NORD,62,0,0
2024-05-22T20:00Z,IT_NORD,59,0,0
2024-05-22T21:00Z,IT_NORD,42,0,0
2024-05-22T22:00Z,IT_NORD,29,0,0
2024-05-22T23:00Z,IT_NORD,22,0,0
2024-05-23T00:00Z,IT_NORD,26,0,0
2024-05-23T01:00Z,IT_NORD,38,0,0
2024-05-23T02:00Z,IT_NORD,31,0,0
2024-05-23T03:00Z,IT_NORD,23,0,0
2024-05-23T04:00Z,IT_NORD,15,0,355
2024-05-23T05:00Z,IT_NORD,16,0,1121
2024-05-23T06:00Z,IT_NORD,13,0,1802
2024-05-23T07:00Z,IT_NORD,7,0,2754
2024-05-23T08:00Z,IT_NORD,10,0,3345
2024-05-23T09:00Z,IT_NORD,16,0,3777
2024-05-23T10:00Z,IT_NORD,16,0,3993
2024-05-23T11:00Z,IT_NORD,14,0,4330
2024-05-23T12:00Z,IT_NORD,18,0,3510
2024-05-23T13:00Z,IT_NORD,27,0,2983
2024-05-23T14:00Z,IT_NORD,25,0,2730
2024-05-23T15:00Z,IT_NORD,27,0,2146
2024-05-23T16:00Z,IT_NORD,38,0,1354
2024-05-23T17:00Z,IT_NORD,47,0,688
2024-05-23T18:00Z,IT_NORD,63,0,140
2024-05-23T19:00Z,IT_NORD,60,0,0
2024-05-23T20:00Z,IT_NORD,62,0,0
2024-05-23T21:00Z,IT_NORD,64,0,0
2024-05-23T22:00Z,IT_NORD,66,0,0
2024-05-23T23:00Z,IT_NORD,38,0,0
2024-05-24T00:00Z,IT_NORD,27,0,0
2024-05-24T01:00Z,IT_NORD,21,0,0
2024-05-24T02:00Z,IT_NORD,13,0,0
2024-05-24T03:00Z,IT_NORD,17,0,0
2024-05-24T04:00Z,IT_NORD,14,0,365
2024-05-24T05:00Z,IT_NORD,9,0,1236
2024-05-24T06:00Z,IT_NORD,15,0,2283
2024-05-24T07:00Z,IT_NORD,9,0,3225
2024-05-24T08:00Z,IT_NORD,11,0,4320
2024-05-24T09:00Z,IT_NORD,9,0,4988
2024-05-24T10:00Z,IT_NORD,10,0,5144
2024-05-24T11:00Z,IT_NORD,4,0,5308
2024-05-24T12:00Z,IT_NORD,4,0,4886
2024-05-24T13:00Z,IT_NORD,6,0,4420
2024-05-24T14:00Z,IT_NORD,6,0,3707
2024-05-24T15:00Z,IT_NORD,3,0,2880
2024-05-24T16:00Z,IT_NORD,2,0,1876
2024-05-24T17:00Z,IT_NORD,5,0,965
2024-05-24T18:00Z,IT_NORD,3,0,218
2024-05-24T19:00Z,IT_NORD,4,0,0
2024-05-24T20:00Z,IT_NORD,5,0,0
2024-05-24T21:00Z,IT_NORD,9,0,0
2024-05-24T22:00Z,IT_NORD,11,0,0
2024-05-24T23:00Z,IT_NORD,15,0,0
2024-05-25T00:00Z,IT_NORD,10,0,0
2024-05-25T01:00Z,IT_NORD,8,0,0
2024-05-25T02:00Z,IT_NORD,5,0,0
2024-05-25T03:00Z,IT_NORD,5,0,0
2024-05-25T04:00Z,IT_NORD,6,0,548
2024-05-25T05:00Z,IT_NORD,5,0,1703
2024-05-25T06:00Z,IT_NORD,2,0,3091
2024-05-25T07:00Z,IT_NORD,1,0,4490
2024-05-25T08:00Z,IT_NORD,2,0,5478
2024-05-25T09:00Z,IT_NORD,2,0,6291
2024-05-25T10:00Z,IT_NORD,1,0,6834
2024-05-25T11:00Z,IT_NORD,1,0,7156
2024-05-25T12:00Z,IT_NORD,1,0,6975
2024-05-25T13:00Z,IT_NORD,2,0,6548
2024-05-25T14:00Z,IT_NORD,1,0,5632
2024-05-25T15:00Z,IT_NORD,3,0,4041
2024-05-25T16:00Z,IT_NORD,5,0,2668
2024-05-25T17:00Z,IT_NORD,4,0,1350
2024-05-25T18:00Z,IT_NORD,5,0,275
2024-05-25T19:00Z,IT_NORD,4,0,0
2024-05-25T20:00Z,IT_NORD,4,0,0
2024-05-25T21:00Z,IT_NORD,3,0,0
2024-05-25T22:00Z,IT_NORD,2,0,0
2024-05-25T23:00Z,IT_NORD,2,0,0
2024-05-26T00:00Z,IT_NORD,3,0,0
2024-05-26T01:00Z,IT_NORD,4,0,0
2024-05-26T02:00Z,IT_NORD,4,0,0
2024-05-26T03:00Z,IT_NORD,5,0,0
2024-05-26T04:00Z,IT_NORD,4,0,449
2024-05-26T05:00Z,IT_NORD,4,0,1251
2024-05-26T06:00Z,IT_NORD,4,0,2328
2024-05-26T07:00Z,IT_NORD,4,0,3355
2024-05-26T08:00Z,IT_NORD,4,0,4126
2024-05-26T09:00Z,IT_NORD,3,0,5057
2024-05-26T10:00Z,IT_NORD,3,0,5284
2024-05-26T11:00Z,IT_NORD,6,0,5285
2024-05-26T12:00Z,IT_NORD,6,0,4973
2024-05-26T13:00Z,IT_NORD,8,0,4674
2024-05-26T14:00Z,IT_NORD,7,0,3986
2024-05-26T15:00Z,IT_NORD,8,0,3062
2024-05-26T16:00Z,IT_NORD,12,0,2096
2024-05-26T17:00Z,IT_NORD,19,0,1106
2024-05-26T18:00Z,IT_NORD,15,0,246
2024-05-26T19:00Z,IT_NORD,15,0,0
2024-05-26T20:00Z,IT_NORD,8,0,0
2024-05-26T21:00Z,IT_NORD,7,0,0
2024-05-26T22:00Z,IT_NORD,7,0,0
2024-05-26T23:00Z,IT_NORD,10,0,0
2024-05-27T00:00Z,IT_NORD,6,0,0
2024-05-27T01:00Z,IT_NORD,8,0,0
2024-05-27T02:00Z,IT_NORD,12,0,0
2024-05-27T03:00Z,IT_NORD,9,0,0
2024-05-27T04:00Z,IT_NORD,7,0,257
2024-05-27T05:00Z,IT_NORD,8,0,729
2024-05-27T06:00Z,IT_NORD,8,0,1439
2024-05-27T07:00Z,IT_NORD,10,0,1863
2024-05-27T08:00Z,IT_NORD,14,0,2751
2024-05-27T09:00Z,IT_NORD,7,0,3221
2024-05-27T10:00Z,IT_NORD,5,0,3109
2024-05-27T11:00Z,IT_NORD,12,0,2865
2024-05-27T12:00Z,IT_NORD,14,0,2548
2024-05-27T13:00Z,IT_NORD,19,0,2175
2024-05-27T14:00Z,IT_NORD,18,0,2079
2024-05-27T15:00Z,IT_NORD,26,0,1628
2024-05-27T16:00Z,IT_NORD,18,0,1067
2024-05-27T17:00Z,IT_NORD,17,0,531
2024-05-27T18:00Z,IT_NORD,17,0,129
2024-05-27T19:00Z,IT_NORD,17,0,0
2024-05-27T20:00Z,IT_NORD,19,0,0
2024-05-27T21:00Z,IT_NORD,17,0,0
2024-05-27T22:00Z,IT_NORD,13,0,0
2024-05-27T23:00Z,IT_NORD,15,0,0
2024-05-28T00:00Z,IT_NORD,17,0,0
2024-05-28T01:00Z,IT_NORD,15,0,0
2024-05-28T02:00Z,IT_NORD,12,0,0
2024-05-28T03:00Z,IT_NORD,7,0,0
2024-05-28T04:00Z,IT_NORD,5,0,333
2024-05-28T05:00Z,IT_NORD,8,0,1066
2024-05-28T06:00Z,IT_NORD,9,0,1959
2024-05-28T07:00Z,IT_NORD,7,0,2485
2024-05-28T08:00Z,IT_NORD,7,0,3034
2024-05-28T09:00Z,IT_NORD,7,0,3461
2024-05-28T10:00Z,IT_NORD,6,0,3577
2024-05-28T11:00Z,IT_NORD,7,0,3477
2024-05-28T12:00Z,IT_NORD,8,0,3637
2024-05-28T13:00Z,IT_NORD,9,0,3526
2024-05-28T14:00Z,IT_NORD,5,0,3072
2024-05-28T15:00Z,IT_NORD,5,0,2452
2024-05-28T16:00Z,IT_NORD,4,0,1702
2024-05-28T17:00Z,IT_NORD,3,0,914
2024-05-28T18:00Z,IT_NORD,4,0,205
2024-05-28T19:00Z,IT_NORD,4,0,0
2024-05-28T20:00Z,IT_NORD,4,0,0
2024-05-28T21:00Z,IT_NORD,4,0,0
2024-05-28T22:00Z,IT_NORD,6,0,0
2024-05-28T23:00Z,IT_NORD,5,0,0
2024-05-29T00:00Z,IT_NORD,4,0,0
2024-05-29T01:00Z,IT_NORD,5,0,0
2024-05-29T02:00Z,IT_NORD,8,0,0
2024-05-29T03:00Z,IT_NORD,14,0,0
2024-05-29T04:00Z,IT_NORD,20,0,343
2024-05-29T05:00Z,IT_NORD,15,0,1062
2024-05-29T06:00Z,IT_NORD,24,0,2058
2024-05-29T07:00Z,IT_NORD,16,0,2848
2024-05-29T08:00Z,IT_NORD,13,0,3498
2024-05-29T09:00Z,IT_NORD,13,0,3710
2024-05-29T10:00Z,IT_NORD,20,0,4115
2024-05-29T11:00Z,IT_NORD,26,0,3949
2024-05-29T12:00Z,IT_NORD,23,0,3797
2024-05-29T13:00Z,IT_NORD,24,0,3373
2024-05-29T14:00Z,IT_NORD,19,0,2808
2024-05-29T15:00Z,IT_NORD,20,0,2017
2024-05-29T16:00Z,IT_NORD,15,0,1359
2024-05-29T17:00Z,IT_NORD,8,0,687
2024-05-29T18:00Z,IT_NORD,4,0,158
2024-05-29T19:00Z,IT_NORD,6,0,0
2024-05-29T20:00Z,IT_NORD,9,0,0
2024-05-29T21:00Z,IT_NORD,10,0,0
2024-05-29T22:00Z,IT_NORD,8,0,0
2024-05-29T23:00Z,IT_NORD,4,0,0
2024-05-30T00:00Z,IT_NORD,6,0,0
2024-05-30T01:00Z,IT_NORD,5,0,0
2024-05-30T02:00Z,IT_NORD,6,0,0
2024-05-30T03:00Z,IT_NORD,7,0,0
2024-05-30T04:00Z,IT_NORD,9,0,583
2024-05-30T05:00Z,IT_NORD,12,0,1805
2024-05-30T06:00Z,IT_NORD,15,0,3179
2024-05-30T07:00Z,IT_NORD,32,0,4446
2024-05-30T08:00Z,IT_NORD,32,0,5286
2024-05-30T09:00Z,IT_NORD,39,0,6137
2024-05-30T10:00Z,IT_NORD,23,0,6485
2024-05-30T11:00Z,IT_NORD,20,0,6645
2024-05-30T12:00Z,IT_NORD,27,0,6447
2024-05-30T13:00Z,IT_NORD,19,0,6120
2024-05-30T14:00Z,IT_NORD,26,0,5223
2024-05-30T15:00Z,IT_NORD,18,0,3813
2024-05-30T16:00Z,IT_NORD,19,0,2599
2024-05-30T17:00Z,IT_NORD,14,0,1354
2024-05-30T18:00Z,IT_NORD,13,0,331
2024-05-30T19:00Z,IT_NORD,6,0,0
2024-05-30T20:00Z,IT_NORD,5,0,0
2024-05-30T21:00Z,IT_NORD,3,0,0
2024-05-30T22:00Z,IT_NORD,3,0,0
2024-05-30T23:00Z,IT_NORD,3,0,0
2024-05-31T00:00Z,IT_NORD,4,0,0
2024-05-31T01:00Z,IT_NORD,7,0,0
2024-05-31T02:00Z,IT_NORD,7,0,0
2024-05-31T03:00Z,IT_NORD,10,0,0
2024-05-31T04:00Z,IT_NORD,10,0,577
2024-05-31T05:00Z,IT_NORD,7,0,1624
2024-05-31T06:00Z,IT_NORD,6,0,2899
2024-05-31T07:00Z,IT_NORD,7,0,3987
2024-05-31T08:00Z,IT_NORD,5,0,4778
2024-05-31T09:00Z,IT_NORD,6,0,5224
2024-05-31T10:00Z,IT_NORD,7,0,5853
2024-05-31T11:00Z,IT_NORD,5,0,6436
2024-05-31T12:00Z,IT_NORD,5,0,5584
2024-05-31T13:00Z,IT_NORD,4,0,5262
2024-05-31T14:00Z,IT_NORD,3,0,4590
2024-05-31T15:00Z,IT_NORD,4,0,3599
2024-05-31T16:00Z,IT_NORD,3,0,2536
2024-05-31T17:00Z,IT_NORD,3,0,1431
2024-05-31T18:00Z,IT_NORD,2,0,316
2024-05-31T19:00Z,IT_NORD,2,0,0
2024-05-31T20:00Z,IT_NORD,3,0,0
2024-05-31T21:00Z,IT_NORD,2,0,0
2024-05-31T22:00Z,IT_NORD,1,0,0
2024-05-31T23:00Z,IT_NORD,1,0,0
2024-06-01T00:00Z,IT_NORD,1,0,0
2024-06-01T01:00Z,IT_NORD,1,0,0
2024-06-01T02:00Z,IT_NORD,1,0,0
2024-06-01T03:00Z,IT_NORD,1,0,0
2024-06-01T04:00Z,IT_NORD,1,0,508
2024-06-01T05:00Z,IT_NORD,2,0,1480
2024-06-01T06:00Z,IT_NORD,2,0,2711
2024-06-01T07:00Z,IT_NORD,2,0,3842
2024-06-01T08:00Z,IT_NORD,2,0,4772
2024-06-01T09:00Z,IT_NORD,2,0,5708
2024-06-01T10:00Z,IT_NORD,3,0,6285
2024-06-01T11:00Z,IT_NORD,3,0,6357
2024-06-01T12:00Z,IT_NORD,2,0,5976
2024-06-01T13:00Z,IT_NORD,2,0,5685
2024-06-01T14:00Z,IT_NORD,2,0,4485
2024-06-01T15:00Z,IT_NORD,2,0,3554
2024-06-01T16:00Z,IT_NORD,2,0,2483
2024-06-01T17:00Z,IT_NORD,2,0,1333
2024-06-01T18:00Z,IT_NORD,2,0,332
2024-06-01T19:00Z,IT_NORD,5,0,0
2024-06-01T20:00Z,IT_NORD,10,0,0
2024-06-01T21:00Z,IT_NORD,5,0,0
2024-06-01T22:00Z,IT_NORD,9,0,0
2024-06-01T23:00Z,IT_NORD,9,0,0
2024-06-02T00:00Z,IT_NORD,10,0,0
2024-06-02T01:00Z,IT_NORD,11,0,0
2024-06-02T02:00Z,IT_NORD,14,0,0
2024-06-02T03:00Z,IT_NORD,14,0,0
2024-06-02T04:00Z,IT_NORD,12,0,713
2024-06-02T05:00Z,IT_NORD,11,0,2012
2024-06-02T06:00Z,IT_NORD,11,0,3465
2024-06-02T07:00Z,IT_NORD,10,0,4906
2024-06-02T08:00Z,IT_NORD,7,0,6187
2024-06-02T09:00Z,IT_NORD,9,0,7182
2024-06-02T10:00Z,IT_NORD,8,0,7794
2024-06-02T11:00Z,IT_NORD,7,0,7963
2024-06-02T12:00Z,IT_NORD,3,0,7672
2024-06-02T13:00Z,IT_NORD,3,0,6951
2024-06-02T14:00Z,IT_NORD,3,0,5869
2024-06-02T15:00Z,IT_NORD,4,0,4532
2024-06-02T16:00Z,IT_NORD,5,0,3016
2024-06-02T17:00Z,IT_NORD,7,0,1643
2024-06-02T18:00Z,IT_NORD,4,0,421
2024-06-02T19:00Z,IT_NORD,5,0,0
2024-06-02T20:00Z,IT_NORD,4,0,0
2024-06-02T21:00Z,IT_NORD,4,0,0
2024-06-02T22:00Z,IT_NORD,6,0,0
2024-06-02T23:00Z,IT_NORD,6,0,0
2024-06-03T00:00Z,IT_NORD,5,0,0
2024-06-03T01:00Z,IT_NORD,9,0,0
2024-06-03T02:00Z,IT_NORD,7,0,0
2024-06-03T03:00Z,IT_NORD,8,0,0
2024-06-03T04:00Z,IT_NORD,9,0,719
2024-06-03T05:00Z,IT_NORD,9,0,1993
2024-06-03T06:00Z,IT_NORD,24,0,3304
2024-06-03T07:00Z,IT_NORD,42,0,4916
2024-06-03T08:00Z,IT_NORD,49,0,6197
2024-06-03T09:00Z,IT_NORD,35,0,7191
2024-06-03T10:00Z,IT_NORD,37,0,7803
2024-06-03T11:00Z,IT_NORD,38,0,7971
2024-06-03T12:00Z,IT_NORD,26,0,7681
2024-06-03T13:00Z,IT_NORD,44,0,6960
2024-06-03T14:00Z,IT_NORD,42,0,5879
2024-06-03T15:00Z,IT_NORD,35,0,4542
2024-06-03T16:00Z,IT_NORD,23,0,3083
2024-06-03T17:00Z,IT_NORD,48,0,1654
2024-06-03T18:00Z,IT_NORD,39,0,431
2024-06-03T19:00Z,IT_NORD,24,0,0
2024-06-03T20:00Z,IT_NORD,28,0,0
2024-06-03T21:00Z,IT_NORD,28,0,0
2024-06-03T22:00Z,IT_NORD,28,0,0
2024-06-03T23:00Z,IT_NORD,18,0,0
2024-06-04T00:00Z,IT_NORD,18,0,0
2024-06-04T01:00Z,IT_NORD,27,0,0
2024-06-04T02:00Z,IT_NORD,21,0,0
2024-06-04T03:00Z,IT_NORD,19,0,0
2024-06-04T04:00Z,IT_NORD,18,0,662
2024-06-04T05:00Z,IT_NORD,13,0,1813
2024-06-04T06:00Z,IT_NORD,18,0,3070
2024-06-04T07:00Z,IT_NORD,31,0,4379
2024-06-04T08:00Z,IT_NORD,24,0,5812
2024-06-04T09:00Z,IT_NORD,14,0,6631
2024-06-04T10:00Z,IT_NORD,18,0,6921
2024-06-04T11:00Z,IT_NORD,14,0,6648
2024-06-04T12:00Z,IT_NORD,20,0,6904
2024-06-04T13:00Z,IT_NORD,21,0,6470
2024-06-04T14:00Z,IT_NORD,25,0,5549
2024-06-04T15:00Z,IT_NORD,16,0,4313
2024-06-04T16:00Z,IT_NORD,13,0,2940
2024-06-04T17:00Z,IT_NORD,16,0,1621
2024-06-04T18:00Z,IT_NORD,9,0,438
2024-06-04T19:00Z,IT_NORD,8,0,0
2024-06-04T20:00Z,IT_NORD,6,0,0
2024-06-04T21:00Z,IT_NORD,6,0,0
2024-06-04T22:00Z,IT_NORD,3,0,0
2024-06-04T23:00Z,IT_NORD,3,0,0
2024-06-05T00:00Z,IT_NORD,3,0,0
2024-06-05T01:00Z,IT_NORD,5,0,0
2024-06-05T02:00Z,IT_NORD,4,0,0
2024-06-05T03:00Z,IT_NORD,5,0,0
2024-06-05T04:00Z,IT_NORD,7,0,704
2024-06-05T05:00Z,IT_NORD,10,0,1941
2024-06-05T06:00Z,IT_NORD,14,0,3355
2024-06-05T07:00Z,IT_NORD,20,0,4767
2024-06-05T08:00Z,IT_NORD,12,0,5934
2024-06-05T09:00Z,IT_NORD,18,0,6888
2024-06-05T10:00Z,IT_NORD,21,0,7467
2024-06-05T11:00Z,IT_NORD,32,0,7324
2024-06-05T12:00Z,IT_NORD,18,0,6869
2024-06-05T13:00Z,IT_NORD,16,0,6214
2024-06-05T14:00Z,IT_NORD,18,0,5090
2024-06-05T15:00Z,IT_NORD,10,0,4047
2024-06-05T16:00Z,IT_NORD,8,0,2710
2024-06-05T17:00Z,IT_NORD,8,0,1495
2024-06-05T18:00Z,IT_NORD,8,0,399
2024-06-05T19:00Z,IT_NORD,6,0,0
2024-06-05T20:00Z,IT_NORD,6,0,0
2024-06-05T21:00Z,IT_NORD,7,0,0
2024-06-05T22:00Z,IT_NORD,6,0,0
2024-06-05T23:00Z,IT_NORD,5,0,0
2024-06-06T00:00Z,IT_NORD,3,0,0
2024-06-06T01:00Z,IT_NORD,2,0,0
2024-06-06T02:00Z,IT_NORD,3,0,0
2024-06-06T03:00Z,IT_NORD,2,0,0
2024-06-06T04:00Z,IT_NORD,2,0,606
2024-06-06T05:00Z,IT_NORD,3,0,1668
2024-06-06T06:00Z,IT_NORD,2,0,2848
2024-06-06T07:00Z,IT_NORD,3,0,4359
2024-06-06T08:00Z,IT_NORD,3,0,5628
2024-06-06T09:00Z,IT_NORD,3,0,6675
2024-06-06T10:00Z,IT_NORD,3,0,7081
2024-06-06T11:00Z,IT_NORD,3,0,6954
2024-06-06T12:00Z,IT_NORD,3,0,6494
2024-06-06T13:00Z,IT_NORD,2,0,5607
2024-06-06T14:00Z,IT_NORD,3,0,4864
2024-06-06T15:00Z,IT_NORD,2,0,3816
2024-06-06T16:00Z,IT_NORD,3,0,2612
2024-06-06T17:00Z,IT_NORD,4,0,1378
2024-06-06T18:00Z,IT_NORD,3,0,399
2024-06-06T19:00Z,IT_NORD,2,0,0
2024-06-06T20:00Z,IT_NORD,3,0,0
2024-06-06T21:00Z,IT_NORD,5,0,0
2024-06-06T22:00Z,IT_NORD,3,0,0
2024-06-06T23:00Z,IT_NORD,2,0,0
2024-06-07T00:00Z,IT_NORD,3,0,0
2024-06-07T01:00Z,IT_NORD,2,0,0
2024-06-07T02:00Z,IT_NORD,3,0,0
2024-06-07T03:00Z,IT_NORD,6,0,0
2024-06-07T04:00Z,IT_NORD,5,0,718
2024-06-07T05:00Z,IT_NORD,5,0,1910
2024-06-07T06:00Z,IT_NORD,4,0,3324
2024-06-07T07:00Z,IT_NORD,4,0,4551
2024-06-07T08:00Z,IT_NORD,4,0,5771
2024-06-07T09:00Z,IT_NORD,5,0,6486
2024-06-07T10:00Z,IT_NORD,5,0,6829
2024-06-07T11:00Z,IT_NORD,6,0,7295
2024-06-07T12:00Z,IT_NORD,10,0,6981
2024-06-07T13:00Z,IT_NORD,7,0,6267
2024-06-07T14:00Z,IT_NORD,10,0,5263
2024-06-07T15:00Z,IT_NORD,8,0,4286
2024-06-07T16:00Z,IT_NORD,6,0,3039
2024-06-07T17:00Z,IT_NORD,3,0,1693
2024-06-07T18:00Z,IT_NORD,3,0,465
2024-06-07T19:00Z,IT_NORD,4,0,0
2024-06-07T20:00Z,IT_NORD,3,0,0
2024-06-07T21:00Z,IT_NORD,4,0,0
2024-06-07T22:00Z,IT_NORD,3,0,0
2024-06-07T23:00Z,IT_NORD,6,0,0
2024-06-08T00:00Z,IT_NORD,7,0,0
2024-06-08T01:00Z,IT_NORD,6,0,0
2024-06-08T02:00Z,IT_NORD,7,0,0
2024-06-08T03:00Z,IT_NORD,8,0,0
2024-06-08T04:00Z,IT_NORD,6,0,634
2024-06-08T05:00Z,IT_NORD,7,0,1715
2024-06-08T06:00Z,IT_NORD,14,0,2858
2024-06-08T07:00Z,IT_NORD,15,0,3717
2024-06-08T08:00Z,IT_NORD,21,0,4701
2024-06-08T09:00Z,IT_NORD,30,0,5734
2024-06-08T10:00Z,IT_NORD,39,0,6586
2024-06-08T11:00Z,IT_NORD,41,0,6709
2024-06-08T12:00Z,IT_NORD,56,0,6647
2024-06-08T13:00Z,IT_NORD,66,0,5572
2024-06-08T14:00Z,IT_NORD,41,0,4790
2024-06-08T15:00Z,IT_NORD,49,0,3874
2024-06-08T16:00Z,IT_NORD,60,0,2681
2024-06-08T17:00Z,IT_NORD,53,0,1604
2024-06-08T18:00Z,IT_NORD,44,0,447
2024-06-08T19:00Z,IT_NORD,54,0,0
2024-06-08T20:00Z,IT_NORD,50,0,0
2024-06-08T21:00Z,IT_NORD,48,0,0
2024-06-08T22:00Z,IT_NORD,54,0,0
2024-06-08T23:00Z,IT_NORD,33,0,0
2024-06-09T00:00Z,IT_NORD,36,0,0
2024-06-09T01:00Z,IT_NORD,39,0,0
2024-06-09T02:00Z,IT_NORD,50,0,0
2024-06-09T03:00Z,IT_NORD,49,0,0
2024-06-09T04:00Z,IT_NORD,31,0,675
2024-06-09T05:00Z,IT_NORD,43,0,1867
2024-06-09T06:00Z,IT_NORD,44,0,3104
2024-06-09T07:00Z,IT_NORD,64,0,4410
2024-06-09T08:00Z,IT_NORD,51,0,5197
2024-06-09T09:00Z,IT_NORD,34,0,6448
2024-06-09T10:00Z,IT_NORD,38,0,6962
2024-06-09T11:00Z,IT_NORD,76,0,7204
2024-06-09T12:00Z,IT_NORD,72,0,6754
2024-06-09T13:00Z,IT_NORD,64,0,5985
2024-06-09T14:00Z,IT_NORD,58,0,5211
2024-06-09T15:00Z,IT_NORD,33,0,3831
2024-06-09T16:00Z,IT_NORD,28,0,2622
2024-06-09T17:00Z,IT_NORD,33,0,1407
2024-06-09T18:00Z,IT_NORD,46,0,362
2024-06-09T19:00Z,IT_NORD,28,0,0
2024-06-09T20:00Z,IT_NORD,26,0,0
2024-06-09T21:00Z,IT_NORD,37,0,0
2024-06-09T22:00Z,IT_NORD,22,0,0
2024-06-09T23:00Z,IT_NORD,20,0,0
2024-06-10T00:00Z,IT_NORD,16,0,0
2024-06-10T01:00Z,IT_NORD,17,0,0
2024-06-10T02:00Z,IT_NORD,19,0,0
2024-06-10T03:00Z,IT_NORD,14,0,0
2024-06-10T04:00Z,IT_NORD,13,0,539
2024-06-10T05:00Z,IT_NORD,18,0,1322
2024-06-10T06:00Z,IT_NORD,14,0,2188
2024-06-10T07:00Z,IT_NORD,33,0,3078
2024-06-10T08:00Z,IT_NORD,34,0,3692
2024-06-10T09:00Z,IT_NORD,44,0,4365
2024-06-10T10:00Z,IT_NORD,38,0,4865
2024-06-10T11:00Z,IT_NORD,37,0,4428
2024-06-10T12:00Z,IT_NORD,44,0,4543
2024-06-10T13:00Z,IT_NORD,35,0,4437
2024-06-10T14:00Z,IT_NORD,34,0,4146
2024-06-10T15:00Z,IT_NORD,23,0,3429
2024-06-10T16:00Z,IT_NORD,19,0,2184
2024-06-10T17:00Z,IT_NORD,26,0,1145
2024-06-10T18:00Z,IT_NORD,21,0,315
2024-06-10T19:00Z,IT_NORD,14,0,0
2024-06-10T20:00Z,IT_NORD,14,0,0
2024-06-10T21:00Z,IT_NORD,12,0,0
2024-06-10T22:00Z,IT_NORD,10,0,0
2024-06-10T23:00Z,IT_NORD,5,0,0
2024-06-11T00:00Z,IT_NORD,3,0,0
2024-06-11T01:00Z,IT_NORD,2,0,0
2024-06-11T02:00Z,IT_NORD,2,0,0
2024-06-11T03:00Z,IT_NORD,3,0,0
2024-06-11T04:00Z,IT_NORD,4,0,400
2024-06-11T05:00Z,IT_NORD,4,0,1011
2024-06-11T06:00Z,IT_NORD,6,0,1771
2024-06-11T07:00Z,IT_NORD,8,0,2539
2024-06-11T08:00Z,IT_NORD,8,0,3186
2024-06-11T09:00Z,IT_NORD,5,0,3710
2024-06-11T10:00Z,IT_NORD,5,0,4074
2024-06-11T11:00Z,IT_NORD,5,0,3759
2024-06-11T12:00Z,IT_NORD,4,0,3398
2024-06-11T13:00Z,IT_NORD,3,0,2925
2024-06-11T14:00Z,IT_NORD,5,0,2486
2024-06-11T15:00Z,IT_NORD,5,0,1942
2024-06-11T16:00Z,IT_NORD,3,0,1418
2024-06-11T17:00Z,IT_NORD,4,0,758
2024-06-11T18:00Z,IT_NORD,2,0,235
2024-06-11T19:00Z,IT_NORD,2,0,0
2024-06-11T20:00Z,IT_NORD,3,0,0
2024-06-11T21:00Z,IT_NORD,4,0,0
2024-06-11T22:00Z,IT_NORD,4,0,0
2024-06-11T23:00Z,IT_NORD,4,0,0
2024-06-12T00:00Z,IT_NORD,3,0,0
2024-06-12T01:00Z,IT_NORD,3,0,0
2024-06-12T02:00Z,IT_NORD,3,0,0
2024-06-12T03:00Z,IT_NORD,3,0,0
2024-06-12T04:00Z,IT_NORD,3,0,747
2024-06-12T05:00Z,IT_NORD,2,0,2026
2024-06-12T06:00Z,IT_NORD,3,0,3132
2024-06-12T07:00Z,IT_NORD,3,0,4476
2024-06-12T08:00Z,IT_NORD,3,0,5902
2024-06-12T09:00Z,IT_NORD,2,0,6827
2024-06-12T10:00Z,IT_NORD,2,0,7858
2024-06-12T11:00Z,IT_NORD,2,0,8026
2024-06-12T12:00Z,IT_NORD,3,0,7657
2024-06-12T13:00Z,IT_NORD,3,0,6904
2024-06-12T14:00Z,IT_NORD,3,0,5426
2024-06-12T15:00Z,IT_NORD,6,0,4096
2024-06-12T16:00Z,IT_NORD,8,0,2781
2024-06-12T17:00Z,IT_NORD,2,0,1446
2024-06-12T18:00Z,IT_NORD,2,0,403
2024-06-12T19:00Z,IT_NORD,2,0,0
2024-06-12T20:00Z,IT_NORD,3,0,0
2024-06-12T21:00Z,IT_NORD,2,0,0
2024-06-12T22:00Z,IT_NORD,2,0,0
2024-06-12T23:00Z,IT_NORD,1,0,0
2024-06-13T00:00Z,IT_NORD,2,0,0
2024-06-13T01:00Z,IT_NORD,3,0,0
2024-06-13T02:00Z,IT_NORD,2,0,0
2024-06-13T03:00Z,IT_NORD,2,0,0
2024-06-13T04:00Z,IT_NORD,3,0,307
2024-06-13T05:00Z,IT_NORD,5,0,874
2024-06-13T06:00Z,IT_NORD,6,0,1733
2024-06-13T07:00Z,IT_NORD,12,0,2646
2024-06-13T08:00Z,IT_NORD,12,0,3361
2024-06-13T09:00Z,IT_NORD,15,0,3867
2024-06-13T10:00Z,IT_NORD,24,0,4043
2024-06-13T11:00Z,IT_NORD,27,0,4725
2024-06-13T12:00Z,IT_NORD,33,0,4249
2024-06-13T13:00Z,IT_NORD,29,0,3751
2024-06-13T14:00Z,IT_NORD,32,0,3136
2024-06-13T15:00Z,IT_NORD,21,0,2293
2024-06-13T16:00Z,IT_NORD,14,0,1573
2024-06-13T17:00Z,IT_NORD,27,0,1039
2024-06-13T18:00Z,IT_NORD,10,0,316
2024-06-13T19:00Z,IT_NORD,13,0,0
2024-06-13T20:00Z,IT_NORD,12,0,0
2024-06-13T21:00Z,IT_NORD,10,0,0
2024-06-13T22:00Z,IT_NORD,14,0,0
2024-06-13T23:00Z,IT_NORD,13,0,0
2024-06-14T00:00Z,IT_NORD,9,0,0
2024-06-14T01:00Z,IT_NORD,8,0,0
2024-06-14T02:00Z,IT_NORD,5,0,0
2024-06-14T03:00Z,IT_NORD,3,0,0
2024-06-14T04:00Z,IT_NORD,4,0,488
2024-06-14T05:00Z,IT_NORD,7,0,1149
2024-06-14T06:00Z,IT_NORD,8,0,1893
2024-06-14T07:00Z,IT_NORD,10,0,2368
2024-06-14T08:00Z,IT_NORD,15,0,3259
2024-06-14T09:00Z,IT_NORD,18,0,3845
2024-06-14T10:00Z,IT_NORD,21,0,4475
2024-06-14T11:00Z,IT_NORD,27,0,4502
2024-06-14T12:00Z,IT_NORD,24,0,4222
2024-06-14T13:00Z,IT_NORD,18,0,4137
2024-06-14T14:00Z,IT_NORD,20,0,3896
2024-06-14T15:00Z,IT_NORD,12,0,2864
2024-06-14T16:00Z,IT_NORD,11,0,1903
2024-06-14T17:00Z,IT_NORD,8,0,983
2024-06-14T18:00Z,IT_NORD,6,0,284
2024-06-14T19:00Z,IT_NORD,4,0,0
2024-06-14T20:00Z,IT_NORD,3,0,0
2024-06-14T21:00Z,IT_NORD,4,0,0
2024-06-14T22:00Z,IT_NORD,3,0,0
2024-06-14T23:00Z,IT_NORD,4,0,0
2024-06-15T00:00Z,IT_NORD,10,0,0
2024-06-15T01:00Z,IT_NORD,11,0,0
2024-06-15T02:00Z,IT_NORD,7,0,0
2024-06-15T03:00Z,IT_NORD,5,0,0
2024-06-15T04:00Z,IT_NORD,6,0,446
2024-06-15T05:00Z,IT_NORD,7,0,1113
2024-06-15T06:00Z,IT_NORD,11,0,2198
2024-06-15T07:00Z,IT_NORD,10,0,2929
2024-06-15T08:00Z,IT_NORD,14,0,3515
2024-06-15T09:00Z,IT_NORD,15,0,4090
2024-06-15T10:00Z,IT_NORD,15,0,4426
2024-06-15T11:00Z,IT_NORD,15,0,4428
2024-06-15T12:00Z,IT_NORD,16,0,3950
2024-06-15T13:00Z,IT_NORD,16,0,3312
2024-06-15T14:00Z,IT_NORD,14,0,2790
2024-06-15T15:00Z,IT_NORD,13,0,2253
2024-06-15T16:00Z,IT_NORD,18,0,1679
2024-06-15T17:00Z,IT_NORD,12,0,975
2024-06-15T18:00Z,IT_NORD,12,0,292
2024-06-15T19:00Z,IT_NORD,8,0,0
2024-06-15T20:00Z,IT_NORD,7,0,0
2024-06-15T21:00Z,IT_NORD,7,0,0
2024-06-15T22:00Z,IT_NORD,8,0,0
2024-06-15T23:00Z,IT_NORD,8,0,0
2024-06-16T00:00Z,IT_NORD,6,0,0
2024-06-16T01:00Z,IT_NORD,3,0,0
2024-06-16T02:00Z,IT_NORD,3,0,0
2024-06-16T03:00Z,IT_NORD,2,0,0
2024-06-16T04:00Z,IT_NORD,4,0,418
2024-06-16T05:00Z,IT_NORD,4,0,1038
2024-06-16T06:00Z,IT_NORD,2,0,1822
2024-06-16T07:00Z,IT_NORD,2,0,2697
2024-06-16T08:00Z,IT_NORD,4,0,3462
2024-06-16T09:00Z,IT_NORD,7,0,4092
2024-06-16T10:00Z,IT_NORD,6,0,4004
2024-06-16T11:00Z,IT_NORD,5,0,4045
2024-06-16T12:00Z,IT_NORD,7,0,4430
2024-06-16T13:00Z,IT_NORD,6,0,3297
2024-06-16T14:00Z,IT_NORD,5,0,2986
2024-06-16T15:00Z,IT_NORD,2,0,2312
2024-06-16T16:00Z,IT_NORD,1,0,1613
2024-06-16T17:00Z,IT_NORD,1,0,911
2024-06-16T18:00Z,IT_NORD,2,0,267
2024-06-16T19:00Z,IT_NORD,1,0,0
2024-06-16T20:00Z,IT_NORD,1,0,0
2024-06-16T21:00Z,IT_NORD,1,0,0
2024-06-16T22:00Z,IT_NORD,1,0,0
2024-06-16T23:00Z,IT_NORD,1,0,0
2024-06-17T00:00Z,IT_NORD,1,0,0
2024-06-17T01:00Z,IT_NORD,1,0,0
2024-06-17T02:00Z,IT_NORD,2,0,0
2024-06-17T03:00Z,IT_NORD,1,0,0
2024-06-17T04:00Z,IT_NORD,2,0,565
2024-06-17T05:00Z,IT_NORD,2,0,1370
2024-06-17T06:00Z,IT_NORD,3,0,2282
2024-06-17T07:00Z,IT_NORD,2,0,3205
2024-06-17T08:00Z,IT_NORD,5,0,4449
2024-06-17T09:00Z,IT_NORD,3,0,5531
2024-06-17T10:00Z,IT_NORD,4,0,5857
2024-06-17T11:00Z,IT_NORD,2,0,5666
2024-06-17T12:00Z,IT_NORD,2,0,5534
2024-06-17T13:00Z,IT_NORD,4,0,5039
2024-06-17T14:00Z,IT_NORD,7,0,4510
2024-06-17T15:00Z,IT_NORD,7,0,3466
2024-06-17T16:00Z,IT_NORD,9,0,2189
2024-06-17T17:00Z,IT_NORD,11,0,1169
2024-06-17T18:00Z,IT_NORD,9,0,334
2024-06-17T19:00Z,IT_NORD,11,0,0
2024-06-17T20:00Z,IT_NORD,11,0,0
2024-06-17T21:00Z,IT_NORD,7,0,0
2024-06-17T22:00Z,IT_NORD,4,0,0
2024-06-17T23:00Z,IT_NORD,4,0,0
2024-06-18T00:00Z,IT_NORD,5,0,0
2024-06-18T01:00Z,IT_NORD,6,0,0
2024-06-18T02:00Z,IT_NORD,7,0,0
2024-06-18T03:00Z,IT_NORD,6,0,0
2024-06-18T04:00Z,IT_NORD,12,0,357
2024-06-18T05:00Z,IT_NORD,8,0,998
2024-06-18T06:00Z,IT_NORD,7,0,1631
2024-06-18T07:00Z,IT_NORD,7,0,2342
2024-06-18T08:00Z,IT_NORD,8,0,2311
2024-06-18T09:00Z,IT_NORD,5,0,2947
2024-06-18T10:00Z,IT_NORD,4,0,3141
2024-06-18T11:00Z,IT_NORD,6,0,3121
2024-06-18T12:00Z,IT_NORD,5,0,2718
2024-06-18T13:00Z,IT_NORD,4,0,2477
2024-06-18T14:00Z,IT_NORD,3,0,1879
2024-06-18T15:00Z,IT_NORD,6,0,1552
2024-06-18T16:00Z,IT_NORD,11,0,1089
2024-06-18T17:00Z,IT_NORD,16,0,714
2024-06-18T18:00Z,IT_NORD,9,0,211
2024-06-18T19:00Z,IT_NORD,7,0,0
2024-06-18T20:00Z,IT_NORD,12,0,0
2024-06-18T21:00Z,IT_NORD,11,0,0
2024-06-18T22:00Z,IT_NORD,15,0,0
2024-06-18T23:00Z,IT_NORD,14,0,0
2024-06-19T00:00Z,IT_NORD,8,0,0
2024-06-19T01:00Z,IT_NORD,10,0,0
2024-06-19T02:00Z,IT_NORD,10,0,0
2024-06-19T03:00Z,IT_NORD,8,0,0
2024-06-19T04:00Z,IT_NORD,5,0,544
2024-06-19T05:00Z,IT_NORD,10,0,1359
2024-06-19T06:00Z,IT_NORD,9,0,2328
2024-06-19T07:00Z,IT_NORD,8,0,3535
2024-06-19T08:00Z,IT_NORD,9,0,4295
2024-06-19T09:00Z,IT_NORD,12,0,4485
2024-06-19T10:00Z,IT_NORD,12,0,4734
2024-06-19T11:00Z,IT_NORD,16,0,4647
2024-06-19T12:00Z,IT_NORD,20,0,4655
2024-06-19T13:00Z,IT_NORD,20,0,3914
2024-06-19T14:00Z,IT_NORD,11,0,2960
2024-06-19T15:00Z,IT_NORD,14,0,2306
2024-06-19T16:00Z,IT_NORD,12,0,1658
2024-06-19T17:00Z,IT_NORD,18,0,971
2024-06-19T18:00Z,IT_NORD,9,0,274
2024-06-19T19:00Z,IT_NORD,10,0,0
2024-06-19T20:00Z,IT_NORD,10,0,0
2024-06-19T21:00Z,IT_NORD,11,0,0
2024-06-19T22:00Z,IT_NORD,15,0,0
2024-06-19T23:00Z,IT_NORD,12,0,0
2024-06-20T00:00Z,IT_NORD,10,0,0
2024-06-20T01:00Z,IT_NORD,9,0,0
2024-06-20T02:00Z,IT_NORD,10,0,0
2024-06-20T03:00Z,IT_NORD,10,0,0
2024-06-20T04:00Z,IT_NORD,13,0,646
2024-06-20T05:00Z,IT_NORD,17,0,1697
2024-06-20T06:00Z,IT_NORD,15,0,2805
2024-06-20T07:00Z,IT_NORD,15,0,3679
2024-06-20T08:00Z,IT_NORD,12,0,4654
2024-06-20T09:00Z,IT_NORD,8,0,5219
2024-06-20T10:00Z,IT_NORD,9,0,5560
2024-06-20T11:00Z,IT_NORD,14,0,5437
2024-06-20T12:00Z,IT_NORD,22,0,5400
2024-06-20T13:00Z,IT_NORD,17,0,4904
2024-06-20T14:00Z,IT_NORD,13,0,3914
2024-06-20T15:00Z,IT_NORD,11,0,3023
2024-06-20T16:00Z,IT_NORD,6,0,2083
2024-06-20T17:00Z,IT_NORD,5,0,1185
2024-06-20T18:00Z,IT_NORD,4,0,375
2024-06-20T19:00Z,IT_NORD,3,0,0
2024-06-20T20:00Z,IT_NORD,3,0,0
2024-06-20T21:00Z,IT_NORD,3,0,0
2024-06-20T22:00Z,IT_NORD,2,0,0
2024-06-20T23:00Z,IT_NORD,2,0,0
2024-06-21T00:00Z,IT_NORD,3,0,0
2024-06-21T01:00Z,IT_NORD,4,0,0
2024-06-21T02:00Z,IT_NORD,4,0,0
2024-06-21T03:00Z,IT_NORD,5,0,0
2024-06-21T04:00Z,IT_NORD,8,0,720
2024-06-21T05:00Z,IT_NORD,6,0,1927
2024-06-21T06:00Z,IT_NORD,8,0,3005
2024-06-21T07:00Z,IT_NORD,7,0,4276
2024-06-21T08:00Z,IT_NORD,20,0,5514
2024-06-21T09:00Z,IT_NORD,16,0,5928
2024-06-21T10:00Z,IT_NORD,20,0,6557
2024-06-21T11:00Z,IT_NORD,23,0,6826
2024-06-21T12:00Z,IT_NORD,29,0,6586
2024-06-21T13:00Z,IT_NORD,21,0,6141
2024-06-21T14:00Z,IT_NORD,18,0,5263
2024-06-21T15:00Z,IT_NORD,20,0,4054
2024-06-21T16:00Z,IT_NORD,6,0,2881
2024-06-21T17:00Z,IT_NORD,9,0,1621
2024-06-21T18:00Z,IT_NORD,8,0,453
2024-06-21T19:00Z,IT_NORD,8,0,0
2024-06-21T20:00Z,IT_NORD,11,0,0
2024-06-21T21:00Z,IT_NORD,9,0,0
2024-06-21T22:00Z,IT_NORD,10,0,0
2024-06-21T23:00Z,IT_NORD,9,0,0
2024-06-22T00:00Z,IT_NORD,6,0,0
2024-06-22T01:00Z,IT_NORD,8,0,0
2024-06-22T02:00Z,IT_NORD,9,0,0
2024-06-22T03:00Z,IT_NORD,10,0,0
2024-06-22T04:00Z,IT_NORD,9,0,705
2024-06-22T05:00Z,IT_NORD,7,0,1906
2024-06-22T06:00Z,IT_NORD,5,0,3219
2024-06-22T07:00Z,IT_NORD,4,0,4572
2024-06-22T08:00Z,IT_NORD,3,0,5672
2024-06-22T09:00Z,IT_NORD,4,0,6367
2024-06-22T10:00Z,IT_NORD,4,0,6591
2024-06-22T11:00Z,IT_NORD,4,0,6849
2024-06-22T12:00Z,IT_NORD,4,0,6542
2024-06-22T13:00Z,IT_NORD,6,0,5955
2024-06-22T14:00Z,IT_NORD,8,0,5183
2024-06-22T15:00Z,IT_NORD,5,0,3996
2024-06-22T16:00Z,IT_NORD,8,0,2799
2024-06-22T17:00Z,IT_NORD,9,0,1573
2024-06-22T18:00Z,IT_NORD,5,0,483
2024-06-22T19:00Z,IT_NORD,6,0,0
2024-06-22T20:00Z,IT_NORD,9,0,0
2024-06-22T21:00Z,IT_NORD,10,0,0
2024-06-22T22:00Z,IT_NORD,9,0,0
2024-06-22T23:00Z,IT_NORD,6,0,0
2024-06-23T00:00Z,IT_NORD,7,0,0
2024-06-23T01:00Z,IT_NORD,8,0,0
2024-06-23T02:00Z,IT_NORD,6,0,0
2024-06-23T03:00Z,IT_NORD,7,0,0
2024-06-23T04:00Z,IT_NORD,4,0,735
2024-06-23T05:00Z,IT_NORD,5,0,1947
2024-06-23T06:00Z,IT_NORD,6,0,3349
2024-06-23T07:00Z,IT_NORD,6,0,4773
2024-06-23T08:00Z,IT_NORD,6,0,5568
2024-06-23T09:00Z,IT_NORD,3,0,6115
2024-06-23T10:00Z,IT_NORD,2,0,6608
2024-06-23T11:00Z,IT_NORD,3,0,7033
2024-06-23T12:00Z,IT_NORD,3,0,6535
2024-06-23T13:00Z,IT_NORD,5,0,5859
2024-06-23T14:00Z,IT_NORD,5,0,5001
2024-06-23T15:00Z,IT_NORD,4,0,3867
2024-06-23T16:00Z,IT_NORD,4,0,2813
2024-06-23T17:00Z,IT_NORD,3,0,1477
2024-06-23T18:00Z,IT_NORD,4,0,434
2024-06-23T19:00Z,IT_NORD,4,0,0
2024-06-23T20:00Z,IT_NORD,5,0,0
2024-06-23T21:00Z,IT_NORD,8,0,0
2024-06-23T22:00Z,IT_NORD,13,0,0
2024-06-23T23:00Z,IT_NORD,13,0,0
2024-06-24T00:00Z,IT_NORD,11,0,0
2024-06-24T01:00Z,IT_NORD,14,0,0
2024-06-24T02:00Z,IT_NORD,15,0,0
2024-06-24T03:00Z,IT_NORD,13,0,0
2024-06-24T04:00Z,IT_NORD,8,0,708
2024-06-24T05:00Z,IT_NORD,6,0,1765
2024-06-24T06:00Z,IT_NORD,10,0,2996
2024-06-24T07:00Z,IT_NORD,11,0,4380
2024-06-24T08:00Z,IT_NORD,10,0,5581
2024-06-24T09:00Z,IT_NORD,18,0,6612
2024-06-24T10:00Z,IT_NORD,24,0,7120
2024-06-24T11:00Z,IT_NORD,19,0,7744
2024-06-24T12:00Z,IT_NORD,15,0,7750
2024-06-24T13:00Z,IT_NORD,13,0,6888
2024-06-24T14:00Z,IT_NORD,13,0,5562
2024-06-24T15:00Z,IT_NORD,12,0,4272
2024-06-24T16:00Z,IT_NORD,19,0,2756
2024-06-24T17:00Z,IT_NORD,19,0,1587
2024-06-24T18:00Z,IT_NORD,14,0,461
2024-06-24T19:00Z,IT_NORD,6,0,0
2024-06-24T20:00Z,IT_NORD,6,0,0
2024-06-24T21:00Z,IT_NORD,6,0,0
2024-06-24T22:00Z,IT_NORD,11,0,0
2024-06-24T23:00Z,IT_NORD,10,0,0
2024-06-25T00:00Z,IT_NORD,9,0,0
2024-06-25T01:00Z,IT_NORD,7,0,0
2024-06-25T02:00Z,IT_NORD,6,0,0
2024-06-25T03:00Z,IT_NORD,11,0,0
2024-06-25T04:00Z,IT_NORD,10,0,551
2024-06-25T05:00Z,IT_NORD,15,0,1448
2024-06-25T06:00Z,IT_NORD,14,0,2301
2024-06-25T07:00Z,IT_NORD,21,0,2911
2024-06-25T08:00Z,IT_NORD,30,0,3705
2024-06-25T09:00Z,IT_NORD,27,0,4654
2024-06-25T10:00Z,IT_NORD,30,0,4798
2024-06-25T11:00Z,IT_NORD,33,0,4804
2024-06-25T12:00Z,IT_NORD,40,0,4558
2024-06-25T13:00Z,IT_NORD,55,0,4229
2024-06-25T14:00Z,IT_NORD,28,0,3535
2024-06-25T15:00Z,IT_NORD,41,0,2591
2024-06-25T16:00Z,IT_NORD,41,0,1766
2024-06-25T17:00Z,IT_NORD,40,0,980
2024-06-25T18:00Z,IT_NORD,29,0,281
2024-06-25T19:00Z,IT_NORD,36,0,0
2024-06-25T20:00Z,IT_NORD,49,0,0
2024-06-25T21:00Z,IT_NORD,43,0,0
2024-06-25T22:00Z,IT_NORD,27,0,0
2024-06-25T23:00Z,IT_NORD,28,0,0
2024-06-26T00:00Z,IT_NORD,36,0,0
2024-06-26T01:00Z,IT_NORD,94,0,0
2024-06-26T02:00Z,IT_NORD,107,0,0
2024-06-26T03:00Z,IT_NORD,117,0,0
2024-06-26T04:00Z,IT_NORD,92,0,540
2024-06-26T05:00Z,IT_NORD,96,0,1390
2024-06-26T06:00Z,IT_NORD,83,0,2279
2024-06-26T07:00Z,IT_NORD,85,0,3331
2024-06-26T08:00Z,IT_NORD,56,0,3976
2024-06-26T09:00Z,IT_NORD,37,0,4581
2024-06-26T10:00Z,IT_NORD,31,0,4834
2024-06-26T11:00Z,IT_NORD,23,0,5024
2024-06-26T12:00Z,IT_NORD,22,0,5034
2024-06-26T13:00Z,IT_NORD,19,0,4315
2024-06-26T14:00Z,IT_NORD,17,0,3964
2024-06-26T15:00Z,IT_NORD,14,0,3303
2024-06-26T16:00Z,IT_NORD,22,0,2195
2024-06-26T17:00Z,IT_NORD,19,0,1181
2024-06-26T18:00Z,IT_NORD,22,0,328
2024-06-26T19:00Z,IT_NORD,16,0,0
2024-06-26T20:00Z,IT_NORD,16,0,0
2024-06-26T21:00Z,IT_NORD,15,0,0
2024-06-26T22:00Z,IT_NORD,15,0,0
2024-06-26T23:00Z,IT_NORD,21,0,0
2024-06-27T00:00Z,IT_NORD,13,0,0
2024-06-27T01:00Z,IT_NORD,17,0,0
2024-06-27T02:00Z,IT_NORD,16,0,0
2024-06-27T03:00Z,IT_NORD,20,0,0
2024-06-27T04:00Z,IT_NORD,23,0,720
2024-06-27T05:00Z,IT_NORD,16,0,1832
2024-06-27T06:00Z,IT_NORD,17,0,3201
2024-06-27T07:00Z,IT_NORD,22,0,4429
2024-06-27T08:00Z,IT_NORD,13,0,5878
2024-06-27T09:00Z,IT_NORD,13,0,7112
2024-06-27T10:00Z,IT_NORD,10,0,7833
2024-06-27T11:00Z,IT_NORD,10,0,7614
2024-06-27T12:00Z,IT_NORD,12,0,7554
2024-06-27T13:00Z,IT_NORD,12,0,7025
2024-06-27T14:00Z,IT_NORD,7,0,5949
2024-06-27T15:00Z,IT_NORD,5,0,4618
2024-06-27T16:00Z,IT_NORD,6,0,3163
2024-06-27T17:00Z,IT_NORD,4,0,1707
2024-06-27T18:00Z,IT_NORD,4,0,492
2024-06-27T19:00Z,IT_NORD,3,0,0
2024-06-27T20:00Z,IT_NORD,3,0,0
2024-06-27T21:00Z,IT_NORD,1,0,0
2024-06-27T22:00Z,IT_NORD,3,0,0
2024-06-27T23:00Z,IT_NORD,3,0,0
2024-06-28T00:00Z,IT_NORD,4,0,0
2024-06-28T01:00Z,IT_NORD,7,0,0
2024-06-28T02:00Z,IT_NORD,8,0,0
2024-06-28T03:00Z,IT_NORD,7,0,0
2024-06-28T04:00Z,IT_NORD,5,0,363
2024-06-28T05:00Z,IT_NORD,5,0,998
2024-06-28T06:00Z,IT_NORD,7,0,1845
2024-06-28T07:00Z,IT_NORD,9,0,2842
2024-06-28T08:00Z,IT_NORD,15,0,3453
2024-06-28T09:00Z,IT_NORD,32,0,4124
2024-06-28T10:00Z,IT_NORD,26,0,4187
2024-06-28T11:00Z,IT_NORD,19,0,3906
2024-06-28T12:00Z,IT_NORD,17,0,3484
2024-06-28T13:00Z,IT_NORD,33,0,2979
2024-06-28T14:00Z,IT_NORD,25,0,2618
2024-06-28T15:00Z,IT_NORD,26,0,1936
2024-06-28T16:00Z,IT_NORD,28,0,1362
2024-06-28T17:00Z,IT_NORD,32,0,675
2024-06-28T18:00Z,IT_NORD,26,0,191
2024-06-28T19:00Z,IT_NORD,17,0,0
2024-06-28T20:00Z,IT_NORD,13,0,0
2024-06-28T21:00Z,IT_NORD,15,0,0
2024-06-28T22:00Z,IT_NORD,24,0,0
2024-06-28T23:00Z,IT_NORD,23,0,0
2024-06-29T00:00Z,IT_NORD,26,0,0
2024-06-29T01:00Z,IT_NORD,23,0,0
2024-06-29T02:00Z,IT_NORD,18,0,0
2024-06-29T03:00Z,IT_NORD,13,0,0
2024-06-29T04:00Z,IT_NORD,9,0,455
2024-06-29T05:00Z,IT_NORD,8,0,1344
2024-06-29T06:00Z,IT_NORD,8,0,2202
2024-06-29T07:00Z,IT_NORD,7,0,3086
2024-06-29T08:00Z,IT_NORD,11,0,3633
2024-06-29T09:00Z,IT_NORD,8,0,4528
2024-06-29T10:00Z,IT_NORD,9,0,4841
2024-06-29T11:00Z,IT_NORD,12,0,5506
2024-06-29T12:00Z,IT_NORD,6,0,5654
2024-06-29T13:00Z,IT_NORD,12,0,4636
2024-06-29T14:00Z,IT_NORD,10,0,3864
2024-06-29T15:00Z,IT_NORD,13,0,3008
2024-06-29T16:00Z,IT_NORD,19,0,1913
2024-06-29T17:00Z,IT_NORD,27,0,1039
2024-06-29T18:00Z,IT_NORD,18,0,304
2024-06-29T19:00Z,IT_NORD,30,0,0
2024-06-29T20:00Z,IT_NORD,24,0,0
2024-06-29T21:00Z,IT_NORD,27,0,0
2024-06-29T22:00Z,IT_NORD,23,0,0
2024-06-29T23:00Z,IT_NORD,39,0,0
2024-06-30T00:00Z,IT_NORD,42,0,0
2024-06-30T01:00Z,IT_NORD,39,0,0
2024-06-30T02:00Z,IT_NORD,35,0,0
2024-06-30T03:00Z,IT_NORD,33,0,0
2024-06-30T04:00Z,IT_NORD,32,0,636
2024-06-30T05:00Z,IT_NORD,48,0,1700
2024-06-30T06:00Z,IT_NORD,47,0,3004
2024-06-30T07:00Z,IT_NORD,36,0,4335
2024-06-30T08:00Z,IT_NORD,47,0,5610
2024-06-30T09:00Z,IT_NORD,45,0,6722
2024-06-30T10:00Z,IT_NORD,66,0,6877
2024-06-30T11:00Z,IT_NORD,94,0,7027
2024-06-30T12:00Z,IT_NORD,122,0,6690
2024-06-30T13:00Z,IT_NORD,106,0,6209
2024-06-30T14:00Z,IT_NORD,115,0,4984
2024-06-30T15:00Z,IT_NORD,99,0,3965
2024-06-30T16:00Z,IT_NORD,133,0,2722
2024-06-30T17:00Z,IT_NORD,163,0,1518
2024-06-30T18:00Z,IT_NORD,143,0,464
2024-06-30T19:00Z,IT_NORD,178,0,0
2024-06-30T20:00Z,IT_NORD,160,0,0
2024-06-30T21:00Z,IT_NORD,183,0,0
