date,wti_spot,brent_spot,cl1,cl2,cl3,cl4
2010-01-04,81.52,79.05,81.51,82.12,82.65,83.12
2010-01-05,81.74,79.27,81.77,82.41,82.99,83.52
2010-01-06,83.12,80.14,83.18,83.75,84.31,84.86
2010-01-07,82.6,80.57,82.66,83.19,83.75,84.29
2010-01-08,82.74,80.06,82.75,83.3,83.87,84.47
2010-01-11,82.54,80.14,82.52,83.01,83.55,84.14
2010-01-12,80.79,79.38,80.79,81.17,81.7,82.28
2010-01-13,79.66,77.57,79.65,80.04,80.6,81.21
2010-01-14,79.35,77.61,79.39,79.88,80.47,81.11
2010-01-15,77.96,76.85,78.0,78.37,78.97,79.64
2010-01-19,78.98,75.18,79.02,79.32,79.81,80.4
2010-01-20,77.42,75.09,77.62,77.74,78.23,78.85
2010-01-21,75.84,74.13,76.08,76.53,77.13,77.74
2010-01-22,74.25,72.73,74.54,74.92,75.46,76.05
2010-01-25,74.9,72.18,75.26,75.69,76.27,76.84
2010-01-26,74.67,72.63,74.71,75.15,75.73,76.29
2010-01-27,73.64,72.75,73.67,74.15,74.75,75.32
2010-01-28,73.62,70.65,73.64,74.07,74.64,75.18
2010-01-29,72.85,71.2,72.89,73.35,73.95,74.53
2010-02-01,74.41,71.58,74.43,74.91,75.52,76.11
2010-02-02,77.21,73.94,77.23,77.72,78.34,78.91
2010-02-03,76.96,75.77,76.98,77.43,78.05,78.64
2010-02-04,73.13,71.3,73.14,73.54,74.14,74.74
2010-02-05,71.15,70.11,71.19,71.52,71.95,72.45
2010-02-08,71.87,69.62,71.89,72.29,72.76,73.26
2010-02-09,73.71,70.4,73.75,74.2,74.71,75.24
2010-02-10,74.48,70.4,74.52,74.89,75.34,75.83
2010-02-11,75.23,72.35,75.28,75.72,76.23,76.73
2010-02-12,74.11,71.49,74.13,74.5,75.03,75.57
2010-02-16,76.98,74.82,77.01,77.42,77.92,78.42
2010-02-17,77.27,74.89,77.33,77.73,78.22,78.71
2010-02-18,78.97,76.61,79.06,79.42,79.85,80.27
2010-02-19,79.77,76.88,79.81,80.06,80.45,80.85
2010-02-22,80.04,76.95,80.16,80.31,80.72,81.13
2010-02-23,78.61,76.44,78.86,79.29,79.74,80.17
2010-02-24,79.75,77.0,80.0,80.38,80.78,81.17
2010-02-25,77.99,74.38,78.17,78.53,78.9,79.27
2010-02-26,79.72,76.36,79.66,80.01,80.37,80.71
2010-03-01,78.71,76.07,78.7,79.08,79.48,79.86
2010-03-02,79.62,77.5,79.68,80.06,80.44,80.81
2010-03-03,80.91,78.66,80.87,81.26,81.64,82.0
2010-03-04,80.21,77.88,80.21,80.63,81.1,81.54
2010-03-05,81.5,79.2,81.5,81.92,82.37,82.82
2010-03-08,81.85,78.94,81.87,82.31,82.78,83.25
2010-03-09,81.5,78.77,81.49,81.86,82.3,82.75
2010-03-10,82.07,80.29,82.09,82.43,82.79,83.19
2010-03-11,82.1,79.44,82.11,82.43,82.78,83.18
2010-03-12,81.26,79.38,81.24,81.54,81.88,82.25
2010-03-15,79.79,77.08,79.8,80.08,80.43,80.8
2010-03-16,81.75,79.45,81.7,81.97,82.31,82.65
2010-03-17,82.93,80.28,82.93,83.21,83.56,83.89
2010-03-18,82.16,80.09,82.2,82.54,82.94,83.34
2010-03-19,80.58,78.37,80.68,80.97,81.36,81.77
2010-03-22,81.26,78.09,81.25,81.6,81.97,82.38
2010-03-23,81.68,79.17,81.91,82.25,82.63,82.96
2010-03-24,80.29,78.03,80.61,81.01,81.44,81.81
2010-03-25,80.25,78.64,80.53,80.99,81.46,81.83
2010-03-26,79.75,77.98,80.0,80.47,80.96,81.33
2010-03-29,81.92,79.89,82.17,82.59,83.02,83.32
2010-03-30,82.14,79.46,82.37,82.77,83.17,83.46
2010-03-31,83.45,80.37,83.76,84.18,84.57,84.84
2010-04-01,84.53,82.63,84.87,85.34,85.78,86.11
2010-04-05,86.36,84.48,86.62,87.13,87.62,87.98
2010-04-06,86.54,85.05,86.84,87.15,87.65,88.02
2010-04-07,85.64,84.49,85.88,86.51,87.17,87.69
2010-04-08,85.17,82.63,85.39,86.03,86.75,87.34
2010-04-09,84.6,82.77,84.92,85.63,86.52,87.25
2010-04-12,84.07,85.21,84.34,85.28,86.41,87.27
2010-04-13,83.8,83.44,84.05,85.11,86.16,86.87
2010-04-14,85.62,85.81,85.84,86.73,87.71,88.33
2010-04-15,85.25,86.9,85.51,86.75,88.07,88.9
2010-04-16,82.97,84.81,83.24,84.67,86.22,87.15
2010-04-19,81.52,83.09,81.45,83.13,84.62,85.54
2010-04-20,82.98,84.73,83.45,83.85,85.25,86.14
2010-04-21,82.78,84.55,83.68,85.63,86.75,87.51
2010-04-22,82.89,84.58,83.7,85.64,86.85,87.63
2010-04-23,84.34,86.09,85.12,87.04,88.3,89.07
2010-04-26,84.2,86.72,84.2,86.47,87.95,88.82
2010-04-27,82.43,85.59,82.44,85.0,86.77,87.76
2010-04-28,83.22,84.59,83.22,85.67,87.29,88.19
2010-04-29,85.17,86.82,85.17,87.25,88.51,89.25
2010-04-30,86.07,86.19,86.15,88.36,89.68,90.41
2010-05-03,86.19,88.09,86.19,89.15,90.77,91.67
2010-05-04,82.73,85.39,82.74,85.76,87.26,88.15
2010-05-05,80.0,82.31,79.97,82.99,84.56,85.47
2010-05-06,77.18,80.21,77.11,80.18,81.8,82.7
2010-05-07,75.1,76.48,75.11,78.51,80.22,81.22
2010-05-10,76.89,78.08,76.8,80.52,82.17,83.17
2010-05-11,76.37,79.0,76.37,80.22,82.18,83.27
2010-05-12,75.65,78.7,75.65,80.15,82.55,83.74
2010-05-13,74.38,79.41,74.4,78.99,81.43,82.7
2010-05-14,71.61,76.43,71.61,75.43,77.67,78.98
2010-05-17,70.08,73.87,70.08,73.22,75.06,76.17
2010-05-18,69.38,75.12,69.41,72.7,74.39,75.48
2010-05-19,69.91,71.86,69.87,72.48,73.78,74.7
2010-05-20,68.28,69.56,68.01,70.8,71.96,72.79
2010-05-21,68.03,70.45,70.04,71.67,72.75,73.55
2010-05-24,68.23,69.62,70.21,71.62,72.59,73.33
2010-05-25,64.78,67.18,68.75,70.1,71.04,71.76
2010-05-26,71.52,70.59,71.51,72.54,73.36,74.02
2010-05-27,74.56,73.56,74.55,75.62,76.5,77.18
2010-05-28,74.0,73.0,73.97,75.16,76.12,76.88
2010-06-01,72.7,73.08,72.58,73.9,74.9,75.71
2010-06-02,72.88,72.78,72.86,74.5,75.76,76.67
2010-06-03,74.62,73.12,74.61,76.05,77.11,77.99
2010-06-04,71.43,71.84,71.51,72.8,73.77,74.64
2010-06-07,71.55,71.09,71.44,72.77,73.85,74.78
2010-06-08,71.88,71.43,71.99,73.06,73.98,74.78
2010-06-09,74.38,73.68,74.38,75.44,76.33,77.03
2010-06-10,75.48,74.33,75.48,76.68,77.6,78.32
2010-06-11,73.89,73.28,73.78,75.34,76.51,77.36
2010-06-14,74.99,75.11,75.12,76.28,77.16,77.93
2010-06-15,76.84,75.29,76.94,77.91,78.71,79.42
2010-06-16,77.67,76.12,77.67,78.72,79.6,80.3
2010-06-17,76.82,77.52,76.79,78.04,79.12,79.99
2010-06-18,77.18,77.05,77.18,78.26,79.18,79.92
2010-06-21,77.84,78.53,77.82,78.61,79.48,80.21
2010-06-22,77.15,78.08,77.21,77.85,78.66,79.36
2010-06-23,75.9,75.22,76.35,77.03,77.65,78.28
2010-06-24,75.96,75.17,76.51,77.15,77.66,78.19
2010-06-25,78.45,76.21,78.86,79.43,79.9,80.38
2010-06-28,78.26,76.66,78.25,78.9,79.48,80.04
2010-06-29,75.93,74.21,75.94,76.57,77.1,77.61
2010-06-30,75.59,74.94,75.63,76.16,76.6,77.05
2010-07-01,72.95,71.73,72.95,73.46,73.93,74.45
2010-07-02,72.06,71.75,72.14,72.6,73.06,73.59
2010-07-06,71.96,73.08,71.98,72.51,73.06,73.67
2010-07-07,74.05,72.97,74.07,74.64,75.19,75.8
2010-07-08,75.46,74.56,75.44,76.03,76.58,77.2
2010-07-09,76.08,75.2,76.09,76.63,77.07,77.62
2010-07-12,74.93,74.35,74.95,75.44,75.87,76.42
2010-07-13,77.16,76.45,77.15,77.59,77.98,78.53
2010-07-14,77.02,76.63,77.04,77.45,77.79,78.29
2010-07-15,76.67,75.52,76.62,77.01,77.38,77.91
2010-07-16,75.96,75.55,76.01,76.38,76.8,77.36
2010-07-19,76.53,76.29,76.54,76.9,77.29,77.82
2010-07-20,77.32,76.31,77.44,77.58,77.92,78.39
2010-07-21,76.27,75.75,76.56,77.0,77.56,78.09
2010-07-22,79.01,77.59,79.3,79.64,80.12,80.57
2010-07-23,78.68,77.27,78.98,79.34,79.83,80.31
2010-07-26,78.93,77.9,78.98,79.37,79.86,80.35
2010-07-27,77.46,75.52,77.5,77.9,78.41,78.91
2010-07-28,77.06,76.66,76.99,77.44,78.03,78.59
2010-07-29,78.3,78.6,78.36,78.83,79.43,79.99
2010-07-30,78.85,77.5,78.95,79.39,79.95,80.51
2010-08-02,81.25,81.93,81.34,81.76,82.3,82.82
2010-08-03,82.52,83.6,82.55,82.99,83.53,84.05
2010-08-04,82.49,83.76,82.47,82.91,83.46,83.98
2010-08-05,82.0,82.9,82.01,82.45,83.0,83.53
2010-08-06,80.67,81.28,80.7,81.18,81.77,82.35
2010-08-09,81.46,81.54,81.48,81.95,82.56,83.17
2010-08-10,80.24,79.89,80.25,80.71,81.31,81.96
2010-08-11,78.09,77.83,78.02,78.49,79.13,79.78
2010-08-12,75.68,76.63,75.74,76.15,76.73,77.31
2010-08-13,75.39,75.14,75.39,75.77,76.36,76.94
2010-08-16,75.17,74.56,75.24,75.6,76.25,76.88
2010-08-17,75.76,76.74,75.77,76.16,76.95,77.75
2010-08-18,75.39,75.1,75.42,75.78,76.51,77.3
2010-08-19,74.45,74.84,74.43,74.77,75.42,76.15
2010-08-20,73.45,73.48,73.46,73.82,74.46,75.22
2010-08-23,72.71,73.08,73.1,73.73,74.5,75.19
2010-08-24,71.24,70.61,71.63,72.36,73.22,73.97
2010-08-25,72.07,70.74,72.52,73.24,74.11,74.87
2010-08-26,73.36,74.5,73.36,74.22,75.19,76.04
2010-08-27,75.17,75.16,75.17,76.21,77.3,78.15
2010-08-30,74.69,76.05,74.7,75.91,77.17,78.13
2010-08-31,71.93,75.51,71.92,73.54,75.1,76.19
2010-09-01,73.97,75.53,73.91,75.36,76.86,77.9
2010-09-02,74.99,74.93,75.02,76.24,77.49,78.43
2010-09-03,74.52,75.03,74.6,75.97,77.29,78.25
2010-09-07,73.98,75.78,74.09,75.85,77.47,78.73
2010-09-08,74.65,77.48,74.67,76.37,77.91,79.04
2010-09-09,74.25,77.87,74.25,75.79,77.23,78.27
2010-09-10,76.4,77.54,76.45,77.37,78.26,79.0
2010-09-13,77.17,78.52,77.19,78.03,78.87,79.65
2010-09-14,76.78,78.89,76.8,77.83,78.83,79.74
2010-09-15,75.92,78.46,76.02,77.12,78.4,79.43
2010-09-16,74.58,78.89,74.57,75.74,77.19,78.33
2010-09-17,73.63,77.43,73.66,74.92,76.67,78.08
2010-09-20,74.81,79.42,74.86,76.19,77.8,79.09
2010-09-21,72.96,78.76,73.52,74.97,76.65,77.99
2010-09-22,72.98,77.29,74.71,76.3,77.63,78.56
2010-09-23,73.4,77.69,75.18,76.54,77.7,78.57
2010-09-24,74.63,78.73,76.49,77.65,78.62,79.41
2010-09-27,76.51,77.71,76.52,77.5,78.35,79.07
2010-09-28,76.15,79.14,76.18,77.41,78.4,79.17
2010-09-29,77.85,78.79,77.86,79.09,80.15,80.97
2010-09-30,79.95,80.77,79.97,80.95,81.81,82.58
2010-10-01,81.57,82.69,81.58,82.5,83.28,83.95
2010-10-04,81.43,83.42,81.47,82.2,82.88,83.5
2010-10-05,82.83,83.35,82.82,83.64,84.39,85.01
2010-10-06,83.21,85.01,83.23,83.99,84.77,85.38
2010-10-07,81.34,83.67,81.67,82.38,83.16,83.77
2010-10-08,82.66,83.88,82.66,83.35,84.04,84.58
2010-10-11,82.18,83.08,81.33,83.01,83.88,84.5
2010-10-12,81.67,82.99,81.67,82.45,83.32,83.98
2010-10-13,83.03,84.01,83.36,83.74,84.49,85.09
2010-10-14,82.71,83.55,82.69,83.36,84.04,84.59
2010-10-15,81.23,81.94,81.25,81.93,82.61,83.17
2010-10-18,83.06,82.3,83.08,83.8,84.49,85.07
2010-10-19,79.57,81.12,79.49,80.16,80.88,81.53
2010-10-20,81.93,81.68,81.77,82.54,83.26,83.84
2010-10-21,80.03,81.28,80.56,81.33,81.94,82.46
2010-10-22,81.15,80.75,81.69,82.45,83.06,83.56
2010-10-25,82.0,81.91,82.52,83.21,83.76,84.22
2010-10-26,82.6,82.62,82.55,83.2,83.74,84.2
2010-10-27,81.9,81.27,81.94,82.67,83.28,83.79
2010-10-28,82.2,82.97,82.18,82.94,83.57,84.08
2010-10-29,81.45,82.47,81.43,82.15,82.73,83.21
2010-11-01,82.94,84.06,82.95,83.67,84.24,84.71
2010-11-02,83.91,84.71,83.9,84.56,85.09,85.52
2010-11-03,84.45,85.33,84.69,85.35,85.89,86.37
2010-11-04,86.49,86.83,86.49,87.16,87.66,88.1
2010-11-05,86.85,87.05,86.85,87.48,87.97,88.42
2010-11-08,87.07,87.15,87.06,87.71,88.22,88.69
2010-11-09,87.04,87.93,86.72,87.35,87.85,88.32
2010-11-10,87.77,87.92,87.81,88.29,88.68,89.05
2010-11-11,87.77,88.08,87.81,88.28,88.69,89.07
2010-11-12,84.89,86.07,84.88,85.34,85.8,86.22
2010-11-15,84.88,85.49,84.86,85.29,85.84,86.31
2010-11-16,82.33,83.98,82.34,82.84,83.44,83.96
2010-11-17,80.43,83.36,80.44,81.04,81.71,82.29
2010-11-18,81.88,83.7,81.85,82.42,83.08,83.64
2010-11-19,81.65,83.17,81.51,81.98,82.58,83.07
2010-11-22,81.24,82.34,81.74,82.33,82.83,83.19
2010-11-23,80.79,82.37,81.25,81.83,82.35,82.74
2010-11-24,83.21,84.53,83.86,84.43,84.94,85.32
2010-11-26,83.87,84.78,83.76,84.35,84.87,85.22
2010-11-29,85.73,85.9,85.73,86.27,86.73,87.07
2010-11-30,84.12,86.02,84.11,84.65,85.08,85.38
2010-12-01,86.75,88.56,86.75,87.25,87.63,87.91
2010-12-02,87.98,89.37,88.0,88.42,88.75,88.96
2010-12-03,89.18,90.65,89.19,89.59,89.87,90.02
2010-12-06,89.33,91.25,89.38,89.74,89.98,90.11
2010-12-07,88.69,90.78,88.69,89.22,89.67,89.97
2010-12-08,88.3,89.74,88.28,88.82,89.29,89.63
2010-12-09,88.35,89.93,88.37,88.88,89.34,89.68
2010-12-10,87.81,89.54,87.79,88.31,88.79,89.17
2010-12-13,88.62,90.4,88.61,89.14,89.63,90.01
2010-12-14,88.33,90.63,88.28,88.84,89.43,89.87
2010-12-15,88.66,91.33,88.62,89.24,89.89,90.38
2010-12-16,87.71,91.09,87.7,88.4,89.18,89.79
2010-12-17,88.02,91.11,88.02,88.6,89.37,89.95
2010-12-20,88.68,91.31,88.81,89.37,90.16,90.8
2010-12-21,89.3,93.11,89.82,90.64,91.27,91.72
2010-12-22,89.83,93.55,90.48,91.21,91.81,92.25
2010-12-23,90.84,93.63,91.51,92.16,92.69,93.1
2010-12-27,90.99,93.08,91.0,91.74,92.36,92.82
2010-12-28,91.48,93.52,91.49,92.23,92.83,93.27
2010-12-29,91.13,93.52,91.12,91.9,92.53,92.99
2010-12-30,89.85,92.5,89.84,90.69,91.37,91.91
2010-12-31,91.38,93.23,91.38,92.22,92.91,93.41
2011-01-03,91.59,95.82,91.55,92.43,93.14,93.72
2011-01-04,89.39,93.52,89.38,90.42,91.32,92.07
2011-01-05,90.3,95.07,90.3,91.42,92.39,93.23
2011-01-06,88.37,94.95,88.38,89.75,90.9,91.84
2011-01-07,88.07,94.25,88.03,89.22,90.17,90.98
2011-01-10,89.24,95.05,89.25,90.58,91.67,92.58
2011-01-11,91.11,96.8,91.11,92.36,93.38,94.23
2011-01-12,91.85,97.86,91.86,92.87,93.74,94.48
2011-01-13,91.39,97.86,91.4,92.3,93.21,94.0
2011-01-14,91.53,97.86,91.54,92.57,93.56,94.43
2011-01-18,91.38,97.83,91.38,92.31,93.33,94.24
2011-01-19,90.85,98.42,90.86,91.81,92.98,93.99
2011-01-20,88.56,96.27,88.86,89.59,90.96,92.18
2011-01-21,88.22,96.84,89.11,90.63,92.04,93.07
2011-01-24,86.74,96.76,87.87,89.53,91.02,92.07
2011-01-25,85.08,96.76,86.19,87.88,89.43,90.57
2011-01-26,86.15,96.04,87.33,89.35,91.11,92.39
2011-01-27,84.45,96.48,85.64,88.29,90.45,91.91
2011-01-28,88.15,97.06,89.34,91.68,93.43,94.64
2011-01-31,90.99,98.97,92.19,94.28,95.82,96.78
2011-02-01,89.54,100.4,90.77,93.5,95.42,96.52
2011-02-02,89.78,101.3,90.86,93.68,95.78,97.01
2011-02-03,89.42,101.69,90.54,93.24,95.37,96.66
2011-02-04,87.87,99.43,89.03,91.85,94.0,95.32
2011-02-07,86.3,99.44,87.48,90.64,93.16,94.7
2011-02-08,85.85,99.25,86.94,90.24,93.12,94.89
2011-02-09,85.59,100.16,86.71,90.1,93.19,95.13
2011-02-10,85.44,100.74,86.73,89.94,92.92,94.68
2011-02-11,84.39,99.93,85.58,89.13,92.35,94.14
2011-02-14,83.66,103.12,84.81,88.73,92.26,94.24
2011-02-15,83.13,102.48,84.32,87.57,90.86,92.68
2011-02-16,83.8,102.78,84.99,87.84,90.96,92.82
2011-02-17,85.05,103.45,86.36,88.84,91.18,92.74
2011-02-18,85.03,102.2,86.2,89.71,92.31,93.82
2011-02-22,92.65,106.82,93.57,95.42,96.8,97.65
2011-02-23,96.04,109.77,98.1,99.82,100.64,101.22
2011-02-24,95.83,113.91,97.28,98.74,99.44,100.05
2011-02-25,96.52,111.47,97.88,99.36,100.08,100.69
2011-02-28,97.1,112.27,96.97,98.64,99.44,100.11
2011-03-01,99.63,113.34,99.63,101.4,102.17,102.75
2011-03-02,102.27,116.89,102.23,103.48,104.03,104.47
2011-03-03,101.92,114.42,101.91,103.09,103.77,104.25
2011-03-04,104.34,115.71,104.42,105.61,106.17,106.52
2011-03-07,105.37,116.58,105.44,106.73,107.28,107.67
2011-03-08,105.06,112.32,105.02,105.95,106.48,106.86
2011-03-09,104.39,115.19,104.38,105.61,106.3,106.82
2011-03-10,102.73,114.07,102.7,103.92,104.52,104.95
2011-03-11,101.14,114.07,101.16,102.35,102.95,103.46
2011-03-14,101.2,112.95,101.19,102.19,102.79,103.32
2011-03-15,97.23,111.11,97.18,97.98,98.58,99.13
2011-03-16,97.99,110.96,97.98,98.95,99.58,100.15
2011-03-17,101.47,114.18,101.42,102.39,103.06,103.6
2011-03-18,101.06,114.13,101.07,101.85,102.44,102.95
2011-03-21,102.36,114.92,102.33,103.09,103.72,104.28
2011-03-22,104.53,115.63,104.0,104.97,105.52,106.0
2011-03-23,105.21,115.65,105.75,106.21,106.58,106.76
2011-03-24,105.04,115.41,105.6,106.11,106.52,106.73
2011-03-25,104.89,115.45,105.4,105.94,106.38,106.64
2011-03-28,103.54,115.95,103.98,104.56,105.06,105.37
2011-03-29,104.34,115.58,104.79,105.32,105.79,106.07
2011-03-30,103.8,115.35,104.27,104.84,105.37,105.73
2011-03-31,106.19,116.94,106.72,107.24,107.71,107.99
2011-04-01,107.55,118.63,107.94,108.5,108.94,109.17
2011-04-04,108.14,120.07,108.47,109.05,109.53,109.83
2011-04-05,107.82,122.87,108.34,108.99,109.56,109.91
2011-04-06,108.38,123.01,108.83,109.48,110.05,110.39
2011-04-07,109.82,122.9,110.3,110.88,111.37,111.66
2011-04-08,112.27,126.3,112.79,113.37,113.86,114.14
2011-04-11,109.5,126.46,109.92,110.57,111.17,111.55
2011-04-12,105.75,121.33,106.25,106.97,107.64,108.1
2011-04-13,106.6,122.7,107.11,107.71,108.24,108.64
2011-04-14,107.73,122.74,108.11,108.7,109.19,109.49
2011-04-15,109.17,124.63,109.66,110.22,110.68,110.96
2011-04-18,106.7,121.69,107.12,107.69,108.15,108.42
2011-04-19,107.18,121.35,108.15,108.28,108.73,108.99
2011-04-20,110.84,124.26,111.45,111.91,112.17,112.28
2011-04-21,111.72,123.64,112.29,112.75,113.02,113.13
2011-04-25,111.68,,112.28,112.75,113.01,113.09
2011-04-26,111.72,124.55,112.21,112.71,112.98,113.1
2011-04-27,112.31,124.94,112.76,113.28,113.57,113.69
2011-04-28,112.38,126.59,112.86,113.34,113.62,113.75
2011-04-29,113.39,,113.93,114.43,114.71,114.83
2011-05-02,113.03,126.64,113.52,114.04,114.32,114.44
2011-05-03,110.6,124.01,111.05,111.56,111.85,111.99
2011-05-04,108.79,121.55,109.24,109.73,110.0,110.17
2011-05-05,99.89,111.93,99.8,100.34,100.64,100.85
2011-05-06,96.87,113.69,97.18,97.77,98.14,98.42
2011-05-09,100.32,113.21,102.55,103.1,103.47,103.73
2011-05-10,103.39,117.82,103.88,104.47,104.87,105.18
2011-05-11,97.88,115.66,98.21,98.77,99.12,99.37
2011-05-12,98.53,112.87,98.97,99.48,99.85,100.14
2011-05-13,99.21,113.08,99.65,100.12,100.48,100.79
2011-05-16,96.91,113.72,97.37,97.85,98.25,98.59
2011-05-17,96.4,109.39,96.91,97.43,97.84,98.19
2011-05-18,99.52,112.54,100.1,100.56,100.89,101.16
2011-05-19,97.99,113.2,98.44,98.93,99.32,99.67
2011-05-20,99.15,111.25,99.49,100.1,100.48,100.82
2011-05-23,97.06,110.13,97.7,98.14,98.53,98.83
2011-05-24,99.13,112.52,99.59,100.06,100.48,100.79
2011-05-25,100.78,114.47,101.32,101.82,102.24,102.54
2011-05-26,100.18,115.06,100.23,100.82,101.32,101.7
2011-05-27,100.58,114.85,100.59,101.16,101.63,102.0
2011-05-31,102.7,117.18,102.7,103.27,103.73,104.09
2011-06-01,100.3,116.15,100.29,100.86,101.33,101.72
2011-06-02,100.41,114.3,100.4,101.0,101.49,101.95
2011-06-03,100.28,115.09,100.22,100.8,101.3,101.76
2011-06-06,99.07,115.4,99.01,99.6,100.11,100.56
2011-06-07,99.18,116.14,99.09,99.69,100.23,100.71
2011-06-08,100.77,118.43,100.74,101.29,101.78,102.22
2011-06-09,101.95,119.95,101.93,102.45,102.91,103.31
2011-06-10,99.3,118.71,99.29,99.85,100.4,100.88
2011-06-13,97.2,120.49,97.3,97.84,98.36,98.82
2011-06-14,99.37,120.35,99.37,99.86,100.31,100.71
2011-06-15,94.83,114.67,94.81,95.26,95.71,96.11
2011-06-16,94.95,114.69,94.95,95.36,95.77,96.15
2011-06-17,93.02,113.74,93.01,93.4,93.84,94.23
2011-06-20,93.23,112.21,93.26,93.63,94.07,94.46
2011-06-21,93.7,112.02,93.4,94.17,94.6,94.96
2011-06-22,94.96,113.59,95.41,95.92,96.35,96.78
2011-06-23,90.7,108.27,91.02,91.54,92.04,92.57
2011-06-24,90.89,104.79,91.16,91.71,92.23,92.78
2011-06-27,90.65,104.57,90.61,91.17,91.7,92.24
2011-06-28,92.9,107.57,92.89,93.46,94.01,94.57
2011-06-29,94.85,111.49,94.77,95.32,95.84,96.36
2011-06-30,95.3,111.71,95.42,95.96,96.5,97.04
2011-07-01,94.81,109.82,94.94,95.51,96.06,96.61
2011-07-05,96.92,113.21,96.89,97.38,97.87,98.37
2011-07-06,96.67,113.55,96.65,97.13,97.57,98.02
2011-07-07,98.7,117.4,98.67,99.14,99.59,100.07
2011-07-08,96.2,117.4,96.2,96.7,97.19,97.72
2011-07-11,95.16,117.35,95.15,95.62,96.11,96.64
2011-07-12,97.41,117.36,97.43,97.85,98.27,98.74
2011-07-13,98.04,118.46,98.05,98.49,98.9,99.36
2011-07-14,95.75,117.38,95.69,96.11,96.55,97.06
2011-07-15,97.24,118.06,97.24,97.6,97.99,98.46
2011-07-18,95.94,117.05,95.93,96.25,96.65,97.12
2011-07-19,97.49,118.18,97.5,97.86,98.24,98.68
2011-07-20,98.11,118.52,98.14,98.4,98.78,99.22
2011-07-21,98.96,118.25,99.13,99.46,99.85,100.25
2011-07-22,99.53,118.99,99.87,100.2,100.58,100.94
2011-07-25,98.97,118.27,99.2,99.6,100.05,100.48
2011-07-26,99.61,118.14,99.59,100.01,100.46,100.88
2011-07-27,97.4,117.99,97.4,97.84,98.33,98.82
2011-07-28,97.48,118.16,97.44,97.87,98.35,98.82
2011-07-29,95.68,115.93,95.7,96.13,96.6,97.08
2011-08-01,94.98,116.37,94.89,95.33,95.8,96.27
2011-08-02,93.78,116.02,93.79,94.2,94.64,95.08
2011-08-03,91.87,113.74,91.93,92.33,92.78,93.24
2011-08-04,86.75,110.22,86.63,87.04,87.49,87.96
2011-08-05,86.89,106.92,86.88,87.3,87.8,88.29
2011-08-08,81.27,103.06,81.31,81.7,82.2,82.7
2011-08-09,79.32,103.63,79.3,79.67,80.14,80.61
2011-08-10,83.05,103.84,82.89,83.25,83.71,84.14
2011-08-11,85.48,107.82,85.72,86.04,86.43,86.82
2011-08-12,85.19,108.17,85.38,85.69,86.05,86.44
2011-08-15,87.88,108.89,87.88,88.14,88.47,88.85
2011-08-16,86.65,109.69,86.65,86.85,87.18,87.56
2011-08-17,87.58,111.37,87.58,87.73,88.05,88.42
2011-08-18,82.38,108.36,82.38,82.51,82.83,83.19
2011-08-19,82.33,109.37,82.26,82.41,82.77,83.17
2011-08-22,84.42,108.83,84.12,84.42,84.69,85.03
2011-08-23,85.35,110.35,85.44,85.74,86.11,86.51
2011-08-24,84.99,111.91,85.16,85.53,85.94,86.37
2011-08-25,85.15,111.91,85.3,85.64,86.02,86.44
2011-08-26,85.37,112.29,85.37,85.7,86.06,86.45
2011-08-29,87.27,,87.27,87.57,87.87,88.21
2011-08-30,88.9,115.59,88.9,89.19,89.5,89.81
2011-08-31,88.81,116.48,88.81,89.16,89.57,89.88
2011-09-01,88.93,116.43,88.93,89.24,89.62,89.94
2011-09-02,86.45,115.92,86.45,86.74,87.13,87.46
2011-09-06,85.99,113.29,86.02,86.31,86.7,87.05
2011-09-07,89.34,117.5,89.34,89.55,89.86,90.14
2011-09-08,89.05,117.99,89.05,89.23,89.49,89.7
2011-09-09,87.24,115.1,87.24,87.41,87.68,87.93
2011-09-12,88.19,114.75,88.19,88.31,88.46,88.64
2011-09-13,90.21,114.08,90.21,90.28,90.39,90.52
2011-09-14,88.91,113.1,88.91,89.01,89.16,89.36
2011-09-15,89.4,116.71,89.4,89.59,89.81,90.03
2011-09-16,87.96,116.26,87.96,88.18,88.44,88.73
2011-09-19,85.7,112.89,85.7,85.81,86.03,86.27
2011-09-20,86.92,114.39,86.89,86.92,87.17,87.43
2011-09-21,85.77,114.26,85.92,86.18,86.46,86.73
2011-09-22,80.29,109.21,80.51,80.75,80.99,81.23
2011-09-23,79.58,109.17,79.85,80.12,80.4,80.69
2011-09-26,79.97,107.9,80.24,80.48,80.73,80.98
2011-09-27,84.18,109.54,84.45,84.68,84.94,85.17
2011-09-28,80.94,108.52,81.21,81.46,81.73,82.0
2011-09-29,81.87,107.08,82.14,82.34,82.55,82.75
2011-09-30,78.93,105.42,79.2,79.33,79.46,79.6
2011-10-03,77.34,103.61,77.61,77.83,78.04,78.25
2011-10-04,75.4,101.84,75.67,75.87,76.07,76.29
2011-10-05,79.41,103.77,79.68,79.83,79.96,80.11
2011-10-06,82.32,104.38,82.59,82.8,82.93,83.09
2011-10-07,82.7,106.56,82.98,83.17,83.25,83.35
2011-10-10,85.14,109.49,85.41,85.59,85.67,85.77
2011-10-11,85.54,109.22,85.81,86.01,86.16,86.37
2011-10-12,85.3,112.44,85.57,85.78,85.95,86.14
2011-10-13,83.96,112.45,84.23,84.45,84.63,84.85
2011-10-14,86.8,114.33,86.8,87.0,87.1,87.22
2011-10-17,86.38,112.92,86.38,86.62,86.8,87.0
2011-10-18,88.34,112.08,88.34,88.53,88.68,88.85
2011-10-19,86.11,111.76,86.11,86.29,86.43,86.6
2011-10-20,86.07,109.0,85.3,86.07,86.21,86.37
2011-10-21,87.19,111.6,87.4,87.47,87.57,87.69
2011-10-24,91.12,111.67,91.27,91.14,91.03,90.9
2011-10-25,92.98,112.11,93.17,92.93,92.67,92.41
2011-10-26,90.2,110.43,90.2,90.18,90.15,90.08
2011-10-27,93.96,112.45,93.96,93.82,93.68,93.54
2011-10-28,93.32,110.01,93.32,93.24,93.17,93.09
2011-10-31,93.19,108.43,93.19,93.08,92.99,92.92
2011-11-01,92.19,106.97,92.19,92.05,91.91,91.78
2011-11-02,92.51,110.82,92.51,92.35,92.19,92.05
2011-11-03,94.07,110.76,94.07,93.91,93.74,93.59
2011-11-04,94.26,112.22,94.26,94.19,94.13,94.09
2011-11-07,95.52,114.75,95.52,95.45,95.41,95.39
2011-11-08,96.8,115.61,96.8,96.7,96.64,96.59
2011-11-09,95.74,115.29,95.74,95.64,95.54,95.45
2011-11-10,97.78,113.32,97.78,97.68,97.56,97.45
2011-11-11,98.99,114.43,98.99,98.89,98.74,98.63
2011-11-14,98.14,112.57,98.14,98.22,98.15,98.1
2011-11-15,99.37,111.9,99.37,99.43,99.35,99.27
2011-11-16,102.59,111.91,102.59,102.6,102.48,102.38
2011-11-17,98.82,109.25,98.82,98.93,98.9,98.89
2011-11-18,97.67,107.82,97.41,97.67,97.63,97.62
2011-11-21,96.73,105.98,96.92,96.99,97.06,97.09
2011-11-22,97.76,107.77,98.01,98.19,98.36,98.46
2011-11-23,96.16,106.83,96.17,96.37,96.56,96.7
2011-11-25,96.91,106.08,96.77,96.91,97.03,97.05
2011-11-28,98.21,109.38,98.21,98.33,98.43,98.45
2011-11-29,99.79,111.25,99.79,99.88,99.95,99.91
2011-11-30,100.36,111.22,100.36,100.46,100.55,100.56
2011-12-01,100.2,108.83,100.2,100.33,100.45,100.49
2011-12-02,100.97,109.59,100.96,101.09,101.22,101.25
2011-12-05,100.94,110.18,100.99,101.13,101.27,101.34
2011-12-06,101.25,110.16,101.28,101.45,101.62,101.72
2011-12-07,100.45,110.07,100.49,100.68,100.86,101.03
2011-12-08,98.35,108.23,98.34,98.54,98.74,98.93
2011-12-09,99.4,107.91,99.41,99.6,99.75,99.89
2011-12-12,97.77,107.82,97.77,97.99,98.18,98.37
2011-12-13,100.24,109.25,100.14,100.32,100.48,100.65
2011-12-14,94.92,105.72,94.95,95.14,95.37,95.59
2011-12-15,93.84,104.52,93.87,94.07,94.31,94.55
2011-12-16,93.55,104.0,93.53,93.75,93.98,94.22
2011-12-19,93.86,104.55,93.88,94.05,94.25,94.45
2011-12-20,97.16,107.8,97.22,97.24,97.42,97.59
2011-12-21,98.54,108.0,98.67,98.85,99.02,99.1
2011-12-22,99.42,108.98,99.53,99.7,99.86,99.93
2011-12-23,99.72,109.28,99.68,99.83,99.98,100.03
2011-12-27,101.29,,101.34,101.46,101.6,101.62
2011-12-28,99.44,107.54,99.36,99.51,99.7,99.82
2011-12-29,99.68,106.89,99.65,99.82,100.01,100.16
2011-12-30,98.83,108.09,98.83,99.0,99.21,99.41
2012-01-03,102.96,111.12,102.96,103.14,103.32,103.42
2012-01-04,103.22,113.37,103.22,103.4,103.6,103.78
2012-01-05,101.81,113.59,101.81,102.0,102.21,102.42
2012-01-06,101.56,111.96,101.56,101.78,102.04,102.3
2012-01-09,101.31,111.07,101.31,101.52,101.78,102.06
2012-01-10,102.24,113.3,102.24,102.44,102.64,102.85
2012-01-11,100.89,111.66,100.87,101.09,101.33,101.57
2012-01-12,99.03,112.97,99.1,99.31,99.56,99.83
2012-01-13,98.69,109.88,98.7,98.88,99.12,99.41
2012-01-17,100.7,110.55,100.71,100.87,101.14,101.43
2012-01-18,100.61,109.81,100.59,100.76,100.98,101.23
2012-01-19,100.32,109.54,100.39,100.54,100.8,101.12
2012-01-20,98.15,108.5,98.46,98.33,98.65,99.02
2012-01-23,99.47,109.46,99.58,99.86,100.18,100.47
2012-01-24,98.84,108.38,98.95,99.29,99.66,99.99
2012-01-25,99.23,108.48,99.4,99.73,100.08,100.38
2012-01-26,99.76,109.08,99.7,100.04,100.42,100.73
2012-01-27,99.47,110.5,99.56,99.91,100.3,100.6
2012-01-30,98.75,110.24,98.78,99.12,99.51,99.85
2012-01-31,98.46,110.26,98.48,98.85,99.27,99.64
2012-02-01,97.63,111.96,97.61,97.99,98.41,98.79
2012-02-02,96.36,110.96,96.36,96.74,97.17,97.57
2012-02-03,97.8,112.56,97.84,98.23,98.71,99.17
2012-02-06,96.89,115.47,96.91,97.41,98.06,98.68
2012-02-07,98.55,116.86,98.41,98.82,99.38,99.96
2012-02-08,98.8,117.18,98.71,99.1,99.72,100.39
2012-02-09,99.88,118.4,99.84,100.24,100.87,101.54
2012-02-10,98.68,118.13,98.67,99.03,99.63,100.28
2012-02-13,100.39,118.73,100.91,101.29,101.84,102.42
2012-02-14,100.82,118.3,100.74,101.08,101.6,102.16
2012-02-15,101.82,120.25,101.8,102.14,102.62,103.14
2012-02-16,102.33,121.0,102.31,102.64,103.18,103.74
2012-02-17,103.27,120.69,103.24,103.6,104.06,104.52
2012-02-21,105.88,120.85,105.84,106.25,106.75,107.21
2012-02-22,105.99,123.07,106.28,106.78,107.27,107.58
2012-02-23,107.44,124.53,107.83,108.25,108.68,108.97
2012-02-24,109.39,124.89,109.77,110.18,110.56,110.76
2012-02-27,108.49,126.46,108.56,109.02,109.48,109.75
2012-02-28,106.59,124.02,106.55,107.0,107.45,107.78
2012-02-29,107.08,122.23,107.07,107.52,107.95,108.25
2012-03-01,108.76,125.76,108.84,109.27,109.68,109.93
2012-03-02,106.68,125.93,106.7,107.17,107.64,107.96
2012-03-05,106.7,126.68,106.72,107.18,107.63,107.94
2012-03-06,104.71,125.03,104.7,105.21,105.75,106.16
2012-03-07,106.16,125.37,106.16,106.65,107.18,107.62
2012-03-08,106.65,127.96,106.58,107.06,107.56,107.96
2012-03-09,107.4,128.08,107.4,107.87,108.33,108.73
2012-03-12,106.34,127.27,106.34,106.84,107.34,107.77
2012-03-13,106.7,128.14,106.71,107.24,107.78,108.26
2012-03-14,105.49,126.98,105.43,105.95,106.48,106.98
2012-03-15,105.19,123.63,105.11,105.65,106.22,106.76
2012-03-16,107.03,125.09,107.06,107.58,108.07,108.53
2012-03-19,108.09,125.76,108.09,108.56,109.0,109.39
2012-03-20,105.68,124.38,105.61,106.07,106.59,107.07
2012-03-21,106.87,123.89,107.27,107.75,108.18,108.47
2012-03-22,104.98,122.49,105.35,105.84,106.29,106.61
2012-03-23,106.43,125.21,106.87,107.35,107.79,108.1
2012-03-26,107.07,125.85,107.03,107.55,108.02,108.36
2012-03-27,107.32,125.25,107.33,107.85,108.33,108.67
2012-03-28,105.4,124.41,105.41,105.96,106.45,106.81
2012-03-29,102.79,123.23,102.78,103.31,103.8,104.17
2012-03-30,103.03,123.41,103.02,103.54,104.03,104.4
2012-04-02,105.25,124.44,105.23,105.76,106.27,106.67
2012-04-03,104.02,125.66,104.01,104.55,105.08,105.51
2012-04-04,101.53,123.04,101.47,102.03,102.61,103.08
2012-04-05,103.29,123.58,103.31,103.83,104.35,104.79
2012-04-09,102.45,,102.46,102.98,103.52,104.0
2012-04-10,101.12,121.89,101.02,101.56,102.11,102.58
2012-04-11,102.66,120.41,102.7,103.18,103.66,104.06
2012-04-12,103.69,120.57,103.64,104.1,104.57,104.95
2012-04-13,102.84,120.62,102.83,103.32,103.8,104.2
2012-04-16,102.92,118.23,102.93,103.37,103.81,104.18
2012-04-17,104.23,117.41,104.2,104.64,105.08,105.43
2012-04-18,102.65,115.18,102.67,103.12,103.58,103.98
2012-04-19,102.38,117.0,102.27,102.72,103.15,103.53
2012-04-20,103.58,118.08,103.05,103.88,104.29,104.64
2012-04-23,102.68,116.66,103.11,103.55,103.95,104.25
2012-04-24,103.1,117.74,103.55,103.96,104.33,104.6
2012-04-25,103.72,117.45,104.12,104.5,104.83,105.06
2012-04-26,104.56,119.33,104.55,104.94,105.27,105.51
2012-04-27,104.86,119.3,104.93,105.32,105.64,105.84
2012-04-30,104.89,118.66,104.87,105.26,105.55,105.71
2012-05-01,106.17,119.57,106.16,106.5,106.74,106.86
2012-05-02,105.25,117.57,105.22,105.58,105.83,105.97
2012-05-03,102.56,115.91,102.54,102.92,103.2,103.4
2012-05-04,98.49,111.66,98.49,98.88,99.16,99.38
2012-05-07,97.86,,97.94,98.31,98.59,98.83
2012-05-08,97.13,110.48,97.01,97.37,97.65,97.91
2012-05-09,96.8,111.89,96.81,97.15,97.42,97.68
2012-05-10,97.1,112.24,97.08,97.41,97.65,97.89
2012-05-11,96.03,112.5,96.13,96.49,96.75,97.02
2012-05-14,94.75,110.79,94.78,95.13,95.39,95.67
2012-05-15,93.97,111.4,93.98,94.35,94.63,94.93
2012-05-16,92.78,109.8,92.81,93.19,93.48,93.78
2012-05-17,92.53,109.31,92.56,92.94,93.19,93.44
2012-05-18,91.51,108.03,91.48,91.8,92.08,92.34
2012-05-21,92.57,109.02,92.57,92.86,93.14,93.4
2012-05-22,91.44,109.76,91.66,91.85,92.15,92.43
2012-05-23,89.4,106.88,89.9,90.2,90.5,90.77
2012-05-24,90.36,107.2,90.66,90.94,91.22,91.46
2012-05-25,90.64,107.86,90.86,91.15,91.44,91.68
2012-05-29,90.75,107.55,90.76,91.09,91.42,91.69
2012-05-30,87.79,103.85,87.82,88.14,88.45,88.71
2012-05-31,86.52,103.86,86.53,86.85,87.17,87.45
2012-06-01,83.17,98.63,83.23,83.56,83.89,84.2
2012-06-04,83.95,97.74,83.98,84.27,84.56,84.84
2012-06-05,84.31,98.65,84.29,84.57,84.83,85.08
2012-06-06,85.05,101.14,85.02,85.33,85.64,85.95
2012-06-07,84.78,100.05,84.82,85.13,85.44,85.77
2012-06-08,84.08,97.57,84.1,84.39,84.69,85.03
2012-06-11,82.58,98.6,82.7,83.0,83.29,83.62
2012-06-12,83.35,96.59,83.32,83.62,83.89,84.2
2012-06-13,82.56,97.29,82.62,82.92,83.19,83.48
2012-06-14,83.83,96.46,83.91,84.22,84.5,84.76
2012-06-15,84.03,97.13,84.03,84.33,84.63,84.9
2012-06-18,83.26,95.21,83.27,83.6,83.93,84.23
2012-06-19,83.99,95.14,84.03,84.35,84.68,85.0
2012-06-20,81.06,93.5,81.8,81.45,81.84,82.23
2012-06-21,77.91,89.22,78.2,78.56,78.95,79.4
2012-06-22,79.33,89.22,79.76,80.14,80.51,80.94
2012-06-25,78.76,88.69,79.21,79.62,80.01,80.44
2012-06-26,79.34,90.19,79.36,79.77,80.18,80.63
2012-06-27,80.27,92.06,80.21,80.61,81.01,81.46
2012-06-28,77.72,91.02,77.69,78.1,78.53,79.01
2012-06-29,85.04,94.17,84.96,85.37,85.76,86.21
2012-07-02,83.72,95.28,83.75,84.15,84.54,84.98
2012-07-03,87.74,99.89,87.66,88.03,88.39,88.8
2012-07-05,87.11,101.54,87.22,87.57,87.94,88.37
2012-07-06,84.37,98.5,84.45,84.83,85.21,85.66
2012-07-09,85.93,99.94,85.99,86.37,86.74,87.18
2012-07-10,83.92,99.15,83.91,84.3,84.69,85.16
2012-07-11,85.88,99.23,85.81,86.19,86.56,87.02
2012-07-12,86.02,99.18,86.08,86.46,86.8,87.22
2012-07-13,87.15,101.91,87.1,87.5,87.85,88.27
2012-07-16,88.41,102.1,88.43,88.81,89.16,89.58
2012-07-17,89.07,104.21,89.22,89.54,89.87,90.25
2012-07-18,89.88,105.92,89.87,90.17,90.47,90.82
2012-07-19,92.78,107.79,92.66,92.97,93.23,93.5
2012-07-20,91.56,106.98,91.44,91.83,92.1,92.39
2012-07-23,87.77,103.91,88.14,88.43,88.73,89.08
2012-07-24,88.28,103.57,88.5,88.78,89.08,89.43
2012-07-25,88.8,102.35,88.97,89.25,89.57,89.94
2012-07-26,89.4,104.77,89.39,89.67,90.0,90.39
2012-07-27,90.13,106.3,90.13,90.42,90.79,91.23
2012-07-30,89.8,106.54,89.78,90.06,90.45,90.91
2012-07-31,88.08,105.93,88.06,88.34,88.72,89.2
2012-08-01,88.99,106.78,88.91,89.17,89.52,89.99
2012-08-02,87.22,107.55,87.13,87.41,87.77,88.26
2012-08-03,91.4,109.57,91.4,91.64,91.93,92.33
2012-08-06,92.3,110.01,92.2,92.46,92.76,93.15
2012-08-07,93.68,112.39,93.67,93.94,94.25,94.64
2012-08-08,93.39,113.42,93.35,93.63,93.97,94.39
2012-08-09,93.39,113.52,93.36,93.63,93.94,94.35
2012-08-10,92.94,113.13,92.87,93.15,93.43,93.83
2012-08-13,92.76,114.48,92.73,93.03,93.34,93.76
2012-08-14,93.4,113.9,93.43,93.74,94.07,94.46
2012-08-15,94.35,115.51,94.33,94.62,94.91,95.27
2012-08-16,95.66,116.12,95.6,95.89,96.17,96.51
2012-08-17,96.0,115.2,96.01,96.32,96.58,96.91
2012-08-20,96.03,115.5,95.97,96.26,96.56,96.91
2012-08-21,96.55,116.03,96.68,96.84,97.17,97.55
2012-08-22,96.89,115.77,97.26,97.55,97.89,98.3
2012-08-23,95.87,117.45,96.27,96.6,96.98,97.42
2012-08-24,95.78,115.76,96.15,96.45,96.79,97.2
2012-08-27,95.54,113.74,95.47,95.79,96.16,96.59
2012-08-28,96.3,112.62,96.33,96.63,96.96,97.37
2012-08-29,95.5,112.53,95.49,95.81,96.14,96.55
2012-08-30,94.61,112.28,94.62,94.96,95.31,95.76
2012-08-31,96.47,113.93,96.47,96.76,97.07,97.49
2012-09-04,95.34,114.98,95.3,95.64,95.98,96.43
2012-09-05,95.37,113.32,95.36,95.69,96.03,96.49
2012-09-06,95.58,114.5,95.53,95.85,96.16,96.59
2012-09-07,96.41,113.64,96.42,96.75,97.06,97.5
2012-09-10,96.52,113.84,96.54,96.88,97.21,97.67
2012-09-11,97.03,114.86,97.17,97.5,97.82,98.25
2012-09-12,97.02,114.86,97.01,97.34,97.66,98.08
2012-09-13,98.3,116.0,98.31,98.63,98.92,99.27
2012-09-14,98.94,117.48,99.0,99.33,99.63,99.95
2012-09-17,96.51,116.7,96.62,96.95,97.25,97.59
2012-09-18,95.25,113.29,95.29,95.62,95.92,96.25
2012-09-19,91.97,108.49,91.98,92.3,92.59,92.91
2012-09-20,92.14,109.41,91.87,92.42,92.74,93.1
2012-09-21,92.64,111.27,92.89,93.21,93.58,93.93
2012-09-24,91.68,109.2,91.93,92.25,92.62,93.0
2012-09-25,91.07,110.77,91.37,91.71,92.09,92.47
2012-09-26,89.92,108.99,89.98,90.34,90.77,91.18
2012-09-27,91.89,111.45,91.85,92.21,92.64,93.05
2012-09-28,92.18,111.36,92.19,92.56,93.0,93.42
2012-10-01,92.44,112.58,92.48,92.85,93.28,93.7
2012-10-02,91.88,112.49,91.89,92.27,92.71,93.14
2012-10-03,88.19,109.32,88.14,88.52,88.97,89.41
2012-10-04,91.69,110.48,91.71,92.07,92.48,92.9
2012-10-05,89.87,112.17,89.88,90.27,90.71,91.16
2012-10-08,89.43,112.6,89.33,89.73,90.18,90.63
2012-10-09,92.42,114.32,92.39,92.78,93.25,93.72
2012-10-10,91.24,116.11,91.25,91.64,92.11,92.58
2012-10-11,92.19,116.18,92.07,92.5,92.99,93.47
2012-10-12,91.83,115.17,91.86,92.28,92.76,93.24
2012-10-15,91.84,115.0,91.85,92.32,92.83,93.31
2012-10-16,92.07,115.0,92.09,92.54,93.04,93.48
2012-10-17,92.04,113.49,92.12,92.59,93.08,93.54
2012-10-18,92.0,112.58,92.1,92.53,93.02,93.48
2012-10-19,90.0,111.89,90.05,90.44,90.97,91.45
2012-10-22,88.3,109.62,88.73,88.65,89.18,89.7
2012-10-23,86.65,107.53,86.67,87.23,87.77,88.27
2012-10-24,85.39,107.66,85.73,86.29,86.84,87.34
2012-10-25,85.59,107.64,86.05,86.6,87.15,87.66
2012-10-26,85.84,108.9,86.28,86.8,87.34,87.87
2012-10-29,85.52,109.33,85.54,86.05,86.59,87.13
2012-10-30,85.65,109.4,85.68,86.19,86.73,87.28
2012-10-31,86.23,109.89,86.24,86.73,87.28,87.83
2012-11-01,87.05,108.84,87.09,87.57,88.1,88.65
2012-11-02,84.9,106.79,84.86,85.4,86.0,86.61
2012-11-05,85.64,105.59,85.65,86.14,86.73,87.34
2012-11-06,88.62,109.27,88.71,89.17,89.73,90.32
2012-11-07,84.5,108.21,84.44,84.91,85.51,86.13
2012-11-08,85.07,107.23,85.09,85.56,86.14,86.75
2012-11-09,86.08,108.61,86.07,86.55,87.16,87.76
2012-11-12,85.56,110.23,85.57,86.07,86.7,87.33
2012-11-13,85.38,108.82,85.38,85.84,86.48,87.17
2012-11-14,86.32,109.66,86.32,86.75,87.31,87.9
2012-11-15,85.45,110.07,85.45,85.87,86.44,87.04
2012-11-16,86.62,106.81,86.67,86.92,87.47,88.04
2012-11-19,89.05,110.06,89.28,89.8,90.33,90.81
2012-11-20,86.46,110.01,86.75,87.35,87.98,88.55
2012-11-21,87.08,110.81,87.38,87.98,88.61,89.19
2012-11-23,87.01,110.14,88.28,88.9,89.56,90.16
2012-11-26,87.28,110.18,87.74,88.37,89.02,89.59
2012-11-27,86.81,109.33,87.18,87.81,88.47,89.05
2012-11-28,86.1,108.26,86.49,87.13,87.8,88.37
2012-11-29,87.64,110.47,88.07,88.66,89.29,89.84
2012-11-30,88.54,110.84,88.91,89.49,90.13,90.68
2012-12-03,88.69,111.27,89.09,89.69,90.34,90.92
2012-12-04,88.04,109.99,88.5,89.08,89.72,90.3
2012-12-05,87.36,108.96,87.88,88.47,89.14,89.75
2012-12-06,85.47,108.01,86.26,86.85,87.51,88.12
2012-12-07,85.45,107.16,85.93,86.5,87.15,87.75
2012-12-10,85.14,108.25,85.56,86.1,86.73,87.34
2012-12-11,85.36,107.6,85.79,86.32,86.94,87.55
2012-12-12,86.35,110.17,86.77,87.31,87.89,88.44
2012-12-13,85.39,110.18,85.89,86.44,87.02,87.55
2012-12-14,86.32,109.28,86.73,87.25,87.82,88.39
2012-12-17,86.71,109.35,87.2,87.67,88.17,88.65
2012-12-18,87.46,109.96,87.93,88.4,88.92,89.43
2012-12-19,89.09,109.95,89.51,89.98,90.46,90.96
2012-12-20,89.76,110.57,90.13,90.69,91.23,91.71
2012-12-21,88.2,109.13,88.66,89.23,89.81,90.33
2012-12-24,88.29,108.44,88.61,89.17,89.74,90.27
2012-12-26,90.71,110.72,90.98,91.49,92.01,92.47
2012-12-27,90.91,110.04,90.87,91.37,91.91,92.39
2012-12-28,90.66,110.05,90.8,91.3,91.81,92.27
2012-12-31,91.83,110.8,91.82,92.27,92.73,93.16
2013-01-02,93.14,112.98,93.12,93.55,93.97,94.33
2013-01-03,92.97,113.03,92.92,93.34,93.76,94.12
2013-01-04,93.12,112.58,93.09,93.51,93.91,94.21
2013-01-07,93.2,112.49,93.19,93.63,94.02,94.33
2013-01-08,93.21,113.03,93.15,93.6,94.02,94.38
2013-01-09,93.08,113.07,93.1,93.56,93.99,94.38
2013-01-10,93.81,112.97,93.82,94.27,94.65,94.97
2013-01-11,93.6,110.3,93.56,93.99,94.35,94.66
2013-01-14,94.27,111.32,94.14,94.59,94.97,95.31
2013-01-15,93.26,111.72,93.28,93.72,94.09,94.39
2013-01-16,94.28,110.97,94.24,94.68,95.05,95.32
2013-01-17,95.49,111.01,95.49,95.94,96.31,96.58
2013-01-18,95.61,111.71,95.56,96.04,96.43,96.74
2013-01-22,96.09,112.72,96.24,96.68,97.07,97.4
2013-01-23,95.06,113.68,95.23,95.75,96.21,96.54
2013-01-24,95.35,114.59,95.95,96.45,96.9,97.25
2013-01-25,95.15,113.88,95.88,96.33,96.75,97.08
2013-01-28,95.95,113.92,96.44,96.87,97.26,97.58
2013-01-29,97.62,115.22,97.57,97.99,98.35,98.64
2013-01-30,97.98,115.42,97.94,98.38,98.77,99.06
2013-01-31,97.65,115.55,97.49,97.96,98.41,98.77
2013-02-01,97.46,115.55,97.77,98.24,98.66,99.02
2013-02-04,96.21,116.06,96.17,96.66,97.1,97.49
2013-02-05,96.68,117.03,96.64,97.11,97.54,97.94
2013-02-06,96.44,116.61,96.62,97.09,97.55,97.97
2013-02-07,95.84,117.17,95.83,96.35,96.88,97.35
2013-02-08,95.71,118.9,95.72,96.27,96.83,97.32
2013-02-11,97.01,118.29,97.03,97.58,98.11,98.55
2013-02-12,97.48,117.89,97.51,98.07,98.59,99.01
2013-02-13,97.03,118.43,97.01,97.6,98.14,98.57
2013-02-14,97.3,118.48,97.31,97.9,98.41,98.82
2013-02-15,95.95,117.4,95.86,96.41,96.92,97.34
2013-02-19,96.69,117.04,96.66,97.1,97.54,97.92
2013-02-20,94.92,116.23,94.46,95.22,95.65,96.03
2013-02-21,92.79,114.19,92.84,93.27,93.65,93.95
2013-02-22,93.12,113.74,93.13,93.57,93.96,94.27
2013-02-25,92.74,114.55,93.11,93.53,93.93,94.24
2013-02-26,92.63,112.96,92.63,93.05,93.43,93.72
2013-02-27,92.84,112.24,92.76,93.15,93.52,93.78
2013-02-28,92.03,112.2,92.05,92.46,92.84,93.11
2013-03-01,90.71,110.14,90.68,91.14,91.55,91.86
2013-03-04,90.13,109.9,90.12,90.58,90.99,91.3
2013-03-05,90.88,110.42,90.82,91.28,91.69,92.0
2013-03-06,90.47,110.27,90.43,90.9,91.3,91.57
2013-03-07,91.53,110.42,91.56,92.03,92.4,92.62
2013-03-08,92.01,108.91,91.95,92.43,92.79,93.01
2013-03-11,92.07,108.64,92.06,92.52,92.87,93.08
2013-03-12,92.44,108.48,92.54,92.92,93.2,93.37
2013-03-13,92.47,107.51,92.52,92.88,93.13,93.26
2013-03-14,93.03,108.1,93.03,93.38,93.62,93.75
2013-03-15,93.49,109.32,93.45,93.82,94.09,94.23
2013-03-18,93.71,108.54,93.74,94.11,94.36,94.5
2013-03-19,92.44,106.91,92.16,92.52,92.8,92.99
2013-03-20,93.21,108.27,92.96,93.5,93.77,93.95
2013-03-21,92.46,106.41,92.45,92.77,92.99,93.02
2013-03-22,93.41,106.51,93.71,93.96,94.1,94.07
2013-03-25,94.55,106.66,94.81,95.09,95.25,95.2
2013-03-26,95.99,107.1,96.34,96.61,96.75,96.68
2013-03-27,96.53,108.51,96.58,96.84,96.98,96.91
2013-03-28,97.24,108.46,97.23,97.49,97.64,97.57
2013-04-01,97.1,108.76,97.07,97.38,97.6,97.61
2013-04-02,97.23,109.66,97.19,97.5,97.71,97.73
2013-04-03,95.02,107.82,94.45,94.77,95.0,95.06
2013-04-04,93.26,105.09,93.26,93.56,93.79,93.88
2013-04-05,92.76,103.98,92.7,93.01,93.24,93.32
2013-04-08,93.36,103.16,93.36,93.68,93.91,93.99
2013-04-09,94.18,104.08,94.2,94.51,94.74,94.8
2013-04-10,94.59,104.8,94.64,94.97,95.22,95.29
2013-04-11,93.44,103.62,93.51,93.85,94.11,94.19
2013-04-12,91.23,100.58,91.29,91.61,91.88,92.01
2013-04-15,88.75,99.32,88.71,89.03,89.29,89.42
2013-04-16,88.73,97.88,88.72,89.03,89.29,89.41
2013-04-17,86.65,96.84,86.68,86.97,87.19,87.28
2013-04-18,87.83,97.48,87.73,88.0,88.2,88.25
2013-04-19,88.04,98.94,88.01,88.27,88.48,88.54
2013-04-22,88.81,99.07,88.76,89.19,89.45,89.57
2013-04-23,89.21,99.25,89.18,89.46,89.58,89.52
2013-04-24,91.07,100.71,91.43,91.69,91.76,91.63
2013-04-25,93.27,101.62,93.64,93.91,93.99,93.82
2013-04-26,92.63,102.39,93.0,93.25,93.29,93.09
2013-04-29,94.09,102.88,94.5,94.72,94.71,94.45
2013-04-30,93.22,101.53,93.46,93.68,93.67,93.41
2013-05-01,90.74,98.34,91.03,91.24,91.21,90.98
2013-05-02,93.7,100.32,93.99,94.2,94.15,93.89
2013-05-03,95.25,104.6,95.61,95.82,95.74,95.43
2013-05-06,95.8,105.0,96.16,96.39,96.38,96.11
2013-05-07,95.28,105.18,95.62,95.86,95.83,95.59
2013-05-08,96.24,103.79,96.62,96.85,96.77,96.47
2013-05-09,96.09,103.59,96.39,96.66,96.65,96.41
2013-05-10,95.81,101.31,96.04,96.29,96.28,96.03
2013-05-13,94.76,102.17,95.17,95.41,95.43,95.2
2013-05-14,93.96,102.7,94.21,94.48,94.55,94.37
2013-05-15,93.95,101.57,94.3,94.56,94.64,94.49
2013-05-16,94.85,104.27,95.16,95.45,95.56,95.42
2013-05-17,95.72,103.83,96.02,96.29,96.41,96.25
2013-05-20,96.29,104.55,96.71,96.93,97.04,96.85
2013-05-21,95.55,103.1,96.16,96.18,96.32,96.17
2013-05-22,93.98,102.14,94.28,94.46,94.37,94.06
2013-05-23,94.12,100.46,94.25,94.42,94.32,94.0
2013-05-24,93.84,101.24,94.15,94.34,94.28,93.98
2013-05-28,94.65,103.77,95.01,95.2,95.17,94.88
2013-05-29,93.13,102.14,93.13,93.35,93.38,93.15
2013-05-30,93.57,101.79,93.61,93.8,93.81,93.57
2013-05-31,91.93,100.43,91.97,92.21,92.3,92.12
2013-06-03,93.41,101.63,93.45,93.67,93.73,93.55
2013-06-04,93.36,102.04,93.31,93.55,93.65,93.51
2013-06-05,93.66,103.51,93.74,93.96,94.04,93.86
2013-06-06,94.71,103.37,94.76,94.98,95.03,94.8
2013-06-07,96.11,104.07,96.03,96.27,96.32,96.05
2013-06-10,95.82,103.87,95.77,96.0,96.07,95.84
2013-06-11,95.5,101.5,95.38,95.6,95.66,95.4
2013-06-12,95.98,103.11,95.88,96.1,96.13,95.85
2013-06-13,96.66,103.38,96.69,96.92,96.95,96.66
2013-06-14,97.83,105.1,97.85,98.07,98.11,97.82
2013-06-17,97.86,105.8,97.77,98.03,98.11,97.87
2013-06-18,98.46,105.21,98.44,98.67,98.72,98.43
2013-06-19,98.24,105.56,98.24,98.48,98.55,98.31
2013-06-20,94.89,102.72,95.4,95.14,95.15,94.84
2013-06-21,93.81,100.36,93.69,93.63,93.28,92.74
2013-06-24,95.07,99.8,95.18,95.04,94.56,93.91
2013-06-25,95.25,101.51,95.32,95.21,94.67,94.04
2013-06-26,95.47,100.62,95.5,95.41,94.88,94.22
2013-06-27,97.0,102.74,97.05,96.89,96.31,95.61
2013-06-28,96.36,102.49,96.56,96.44,95.81,95.1
2013-07-01,97.94,103.19,97.99,97.88,97.02,96.23
2013-07-02,99.65,103.96,99.6,99.42,98.38,97.41
2013-07-03,101.92,106.12,101.24,101.11,100.06,98.97
2013-07-05,103.09,107.46,103.22,103.05,101.8,100.45
2013-07-08,103.03,107.75,103.14,103.02,101.94,100.55
2013-07-09,103.46,107.9,103.53,103.31,102.19,100.8
2013-07-10,106.41,108.43,106.52,105.62,103.98,102.29
2013-07-11,104.77,108.18,104.91,104.38,103.01,101.59
2013-07-12,105.85,109.03,105.95,105.55,104.14,102.66
2013-07-15,106.2,109.05,106.32,105.92,104.49,102.99
2013-07-16,105.88,109.29,106.0,105.69,104.39,102.95
2013-07-17,106.39,109.67,106.48,106.35,105.05,103.58
2013-07-18,107.94,109.71,108.04,107.81,106.29,104.62
2013-07-19,108.0,109.34,108.05,107.87,106.12,104.35
2013-07-22,106.61,108.82,106.91,106.94,105.51,103.92
2013-07-23,107.13,109.27,107.23,105.79,104.19,102.64
2013-07-24,105.41,108.23,105.39,104.1,102.68,101.26
2013-07-25,105.47,108.1,105.49,104.47,103.16,101.78
2013-07-26,104.76,107.57,104.7,104.01,102.78,101.42
2013-07-29,104.61,108.1,104.55,103.9,102.72,101.41
2013-07-30,103.14,107.47,103.08,102.5,101.52,100.49
2013-07-31,105.1,107.89,105.03,104.22,102.94,101.65
2013-08-01,107.93,109.94,107.89,106.93,105.32,103.71
2013-08-02,106.94,109.63,106.94,106.24,104.76,103.23
2013-08-05,106.61,109.81,106.56,105.9,104.51,103.08
2013-08-06,105.32,108.77,105.3,104.76,103.47,102.11
2013-08-07,104.41,108.39,104.37,103.91,102.75,101.49
2013-08-08,103.45,107.32,103.4,102.87,101.75,100.53
2013-08-09,106.04,108.49,105.97,105.16,103.82,102.38
2013-08-12,106.19,109.28,106.11,105.52,104.34,102.97
2013-08-13,106.78,110.69,106.83,106.4,105.21,103.78
2013-08-14,106.89,110.26,106.85,106.56,105.41,103.97
2013-08-15,107.43,111.58,107.33,107.19,106.09,104.64
2013-08-16,107.58,111.82,107.46,107.29,106.49,105.17
2013-08-19,107.14,111.41,107.1,106.86,106.03,104.73
2013-08-20,104.9,110.74,104.96,105.11,104.57,103.59
2013-08-21,103.93,110.82,103.85,103.37,102.42,101.25
2013-08-22,104.93,110.51,105.03,104.33,103.26,101.96
2013-08-23,106.48,112.12,106.42,105.72,104.53,103.11
2013-08-26,105.88,112.23,105.92,105.35,104.16,102.78
2013-08-27,109.11,115.21,109.01,108.3,106.9,105.37
2013-08-28,110.17,116.27,110.1,109.37,107.84,106.18
2013-08-29,108.51,116.91,108.8,108.15,106.6,104.95
2013-08-30,107.98,115.97,107.65,107.08,105.71,104.17
2013-09-03,108.67,115.49,108.54,107.85,106.42,104.83
2013-09-04,107.29,115.65,107.23,106.59,105.39,103.92
2013-09-05,108.5,115.81,108.37,107.67,106.33,104.79
2013-09-06,110.62,117.15,110.53,109.52,107.95,106.24
2013-09-09,109.62,115.2,109.52,108.47,106.82,105.15
2013-09-10,107.48,112.1,107.39,106.49,104.92,103.35
2013-09-11,107.65,112.37,107.56,106.64,105.09,103.54
2013-09-12,108.72,113.11,108.6,107.75,106.14,104.54
2013-09-13,108.31,113.31,108.21,107.54,105.96,104.37
2013-09-16,106.54,110.86,106.59,106.19,104.82,103.35
2013-09-17,105.36,109.05,105.42,104.82,103.46,101.99
2013-09-18,108.23,109.09,108.07,107.28,105.88,104.43
2013-09-19,106.26,110.66,106.39,105.86,104.52,103.11
2013-09-20,104.7,110.22,104.67,104.75,103.71,102.49
2013-09-23,103.62,108.56,103.59,102.72,101.62,100.52
2013-09-24,103.22,107.68,103.13,102.48,101.51,100.41
2013-09-25,102.68,109.46,102.66,102.05,101.18,100.13
2013-09-26,103.1,108.86,103.03,102.52,101.74,100.75
2013-09-27,102.86,109.45,102.87,102.34,101.5,100.46
2013-09-30,102.36,107.85,102.33,101.9,101.15,100.16
2013-10-01,102.09,107.32,102.04,101.69,100.97,100.03
2013-10-02,104.15,109.09,104.1,103.64,102.77,101.7
2013-10-03,103.29,109.49,103.31,102.97,102.25,101.25
2013-10-04,103.83,109.42,103.84,103.53,102.82,101.85
2013-10-07,103.07,109.66,103.03,102.83,102.33,101.56
2013-10-08,103.54,110.56,103.49,103.31,102.8,102.04
2013-10-09,101.63,109.02,101.61,101.43,100.97,100.32
2013-10-10,103.08,111.63,103.01,102.89,102.49,101.91
2013-10-11,102.17,110.65,102.02,102.06,101.85,101.45
2013-10-14,102.46,110.13,102.41,102.48,102.23,101.78
2013-10-15,101.15,110.67,101.21,101.41,101.24,100.86
2013-10-16,102.34,110.79,102.29,102.49,102.33,101.9
2013-10-17,100.72,109.55,100.67,100.87,100.62,100.12
2013-10-18,100.87,109.4,100.81,101.11,100.99,100.54
2013-10-21,99.28,109.47,99.22,99.68,99.76,99.49
2013-10-22,97.63,109.57,97.8,98.3,98.47,98.31
2013-10-23,96.9,107.74,96.86,97.0,96.75,96.27
2013-10-24,96.65,106.63,97.11,97.24,96.97,96.4
2013-10-25,97.4,105.7,97.85,97.95,97.64,97.04
2013-10-28,98.74,108.29,98.68,98.86,98.64,98.09
2013-10-29,98.29,108.04,98.2,98.38,98.2,97.72
2013-10-30,96.81,108.41,96.77,97.06,97.03,96.8
2013-10-31,96.29,107.53,96.38,96.65,96.66,96.47
2013-11-01,94.56,105.78,94.61,94.96,95.05,94.96
2013-11-04,94.58,104.85,94.62,94.98,95.13,95.11
2013-11-05,93.4,105.01,93.37,93.73,93.9,93.93
2013-11-06,94.74,105.46,94.8,95.13,95.27,95.23
2013-11-07,94.25,103.08,94.2,94.54,94.66,94.62
2013-11-08,94.56,104.29,94.6,94.95,95.1,95.08
2013-11-11,95.13,105.76,95.14,95.47,95.62,95.59
2013-11-12,93.12,106.29,93.04,93.52,93.78,93.86
2013-11-13,93.91,106.9,93.88,94.49,94.75,94.88
2013-11-14,93.76,108.29,93.76,94.41,94.77,94.97
2013-11-15,93.8,108.25,93.84,94.49,94.83,94.99
2013-11-18,93.03,108.8,93.03,93.68,94.01,94.18
2013-11-19,93.35,108.29,93.34,93.89,94.15,94.26
2013-11-20,93.34,108.27,93.33,93.85,94.12,94.24
2013-11-21,95.35,109.9,95.44,95.69,95.77,95.66
2013-11-22,94.53,111.36,94.84,95.15,95.29,95.24
2013-11-25,93.86,110.83,94.09,94.4,94.57,94.55
2013-11-26,93.41,112.04,93.68,94.0,94.21,94.22
2013-11-27,92.05,111.32,92.3,92.63,92.88,92.95
2013-11-28,,,92.3,92.63,92.88,92.95
2013-11-29,92.55,111.07,92.72,93.01,93.24,93.32
2013-12-02,93.61,111.49,93.82,94.1,94.28,94.27
2013-12-03,95.83,113.06,96.04,96.27,96.31,96.07
2013-12-04,96.97,113.27,97.2,97.43,97.45,97.18
2013-12-05,97.14,112.07,97.38,97.61,97.64,97.36
2013-12-06,97.48,111.5,97.65,97.9,97.94,97.66
2013-12-09,97.1,110.07,97.34,97.56,97.58,97.29
2013-12-10,98.32,108.91,98.51,98.66,98.58,98.19
2013-12-11,97.25,109.47,97.44,97.72,97.72,97.39
2013-12-12,97.21,108.99,97.5,97.82,97.77,97.42
2013-12-13,96.27,108.08,96.6,96.93,96.91,96.55
2013-12-16,97.18,110.3,97.48,97.77,97.7,97.28
2013-12-17,96.99,108.91,97.22,97.47,97.36,96.92
2013-12-18,97.59,109.56,97.8,98.06,97.92,97.41
2013-12-19,98.4,110.78,98.77,99.04,98.94,98.4
2013-12-20,99.11,112.15,99.32,99.26,98.73,97.91
2013-12-23,98.62,111.58,98.91,98.89,98.43,97.71
2013-12-24,98.87,111.57,99.22,99.34,98.98,98.31
2013-12-26,99.18,111.65,99.55,99.62,99.21,98.49
2013-12-27,99.94,112.06,100.32,100.39,99.97,99.18
2013-12-30,98.9,110.47,99.29,99.43,99.24,98.66
2013-12-31,98.17,109.95,98.42,98.55,98.44,97.99
2014-01-02,95.14,107.94,95.44,95.62,95.55,95.2
2014-01-03,93.66,106.57,93.96,94.14,94.06,93.75
2014-01-06,93.12,106.71,93.43,93.58,93.52,93.29
2014-01-07,93.31,107.01,93.67,93.84,93.71,93.39
2014-01-08,91.9,107.42,92.33,92.53,92.47,92.2
2014-01-09,91.36,107.49,91.66,91.89,91.89,91.69
2014-01-10,92.39,106.44,92.72,92.95,92.92,92.68
2014-01-13,91.45,108.02,91.8,92.01,91.97,91.74
2014-01-14,92.15,107.12,92.59,92.78,92.66,92.32
2014-01-15,93.78,108.09,94.17,94.35,94.2,93.77
2014-01-16,93.54,107.46,93.96,94.1,93.92,93.48
2014-01-17,93.96,108.45,94.37,94.59,94.44,94.03
2014-01-20,,108.01,94.37,94.59,94.44,94.03
2014-01-21,94.51,109.17,94.99,94.97,94.8,94.4
2014-01-22,96.35,109.69,96.73,96.37,95.82,95.09
2014-01-23,97.23,109.69,97.32,96.76,95.95,95.05
2014-01-24,96.66,109.14,96.64,96.22,95.56,94.76
2014-01-27,95.82,108.72,95.72,95.36,94.74,93.97
2014-01-28,97.49,109.1,97.41,96.96,96.28,95.46
2014-01-29,97.34,108.83,97.36,96.88,96.19,95.38
2014-01-30,98.25,109.36,98.23,97.66,96.85,95.93
2014-01-31,97.55,108.16,97.49,96.71,95.8,94.85
2014-02-03,96.44,106.55,96.43,95.72,94.9,94.02
2014-02-04,97.24,107.04,97.19,96.46,95.64,94.75
2014-02-05,97.4,106.81,97.38,96.76,96.02,95.22
2014-02-06,97.84,108.15,97.84,97.32,96.66,95.94
2014-02-07,99.98,110.12,99.88,99.35,98.62,97.84
2014-02-10,100.12,110.18,100.06,99.44,98.65,97.81
2014-02-11,99.96,109.21,99.94,99.44,98.7,97.91
2014-02-12,100.38,108.62,100.37,99.92,99.17,98.37
2014-02-13,100.27,108.98,100.35,100.05,99.31,98.54
2014-02-14,100.31,108.63,100.3,100.13,99.47,98.73
2014-02-17,,,100.3,100.13,99.47,98.73
2014-02-18,102.54,110.14,102.43,102.1,101.21,100.3
2014-02-19,103.46,110.37,103.31,102.84,101.81,100.8
2014-02-20,103.2,109.42,102.92,102.75,101.85,100.89
2014-02-21,102.53,109.03,102.2,101.37,100.48,99.53
2014-02-24,103.17,109.76,102.82,102.06,101.17,100.21
2014-02-25,102.2,109.19,101.83,101.12,100.24,99.31
2014-02-26,102.93,109.39,102.59,101.77,100.77,99.75
2014-02-27,102.68,108.54,102.4,101.62,100.63,99.61
2014-02-28,102.88,108.98,102.59,101.89,100.95,99.96
2014-03-03,105.34,111.26,104.92,104.22,103.16,102.03
2014-03-04,103.64,109.17,103.33,102.68,101.71,100.65
2014-03-05,101.75,108.15,101.45,100.88,99.99,99.03
2014-03-06,101.82,107.99,101.56,101.02,100.14,99.2
2014-03-07,102.82,109.14,102.58,101.99,101.07,100.1
2014-03-10,101.39,108.27,101.12,100.59,99.75,98.86
2014-03-11,100.29,108.35,100.03,99.59,98.85,98.07
2014-03-12,98.29,107.88,97.99,97.68,97.09,96.44
2014-03-13,98.57,107.48,98.2,97.94,97.36,96.69
2014-03-14,99.23,108.08,98.89,98.56,97.99,97.31
2014-03-17,98.43,106.99,98.08,97.62,96.95,96.2
2014-03-18,100.08,106.79,99.7,98.88,98.01,97.09
2014-03-19,100.71,105.95,100.37,99.17,98.15,97.09
2014-03-20,99.68,105.73,99.43,98.9,98.05,97.15
2014-03-21,99.97,107.2,99.46,98.65,97.75,96.83
2014-03-24,100.05,106.59,99.6,98.83,97.93,97.01
2014-03-25,99.66,107.01,99.19,98.53,97.68,96.79
2014-03-26,100.61,105.9,100.26,99.53,98.63,97.71
2014-03-27,101.25,106.58,101.28,100.53,99.61,98.65
2014-03-28,101.73,106.64,101.67,100.89,99.96,98.98
2014-03-31,101.57,105.95,101.58,100.82,99.9,98.95
2014-04-01,99.69,105.7,99.74,99.05,98.18,97.28
2014-04-02,99.6,103.37,99.62,98.9,98.04,97.14
2014-04-03,100.29,104.88,100.29,99.63,98.84,97.95
2014-04-04,101.16,106.41,101.14,100.46,99.62,98.7
2014-04-07,100.43,104.89,100.44,99.78,99.03,98.18
2014-04-08,102.57,105.83,102.56,101.81,100.96,100.04
2014-04-09,103.55,107.39,103.6,102.65,101.68,100.67
2014-04-10,103.37,107.1,103.4,102.38,101.39,100.37
2014-04-11,103.68,107.34,103.74,102.62,101.56,100.51
2014-04-14,104.05,107.68,104.05,103.21,102.3,101.3
2014-04-15,103.7,109.1,103.75,103.0,102.11,101.12
2014-04-16,103.71,109.71,103.76,103.03,102.2,101.25
2014-04-17,104.33,109.79,104.3,103.37,102.4,101.38
2014-04-21,104.35,109.69,104.37,103.65,102.74,101.75
2014-04-22,101.69,108.54,102.13,101.75,101.12,100.32
2014-04-23,101.47,108.48,101.44,100.85,100.09,99.26
2014-04-24,102.2,109.79,101.94,101.35,100.58,99.73
2014-04-25,100.85,109.53,100.6,100.03,99.27,98.44
2014-04-28,101.13,109.12,100.84,100.11,99.21,98.29
2014-04-29,101.56,109.89,101.28,100.59,99.71,98.78
2014-04-30,100.07,108.63,99.74,99.11,98.28,97.39
2014-05-01,99.69,108.63,99.42,98.75,97.91,97.04
2014-05-02,100.09,109.48,99.76,99.04,98.16,97.27
2014-05-05,99.74,109.48,99.48,98.73,97.82,96.91
2014-05-06,99.81,108.3,99.5,98.65,97.7,96.76
2014-05-07,101.06,108.17,100.77,99.96,99.02,98.03
2014-05-08,100.52,108.19,100.26,99.54,98.65,97.71
2014-05-09,100.32,108.26,99.99,99.31,98.43,97.49
2014-05-12,100.89,108.37,100.59,99.94,99.09,98.18
2014-05-13,102.01,108.78,101.7,101.05,100.16,99.23
2014-05-14,102.63,109.87,102.37,101.74,100.85,99.89
2014-05-15,101.74,109.74,101.5,101.13,100.38,99.48
2014-05-16,102.31,110.9,102.02,101.58,100.76,99.82
2014-05-19,102.95,110.84,102.61,102.11,101.19,100.17
2014-05-20,102.8,110.35,102.44,102.33,101.5,100.5
2014-05-21,104.31,111.32,104.07,103.16,102.08,100.95
2014-05-22,104.03,110.89,103.74,102.87,101.85,100.76
2014-05-23,105.01,110.19,104.35,103.43,102.35,101.23
2014-05-26,,110.01,,,,
2014-05-27,104.78,109.81,104.11,103.18,102.1,100.98
2014-05-28,103.37,109.09,102.72,101.99,101.02,99.99
2014-05-29,104.26,109.98,103.58,102.78,101.75,100.65
2014-05-30,103.4,109.21,102.71,101.98,101.03,100.0
2014-06-02,103.07,109.34,102.47,101.79,100.89,99.9
2014-06-03,103.34,108.87,102.66,101.97,101.07,100.08
2014-06-04,103.27,109.07,102.64,101.93,101.01,100.02
2014-06-05,103.17,108.43,102.48,101.81,100.95,99.99
2014-06-06,103.32,109.21,102.66,101.94,101.05,100.07
2014-06-09,105.09,110.55,104.41,103.59,102.6,101.51
2014-06-10,105.02,109.18,104.35,103.49,102.49,101.42
2014-06-11,105.04,109.83,104.4,103.62,102.69,101.66
2014-06-12,107.2,112.18,106.53,105.78,104.82,103.7
2014-06-13,107.49,113.15,106.91,106.17,105.07,103.82
2014-06-16,107.52,113.42,106.9,106.3,105.33,104.16
2014-06-17,106.95,114.02,106.36,105.87,105.02,103.91
2014-06-18,106.64,114.25,105.97,105.59,104.84,103.85
2014-06-19,107.08,115.19,106.43,106.05,105.3,104.35
2014-06-20,107.95,114.55,107.26,106.83,105.97,104.9
2014-06-23,106.83,113.62,106.17,105.42,104.38,103.37
2014-06-24,106.64,113.74,106.03,105.32,104.35,103.4
2014-06-25,107.04,112.84,106.5,105.72,104.73,103.77
2014-06-26,106.49,112.61,105.84,105.11,104.17,103.24
2014-06-27,106.46,112.62,105.74,105.04,104.14,103.26
2014-06-30,106.07,111.03,105.37,104.73,103.85,102.98
2014-07-01,106.06,110.84,105.34,104.74,103.86,103.01
2014-07-02,105.18,110.18,104.48,103.91,103.09,102.28
2014-07-03,104.76,108.98,104.06,103.51,102.74,101.94
2014-07-07,104.19,108.7,103.53,103.03,102.29,101.5
2014-07-08,104.06,107.65,103.4,102.79,102.01,101.18
2014-07-09,102.93,106.84,102.29,101.75,101.04,100.28
2014-07-10,103.61,106.2,102.93,102.4,101.7,100.97
2014-07-11,101.48,105.77,100.83,100.3,99.64,98.99
2014-07-14,101.73,104.73,100.91,100.48,99.93,99.39
2014-07-15,100.56,104.73,99.96,99.53,98.98,98.43
2014-07-16,101.88,105.41,101.2,100.6,99.9,99.2
2014-07-17,103.84,106.04,103.19,102.2,101.23,100.29
2014-07-18,103.83,106.03,103.13,101.95,100.94,99.97
2014-07-21,105.34,105.71,104.59,102.86,101.73,100.77
2014-07-22,104.59,106.48,104.42,102.39,101.23,100.3
2014-07-23,103.81,106.85,103.12,101.65,100.73,99.95
2014-07-24,102.76,105.78,102.07,100.72,99.86,99.12
2014-07-25,105.23,106.89,102.09,100.87,100.07,99.37
2014-07-28,105.68,106.7,101.67,100.32,99.43,98.66
2014-07-29,104.91,106.98,100.97,99.73,98.94,98.24
2014-07-30,104.29,106.47,100.27,99.04,98.24,97.56
2014-07-31,98.23,104.94,98.17,97.32,96.73,96.21
2014-08-01,97.86,103.45,97.88,96.94,96.31,95.79
2014-08-04,98.26,103.63,98.29,97.36,96.78,96.28
2014-08-05,97.34,102.82,97.38,96.57,96.14,95.78
2014-08-06,96.93,104.17,96.92,96.24,95.84,95.5
2014-08-07,97.34,104.02,97.34,96.69,96.32,95.99
2014-08-08,97.61,103.36,97.65,96.84,96.42,96.03
2014-08-11,98.09,103.47,98.08,97.21,96.73,96.31
2014-08-12,97.36,101.68,97.37,96.48,96.01,95.59
2014-08-13,97.57,102.27,97.59,96.74,96.28,95.92
2014-08-14,95.54,101.15,95.58,94.08,93.59,93.29
2014-08-15,97.3,101.13,97.35,95.32,94.74,94.39
2014-08-18,96.44,99.37,96.41,93.75,93.12,92.77
2014-08-19,94.35,99.74,94.48,92.86,92.34,92.1
2014-08-20,96.4,99.92,96.07,93.45,92.88,92.57
2014-08-21,93.97,100.28,93.96,93.38,93.04,92.85
2014-08-22,93.61,100.09,93.65,93.17,92.92,92.82
2014-08-25,95.39,100.49,93.35,92.88,92.68,92.62
2014-08-26,95.78,100.5,93.86,93.36,93.13,93.05
2014-08-27,95.82,100.4,93.88,93.34,93.06,92.95
2014-08-28,96.44,100.71,94.55,93.83,93.36,93.15
2014-08-29,97.86,101.12,95.96,95.02,94.37,94.01
2014-09-02,92.92,100.21,92.88,92.1,91.74,91.62
2014-09-03,95.5,100.88,95.54,94.68,94.16,93.91
2014-09-04,94.51,101.21,94.45,93.71,93.25,93.06
2014-09-05,93.32,99.51,93.29,92.71,92.4,92.28
2014-09-08,92.64,99.53,92.66,92.05,91.72,91.62
2014-09-09,92.73,98.08,92.75,91.89,91.45,91.33
2014-09-10,91.71,96.26,91.67,90.84,90.42,90.26
2014-09-11,92.89,96.42,92.83,91.86,91.36,91.11
2014-09-12,92.18,96.31,92.27,91.37,90.77,90.48
2014-09-15,92.86,96.43,92.92,91.99,91.37,91.03
2014-09-16,94.91,97.39,94.88,93.81,93.1,92.66
2014-09-17,94.33,97.7,94.42,93.2,92.5,92.11
2014-09-18,93.07,96.82,93.07,91.98,91.39,91.11
2014-09-19,92.43,96.75,92.41,91.65,91.14,90.92
2014-09-22,91.46,95.37,91.52,90.87,90.34,90.11
2014-09-23,91.55,94.87,91.56,90.91,90.56,90.34
2014-09-24,93.6,94.53,92.8,92.07,91.53,91.1
2014-09-25,93.59,95.2,92.53,91.78,91.3,90.92
2014-09-26,95.55,95.08,93.54,92.62,92.02,91.57
2014-09-29,94.53,95.7,94.57,93.49,92.78,92.21
2014-09-30,,,91.16,90.27,89.76,89.39
2014-10-03,89.76,90.8,89.74,88.67,87.87,87.26
2014-10-06,90.33,90.65,90.34,89.34,88.65,88.11
2014-10-07,88.89,90.9,88.85,87.98,87.44,87.05
2014-10-08,87.29,90.25,87.31,86.59,86.19,85.9
2014-10-09,85.76,90.47,85.77,85.05,84.69,84.43
2014-10-10,85.87,88.66,85.82,85.11,84.73,84.46
2014-10-13,85.73,87.82,85.74,84.98,84.53,84.23
2014-10-14,81.72,86.36,81.84,81.2,80.74,80.4
2014-10-15,81.82,84.02,81.78,80.94,80.36,79.87
2014-10-16,82.33,84.02,82.7,81.95,81.5,81.09
2014-10-17,82.8,85.27,82.75,82.06,81.62,81.21
2014-10-20,82.76,84.42,82.71,81.91,81.38,80.9
2014-10-21,83.25,85.17,82.81,82.49,81.96,81.47
2014-10-22,80.52,86.38,80.52,80.13,79.81,79.54
2014-10-23,82.81,85.94,82.09,81.75,81.46,81.23
2014-10-24,81.27,86.0,81.01,80.8,80.64,80.54
2014-10-27,81.26,85.64,81.0,80.7,80.48,80.34
2014-10-28,81.36,85.57,81.42,81.12,80.94,80.83
2014-10-29,82.25,86.91,82.2,81.96,81.81,81.68
2014-10-30,81.06,85.5,81.12,80.9,80.75,80.64
2014-10-31,80.53,84.17,80.54,80.42,80.36,80.31
2014-11-03,78.77,84.9,78.78,78.84,78.84,78.85
2014-11-04,77.15,82.12,77.19,77.19,77.19,77.24
2014-11-05,78.71,82.88,78.68,78.6,78.54,78.51
2014-11-06,77.87,82.08,77.91,77.87,77.81,77.82
2014-11-07,78.71,83.2,78.65,78.6,78.54,78.54
2014-11-10,77.43,82.9,77.4,77.38,77.36,77.44
2014-11-11,77.85,80.94,77.94,77.87,77.83,77.86
2014-11-12,77.16,80.42,77.18,77.15,77.12,77.13
2014-11-13,74.13,77.74,74.21,74.16,74.08,74.06
2014-11-14,75.91,77.51,75.82,75.82,75.79,75.8
2014-11-17,75.64,76.86,75.64,75.66,75.71,75.8
2014-11-18,74.55,77.23,74.61,74.64,74.73,74.86
2014-11-19,74.55,77.21,74.58,74.5,74.43,74.37
2014-11-20,75.63,77.61,75.58,75.85,75.85,75.82
2014-11-21,76.52,79.2,76.51,76.59,76.67,76.74
2014-11-24,75.74,79.62,75.78,75.87,75.97,76.07
2014-11-25,74.04,77.62,74.09,74.17,74.25,74.37
2014-11-26,73.7,77.39,73.69,73.76,73.82,73.9
2014-11-28,65.94,71.89,66.15,66.26,66.41,66.64
2014-12-01,68.98,70.87,69.0,69.1,69.21,69.41
2014-12-02,66.99,71.13,66.88,67.0,67.15,67.39
2014-12-03,67.3,70.13,67.38,67.46,67.56,67.76
2014-12-04,66.73,68.48,66.81,66.9,67.03,67.23
2014-12-05,65.89,68.0,65.84,65.96,66.08,66.28
2014-12-08,63.13,65.64,63.05,63.21,63.38,63.59
2014-12-09,63.74,66.11,63.82,63.98,64.15,64.34
2014-12-10,60.99,63.32,60.94,61.16,61.42,61.7
2014-12-11,60.01,63.65,59.95,60.19,60.52,60.87
2014-12-12,57.81,61.67,57.81,58.08,58.41,58.76
2014-12-15,55.96,61.09,55.91,56.26,56.64,57.04
2014-12-16,55.97,60.26,55.93,56.26,56.55,56.85
2014-12-17,56.43,59.84,56.47,56.79,57.13,57.46
2014-12-18,54.18,58.81,54.11,54.36,54.7,55.06
2014-12-19,56.91,58.87,56.52,57.13,57.48,57.86
2014-12-22,55.25,58.31,55.26,55.63,56.05,56.49
2014-12-23,56.78,59.07,57.12,57.48,57.87,58.29
2014-12-24,55.7,58.67,55.84,56.22,56.66,57.14
2014-12-26,54.59,58.72,54.73,55.13,55.59,56.11
2014-12-29,53.46,57.86,53.61,54.03,54.54,55.14
2014-12-30,54.14,55.6,54.12,54.53,55.05,55.67
2014-12-31,53.45,55.27,53.27,53.7,54.26,54.96
2015-01-02,52.72,55.38,52.69,53.11,53.69,54.42
2015-01-05,50.05,51.08,50.04,50.52,51.17,51.95
2015-01-06,47.98,50.12,47.93,48.46,49.16,49.97
2015-01-07,48.69,49.06,48.65,49.08,49.72,50.48
2015-01-08,48.8,49.43,48.79,49.28,49.98,50.75
2015-01-09,48.35,47.64,48.36,48.99,49.73,50.54
2015-01-12,46.06,46.9,46.07,46.76,47.53,48.36
2015-01-13,45.92,45.13,45.89,46.51,47.24,48.05
2015-01-14,48.49,45.82,48.48,48.96,49.62,50.36
2015-01-15,46.37,47.66,46.25,46.73,47.47,48.3
2015-01-16,48.49,47.38,48.69,49.13,49.84,50.62
2015-01-20,46.79,46.49,46.39,46.47,47.17,48.01
2015-01-21,47.85,46.5,47.78,48.43,49.22,50.04
2015-01-22,45.93,46.09,46.31,46.98,47.86,48.8
2015-01-23,45.26,46.69,45.59,46.32,47.31,48.34
2015-01-26,44.8,46.07,45.15,45.88,46.93,48.03
2015-01-27,45.84,46.55,46.23,46.95,47.95,49.0
2015-01-28,44.08,47.07,44.45,45.23,46.36,47.51
2015-01-29,44.12,46.61,44.53,45.3,46.44,47.61
2015-01-30,47.79,47.52,48.24,48.99,50.07,51.22
2015-02-02,49.25,51.74,49.57,50.45,51.55,52.72
2015-02-03,53.04,54.41,53.05,53.86,54.95,56.11
2015-02-04,48.45,55.07,48.45,49.3,50.58,51.89
2015-02-05,50.48,55.98,50.48,51.31,52.53,53.79
2015-02-06,51.66,55.88,51.69,52.5,53.66,54.86
2015-02-09,52.99,57.0,52.86,53.67,54.71,55.82
2015-02-10,50.06,55.79,50.02,50.93,52.16,53.43
2015-02-11,48.8,53.48,48.84,49.78,51.08,52.43
2015-02-12,51.17,56.23,51.21,52.16,53.5,54.87
2015-02-13,52.66,60.33,52.78,53.67,54.96,56.25
2015-02-16,,61.57,,,,
2015-02-17,53.56,60.78,53.53,54.29,55.52,56.76
2015-02-18,52.13,60.72,52.14,52.82,53.97,55.19
2015-02-19,51.12,58.78,51.16,51.83,53.0,54.22
2015-02-20,49.95,60.99,50.34,50.81,52.09,53.45
2015-02-23,49.56,59.78,49.45,51.01,52.56,54.06
2015-02-24,48.48,60.33,49.28,50.83,52.34,53.79
2015-02-25,50.25,59.77,50.99,52.76,54.31,55.77
2015-02-26,47.65,61.39,48.17,50.39,52.1,53.69
2015-02-27,49.84,61.89,49.76,52.14,53.84,55.44
2015-03-02,49.59,60.75,49.59,51.52,52.98,54.4
2015-03-03,50.43,61.18,50.52,52.5,54.07,55.53
2015-03-04,51.53,59.18,51.53,53.23,54.55,55.74
2015-03-05,50.76,60.33,50.76,52.55,53.99,55.25
2015-03-06,49.61,59.15,49.61,51.47,52.95,54.24
2015-03-09,49.95,58.67,50.0,51.66,52.95,54.09
2015-03-10,48.42,55.95,48.29,50.07,51.44,52.59
2015-03-11,48.06,56.46,48.17,50.02,51.59,52.88
2015-03-12,47.12,56.66,47.05,49.13,50.87,52.27
2015-03-13,44.88,54.8,44.84,47.06,48.84,50.29
2015-03-16,43.93,52.0,43.88,46.13,47.98,49.45
2015-03-17,43.39,52.17,43.46,45.19,47.06,48.48
2015-03-18,44.63,52.59,44.66,46.65,48.69,50.36
2015-03-19,44.02,52.96,43.96,45.53,47.4,48.97
2015-03-20,46.0,53.88,45.72,46.57,48.43,50.01
2015-03-23,47.4,53.82,47.45,49.15,50.59,51.79
2015-03-24,47.03,53.61,47.51,49.13,50.46,51.55
2015-03-25,48.75,54.18,49.21,50.78,52.01,52.98
2015-03-26,51.41,57.02,51.43,53.04,54.31,55.23
2015-03-27,48.83,56.44,48.87,50.5,51.87,52.87
2015-03-30,48.66,53.99,48.68,50.41,51.81,52.84
2015-03-31,47.72,53.69,47.6,49.34,50.78,51.83
2015-04-01,50.12,55.73,50.09,51.75,53.06,53.98
2015-04-02,49.13,55.73,49.14,50.6,51.79,52.66
2015-04-06,52.08,55.73,52.14,53.57,54.71,55.49
2015-04-07,53.95,57.55,53.98,55.23,56.09,56.65
2015-04-08,50.44,56.42,50.42,51.87,52.93,53.63
2015-04-09,50.79,56.04,50.79,52.49,53.66,54.42
2015-04-10,51.63,56.82,51.64,53.51,54.79,55.51
2015-04-13,51.95,57.14,51.91,53.74,54.99,55.7
2015-04-14,53.3,57.69,53.29,54.87,56.04,56.68
2015-04-15,56.25,59.32,56.39,57.69,58.73,59.3
2015-04-16,56.69,60.13,56.71,58.11,59.23,59.85
2015-04-17,55.71,61.31,55.74,57.32,58.47,59.14
2015-04-20,56.37,61.2,56.38,57.88,59.05,59.75
2015-04-21,55.58,60.12,55.26,56.61,57.88,58.68
2015-04-22,56.17,60.12,56.16,57.57,58.49,59.1
2015-04-23,56.59,62.66,57.74,59.26,60.13,60.67
2015-04-24,55.98,62.96,57.15,58.9,59.85,60.5
2015-04-27,55.56,62.86,56.99,58.62,59.52,60.18
2015-04-28,57.05,62.61,57.06,58.53,59.32,59.93
2015-04-29,58.55,63.97,58.58,59.86,60.52,61.03
2015-04-30,59.62,63.9,59.63,60.71,61.31,61.78
2015-05-01,59.1,64.13,59.15,60.36,61.06,61.58
2015-05-04,58.92,64.62,58.93,60.16,60.87,61.38
2015-05-05,60.38,65.44,60.4,61.5,62.11,62.54
2015-05-06,60.93,66.22,60.93,62.0,62.56,62.93
2015-05-07,58.99,64.93,58.94,59.92,60.41,60.76
2015-05-08,59.41,63.82,59.39,60.35,60.82,61.15
2015-05-11,59.23,62.82,59.25,60.29,60.83,61.2
2015-05-12,60.72,65.09,60.75,61.74,62.25,62.58
2015-05-13,60.5,66.33,60.5,61.49,61.99,62.32
2015-05-14,59.89,65.58,59.88,60.84,61.36,61.73
2015-05-15,59.73,64.69,59.69,60.54,61.01,61.36
2015-05-18,59.44,65.15,59.43,60.24,60.64,60.91
2015-05-19,57.3,63.48,57.26,57.99,58.47,58.8
2015-05-20,58.96,63.52,58.98,59.47,59.75,60.03
2015-05-21,60.18,64.7,60.72,61.15,61.39,61.62
2015-05-22,58.88,64.7,59.72,60.15,60.43,60.67
2015-05-26,57.29,61.65,58.03,58.48,58.75,59.01
2015-05-27,57.51,61.35,57.51,57.86,58.04,58.23
2015-05-28,57.69,60.12,57.68,58.02,58.2,58.37
2015-05-29,60.25,63.16,60.3,60.6,60.79,60.96
2015-06-01,60.24,62.87,60.2,60.48,60.62,60.72
2015-06-02,61.3,63.14,61.26,61.52,61.68,61.78
2015-06-03,59.67,62.78,59.64,59.93,60.14,60.31
2015-06-04,58.0,60.34,58.0,58.34,58.62,58.84
2015-06-05,59.11,60.36,59.13,59.56,59.89,60.13
2015-06-08,58.15,61.33,58.14,58.61,58.97,59.2
2015-06-09,60.15,63.23,60.14,60.61,60.98,61.2
2015-06-10,61.36,64.68,61.43,61.82,62.17,62.35
2015-06-11,60.74,63.76,60.77,61.22,61.6,61.81
2015-06-12,59.96,63.19,59.96,60.4,60.77,60.96
2015-06-15,59.53,60.99,59.52,60.0,60.39,60.61
2015-06-16,60.01,60.75,59.97,60.45,60.84,61.09
2015-06-17,59.89,60.75,59.92,60.33,60.72,61.03
2015-06-18,60.41,61.37,60.45,60.82,61.17,61.48
2015-06-19,59.62,59.41,59.61,59.97,60.29,60.61
2015-06-22,60.01,60.54,59.68,60.38,60.74,61.07
2015-06-23,61.05,61.67,61.01,61.33,61.62,61.97
2015-06-24,60.01,61.63,60.27,60.58,60.84,61.18
2015-06-25,59.59,60.24,59.7,60.0,60.24,60.56
2015-06-26,59.41,60.14,59.63,59.97,60.24,60.58
2015-06-29,58.34,59.03,58.33,58.68,58.96,59.31
2015-06-30,59.48,60.31,59.47,59.83,60.1,60.44
2015-07-01,56.94,61.65,56.96,57.37,57.7,58.12
2015-07-02,56.93,61.73,56.93,57.3,57.61,58.01
2015-07-03,,59.06,,,,
2015-07-06,52.48,57.19,52.53,52.84,53.13,53.54
2015-07-07,52.33,54.72,52.33,52.71,53.03,53.44
2015-07-08,51.61,55.7,51.65,52.09,52.45,52.93
2015-07-09,52.76,57.83,52.78,53.23,53.6,54.08
2015-07-10,52.74,57.72,52.74,53.22,53.61,54.13
2015-07-13,52.19,57.63,52.2,52.71,53.13,53.68
2015-07-14,53.05,57.2,53.04,53.48,53.88,54.41
2015-07-15,51.4,57.34,51.41,51.79,52.19,52.72
2015-07-16,50.9,57.31,50.91,51.24,51.62,52.17
2015-07-17,50.88,56.38,50.89,51.21,51.58,52.13
2015-07-20,50.11,56.42,50.15,50.44,50.87,51.47
2015-07-21,50.59,55.94,50.36,50.86,51.3,51.93
2015-07-22,49.27,56.36,49.19,49.67,50.34,51.03
2015-07-23,48.11,55.76,48.45,48.92,49.57,50.24
2015-07-24,47.98,54.29,48.14,48.61,49.25,49.91
2015-07-27,47.17,54.07,47.39,47.85,48.51,49.21
2015-07-28,47.97,54.3,47.98,48.41,49.03,49.71
2015-07-29,48.77,54.73,48.79,49.16,49.72,50.32
2015-07-30,48.53,54.29,48.52,48.91,49.53,50.18
2015-07-31,47.11,53.29,47.12,47.53,48.21,48.92
2015-08-03,45.25,49.49,45.17,45.56,46.19,46.87
2015-08-04,45.75,49.08,45.74,46.13,46.72,47.36
2015-08-05,45.13,49.04,45.15,45.55,46.18,46.84
2015-08-06,44.69,47.8,44.66,45.09,45.8,46.54
2015-08-07,43.87,47.54,43.87,44.36,45.11,45.85
2015-08-10,44.94,48.3,44.96,45.66,46.53,47.32
2015-08-11,43.11,47.33,43.08,43.87,44.83,45.68
2015-08-12,43.22,48.29,43.3,44.01,45.04,45.94
2015-08-13,42.27,48.01,42.23,42.98,44.18,45.16
2015-08-14,42.45,47.79,42.5,43.11,44.31,45.24
2015-08-17,41.93,47.77,41.87,42.41,43.56,44.47
2015-08-18,42.58,47.0,42.62,43.12,44.09,44.91
2015-08-19,40.75,45.75,40.8,41.27,42.18,43.01
2015-08-20,41.0,45.63,41.14,41.32,42.09,42.9
2015-08-21,40.45,43.84,40.45,41.19,41.91,42.63
2015-08-24,38.22,41.59,38.24,38.93,39.65,40.37
2015-08-25,39.15,41.86,39.31,39.95,40.64,41.34
2015-08-26,38.5,41.76,38.6,39.37,40.2,41.01
2015-08-27,42.47,44.46,42.56,43.37,44.28,45.17
2015-08-28,45.29,47.97,45.22,45.98,46.86,47.72
2015-08-31,49.2,47.97,49.2,49.93,50.77,51.63
2015-09-01,45.38,48.8,45.41,46.02,46.69,47.4
2015-09-02,46.3,47.67,46.25,46.86,47.52,48.22
2015-09-03,46.75,50.41,46.75,47.32,47.92,48.57
2015-09-04,46.02,48.59,46.05,46.63,47.23,47.86
2015-09-07,,46.42,,,,
2015-09-08,45.92,48.88,45.94,46.59,47.24,47.92
2015-09-09,44.13,48.04,44.15,44.8,45.48,46.2
2015-09-10,45.85,47.77,45.92,46.44,47.04,47.68
2015-09-11,44.75,46.87,44.63,45.16,45.8,46.47
2015-09-14,44.07,45.87,44.0,44.43,44.9,45.46
2015-09-15,44.58,45.91,44.59,45.0,45.53,46.14
2015-09-16,47.12,49.35,47.15,47.51,47.97,48.5
2015-09-17,46.93,48.27,46.9,47.2,47.66,48.19
2015-09-18,44.71,47.28,44.68,45.02,45.56,46.17
2015-09-21,46.67,47.64,46.68,46.96,47.43,48.01
2015-09-22,46.17,46.69,45.83,46.36,46.92,47.57
2015-09-23,44.53,48.0,44.48,45.1,45.82,46.54
2015-09-24,44.94,47.06,44.91,45.48,46.18,46.89
2015-09-25,45.55,47.28,45.7,46.19,46.8,47.44
2015-09-28,44.4,46.04,44.43,44.87,45.45,46.05
2015-09-29,45.24,47.58,45.23,45.64,46.2,46.76
2015-09-30,45.06,47.29,45.09,45.56,46.16,46.76
2015-10-01,44.75,47.48,44.74,45.22,45.82,46.39
2015-10-02,45.54,46.55,45.54,46.0,46.64,47.22
2015-10-05,46.28,49.45,46.26,46.75,47.47,48.12
2015-10-06,48.53,51.34,48.53,49.02,49.71,50.34
2015-10-07,47.86,51.66,47.81,48.4,49.13,49.79
2015-10-08,49.46,52.13,49.43,50.0,50.69,51.28
2015-10-09,49.67,52.08,49.63,50.14,50.82,51.4
2015-10-12,47.09,50.95,,,,
2015-10-13,46.7,48.94,46.66,47.15,47.9,48.58
2015-10-14,46.63,48.25,46.64,47.16,47.96,48.66
2015-10-15,46.38,47.87,46.38,46.87,47.69,48.38
2015-10-16,47.3,48.96,47.26,47.72,48.5,49.19
2015-10-19,45.91,47.51,45.89,46.28,46.99,47.68
2015-10-20,45.84,46.93,45.55,46.29,47.0,47.71
2015-10-21,45.22,46.72,45.2,45.92,46.65,47.35
2015-10-22,44.9,46.59,45.38,46.12,46.86,47.58
2015-10-23,43.91,46.3,44.6,45.47,46.25,46.98
2015-10-26,43.19,46.57,43.98,44.9,45.7,46.42
2015-10-27,43.21,45.54,43.2,44.12,44.91,45.62
2015-10-28,45.93,47.6,45.94,46.82,47.6,48.29
2015-10-29,46.02,48.04,46.06,46.9,47.64,48.31
2015-10-30,46.6,48.0,46.59,47.47,48.26,48.95
2015-11-02,46.12,47.91,46.14,47.04,47.87,48.58
2015-11-03,47.88,48.0,47.9,48.8,49.62,50.34
2015-11-04,46.32,46.96,46.32,47.21,47.99,48.69
2015-11-05,45.27,47.19,45.2,46.24,47.09,47.83
2015-11-06,44.32,46.09,44.29,45.47,46.33,47.09
2015-11-09,43.87,45.38,43.87,45.12,46.05,46.84
2015-11-10,44.23,46.44,44.21,45.44,46.36,47.13
2015-11-11,42.95,44.98,,,,
2015-11-12,41.74,44.98,41.75,43.03,44.0,44.79
2015-11-13,40.69,41.98,40.74,42.0,43.02,43.86
2015-11-16,41.68,40.28,41.74,42.79,43.77,44.63
2015-11-17,40.73,41.28,40.67,41.71,42.74,43.63
2015-11-18,40.75,41.45,40.75,41.95,43.09,44.03
2015-11-19,40.55,42.22,40.54,41.72,42.89,43.88
2015-11-20,39.39,42.49,40.39,41.9,43.19,44.23
2015-11-23,39.27,43.7,41.75,43.15,44.29,45.18
2015-11-24,40.89,44.38,42.87,44.33,45.47,46.4
2015-11-25,41.22,43.56,43.04,44.39,45.46,46.35
2015-11-26,41.22,43.55,,,,
2015-11-27,40.57,43.07,41.71,43.06,44.1,45.0
2015-11-30,40.43,43.73,41.65,42.96,43.93,44.77
2015-12-01,40.58,42.97,41.85,43.13,44.08,44.89
2015-12-02,39.93,41.92,39.94,41.38,42.49,43.42
2015-12-03,41.08,42.0,41.08,42.5,43.6,44.5
2015-12-04,40.0,41.44,39.97,41.39,42.54,43.47
2015-12-07,37.64,39.69,37.65,39.3,40.54,41.47
2015-12-08,37.46,39.44,37.51,39.01,40.21,41.14
2015-12-09,37.16,39.04,37.16,38.72,39.95,40.91
2015-12-10,36.76,38.65,36.76,38.43,39.78,40.82
2015-12-11,35.65,36.99,35.62,37.25,38.57,39.59
2015-12-14,36.31,36.51,36.31,37.6,38.75,39.66
2015-12-15,37.32,37.66,37.35,38.51,39.56,40.4
2015-12-16,35.55,36.96,35.52,36.75,37.9,38.85
2015-12-17,34.98,36.29,34.95,36.27,37.46,38.44
2015-12-18,34.72,36.76,34.73,36.06,37.21,38.16
2015-12-21,34.55,35.34,34.74,35.81,36.87,37.73
2015-12-22,36.12,35.26,36.14,37.06,37.83,38.52
2015-12-23,36.76,35.79,37.5,38.42,39.15,39.8
2015-12-24,37.62,37.22,38.1,39.11,39.93,40.64
2015-12-25,37.6,37.08,,,,
2015-12-28,36.36,37.08,36.81,37.82,38.66,39.4
2015-12-29,37.88,36.85,37.87,38.86,39.69,40.4
2015-12-30,36.59,35.65,36.6,37.64,38.51,39.27
2015-12-31,37.13,36.61,37.04,38.17,39.13,39.98
2016-01-01,37.13,36.61,,,,
2016-01-04,36.81,36.28,36.76,37.95,38.93,39.8
2016-01-05,35.97,35.56,35.97,37.18,38.23,39.15
2016-01-06,33.97,33.89,33.97,35.2,36.31,37.3
2016-01-07,33.29,33.57,33.27,34.49,35.64,36.68
2016-01-08,33.2,31.67,33.16,34.32,35.48,36.55
2016-01-11,31.42,30.14,31.41,32.52,33.69,34.79
2016-01-12,30.42,29.14,30.44,31.52,32.64,33.7
2016-01-13,30.42,28.58,30.48,31.39,32.35,33.28
2016-01-14,31.22,28.84,31.2,32.11,33.12,34.09
2016-01-15,29.45,28.8,29.42,30.39,31.38,32.31
2016-01-18,,27.36,,,,
2016-01-19,28.47,27.36,28.46,29.57,30.67,31.68
2016-01-20,26.68,26.01,26.55,28.35,29.69,30.83
2016-01-21,29.55,27.59,29.53,30.83,31.93,32.86
2016-01-22,32.07,30.46,32.19,33.51,34.67,35.65
2016-01-25,30.31,29.82,30.34,31.8,33.11,34.21
2016-01-26,29.54,30.94,31.45,32.9,34.22,35.27
2016-01-27,32.32,31.83,32.3,33.76,35.07,36.12
2016-01-28,33.21,33.01,33.22,34.71,36.03,37.09
2016-01-29,33.66,33.14,33.62,35.28,36.78,38.0
2016-02-01,31.62,32.45,31.62,33.36,34.93,36.23
2016-02-02,29.9,30.98,29.88,31.61,33.24,34.63
2016-02-03,32.29,32.38,32.28,33.86,35.39,36.67
2016-02-04,31.63,32.76,31.72,33.38,34.95,36.3
2016-02-05,30.86,32.35,30.89,32.72,34.47,35.94
2016-02-08,29.71,31.64,29.69,31.64,33.43,34.92
2016-02-09,27.96,30.15,27.94,29.74,31.41,32.74
2016-02-10,27.54,29.64,27.45,29.66,31.52,32.96
2016-02-11,26.19,28.82,26.21,28.83,30.76,32.21
2016-02-12,29.32,31.8,29.44,31.91,33.85,35.24
2016-02-16,29.05,31.09,29.04,30.97,32.64,33.93
2016-02-17,30.68,33.21,30.66,32.98,34.69,35.97
2016-02-18,30.77,33.2,30.77,32.93,34.55,35.76
2016-02-19,29.59,31.66,29.64,31.75,33.39,34.59
2016-02-22,31.37,33.59,31.48,33.39,35.04,36.18
2016-02-23,31.84,31.9,31.87,33.6,34.86,35.78
2016-02-24,30.35,31.5,32.15,34.07,35.44,36.44
2016-02-25,31.4,32.83,33.07,34.83,36.12,37.05
2016-02-26,31.65,35.76,32.78,34.58,35.83,36.72
2016-02-29,32.74,35.92,33.75,35.58,36.87,37.79
2016-03-01,34.39,35.73,34.4,36.15,37.3,38.11
2016-03-02,34.57,36.38,34.66,36.3,37.39,38.18
2016-03-03,34.56,35.75,34.57,36.33,37.51,38.35
2016-03-04,35.91,37.61,35.92,37.75,38.98,39.87
2016-03-07,37.9,39.02,37.9,39.82,41.03,41.92
2016-03-08,36.67,39.16,36.5,38.42,39.58,40.46
2016-03-09,37.62,40.26,38.29,40.07,41.09,41.87
2016-03-10,37.77,38.63,37.84,39.4,40.32,41.0
2016-03-11,38.51,39.41,38.5,40.09,40.98,41.65
2016-03-14,37.2,38.06,37.18,38.84,39.8,40.52
2016-03-15,36.32,37.49,36.34,38.08,39.04,39.76
2016-03-16,38.43,38.38,38.46,40.0,40.8,41.46
2016-03-17,40.17,39.29,40.2,41.66,42.39,42.96
2016-03-18,39.47,39.26,39.44,41.14,42.05,42.68
2016-03-21,39.91,39.91,39.91,41.52,42.42,43.04
2016-03-22,41.45,40.54,41.45,42.44,43.13,43.66
2016-03-23,38.28,38.84,39.79,40.87,41.63,42.22
2016-03-24,38.14,38.33,39.46,40.63,41.41,41.98
2016-03-28,37.99,38.33,39.39,40.53,41.29,41.82
2016-03-29,36.91,36.75,38.28,39.51,40.33,40.91
2016-03-30,36.91,36.75,38.32,39.66,40.55,41.2
2016-03-31,36.94,36.75,38.34,39.75,40.69,41.36
2016-04-01,35.36,36.42,36.79,38.2,39.17,39.84
2016-04-04,34.3,36.05,35.7,37.03,37.97,38.63
2016-04-05,34.52,35.88,35.89,37.11,37.99,38.59
2016-04-06,37.74,37.77,37.75,38.98,39.87,40.45
2016-04-07,37.3,37.15,37.26,38.49,39.36,39.91
2016-04-08,39.74,40.71,39.72,40.99,41.86,42.38
2016-04-11,40.46,41.58,40.36,41.75,42.66,43.22
2016-04-12,42.12,43.02,42.17,43.5,44.35,44.83
2016-04-13,41.7,42.81,41.76,43.01,43.84,44.35
2016-04-14,41.45,43.02,41.5,42.67,43.45,43.92
2016-04-15,40.4,41.32,40.36,41.71,42.54,43.03
2016-04-18,39.74,41.64,39.78,41.19,42.06,42.6
2016-04-19,40.88,43.02,41.08,42.47,43.32,43.82
2016-04-20,42.72,43.09,42.63,44.18,45.02,45.49
2016-04-21,43.18,43.48,43.18,43.98,44.44,44.8
2016-04-22,42.76,43.97,43.73,44.54,45.01,45.37
2016-04-25,41.67,42.97,42.64,43.59,44.15,44.59
2016-04-26,42.52,43.94,44.04,44.89,45.4,45.8
2016-04-27,45.29,44.17,45.33,46.2,46.7,47.09
2016-04-28,46.03,45.6,46.03,46.87,47.35,47.72
2016-04-29,45.98,45.64,45.92,46.69,47.14,47.5
2016-05-02,44.75,45.82,44.78,45.48,45.91,46.26
2016-05-03,43.65,43.09,43.65,44.41,44.9,45.32
2016-05-04,43.77,43.08,43.78,44.42,44.86,45.24
2016-05-05,44.33,44.39,44.32,44.91,45.3,45.65
2016-05-06,44.58,44.6,44.66,45.32,45.74,46.12
2016-05-09,43.45,42.43,43.44,44.03,44.45,44.84
2016-05-10,44.68,44.01,44.66,45.35,45.83,46.27
2016-05-11,46.21,46.08,46.23,47.01,47.48,47.9
2016-05-12,46.64,46.43,46.7,47.45,47.9,48.31
2016-05-13,46.22,47.05,46.21,46.9,47.39,47.82
2016-05-16,47.72,48.49,47.72,48.42,48.85,49.18
2016-05-17,48.29,48.71,48.31,48.99,49.42,49.76
2016-05-18,48.12,48.93,48.19,48.78,49.22,49.58
2016-05-19,48.16,47.01,48.16,48.67,49.08,49.42
2016-05-20,47.67,48.54,47.75,48.41,48.87,49.22
2016-05-23,48.12,47.77,48.08,48.57,48.95,49.28
2016-05-24,48.04,48.42,48.62,49.06,49.41,49.72
2016-05-25,49.1,48.87,49.56,49.96,50.31,50.61
2016-05-26,49.0,49.52,49.48,49.88,50.23,50.54
2016-05-27,49.36,49.09,49.33,49.74,50.13,50.47
2016-05-31,49.1,49.26,49.1,49.53,49.93,50.27
2016-06-01,49.07,48.81,49.01,49.49,49.91,50.23
2016-06-02,49.14,49.05,,,,
2016-06-03,48.69,48.5,48.62,49.11,49.54,49.88
2016-06-06,49.71,48.94,49.69,50.17,50.59,50.93
2016-06-07,50.37,49.76,50.36,50.92,51.39,51.75
2016-06-08,51.23,50.73,51.23,51.84,52.31,52.67
2016-06-09,50.52,50.59,50.56,51.22,51.73,52.13
2016-06-10,49.09,49.7,49.07,49.72,50.24,50.68
2016-06-13,48.89,49.36,48.88,49.52,50.04,50.48
2016-06-14,48.49,47.88,48.49,49.06,49.56,49.99
2016-06-15,47.92,47.47,48.01,48.5,48.95,49.35
2016-06-16,46.14,45.66,46.21,46.74,47.25,47.68
2016-06-17,48.0,46.57,47.98,48.56,49.09,49.53
2016-06-20,49.4,48.68,49.37,49.96,50.5,50.95
2016-06-21,48.95,48.18,48.85,49.85,50.45,50.93
2016-06-22,49.16,48.43,49.13,49.78,50.28,50.74
2016-06-23,49.34,48.63,50.11,50.76,51.25,51.71
2016-06-24,46.7,46.69,47.64,48.31,48.82,49.29
2016-06-27,45.8,45.07,46.33,47.02,47.55,48.06
2016-06-28,47.93,46.29,47.85,48.59,49.17,49.72
2016-06-29,49.85,48.4,49.88,50.58,51.15,51.7
2016-06-30,48.27,48.05,48.33,49.01,49.59,50.13
2016-07-01,49.02,47.65,48.99,49.65,50.25,50.82
2016-07-04,,48.02,,,,
2016-07-05,46.73,45.64,46.6,47.29,47.91,48.51
2016-07-06,47.37,45.7,47.43,48.14,48.75,49.34
2016-07-07,45.22,45.93,45.14,45.84,46.46,47.07
2016-07-08,45.37,44.53,45.41,46.12,46.75,47.37
2016-07-11,44.73,44.04,44.76,45.52,46.22,46.93
2016-07-12,46.82,46.72,46.8,47.57,48.24,48.92
2016-07-13,44.87,44.67,44.75,45.44,46.07,46.76
2016-07-14,45.64,46.01,45.68,46.42,47.06,47.77
2016-07-15,45.93,46.25,45.95,46.65,47.23,47.89
2016-07-18,45.23,45.35,45.24,45.94,46.54,47.22
2016-07-19,44.64,45.7,44.65,45.45,46.14,46.88
2016-07-20,44.96,45.82,44.94,45.75,46.45,47.19
2016-07-21,43.96,44.99,44.75,45.45,46.18,46.89
2016-07-22,43.41,44.24,44.19,44.88,45.59,46.27
2016-07-25,42.4,43.76,43.13,43.87,44.61,45.33
2016-07-26,42.16,43.56,42.92,43.68,44.42,45.15
2016-07-27,41.9,42.78,41.92,42.61,43.32,44.02
2016-07-28,41.13,41.87,41.14,41.86,42.59,43.31
2016-07-29,41.54,40.76,41.6,42.33,43.09,43.84
2016-08-01,40.05,40.17,40.06,40.84,41.62,42.39
2016-08-02,39.5,40.0,39.51,40.3,41.12,41.92
2016-08-03,40.8,40.45,40.83,41.58,42.35,43.11
2016-08-04,41.92,41.33,41.93,42.69,43.47,44.2
2016-08-05,41.83,42.47,41.8,42.57,43.38,44.12
2016-08-08,43.06,43.24,43.02,43.76,44.51,45.22
2016-08-09,42.78,43.37,42.77,43.5,44.25,44.95
2016-08-10,41.75,42.19,41.71,42.46,43.25,44.0
2016-08-11,43.51,44.23,43.49,44.23,44.99,45.71
2016-08-12,44.47,45.12,44.49,45.18,45.89,46.57
2016-08-15,45.72,47.31,45.74,46.4,47.1,47.77
2016-08-16,46.57,48.27,46.58,47.22,47.92,48.57
2016-08-17,46.81,48.58,46.79,47.52,48.27,48.96
2016-08-18,48.2,49.46,48.22,48.89,49.56,50.19
2016-08-19,48.48,49.39,48.52,49.11,49.73,50.32
2016-08-22,46.8,48.1,47.05,47.41,48.03,48.64
2016-08-23,47.54,48.7,48.1,48.75,49.39,50.01
2016-08-24,46.29,47.56,46.77,47.48,48.16,48.81
2016-08-25,46.97,49.25,47.33,48.03,48.69,49.35
2016-08-26,47.64,49.66,47.64,48.33,48.98,49.63
2016-08-29,46.97,49.66,46.98,47.65,48.29,48.93
2016-08-30,46.32,47.94,46.35,46.99,47.62,48.24
2016-08-31,44.68,47.94,44.7,45.31,45.91,46.51
2016-09-01,43.17,45.05,43.16,43.75,44.34,44.94
2016-09-02,44.39,45.96,44.44,45.04,45.64,46.24
2016-09-05,44.39,46.72,,,,
2016-09-06,44.85,46.21,44.83,45.46,46.1,46.74
2016-09-07,45.47,47.0,45.5,46.15,46.81,47.47
2016-09-08,47.63,49.23,47.62,48.26,48.91,49.57
2016-09-09,45.88,48.37,45.88,46.46,47.07,47.69
2016-09-12,46.28,47.82,46.29,46.84,47.44,48.05
2016-09-13,44.91,46.48,44.9,45.48,46.12,46.76
2016-09-14,43.62,45.65,43.58,44.15,44.78,45.44
2016-09-15,43.85,45.83,43.91,44.52,45.23,45.92
2016-09-16,43.04,45.26,43.03,43.62,44.36,45.06
2016-09-19,43.34,46.04,43.3,43.86,44.56,45.25
2016-09-20,43.85,45.24,43.44,44.05,44.7,45.35
2016-09-21,45.33,45.99,45.34,45.9,46.48,47.06
2016-09-22,46.1,47.21,46.32,46.88,47.48,48.06
2016-09-23,44.36,46.71,44.48,45.07,45.69,46.28
2016-09-26,45.6,46.61,45.93,46.49,47.08,47.66
2016-09-27,44.65,44.95,44.67,45.24,45.82,46.38
2016-09-28,47.07,45.49,47.05,47.65,48.22,48.74
2016-09-29,47.72,48.43,47.83,48.4,48.97,49.49
2016-09-30,47.72,48.24,48.24,48.82,49.4,49.93
2016-10-03,48.8,48.61,48.81,49.4,50.01,50.57
2016-10-04,48.67,48.81,48.69,49.3,49.94,50.53
2016-10-05,49.75,49.57,49.83,50.38,50.98,51.52
2016-10-06,50.44,50.14,50.44,50.98,51.57,52.08
2016-10-07,49.76,50.49,49.81,50.38,51.0,51.53
2016-10-10,49.76,51.54,,,,
2016-10-11,50.72,50.48,50.79,51.24,51.75,52.21
2016-10-12,50.14,49.53,50.18,50.64,51.17,51.64
2016-10-13,50.47,49.29,50.44,50.85,51.38,51.86
2016-10-14,50.35,48.87,50.35,50.75,51.26,51.73
2016-10-17,49.97,49.31,49.94,50.37,50.91,51.4
2016-10-18,50.3,49.81,50.29,50.62,51.14,51.63
2016-10-19,51.59,51.85,51.6,51.82,52.28,52.72
2016-10-20,50.31,50.42,50.43,50.63,51.14,51.64
2016-10-21,50.61,50.28,50.85,51.43,52.0,52.54
2016-10-24,50.18,49.8,50.52,51.16,51.77,52.35
2016-10-25,49.45,49.08,49.96,50.6,51.21,51.78
2016-10-26,48.75,48.98,49.18,49.83,50.45,51.02
2016-10-27,49.71,49.13,49.72,50.34,50.94,51.49
2016-10-28,48.72,47.78,48.7,49.33,49.93,50.5
2016-10-31,46.83,46.2,46.86,47.46,48.05,48.62
2016-11-01,46.66,,46.67,47.24,47.8,48.38
2016-11-02,45.32,44.26,45.34,45.93,46.53,47.14
2016-11-03,44.66,43.84,44.66,45.25,45.89,46.53
2016-11-04,44.07,43.06,44.07,44.65,45.28,45.92
2016-11-07,44.88,42.83,44.89,45.47,46.1,46.74
2016-11-08,44.96,43.47,44.98,45.61,46.3,46.98
2016-11-09,45.2,43.88,45.27,45.94,46.67,47.4
2016-11-10,44.62,43.67,44.66,45.36,46.12,46.88
2016-11-11,43.39,41.61,,,,
2016-11-14,43.29,41.83,43.32,43.94,44.65,45.35
2016-11-15,45.86,44.15,45.81,46.39,47.06,47.71
2016-11-16,45.56,45.07,45.57,46.1,46.77,47.44
2016-11-17,45.37,44.57,45.42,45.98,46.71,47.45
2016-11-18,45.69,44.41,45.69,46.36,47.11,47.85
2016-11-21,47.48,45.96,47.49,48.24,49.03,49.82
2016-11-22,48.07,46.1,48.03,48.93,49.78,50.5
2016-11-23,46.72,46.54,47.96,48.86,49.72,50.43
2016-11-24,,47.54,,,,
2016-11-25,46.72,46.32,,,,
2016-11-28,45.66,46.64,47.08,47.99,48.86,49.57
2016-11-29,45.29,44.68,45.23,46.13,47.0,47.72
2016-11-30,49.41,47.95,49.44,50.34,51.21,51.89
2016-12-01,51.08,52.28,51.06,51.96,52.81,53.44
2016-12-02,51.7,52.35,51.68,52.65,53.52,54.17
2016-12-05,51.72,53.3,51.79,52.83,53.76,54.47
2016-12-06,50.95,52.31,50.93,51.97,52.91,53.63
2016-12-07,49.85,51.9,49.77,50.94,51.97,52.72
2016-12-08,50.84,51.6,50.84,51.88,52.82,53.49
2016-12-09,51.51,52.19,51.5,52.44,53.3,53.94
2016-12-12,52.74,53.99,52.83,53.75,54.59,55.2
2016-12-13,52.99,53.28,52.98,53.94,54.81,55.46
2016-12-14,51.01,53.15,51.04,52.09,53.05,53.77
2016-12-15,50.9,51.72,50.9,51.97,52.91,53.62
2016-12-16,51.93,54.15,51.9,52.95,53.87,54.56
2016-12-19,52.13,53.53,52.12,53.06,53.9,54.55
2016-12-20,52.22,54.56,52.23,53.3,54.19,54.9
2016-12-21,51.44,53.01,52.49,53.38,54.1,54.66
2016-12-22,51.98,54.04,52.95,53.86,54.61,55.2
2016-12-23,52.01,53.93,53.02,53.92,54.65,55.24
2016-12-27,52.82,53.93,53.9,54.79,55.51,56.06
2016-12-28,54.01,53.93,54.06,54.95,55.67,56.25
2016-12-29,53.8,54.95,53.77,54.72,55.49,56.11
2016-12-30,53.75,54.96,53.72,54.66,55.43,56.05
2017-01-03,52.36,55.05,52.33,53.29,54.12,54.81
2017-01-04,53.26,54.57,53.26,54.22,55.05,55.75
2017-01-05,53.77,54.99,53.76,54.68,55.49,56.17
2017-01-06,53.98,55.9,53.99,54.87,55.68,56.37
2017-01-09,51.95,54.39,51.96,52.87,53.72,54.47
2017-01-10,50.82,53.2,50.82,51.7,52.53,53.28
2017-01-11,52.19,53.61,52.25,53.06,53.87,54.59
2017-01-12,53.01,54.51,53.01,53.84,54.65,55.39
2017-01-13,52.36,54.37,52.37,53.15,53.95,54.68
2017-01-16,,54.3,,,,
2017-01-17,52.45,54.68,52.48,53.26,54.03,54.75
2017-01-18,51.12,53.77,51.08,51.89,52.66,53.37
2017-01-19,51.39,53.18,51.37,52.12,52.84,53.5
2017-01-20,52.33,55.04,52.42,53.22,53.96,54.62
2017-01-23,52.77,54.8,52.75,53.5,54.17,54.71
2017-01-24,52.38,54.7,53.18,53.86,54.46,54.96
2017-01-25,52.14,54.34,52.75,53.39,53.95,54.43
2017-01-26,53.24,55.89,53.78,54.38,54.9,55.34
2017-01-27,53.18,54.8,53.17,53.75,54.25,54.67
2017-01-30,52.63,54.77,52.63,53.24,53.78,54.24
2017-01-31,52.75,55.25,52.81,53.42,53.94,54.38
2017-02-01,53.9,55.79,53.88,54.49,54.99,55.41
2017-02-02,53.55,55.94,53.54,54.17,54.67,55.09
2017-02-03,53.81,55.92,53.83,54.47,54.99,55.41
2017-02-06,53.01,55.02,53.01,53.63,54.16,54.6
2017-02-07,52.19,53.79,52.17,52.78,53.3,53.72
2017-02-08,52.37,54.42,52.34,52.91,53.37,53.76
2017-02-09,52.99,53.98,53.0,53.46,53.88,54.25
2017-02-10,53.84,55.2,53.86,54.33,54.78,55.18
2017-02-13,52.96,54.15,52.93,53.43,53.86,54.25
2017-02-14,53.21,54.96,53.2,53.71,54.12,54.48
2017-02-15,53.11,54.57,53.11,53.6,53.99,54.31
2017-02-16,53.41,54.16,53.36,53.75,54.07,54.33
2017-02-17,53.41,54.48,53.4,53.78,54.12,54.37
2017-02-20,,55.25,,,,
2017-02-21,54.02,56.34,54.06,54.33,54.61,54.81
2017-02-22,53.61,54.9,53.59,53.93,54.17,54.37
2017-02-23,54.48,55.82,54.45,54.76,54.96,55.13
2017-02-24,53.99,54.69,53.99,54.32,54.56,54.76
2017-02-27,54.04,54.65,54.05,54.42,54.69,54.9
2017-02-28,54.0,53.36,54.01,54.43,54.75,55.0
2017-03-01,53.82,55.72,53.83,54.28,54.61,54.87
2017-03-02,52.63,54.16,52.61,53.07,53.41,53.69
2017-03-03,53.33,54.12,53.33,53.78,54.12,54.39
2017-03-06,53.19,54.73,53.2,53.71,54.11,54.42
2017-03-07,52.68,54.61,53.14,53.64,54.02,54.32
2017-03-08,49.83,53.3,50.28,50.83,51.24,51.57
2017-03-09,48.75,50.65,49.28,49.83,50.25,50.59
2017-03-10,48.05,50.63,48.49,49.03,49.45,49.77
2017-03-13,47.95,50.1,48.4,48.94,49.37,49.7
2017-03-14,47.24,49.6,47.72,48.35,48.83,49.19
2017-03-15,48.34,50.63,48.86,49.38,49.78,50.09
2017-03-16,48.3,50.56,48.75,49.24,49.63,49.94
2017-03-17,48.34,50.58,48.78,49.31,49.73,50.04
2017-03-20,47.79,50.67,48.22,48.91,49.44,49.81
2017-03-21,47.02,50.14,47.34,48.24,48.82,49.22
2017-03-22,47.29,49.56,48.04,48.58,48.96,49.23
2017-03-23,47.0,50.17,47.7,48.26,48.63,48.89
2017-03-24,47.3,49.97,47.97,48.51,48.87,49.13
2017-03-27,47.02,50.12,47.73,48.3,48.69,48.97
2017-03-28,48.36,50.72,48.37,48.9,49.27,49.53
2017-03-29,49.47,51.36,49.51,50.0,50.35,50.59
2017-03-30,50.3,52.25,50.35,50.78,51.1,51.34
2017-03-31,50.54,52.2,50.6,51.07,51.42,51.66
2017-04-03,50.25,52.04,50.24,50.71,51.08,51.35
2017-04-04,50.99,53.08,51.03,51.51,51.88,52.16
2017-04-05,51.14,53.41,51.15,51.6,51.95,52.22
2017-04-06,51.69,53.62,51.7,52.13,52.47,52.72
2017-04-07,52.25,54.24,52.24,52.64,52.95,53.16
2017-04-10,53.06,54.79,53.08,53.48,53.8,54.01
2017-04-11,53.38,54.73,53.4,53.79,54.11,54.31
2017-04-12,53.12,54.75,53.11,53.52,53.85,54.09
2017-04-13,53.19,55.05,53.18,53.6,53.93,54.18
2017-04-17,52.62,54.79,52.65,53.11,53.47,53.74
2017-04-18,52.46,52.6,52.41,52.85,53.2,53.46
2017-04-19,50.49,52.43,50.44,50.85,51.2,51.48
2017-04-20,50.26,50.66,50.27,50.71,51.07,51.36
2017-04-21,49.64,49.93,49.62,49.97,50.28,50.55
2017-04-24,48.9,49.45,49.23,49.58,49.89,50.17
2017-04-25,49.22,49.37,49.56,49.9,50.17,50.42
2017-04-26,49.22,49.99,49.62,49.96,50.21,50.45
2017-04-27,48.96,49.46,48.97,49.31,49.56,49.8
2017-04-28,49.31,49.46,49.33,49.62,49.85,50.08
2017-05-01,48.83,50.41,48.84,49.16,49.4,49.63
2017-05-02,47.65,49.31,47.66,47.99,48.24,48.48
2017-05-03,47.79,48.82,47.82,48.18,48.45,48.69
2017-05-04,45.55,47.53,45.52,45.9,46.19,46.47
2017-05-05,46.23,47.45,46.22,46.6,46.91,47.2
2017-05-08,46.46,46.61,46.43,46.84,47.19,47.5
2017-05-09,45.84,47.06,45.88,46.27,46.62,46.92
2017-05-10,47.28,48.09,47.33,47.7,48.02,48.29
2017-05-11,47.81,49.18,47.83,48.2,48.51,48.77
2017-05-12,47.83,49.08,47.84,48.17,48.44,48.67
2017-05-15,48.86,51.29,48.85,49.16,49.4,49.61
2017-05-16,48.64,51.21,48.66,49.0,49.29,49.55
2017-05-17,49.04,51.76,49.07,49.41,49.7,49.97
2017-05-18,49.36,51.71,49.35,49.66,49.91,50.14
2017-05-19,50.32,52.78,50.33,50.67,50.92,51.13
2017-05-22,50.81,53.35,50.73,51.13,51.4,51.63
2017-05-23,51.12,53.19,51.47,51.72,51.92,52.08
2017-05-24,50.99,53.29,51.36,51.59,51.76,51.89
2017-05-25,48.57,52.25,48.9,49.14,49.33,49.48
2017-05-26,49.58,50.84,49.8,50.05,50.23,50.36
2017-05-29,,52.25,,,,
2017-05-30,49.63,50.65,49.66,49.91,50.1,50.23
2017-05-31,48.29,49.4,48.32,48.56,48.74,48.87
2017-06-01,48.32,50.41,48.36,48.6,48.79,48.94
2017-06-02,47.68,48.46,47.66,47.87,48.05,48.2
2017-06-05,47.4,48.25,47.4,47.58,47.75,47.89
2017-06-06,48.13,48.11,48.19,48.34,48.49,48.61
2017-06-07,45.8,47.08,45.72,45.98,46.22,46.43
2017-06-08,45.68,46.3,45.64,45.89,46.13,46.35
2017-06-09,45.82,46.64,45.83,46.07,46.32,46.53
2017-06-12,46.1,47.18,46.08,46.32,46.56,46.75
2017-06-13,46.41,46.95,46.46,46.67,46.89,47.07
2017-06-14,44.79,45.47,44.73,44.93,45.14,45.34
2017-06-15,44.47,45.61,44.46,44.68,44.91,45.14
2017-06-16,44.73,45.7,44.74,44.97,45.2,45.41
2017-06-19,44.24,45.93,44.2,44.43,44.69,44.92
2017-06-20,43.34,43.98,43.23,43.51,43.77,44.02
2017-06-21,42.48,44.62,42.53,42.75,42.96,43.22
2017-06-22,42.53,44.46,42.74,42.97,43.19,43.45
2017-06-23,42.86,44.14,43.01,43.27,43.51,43.79
2017-06-26,43.24,44.09,43.38,43.61,43.84,44.11
2017-06-27,44.25,46.17,44.24,44.49,44.73,45.01
2017-06-28,44.74,46.45,44.74,44.99,45.23,45.51
2017-06-29,44.88,47.02,44.93,45.2,45.44,45.72
2017-06-30,46.02,47.08,46.04,46.29,46.51,46.77
2017-07-03,,49.13,47.07,47.29,47.49,47.74
2017-07-04,,49.15,,,,
2017-07-05,45.11,47.58,45.13,45.34,45.55,45.81
2017-07-06,45.52,48.53,45.52,45.7,45.89,46.13
2017-07-07,44.25,46.47,44.23,44.39,44.56,44.8
2017-07-10,44.4,46.57,44.4,44.6,44.79,45.04
2017-07-11,45.06,46.68,45.04,45.23,45.4,45.65
2017-07-12,45.48,46.73,45.49,45.66,45.81,46.01
2017-07-13,46.06,47.65,46.08,46.25,46.4,46.59
2017-07-14,46.53,47.89,46.54,46.75,46.92,47.12
2017-07-17,46.02,47.66,46.02,46.23,46.41,46.64
2017-07-18,46.4,47.92,46.4,46.59,46.76,46.99
2017-07-19,47.1,48.34,47.12,47.32,47.5,47.73
2017-07-20,46.73,48.54,46.79,46.92,47.1,47.34
2017-07-21,45.78,47.47,45.77,45.95,46.19,46.45
2017-07-24,46.21,47.81,46.34,46.51,46.72,46.95
2017-07-25,47.77,49.19,47.89,48.02,48.19,48.37
2017-07-26,48.58,50.08,48.75,48.85,48.99,49.11
2017-07-27,49.05,50.67,49.04,49.17,49.32,49.44
2017-07-28,49.72,52.0,49.71,49.81,49.93,50.0
2017-07-31,50.21,51.99,50.17,50.26,50.37,50.46
2017-08-01,49.19,50.77,49.16,49.29,49.43,49.57
2017-08-02,49.6,52.09,49.59,49.73,49.87,49.99
2017-08-03,49.03,52.88,49.03,49.19,49.34,49.48
2017-08-04,49.57,52.48,49.58,49.73,49.88,50.02
2017-08-07,49.37,51.42,49.39,49.57,49.75,49.92
2017-08-08,49.07,52.18,49.17,49.35,49.52,49.68
2017-08-09,49.59,52.16,49.56,49.72,49.87,50.01
2017-08-10,48.54,52.59,48.59,48.75,48.88,49.0
2017-08-11,48.81,51.47,48.82,48.97,49.11,49.23
2017-08-14,47.59,51.29,47.59,47.73,47.88,48.03
2017-08-15,47.57,49.9,47.55,47.7,47.84,47.96
2017-08-16,46.8,50.39,46.78,46.94,47.1,47.25
2017-08-17,47.07,50.37,47.09,47.24,47.4,47.53
2017-08-18,48.59,50.96,48.51,48.66,48.82,48.93
2017-08-21,47.39,51.94,47.37,47.53,47.68,47.79
2017-08-22,47.65,52.29,47.64,47.83,48.02,48.18
2017-08-23,48.45,52.31,48.41,48.62,48.8,48.97
2017-08-24,47.24,51.73,47.43,47.7,47.92,48.11
2017-08-25,47.65,51.87,47.87,48.12,48.34,48.53
2017-08-28,46.4,51.87,46.57,46.96,47.27,47.52
2017-08-29,46.46,51.64,46.44,47.0,47.45,47.79
2017-08-30,45.96,51.91,45.96,46.51,46.94,47.25
2017-08-31,47.26,52.69,47.23,47.96,48.56,49.0
2017-09-01,47.32,53.15,47.29,47.99,48.54,48.99
2017-09-04,,52.6,,,,
2017-09-05,48.63,53.63,48.66,49.14,49.53,49.86
2017-09-06,49.13,54.48,49.16,49.62,50.0,50.31
2017-09-07,49.1,54.16,49.09,49.53,49.91,50.23
2017-09-08,47.44,54.55,47.48,48.06,48.56,48.95
2017-09-11,48.06,54.2,48.07,48.62,49.07,49.42
2017-09-12,48.21,55.06,48.23,48.75,49.17,49.48
2017-09-13,49.3,55.52,49.3,49.75,50.1,50.35
2017-09-14,49.86,56.76,49.89,50.35,50.66,50.89
2017-09-15,49.9,56.18,49.89,50.44,50.81,51.09
2017-09-18,49.88,55.5,49.91,50.35,50.66,50.9
2017-09-19,49.54,56.58,49.48,49.9,50.24,50.5
2017-09-20,50.29,57.2,50.41,50.69,51.04,51.29
2017-09-21,50.58,57.73,50.55,50.93,51.21,51.39
2017-09-22,50.33,58.16,50.66,51.03,51.31,51.47
2017-09-25,51.85,59.42,52.22,52.52,52.74,52.84
2017-09-26,51.59,59.77,51.88,52.19,52.42,52.54
2017-09-27,52.14,58.74,52.14,52.43,52.63,52.72
2017-09-28,51.62,58.8,51.56,51.87,52.09,52.2
2017-09-29,51.67,57.02,51.67,51.95,52.14,52.22
2017-10-02,50.59,55.67,50.58,50.9,51.14,51.27
2017-10-03,50.44,56.12,50.42,50.74,50.99,51.13
2017-10-04,50.0,56.0,49.98,50.32,50.6,50.79
2017-10-05,50.79,57.09,50.79,51.15,51.44,51.64
2017-10-06,49.34,55.5,49.29,49.65,49.92,50.12
2017-10-09,49.58,55.29,,,,
2017-10-10,50.93,56.62,50.92,51.23,51.43,51.58
2017-10-11,51.3,56.13,51.3,51.6,51.8,51.95
2017-10-12,50.61,56.13,50.6,50.93,51.15,51.33
2017-10-13,51.43,56.86,51.45,51.73,51.94,52.1
2017-10-16,51.86,57.49,51.87,52.14,52.34,52.49
2017-10-17,51.87,57.63,51.88,52.11,52.28,52.39
2017-10-18,52.05,58.05,52.04,52.26,52.45,52.56
2017-10-19,51.29,57.82,51.29,51.51,51.73,51.87
2017-10-20,51.63,57.89,51.47,51.84,52.04,52.17
2017-10-23,51.91,57.69,51.9,52.08,52.19,52.26
2017-10-24,52.32,57.84,52.47,52.67,52.79,52.87
2017-10-25,51.97,58.45,52.18,52.43,52.59,52.71
2017-10-26,52.41,58.75,52.64,52.86,53.0,53.1
2017-10-27,53.92,60.15,53.9,54.09,54.18,54.21
2017-10-30,54.11,60.65,54.15,54.37,54.48,54.53
2017-10-31,54.36,61.35,54.38,54.59,54.69,54.72
2017-11-01,54.32,60.98,54.3,54.51,54.62,54.66
2017-11-02,54.55,60.79,54.54,54.77,54.89,54.93
2017-11-03,55.63,61.42,55.64,55.86,55.98,56.02
2017-11-06,57.34,64.27,57.35,57.57,57.7,57.72
2017-11-07,57.19,64.36,57.2,57.43,57.59,57.63
2017-11-08,56.82,63.96,56.81,57.05,57.22,57.32
2017-11-09,57.16,64.49,57.17,57.39,57.56,57.65
2017-11-10,56.75,64.35,,,,
2017-11-13,56.77,62.94,56.76,56.97,57.13,57.27
2017-11-14,55.67,60.91,55.7,55.89,56.03,56.16
2017-11-15,55.28,61.25,55.33,55.52,55.66,55.79
2017-11-16,55.14,61.18,55.14,55.35,55.49,55.6
2017-11-17,56.21,61.34,56.55,56.71,56.81,56.87
2017-11-20,56.21,61.34,56.09,56.42,56.53,56.6
2017-11-21,56.84,62.28,56.83,56.92,56.96,56.92
2017-11-22,57.88,62.92,58.02,58.02,57.94,57.78
2017-11-23,,63.27,,,,
2017-11-24,58.94,63.58,,,,
2017-11-27,58.1,63.25,58.11,58.16,58.08,57.92
2017-11-28,57.96,63.56,57.99,58.05,58.0,57.88
2017-11-29,57.25,63.74,57.3,57.36,57.31,57.2
2017-11-30,57.4,63.53,57.4,57.45,57.4,57.28
2017-12-01,58.35,64.57,58.36,58.38,58.31,58.17
2017-12-04,57.48,63.45,57.47,57.49,57.42,57.31
2017-12-05,57.66,63.45,57.62,57.67,57.65,57.58
2017-12-06,55.79,62.25,55.96,56.03,56.05,56.07
2017-12-07,56.5,62.37,56.69,56.75,56.76,56.76
2017-12-08,57.15,63.86,57.36,57.44,57.46,57.46
2017-12-11,57.84,65.62,57.99,58.05,58.04,58.01
2017-12-12,57.12,64.96,57.14,57.16,57.13,57.08
2017-12-13,56.59,63.66,56.6,56.59,56.5,56.4
2017-12-14,57.0,63.72,57.04,57.08,57.01,56.93
2017-12-15,57.29,63.81,57.3,57.33,57.24,57.12
2017-12-18,57.17,64.45,57.16,57.22,57.23,57.2
2017-12-19,57.49,63.69,57.46,57.56,57.58,57.56
2017-12-20,58.09,64.43,58.09,58.13,58.11,58.04
2017-12-21,58.34,64.64,58.36,58.4,58.39,58.3
2017-12-22,58.25,64.61,58.47,58.54,58.54,58.48
2017-12-26,59.55,,59.97,60.0,59.98,59.86
2017-12-27,59.67,66.03,59.64,59.69,59.68,59.6
2017-12-28,59.84,66.8,59.84,59.87,59.84,59.73
2017-12-29,60.46,66.73,60.42,60.44,60.4,60.27
2018-01-01,,,60.42,60.44,60.4,60.27
2018-01-02,60.37,66.65,60.37,60.38,60.33,60.2
2018-01-03,61.61,67.85,61.63,61.55,61.41,61.21
2018-01-04,61.98,68.73,62.01,61.9,61.73,61.52
2018-01-05,61.49,68.01,61.44,61.41,61.3,61.15
2018-01-08,61.73,68.48,61.73,61.72,61.62,61.48
2018-01-09,62.92,69.08,62.96,62.87,62.7,62.49
2018-01-10,63.6,69.79,63.57,63.42,63.21,62.98
2018-01-11,63.81,70.36,63.8,63.68,63.46,63.2
2018-01-12,64.22,69.64,64.3,64.23,64.03,63.77
2018-01-15,,70.31,64.3,64.23,64.03,63.77
2018-01-16,63.82,69.4,63.73,63.67,63.49,63.27
2018-01-17,63.92,69.19,63.97,63.92,63.74,63.52
2018-01-18,63.96,69.48,63.95,63.89,63.71,63.49
2018-01-19,63.38,68.56,63.37,63.31,63.16,62.96
2018-01-22,63.66,69.32,63.49,63.57,63.43,63.23
2018-01-23,64.45,69.81,64.47,64.31,64.09,63.79
2018-01-24,65.69,69.91,65.61,65.36,65.03,64.61
2018-01-25,65.62,71.08,65.51,65.37,65.1,64.72
2018-01-26,66.27,70.08,66.14,65.97,65.67,65.26
2018-01-29,65.71,68.41,65.56,65.39,65.1,64.71
2018-01-30,64.64,67.78,64.5,64.35,64.11,63.77
2018-01-31,64.82,67.78,64.73,64.56,64.31,63.96
2018-02-01,65.92,68.6,65.8,65.55,65.21,64.8
2018-02-02,65.5,67.45,65.45,65.07,64.61,64.11
2018-02-05,64.18,67.69,64.15,63.83,63.41,62.96
2018-02-06,63.48,66.75,63.39,63.11,62.7,62.26
2018-02-07,61.91,65.74,61.79,61.55,61.19,60.81
2018-02-08,61.3,64.26,61.15,60.94,60.62,60.27
2018-02-09,59.2,63.04,59.2,58.99,58.67,58.32
2018-02-12,59.41,62.2,59.29,59.08,58.73,58.35
2018-02-13,59.33,61.94,59.19,59.03,58.75,58.41
2018-02-14,60.7,62.29,60.6,60.51,60.27,59.92
2018-02-15,61.48,62.86,61.34,61.17,60.78,60.28
2018-02-16,61.89,64.3,61.68,61.55,61.2,60.73
2018-02-19,,64.95,61.68,61.55,61.2,60.73
2018-02-20,61.91,64.68,61.9,61.79,61.56,61.2
2018-02-21,61.73,64.81,61.68,61.52,61.2,60.78
2018-02-22,62.72,66.12,62.77,62.6,62.25,61.78
2018-02-23,63.52,67.04,63.55,63.41,63.1,62.67
2018-02-26,63.81,67.96,63.91,63.77,63.45,63.0
2018-02-27,62.94,67.59,63.01,62.9,62.63,62.22
2018-02-28,61.43,66.08,61.64,61.47,61.14,60.67
2018-03-01,60.98,64.23,60.99,60.8,60.44,59.98
2018-03-02,61.19,64.26,61.25,61.09,60.78,60.36
2018-03-05,62.49,65.78,62.57,62.39,62.05,61.6
2018-03-06,62.54,65.67,62.6,62.45,62.16,61.73
2018-03-07,61.09,65.09,61.15,61.02,60.75,60.37
2018-03-08,60.13,63.87,60.12,60.06,59.91,59.64
2018-03-09,62.02,65.19,62.04,61.92,61.69,61.33
2018-03-12,61.35,64.53,61.36,61.33,61.16,60.87
2018-03-13,60.69,64.2,60.71,60.75,60.65,60.41
2018-03-14,60.89,63.61,60.96,61.02,60.91,60.66
2018-03-15,61.16,63.67,61.19,61.25,61.13,60.85
2018-03-16,62.29,64.68,62.34,62.41,62.25,61.94
2018-03-19,62.01,64.82,62.06,62.13,61.96,61.61
2018-03-20,63.37,66.0,63.4,63.54,63.31,62.9
2018-03-21,65.1,68.15,65.17,64.95,64.54,64.0
2018-03-22,64.25,68.98,64.3,64.18,63.83,63.37
2018-03-23,65.8,69.03,65.88,65.71,65.29,64.74
2018-03-26,65.49,68.81,65.55,65.41,65.03,64.49
2018-03-27,65.21,68.63,65.25,65.18,64.86,64.36
2018-03-28,64.3,68.13,64.38,64.35,64.06,63.59
2018-03-29,64.87,69.02,64.94,64.87,64.54,64.04
2018-03-30,,,64.94,64.87,64.54,64.04
2018-04-02,63.05,69.02,63.01,62.99,62.72,62.26
2018-04-03,63.41,69.02,63.51,63.46,63.21,62.77
2018-04-04,63.35,66.04,63.37,63.33,63.1,62.69
2018-04-05,63.53,66.54,63.54,63.54,63.34,62.98
2018-04-06,62.03,66.51,62.06,62.1,61.96,61.64
2018-04-09,63.4,68.19,63.42,63.43,63.26,62.91
2018-04-10,65.48,70.67,65.51,65.44,65.17,64.7
2018-04-11,66.81,72.74,66.82,66.74,66.44,65.91
2018-04-12,67.07,71.44,67.07,66.95,66.58,66.01
2018-04-13,67.35,73.18,67.39,67.33,67.0,66.45
2018-04-16,66.23,73.18,66.22,66.2,65.94,65.46
2018-04-17,66.5,71.71,66.52,66.51,66.24,65.75
2018-04-18,68.44,73.73,68.47,68.47,68.15,67.55
2018-04-19,68.3,74.85,68.29,68.33,68.08,67.53
2018-04-20,68.26,74.62,68.38,68.4,68.18,67.66
2018-04-23,67.61,74.54,68.64,68.47,68.02,67.43
2018-04-24,67.66,75.86,67.7,67.57,67.17,66.62
2018-04-25,68.0,73.79,68.05,67.92,67.53,66.98
2018-04-26,68.18,75.39,68.19,68.08,67.74,67.21
2018-04-27,68.11,75.33,68.1,67.98,67.63,67.1
2018-04-30,68.56,75.92,68.57,68.48,68.17,67.68
2018-05-01,67.28,74.85,67.25,67.13,66.82,66.35
2018-05-02,67.91,73.14,67.93,67.77,67.35,66.82
2018-05-03,68.45,73.45,68.43,68.26,67.8,67.22
2018-05-04,69.71,74.75,69.72,69.58,69.16,68.62
2018-05-07,70.74,74.75,70.73,70.62,70.26,69.76
2018-05-08,68.83,74.16,69.06,68.97,68.66,68.19
2018-05-09,71.16,77.6,71.14,71.05,70.75,70.27
2018-05-10,71.36,77.59,71.36,71.31,71.07,70.63
2018-05-11,70.69,77.37,70.7,70.68,70.47,70.09
2018-05-14,71.01,78.17,70.96,70.99,70.81,70.45
2018-05-15,71.34,78.94,71.31,71.37,71.15,70.72
2018-05-16,71.43,78.19,71.49,71.56,71.35,70.93
2018-05-17,71.47,80.09,71.49,71.57,71.33,70.86
2018-05-18,71.23,78.38,71.28,71.37,71.11,70.62
2018-05-21,72.26,78.34,72.24,72.35,72.08,71.54
2018-05-22,72.09,80.42,72.13,72.2,72.02,71.57
2018-05-23,71.85,78.69,71.84,71.71,71.32,70.82
2018-05-24,70.77,78.9,70.71,70.58,70.19,69.69
2018-05-25,67.92,76.6,67.88,67.78,67.45,67.06
2018-05-28,,,67.88,67.78,67.45,67.06
2018-05-29,66.8,74.51,66.73,66.62,66.27,65.87
2018-05-30,68.24,75.89,68.21,68.08,67.66,67.18
2018-05-31,66.98,76.45,67.04,66.91,66.54,66.11
2018-06-01,65.81,74.54,65.81,65.77,65.53,65.23
2018-06-04,64.76,73.41,64.75,64.68,64.48,64.26
2018-06-05,65.51,72.91,65.52,65.46,65.23,64.95
2018-06-06,64.75,73.23,64.73,64.7,64.52,64.27
2018-06-07,65.96,75.23,65.95,65.89,65.63,65.3
2018-06-08,65.77,75.11,65.74,65.67,65.4,65.06
2018-06-11,66.1,74.58,66.1,66.03,65.74,65.36
2018-06-12,66.38,74.86,66.36,66.28,65.98,65.58
2018-06-13,66.63,75.07,66.64,66.52,66.22,65.84
2018-06-14,66.91,74.77,66.89,66.69,66.27,65.79
2018-06-15,65.01,72.02,65.06,64.85,64.4,63.94
2018-06-18,65.91,74.87,65.85,65.69,65.28,64.81
2018-06-19,65.09,74.92,65.07,64.9,64.56,64.13
2018-06-20,65.92,74.25,66.22,65.71,65.24,64.72
2018-06-21,65.68,72.87,65.54,64.86,64.19,63.84
2018-06-22,69.02,73.67,68.58,67.63,66.79,66.34
2018-06-25,69.91,72.82,68.08,67.04,66.18,65.79
2018-06-26,75.23,73.58,70.53,69.28,68.16,67.59
2018-06-27,77.41,76.09,72.76,71.26,69.96,69.22
2018-06-28,73.45,76.26,73.45,71.81,70.34,69.51
2018-06-29,74.13,77.44,74.15,72.46,70.92,70.16
2018-07-02,73.89,76.71,73.94,71.62,69.3,68.51
2018-07-03,74.19,75.87,74.14,71.59,68.84,68.06
2018-07-04,,76.99,74.14,71.59,68.84,68.06
2018-07-05,73.05,77.09,72.94,70.63,68.46,67.96
2018-07-06,73.78,74.98,73.8,71.57,69.14,68.5
2018-07-09,73.93,77.08,73.85,71.98,69.85,69.22
2018-07-10,74.11,77.8,74.11,72.56,70.62,69.88
2018-07-11,70.47,75.35,70.38,68.86,67.1,66.33
2018-07-12,70.28,72.11,70.33,69.35,68.07,67.44
2018-07-13,71.03,74.11,71.01,69.95,68.55,68.01
2018-07-16,68.22,71.03,68.06,67.07,65.66,65.11
2018-07-17,68.03,70.87,68.08,67.16,65.84,65.27
2018-07-18,68.78,70.52,68.76,67.75,66.38,65.89
2018-07-19,69.42,71.94,69.46,68.24,66.53,65.99
2018-07-20,70.31,71.99,70.46,68.26,66.64,66.18
2018-07-23,67.9,73.45,67.89,66.75,66.43,66.14
2018-07-24,70.77,73.53,68.52,67.19,66.77,66.47
2018-07-25,71.13,73.67,69.3,68.01,67.59,67.26
2018-07-26,71.59,74.51,69.61,68.43,68.0,67.67
2018-07-27,68.66,74.84,68.69,67.73,67.36,67.04
2018-07-30,71.19,74.99,70.13,68.95,68.51,68.14
2018-07-31,69.88,74.16,68.76,67.63,67.27,66.97
2018-08-01,68.8,72.28,67.66,66.5,66.11,65.78
2018-08-02,68.95,72.95,68.96,67.66,67.18,66.79
2018-08-03,68.49,72.48,68.49,67.35,66.93,66.59
2018-08-06,69.01,72.51,69.01,67.94,67.48,67.1
2018-08-07,69.17,72.31,69.17,68.33,67.96,67.62
2018-08-08,66.92,70.71,66.94,66.25,65.87,65.54
2018-08-09,66.81,70.55,66.81,66.14,65.78,65.48
2018-08-10,67.61,71.0,67.63,66.94,66.54,66.21
2018-08-13,67.25,70.62,67.2,66.57,66.21,65.88
2018-08-14,67.04,70.77,67.04,66.33,66.0,65.71
2018-08-15,65.07,68.38,65.01,64.46,64.24,64.0
2018-08-16,65.44,69.21,65.46,64.88,64.66,64.42
2018-08-17,65.93,70.14,65.91,65.21,64.94,64.66
2018-08-20,66.5,71.11,66.43,65.42,65.1,64.8
2018-08-21,67.32,71.65,67.35,65.84,65.49,65.19
2018-08-22,67.85,72.96,67.86,67.51,67.2,66.93
2018-08-23,69.13,73.73,67.83,67.53,67.24,66.98
2018-08-24,69.71,74.41,68.72,68.36,68.05,67.78
2018-08-27,69.97,74.41,68.87,68.54,68.25,67.99
2018-08-28,68.54,75.91,68.53,68.22,67.93,67.69
2018-08-29,69.68,76.07,69.51,69.17,68.87,68.61
2018-08-30,70.25,77.05,70.25,69.81,69.46,69.17
2018-08-31,69.84,76.94,69.8,69.37,69.05,68.79
2018-09-03,,77.81,69.8,69.37,69.05,68.79
2018-09-04,69.82,77.51,69.87,69.56,69.29,69.04
2018-09-05,68.69,76.68,68.72,68.42,68.17,67.94
2018-09-06,67.81,75.67,67.77,67.52,67.3,67.07
2018-09-07,67.73,75.55,67.75,67.55,67.39,67.19
2018-09-10,67.55,76.77,67.54,67.41,67.31,67.17
2018-09-11,69.29,78.22,69.25,69.04,68.89,68.71
2018-09-12,70.37,80.02,70.37,70.16,70.04,69.88
2018-09-13,68.6,77.66,68.59,68.41,68.35,68.25
2018-09-14,68.98,77.87,68.99,68.77,68.67,68.54
2018-09-17,68.86,78.22,68.91,68.68,68.59,68.47
2018-09-18,69.87,79.25,69.85,69.59,69.45,69.3
2018-09-19,71.08,79.43,71.12,70.77,70.52,70.28
2018-09-20,70.77,79.03,70.8,70.32,70.06,69.88
2018-09-21,70.8,78.9,70.78,70.37,70.06,69.79
2018-09-24,73.23,80.89,72.08,71.76,71.51,71.26
2018-09-25,73.4,82.21,72.28,72.1,71.91,71.69
2018-09-26,72.22,81.87,71.57,71.41,71.25,71.06
2018-09-27,72.18,81.54,72.12,71.96,71.82,71.63
2018-09-28,73.16,82.72,73.25,73.06,72.89,72.7
2018-10-01,75.37,84.94,75.3,75.14,75.0,74.83
2018-10-02,75.16,85.63,75.23,75.04,74.9,74.76
2018-10-03,76.4,85.45,76.41,76.24,76.1,75.96
2018-10-04,74.44,86.07,74.33,74.25,74.13,74.03
2018-10-05,74.26,85.12,74.34,74.26,74.15,74.05
2018-10-08,74.27,84.22,74.29,74.17,74.03,73.9
2018-10-09,74.95,85.16,74.96,74.81,74.65,74.51
2018-10-10,73.18,83.82,73.17,73.03,72.91,72.82
2018-10-11,70.97,81.35,70.97,70.81,70.69,70.6
2018-10-12,71.41,80.71,71.34,71.18,71.08,70.99
2018-10-15,71.84,80.91,71.78,71.61,71.53,71.45
2018-10-16,71.93,80.53,71.92,71.76,71.7,71.64
2018-10-17,69.63,79.91,69.75,69.7,69.72,69.73
2018-10-18,68.63,80.3,68.65,68.71,68.75,68.76
2018-10-19,69.16,80.38,69.12,69.28,69.35,69.39
2018-10-22,69.25,80.45,69.17,69.36,69.49,69.57
2018-10-23,66.49,78.67,66.43,66.62,66.76,66.89
2018-10-24,66.56,77.34,66.82,66.96,67.06,67.16
2018-10-25,67.25,77.3,67.33,67.44,67.51,67.58
2018-10-26,67.58,77.4,67.59,67.75,67.84,67.93
2018-10-29,67.0,77.56,67.04,67.21,67.34,67.48
2018-10-30,66.18,75.68,66.18,66.31,66.42,66.55
2018-10-31,65.31,74.84,65.31,65.44,65.58,65.73
2018-11-01,63.67,71.25,63.69,63.81,63.92,64.06
2018-11-02,63.12,71.11,63.14,63.28,63.41,63.56
2018-11-05,63.12,72.68,63.1,63.21,63.31,63.45
2018-11-06,62.16,70.64,62.21,62.34,62.46,62.6
2018-11-07,61.69,70.1,61.67,61.82,62.0,62.2
2018-11-08,60.71,69.29,60.67,60.86,61.07,61.29
2018-11-09,60.19,69.01,60.19,60.36,60.56,60.75
2018-11-12,59.85,69.81,59.93,60.08,60.28,60.49
2018-11-13,55.63,65.45,55.69,55.84,56.05,56.28
2018-11-14,56.16,64.88,56.25,56.44,56.67,56.89
2018-11-15,56.45,65.61,56.46,56.68,56.9,57.1
2018-11-16,56.49,65.29,56.46,56.68,56.88,57.07
2018-11-19,57.16,64.14,56.76,57.2,57.32,57.43
2018-11-20,53.39,61.5,53.43,53.57,53.71,53.82
2018-11-21,54.41,61.65,54.63,54.8,54.97,55.11
2018-11-22,,61.11,54.63,54.8,54.97,55.11
2018-11-23,,57.69,50.42,50.59,50.76,50.91
2018-11-26,51.46,59.7,51.63,51.8,51.95,52.08
2018-11-27,51.31,59.58,51.56,51.73,51.89,52.02
2018-11-28,50.06,57.97,50.29,50.49,50.67,50.83
2018-11-29,51.46,58.29,51.45,51.62,51.78,51.92
2018-11-30,50.78,57.71,50.93,51.09,51.23,51.36
2018-12-03,52.98,60.17,52.95,53.14,53.33,53.52
2018-12-04,53.21,61.22,53.25,53.46,53.67,53.9
2018-12-05,52.64,61.4,52.89,53.12,53.36,53.61
2018-12-06,51.54,57.83,51.49,51.7,51.95,52.24
2018-12-07,52.76,61.71,52.61,52.81,53.05,53.31
2018-12-10,51.07,60.29,51.0,51.2,51.4,51.65
2018-12-11,51.65,59.73,51.65,51.84,52.01,52.21
2018-12-12,51.04,59.94,51.15,51.36,51.59,51.86
2018-12-13,52.69,59.03,52.58,52.83,53.07,53.33
2018-12-14,51.26,58.56,51.2,51.47,51.76,52.06
2018-12-17,49.8,57.59,49.88,50.2,50.55,50.91
2018-12-18,46.12,55.26,46.24,46.6,46.94,47.3
2018-12-19,47.96,55.6,47.2,48.17,48.49,48.83
2018-12-20,45.64,52.84,45.88,46.19,46.52,46.88
2018-12-21,45.38,51.93,45.59,45.89,46.23,46.61
2018-12-24,,,42.53,42.82,43.16,43.55
2018-12-25,,,42.53,42.82,43.16,43.55
2018-12-26,46.04,,46.22,46.54,46.88,47.26
2018-12-27,44.48,51.49,44.61,44.9,45.23,45.63
2018-12-28,45.15,50.57,45.33,45.6,45.9,46.27
2018-12-31,,,45.41,45.72,46.08,46.51
2019-01-01,,,45.41,45.72,46.08,46.51
2019-01-02,46.31,54.06,46.54,46.86,47.24,47.7
2019-01-03,46.92,53.23,47.09,47.4,47.77,48.22
2019-01-04,47.76,55.64,47.96,48.28,48.65,49.1
2019-01-07,48.27,57.1,48.52,48.82,49.17,49.6
2019-01-08,49.58,56.91,49.78,50.11,50.49,50.93
2019-01-09,52.19,59.46,52.36,52.69,53.07,53.51
2019-01-10,52.42,60.47,52.59,52.91,53.28,53.73
2019-01-11,51.44,59.24,51.59,51.91,52.27,52.7
2019-01-14,50.31,58.8,50.51,50.8,51.14,51.55
2019-01-15,51.8,58.65,52.11,52.39,52.7,53.08
2019-01-16,52.08,59.81,52.31,52.61,52.93,53.33
2019-01-17,51.83,59.85,52.07,52.36,52.69,53.11
2019-01-18,53.6,62.04,53.8,54.04,54.3,54.64
2019-01-21,51.83,62.18,53.8,54.04,54.3,54.64
2019-01-22,52.59,60.9,52.57,53.01,53.3,53.7
2019-01-23,52.44,61.05,52.62,52.92,53.32,53.73
2019-01-24,52.94,61.09,53.13,53.42,53.78,54.14
2019-01-25,53.53,61.49,53.69,53.98,54.31,54.66
2019-01-28,51.79,59.71,51.99,52.29,52.64,53.01
2019-01-29,53.07,60.98,53.31,53.6,53.93,54.27
2019-01-30,54.18,61.89,54.23,54.47,54.72,55.0
2019-01-31,53.84,62.46,53.79,54.04,54.31,54.6
2019-02-01,55.29,61.86,55.26,55.55,55.88,56.21
2019-02-04,54.57,62.26,54.56,54.89,55.29,55.7
2019-02-05,53.69,61.67,53.66,54.0,54.44,54.91
2019-02-06,53.94,62.22,54.01,54.34,54.8,55.28
2019-02-07,52.68,61.01,52.64,53.0,53.45,53.93
2019-02-08,52.75,61.37,52.72,53.09,53.55,54.02
2019-02-11,52.43,61.3,52.41,52.78,53.28,53.79
2019-02-12,53.14,62.58,53.1,53.47,54.0,54.53
2019-02-13,53.84,63.27,53.9,54.31,54.88,55.42
2019-02-14,54.4,64.0,54.41,54.79,55.35,55.9
2019-02-15,55.58,65.65,55.59,55.98,56.54,57.1
2019-02-18,55.58,66.41,55.59,55.98,56.54,57.1
2019-02-19,56.12,65.86,56.09,56.45,56.95,57.48
2019-02-20,56.9,66.82,56.92,57.16,57.64,58.13
2019-02-21,56.95,66.91,56.96,57.46,57.98,58.45
2019-02-22,57.01,66.91,57.26,57.75,58.25,58.71
2019-02-25,55.32,64.02,55.48,55.92,56.42,56.88
2019-02-26,55.4,64.51,55.5,55.97,56.51,57.01
2019-02-27,56.92,65.55,56.94,57.37,57.87,58.33
2019-02-28,57.21,65.03,57.22,57.61,58.06,58.49
2019-03-01,55.76,63.71,55.8,56.19,56.65,57.11
2019-03-04,56.6,64.44,56.59,56.97,57.42,57.89
2019-03-05,56.55,64.24,56.56,56.94,57.4,57.87
2019-03-06,56.22,64.51,56.22,56.62,57.1,57.6
2019-03-07,56.6,64.82,56.66,57.03,57.48,57.95
2019-03-08,55.77,65.66,56.07,56.43,56.87,57.32
2019-03-11,56.79,65.06,56.79,57.12,57.54,57.97
2019-03-12,56.89,65.33,56.87,57.2,57.62,58.06
2019-03-13,58.27,65.89,58.26,58.59,58.94,59.32
2019-03-14,58.59,66.18,58.61,58.91,59.21,59.54
2019-03-15,58.51,66.11,58.52,58.82,59.12,59.44
2019-03-18,59.09,66.65,59.09,59.38,59.65,59.94
2019-03-19,59.12,67.13,59.03,59.29,59.58,59.88
2019-03-20,60.12,68.35,59.83,60.23,60.48,60.73
2019-03-21,59.98,68.3,59.98,60.2,60.43,60.62
2019-03-22,58.87,66.29,59.04,59.29,59.53,59.75
2019-03-25,58.71,67.37,58.82,59.08,59.33,59.55
2019-03-26,59.87,67.51,59.94,60.1,60.23,60.34
2019-03-27,59.39,67.35,59.41,59.61,59.77,59.91
2019-03-28,59.29,66.08,59.3,59.48,59.63,59.76
2019-03-29,60.19,67.93,60.14,60.28,60.4,60.49
2019-04-01,61.59,69.08,61.59,61.71,61.8,61.83
2019-04-02,62.53,69.68,62.58,62.61,62.6,62.55
2019-04-03,62.46,69.21,62.46,62.52,62.55,62.55
2019-04-04,62.12,69.8,62.1,62.19,62.26,62.29
2019-04-05,63.1,69.93,63.08,63.15,63.18,63.17
2019-04-08,64.37,71.12,64.4,64.33,64.22,64.06
2019-04-09,64.05,71.02,63.98,63.96,63.91,63.77
2019-04-10,64.62,71.63,64.61,64.65,64.67,64.57
2019-04-11,63.61,71.3,63.58,63.67,63.73,63.69
2019-04-12,63.86,71.57,63.89,64.02,64.1,64.08
2019-04-15,63.43,70.9,63.4,63.56,63.67,63.7
2019-04-16,64.01,70.74,64.05,64.19,64.26,64.27
2019-04-17,63.74,71.14,63.76,63.87,63.94,63.97
2019-04-18,64.02,70.71,64.0,64.07,64.12,64.11
2019-04-19,,,64.0,64.07,64.12,64.11
2019-04-22,65.66,70.71,65.7,65.55,65.51,65.37
2019-04-23,66.24,74.39,66.3,66.24,66.06,65.79
2019-04-24,65.96,73.59,65.89,65.89,65.77,65.55
2019-04-25,65.23,74.94,65.21,65.28,65.23,65.07
2019-04-26,63.29,71.03,63.3,63.38,63.36,63.23
2019-04-29,63.39,71.22,63.5,63.57,63.54,63.42
2019-04-30,63.83,72.19,63.91,63.98,63.97,63.84
2019-05-01,63.55,72.01,63.6,63.69,63.71,63.62
2019-05-02,61.75,70.56,61.81,61.9,61.94,61.89
2019-05-03,61.98,71.95,61.94,62.04,62.07,62.01
2019-05-06,62.3,71.95,62.25,62.37,62.42,62.35
2019-05-07,61.41,70.98,61.4,61.51,61.54,61.47
2019-05-08,62.13,71.09,62.12,62.22,62.25,62.19
2019-05-09,61.58,70.61,61.7,61.81,61.86,61.82
2019-05-10,61.65,71.63,61.66,61.8,61.86,61.83
2019-05-13,60.97,72.35,61.04,61.21,61.3,61.3
2019-05-14,61.82,72.53,61.78,61.96,62.08,62.1
2019-05-15,62.03,73.09,62.02,62.24,62.39,62.45
2019-05-16,62.93,74.7,62.87,63.06,63.17,63.19
2019-05-17,62.77,73.94,62.76,62.92,62.99,62.98
2019-05-20,63.12,73.21,63.1,63.21,63.26,63.23
2019-05-21,63.02,72.94,62.99,63.13,63.21,63.19
2019-05-22,61.42,71.94,61.42,61.5,61.48,61.37
2019-05-23,57.65,68.37,57.91,57.99,57.99,57.91
2019-05-24,58.4,67.98,58.63,58.71,58.73,58.66
2019-05-27,58.4,67.98,58.63,58.71,58.73,58.66
2019-05-28,58.91,70.19,59.14,59.35,59.45,59.45
2019-05-29,58.84,70.64,58.81,58.95,58.99,58.94
2019-05-30,56.47,69.55,56.59,56.74,56.81,56.78
2019-05-31,53.49,66.78,53.5,53.64,53.73,53.72
2019-06-03,53.25,63.16,53.25,53.38,53.45,53.44
2019-06-04,53.5,63.56,53.48,53.63,53.71,53.71
2019-06-05,51.57,62.14,51.68,51.83,51.91,51.91
2019-06-06,52.59,62.77,52.59,52.73,52.83,52.8
2019-06-07,53.95,64.1,53.99,54.16,54.27,54.25
2019-06-10,53.33,64.31,53.26,53.48,53.62,53.64
2019-06-11,53.3,63.56,53.27,53.52,53.68,53.74
2019-06-12,51.13,61.66,51.14,51.37,51.54,51.62
2019-06-13,52.38,63.28,52.28,52.54,52.72,52.78
2019-06-14,52.47,63.13,52.51,52.77,52.95,53.0
2019-06-17,51.94,62.56,51.93,52.17,52.31,52.35
2019-06-18,53.86,63.35,53.9,54.11,54.19,54.14
2019-06-19,53.74,62.85,53.76,53.97,54.03,53.99
2019-06-20,56.88,65.44,56.65,57.07,57.13,57.05
2019-06-21,57.35,65.99,57.43,57.5,57.42,57.25
2019-06-24,57.73,65.16,57.9,57.93,57.82,57.64
2019-06-25,57.63,66.24,57.83,57.89,57.8,57.66
2019-06-26,59.17,66.85,59.38,59.43,59.31,59.14
2019-06-27,59.18,66.78,59.43,59.49,59.38,59.19
2019-06-28,58.2,67.52,58.47,58.52,58.4,58.22
2019-07-01,58.91,65.1,59.09,59.14,59.01,58.83
2019-07-02,56.0,62.72,56.25,56.34,56.28,56.18
2019-07-03,57.06,63.53,57.34,57.44,57.43,57.37
2019-07-04,,63.62,57.34,57.44,57.43,57.37
2019-07-05,,64.23,57.51,57.59,57.56,57.48
2019-07-08,57.35,64.89,57.66,57.76,57.73,57.65
2019-07-09,57.57,64.3,57.83,57.94,57.91,57.85
2019-07-10,60.28,66.41,60.43,60.52,60.46,60.34
2019-07-11,59.93,67.64,60.2,60.28,60.23,60.11
2019-07-12,59.99,66.65,60.21,60.3,60.27,60.15
2019-07-15,59.3,66.86,59.58,59.68,59.64,59.52
2019-07-16,57.44,65.87,57.62,57.74,57.71,57.61
2019-07-17,56.5,63.67,56.78,56.92,56.95,56.93
2019-07-18,55.08,60.7,55.3,55.42,55.44,55.43
2019-07-19,55.42,61.04,55.63,55.76,55.82,55.86
2019-07-22,55.87,61.96,56.22,56.22,56.29,56.33
2019-07-23,56.58,62.28,56.77,56.85,56.89,56.85
2019-07-24,55.9,63.83,55.88,56.0,56.07,56.05
2019-07-25,55.88,63.47,56.02,56.16,56.26,56.27
2019-07-26,56.04,62.46,56.2,56.33,56.42,56.43
2019-07-29,56.85,62.29,56.87,56.96,57.01,56.97
2019-07-30,58.04,62.55,58.05,58.11,58.11,58.0
2019-07-31,58.53,64.07,58.58,58.63,58.61,58.5
2019-08-01,53.64,62.9,53.95,54.01,54.03,53.95
2019-08-02,55.67,61.12,55.66,55.67,55.66,55.56
2019-08-05,54.63,59.32,54.69,54.58,54.45,54.3
2019-08-06,53.6,58.63,53.63,53.59,53.53,53.42
2019-08-07,51.14,55.03,51.09,51.03,50.95,50.86
2019-08-08,52.6,56.29,52.54,52.46,52.29,52.1
2019-08-09,54.41,57.37,54.5,54.37,54.09,53.78
2019-08-12,54.98,57.13,54.93,54.85,54.54,54.19
2019-08-13,57.05,59.9,57.1,57.1,56.87,56.54
2019-08-14,55.16,57.86,55.23,55.25,54.99,54.66
2019-08-15,54.51,57.37,54.47,54.42,54.09,53.71
2019-08-16,54.83,59.0,54.87,54.81,54.42,53.99
2019-08-19,56.24,59.79,56.21,56.14,55.71,55.21
2019-08-20,56.18,59.03,56.34,56.13,55.8,55.34
2019-08-21,55.65,60.6,55.68,55.49,55.18,54.82
2019-08-22,55.33,59.81,55.35,55.16,54.87,54.52
2019-08-23,54.08,58.64,54.17,54.02,53.74,53.41
2019-08-26,53.54,58.64,53.64,53.5,53.24,52.91
2019-08-27,54.99,58.44,54.93,54.77,54.46,54.09
2019-08-28,55.76,60.42,55.78,55.6,55.26,54.86
2019-08-29,56.67,60.59,56.71,56.45,56.05,55.61
2019-08-30,55.07,61.04,55.1,54.89,54.56,54.16
2019-09-02,55.07,58.55,55.1,54.89,54.56,54.16
2019-09-03,53.91,57.93,53.94,53.76,53.48,53.13
2019-09-04,56.22,60.68,56.26,56.1,55.8,55.43
2019-09-05,56.33,62.7,56.3,56.16,55.88,55.53
2019-09-06,56.45,61.28,56.52,56.43,56.17,55.82
2019-09-09,57.88,63.99,57.85,57.73,57.43,57.03
2019-09-10,57.37,64.67,57.4,57.29,57.0,56.6
2019-09-11,55.66,63.02,55.75,55.67,55.44,55.12
2019-09-12,55.13,60.76,55.09,55.05,54.86,54.57
2019-09-13,54.76,61.25,54.85,54.8,54.59,54.27
2019-09-16,63.1,68.42,62.9,62.67,62.02,61.13
2019-09-17,59.26,65.59,59.34,59.1,58.57,57.92
2019-09-18,58.19,64.29,58.11,58.04,57.62,57.08
2019-09-19,58.19,64.25,58.13,58.19,57.91,57.43
2019-09-20,57.92,65.23,58.09,58.09,57.84,57.39
2019-09-23,58.69,64.66,58.64,58.42,57.96,57.45
2019-09-24,57.22,64.13,57.29,57.08,56.63,56.14
2019-09-25,56.38,62.41,56.49,56.32,55.93,55.47
2019-09-26,56.24,62.08,56.41,56.28,55.9,55.45
2019-09-27,55.95,62.48,55.91,55.79,55.43,54.98
2019-09-30,54.09,60.99,54.07,53.98,53.7,53.32
2019-10-01,53.6,60.06,53.62,53.5,53.24,52.91
2019-10-02,52.67,57.92,52.64,52.51,52.25,51.95
2019-10-03,52.41,58.01,52.45,52.36,52.16,51.89
2019-10-04,52.84,59.13,52.81,52.74,52.56,52.33
2019-10-07,52.76,59.46,52.75,52.71,52.57,52.37
2019-10-08,52.64,58.14,52.63,52.62,52.49,52.29
2019-10-09,52.63,59.7,52.59,52.61,52.48,52.29
2019-10-10,53.57,59.08,53.55,53.56,53.41,53.19
2019-10-11,54.76,60.59,54.7,54.78,54.72,54.54
2019-10-14,53.57,58.81,53.59,53.65,53.66,53.58
2019-10-15,52.81,59.19,52.81,52.88,52.91,52.81
2019-10-16,53.42,59.3,53.36,53.45,53.47,53.36
2019-10-17,53.89,59.35,53.93,54.03,54.01,53.86
2019-10-18,53.75,59.96,53.78,53.87,53.82,53.62
2019-10-21,53.28,58.95,53.31,53.51,53.54,53.41
2019-10-22,54.21,60.5,54.16,54.48,54.5,54.34
2019-10-23,55.9,60.52,55.97,55.99,55.82,55.52
2019-10-24,56.11,61.71,56.23,56.27,56.13,55.85
2019-10-25,56.52,62.06,56.66,56.71,56.59,56.32
2019-10-28,55.6,60.39,55.81,55.9,55.83,55.63
2019-10-29,55.34,61.05,55.54,55.68,55.64,55.47
2019-10-30,54.85,60.22,55.06,55.1,54.94,54.66
2019-10-31,54.02,59.3,54.18,54.25,54.16,53.92
2019-11-01,56.04,60.17,56.2,56.27,56.15,55.86
2019-11-04,56.33,62.52,56.54,56.6,56.47,56.18
2019-11-05,57.04,62.72,57.23,57.29,57.15,56.84
2019-11-06,56.15,62.11,56.35,56.38,56.2,55.84
2019-11-07,56.91,62.6,57.15,57.15,56.93,56.54
2019-11-08,57.02,62.0,57.24,57.26,57.1,56.77
2019-11-11,56.61,62.58,56.86,56.9,56.77,56.49
2019-11-12,56.67,62.19,56.8,56.85,56.74,56.48
2019-11-13,56.88,62.27,57.12,57.2,57.09,56.82
2019-11-14,56.57,62.46,56.77,56.88,56.77,56.48
2019-11-15,57.54,63.32,57.72,57.83,57.69,57.37
2019-11-18,56.82,62.82,57.05,57.14,57.0,56.67
2019-11-19,54.93,62.37,55.21,55.35,55.26,55.0
2019-11-20,56.71,63.8,57.11,57.01,56.88,56.58
2019-11-21,58.36,64.99,58.58,58.41,58.02,57.58
2019-11-22,57.68,64.83,57.77,57.66,57.35,56.98
2019-11-25,57.79,64.67,58.01,57.91,57.63,57.28
2019-11-26,58.25,64.82,58.41,58.32,58.06,57.71
2019-11-27,58.12,65.03,58.11,58.05,57.85,57.54
2019-11-28,,64.68,58.11,58.05,57.85,57.54
2019-11-29,58.12,64.5,,,,
2019-12-02,55.97,63.2,55.96,55.91,55.74,55.47
2019-12-03,56.15,62.95,56.1,56.03,55.82,55.52
2019-12-04,58.46,65.25,58.43,58.34,58.04,57.64
2019-12-05,58.42,65.67,58.43,58.34,58.06,57.68
2019-12-06,59.2,66.5,59.2,59.1,58.78,58.37
2019-12-09,58.99,66.44,59.02,58.92,58.64,58.28
2019-12-10,59.22,66.57,59.24,59.14,58.88,58.53
2019-12-11,58.74,65.37,58.76,58.65,58.36,57.98
2019-12-12,59.18,66.67,59.18,59.06,58.76,58.36
2019-12-13,60.11,67.44,60.07,59.98,59.67,59.26
2019-12-16,60.21,68.04,60.21,60.14,59.85,59.46
2019-12-17,60.88,68.99,60.94,60.87,60.53,60.09
2019-12-18,60.93,69.12,60.93,60.85,60.56,60.15
2019-12-19,61.3,69.7,61.22,61.18,60.88,60.46
2019-12-20,60.43,68.66,60.44,60.25,59.95,59.55
2019-12-23,60.51,67.49,60.52,60.35,60.07,59.68
2019-12-24,61.17,69.26,61.11,60.94,60.65,60.26
2019-12-25,61.17,69.26,61.11,60.94,60.65,60.26
2019-12-26,61.72,69.26,61.68,61.48,61.16,60.73
2019-12-27,61.76,68.91,61.72,61.53,61.21,60.79
2019-12-30,61.66,68.3,61.68,61.44,61.1,60.66
2019-12-31,61.14,67.77,61.06,60.77,60.41,59.97
2020-01-02,61.17,67.05,61.18,60.95,60.64,60.24
2020-01-03,63.0,69.08,63.05,62.82,62.48,62.02
2020-01-06,63.27,70.25,63.27,63.04,62.69,62.23
2020-01-07,62.7,68.74,62.7,62.51,62.21,61.81
2020-01-08,59.65,67.31,59.61,59.46,59.23,58.92
2020-01-09,59.56,66.58,59.56,59.44,59.25,58.99
2020-01-10,59.02,66.77,59.04,58.99,58.85,58.63
2020-01-13,58.17,64.14,58.08,58.08,57.99,57.82
2020-01-14,58.34,64.45,58.23,58.26,58.19,58.02
2020-01-15,57.86,63.29,57.81,57.84,57.77,57.58
2020-01-16,58.52,64.63,58.52,58.53,58.43,58.21
2020-01-17,58.55,64.05,58.54,58.58,58.51,58.3
2020-01-20,,64.63,,,,
2020-01-21,58.25,63.66,58.34,58.38,58.34,58.16
2020-01-22,56.76,62.11,56.74,56.76,56.66,56.43
2020-01-23,55.51,61.26,55.59,55.61,55.54,55.34
2020-01-24,54.09,59.34,54.19,54.2,54.12,53.91
2020-01-27,53.09,58.54,53.14,53.18,53.13,52.97
2020-01-28,53.33,59.37,53.48,53.52,53.48,53.33
2020-01-29,53.29,59.46,53.33,53.41,53.42,53.31
2020-01-30,52.19,57.72,52.14,52.23,52.27,52.23
2020-01-31,51.58,57.77,51.56,51.68,51.77,51.8
2020-02-03,50.06,54.0,50.11,50.28,50.45,50.58
2020-02-04,49.59,53.9,49.61,49.8,50.01,50.19
2020-02-05,50.87,55.36,50.75,50.92,51.13,51.31
2020-02-06,50.94,55.18,50.95,51.14,51.37,51.58
2020-02-07,50.34,54.53,50.32,50.55,50.82,51.04
2020-02-10,49.59,53.39,49.57,49.78,50.03,50.25
2020-02-11,50.0,54.0,49.94,50.17,50.45,50.68
2020-02-12,51.13,55.54,51.17,51.41,51.68,51.91
2020-02-13,51.41,56.34,51.42,51.66,51.93,52.15
2020-02-14,52.03,57.37,52.05,52.32,52.6,52.79
2020-02-17,,57.83,,,,
2020-02-18,52.1,57.35,52.05,52.29,52.58,52.82
2020-02-19,53.31,59.72,53.29,53.49,53.74,53.9
2020-02-20,53.77,59.57,53.78,53.88,54.06,54.13
2020-02-21,53.36,58.6,53.38,53.5,53.54,53.5
2020-02-24,51.36,56.71,51.43,51.58,51.67,51.72
2020-02-25,49.78,55.29,49.9,50.06,50.13,50.14
2020-02-26,48.67,54.96,48.73,48.88,48.96,48.99
2020-02-27,47.17,52.19,47.09,47.29,47.44,47.55
2020-02-28,44.83,51.31,44.76,44.94,45.1,45.23
2020-03-02,46.78,52.52,46.75,46.92,47.05,47.14
2020-03-03,47.27,52.24,47.18,47.33,47.45,47.52
2020-03-04,46.78,51.86,46.78,46.95,47.11,47.22
2020-03-05,45.9,51.29,45.9,46.06,46.21,46.34
2020-03-06,41.14,45.6,41.28,41.51,41.77,42.04
2020-03-09,31.05,35.33,31.13,31.47,31.94,32.46
2020-03-10,34.47,35.57,34.36,34.73,35.14,35.58
2020-03-11,33.13,34.45,32.98,33.39,33.86,34.39
2020-03-12,31.56,31.02,31.5,31.98,32.51,33.11
2020-03-13,31.72,32.25,31.73,32.11,32.59,33.15
2020-03-16,28.96,27.98,28.7,29.0,29.55,30.22
2020-03-17,26.96,27.97,26.95,27.33,28.05,28.96
2020-03-18,20.48,22.79,20.37,20.83,21.93,23.22
2020-03-19,25.09,23.98,25.22,25.91,26.79,27.96
2020-03-20,19.48,25.55,22.43,22.63,24.36,25.93
2020-03-23,23.33,23.75,23.36,25.48,27.23,28.44
2020-03-24,21.03,24.5,24.01,26.2,28.05,29.3
2020-03-25,20.75,25.62,24.49,27.16,29.19,30.46
2020-03-26,16.6,23.55,22.6,25.71,28.27,29.85
2020-03-27,15.48,22.39,21.51,25.15,28.13,30.05
2020-03-30,14.1,19.19,20.09,24.09,27.4,29.56
2020-03-31,20.51,14.85,20.48,24.51,27.69,29.79
2020-04-01,20.28,14.97,20.31,23.74,26.42,28.31
2020-04-02,25.18,20.24,25.32,28.05,29.92,30.91
2020-04-03,28.36,24.33,28.34,30.9,32.33,33.0
2020-04-06,26.21,22.58,26.08,29.98,32.04,32.93
2020-04-07,23.54,22.1,23.63,28.69,31.84,32.92
2020-04-08,24.97,25.22,25.09,30.17,32.92,33.65
2020-04-09,22.9,20.23,22.76,28.82,32.0,33.12
2020-04-13,22.36,,22.41,29.26,32.96,34.42
2020-04-14,20.15,21.74,20.11,27.4,31.87,33.65
2020-04-15,19.96,19.8,19.87,26.04,29.96,31.49
2020-04-16,19.82,18.69,19.87,25.53,29.55,31.09
2020-04-17,18.31,19.75,18.27,25.03,29.42,31.2
2020-04-20,-36.98,17.36,-37.63,20.43,26.28,28.51
2020-04-21,8.91,9.12,10.01,11.57,18.69,21.61
2020-04-22,13.64,13.77,13.78,20.69,23.76,25.77
2020-04-23,15.06,15.06,16.5,21.44,24.12,25.89
2020-04-24,15.99,15.87,16.94,21.22,23.86,25.71
2020-04-27,12.17,15.17,12.78,18.08,21.42,23.84
2020-04-28,12.4,15.6,12.34,17.6,21.17,23.77
2020-04-29,15.04,17.86,15.06,19.12,22.19,24.5
2020-04-30,19.23,18.11,18.84,21.85,24.37,26.37
2020-05-01,19.72,18.49,19.78,22.29,24.2,25.69
2020-05-04,20.47,20.4,20.39,22.78,24.63,26.08
2020-05-05,24.56,25.46,24.56,26.49,28.09,29.26
2020-05-06,23.88,24.2,23.99,25.62,27.04,28.19
2020-05-07,23.68,24.23,23.55,24.83,26.49,27.81
2020-05-08,24.73,,24.74,26.17,28.05,29.51
2020-05-11,24.02,25.53,24.14,25.08,26.76,28.1
2020-05-12,25.76,26.67,25.78,26.33,27.43,28.49
2020-05-13,25.37,27.89,25.29,25.68,26.8,27.84
2020-05-14,27.4,29.87,27.56,27.88,28.66,29.42
2020-05-15,29.44,30.95,29.43,29.52,30.12,30.69
2020-05-18,31.83,33.3,31.82,31.65,32.27,32.87
2020-05-19,32.3,33.06,32.5,31.96,32.47,33.01
2020-05-20,33.56,34.76,33.49,33.94,34.38,34.65
2020-05-21,34.3,34.78,33.92,34.34,34.81,35.12
2020-05-22,33.49,33.8,33.25,33.65,34.14,34.49
2020-05-26,34.7,33.95,34.35,34.77,35.24,35.56
2020-05-27,32.8,32.73,32.81,33.23,33.69,34.04
2020-05-28,33.67,33.98,33.71,34.06,34.49,34.81
2020-05-29,35.57,34.15,35.49,35.84,36.2,36.43
2020-06-01,35.49,36.74,35.44,35.79,36.17,36.4
2020-06-02,36.88,37.72,36.81,37.06,37.35,37.53
2020-06-03,37.33,37.98,37.29,37.59,37.87,38.05
2020-06-04,37.42,38.41,37.41,37.72,38.0,38.21
2020-06-05,39.49,41.0,39.55,39.8,40.03,40.15
2020-06-08,38.17,39.66,38.19,38.43,38.65,38.8
2020-06-09,38.98,40.45,38.94,39.16,39.38,39.53
2020-06-10,39.54,41.18,39.6,39.78,39.97,40.09
2020-06-11,36.43,37.76,36.34,36.57,36.81,37.0
2020-06-12,36.24,38.54,36.26,36.51,36.78,37.0
2020-06-15,37.07,39.44,37.12,37.43,37.71,37.96
2020-06-16,38.26,40.75,38.38,38.65,38.87,39.09
2020-06-17,37.91,40.47,37.96,38.21,38.4,38.58
2020-06-18,38.79,41.75,38.84,39.05,39.23,39.38
2020-06-19,39.72,42.33,39.75,39.83,39.93,40.02
2020-06-22,40.6,43.2,40.46,40.73,40.85,40.95
2020-06-23,40.4,42.72,40.37,40.51,40.63,40.73
2020-06-24,37.91,40.4,38.01,38.21,38.39,38.56
2020-06-25,38.66,41.18,38.72,38.91,39.08,39.26
2020-06-26,38.53,40.97,38.49,38.65,38.8,38.94
2020-06-29,39.67,41.58,39.7,39.81,39.92,40.04
2020-06-30,39.27,41.64,39.27,39.34,39.48,39.58
2020-07-01,39.88,42.18,39.82,39.92,40.09,40.23
2020-07-02,40.57,43.19,40.65,40.76,40.91,41.02
2020-07-03,,42.92,,,,
2020-07-06,40.51,42.73,40.63,40.73,40.88,40.99
2020-07-07,40.59,43.28,40.62,40.7,40.84,40.94
2020-07-08,40.91,43.67,40.9,41.04,41.18,41.29
2020-07-09,39.64,42.35,39.62,39.83,40.02,40.2
2020-07-10,40.56,43.27,40.55,40.76,40.94,41.1
2020-07-13,40.06,42.85,40.1,40.32,40.49,40.64
2020-07-14,40.3,42.97,40.29,40.55,40.73,40.88
2020-07-15,41.2,43.96,41.2,41.4,41.57,41.69
2020-07-16,40.74,43.71,40.75,40.93,41.1,41.24
2020-07-17,40.55,43.53,40.59,40.75,40.94,41.11
2020-07-20,40.83,43.3,40.81,40.92,41.09,41.24
2020-07-21,41.76,44.31,41.96,41.92,42.06,42.17
2020-07-22,41.88,43.98,41.9,42.04,42.17,42.28
2020-07-23,40.99,42.96,41.07,41.21,41.37,41.51
2020-07-24,41.23,43.29,41.29,41.45,41.64,41.82
2020-07-27,41.46,43.39,41.6,41.8,42.0,42.18
2020-07-28,40.89,43.11,41.04,41.28,41.52,41.74
2020-07-29,41.13,43.51,41.27,41.54,41.81,42.04
2020-07-30,39.85,42.98,39.92,40.24,40.6,40.92
2020-07-31,40.1,43.13,40.27,40.57,40.91,41.22
2020-08-03,40.83,43.76,41.01,41.31,41.68,41.99
2020-08-04,41.67,43.99,41.7,41.91,42.21,42.46
2020-08-05,42.25,44.92,42.19,42.43,42.76,43.04
2020-08-06,41.93,45.04,41.95,42.2,42.56,42.89
2020-08-07,41.16,44.07,41.22,41.49,41.86,42.19
2020-08-10,41.94,44.19,41.94,42.17,42.5,42.8
2020-08-11,41.53,43.68,41.61,41.87,42.2,42.51
2020-08-12,42.6,45.09,42.67,42.95,43.25,43.52
2020-08-13,42.26,44.87,42.24,42.52,42.84,43.15
2020-08-14,42.05,44.86,42.01,42.31,42.67,43.0
2020-08-17,42.89,44.91,42.89,43.17,43.48,43.78
2020-08-18,42.89,45.34,42.89,43.12,43.44,43.76
2020-08-19,42.91,45.21,42.93,43.11,43.39,43.69
2020-08-20,42.62,44.56,42.58,42.82,43.09,43.39
2020-08-21,42.32,43.94,42.34,42.62,42.93,43.23
2020-08-24,42.44,44.43,42.62,42.93,43.27,43.6
2020-08-25,43.17,46.01,43.35,43.65,43.94,44.24
2020-08-26,43.21,45.79,43.39,43.69,44.0,44.31
2020-08-27,42.88,44.84,43.04,43.31,43.61,43.91
2020-08-28,42.96,45.22,42.97,43.29,43.62,43.94
2020-08-31,42.61,,42.61,42.9,43.21,43.53
2020-09-01,42.76,45.72,42.76,43.08,43.41,43.75
2020-09-02,42.76,42.7,41.51,41.85,42.22,42.6
2020-09-03,41.39,42.72,41.37,41.72,42.11,42.5
2020-09-04,39.69,41.1,39.77,40.15,40.59,41.02
2020-09-07,,40.67,,,,
2020-09-08,36.87,38.53,36.76,37.19,37.71,38.21
2020-09-09,38.05,39.98,38.05,38.41,38.87,39.34
2020-09-10,37.25,39.27,37.3,37.66,38.11,38.6
2020-09-11,37.33,38.8,37.33,37.65,38.08,38.56
2020-09-14,37.23,38.57,37.26,37.56,37.99,38.47
2020-09-15,38.29,39.54,38.28,38.55,38.93,39.38
2020-09-16,40.17,41.23,40.16,40.41,40.72,41.1
2020-09-17,40.99,42.35,40.97,41.22,41.53,41.87
2020-09-18,41.09,42.16,41.11,41.32,41.61,41.93
2020-09-21,39.26,40.37,39.31,39.54,39.85,40.19
2020-09-22,39.55,40.84,39.6,39.8,40.09,40.4
2020-09-23,39.92,41.09,39.93,40.22,40.53,40.86
2020-09-24,40.11,41.24,40.31,40.58,40.9,41.24
2020-09-25,40.06,40.91,40.25,40.51,40.81,41.13
2020-09-28,40.47,41.59,40.6,40.87,41.18,41.5
2020-09-29,39.03,40.33,39.29,39.56,39.88,40.23
2020-09-30,40.05,40.3,40.22,40.47,40.79,41.13
2020-10-01,38.51,39.75,38.72,39.01,39.38,39.76
2020-10-02,36.9,38.0,37.05,37.34,37.74,38.15
2020-10-05,39.12,39.78,39.22,39.5,39.89,40.28
2020-10-06,40.52,41.27,40.67,40.93,41.27,41.61
2020-10-07,39.82,40.62,39.95,40.23,40.59,40.94
2020-10-08,41.04,42.0,41.19,41.47,41.81,42.14
2020-10-09,40.44,41.63,40.6,40.91,41.27,41.6
2020-10-12,39.22,40.5,39.43,39.73,40.11,40.47
2020-10-13,40.03,41.34,40.2,40.49,40.85,41.19
2020-10-14,40.86,41.81,41.04,41.34,41.66,41.97
2020-10-15,40.84,41.61,40.96,41.24,41.55,41.84
2020-10-16,40.7,41.34,40.88,41.12,41.42,41.7
2020-10-19,40.69,41.29,40.83,41.06,41.34,41.63
2020-10-20,41.37,41.62,41.46,41.7,41.97,42.24
2020-10-21,39.88,40.09,40.03,40.31,40.61,40.9
2020-10-22,40.46,41.28,40.64,40.94,41.23,41.5
2020-10-23,39.73,40.71,39.85,40.15,40.45,40.73
2020-10-26,38.39,39.06,38.56,38.89,39.22,39.54
2020-10-27,39.34,39.72,39.57,39.87,40.18,40.46
2020-10-28,37.27,37.86,37.39,37.72,38.08,38.43
2020-10-29,35.94,36.56,36.17,36.51,36.87,37.25
2020-10-30,35.64,36.33,35.79,36.15,36.57,37.0
2020-11-02,36.6,37.78,36.81,37.18,37.63,38.08
2020-11-03,37.44,38.17,37.66,37.99,38.41,38.83
2020-11-04,38.97,39.68,39.15,39.47,39.86,40.24
2020-11-05,38.56,39.47,38.79,39.11,39.48,39.87
2020-11-06,36.97,38.08,37.14,37.49,37.9,38.34
2020-11-09,40.05,40.93,40.29,40.62,40.97,41.31
2020-11-10,41.18,42.25,41.36,41.67,41.98,42.27
2020-11-11,41.23,42.5,41.45,41.74,42.06,42.37
2020-11-12,40.9,42.16,41.12,41.41,41.74,42.05
2020-11-13,39.93,41.51,40.13,40.4,40.7,41.01
2020-11-16,41.14,42.71,41.34,41.57,41.82,42.09
2020-11-17,41.24,42.54,41.43,41.65,41.9,42.17
2020-11-18,41.64,42.91,41.82,42.01,42.24,42.49
2020-11-19,41.57,43.09,41.74,41.9,42.11,42.34
2020-11-20,41.99,43.79,42.15,42.42,42.64,42.84
2020-11-23,42.91,45.0,43.06,43.28,43.46,43.59
2020-11-24,44.71,46.63,44.91,45.11,45.25,45.35
2020-11-25,45.58,47.3,45.71,45.91,46.03,46.11
2020-11-26,,46.32,,,,
2020-11-27,,46.88,,,,
2020-11-30,45.2,46.84,45.34,45.51,45.65,45.74
2020-12-01,44.54,47.03,44.55,44.73,44.88,44.98
2020-12-02,45.23,47.8,45.28,45.44,45.57,45.64
2020-12-03,45.65,48.37,45.64,45.79,45.91,45.96
2020-12-04,46.23,49.1,46.26,46.42,46.54,46.6
2020-12-07,45.72,48.63,45.76,45.95,46.09,46.19
2020-12-08,45.64,48.84,45.6,45.8,45.96,46.09
2020-12-09,45.48,48.81,45.52,45.72,45.87,45.99
2020-12-10,46.76,50.33,46.78,46.96,47.07,47.15
2020-12-11,46.59,50.01,46.57,46.75,46.87,46.96
2020-12-14,47.02,50.27,46.99,47.15,47.27,47.36
2020-12-15,47.58,50.77,47.62,47.78,47.88,47.95
2020-12-16,47.86,50.83,47.82,48.0,48.12,48.19
2020-12-17,48.34,51.2,48.36,48.54,48.65,48.73
2020-12-18,49.04,52.17,49.1,49.24,49.34,49.4
2020-12-21,47.79,50.61,47.74,47.97,48.09,48.17
2020-12-22,47.02,49.88,47.02,47.16,47.26,47.32
2020-12-23,47.94,51.05,48.12,48.24,48.33,48.37
2020-12-24,48.18,50.88,48.23,48.35,48.43,48.45
2020-12-28,47.5,50.88,47.62,47.77,47.87,47.93
2020-12-29,47.85,50.44,48.0,48.14,48.25,48.3
2020-12-30,48.24,50.74,48.4,48.5,48.57,48.59
2020-12-31,48.35,51.22,48.52,48.63,48.69,48.69
2021-01-04,47.47,50.37,47.62,47.76,47.87,47.92
2021-01-05,49.78,53.16,49.93,50.01,50.04,50.01
2021-01-06,50.45,53.8,50.63,50.69,50.67,50.57
2021-01-07,50.63,53.7,50.83,50.87,50.83,50.73
2021-01-08,52.14,55.51,52.24,52.26,52.19,52.04
2021-01-11,52.15,54.84,52.25,52.27,52.2,52.06
2021-01-12,53.08,55.98,53.21,53.24,53.16,53.0
2021-01-13,52.81,55.52,52.91,52.96,52.92,52.81
2021-01-14,53.47,55.76,53.57,53.62,53.53,53.37
2021-01-15,52.25,54.8,52.36,52.42,52.36,52.23
2021-01-18,,54.21,,,,
2021-01-19,52.87,55.38,52.98,52.98,52.9,52.75
2021-01-20,53.16,55.66,53.24,53.31,53.2,52.98
2021-01-21,53.0,55.68,53.13,53.05,52.87,52.61
2021-01-22,52.28,55.22,52.27,52.19,52.04,51.82
2021-01-25,52.78,55.44,52.77,52.67,52.5,52.26
2021-01-26,52.61,55.26,52.61,52.52,52.36,52.12
2021-01-27,52.81,55.07,52.85,52.73,52.53,52.26
2021-01-28,52.26,54.87,52.34,52.24,52.06,51.81
2021-01-29,52.16,55.25,52.2,52.08,51.88,51.63
2021-02-01,53.55,56.42,53.55,53.42,53.19,52.9
2021-02-02,54.77,57.62,54.76,54.62,54.36,54.01
2021-02-03,55.67,58.61,55.69,55.54,55.28,54.92
2021-02-04,56.19,58.98,56.23,56.07,55.8,55.42
2021-02-05,56.8,59.48,56.85,56.7,56.4,56.01
2021-02-08,57.95,60.17,57.97,57.83,57.55,57.15
2021-02-09,58.34,60.74,58.36,58.25,57.97,57.56
2021-02-10,58.69,61.17,58.68,58.57,58.31,57.91
2021-02-11,58.22,61.09,58.24,58.14,57.88,57.49
2021-02-12,59.5,62.47,59.47,59.38,59.06,58.6
2021-02-15,,63.58,,,,
2021-02-16,60.07,63.96,60.05,60.08,59.78,59.32
2021-02-17,61.09,65.02,61.14,61.16,60.76,60.18
2021-02-18,60.4,64.09,60.52,60.53,60.19,59.67
2021-02-19,59.12,62.84,59.24,59.26,59.06,58.66
2021-02-22,61.67,64.73,61.49,61.7,61.4,60.9
2021-02-23,61.66,65.16,61.67,61.43,60.96,60.37
2021-02-24,63.21,66.85,63.22,63.0,62.52,61.93
2021-02-25,63.43,66.69,63.53,63.22,62.7,62.07
2021-02-26,61.55,65.86,61.5,61.23,60.74,60.12
2021-03-01,60.54,64.56,60.64,60.42,59.96,59.38
2021-03-02,59.7,63.17,59.75,59.57,59.17,58.65
2021-03-03,61.33,64.7,61.28,61.1,60.69,60.15
2021-03-04,63.81,67.32,63.83,63.62,63.15,62.52
2021-03-05,66.08,69.95,66.09,65.92,65.45,64.81
2021-03-08,65.03,68.0,65.05,64.93,64.52,63.94
2021-03-09,64.02,67.03,64.01,63.99,63.69,63.2
2021-03-10,64.45,67.53,64.44,64.42,64.09,63.58
2021-03-11,66.02,69.34,66.02,66.0,65.66,65.11
2021-03-12,65.59,68.87,65.61,65.64,65.36,64.84
2021-03-15,65.36,68.78,65.39,65.44,65.2,64.71
2021-03-16,64.82,67.95,64.8,64.86,64.68,64.25
2021-03-17,64.55,67.73,64.6,64.63,64.45,64.05
2021-03-18,59.95,62.11,60.0,60.06,59.94,59.66
2021-03-19,61.43,64.0,61.42,61.44,61.31,61.01
2021-03-22,61.48,63.89,61.55,61.56,61.49,61.23
2021-03-23,57.75,59.96,57.76,57.78,57.64,57.38
2021-03-24,61.12,63.7,61.18,61.16,60.96,60.6
2021-03-25,58.47,61.21,58.56,58.57,58.4,58.07
2021-03-26,60.93,63.77,60.97,60.96,60.76,60.4
2021-03-29,61.49,64.06,61.56,61.53,61.3,60.87
2021-03-30,60.55,63.28,60.55,60.56,60.35,59.94
2021-03-31,59.19,63.52,59.16,59.18,59.03,58.69
2021-04-01,61.41,63.85,61.45,61.48,61.35,61.04
2021-04-05,58.73,,58.65,58.68,58.61,58.39
2021-04-06,59.34,61.47,59.33,59.37,59.32,59.13
2021-04-07,59.77,61.86,59.77,59.81,59.73,59.5
2021-04-08,59.61,62.09,59.6,59.63,59.52,59.25
2021-04-09,59.29,61.89,59.32,59.35,59.27,59.04
2021-04-12,59.7,62.38,59.7,59.75,59.69,59.48
2021-04-13,60.2,62.83,60.18,60.24,60.19,60.0
2021-04-14,63.15,66.11,63.15,63.22,63.12,62.85
2021-04-15,63.42,66.13,63.46,63.51,63.4,63.11
2021-04-16,63.16,65.98,63.13,63.19,63.09,62.81
2021-04-19,63.33,66.54,63.38,63.43,63.31,63.0
2021-04-20,62.61,65.34,62.44,62.67,62.6,62.31
2021-04-21,61.34,64.02,61.35,61.27,61.01,60.63
2021-04-22,61.45,65.07,61.43,61.34,61.07,60.7
2021-04-23,62.18,65.75,62.14,62.02,61.72,61.34
2021-04-26,62.02,65.5,61.91,61.8,61.52,61.14
2021-04-27,63.03,66.25,62.94,62.8,62.48,62.06
2021-04-28,63.81,67.08,63.86,63.75,63.44,63.0
2021-04-29,65.0,68.26,65.01,64.88,64.52,64.02
2021-04-30,63.5,67.73,63.58,63.48,63.14,62.65
2021-05-03,64.46,,64.49,64.41,64.1,63.62
2021-05-04,65.72,68.91,65.69,65.61,65.33,64.87
2021-05-05,65.63,69.71,65.63,65.59,65.35,64.91
2021-05-06,64.73,68.62,64.71,64.67,64.47,64.11
2021-05-07,64.96,68.73,64.9,64.88,64.71,64.38
2021-05-10,64.92,68.61,64.92,64.93,64.78,64.48
2021-05-11,65.31,68.83,65.28,65.3,65.15,64.86
2021-05-12,65.96,69.62,66.08,66.1,65.95,65.65
2021-05-13,63.82,67.36,63.82,63.84,63.69,63.4
2021-05-14,65.32,69.24,65.37,65.36,65.16,64.8
2021-05-17,66.24,69.62,66.27,66.28,66.07,65.68
2021-05-18,65.49,69.01,65.49,65.5,65.33,64.97
2021-05-19,63.28,66.88,63.36,63.35,63.18,62.84
2021-05-20,61.95,65.18,62.05,61.94,61.79,61.49
2021-05-21,63.61,66.72,63.58,63.36,62.99,62.54
2021-05-24,66.13,68.59,66.05,65.78,65.32,64.79
2021-05-25,66.27,68.8,66.07,65.79,65.32,64.78
2021-05-26,66.41,68.93,66.21,65.96,65.51,64.98
2021-05-27,66.87,69.43,66.85,66.6,66.12,65.56
2021-05-28,66.31,69.36,66.32,66.1,65.6,65.02
2021-06-01,67.8,70.03,67.72,67.52,67.06,66.47
2021-06-02,68.79,70.6,68.83,68.63,68.17,67.55
2021-06-03,68.81,70.71,68.81,68.6,68.14,67.53
2021-06-04,69.57,71.3,69.62,69.39,68.89,68.23
2021-06-07,69.21,70.89,69.23,69.04,68.59,67.97
2021-06-08,70.11,71.39,70.05,69.87,69.4,68.75
2021-06-09,69.9,71.31,69.96,69.79,69.33,68.68
2021-06-10,70.34,71.65,70.29,70.09,69.58,68.89
2021-06-11,71.0,72.05,70.91,70.6,69.92,69.16
2021-06-14,70.94,72.27,70.88,70.63,70.0,69.29
2021-06-15,72.06,73.38,72.12,71.86,71.14,70.32
2021-06-16,72.03,73.88,72.15,71.95,71.27,70.47
2021-06-17,71.06,72.92,71.04,70.78,70.03,69.18
2021-06-18,71.64,73.1,71.64,71.29,70.45,69.56
2021-06-21,73.64,74.49,73.66,73.12,72.03,70.97
2021-06-22,73.15,74.92,73.06,72.85,72.05,71.06
2021-06-23,73.11,75.22,73.08,72.36,71.44,70.6
2021-06-24,73.31,75.95,73.3,72.63,71.77,70.96
2021-06-25,74.21,76.45,74.05,73.33,72.4,71.52
2021-06-28,72.98,74.78,72.91,72.2,71.31,70.51
2021-06-29,73.14,75.38,72.98,72.31,71.41,70.62
2021-06-30,73.52,76.94,73.47,72.77,71.76,70.89
2021-07-01,75.33,76.69,75.23,74.33,73.06,72.05
2021-07-02,75.37,77.51,75.16,74.36,73.25,72.27
2021-07-05,,78.34,,,,
2021-07-06,73.62,75.81,73.37,72.58,71.46,70.43
2021-07-07,72.22,74.31,72.2,71.5,70.42,69.45
2021-07-08,72.98,75.07,72.94,72.22,71.17,70.19
2021-07-09,74.56,77.14,74.56,73.81,72.68,71.64
2021-07-12,74.21,76.77,74.1,73.44,72.36,71.39
2021-07-13,75.24,77.5,75.25,74.69,73.69,72.74
2021-07-14,73.06,75.74,73.13,72.64,71.81,70.96
2021-07-15,71.67,74.53,71.65,71.38,70.64,69.86
2021-07-16,71.76,74.46,71.81,71.56,70.82,70.07
2021-07-19,66.45,69.33,66.42,66.35,65.76,65.12
2021-07-20,67.32,70.03,67.42,67.2,66.62,65.95
2021-07-21,70.26,72.54,70.3,69.57,68.78,68.05
2021-07-22,72.15,74.25,71.91,71.14,70.26,69.4
2021-07-23,72.24,74.86,72.07,71.38,70.52,69.66
2021-07-26,72.15,74.79,71.91,71.34,70.57,69.74
2021-07-27,71.68,74.87,71.65,71.14,70.42,69.6
2021-07-28,72.37,75.09,72.39,71.79,71.02,70.17
2021-07-29,73.62,76.3,73.62,72.98,72.21,71.38
2021-07-30,73.93,77.72,73.95,73.23,72.43,71.57
2021-08-02,71.31,73.91,71.26,70.61,69.91,69.15
2021-08-03,70.64,73.24,70.56,70.03,69.44,68.79
2021-08-04,68.19,70.99,68.15,67.79,67.35,66.84
2021-08-05,69.1,72.14,69.09,68.74,68.32,67.84
2021-08-06,68.26,71.02,68.28,68.1,67.76,67.37
2021-08-09,66.56,69.65,66.48,66.3,65.99,65.62
2021-08-10,68.33,71.14,68.29,68.06,67.69,67.24
2021-08-11,69.3,71.99,69.25,69.02,68.65,68.18
2021-08-12,69.12,71.79,69.09,68.9,68.55,68.11
2021-08-13,68.36,70.9,68.44,68.21,67.84,67.41
2021-08-16,67.44,70.07,67.29,67.05,66.7,66.29
2021-08-17,66.5,69.4,66.59,66.34,65.99,65.6
2021-08-18,65.36,68.61,65.46,65.21,64.87,64.51
2021-08-19,63.69,66.8,63.69,63.5,63.15,62.78
2021-08-20,62.25,65.51,62.32,62.14,61.84,61.49
2021-08-23,65.65,69.07,65.64,65.34,64.96,64.57
2021-08-24,67.5,71.21,67.54,67.25,66.86,66.44
2021-08-25,68.54,72.12,68.36,68.06,67.66,67.23
2021-08-26,67.42,70.42,67.42,67.1,66.69,66.28
2021-08-27,68.84,72.26,68.74,68.48,68.11,67.7
2021-08-30,69.28,,69.21,68.93,68.56,68.16
2021-08-31,68.43,73.45,68.5,68.26,67.94,67.6
2021-09-01,68.63,71.99,68.59,68.32,68.0,67.67
2021-09-02,70.07,73.56,69.99,69.73,69.41,69.05
2021-09-03,69.34,73.07,69.29,69.07,68.79,68.46
2021-09-06,,72.43,,,,
2021-09-07,68.49,71.52,68.35,68.13,67.85,67.53
2021-09-08,69.36,72.36,69.3,69.05,68.7,68.31
2021-09-09,68.26,71.32,68.14,67.92,67.61,67.24
2021-09-10,69.82,72.44,69.72,69.47,69.13,68.72
2021-09-13,70.54,72.97,70.45,70.19,69.81,69.37
2021-09-14,70.53,73.05,70.46,70.23,69.83,69.38
2021-09-15,72.59,74.84,72.61,72.33,71.84,71.26
2021-09-16,72.69,75.14,72.61,72.37,71.91,71.33
2021-09-17,72.09,74.64,71.97,71.82,71.38,70.81
2021-09-20,70.41,73.59,70.29,70.14,69.73,69.21
2021-09-21,70.51,73.65,70.56,70.49,70.14,69.67
2021-09-22,72.37,75.5,72.23,71.89,71.4,70.83
2021-09-23,73.43,76.44,73.3,72.95,72.42,71.83
2021-09-24,74.18,77.42,73.98,73.61,73.07,72.47
2021-09-27,75.54,78.85,75.45,75.08,74.53,73.92
2021-09-28,75.44,78.3,75.29,74.9,74.33,73.7
2021-09-29,75.06,77.86,74.83,74.5,73.99,73.41
2021-09-30,75.22,77.81,75.03,74.7,74.19,73.59
2021-10-01,76.01,79.4,75.88,75.58,75.12,74.55
2021-10-04,77.68,81.44,77.62,77.33,76.88,76.3
2021-10-05,79.17,82.72,78.93,78.57,78.09,77.51
2021-10-06,77.66,81.39,77.43,77.06,76.59,76.04
2021-10-07,78.46,82.34,78.3,77.96,77.45,76.87
2021-10-08,79.55,82.17,79.35,78.76,78.03,77.31
2021-10-11,80.64,83.75,80.52,79.92,79.25,78.56
2021-10-12,80.75,83.53,80.64,79.92,79.19,78.47
2021-10-13,80.67,83.53,80.44,79.82,79.12,78.38
2021-10-14,81.43,83.86,81.31,80.77,80.05,79.27
2021-10-15,82.39,84.67,82.28,81.73,80.88,79.97
2021-10-18,82.62,84.13,82.44,81.69,80.74,79.76
2021-10-19,83.19,85.02,82.96,82.44,81.5,80.45
2021-10-20,84.4,85.76,83.87,83.42,82.38,81.29
2021-10-21,82.64,84.58,82.5,81.36,80.13,79.02
2021-10-22,84.53,85.43,83.76,82.5,80.98,79.62
2021-10-25,84.64,84.85,83.76,82.61,81.21,79.95
2021-10-26,85.64,85.11,84.65,83.36,81.89,80.56
2021-10-27,82.66,84.12,82.66,81.48,80.09,78.84
2021-10-28,82.78,83.4,82.81,81.46,79.95,78.62
2021-10-29,83.5,83.1,83.57,81.78,79.98,78.46
2021-11-01,84.08,84.51,84.05,82.45,80.71,79.13
2021-11-02,83.91,84.42,83.91,82.44,80.88,79.35
2021-11-03,80.82,81.1,80.86,79.57,78.21,76.79
2021-11-04,78.88,80.15,78.81,77.7,76.57,75.47
2021-11-05,81.25,82.43,81.27,80.13,79.0,77.86
2021-11-08,81.96,83.22,81.93,80.74,79.57,78.4
2021-11-09,84.12,84.52,84.15,82.56,81.05,79.66
2021-11-10,81.23,82.91,81.34,80.06,78.74,77.5
2021-11-11,81.47,83.4,81.59,80.42,79.07,77.78
2021-11-12,80.87,82.9,80.79,79.69,78.44,77.17
2021-11-15,80.85,81.94,80.88,79.75,78.48,77.22
2021-11-16,80.76,82.85,80.76,79.74,78.54,77.35
2021-11-17,78.32,80.67,78.36,77.55,76.56,75.53
2021-11-18,78.92,82.45,79.01,78.41,77.55,76.62
2021-11-19,76.11,80.24,76.1,75.94,75.23,74.42
2021-11-22,76.74,80.97,76.75,76.12,75.39,74.7
2021-11-23,78.32,83.43,78.5,77.94,77.27,76.64
2021-11-24,78.32,82.37,78.39,77.81,77.15,76.51
2021-11-25,,82.05,,,,
2021-11-26,,72.37,,,,
2021-11-29,69.88,73.34,69.95,69.62,69.28,68.92
2021-11-30,66.14,70.86,66.18,65.85,65.49,65.15
2021-12-01,65.44,69.53,65.57,65.37,65.11,64.83
2021-12-02,66.6,70.56,66.5,66.27,66.03,65.77
2021-12-03,66.39,70.71,66.26,66.1,65.93,65.71
2021-12-06,69.62,73.38,69.49,69.3,69.07,68.8
2021-12-07,71.94,75.54,72.05,71.84,71.56,71.26
2021-12-08,72.43,75.94,72.36,72.18,71.9,71.64
2021-12-09,70.87,74.1,70.94,70.79,70.54,70.29
2021-12-10,71.71,74.98,71.67,71.48,71.22,70.95
2021-12-13,71.19,74.12,71.29,71.06,70.8,70.53
2021-12-14,70.57,73.37,70.73,70.52,70.26,69.98
2021-12-15,70.89,73.71,70.87,70.66,70.36,70.05
2021-12-16,72.34,74.64,72.38,72.15,71.75,71.35
2021-12-17,70.93,72.97,70.86,70.72,70.35,69.95
2021-12-20,68.69,70.51,68.23,68.61,68.36,68.03
2021-12-21,71.1,72.85,71.12,70.82,70.44,70.05
2021-12-22,72.82,74.69,72.76,72.33,71.83,71.32
2021-12-23,73.89,76.26,73.79,73.42,72.93,72.4
2021-12-24,,75.24,,,,
2021-12-27,75.49,,75.57,75.18,74.67,74.12
2021-12-28,76.01,,75.98,75.6,75.13,74.59
2021-12-29,76.58,78.63,76.56,76.18,75.71,75.18
2021-12-30,76.83,78.61,76.99,76.61,76.13,75.58
2021-12-31,75.33,77.24,75.21,74.88,74.45,73.94
2022-01-03,75.99,78.25,76.08,75.85,75.48,75.04
2022-01-04,77.0,79.39,76.99,76.74,76.38,75.95
2022-01-05,77.83,80.6,77.85,77.47,77.01,76.48
2022-01-06,79.47,81.99,79.46,78.88,78.23,77.6
2022-01-07,79.0,82.28,78.9,78.44,77.82,77.19
2022-01-10,78.11,81.56,78.23,77.7,77.1,76.48
2022-01-11,81.17,84.98,81.22,80.67,79.98,79.28
2022-01-12,82.51,85.83,82.64,82.02,81.18,80.34
2022-01-13,81.97,85.8,82.12,81.62,80.86,80.09
2022-01-14,83.82,87.17,83.82,83.3,82.42,81.56
2022-01-17,,87.82,,,,
2022-01-18,85.42,88.83,85.43,84.83,83.86,82.92
2022-01-19,86.84,89.64,86.96,85.8,84.79,83.8
2022-01-20,86.29,89.75,86.9,85.55,84.65,83.77
2022-01-21,85.16,89.75,85.14,84.14,83.2,82.28
2022-01-24,84.48,87.74,83.31,82.41,81.54,80.68
2022-01-25,86.61,89.49,85.6,84.37,83.29,82.27
2022-01-26,88.33,91.22,87.35,85.96,84.78,83.67
2022-01-27,87.61,90.7,86.61,85.29,84.13,83.03
2022-01-28,87.67,91.47,86.82,85.43,84.21,83.06
2022-01-31,89.16,92.35,88.15,86.49,85.11,83.85
2022-02-01,88.22,90.24,88.2,86.46,85.02,83.72
2022-02-02,88.16,91.43,88.26,86.69,85.32,84.07
2022-02-03,90.17,92.99,90.27,88.45,87.0,85.67
2022-02-04,92.27,96.86,92.31,90.33,88.78,87.36
2022-02-07,91.25,97.28,91.32,89.77,88.33,87.02
2022-02-08,89.32,96.07,89.36,87.9,86.55,85.29
2022-02-09,89.57,94.95,89.66,88.53,87.33,86.15
2022-02-10,89.83,96.37,89.88,88.56,87.26,86.01
2022-02-11,93.1,97.5,93.1,91.42,89.7,88.09
2022-02-14,95.52,101.66,95.46,93.5,91.52,89.6
2022-02-15,92.07,98.43,92.07,90.21,88.29,86.39
2022-02-16,93.83,97.44,93.66,91.83,89.81,87.79
2022-02-17,91.78,95.28,91.76,90.04,88.19,86.35
2022-02-18,91.26,96.18,91.07,90.21,88.6,86.92
2022-02-21,,98.95,,,,
2022-02-22,92.11,98.73,92.35,91.91,90.39,88.67
2022-02-23,92.14,99.29,92.1,90.69,89.08,87.56
2022-02-24,92.77,101.29,92.81,90.94,88.84,86.99
2022-02-25,91.68,98.56,91.59,89.89,87.93,86.19
2022-02-28,96.13,103.08,95.72,93.5,90.98,88.72
2022-03-01,103.66,110.93,103.41,100.21,96.24,92.64
2022-03-02,110.74,118.94,110.6,107.06,102.37,97.58
2022-03-03,107.69,115.36,107.67,104.61,100.74,96.78
2022-03-04,115.77,123.86,115.68,112.11,108.12,104.18
2022-03-07,119.26,129.02,119.4,115.8,111.71,107.72
2022-03-08,123.64,133.18,123.7,119.65,115.21,110.83
2022-03-09,108.81,116.58,108.7,105.05,100.95,97.26
2022-03-10,105.93,114.54,106.02,102.99,99.64,96.73
2022-03-11,109.31,118.11,109.33,106.3,103.2,100.48
2022-03-14,103.22,110.39,103.01,101.18,98.44,95.84
2022-03-15,96.42,105.14,96.44,94.79,92.83,90.87
2022-03-16,94.85,104.61,95.04,93.59,91.59,89.53
2022-03-17,102.97,113.5,102.98,101.65,99.38,96.98
2022-03-18,104.69,114.32,104.7,103.09,100.65,98.19
2022-03-21,112.14,122.29,112.12,109.97,107.06,103.98
2022-03-22,111.03,121.53,111.76,109.27,106.55,103.57
2022-03-23,114.89,127.52,114.93,111.99,108.65,105.26
2022-03-24,114.2,123.98,112.34,109.43,106.19,102.87
2022-03-25,116.2,122.67,113.9,111.06,107.93,104.54
2022-03-28,107.55,114.5,105.96,103.42,100.72,97.84
2022-03-29,104.25,112.79,104.24,102.05,99.65,97.07
2022-03-30,107.81,115.59,107.82,105.68,103.32,100.74
2022-03-31,100.53,107.29,100.28,98.52,96.88,95.08
2022-04-01,99.32,106.13,99.27,97.9,96.76,95.53
2022-04-04,103.29,108.15,103.28,101.84,100.6,99.28
2022-04-05,101.98,106.6,101.96,100.68,99.55,98.31
2022-04-06,96.39,100.81,96.23,95.41,94.63,93.76
2022-04-07,96.05,99.83,96.03,95.51,94.81,94.12
2022-04-08,98.35,101.26,98.26,97.73,97.01,96.29
2022-04-11,94.22,97.92,94.29,93.92,93.46,92.97
2022-04-12,100.52,104.42,100.6,100.15,99.4,98.52
2022-04-13,104.26,108.49,104.25,103.79,102.89,101.76
2022-04-14,106.84,110.83,106.95,106.38,105.44,104.03
2022-04-18,108.24,,108.21,107.61,106.41,104.74
2022-04-19,102.54,105.49,102.56,102.05,101.16,99.84
2022-04-20,102.56,105.05,102.75,102.19,101.36,100.17
2022-04-21,103.89,107.2,103.79,102.96,101.74,100.23
2022-04-22,102.86,105.15,102.07,101.05,99.72,98.16
2022-04-25,99.6,99.27,98.54,97.67,96.53,95.18
2022-04-26,102.62,102.89,101.7,100.41,98.95,97.39
2022-04-27,101.96,103.3,102.02,100.68,99.21,97.66
2022-04-28,105.47,105.78,105.36,103.47,101.52,99.47
2022-04-29,104.59,108.36,104.69,102.94,100.88,98.69
2022-05-02,105.18,,105.17,103.42,101.38,99.29
2022-05-03,102.53,104.94,102.41,100.9,99.22,97.52
2022-05-04,107.84,110.53,107.81,106.22,104.42,102.49
2022-05-05,108.17,112.11,108.26,106.74,104.86,102.84
2022-05-06,109.72,113.86,109.77,108.33,106.48,104.45
2022-05-09,103.08,106.67,103.09,101.77,100.1,98.35
2022-05-10,99.74,102.61,99.76,98.45,96.87,95.26
2022-05-11,105.5,107.7,105.71,104.03,102.2,100.34
2022-05-12,106.15,108.06,106.13,104.4,102.42,100.42
2022-05-13,110.52,112.12,110.49,108.63,106.27,103.86
2022-05-16,114.07,114.86,114.2,111.82,108.91,105.93
2022-05-17,112.31,112.89,112.4,109.63,106.76,103.86
2022-05-18,109.67,110.04,109.59,107.04,104.07,101.08
2022-05-19,112.21,113.22,112.21,109.89,106.82,103.67
2022-05-20,112.63,113.63,113.23,110.28,107.17,103.94
2022-05-23,110.32,115.13,110.29,107.54,104.61,101.94
2022-05-24,112.55,115.77,109.77,107.2,104.45,101.93
2022-05-25,112.88,116.41,110.33,107.75,105.03,102.54
2022-05-26,116.19,119.81,114.09,111.25,108.28,105.57
2022-05-27,114.96,121.19,115.07,112.23,109.23,106.48
2022-05-30,,123.01,,,,
2022-05-31,114.38,125.53,114.67,111.91,108.9,106.05
2022-06-01,115.26,122.2,115.26,112.72,109.96,107.32
2022-06-02,116.88,,116.87,114.3,111.58,108.85
2022-06-03,118.97,125.68,118.87,116.23,113.47,110.7
2022-06-06,118.41,124.99,118.5,116.06,113.35,110.67
2022-06-07,119.55,126.89,119.41,117.1,114.54,112.04
2022-06-08,121.94,129.2,122.11,119.78,117.15,114.57
2022-06-09,121.52,128.47,121.51,119.09,116.49,114.01
2022-06-10,120.73,127.44,120.67,118.12,115.34,112.73
2022-06-13,120.92,128.44,120.93,118.25,115.31,112.62
2022-06-14,118.92,127.02,118.93,116.26,113.48,110.86
2022-06-15,115.32,124.96,115.31,113.09,110.75,108.42
2022-06-16,117.56,125.78,117.59,115.25,112.7,110.25
2022-06-17,109.56,119.22,109.56,107.99,105.78,103.57
2022-06-20,,118.25,,,,
2022-06-21,110.49,118.51,110.65,109.52,107.34,105.06
2022-06-22,106.22,115.54,106.19,103.99,101.83,99.9
2022-06-23,105.75,114.5,104.27,101.58,99.05,96.88
2022-06-24,109.07,117.36,107.62,104.45,101.47,98.97
2022-06-27,111.44,119.69,109.57,106.38,103.3,100.68
2022-06-28,113.66,122.21,111.76,108.89,105.99,103.43
2022-06-29,111.65,120.8,109.78,107.01,104.13,101.56
2022-06-30,107.76,119.78,105.76,103.1,100.27,97.75
2022-07-01,110.3,119.21,108.43,105.39,102.31,99.62
2022-07-04,,121.8,,,,
2022-07-05,101.55,110.49,99.5,96.52,93.44,90.73
2022-07-06,100.31,108.54,98.53,94.98,91.85,89.24
2022-07-07,104.62,113.4,102.73,99.25,96.04,93.24
2022-07-08,106.78,113.95,104.79,101.53,98.37,95.59
2022-07-11,106.09,114.85,104.09,101.21,98.2,95.58
2022-07-12,97.69,106.98,95.84,93.31,90.7,88.48
2022-07-13,98.44,107.17,96.3,93.83,91.36,89.27
2022-07-14,97.79,107.74,95.78,92.83,90.15,87.96
2022-07-15,99.59,112.26,97.59,94.57,91.74,89.37
2022-07-18,104.48,117.27,102.6,99.42,96.36,93.79
2022-07-19,106.12,114.96,104.22,100.74,97.45,94.71
2022-07-20,104.45,115.86,102.26,99.88,96.88,94.45
2022-07-21,98.44,112.81,96.35,93.78,91.72,89.95
2022-07-22,97.71,106.77,94.7,92.43,90.6,88.93
2022-07-25,99.83,108.23,96.7,94.42,92.58,90.89
2022-07-26,97.74,107.32,94.98,92.88,91.32,89.84
2022-07-27,100.03,109.64,97.26,95.29,93.79,92.34
2022-07-28,99.11,109.68,96.42,94.65,93.28,91.91
2022-07-29,101.31,111.51,98.62,96.75,95.3,93.87
2022-08-01,96.59,106.09,93.89,92.39,91.34,90.29
2022-08-02,97.14,106.51,94.42,93.22,92.29,91.33
2022-08-03,93.25,101.82,90.66,89.74,89.07,88.32
2022-08-04,91.29,97.99,88.54,87.56,86.81,85.99
2022-08-05,91.77,100.31,89.01,88.08,87.26,86.39
2022-08-08,93.52,103.46,90.76,89.93,89.16,88.36
2022-08-09,93.18,103.81,90.5,89.67,88.9,88.08
2022-08-10,94.68,105.06,91.93,91.2,90.47,89.68
2022-08-11,97.02,107.19,94.34,93.53,92.69,91.79
2022-08-12,94.86,103.7,92.09,91.46,90.87,90.16
2022-08-15,92.24,98.25,89.41,88.85,88.41,87.9
2022-08-16,89.23,95.36,86.53,86.16,85.86,85.48
2022-08-17,90.85,97.22,88.11,87.69,87.3,86.84
2022-08-18,93.2,96.35,90.5,90.11,89.67,89.08
2022-08-19,93.55,96.45,90.77,90.44,90.11,89.61
2022-08-22,93.42,95.06,90.23,90.36,89.97,89.45
2022-08-23,96.46,99.49,93.74,93.25,92.53,91.68
2022-08-24,95.52,99.87,94.89,94.4,93.65,92.72
2022-08-25,93.33,98.81,92.52,92.19,91.58,90.71
2022-08-26,93.63,101.13,93.06,92.39,91.55,90.5
2022-08-29,97.4,,97.01,96.19,95.03,93.73
2022-08-30,92.08,99.34,91.64,91.17,90.46,89.53
2022-08-31,90.09,96.55,89.55,89.03,88.31,87.52
2022-09-01,87.09,92.24,86.61,86.22,85.66,84.99
2022-09-02,87.29,93.09,86.87,86.48,85.9,85.19
2022-09-05,,94.22,,,,
2022-09-06,87.35,91.43,86.88,86.51,86.03,85.43
2022-09-07,82.5,86.83,81.94,81.63,81.25,80.75
2022-09-08,84.04,87.99,83.54,83.07,82.46,81.8
2022-09-09,87.27,91.68,86.79,86.36,85.75,85.05
2022-09-12,88.18,93.45,87.78,87.41,86.86,86.21
2022-09-13,87.84,92.04,87.31,86.89,86.25,85.5
2022-09-14,88.88,92.83,88.48,88.05,87.36,86.5
2022-09-15,85.72,89.28,85.1,84.65,83.9,82.96
2022-09-16,85.57,89.43,85.11,84.76,84.07,83.16
2022-09-19,86.15,,85.73,85.36,84.61,83.68
2022-09-20,84.69,89.62,84.45,83.94,83.28,82.37
2022-09-21,83.38,89.86,82.94,82.43,81.62,80.68
2022-09-22,84.02,90.4,83.49,83.03,82.27,81.33
2022-09-23,79.07,84.29,78.74,78.25,77.53,76.73
2022-09-26,77.17,82.55,76.71,76.18,75.45,74.61
2022-09-27,78.91,85.97,78.5,77.81,76.93,75.98
2022-09-28,82.61,89.55,82.15,81.24,80.2,79.09
2022-09-29,81.78,89.41,81.23,80.42,79.42,78.3
2022-09-30,79.91,88.9,79.49,78.72,77.75,76.63
2022-10-03,84.05,90.68,83.63,82.7,81.38,79.96
2022-10-04,86.87,93.74,86.52,85.5,84.17,82.71
2022-10-05,88.22,94.35,87.76,86.84,85.7,84.42
2022-10-06,88.9,95.65,88.45,87.59,86.51,85.3
2022-10-07,93.07,98.88,92.64,91.35,89.85,88.3
2022-10-10,91.6,97.13,91.13,89.84,88.4,86.88
2022-10-11,89.75,95.17,89.35,87.97,86.56,85.1
2022-10-12,87.83,93.44,87.27,86.06,84.74,83.35
2022-10-13,89.59,95.16,89.11,87.95,86.65,85.25
2022-10-14,86.1,92.22,85.61,84.65,83.55,82.29
2022-10-17,86.0,91.04,85.46,84.53,83.51,82.31
2022-10-18,83.29,89.46,82.82,82.07,81.29,80.36
2022-10-19,86.0,91.34,85.55,84.52,83.42,82.25
2022-10-20,86.02,91.52,85.98,84.51,83.3,81.99
2022-10-21,85.47,91.82,85.05,83.95,82.65,81.43
2022-10-24,86.12,91.57,84.58,83.59,82.39,81.25
2022-10-25,,,85.32,84.31,83.15,82.05
2022-10-26,89.39,92.93,87.91,86.68,85.34,84.05
2022-10-27,89.06,94.17,89.08,87.83,86.43,85.06
2022-10-28,87.85,94.64,87.9,86.61,85.17,83.83
2022-10-31,86.54,93.3,86.53,85.4,84.1,82.88
2022-11-01,88.36,95.12,88.37,87.19,85.82,84.53
2022-11-02,90.06,96.07,90.0,88.86,87.53,86.27
2022-11-03,88.14,95.29,88.17,87.18,86.02,84.87
2022-11-04,92.58,99.53,92.61,91.45,90.12,88.83
2022-11-07,91.8,99.87,91.79,90.73,89.54,88.38
2022-11-08,88.8,96.85,88.91,88.0,86.95,85.91
2022-11-09,85.79,93.05,85.83,85.0,84.0,83.02
2022-11-10,86.52,94.25,86.47,85.66,84.69,83.7
2022-11-11,89.14,96.37,88.96,88.16,87.17,86.14
2022-11-14,85.85,93.59,85.87,85.16,84.36,83.52
2022-11-15,86.87,94.3,86.92,86.25,85.52,84.77
2022-11-16,85.62,92.61,85.59,85.0,84.26,83.52
2022-11-17,81.69,91.0,81.64,81.4,81.09,80.67
2022-11-18,80.07,88.93,80.08,80.11,79.83,79.49
2022-11-21,79.74,88.44,79.73,80.04,79.91,79.72
2022-11-22,80.83,88.65,80.95,80.73,80.48,80.14
2022-11-23,77.93,85.9,77.94,78.07,78.12,78.05
2022-11-24,,85.59,,,,
2022-11-25,76.45,83.4,76.28,76.43,76.54,76.54
2022-11-28,77.1,83.5,77.24,77.33,77.36,77.24
2022-11-29,77.96,83.22,78.2,78.28,78.32,78.24
2022-11-30,80.48,85.61,80.55,80.66,80.75,80.71
2022-12-01,81.06,86.28,81.22,81.14,81.03,80.85
2022-12-02,79.86,86.54,79.98,80.05,80.08,80.02
2022-12-05,76.83,83.36,76.93,77.08,77.2,77.31
2022-12-06,74.21,79.92,74.25,74.46,74.63,74.75
2022-12-07,71.93,77.11,72.01,72.28,72.52,72.72
2022-12-08,71.3,76.02,71.46,71.58,71.72,71.9
2022-12-09,71.05,76.37,71.02,71.21,71.43,71.67
2022-12-12,72.96,78.0,73.17,73.28,73.46,73.63
2022-12-13,,,75.39,75.44,75.58,75.67
2022-12-14,77.14,83.33,77.28,77.31,77.33,77.28
2022-12-15,75.89,82.34,76.11,76.15,76.12,75.99
2022-12-16,74.19,80.2,74.29,74.46,74.54,74.52
2022-12-19,75.05,81.66,75.19,75.38,75.44,75.38
2022-12-20,75.92,79.45,76.09,76.23,76.23,76.16
2022-12-21,78.17,80.25,78.29,78.24,78.09,77.82
2022-12-22,77.68,79.58,77.49,77.42,77.26,76.99
2022-12-23,79.57,82.45,79.56,79.64,79.62,79.42
2022-12-27,79.45,,79.53,79.64,79.68,79.57
2022-12-28,78.89,81.7,78.96,79.08,79.13,79.05
2022-12-29,78.43,80.96,78.4,78.5,78.54,78.46
2022-12-30,80.16,82.82,80.26,80.45,80.53,80.45
2023-01-03,76.87,80.36,76.93,77.12,77.27,77.33
2023-01-04,72.82,75.31,72.84,73.1,73.33,73.51
2023-01-05,73.61,76.73,73.67,73.92,74.14,74.3
2023-01-06,73.77,76.41,73.77,74.04,74.26,74.44
2023-01-09,74.69,77.5,74.63,74.92,75.17,75.39
2023-01-10,75.11,78.4,75.12,75.37,75.6,75.77
2023-01-11,77.46,81.11,77.41,77.68,77.9,78.04
2023-01-12,78.32,82.59,78.39,78.65,78.88,79.0
2023-01-13,79.9,83.43,79.86,80.11,80.3,80.38
2023-01-16,,82.65,,,,
2023-01-17,80.25,84.38,80.18,80.45,80.65,80.71
2023-01-18,79.53,83.78,79.48,79.8,80.03,80.16
2023-01-19,80.31,85.08,80.33,80.61,80.85,80.99
2023-01-20,81.27,86.96,81.31,81.64,81.89,82.0
2023-01-23,81.62,87.54,81.62,81.93,82.13,82.14
2023-01-24,79.86,85.25,80.13,80.44,80.65,80.65
2023-01-25,79.78,85.08,80.15,80.44,80.63,80.61
2023-01-26,80.64,86.29,81.01,81.28,81.44,81.38
2023-01-27,79.73,85.36,79.68,79.96,80.14,80.08
2023-01-30,77.97,84.9,77.9,78.18,78.37,78.34
2023-01-31,78.95,83.42,78.87,79.17,79.38,79.36
2023-02-01,76.34,81.61,76.41,76.73,76.94,76.92
2023-02-02,75.87,80.57,75.88,76.2,76.44,76.45
2023-02-03,73.4,78.85,73.39,73.74,74.0,74.05
2023-02-06,74.11,80.48,74.11,74.47,74.74,74.83
2023-02-07,77.17,82.92,77.14,77.39,77.56,77.56
2023-02-08,78.47,84.17,78.47,78.69,78.84,78.81
2023-02-09,78.04,83.46,78.06,78.27,78.39,78.35
2023-02-10,79.74,85.46,79.72,79.92,80.04,79.95
2023-02-13,80.14,85.98,80.14,80.33,80.45,80.36
2023-02-14,79.08,84.96,79.06,79.24,79.4,79.37
2023-02-15,78.57,84.11,78.59,78.83,79.02,79.01
2023-02-16,78.45,83.84,78.49,78.74,78.9,78.87
2023-02-17,76.31,81.97,76.34,76.55,76.7,76.71
2023-02-20,,82.79,,,,
2023-02-21,76.28,82.14,76.16,76.36,76.53,76.56
2023-02-22,73.95,79.55,73.95,74.19,74.31,74.24
2023-02-23,75.26,82.08,75.39,75.6,75.68,75.57
2023-02-24,76.19,82.31,76.32,76.47,76.48,76.33
2023-02-27,75.57,81.24,75.68,75.81,75.79,75.61
2023-02-28,76.88,83.21,77.05,77.19,77.14,76.9
2023-03-01,77.57,83.68,77.69,77.83,77.8,77.57
2023-03-02,78.05,84.15,78.16,78.31,78.29,78.08
2023-03-03,79.62,85.74,79.68,79.79,79.77,79.56
2023-03-06,80.39,85.86,80.46,80.56,80.51,80.28
2023-03-07,,,77.58,77.72,77.71,77.53
2023-03-08,76.56,82.1,76.66,76.81,76.85,76.7
2023-03-09,75.6,81.0,75.72,75.84,75.88,75.74
2023-03-10,76.55,82.3,76.68,76.78,76.8,76.65
2023-03-13,74.68,79.67,74.8,74.91,74.95,74.82
2023-03-14,71.18,76.77,71.33,71.49,71.57,71.49
2023-03-15,67.38,74.3,67.61,67.74,67.82,67.76
2023-03-16,68.15,73.12,68.35,68.52,68.63,68.59
2023-03-17,66.61,71.03,66.74,66.93,67.12,67.16
2023-03-20,67.56,72.42,67.64,67.82,67.99,68.01
2023-03-21,69.4,74.78,69.33,69.67,69.77,69.72
2023-03-22,70.71,76.08,70.9,71.02,70.97,70.74
2023-03-23,69.77,74.31,69.96,70.12,70.11,69.93
2023-03-24,69.22,73.63,69.26,69.41,69.4,69.24
2023-03-27,72.87,76.8,72.81,72.93,72.88,72.67
2023-03-28,73.12,78.07,73.2,73.34,73.29,73.06
2023-03-29,72.95,77.51,72.97,73.12,73.06,72.81
2023-03-30,74.32,78.45,74.37,74.49,74.41,74.13
2023-03-31,75.68,79.19,75.67,75.8,75.73,75.44
2023-04-03,80.4,85.81,80.42,80.44,80.16,79.64
2023-04-04,80.7,85.7,80.71,80.72,80.43,79.89
2023-04-05,80.69,85.89,80.61,80.63,80.36,79.82
2023-04-06,80.7,86.56,80.7,80.68,80.35,79.76
2023-04-10,79.79,,79.74,79.77,79.46,78.92
2023-04-11,81.54,87.32,81.53,81.49,81.14,80.57
2023-04-12,83.26,88.31,83.26,83.09,82.65,81.98
2023-04-13,82.16,86.51,82.16,82.04,81.68,81.1
2023-04-14,82.58,87.31,82.52,82.43,82.06,81.47
2023-04-17,80.93,85.63,80.83,80.83,80.56,80.05
2023-04-18,80.85,85.48,80.86,80.9,80.61,80.09
2023-04-19,79.18,85.34,79.16,79.24,78.96,78.45
2023-04-20,77.27,83.29,77.29,77.37,77.11,76.64
2023-04-21,77.86,83.36,77.87,77.71,77.32,76.8
2023-04-24,78.64,84.23,78.76,78.6,78.23,77.72
2023-04-25,77.05,82.13,77.07,76.87,76.46,75.92
2023-04-26,74.33,79.19,74.3,74.19,73.87,73.42
2023-04-27,74.77,80.11,74.76,74.58,74.23,73.75
2023-04-28,76.78,81.32,76.78,76.61,76.24,75.72
2023-05-01,75.65,,75.66,75.51,75.15,74.64
2023-05-02,71.71,76.71,71.66,71.55,71.27,70.85
2023-05-03,68.62,72.91,68.6,68.55,68.37,68.08
2023-05-04,68.52,73.0,68.56,68.51,68.32,68.0
2023-05-05,71.32,75.85,71.34,71.27,71.03,70.65
2023-05-08,73.13,,73.16,73.07,72.81,72.42
2023-05-09,73.68,77.76,73.71,73.62,73.39,73.02
2023-05-10,72.53,76.7,72.56,72.52,72.35,72.02
2023-05-11,70.81,75.32,70.87,70.88,70.71,70.39
2023-05-12,70.02,74.54,70.04,70.02,69.83,69.5
2023-05-15,71.07,75.46,71.11,71.09,70.91,70.58
2023-05-16,70.85,75.15,70.86,70.84,70.66,70.33
2023-05-17,72.78,76.98,72.83,72.89,72.77,72.48
2023-05-18,71.82,75.75,71.86,71.94,71.86,71.61
2023-05-19,71.57,75.42,71.55,71.69,71.59,71.31
2023-05-22,71.81,75.77,71.99,72.05,71.97,71.68
2023-05-23,72.87,76.66,72.91,72.85,72.58,72.19
2023-05-24,74.37,77.99,74.34,74.29,74.01,73.61
2023-05-25,71.68,75.66,71.83,71.93,71.75,71.41
2023-05-26,72.35,76.33,72.67,72.76,72.57,72.24
2023-05-30,69.45,73.38,69.46,69.6,69.48,69.23
2023-05-31,68.11,71.98,68.09,68.24,68.14,67.92
2023-06-01,70.09,74.18,70.1,70.2,70.03,69.76
2023-06-02,71.76,76.0,71.74,71.84,71.64,71.32
2023-06-05,72.14,76.61,72.15,72.26,72.03,71.67
2023-06-06,71.71,76.22,71.74,71.85,71.63,71.27
2023-06-07,72.52,76.85,72.53,72.64,72.44,72.09
2023-06-08,71.28,75.88,71.29,71.44,71.31,71.0
2023-06-09,70.16,74.74,70.17,70.33,70.27,70.02
2023-06-12,67.08,71.8,67.12,67.29,67.3,67.16
2023-06-13,69.39,74.24,69.42,69.58,69.59,69.45
2023-06-14,68.22,73.39,68.27,68.46,68.49,68.38
2023-06-15,70.61,75.75,70.62,70.81,70.85,70.72
2023-06-16,71.81,76.76,71.78,71.93,71.92,71.75
2023-06-19,,76.09,,,,
2023-06-20,70.94,75.79,70.5,71.19,71.18,71.0
2023-06-21,72.55,76.92,72.53,72.52,72.34,72.09
2023-06-22,69.22,73.93,69.51,69.63,69.59,69.47
2023-06-23,68.91,73.56,69.16,69.32,69.32,69.24
2023-06-26,69.09,73.86,69.37,69.54,69.55,69.48
2023-06-27,67.68,71.88,67.7,67.9,67.99,68.01
2023-06-28,69.54,73.64,69.56,69.73,69.77,69.73
2023-06-29,69.85,73.86,69.86,70.02,70.04,69.97
2023-06-30,70.66,74.51,70.64,70.78,70.72,70.58
2023-07-03,69.71,74.52,69.79,69.91,69.8,69.62
2023-07-04,,76.23,,,,
2023-07-05,71.78,76.74,71.79,71.88,71.72,71.5
2023-07-06,71.76,76.72,71.8,71.79,71.56,71.28
2023-07-07,73.91,78.77,73.86,73.77,73.44,73.05
2023-07-10,73.05,77.83,72.99,72.95,72.7,72.39
2023-07-11,74.87,79.54,74.83,74.71,74.44,74.11
2023-07-12,75.77,80.35,75.75,75.54,75.25,74.91
2023-07-13,76.86,81.31,76.89,76.76,76.47,76.13
2023-07-14,75.44,79.9,75.42,75.32,75.05,74.75
2023-07-17,74.17,77.8,74.15,74.08,73.89,73.66
2023-07-18,75.76,79.54,75.75,75.66,75.42,75.14
2023-07-19,75.4,79.38,75.35,75.29,75.11,74.86
2023-07-20,75.65,79.62,75.63,75.65,75.43,75.16
2023-07-21,77.06,81.06,77.07,76.78,76.45,76.07
2023-07-24,78.81,82.53,78.74,78.4,78.02,77.58
2023-07-25,79.76,83.46,79.63,79.2,78.75,78.26
2023-07-26,79.11,82.98,78.78,78.4,78.01,77.59
2023-07-27,80.17,84.28,80.09,79.63,79.18,78.7
2023-07-28,80.55,84.49,80.58,80.18,79.76,79.32
2023-07-31,81.8,85.22,81.8,81.32,80.84,80.35
2023-08-01,81.37,85.34,81.37,80.92,80.46,79.98
2023-08-02,79.5,84.01,79.49,79.13,78.73,78.32
2023-08-03,81.56,86.19,81.55,81.08,80.61,80.12
2023-08-04,82.76,87.38,82.82,82.27,81.75,81.21
2023-08-07,81.94,86.47,81.94,81.49,81.02,80.53
2023-08-08,82.94,88.0,82.92,82.36,81.85,81.35
2023-08-09,84.35,89.31,84.4,83.69,83.07,82.49
2023-08-10,82.81,87.44,82.82,82.29,81.8,81.33
2023-08-11,83.17,87.93,83.19,82.57,82.02,81.51
2023-08-14,82.5,87.4,82.51,81.92,81.37,80.86
2023-08-15,81.06,86.28,80.99,80.5,80.05,79.61
2023-08-16,79.4,84.49,79.38,79.02,78.73,78.42
2023-08-17,80.43,85.24,80.39,79.9,79.51,79.11
2023-08-18,81.25,85.92,81.25,80.66,80.2,79.75
2023-08-21,80.71,85.44,80.72,80.12,79.76,79.38
2023-08-22,80.25,84.7,80.35,79.64,79.35,79.03
2023-08-23,78.91,83.94,78.89,78.59,78.28,77.96
2023-08-24,79.52,84.07,79.05,78.66,78.26,77.87
2023-08-25,80.47,85.42,79.83,79.49,79.09,78.69
2023-08-28,80.65,,80.1,79.67,79.21,78.76
2023-08-29,81.14,86.37,81.16,80.68,80.17,79.67
2023-08-30,81.64,86.62,81.63,81.12,80.57,80.02
2023-08-31,83.55,87.29,83.63,82.96,82.26,81.58
2023-09-01,85.52,89.98,85.55,84.75,83.9,83.11
2023-09-04,,90.42,,,,
2023-09-05,86.74,91.25,86.69,86.01,85.21,84.38
2023-09-06,87.55,91.79,87.54,86.79,85.93,85.06
2023-09-07,86.87,91.16,86.87,86.15,85.32,84.49
2023-09-08,87.51,91.85,87.51,86.81,86.0,85.15
2023-09-11,87.3,91.97,87.29,86.66,85.94,85.15
2023-09-12,88.87,93.58,88.84,88.16,87.36,86.5
2023-09-13,88.59,93.04,88.52,87.88,87.11,86.27
2023-09-14,90.13,95.2,90.16,89.61,88.81,87.9
2023-09-15,90.83,95.55,90.77,90.02,88.97,87.92
2023-09-18,91.47,95.95,91.48,90.58,89.26,88.01
2023-09-19,91.16,96.11,91.2,90.48,89.17,87.89
2023-09-20,89.2,94.56,90.28,89.66,88.34,87.06
2023-09-21,89.56,93.7,89.63,88.32,87.06,85.83
2023-09-22,90.0,93.99,90.03,88.35,86.76,85.33
2023-09-25,89.68,94.01,89.68,88.17,86.7,85.29
2023-09-26,91.43,94.46,90.39,88.78,87.22,85.71
2023-09-27,93.67,97.1,93.68,91.3,89.3,87.42
2023-09-28,91.65,96.64,91.71,89.59,87.75,85.98
2023-09-29,90.77,95.86,90.79,88.8,86.98,85.27
2023-10-02,88.81,91.21,88.82,87.17,85.62,84.2
2023-10-03,89.26,94.46,89.23,87.44,85.77,84.27
2023-10-04,84.32,89.83,84.22,82.55,80.98,79.62
2023-10-05,82.3,88.28,82.31,80.81,79.41,78.24
2023-10-06,82.83,87.86,82.79,81.28,79.83,78.64
2023-10-09,,91.37,86.38,84.6,83.0,81.62
2023-10-10,85.89,90.7,85.97,84.13,82.57,81.29
2023-10-11,83.7,87.58,83.49,82.07,80.92,79.96
2023-10-12,82.87,88.4,82.91,81.8,80.73,79.79
2023-10-13,87.67,94.33,87.69,86.35,85.08,83.89
2023-10-16,86.65,90.99,86.66,85.26,84.02,82.92
2023-10-17,86.66,92.52,86.66,85.44,84.3,83.26
2023-10-18,88.35,91.99,88.32,87.27,86.09,84.97
2023-10-19,89.35,93.12,89.37,88.37,87.06,85.79
2023-10-20,89.12,93.72,88.75,88.08,86.82,85.57
2023-10-23,85.49,91.88,85.49,84.42,83.4,82.51
2023-10-24,84.58,88.0,83.74,82.97,82.14,81.39
2023-10-25,86.07,90.14,85.39,84.69,83.86,83.08
2023-10-26,83.8,88.45,83.21,82.54,81.84,81.19
2023-10-27,86.04,90.73,85.54,84.7,83.84,83.05
2023-10-30,83.03,90.73,82.31,81.68,80.99,80.34
2023-10-31,81.64,86.82,81.02,80.5,79.96,79.42
2023-11-01,81.05,86.92,80.44,80.1,79.63,79.13
2023-11-02,83.04,89.02,82.46,82.16,81.7,81.2
2023-11-03,81.19,87.55,80.51,80.23,79.86,79.46
2023-11-06,81.54,87.31,80.82,80.6,80.32,79.99
2023-11-07,77.96,83.43,77.37,77.21,76.98,76.73
2023-11-08,75.85,81.46,75.33,75.31,75.12,74.93
2023-11-09,76.34,81.74,75.74,75.75,75.57,75.38
2023-11-10,,83.66,77.17,77.15,76.93,76.68
2023-11-13,78.86,84.09,78.26,78.19,77.99,77.75
2023-11-14,78.9,84.2,78.26,78.17,77.98,77.75
2023-11-15,77.15,82.4,76.66,76.79,76.8,76.72
2023-11-16,73.5,77.73,72.9,73.09,73.19,73.28
2023-11-17,76.47,81.22,75.89,76.04,76.11,76.08
2023-11-20,78.1,83.25,77.6,77.83,77.9,77.83
2023-11-21,78.35,82.42,77.77,77.92,77.88,77.74
2023-11-22,76.8,81.76,77.1,77.25,77.23,77.08
2023-11-23,,80.85,,,,
2023-11-24,74.83,79.82,75.54,75.77,75.83,75.75
2023-11-27,74.46,79.49,74.86,75.09,75.22,75.2
2023-11-28,76.09,81.66,76.41,76.59,76.66,76.59
2023-11-29,77.56,82.98,77.86,77.99,77.98,77.86
2023-11-30,75.66,81.72,75.96,76.05,75.99,75.85
2023-12-01,73.7,78.72,74.07,74.25,74.31,74.28
2023-12-04,72.73,78.16,73.04,73.32,73.53,73.68
2023-12-05,71.95,77.27,72.32,72.53,72.7,72.8
2023-12-06,68.98,74.33,69.38,69.65,69.91,70.12
2023-12-07,69.0,74.21,69.34,69.59,69.81,70.0
2023-12-08,70.87,75.94,71.23,71.44,71.58,71.69
2023-12-11,70.95,75.75,71.32,71.56,71.76,71.92
2023-12-12,68.27,74.11,68.61,68.85,69.09,69.31
2023-12-13,69.09,74.14,69.47,69.72,69.98,70.24
2023-12-14,71.21,77.05,71.58,71.91,72.21,72.45
2023-12-15,71.05,76.84,71.43,71.78,72.05,72.31
2023-12-18,72.16,78.89,72.47,72.82,73.1,73.35
2023-12-19,73.23,79.82,73.44,73.94,74.21,74.44
2023-12-20,73.87,81.1,74.22,74.45,74.62,74.73
2023-12-21,73.59,80.73,73.89,74.06,74.18,74.24
2023-12-22,73.29,80.23,73.56,73.73,73.84,73.88
2023-12-26,75.84,,75.57,75.71,75.79,75.79
2023-12-27,74.31,80.97,74.11,74.34,74.51,74.6
2023-12-28,72.02,79.04,71.77,71.97,72.14,72.27
2023-12-29,71.89,77.69,71.65,71.84,72.01,72.13
2024-01-02,70.62,76.24,70.38,70.62,70.82,70.99
2024-01-03,72.97,77.18,72.7,72.89,73.03,73.12
2024-01-04,72.38,75.79,72.19,72.36,72.46,72.49
2024-01-05,74.0,78.31,73.81,73.86,73.87,73.81
2024-01-08,71.06,75.47,70.77,70.92,71.02,71.06
2024-01-09,72.43,77.97,72.24,72.29,72.33,72.3
2024-01-10,71.57,78.46,71.37,71.44,71.5,71.54
2024-01-11,72.15,80.21,72.02,72.09,72.17,72.21
2024-01-12,72.94,79.89,72.68,72.79,72.88,72.93
2024-01-15,,79.76,,,,
2024-01-16,72.63,80.15,72.4,72.52,72.58,72.59
2024-01-17,72.79,78.88,72.56,72.48,72.46,72.41
2024-01-18,74.32,81.04,74.08,73.95,73.83,73.7
2024-01-19,73.69,80.71,73.41,73.25,73.12,72.99
2024-01-22,75.26,81.7,75.19,74.76,74.65,74.54
2024-01-23,74.72,82.04,74.37,74.27,74.16,73.98
2024-01-24,75.48,82.15,75.09,74.98,74.85,74.64
2024-01-25,77.91,82.33,77.36,77.19,77.01,76.72
2024-01-26,78.45,83.34,78.01,77.86,77.68,77.39
2024-01-29,77.25,83.99,76.78,76.67,76.55,76.33
2024-01-30,78.3,84.14,77.82,77.65,77.48,77.22
2024-01-31,76.28,82.98,75.85,75.71,75.56,75.35
2024-02-01,74.36,82.2,73.82,73.79,73.7,73.54
2024-02-02,72.72,79.54,72.28,72.3,72.28,72.18
2024-02-05,73.21,79.3,72.78,72.85,72.87,72.79
2024-02-06,,,73.31,73.37,73.35,73.23
2024-02-07,74.26,81.18,73.86,73.91,73.89,73.77
2024-02-08,76.67,83.01,76.22,76.19,76.04,75.78
2024-02-09,77.26,83.58,76.84,76.77,76.61,76.35
2024-02-12,77.34,83.88,76.92,76.82,76.65,76.39
2024-02-13,78.28,84.72,77.87,77.56,77.24,76.87
2024-02-14,77.09,84.41,76.64,76.36,76.11,75.79
2024-02-15,78.47,84.33,78.03,77.59,77.22,76.81
2024-02-16,79.65,84.88,79.19,78.46,77.98,77.48
2024-02-19,,85.52,,,,
2024-02-20,78.72,84.78,78.18,77.04,76.62,76.2
2024-02-21,78.89,84.77,77.91,77.31,76.78,76.22
2024-02-22,79.64,85.84,78.61,77.93,77.34,76.74
2024-02-23,77.6,84.18,76.49,76.08,75.62,75.13
2024-02-26,78.53,84.01,77.58,77.09,76.59,76.05
2024-02-27,79.8,83.8,78.87,78.23,77.64,77.0
2024-02-28,79.44,84.08,78.54,77.83,77.21,76.57
2024-02-29,79.22,84.57,78.26,77.45,76.81,76.18
2024-03-01,80.9,84.82,79.97,79.09,78.33,77.59
2024-03-04,79.67,86.58,78.74,78.17,77.61,77.01
2024-03-05,79.11,85.82,78.15,77.41,76.82,76.22
2024-03-06,80.08,86.59,79.13,78.41,77.78,77.14
2024-03-07,79.81,84.88,78.93,78.32,77.78,77.2
2024-03-08,78.96,84.29,78.01,77.5,77.03,76.51
2024-03-11,78.87,83.44,77.93,77.53,77.14,76.69
2024-03-12,78.51,83.66,77.56,77.25,76.9,76.46
2024-03-13,80.67,83.95,79.72,79.3,78.84,78.31
2024-03-14,82.16,86.16,81.26,80.74,80.19,79.57
2024-03-15,81.94,85.39,81.04,80.58,80.14,79.61
2024-03-18,83.68,86.47,82.72,82.16,81.61,80.96
2024-03-19,84.39,87.36,83.47,82.73,82.08,81.38
2024-03-20,82.79,85.77,81.68,81.27,80.78,80.18
2024-03-21,81.99,84.92,81.07,80.64,80.09,79.45
2024-03-22,81.1,84.87,80.63,80.17,79.61,78.95
2024-03-25,82.41,86.18,81.95,81.38,80.77,80.06
2024-03-26,82.41,85.91,81.62,81.04,80.43,79.73
2024-03-27,82.15,84.94,81.35,80.78,80.19,79.52
2024-03-28,83.96,86.17,83.17,82.42,81.67,80.89
2024-04-01,84.54,,83.71,82.82,81.98,81.12
2024-04-02,85.95,87.63,85.15,84.22,83.29,82.34
2024-04-03,86.22,90.6,85.43,84.61,83.77,82.88
2024-04-04,87.37,90.32,86.59,85.81,84.96,84.03
2024-04-05,87.69,92.81,86.91,86.1,85.2,84.24
2024-04-08,87.24,91.73,,,,
2024-04-09,86.04,92.13,,,,
2024-04-10,86.98,91.57,,,,
2024-04-11,85.79,91.49,,,,
2024-04-12,86.46,93.12,,,,
2024-04-15,86.21,90.84,,,,
2024-04-17,83.58,89.54,,,,
2024-04-18,83.5,88.34,,,,
2024-04-19,83.79,87.96,,,,
2024-04-22,83.82,87.3,,,,
2024-04-23,84.17,88.29,,,,
2024-04-24,84.09,89.02,,,,
2024-04-25,84.92,88.1,,,,
2024-04-26,85.38,89.95,,,,
2024-04-29,84.26,88.44,,,,
2024-04-30,83.49,88.23,,,,
2024-05-01,80.7,83.55,,,,
2024-05-02,80.59,84.81,,,,
2024-05-03,79.65,83.6,,,,
2024-05-06,80.1,,,,,
2024-05-07,79.97,82.69,,,,
2024-05-08,80.57,82.44,,,,
2024-05-09,80.86,83.27,,,,
2024-05-10,79.81,83.39,,,,
2024-05-13,80.71,83.18,,,,
2024-05-14,79.62,81.0,,,,
2024-05-15,80.23,79.98,,,,
2024-05-16,80.85,81.65,,,,
2024-05-17,81.66,82.24,,,,
2024-05-20,81.39,81.91,,,,
2024-05-21,80.66,81.22,,,,
2024-05-22,79.15,79.9,,,,
2024-05-23,77.47,79.25,,,,
2024-05-24,78.48,78.92,,,,
2024-05-28,80.9,81.34,,,,
2024-05-29,80.24,81.5,,,,
2024-05-30,78.96,81.42,,,,
2024-05-31,77.97,79.41,,,,
2024-06-03,75.26,76.45,,,,
2024-06-04,74.27,75.33,,,,
2024-06-05,75.08,75.41,,,,
2024-06-06,76.52,77.62,,,,
2024-06-07,76.53,78.12,,,,
2024-06-10,78.75,79.59,,,,
2024-06-11,78.88,80.15,,,,
2024-06-12,79.56,80.52,,,,
2024-06-13,79.61,81.44,,,,
2024-06-14,79.41,81.49,,,,
2024-06-17,81.33,82.45,,,,
2024-06-18,82.67,84.79,,,,
2024-06-19,,85.64,,,,
2024-06-20,83.34,85.92,,,,
2024-06-21,81.71,86.42,,,,
2024-06-24,82.63,86.75,,,,
2024-06-25,81.97,86.81,,,,
2024-06-26,82.19,85.76,,,,
2024-06-27,83.04,87.0,,,,
2024-06-28,82.83,87.26,,,,
2024-07-01,84.7,86.57,,,,
2024-07-02,84.09,88.28,,,,
2024-07-03,85.19,88.25,,,,
2024-07-04,,88.34,,,,
2024-07-05,84.44,88.66,,,,
2024-07-08,83.63,87.15,,,,
2024-07-09,82.78,86.48,,,,
2024-07-10,83.39,86.55,,,,
2024-07-11,83.92,86.49,,,,
2024-07-12,83.49,87.35,,,,
2024-07-15,83.22,86.42,,,,
2024-07-16,81.92,86.6,,,,
2024-07-17,84.16,85.76,,,,
2024-07-18,84.17,86.26,,,,
2024-07-19,81.43,85.19,,,,
2024-07-22,81.25,83.44,,,,
2024-07-23,78.24,82.2,,,,
2024-07-24,78.78,83.01,,,,
2024-07-25,79.43,82.58,,,,
2024-07-26,78.58,81.35,,,,
2024-07-29,77.27,80.94,,,,
2024-07-30,76.17,79.26,,,,
2024-07-31,79.36,81.39,,,,
2024-08-01,77.74,81.37,,,,
2024-08-02,74.99,78.35,,,,
2024-08-05,74.46,77.51,,,,
2024-08-06,74.6,76.62,,,,
2024-08-07,76.68,78.26,,,,
2024-08-08,77.64,80.76,,,,
2024-08-09,78.28,81.07,,,,
2024-08-12,81.45,83.06,,,,
2024-08-13,79.81,82.51,,,,
2024-08-14,78.47,82.15,,,,
2024-08-15,79.66,83.09,,,,
2024-08-16,78.05,81.56,,,,
2024-08-19,75.82,81.09,,,,
2024-08-20,75.27,78.85,,,,
2024-08-21,72.76,78.77,,,,
2024-08-22,73.72,78.8,,,,
2024-08-23,75.82,80.34,,,,
2024-08-26,78.4,,,,,
2024-08-27,76.5,81.51,,,,
2024-08-28,75.49,80.04,,,,
2024-08-29,76.9,81.55,,,,
2024-08-30,74.52,80.2,,,,
2024-09-02,,77.82,,,,
2024-09-03,71.28,76.46,,,,
2024-09-04,70.11,74.67,,,,
2024-09-05,70.09,74.47,,,,
2024-09-06,68.58,72.82,,,,
2024-09-09,69.65,72.37,,,,
2024-09-10,66.73,70.34,,,,
2024-09-11,68.25,70.31,,,,
2024-09-12,69.89,73.81,,,,
2024-09-13,69.59,73.68,,,,
2024-09-16,71.1,73.96,,,,
2024-09-17,72.16,74.55,,,,
2024-09-18,71.87,74.52,,,,
2024-09-19,72.86,75.93,,,,
2024-09-20,72.72,75.96,,,,
2024-09-23,71.33,74.95,,,,
2024-09-24,72.34,75.29,,,,
2024-09-25,70.42,75.4,,,,
2024-09-26,68.28,73.06,,,,
2024-09-27,68.72,71.63,,,,
2024-09-30,68.75,72.35,,,,
2024-10-01,70.41,75.3,,,,
2024-10-02,70.74,74.86,,,,
2024-10-03,74.33,77.57,,,,
2024-10-04,74.93,79.32,,,,
2024-10-07,77.76,81.74,,,,
2024-10-08,74.26,78.19,,,,
2024-10-09,73.85,77.06,,,,
2024-10-10,76.46,79.45,,,,
2024-10-11,76.11,80.27,,,,
2024-10-14,76.11,78.47,,,,
2024-10-15,71.22,73.68,,,,
2024-10-16,70.97,73.65,,,,
2024-10-17,71.26,74.37,,,,
2024-10-18,69.78,72.75,,,,
2024-10-21,71.16,73.29,,,,
2024-10-22,72.84,75.59,,,,
2024-10-23,71.37,74.68,,,,
2024-10-24,70.58,74.27,,,,
2024-10-25,72.02,75.62,,,,
2024-10-28,67.65,71.87,,,,
2024-10-29,67.48,71.09,,,,
2024-10-30,68.91,73.21,,,,
2024-10-31,69.58,73.25,,,,
2024-11-01,69.81,73.63,,,,
2024-11-04,71.83,74.89,,,,
2024-11-05,72.26,76.98,,,,
2024-11-06,71.98,76.52,,,,
2024-11-07,72.69,75.73,,,,
2024-11-08,70.69,74.04,,,,
2024-11-11,70.69,72.19,,,,
2024-11-12,68.43,72.56,,,,
2024-11-13,68.76,72.86,,,,
2024-11-14,68.99,73.39,,,,
2024-11-15,67.33,73.45,,,,
2024-11-18,69.46,74.35,,,,
2024-11-19,69.75,74.32,,,,
2024-11-20,69.25,74.33,,,,
2024-11-21,70.39,75.09,,,,
2024-11-22,71.68,76.1,,,,
2024-11-25,69.41,74.27,,,,
2024-11-26,69.05,74.56,,,,
2024-11-27,69.03,73.91,,,,
2024-11-28,,73.92,,,,
2024-11-29,68.26,74.16,,,,
2024-12-02,68.35,72.81,,,,
2024-12-03,70.15,74.8,,,,
2024-12-04,68.81,74.68,,,,
2024-12-05,68.58,73.78,,,,
2024-12-06,68.58,73.78,,,,
2024-12-09,68.65,73.73,,,,
2024-12-10,68.85,73.64,,,,
2024-12-11,70.57,74.38,,,,
2024-12-12,70.25,73.52,,,,
2024-12-13,71.54,74.89,,,,
2024-12-16,71.03,74.3,,,,
2024-12-17,70.31,73.16,,,,
2024-12-18,70.8,74.57,,,,
2024-12-19,70.1,73.75,,,,
2024-12-20,69.71,73.19,,,,
2024-12-23,69.5,72.12,,,,
2024-12-24,70.87,73.5,,,,
2024-12-25,,73.5,,,,
2024-12-26,70.38,,,,,
2024-12-27,71.28,73.77,,,,
2024-12-30,71.73,74.24,,,,
2024-12-31,72.44,74.58,,,,
2025-01-02,73.79,76.14,,,,
2025-01-03,74.64,76.72,,,,
2025-01-06,74.31,77.27,,,,
2025-01-07,74.99,77.84,,,,
2025-01-08,73.99,77.37,,,,
2025-01-09,,78.44,,,,
2025-01-10,77.27,79.76,,,,
2025-01-13,79.57,82.69,,,,
2025-01-14,78.2,82.39,,,,
2025-01-15,80.73,83.48,,,,
2025-01-16,79.35,82.39,,,,
2025-01-17,78.56,83.02,,,,
2025-01-20,,81.68,,,,
2025-01-21,76.79,80.57,,,,
2025-01-22,76.12,80.0,,,,
2025-01-23,75.03,78.62,,,,
2025-01-24,74.97,78.71,,,,
2025-01-27,73.51,77.3,,,,
2025-01-28,74.15,78.01,,,,
2025-01-29,72.94,77.02,,,,
2025-01-30,73.1,77.42,,,,
2025-01-31,72.84,77.11,,,,
2025-02-03,73.52,76.49,,,,
2025-02-04,73.04,76.58,,,,
2025-02-05,71.39,74.71,,,,
2025-02-06,70.97,74.54,,,,
2025-02-07,71.32,74.68,,,,
2025-02-10,72.73,76.23,,,,
2025-02-11,73.67,77.65,,,,
2025-02-12,71.72,75.38,,,,
2025-02-13,71.66,75.61,,,,
2025-02-14,71.05,75.19,,,,
2025-02-17,,75.81,,,,
2025-02-18,72.21,76.46,,,,
2025-02-19,72.58,76.34,,,,
2025-02-20,72.88,76.95,,,,
2025-02-21,70.72,74.88,,,,
2025-02-24,71.06,74.89,,,,
2025-02-25,69.15,73.11,,,,
2025-02-26,68.87,73.49,,,,
2025-02-27,70.62,75.01,,,,
2025-02-28,69.97,74.76,,,,
2025-03-03,68.63,72.85,,,,
2025-03-04,68.47,72.31,,,,
2025-03-05,66.58,70.92,,,,
2025-03-06,66.62,71.08,,,,
2025-03-07,67.29,72.49,,,,
2025-03-10,66.31,71.08,,,,
2025-03-11,66.52,71.51,,,,
2025-03-12,67.65,72.36,,,,
2025-03-13,66.82,70.82,,,,
2025-03-14,67.43,71.94,,,,
2025-03-17,67.84,71.93,,,,
2025-03-18,67.49,71.93,,,,
2025-03-19,67.4,71.94,,,,
2025-03-20,68.55,72.61,,,,
2025-03-21,68.52,72.64,,,,
2025-03-24,69.46,73.96,,,,
2025-03-25,69.48,73.78,,,,
2025-03-26,70.05,74.6,,,,
2025-03-27,70.3,74.72,,,,
2025-03-28,69.74,74.69,,,,
2025-03-31,71.87,77.23,,,,
2025-04-01,71.61,77.78,,,,
2025-04-02,72.12,77.27,,,,
2025-04-03,67.43,72.54,,,,
2025-04-04,62.42,68.36,,,,
2025-04-07,61.05,66.13,,,,
2025-04-08,60.04,64.86,,,,
2025-04-09,62.63,67.3,,,,
2025-04-10,60.57,65.37,,,,
2025-04-11,61.91,66.83,,,,
2025-04-14,61.99,67.18,,,,
2025-04-15,61.74,66.58,,,,
2025-04-16,62.88,67.94,,,,
2025-04-17,65.07,69.33,,,,
2025-04-21,63.48,,,,,
2025-04-22,64.6,68.93,,,,
2025-04-23,62.64,68.26,,,,
2025-04-24,63.55,67.5,,,,
2025-04-25,63.85,66.99,,,,
2025-04-28,63.3,66.13,,,,
2025-04-29,61.84,64.04,,,,
2025-04-30,59.55,63.37,,,,
2025-05-01,60.59,62.37,,,,
2025-05-02,59.67,61.57,,,,
2025-05-05,58.5,,,,,
2025-05-06,60.42,62.37,,,,
2025-05-07,59.42,60.31,,,,
2025-05-08,61.25,62.22,,,,
2025-05-09,62.37,64.26,,,,
2025-05-12,63.32,65.28,,,,
2025-05-13,65.04,66.93,,,,
2025-05-14,64.48,65.91,,,,
2025-05-15,63.03,64.36,,,,
2025-05-16,63.84,65.2,,,,
2025-05-19,63.98,66.25,,,,
2025-05-20,63.97,66.93,,,,
2025-05-21,62.93,65.86,,,,
2025-05-22,62.55,64.87,,,,
2025-05-23,62.89,65.41,,,,
2025-05-27,61.61,64.32,,,,
2025-05-28,62.54,65.72,,,,
2025-05-29,61.66,64.6,,,,
2025-05-30,61.46,64.32,,,,
2025-06-02,63.27,66.55,,,,
2025-06-03,64.1,67.48,,,,
2025-06-04,63.57,66.69,,,,
2025-06-05,64.06,67.14,,,,
2025-06-06,65.3,68.02,,,,
2025-06-09,65.99,68.73,,,,
2025-06-10,65.66,68.41,,,,
2025-06-11,68.91,71.29,,,,
2025-06-12,68.73,70.84,,,,
2025-06-13,73.84,76.0,,,,
2025-06-16,72.53,75.05,,,,
2025-06-17,75.62,78.7,,,,
2025-06-18,75.89,78.38,,,,
2025-06-19,,80.37,,,,
2025-06-20,75.72,78.73,,,,
2025-06-23,69.36,74.34,,,,
2025-06-24,65.45,69.13,,,,
2025-06-25,65.98,68.4,,,,
2025-06-26,66.44,68.57,,,,
2025-06-27,66.66,69.37,,,,
2025-06-30,66.3,68.15,,,,
2025-07-01,66.64,67.63,,,,
2025-07-02,68.66,70.8,,,,
2025-07-03,68.13,70.42,,,,
2025-07-04,,71.03,,,,
2025-07-07,69.16,71.95,,,,
2025-07-08,69.55,72.5,,,,
2025-07-09,69.61,71.98,,,,
2025-07-10,67.78,70.38,,,,
2025-07-11,69.63,72.06,,,,
2025-07-14,68.19,70.96,,,,
2025-07-15,67.76,70.27,,,,
2025-07-16,67.13,69.67,,,,
2025-07-17,68.76,71.32,,,,
2025-07-18,68.53,71.06,,,,
2025-07-21,68.39,71.92,,,,
2025-07-22,67.56,69.69,,,,
2025-07-23,66.05,69.17,,,,
2025-07-24,67.16,70.42,,,,
2025-07-25,66.38,69.23,,,,
2025-07-28,67.81,70.87,,,,
2025-07-29,70.27,73.21,,,,
2025-07-30,71.09,73.98,,,,
2025-07-31,70.36,73.43,,,,
2025-08-01,68.39,70.55,,,,
2025-08-04,67.33,69.56,,,,
2025-08-05,66.2,69.14,,,,
2025-08-06,65.38,67.97,,,,
2025-08-07,64.9,66.99,,,,
2025-08-08,64.94,67.17,,,,
2025-08-11,65.03,67.36,,,,
2025-08-12,64.22,66.8,,,,
2025-08-13,63.68,66.25,,,,
2025-08-14,64.99,68.12,,,,
2025-08-15,63.78,67.3,,,,
2025-08-18,64.51,68.18,,,,
2025-08-19,63.38,66.62,,,,
2025-08-20,64.19,67.61,,,,
2025-08-21,64.56,68.41,,,,
2025-08-22,64.08,68.29,,,,
2025-08-25,65.18,,,,,
2025-08-26,63.6,66.89,,,,
2025-08-27,64.49,67.75,,,,
2025-08-28,64.96,68.61,,,,
2025-08-29,64.36,67.83,,,,
2025-09-01,,67.09,,,,
2025-09-02,65.95,68.09,,,,
2025-09-03,64.36,67.76,,,,
2025-09-04,63.81,66.41,,,,
2025-09-05,62.22,64.92,,,,
2025-09-08,62.6,65.44,,,,
2025-09-09,62.97,67.97,,,,
2025-09-10,64.01,67.62,,,,
2025-09-11,62.71,67.25,,,,
2025-09-12,63.02,67.87,,,,
2025-09-15,63.66,67.88,,,,
2025-09-16,64.89,69.69,,,,
2025-09-17,64.41,69.19,,,,
2025-09-18,63.91,67.83,,,,
2025-09-19,63.02,67.05,,,,
2025-09-22,62.99,66.87,,,,
2025-09-23,63.76,67.96,,,,
2025-09-24,65.4,69.64,,,,
2025-09-25,65.51,70.48,,,,
2025-09-26,66.5,71.15,,,,
2025-09-29,64.27,69.0,,,,
2025-09-30,63.17,68.52,,,,
2025-10-01,62.59,66.67,,,,
2025-10-02,61.28,65.44,,,,
2025-10-03,61.65,66.13,,,,
2025-10-06,62.49,67.09,,,,
2025-10-07,62.52,67.1,,,,
2025-10-08,63.37,67.42,,,,
2025-10-09,62.36,67.23,,,,
2025-10-10,59.75,64.41,,,,
2025-10-13,,64.15,,,,
2025-10-14,59.52,63.0,,,,
2025-10-15,59.08,62.33,,,,
2025-10-16,58.29,61.08,,,,
2025-10-17,58.3,61.23,,,,
2025-10-20,58.34,60.71,,,,
2025-10-21,58.66,61.0,,,,
2025-10-22,59.3,62.28,,,,
2025-10-23,62.44,66.32,,,,
2025-10-24,62.27,65.8,,,,
2025-10-27,62.13,65.52,,,,
2025-10-28,60.97,64.03,,,,
2025-10-29,61.26,65.01,,,,
2025-10-30,61.36,65.11,,,,
2025-10-31,61.75,65.44,,,,
2025-11-03,61.79,65.79,,,,
2025-11-04,61.38,65.04,,,,
2025-11-05,60.4,63.54,,,,
2025-11-06,60.24,63.41,,,,
2025-11-07,60.54,63.72,,,,
2025-11-10,60.94,63.01,,,,
2025-11-11,,63.86,,,,
2025-11-12,59.3,61.88,,,,
2025-11-13,59.54,62.14,,,,
2025-11-14,60.87,63.45,,,,
2025-11-17,60.66,63.16,,,,
2025-11-18,61.51,64.86,,,,
2025-11-19,60.27,63.78,,,,
2025-11-20,60.07,63.64,,,,
2025-11-21,58.86,62.78,,,,
2025-11-24,59.11,64.83,,,,
2025-11-25,58.25,63.99,,,,
2025-11-26,58.81,64.81,,,,
2025-11-27,,64.18,,,,
2025-11-28,58.58,64.07,,,,
2025-12-01,59.47,64.22,,,,
2025-12-02,58.81,63.37,,,,
2025-12-03,59.09,63.75,,,,
2025-12-04,59.82,64.15,,,,
2025-12-05,60.23,64.42,,,,
2025-12-08,59.04,63.3,,,,
2025-12-09,58.4,62.62,,,,
2025-12-10,58.67,63.12,,,,
2025-12-11,57.76,61.87,,,,
2025-12-12,57.61,62.11,,,,
2025-12-15,56.97,61.55,,,,
2025-12-16,55.44,59.93,,,,
2025-12-17,56.07,60.61,,,,
2025-12-18,56.22,60.69,,,,
2025-12-19,56.8,61.35,,,,
2025-12-22,58.18,62.22,,,,
2025-12-23,58.55,63.7,,,,
2025-12-24,58.72,63.7,,,,
2025-12-26,56.6,,,,,
2025-12-29,57.89,63.1,,,,
2025-12-30,57.79,62.3,,,,
2025-12-31,57.26,61.35,,,,
2026-01-02,57.21,61.98,,,,
2026-01-05,58.1,63.0,,,,
2026-01-06,56.97,62.1,,,,
2026-01-07,56.01,61.08,,,,
2026-01-08,57.74,63.34,,,,
2026-01-09,58.96,65.11,,,,
2026-01-12,59.39,65.4,,,,
2026-01-13,60.85,67.58,,,,
2026-01-14,61.84,68.87,,,,
2026-01-15,59.13,66.16,,,,
2026-01-16,59.4,66.97,,,,
2026-01-19,,66.91,,,,
2026-01-20,60.3,67.68,,,,
2026-01-21,60.38,66.72,,,,
2026-01-22,59.24,65.46,,,,
2026-01-23,60.7,68.16,,,,
2026-01-26,60.46,67.7,,,,
2026-01-27,62.04,70.28,,,,
2026-01-28,62.75,70.9,,,,
2026-01-29,64.77,71.0,,,,
2026-01-30,64.5,72.25,,,,
2026-02-02,61.6,67.72,,,,
2026-02-03,62.62,70.01,,,,
2026-02-04,64.56,71.15,,,,
2026-02-05,62.9,69.87,,,,
2026-02-06,63.77,70.45,,,,
2026-02-09,64.53,71.19,,,,
2026-02-10,64.2,71.01,,,,
2026-02-11,64.8,71.52,,,,
2026-02-12,63.08,69.8,,,,
2026-02-13,63.05,69.96,,,,
2026-02-16,,70.81,,,,
2026-02-17,62.53,69.77,,,,
2026-02-18,65.33,71.78,,,,
2026-02-19,66.66,73.17,,,,
2026-02-20,66.69,72.75,,,,
2026-02-23,66.36,71.9,,,,
2026-02-24,65.62,71.21,,,,
2026-02-25,65.3,70.69,,,,
2026-02-26,65.1,71.66,,,,
2026-02-27,66.96,71.32,,,,
2026-03-02,71.13,77.24,,,,
2026-03-03,74.48,83.28,,,,
2026-03-04,74.58,81.56,,,,
2026-03-05,80.88,88.59,,,,
2026-03-06,90.77,95.74,,,,
2026-03-09,94.65,94.35,,,,
2026-03-10,83.71,89.84,,,,
2026-03-11,86.8,90.98,,,,
2026-03-12,95.61,102.38,,,,
2026-03-13,98.48,103.23,,,,
2026-03-16,93.39,101.04,,,,
2026-03-17,96.01,108.39,,,,
2026-03-18,96.12,118.09,,,,
2026-03-19,96.11,111.05,,,,
2026-03-20,98.71,118.42,,,,
2026-03-23,89.33,103.79,,,,
2026-03-24,93.18,108.42,,,,
2026-03-25,91.51,109.14,,,,
2026-03-26,96.18,113.39,,,,
2026-03-27,101.26,121.47,,,,
2026-03-30,104.69,121.88,,,,
2026-03-31,102.86,126.69,,,,
2026-04-01,101.9,119.56,,,,
2026-04-02,113.23,127.61,,,,
2026-04-06,114.01,,,,,
2026-04-07,114.58,138.21,,,,
2026-04-08,96.17,122.11,,,,
2026-04-09,99.62,119.03,,,,
2026-04-10,98.34,119.07,,,,
2026-04-13,100.72,123.28,,,,
2026-04-14,93.07,118.69,,,,
2026-04-15,93.04,114.93,,,,
2026-04-16,96.46,116.63,,,,
2026-04-17,85.91,98.63,,,,
2026-04-20,91.06,103.4,,,,
2026-04-21,93.64,106.14,,,,
2026-04-22,94.76,113.44,,,,
2026-04-23,99.27,113.25,,,,
2026-04-24,98.42,111.86,,,,
2026-04-27,99.89,113.89,,,,
2026-04-28,103.45,117.62,,,,
2026-04-29,110.47,124.16,,,,
2026-04-30,108.64,124.24,,,,
2026-05-01,105.38,118.26,,,,
2026-05-04,109.76,,,,,
2026-05-05,105.66,114.51,,,,
2026-05-06,98.75,103.7,,,,
2026-05-07,98.38,101.82,,,,
2026-05-08,98.87,103.48,,,,
2026-05-11,101.56,106.11,,,,
2026-05-12,105.78,111.37,,,,
2026-05-13,104.52,110.28,,,,
2026-05-14,104.66,110.91,,,,
2026-05-15,108.99,113.96,,,,
2026-05-18,112.25,116.73,,,,
2026-05-19,112.09,114.64,,,,
2026-05-20,101.69,108.93,,,,
2026-05-21,100.2,105.84,,,,
2026-05-22,100.35,106.9,,,,
2026-05-26,97.63,102.75,,,,
2026-05-27,92.35,97.11,,,,
2026-05-28,92.65,95.47,,,,
2026-05-29,91.16,92.88,,,,
2026-06-01,95.96,98.29,,,,
2026-06-02,97.47,98.49,,,,
2026-06-03,99.76,101.69,,,,
2026-06-04,96.83,98.98,,,,
2026-06-05,94.32,97.29,,,,
2026-06-08,95.0,97.46,,,,
2026-06-09,91.9,94.15,,,,
2026-06-10,93.68,95.73,,,,
2026-06-11,91.58,92.84,,,,
2026-06-12,88.62,88.64,,,,
2026-06-15,84.65,84.36,,,,
2026-06-16,79.8,80.5,,,,
2026-06-17,80.65,80.33,,,,
2026-06-18,80.35,79.35,,,,
2026-06-19,,80.46,,,,
2026-06-22,78.94,76.49,,,,
2026-06-23,74.62,75.69,,,,
2026-06-24,71.42,72.09,,,,
2026-06-25,72.67,73.74,,,,
2026-06-26,70.3,70.16,,,,
2026-06-29,71.87,71.59,,,,
2026-06-30,70.56,70.46,,,,
2026-07-01,69.74,69.24,,,,
2026-07-02,69.73,68.53,,,,
2026-07-03,,68.68,,,,
2026-07-06,69.6,69.56,,,,
2026-07-07,71.53,71.78,,,,
2026-07-08,74.56,76.5,,,,
2026-07-09,73.15,74.46,,,,
2026-07-10,72.45,74.34,,,,
2026-07-13,79.2,81.62,,,,
2026-07-14,80.44,83.69,,,,
2026-07-15,80.73,83.08,,,,
2026-07-16,80.03,81.23,,,,
2026-07-17,83.43,85.01,,,,
2026-07-20,84.38,86.99,,,,
2026-07-21,86.04,93.85,,,,
2026-07-22,87.66,94.12,,,,
2026-07-23,93.08,105.32,,,,
2026-07-24,91.74,100.31,,,,
2026-07-27,84.25,91.82,,,,
2026-07-28,80.91,85.51,,,,
2026-07-29,86.08,91.95,,,,
2026-07-30,85.15,91.91,,,,
2026-07-31,86.16,96.95,,,,
2026-08-03,81.96,88.9,,,,
2026-08-04,77.33,86.47,,,,
2026-08-05,76.78,86.65,,,,
2026-08-06,78.88,89.65,,,,
2026-08-07,79.77,87.62,,,,
2026-08-10,83.76,92.74,,,,
2026-08-11,84.77,93.26,,,,
2026-08-12,84.97,92.52,,,,
2026-08-13,82.77,92.03,,,,
2026-08-14,83.99,92.02,,,,
2026-08-17,86.04,92.43,,,,
2026-08-18,86.48,95.29,,,,
2026-08-19,87.28,92.37,,,,
2026-08-20,89.75,94.0,,,,
2026-08-21,87.21,96.92,,,,
2026-08-24,86.34,92.71,,,,
2026-08-25,83.9,88.24,,,,
2026-08-26,83.46,87.77,,,,
2026-08-27,84.81,90.18,,,,
2026-08-28,84.57,89.75,,,,
2026-08-31,87.03,,,,,
2026-09-01,91.48,96.02,,,,
2026-09-02,92.15,97.59,,,,
2026-09-03,92.55,100.52,,,,
2026-09-04,92.69,102.24,,,,
2026-09-07,,104.47,,,,
2026-09-08,94.21,106.12,,,,
2026-09-09,97.26,109.51,,,,
2026-09-10,103.57,120.98,,,,
2026-09-11,101.27,118.06,,,,
2026-09-14,102.42,121.25,,,,
2026-09-15,107.02,130.8,,,,
2026-09-16,103.62,127.84,,,,
2026-09-17,103.21,121.18,,,,
2026-09-18,101.44,119.66,,,,
2026-09-21,96.97,116.15,,,,
2026-09-22,96.41,114.89,,,,
2026-09-23,93.38,117.45,,,,
2026-09-24,95.88,120.92,,,,
2026-09-25,85.23,116.01,,,,
2026-09-28,99.37,119.97,,,,
2026-09-29,96.16,113.96,,,,
